date,code,open,high,low,close,volume
2004/6/29,sh.600022,1.06,1.07,0.98,1.06,61968585
2004/6/30,sh.600022,1.05,1.06,1.01,1.02,23504612
2004/7/1,sh.600022,1.02,1.12,1.02,1.09,60029150
2004/7/2,sh.600022,1.08,1.10,1.07,1.09,27818599
2004/7/5,sh.600022,1.09,1.09,1.06,1.09,13345492
2004/7/6,sh.600022,1.09,1.09,1.07,1.08,16289464
2004/7/7,sh.600022,1.09,1.09,1.06,1.07,11361683
2004/7/8,sh.600022,1.07,1.07,1.04,1.07,9396364
2004/7/9,sh.600022,1.07,1.07,1.06,1.07,6280988
2004/7/12,sh.600022,1.07,1.07,1.03,1.04,7718140
2004/7/13,sh.600022,1.04,1.07,1.03,1.05,8780646
2004/7/14,sh.600022,1.07,1.08,1.05,1.08,9231396
2004/7/15,sh.600022,1.08,1.09,1.06,1.08,10702256
2004/7/16,sh.600022,1.09,1.11,1.08,1.09,25858017
2004/7/19,sh.600022,1.09,1.10,1.08,1.08,11428914
2004/7/20,sh.600022,1.08,1.09,1.07,1.07,7156562
2004/7/21,sh.600022,1.07,1.07,1.06,1.07,4652148
2004/7/22,sh.600022,1.07,1.07,1.04,1.05,7756803
2004/7/23,sh.600022,1.04,1.05,1.03,1.05,4674994
2004/7/26,sh.600022,1.04,1.05,1.02,1.02,5027055
2004/7/27,sh.600022,1.02,1.04,1.01,1.03,4042963
2004/7/28,sh.600022,1.03,1.04,1.02,1.03,2406931
2004/7/29,sh.600022,1.03,1.04,1.02,1.04,3433317
2004/7/30,sh.600022,1.04,1.04,1.02,1.02,3477711
2004/8/2,sh.600022,1.02,1.02,1.01,1.02,2042481
2004/8/3,sh.600022,1.02,1.03,1.00,1.01,2993179
2004/8/4,sh.600022,1.00,1.09,1.00,1.05,11628063
2004/8/5,sh.600022,1.04,1.06,1.02,1.02,5795930
2004/8/6,sh.600022,1.02,1.04,1.02,1.03,2934739
2004/8/9,sh.600022,1.03,1.03,1.01,1.02,2015155
2004/8/10,sh.600022,1.02,1.03,1.02,1.03,1786484
2004/8/11,sh.600022,1.03,1.03,1.01,1.02,1902423
2004/8/12,sh.600022,1.01,1.01,1.00,1.00,4592333
2004/8/13,sh.600022,1.00,1.01,1.00,1.00,2031706
2004/8/16,sh.600022,1.00,1.01,0.98,0.99,2259607
2004/8/17,sh.600022,0.99,1.00,0.97,0.99,2062281
2004/8/18,sh.600022,0.98,1.00,0.98,0.99,1780506
2004/8/19,sh.600022,0.99,0.99,0.98,0.99,1973729
2004/8/20,sh.600022,0.99,0.99,0.99,0.99,INVALID
2004/8/23,sh.600022,0.99,1.00,0.99,1.00,2226590
2004/8/24,sh.600022,0.99,1.03,0.99,1.01,4088153
2004/8/25,sh.600022,1.02,1.02,1.00,1.01,1768971
2004/8/26,sh.600022,1.01,1.03,1.00,1.02,3686904
2004/8/27,sh.600022,1.02,1.04,1.01,1.02,3518478
2004/8/30,sh.600022,1.01,1.02,1.01,1.02,1591970
2004/8/31,sh.600022,1.03,1.06,1.02,1.03,4797756
2004/9/1,sh.600022,1.03,1.03,1.01,1.01,2003275
2004/9/2,sh.600022,1.01,1.02,1.00,1.02,2391466
2004/9/3,sh.600022,1.02,1.02,1.01,1.01,1092076
2004/9/6,sh.600022,1.01,1.01,1.01,1.01,866228
2004/9/7,sh.600022,1.01,1.02,1.01,1.01,952078
2004/9/8,sh.600022,1.02,1.02,1.00,1.00,1335187
2004/9/9,sh.600022,1.00,1.00,0.98,0.98,2690100
2004/9/10,sh.600022,0.97,1.00,0.97,0.99,2172365
2004/9/13,sh.600022,0.99,0.99,0.98,0.98,2571458
2004/9/14,sh.600022,0.99,1.01,0.99,1.00,5394539
2004/9/15,sh.600022,1.01,1.06,1.00,1.04,13280987
2004/9/16,sh.600022,1.06,1.10,1.04,1.08,25939107
2004/9/17,sh.600022,1.08,1.09,1.05,1.09,21664990
2004/9/20,sh.600022,1.09,1.14,1.07,1.13,26992816
2004/9/21,sh.600022,1.13,1.15,1.11,1.13,22188721
2004/9/22,sh.600022,1.14,1.15,1.09,1.10,12172379
2004/9/23,sh.600022,1.09,1.13,1.07,1.13,8324914
2004/9/24,sh.600022,1.13,1.14,1.09,1.09,17967045
2004/9/27,sh.600022,1.11,1.12,1.08,1.09,6658546
2004/9/28,sh.600022,1.10,1.10,1.08,1.09,4141470
2004/9/29,sh.600022,1.10,1.10,1.09,1.09,3290558
2004/9/30,sh.600022,1.08,1.09,1.06,1.07,4029210
2004/10/8,sh.600022,1.06,1.10,1.06,1.10,3589866
2004/10/11,sh.600022,1.10,1.11,1.08,1.09,5973332
2004/10/12,sh.600022,1.08,1.09,1.06,1.07,4053679
2004/10/13,sh.600022,1.08,1.08,1.06,1.07,2809349
2004/10/14,sh.600022,1.07,1.07,1.01,1.03,4838303
2004/10/15,sh.600022,1.02,1.04,1.01,1.02,3242601
2004/10/18,sh.600022,1.02,1.05,1.01,1.04,3181239
2004/10/19,sh.600022,1.04,1.05,1.01,1.02,2708178
2004/10/20,sh.600022,1.02,1.02,1.00,1.01,3571000
2004/10/21,sh.600022,1.01,1.02,0.98,1.00,4682361
2004/10/22,sh.600022,0.99,1.00,0.98,1.00,4545734
2004/10/25,sh.600022,1.00,1.02,0.98,0.99,5153050
2004/10/26,sh.600022,0.99,1.01,0.97,1.01,3672482
2004/10/27,sh.600022,1.01,1.02,0.99,1.01,3081371
2004/10/28,sh.600022,1.01,1.02,1.00,1.00,3540766
2004/10/29,sh.600022,0.98,1.00,0.98,1.00,3870814
2004/11/1,sh.600022,0.99,0.99,0.97,0.98,2980155
2004/11/2,sh.600022,0.97,0.98,0.97,0.98,1514321
2004/11/3,sh.600022,0.98,0.99,0.98,0.99,1540797
2004/11/4,sh.600022,0.99,1.01,0.97,0.97,3170400
2004/11/5,sh.600022,1.00,1.00,0.98,0.98,1705041
2004/11/8,sh.600022,0.98,0.98,0.96,0.98,1867945
2004/11/9,sh.600022,0.98,0.99,0.97,0.98,1362751
2004/11/10,sh.600022,0.98,1.01,0.97,1.00,5789994
2004/11/11,sh.600022,1.01,1.02,0.99,1.00,8005143
2004/11/12,sh.600022,1.00,1.02,1.00,1.01,3887150
2004/11/15,sh.600022,1.01,1.02,1.00,1.01,2170530
2004/11/16,sh.600022,1.01,1.03,1.01,1.02,3473541
2004/11/17,sh.600022,1.02,1.02,0.99,1.00,2891821
2004/11/18,sh.600022,1.00,1.00,0.99,1.00,1842169
2004/11/19,sh.600022,1.00,1.00,0.99,1.00,2205113
2004/11/22,sh.600022,1.00,1.01,0.99,1.00,2557563
2004/11/23,sh.600022,1.00,1.00,0.99,0.99,1945244
2004/11/24,sh.600022,0.99,1.00,0.98,0.99,1824115
2004/11/25,sh.600022,0.99,1.01,0.99,1.00,3481011
2004/11/26,sh.600022,1.00,1.01,1.00,1.00,1187394
2004/11/29,sh.600022,1.00,1.00,0.98,0.99,1807841
2004/11/30,sh.600022,0.99,0.99,0.98,0.99,1421519
2004/12/1,sh.600022,0.98,0.99,0.98,0.98,783806
2004/12/2,sh.600022,0.99,0.99,0.97,0.98,2122444
2004/12/3,sh.600022,0.98,0.99,0.97,0.99,1566791
2004/12/6,sh.600022,0.98,0.99,0.98,0.99,1036759
2004/12/7,sh.600022,0.99,0.99,0.97,0.98,1172796
2004/12/8,sh.600022,0.98,0.99,0.98,0.99,1021425
2004/12/9,sh.600022,0.99,1.08,0.98,1.03,19096623
2004/12/10,sh.600022,1.02,1.03,1.00,1.01,7120894
2004/12/13,sh.600022,0.99,1.02,0.99,1.02,2842116
2004/12/14,sh.600022,1.02,1.03,1.01,1.03,4090481
2004/12/15,sh.600022,1.03,1.06,1.02,1.05,9359027
2004/12/16,sh.600022,1.05,1.05,1.02,1.02,4349495
2004/12/17,sh.600022,1.02,1.03,1.01,1.02,2621675
2004/12/20,sh.600022,1.02,1.02,1.00,1.01,2674272
2004/12/21,sh.600022,1.00,1.02,1.00,1.02,1828459
2004/12/22,sh.600022,1.02,1.04,1.01,1.04,3804564
2004/12/23,sh.600022,1.04,1.04,1.02,1.02,2516192
2004/12/24,sh.600022,1.02,1.03,1.02,1.03,1134615
2004/12/27,sh.600022,1.03,1.05,1.03,1.04,2840760
2004/12/28,sh.600022,1.04,1.05,1.03,1.04,1576040
2004/12/29,sh.600022,1.04,1.06,1.02,1.03,1869514
2004/12/30,sh.600022,1.03,1.04,1.02,1.03,1433386
2004/12/31,sh.600022,1.03,1.03,1.02,1.02,1201609
2005/1/4,sh.600022,1.00,1.02,0.98,0.99,2025808
2005/1/5,sh.600022,0.99,1.00,0.98,1.00,1527762
2005/1/6,sh.600022,1.00,1.00,0.98,0.98,1668521
2005/1/7,sh.600022,0.98,0.99,0.98,0.99,1198790
2005/1/10,sh.600022,0.98,1.00,0.98,1.00,921013
2005/1/11,sh.600022,0.99,1.00,0.99,1.00,700835
2005/1/12,sh.600022,1.00,1.00,0.99,1.00,752002
2005/1/13,sh.600022,1.00,1.01,0.98,1.00,1505554
2005/1/14,sh.600022,1.00,1.01,0.99,0.99,1210962
2005/1/17,sh.600022,0.98,0.99,0.96,0.97,1903451
2005/1/18,sh.600022,0.97,0.99,0.96,0.98,1802881
2005/1/19,sh.600022,0.98,0.98,0.97,0.97,916200
2005/1/20,sh.600022,0.97,0.97,0.96,0.96,2075039
2005/1/21,sh.600022,0.96,0.99,0.95,0.99,3408266
2005/1/24,sh.600022,1.00,1.01,0.99,1.00,3007066
2005/1/25,sh.600022,0.99,1.00,0.98,0.99,1056653
2005/1/26,sh.600022,0.99,1.00,0.99,0.99,1773711
2005/1/27,sh.600022,0.99,0.99,0.98,0.98,984100
2005/1/28,sh.600022,0.97,0.99,0.97,0.98,895087
2005/1/31,sh.600022,0.97,0.98,0.96,0.96,1183609
2005/2/1,sh.600022,0.97,0.98,0.96,0.97,1209448
2005/2/2,sh.600022,0.97,1.02,0.97,1.01,4359623
2005/2/3,sh.600022,1.01,1.03,1.00,1.00,4047081
2005/2/4,sh.600022,1.00,1.04,1.00,1.04,5784568
2005/2/16,sh.600022,1.05,1.05,1.03,1.03,4871221
2005/2/17,sh.600022,1.03,1.04,1.02,1.03,1805506
2005/2/18,sh.600022,1.03,1.03,1.01,1.01,1393900
2005/2/21,sh.600022,1.01,1.04,1.01,1.03,1995407
2005/2/22,sh.600022,1.04,1.04,1.02,1.04,5393285
2005/2/23,sh.600022,1.04,1.04,1.02,1.03,4347256
2005/2/24,sh.600022,1.03,1.04,1.01,1.03,3154672
2005/2/25,sh.600022,1.03,1.04,1.02,1.03,4640811
2005/2/28,sh.600022,1.03,1.03,1.01,1.02,2483351
2005/3/1,sh.600022,1.02,1.02,1.01,1.02,1703298
2005/3/2,sh.600022,1.01,1.02,0.98,0.99,5736961
2005/3/3,sh.600022,0.98,0.99,0.98,0.99,2327364
2005/3/4,sh.600022,0.99,1.00,0.98,0.99,1565077
2005/3/7,sh.600022,0.99,1.00,0.99,0.99,1023343
2005/3/8,sh.600022,0.99,1.01,0.99,1.00,1959148
2005/3/9,sh.600022,1.00,1.01,0.99,1.00,2329723
2005/3/10,sh.600022,1.00,1.00,0.97,0.98,2208680
2005/3/11,sh.600022,0.98,0.99,0.98,0.98,1492600
2005/3/14,sh.600022,0.98,1.00,0.97,0.99,2431781
2005/3/15,sh.600022,0.99,1.00,0.97,0.98,1330943
2005/3/16,sh.600022,0.97,0.98,0.97,0.98,2336557
2005/3/17,sh.600022,0.99,1.01,0.98,1.00,7222249
2005/3/18,sh.600022,1.00,1.00,0.98,1.00,2349052
2005/3/21,sh.600022,1.00,1.01,1.00,1.00,2600543
2005/3/22,sh.600022,1.01,1.01,0.97,0.98,2975085
2005/3/23,sh.600022,0.97,0.98,0.97,0.98,1891810
2005/3/24,sh.600022,0.98,0.98,0.97,0.98,1344393
2005/3/25,sh.600022,0.98,0.99,0.97,0.98,1141667
2005/3/28,sh.600022,0.98,0.98,0.97,0.98,1103605
2005/3/29,sh.600022,0.98,0.99,0.97,0.98,1122900
2005/3/30,sh.600022,0.97,0.98,0.97,0.97,1273356
2005/3/31,sh.600022,0.97,0.97,0.93,0.93,3818138
2005/4/1,sh.600022,0.93,0.99,0.93,0.98,4631804
2005/4/4,sh.600022,0.96,0.96,0.94,0.95,2107389
2005/4/5,sh.600022,0.95,0.95,0.93,0.94,2091436
2005/4/6,sh.600022,0.93,0.94,0.91,0.94,2902674
2005/4/7,sh.600022,0.93,0.96,0.92,0.94,4615661
2005/4/8,sh.600022,0.94,0.95,0.93,0.95,2502398
2005/4/11,sh.600022,0.96,0.97,0.95,0.96,3568694
2005/4/12,sh.600022,0.96,0.97,0.95,0.96,2969970
2005/4/13,sh.600022,0.97,0.98,0.96,0.97,3120547
2005/4/14,sh.600022,0.97,0.98,0.96,0.96,1753061
2005/4/15,sh.600022,0.97,0.99,0.96,0.97,6045183
2005/4/18,sh.600022,0.97,0.98,0.97,0.98,2731293
2005/4/19,sh.600022,0.98,0.98,0.97,0.98,1562167
2005/4/20,sh.600022,0.98,0.98,0.98,0.98,INVALID
2005/4/21,sh.600022,0.98,0.99,0.96,0.98,3618032
2005/4/22,sh.600022,1.01,1.03,0.99,1.01,13254009
2005/4/25,sh.600022,1.01,1.02,1.00,1.01,5213697
2005/4/26,sh.600022,1.01,1.01,0.99,1.00,4603696
2005/4/27,sh.600022,1.00,1.01,0.99,1.00,3785164
2005/4/28,sh.600022,1.00,1.02,0.99,1.02,5130216
2005/4/29,sh.600022,1.01,1.02,1.00,1.00,2438638
2005/5/9,sh.600022,1.01,1.01,0.96,0.96,2967928
2005/5/10,sh.600022,0.96,0.98,0.95,0.98,3063029
2005/5/11,sh.600022,0.97,0.98,0.97,0.97,1221049
2005/5/12,sh.600022,0.97,0.97,0.95,0.95,2016378
2005/5/13,sh.600022,0.95,0.98,0.95,0.98,2377066
2005/5/16,sh.600022,0.97,0.98,0.96,0.96,1311310
2005/5/17,sh.600022,0.96,0.98,0.95,0.97,1989435
2005/5/18,sh.600022,0.97,0.98,0.96,0.97,1220185
2005/5/19,sh.600022,0.96,0.98,0.96,0.98,1644399
2005/5/20,sh.600022,0.98,0.99,0.97,0.98,2055287
2005/5/23,sh.600022,0.98,1.00,0.98,0.99,4609994
2005/5/24,sh.600022,0.99,1.00,0.98,0.99,3567452
2005/5/25,sh.600022,0.99,1.00,0.99,1.00,4406093
2005/5/26,sh.600022,1.00,1.00,0.98,0.99,4832277
2005/5/27,sh.600022,0.99,0.99,0.95,0.95,3997413
2005/5/30,sh.600022,0.94,0.96,0.94,0.95,1515842
2005/5/31,sh.600022,0.96,0.96,0.95,0.95,1886321
2005/6/1,sh.600022,0.95,0.95,0.94,0.95,1623925
2005/6/2,sh.600022,0.95,0.96,0.93,0.94,1657012
2005/6/3,sh.600022,0.94,0.95,0.94,0.94,1242886
2005/6/6,sh.600022,0.94,0.96,0.93,0.95,1720219
2005/6/7,sh.600022,0.95,0.97,0.95,0.95,2831389
2005/6/8,sh.600022,0.95,1.02,0.95,1.02,8786023
2005/6/9,sh.600022,1.02,1.03,1.00,1.01,7352425
2005/6/10,sh.600022,1.01,1.01,0.99,1.00,4493005
2005/6/13,sh.600022,1.00,1.01,0.97,0.99,2575402
2005/6/14,sh.600022,1.00,1.02,0.99,1.00,3275920
2005/6/15,sh.600022,0.99,1.00,0.98,0.98,1925300
2005/6/16,sh.600022,0.98,1.01,0.98,1.00,2220053
2005/6/17,sh.600022,1.02,1.05,1.00,1.01,6322960
2005/6/20,sh.600022,1.02,1.03,0.98,1.02,5496305
2005/6/21,sh.600022,1.02,1.02,1.00,1.01,3691619
2005/6/22,sh.600022,1.01,1.01,0.99,1.00,2248867
2005/6/23,sh.600022,1.00,1.01,0.99,1.00,2082060
2005/6/24,sh.600022,1.00,1.01,0.99,1.00,1367259
2005/6/27,sh.600022,1.01,1.02,1.01,1.02,4464312
2005/6/28,sh.600022,1.02,1.02,0.99,1.00,2863830
2005/6/29,sh.600022,1.00,1.01,0.98,0.98,3343096
2005/6/30,sh.600022,0.98,0.98,0.96,0.96,2557088
2005/7/1,sh.600022,0.96,0.96,0.95,0.95,2056786
2005/7/4,sh.600022,0.95,0.95,0.94,0.95,2164783
2005/7/5,sh.600022,0.95,0.96,0.94,0.95,1189326
2005/7/6,sh.600022,0.95,0.96,0.95,0.95,785900
2005/7/7,sh.600022,0.95,0.96,0.95,0.95,1047991
2005/7/8,sh.600022,0.95,0.95,0.93,0.93,1508305
2005/7/11,sh.600022,0.94,0.95,0.93,0.93,1433339
2005/7/12,sh.600022,0.92,0.95,0.91,0.95,2157823
2005/7/13,sh.600022,0.95,0.95,0.93,0.94,1621972
2005/7/14,sh.600022,0.94,0.95,0.94,0.94,986830
2005/7/15,sh.600022,0.94,0.95,0.93,0.93,1199700
2005/7/18,sh.600022,0.93,0.94,0.92,0.93,1385898
2005/7/19,sh.600022,0.93,0.93,0.92,0.93,893684
2005/7/20,sh.600022,0.93,0.94,0.93,0.94,729059
2005/7/21,sh.600022,0.94,0.95,0.93,0.95,1837209
2005/7/22,sh.600022,0.95,0.96,0.95,0.95,4464953
2005/7/25,sh.600022,0.95,0.96,0.94,0.94,1494127
2005/7/26,sh.600022,0.95,0.97,0.95,0.96,3953098
2005/7/27,sh.600022,0.96,0.98,0.96,0.98,4155418
2005/7/28,sh.600022,0.98,0.98,0.96,0.97,4469907
2005/7/29,sh.600022,0.96,0.97,0.95,0.95,2034680
2005/8/1,sh.600022,0.95,0.97,0.95,0.97,2210128
2005/8/2,sh.600022,0.98,0.99,0.97,0.99,2651591
2005/8/3,sh.600022,0.99,1.00,0.98,0.98,4569233
2005/8/4,sh.600022,0.98,0.99,0.97,0.98,2196143
2005/8/5,sh.600022,0.98,1.01,0.98,1.01,5707847
2005/8/8,sh.600022,1.01,1.04,1.01,1.03,12945973
2005/8/9,sh.600022,1.03,1.06,1.02,1.05,9914351
2005/8/10,sh.600022,1.06,1.07,1.04,1.06,12372247
2005/8/11,sh.600022,1.08,1.09,1.06,1.06,26050001
2005/8/12,sh.600022,1.06,1.07,1.04,1.04,15319472
2005/8/15,sh.600022,1.05,1.08,1.05,1.08,8734015
2005/8/16,sh.600022,1.08,1.08,1.06,1.06,7771230
2005/8/17,sh.600022,1.06,1.07,1.04,1.06,5237016
2005/8/18,sh.600022,1.06,1.07,1.01,1.02,9676535
2005/8/19,sh.600022,1.01,1.03,1.00,1.02,4873679
2005/8/22,sh.600022,1.02,1.03,1.02,1.03,2588357
2005/8/23,sh.600022,1.03,1.04,1.00,1.03,4219361
2005/8/24,sh.600022,1.03,1.03,1.02,1.02,3103639
2005/8/25,sh.600022,1.02,1.02,1.01,1.01,2956189
2005/8/26,sh.600022,1.01,1.02,1.00,1.01,2330012
2005/8/29,sh.600022,1.01,1.02,0.99,1.00,2591500
2005/8/30,sh.600022,0.99,1.02,0.99,1.00,3153365
2005/8/31,sh.600022,1.01,1.02,1.00,1.02,2348103
2005/9/1,sh.600022,1.02,1.03,1.01,1.02,3940929
2005/9/2,sh.600022,1.02,1.03,1.01,1.02,3353844
2005/9/5,sh.600022,1.02,1.03,1.02,1.02,2099518
2005/9/6,sh.600022,1.02,1.02,1.00,1.00,4450002
2005/9/7,sh.600022,1.00,1.01,1.00,1.01,3112328
2005/9/8,sh.600022,1.02,1.03,1.01,1.02,3776887
2005/9/9,sh.600022,1.02,1.03,1.01,1.02,2506165
2005/9/12,sh.600022,1.02,1.03,1.02,1.02,1759465
2005/9/13,sh.600022,1.03,1.05,1.03,1.05,5118395
2005/9/14,sh.600022,1.05,1.05,1.04,1.04,3191193
2005/9/15,sh.600022,1.04,1.05,1.04,1.04,2358377
2005/9/16,sh.600022,1.04,1.05,1.04,1.05,2593248
2005/9/19,sh.600022,1.05,1.05,1.04,1.05,2964302
2005/9/20,sh.600022,1.05,1.05,1.02,1.02,4054593
2005/9/21,sh.600022,1.02,1.03,1.00,1.01,3485433
2005/9/22,sh.600022,1.01,1.01,0.98,0.99,3735672
2005/9/23,sh.600022,0.99,0.99,0.98,0.98,1925213
2005/9/26,sh.600022,0.98,0.99,0.98,0.98,1547451
2005/9/27,sh.600022,0.98,0.99,0.97,0.97,1600495
2005/9/28,sh.600022,0.97,0.98,0.97,0.97,1037929
2005/9/29,sh.600022,0.97,0.98,0.97,0.98,2305358
2005/9/30,sh.600022,0.98,0.99,0.98,0.98,1489666
2005/10/10,sh.600022,0.98,0.98,0.97,0.97,1636933
2005/10/11,sh.600022,0.97,0.97,0.97,0.97,1141090
2005/10/12,sh.600022,0.97,0.99,0.97,0.98,1901133
2005/10/13,sh.600022,0.98,0.99,0.97,0.97,1122496
2005/10/14,sh.600022,0.97,0.97,0.97,0.97,1175377
2005/10/17,sh.600022,0.97,0.97,0.94,0.94,2824327
2005/10/18,sh.600022,0.94,0.95,0.93,0.94,1934112
2005/10/19,sh.600022,0.94,0.94,0.93,0.93,2946318
2005/10/20,sh.600022,0.93,0.93,0.91,0.93,3418636
2005/10/21,sh.600022,0.93,0.93,0.92,0.93,1944379
2005/10/24,sh.600022,0.93,0.93,0.90,0.90,4908411
2005/10/25,sh.600022,0.90,0.90,0.86,0.86,6279896
2005/10/26,sh.600022,0.86,0.86,0.85,0.85,4003654
2005/10/27,sh.600022,0.85,0.85,0.84,0.85,3256160
2005/10/28,sh.600022,0.85,0.86,0.84,0.86,3555758
2005/10/31,sh.600022,0.86,0.86,0.85,0.85,2238349
2005/11/1,sh.600022,0.85,0.86,0.82,0.84,3600777
2005/11/2,sh.600022,0.83,0.86,0.83,0.85,3044150
2005/11/3,sh.600022,0.85,0.86,0.84,0.84,1773939
2005/11/4,sh.600022,0.84,0.85,0.83,0.84,1144599
2005/11/7,sh.600022,0.84,0.84,0.82,0.84,1821421
2005/11/8,sh.600022,0.84,0.84,0.83,0.84,1425031
2005/11/9,sh.600022,0.85,0.85,0.83,0.83,2210512
2005/11/10,sh.600022,0.83,0.84,0.82,0.82,2277235
2005/11/11,sh.600022,0.81,0.82,0.80,0.81,2395504
2005/11/14,sh.600022,0.81,0.82,0.81,0.81,1257721
2005/11/15,sh.600022,0.81,0.82,0.80,0.81,1489217
2005/11/16,sh.600022,0.80,0.86,0.78,0.85,7192421
2005/11/17,sh.600022,0.83,0.84,0.81,0.82,4313434
2005/11/18,sh.600022,0.81,0.85,0.81,0.84,5068598
2005/11/21,sh.600022,0.84,0.85,0.83,0.84,1866331
2005/11/22,sh.600022,0.83,0.84,0.82,0.82,1970523
2005/11/23,sh.600022,0.82,0.83,0.81,0.83,1376624
2005/11/24,sh.600022,0.82,0.85,0.82,0.83,2631068
2005/11/25,sh.600022,0.83,0.83,0.83,0.83,INVALID
2005/11/28,sh.600022,0.83,0.84,0.82,0.82,1552011
2005/11/29,sh.600022,0.82,0.83,0.80,0.81,2053741
2005/11/30,sh.600022,0.81,0.81,0.80,0.81,1714324
2005/12/1,sh.600022,0.80,0.81,0.80,0.81,1457121
2005/12/2,sh.600022,0.81,0.83,0.81,0.81,2686740
2005/12/5,sh.600022,0.81,0.82,0.80,0.81,1073417
2005/12/6,sh.600022,0.81,0.82,0.81,0.82,1881487
2005/12/7,sh.600022,0.82,0.83,0.81,0.82,1381932
2005/12/8,sh.600022,0.82,0.83,0.81,0.82,1184472
2005/12/9,sh.600022,0.82,0.83,0.81,0.83,1584709
2005/12/12,sh.600022,0.83,0.83,0.82,0.83,1375302
2005/12/13,sh.600022,0.83,0.83,0.82,0.82,1335900
2005/12/14,sh.600022,0.82,0.83,0.82,0.83,2409171
2005/12/15,sh.600022,0.83,0.84,0.83,0.83,3156524
2005/12/16,sh.600022,0.83,0.85,0.83,0.84,2126056
2005/12/19,sh.600022,0.84,0.85,0.84,0.85,2936612
2005/12/20,sh.600022,0.85,0.85,0.84,0.84,1636173
2005/12/21,sh.600022,0.85,0.85,0.84,0.84,1937100
2005/12/22,sh.600022,0.84,0.84,0.83,0.84,1317067
2005/12/23,sh.600022,0.84,0.84,0.83,0.84,1776523
2005/12/26,sh.600022,0.84,0.85,0.83,0.85,2320226
2005/12/27,sh.600022,0.84,0.85,0.83,0.84,2026363
2005/12/28,sh.600022,0.84,0.85,0.84,0.85,2495605
2005/12/29,sh.600022,0.85,0.86,0.85,0.85,2966645
2005/12/30,sh.600022,0.86,0.86,0.84,0.84,2390710
2006/1/4,sh.600022,0.84,0.85,0.84,0.85,2357918
2006/1/5,sh.600022,0.85,0.88,0.85,0.87,5568233
2006/1/6,sh.600022,0.87,0.90,0.87,0.89,6970291
2006/1/9,sh.600022,0.89,0.90,0.88,0.89,3406122
2006/1/10,sh.600022,0.89,0.90,0.88,0.89,2996009
2006/1/11,sh.600022,0.89,0.93,0.88,0.90,5784311
2006/1/12,sh.600022,0.90,0.92,0.89,0.91,3562594
2006/1/13,sh.600022,0.91,0.92,0.90,0.91,2721377
2006/1/16,sh.600022,0.90,0.90,0.87,0.87,4603804
2006/1/17,sh.600022,0.87,0.89,0.87,0.88,2837293
2006/1/18,sh.600022,0.88,0.90,0.87,0.90,3387748
2006/1/19,sh.600022,0.91,0.97,0.90,0.95,12996878
2006/1/20,sh.600022,0.95,0.97,0.94,0.96,9432530
2006/1/23,sh.600022,0.96,0.98,0.95,0.97,4704478
2006/1/24,sh.600022,0.97,0.99,0.96,0.98,5600188
2006/1/25,sh.600022,0.98,0.99,0.97,0.97,4429665
2006/2/6,sh.600022,0.97,1.01,0.97,1.00,6619099
2006/2/7,sh.600022,1.00,1.00,0.97,0.98,5731387
2006/2/8,sh.600022,0.98,0.99,0.96,0.99,4031575
2006/2/9,sh.600022,0.99,0.99,0.97,0.98,5591602
2006/2/10,sh.600022,0.98,1.00,0.97,0.99,4185697
2006/2/13,sh.600022,0.99,1.00,0.97,0.97,2720235
2006/2/14,sh.600022,0.97,0.98,0.97,0.97,2280465
2006/2/15,sh.600022,0.97,0.97,0.96,0.96,4734764
2006/2/16,sh.600022,0.96,0.96,0.92,0.94,7115128
2006/2/17,sh.600022,0.93,0.95,0.93,0.93,2100898
2006/2/20,sh.600022,0.93,0.95,0.93,0.94,2294828
2006/2/21,sh.600022,0.94,0.99,0.93,0.99,8407283
2006/2/22,sh.600022,0.99,1.00,0.98,0.99,6847730
2006/2/23,sh.600022,0.99,0.99,0.97,0.99,3673497
2006/2/24,sh.600022,1.00,1.01,0.99,1.00,5190284
2006/2/27,sh.600022,1.00,1.00,1.00,1.00,INVALID
2006/2/28,sh.600022,1.00,1.00,1.00,1.00,INVALID
2006/3/1,sh.600022,1.00,1.00,1.00,1.00,INVALID
2006/3/2,sh.600022,1.00,1.00,1.00,1.00,INVALID
2006/3/3,sh.600022,1.00,1.00,1.00,1.00,INVALID
2006/3/6,sh.600022,1.00,1.00,1.00,1.00,INVALID
2006/3/7,sh.600022,1.00,1.00,1.00,1.00,INVALID
2006/3/8,sh.600022,1.00,1.00,1.00,1.00,INVALID
2006/3/9,sh.600022,1.00,1.00,1.00,1.00,INVALID
2006/3/10,sh.600022,1.00,1.00,1.00,1.00,INVALID
2006/3/13,sh.600022,1.00,1.00,1.00,1.00,INVALID
2006/3/14,sh.600022,1.00,1.00,1.00,1.00,INVALID
2006/3/15,sh.600022,1.00,1.00,1.00,1.00,INVALID
2006/3/16,sh.600022,1.00,1.00,1.00,1.00,INVALID
2006/3/17,sh.600022,1.00,1.00,1.00,1.00,INVALID
2006/3/20,sh.600022,1.00,1.00,1.00,1.00,INVALID
2006/3/21,sh.600022,0.97,1.02,0.96,1.01,8859842
2006/3/22,sh.600022,1.01,1.06,1.00,1.04,8544473
2006/3/23,sh.600022,1.04,1.06,1.03,1.04,5309548
2006/3/24,sh.600022,1.04,1.06,1.04,1.04,6369638
2006/3/27,sh.600022,1.04,1.05,1.04,1.04,5217566
2006/3/28,sh.600022,1.04,1.06,1.03,1.05,8703406
2006/3/29,sh.600022,1.05,1.05,1.05,1.05,INVALID
2006/3/30,sh.600022,1.05,1.05,1.05,1.05,INVALID
2006/3/31,sh.600022,1.05,1.05,1.05,1.05,INVALID
2006/4/3,sh.600022,1.05,1.05,1.05,1.05,INVALID
2006/4/4,sh.600022,1.05,1.05,1.05,1.05,INVALID
2006/4/5,sh.600022,1.05,1.05,1.05,1.05,INVALID
2006/4/6,sh.600022,1.05,1.05,1.05,1.05,INVALID
2006/4/7,sh.600022,1.05,1.05,1.05,1.05,INVALID
2006/4/10,sh.600022,1.05,1.05,1.05,1.05,INVALID
2006/4/11,sh.600022,1.05,1.05,1.05,1.05,INVALID
2006/4/12,sh.600022,1.05,1.05,1.05,1.05,INVALID
2006/4/13,sh.600022,1.05,1.05,1.05,1.05,INVALID
2006/4/14,sh.600022,1.05,1.05,1.05,1.05,INVALID
2006/4/17,sh.600022,1.05,1.05,1.05,1.05,INVALID
2006/4/18,sh.600022,1.05,1.05,1.05,1.05,INVALID
2006/4/19,sh.600022,1.05,1.05,1.05,1.05,INVALID
2006/4/20,sh.600022,1.05,1.05,1.05,1.05,INVALID
2006/4/21,sh.600022,1.05,1.05,1.05,1.05,INVALID
2006/4/24,sh.600022,1.16,1.16,1.05,1.05,28189085
2006/4/25,sh.600022,1.05,1.08,1.02,1.06,8533090
2006/4/26,sh.600022,1.06,1.08,1.00,1.01,8810288
2006/4/27,sh.600022,1.01,1.03,1.01,1.02,5518353
2006/4/28,sh.600022,1.01,1.01,0.97,0.99,8223198
2006/5/8,sh.600022,0.99,1.02,0.99,1.01,6264964
2006/5/9,sh.600022,1.02,1.04,1.01,1.04,8108529
2006/5/10,sh.600022,1.04,1.06,1.02,1.05,8851651
2006/5/11,sh.600022,1.05,1.07,1.03,1.04,10906004
2006/5/12,sh.600022,1.03,1.06,1.03,1.06,7772816
2006/5/15,sh.600022,1.07,1.10,1.07,1.10,13186597
2006/5/16,sh.600022,1.10,1.14,1.07,1.08,13022018
2006/5/17,sh.600022,1.08,1.11,1.08,1.10,8029393
2006/5/18,sh.600022,1.11,1.13,1.09,1.12,9612501
2006/5/19,sh.600022,1.12,1.18,1.11,1.16,16293674
2006/5/22,sh.600022,1.16,1.25,1.15,1.24,21371217
2006/5/23,sh.600022,1.23,1.23,1.17,1.18,12274725
2006/5/24,sh.600022,1.18,1.22,1.08,1.13,9450968
2006/5/25,sh.600022,1.13,1.13,1.13,1.13,INVALID
2006/5/26,sh.600022,1.13,1.19,1.13,1.18,7546957
2006/5/29,sh.600022,1.19,1.24,1.19,1.23,11913411
2006/5/30,sh.600022,1.25,1.25,1.20,1.20,7714661
2006/5/31,sh.600022,1.20,1.22,1.18,1.20,7159160
2006/6/1,sh.600022,1.21,1.30,1.21,1.28,17608829
2006/6/2,sh.600022,1.30,1.37,1.28,1.29,21122311
2006/6/5,sh.600022,1.30,1.34,1.25,1.31,10120462
2006/6/6,sh.600022,1.29,1.31,1.27,1.29,6774239
2006/6/7,sh.600022,1.28,1.30,1.19,1.19,8717279
2006/6/8,sh.600022,1.18,1.19,1.13,1.18,7238699
2006/6/9,sh.600022,1.18,1.19,1.15,1.15,6763597
2006/6/12,sh.600022,1.14,1.17,1.13,1.15,2895678
2006/6/13,sh.600022,1.15,1.17,1.13,1.14,2752176
2006/6/14,sh.600022,1.14,1.15,1.09,1.10,5173382
2006/6/15,sh.600022,1.10,1.12,1.09,1.10,3351855
2006/6/16,sh.600022,1.11,1.15,1.11,1.15,3760438
2006/6/19,sh.600022,1.15,1.26,1.14,1.24,13062964
2006/6/20,sh.600022,1.24,1.26,1.21,1.24,6911035
2006/6/21,sh.600022,1.22,1.25,1.20,1.24,6083634
2006/6/22,sh.600022,1.24,1.24,1.22,1.23,7622146
2006/6/23,sh.600022,1.20,1.20,1.17,1.19,4019315
2006/6/26,sh.600022,1.20,1.21,1.18,1.19,5998718
2006/6/27,sh.600022,1.19,1.24,1.19,1.22,4424162
2006/6/28,sh.600022,1.23,1.28,1.23,1.28,12026413
2006/6/29,sh.600022,1.28,1.34,1.28,1.32,13774026
2006/6/30,sh.600022,1.32,1.34,1.29,1.30,9294561
2006/7/3,sh.600022,1.30,1.31,1.29,1.30,7577707
2006/7/4,sh.600022,1.30,1.31,1.27,1.28,7044807
2006/7/5,sh.600022,1.28,1.28,1.24,1.26,4773886
2006/7/6,sh.600022,1.26,1.28,1.26,1.28,4399609
2006/7/7,sh.600022,1.28,1.28,1.25,1.25,4242752
2006/7/10,sh.600022,1.25,1.26,1.23,1.26,4246572
2006/7/11,sh.600022,1.25,1.26,1.24,1.25,2973410
2006/7/12,sh.600022,1.25,1.26,1.25,1.25,3687213
2006/7/13,sh.600022,1.25,1.25,1.16,1.17,9315785
2006/7/14,sh.600022,1.16,1.19,1.14,1.16,5237793
2006/7/17,sh.600022,1.17,1.18,1.16,1.18,3224503
2006/7/18,sh.600022,1.18,1.19,1.16,1.18,2368846
2006/7/19,sh.600022,1.18,1.18,1.14,1.15,2584692
2006/7/20,sh.600022,1.15,1.16,1.13,1.16,3206268
2006/7/21,sh.600022,1.16,1.16,1.14,1.16,2858784
2006/7/24,sh.600022,1.15,1.16,1.14,1.15,1777619
2006/7/25,sh.600022,1.16,1.17,1.15,1.16,3183543
2006/7/26,sh.600022,1.16,1.18,1.15,1.18,4998081
2006/7/27,sh.600022,1.18,1.19,1.16,1.17,3402395
2006/7/28,sh.600022,1.19,1.21,1.17,1.20,7853880
2006/7/31,sh.600022,1.20,1.23,1.18,1.19,6257007
2006/8/1,sh.600022,1.20,1.21,1.14,1.15,2529514
2006/8/2,sh.600022,1.18,1.18,1.13,1.16,2256248
2006/8/3,sh.600022,1.18,1.18,1.13,1.14,2879323
2006/8/4,sh.600022,1.16,1.16,1.11,1.12,2526867
2006/8/7,sh.600022,1.12,1.13,1.08,1.12,4470451
2006/8/8,sh.600022,1.13,1.15,1.10,1.14,8616004
2006/8/9,sh.600022,1.16,1.16,1.13,1.14,7573396
2006/8/10,sh.600022,1.14,1.14,1.12,1.14,3066738
2006/8/11,sh.600022,1.14,1.16,1.13,1.16,3509190
2006/8/14,sh.600022,1.17,1.17,1.12,1.13,3586327
2006/8/15,sh.600022,1.12,1.14,1.12,1.14,2189767
2006/8/16,sh.600022,1.14,1.15,1.13,1.15,2284036
2006/8/17,sh.600022,1.14,1.14,1.13,1.13,1454787
2006/8/18,sh.600022,1.13,1.14,1.12,1.13,1499171
2006/8/21,sh.600022,1.10,1.12,1.09,1.12,3408624
2006/8/22,sh.600022,1.12,1.12,1.11,1.12,3894254
2006/8/23,sh.600022,1.12,1.14,1.11,1.12,3005315
2006/8/24,sh.600022,1.12,1.14,1.11,1.13,2773883
2006/8/25,sh.600022,1.13,1.14,1.12,1.12,1778424
2006/8/28,sh.600022,1.13,1.15,1.12,1.14,3605748
2006/8/29,sh.600022,1.14,1.16,1.14,1.14,4487462
2006/8/30,sh.600022,1.14,1.14,1.13,1.14,2180156
2006/8/31,sh.600022,1.14,1.17,1.13,1.16,5850201
2006/9/1,sh.600022,1.18,1.18,1.14,1.16,5181992
2006/9/4,sh.600022,1.16,1.17,1.15,1.16,3392327
2006/9/5,sh.600022,1.16,1.17,1.15,1.15,3463392
2006/9/6,sh.600022,1.15,1.16,1.14,1.15,2828711
2006/9/7,sh.600022,1.15,1.15,1.12,1.12,3809815
2006/9/8,sh.600022,1.12,1.13,1.12,1.13,1413311
2006/9/11,sh.600022,1.13,1.14,1.12,1.13,1521838
2006/9/12,sh.600022,1.14,1.15,1.13,1.14,2611669
2006/9/13,sh.600022,1.14,1.16,1.13,1.14,4306427
2006/9/14,sh.600022,1.14,1.15,1.13,1.14,1915821
2006/9/15,sh.600022,1.14,1.16,1.13,1.16,5837606
2006/9/18,sh.600022,1.16,1.20,1.16,1.19,9099539
2006/9/19,sh.600022,1.19,1.20,1.17,1.18,3624188
2006/9/20,sh.600022,1.18,1.18,1.16,1.16,2593854
2006/9/21,sh.600022,1.16,1.18,1.16,1.17,4082573
2006/9/22,sh.600022,1.17,1.18,1.14,1.15,4370608
2006/9/25,sh.600022,1.14,1.14,1.13,1.13,2706300
2006/9/26,sh.600022,1.13,1.14,1.12,1.14,1608012
2006/9/27,sh.600022,1.14,1.14,1.12,1.13,1784964
2006/9/28,sh.600022,1.14,1.15,1.14,1.14,1711539
2006/9/29,sh.600022,1.14,1.15,1.14,1.15,2457062
2006/10/9,sh.600022,1.15,1.17,1.15,1.16,2836120
2006/10/10,sh.600022,1.16,1.21,1.16,1.20,14617306
2006/10/11,sh.600022,1.20,1.22,1.20,1.22,7545795
2006/10/12,sh.600022,1.22,1.34,1.22,1.34,47073567
2006/10/13,sh.600022,1.34,1.34,1.29,1.30,17002806
2006/10/16,sh.600022,1.30,1.43,1.30,1.36,25213784
2006/10/17,sh.600022,1.36,1.38,1.33,1.36,7233800
2006/10/18,sh.600022,1.36,1.42,1.35,1.38,11943954
2006/10/19,sh.600022,1.38,1.40,1.35,1.37,11203986
2006/10/20,sh.600022,1.37,1.39,1.33,1.36,10735139
2006/10/23,sh.600022,1.36,1.42,1.35,1.36,18009052
2006/10/24,sh.600022,1.36,1.42,1.36,1.41,12716763
2006/10/25,sh.600022,1.42,1.52,1.42,1.48,27564878
2006/10/26,sh.600022,1.48,1.57,1.46,1.54,24068992
2006/10/27,sh.600022,1.55,1.55,1.48,1.54,19348703
2006/10/30,sh.600022,1.54,1.64,1.54,1.62,22928405
2006/10/31,sh.600022,1.63,1.66,1.58,1.58,14176835
2006/11/1,sh.600022,1.58,1.63,1.56,1.60,10685905
2006/11/2,sh.600022,1.61,1.71,1.60,1.66,18409053
2006/11/3,sh.600022,1.67,1.73,1.64,1.66,17290911
2006/11/6,sh.600022,1.65,1.83,1.63,1.83,32354480
2006/11/7,sh.600022,1.84,1.89,1.83,1.85,27562110
2006/11/8,sh.600022,1.85,1.88,1.80,1.82,10241415
2006/11/9,sh.600022,1.80,1.86,1.78,1.84,10355427
2006/11/10,sh.600022,1.84,1.85,1.72,1.74,14048219
2006/11/13,sh.600022,1.74,1.84,1.68,1.77,16228877
2006/11/14,sh.600022,1.75,1.76,1.62,1.72,14484508
2006/11/15,sh.600022,1.72,1.86,1.71,1.85,21867085
2006/11/16,sh.600022,1.85,1.97,1.84,1.86,27449888
2006/11/17,sh.600022,1.84,1.95,1.82,1.95,19752425
2006/11/20,sh.600022,1.95,2.01,1.93,1.96,15372071
2006/11/21,sh.600022,1.95,1.95,1.87,1.93,9630706
2006/11/22,sh.600022,1.92,1.93,1.86,1.90,7180589
2006/11/23,sh.600022,1.90,1.95,1.87,1.90,7447322
2006/11/24,sh.600022,1.89,1.92,1.87,1.89,6515198
2006/11/27,sh.600022,1.89,1.93,1.87,1.91,6188689
2006/11/28,sh.600022,1.91,1.91,1.87,1.88,5607144
2006/11/29,sh.600022,1.85,2.06,1.80,2.03,19216185
2006/11/30,sh.600022,1.99,2.09,1.98,2.05,14358806
2006/12/1,sh.600022,2.05,2.12,2.04,2.05,16358941
2006/12/4,sh.600022,2.05,2.11,2.05,2.07,6633349
2006/12/5,sh.600022,2.07,2.07,1.99,2.01,9629580
2006/12/6,sh.600022,2.00,2.04,1.90,1.95,10972748
2006/12/7,sh.600022,1.94,2.06,1.94,1.99,9630548
2006/12/8,sh.600022,1.97,2.03,1.91,1.92,7370291
2006/12/11,sh.600022,1.91,1.99,1.90,1.98,10437094
2006/12/12,sh.600022,2.00,2.09,1.98,2.08,13605457
2006/12/13,sh.600022,2.09,2.14,2.05,2.07,6237338
2006/12/14,sh.600022,2.07,2.17,2.07,2.14,8506698
2006/12/15,sh.600022,2.14,2.18,2.09,2.15,5165689
2006/12/18,sh.600022,2.15,2.20,2.10,2.18,10393999
2006/12/19,sh.600022,2.19,2.27,2.17,2.20,11547408
2006/12/20,sh.600022,2.21,2.27,2.12,2.19,6911445
2006/12/21,sh.600022,2.18,2.18,2.09,2.11,12888692
2006/12/22,sh.600022,2.07,2.11,2.03,2.07,5177434
2006/12/25,sh.600022,2.07,2.13,2.06,2.12,7198902
2006/12/26,sh.600022,2.12,2.26,2.11,2.24,14874197
2006/12/27,sh.600022,2.24,2.35,2.22,2.32,7935882
2006/12/28,sh.600022,2.32,2.32,2.21,2.25,7418433
2006/12/29,sh.600022,2.30,2.42,2.27,2.36,13096683
2007/1/4,sh.600022,2.39,2.60,2.39,2.56,16267238
2007/1/5,sh.600022,2.55,2.78,2.51,2.61,9190609
2007/1/8,sh.600022,2.61,2.66,2.55,2.60,5778807
2007/1/9,sh.600022,2.60,2.82,2.60,2.81,11004821
2007/1/10,sh.600022,2.82,2.94,2.80,2.90,6691214
2007/1/11,sh.600022,2.89,2.89,2.77,2.83,5987161
2007/1/12,sh.600022,2.79,2.86,2.66,2.74,5952205
2007/1/15,sh.600022,2.71,2.81,2.68,2.81,10702974
2007/1/16,sh.600022,2.80,2.83,2.75,2.79,12266511
2007/1/17,sh.600022,2.78,3.07,2.78,2.97,11461602
2007/1/18,sh.600022,2.95,2.95,2.71,2.81,5546611
2007/1/19,sh.600022,2.78,2.86,2.74,2.81,5041663
2007/1/22,sh.600022,2.83,3.01,2.83,2.98,9173724
2007/1/23,sh.600022,2.98,3.28,2.95,3.26,21474983
2007/1/24,sh.600022,3.30,3.42,3.25,3.30,13630880
2007/1/25,sh.600022,3.24,3.24,3.01,3.04,6300648
2007/1/26,sh.600022,3.04,3.19,2.78,3.16,7608505
2007/1/29,sh.600022,3.14,3.33,3.11,3.29,8966621
2007/1/30,sh.600022,3.28,3.42,3.20,3.24,14533572
2007/1/31,sh.600022,3.23,3.23,2.91,2.91,8116510
2007/2/1,sh.600022,2.85,2.93,2.73,2.88,9285111
2007/2/2,sh.600022,2.86,2.87,2.61,2.64,8578875
2007/2/5,sh.600022,2.60,2.76,2.49,2.62,14201858
2007/2/6,sh.600022,2.61,2.64,2.45,2.55,13417548
2007/2/7,sh.600022,2.58,2.81,2.58,2.76,25099711
2007/2/8,sh.600022,2.74,2.83,2.70,2.79,7831263
2007/2/9,sh.600022,2.80,2.87,2.72,2.75,5576360
2007/2/12,sh.600022,2.74,2.92,2.74,2.89,6247604
2007/2/13,sh.600022,2.92,2.93,2.86,2.91,4978443
2007/2/14,sh.600022,2.91,2.98,2.84,2.96,14409837
2007/2/15,sh.600022,2.96,3.08,2.95,3.05,20315537
2007/2/16,sh.600022,3.15,3.25,3.05,3.17,25244147
2007/2/26,sh.600022,3.19,3.45,3.17,3.44,15383410
2007/2/27,sh.600022,3.45,3.47,3.10,3.10,16920787
2007/2/28,sh.600022,3.05,3.38,3.01,3.28,13516086
2007/3/1,sh.600022,3.32,3.32,3.02,3.09,10413434
2007/3/2,sh.600022,3.07,3.18,2.95,3.17,11530754
2007/3/5,sh.600022,3.18,3.22,2.95,3.01,12020282
2007/3/6,sh.600022,3.01,3.07,2.96,3.04,3764465
2007/3/7,sh.600022,3.07,3.22,3.07,3.16,8428209
2007/3/8,sh.600022,3.16,3.22,3.14,3.17,5614523
2007/3/9,sh.600022,3.18,3.34,3.18,3.29,19279454
2007/3/12,sh.600022,3.32,3.60,3.26,3.49,18989271
2007/3/13,sh.600022,3.49,3.52,3.41,3.44,9483331
2007/3/14,sh.600022,3.41,3.47,3.25,3.39,9423397
2007/3/15,sh.600022,3.38,3.47,3.32,3.44,9496459
2007/3/16,sh.600022,3.45,3.47,3.26,3.30,6251061
2007/3/19,sh.600022,3.14,3.41,3.13,3.34,8957126
2007/3/20,sh.600022,3.32,3.34,3.24,3.26,6250441
2007/3/21,sh.600022,3.27,3.33,3.23,3.32,5009708
2007/3/22,sh.600022,3.33,3.47,3.29,3.38,11936036
2007/3/23,sh.600022,3.40,3.40,3.29,3.38,5666636
2007/3/26,sh.600022,3.38,3.43,3.35,3.40,6254527
2007/3/27,sh.600022,3.41,3.43,3.33,3.41,8625021
2007/3/28,sh.600022,3.42,3.57,3.36,3.57,20378335
2007/3/29,sh.600022,3.57,3.62,3.44,3.44,9160901
2007/3/30,sh.600022,3.41,3.55,3.41,3.52,6108307
2007/4/2,sh.600022,3.56,3.88,3.53,3.88,21141208
2007/4/3,sh.600022,3.94,4.07,3.87,3.99,21750239
2007/4/4,sh.600022,3.98,4.07,3.89,4.01,9998381
2007/4/5,sh.600022,4.00,4.07,3.93,4.06,6149433
2007/4/6,sh.600022,4.04,4.33,3.96,4.11,6184685
2007/4/9,sh.600022,4.11,4.42,4.11,4.35,13032040
2007/4/10,sh.600022,4.35,4.60,4.33,4.59,14982233
2007/4/11,sh.600022,4.60,5.03,4.60,5.01,9949971
2007/4/12,sh.600022,4.80,4.95,4.64,4.82,11403892
2007/4/13,sh.600022,4.76,4.76,4.53,4.57,11357291
2007/4/16,sh.600022,4.66,4.76,4.57,4.69,9808187
2007/4/17,sh.600022,4.67,4.68,4.53,4.64,9692893
2007/4/18,sh.600022,4.64,4.73,4.46,4.69,9624967
2007/4/19,sh.600022,4.70,4.83,4.36,4.72,13377031
2007/4/20,sh.600022,4.63,5.02,4.61,4.96,15517647
2007/4/23,sh.600022,4.96,5.18,4.84,5.15,12363222
2007/4/24,sh.600022,5.15,5.15,4.95,5.07,11902864
2007/4/25,sh.600022,5.02,5.02,4.61,4.82,14573372
2007/4/26,sh.600022,4.87,4.94,4.73,4.87,8483507
2007/4/27,sh.600022,4.89,4.90,4.70,4.70,7663361
2007/4/30,sh.600022,4.70,4.79,4.57,4.63,9776648
2007/5/8,sh.600022,4.72,4.78,4.63,4.76,10309856
2007/5/9,sh.600022,4.73,4.79,4.58,4.67,10570768
2007/5/10,sh.600022,4.68,5.09,4.67,4.99,20759222
2007/5/11,sh.600022,4.99,4.99,4.73,4.79,12588588
2007/5/14,sh.600022,4.78,5.22,4.70,5.09,21279914
2007/5/15,sh.600022,5.10,5.12,4.82,4.92,9452005
2007/5/16,sh.600022,4.92,5.01,4.77,4.97,6334779
2007/5/17,sh.600022,5.01,5.22,4.95,5.10,14836004
2007/5/18,sh.600022,5.13,5.30,5.07,5.26,17756935
2007/5/21,sh.600022,5.13,5.47,5.07,5.28,12188651
2007/5/22,sh.600022,5.22,5.28,5.10,5.14,13745997
2007/5/23,sh.600022,5.16,5.16,4.97,5.07,15989895
2007/5/24,sh.600022,5.07,5.07,5.07,5.07,INVALID
2007/5/25,sh.600022,5.01,5.13,4.95,5.04,8401489
2007/5/28,sh.600022,5.04,5.21,5.04,5.17,11441052
2007/5/29,sh.600022,5.20,5.24,5.13,5.18,14607405
2007/5/30,sh.600022,4.89,5.07,4.66,4.66,12249662
2007/5/31,sh.600022,4.61,4.86,4.19,4.71,12359296
2007/6/1,sh.600022,4.70,4.80,4.36,4.42,9645604
2007/6/4,sh.600022,4.44,4.55,3.97,3.98,9142373
2007/6/5,sh.600022,3.87,4.15,3.64,4.11,12002522
2007/6/6,sh.600022,4.18,4.52,4.06,4.40,16172464
2007/6/7,sh.600022,4.47,4.60,4.43,4.48,12319850
2007/6/8,sh.600022,4.52,4.61,4.34,4.59,15707898
2007/6/11,sh.600022,4.58,4.81,4.58,4.79,16231724
2007/6/12,sh.600022,4.79,5.13,4.61,5.11,16408427
2007/6/13,sh.600022,5.19,5.28,5.14,5.18,20317511
2007/6/14,sh.600022,5.16,5.16,4.98,5.00,10068569
2007/6/15,sh.600022,4.95,5.29,4.91,5.18,13870951
2007/6/18,sh.600022,5.26,5.70,5.24,5.70,24375576
2007/6/19,sh.600022,5.85,5.85,5.47,5.62,16303107
2007/6/20,sh.600022,5.56,5.87,5.50,5.56,12648524
2007/6/21,sh.600022,5.55,5.77,5.50,5.68,16951852
2007/6/22,sh.600022,5.77,5.81,5.11,5.45,16131253
2007/6/25,sh.600022,5.57,5.57,4.97,5.00,10705492
2007/6/26,sh.600022,4.89,5.25,4.76,5.23,9023473
2007/6/27,sh.600022,5.28,5.36,5.16,5.31,9476215
2007/6/28,sh.600022,5.33,5.52,5.07,5.10,8005680
2007/6/29,sh.600022,4.88,5.03,4.72,4.92,11083677
2007/7/2,sh.600022,4.95,4.98,4.72,4.87,6716559
2007/7/3,sh.600022,4.92,5.02,4.84,4.96,5913002
2007/7/4,sh.600022,4.99,5.08,4.85,4.88,5638862
2007/7/5,sh.600022,4.80,4.80,4.46,4.53,7452856
2007/7/6,sh.600022,4.47,4.87,4.38,4.83,6408820
2007/7/9,sh.600022,4.88,5.02,4.71,4.90,6695889
2007/7/10,sh.600022,4.89,4.90,4.65,4.75,5299003
2007/7/11,sh.600022,4.68,4.80,4.66,4.78,4497297
2007/7/12,sh.600022,4.78,4.95,4.70,4.90,5212628
2007/7/13,sh.600022,4.93,4.95,4.86,4.89,4363995
2007/7/16,sh.600022,4.88,4.88,4.70,4.74,2349077
2007/7/17,sh.600022,4.72,4.88,4.67,4.83,2516648
2007/7/18,sh.600022,4.84,4.90,4.69,4.84,6814257
2007/7/19,sh.600022,4.75,4.84,4.71,4.72,1458370
2007/7/20,sh.600022,4.72,4.88,4.72,4.83,3028901
2007/7/23,sh.600022,4.84,5.31,4.84,5.31,22731823
2007/7/24,sh.600022,5.39,5.54,5.35,5.35,17656745
2007/7/25,sh.600022,5.34,5.50,5.26,5.47,9688486
2007/7/26,sh.600022,5.53,5.61,5.40,5.58,8231637
2007/7/27,sh.600022,5.52,5.84,5.44,5.74,9760792
2007/7/30,sh.600022,5.74,5.96,5.68,5.95,16604109
2007/7/31,sh.600022,5.96,6.08,5.81,5.87,15267326
2007/8/1,sh.600022,5.87,5.91,5.48,5.57,12135406
2007/8/2,sh.600022,5.55,6.00,5.55,5.96,8709910
2007/8/3,sh.600022,6.00,6.03,5.87,5.91,9374862
2007/8/6,sh.600022,6.02,6.50,6.02,6.50,18090824
2007/8/7,sh.600022,6.49,6.75,6.27,6.47,10866852
2007/8/8,sh.600022,6.47,6.47,6.22,6.43,6971739
2007/8/9,sh.600022,6.33,6.57,6.23,6.46,11805603
2007/8/10,sh.600022,6.38,6.49,6.12,6.45,8378878
2007/8/13,sh.600022,6.44,6.49,6.15,6.39,7479995
2007/8/14,sh.600022,6.30,6.38,6.23,6.27,5180474
2007/8/15,sh.600022,6.31,6.57,6.25,6.51,9126450
2007/8/16,sh.600022,6.38,6.49,6.26,6.42,5040467
2007/8/17,sh.600022,6.40,6.48,6.12,6.14,8962778
2007/8/20,sh.600022,6.31,6.76,6.27,6.76,16768159
2007/8/21,sh.600022,6.79,6.89,6.62,6.87,12316621
2007/8/22,sh.600022,6.68,6.85,6.59,6.70,4885807
2007/8/23,sh.600022,6.70,6.80,6.55,6.63,8480973
2007/8/24,sh.600022,6.65,6.92,6.64,6.83,8121271
2007/8/27,sh.600022,6.94,7.25,6.85,7.22,9549914
2007/8/28,sh.600022,7.16,7.24,6.92,7.22,4605450
2007/8/29,sh.600022,7.22,7.46,7.05,7.09,5582328
2007/8/30,sh.600022,7.09,7.17,6.98,7.14,2973722
2007/8/31,sh.600022,7.20,7.51,7.15,7.40,5574793
2007/9/3,sh.600022,7.44,8.12,7.44,8.09,6843152
2007/9/4,sh.600022,8.20,8.74,8.07,8.09,10668710
2007/9/5,sh.600022,7.89,8.65,7.88,8.43,6756105
2007/9/6,sh.600022,8.61,8.81,8.50,8.66,6041261
2007/9/7,sh.600022,8.52,8.66,8.20,8.21,4545307
2007/9/10,sh.600022,8.05,8.41,7.85,8.21,6760430
2007/9/11,sh.600022,8.27,8.62,7.50,7.69,4756047
2007/9/12,sh.600022,7.45,7.91,7.45,7.90,4960173
2007/9/13,sh.600022,7.94,8.68,7.94,8.68,9359723
2007/9/14,sh.600022,8.76,9.52,8.76,9.11,11974347
2007/9/17,sh.600022,9.11,9.85,8.93,9.64,5625453
2007/9/18,sh.600022,9.64,9.72,8.86,9.20,9301869
2007/9/19,sh.600022,9.20,9.21,8.63,9.02,4529407
2007/9/20,sh.600022,9.05,9.46,9.05,9.13,3295560
2007/9/21,sh.600022,9.14,9.23,8.48,8.63,3653910
2007/9/24,sh.600022,8.64,9.04,8.26,8.98,3456773
2007/9/25,sh.600022,8.96,8.96,8.47,8.55,3360515
2007/9/26,sh.600022,8.41,8.61,8.31,8.32,2575024
2007/9/27,sh.600022,8.30,8.46,8.29,8.44,1487774
2007/9/28,sh.600022,8.63,9.00,8.59,8.82,5948745
2007/10/8,sh.600022,9.01,9.04,8.78,8.87,6405144
2007/10/9,sh.600022,8.87,9.04,8.42,8.86,6124353
2007/10/10,sh.600022,8.86,9.74,8.86,9.60,10804709
2007/10/11,sh.600022,9.53,9.82,9.16,9.56,7439158
2007/10/12,sh.600022,9.57,9.58,8.68,9.23,4786524
2007/10/15,sh.600022,9.19,10.14,8.85,10.02,7478687
2007/10/16,sh.600022,9.98,10.24,9.53,9.65,4946822
2007/10/17,sh.600022,9.55,9.87,9.41,9.47,2179353
2007/10/18,sh.600022,9.45,9.45,9.02,9.07,1771097
2007/10/19,sh.600022,9.07,9.33,8.93,8.95,2187394
2007/10/22,sh.600022,8.80,9.21,8.77,8.96,2497231
2007/10/23,sh.600022,8.93,9.22,8.92,9.21,3848352
2007/10/24,sh.600022,9.30,9.34,9.04,9.26,2757599
2007/10/25,sh.600022,9.23,9.23,8.33,8.33,4178511
2007/10/26,sh.600022,8.12,9.16,8.11,8.93,14721301
2007/10/29,sh.600022,8.93,9.19,8.41,8.93,5535150
2007/10/30,sh.600022,8.93,8.95,8.52,8.74,3639756
2007/10/31,sh.600022,8.80,8.92,8.49,8.58,4408088
2007/11/1,sh.600022,8.51,8.56,7.99,8.06,15514551
2007/11/2,sh.600022,7.92,7.92,7.34,7.35,9892909
2007/11/5,sh.600022,7.35,7.68,7.35,7.49,3247598
2007/11/6,sh.600022,7.53,7.68,7.12,7.20,3488940
2007/11/7,sh.600022,7.22,7.39,6.83,7.11,3244001
2007/11/8,sh.600022,7.05,7.05,6.65,6.66,2999375
2007/11/9,sh.600022,6.57,6.88,6.53,6.64,4355990
2007/11/12,sh.600022,6.42,6.64,6.00,6.44,3998541
2007/11/13,sh.600022,6.43,6.81,6.38,6.61,7057331
2007/11/14,sh.600022,6.74,6.97,6.61,6.94,4363126
2007/11/15,sh.600022,6.94,6.97,6.72,6.73,2723152
2007/11/16,sh.600022,6.57,6.68,6.45,6.54,1917965
2007/11/19,sh.600022,6.60,6.94,6.60,6.75,3264103
2007/11/20,sh.600022,6.74,7.20,6.60,7.15,7631763
2007/11/21,sh.600022,7.22,7.49,7.20,7.25,7151204
2007/11/22,sh.600022,7.25,7.25,7.25,7.25,INVALID
2007/11/23,sh.600022,6.92,7.16,6.72,7.13,2123694
2007/11/26,sh.600022,7.50,7.50,6.75,6.81,3810231
2007/11/27,sh.600022,6.72,6.83,6.55,6.56,3060525
2007/11/28,sh.600022,6.59,6.65,6.23,6.25,4917284
2007/11/29,sh.600022,6.29,6.38,6.00,6.25,9505289
2007/11/30,sh.600022,6.30,6.33,6.00,6.08,6757330
2007/12/3,sh.600022,6.03,6.26,5.93,6.14,4281108
2007/12/4,sh.600022,6.14,6.38,6.14,6.30,5499362
2007/12/5,sh.600022,6.24,6.93,6.24,6.75,12409772
2007/12/6,sh.600022,6.79,6.79,6.50,6.59,4125753
2007/12/7,sh.600022,6.59,7.17,6.59,6.94,12436394
2007/12/10,sh.600022,6.94,7.23,6.83,7.16,5814871
2007/12/11,sh.600022,7.23,7.24,6.96,7.08,4275810
2007/12/12,sh.600022,7.09,7.20,6.88,7.10,4485462
2007/12/13,sh.600022,7.02,7.20,6.75,6.76,4550179
2007/12/14,sh.600022,6.68,7.02,6.54,6.94,3973116
2007/12/17,sh.600022,6.95,7.00,6.68,6.75,2642887
2007/12/18,sh.600022,6.93,6.93,6.57,6.83,2929538
2007/12/19,sh.600022,6.92,7.16,6.89,7.13,9254448
2007/12/20,sh.600022,7.13,7.20,7.05,7.11,4747146
2007/12/21,sh.600022,7.09,7.32,7.06,7.23,6625982
2007/12/24,sh.600022,7.26,7.54,7.05,7.43,14151204
2007/12/25,sh.600022,7.46,7.75,7.31,7.56,7979904
2007/12/26,sh.600022,7.60,7.62,7.36,7.54,7352554
2007/12/27,sh.600022,7.54,7.65,7.46,7.60,4171633
2007/12/28,sh.600022,7.62,7.79,7.61,7.62,4304344
2008/1/2,sh.600022,7.62,7.69,7.46,7.57,4208753
2008/1/3,sh.600022,7.53,8.25,7.34,8.17,9471423
2008/1/4,sh.600022,8.17,8.20,7.92,8.02,4637260
2008/1/7,sh.600022,7.94,8.14,7.89,8.02,5131431
2008/1/8,sh.600022,8.05,8.32,7.81,7.91,7604648
2008/1/9,sh.600022,7.91,8.36,7.86,8.29,12071899
2008/1/10,sh.600022,8.37,9.00,8.29,8.67,12336980
2008/1/11,sh.600022,8.71,8.82,8.48,8.70,5294188
2008/1/14,sh.600022,8.78,9.19,8.71,9.08,9649637
2008/1/15,sh.600022,9.12,9.23,8.97,9.07,4388752
2008/1/16,sh.600022,9.02,9.38,8.53,9.05,11108220
2008/1/17,sh.600022,8.93,9.04,8.41,8.79,7469938
2008/1/18,sh.600022,8.75,8.75,8.44,8.62,4424689
2008/1/21,sh.600022,8.55,8.55,7.77,7.79,3738182
2008/1/22,sh.600022,7.54,8.00,7.02,7.21,6308292
2008/1/23,sh.600022,7.35,7.71,7.35,7.71,5874745
2008/1/24,sh.600022,7.71,7.79,7.47,7.61,4290404
2008/1/25,sh.600022,7.64,8.05,7.37,7.83,4359289
2008/1/28,sh.600022,7.68,7.68,7.05,7.37,3557363
2008/1/29,sh.600022,7.43,7.50,6.98,7.08,3572216
2008/1/30,sh.600022,7.17,7.31,6.75,6.99,4924592
2008/1/31,sh.600022,6.98,7.39,6.91,7.11,8820246
2008/2/1,sh.600022,7.09,7.20,6.68,7.07,4204129
2008/2/4,sh.600022,7.25,7.77,7.20,7.77,6542121
2008/2/5,sh.600022,7.80,7.97,7.62,7.73,3530310
2008/2/13,sh.600022,7.65,7.73,7.47,7.64,1421519
2008/2/14,sh.600022,7.72,7.84,7.62,7.64,1410872
2008/2/15,sh.600022,7.50,7.54,7.35,7.49,1851872
2008/2/18,sh.600022,7.47,7.68,7.24,7.57,9129303
2008/2/19,sh.600022,7.55,7.85,7.47,7.79,13624263
2008/2/20,sh.600022,7.86,8.05,7.69,7.77,8445540
2008/2/21,sh.600022,7.77,7.99,7.58,7.87,7030002
2008/2/22,sh.600022,7.87,7.90,7.38,7.44,3918962
2008/2/25,sh.600022,7.32,7.45,7.04,7.07,3547294
2008/2/26,sh.600022,7.30,7.42,6.69,6.91,3373277
2008/2/27,sh.600022,6.99,7.13,6.91,7.11,2474196
2008/2/28,sh.600022,7.20,7.22,6.96,7.08,4257998
2008/2/29,sh.600022,7.02,7.10,6.83,7.05,5618224
2008/3/3,sh.600022,7.02,7.35,6.91,7.27,3615567
2008/3/4,sh.600022,7.28,7.32,6.96,6.99,4669427
2008/3/5,sh.600022,6.98,7.05,6.44,6.87,7159813
2008/3/6,sh.600022,6.85,6.99,6.63,6.87,2949290
2008/3/7,sh.600022,6.79,6.79,6.63,6.69,2364964
2008/3/10,sh.600022,6.68,6.76,6.30,6.33,3877867
2008/3/11,sh.600022,6.23,6.41,6.06,6.32,3102136
2008/3/12,sh.600022,6.48,6.55,6.10,6.22,3457607
2008/3/13,sh.600022,6.14,6.22,5.93,6.09,2903128
2008/3/14,sh.600022,6.04,6.11,5.84,5.86,2595305
2008/3/17,sh.600022,5.87,5.87,5.37,5.38,4376180
2008/3/18,sh.600022,5.34,5.47,4.99,5.09,4150158
2008/3/19,sh.600022,5.18,5.36,5.05,5.23,14433702
2008/3/20,sh.600022,5.10,5.57,4.77,5.48,11376035
2008/3/21,sh.600022,5.48,6.02,5.40,5.93,15176924
2008/3/24,sh.600022,5.99,6.03,5.50,5.50,10267123
2008/3/25,sh.600022,5.36,5.81,5.27,5.75,6335065
2008/3/26,sh.600022,5.83,6.08,5.80,5.88,7749361
2008/3/27,sh.600022,5.91,6.06,5.52,5.75,12820093
2008/3/28,sh.600022,5.63,5.90,5.33,5.84,9426045
2008/3/31,sh.600022,5.59,5.67,5.40,5.43,5413039
2008/4/1,sh.600022,5.41,5.46,4.89,4.90,7889170
2008/4/2,sh.600022,4.95,5.07,4.71,4.81,6283632
2008/4/3,sh.600022,4.79,5.06,4.75,5.02,8442567
2008/4/7,sh.600022,5.02,5.02,5.02,5.02,INVALID
2008/4/8,sh.600022,5.33,5.44,5.22,5.33,13189107
2008/4/9,sh.600022,5.33,5.51,5.07,5.11,10913749
2008/4/10,sh.600022,4.99,5.18,4.88,5.17,7383735
2008/4/11,sh.600022,5.23,5.33,5.11,5.21,6067580
2008/4/14,sh.600022,5.03,5.08,4.74,4.79,8847092
2008/4/15,sh.600022,4.70,4.93,4.58,4.91,6283245
2008/4/16,sh.600022,4.83,4.84,4.62,4.64,4542160
2008/4/17,sh.600022,4.69,4.77,4.43,4.49,5030606
2008/4/18,sh.600022,4.49,4.49,4.49,4.49,INVALID
2008/4/21,sh.600022,4.77,4.83,4.39,4.52,11541382
2008/4/22,sh.600022,4.42,4.87,4.29,4.81,8706509
2008/4/23,sh.600022,4.80,5.16,4.66,5.14,12429191
2008/4/24,sh.600022,5.53,5.65,5.38,5.65,22596088
2008/4/25,sh.600022,5.56,5.89,5.41,5.57,20735058
2008/4/28,sh.600022,5.49,5.64,5.42,5.43,7811002
2008/4/29,sh.600022,5.40,5.53,5.40,5.47,7585502
2008/4/30,sh.600022,5.51,5.75,5.47,5.69,17111500
2008/5/5,sh.600022,5.78,5.83,5.64,5.79,13452539
2008/5/6,sh.600022,5.75,5.79,5.60,5.66,10414229
2008/5/7,sh.600022,5.61,5.89,5.26,5.26,17034318
2008/5/8,sh.600022,5.22,5.79,5.07,5.79,22089758
2008/5/9,sh.600022,5.91,6.18,5.76,6.04,29282175
2008/5/12,sh.600022,5.89,6.27,5.86,6.09,18605025
2008/5/13,sh.600022,5.95,6.63,5.89,6.27,18759968
2008/5/14,sh.600022,6.28,6.43,6.01,6.27,13541241
2008/5/15,sh.600022,6.35,6.63,6.30,6.36,13840555
2008/5/16,sh.600022,6.37,6.46,6.04,6.17,9010046
2008/5/19,sh.600022,6.24,6.24,6.02,6.09,7109097
2008/5/20,sh.600022,6.10,6.21,5.85,5.91,10571233
2008/5/21,sh.600022,5.84,6.00,5.57,5.95,9264911
2008/5/22,sh.600022,5.89,6.07,5.72,5.82,10749929
2008/5/23,sh.600022,5.73,6.08,5.64,5.70,6067333
2008/5/26,sh.600022,5.62,5.70,5.36,5.50,6700290
2008/5/27,sh.600022,5.51,5.87,5.38,5.84,9283108
2008/5/28,sh.600022,5.84,6.09,5.69,5.96,6619012
2008/5/29,sh.600022,5.91,5.96,5.69,5.89,4029177
2008/5/30,sh.600022,5.77,5.96,5.73,5.85,2969634
2008/6/2,sh.600022,5.83,5.91,5.72,5.85,2335882
2008/6/3,sh.600022,5.78,5.99,5.78,5.86,3408378
2008/6/4,sh.600022,5.81,5.86,5.58,5.59,4013239
2008/6/5,sh.600022,5.57,5.57,5.42,5.44,2565430
2008/6/6,sh.600022,5.49,5.61,5.42,5.55,2566703
2008/6/10,sh.600022,5.29,5.31,4.99,5.04,5163702
2008/6/11,sh.600022,4.96,5.04,4.73,5.03,5344696
2008/6/12,sh.600022,4.91,5.01,4.76,4.87,3346997
2008/6/13,sh.600022,5.03,5.23,4.97,4.99,14021090
2008/6/16,sh.600022,4.96,5.21,4.96,5.10,6730701
2008/6/17,sh.600022,5.14,5.16,4.79,4.92,4217517
2008/6/18,sh.600022,4.89,5.42,4.72,5.38,12699475
2008/6/19,sh.600022,5.25,5.29,4.85,4.85,7735695
2008/6/20,sh.600022,4.83,5.18,4.56,4.83,10158428
2008/6/23,sh.600022,4.73,4.83,4.66,4.71,6791248
2008/6/24,sh.600022,4.64,4.74,4.35,4.51,7520144
2008/6/25,sh.600022,4.45,4.73,4.40,4.72,10566424
2008/6/26,sh.600022,4.65,4.72,4.51,4.65,6725320
2008/6/27,sh.600022,4.47,4.49,4.22,4.26,8074693
2008/6/30,sh.600022,4.21,4.29,3.96,4.03,5891623
2008/7/1,sh.600022,4.05,4.06,3.78,3.84,5359839
2008/7/2,sh.600022,3.84,3.90,3.75,3.83,5469161
2008/7/3,sh.600022,3.79,4.07,3.72,4.02,10810194
2008/7/4,sh.600022,3.97,4.10,3.90,3.96,5493062
2008/7/7,sh.600022,3.96,4.33,3.96,4.26,8374543
2008/7/8,sh.600022,4.25,4.33,4.12,4.29,8705886
2008/7/9,sh.600022,4.30,4.49,4.28,4.48,20838484
2008/7/10,sh.600022,4.38,4.49,4.33,4.34,7881159
2008/7/11,sh.600022,4.30,4.31,4.12,4.23,6246000
2008/7/14,sh.600022,4.16,4.34,4.13,4.32,5283906
2008/7/15,sh.600022,4.36,4.41,4.12,4.14,5469666
2008/7/16,sh.600022,4.12,4.12,3.83,4.04,8097060
2008/7/17,sh.600022,4.06,4.10,3.95,4.09,5294368
2008/7/18,sh.600022,4.09,4.20,3.95,4.16,3372791
2008/7/21,sh.600022,4.10,4.40,4.06,4.35,6249805
2008/7/22,sh.600022,4.32,4.47,4.28,4.42,5616403
2008/7/23,sh.600022,4.42,4.48,4.33,4.40,3357861
2008/7/24,sh.600022,4.38,4.49,4.37,4.47,6380301
2008/7/25,sh.600022,4.39,4.41,4.32,4.33,3369215
2008/7/28,sh.600022,4.32,4.54,4.32,4.43,5936791
2008/7/29,sh.600022,4.37,4.41,4.27,4.29,4735198
2008/7/30,sh.600022,4.34,4.40,4.15,4.18,6893767
2008/7/31,sh.600022,4.20,4.30,4.13,4.14,5969117
2008/8/1,sh.600022,4.14,4.20,3.92,4.01,10542622
2008/8/4,sh.600022,3.93,3.96,3.75,3.79,7850337
2008/8/5,sh.600022,3.80,3.83,3.54,3.58,4808113
2008/8/6,sh.600022,3.60,3.63,3.44,3.54,5318489
2008/8/7,sh.600022,3.54,3.67,3.48,3.65,4465943
2008/8/8,sh.600022,3.61,3.63,3.39,3.39,3697571
2008/8/11,sh.600022,3.35,3.50,3.15,3.40,4796037
2008/8/12,sh.600022,3.30,3.52,3.27,3.47,3614811
2008/8/13,sh.600022,3.52,3.52,3.30,3.45,3683150
2008/8/14,sh.600022,3.39,3.45,3.34,3.38,1728556
2008/8/15,sh.600022,3.39,3.53,3.37,3.43,3513995
2008/8/18,sh.600022,3.48,3.48,3.16,3.17,2736839
2008/8/19,sh.600022,3.11,3.23,3.09,3.19,1682160
2008/8/20,sh.600022,3.14,3.48,3.06,3.47,11441576
2008/8/21,sh.600022,3.34,3.40,3.16,3.27,8748867
2008/8/22,sh.600022,3.21,3.27,3.12,3.17,4829176
2008/8/25,sh.600022,3.18,3.20,3.02,3.04,6763721
2008/8/26,sh.600022,2.99,3.00,2.80,2.83,8962670
2008/8/27,sh.600022,2.79,2.89,2.73,2.81,4967058
2008/8/28,sh.600022,2.83,2.92,2.81,2.90,8888928
2008/8/29,sh.600022,2.88,3.02,2.86,2.98,13913043
2008/9/1,sh.600022,2.90,2.93,2.78,2.78,10888246
2008/9/2,sh.600022,2.77,2.79,2.68,2.77,10155075
2008/9/3,sh.600022,2.76,2.78,2.69,2.75,5145863
2008/9/4,sh.600022,2.74,2.84,2.74,2.80,6234026
2008/9/5,sh.600022,2.71,2.77,2.68,2.71,6038801
2008/9/8,sh.600022,2.70,2.72,2.58,2.59,5254766
2008/9/9,sh.600022,2.61,2.71,2.59,2.67,8755790
2008/9/10,sh.600022,2.62,2.76,2.61,2.67,6653292
2008/9/11,sh.600022,2.67,2.73,2.58,2.61,6316900
2008/9/12,sh.600022,2.63,2.71,2.61,2.68,5235951
2008/9/16,sh.600022,2.69,2.70,2.63,2.64,7018406
2008/9/17,sh.600022,2.66,2.68,2.51,2.53,7857084
2008/9/18,sh.600022,2.45,2.66,2.31,2.55,15577024
2008/9/19,sh.600022,2.80,2.81,2.72,2.81,17580698
2008/9/22,sh.600022,2.94,3.06,2.69,2.86,46451747
2008/9/23,sh.600022,2.71,2.85,2.65,2.72,20320382
2008/9/24,sh.600022,2.66,2.73,2.63,2.72,6999468
2008/9/25,sh.600022,2.72,2.90,2.70,2.84,16374314
2008/9/26,sh.600022,2.85,2.85,2.74,2.82,10119586
2008/10/6,sh.600022,2.74,2.75,2.54,2.54,8686077
2008/10/7,sh.600022,2.43,2.54,2.39,2.49,6212920
2008/10/8,sh.600022,2.43,2.48,2.39,2.44,5246778
2008/10/9,sh.600022,2.47,2.49,2.31,2.38,5885911
2008/10/10,sh.600022,2.28,2.28,2.19,2.20,8201646
2008/10/13,sh.600022,2.16,2.23,2.03,2.21,9290677
2008/10/14,sh.600022,2.28,2.30,2.08,2.09,15719662
2008/10/15,sh.600022,2.04,2.10,1.97,2.06,8962579
2008/10/16,sh.600022,1.97,2.01,1.93,1.94,8178753
2008/10/17,sh.600022,1.97,1.99,1.93,1.99,5742785
2008/10/20,sh.600022,1.97,2.05,1.94,2.05,6998419
2008/10/21,sh.600022,2.05,2.10,2.02,2.03,8729515
2008/10/22,sh.600022,2.02,2.04,1.99,2.00,9224868
2008/10/23,sh.600022,1.97,2.01,1.95,1.99,7645339
2008/10/24,sh.600022,1.99,1.99,1.99,1.99,INVALID
2008/10/27,sh.600022,1.99,1.99,1.99,1.99,INVALID
2008/10/28,sh.600022,1.99,1.99,1.99,1.99,INVALID
2008/10/29,sh.600022,1.99,1.99,1.99,1.99,INVALID
2008/10/30,sh.600022,1.84,1.95,1.81,1.88,13214540
2008/10/31,sh.600022,1.85,1.86,1.79,1.79,6284472
2008/11/3,sh.600022,1.79,1.80,1.73,1.73,5548126
2008/11/4,sh.600022,1.72,1.72,1.67,1.68,4116280
2008/11/5,sh.600022,1.68,1.79,1.68,1.76,8503840
2008/11/6,sh.600022,1.71,1.92,1.68,1.80,11132478
2008/11/7,sh.600022,1.76,1.84,1.74,1.81,5933166
2008/11/10,sh.600022,1.86,1.99,1.85,1.99,21050728
2008/11/11,sh.600022,2.00,2.19,1.98,2.06,34256403
2008/11/12,sh.600022,2.04,2.07,1.97,2.04,13032412
2008/11/13,sh.600022,2.02,2.17,1.98,2.13,27724720
2008/11/14,sh.600022,2.16,2.18,2.08,2.17,23519868
2008/11/17,sh.600022,2.14,2.21,2.07,2.21,25336410
2008/11/18,sh.600022,2.17,2.19,1.99,1.99,20474485
2008/11/19,sh.600022,1.94,2.11,1.92,2.10,17745816
2008/11/20,sh.600022,2.03,2.09,2.00,2.03,14714188
2008/11/21,sh.600022,1.96,2.07,1.90,2.03,15240906
2008/11/24,sh.600022,2.01,2.04,1.90,1.93,11607637
2008/11/25,sh.600022,1.97,1.98,1.90,1.93,5703820
2008/11/26,sh.600022,1.93,2.04,1.90,2.01,13320896
2008/11/27,sh.600022,2.16,2.16,2.02,2.02,20652118
2008/11/28,sh.600022,1.99,2.04,1.95,1.96,9173716
2008/12/1,sh.600022,1.96,1.97,1.88,1.96,7758059
2008/12/2,sh.600022,1.92,1.97,1.90,1.95,6848392
2008/12/3,sh.600022,1.95,2.06,1.95,2.06,18806750
2008/12/4,sh.600022,2.10,2.27,2.06,2.16,73298137
2008/12/5,sh.600022,2.13,2.17,2.09,2.15,42177226
2008/12/8,sh.600022,2.17,2.26,2.16,2.24,66193787
2008/12/9,sh.600022,2.26,2.34,2.21,2.21,56102627
2008/12/10,sh.600022,2.20,2.22,2.09,2.21,38476575
2008/12/11,sh.600022,2.20,2.22,2.10,2.11,32657553
2008/12/12,sh.600022,2.10,2.11,1.94,1.97,30247231
2008/12/15,sh.600022,2.02,2.04,1.97,2.01,17544047
2008/12/16,sh.600022,1.99,2.03,1.95,2.03,14922613
2008/12/17,sh.600022,2.04,2.09,2.02,2.04,25373154
2008/12/18,sh.600022,2.06,2.07,2.00,2.06,18917106
2008/12/19,sh.600022,2.06,2.11,2.05,2.06,23570507
2008/12/22,sh.600022,2.06,2.07,1.97,2.00,18362266
2008/12/23,sh.600022,2.01,2.01,1.88,1.89,19312264
2008/12/24,sh.600022,1.86,1.88,1.81,1.84,10822649
2008/12/25,sh.600022,1.84,1.87,1.82,1.85,8407230
2008/12/26,sh.600022,1.87,1.87,1.83,1.85,5532253
2008/12/29,sh.600022,1.85,1.85,1.77,1.82,6590828
2008/12/30,sh.600022,1.82,1.84,1.77,1.78,7945341
2008/12/31,sh.600022,1.77,1.79,1.72,1.74,11522963
2009/1/5,sh.600022,1.77,1.86,1.77,1.85,13842120
2009/1/6,sh.600022,1.84,1.94,1.82,1.92,23083241
2009/1/7,sh.600022,1.90,1.95,1.89,1.90,15530814
2009/1/8,sh.600022,1.86,1.86,1.82,1.83,12158333
2009/1/9,sh.600022,1.82,1.90,1.82,1.88,12867376
2009/1/12,sh.600022,1.87,1.93,1.86,1.90,10744017
2009/1/13,sh.600022,1.90,1.94,1.87,1.89,15701080
2009/1/14,sh.600022,1.89,1.98,1.88,1.98,22133030
2009/1/15,sh.600022,1.95,2.00,1.93,1.97,19851198
2009/1/16,sh.600022,1.97,2.03,1.97,2.00,20319151
2009/1/19,sh.600022,2.01,2.19,2.01,2.11,47725252
2009/1/20,sh.600022,2.08,2.16,2.08,2.13,31223764
2009/1/21,sh.600022,2.08,2.15,2.06,2.14,28842590
2009/1/22,sh.600022,2.16,2.17,2.12,2.14,20749195
2009/1/23,sh.600022,2.12,2.34,2.09,2.29,45284324
2009/2/2,sh.600022,2.30,2.32,2.22,2.28,19758640
2009/2/3,sh.600022,2.26,2.42,2.24,2.41,46358755
2009/2/4,sh.600022,2.41,2.65,2.39,2.61,39358575
2009/2/5,sh.600022,2.61,2.75,2.51,2.63,43703761
2009/2/6,sh.600022,2.61,2.71,2.56,2.69,33022197
2009/2/9,sh.600022,2.72,2.81,2.69,2.73,33353222
2009/2/10,sh.600022,2.72,2.75,2.62,2.70,27636567
2009/2/11,sh.600022,2.65,2.94,2.62,2.81,33053505
2009/2/12,sh.600022,2.81,2.84,2.53,2.70,38460218
2009/2/13,sh.600022,2.66,2.76,2.65,2.75,28437436
2009/2/16,sh.600022,2.78,3.02,2.76,3.02,50643615
2009/2/17,sh.600022,3.02,3.02,2.79,2.81,41816662
2009/2/18,sh.600022,2.72,2.76,2.57,2.57,25092403
2009/2/19,sh.600022,2.63,2.74,2.63,2.66,21622807
2009/2/20,sh.600022,2.75,2.75,2.65,2.74,15566278
2009/2/23,sh.600022,2.70,2.78,2.63,2.76,20940319
2009/2/24,sh.600022,2.74,2.82,2.63,2.64,25119134
2009/2/25,sh.600022,2.65,2.70,2.53,2.61,15412749
2009/2/26,sh.600022,2.63,2.73,2.47,2.55,28298808
2009/2/27,sh.600022,2.55,2.59,2.39,2.52,15930809
2009/3/2,sh.600022,2.48,2.61,2.44,2.57,9875659
2009/3/3,sh.600022,2.51,2.83,2.48,2.83,52408329
2009/3/4,sh.600022,2.88,3.08,2.81,2.97,82160656
2009/3/5,sh.600022,3.02,3.25,2.95,3.22,102513252
2009/3/6,sh.600022,3.13,3.19,2.90,2.97,95915497
2009/3/9,sh.600022,2.97,2.97,2.97,2.97,INVALID
2009/3/10,sh.600022,2.82,2.82,2.67,2.81,77205734
2009/3/11,sh.600022,2.82,2.92,2.73,2.75,71273113
2009/3/12,sh.600022,2.74,2.74,2.59,2.69,38045769
2009/3/13,sh.600022,2.71,2.73,2.65,2.67,27181198
2009/3/16,sh.600022,2.67,2.74,2.65,2.72,23962492
2009/3/17,sh.600022,2.72,2.82,2.71,2.80,34765448
2009/3/18,sh.600022,2.81,2.92,2.79,2.83,44980071
2009/3/19,sh.600022,2.81,2.86,2.77,2.85,37534495
2009/3/20,sh.600022,2.85,2.96,2.82,2.91,52355253
2009/3/23,sh.600022,2.95,3.04,2.92,2.94,53680958
2009/3/24,sh.600022,3.00,3.01,2.89,2.97,39510654
2009/3/25,sh.600022,2.94,2.95,2.83,2.84,30407585
2009/3/26,sh.600022,2.86,2.92,2.83,2.91,24992475
2009/3/27,sh.600022,2.91,2.91,2.91,2.91,INVALID
2009/3/30,sh.600022,3.00,3.00,2.85,2.87,34063256
2009/3/31,sh.600022,2.81,2.86,2.75,2.85,24651017
2009/4/1,sh.600022,2.85,2.94,2.84,2.90,27997376
2009/4/2,sh.600022,2.95,3.04,2.93,3.02,62081174
2009/4/3,sh.600022,3.04,3.04,2.91,2.95,42008525
2009/4/7,sh.600022,2.95,3.00,2.93,2.98,23287564
2009/4/8,sh.600022,2.98,2.98,2.83,2.83,28746826
2009/4/9,sh.600022,2.82,2.88,2.79,2.87,17878802
2009/4/10,sh.600022,2.88,2.96,2.86,2.95,24836930
2009/4/13,sh.600022,2.96,3.17,2.92,3.13,69447359
2009/4/14,sh.600022,3.07,3.17,3.07,3.14,50696801
2009/4/15,sh.600022,3.13,3.35,3.13,3.34,79944617
2009/4/16,sh.600022,3.34,3.48,3.32,3.37,67025270
2009/4/17,sh.600022,3.41,3.41,3.21,3.25,58809699
2009/4/20,sh.600022,3.25,3.39,3.25,3.35,39949118
2009/4/21,sh.600022,3.33,3.47,3.30,3.46,55413908
2009/4/22,sh.600022,3.49,3.52,3.21,3.21,59489777
2009/4/23,sh.600022,3.19,3.26,3.13,3.23,31515173
2009/4/24,sh.600022,3.23,3.23,3.08,3.10,50894551
2009/4/27,sh.600022,2.99,2.99,2.79,2.79,90778318
2009/4/28,sh.600022,2.70,2.78,2.64,2.72,40060405
2009/4/29,sh.600022,2.73,2.81,2.73,2.81,31481476
2009/4/30,sh.600022,2.82,2.83,2.77,2.79,31649287
2009/5/4,sh.600022,2.81,2.99,2.81,2.98,62411181
2009/5/5,sh.600022,2.99,3.02,2.93,2.97,48449969
2009/5/6,sh.600022,2.97,2.99,2.94,2.97,40836030
2009/5/7,sh.600022,2.99,3.11,2.99,3.02,59136153
2009/5/8,sh.600022,3.03,3.03,2.93,2.99,39466504
2009/5/11,sh.600022,2.99,3.06,2.92,2.92,41526280
2009/5/12,sh.600022,2.89,2.99,2.84,2.99,31768140
2009/5/13,sh.600022,2.99,3.01,2.95,2.97,39874947
2009/5/14,sh.600022,2.95,2.96,2.90,2.94,29805757
2009/5/15,sh.600022,2.94,2.96,2.91,2.94,23327815
2009/5/18,sh.600022,2.94,2.97,2.89,2.96,26465222
2009/5/19,sh.600022,2.97,3.00,2.92,2.97,40596469
2009/5/20,sh.600022,2.97,2.98,2.92,2.92,26315878
2009/5/21,sh.600022,2.91,2.94,2.88,2.89,26358249
2009/5/22,sh.600022,2.88,2.89,2.85,2.87,30130526
2009/5/25,sh.600022,2.83,2.84,2.77,2.82,33561908
2009/5/26,sh.600022,2.84,2.84,2.78,2.79,26470801
2009/5/27,sh.600022,2.81,2.82,2.76,2.81,23129503
2009/6/1,sh.600022,2.82,2.89,2.79,2.88,38623788
2009/6/2,sh.600022,2.89,2.96,2.87,2.88,34365519
2009/6/3,sh.600022,2.89,2.94,2.88,2.93,38774650
2009/6/4,sh.600022,2.93,3.06,2.90,3.02,92941440
2009/6/5,sh.600022,3.02,3.09,2.99,3.00,72029614
2009/6/8,sh.600022,3.00,3.02,2.92,2.95,35056596
2009/6/9,sh.600022,2.95,2.97,2.91,2.96,25832601
2009/6/10,sh.600022,2.97,3.04,2.93,3.01,44875484
2009/6/11,sh.600022,3.01,3.03,2.95,2.96,30571983
2009/6/12,sh.600022,2.95,2.97,2.89,2.91,24412029
2009/6/15,sh.600022,2.91,2.93,2.89,2.93,14220997
2009/6/16,sh.600022,2.92,3.10,2.90,3.01,44193821
2009/6/17,sh.600022,3.01,3.02,2.94,2.99,22693683
2009/6/18,sh.600022,3.00,3.01,2.97,2.99,31367019
2009/6/19,sh.600022,2.99,3.01,2.94,2.98,29115959
2009/6/22,sh.600022,2.99,3.08,2.98,3.02,67772972
2009/6/23,sh.600022,2.99,3.16,2.95,3.09,108413923
2009/6/24,sh.600022,3.09,3.38,3.07,3.36,164987072
2009/6/25,sh.600022,3.38,3.40,3.27,3.34,95368739
2009/6/26,sh.600022,3.34,3.37,3.29,3.29,59490141
2009/6/29,sh.600022,3.30,3.34,3.28,3.34,48375693
2009/6/30,sh.600022,3.35,3.36,3.23,3.24,40356177
2009/7/1,sh.600022,3.22,3.34,3.20,3.32,47360076
2009/7/2,sh.600022,3.31,3.33,3.24,3.28,42537582
2009/7/3,sh.600022,3.26,3.31,3.23,3.26,32846674
2009/7/6,sh.600022,3.28,3.54,3.24,3.48,114946763
2009/7/7,sh.600022,3.49,3.64,3.41,3.52,107386902
2009/7/8,sh.600022,3.48,3.59,3.45,3.53,55194348
2009/7/9,sh.600022,3.54,3.70,3.53,3.64,63391032
2009/7/10,sh.600022,3.65,3.68,3.58,3.61,47029569
2009/7/13,sh.600022,3.58,3.61,3.49,3.53,47862235
2009/7/14,sh.600022,3.53,3.66,3.53,3.65,55173775
2009/7/15,sh.600022,3.66,3.90,3.65,3.85,88949541
2009/7/16,sh.600022,3.85,3.95,3.85,3.87,63028098
2009/7/17,sh.600022,3.87,3.92,3.85,3.90,57110550
2009/7/20,sh.600022,3.90,4.12,3.90,4.04,59219735
2009/7/21,sh.600022,4.05,4.09,3.87,3.88,57866572
2009/7/22,sh.600022,3.87,3.95,3.80,3.90,45350933
2009/7/23,sh.600022,3.90,3.90,3.80,3.85,36276035
2009/7/24,sh.600022,3.83,3.91,3.75,3.84,33327847
2009/7/27,sh.600022,3.84,3.97,3.84,3.95,54412589
2009/7/28,sh.600022,3.99,4.35,3.98,4.35,142163297
2009/7/29,sh.600022,4.48,4.79,4.37,4.76,216145226
2009/7/30,sh.600022,4.76,4.76,4.76,4.76,INVALID
2009/7/31,sh.600022,4.84,4.97,4.35,4.91,130436671
2009/8/3,sh.600022,4.87,5.40,4.80,5.40,123875775
2009/8/4,sh.600022,5.56,5.80,5.40,5.56,130736969
2009/8/5,sh.600022,5.47,5.48,5.23,5.33,78815376
2009/8/6,sh.600022,5.27,5.27,5.01,5.09,76268127
2009/8/7,sh.600022,5.08,5.22,4.81,4.91,87937657
2009/8/10,sh.600022,4.93,5.08,4.84,5.07,75437038
2009/8/11,sh.600022,5.06,5.08,4.75,4.91,64521261
2009/8/12,sh.600022,4.84,4.93,4.61,4.75,71836439
2009/8/13,sh.600022,4.73,4.81,4.62,4.76,51123618
2009/8/14,sh.600022,4.72,4.87,4.59,4.61,68143399
2009/8/17,sh.600022,4.52,4.53,4.15,4.16,81170423
2009/8/18,sh.600022,4.11,4.44,4.07,4.41,94954916
2009/8/19,sh.600022,4.39,4.39,3.97,4.11,68085480
2009/8/20,sh.600022,4.06,4.29,4.02,4.25,52981648
2009/8/21,sh.600022,4.20,4.40,4.14,4.32,59461201
2009/8/24,sh.600022,4.34,4.38,4.23,4.32,61945943
2009/8/25,sh.600022,4.32,4.32,3.91,4.12,59166971
2009/8/26,sh.600022,4.05,4.24,3.98,4.16,45054744
2009/8/27,sh.600022,4.05,4.22,3.98,4.08,44782029
2009/8/28,sh.600022,4.07,4.07,3.74,3.81,58678420
2009/8/31,sh.600022,3.75,3.75,3.45,3.46,46053855
2009/9/1,sh.600022,3.39,3.53,3.38,3.41,37557654
2009/9/2,sh.600022,3.39,3.50,3.33,3.44,28736984
2009/9/3,sh.600022,3.45,3.78,3.41,3.78,68940671
2009/9/4,sh.600022,3.77,3.80,3.65,3.72,61017283
2009/9/7,sh.600022,3.76,3.97,3.69,3.77,62883828
2009/9/8,sh.600022,3.70,3.85,3.58,3.83,61293220
2009/9/9,sh.600022,3.83,3.97,3.72,3.95,77529593
2009/9/10,sh.600022,3.93,3.93,3.81,3.83,54572378
2009/9/11,sh.600022,3.78,3.90,3.75,3.86,38548336
2009/9/14,sh.600022,3.85,3.93,3.83,3.91,48009910
2009/9/15,sh.600022,3.91,4.10,3.88,4.02,68883132
2009/9/16,sh.600022,3.97,3.97,3.80,3.90,56976147
2009/9/17,sh.600022,3.88,3.98,3.88,3.95,45034562
2009/9/18,sh.600022,3.93,3.93,3.72,3.77,61402331
2009/9/21,sh.600022,3.70,3.71,3.59,3.69,32597756
2009/9/22,sh.600022,3.72,3.72,3.57,3.59,29611267
2009/9/23,sh.600022,3.59,3.63,3.45,3.50,29807659
2009/9/24,sh.600022,3.48,3.52,3.34,3.47,29477565
2009/9/25,sh.600022,3.43,3.46,3.35,3.42,22698524
2009/9/28,sh.600022,3.44,3.48,3.34,3.36,18856472
2009/9/29,sh.600022,3.36,3.38,3.16,3.26,22866323
2009/9/30,sh.600022,3.27,3.34,3.26,3.27,21983664
2009/10/9,sh.600022,3.33,3.47,3.33,3.47,24682933
2009/10/12,sh.600022,3.48,3.49,3.36,3.42,21446767
2009/10/13,sh.600022,3.40,3.54,3.37,3.53,30737194
2009/10/14,sh.600022,3.54,3.63,3.49,3.55,36141906
2009/10/15,sh.600022,3.57,3.69,3.57,3.61,34453800
2009/10/16,sh.600022,3.61,3.62,3.46,3.57,34930723
2009/10/19,sh.600022,3.56,3.68,3.43,3.65,41414558
2009/10/20,sh.600022,3.66,3.69,3.63,3.67,34371389
2009/10/21,sh.600022,3.67,3.78,3.62,3.73,50321862
2009/10/22,sh.600022,3.70,3.73,3.64,3.65,28202828
2009/10/23,sh.600022,3.65,3.73,3.65,3.68,33607689
2009/10/26,sh.600022,3.67,3.74,3.66,3.70,26138704
2009/10/27,sh.600022,3.68,3.68,3.51,3.51,38967724
2009/10/28,sh.600022,3.51,3.55,3.42,3.51,30244963
2009/10/29,sh.600022,3.48,3.48,3.34,3.38,29575021
2009/10/30,sh.600022,3.41,3.48,3.41,3.42,20668639
2009/11/2,sh.600022,3.35,3.48,3.31,3.48,28797817
2009/11/3,sh.600022,3.48,3.55,3.46,3.53,26209806
2009/11/4,sh.600022,3.53,3.63,3.48,3.61,35244089
2009/11/5,sh.600022,3.59,3.63,3.53,3.61,32279806
2009/11/6,sh.600022,3.62,3.76,3.61,3.75,87155961
2009/11/9,sh.600022,3.75,3.75,3.75,3.75,INVALID
2009/11/10,sh.600022,3.75,3.75,3.75,3.75,INVALID
2009/11/11,sh.600022,3.75,3.75,3.75,3.75,INVALID
2009/11/12,sh.600022,3.75,3.75,3.75,3.75,INVALID
2009/11/13,sh.600022,3.75,3.75,3.75,3.75,INVALID
2009/11/16,sh.600022,3.75,3.75,3.75,3.75,INVALID
2009/11/17,sh.600022,3.75,3.75,3.75,3.75,INVALID
2009/11/18,sh.600022,3.75,3.75,3.75,3.75,INVALID
2009/11/19,sh.600022,3.75,3.75,3.75,3.75,INVALID
2009/11/20,sh.600022,3.75,3.75,3.75,3.75,INVALID
2009/11/23,sh.600022,3.75,3.75,3.75,3.75,INVALID
2009/11/24,sh.600022,3.75,3.75,3.75,3.75,INVALID
2009/11/25,sh.600022,3.75,3.75,3.75,3.75,INVALID
2009/11/26,sh.600022,3.75,3.75,3.75,3.75,INVALID
2009/11/27,sh.600022,3.75,3.75,3.75,3.75,INVALID
2009/11/30,sh.600022,3.75,3.75,3.75,3.75,INVALID
2009/12/1,sh.600022,3.75,3.75,3.75,3.75,INVALID
2009/12/2,sh.600022,3.75,3.75,3.75,3.75,INVALID
2009/12/3,sh.600022,3.75,3.75,3.75,3.75,INVALID
2009/12/4,sh.600022,3.75,3.75,3.75,3.75,INVALID
2009/12/7,sh.600022,3.75,3.75,3.75,3.75,INVALID
2009/12/8,sh.600022,3.75,3.75,3.75,3.75,INVALID
2009/12/9,sh.600022,3.75,3.75,3.75,3.75,INVALID
2009/12/10,sh.600022,3.75,3.75,3.75,3.75,INVALID
2009/12/11,sh.600022,3.75,3.75,3.75,3.75,INVALID
2009/12/14,sh.600022,3.75,3.75,3.75,3.75,INVALID
2009/12/15,sh.600022,3.75,3.75,3.75,3.75,INVALID
2009/12/16,sh.600022,3.75,3.75,3.75,3.75,INVALID
2009/12/17,sh.600022,3.75,3.75,3.75,3.75,INVALID
2009/12/18,sh.600022,3.75,3.75,3.75,3.75,INVALID
2009/12/21,sh.600022,3.75,3.75,3.75,3.75,INVALID
2009/12/22,sh.600022,3.75,3.75,3.75,3.75,INVALID
2009/12/23,sh.600022,3.75,3.75,3.75,3.75,INVALID
2009/12/24,sh.600022,3.75,3.75,3.75,3.75,INVALID
2009/12/25,sh.600022,3.75,3.75,3.75,3.75,INVALID
2009/12/28,sh.600022,3.75,3.75,3.75,3.75,INVALID
2009/12/29,sh.600022,3.75,3.75,3.75,3.75,INVALID
2009/12/30,sh.600022,3.75,3.75,3.75,3.75,INVALID
2009/12/31,sh.600022,3.75,3.75,3.75,3.75,INVALID
2010/1/4,sh.600022,3.75,3.75,3.75,3.75,INVALID
2010/1/5,sh.600022,3.75,3.75,3.75,3.75,INVALID
2010/1/6,sh.600022,3.75,3.75,3.75,3.75,INVALID
2010/1/7,sh.600022,3.75,3.75,3.75,3.75,INVALID
2010/1/8,sh.600022,3.75,3.75,3.75,3.75,INVALID
2010/1/11,sh.600022,3.75,3.75,3.75,3.75,INVALID
2010/1/12,sh.600022,3.75,3.75,3.75,3.75,INVALID
2010/1/13,sh.600022,3.75,3.75,3.75,3.75,INVALID
2010/1/14,sh.600022,3.75,3.75,3.75,3.75,INVALID
2010/1/15,sh.600022,3.75,3.75,3.75,3.75,INVALID
2010/1/18,sh.600022,3.75,3.75,3.75,3.75,INVALID
2010/1/19,sh.600022,3.75,3.75,3.75,3.75,INVALID
2010/1/20,sh.600022,3.75,3.75,3.75,3.75,INVALID
2010/1/21,sh.600022,3.75,3.75,3.75,3.75,INVALID
2010/1/22,sh.600022,3.75,3.75,3.75,3.75,INVALID
2010/1/25,sh.600022,3.75,3.75,3.75,3.75,INVALID
2010/1/26,sh.600022,3.75,3.75,3.75,3.75,INVALID
2010/1/27,sh.600022,3.75,3.75,3.75,3.75,INVALID
2010/1/28,sh.600022,3.75,3.75,3.75,3.75,INVALID
2010/1/29,sh.600022,3.75,3.75,3.75,3.75,INVALID
2010/2/1,sh.600022,3.75,3.75,3.75,3.75,INVALID
2010/2/2,sh.600022,3.75,3.75,3.75,3.75,INVALID
2010/2/3,sh.600022,3.75,3.75,3.75,3.75,INVALID
2010/2/4,sh.600022,3.75,3.75,3.75,3.75,INVALID
2010/2/5,sh.600022,3.75,3.75,3.75,3.75,INVALID
2010/2/8,sh.600022,3.75,3.75,3.75,3.75,INVALID
2010/2/9,sh.600022,3.75,3.75,3.75,3.75,INVALID
2010/2/10,sh.600022,3.75,3.75,3.75,3.75,INVALID
2010/2/11,sh.600022,3.75,3.75,3.75,3.75,INVALID
2010/2/12,sh.600022,3.75,3.75,3.75,3.75,INVALID
2010/2/22,sh.600022,3.75,3.75,3.75,3.75,INVALID
2010/2/23,sh.600022,3.75,3.75,3.75,3.75,INVALID
2010/2/24,sh.600022,3.56,4.12,3.37,4.06,167257241
2010/2/25,sh.600022,3.91,4.25,3.79,4.05,115621798
2010/2/26,sh.600022,4.01,4.04,3.91,3.93,57151440
2010/3/1,sh.600022,3.93,3.97,3.84,3.88,51498232
2010/3/2,sh.600022,3.88,3.90,3.76,3.82,50591901
2010/3/3,sh.600022,3.79,3.87,3.75,3.82,37522902
2010/3/4,sh.600022,3.83,3.83,3.63,3.67,43119989
2010/3/5,sh.600022,3.64,3.73,3.63,3.70,24529870
2010/3/8,sh.600022,3.70,3.80,3.66,3.76,31867489
2010/3/9,sh.600022,3.76,3.76,3.68,3.71,22674826
2010/3/10,sh.600022,3.70,3.78,3.68,3.72,22234321
2010/3/11,sh.600022,3.70,3.76,3.68,3.73,23007705
2010/3/12,sh.600022,3.73,3.78,3.70,3.73,27027151
2010/3/15,sh.600022,3.70,3.70,3.56,3.58,25073381
2010/3/16,sh.600022,3.58,3.60,3.51,3.56,17841145
2010/3/17,sh.600022,3.56,3.61,3.54,3.61,17053091
2010/3/18,sh.600022,3.63,3.63,3.56,3.58,16744385
2010/3/19,sh.600022,3.58,3.61,3.53,3.61,20423808
2010/3/22,sh.600022,3.61,3.61,3.57,3.58,16165170
2010/3/23,sh.600022,3.58,3.63,3.55,3.58,16835746
2010/3/24,sh.600022,3.58,3.58,3.54,3.55,16175608
2010/3/25,sh.600022,3.56,3.56,3.48,3.51,16791664
2010/3/26,sh.600022,3.52,3.54,3.45,3.53,12598654
2010/3/29,sh.600022,3.52,3.59,3.51,3.58,18318103
2010/3/30,sh.600022,3.58,3.58,3.54,3.56,13110661
2010/3/31,sh.600022,3.56,3.56,3.50,3.51,14857396
2010/4/1,sh.600022,3.51,3.54,3.51,3.53,16234102
2010/4/2,sh.600022,3.53,3.56,3.53,3.56,16339369
2010/4/6,sh.600022,3.56,3.57,3.53,3.55,14283064
2010/4/7,sh.600022,3.55,3.58,3.52,3.56,20005551
2010/4/8,sh.600022,3.56,3.56,3.56,3.56,INVALID
2010/4/9,sh.600022,3.53,3.54,3.49,3.53,16890700
2010/4/12,sh.600022,3.52,3.52,3.45,3.46,20473949
2010/4/13,sh.600022,3.46,3.48,3.41,3.45,15289756
2010/4/14,sh.600022,3.46,3.48,3.45,3.46,11984178
2010/4/15,sh.600022,3.47,3.49,3.43,3.45,13389534
2010/4/16,sh.600022,3.45,3.46,3.41,3.41,10735782
2010/4/19,sh.600022,3.38,3.38,3.20,3.21,19267002
2010/4/20,sh.600022,3.21,3.25,3.11,3.24,18779157
2010/4/21,sh.600022,3.24,3.26,3.19,3.26,14730773
2010/4/22,sh.600022,3.24,3.24,3.16,3.22,13453703
2010/4/23,sh.600022,3.20,3.21,3.16,3.16,11723467
2010/4/26,sh.600022,3.18,3.19,3.11,3.14,10785419
2010/4/27,sh.600022,3.13,3.16,3.01,3.06,12922031
2010/4/28,sh.600022,3.04,3.07,2.99,3.04,10248015
2010/4/29,sh.600022,3.04,3.04,3.04,3.04,INVALID
2010/4/30,sh.600022,3.04,3.06,2.99,3.04,12148695
2010/5/4,sh.600022,3.01,3.04,2.99,3.01,9966152
2010/5/5,sh.600022,2.99,3.00,2.89,2.97,13824902
2010/5/6,sh.600022,2.97,2.97,2.81,2.82,15749693
2010/5/7,sh.600022,2.77,2.82,2.72,2.77,13438279
2010/5/10,sh.600022,2.77,2.81,2.69,2.75,19365259
2010/5/11,sh.600022,2.79,2.88,2.74,2.76,32544894
2010/5/12,sh.600022,2.74,2.79,2.67,2.79,14660716
2010/5/13,sh.600022,2.79,2.81,2.74,2.80,12564688
2010/5/14,sh.600022,2.78,2.79,2.75,2.77,8893562
2010/5/17,sh.600022,2.75,2.76,2.62,2.62,13616728
2010/5/18,sh.600022,2.61,2.69,2.55,2.67,13474569
2010/5/19,sh.600022,2.65,2.67,2.62,2.63,9148827
2010/5/20,sh.600022,2.62,2.69,2.60,2.63,9010379
2010/5/21,sh.600022,2.59,2.68,2.54,2.67,11415818
2010/5/24,sh.600022,2.70,2.80,2.69,2.79,19063013
2010/5/25,sh.600022,2.77,2.78,2.72,2.72,10194748
2010/5/26,sh.600022,2.70,2.75,2.70,2.72,6487102
2010/5/27,sh.600022,2.72,2.76,2.67,2.74,8207556
2010/5/28,sh.600022,2.76,2.77,2.70,2.72,9415537
2010/5/31,sh.600022,2.71,2.72,2.63,2.63,7801336
2010/6/1,sh.600022,2.61,2.63,2.56,2.60,8065435
2010/6/2,sh.600022,2.59,2.62,2.57,2.61,5873335
2010/6/3,sh.600022,2.63,2.69,2.60,2.64,11401249
2010/6/4,sh.600022,2.62,2.63,2.60,2.62,4706315
2010/6/7,sh.600022,2.60,2.60,2.56,2.57,6751671
2010/6/8,sh.600022,2.57,2.62,2.56,2.62,6076002
2010/6/9,sh.600022,2.59,2.67,2.58,2.65,10758376
2010/6/10,sh.600022,2.64,2.64,2.60,2.61,7377757
2010/6/11,sh.600022,2.62,2.87,2.60,2.79,32484291
2010/6/17,sh.600022,2.79,2.79,2.72,2.72,15886808
2010/6/18,sh.600022,2.72,2.81,2.69,2.71,13877445
2010/6/21,sh.600022,2.71,2.80,2.68,2.77,13319008
2010/6/22,sh.600022,2.77,2.82,2.74,2.78,10978058
2010/6/23,sh.600022,2.74,2.75,2.70,2.72,8773099
2010/6/24,sh.600022,2.72,2.81,2.72,2.76,11769232
2010/6/25,sh.600022,2.73,2.73,2.70,2.72,7822823
2010/6/28,sh.600022,2.72,2.79,2.69,2.76,14781156
2010/6/29,sh.600022,2.76,2.77,2.57,2.58,13348395
2010/6/30,sh.600022,2.58,2.60,2.52,2.56,7591193
2010/7/1,sh.600022,2.56,2.58,2.45,2.50,9373903
2010/7/2,sh.600022,2.50,2.52,2.41,2.51,12453409
2010/7/5,sh.600022,2.49,2.75,2.45,2.65,20030943
2010/7/6,sh.600022,2.62,2.66,2.60,2.65,10341840
2010/7/7,sh.600022,2.64,2.65,2.61,2.65,6818235
2010/7/8,sh.600022,2.65,2.67,2.57,2.59,7014746
2010/7/9,sh.600022,2.60,2.69,2.57,2.66,13326561
2010/7/12,sh.600022,2.67,2.69,2.64,2.67,12609744
2010/7/13,sh.600022,2.66,2.66,2.58,2.59,7832081
2010/7/14,sh.600022,2.59,2.64,2.59,2.61,6707600
2010/7/15,sh.600022,2.60,2.62,2.55,2.55,6618887
2010/7/16,sh.600022,2.54,2.60,2.51,2.58,7094299
2010/7/19,sh.600022,2.56,2.65,2.53,2.62,9348355
2010/7/20,sh.600022,2.62,2.67,2.60,2.67,11777226
2010/7/21,sh.600022,2.67,2.74,2.65,2.72,18535374
2010/7/22,sh.600022,2.72,2.75,2.69,2.74,17182492
2010/7/23,sh.600022,2.74,2.75,2.70,2.73,16433165
2010/7/26,sh.600022,2.71,2.72,2.67,2.72,14592446
2010/7/27,sh.600022,2.70,2.72,2.68,2.71,10891802
2010/7/28,sh.600022,2.70,2.77,2.67,2.77,17593949
2010/7/29,sh.600022,2.76,2.87,2.74,2.81,26964498
2010/7/30,sh.600022,2.79,2.79,2.74,2.79,13677529
2010/8/2,sh.600022,2.77,2.82,2.77,2.81,13659412
2010/8/3,sh.600022,2.82,2.83,2.74,2.74,16618931
2010/8/4,sh.600022,2.75,2.77,2.70,2.75,10844032
2010/8/5,sh.600022,2.75,2.75,2.71,2.73,9303760
2010/8/6,sh.600022,2.73,2.76,2.70,2.75,10284711
2010/8/9,sh.600022,2.76,2.79,2.73,2.78,14470476
2010/8/10,sh.600022,2.79,2.86,2.73,2.74,25269234
2010/8/11,sh.600022,2.72,2.77,2.71,2.74,9410667
2010/8/12,sh.600022,2.72,2.74,2.68,2.69,10098498
2010/8/13,sh.600022,2.69,2.73,2.69,2.73,6697324
2010/8/16,sh.600022,2.72,2.78,2.71,2.77,14161275
2010/8/17,sh.600022,2.78,2.80,2.76,2.78,13132289
2010/8/18,sh.600022,2.80,2.80,2.74,2.76,9955606
2010/8/19,sh.600022,2.76,2.81,2.75,2.79,17022372
2010/8/20,sh.600022,2.79,2.79,2.72,2.73,14465828
2010/8/23,sh.600022,2.73,2.76,2.70,2.71,9166828
2010/8/24,sh.600022,2.72,2.95,2.69,2.86,50683670
2010/8/25,sh.600022,2.85,2.85,2.73,2.74,24922387
2010/8/26,sh.600022,2.77,2.77,2.72,2.74,8889685
2010/8/27,sh.600022,2.74,2.74,2.70,2.72,7900340
2010/8/30,sh.600022,2.74,2.77,2.72,2.74,9705643
2010/8/31,sh.600022,2.74,2.80,2.72,2.79,19642210
2010/9/1,sh.600022,2.77,2.89,2.74,2.79,27158071
2010/9/2,sh.600022,2.82,2.85,2.79,2.82,20739117
2010/9/3,sh.600022,2.83,2.84,2.76,2.79,15521023
2010/9/6,sh.600022,2.79,2.90,2.79,2.88,37950724
2010/9/7,sh.600022,2.88,2.99,2.86,2.92,36775329
2010/9/8,sh.600022,2.92,2.92,2.92,2.92,INVALID
2010/9/9,sh.600022,2.92,2.92,2.92,2.92,INVALID
2010/9/10,sh.600022,2.92,2.92,2.92,2.92,INVALID
2010/9/13,sh.600022,2.92,2.92,2.92,2.92,INVALID
2010/9/14,sh.600022,2.92,2.92,2.92,2.92,INVALID
2010/9/15,sh.600022,2.92,2.92,2.92,2.92,INVALID
2010/9/16,sh.600022,2.92,2.92,2.92,2.92,INVALID
2010/9/17,sh.600022,2.92,2.92,2.92,2.92,INVALID
2010/9/20,sh.600022,2.92,2.92,2.92,2.92,INVALID
2010/9/21,sh.600022,2.92,2.92,2.92,2.92,INVALID
2010/9/27,sh.600022,2.92,2.92,2.92,2.92,INVALID
2010/9/28,sh.600022,2.92,2.92,2.92,2.92,INVALID
2010/9/29,sh.600022,2.92,2.92,2.92,2.92,INVALID
2010/9/30,sh.600022,2.92,2.92,2.92,2.92,INVALID
2010/10/8,sh.600022,2.92,2.92,2.92,2.92,INVALID
2010/10/11,sh.600022,2.92,2.92,2.92,2.92,INVALID
2010/10/12,sh.600022,2.92,2.92,2.92,2.92,INVALID
2010/10/13,sh.600022,2.92,2.92,2.92,2.92,INVALID
2010/10/14,sh.600022,2.92,2.92,2.92,2.92,INVALID
2010/10/15,sh.600022,2.92,2.92,2.92,2.92,INVALID
2010/10/18,sh.600022,2.92,2.92,2.92,2.92,INVALID
2010/10/19,sh.600022,2.92,2.92,2.92,2.92,INVALID
2010/10/20,sh.600022,2.92,2.92,2.92,2.92,INVALID
2010/10/21,sh.600022,2.92,2.92,2.92,2.92,INVALID
2010/10/22,sh.600022,2.92,2.92,2.92,2.92,INVALID
2010/10/25,sh.600022,2.92,2.92,2.92,2.92,INVALID
2010/10/26,sh.600022,2.92,2.92,2.92,2.92,INVALID
2010/10/27,sh.600022,2.92,2.92,2.92,2.92,INVALID
2010/10/28,sh.600022,2.92,2.92,2.92,2.92,INVALID
2010/10/29,sh.600022,2.92,2.92,2.92,2.92,INVALID
2010/11/1,sh.600022,2.92,2.92,2.92,2.92,INVALID
2010/11/2,sh.600022,2.92,2.92,2.92,2.92,INVALID
2010/11/3,sh.600022,2.92,2.92,2.92,2.92,INVALID
2010/11/4,sh.600022,2.92,2.92,2.92,2.92,INVALID
2010/11/5,sh.600022,2.92,2.92,2.92,2.92,INVALID
2010/11/8,sh.600022,2.92,2.92,2.92,2.92,INVALID
2010/11/9,sh.600022,2.92,2.92,2.92,2.92,INVALID
2010/11/10,sh.600022,2.92,2.92,2.92,2.92,INVALID
2010/11/11,sh.600022,2.92,2.92,2.92,2.92,INVALID
2010/11/12,sh.600022,2.92,2.92,2.92,2.92,INVALID
2010/11/15,sh.600022,2.92,2.92,2.92,2.92,INVALID
2010/11/16,sh.600022,2.92,2.92,2.92,2.92,INVALID
2010/11/17,sh.600022,2.92,2.92,2.92,2.92,INVALID
2010/11/18,sh.600022,2.92,2.92,2.92,2.92,INVALID
2010/11/19,sh.600022,2.92,2.92,2.92,2.92,INVALID
2010/11/22,sh.600022,2.92,2.92,2.92,2.92,INVALID
2010/11/23,sh.600022,2.92,2.92,2.92,2.92,INVALID
2010/11/24,sh.600022,2.92,2.92,2.92,2.92,INVALID
2010/11/25,sh.600022,2.92,2.92,2.92,2.92,INVALID
2010/11/26,sh.600022,2.92,2.92,2.92,2.92,INVALID
2010/11/29,sh.600022,2.92,2.92,2.92,2.92,INVALID
2010/11/30,sh.600022,2.92,2.92,2.92,2.92,INVALID
2010/12/1,sh.600022,2.92,2.92,2.92,2.92,INVALID
2010/12/2,sh.600022,2.92,2.92,2.92,2.92,INVALID
2010/12/3,sh.600022,2.92,2.92,2.92,2.92,INVALID
2010/12/6,sh.600022,2.92,2.92,2.92,2.92,INVALID
2010/12/7,sh.600022,2.92,2.92,2.92,2.92,INVALID
2010/12/8,sh.600022,2.92,2.92,2.92,2.92,INVALID
2010/12/9,sh.600022,2.92,2.92,2.92,2.92,INVALID
2010/12/10,sh.600022,2.92,2.92,2.92,2.92,INVALID
2010/12/13,sh.600022,2.92,2.92,2.92,2.92,INVALID
2010/12/14,sh.600022,3.21,3.21,2.99,3.01,102976926
2010/12/15,sh.600022,2.99,2.99,2.84,2.87,52697215
2010/12/16,sh.600022,2.84,2.86,2.78,2.82,25861828
2010/12/17,sh.600022,2.81,2.82,2.77,2.82,21475588
2010/12/20,sh.600022,2.82,2.82,2.63,2.70,29010249
2010/12/21,sh.600022,2.69,2.73,2.65,2.72,17397338
2010/12/22,sh.600022,2.72,2.79,2.69,2.75,25626173
2010/12/23,sh.600022,2.75,2.80,2.71,2.78,22698133
2010/12/24,sh.600022,2.78,2.79,2.69,2.72,9062648
2010/12/27,sh.600022,2.72,2.74,2.63,2.63,12522660
2010/12/28,sh.600022,2.64,2.65,2.54,2.55,11847713
2010/12/29,sh.600022,2.55,2.58,2.50,2.55,7956718
2010/12/30,sh.600022,2.55,2.57,2.49,2.52,12693472
2010/12/31,sh.600022,2.52,2.52,2.52,2.52,INVALID
2011/1/4,sh.600022,2.55,2.57,2.43,2.56,22774077
2011/1/5,sh.600022,2.53,2.55,2.50,2.52,12229952
2011/1/6,sh.600022,2.50,2.55,2.50,2.51,7806545
2011/1/7,sh.600022,2.50,2.56,2.50,2.53,10727307
2011/1/10,sh.600022,2.55,2.56,2.51,2.52,9168306
2011/1/11,sh.600022,2.52,2.52,2.47,2.50,7498623
2011/1/12,sh.600022,2.51,2.57,2.50,2.55,11775751
2011/1/13,sh.600022,2.55,2.55,2.51,2.52,6739195
2011/1/14,sh.600022,2.51,2.52,2.46,2.47,9203595
2011/1/17,sh.600022,2.45,2.46,2.39,2.40,8799431
2011/1/18,sh.600022,2.38,2.42,2.37,2.37,6798371
2011/1/19,sh.600022,2.37,2.42,2.35,2.39,7165192
2011/1/20,sh.600022,2.40,2.40,2.34,2.35,7287271
2011/1/21,sh.600022,2.35,2.39,2.33,2.37,8906298
2011/1/24,sh.600022,2.37,2.39,2.35,2.35,6858730
2011/1/25,sh.600022,2.37,2.42,2.35,2.39,8451296
2011/1/26,sh.600022,2.37,2.40,2.37,2.40,5523160
2011/1/27,sh.600022,2.40,2.42,2.37,2.41,9316803
2011/1/28,sh.600022,2.40,2.42,2.40,2.42,6536896
2011/1/31,sh.600022,2.40,2.45,2.40,2.43,7058737
2011/2/1,sh.600022,2.44,2.44,2.40,2.42,5224358
2011/2/9,sh.600022,2.41,2.41,2.38,2.39,5734375
2011/2/10,sh.600022,2.39,2.42,2.37,2.42,8063250
2011/2/11,sh.600022,2.41,2.44,2.40,2.44,9690720
2011/2/14,sh.600022,2.44,2.52,2.43,2.49,22383621
2011/2/15,sh.600022,2.50,2.52,2.47,2.49,16883910
2011/2/16,sh.600022,2.49,2.55,2.47,2.52,13570416
2011/2/17,sh.600022,2.54,2.59,2.52,2.55,17741031
2011/2/18,sh.600022,2.55,2.55,2.55,2.55,INVALID
2011/2/21,sh.600022,2.55,2.55,2.55,2.55,INVALID
2011/2/22,sh.600022,2.55,2.55,2.55,2.55,INVALID
2011/2/23,sh.600022,2.55,2.55,2.55,2.55,INVALID
2011/2/24,sh.600022,2.55,2.55,2.55,2.55,INVALID
2011/2/25,sh.600022,2.55,2.55,2.55,2.55,INVALID
2011/2/28,sh.600022,2.55,2.55,2.55,2.55,INVALID
2011/3/1,sh.600022,2.55,2.55,2.55,2.55,INVALID
2011/3/2,sh.600022,2.55,2.55,2.55,2.55,INVALID
2011/3/3,sh.600022,2.55,2.55,2.55,2.55,INVALID
2011/3/4,sh.600022,2.55,2.55,2.55,2.55,INVALID
2011/3/7,sh.600022,2.55,2.55,2.55,2.55,INVALID
2011/3/8,sh.600022,2.55,2.55,2.55,2.55,INVALID
2011/3/9,sh.600022,2.55,2.55,2.55,2.55,INVALID
2011/3/10,sh.600022,2.55,2.55,2.55,2.55,INVALID
2011/3/11,sh.600022,2.55,2.55,2.55,2.55,INVALID
2011/3/14,sh.600022,2.55,2.55,2.55,2.55,INVALID
2011/3/15,sh.600022,2.55,2.55,2.55,2.55,INVALID
2011/3/16,sh.600022,2.55,2.55,2.55,2.55,INVALID
2011/3/17,sh.600022,2.55,2.55,2.55,2.55,INVALID
2011/3/18,sh.600022,2.55,2.55,2.55,2.55,INVALID
2011/3/21,sh.600022,2.55,2.55,2.55,2.55,INVALID
2011/3/22,sh.600022,2.55,2.55,2.55,2.55,INVALID
2011/3/23,sh.600022,2.55,2.55,2.55,2.55,INVALID
2011/3/24,sh.600022,2.55,2.55,2.55,2.55,INVALID
2011/3/25,sh.600022,2.55,2.55,2.55,2.55,INVALID
2011/3/28,sh.600022,2.55,2.55,2.55,2.55,INVALID
2011/3/29,sh.600022,2.55,2.55,2.55,2.55,INVALID
2011/3/30,sh.600022,2.55,2.55,2.55,2.55,INVALID
2011/3/31,sh.600022,2.55,2.55,2.55,2.55,INVALID
2011/4/1,sh.600022,2.55,2.55,2.55,2.55,INVALID
2011/4/6,sh.600022,2.55,2.55,2.55,2.55,INVALID
2011/4/7,sh.600022,2.55,2.55,2.55,2.55,INVALID
2011/4/8,sh.600022,2.55,2.55,2.55,2.55,INVALID
2011/4/11,sh.600022,2.55,2.55,2.55,2.55,INVALID
2011/4/12,sh.600022,2.55,2.55,2.55,2.55,INVALID
2011/4/13,sh.600022,2.81,2.81,2.81,2.81,5458576
2011/4/14,sh.600022,3.09,3.09,3.09,3.09,13826422
2011/4/15,sh.600022,3.41,3.41,3.19,3.41,241901049
2011/4/18,sh.600022,3.41,3.75,3.41,3.75,158347546
2011/4/19,sh.600022,3.95,4.12,3.92,4.12,108870970
2011/4/20,sh.600022,4.27,4.54,4.21,4.54,124809930
2011/4/21,sh.600022,4.91,4.99,4.87,4.99,70718321
2011/4/22,sh.600022,4.99,4.99,4.99,4.99,INVALID
2011/4/25,sh.600022,4.99,4.99,4.99,4.99,INVALID
2011/4/26,sh.600022,4.49,4.49,4.49,4.49,9911900
2011/4/27,sh.600022,4.05,4.44,4.05,4.15,363829122
2011/4/28,sh.600022,3.90,4.01,3.73,3.73,229579892
2011/4/29,sh.600022,3.70,3.87,3.67,3.75,163358712
2011/5/3,sh.600022,3.75,3.88,3.59,3.84,192965922
2011/5/4,sh.600022,3.76,4.03,3.66,3.81,224653126
2011/5/5,sh.600022,3.73,4.20,3.70,4.20,224689983
2011/5/6,sh.600022,4.20,4.37,4.07,4.14,261561859
2011/5/9,sh.600022,4.15,4.19,4.02,4.17,129014669
2011/5/10,sh.600022,4.15,4.39,4.10,4.23,192025993
2011/5/11,sh.600022,4.12,4.17,3.98,4.02,126207887
2011/5/12,sh.600022,3.94,3.94,3.73,3.73,113150623
2011/5/13,sh.600022,3.70,3.80,3.64,3.77,94369277
2011/5/16,sh.600022,3.73,3.73,3.61,3.62,63937499
2011/5/17,sh.600022,3.60,3.66,3.50,3.61,59233941
2011/5/18,sh.600022,3.61,3.61,3.61,3.61,INVALID
2011/5/19,sh.600022,3.72,3.90,3.65,3.68,100516448
2011/5/20,sh.600022,3.59,3.61,3.50,3.53,56750567
2011/5/23,sh.600022,3.51,3.51,3.28,3.29,59439917
2011/5/24,sh.600022,3.27,3.39,3.24,3.35,47083048
2011/5/25,sh.600022,3.33,3.50,3.25,3.36,58603642
2011/5/26,sh.600022,3.41,3.41,3.26,3.27,40975011
2011/5/27,sh.600022,3.26,3.34,3.21,3.25,35821808
2011/5/30,sh.600022,3.25,3.29,3.16,3.21,27106728
2011/5/31,sh.600022,3.21,3.36,3.19,3.34,48235650
2011/6/1,sh.600022,3.31,3.35,3.28,3.31,38674108
2011/6/2,sh.600022,3.26,3.48,3.13,3.38,109673699
2011/6/3,sh.600022,3.33,3.36,3.29,3.33,50663378
2011/6/7,sh.600022,3.31,3.46,3.28,3.41,69772601
2011/6/8,sh.600022,3.39,3.51,3.31,3.49,72409421
2011/6/9,sh.600022,3.44,3.61,3.36,3.37,87845704
2011/6/10,sh.600022,3.33,3.48,3.26,3.37,45880511
2011/6/13,sh.600022,3.31,3.36,3.26,3.30,34503521
2011/6/14,sh.600022,3.33,3.45,3.31,3.41,48534781
2011/6/15,sh.600022,3.40,3.75,3.38,3.67,205278992
2011/6/16,sh.600022,3.52,3.58,3.46,3.54,102349657
2011/6/17,sh.600022,3.55,3.55,3.28,3.29,57247534
2011/6/20,sh.600022,3.24,3.25,3.08,3.16,50706483
2011/6/21,sh.600022,3.16,3.24,3.14,3.21,32850105
2011/6/22,sh.600022,3.20,3.24,3.16,3.18,26455768
2011/6/23,sh.600022,3.16,3.36,3.09,3.29,58933714
2011/6/24,sh.600022,3.26,3.48,3.24,3.35,73278398
2011/6/27,sh.600022,3.34,3.44,3.27,3.43,65404407
2011/6/28,sh.600022,3.40,3.47,3.36,3.41,50464696
2011/6/29,sh.600022,3.45,3.53,3.36,3.36,66717516
2011/6/30,sh.600022,3.32,3.46,3.30,3.39,54499636
2011/7/1,sh.600022,3.43,3.45,3.38,3.41,44164836
2011/7/4,sh.600022,3.38,3.51,3.38,3.49,62579896
2011/7/5,sh.600022,3.49,3.59,3.43,3.52,78254814
2011/7/6,sh.600022,3.49,3.49,3.42,3.46,44116745
2011/7/7,sh.600022,3.45,3.48,3.38,3.43,40213396
2011/7/8,sh.600022,3.48,3.53,3.40,3.45,57153223
2011/7/11,sh.600022,3.43,3.47,3.36,3.45,38108812
2011/7/12,sh.600022,3.38,3.43,3.35,3.35,37689391
2011/7/13,sh.600022,3.36,3.40,3.33,3.38,37152893
2011/7/14,sh.600022,3.38,3.43,3.33,3.39,42278157
2011/7/15,sh.600022,3.41,3.43,3.35,3.40,52172054
2011/7/18,sh.600022,3.38,3.38,3.33,3.33,35925337
2011/7/19,sh.600022,3.31,3.32,3.24,3.27,27004849
2011/7/20,sh.600022,3.27,3.30,3.24,3.29,20768452
2011/7/21,sh.600022,3.29,3.30,3.19,3.19,19219757
2011/7/22,sh.600022,3.19,3.22,3.17,3.19,14996945
2011/7/25,sh.600022,3.19,3.19,2.99,3.01,28635760
2011/7/26,sh.600022,3.01,3.04,2.99,3.03,16219049
2011/7/27,sh.600022,3.05,3.06,2.99,3.05,16256721
2011/7/28,sh.600022,3.06,3.11,3.04,3.06,41197400
2011/7/29,sh.600022,3.03,3.04,2.94,2.97,23908477
2011/8/1,sh.600022,2.96,2.98,2.94,2.95,11867518
2011/8/2,sh.600022,2.95,2.96,2.87,2.91,14667575
2011/8/3,sh.600022,2.89,3.01,2.85,2.94,21881831
2011/8/4,sh.600022,2.94,2.95,2.89,2.90,13763507
2011/8/5,sh.600022,2.82,2.87,2.77,2.84,20426610
2011/8/8,sh.600022,2.78,2.83,2.60,2.67,26058706
2011/8/9,sh.600022,2.58,2.72,2.55,2.65,28842908
2011/8/10,sh.600022,2.69,2.84,2.67,2.76,52794467
2011/8/11,sh.600022,2.69,2.81,2.65,2.76,32910293
2011/8/12,sh.600022,2.76,2.80,2.74,2.77,28400679
2011/8/15,sh.600022,2.77,2.82,2.75,2.82,26325059
2011/8/16,sh.600022,2.83,2.85,2.78,2.79,25066315
2011/8/17,sh.600022,2.77,2.79,2.73,2.75,17328343
2011/8/18,sh.600022,2.73,2.76,2.67,2.67,14937368
2011/8/19,sh.600022,2.62,2.66,2.59,2.63,14426232
2011/8/22,sh.600022,2.64,2.66,2.60,2.62,9066070
2011/8/23,sh.600022,2.62,2.69,2.61,2.69,15076359
2011/8/24,sh.600022,2.69,2.73,2.65,2.65,13582321
2011/8/25,sh.600022,2.66,2.79,2.64,2.76,30493115
2011/8/26,sh.600022,2.74,2.75,2.70,2.73,18882562
2011/8/29,sh.600022,2.72,2.72,2.67,2.67,14818763
2011/8/30,sh.600022,2.68,2.72,2.65,2.65,11034655
2011/8/31,sh.600022,2.65,2.67,2.60,2.65,8715006
2011/9/1,sh.600022,2.64,2.69,2.62,2.64,8145206
2011/9/2,sh.600022,2.63,2.65,2.59,2.61,7706382
2011/9/5,sh.600022,2.59,2.60,2.57,2.58,11717273
2011/9/6,sh.600022,2.58,2.62,2.56,2.57,6645174
2011/9/7,sh.600022,2.59,2.64,2.57,2.62,13388462
2011/9/8,sh.600022,2.64,2.64,2.58,2.58,8149624
2011/9/9,sh.600022,2.57,2.62,2.56,2.59,7897912
2011/9/13,sh.600022,2.57,2.57,2.53,2.57,9377620
2011/9/14,sh.600022,2.59,2.61,2.55,2.61,9487859
2011/9/15,sh.600022,2.61,2.65,2.59,2.61,9321398
2011/9/16,sh.600022,2.61,2.64,2.58,2.59,6581290
2011/9/19,sh.600022,2.57,2.59,2.53,2.54,10368022
2011/9/20,sh.600022,2.53,2.58,2.52,2.57,7518868
2011/9/21,sh.600022,2.57,2.69,2.55,2.66,19967365
2011/9/22,sh.600022,2.62,2.64,2.56,2.56,13531012
2011/9/23,sh.600022,2.54,2.62,2.52,2.60,14987833
2011/9/26,sh.600022,2.60,2.64,2.57,2.57,6969831
2011/9/27,sh.600022,2.57,2.57,2.57,2.57,INVALID
2011/9/28,sh.600022,2.60,2.62,2.56,2.57,8878291
2011/9/29,sh.600022,2.56,2.57,2.51,2.52,12249965
2011/9/30,sh.600022,2.51,2.55,2.51,2.54,5328115
2011/10/10,sh.600022,2.55,2.55,2.51,2.52,4564874
2011/10/11,sh.600022,2.55,2.57,2.48,2.51,6336663
2011/10/12,sh.600022,2.50,2.63,2.49,2.61,15931332
2011/10/13,sh.600022,2.61,2.77,2.59,2.65,29250470
2011/10/14,sh.600022,2.62,2.64,2.58,2.62,10920264
2011/10/17,sh.600022,2.60,2.64,2.60,2.62,6346072
2011/10/18,sh.600022,2.61,2.61,2.55,2.57,9516077
2011/10/19,sh.600022,2.57,2.59,2.54,2.55,4502189
2011/10/20,sh.600022,2.56,2.56,2.49,2.52,10412410
2011/10/21,sh.600022,2.52,2.53,2.50,2.51,3475861
2011/10/24,sh.600022,2.52,2.56,2.50,2.55,6199965
2011/10/25,sh.600022,2.55,2.63,2.53,2.60,13042427
2011/10/26,sh.600022,2.59,2.66,2.57,2.59,16264872
2011/10/27,sh.600022,2.60,2.67,2.58,2.63,19145284
2011/10/28,sh.600022,2.65,2.69,2.62,2.69,27765718
2011/10/31,sh.600022,2.72,2.75,2.65,2.67,28422693
2011/11/1,sh.600022,2.65,2.71,2.62,2.67,14849435
2011/11/2,sh.600022,2.63,2.69,2.60,2.68,15689859
2011/11/3,sh.600022,2.69,2.74,2.68,2.69,25328692
2011/11/4,sh.600022,2.69,2.69,2.69,2.69,INVALID
2011/11/7,sh.600022,2.69,2.69,2.69,2.69,INVALID
2011/11/8,sh.600022,2.69,2.69,2.69,2.69,INVALID
2011/11/9,sh.600022,2.69,2.69,2.69,2.69,INVALID
2011/11/10,sh.600022,2.83,2.96,2.74,2.96,51950015
2011/11/11,sh.600022,3.19,3.19,2.89,2.90,134334775
2011/11/14,sh.600022,2.86,2.87,2.76,2.87,59074892
2011/11/15,sh.600022,2.83,2.83,2.78,2.82,34591887
2011/11/16,sh.600022,2.82,2.82,2.69,2.72,30975356
2011/11/17,sh.600022,2.71,2.72,2.67,2.68,17442748
2011/11/18,sh.600022,2.67,2.70,2.60,2.61,21798462
2011/11/21,sh.600022,2.60,2.61,2.57,2.60,12376733
2011/11/22,sh.600022,2.57,2.59,2.54,2.57,14202812
2011/11/23,sh.600022,2.56,2.60,2.55,2.55,9106147
2011/11/24,sh.600022,2.55,2.60,2.52,2.58,11276445
2011/11/25,sh.600022,2.57,2.58,2.53,2.55,8187544
2011/11/28,sh.600022,2.55,2.56,2.50,2.52,10782930
2011/11/29,sh.600022,2.54,2.55,2.51,2.53,9192936
2011/11/30,sh.600022,2.53,2.53,2.46,2.47,20763274
2011/12/1,sh.600022,2.50,2.53,2.48,2.50,13259739
2011/12/2,sh.600022,2.49,2.49,2.46,2.47,8282436
2011/12/5,sh.600022,2.47,2.47,2.44,2.46,8635542
2011/12/6,sh.600022,2.46,2.47,2.45,2.47,4955840
2011/12/7,sh.600022,2.47,2.48,2.46,2.46,4202545
2011/12/8,sh.600022,2.47,2.55,2.46,2.50,13289791
2011/12/9,sh.600022,2.47,2.48,2.46,2.47,7831467
2011/12/12,sh.600022,2.47,2.47,2.45,2.45,5981107
2011/12/13,sh.600022,2.45,2.46,2.44,2.45,10251569
2011/12/14,sh.600022,2.44,2.46,2.44,2.45,5267747
2011/12/15,sh.600022,2.45,2.45,2.34,2.35,16105194
2011/12/16,sh.600022,2.36,2.41,2.36,2.40,10405351
2011/12/19,sh.600022,2.40,2.42,2.37,2.40,7468933
2011/12/20,sh.600022,2.40,2.42,2.38,2.39,6145126
2011/12/21,sh.600022,2.41,2.41,2.38,2.39,8329739
2011/12/22,sh.600022,2.39,2.41,2.31,2.37,7292383
2011/12/23,sh.600022,2.37,2.43,2.37,2.40,5906314
2011/12/26,sh.600022,2.39,2.50,2.37,2.43,13952213
2011/12/27,sh.600022,2.40,2.42,2.38,2.39,6263011
2011/12/28,sh.600022,2.41,2.44,2.38,2.42,8124564
2011/12/29,sh.600022,2.42,2.45,2.40,2.41,5681953
2011/12/30,sh.600022,2.42,2.45,2.41,2.45,8064053
2012/1/4,sh.600022,2.46,2.47,2.42,2.42,9067673
2012/1/5,sh.600022,2.46,2.50,2.42,2.45,11961501
2012/1/6,sh.600022,2.43,2.45,2.40,2.45,8494394
2012/1/9,sh.600022,2.44,2.49,2.40,2.49,15505497
2012/1/10,sh.600022,2.47,2.57,2.45,2.55,29782711
2012/1/11,sh.600022,2.53,2.60,2.50,2.55,29108370
2012/1/12,sh.600022,2.54,2.54,2.47,2.49,19823106
2012/1/13,sh.600022,2.47,2.49,2.44,2.45,12747470
2012/1/16,sh.600022,2.44,2.45,2.40,2.41,9708505
2012/1/17,sh.600022,2.41,2.53,2.40,2.52,18376466
2012/1/18,sh.600022,2.50,2.51,2.45,2.45,14969653
2012/1/19,sh.600022,2.45,2.49,2.43,2.46,9619633
2012/1/20,sh.600022,2.46,2.47,2.44,2.46,7872151
2012/1/30,sh.600022,2.47,2.47,2.43,2.43,6125907
2012/1/31,sh.600022,2.44,2.45,2.42,2.43,7489832
2012/2/1,sh.600022,2.44,2.45,2.42,2.42,6713243
2012/2/2,sh.600022,2.42,2.45,2.42,2.45,8394259
2012/2/3,sh.600022,2.45,2.47,2.43,2.46,8909503
2012/2/6,sh.600022,2.46,2.47,2.44,2.47,7345881
2012/2/7,sh.600022,2.47,2.47,2.43,2.44,21857337
2012/2/8,sh.600022,2.44,2.46,2.43,2.45,52480916
2012/2/9,sh.600022,2.45,2.45,2.45,2.45,INVALID
2012/2/10,sh.600022,2.45,2.45,2.45,2.45,INVALID
2012/2/13,sh.600022,2.45,2.45,2.45,2.45,INVALID
2012/2/14,sh.600022,2.45,2.45,2.45,2.45,INVALID
2012/2/15,sh.600022,2.50,2.70,2.47,2.62,73174580
2012/2/16,sh.600022,2.58,2.60,2.52,2.55,37034011
2012/2/17,sh.600022,2.55,2.57,2.49,2.52,22597769
2012/2/20,sh.600022,2.55,2.56,2.50,2.51,17728192
2012/2/21,sh.600022,2.50,2.52,2.50,2.52,14186610
2012/2/22,sh.600022,2.51,2.54,2.50,2.54,22179252
2012/2/23,sh.600022,2.55,2.61,2.53,2.59,34321225
2012/2/24,sh.600022,2.61,2.61,2.55,2.60,30056759
2012/2/27,sh.600022,2.60,2.65,2.60,2.62,33637615
2012/2/28,sh.600022,2.63,2.69,2.60,2.66,37293383
2012/2/29,sh.600022,2.66,2.66,2.57,2.58,21272409
2012/3/1,sh.600022,2.58,2.60,2.56,2.57,10349798
2012/3/2,sh.600022,2.57,2.60,2.57,2.60,14824962
2012/3/5,sh.600022,2.61,2.62,2.55,2.56,20529043
2012/3/6,sh.600022,2.54,2.54,2.50,2.50,15485749
2012/3/7,sh.600022,2.49,2.56,2.47,2.51,15223227
2012/3/8,sh.600022,2.37,2.46,2.37,2.45,123105643
2012/3/9,sh.600022,2.44,2.44,2.39,2.42,57227694
2012/3/12,sh.600022,2.42,2.42,2.38,2.40,44443644
2012/3/13,sh.600022,2.40,2.43,2.40,2.42,35536650
2012/3/14,sh.600022,2.43,2.55,2.40,2.42,114659756
2012/3/15,sh.600022,2.41,2.42,2.33,2.36,53727722
2012/3/16,sh.600022,2.35,2.38,2.35,2.38,31142509
2012/3/19,sh.600022,2.37,2.38,2.34,2.38,31461638
2012/3/20,sh.600022,2.37,2.44,2.35,2.42,60798363
2012/3/21,sh.600022,2.42,2.42,2.37,2.40,29258176
2012/3/22,sh.600022,2.40,2.41,2.37,2.38,20757401
2012/3/23,sh.600022,2.37,2.37,2.32,2.32,27250925
2012/3/26,sh.600022,2.32,2.33,2.28,2.30,18196822
2012/3/27,sh.600022,2.30,2.32,2.28,2.29,16433915
2012/3/28,sh.600022,2.29,2.29,2.15,2.18,30333946
2012/3/29,sh.600022,2.17,2.17,2.10,2.10,22584990
2012/3/30,sh.600022,2.10,2.12,2.06,2.09,16974734
2012/4/5,sh.600022,2.08,2.13,2.05,2.12,19050056
2012/4/6,sh.600022,2.12,2.15,2.10,2.13,14225833
2012/4/9,sh.600022,2.13,2.13,2.13,2.13,INVALID
2012/4/10,sh.600022,2.12,2.12,2.05,2.11,23021587
2012/4/11,sh.600022,2.08,2.11,2.07,2.10,13536889
2012/4/12,sh.600022,2.10,2.14,2.08,2.14,24688764
2012/4/13,sh.600022,2.14,2.17,2.12,2.15,20945224
2012/4/16,sh.600022,2.15,2.19,2.13,2.18,19277131
2012/4/17,sh.600022,2.18,2.18,2.13,2.14,15790976
2012/4/18,sh.600022,2.13,2.17,2.13,2.16,23946142
2012/4/19,sh.600022,2.15,2.20,2.15,2.16,24711649
2012/4/20,sh.600022,2.17,2.18,2.15,2.17,17348850
2012/4/23,sh.600022,2.17,2.17,2.13,2.13,22283370
2012/4/24,sh.600022,2.11,2.13,2.06,2.08,22637525
2012/4/25,sh.600022,2.08,2.11,2.06,2.10,19444901
2012/4/26,sh.600022,2.11,2.11,2.08,2.08,19069460
2012/4/27,sh.600022,2.08,2.13,2.07,2.09,24050757
2012/5/2,sh.600022,2.10,2.12,2.08,2.10,20154833
2012/5/3,sh.600022,2.10,2.10,2.08,2.10,14031766
2012/5/4,sh.600022,2.10,2.11,2.09,2.10,15887648
2012/5/7,sh.600022,2.09,2.09,2.07,2.09,20583817
2012/5/8,sh.600022,2.09,2.09,2.07,2.09,16957798
2012/5/9,sh.600022,2.08,2.08,2.03,2.03,31234404
2012/5/10,sh.600022,2.03,2.06,2.03,2.04,19247219
2012/5/11,sh.600022,2.04,2.04,2.01,2.02,12720110
2012/5/14,sh.600022,2.03,2.04,1.99,2.00,21085125
2012/5/15,sh.600022,1.98,1.98,1.92,1.96,18819260
2012/5/16,sh.600022,1.96,1.96,1.92,1.93,13457750
2012/5/17,sh.600022,1.93,1.97,1.91,1.95,16386716
2012/5/18,sh.600022,1.93,2.02,1.93,1.98,26950024
2012/5/21,sh.600022,1.98,2.00,1.94,1.95,15723677
2012/5/22,sh.600022,1.95,1.96,1.93,1.95,11593882
2012/5/23,sh.600022,1.95,1.96,1.92,1.93,13362474
2012/5/24,sh.600022,1.93,1.93,1.90,1.90,14742438
2012/5/25,sh.600022,1.91,1.99,1.87,1.96,36880694
2012/5/28,sh.600022,1.93,1.99,1.92,1.98,34171839
2012/5/29,sh.600022,1.99,1.99,1.96,1.98,24902274
2012/5/30,sh.600022,1.98,2.00,1.97,1.98,14693455
2012/5/31,sh.600022,1.97,1.97,1.94,1.96,13850206
2012/6/1,sh.600022,1.96,1.97,1.93,1.94,10546488
2012/6/4,sh.600022,1.93,1.93,1.88,1.88,15446141
2012/6/5,sh.600022,1.88,1.90,1.87,1.89,9240061
2012/6/6,sh.600022,1.89,1.89,1.86,1.88,9171195
2012/6/7,sh.600022,1.88,1.89,1.86,1.86,7896425
2012/6/8,sh.600022,1.87,1.88,1.85,1.86,8207802
2012/6/11,sh.600022,1.86,1.88,1.85,1.88,10651721
2012/6/12,sh.600022,1.87,1.88,1.86,1.86,7391132
2012/6/13,sh.600022,1.86,1.90,1.86,1.90,12684572
2012/6/14,sh.600022,1.90,1.92,1.88,1.91,9918710
2012/6/15,sh.600022,1.91,1.92,1.90,1.91,9281647
2012/6/18,sh.600022,1.91,1.92,1.90,1.91,7053755
2012/6/19,sh.600022,1.91,1.91,1.88,1.89,8618204
2012/6/20,sh.600022,1.89,1.91,1.88,1.89,4907301
2012/6/21,sh.600022,1.89,1.89,1.86,1.86,7870948
2012/6/25,sh.600022,1.86,1.86,1.84,1.85,10185356
2012/6/26,sh.600022,1.85,1.85,1.82,1.83,7086607
2012/6/27,sh.600022,1.84,1.85,1.83,1.83,8383719
2012/6/28,sh.600022,1.83,1.88,1.82,1.86,17706650
2012/6/29,sh.600022,1.85,1.88,1.78,1.83,29581534
2012/7/2,sh.600022,1.83,1.84,1.79,1.81,13317751
2012/7/3,sh.600022,1.81,1.82,1.78,1.80,10413279
2012/7/4,sh.600022,1.80,1.81,1.77,1.79,8859872
2012/7/5,sh.600022,1.78,1.78,1.72,1.73,11412811
2012/7/6,sh.600022,1.73,1.73,1.73,1.73,INVALID
2012/7/9,sh.600022,1.74,1.75,1.69,1.70,10850177
2012/7/10,sh.600022,1.70,1.71,1.66,1.67,9044175
2012/7/11,sh.600022,1.67,1.70,1.66,1.69,8228078
2012/7/12,sh.600022,1.68,1.70,1.66,1.70,10537605
2012/7/13,sh.600022,1.69,1.71,1.68,1.70,6441796
2012/7/16,sh.600022,1.70,1.70,1.62,1.63,11097347
2012/7/17,sh.600022,1.62,1.64,1.61,1.64,5782232
2012/7/18,sh.600022,1.64,1.67,1.61,1.66,10227503
2012/7/19,sh.600022,1.64,1.66,1.61,1.65,15127409
2012/7/20,sh.600022,1.64,1.67,1.64,1.65,10284164
2012/7/23,sh.600022,1.64,1.65,1.61,1.62,8075796
2012/7/24,sh.600022,1.61,1.66,1.61,1.63,13990045
2012/7/25,sh.600022,1.62,1.64,1.61,1.62,9866534
2012/7/26,sh.600022,1.61,1.65,1.61,1.63,15419875
2012/7/27,sh.600022,1.63,1.64,1.60,1.62,10009784
2012/7/30,sh.600022,1.62,1.63,1.58,1.59,11204288
2012/7/31,sh.600022,1.59,1.59,1.54,1.56,11743004
2012/8/1,sh.600022,1.56,1.57,1.54,1.56,7389388
2012/8/2,sh.600022,1.56,1.61,1.56,1.57,13238406
2012/8/3,sh.600022,1.58,1.58,1.54,1.58,10262576
2012/8/6,sh.600022,1.56,1.60,1.56,1.59,16857107
2012/8/7,sh.600022,1.59,1.61,1.58,1.61,18708294
2012/8/8,sh.600022,1.61,1.61,1.59,1.59,10406654
2012/8/9,sh.600022,1.59,1.61,1.58,1.61,8999518
2012/8/10,sh.600022,1.60,1.62,1.59,1.61,11613592
2012/8/13,sh.600022,1.60,1.60,1.57,1.57,10643327
2012/8/14,sh.600022,1.57,1.58,1.55,1.57,7521479
2012/8/15,sh.600022,1.56,1.57,1.55,1.56,5985073
2012/8/16,sh.600022,1.56,1.56,1.55,1.56,4088960
2012/8/17,sh.600022,1.56,1.56,1.55,1.56,5111613
2012/8/20,sh.600022,1.56,1.56,1.54,1.55,5632964
2012/8/21,sh.600022,1.55,1.56,1.54,1.56,7950019
2012/8/22,sh.600022,1.56,1.56,1.54,1.54,7379936
2012/8/23,sh.600022,1.54,1.55,1.54,1.55,6841815
2012/8/24,sh.600022,1.54,1.54,1.50,1.51,9172676
2012/8/27,sh.600022,1.50,1.50,1.44,1.44,15931957
2012/8/28,sh.600022,1.46,1.51,1.46,1.47,13616963
2012/8/29,sh.600022,1.46,1.46,1.44,1.44,8397924
2012/8/30,sh.600022,1.44,1.45,1.42,1.43,9375058
2012/8/31,sh.600022,1.43,1.44,1.42,1.44,9263917
2012/9/3,sh.600022,1.43,1.44,1.42,1.44,9928602
2012/9/4,sh.600022,1.43,1.47,1.42,1.43,18164442
2012/9/5,sh.600022,1.43,1.43,1.37,1.39,17695882
2012/9/6,sh.600022,1.39,1.41,1.38,1.41,9916681
2012/9/7,sh.600022,1.41,1.49,1.41,1.48,35227883
2012/9/10,sh.600022,1.48,1.49,1.46,1.47,17355376
2012/9/11,sh.600022,1.46,1.47,1.44,1.45,15478084
2012/9/12,sh.600022,1.46,1.48,1.44,1.46,13843524
2012/9/13,sh.600022,1.46,1.49,1.45,1.46,18464767
2012/9/14,sh.600022,1.46,1.48,1.44,1.46,15330375
2012/9/17,sh.600022,1.46,1.46,1.42,1.43,14053644
2012/9/18,sh.600022,1.42,1.42,1.40,1.42,6954938
2012/9/19,sh.600022,1.41,1.42,1.40,1.42,6959563
2012/9/20,sh.600022,1.42,1.42,1.37,1.38,14093812
2012/9/21,sh.600022,1.38,1.39,1.37,1.38,7559303
2012/9/24,sh.600022,1.37,1.38,1.34,1.37,9883074
2012/9/25,sh.600022,1.36,1.37,1.35,1.37,6616957
2012/9/26,sh.600022,1.36,1.37,1.34,1.34,7903824
2012/9/27,sh.600022,1.34,1.38,1.33,1.37,13540056
2012/9/28,sh.600022,1.36,1.39,1.35,1.38,11363266
2012/10/8,sh.600022,1.38,1.39,1.37,1.37,7949428
2012/10/9,sh.600022,1.37,1.41,1.37,1.41,13270716
2012/10/10,sh.600022,1.41,1.55,1.39,1.55,44688302
2012/10/11,sh.600022,1.60,1.69,1.55,1.57,107201613
2012/10/12,sh.600022,1.53,1.56,1.49,1.51,39729603
2012/10/15,sh.600022,1.51,1.51,1.46,1.49,22075113
2012/10/16,sh.600022,1.49,1.51,1.46,1.48,17755638
2012/10/17,sh.600022,1.48,1.51,1.46,1.50,18289754
2012/10/18,sh.600022,1.50,1.54,1.49,1.52,24211219
2012/10/19,sh.600022,1.51,1.56,1.51,1.51,20254532
2012/10/22,sh.600022,1.51,1.51,1.47,1.51,14659241
2012/10/23,sh.600022,1.50,1.53,1.49,1.51,14402272
2012/10/24,sh.600022,1.49,1.63,1.48,1.54,36719942
2012/10/25,sh.600022,1.54,1.67,1.52,1.59,63903457
2012/10/26,sh.600022,1.57,1.57,1.50,1.51,32685122
2012/10/29,sh.600022,1.49,1.51,1.47,1.48,14399766
2012/10/30,sh.600022,1.48,1.49,1.47,1.48,11698918
2012/10/31,sh.600022,1.48,1.49,1.46,1.48,9650647
2012/11/1,sh.600022,1.48,1.51,1.48,1.51,13822995
2012/11/2,sh.600022,1.51,1.52,1.49,1.52,10371975
2012/11/5,sh.600022,1.52,1.53,1.50,1.51,10201590
2012/11/6,sh.600022,1.51,1.51,1.47,1.49,13297311
2012/11/7,sh.600022,1.49,1.50,1.48,1.49,8439392
2012/11/8,sh.600022,1.49,1.49,1.43,1.44,13878199
2012/11/9,sh.600022,1.42,1.44,1.42,1.44,8952372
2012/11/12,sh.600022,1.44,1.46,1.43,1.46,6597985
2012/11/13,sh.600022,1.46,1.46,1.42,1.44,6754600
2012/11/14,sh.600022,1.44,1.45,1.42,1.44,6140455
2012/11/15,sh.600022,1.44,1.44,1.41,1.42,6520260
2012/11/16,sh.600022,1.42,1.42,1.39,1.41,6861957
2012/11/19,sh.600022,1.42,1.42,1.40,1.42,5589773
2012/11/20,sh.600022,1.42,1.43,1.41,1.42,4612233
2012/11/21,sh.600022,1.42,1.43,1.41,1.43,7906105
2012/11/22,sh.600022,1.43,1.43,1.41,1.42,5003108
2012/11/23,sh.600022,1.42,1.43,1.42,1.43,4433280
2012/11/26,sh.600022,1.42,1.46,1.42,1.43,10588259
2012/11/27,sh.600022,1.42,1.46,1.42,1.44,13602084
2012/11/28,sh.600022,1.43,1.44,1.37,1.38,11742104
2012/11/29,sh.600022,1.37,1.45,1.37,1.43,16102850
2012/11/30,sh.600022,1.43,1.45,1.42,1.44,12787234
2012/12/3,sh.600022,1.44,1.44,1.39,1.40,9899245
2012/12/4,sh.600022,1.39,1.42,1.38,1.41,8333557
2012/12/5,sh.600022,1.42,1.45,1.41,1.45,19481642
2012/12/6,sh.600022,1.45,1.46,1.43,1.45,11099970
2012/12/7,sh.600022,1.45,1.49,1.44,1.48,26459460
2012/12/10,sh.600022,1.48,1.51,1.46,1.49,24116741
2012/12/11,sh.600022,1.48,1.49,1.47,1.48,15980360
2012/12/12,sh.600022,1.48,1.49,1.46,1.48,11346562
2012/12/13,sh.600022,1.48,1.48,1.44,1.45,12110059
2012/12/14,sh.600022,1.45,1.51,1.45,1.50,29102511
2012/12/17,sh.600022,1.51,1.53,1.49,1.51,27374158
2012/12/18,sh.600022,1.51,1.54,1.50,1.51,26244288
2012/12/19,sh.600022,1.52,1.54,1.51,1.51,17277815
2012/12/20,sh.600022,1.51,1.54,1.50,1.54,17986467
2012/12/21,sh.600022,1.53,1.54,1.49,1.50,21665479
2012/12/24,sh.600022,1.50,1.51,1.49,1.49,16349059
2012/12/25,sh.600022,1.49,1.53,1.48,1.52,22813369
2012/12/26,sh.600022,1.52,1.54,1.51,1.52,17481385
2012/12/27,sh.600022,1.52,1.61,1.51,1.55,47242191
2012/12/28,sh.600022,1.54,1.55,1.53,1.54,22854218
2012/12/31,sh.600022,1.55,1.56,1.54,1.56,20284004
2013/1/4,sh.600022,1.59,1.62,1.56,1.57,29587535
2013/1/7,sh.600022,1.57,1.58,1.55,1.56,19670960
2013/1/8,sh.600022,1.56,1.56,1.54,1.56,16253794
2013/1/9,sh.600022,1.56,1.57,1.55,1.56,17721346
2013/1/10,sh.600022,1.55,1.59,1.55,1.58,20438565
2013/1/11,sh.600022,1.57,1.58,1.53,1.54,20127840
2013/1/14,sh.600022,1.53,1.57,1.52,1.56,23852391
2013/1/15,sh.600022,1.56,1.59,1.56,1.57,26527042
2013/1/16,sh.600022,1.57,1.57,1.54,1.56,20552903
2013/1/17,sh.600022,1.56,1.58,1.54,1.56,18254199
2013/1/18,sh.600022,1.56,1.58,1.55,1.57,17591001
2013/1/21,sh.600022,1.56,1.59,1.56,1.57,21731727
2013/1/22,sh.600022,1.57,1.57,1.54,1.55,20634627
2013/1/23,sh.600022,1.56,1.59,1.55,1.57,22457589
2013/1/24,sh.600022,1.57,1.59,1.54,1.56,28954106
2013/1/25,sh.600022,1.55,1.56,1.53,1.54,17467499
2013/1/28,sh.600022,1.54,1.56,1.54,1.55,13761332
2013/1/29,sh.600022,1.56,1.56,1.54,1.55,16440407
2013/1/30,sh.600022,1.55,1.66,1.54,1.60,57274359
2013/1/31,sh.600022,1.58,1.59,1.56,1.56,34288248
2013/2/1,sh.600022,1.56,1.57,1.55,1.56,17461063
2013/2/4,sh.600022,1.56,1.58,1.54,1.58,23170499
2013/2/5,sh.600022,1.57,1.61,1.56,1.61,38380774
2013/2/6,sh.600022,1.61,1.63,1.59,1.61,19364044
2013/2/7,sh.600022,1.61,1.62,1.59,1.59,13506992
2013/2/8,sh.600022,1.60,1.61,1.59,1.60,16077279
2013/2/18,sh.600022,1.60,1.61,1.58,1.59,17861883
2013/2/19,sh.600022,1.59,1.59,1.56,1.57,12324660
2013/2/20,sh.600022,1.57,1.59,1.56,1.59,10302562
2013/2/21,sh.600022,1.57,1.58,1.53,1.54,23308761
2013/2/22,sh.600022,1.54,1.54,1.53,1.54,13783348
2013/2/25,sh.600022,1.54,1.54,1.52,1.53,10433510
2013/2/26,sh.600022,1.52,1.53,1.49,1.50,15673502
2013/2/27,sh.600022,1.49,1.51,1.49,1.51,10308864
2013/2/28,sh.600022,1.51,1.53,1.50,1.53,13696276
2013/3/1,sh.600022,1.52,1.53,1.51,1.52,12325226
2013/3/4,sh.600022,1.51,1.52,1.47,1.48,17262822
2013/3/5,sh.600022,1.49,1.52,1.49,1.50,15228101
2013/3/6,sh.600022,1.50,1.51,1.49,1.51,15055730
2013/3/7,sh.600022,1.51,1.51,1.49,1.51,14324232
2013/3/8,sh.600022,1.51,1.54,1.50,1.51,15940363
2013/3/11,sh.600022,1.51,1.51,1.49,1.51,10339573
2013/3/12,sh.600022,1.50,1.51,1.46,1.48,14051120
2013/3/13,sh.600022,1.47,1.48,1.45,1.46,9724307
2013/3/14,sh.600022,1.46,1.46,1.44,1.44,7943433
2013/3/15,sh.600022,1.44,1.48,1.44,1.46,9845914
2013/3/18,sh.600022,1.46,1.46,1.43,1.44,8954230
2013/3/19,sh.600022,1.44,1.45,1.43,1.45,6913549
2013/3/20,sh.600022,1.45,1.47,1.44,1.47,10904817
2013/3/21,sh.600022,1.47,1.48,1.46,1.46,9919849
2013/3/22,sh.600022,1.46,1.48,1.46,1.47,7822213
2013/3/25,sh.600022,1.48,1.51,1.46,1.50,19189427
2013/3/26,sh.600022,1.49,1.50,1.46,1.47,9801679
2013/3/27,sh.600022,1.47,1.48,1.46,1.46,8866572
2013/3/28,sh.600022,1.46,1.46,1.44,1.44,9814806
2013/3/29,sh.600022,1.44,1.44,1.42,1.44,9420785
2013/4/1,sh.600022,1.42,1.43,1.41,1.42,9750318
2013/4/2,sh.600022,1.42,1.43,1.41,1.43,8809771
2013/4/3,sh.600022,1.43,1.43,1.42,1.42,7270697
2013/4/8,sh.600022,1.41,1.42,1.39,1.41,8567950
2013/4/9,sh.600022,1.41,1.42,1.40,1.42,6218350
2013/4/10,sh.600022,1.42,1.43,1.41,1.42,8639322
2013/4/11,sh.600022,1.43,1.43,1.40,1.41,8199821
2013/4/12,sh.600022,1.41,1.43,1.40,1.42,7769760
2013/4/15,sh.600022,1.42,1.42,1.39,1.39,5728747
2013/4/16,sh.600022,1.40,1.41,1.39,1.41,7012145
2013/4/17,sh.600022,1.40,1.41,1.39,1.39,5473735
2013/4/18,sh.600022,1.39,1.40,1.39,1.40,4248682
2013/4/19,sh.600022,1.40,1.42,1.39,1.42,9447790
2013/4/22,sh.600022,1.41,1.43,1.41,1.43,10865188
2013/4/23,sh.600022,1.43,1.43,1.39,1.39,7328876
2013/4/24,sh.600022,1.39,1.42,1.39,1.41,6830947
2013/4/25,sh.600022,1.41,1.42,1.39,1.41,8496465
2013/4/26,sh.600022,1.41,1.42,1.39,1.40,6166765
2013/5/2,sh.600022,1.39,1.40,1.37,1.38,9145095
2013/5/3,sh.600022,1.38,1.40,1.37,1.39,7177084
2013/5/6,sh.600022,1.39,1.42,1.39,1.41,10197548
2013/5/7,sh.600022,1.40,1.41,1.39,1.40,6097521
2013/5/8,sh.600022,1.41,1.42,1.40,1.41,8625353
2013/5/9,sh.600022,1.41,1.41,1.39,1.39,5147358
2013/5/10,sh.600022,1.39,1.41,1.39,1.40,5939191
2013/5/13,sh.600022,1.40,1.42,1.39,1.41,11186440
2013/5/14,sh.600022,1.40,1.41,1.39,1.39,7970309
2013/5/15,sh.600022,1.39,1.39,1.38,1.39,5909729
2013/5/16,sh.600022,1.39,1.40,1.38,1.39,7922517
2013/5/17,sh.600022,1.39,1.42,1.39,1.42,14626380
2013/5/20,sh.600022,1.42,1.42,1.40,1.42,12551277
2013/5/21,sh.600022,1.42,1.42,1.41,1.42,12124098
2013/5/22,sh.600022,1.42,1.48,1.42,1.45,26583039
2013/5/23,sh.600022,1.44,1.45,1.42,1.43,16626729
2013/5/24,sh.600022,1.43,1.44,1.42,1.43,8992641
2013/5/27,sh.600022,1.43,1.43,1.42,1.42,9132681
2013/5/28,sh.600022,1.41,1.43,1.40,1.43,12044271
2013/5/29,sh.600022,1.43,1.44,1.42,1.43,12636964
2013/5/30,sh.600022,1.42,1.42,1.41,1.42,8494806
2013/5/31,sh.600022,1.42,1.42,1.40,1.41,8758788
2013/6/3,sh.600022,1.41,1.42,1.40,1.42,6893153
2013/6/4,sh.600022,1.42,1.42,1.39,1.39,8702756
2013/6/5,sh.600022,1.39,1.40,1.39,1.40,5850569
2013/6/6,sh.600022,1.39,1.39,1.38,1.39,7007211
2013/6/7,sh.600022,1.38,1.39,1.36,1.37,9004484
2013/6/13,sh.600022,1.35,1.36,1.32,1.33,12134705
2013/6/14,sh.600022,1.33,1.34,1.32,1.34,9513672
2013/6/17,sh.600022,1.34,1.34,1.31,1.32,14945371
2013/6/18,sh.600022,1.32,1.32,1.28,1.29,17640035
2013/6/19,sh.600022,1.29,1.33,1.25,1.32,23348422
2013/6/20,sh.600022,1.31,1.31,1.27,1.27,13647022
2013/6/21,sh.600022,1.26,1.27,1.23,1.26,14746966
2013/6/24,sh.600022,1.26,1.26,1.18,1.19,15838425
2013/6/25,sh.600022,1.18,1.18,1.07,1.15,23542083
2013/6/26,sh.600022,1.15,1.16,1.12,1.14,15392572
2013/6/27,sh.600022,1.14,1.17,1.12,1.16,26440323
2013/6/28,sh.600022,1.14,1.15,1.11,1.13,24944427
2013/7/1,sh.600022,1.13,1.14,1.12,1.13,14639508
2013/7/2,sh.600022,1.14,1.15,1.12,1.15,17476421
2013/7/3,sh.600022,1.14,1.16,1.13,1.14,15916317
2013/7/4,sh.600022,1.14,1.16,1.12,1.14,17301297
2013/7/5,sh.600022,1.15,1.17,1.14,1.15,15986877
2013/7/8,sh.600022,1.14,1.14,1.10,1.10,15688112
2013/7/9,sh.600022,1.10,1.12,1.10,1.11,7282507
2013/7/10,sh.600022,1.11,1.14,1.10,1.13,9349549
2013/7/11,sh.600022,1.13,1.17,1.12,1.17,24914334
2013/7/12,sh.600022,1.17,1.17,1.14,1.16,13626650
2013/7/15,sh.600022,1.15,1.17,1.14,1.17,11970469
2013/7/16,sh.600022,1.16,1.17,1.14,1.17,10707209
2013/7/17,sh.600022,1.16,1.17,1.15,1.15,12108274
2013/7/18,sh.600022,1.15,1.15,1.13,1.14,9492391
2013/7/19,sh.600022,1.14,1.14,1.11,1.12,10947102
2013/7/22,sh.600022,1.10,1.12,1.10,1.12,6170723
2013/7/23,sh.600022,1.12,1.15,1.12,1.15,14423489
2013/7/24,sh.600022,1.15,1.15,1.13,1.14,6870281
2013/7/25,sh.600022,1.14,1.16,1.13,1.14,16359377
2013/7/26,sh.600022,1.12,1.14,1.12,1.13,12852396
2013/7/29,sh.600022,1.12,1.12,1.10,1.11,9480864
2013/7/30,sh.600022,1.11,1.12,1.10,1.12,7409579
2013/7/31,sh.600022,1.12,1.13,1.12,1.12,6556654
2013/8/1,sh.600022,1.12,1.14,1.12,1.14,9465127
2013/8/2,sh.600022,1.14,1.14,1.13,1.14,7107497
2013/8/5,sh.600022,1.14,1.15,1.13,1.15,10377816
2013/8/6,sh.600022,1.14,1.15,1.13,1.15,10157239
2013/8/7,sh.600022,1.14,1.16,1.14,1.14,10777896
2013/8/8,sh.600022,1.14,1.14,1.13,1.14,8386812
2013/8/9,sh.600022,1.14,1.15,1.14,1.15,10020296
2013/8/12,sh.600022,1.15,1.17,1.14,1.17,22909698
2013/8/13,sh.600022,1.17,1.22,1.17,1.19,30859024
2013/8/14,sh.600022,1.19,1.19,1.17,1.19,19475926
2013/8/15,sh.600022,1.19,1.19,1.17,1.17,11448124
2013/8/16,sh.600022,1.17,1.21,1.16,1.17,21542919
2013/8/19,sh.600022,1.17,1.18,1.15,1.17,8726145
2013/8/20,sh.600022,1.17,1.18,1.15,1.16,10859726
2013/8/21,sh.600022,1.16,1.17,1.15,1.16,7618025
2013/8/22,sh.600022,1.16,1.17,1.15,1.16,7972989
2013/8/23,sh.600022,1.16,1.17,1.14,1.15,10387830
2013/8/26,sh.600022,1.14,1.17,1.14,1.16,11834275
2013/8/27,sh.600022,1.17,1.18,1.16,1.17,14778602
2013/8/28,sh.600022,1.17,1.20,1.16,1.19,26650897
2013/8/29,sh.600022,1.19,1.19,1.17,1.18,15046976
2013/8/30,sh.600022,1.18,1.21,1.17,1.20,23954971
2013/9/2,sh.600022,1.19,1.25,1.19,1.22,28742102
2013/9/3,sh.600022,1.20,1.23,1.20,1.22,21524053
2013/9/4,sh.600022,1.22,1.27,1.22,1.25,38876050
2013/9/5,sh.600022,1.24,1.24,1.21,1.22,20244331
2013/9/6,sh.600022,1.22,1.23,1.21,1.23,14867087
2013/9/9,sh.600022,1.23,1.25,1.22,1.25,22011380
2013/9/10,sh.600022,1.24,1.29,1.24,1.28,30178904
2013/9/11,sh.600022,1.29,1.41,1.28,1.41,87413345
2013/9/12,sh.600022,1.42,1.46,1.34,1.39,90285405
2013/9/13,sh.600022,1.37,1.37,1.33,1.35,41008734
2013/9/16,sh.600022,1.34,1.39,1.30,1.32,35534655
2013/9/17,sh.600022,1.32,1.32,1.28,1.28,25019840
2013/9/18,sh.600022,1.28,1.29,1.27,1.29,16156227
2013/9/23,sh.600022,1.29,1.30,1.29,1.30,16803749
2013/9/24,sh.600022,1.30,1.30,1.27,1.28,15287770
2013/9/25,sh.600022,1.27,1.29,1.27,1.27,13562017
2013/9/26,sh.600022,1.27,1.27,1.23,1.24,15977257
2013/9/27,sh.600022,1.24,1.24,1.22,1.24,12503180
2013/9/30,sh.600022,1.24,1.24,1.23,1.24,7434157
2013/10/8,sh.600022,1.24,1.26,1.22,1.26,13273670
2013/10/9,sh.600022,1.25,1.27,1.24,1.27,11757296
2013/10/10,sh.600022,1.27,1.29,1.24,1.27,20997505
2013/10/11,sh.600022,1.27,1.30,1.27,1.29,21943981
2013/10/14,sh.600022,1.29,1.31,1.28,1.29,18851966
2013/10/15,sh.600022,1.29,1.29,1.27,1.29,12455021
2013/10/16,sh.600022,1.28,1.30,1.26,1.27,18466125
2013/10/17,sh.600022,1.27,1.28,1.26,1.27,12968086
2013/10/18,sh.600022,1.27,1.27,1.26,1.27,13112093
2013/10/21,sh.600022,1.27,1.28,1.25,1.28,14916584
2013/10/22,sh.600022,1.28,1.28,1.26,1.27,11371972
2013/10/23,sh.600022,1.27,1.28,1.24,1.26,13580289
2013/10/24,sh.600022,1.25,1.26,1.24,1.24,8724983
2013/10/25,sh.600022,1.24,1.25,1.22,1.22,13201176
2013/10/28,sh.600022,1.22,1.23,1.21,1.22,8106485
2013/10/29,sh.600022,1.22,1.24,1.17,1.19,19399710
2013/10/30,sh.600022,1.19,1.22,1.19,1.21,11484894
2013/10/31,sh.600022,1.21,1.22,1.20,1.21,9549754
2013/11/1,sh.600022,1.21,1.22,1.20,1.22,6901256
2013/11/4,sh.600022,1.22,1.22,1.20,1.21,6304370
2013/11/5,sh.600022,1.21,1.22,1.19,1.21,6808369
2013/11/6,sh.600022,1.21,1.24,1.20,1.23,18247459
2013/11/7,sh.600022,1.23,1.23,1.20,1.21,10815520
2013/11/8,sh.600022,1.21,1.22,1.19,1.19,10890963
2013/11/11,sh.600022,1.19,1.21,1.19,1.19,8266554
2013/11/12,sh.600022,1.20,1.21,1.19,1.21,6948135
2013/11/13,sh.600022,1.20,1.21,1.18,1.19,9276890
2013/11/14,sh.600022,1.19,1.19,1.17,1.18,7725414
2013/11/15,sh.600022,1.18,1.21,1.18,1.20,11846948
2013/11/18,sh.600022,1.20,1.22,1.19,1.22,15136354
2013/11/19,sh.600022,1.22,1.22,1.21,1.22,10875598
2013/11/20,sh.600022,1.21,1.22,1.21,1.22,16188897
2013/11/21,sh.600022,1.22,1.22,1.21,1.22,9312220
2013/11/22,sh.600022,1.22,1.22,1.21,1.21,7773483
2013/11/25,sh.600022,1.21,1.22,1.21,1.21,8541018
2013/11/26,sh.600022,1.21,1.22,1.21,1.22,8478504
2013/11/27,sh.600022,1.22,1.24,1.21,1.23,19568810
2013/11/28,sh.600022,1.23,1.26,1.22,1.25,29997247
2013/11/29,sh.600022,1.24,1.25,1.23,1.24,10829948
2013/12/2,sh.600022,1.23,1.24,1.20,1.21,22805056
2013/12/3,sh.600022,1.20,1.24,1.20,1.23,15619659
2013/12/4,sh.600022,1.22,1.26,1.22,1.25,27041983
2013/12/5,sh.600022,1.24,1.26,1.24,1.24,16384605
2013/12/6,sh.600022,1.24,1.28,1.24,1.27,25922822
2013/12/9,sh.600022,1.27,1.28,1.25,1.26,15385284
2013/12/10,sh.600022,1.26,1.29,1.24,1.28,25287733
2013/12/11,sh.600022,1.27,1.27,1.24,1.24,16275646
2013/12/12,sh.600022,1.24,1.25,1.24,1.24,7978467
2013/12/13,sh.600022,1.24,1.24,1.23,1.24,6645937
2013/12/16,sh.600022,1.24,1.24,1.22,1.22,11176751
2013/12/17,sh.600022,1.22,1.22,1.21,1.21,6712296
2013/12/18,sh.600022,1.21,1.21,1.19,1.21,9437340
2013/12/19,sh.600022,1.21,1.22,1.19,1.21,10241026
2013/12/20,sh.600022,1.21,1.21,1.18,1.19,8819029
2013/12/23,sh.600022,1.18,1.19,1.17,1.19,7220334
2013/12/24,sh.600022,1.19,1.19,1.18,1.18,5750860
2013/12/25,sh.600022,1.19,1.19,1.18,1.19,6798765
2013/12/26,sh.600022,1.19,1.19,1.16,1.17,12602165
2013/12/27,sh.600022,1.17,1.18,1.16,1.17,9379119
2013/12/30,sh.600022,1.18,1.18,1.17,1.17,5869149
2013/12/31,sh.600022,1.17,1.19,1.17,1.19,6557347
2014/1/2,sh.600022,1.19,1.19,1.17,1.19,6381090
2014/1/3,sh.600022,1.18,1.18,1.17,1.18,6131708
2014/1/6,sh.600022,1.17,1.17,1.14,1.15,7629186
2014/1/7,sh.600022,1.15,1.15,1.14,1.14,6174555
2014/1/8,sh.600022,1.14,1.15,1.13,1.14,6630809
2014/1/9,sh.600022,1.14,1.14,1.11,1.12,9599100
2014/1/10,sh.600022,1.11,1.12,1.10,1.11,7852231
2014/1/13,sh.600022,1.10,1.12,1.10,1.11,8358279
2014/1/14,sh.600022,1.11,1.12,1.10,1.12,7202509
2014/1/15,sh.600022,1.12,1.12,1.11,1.12,5708530
2014/1/16,sh.600022,1.12,1.12,1.11,1.12,7469045
2014/1/17,sh.600022,1.12,1.12,1.10,1.10,8154158
2014/1/20,sh.600022,1.10,1.10,1.09,1.10,5209939
2014/1/21,sh.600022,1.10,1.11,1.09,1.10,6116285
2014/1/22,sh.600022,1.10,1.13,1.10,1.13,9311119
2014/1/23,sh.600022,1.12,1.13,1.12,1.12,5006990
2014/1/24,sh.600022,1.12,1.13,1.11,1.13,7175494
2014/1/27,sh.600022,1.12,1.13,1.12,1.12,5970090
2014/1/28,sh.600022,1.12,1.14,1.12,1.13,8914295
2014/1/29,sh.600022,1.13,1.14,1.12,1.13,9689579
2014/1/30,sh.600022,1.13,1.13,1.12,1.13,6112018
2014/2/7,sh.600022,1.12,1.14,1.12,1.14,7317494
2014/2/10,sh.600022,1.14,1.16,1.13,1.16,12872533
2014/2/11,sh.600022,1.15,1.17,1.14,1.16,14104818
2014/2/12,sh.600022,1.16,1.17,1.14,1.16,10808669
2014/2/13,sh.600022,1.15,1.17,1.14,1.16,13023763
2014/2/14,sh.600022,1.15,1.17,1.15,1.17,9442145
2014/2/17,sh.600022,1.17,1.18,1.15,1.18,16478127
2014/2/18,sh.600022,1.17,1.18,1.16,1.16,10984475
2014/2/19,sh.600022,1.16,1.17,1.15,1.17,13143641
2014/2/20,sh.600022,1.17,1.19,1.17,1.18,24187099
2014/2/21,sh.600022,1.17,1.18,1.15,1.15,10990447
2014/2/24,sh.600022,1.15,1.15,1.12,1.14,10710101
2014/2/25,sh.600022,1.13,1.14,1.11,1.12,11589010
2014/2/26,sh.600022,1.12,1.12,1.10,1.12,7515711
2014/2/27,sh.600022,1.12,1.13,1.11,1.12,12164314
2014/2/28,sh.600022,1.12,1.13,1.11,1.12,9419294
2014/3/3,sh.600022,1.12,1.14,1.11,1.14,11765446
2014/3/4,sh.600022,1.13,1.13,1.12,1.13,8232123
2014/3/5,sh.600022,1.13,1.14,1.12,1.12,7663350
2014/3/6,sh.600022,1.12,1.13,1.11,1.12,7388166
2014/3/7,sh.600022,1.12,1.13,1.12,1.13,9124755
2014/3/10,sh.600022,1.12,1.12,1.10,1.10,12941300
2014/3/11,sh.600022,1.10,1.11,1.10,1.11,8683315
2014/3/12,sh.600022,1.10,1.13,1.10,1.12,15943574
2014/3/13,sh.600022,1.11,1.13,1.10,1.12,11907497
2014/3/14,sh.600022,1.11,1.12,1.10,1.12,7380999
2014/3/17,sh.600022,1.11,1.12,1.10,1.12,10182164
2014/3/18,sh.600022,1.12,1.12,1.11,1.12,7638490
2014/3/19,sh.600022,1.11,1.14,1.10,1.13,19395354
2014/3/20,sh.600022,1.12,1.13,1.11,1.12,13738708
2014/3/21,sh.600022,1.11,1.14,1.11,1.14,23529770
2014/3/24,sh.600022,1.14,1.17,1.12,1.16,34821004
2014/3/25,sh.600022,1.16,1.17,1.14,1.16,17467870
2014/3/26,sh.600022,1.16,1.16,1.14,1.14,12577383
2014/3/27,sh.600022,1.14,1.15,1.13,1.14,11768540
2014/3/28,sh.600022,1.14,1.17,1.13,1.15,18131546
2014/3/31,sh.600022,1.15,1.15,1.14,1.14,9612383
2014/4/1,sh.600022,1.14,1.15,1.14,1.15,6195266
2014/4/2,sh.600022,1.14,1.18,1.14,1.17,25090620
2014/4/3,sh.600022,1.16,1.16,1.14,1.14,18208750
2014/4/4,sh.600022,1.14,1.15,1.14,1.15,6283299
2014/4/8,sh.600022,1.14,1.17,1.14,1.16,21765195
2014/4/9,sh.600022,1.16,1.17,1.15,1.17,10483885
2014/4/10,sh.600022,1.16,1.18,1.15,1.17,24692628
2014/4/11,sh.600022,1.17,1.19,1.16,1.17,31043688
2014/4/14,sh.600022,1.17,1.17,1.15,1.17,13297046
2014/4/15,sh.600022,1.16,1.17,1.14,1.14,13372892
2014/4/16,sh.600022,1.14,1.15,1.14,1.15,9142619
2014/4/17,sh.600022,1.15,1.15,1.14,1.14,7434361
2014/4/18,sh.600022,1.14,1.15,1.13,1.14,10770619
2014/4/21,sh.600022,1.14,1.16,1.14,1.14,14689706
2014/4/22,sh.600022,1.14,1.14,1.12,1.13,11786774
2014/4/23,sh.600022,1.13,1.14,1.12,1.14,8639404
2014/4/24,sh.600022,1.13,1.14,1.12,1.13,8133959
2014/4/25,sh.600022,1.12,1.13,1.10,1.10,14263759
2014/4/28,sh.600022,1.10,1.10,1.07,1.08,15252138
2014/4/29,sh.600022,1.08,1.09,1.07,1.08,11429259
2014/4/30,sh.600022,1.08,1.09,1.07,1.09,5932615
2014/5/5,sh.600022,1.09,1.09,1.07,1.09,9650992
2014/5/6,sh.600022,1.08,1.10,1.08,1.10,11368941
2014/5/7,sh.600022,1.10,1.10,1.08,1.09,6752928
2014/5/8,sh.600022,1.08,1.10,1.08,1.09,7311729
2014/5/9,sh.600022,1.09,1.10,1.08,1.10,13057964
2014/5/12,sh.600022,1.10,1.13,1.09,1.12,28146780
2014/5/13,sh.600022,1.12,1.12,1.11,1.11,10881106
2014/5/14,sh.600022,1.11,1.12,1.11,1.12,7449232
2014/5/15,sh.600022,1.12,1.12,1.10,1.10,9002673
2014/5/16,sh.600022,1.10,1.11,1.10,1.10,5959875
2014/5/19,sh.600022,1.10,1.11,1.09,1.10,7190457
2014/5/20,sh.600022,1.10,1.11,1.10,1.10,3927461
2014/5/21,sh.600022,1.10,1.10,1.09,1.10,4689611
2014/5/22,sh.600022,1.10,1.12,1.10,1.10,8491026
2014/5/23,sh.600022,1.10,1.10,1.10,1.10,6488405
2014/5/26,sh.600022,1.10,1.11,1.10,1.10,5417407
2014/5/27,sh.600022,1.10,1.11,1.10,1.11,5475711
2014/5/28,sh.600022,1.10,1.11,1.10,1.11,5338969
2014/5/29,sh.600022,1.11,1.11,1.10,1.10,4684984
2014/5/30,sh.600022,1.10,1.11,1.10,1.10,4406892
2014/6/3,sh.600022,1.10,1.10,1.10,1.10,4278679
2014/6/4,sh.600022,1.10,1.10,1.09,1.09,5338767
2014/6/5,sh.600022,1.10,1.10,1.09,1.10,6022489
2014/6/6,sh.600022,1.10,1.10,1.09,1.10,5114943
2014/6/9,sh.600022,1.10,1.10,1.09,1.10,8305027
2014/6/10,sh.600022,1.09,1.10,1.08,1.10,6411145
2014/6/11,sh.600022,1.09,1.10,1.09,1.10,3331897
2014/6/12,sh.600022,1.09,1.10,1.08,1.09,6443384
2014/6/13,sh.600022,1.08,1.10,1.08,1.10,9022843
2014/6/16,sh.600022,1.10,1.10,1.09,1.10,7039803
2014/6/17,sh.600022,1.10,1.10,1.09,1.09,4891126
2014/6/18,sh.600022,1.10,1.10,1.09,1.10,8438627
2014/6/19,sh.600022,1.09,1.10,1.07,1.07,9525584
2014/6/20,sh.600022,1.08,1.08,1.07,1.08,4036342
2014/6/23,sh.600022,1.07,1.08,1.07,1.08,4643888
2014/6/24,sh.600022,1.07,1.08,1.07,1.08,4259225
2014/6/25,sh.600022,1.08,1.08,1.07,1.08,4963283
2014/6/26,sh.600022,1.07,1.09,1.07,1.09,8454509
2014/6/27,sh.600022,1.08,1.12,1.08,1.10,32476176
2014/6/30,sh.600022,1.10,1.12,1.09,1.11,26578535
2014/7/1,sh.600022,1.10,1.11,1.10,1.10,10338074
2014/7/2,sh.600022,1.10,1.11,1.10,1.11,14561816
2014/7/3,sh.600022,1.10,1.12,1.10,1.12,21841794
2014/7/4,sh.600022,1.12,1.13,1.10,1.12,19859977
2014/7/7,sh.600022,1.12,1.12,1.10,1.10,10094228
2014/7/8,sh.600022,1.11,1.12,1.10,1.12,14568389
2014/7/9,sh.600022,1.11,1.12,1.10,1.10,12593525
2014/7/10,sh.600022,1.10,1.11,1.10,1.11,9561986
2014/7/11,sh.600022,1.10,1.12,1.10,1.12,12557227
2014/7/14,sh.600022,1.12,1.12,1.11,1.12,10874305
2014/7/15,sh.600022,1.12,1.15,1.11,1.13,33851566
2014/7/16,sh.600022,1.12,1.14,1.12,1.13,22147946
2014/7/17,sh.600022,1.13,1.14,1.12,1.13,12059255
2014/7/18,sh.600022,1.12,1.14,1.12,1.13,11015308
2014/7/21,sh.600022,1.13,1.14,1.12,1.13,7955282
2014/7/22,sh.600022,1.12,1.14,1.12,1.13,11459112
2014/7/23,sh.600022,1.13,1.14,1.13,1.14,19813272
2014/7/24,sh.600022,1.14,1.16,1.14,1.15,24394266
2014/7/25,sh.600022,1.15,1.17,1.14,1.17,30199497
2014/7/28,sh.600022,1.17,1.23,1.16,1.19,52254952
2014/7/29,sh.600022,1.19,1.20,1.17,1.19,29590321
2014/7/30,sh.600022,1.18,1.19,1.17,1.19,26067103
2014/7/31,sh.600022,1.19,1.22,1.17,1.20,41533723
2014/8/1,sh.600022,1.19,1.22,1.18,1.19,38985930
2014/8/4,sh.600022,1.19,1.22,1.18,1.21,26973441
2014/8/5,sh.600022,1.21,1.24,1.20,1.22,47187387
2014/8/6,sh.600022,1.22,1.25,1.20,1.25,48746767
2014/8/7,sh.600022,1.26,1.29,1.23,1.24,76200573
2014/8/8,sh.600022,1.23,1.24,1.22,1.22,38397514
2014/8/11,sh.600022,1.22,1.25,1.22,1.25,28626693
2014/8/12,sh.600022,1.24,1.25,1.23,1.24,26165114
2014/8/13,sh.600022,1.24,1.24,1.22,1.22,29206184
2014/8/14,sh.600022,1.22,1.24,1.21,1.21,27031416
2014/8/15,sh.600022,1.21,1.23,1.20,1.22,22985489
2014/8/18,sh.600022,1.22,1.23,1.22,1.23,19921935
2014/8/19,sh.600022,1.22,1.28,1.22,1.25,55740702
2014/8/20,sh.600022,1.24,1.29,1.23,1.29,106449025
2014/8/21,sh.600022,1.29,1.32,1.27,1.30,46975436
2014/8/22,sh.600022,1.29,1.30,1.27,1.29,25843677
2014/8/25,sh.600022,1.29,1.30,1.26,1.28,24601913
2014/8/26,sh.600022,1.27,1.28,1.23,1.24,27885628
2014/8/27,sh.600022,1.24,1.24,1.23,1.23,13735341
2014/8/28,sh.600022,1.23,1.26,1.22,1.24,23363218
2014/8/29,sh.600022,1.24,1.24,1.23,1.24,13365529
2014/9/1,sh.600022,1.24,1.26,1.24,1.26,15624924
2014/9/2,sh.600022,1.25,1.27,1.24,1.27,18296185
2014/9/3,sh.600022,1.27,1.29,1.27,1.28,32630067
2014/9/4,sh.600022,1.28,1.29,1.26,1.27,39136126
2014/9/5,sh.600022,1.27,1.29,1.26,1.29,34613385
2014/9/9,sh.600022,1.29,1.31,1.28,1.30,47495614
2014/9/10,sh.600022,1.29,1.38,1.28,1.34,87343007
2014/9/11,sh.600022,1.33,1.34,1.30,1.32,47825395
2014/9/12,sh.600022,1.31,1.35,1.30,1.34,48599834
2014/9/15,sh.600022,1.34,1.37,1.33,1.36,43808119
2014/9/16,sh.600022,1.37,1.49,1.36,1.44,273077632
2014/9/17,sh.600022,1.42,1.42,1.38,1.42,124218839
2014/9/18,sh.600022,1.41,1.49,1.40,1.44,90556836
2014/9/19,sh.600022,1.43,1.44,1.40,1.42,48977464
2014/9/22,sh.600022,1.42,1.42,1.36,1.37,53927203
2014/9/23,sh.600022,1.37,1.39,1.36,1.39,32083729
2014/9/24,sh.600022,1.38,1.42,1.37,1.41,48523988
2014/9/25,sh.600022,1.41,1.42,1.40,1.41,43562546
2014/9/26,sh.600022,1.40,1.43,1.38,1.42,46981585
2014/9/29,sh.600022,1.42,1.42,1.40,1.41,33961457
2014/9/30,sh.600022,1.41,1.42,1.39,1.42,31500639
2014/10/8,sh.600022,1.42,1.43,1.41,1.43,38230416
2014/10/9,sh.600022,1.43,1.45,1.42,1.44,54932658
2014/10/10,sh.600022,1.44,1.47,1.43,1.46,66970260
2014/10/13,sh.600022,1.46,1.46,1.44,1.46,37991682
2014/10/14,sh.600022,1.45,1.48,1.44,1.46,42157733
2014/10/15,sh.600022,1.45,1.53,1.44,1.51,99225056
2014/10/16,sh.600022,1.49,1.52,1.46,1.46,91457137
2014/10/17,sh.600022,1.46,1.46,1.42,1.44,60950977
2014/10/20,sh.600022,1.44,1.45,1.42,1.45,26175337
2014/10/21,sh.600022,1.44,1.46,1.42,1.42,36148031
2014/10/22,sh.600022,1.42,1.43,1.39,1.40,30357230
2014/10/23,sh.600022,1.39,1.40,1.36,1.37,38263973
2014/10/24,sh.600022,1.37,1.38,1.36,1.37,22232418
2014/10/27,sh.600022,1.37,1.37,1.37,1.37,INVALID
2014/10/28,sh.600022,1.37,1.37,1.37,1.37,INVALID
2014/10/29,sh.600022,1.37,1.37,1.37,1.37,INVALID
2014/10/30,sh.600022,1.37,1.37,1.37,1.37,INVALID
2014/10/31,sh.600022,1.37,1.37,1.37,1.37,INVALID
2014/11/3,sh.600022,1.37,1.37,1.37,1.37,INVALID
2014/11/4,sh.600022,1.37,1.37,1.37,1.37,INVALID
2014/11/5,sh.600022,1.37,1.37,1.37,1.37,INVALID
2014/11/6,sh.600022,1.37,1.37,1.37,1.37,INVALID
2014/11/7,sh.600022,1.37,1.37,1.37,1.37,INVALID
2014/11/10,sh.600022,1.50,1.50,1.50,1.50,9441891
2014/11/11,sh.600022,1.65,1.65,1.65,1.65,11707988
2014/11/12,sh.600022,1.81,1.81,1.72,1.81,236557450
2014/11/13,sh.600022,1.88,2.00,1.85,2.00,177657268
2014/11/14,sh.600022,2.12,2.20,1.92,1.94,436039903
2014/11/17,sh.600022,1.88,1.88,1.78,1.83,222446627
2014/11/18,sh.600022,1.80,1.83,1.78,1.82,142925376
2014/11/19,sh.600022,1.81,1.82,1.76,1.80,137980816
2014/11/20,sh.600022,1.78,1.79,1.75,1.76,110174493
2014/11/21,sh.600022,1.77,1.78,1.73,1.78,97420296
2014/11/24,sh.600022,1.78,1.83,1.76,1.80,181638343
2014/11/25,sh.600022,1.79,1.82,1.78,1.82,121020394
2014/11/26,sh.600022,1.82,1.83,1.78,1.81,101476007
2014/11/27,sh.600022,1.81,1.88,1.79,1.84,144217254
2014/11/28,sh.600022,1.83,1.89,1.82,1.87,173344658
2014/12/1,sh.600022,1.87,1.93,1.87,1.92,166696136
2014/12/2,sh.600022,1.92,1.92,1.87,1.92,129978450
2014/12/3,sh.600022,1.93,2.08,1.93,2.01,227302566
2014/12/4,sh.600022,1.99,2.03,1.96,2.03,144642378
2014/12/5,sh.600022,2.03,2.04,1.85,1.93,155443858
2014/12/8,sh.600022,1.93,2.01,1.87,1.99,144438192
2014/12/9,sh.600022,1.97,2.12,1.94,1.96,245604690
2014/12/10,sh.600022,1.95,2.01,1.90,2.00,112102611
2014/12/11,sh.600022,2.01,2.20,2.00,2.20,311459744
2014/12/12,sh.600022,2.31,2.31,2.12,2.16,255328241
2014/12/15,sh.600022,2.13,2.17,2.10,2.15,103608601
2014/12/16,sh.600022,2.15,2.25,2.13,2.21,161331959
2014/12/17,sh.600022,2.19,2.25,2.16,2.19,126850467
2014/12/18,sh.600022,2.19,2.23,2.17,2.19,79116985
2014/12/19,sh.600022,2.19,2.33,2.16,2.30,231667431
2014/12/22,sh.600022,2.30,2.52,2.28,2.41,313932043
2014/12/23,sh.600022,2.37,2.37,2.17,2.21,143901945
2014/12/24,sh.600022,2.19,2.23,2.13,2.17,81071663
2014/12/25,sh.600022,2.17,2.26,2.17,2.25,78306810
2014/12/26,sh.600022,2.25,2.30,2.24,2.28,87842080
2014/12/29,sh.600022,2.28,2.31,2.23,2.25,106825142
2014/12/30,sh.600022,2.23,2.24,2.17,2.19,62275036
2014/12/31,sh.600022,2.19,2.23,2.18,2.22,56250479
2015/1/5,sh.600022,2.23,2.32,2.20,2.30,120445930
2015/1/6,sh.600022,2.29,2.30,2.24,2.28,88388227
2015/1/7,sh.600022,2.27,2.32,2.25,2.30,74198645
2015/1/8,sh.600022,2.30,2.30,2.21,2.23,63527834
2015/1/9,sh.600022,2.20,2.24,2.18,2.19,66482058
2015/1/12,sh.600022,2.17,2.17,2.08,2.10,70323329
2015/1/13,sh.600022,2.08,2.10,2.05,2.08,53466151
2015/1/14,sh.600022,2.08,2.08,2.02,2.03,37326851
2015/1/15,sh.600022,2.03,2.10,2.02,2.10,44956439
2015/1/16,sh.600022,2.11,2.14,2.10,2.13,44305671
2015/1/19,sh.600022,2.07,2.09,1.92,1.94,69222694
2015/1/20,sh.600022,1.96,2.01,1.96,2.01,43393625
2015/1/21,sh.600022,2.01,2.07,1.99,2.07,49654133
2015/1/22,sh.600022,2.08,2.13,2.05,2.10,68942471
2015/1/23,sh.600022,2.10,2.10,2.06,2.07,51847609
2015/1/26,sh.600022,2.06,2.10,2.05,2.10,43846944
2015/1/27,sh.600022,2.10,2.11,2.05,2.09,44201390
2015/1/28,sh.600022,2.10,2.10,2.07,2.08,29441315
2015/1/29,sh.600022,2.07,2.11,2.05,2.09,52204452
2015/1/30,sh.600022,2.08,2.09,2.05,2.06,34649226
2015/2/2,sh.600022,2.03,2.03,1.98,2.00,33404338
2015/2/3,sh.600022,1.99,2.02,1.98,2.01,29998525
2015/2/4,sh.600022,2.01,2.07,2.01,2.04,51800544
2015/2/5,sh.600022,2.05,2.06,1.99,2.00,34618776
2015/2/6,sh.600022,1.98,1.98,1.90,1.91,39011644
2015/2/9,sh.600022,1.91,1.92,1.83,1.89,41849940
2015/2/10,sh.600022,1.88,1.92,1.87,1.92,24431745
2015/2/11,sh.600022,1.92,1.95,1.92,1.93,21209385
2015/2/12,sh.600022,1.93,1.96,1.92,1.95,21486679
2015/2/13,sh.600022,1.95,2.05,1.95,2.03,50205291
2015/2/16,sh.600022,2.03,2.05,2.01,2.03,30572121
2015/2/17,sh.600022,2.04,2.06,2.04,2.06,38348235
2015/2/25,sh.600022,2.05,2.09,2.05,2.06,33107718
2015/2/26,sh.600022,2.05,2.08,2.01,2.08,45400304
2015/2/27,sh.600022,2.08,2.10,2.07,2.09,45214653
2015/3/2,sh.600022,2.10,2.23,2.08,2.18,95586176
2015/3/3,sh.600022,2.17,2.17,2.10,2.11,60409044
2015/3/4,sh.600022,2.10,2.15,2.10,2.15,42329061
2015/3/5,sh.600022,2.14,2.14,2.10,2.11,37646624
2015/3/6,sh.600022,2.10,2.13,2.08,2.11,37922029
2015/3/9,sh.600022,2.10,2.12,2.08,2.12,34570291
2015/3/10,sh.600022,2.11,2.13,2.10,2.13,32255181
2015/3/11,sh.600022,2.13,2.13,2.10,2.11,30499358
2015/3/12,sh.600022,2.12,2.13,2.10,2.13,32607219
2015/3/13,sh.600022,2.13,2.15,2.12,2.15,69423884
2015/3/16,sh.600022,2.16,2.20,2.15,2.20,72455171
2015/3/17,sh.600022,2.20,2.33,2.20,2.30,168110381
2015/3/18,sh.600022,2.30,2.48,2.28,2.43,190411005
2015/3/19,sh.600022,2.42,2.42,2.35,2.37,152701992
2015/3/20,sh.600022,2.37,2.45,2.37,2.43,133903608
2015/3/23,sh.600022,2.45,2.67,2.45,2.67,297854928
2015/3/24,sh.600022,2.70,2.94,2.68,2.94,436499289
2015/3/25,sh.600022,3.01,3.01,2.84,2.86,305415078
2015/3/26,sh.600022,2.85,2.90,2.74,2.79,166140458
2015/3/27,sh.600022,2.78,2.84,2.73,2.79,121275033
2015/3/30,sh.600022,2.79,2.86,2.79,2.84,129290817
2015/3/31,sh.600022,2.85,2.88,2.79,2.80,130893067
2015/4/1,sh.600022,2.80,2.84,2.77,2.83,99309629
2015/4/2,sh.600022,2.83,2.84,2.79,2.84,95456755
2015/4/3,sh.600022,2.82,2.93,2.79,2.89,179026683
2015/4/7,sh.600022,2.89,2.94,2.89,2.94,176749380
2015/4/8,sh.600022,2.94,3.15,2.84,3.05,241453922
2015/4/9,sh.600022,3.04,3.05,2.89,2.93,139693577
2015/4/10,sh.600022,2.92,3.01,2.89,2.96,113082400
2015/4/13,sh.600022,2.92,3.04,2.90,2.99,180409930
2015/4/14,sh.600022,2.98,3.16,2.94,3.09,215171759
2015/4/15,sh.600022,3.07,3.08,2.95,2.97,126407389
2015/4/16,sh.600022,2.94,2.99,2.85,2.98,97202455
2015/4/17,sh.600022,2.99,3.11,2.99,3.05,177349507
2015/4/20,sh.600022,3.04,3.25,2.95,3.16,276312713
2015/4/21,sh.600022,3.16,3.47,3.13,3.47,261426153
2015/4/22,sh.600022,3.57,3.69,3.48,3.61,295157804
2015/4/23,sh.600022,3.62,3.90,3.56,3.81,245574924
2015/4/24,sh.600022,3.77,3.80,3.63,3.67,183295292
2015/4/27,sh.600022,3.67,3.77,3.56,3.69,179435377
2015/4/28,sh.600022,3.70,3.70,3.43,3.48,160399597
2015/4/29,sh.600022,3.47,3.57,3.34,3.52,98442596
2015/4/30,sh.600022,3.53,3.56,3.43,3.44,78619133
2015/5/4,sh.600022,3.43,3.68,3.42,3.63,127843672
2015/5/5,sh.600022,3.66,3.66,3.34,3.41,110473712
2015/5/6,sh.600022,3.36,3.45,3.07,3.19,100992857
2015/5/7,sh.600022,3.14,3.14,2.88,2.88,109193408
2015/5/8,sh.600022,2.90,3.02,2.90,3.01,88412042
2015/5/11,sh.600022,3.04,3.21,3.01,3.16,102761534
2015/5/12,sh.600022,3.16,3.22,3.09,3.19,80192847
2015/5/13,sh.600022,3.17,3.27,3.09,3.14,103746975
2015/5/14,sh.600022,3.12,3.14,3.02,3.12,86471787
2015/5/15,sh.600022,3.11,3.11,3.01,3.02,66098985
2015/5/18,sh.600022,2.99,2.99,2.94,2.95,59150168
2015/5/19,sh.600022,2.94,3.06,2.93,3.06,74482000
2015/5/20,sh.600022,3.06,3.12,3.06,3.07,85852217
2015/5/21,sh.600022,3.06,3.12,2.99,3.11,95692525
2015/5/22,sh.600022,3.13,3.29,3.09,3.28,182881934
2015/5/25,sh.600022,3.27,3.40,3.21,3.38,158386357
2015/5/26,sh.600022,3.39,3.73,3.27,3.67,286619132
2015/5/27,sh.600022,3.60,3.76,3.46,3.63,251419126
2015/5/28,sh.600022,3.61,3.76,3.34,3.41,253987321
2015/5/29,sh.600022,3.38,3.48,3.13,3.35,164172706
2015/6/1,sh.600022,3.35,3.55,3.34,3.54,148430332
2015/6/2,sh.600022,3.56,3.66,3.53,3.64,174506152
2015/6/3,sh.600022,3.65,3.65,3.49,3.59,154105254
2015/6/4,sh.600022,3.57,3.75,3.48,3.74,269141085
2015/6/5,sh.600022,3.78,4.02,3.70,3.89,324593419
2015/6/8,sh.600022,3.90,3.93,3.73,3.86,239316193
2015/6/9,sh.600022,3.85,3.85,3.70,3.77,154272740
2015/6/10,sh.600022,3.73,3.89,3.65,3.82,180450239
2015/6/11,sh.600022,3.82,3.91,3.73,3.84,165286976
2015/6/12,sh.600022,3.83,4.02,3.75,3.98,296601850
2015/6/15,sh.600022,3.95,4.38,3.93,4.30,387803629
2015/6/16,sh.600022,4.22,4.25,3.95,4.00,264646955
2015/6/17,sh.600022,3.97,4.40,3.92,4.40,276370109
2015/6/18,sh.600022,4.52,4.84,4.42,4.66,487201334
2015/6/19,sh.600022,4.52,4.83,4.39,4.61,406336371
2015/6/23,sh.600022,4.55,5.08,4.48,4.80,529086567
2015/6/24,sh.600022,4.69,5.25,4.54,5.22,569743761
2015/6/25,sh.600022,5.03,5.22,4.71,4.88,405401452
2015/6/26,sh.600022,4.62,4.68,4.39,4.39,210271165
2015/6/29,sh.600022,4.41,4.52,3.95,3.95,281487647
2015/6/30,sh.600022,3.77,4.17,3.56,4.13,299496230
2015/7/1,sh.600022,4.10,4.27,3.74,3.81,281718363
2015/7/2,sh.600022,3.79,3.90,3.43,3.43,201341071
2015/7/3,sh.600022,3.19,3.40,3.09,3.09,162628215
2015/7/6,sh.600022,3.37,3.37,2.78,2.90,219582794
2015/7/7,sh.600022,2.77,2.77,2.61,2.61,115685933
2015/7/8,sh.600022,2.35,2.35,2.35,2.35,38977500
2015/7/9,sh.600022,2.11,2.58,2.11,2.58,244336615
2015/7/10,sh.600022,2.65,2.84,2.65,2.84,144956183
2015/7/13,sh.600022,3.01,3.12,2.85,3.12,251440708
2015/7/14,sh.600022,3.15,3.34,2.99,3.12,263426258
2015/7/15,sh.600022,2.99,3.06,2.81,2.81,180868772
2015/7/16,sh.600022,2.64,2.95,2.64,2.87,139302464
2015/7/17,sh.600022,2.87,3.09,2.84,3.03,151556736
2015/7/20,sh.600022,3.03,3.15,2.98,3.03,145753329
2015/7/21,sh.600022,2.99,3.11,2.89,3.05,144089699
2015/7/22,sh.600022,3.05,3.12,2.92,3.06,149292019
2015/7/23,sh.600022,3.05,3.24,3.02,3.22,236284404
2015/7/24,sh.600022,3.19,3.33,3.06,3.11,241577967
2015/7/27,sh.600022,2.99,3.08,2.79,2.79,173205435
2015/7/28,sh.600022,2.59,2.89,2.52,2.69,133883632
2015/7/29,sh.600022,2.74,2.90,2.69,2.89,115129362
2015/7/30,sh.600022,2.88,3.13,2.83,2.94,160331320
2015/7/31,sh.600022,2.87,2.99,2.82,2.89,81715371
2015/8/3,sh.600022,2.89,2.90,2.63,2.82,84328243
2015/8/4,sh.600022,2.84,2.95,2.82,2.94,117127024
2015/8/5,sh.600022,2.91,2.99,2.85,2.87,108597211
2015/8/6,sh.600022,2.78,2.85,2.71,2.80,61567603
2015/8/7,sh.600022,2.82,2.88,2.82,2.87,64321478
2015/8/10,sh.600022,2.89,3.06,2.89,3.01,179417474
2015/8/11,sh.600022,3.02,3.19,2.97,3.09,224623361
2015/8/12,sh.600022,3.04,3.16,2.99,3.01,151935685
2015/8/13,sh.600022,2.99,3.10,2.96,3.09,143740944
2015/8/14,sh.600022,3.21,3.21,3.09,3.11,186543210
2015/8/17,sh.600022,3.08,3.42,3.04,3.42,324934621
2015/8/18,sh.600022,3.48,3.58,3.08,3.10,412375010
2015/8/19,sh.600022,2.95,3.41,2.89,3.41,272222127
2015/8/20,sh.600022,3.48,3.75,3.42,3.75,459593624
2015/8/21,sh.600022,3.63,3.89,3.39,3.54,345773295
2015/8/24,sh.600022,3.20,3.38,3.19,3.19,147561098
2015/8/25,sh.600022,2.87,2.97,2.87,2.87,119252357
2015/8/26,sh.600022,2.81,2.91,2.58,2.58,227059215
2015/8/27,sh.600022,2.63,2.68,2.33,2.60,210471322
2015/8/28,sh.600022,2.62,2.87,2.53,2.87,242376774
2015/8/31,sh.600022,2.82,2.82,2.64,2.67,179156791
2015/9/1,sh.600022,2.63,2.63,2.42,2.46,121811878
2015/9/2,sh.600022,2.35,2.56,2.30,2.34,102294710
2015/9/7,sh.600022,2.35,2.50,2.35,2.40,86372945
2015/9/8,sh.600022,2.40,2.54,2.35,2.50,82537238
2015/9/9,sh.600022,2.52,2.74,2.46,2.66,149187396
2015/9/10,sh.600022,2.59,2.63,2.53,2.54,103456720
2015/9/11,sh.600022,2.52,2.59,2.48,2.52,61226517
2015/9/14,sh.600022,2.56,2.59,2.28,2.30,102483121
2015/9/15,sh.600022,2.28,2.28,2.10,2.14,78370938
2015/9/16,sh.600022,2.16,2.35,2.15,2.33,87409698
2015/9/17,sh.600022,2.33,2.45,2.25,2.25,97452768
2015/9/18,sh.600022,2.28,2.36,2.25,2.32,60596360
2015/9/21,sh.600022,2.26,2.39,2.23,2.36,70935578
2015/9/22,sh.600022,2.36,2.42,2.33,2.37,85048942
2015/9/23,sh.600022,2.30,2.33,2.23,2.28,73835828
2015/9/24,sh.600022,2.28,2.30,2.25,2.29,49392474
2015/9/25,sh.600022,2.28,2.28,2.20,2.21,53207572
2015/9/28,sh.600022,2.21,2.23,2.17,2.23,32490154
2015/9/29,sh.600022,2.18,2.20,2.15,2.16,33173523
2015/9/30,sh.600022,2.18,2.20,2.15,2.17,22722236
2015/10/8,sh.600022,2.23,2.25,2.20,2.23,43810038
2015/10/9,sh.600022,2.23,2.25,2.20,2.25,53969582
2015/10/12,sh.600022,2.25,2.40,2.23,2.35,103889905
2015/10/13,sh.600022,2.33,2.35,2.29,2.33,72358776
2015/10/14,sh.600022,2.32,2.40,2.31,2.34,104210843
2015/10/15,sh.600022,2.38,2.51,2.33,2.43,145599122
2015/10/16,sh.600022,2.44,2.45,2.40,2.43,108303344
2015/10/19,sh.600022,2.44,2.49,2.40,2.44,115471848
2015/10/20,sh.600022,2.43,2.45,2.39,2.45,79034431
2015/10/21,sh.600022,2.44,2.52,2.22,2.23,137800721
2015/10/22,sh.600022,2.21,2.30,2.20,2.28,90304919
2015/10/23,sh.600022,2.30,2.36,2.26,2.33,75444547
2015/10/26,sh.600022,2.35,2.37,2.29,2.33,66173258
2015/10/27,sh.600022,2.30,2.30,2.22,2.29,60851901
2015/10/28,sh.600022,2.29,2.38,2.27,2.30,99543146
2015/10/29,sh.600022,2.29,2.30,2.25,2.28,60929890
2015/10/30,sh.600022,2.25,2.28,2.23,2.25,41775091
2015/11/2,sh.600022,2.21,2.23,2.18,2.19,50496500
2015/11/3,sh.600022,2.19,2.22,2.18,2.20,28860561
2015/11/4,sh.600022,2.21,2.28,2.20,2.28,64489599
2015/11/5,sh.600022,2.27,2.41,2.25,2.33,153273440
2015/11/6,sh.600022,2.31,2.40,2.30,2.36,118867524
2015/11/9,sh.600022,2.33,2.40,2.33,2.37,110562251
2015/11/10,sh.600022,2.36,2.40,2.33,2.40,100481921
2015/11/11,sh.600022,2.40,2.50,2.39,2.42,148668970
2015/11/12,sh.600022,2.40,2.40,2.34,2.36,97442617
2015/11/13,sh.600022,2.32,2.33,2.27,2.27,73698598
2015/11/16,sh.600022,2.24,2.30,2.22,2.30,39427984
2015/11/17,sh.600022,2.30,2.34,2.29,2.30,59275564
2015/11/18,sh.600022,2.30,2.30,2.26,2.27,40513481
2015/11/19,sh.600022,2.27,2.31,2.27,2.30,40325569
2015/11/20,sh.600022,2.30,2.32,2.29,2.30,48020861
2015/11/23,sh.600022,2.30,2.30,2.27,2.28,43405525
2015/11/24,sh.600022,2.28,2.28,2.23,2.27,37165180
2015/11/25,sh.600022,2.27,2.28,2.25,2.28,37190765
2015/11/26,sh.600022,2.28,2.30,2.25,2.27,43378441
2015/11/27,sh.600022,2.26,2.27,2.12,2.15,74281101
2015/11/30,sh.600022,2.15,2.18,2.06,2.15,50311169
2015/12/1,sh.600022,2.15,2.17,2.13,2.16,30191488
2015/12/2,sh.600022,2.15,2.25,2.13,2.24,66429516
2015/12/3,sh.600022,2.22,2.25,2.20,2.23,46357333
2015/12/4,sh.600022,2.21,2.21,2.17,2.18,37541885
2015/12/7,sh.600022,2.18,2.18,2.14,2.18,22656189
2015/12/8,sh.600022,2.16,2.16,2.12,2.13,32285939
2015/12/9,sh.600022,2.13,2.18,2.11,2.16,33024669
2015/12/10,sh.600022,2.16,2.16,2.11,2.12,29736720
2015/12/11,sh.600022,2.11,2.12,2.08,2.12,23081409
2015/12/14,sh.600022,2.08,2.16,2.08,2.15,32179937
2015/12/15,sh.600022,2.15,2.15,2.12,2.13,22479718
2015/12/16,sh.600022,2.14,2.15,2.13,2.15,22022917
2015/12/17,sh.600022,2.15,2.31,2.15,2.25,124971514
2015/12/18,sh.600022,2.23,2.25,2.21,2.23,61246338
2015/12/21,sh.600022,2.23,2.27,2.21,2.25,56139351
2015/12/22,sh.600022,2.25,2.30,2.24,2.29,61174041
2015/12/23,sh.600022,2.28,2.28,2.21,2.22,49081887
2015/12/24,sh.600022,2.22,2.23,2.17,2.19,29360549
2015/12/25,sh.600022,2.19,2.21,2.18,2.20,21522003
2015/12/28,sh.600022,2.20,2.21,2.15,2.15,29131749
2015/12/29,sh.600022,2.15,2.19,2.13,2.18,24360617
2015/12/30,sh.600022,2.18,2.20,2.17,2.20,22353017
2015/12/31,sh.600022,2.20,2.24,2.18,2.21,43285955
2016/1/4,sh.600022,2.19,2.23,2.08,2.10,39959147
2016/1/5,sh.600022,2.06,2.22,2.01,2.18,82492594
2016/1/6,sh.600022,2.18,2.40,2.15,2.40,234663698
2016/1/7,sh.600022,2.35,2.35,2.16,2.16,58700249
2016/1/8,sh.600022,2.20,2.37,2.13,2.37,285001567
2016/1/11,sh.600022,2.33,2.36,2.14,2.20,213324392
2016/1/12,sh.600022,2.17,2.20,2.05,2.13,110917668
2016/1/13,sh.600022,2.11,2.26,2.10,2.13,124916278
2016/1/14,sh.600022,2.06,2.18,1.98,2.16,96456289
2016/1/15,sh.600022,2.14,2.14,2.03,2.05,78203054
2016/1/18,sh.600022,2.02,2.06,1.99,2.03,49111410
2016/1/19,sh.600022,2.03,2.08,2.01,2.08,53980281
2016/1/20,sh.600022,2.07,2.08,2.01,2.04,45954066
2016/1/21,sh.600022,2.01,2.07,1.98,1.98,50363336
2016/1/22,sh.600022,2.01,2.03,1.97,2.01,41978158
2016/1/25,sh.600022,2.03,2.07,2.01,2.04,41655669
2016/1/26,sh.600022,2.02,2.02,1.85,1.86,53834614
2016/1/27,sh.600022,1.87,1.88,1.68,1.81,59090646
2016/1/28,sh.600022,1.81,1.81,1.64,1.66,46539466
2016/1/29,sh.600022,1.66,1.78,1.65,1.73,51255775
2016/2/1,sh.600022,1.75,1.79,1.66,1.71,38128015
2016/2/2,sh.600022,1.71,1.79,1.71,1.76,33264469
2016/2/3,sh.600022,1.73,1.75,1.70,1.73,28255870
2016/2/4,sh.600022,1.74,1.77,1.73,1.76,28892895
2016/2/5,sh.600022,1.77,1.78,1.74,1.75,25808581
2016/2/15,sh.600022,1.71,1.74,1.66,1.73,21871182
2016/2/16,sh.600022,1.74,1.82,1.73,1.81,47517516
2016/2/17,sh.600022,1.80,1.84,1.79,1.83,42606049
2016/2/18,sh.600022,1.83,1.89,1.82,1.83,47126200
2016/2/19,sh.600022,1.81,1.83,1.79,1.81,29434120
2016/2/22,sh.600022,1.83,1.97,1.83,1.92,88555256
2016/2/23,sh.600022,1.92,1.92,1.86,1.90,50475401
2016/2/24,sh.600022,1.88,1.91,1.86,1.89,41594613
2016/2/25,sh.600022,1.89,1.90,1.71,1.73,59565737
2016/2/26,sh.600022,1.76,1.81,1.71,1.79,41092169
2016/2/29,sh.600022,1.78,1.79,1.66,1.75,36966687
2016/3/1,sh.600022,1.76,1.80,1.73,1.79,35581415
2016/3/2,sh.600022,1.78,1.93,1.76,1.91,91098174
2016/3/3,sh.600022,1.88,1.93,1.87,1.87,63870655
2016/3/4,sh.600022,1.87,1.94,1.86,1.90,71190776
2016/3/7,sh.600022,1.97,2.03,1.92,1.95,86481465
2016/3/8,sh.600022,2.01,2.03,1.91,1.96,70429329
2016/3/9,sh.600022,1.89,1.89,1.85,1.87,44576608
2016/3/10,sh.600022,1.88,1.89,1.83,1.84,29275658
2016/3/11,sh.600022,1.82,1.84,1.80,1.83,20548113
2016/3/14,sh.600022,1.84,1.89,1.84,1.88,30676608
2016/3/15,sh.600022,1.87,1.88,1.83,1.85,22487232
2016/3/16,sh.600022,1.84,1.86,1.82,1.83,19922201
2016/3/17,sh.600022,1.83,1.87,1.83,1.86,31127321
2016/3/18,sh.600022,1.87,1.91,1.86,1.90,56460290
2016/3/21,sh.600022,1.92,1.94,1.89,1.93,73221393
2016/3/22,sh.600022,1.91,1.92,1.89,1.91,43731839
2016/3/23,sh.600022,1.90,1.93,1.88,1.91,32054303
2016/3/24,sh.600022,1.90,1.90,1.87,1.87,30524065
2016/3/25,sh.600022,1.86,1.88,1.86,1.88,24067851
2016/3/28,sh.600022,1.88,1.93,1.87,1.88,45243289
2016/3/29,sh.600022,1.88,1.88,1.83,1.85,28109706
2016/3/30,sh.600022,1.86,1.89,1.85,1.88,23481449
2016/3/31,sh.600022,1.89,1.90,1.87,1.89,27153185
2016/4/1,sh.600022,1.88,1.91,1.86,1.90,36516649
2016/4/5,sh.600022,1.88,1.93,1.88,1.92,46473437
2016/4/6,sh.600022,1.91,1.93,1.88,1.91,34697609
2016/4/7,sh.600022,1.91,2.03,1.89,1.93,90952548
2016/4/8,sh.600022,1.91,1.96,1.89,1.92,57329825
2016/4/11,sh.600022,1.93,2.03,1.93,2.00,110902583
2016/4/12,sh.600022,2.00,2.04,1.98,2.02,70248195
2016/4/13,sh.600022,2.08,2.10,2.03,2.04,79064108
2016/4/14,sh.600022,2.06,2.08,2.01,2.04,41941829
2016/4/15,sh.600022,2.03,2.05,2.01,2.03,23889517
2016/4/18,sh.600022,2.01,2.03,1.98,2.03,33328126
2016/4/19,sh.600022,2.03,2.04,2.00,2.03,19636188
2016/4/20,sh.600022,2.05,2.07,1.92,1.97,47890637
2016/4/21,sh.600022,1.96,2.08,1.96,2.03,68748683
2016/4/22,sh.600022,1.99,2.04,1.94,1.99,40022283
2016/4/25,sh.600022,1.99,1.99,1.93,1.97,32776435
2016/4/26,sh.600022,1.96,1.98,1.94,1.96,24449705
2016/4/27,sh.600022,1.96,1.97,1.93,1.93,18521106
2016/4/28,sh.600022,1.94,1.95,1.91,1.92,16248484
2016/4/29,sh.600022,1.93,1.93,1.89,1.92,15593479
2016/5/3,sh.600022,1.92,1.95,1.88,1.95,26399167
2016/5/4,sh.600022,1.93,1.94,1.91,1.93,22220778
2016/5/5,sh.600022,1.92,1.93,1.91,1.92,18380932
2016/5/6,sh.600022,1.92,1.93,1.85,1.86,28075350
2016/5/9,sh.600022,1.85,1.85,1.71,1.76,41494366
2016/5/10,sh.600022,1.75,1.76,1.73,1.75,22013425
2016/5/11,sh.600022,1.76,1.76,1.73,1.73,15801492
2016/5/12,sh.600022,1.71,1.74,1.68,1.73,17356394
2016/5/13,sh.600022,1.72,1.75,1.71,1.73,16089816
2016/5/16,sh.600022,1.72,1.73,1.69,1.73,19842194
2016/5/17,sh.600022,1.73,1.76,1.73,1.73,17046537
2016/5/18,sh.600022,1.72,1.73,1.68,1.70,17370056
2016/5/19,sh.600022,1.70,1.74,1.69,1.71,21046916
2016/5/20,sh.600022,1.69,1.73,1.69,1.72,14236065
2016/5/23,sh.600022,1.72,1.73,1.71,1.72,11508580
2016/5/24,sh.600022,1.72,1.72,1.69,1.70,15754403
2016/5/25,sh.600022,1.70,1.71,1.69,1.71,9884823
2016/5/26,sh.600022,1.70,1.71,1.67,1.70,14587058
2016/5/27,sh.600022,1.69,1.71,1.68,1.70,17212434
2016/5/30,sh.600022,1.69,1.70,1.68,1.69,13035100
2016/5/31,sh.600022,1.69,1.74,1.68,1.73,31868300
2016/6/1,sh.600022,1.73,1.74,1.72,1.73,23240483
2016/6/2,sh.600022,1.73,1.74,1.72,1.74,22477868
2016/6/3,sh.600022,1.73,1.74,1.72,1.73,22305480
2016/6/6,sh.600022,1.73,1.78,1.73,1.76,30273939
2016/6/7,sh.600022,1.75,1.76,1.73,1.73,17011460
2016/6/8,sh.600022,1.73,1.74,1.71,1.73,27588880
2016/6/13,sh.600022,1.71,1.71,1.67,1.68,21799694
2016/6/14,sh.600022,1.68,1.69,1.66,1.68,11483564
2016/6/15,sh.600022,1.67,1.70,1.66,1.69,16672118
2016/6/16,sh.600022,1.69,1.70,1.68,1.69,18428801
2016/6/17,sh.600022,1.69,1.73,1.69,1.71,28211915
2016/6/20,sh.600022,1.71,1.71,1.68,1.69,17230999
2016/6/21,sh.600022,1.69,1.70,1.67,1.68,21899340
2016/6/22,sh.600022,1.67,1.69,1.66,1.69,22211384
2016/6/23,sh.600022,1.69,1.69,1.66,1.68,12569238
2016/6/24,sh.600022,1.68,1.69,1.62,1.65,25533734
2016/6/27,sh.600022,1.65,1.69,1.65,1.69,27440127
2016/6/28,sh.600022,1.68,1.69,1.66,1.68,15668078
2016/6/29,sh.600022,1.69,1.69,1.67,1.69,22106973
2016/6/30,sh.600022,1.69,1.69,1.68,1.69,14631866
2016/7/1,sh.600022,1.68,1.69,1.67,1.69,14319564
2016/7/4,sh.600022,1.68,1.73,1.67,1.71,49913748
2016/7/5,sh.600022,1.71,1.75,1.71,1.73,37629371
2016/7/6,sh.600022,1.73,1.73,1.70,1.73,28361246
2016/7/7,sh.600022,1.73,1.76,1.72,1.75,35856138
2016/7/8,sh.600022,1.74,1.74,1.72,1.73,19124580
2016/7/11,sh.600022,1.73,1.76,1.72,1.73,29040654
2016/7/12,sh.600022,1.73,1.79,1.73,1.78,68121418
2016/7/13,sh.600022,1.78,1.83,1.76,1.81,68294872
2016/7/14,sh.600022,1.81,1.81,1.78,1.80,26343282
2016/7/15,sh.600022,1.80,1.90,1.78,1.85,61129378
2016/7/18,sh.600022,1.83,1.83,1.79,1.80,36270406
2016/7/19,sh.600022,1.79,1.80,1.76,1.78,22599807
2016/7/20,sh.600022,1.78,1.78,1.76,1.76,10690300
2016/7/21,sh.600022,1.76,1.80,1.76,1.78,15659237
2016/7/22,sh.600022,1.78,1.78,1.75,1.76,21031464
2016/7/25,sh.600022,1.75,1.77,1.75,1.76,10436348
2016/7/26,sh.600022,1.76,1.78,1.75,1.78,11871167
2016/7/27,sh.600022,1.78,1.80,1.70,1.72,28980781
2016/7/28,sh.600022,1.73,1.73,1.70,1.72,17555786
2016/7/29,sh.600022,1.71,1.73,1.71,1.71,12932870
2016/8/1,sh.600022,1.71,1.72,1.69,1.71,16464306
2016/8/2,sh.600022,1.71,1.72,1.70,1.72,10547278
2016/8/3,sh.600022,1.72,1.73,1.71,1.72,9248890
2016/8/4,sh.600022,1.72,1.74,1.71,1.74,15955019
2016/8/5,sh.600022,1.73,1.76,1.73,1.75,16048974
2016/8/8,sh.600022,1.75,1.80,1.75,1.79,30669202
2016/8/9,sh.600022,1.78,1.79,1.76,1.78,23021689
2016/8/10,sh.600022,1.78,1.84,1.77,1.79,40037509
2016/8/11,sh.600022,1.78,1.79,1.76,1.76,22333872
2016/8/12,sh.600022,1.74,1.78,1.74,1.77,29654532
2016/8/15,sh.600022,1.77,1.81,1.76,1.79,70722703
2016/8/16,sh.600022,1.79,1.83,1.79,1.82,79297579
2016/8/17,sh.600022,1.81,1.87,1.81,1.83,110881240
2016/8/18,sh.600022,1.82,1.84,1.80,1.81,55719380
2016/8/19,sh.600022,1.81,1.81,1.78,1.81,30365395
2016/8/22,sh.600022,1.80,1.81,1.78,1.79,24183200
2016/8/23,sh.600022,1.79,1.81,1.77,1.79,34680335
2016/8/24,sh.600022,1.78,1.81,1.78,1.81,42261763
2016/8/25,sh.600022,1.80,1.85,1.78,1.81,61849490
2016/8/26,sh.600022,1.83,1.84,1.81,1.82,39920179
2016/8/29,sh.600022,1.81,1.83,1.80,1.82,38078159
2016/8/30,sh.600022,1.82,1.83,1.80,1.81,31396334
2016/8/31,sh.600022,1.80,1.81,1.77,1.79,36007803
2016/9/1,sh.600022,1.78,1.79,1.76,1.76,38702139
2016/9/2,sh.600022,1.76,1.77,1.76,1.76,20802933
2016/9/5,sh.600022,1.76,1.79,1.76,1.78,35634408
2016/9/6,sh.600022,1.79,1.85,1.79,1.83,74372082
2016/9/7,sh.600022,1.81,1.82,1.80,1.81,47575987
2016/9/8,sh.600022,1.81,1.81,1.78,1.79,31999479
2016/9/9,sh.600022,1.79,1.80,1.78,1.78,22511481
2016/9/12,sh.600022,1.76,1.78,1.73,1.75,44421599
2016/9/13,sh.600022,1.75,1.76,1.74,1.75,23370474
2016/9/14,sh.600022,1.74,1.75,1.73,1.74,20326569
2016/9/19,sh.600022,1.74,1.76,1.73,1.76,25948029
2016/9/20,sh.600022,1.76,1.78,1.75,1.76,20222453
2016/9/21,sh.600022,1.76,1.81,1.76,1.78,37565757
2016/9/22,sh.600022,1.78,1.78,1.77,1.78,31168012
2016/9/23,sh.600022,1.78,1.78,1.76,1.76,27663140
2016/9/26,sh.600022,1.76,1.77,1.72,1.73,39008454
2016/9/27,sh.600022,1.71,1.73,1.71,1.73,15071444
2016/9/28,sh.600022,1.73,1.73,1.73,1.73,12142176
2016/9/29,sh.600022,1.73,1.75,1.73,1.73,18169227
2016/9/30,sh.600022,1.73,1.74,1.73,1.73,16193030
2016/10/10,sh.600022,1.75,1.76,1.74,1.76,37782647
2016/10/11,sh.600022,1.76,1.77,1.74,1.77,31642752
2016/10/12,sh.600022,1.76,1.76,1.75,1.76,18138653
2016/10/13,sh.600022,1.76,1.78,1.75,1.77,26567779
2016/10/14,sh.600022,1.76,1.77,1.74,1.76,24305293
2016/10/17,sh.600022,1.76,1.78,1.75,1.76,38711683
2016/10/18,sh.600022,1.75,1.78,1.75,1.78,35682244
2016/10/19,sh.600022,1.77,1.78,1.76,1.77,44512417
2016/10/20,sh.600022,1.77,1.78,1.76,1.77,63292866
2016/10/21,sh.600022,1.76,1.78,1.74,1.76,49896530
2016/10/24,sh.600022,1.76,1.78,1.76,1.78,109316289
2016/10/25,sh.600022,1.78,1.80,1.77,1.79,106163610
2016/10/26,sh.600022,1.78,1.80,1.77,1.78,65594641
2016/10/27,sh.600022,1.78,1.79,1.77,1.78,43296549
2016/10/28,sh.600022,1.78,1.78,1.74,1.76,53416825
2016/10/31,sh.600022,1.75,1.76,1.73,1.76,32757094
2016/11/1,sh.600022,1.76,1.76,1.75,1.76,21226371
2016/11/2,sh.600022,1.76,1.76,1.74,1.75,31382816
2016/11/3,sh.600022,1.74,1.76,1.73,1.76,30373487
2016/11/4,sh.600022,1.75,1.76,1.74,1.75,32152070
2016/11/7,sh.600022,1.76,1.79,1.76,1.79,93268275
2016/11/8,sh.600022,1.79,1.79,1.76,1.78,59306857
2016/11/9,sh.600022,1.78,1.79,1.76,1.79,85644220
2016/11/10,sh.600022,1.79,1.85,1.79,1.83,172861172
2016/11/11,sh.600022,1.82,1.86,1.80,1.86,164408862
2016/11/14,sh.600022,1.84,1.87,1.83,1.86,114772470
2016/11/15,sh.600022,1.85,1.87,1.82,1.83,120830243
2016/11/16,sh.600022,1.83,1.83,1.81,1.83,107203947
2016/11/17,sh.600022,1.81,1.83,1.81,1.83,59247326
2016/11/18,sh.600022,1.83,1.84,1.81,1.82,58119042
2016/11/21,sh.600022,1.81,1.85,1.81,1.83,78515606
2016/11/22,sh.600022,1.83,1.88,1.83,1.87,145752990
2016/11/23,sh.600022,1.86,1.88,1.84,1.85,104463804
2016/11/24,sh.600022,1.85,1.86,1.83,1.84,78082450
2016/11/25,sh.600022,1.84,1.91,1.82,1.89,169656374
2016/11/28,sh.600022,1.90,1.91,1.87,1.88,112056802
2016/11/29,sh.600022,1.88,1.93,1.88,1.89,158952418
2016/11/30,sh.600022,1.88,1.88,1.85,1.86,84397098
2016/12/1,sh.600022,1.86,1.90,1.86,1.90,73794958
2016/12/2,sh.600022,1.90,1.93,1.86,1.87,99751217
2016/12/5,sh.600022,1.85,1.88,1.84,1.86,65913441
2016/12/6,sh.600022,1.86,1.88,1.84,1.86,46831500
2016/12/7,sh.600022,1.86,1.91,1.86,1.91,137414339
2016/12/8,sh.600022,1.90,1.91,1.88,1.89,79933119
2016/12/9,sh.600022,1.88,1.91,1.86,1.88,59299261
2016/12/12,sh.600022,1.89,1.92,1.83,1.83,99630159
2016/12/13,sh.600022,1.83,1.86,1.81,1.86,57869628
2016/12/14,sh.600022,1.85,1.86,1.81,1.82,54497536
2016/12/15,sh.600022,1.81,1.83,1.81,1.83,47364871
2016/12/16,sh.600022,1.82,1.83,1.81,1.83,24013371
2016/12/19,sh.600022,1.83,1.83,1.81,1.81,30397287
2016/12/20,sh.600022,1.81,1.82,1.79,1.81,36495773
2016/12/21,sh.600022,1.81,1.83,1.81,1.82,36942890
2016/12/22,sh.600022,1.82,1.83,1.81,1.82,27703068
2016/12/23,sh.600022,1.82,1.82,1.79,1.80,33351146
2016/12/26,sh.600022,1.81,1.81,1.77,1.79,37689514
2016/12/27,sh.600022,1.78,1.79,1.77,1.78,39909685
2016/12/28,sh.600022,1.77,1.79,1.77,1.78,40598476
2016/12/29,sh.600022,1.77,1.79,1.76,1.78,33036027
2016/12/30,sh.600022,1.77,1.78,1.77,1.78,23974239
2017/1/3,sh.600022,1.78,1.81,1.78,1.81,36814280
2017/1/4,sh.600022,1.81,1.83,1.80,1.82,39901090
2017/1/5,sh.600022,1.82,1.82,1.81,1.81,26446651
2017/1/6,sh.600022,1.81,1.83,1.81,1.83,46911713
2017/1/9,sh.600022,1.82,1.83,1.81,1.83,59060377
2017/1/10,sh.600022,1.83,1.86,1.82,1.84,74068024
2017/1/11,sh.600022,1.85,1.91,1.83,1.84,99296316
2017/1/12,sh.600022,1.83,1.85,1.81,1.82,64439363
2017/1/13,sh.600022,1.82,1.83,1.81,1.82,40487003
2017/1/16,sh.600022,1.83,1.86,1.81,1.84,120891358
2017/1/17,sh.600022,1.83,1.84,1.81,1.84,45006779
2017/1/18,sh.600022,1.83,1.88,1.82,1.87,80650753
2017/1/19,sh.600022,1.86,1.87,1.85,1.85,45270892
2017/1/20,sh.600022,1.85,1.88,1.84,1.87,40097566
2017/1/23,sh.600022,1.86,1.89,1.85,1.88,63253159
2017/1/24,sh.600022,1.88,1.95,1.87,1.92,122060258
2017/1/25,sh.600022,1.91,1.93,1.89,1.92,58060056
2017/1/26,sh.600022,1.91,1.93,1.88,1.90,90683308
2017/2/3,sh.600022,1.91,1.91,1.87,1.87,40367800
2017/2/6,sh.600022,1.87,1.88,1.86,1.87,47233044
2017/2/7,sh.600022,1.87,1.88,1.86,1.88,39867814
2017/2/8,sh.600022,1.88,1.88,1.86,1.88,48790216
2017/2/9,sh.600022,1.88,1.95,1.87,1.93,168870446
2017/2/10,sh.600022,1.92,2.05,1.91,2.02,273759566
2017/2/13,sh.600022,2.01,2.02,1.98,2.00,132668196
2017/2/14,sh.600022,1.99,2.08,1.98,2.02,275300270
2017/2/15,sh.600022,2.01,2.02,1.96,1.97,187351943
2017/2/16,sh.600022,1.96,2.06,1.96,2.02,218384858
2017/2/17,sh.600022,2.00,2.01,1.98,1.98,129581808
2017/2/20,sh.600022,1.98,2.04,1.98,2.03,147336407
2017/2/21,sh.600022,2.05,2.07,2.01,2.05,121633347
2017/2/22,sh.600022,2.04,2.24,2.03,2.11,250643454
2017/2/23,sh.600022,2.10,2.14,2.06,2.09,205049619
2017/2/24,sh.600022,2.08,2.09,2.03,2.06,122710214
2017/2/27,sh.600022,2.05,2.07,2.01,2.03,120822510
2017/2/28,sh.600022,2.02,2.03,2.01,2.02,58444810
2017/3/1,sh.600022,2.02,2.03,2.01,2.02,67522078
2017/3/2,sh.600022,2.03,2.05,2.01,2.01,69468767
2017/3/3,sh.600022,1.99,2.00,1.96,1.98,77202316
2017/3/6,sh.600022,1.98,2.01,1.97,2.00,59823842
2017/3/7,sh.600022,1.99,2.00,1.97,1.98,51061680
2017/3/8,sh.600022,1.98,1.98,1.96,1.97,44669242
2017/3/9,sh.600022,1.96,1.96,1.93,1.94,57113668
2017/3/10,sh.600022,1.95,1.96,1.93,1.94,37158139
2017/3/13,sh.600022,1.93,1.96,1.92,1.96,48345045
2017/3/14,sh.600022,1.96,1.99,1.96,1.97,71145554
2017/3/15,sh.600022,1.98,2.00,1.96,1.99,55694409
2017/3/16,sh.600022,1.99,2.00,1.97,1.99,65465050
2017/3/17,sh.600022,1.99,2.00,1.93,1.95,56572881
2017/3/20,sh.600022,1.94,1.96,1.93,1.95,29750602
2017/3/21,sh.600022,1.94,1.95,1.93,1.94,40953642
2017/3/22,sh.600022,1.93,1.93,1.90,1.91,59329771
2017/3/23,sh.600022,1.91,1.93,1.88,1.91,56424182
2017/3/24,sh.600022,1.90,1.94,1.88,1.93,68837591
2017/3/27,sh.600022,1.92,1.94,1.91,1.93,47741503
2017/3/28,sh.600022,1.91,1.93,1.91,1.93,23235852
2017/3/29,sh.600022,1.93,1.96,1.91,1.93,84523741
2017/3/30,sh.600022,1.93,1.94,1.90,1.91,66576593
2017/3/31,sh.600022,1.91,1.92,1.90,1.91,38413126
2017/4/5,sh.600022,1.96,1.99,1.93,1.98,127697931
2017/4/6,sh.600022,1.98,2.01,1.96,1.99,102617836
2017/4/7,sh.600022,1.98,1.98,1.96,1.97,80186755
2017/4/10,sh.600022,1.96,2.01,1.96,1.98,99397733
2017/4/11,sh.600022,1.98,2.07,1.97,2.03,162081909
2017/4/12,sh.600022,2.01,2.04,1.98,2.01,149005965
2017/4/13,sh.600022,1.99,2.02,1.99,2.01,69681122
2017/4/14,sh.600022,2.00,2.03,1.99,2.02,124928332
2017/4/17,sh.600022,2.01,2.01,1.96,1.98,81788764
2017/4/18,sh.600022,1.97,1.98,1.94,1.95,56186103
2017/4/19,sh.600022,1.93,1.94,1.88,1.90,76914367
2017/4/20,sh.600022,1.93,1.96,1.91,1.93,105302576
2017/4/21,sh.600022,1.93,1.95,1.92,1.93,53467509
2017/4/24,sh.600022,1.93,1.93,1.88,1.89,66597573
2017/4/25,sh.600022,1.89,1.91,1.88,1.90,41645898
2017/4/26,sh.600022,1.90,1.90,1.88,1.88,42879430
2017/4/27,sh.600022,1.88,1.88,1.81,1.87,67606774
2017/4/28,sh.600022,1.86,1.92,1.86,1.91,63590023
2017/5/2,sh.600022,1.91,1.93,1.89,1.91,40935569
2017/5/3,sh.600022,1.90,1.91,1.89,1.90,27102640
2017/5/4,sh.600022,1.89,1.92,1.87,1.89,44816570
2017/5/5,sh.600022,1.88,1.89,1.86,1.87,32630344
2017/5/8,sh.600022,1.87,1.88,1.86,1.87,32205369
2017/5/9,sh.600022,1.87,1.87,1.84,1.87,30970241
2017/5/10,sh.600022,1.86,1.88,1.83,1.83,36117183
2017/5/11,sh.600022,1.81,1.82,1.75,1.80,64999995
2017/5/12,sh.600022,1.79,1.81,1.76,1.80,37539353
2017/5/15,sh.600022,1.80,1.81,1.80,1.81,17627029
2017/5/16,sh.600022,1.80,1.83,1.78,1.83,33470855
2017/5/17,sh.600022,1.82,1.86,1.82,1.84,38874346
2017/5/18,sh.600022,1.83,1.85,1.83,1.83,24387293
2017/5/19,sh.600022,1.83,1.86,1.83,1.85,34488628
2017/5/22,sh.600022,1.85,1.88,1.81,1.82,72087922
2017/5/23,sh.600022,1.81,1.83,1.79,1.81,48635540
2017/5/24,sh.600022,1.81,1.82,1.78,1.82,28039708
2017/5/25,sh.600022,1.81,1.86,1.81,1.86,46933357
2017/5/26,sh.600022,1.85,1.87,1.83,1.85,33620182
2017/5/31,sh.600022,1.86,1.87,1.84,1.85,31413753
2017/6/1,sh.600022,1.86,1.86,1.81,1.83,38782488
2017/6/2,sh.600022,1.82,1.84,1.80,1.83,35043580
2017/6/5,sh.600022,1.84,1.86,1.83,1.86,31255845
2017/6/6,sh.600022,1.86,1.87,1.84,1.87,27740821
2017/6/7,sh.600022,1.86,1.89,1.86,1.88,46951290
2017/6/8,sh.600022,1.88,1.91,1.88,1.89,64719339
2017/6/9,sh.600022,1.88,1.89,1.86,1.88,69026650
2017/6/12,sh.600022,1.88,1.88,1.86,1.86,47647054
2017/6/13,sh.600022,1.86,1.89,1.86,1.88,49156053
2017/6/14,sh.600022,1.88,1.89,1.88,1.88,34592385
2017/6/15,sh.600022,1.88,1.89,1.88,1.89,32738441
2017/6/16,sh.600022,1.89,1.89,1.88,1.88,43203653
2017/6/19,sh.600022,1.88,1.91,1.88,1.91,74771240
2017/6/20,sh.600022,1.90,1.92,1.89,1.91,61007884
2017/6/21,sh.600022,1.91,1.91,1.89,1.91,53166338
2017/6/22,sh.600022,1.90,1.91,1.88,1.88,61564979
2017/6/23,sh.600022,1.88,1.91,1.86,1.91,129491581
2017/6/26,sh.600022,1.90,1.91,1.89,1.91,73840645
2017/6/27,sh.600022,1.90,1.92,1.90,1.92,93338989
2017/6/28,sh.600022,1.90,1.94,1.90,1.91,142385922
2017/6/29,sh.600022,1.91,1.92,1.90,1.91,65400249
2017/6/30,sh.600022,1.90,1.91,1.89,1.90,50659221
2017/7/3,sh.600022,1.91,1.98,1.90,1.97,191733384
2017/7/4,sh.600022,1.96,1.96,1.93,1.94,106601009
2017/7/5,sh.600022,1.94,1.96,1.93,1.96,71729902
2017/7/6,sh.600022,1.95,1.98,1.95,1.97,107051827
2017/7/7,sh.600022,1.96,2.00,1.95,2.00,122867670
2017/7/10,sh.600022,2.00,2.07,1.98,2.02,201670329
2017/7/11,sh.600022,2.02,2.03,1.99,2.00,125885959
2017/7/12,sh.600022,2.00,2.01,1.97,2.00,103358384
2017/7/13,sh.600022,2.00,2.05,1.99,2.03,139703299
2017/7/14,sh.600022,2.02,2.03,2.00,2.02,83429305
2017/7/17,sh.600022,2.02,2.03,1.96,1.97,158460329
2017/7/18,sh.600022,1.97,2.03,1.96,2.03,148600061
2017/7/19,sh.600022,2.03,2.11,2.02,2.10,311985494
2017/7/20,sh.600022,2.09,2.10,2.06,2.07,165157007
2017/7/21,sh.600022,2.05,2.08,2.05,2.08,103486241
2017/7/24,sh.600022,2.07,2.12,2.06,2.08,138445200
2017/7/25,sh.600022,2.07,2.09,2.05,2.08,112573220
2017/7/26,sh.600022,2.08,2.10,2.06,2.09,129624216
2017/7/27,sh.600022,2.08,2.12,2.07,2.09,170001105
2017/7/28,sh.600022,2.08,2.12,2.02,2.11,224181651
2017/7/31,sh.600022,2.10,2.22,2.09,2.19,374812673
2017/8/1,sh.600022,2.21,2.22,2.15,2.17,219602973
2017/8/2,sh.600022,2.17,2.26,2.16,2.22,340447136
2017/8/3,sh.600022,2.20,2.36,2.19,2.34,461608483
2017/8/4,sh.600022,2.32,2.53,2.30,2.37,689976174
2017/8/7,sh.600022,2.44,2.49,2.30,2.48,613451639
2017/8/8,sh.600022,2.47,2.49,2.36,2.39,510950240
2017/8/9,sh.600022,2.38,2.45,2.27,2.42,559354507
2017/8/10,sh.600022,2.36,2.38,2.31,2.31,371569394
2017/8/11,sh.600022,2.26,2.26,2.15,2.18,378294002
2017/8/14,sh.600022,2.18,2.24,2.17,2.22,213719558
2017/8/15,sh.600022,2.20,2.25,2.18,2.23,159571900
2017/8/16,sh.600022,2.21,2.23,2.19,2.21,122757562
2017/8/17,sh.600022,2.24,2.25,2.22,2.24,156047812
2017/8/18,sh.600022,2.23,2.23,2.18,2.22,107676256
2017/8/21,sh.600022,2.22,2.25,2.20,2.25,159192173
2017/8/22,sh.600022,2.24,2.24,2.21,2.22,92007293
2017/8/23,sh.600022,2.18,2.20,2.15,2.15,159158017
2017/8/24,sh.600022,2.16,2.17,2.12,2.13,91791500
2017/8/25,sh.600022,2.15,2.19,2.14,2.18,130689882
2017/8/28,sh.600022,2.16,2.21,2.15,2.20,138368372
2017/8/29,sh.600022,2.19,2.24,2.18,2.21,142778616
2017/8/30,sh.600022,2.21,2.31,2.19,2.28,289018486
2017/8/31,sh.600022,2.26,2.31,2.24,2.28,222413141
2017/9/1,sh.600022,2.27,2.51,2.27,2.44,949534842
2017/9/4,sh.600022,2.50,2.53,2.38,2.42,691709987
2017/9/5,sh.600022,2.43,2.44,2.33,2.36,313701177
2017/9/6,sh.600022,2.33,2.42,2.32,2.39,294471171
2017/9/7,sh.600022,2.38,2.38,2.31,2.34,223313264
2017/9/8,sh.600022,2.34,2.36,2.27,2.28,281042614
2017/9/11,sh.600022,2.26,2.30,2.23,2.29,225230993
2017/9/12,sh.600022,2.31,2.35,2.29,2.33,277966264
2017/9/13,sh.600022,2.32,2.36,2.31,2.36,286696277
2017/9/14,sh.600022,2.35,2.35,2.28,2.30,213095791
2017/9/15,sh.600022,2.28,2.28,2.22,2.24,242853387
2017/9/18,sh.600022,2.23,2.26,2.22,2.26,100178855
2017/9/19,sh.600022,2.26,2.27,2.23,2.23,126743425
2017/9/20,sh.600022,2.22,2.24,2.20,2.24,145266541
2017/9/21,sh.600022,2.23,2.32,2.21,2.26,256987678
2017/9/22,sh.600022,2.24,2.30,2.21,2.28,244672231
2017/9/25,sh.600022,2.25,2.28,2.23,2.24,121129161
2017/9/26,sh.600022,2.22,2.31,2.21,2.27,230967376
2017/9/27,sh.600022,2.26,2.34,2.26,2.34,339519860
2017/9/28,sh.600022,2.32,2.33,2.28,2.29,196256303
2017/9/29,sh.600022,2.28,2.32,2.24,2.28,150116464
2017/10/9,sh.600022,2.32,2.33,2.28,2.30,157570131
2017/10/10,sh.600022,2.29,2.29,2.25,2.27,117373959
2017/10/11,sh.600022,2.26,2.26,2.22,2.25,180990580
2017/10/12,sh.600022,2.24,2.27,2.20,2.27,219455344
2017/10/13,sh.600022,2.25,2.28,2.24,2.26,139120646
2017/10/16,sh.600022,2.25,2.28,2.24,2.25,121160687
2017/10/17,sh.600022,2.23,2.24,2.20,2.21,125248468
2017/10/18,sh.600022,2.21,2.22,2.18,2.18,124324954
2017/10/19,sh.600022,2.16,2.17,2.12,2.13,118010265
2017/10/20,sh.600022,2.12,2.17,2.12,2.16,82192636
2017/10/23,sh.600022,2.15,2.16,2.13,2.15,55586471
2017/10/24,sh.600022,2.16,2.18,2.15,2.17,79528060
2017/10/25,sh.600022,2.17,2.17,2.15,2.17,52125978
2017/10/26,sh.600022,2.15,2.19,2.15,2.18,69584344
2017/10/27,sh.600022,2.18,2.18,2.13,2.14,85151206
2017/10/30,sh.600022,2.14,2.16,2.11,2.12,120160298
2017/10/31,sh.600022,2.12,2.12,2.11,2.12,75147571
2017/11/1,sh.600022,2.12,2.15,2.12,2.13,76289938
2017/11/2,sh.600022,2.12,2.13,2.09,2.10,104936368
2017/11/3,sh.600022,2.10,2.11,2.02,2.04,171565304
2017/11/6,sh.600022,2.05,2.08,2.01,2.08,139244508
2017/11/7,sh.600022,2.06,2.14,2.06,2.12,151467331
2017/11/8,sh.600022,2.10,2.12,2.09,2.11,102257044
2017/11/9,sh.600022,2.12,2.13,2.10,2.12,77068690
2017/11/10,sh.600022,2.11,2.12,2.09,2.11,61828021
2017/11/13,sh.600022,2.11,2.13,2.09,2.12,120025143
2017/11/14,sh.600022,2.12,2.15,2.11,2.12,136319158
2017/11/15,sh.600022,2.11,2.12,2.07,2.08,97875205
2017/11/16,sh.600022,2.07,2.09,2.06,2.07,64905836
2017/11/17,sh.600022,2.06,2.07,2.01,2.02,110642614
2017/11/20,sh.600022,2.00,2.02,1.96,2.01,115673347
2017/11/21,sh.600022,2.00,2.03,1.99,2.00,92071554
2017/11/22,sh.600022,2.00,2.01,1.98,2.01,97221015
2017/11/23,sh.600022,2.00,2.05,2.00,2.00,125779041
2017/11/24,sh.600022,1.98,2.01,1.98,2.00,64379474
2017/11/27,sh.600022,2.00,2.04,2.00,2.01,89005194
2017/11/28,sh.600022,2.00,2.08,2.00,2.06,149649055
2017/11/29,sh.600022,2.06,2.12,2.05,2.11,209613367
2017/11/30,sh.600022,2.11,2.13,2.09,2.09,145399551
2017/12/1,sh.600022,2.08,2.10,2.07,2.09,70069361
2017/12/4,sh.600022,2.10,2.14,2.10,2.11,108817800
2017/12/5,sh.600022,2.11,2.11,2.04,2.06,106591473
2017/12/6,sh.600022,2.04,2.05,2.00,2.04,99324990
2017/12/7,sh.600022,2.02,2.06,2.02,2.03,65021961
2017/12/8,sh.600022,2.02,2.07,2.01,2.06,78178000
2017/12/11,sh.600022,2.07,2.08,2.05,2.08,99562344
2017/12/12,sh.600022,2.08,2.08,2.04,2.04,84702370
2017/12/13,sh.600022,2.03,2.05,2.01,2.04,76798101
2017/12/14,sh.600022,2.03,2.04,2.01,2.02,58070745
2017/12/15,sh.600022,2.01,2.02,2.00,2.00,61926271
2017/12/18,sh.600022,2.01,2.02,2.00,2.02,55614268
2017/12/19,sh.600022,2.02,2.02,2.00,2.01,65319221
2017/12/20,sh.600022,2.01,2.01,1.97,1.98,70786679
2017/12/21,sh.600022,1.98,2.00,1.96,1.99,59644486
2017/12/22,sh.600022,1.99,2.00,1.98,1.99,46471648
2017/12/25,sh.600022,1.98,1.99,1.94,1.95,57911432
2017/12/26,sh.600022,1.95,1.96,1.93,1.96,61938817
2017/12/27,sh.600022,1.95,1.98,1.93,1.95,84739395
2017/12/28,sh.600022,1.94,1.98,1.93,1.98,92857138
2017/12/29,sh.600022,1.97,1.98,1.96,1.98,44573133
2018/1/2,sh.600022,1.98,2.01,1.97,2.01,79025947
2018/1/3,sh.600022,2.00,2.03,2.00,2.01,90257957
2018/1/4,sh.600022,2.00,2.04,2.00,2.02,112380046
2018/1/5,sh.600022,2.01,2.02,2.00,2.01,84278845
2018/1/8,sh.600022,2.01,2.05,2.00,2.04,110752332
2018/1/9,sh.600022,2.04,2.04,2.01,2.02,78148951
2018/1/10,sh.600022,2.01,2.02,2.00,2.01,71859576
2018/1/11,sh.600022,2.00,2.02,2.00,2.01,55606200
2018/1/12,sh.600022,2.00,2.04,2.00,2.02,95739478
2018/1/15,sh.600022,2.01,2.02,1.96,1.97,107894580
2018/1/16,sh.600022,1.97,1.99,1.96,1.99,51391351
2018/1/17,sh.600022,1.99,2.00,1.97,1.99,74282017
2018/1/18,sh.600022,1.99,2.02,1.98,2.02,95347104
2018/1/19,sh.600022,2.01,2.04,2.00,2.02,110432715
2018/1/22,sh.600022,2.04,2.09,2.04,2.07,152608163
2018/1/23,sh.600022,2.06,2.07,2.04,2.06,76916563
2018/1/24,sh.600022,2.06,2.07,2.05,2.06,86144451
2018/1/25,sh.600022,2.06,2.09,2.05,2.08,112927437
2018/1/26,sh.600022,2.08,2.08,2.05,2.06,56773663
2018/1/29,sh.600022,2.07,2.11,2.06,2.10,168382909
2018/1/30,sh.600022,2.09,2.10,2.06,2.07,86339936
2018/1/31,sh.600022,2.06,2.06,2.02,2.03,105336966
2018/2/1,sh.600022,2.04,2.09,2.02,2.04,147519487
2018/2/2,sh.600022,2.02,2.07,1.87,2.07,192687239
2018/2/5,sh.600022,2.02,2.12,2.00,2.09,226080308
2018/2/6,sh.600022,2.05,2.10,2.00,2.00,186151022
2018/2/7,sh.600022,2.04,2.08,2.00,2.03,155755282
2018/2/8,sh.600022,2.02,2.05,2.00,2.01,126112032
2018/2/9,sh.600022,1.98,2.00,1.90,1.95,164953446
2018/2/12,sh.600022,1.95,1.98,1.93,1.96,97066247
2018/2/13,sh.600022,1.97,2.00,1.96,1.97,74879847
2018/2/14,sh.600022,1.97,2.00,1.95,1.99,82939184
2018/2/22,sh.600022,2.00,2.04,1.99,2.03,101885977
2018/2/23,sh.600022,2.02,2.08,2.01,2.06,122933188
2018/2/26,sh.600022,2.08,2.12,2.07,2.09,137670858
2018/2/27,sh.600022,2.09,2.10,2.05,2.06,107039970
2018/2/28,sh.600022,2.05,2.08,2.04,2.08,78695180
2018/3/1,sh.600022,2.06,2.09,2.05,2.07,82055423
2018/3/2,sh.600022,2.05,2.05,2.01,2.02,97196358
2018/3/5,sh.600022,2.02,2.03,2.00,2.00,74505881
2018/3/6,sh.600022,2.00,2.03,1.99,2.03,76437164
2018/3/7,sh.600022,2.02,2.03,2.00,2.00,78525547
2018/3/8,sh.600022,2.00,2.02,2.00,2.01,47676303
2018/3/9,sh.600022,2.02,2.02,2.00,2.01,54476270
2018/3/12,sh.600022,2.01,2.02,2.00,2.00,75546078
2018/3/13,sh.600022,2.00,2.01,1.99,2.00,79518537
2018/3/14,sh.600022,2.00,2.01,1.99,2.00,57870501
2018/3/15,sh.600022,2.00,2.00,1.97,1.99,69647873
2018/3/16,sh.600022,1.99,1.99,1.97,1.97,45721338
2018/3/19,sh.600022,1.97,1.97,1.95,1.96,48800512
2018/3/20,sh.600022,1.95,1.98,1.94,1.98,54038775
2018/3/21,sh.600022,1.97,1.98,1.96,1.96,55364162
2018/3/22,sh.600022,1.96,1.97,1.94,1.95,44528320
2018/3/23,sh.600022,1.92,1.92,1.83,1.87,153744814
2018/3/26,sh.600022,1.83,1.87,1.81,1.87,79266696
2018/3/27,sh.600022,1.87,1.87,1.87,1.87,INVALID
2018/3/28,sh.600022,1.87,1.87,1.87,1.87,INVALID
2018/3/29,sh.600022,1.87,1.87,1.87,1.87,INVALID
2018/3/30,sh.600022,1.87,1.87,1.87,1.87,INVALID
2018/4/2,sh.600022,1.87,1.87,1.87,1.87,INVALID
2018/4/3,sh.600022,1.87,1.87,1.87,1.87,INVALID
2018/4/4,sh.600022,1.87,1.87,1.87,1.87,INVALID
2018/4/9,sh.600022,1.87,1.87,1.87,1.87,INVALID
2018/4/10,sh.600022,1.87,1.87,1.87,1.87,INVALID
2018/4/11,sh.600022,1.87,1.87,1.87,1.87,INVALID
2018/4/12,sh.600022,1.87,1.87,1.87,1.87,INVALID
2018/4/13,sh.600022,1.87,1.87,1.87,1.87,INVALID
2018/4/16,sh.600022,1.87,1.87,1.87,1.87,INVALID
2018/4/17,sh.600022,1.87,1.87,1.87,1.87,INVALID
2018/4/18,sh.600022,1.87,1.87,1.87,1.87,INVALID
2018/4/19,sh.600022,1.87,1.87,1.87,1.87,INVALID
2018/4/20,sh.600022,1.87,1.87,1.87,1.87,INVALID
2018/4/23,sh.600022,1.87,1.87,1.87,1.87,INVALID
2018/4/24,sh.600022,1.87,1.87,1.87,1.87,INVALID
2018/4/25,sh.600022,1.87,1.87,1.87,1.87,INVALID
2018/4/26,sh.600022,1.87,1.87,1.87,1.87,INVALID
2018/4/27,sh.600022,1.87,1.87,1.87,1.87,INVALID
2018/5/2,sh.600022,1.87,1.87,1.87,1.87,INVALID
2018/5/3,sh.600022,1.87,1.87,1.87,1.87,INVALID
2018/5/4,sh.600022,1.87,1.87,1.87,1.87,INVALID
2018/5/7,sh.600022,1.87,1.87,1.87,1.87,INVALID
2018/5/8,sh.600022,1.87,1.87,1.87,1.87,INVALID
2018/5/9,sh.600022,1.87,1.87,1.87,1.87,INVALID
2018/5/10,sh.600022,1.87,1.87,1.87,1.87,INVALID
2018/5/11,sh.600022,1.87,1.87,1.87,1.87,INVALID
2018/5/14,sh.600022,1.87,1.87,1.87,1.87,INVALID
2018/5/15,sh.600022,1.87,1.87,1.87,1.87,INVALID
2018/5/16,sh.600022,1.87,1.87,1.87,1.87,INVALID
2018/5/17,sh.600022,1.87,1.87,1.87,1.87,INVALID
2018/5/18,sh.600022,1.87,1.87,1.87,1.87,INVALID
2018/5/21,sh.600022,1.87,1.87,1.87,1.87,INVALID
2018/5/22,sh.600022,1.87,1.87,1.87,1.87,INVALID
2018/5/23,sh.600022,1.87,1.87,1.87,1.87,INVALID
2018/5/24,sh.600022,1.87,1.87,1.87,1.87,INVALID
2018/5/25,sh.600022,1.87,1.87,1.87,1.87,INVALID
2018/5/28,sh.600022,1.87,1.87,1.87,1.87,INVALID
2018/5/29,sh.600022,1.87,1.87,1.87,1.87,INVALID
2018/5/30,sh.600022,1.87,1.87,1.87,1.87,INVALID
2018/5/31,sh.600022,1.87,1.87,1.87,1.87,INVALID
2018/6/1,sh.600022,1.87,1.87,1.87,1.87,INVALID
2018/6/4,sh.600022,1.87,1.87,1.87,1.87,INVALID
2018/6/5,sh.600022,1.87,1.87,1.87,1.87,INVALID
2018/6/6,sh.600022,1.87,1.87,1.87,1.87,INVALID
2018/6/7,sh.600022,1.87,1.87,1.87,1.87,INVALID
2018/6/8,sh.600022,1.87,1.87,1.87,1.87,INVALID
2018/6/11,sh.600022,1.87,1.87,1.87,1.87,INVALID
2018/6/12,sh.600022,1.87,1.87,1.87,1.87,INVALID
2018/6/13,sh.600022,1.87,1.87,1.87,1.87,INVALID
2018/6/14,sh.600022,1.87,1.87,1.87,1.87,INVALID
2018/6/15,sh.600022,1.87,1.87,1.87,1.87,INVALID
2018/6/19,sh.600022,1.87,1.87,1.87,1.87,INVALID
2018/6/20,sh.600022,1.87,1.87,1.87,1.87,INVALID
2018/6/21,sh.600022,1.87,1.87,1.87,1.87,INVALID
2018/6/22,sh.600022,1.87,1.87,1.87,1.87,INVALID
2018/6/25,sh.600022,1.87,1.87,1.87,1.87,INVALID
2018/6/26,sh.600022,1.87,1.87,1.87,1.87,INVALID
2018/6/27,sh.600022,1.87,1.87,1.87,1.87,INVALID
2018/6/28,sh.600022,1.87,1.87,1.87,1.87,INVALID
2018/6/29,sh.600022,1.87,1.87,1.87,1.87,INVALID
2018/7/2,sh.600022,1.87,1.87,1.87,1.87,INVALID
2018/7/3,sh.600022,1.87,1.87,1.87,1.87,INVALID
2018/7/4,sh.600022,1.87,1.87,1.87,1.87,INVALID
2018/7/5,sh.600022,1.87,1.87,1.87,1.87,INVALID
2018/7/6,sh.600022,1.87,1.87,1.87,1.87,INVALID
2018/7/9,sh.600022,1.87,1.87,1.87,1.87,INVALID
2018/7/10,sh.600022,1.87,1.87,1.87,1.87,INVALID
2018/7/11,sh.600022,1.87,1.87,1.87,1.87,INVALID
2018/7/12,sh.600022,1.87,1.87,1.87,1.87,INVALID
2018/7/13,sh.600022,1.87,1.87,1.87,1.87,INVALID
2018/7/16,sh.600022,1.87,1.87,1.87,1.87,INVALID
2018/7/17,sh.600022,1.87,1.87,1.87,1.87,INVALID
2018/7/18,sh.600022,1.87,1.87,1.87,1.87,INVALID
2018/7/19,sh.600022,1.87,1.87,1.87,1.87,INVALID
2018/7/20,sh.600022,1.87,1.87,1.87,1.87,INVALID
2018/7/23,sh.600022,1.87,1.87,1.87,1.87,INVALID
2018/7/24,sh.600022,1.87,1.87,1.87,1.87,INVALID
2018/7/25,sh.600022,1.87,1.87,1.87,1.87,INVALID
2018/7/26,sh.600022,1.87,1.87,1.87,1.87,INVALID
2018/7/27,sh.600022,1.87,1.87,1.87,1.87,INVALID
2018/7/30,sh.600022,1.87,1.87,1.87,1.87,INVALID
2018/7/31,sh.600022,1.87,1.87,1.87,1.87,INVALID
2018/8/1,sh.600022,1.87,1.87,1.87,1.87,INVALID
2018/8/2,sh.600022,1.87,1.87,1.87,1.87,INVALID
2018/8/3,sh.600022,1.87,1.87,1.87,1.87,INVALID
2018/8/6,sh.600022,1.87,1.87,1.87,1.87,INVALID
2018/8/7,sh.600022,1.87,1.87,1.87,1.87,INVALID
2018/8/8,sh.600022,1.87,1.87,1.87,1.87,INVALID
2018/8/9,sh.600022,1.87,1.87,1.87,1.87,INVALID
2018/8/10,sh.600022,1.87,1.87,1.87,1.87,INVALID
2018/8/13,sh.600022,1.87,1.87,1.87,1.87,INVALID
2018/8/14,sh.600022,1.87,1.87,1.87,1.87,INVALID
2018/8/15,sh.600022,1.87,1.87,1.87,1.87,INVALID
2018/8/16,sh.600022,1.69,1.75,1.68,1.73,328315669
2018/8/17,sh.600022,1.73,1.76,1.70,1.72,167730993
2018/8/20,sh.600022,1.72,1.73,1.67,1.73,116439244
2018/8/21,sh.600022,1.72,1.73,1.69,1.72,85700708
2018/8/22,sh.600022,1.71,1.74,1.70,1.72,82448887
2018/8/23,sh.600022,1.71,1.72,1.69,1.71,81350047
2018/8/24,sh.600022,1.70,1.71,1.68,1.70,76362636
2018/8/27,sh.600022,1.69,1.72,1.69,1.71,76113732
2018/8/28,sh.600022,1.71,1.72,1.69,1.70,68336769
2018/8/29,sh.600022,1.70,1.70,1.68,1.68,72667040
2018/8/30,sh.600022,1.67,1.70,1.66,1.66,107120416
2018/8/31,sh.600022,1.66,1.66,1.64,1.64,54708699
2018/9/3,sh.600022,1.64,1.64,1.61,1.63,65937855
2018/9/4,sh.600022,1.63,1.65,1.62,1.64,69044416
2018/9/5,sh.600022,1.64,1.65,1.62,1.63,60334613
2018/9/6,sh.600022,1.62,1.63,1.62,1.63,39538847
2018/9/7,sh.600022,1.63,1.65,1.62,1.63,54032321
2018/9/10,sh.600022,1.64,1.64,1.63,1.63,42301679
2018/9/11,sh.600022,1.63,1.63,1.58,1.59,97269717
2018/9/12,sh.600022,1.58,1.59,1.57,1.58,39008106
2018/9/13,sh.600022,1.59,1.60,1.58,1.59,45372868
2018/9/14,sh.600022,1.59,1.61,1.58,1.60,66516695
2018/9/17,sh.600022,1.59,1.59,1.55,1.56,60952513
2018/9/18,sh.600022,1.55,1.61,1.55,1.60,85688016
2018/9/19,sh.600022,1.59,1.63,1.59,1.61,85112412
2018/9/20,sh.600022,1.60,1.62,1.60,1.61,53554029
2018/9/21,sh.600022,1.61,1.64,1.60,1.63,96010946
2018/9/25,sh.600022,1.63,1.63,1.62,1.62,39092524
2018/9/26,sh.600022,1.63,1.64,1.62,1.63,51044899
2018/9/27,sh.600022,1.63,1.64,1.62,1.62,46416694
2018/9/28,sh.600022,1.62,1.70,1.61,1.67,153445092
2018/10/8,sh.600022,1.64,1.66,1.63,1.63,95015896
2018/10/9,sh.600022,1.63,1.64,1.62,1.63,51848472
2018/10/10,sh.600022,1.63,1.65,1.62,1.63,52677510
2018/10/11,sh.600022,1.60,1.61,1.48,1.51,133383525
2018/10/12,sh.600022,1.50,1.54,1.46,1.52,85895781
2018/10/15,sh.600022,1.53,1.54,1.49,1.50,63351011
2018/10/16,sh.600022,1.49,1.52,1.48,1.49,63215432
2018/10/17,sh.600022,1.51,1.51,1.48,1.51,62783777
2018/10/18,sh.600022,1.50,1.51,1.47,1.47,63183278
2018/10/19,sh.600022,1.45,1.49,1.42,1.49,86395629
2018/10/22,sh.600022,1.49,1.56,1.48,1.54,117008771
2018/10/23,sh.600022,1.53,1.55,1.50,1.51,69636185
2018/10/24,sh.600022,1.51,1.54,1.50,1.52,63348494
2018/10/25,sh.600022,1.49,1.53,1.48,1.53,64531967
2018/10/26,sh.600022,1.53,1.58,1.53,1.56,98601151
2018/10/29,sh.600022,1.54,1.60,1.54,1.56,84011768
2018/10/30,sh.600022,1.55,1.59,1.51,1.58,141683134
2018/10/31,sh.600022,1.57,1.60,1.55,1.58,106617366
2018/11/1,sh.600022,1.58,1.60,1.56,1.56,79645617
2018/11/2,sh.600022,1.57,1.60,1.57,1.60,86687839
2018/11/5,sh.600022,1.59,1.60,1.57,1.58,70775307
2018/11/6,sh.600022,1.58,1.58,1.56,1.57,41976796
2018/11/7,sh.600022,1.57,1.59,1.56,1.56,48135557
2018/11/8,sh.600022,1.57,1.58,1.56,1.56,53309002
2018/11/9,sh.600022,1.56,1.57,1.54,1.54,37861030
2018/11/12,sh.600022,1.54,1.58,1.54,1.58,58655369
2018/11/13,sh.600022,1.56,1.63,1.56,1.62,164261654
2018/11/14,sh.600022,1.61,1.68,1.60,1.63,191868439
2018/11/15,sh.600022,1.63,1.64,1.62,1.64,94930342
2018/11/16,sh.600022,1.64,1.65,1.62,1.63,93990042
2018/11/19,sh.600022,1.63,1.63,1.61,1.63,67937139
2018/11/20,sh.600022,1.62,1.63,1.59,1.59,76389779
2018/11/21,sh.600022,1.56,1.61,1.55,1.59,83874333
2018/11/22,sh.600022,1.59,1.59,1.57,1.58,46496044
2018/11/23,sh.600022,1.58,1.58,1.53,1.53,74569692
2018/11/26,sh.600022,1.53,1.54,1.51,1.52,42288086
2018/11/27,sh.600022,1.52,1.54,1.52,1.53,39308021
2018/11/28,sh.600022,1.53,1.54,1.51,1.54,38339347
2018/11/29,sh.600022,1.55,1.55,1.51,1.51,39041926
2018/11/30,sh.600022,1.51,1.53,1.51,1.52,32609080
2018/12/3,sh.600022,1.55,1.57,1.54,1.55,68129538
2018/12/4,sh.600022,1.55,1.57,1.54,1.56,53557597
2018/12/5,sh.600022,1.54,1.56,1.53,1.55,37505288
2018/12/6,sh.600022,1.55,1.55,1.53,1.53,34129688
2018/12/7,sh.600022,1.53,1.54,1.52,1.54,20896607
2018/12/10,sh.600022,1.53,1.54,1.51,1.52,34889598
2018/12/11,sh.600022,1.53,1.53,1.51,1.52,24348033
2018/12/12,sh.600022,1.53,1.53,1.52,1.52,23193920
2018/12/13,sh.600022,1.53,1.55,1.51,1.54,52439172
2018/12/14,sh.600022,1.53,1.55,1.51,1.52,44724980
2018/12/17,sh.600022,1.52,1.52,1.51,1.51,33044473
2018/12/18,sh.600022,1.51,1.52,1.50,1.51,38332282
2018/12/19,sh.600022,1.51,1.51,1.50,1.50,19547356
2018/12/20,sh.600022,1.50,1.51,1.49,1.50,35741765
2018/12/21,sh.600022,1.49,1.50,1.48,1.49,30188462
2018/12/24,sh.600022,1.48,1.50,1.48,1.49,31446050
2018/12/25,sh.600022,1.48,1.48,1.44,1.47,53801730
2018/12/26,sh.600022,1.46,1.47,1.45,1.47,24291421
2018/12/27,sh.600022,1.48,1.49,1.45,1.46,39050080
2018/12/28,sh.600022,1.46,1.47,1.45,1.45,29049423
2019/1/2,sh.600022,1.45,1.46,1.44,1.45,23841560
2019/1/3,sh.600022,1.45,1.47,1.44,1.45,32446112
2019/1/4,sh.600022,1.45,1.48,1.44,1.48,48655680
2019/1/7,sh.600022,1.49,1.50,1.47,1.49,47708951
2019/1/8,sh.600022,1.49,1.50,1.48,1.49,37327783
2019/1/9,sh.600022,1.50,1.51,1.49,1.50,51914813
2019/1/10,sh.600022,1.50,1.51,1.49,1.50,29028313
2019/1/11,sh.600022,1.50,1.51,1.49,1.51,42406502
2019/1/14,sh.600022,1.51,1.55,1.51,1.52,76420064
2019/1/15,sh.600022,1.51,1.53,1.51,1.52,46223900
2019/1/16,sh.600022,1.52,1.53,1.51,1.52,35581838
2019/1/17,sh.600022,1.52,1.55,1.51,1.54,89191598
2019/1/18,sh.600022,1.54,1.61,1.53,1.57,144964292
2019/1/21,sh.600022,1.57,1.57,1.53,1.55,86858876
2019/1/22,sh.600022,1.54,1.55,1.51,1.51,68296141
2019/1/23,sh.600022,1.51,1.52,1.51,1.51,49790228
2019/1/24,sh.600022,1.52,1.52,1.50,1.51,54724010
2019/1/25,sh.600022,1.51,1.52,1.51,1.51,46028992
2019/1/28,sh.600022,1.51,1.52,1.50,1.50,41436380
2019/1/29,sh.600022,1.50,1.51,1.47,1.51,65340390
2019/1/30,sh.600022,1.50,1.51,1.49,1.50,42761293
2019/1/31,sh.600022,1.50,1.51,1.49,1.50,37559303
2019/2/1,sh.600022,1.50,1.51,1.49,1.51,43183451
2019/2/11,sh.600022,1.51,1.54,1.51,1.54,67847303
2019/2/12,sh.600022,1.53,1.55,1.53,1.55,73841864
2019/2/13,sh.600022,1.54,1.57,1.53,1.57,112778300
2019/2/14,sh.600022,1.56,1.58,1.55,1.56,75243734
2019/2/15,sh.600022,1.55,1.56,1.53,1.53,60339259
2019/2/18,sh.600022,1.54,1.58,1.53,1.58,95422125
2019/2/19,sh.600022,1.58,1.59,1.55,1.57,111213618
2019/2/20,sh.600022,1.57,1.60,1.56,1.58,97922380
2019/2/21,sh.600022,1.58,1.60,1.56,1.57,104779609
2019/2/22,sh.600022,1.57,1.59,1.55,1.59,90421433
2019/2/25,sh.600022,1.60,1.67,1.59,1.67,267134640
2019/2/26,sh.600022,1.66,1.83,1.64,1.75,447720605
2019/2/27,sh.600022,1.73,1.79,1.72,1.75,277846072
2019/2/28,sh.600022,1.75,1.79,1.73,1.75,165096345
2019/3/1,sh.600022,1.75,1.76,1.73,1.76,154899669
2019/3/4,sh.600022,1.76,1.81,1.76,1.78,245855719
2019/3/5,sh.600022,1.76,1.78,1.75,1.77,169299542
2019/3/6,sh.600022,1.77,1.95,1.76,1.94,551018059
2019/3/7,sh.600022,1.91,1.99,1.88,1.97,504083194
2019/3/8,sh.600022,1.90,1.91,1.80,1.81,398703781
2019/3/11,sh.600022,1.81,1.87,1.81,1.87,223958982
2019/3/12,sh.600022,1.88,1.90,1.84,1.87,229237276
2019/3/13,sh.600022,1.86,1.87,1.81,1.82,168448594
2019/3/14,sh.600022,1.81,1.86,1.78,1.80,187669010
2019/3/15,sh.600022,1.81,1.83,1.79,1.80,139076123
2019/3/18,sh.600022,1.81,1.88,1.81,1.87,236551502
2019/3/19,sh.600022,1.87,1.88,1.83,1.84,139166587
2019/3/20,sh.600022,1.84,1.85,1.81,1.84,120270291
2019/3/21,sh.600022,1.84,1.86,1.83,1.84,128610955
2019/3/22,sh.600022,1.84,1.85,1.82,1.83,111380098
2019/3/25,sh.600022,1.81,1.82,1.78,1.79,116646748
2019/3/26,sh.600022,1.80,1.81,1.73,1.74,143743195
2019/3/27,sh.600022,1.75,1.75,1.73,1.75,82790479
2019/3/28,sh.600022,1.75,1.75,1.73,1.74,72152583
2019/3/29,sh.600022,1.73,1.77,1.69,1.77,194447790
2019/4/1,sh.600022,1.76,1.84,1.76,1.82,200538405
2019/4/2,sh.600022,1.82,1.83,1.79,1.80,141930284
2019/4/3,sh.600022,1.79,1.82,1.78,1.82,118899416
2019/4/4,sh.600022,1.82,1.84,1.81,1.83,182117862
2019/4/8,sh.600022,1.83,1.89,1.82,1.88,325148141
2019/4/9,sh.600022,1.88,1.88,1.83,1.84,191902074
2019/4/10,sh.600022,1.83,1.84,1.80,1.82,148098566
2019/4/11,sh.600022,1.81,1.82,1.79,1.79,108684012
2019/4/12,sh.600022,1.79,1.79,1.76,1.78,90392962
2019/4/15,sh.600022,1.80,1.81,1.77,1.77,92194562
2019/4/16,sh.600022,1.76,1.81,1.75,1.81,96654907
2019/4/17,sh.600022,1.81,1.81,1.79,1.80,84541066
2019/4/18,sh.600022,1.80,1.80,1.78,1.78,66670149
2019/4/19,sh.600022,1.78,1.82,1.77,1.81,134969606
2019/4/22,sh.600022,1.81,1.82,1.77,1.78,112170412
2019/4/23,sh.600022,1.77,1.78,1.75,1.76,82733246
2019/4/24,sh.600022,1.76,1.78,1.75,1.77,72607873
2019/4/25,sh.600022,1.76,1.77,1.72,1.72,102664068
2019/4/26,sh.600022,1.70,1.70,1.64,1.66,141281064
2019/4/29,sh.600022,1.65,1.66,1.62,1.63,91950985
2019/4/30,sh.600022,1.62,1.65,1.62,1.64,59329359
2019/5/6,sh.600022,1.62,1.63,1.51,1.53,127425197
2019/5/7,sh.600022,1.54,1.56,1.52,1.54,79283534
2019/5/8,sh.600022,1.51,1.55,1.51,1.54,62900739
2019/5/9,sh.600022,1.53,1.54,1.51,1.53,48302171
2019/5/10,sh.600022,1.53,1.57,1.53,1.56,85643755
2019/5/13,sh.600022,1.54,1.55,1.53,1.53,44910845
2019/5/14,sh.600022,1.51,1.55,1.51,1.54,64029838
2019/5/15,sh.600022,1.53,1.56,1.53,1.55,60717622
2019/5/16,sh.600022,1.55,1.62,1.54,1.59,129294870
2019/5/17,sh.600022,1.58,1.60,1.53,1.54,79887657
2019/5/20,sh.600022,1.53,1.56,1.51,1.56,65921103
2019/5/21,sh.600022,1.55,1.60,1.54,1.58,82306183
2019/5/22,sh.600022,1.59,1.59,1.56,1.56,63962281
2019/5/23,sh.600022,1.55,1.56,1.53,1.54,50423694
2019/5/24,sh.600022,1.53,1.55,1.52,1.54,34860180
2019/5/27,sh.600022,1.54,1.57,1.53,1.56,53306331
2019/5/28,sh.600022,1.56,1.57,1.55,1.55,50070173
2019/5/29,sh.600022,1.55,1.57,1.55,1.55,46588277
2019/5/30,sh.600022,1.55,1.56,1.53,1.54,38059637
2019/5/31,sh.600022,1.54,1.56,1.53,1.55,55651097
2019/6/3,sh.600022,1.55,1.56,1.53,1.54,43414550
2019/6/4,sh.600022,1.53,1.54,1.51,1.52,47108472
2019/6/5,sh.600022,1.53,1.54,1.52,1.52,28541068
2019/6/6,sh.600022,1.52,1.53,1.51,1.51,40422701
2019/6/10,sh.600022,1.51,1.52,1.51,1.51,31902926
2019/6/11,sh.600022,1.51,1.56,1.51,1.55,90061753
2019/6/12,sh.600022,1.54,1.56,1.54,1.54,53958026
2019/6/13,sh.600022,1.54,1.56,1.53,1.55,62235145
2019/6/14,sh.600022,1.55,1.55,1.52,1.53,48603600
2019/6/17,sh.600022,1.53,1.54,1.52,1.53,33768351
2019/6/18,sh.600022,1.53,1.54,1.52,1.53,43412549
2019/6/19,sh.600022,1.55,1.56,1.53,1.54,58433845
2019/6/20,sh.600022,1.54,1.57,1.53,1.56,88658228
2019/6/21,sh.600022,1.56,1.58,1.55,1.57,92824277
2019/6/24,sh.600022,1.57,1.60,1.56,1.58,106777516
2019/6/25,sh.600022,1.58,1.59,1.54,1.55,83151532
2019/6/26,sh.600022,1.55,1.56,1.54,1.55,37524120
2019/6/27,sh.600022,1.55,1.57,1.54,1.56,51379600
2019/6/28,sh.600022,1.55,1.56,1.53,1.54,48972799
2019/7/1,sh.600022,1.56,1.57,1.55,1.57,59427850
2019/7/2,sh.600022,1.56,1.57,1.55,1.55,39467534
2019/7/3,sh.600022,1.55,1.56,1.53,1.54,47714090
2019/7/4,sh.600022,1.54,1.55,1.53,1.54,31334924
2019/7/5,sh.600022,1.54,1.55,1.53,1.54,24030261
2019/7/8,sh.600022,1.54,1.54,1.51,1.51,74620667
2019/7/9,sh.600022,1.51,1.52,1.51,1.51,32642307
2019/7/10,sh.600022,1.51,1.52,1.50,1.50,34522400
2019/7/11,sh.600022,1.51,1.51,1.50,1.50,25540126
2019/7/12,sh.600022,1.50,1.51,1.49,1.50,32216013
2019/7/15,sh.600022,1.50,1.51,1.47,1.50,51469927
2019/7/16,sh.600022,1.49,1.50,1.49,1.49,26122184
2019/7/17,sh.600022,1.49,1.51,1.49,1.50,53428872
2019/7/18,sh.600022,1.50,1.50,1.49,1.49,33008897
2019/7/19,sh.600022,1.49,1.51,1.48,1.50,41476839
2019/7/22,sh.600022,1.50,1.50,1.47,1.47,58465525
2019/7/23,sh.600022,1.47,1.48,1.47,1.48,18167306
2019/7/24,sh.600022,1.48,1.50,1.47,1.48,35174073
2019/7/25,sh.600022,1.48,1.49,1.47,1.48,32136088
2019/7/26,sh.600022,1.47,1.48,1.47,1.48,20806119
2019/7/29,sh.600022,1.48,1.48,1.47,1.48,18492665
2019/7/30,sh.600022,1.47,1.49,1.47,1.48,41793660
2019/7/31,sh.600022,1.48,1.48,1.46,1.47,30657639
2019/8/1,sh.600022,1.47,1.47,1.45,1.45,26334205
2019/8/2,sh.600022,1.44,1.45,1.43,1.45,55735229
2019/8/5,sh.600022,1.44,1.45,1.43,1.43,34108601
2019/8/6,sh.600022,1.42,1.42,1.36,1.39,86451092
2019/8/7,sh.600022,1.39,1.39,1.38,1.38,34138330
2019/8/8,sh.600022,1.38,1.39,1.38,1.39,35020211
2019/8/9,sh.600022,1.39,1.39,1.37,1.37,30797200
2019/8/12,sh.600022,1.37,1.39,1.37,1.39,24163595
2019/8/13,sh.600022,1.38,1.38,1.37,1.38,16984000
2019/8/14,sh.600022,1.39,1.39,1.38,1.38,26264114
2019/8/15,sh.600022,1.36,1.39,1.35,1.39,60169841
2019/8/16,sh.600022,1.38,1.39,1.37,1.38,37087090
2019/8/19,sh.600022,1.38,1.40,1.38,1.40,59658757
2019/8/20,sh.600022,1.39,1.41,1.39,1.39,44752608
2019/8/21,sh.600022,1.39,1.39,1.39,1.39,15104385
2019/8/22,sh.600022,1.39,1.39,1.38,1.39,26772018
2019/8/23,sh.600022,1.38,1.39,1.38,1.38,24803366
2019/8/26,sh.600022,1.36,1.38,1.35,1.37,33516600
2019/8/27,sh.600022,1.38,1.39,1.37,1.39,49031068
2019/8/28,sh.600022,1.39,1.42,1.38,1.40,76309276
2019/8/29,sh.600022,1.40,1.40,1.38,1.39,53351709
2019/8/30,sh.600022,1.39,1.39,1.38,1.38,30114384
2019/9/2,sh.600022,1.38,1.40,1.38,1.39,55532903
2019/9/3,sh.600022,1.40,1.40,1.39,1.39,39433229
2019/9/4,sh.600022,1.39,1.41,1.39,1.41,54576451
2019/9/5,sh.600022,1.41,1.44,1.41,1.42,92438749
2019/9/6,sh.600022,1.42,1.43,1.40,1.41,39422084
2019/9/9,sh.600022,1.43,1.43,1.41,1.43,44827283
2019/9/10,sh.600022,1.43,1.43,1.41,1.43,40905404
2019/9/11,sh.600022,1.43,1.43,1.42,1.42,33083470
2019/9/12,sh.600022,1.43,1.44,1.42,1.43,57392266
2019/9/16,sh.600022,1.44,1.44,1.42,1.42,46185697
2019/9/17,sh.600022,1.42,1.43,1.39,1.39,53569241
2019/9/18,sh.600022,1.39,1.40,1.39,1.39,29266797
2019/9/19,sh.600022,1.39,1.41,1.39,1.39,41053536
2019/9/20,sh.600022,1.40,1.40,1.39,1.39,29190787
2019/9/23,sh.600022,1.39,1.39,1.38,1.39,26981480
2019/9/24,sh.600022,1.39,1.39,1.38,1.39,28985874
2019/9/25,sh.600022,1.38,1.39,1.37,1.37,35855130
2019/9/26,sh.600022,1.38,1.38,1.36,1.36,31767638
2019/9/27,sh.600022,1.36,1.38,1.36,1.37,25017820
2019/9/30,sh.600022,1.37,1.38,1.36,1.36,22819600
2019/10/8,sh.600022,1.36,1.38,1.36,1.37,26719689
2019/10/9,sh.600022,1.36,1.38,1.36,1.37,19774532
2019/10/10,sh.600022,1.38,1.39,1.37,1.38,36787281
2019/10/11,sh.600022,1.38,1.39,1.37,1.38,26472560
2019/10/14,sh.600022,1.39,1.40,1.38,1.39,54083439
2019/10/15,sh.600022,1.39,1.39,1.38,1.39,29889924
2019/10/16,sh.600022,1.39,1.39,1.37,1.38,25808574
2019/10/17,sh.600022,1.38,1.38,1.36,1.37,26579624
2019/10/18,sh.600022,1.37,1.38,1.36,1.37,46459567
2019/10/21,sh.600022,1.37,1.37,1.35,1.37,46024387
2019/10/22,sh.600022,1.37,1.37,1.36,1.37,15202102
2019/10/23,sh.600022,1.37,1.37,1.36,1.36,14408801
2019/10/24,sh.600022,1.36,1.37,1.36,1.36,18932260
2019/10/25,sh.600022,1.37,1.38,1.36,1.38,31347492
2019/10/28,sh.600022,1.37,1.39,1.37,1.38,42624410
2019/10/29,sh.600022,1.38,1.38,1.36,1.36,33232655
2019/10/30,sh.600022,1.36,1.36,1.34,1.35,46619140
2019/10/31,sh.600022,1.35,1.35,1.31,1.32,68601387
2019/11/1,sh.600022,1.31,1.33,1.30,1.32,42070704
2019/11/4,sh.600022,1.32,1.33,1.31,1.31,27100683
2019/11/5,sh.600022,1.31,1.32,1.30,1.31,24496090
2019/11/6,sh.600022,1.31,1.33,1.31,1.32,35617510
2019/11/7,sh.600022,1.31,1.32,1.31,1.32,26079269
2019/11/8,sh.600022,1.31,1.32,1.30,1.30,33057129
2019/11/11,sh.600022,1.30,1.30,1.25,1.26,57676897
2019/11/12,sh.600022,1.26,1.27,1.24,1.26,40376313
2019/11/13,sh.600022,1.25,1.26,1.22,1.23,53673547
2019/11/14,sh.600022,1.22,1.23,1.21,1.22,47069619
2019/11/15,sh.600022,1.22,1.27,1.21,1.24,87404714
2019/11/18,sh.600022,1.23,1.26,1.22,1.25,57076749
2019/11/19,sh.600022,1.25,1.26,1.24,1.26,33863304
2019/11/20,sh.600022,1.26,1.26,1.24,1.24,30215265
2019/11/21,sh.600022,1.24,1.26,1.23,1.25,37153711
2019/11/22,sh.600022,1.25,1.27,1.24,1.26,76021193
2019/11/25,sh.600022,1.27,1.35,1.27,1.33,150254276
2019/11/26,sh.600022,1.33,1.33,1.28,1.29,86899226
2019/11/27,sh.600022,1.28,1.30,1.27,1.29,46995495
2019/11/28,sh.600022,1.28,1.29,1.27,1.27,39121296
2019/11/29,sh.600022,1.27,1.28,1.26,1.27,42876058
2019/12/2,sh.600022,1.27,1.29,1.27,1.28,32877731
2019/12/3,sh.600022,1.28,1.28,1.27,1.28,24402117
2019/12/4,sh.600022,1.27,1.28,1.27,1.28,17584446
2019/12/5,sh.600022,1.28,1.29,1.27,1.28,31908328
2019/12/6,sh.600022,1.28,1.29,1.27,1.29,23233747
2019/12/9,sh.600022,1.29,1.32,1.28,1.30,65584116
2019/12/10,sh.600022,1.30,1.30,1.29,1.29,25677438
2019/12/11,sh.600022,1.30,1.32,1.29,1.30,45609045
2019/12/12,sh.600022,1.30,1.30,1.27,1.28,33230373
2019/12/13,sh.600022,1.28,1.30,1.28,1.29,44689344
2019/12/16,sh.600022,1.30,1.30,1.29,1.30,33623979
2019/12/17,sh.600022,1.29,1.33,1.29,1.32,76729571
2019/12/18,sh.600022,1.31,1.33,1.31,1.32,63197819
2019/12/19,sh.600022,1.31,1.33,1.31,1.32,55386098
2019/12/20,sh.600022,1.32,1.32,1.31,1.31,37390242
2019/12/23,sh.600022,1.31,1.31,1.27,1.28,56110500
2019/12/24,sh.600022,1.27,1.30,1.27,1.29,40131654
2019/12/25,sh.600022,1.29,1.30,1.28,1.28,28554171
2019/12/26,sh.600022,1.28,1.29,1.27,1.29,34415439
2019/12/27,sh.600022,1.29,1.31,1.28,1.30,64119618
2019/12/30,sh.600022,1.29,1.31,1.28,1.31,47651331
2019/12/31,sh.600022,1.31,1.33,1.30,1.32,54080603
2020/1/2,sh.600022,1.33,1.35,1.32,1.33,68865234
2020/1/3,sh.600022,1.34,1.34,1.32,1.33,62040606
2020/1/6,sh.600022,1.32,1.34,1.31,1.33,66385930
2020/1/7,sh.600022,1.33,1.36,1.32,1.36,103629094
2020/1/8,sh.600022,1.35,1.35,1.32,1.33,80704920
2020/1/9,sh.600022,1.34,1.34,1.33,1.33,31100641
2020/1/10,sh.600022,1.33,1.34,1.31,1.32,45508310
2020/1/13,sh.600022,1.32,1.33,1.30,1.33,36344625
2020/1/14,sh.600022,1.33,1.33,1.32,1.32,28541566
2020/1/15,sh.600022,1.32,1.33,1.30,1.31,45079614
2020/1/16,sh.600022,1.31,1.32,1.30,1.31,22388597
2020/1/17,sh.600022,1.31,1.31,1.29,1.29,34568501
2020/1/20,sh.600022,1.29,1.30,1.28,1.28,58908760
2020/1/21,sh.600022,1.28,1.28,1.27,1.27,46229572
2020/1/22,sh.600022,1.27,1.27,1.26,1.27,40550353
2020/1/23,sh.600022,1.27,1.27,1.24,1.25,61505203
2020/2/3,sh.600022,1.13,1.14,1.13,1.13,75553900
2020/2/4,sh.600022,1.06,1.13,1.06,1.12,92375880
2020/2/5,sh.600022,1.12,1.15,1.11,1.14,73832233
2020/2/6,sh.600022,1.14,1.15,1.12,1.14,72414140
2020/2/7,sh.600022,1.15,1.18,1.15,1.17,111228595
2020/2/10,sh.600022,1.16,1.18,1.15,1.17,63213860
2020/2/11,sh.600022,1.17,1.24,1.17,1.20,106363083
2020/2/12,sh.600022,1.19,1.21,1.18,1.20,55507859
2020/2/13,sh.600022,1.20,1.20,1.17,1.17,54790004
2020/2/14,sh.600022,1.17,1.19,1.16,1.17,50971009
2020/2/17,sh.600022,1.17,1.21,1.17,1.21,70407655
2020/2/18,sh.600022,1.21,1.22,1.20,1.21,55677748
2020/2/19,sh.600022,1.21,1.21,1.19,1.19,47448301
2020/2/20,sh.600022,1.20,1.23,1.19,1.22,78048461
2020/2/21,sh.600022,1.22,1.24,1.21,1.23,71326061
2020/2/24,sh.600022,1.22,1.23,1.21,1.22,75027898
2020/2/25,sh.600022,1.21,1.22,1.19,1.21,85701113
2020/2/26,sh.600022,1.20,1.27,1.19,1.24,161053469
2020/2/27,sh.600022,1.23,1.27,1.23,1.24,106793753
2020/2/28,sh.600022,1.22,1.23,1.19,1.20,111989655
2020/3/2,sh.600022,1.20,1.26,1.19,1.25,127850488
2020/3/3,sh.600022,1.27,1.31,1.25,1.27,131839665
2020/3/4,sh.600022,1.26,1.28,1.25,1.27,77353280
2020/3/5,sh.600022,1.29,1.30,1.27,1.29,106038164
2020/3/6,sh.600022,1.28,1.28,1.27,1.27,60460920
2020/3/9,sh.600022,1.26,1.27,1.23,1.23,79693050
2020/3/10,sh.600022,1.22,1.26,1.21,1.25,74342879
2020/3/11,sh.600022,1.26,1.27,1.25,1.25,65431827
2020/3/12,sh.600022,1.24,1.25,1.22,1.23,58993039
2020/3/13,sh.600022,1.18,1.22,1.16,1.20,104386799
2020/3/16,sh.600022,1.21,1.22,1.18,1.18,70596722
2020/3/17,sh.600022,1.18,1.19,1.16,1.18,64861615
2020/3/18,sh.600022,1.18,1.19,1.16,1.16,54632846
2020/3/19,sh.600022,1.16,1.17,1.14,1.15,72602709
2020/3/20,sh.600022,1.15,1.16,1.15,1.15,53426774
2020/3/23,sh.600022,1.14,1.20,1.13,1.18,127421472
2020/3/24,sh.600022,1.18,1.20,1.16,1.18,82912886
2020/3/25,sh.600022,1.20,1.22,1.18,1.20,73366970
2020/3/26,sh.600022,1.19,1.20,1.18,1.18,41493234
2020/3/27,sh.600022,1.20,1.21,1.18,1.20,51166221
2020/3/30,sh.600022,1.18,1.20,1.18,1.19,44994116
2020/3/31,sh.600022,1.20,1.21,1.19,1.19,40975610
2020/4/1,sh.600022,1.19,1.20,1.18,1.19,29835291
2020/4/2,sh.600022,1.19,1.20,1.18,1.20,25539813
2020/4/3,sh.600022,1.20,1.20,1.18,1.19,26431097
2020/4/7,sh.600022,1.20,1.21,1.19,1.20,55267990
2020/4/8,sh.600022,1.19,1.20,1.18,1.19,37117705
2020/4/9,sh.600022,1.20,1.20,1.19,1.19,21108137
2020/4/10,sh.600022,1.19,1.20,1.18,1.19,44009000
2020/4/13,sh.600022,1.18,1.20,1.18,1.19,31398102
2020/4/14,sh.600022,1.19,1.20,1.18,1.20,33733108
2020/4/15,sh.600022,1.20,1.21,1.19,1.20,35517097
2020/4/16,sh.600022,1.20,1.20,1.19,1.20,18000375
2020/4/17,sh.600022,1.20,1.21,1.19,1.20,37632501
2020/4/20,sh.600022,1.20,1.21,1.19,1.20,33278506
2020/4/21,sh.600022,1.20,1.21,1.18,1.20,36802947
2020/4/22,sh.600022,1.19,1.20,1.18,1.19,20543278
2020/4/23,sh.600022,1.20,1.20,1.18,1.19,27797206
2020/4/24,sh.600022,1.19,1.19,1.17,1.18,38016557
2020/4/27,sh.600022,1.18,1.18,1.17,1.17,29516973
2020/4/28,sh.600022,1.18,1.18,1.14,1.15,57162247
2020/4/29,sh.600022,1.15,1.16,1.15,1.15,27773941
2020/4/30,sh.600022,1.16,1.18,1.15,1.17,33145209
2020/5/6,sh.600022,1.16,1.18,1.15,1.17,40126003
2020/5/7,sh.600022,1.18,1.19,1.17,1.18,49126901
2020/5/8,sh.600022,1.18,1.19,1.17,1.19,27988779
2020/5/11,sh.600022,1.19,1.19,1.18,1.18,22516977
2020/5/12,sh.600022,1.18,1.18,1.17,1.17,23766841
2020/5/13,sh.600022,1.17,1.17,1.16,1.17,20946187
2020/5/14,sh.600022,1.17,1.17,1.15,1.15,38460311
2020/5/15,sh.600022,1.15,1.15,1.15,1.15,24430033
2020/5/18,sh.600022,1.15,1.17,1.15,1.16,45877205
2020/5/19,sh.600022,1.16,1.17,1.15,1.16,27203878
2020/5/20,sh.600022,1.15,1.16,1.15,1.15,28964985
2020/5/21,sh.600022,1.15,1.15,1.13,1.15,40263005
2020/5/22,sh.600022,1.14,1.15,1.12,1.14,72008921
2020/5/25,sh.600022,1.13,1.15,1.12,1.14,39882747
2020/5/26,sh.600022,1.14,1.15,1.13,1.14,27953082
2020/5/27,sh.600022,1.15,1.16,1.14,1.15,47173073
2020/5/28,sh.600022,1.15,1.15,1.14,1.15,19784812
2020/5/29,sh.600022,1.14,1.15,1.13,1.15,34075335
2020/6/1,sh.600022,1.15,1.16,1.15,1.16,44292193
2020/6/2,sh.600022,1.16,1.17,1.15,1.16,35610089
2020/6/3,sh.600022,1.17,1.17,1.15,1.16,27592447
2020/6/4,sh.600022,1.16,1.17,1.15,1.15,33570848
2020/6/5,sh.600022,1.15,1.15,1.14,1.15,25811271
2020/6/8,sh.600022,1.15,1.16,1.15,1.15,38979840
2020/6/9,sh.600022,1.15,1.16,1.15,1.16,21683869
2020/6/10,sh.600022,1.15,1.19,1.15,1.17,74227211
2020/6/11,sh.600022,1.17,1.18,1.15,1.16,52516485
2020/6/12,sh.600022,1.15,1.19,1.15,1.18,71868920
2020/6/15,sh.600022,1.17,1.18,1.16,1.16,35307523
2020/6/16,sh.600022,1.16,1.21,1.16,1.20,91029024
2020/6/17,sh.600022,1.20,1.28,1.19,1.25,147825405
2020/6/18,sh.600022,1.25,1.36,1.23,1.31,224277891
2020/6/19,sh.600022,1.29,1.29,1.23,1.25,141891149
2020/6/22,sh.600022,1.25,1.25,1.22,1.22,68968331
2020/6/23,sh.600022,1.22,1.25,1.20,1.24,64881497
2020/6/24,sh.600022,1.24,1.24,1.21,1.21,37512421
2020/6/29,sh.600022,1.20,1.21,1.17,1.18,56001272
2020/6/30,sh.600022,1.18,1.20,1.18,1.19,40201983
2020/7/1,sh.600022,1.19,1.20,1.18,1.20,44095521
2020/7/2,sh.600022,1.20,1.23,1.19,1.23,65162464
2020/7/3,sh.600022,1.23,1.27,1.22,1.25,97576259
2020/7/6,sh.600022,1.26,1.32,1.26,1.31,202351165
2020/7/7,sh.600022,1.33,1.35,1.27,1.28,191618423
2020/7/8,sh.600022,1.27,1.33,1.27,1.32,182352668
2020/7/9,sh.600022,1.32,1.38,1.30,1.35,193539016
2020/7/10,sh.600022,1.34,1.34,1.29,1.30,116041492
2020/7/13,sh.600022,1.30,1.35,1.29,1.34,142101034
2020/7/14,sh.600022,1.35,1.38,1.31,1.35,141960210
2020/7/15,sh.600022,1.34,1.36,1.30,1.30,107002242
2020/7/16,sh.600022,1.30,1.32,1.27,1.27,101924388
2020/7/17,sh.600022,1.27,1.29,1.26,1.27,73206446
2020/7/20,sh.600022,1.27,1.32,1.27,1.32,99994401
2020/7/21,sh.600022,1.32,1.33,1.29,1.30,57032906
2020/7/22,sh.600022,1.30,1.33,1.29,1.30,68387351
2020/7/23,sh.600022,1.28,1.29,1.27,1.28,68028015
2020/7/24,sh.600022,1.28,1.28,1.24,1.25,72253029
2020/7/27,sh.600022,1.25,1.27,1.24,1.25,42591431
2020/7/28,sh.600022,1.26,1.27,1.25,1.26,35647728
2020/7/29,sh.600022,1.25,1.27,1.25,1.27,45697469
2020/7/30,sh.600022,1.27,1.27,1.26,1.27,42481801
2020/7/31,sh.600022,1.26,1.28,1.26,1.27,44765175
2020/8/3,sh.600022,1.27,1.28,1.27,1.28,73258415
2020/8/4,sh.600022,1.27,1.28,1.27,1.27,63469495
2020/8/5,sh.600022,1.27,1.28,1.26,1.27,59969004
2020/8/6,sh.600022,1.27,1.28,1.27,1.28,49382957
2020/8/7,sh.600022,1.27,1.28,1.26,1.27,57735236
2020/8/10,sh.600022,1.27,1.28,1.26,1.27,57432213
2020/8/11,sh.600022,1.27,1.28,1.26,1.27,60569530
2020/8/12,sh.600022,1.27,1.27,1.24,1.27,58456892
2020/8/13,sh.600022,1.27,1.32,1.26,1.31,173496202
2020/8/14,sh.600022,1.29,1.30,1.27,1.30,104554002
2020/8/17,sh.600022,1.30,1.32,1.28,1.30,93706056
2020/8/18,sh.600022,1.30,1.31,1.29,1.30,63599383
2020/8/19,sh.600022,1.30,1.31,1.28,1.30,76845693
2020/8/20,sh.600022,1.30,1.31,1.28,1.30,81704230
2020/8/21,sh.600022,1.30,1.30,1.28,1.29,55513671
2020/8/24,sh.600022,1.29,1.30,1.28,1.29,50181438
2020/8/25,sh.600022,1.29,1.29,1.27,1.28,41844010
2020/8/26,sh.600022,1.28,1.28,1.26,1.27,54989742
2020/8/27,sh.600022,1.27,1.27,1.26,1.27,36088913
2020/8/28,sh.600022,1.27,1.29,1.27,1.29,63385564
2020/8/31,sh.600022,1.28,1.30,1.27,1.27,54733893
2020/9/1,sh.600022,1.28,1.28,1.27,1.28,37954351
2020/9/2,sh.600022,1.27,1.28,1.26,1.27,59039432
2020/9/3,sh.600022,1.27,1.29,1.26,1.27,68296259
2020/9/4,sh.600022,1.27,1.27,1.26,1.27,39745968
2020/9/7,sh.600022,1.27,1.28,1.26,1.27,56643823
2020/9/8,sh.600022,1.27,1.34,1.26,1.33,202972978
2020/9/9,sh.600022,1.31,1.46,1.30,1.46,571086559
2020/9/10,sh.600022,1.48,1.51,1.35,1.37,417313697
2020/9/11,sh.600022,1.34,1.38,1.30,1.34,206175912
2020/9/14,sh.600022,1.34,1.37,1.31,1.35,186346672
2020/9/15,sh.600022,1.33,1.34,1.31,1.32,122096344
2020/9/16,sh.600022,1.32,1.35,1.30,1.33,130560437
2020/9/17,sh.600022,1.32,1.33,1.30,1.31,96247528
2020/9/18,sh.600022,1.31,1.33,1.29,1.31,107481235
2020/9/21,sh.600022,1.32,1.33,1.30,1.30,80349636
2020/9/22,sh.600022,1.29,1.30,1.27,1.27,92571007
2020/9/23,sh.600022,1.27,1.28,1.27,1.27,47300134
2020/9/24,sh.600022,1.27,1.27,1.25,1.26,73320253
2020/9/25,sh.600022,1.25,1.27,1.25,1.25,39907598
2020/9/28,sh.600022,1.25,1.27,1.25,1.26,46154414
2020/9/29,sh.600022,1.27,1.27,1.26,1.27,52079628
2020/9/30,sh.600022,1.27,1.27,1.25,1.25,43807321
2020/10/9,sh.600022,1.26,1.27,1.26,1.27,51105053
2020/10/12,sh.600022,1.27,1.29,1.27,1.29,72407826
2020/10/13,sh.600022,1.29,1.29,1.27,1.27,60762972
2020/10/14,sh.600022,1.27,1.27,1.26,1.27,46416640
2020/10/15,sh.600022,1.27,1.27,1.26,1.27,38946101
2020/10/16,sh.600022,1.27,1.29,1.26,1.27,72812034
2020/10/19,sh.600022,1.27,1.29,1.27,1.27,66597678
2020/10/20,sh.600022,1.27,1.27,1.26,1.27,44452321
2020/10/21,sh.600022,1.27,1.27,1.26,1.26,43910434
2020/10/22,sh.600022,1.27,1.27,1.26,1.27,39224970
2020/10/23,sh.600022,1.27,1.27,1.26,1.27,56909873
2020/10/26,sh.600022,1.27,1.27,1.26,1.27,27775910
2020/10/27,sh.600022,1.26,1.27,1.25,1.26,35961971
2020/10/28,sh.600022,1.26,1.27,1.25,1.27,46073911
2020/10/29,sh.600022,1.26,1.27,1.25,1.26,38794799
2020/10/30,sh.600022,1.27,1.27,1.23,1.25,69498275
2020/11/2,sh.600022,1.25,1.26,1.24,1.25,53861014
2020/11/3,sh.600022,1.25,1.27,1.25,1.27,72333045
2020/11/4,sh.600022,1.27,1.27,1.26,1.27,52106961
2020/11/5,sh.600022,1.27,1.29,1.27,1.28,108999794
2020/11/6,sh.600022,1.28,1.29,1.27,1.28,99584427
2020/11/9,sh.600022,1.29,1.34,1.28,1.32,151360471
2020/11/10,sh.600022,1.33,1.34,1.29,1.30,108815170
2020/11/11,sh.600022,1.30,1.36,1.29,1.32,180956424
2020/11/12,sh.600022,1.32,1.32,1.29,1.31,105055471
2020/11/13,sh.600022,1.31,1.35,1.29,1.32,112788249
2020/11/16,sh.600022,1.31,1.37,1.31,1.37,174403429
2020/11/17,sh.600022,1.36,1.38,1.33,1.34,127437299
2020/11/18,sh.600022,1.34,1.37,1.34,1.35,109187279
2020/11/19,sh.600022,1.35,1.36,1.32,1.33,81357266
2020/11/20,sh.600022,1.33,1.38,1.32,1.37,121225308
2020/11/23,sh.600022,1.37,1.41,1.36,1.39,203644637
2020/11/24,sh.600022,1.39,1.40,1.36,1.39,148236171
2020/11/25,sh.600022,1.39,1.41,1.35,1.35,157196204
2020/11/26,sh.600022,1.35,1.36,1.33,1.34,97510797
2020/11/27,sh.600022,1.34,1.37,1.33,1.35,93981489
2020/11/30,sh.600022,1.35,1.39,1.34,1.35,120692300
2020/12/1,sh.600022,1.35,1.37,1.34,1.36,91374908
2020/12/2,sh.600022,1.36,1.39,1.35,1.37,124842610
2020/12/3,sh.600022,1.37,1.38,1.35,1.35,90736231
2020/12/4,sh.600022,1.36,1.36,1.33,1.34,74670291
2020/12/7,sh.600022,1.34,1.36,1.31,1.32,87233936
2020/12/8,sh.600022,1.32,1.32,1.30,1.30,56210208
2020/12/9,sh.600022,1.30,1.32,1.29,1.30,66695093
2020/12/10,sh.600022,1.30,1.35,1.30,1.33,127005282
2020/12/11,sh.600022,1.33,1.35,1.30,1.31,107436759
2020/12/14,sh.600022,1.31,1.31,1.28,1.28,66078631
2020/12/15,sh.600022,1.28,1.29,1.27,1.28,44512711
2020/12/16,sh.600022,1.29,1.29,1.27,1.28,40738898
2020/12/17,sh.600022,1.28,1.32,1.27,1.31,69265654
2020/12/18,sh.600022,1.31,1.35,1.30,1.34,119858969
2020/12/21,sh.600022,1.35,1.36,1.33,1.35,91988624
2020/12/22,sh.600022,1.35,1.36,1.29,1.31,106448103
2020/12/23,sh.600022,1.31,1.34,1.30,1.32,68151297
2020/12/24,sh.600022,1.33,1.34,1.30,1.30,69899745
2020/12/25,sh.600022,1.30,1.35,1.29,1.35,98122924
2020/12/28,sh.600022,1.34,1.35,1.32,1.33,67360588
2020/12/29,sh.600022,1.34,1.35,1.31,1.32,78655332
2020/12/30,sh.600022,1.32,1.33,1.31,1.32,55798986
2020/12/31,sh.600022,1.31,1.33,1.31,1.32,56702083
2021/1/4,sh.600022,1.31,1.33,1.30,1.32,101404394
2021/1/5,sh.600022,1.31,1.32,1.29,1.30,78977416
2021/1/6,sh.600022,1.30,1.31,1.28,1.29,59221596
2021/1/7,sh.600022,1.29,1.31,1.28,1.29,86111534
2021/1/8,sh.600022,1.28,1.30,1.27,1.28,84520353
2021/1/11,sh.600022,1.28,1.28,1.26,1.27,70289740
2021/1/12,sh.600022,1.26,1.27,1.25,1.27,59324642
2021/1/13,sh.600022,1.26,1.27,1.26,1.27,58734107
2021/1/14,sh.600022,1.27,1.29,1.26,1.27,59286885
2021/1/15,sh.600022,1.27,1.29,1.27,1.27,67004540
2021/1/18,sh.600022,1.28,1.28,1.27,1.27,45559208
2021/1/19,sh.600022,1.27,1.28,1.27,1.27,39181974
2021/1/20,sh.600022,1.27,1.30,1.27,1.29,102202518
2021/1/21,sh.600022,1.28,1.31,1.27,1.29,124602867
2021/1/22,sh.600022,1.29,1.29,1.27,1.27,61974032
2021/1/25,sh.600022,1.27,1.27,1.25,1.25,69359355
2021/1/26,sh.600022,1.25,1.27,1.25,1.26,48385984
2021/1/27,sh.600022,1.25,1.26,1.24,1.24,57322639
2021/1/28,sh.600022,1.23,1.28,1.22,1.27,127256314
2021/1/29,sh.600022,1.25,1.26,1.21,1.22,126298737
2021/2/1,sh.600022,1.21,1.22,1.20,1.20,51954760
2021/2/2,sh.600022,1.21,1.21,1.20,1.20,34746114
2021/2/3,sh.600022,1.20,1.24,1.19,1.23,103671790
2021/2/4,sh.600022,1.21,1.22,1.19,1.20,61796629
2021/2/5,sh.600022,1.19,1.21,1.19,1.19,36000030
2021/2/8,sh.600022,1.19,1.21,1.19,1.20,43325091
2021/2/9,sh.600022,1.20,1.22,1.19,1.21,35387693
2021/2/10,sh.600022,1.21,1.22,1.20,1.21,51323354
2021/2/18,sh.600022,1.22,1.26,1.22,1.25,84532395
2021/2/19,sh.600022,1.25,1.27,1.24,1.27,75042967
2021/2/22,sh.600022,1.27,1.37,1.27,1.33,240850784
2021/2/23,sh.600022,1.33,1.39,1.30,1.36,243377988
2021/2/24,sh.600022,1.34,1.35,1.30,1.32,141409317
2021/2/25,sh.600022,1.32,1.38,1.32,1.34,166420266
2021/2/26,sh.600022,1.31,1.36,1.31,1.32,121313987
2021/3/1,sh.600022,1.32,1.45,1.32,1.45,421465265
2021/3/2,sh.600022,1.45,1.48,1.39,1.39,387663922
2021/3/3,sh.600022,1.41,1.47,1.40,1.46,302087660
2021/3/4,sh.600022,1.44,1.55,1.42,1.50,402670228
2021/3/5,sh.600022,1.46,1.47,1.40,1.43,262701357
2021/3/8,sh.600022,1.45,1.48,1.41,1.41,204372833
2021/3/9,sh.600022,1.39,1.51,1.35,1.45,321871989
2021/3/10,sh.600022,1.43,1.46,1.39,1.40,182647123
2021/3/11,sh.600022,1.40,1.49,1.39,1.47,259275276
2021/3/12,sh.600022,1.47,1.53,1.46,1.50,311178948
2021/3/15,sh.600022,1.49,1.63,1.49,1.56,396100010
2021/3/16,sh.600022,1.52,1.55,1.50,1.52,218566997
2021/3/17,sh.600022,1.52,1.53,1.48,1.49,157864048
2021/3/18,sh.600022,1.49,1.51,1.47,1.49,139425318
2021/3/19,sh.600022,1.48,1.49,1.45,1.47,135663083
2021/3/22,sh.600022,1.48,1.51,1.47,1.49,160728039
2021/3/23,sh.600022,1.48,1.48,1.41,1.42,164042763
2021/3/24,sh.600022,1.41,1.42,1.39,1.39,112500542
2021/3/25,sh.600022,1.39,1.42,1.39,1.40,82947319
2021/3/26,sh.600022,1.40,1.42,1.39,1.42,68681369
2021/3/29,sh.600022,1.43,1.45,1.41,1.42,102326105
2021/3/30,sh.600022,1.41,1.44,1.40,1.43,86196209
2021/3/31,sh.600022,1.43,1.45,1.42,1.42,82612140
2021/4/1,sh.600022,1.42,1.48,1.40,1.46,166841020
2021/4/2,sh.600022,1.45,1.46,1.43,1.44,75379047
2021/4/6,sh.600022,1.45,1.49,1.45,1.46,96336954
2021/4/7,sh.600022,1.47,1.55,1.45,1.54,254638118
2021/4/8,sh.600022,1.53,1.66,1.52,1.57,482551074
2021/4/9,sh.600022,1.62,1.66,1.55,1.63,486039361
2021/4/12,sh.600022,1.61,1.80,1.59,1.77,718623073
2021/4/13,sh.600022,1.71,1.72,1.62,1.63,520031275
2021/4/14,sh.600022,1.60,1.69,1.59,1.66,375898066
2021/4/15,sh.600022,1.63,1.66,1.62,1.62,242069586
2021/4/16,sh.600022,1.63,1.71,1.62,1.67,278689879
2021/4/19,sh.600022,1.67,1.67,1.63,1.63,209810264
2021/4/20,sh.600022,1.63,1.65,1.60,1.61,184758866
2021/4/21,sh.600022,1.60,1.60,1.54,1.57,174254564
2021/4/22,sh.600022,1.58,1.64,1.58,1.61,187839052
2021/4/23,sh.600022,1.62,1.64,1.58,1.63,197017784
2021/4/26,sh.600022,1.64,1.67,1.61,1.62,182902898
2021/4/27,sh.600022,1.61,1.63,1.57,1.60,125771072
2021/4/28,sh.600022,1.58,1.61,1.57,1.61,96873072
2021/4/29,sh.600022,1.62,1.67,1.57,1.65,247511143
2021/4/30,sh.600022,1.63,1.67,1.60,1.61,176158916
2021/5/6,sh.600022,1.63,1.75,1.63,1.73,356157121
2021/5/7,sh.600022,1.75,1.82,1.71,1.77,428170406
2021/5/10,sh.600022,1.85,1.93,1.77,1.90,538606016
2021/5/11,sh.600022,1.86,1.87,1.78,1.81,372759446
2021/5/12,sh.600022,1.80,1.93,1.79,1.87,382781203
2021/5/13,sh.600022,1.84,1.90,1.77,1.78,329038413
2021/5/14,sh.600022,1.79,1.82,1.75,1.77,237316956
2021/5/17,sh.600022,1.76,1.78,1.72,1.75,170930663
2021/5/18,sh.600022,1.79,1.79,1.75,1.76,128308715
2021/5/19,sh.600022,1.75,1.75,1.71,1.74,140295601
2021/5/20,sh.600022,1.66,1.67,1.59,1.62,232776838
2021/5/21,sh.600022,1.61,1.68,1.60,1.65,162016571
2021/5/24,sh.600022,1.62,1.66,1.61,1.63,116628327
2021/5/25,sh.600022,1.64,1.66,1.62,1.64,116702947
2021/5/26,sh.600022,1.63,1.66,1.62,1.63,108700522
2021/5/27,sh.600022,1.63,1.66,1.62,1.63,124602885
2021/5/28,sh.600022,1.66,1.68,1.62,1.63,140026076
2021/5/31,sh.600022,1.64,1.64,1.62,1.62,104900123
2021/6/1,sh.600022,1.61,1.62,1.55,1.62,174723439
2021/6/2,sh.600022,1.61,1.63,1.59,1.59,108426213
2021/6/3,sh.600022,1.59,1.66,1.59,1.63,184161740
2021/6/4,sh.600022,1.63,1.63,1.60,1.61,99588605
2021/6/7,sh.600022,1.60,1.63,1.59,1.60,75521950
2021/6/8,sh.600022,1.60,1.61,1.57,1.58,94828097
2021/6/9,sh.600022,1.59,1.63,1.58,1.61,112924500
2021/6/10,sh.600022,1.62,1.65,1.60,1.64,146260573
2021/6/11,sh.600022,1.64,1.67,1.63,1.65,117518417
2021/6/15,sh.600022,1.65,1.66,1.62,1.63,106105887
2021/6/16,sh.600022,1.63,1.63,1.58,1.60,102766543
2021/6/17,sh.600022,1.60,1.62,1.56,1.57,96277751
2021/6/18,sh.600022,1.57,1.58,1.53,1.57,80071543
2021/6/21,sh.600022,1.57,1.62,1.57,1.61,118393055
2021/6/22,sh.600022,1.61,1.63,1.58,1.60,91562229
2021/6/23,sh.600022,1.59,1.61,1.57,1.60,76851028
2021/6/24,sh.600022,1.60,1.61,1.58,1.59,66619626
2021/6/25,sh.600022,1.59,1.64,1.58,1.63,128115580
2021/6/28,sh.600022,1.62,1.63,1.60,1.61,94067276
2021/6/29,sh.600022,1.60,1.63,1.59,1.59,80472917
2021/6/30,sh.600022,1.60,1.63,1.59,1.63,91311097
2021/7/1,sh.600022,1.63,1.65,1.61,1.61,84207229
2021/7/2,sh.600022,1.61,1.62,1.60,1.61,52643932
2021/7/5,sh.600022,1.62,1.63,1.60,1.62,67263995
2021/7/6,sh.600022,1.62,1.64,1.61,1.62,79329200
2021/7/7,sh.600022,1.62,1.68,1.61,1.66,194621804
2021/7/8,sh.600022,1.66,1.69,1.65,1.66,150522508
2021/7/9,sh.600022,1.65,1.74,1.62,1.73,224027593
2021/7/12,sh.600022,1.75,1.82,1.73,1.73,276577498
2021/7/13,sh.600022,1.74,1.82,1.73,1.80,256275588
2021/7/14,sh.600022,1.82,1.82,1.76,1.79,207229219
2021/7/15,sh.600022,1.82,1.89,1.82,1.87,376466054
2021/7/16,sh.600022,1.85,1.92,1.84,1.87,294518397
2021/7/19,sh.600022,1.87,1.89,1.84,1.86,205857605
2021/7/20,sh.600022,1.83,1.84,1.80,1.82,171876104
2021/7/21,sh.600022,1.83,1.88,1.81,1.88,223613635
2021/7/22,sh.600022,1.87,1.97,1.86,1.95,331793865
2021/7/23,sh.600022,1.95,2.02,1.94,1.99,384679502
2021/7/26,sh.600022,1.99,2.00,1.91,1.95,246348236
2021/7/27,sh.600022,1.94,1.99,1.86,1.87,228585544
2021/7/28,sh.600022,1.85,1.91,1.79,1.88,223134503
2021/7/29,sh.600022,1.91,1.92,1.87,1.90,168583321
2021/7/30,sh.600022,1.89,1.97,1.87,1.96,244748172
2021/8/2,sh.600022,1.91,1.92,1.81,1.82,300568525
2021/8/3,sh.600022,1.81,1.82,1.77,1.78,151371252
2021/8/4,sh.600022,1.78,1.82,1.78,1.82,134996785
2021/8/5,sh.600022,1.81,1.82,1.78,1.79,102042937
2021/8/6,sh.600022,1.79,1.83,1.79,1.82,117744344
2021/8/9,sh.600022,1.82,1.83,1.79,1.82,118087279
2021/8/10,sh.600022,1.82,1.84,1.82,1.83,105290224
2021/8/11,sh.600022,1.84,1.90,1.83,1.88,173760939
2021/8/12,sh.600022,1.87,1.98,1.86,1.95,283648273
2021/8/13,sh.600022,1.95,2.12,1.94,2.05,529889204
2021/8/16,sh.600022,2.07,2.10,2.03,2.07,293282748
2021/8/17,sh.600022,2.07,2.11,2.04,2.05,236958210
2021/8/18,sh.600022,2.06,2.09,2.02,2.05,208212248
2021/8/19,sh.600022,2.04,2.06,2.00,2.05,201458230
2021/8/20,sh.600022,2.04,2.10,2.03,2.08,193328092
2021/8/23,sh.600022,2.09,2.15,2.07,2.07,191129096
2021/8/24,sh.600022,2.07,2.14,2.07,2.13,194725482
2021/8/25,sh.600022,2.13,2.16,2.06,2.14,214001033
2021/8/26,sh.600022,2.15,2.29,2.14,2.24,341692925
2021/8/27,sh.600022,2.22,2.25,2.17,2.20,245213230
2021/8/30,sh.600022,2.23,2.25,2.17,2.17,275159808
2021/8/31,sh.600022,2.17,2.27,2.16,2.24,263577910
2021/9/1,sh.600022,2.28,2.39,2.18,2.18,372787421
2021/9/2,sh.600022,2.18,2.27,2.17,2.25,246863122
2021/9/3,sh.600022,2.26,2.28,2.17,2.21,239182459
2021/9/6,sh.600022,2.21,2.25,2.16,2.19,173333640
2021/9/7,sh.600022,2.19,2.34,2.18,2.31,367387058
2021/9/8,sh.600022,2.31,2.37,2.27,2.35,272760835
2021/9/9,sh.600022,2.34,2.46,2.34,2.44,389692560
2021/9/10,sh.600022,2.43,2.45,2.36,2.38,279716508
2021/9/13,sh.600022,2.38,2.40,2.34,2.39,241940868
2021/9/14,sh.600022,2.39,2.39,2.29,2.30,240896064
2021/9/15,sh.600022,2.29,2.36,2.28,2.33,172213342
2021/9/16,sh.600022,2.35,2.46,2.33,2.34,321938400
2021/9/17,sh.600022,2.33,2.39,2.17,2.24,258492489
2021/9/22,sh.600022,2.20,2.27,2.17,2.25,157069547
2021/9/23,sh.600022,2.27,2.35,2.24,2.34,210509393
2021/9/24,sh.600022,2.33,2.34,2.17,2.17,251809269
2021/9/27,sh.600022,2.17,2.19,1.97,2.00,262595964
2021/9/28,sh.600022,1.99,2.04,1.97,2.01,158729306
2021/9/29,sh.600022,2.00,2.03,1.90,1.92,172944256
2021/9/30,sh.600022,1.92,1.97,1.92,1.95,127504209
2021/10/8,sh.600022,1.97,2.01,1.92,1.95,148685812
2021/10/11,sh.600022,1.95,1.98,1.89,1.95,129382835
2021/10/12,sh.600022,1.94,1.97,1.85,1.87,163283175
2021/10/13,sh.600022,1.88,1.89,1.81,1.87,144585241
2021/10/14,sh.600022,1.87,1.90,1.84,1.88,126755225
2021/10/15,sh.600022,1.88,1.90,1.85,1.88,107747459
2021/10/18,sh.600022,1.87,1.93,1.86,1.92,176347794
2021/10/19,sh.600022,1.91,1.93,1.88,1.92,109241739
2021/10/20,sh.600022,1.90,1.94,1.85,1.93,142220079
2021/10/21,sh.600022,1.93,1.99,1.92,1.93,151187625
2021/10/22,sh.600022,1.91,1.92,1.84,1.84,150419699
2021/10/25,sh.600022,1.84,1.87,1.81,1.86,97837953
2021/10/26,sh.600022,1.86,1.89,1.84,1.85,88005173
2021/10/27,sh.600022,1.84,1.84,1.78,1.81,123021708
2021/10/28,sh.600022,1.79,1.81,1.69,1.73,172522201
2021/10/29,sh.600022,1.74,1.77,1.73,1.77,137202436
2021/11/1,sh.600022,1.75,1.82,1.75,1.80,149519963
2021/11/2,sh.600022,1.79,1.80,1.66,1.71,172789614
2021/11/3,sh.600022,1.71,1.74,1.67,1.73,114107066
2021/11/4,sh.600022,1.72,1.72,1.67,1.69,134375157
2021/11/5,sh.600022,1.67,1.68,1.61,1.62,169603480
2021/11/8,sh.600022,1.62,1.66,1.61,1.63,176760370
2021/11/9,sh.600022,1.62,1.63,1.58,1.60,148880666
2021/11/10,sh.600022,1.57,1.61,1.54,1.60,212727781
2021/11/11,sh.600022,1.61,1.65,1.60,1.62,195281256
2021/11/12,sh.600022,1.61,1.63,1.57,1.59,165205891
2021/11/15,sh.600022,1.58,1.60,1.56,1.59,137858929
2021/11/16,sh.600022,1.59,1.61,1.57,1.57,137995108
2021/11/17,sh.600022,1.57,1.59,1.56,1.58,110844671
2021/11/18,sh.600022,1.58,1.62,1.57,1.59,169957756
2021/11/19,sh.600022,1.59,1.62,1.56,1.61,166532193
2021/11/22,sh.600022,1.62,1.63,1.60,1.62,159393607
2021/11/23,sh.600022,1.61,1.70,1.61,1.66,254921007
2021/11/24,sh.600022,1.66,1.68,1.64,1.66,142984426
2021/11/25,sh.600022,1.67,1.67,1.64,1.64,105113116
2021/11/26,sh.600022,1.63,1.67,1.62,1.65,138907620
2021/11/29,sh.600022,1.64,1.65,1.62,1.65,114881437
2021/11/30,sh.600022,1.65,1.66,1.64,1.64,92252588
2021/12/1,sh.600022,1.64,1.66,1.63,1.65,95934125
2021/12/2,sh.600022,1.65,1.69,1.65,1.68,138530650
2021/12/3,sh.600022,1.69,1.70,1.65,1.68,118489033
2021/12/6,sh.600022,1.68,1.72,1.67,1.67,140349664
2021/12/7,sh.600022,1.68,1.71,1.67,1.70,146597141
2021/12/8,sh.600022,1.70,1.71,1.68,1.70,99982478
2021/12/9,sh.600022,1.69,1.72,1.68,1.70,106092725
2021/12/10,sh.600022,1.70,1.71,1.68,1.68,87291665
2021/12/13,sh.600022,1.68,1.69,1.67,1.67,71801032
2021/12/14,sh.600022,1.66,1.67,1.64,1.65,102719242
2021/12/15,sh.600022,1.65,1.67,1.64,1.66,92553645
2021/12/16,sh.600022,1.66,1.72,1.65,1.70,201467235
2021/12/17,sh.600022,1.71,1.83,1.70,1.76,317745719
2021/12/20,sh.600022,1.76,1.78,1.73,1.73,163760715
2021/12/21,sh.600022,1.74,1.81,1.72,1.79,186006124
2021/12/22,sh.600022,1.79,1.82,1.77,1.78,151070929
2021/12/23,sh.600022,1.77,1.80,1.76,1.76,128376608
2021/12/24,sh.600022,1.77,1.78,1.71,1.73,128853050
2021/12/27,sh.600022,1.72,1.73,1.70,1.71,104392052
2021/12/28,sh.600022,1.71,1.72,1.69,1.70,89513153
2021/12/29,sh.600022,1.71,1.72,1.68,1.69,101469419
2021/12/30,sh.600022,1.69,1.70,1.68,1.68,88010066
2021/12/31,sh.600022,1.68,1.70,1.67,1.69,91501344
2022/1/4,sh.600022,1.69,1.73,1.68,1.72,142885989
2022/1/5,sh.600022,1.72,1.72,1.68,1.69,140905166
2022/1/6,sh.600022,1.69,1.73,1.68,1.71,158918298
2022/1/7,sh.600022,1.72,1.80,1.71,1.76,298083203
2022/1/10,sh.600022,1.77,1.78,1.74,1.75,155390939
2022/1/11,sh.600022,1.75,1.79,1.74,1.77,161134971
2022/1/12,sh.600022,1.76,1.77,1.72,1.73,144304144
2022/1/13,sh.600022,1.74,1.76,1.73,1.74,110670643
2022/1/14,sh.600022,1.73,1.74,1.67,1.67,158874770
2022/1/17,sh.600022,1.67,1.69,1.66,1.68,85621477
2022/1/18,sh.600022,1.68,1.72,1.67,1.70,123516082
2022/1/19,sh.600022,1.71,1.75,1.71,1.74,180782581
2022/1/20,sh.600022,1.73,1.79,1.72,1.73,230626604
2022/1/21,sh.600022,1.72,1.73,1.69,1.70,120142869
2022/1/24,sh.600022,1.70,1.71,1.65,1.68,152213774
2022/1/25,sh.600022,1.66,1.68,1.60,1.61,186334338
2022/1/26,sh.600022,1.61,1.65,1.60,1.63,113626764
2022/1/27,sh.600022,1.62,1.64,1.60,1.60,122059331
2022/1/28,sh.600022,1.62,1.62,1.56,1.60,142241801
2022/2/7,sh.600022,1.61,1.68,1.61,1.67,245817536
2022/2/8,sh.600022,1.66,1.76,1.66,1.75,338258594
2022/2/9,sh.600022,1.76,1.79,1.75,1.77,204782675
2022/2/10,sh.600022,1.78,1.79,1.74,1.76,154532547
2022/2/11,sh.600022,1.76,1.79,1.72,1.73,155203310
2022/2/14,sh.600022,1.72,1.75,1.69,1.70,143242719
2022/2/15,sh.600022,1.70,1.71,1.66,1.68,144664158
2022/2/16,sh.600022,1.68,1.74,1.68,1.72,128508250
2022/2/17,sh.600022,1.72,1.74,1.70,1.72,119888403
2022/2/18,sh.600022,1.71,1.77,1.70,1.76,183582347
2022/2/21,sh.600022,1.76,1.78,1.74,1.76,109190216
2022/2/22,sh.600022,1.75,1.77,1.71,1.73,116634012
2022/2/23,sh.600022,1.73,1.74,1.71,1.73,87398226
2022/2/24,sh.600022,1.72,1.73,1.66,1.68,184877482
2022/2/25,sh.600022,1.69,1.74,1.68,1.72,155064772
2022/2/28,sh.600022,1.72,1.72,1.68,1.71,82037371
2022/3/1,sh.600022,1.71,1.73,1.71,1.73,105754658
2022/3/2,sh.600022,1.72,1.75,1.71,1.74,114626965
2022/3/3,sh.600022,1.74,1.79,1.74,1.77,214157258
2022/3/4,sh.600022,1.77,1.78,1.73,1.76,180560343
2022/3/7,sh.600022,1.75,1.78,1.72,1.73,147972413
2022/3/8,sh.600022,1.73,1.73,1.67,1.68,184186369
2022/3/9,sh.600022,1.68,1.69,1.59,1.64,200454931
2022/3/10,sh.600022,1.65,1.66,1.64,1.65,120439658
2022/3/11,sh.600022,1.65,1.65,1.60,1.65,135601916
2022/3/14,sh.600022,1.64,1.66,1.62,1.62,112559911
2022/3/15,sh.600022,1.61,1.62,1.51,1.51,207380156
2022/3/16,sh.600022,1.53,1.57,1.48,1.56,169323668
2022/3/17,sh.600022,1.57,1.61,1.56,1.58,166016018
2022/3/18,sh.600022,1.57,1.61,1.56,1.60,129495293
2022/3/21,sh.600022,1.61,1.62,1.58,1.60,102939727
2022/3/22,sh.600022,1.60,1.65,1.59,1.64,138601702
2022/3/23,sh.600022,1.64,1.64,1.61,1.62,110079225
2022/3/24,sh.600022,1.61,1.62,1.59,1.60,103485315
2022/3/25,sh.600022,1.59,1.61,1.58,1.59,104067899
2022/3/28,sh.600022,1.58,1.61,1.55,1.59,142259058
2022/3/29,sh.600022,1.59,1.60,1.56,1.57,90672578
2022/3/30,sh.600022,1.58,1.60,1.57,1.59,91035309
2022/3/31,sh.600022,1.59,1.61,1.58,1.59,91944643
2022/4/1,sh.600022,1.59,1.61,1.57,1.60,94882360
2022/4/6,sh.600022,1.59,1.66,1.59,1.65,222445559
2022/4/7,sh.600022,1.65,1.68,1.64,1.64,212709558
2022/4/8,sh.600022,1.65,1.66,1.62,1.65,177722021
2022/4/11,sh.600022,1.65,1.65,1.60,1.61,146734070
2022/4/12,sh.600022,1.60,1.65,1.60,1.63,129820838
2022/4/13,sh.600022,1.63,1.65,1.62,1.63,109974115
2022/4/14,sh.600022,1.63,1.66,1.63,1.65,125826648
2022/4/15,sh.600022,1.65,1.70,1.64,1.66,225542440
2022/4/18,sh.600022,1.65,1.65,1.62,1.63,148636277
2022/4/19,sh.600022,1.63,1.66,1.62,1.65,137398257
2022/4/20,sh.600022,1.65,1.65,1.60,1.61,156157871
2022/4/21,sh.600022,1.60,1.61,1.54,1.54,168507176
2022/4/22,sh.600022,1.54,1.56,1.51,1.56,101450940
2022/4/25,sh.600022,1.54,1.54,1.48,1.48,141329688
2022/4/26,sh.600022,1.48,1.49,1.44,1.44,131590990
2022/4/27,sh.600022,1.41,1.48,1.39,1.47,123106941
2022/4/28,sh.600022,1.47,1.48,1.43,1.46,99138708
2022/4/29,sh.600022,1.47,1.53,1.47,1.53,133544567
2022/5/5,sh.600022,1.51,1.54,1.51,1.52,96826161
2022/5/6,sh.600022,1.49,1.51,1.48,1.48,84314885
2022/5/9,sh.600022,1.48,1.51,1.47,1.50,80490004
2022/5/10,sh.600022,1.49,1.52,1.48,1.52,79174105
2022/5/11,sh.600022,1.52,1.54,1.51,1.51,93437870
2022/5/12,sh.600022,1.51,1.52,1.50,1.51,55947741
2022/5/13,sh.600022,1.52,1.52,1.50,1.51,51316318
2022/5/16,sh.600022,1.52,1.53,1.50,1.52,60462777
2022/5/17,sh.600022,1.52,1.52,1.50,1.51,42124630
2022/5/18,sh.600022,1.51,1.52,1.50,1.50,59236102
2022/5/19,sh.600022,1.49,1.51,1.48,1.51,67081591
2022/5/20,sh.600022,1.51,1.53,1.50,1.52,84436180
2022/5/23,sh.600022,1.52,1.58,1.52,1.57,170122712
2022/5/24,sh.600022,1.56,1.57,1.51,1.52,110429923
2022/5/25,sh.600022,1.51,1.54,1.51,1.53,74690365
2022/5/26,sh.600022,1.54,1.57,1.52,1.56,98396358
2022/5/27,sh.600022,1.56,1.58,1.54,1.55,74184326
2022/5/30,sh.600022,1.56,1.56,1.54,1.55,51624380
2022/5/31,sh.600022,1.55,1.56,1.53,1.56,54760281
2022/6/1,sh.600022,1.56,1.57,1.55,1.56,70555313
2022/6/2,sh.600022,1.56,1.61,1.55,1.60,153819988
2022/6/6,sh.600022,1.60,1.62,1.59,1.61,134176365
2022/6/7,sh.600022,1.63,1.65,1.62,1.63,110727350
2022/6/8,sh.600022,1.63,1.65,1.61,1.65,137325954
2022/6/9,sh.600022,1.65,1.65,1.63,1.65,121230674
2022/6/10,sh.600022,1.66,1.67,1.65,1.66,115331843
2022/6/13,sh.600022,1.66,1.67,1.65,1.66,115584147
2022/6/14,sh.600022,1.66,1.70,1.65,1.70,121158815
2022/6/15,sh.600022,1.70,1.72,1.69,1.69,107194344
2022/6/16,sh.600022,1.69,1.71,1.68,1.68,92523944
2022/6/17,sh.600022,1.67,1.70,1.66,1.69,79806189
2022/6/20,sh.600022,1.68,1.69,1.66,1.66,68104101
2022/6/21,sh.600022,1.66,1.72,1.66,1.70,137159173
2022/6/22,sh.600022,1.69,1.71,1.67,1.69,102583227
2022/6/23,sh.600022,1.69,1.70,1.67,1.69,61878472
2022/6/24,sh.600022,1.68,1.71,1.68,1.70,89783055
2022/6/27,sh.600022,1.71,1.71,1.69,1.69,70686739
2022/6/28,sh.600022,1.69,1.71,1.68,1.71,56072021
2022/6/29,sh.600022,1.71,1.71,1.69,1.69,62145824
2022/6/30,sh.600022,1.69,1.71,1.69,1.70,97755055
2022/7/1,sh.600022,1.69,1.70,1.67,1.67,72548771
2022/7/4,sh.600022,1.67,1.67,1.65,1.66,85157734
2022/7/5,sh.600022,1.66,1.71,1.65,1.70,129513415
2022/7/6,sh.600022,1.69,1.70,1.66,1.67,79821217
2022/7/7,sh.600022,1.67,1.70,1.66,1.68,62129763
2022/7/8,sh.600022,1.69,1.69,1.67,1.67,39826857
2022/7/11,sh.600022,1.67,1.68,1.66,1.66,68328171
2022/7/12,sh.600022,1.66,1.70,1.66,1.68,77167165
2022/7/13,sh.600022,1.67,1.68,1.66,1.67,44174973
2022/7/14,sh.600022,1.66,1.67,1.66,1.66,47198753
2022/7/15,sh.600022,1.66,1.66,1.61,1.61,77329578
2022/7/18,sh.600022,1.61,1.66,1.61,1.66,67512332
2022/7/19,sh.600022,1.66,1.66,1.65,1.66,41676071
2022/7/20,sh.600022,1.66,1.68,1.66,1.66,63188620
2022/7/21,sh.600022,1.66,1.66,1.65,1.66,43991954
2022/7/22,sh.600022,1.65,1.66,1.64,1.65,49622313
2022/7/25,sh.600022,1.65,1.66,1.62,1.63,55376480
2022/7/26,sh.600022,1.63,1.64,1.62,1.63,41044928
2022/7/27,sh.600022,1.64,1.64,1.62,1.63,46731989
2022/7/28,sh.600022,1.63,1.64,1.63,1.63,28033946
2022/7/29,sh.600022,1.63,1.66,1.63,1.65,69312120
2022/8/1,sh.600022,1.65,1.65,1.61,1.62,67458850
2022/8/2,sh.600022,1.61,1.62,1.54,1.57,110948528
2022/8/3,sh.600022,1.57,1.59,1.53,1.55,75545907
2022/8/4,sh.600022,1.55,1.56,1.53,1.56,49492025
2022/8/5,sh.600022,1.55,1.57,1.54,1.57,65495244
2022/8/8,sh.600022,1.56,1.58,1.55,1.58,53900985
2022/8/9,sh.600022,1.57,1.58,1.56,1.57,32082566
2022/8/10,sh.600022,1.57,1.58,1.55,1.55,43189195
2022/8/11,sh.600022,1.56,1.58,1.55,1.57,48701440
2022/8/12,sh.600022,1.58,1.59,1.57,1.58,47005263
2022/8/15,sh.600022,1.58,1.61,1.57,1.60,68856663
2022/8/16,sh.600022,1.60,1.61,1.59,1.60,42774044
2022/8/17,sh.600022,1.61,1.61,1.59,1.60,38151300
2022/8/18,sh.600022,1.60,1.60,1.58,1.58,38243571
2022/8/19,sh.600022,1.58,1.59,1.57,1.58,37148510
2022/8/22,sh.600022,1.57,1.60,1.57,1.59,53867705
2022/8/23,sh.600022,1.59,1.60,1.58,1.59,32069379
2022/8/24,sh.600022,1.60,1.61,1.57,1.57,62936270
2022/8/25,sh.600022,1.57,1.58,1.56,1.58,36866151
2022/8/26,sh.600022,1.58,1.58,1.56,1.56,41520041
2022/8/29,sh.600022,1.56,1.59,1.54,1.58,77961633
2022/8/30,sh.600022,1.58,1.59,1.57,1.59,35965543
2022/8/31,sh.600022,1.58,1.59,1.56,1.57,45867150
2022/9/1,sh.600022,1.56,1.58,1.55,1.56,38138856
2022/9/2,sh.600022,1.56,1.57,1.55,1.56,32058850
2022/9/5,sh.600022,1.55,1.58,1.55,1.57,67871039
2022/9/6,sh.600022,1.58,1.59,1.57,1.59,55736650
2022/9/7,sh.600022,1.59,1.60,1.58,1.59,48429808
2022/9/8,sh.600022,1.58,1.60,1.58,1.59,49449871
2022/9/9,sh.600022,1.60,1.61,1.58,1.60,73766228
2022/9/13,sh.600022,1.61,1.61,1.58,1.58,51758944
2022/9/14,sh.600022,1.57,1.59,1.57,1.57,50656197
2022/9/15,sh.600022,1.58,1.59,1.56,1.56,55657541
2022/9/16,sh.600022,1.57,1.57,1.52,1.52,93086445
2022/9/19,sh.600022,1.52,1.53,1.49,1.49,70777308
2022/9/20,sh.600022,1.50,1.51,1.49,1.50,25944444
2022/9/21,sh.600022,1.50,1.54,1.48,1.53,64381759
2022/9/22,sh.600022,1.52,1.54,1.51,1.51,40889216
2022/9/23,sh.600022,1.51,1.53,1.51,1.52,47286006
2022/9/26,sh.600022,1.51,1.52,1.47,1.48,73012147
2022/9/27,sh.600022,1.48,1.49,1.46,1.49,51820961
2022/9/28,sh.600022,1.48,1.49,1.46,1.47,52428756
2022/9/29,sh.600022,1.47,1.48,1.44,1.44,53313244
2022/9/30,sh.600022,1.44,1.46,1.43,1.46,48371214
2022/10/10,sh.600022,1.46,1.49,1.46,1.48,56459677
2022/10/11,sh.600022,1.47,1.49,1.45,1.49,57387001
2022/10/12,sh.600022,1.48,1.51,1.46,1.50,59123637
2022/10/13,sh.600022,1.50,1.51,1.48,1.49,46650040
2022/10/14,sh.600022,1.49,1.51,1.49,1.50,39013098
2022/10/17,sh.600022,1.50,1.52,1.49,1.51,48329029
2022/10/18,sh.600022,1.52,1.52,1.50,1.50,25995634
2022/10/19,sh.600022,1.50,1.51,1.49,1.49,23724546
2022/10/20,sh.600022,1.49,1.50,1.48,1.49,31595511
2022/10/21,sh.600022,1.49,1.50,1.48,1.49,26537400
2022/10/24,sh.600022,1.49,1.51,1.47,1.48,45534365
2022/10/25,sh.600022,1.47,1.48,1.46,1.48,36222833
2022/10/26,sh.600022,1.48,1.50,1.47,1.48,40966749
2022/10/27,sh.600022,1.48,1.49,1.48,1.48,28013647
2022/10/28,sh.600022,1.48,1.49,1.43,1.43,64446694
2022/10/31,sh.600022,1.41,1.42,1.38,1.40,79595670
2022/11/1,sh.600022,1.39,1.42,1.39,1.42,53942880
2022/11/2,sh.600022,1.41,1.42,1.40,1.41,47186286
2022/11/3,sh.600022,1.40,1.41,1.40,1.40,29298870
2022/11/4,sh.600022,1.40,1.43,1.40,1.42,57385954
2022/11/7,sh.600022,1.42,1.45,1.41,1.44,67696723
2022/11/8,sh.600022,1.44,1.45,1.43,1.44,45692310
2022/11/9,sh.600022,1.44,1.45,1.43,1.44,29228586
2022/11/10,sh.600022,1.44,1.47,1.43,1.46,101712315
2022/11/11,sh.600022,1.48,1.49,1.46,1.47,82879725
2022/11/14,sh.600022,1.48,1.49,1.47,1.47,63927457
2022/11/15,sh.600022,1.47,1.49,1.46,1.48,56762724
2022/11/16,sh.600022,1.48,1.49,1.47,1.47,30023273
2022/11/17,sh.600022,1.47,1.48,1.47,1.48,34817245
2022/11/18,sh.600022,1.47,1.49,1.47,1.48,62323280
2022/11/21,sh.600022,1.48,1.48,1.46,1.47,43267563
2022/11/22,sh.600022,1.48,1.49,1.47,1.48,55360441
2022/11/23,sh.600022,1.48,1.50,1.47,1.49,83812397
2022/11/24,sh.600022,1.49,1.50,1.48,1.48,39506926
2022/11/25,sh.600022,1.48,1.50,1.48,1.50,62651776
2022/11/28,sh.600022,1.49,1.50,1.47,1.49,53726597
2022/11/29,sh.600022,1.49,1.52,1.48,1.51,77544501
2022/11/30,sh.600022,1.52,1.53,1.51,1.52,74705120
2022/12/1,sh.600022,1.53,1.54,1.51,1.51,59536031
2022/12/2,sh.600022,1.52,1.52,1.50,1.51,30025452
2022/12/5,sh.600022,1.52,1.56,1.51,1.55,115995791
2022/12/6,sh.600022,1.54,1.56,1.54,1.55,70000271
2022/12/7,sh.600022,1.54,1.55,1.52,1.52,55588280
2022/12/8,sh.600022,1.53,1.54,1.51,1.53,48014699
2022/12/9,sh.600022,1.53,1.55,1.52,1.54,66889044
2022/12/12,sh.600022,1.53,1.54,1.50,1.50,71075358
2022/12/13,sh.600022,1.50,1.53,1.50,1.52,50392654
2022/12/14,sh.600022,1.53,1.53,1.51,1.52,26047222
2022/12/15,sh.600022,1.51,1.52,1.49,1.50,41229402
2022/12/16,sh.600022,1.49,1.52,1.48,1.52,68165451
2022/12/19,sh.600022,1.51,1.52,1.47,1.48,56136101
2022/12/20,sh.600022,1.47,1.49,1.46,1.47,40902053
2022/12/21,sh.600022,1.47,1.48,1.45,1.46,33133040
2022/12/22,sh.600022,1.47,1.48,1.45,1.45,45242760
2022/12/23,sh.600022,1.44,1.46,1.43,1.45,40004410
2022/12/26,sh.600022,1.45,1.46,1.44,1.44,39222723
2022/12/27,sh.600022,1.45,1.46,1.44,1.45,44725030
2022/12/28,sh.600022,1.45,1.46,1.44,1.45,27683025
2022/12/29,sh.600022,1.45,1.45,1.44,1.44,15485200
2022/12/30,sh.600022,1.45,1.45,1.44,1.45,21313688
2023/1/3,sh.600022,1.45,1.47,1.44,1.47,78521117
2023/1/4,sh.600022,1.46,1.48,1.45,1.47,59327896
2023/1/5,sh.600022,1.47,1.48,1.46,1.47,32640505
2023/1/6,sh.600022,1.47,1.48,1.46,1.47,39987721
2023/1/9,sh.600022,1.47,1.48,1.46,1.46,28880143
2023/1/10,sh.600022,1.46,1.47,1.44,1.44,58084345
2023/1/11,sh.600022,1.44,1.45,1.44,1.44,23165664
2023/1/12,sh.600022,1.45,1.45,1.43,1.44,32296584
2023/1/13,sh.600022,1.44,1.45,1.43,1.45,32125360
2023/1/16,sh.600022,1.45,1.47,1.44,1.45,53963842
2023/1/17,sh.600022,1.46,1.46,1.45,1.45,19159231
2023/1/18,sh.600022,1.45,1.46,1.44,1.46,25093393
2023/1/19,sh.600022,1.46,1.47,1.45,1.46,38142954
2023/1/20,sh.600022,1.47,1.49,1.46,1.48,65685819
2023/1/30,sh.600022,1.50,1.52,1.49,1.50,76097604
2023/1/31,sh.600022,1.50,1.51,1.49,1.50,45386904
2023/2/1,sh.600022,1.51,1.54,1.50,1.53,89771498
2023/2/2,sh.600022,1.53,1.54,1.52,1.53,46415642
2023/2/3,sh.600022,1.52,1.53,1.50,1.52,74648670
2023/2/6,sh.600022,1.52,1.52,1.50,1.50,44551577
2023/2/7,sh.600022,1.51,1.52,1.50,1.51,39770020
2023/2/8,sh.600022,1.52,1.52,1.50,1.51,39403010
2023/2/9,sh.600022,1.51,1.52,1.50,1.52,26406453
2023/2/10,sh.600022,1.51,1.52,1.50,1.51,36887814
2023/2/13,sh.600022,1.51,1.52,1.51,1.52,28036712
2023/2/14,sh.600022,1.52,1.54,1.51,1.53,79471387
2023/2/15,sh.600022,1.53,1.53,1.51,1.51,38025081
2023/2/16,sh.600022,1.51,1.53,1.49,1.50,68965610
2023/2/17,sh.600022,1.50,1.51,1.49,1.50,26494250
2023/2/20,sh.600022,1.51,1.52,1.50,1.52,52918787
2023/2/21,sh.600022,1.52,1.55,1.51,1.54,91397841
2023/2/22,sh.600022,1.53,1.56,1.53,1.54,57108722
2023/2/23,sh.600022,1.55,1.56,1.53,1.54,68036017
2023/2/24,sh.600022,1.55,1.55,1.53,1.55,39084719
2023/2/27,sh.600022,1.54,1.56,1.53,1.54,62464164
2023/2/28,sh.600022,1.54,1.55,1.53,1.55,41616678
2023/3/1,sh.600022,1.55,1.56,1.54,1.55,43079096
2023/3/2,sh.600022,1.55,1.57,1.54,1.56,72315596
2023/3/3,sh.600022,1.56,1.59,1.55,1.58,82175113
2023/3/6,sh.600022,1.58,1.59,1.57,1.58,49547899
2023/3/7,sh.600022,1.58,1.59,1.55,1.56,74441964
2023/3/8,sh.600022,1.56,1.58,1.55,1.57,62277103
2023/3/9,sh.600022,1.57,1.58,1.55,1.56,45862730
2023/3/10,sh.600022,1.56,1.56,1.53,1.54,61304080
2023/3/13,sh.600022,1.53,1.55,1.53,1.55,46411030
2023/3/14,sh.600022,1.54,1.56,1.52,1.53,67982269
2023/3/15,sh.600022,1.53,1.56,1.53,1.55,63123636
2023/3/16,sh.600022,1.55,1.56,1.52,1.52,68514686
2023/3/17,sh.600022,1.53,1.55,1.52,1.54,47331102
2023/3/20,sh.600022,1.53,1.55,1.53,1.53,46700530
2023/3/21,sh.600022,1.54,1.54,1.52,1.52,45805854
2023/3/22,sh.600022,1.53,1.54,1.52,1.53,50449933
2023/3/23,sh.600022,1.52,1.53,1.51,1.52,47211860
2023/3/24,sh.600022,1.52,1.52,1.51,1.52,38729623
2023/3/27,sh.600022,1.52,1.52,1.49,1.49,50355500
2023/3/28,sh.600022,1.50,1.50,1.48,1.49,43720051
2023/3/29,sh.600022,1.49,1.49,1.47,1.47,43271940
2023/3/30,sh.600022,1.47,1.49,1.45,1.48,68757018
2023/3/31,sh.600022,1.49,1.51,1.48,1.50,64719502
2023/4/3,sh.600022,1.51,1.54,1.50,1.53,96693883
2023/4/4,sh.600022,1.53,1.57,1.52,1.55,100247768
2023/4/6,sh.600022,1.55,1.55,1.53,1.54,63438872
2023/4/7,sh.600022,1.54,1.54,1.52,1.53,56260212
2023/4/10,sh.600022,1.53,1.54,1.52,1.53,47439082
2023/4/11,sh.600022,1.53,1.55,1.52,1.54,44063621
2023/4/12,sh.600022,1.55,1.56,1.54,1.55,49746660
2023/4/13,sh.600022,1.55,1.58,1.55,1.57,82356138
2023/4/14,sh.600022,1.57,1.58,1.56,1.56,43569472
2023/4/17,sh.600022,1.56,1.58,1.55,1.58,59802815
2023/4/18,sh.600022,1.57,1.58,1.55,1.56,42285727
2023/4/19,sh.600022,1.56,1.57,1.55,1.56,36819747
2023/4/20,sh.600022,1.56,1.56,1.54,1.55,44644851
2023/4/21,sh.600022,1.55,1.57,1.54,1.56,84032832
2023/4/24,sh.600022,1.55,1.56,1.51,1.51,72607380
2023/4/25,sh.600022,1.52,1.52,1.48,1.49,52959395
2023/4/26,sh.600022,1.49,1.52,1.48,1.51,43036539
2023/4/27,sh.600022,1.51,1.53,1.50,1.52,40709748
2023/4/28,sh.600022,1.51,1.52,1.49,1.51,100484294
2023/5/4,sh.600022,1.50,1.52,1.49,1.51,99200551
2023/5/5,sh.600022,1.51,1.52,1.47,1.49,98738739
2023/5/8,sh.600022,1.48,1.52,1.48,1.51,105182231
2023/5/9,sh.600022,1.52,1.56,1.51,1.53,155911418
2023/5/10,sh.600022,1.53,1.55,1.51,1.53,97769151
2023/5/11,sh.600022,1.52,1.54,1.51,1.53,57777051
2023/5/12,sh.600022,1.52,1.54,1.51,1.51,49485535
2023/5/15,sh.600022,1.52,1.52,1.50,1.51,59626580
2023/5/16,sh.600022,1.52,1.52,1.50,1.51,44986001
2023/5/17,sh.600022,1.51,1.52,1.50,1.50,27600993
2023/5/18,sh.600022,1.51,1.52,1.49,1.49,52991567
2023/5/19,sh.600022,1.49,1.50,1.47,1.48,51098357
2023/5/22,sh.600022,1.48,1.49,1.47,1.47,48755785
2023/5/23,sh.600022,1.47,1.48,1.45,1.46,59632384
2023/5/24,sh.600022,1.45,1.46,1.43,1.43,69971300
2023/5/25,sh.600022,1.43,1.44,1.41,1.42,66191671
2023/5/26,sh.600022,1.41,1.43,1.40,1.42,51918781
2023/5/29,sh.600022,1.42,1.42,1.41,1.41,32023273
2023/5/30,sh.600022,1.42,1.42,1.40,1.41,37506869
2023/5/31,sh.600022,1.41,1.42,1.40,1.42,36564447
2023/6/1,sh.600022,1.42,1.44,1.41,1.43,55592454
2023/6/2,sh.600022,1.44,1.45,1.43,1.45,35846082
2023/6/5,sh.600022,1.45,1.45,1.43,1.44,31002354
2023/6/6,sh.600022,1.43,1.44,1.41,1.41,40943722
2023/6/7,sh.600022,1.42,1.43,1.41,1.42,25492873
2023/6/8,sh.600022,1.42,1.43,1.41,1.42,30170297
2023/6/9,sh.600022,1.43,1.43,1.41,1.41,51632840
2023/6/12,sh.600022,1.41,1.42,1.41,1.42,27621477
2023/6/13,sh.600022,1.42,1.43,1.41,1.42,26193439
2023/6/14,sh.600022,1.43,1.45,1.42,1.43,46577670
2023/6/15,sh.600022,1.43,1.44,1.43,1.44,20597615
2023/6/16,sh.600022,1.44,1.44,1.43,1.43,19921224
2023/6/19,sh.600022,1.43,1.44,1.42,1.42,36381516
2023/6/20,sh.600022,1.43,1.43,1.41,1.41,25624986
2023/6/21,sh.600022,1.41,1.41,1.40,1.40,31105788
2023/6/26,sh.600022,1.40,1.40,1.39,1.39,28959135
2023/6/27,sh.600022,1.40,1.42,1.39,1.41,40657794
2023/6/28,sh.600022,1.41,1.42,1.40,1.41,21943057
2023/6/29,sh.600022,1.41,1.41,1.40,1.40,12282365
2023/6/30,sh.600022,1.40,1.43,1.40,1.42,27274567
2023/7/3,sh.600022,1.42,1.44,1.42,1.44,28823961
2023/7/4,sh.600022,1.44,1.44,1.42,1.43,21164797
2023/7/5,sh.600022,1.43,1.44,1.42,1.43,24601206
2023/7/6,sh.600022,1.43,1.44,1.40,1.41,49555412
2023/7/7,sh.600022,1.41,1.42,1.40,1.41,36819860
2023/7/10,sh.600022,1.41,1.42,1.41,1.41,12600752
2023/7/11,sh.600022,1.41,1.42,1.40,1.41,17165383
2023/7/12,sh.600022,1.42,1.42,1.40,1.40,16516967
2023/7/13,sh.600022,1.40,1.42,1.40,1.42,14799011
2023/7/14,sh.600022,1.42,1.42,1.41,1.41,14234627
2023/7/17,sh.600022,1.41,1.41,1.40,1.41,16764760
2023/7/18,sh.600022,1.41,1.41,1.40,1.41,14696065
2023/7/19,sh.600022,1.41,1.41,1.40,1.40,12608350
2023/7/20,sh.600022,1.40,1.42,1.40,1.41,24671273
2023/7/21,sh.600022,1.40,1.42,1.40,1.42,23000723
2023/7/24,sh.600022,1.42,1.42,1.41,1.42,15642483
2023/7/25,sh.600022,1.42,1.45,1.42,1.44,86940953
2023/7/26,sh.600022,1.43,1.58,1.43,1.53,237732059
2023/7/27,sh.600022,1.50,1.58,1.47,1.53,233088586
2023/7/28,sh.600022,1.51,1.57,1.51,1.55,180699446
2023/7/31,sh.600022,1.55,1.59,1.54,1.58,147631676
2023/8/1,sh.600022,1.58,1.69,1.57,1.63,313825874
2023/8/2,sh.600022,1.61,1.62,1.58,1.58,169730948
2023/8/3,sh.600022,1.58,1.61,1.57,1.60,119697929
2023/8/4,sh.600022,1.61,1.63,1.59,1.59,83150013
2023/8/7,sh.600022,1.60,1.60,1.54,1.55,91744831
2023/8/8,sh.600022,1.56,1.56,1.53,1.55,63313935
2023/8/9,sh.600022,1.55,1.56,1.54,1.55,37819762
2023/8/10,sh.600022,1.55,1.56,1.53,1.55,60592839
2023/8/11,sh.600022,1.54,1.55,1.51,1.51,64035660
2023/8/14,sh.600022,1.50,1.53,1.49,1.51,48186933
2023/8/15,sh.600022,1.52,1.53,1.50,1.52,46451723
2023/8/16,sh.600022,1.51,1.54,1.50,1.53,61292156
2023/8/17,sh.600022,1.52,1.53,1.50,1.51,47601106
2023/8/18,sh.600022,1.51,1.53,1.50,1.51,48889943
2023/8/21,sh.600022,1.50,1.52,1.49,1.50,49805260
2023/8/22,sh.600022,1.50,1.50,1.47,1.48,68383679
2023/8/23,sh.600022,1.49,1.50,1.47,1.48,51071970
2023/8/24,sh.600022,1.49,1.50,1.46,1.46,44928677
2023/8/25,sh.600022,1.46,1.49,1.45,1.47,55021402
2023/8/28,sh.600022,1.54,1.55,1.49,1.50,94449622
2023/8/29,sh.600022,1.50,1.52,1.49,1.51,56786830
2023/8/30,sh.600022,1.51,1.52,1.48,1.48,55704530
2023/8/31,sh.600022,1.48,1.49,1.46,1.47,40393661
2023/9/1,sh.600022,1.46,1.50,1.46,1.49,60710300
2023/9/4,sh.600022,1.49,1.55,1.48,1.53,112078754
2023/9/5,sh.600022,1.52,1.53,1.51,1.51,30276961
2023/9/6,sh.600022,1.51,1.51,1.48,1.49,69635232
2023/9/7,sh.600022,1.48,1.49,1.47,1.47,38648294
2023/9/8,sh.600022,1.47,1.49,1.46,1.49,42297650
2023/9/11,sh.600022,1.48,1.50,1.47,1.49,38351958
2023/9/12,sh.600022,1.49,1.49,1.48,1.49,15123820
2023/9/13,sh.600022,1.49,1.50,1.48,1.48,34725516
2023/9/14,sh.600022,1.48,1.49,1.47,1.49,22391807
2023/9/15,sh.600022,1.49,1.51,1.48,1.50,71534481
2023/9/18,sh.600022,1.49,1.51,1.48,1.49,41634041
2023/9/19,sh.600022,1.49,1.50,1.48,1.49,27461780
2023/9/20,sh.600022,1.49,1.50,1.48,1.50,25399428
2023/9/21,sh.600022,1.49,1.50,1.48,1.48,21291240
2023/9/22,sh.600022,1.49,1.49,1.47,1.48,37880397
2023/9/25,sh.600022,1.48,1.49,1.47,1.47,22185897
2023/9/26,sh.600022,1.47,1.47,1.46,1.46,19722630
2023/9/27,sh.600022,1.46,1.47,1.45,1.45,30867880
2023/9/28,sh.600022,1.46,1.47,1.45,1.46,31946987
2023/10/9,sh.600022,1.45,1.46,1.45,1.45,28157756
2023/10/10,sh.600022,1.45,1.46,1.44,1.44,22920861
2023/10/11,sh.600022,1.44,1.45,1.43,1.43,27920517
2023/10/12,sh.600022,1.44,1.45,1.43,1.44,21321380
2023/10/13,sh.600022,1.44,1.44,1.42,1.43,30608150
2023/10/16,sh.600022,1.43,1.44,1.42,1.43,24372083
2023/10/17,sh.600022,1.43,1.44,1.43,1.43,13343171
2023/10/18,sh.600022,1.43,1.43,1.42,1.42,19954396
2023/10/19,sh.600022,1.42,1.42,1.39,1.40,42154010
2023/10/20,sh.600022,1.39,1.41,1.39,1.39,34596020
2023/10/23,sh.600022,1.39,1.39,1.37,1.37,54476739
2023/10/24,sh.600022,1.37,1.39,1.36,1.38,52225601
2023/10/25,sh.600022,1.40,1.42,1.39,1.41,54322995
2023/10/26,sh.600022,1.41,1.41,1.39,1.40,35131103
2023/10/27,sh.600022,1.40,1.43,1.40,1.42,43936619
2023/10/30,sh.600022,1.42,1.43,1.41,1.43,26555850
2023/10/31,sh.600022,1.42,1.44,1.42,1.43,27731372
2023/11/1,sh.600022,1.43,1.43,1.41,1.42,35501969
2023/11/2,sh.600022,1.42,1.44,1.42,1.42,35312087
2023/11/3,sh.600022,1.42,1.44,1.42,1.42,37508992
2023/11/6,sh.600022,1.42,1.44,1.42,1.42,46851872
2023/11/7,sh.600022,1.42,1.43,1.41,1.42,27495396
2023/11/8,sh.600022,1.42,1.42,1.40,1.40,33718520
2023/11/9,sh.600022,1.41,1.41,1.40,1.41,20219933
2023/11/10,sh.600022,1.40,1.41,1.39,1.40,31213131
2023/11/13,sh.600022,1.40,1.42,1.39,1.42,64659779
2023/11/14,sh.600022,1.42,1.43,1.40,1.41,52764970
2023/11/15,sh.600022,1.42,1.43,1.41,1.42,53204341
2023/11/16,sh.600022,1.42,1.42,1.41,1.41,26211846
2023/11/17,sh.600022,1.41,1.42,1.40,1.41,34513430
2023/11/20,sh.600022,1.41,1.42,1.40,1.41,43208212
2023/11/21,sh.600022,1.41,1.43,1.41,1.41,38627352
2023/11/22,sh.600022,1.41,1.42,1.41,1.41,23637189
2023/11/23,sh.600022,1.41,1.42,1.40,1.42,50265202
2023/11/24,sh.600022,1.41,1.44,1.41,1.44,81304492
2023/11/27,sh.600022,1.44,1.44,1.42,1.42,42600117
2023/11/28,sh.600022,1.43,1.43,1.41,1.43,28992523
2023/11/29,sh.600022,1.43,1.43,1.41,1.41,33493421
2023/11/30,sh.600022,1.41,1.42,1.41,1.42,23845359
2023/12/1,sh.600022,1.42,1.43,1.41,1.43,45295344
2023/12/4,sh.600022,1.43,1.44,1.42,1.43,37727222
2023/12/5,sh.600022,1.44,1.44,1.41,1.42,45545220
2023/12/6,sh.600022,1.41,1.42,1.41,1.41,19862163
2023/12/7,sh.600022,1.42,1.42,1.41,1.41,41205509
2023/12/8,sh.600022,1.41,1.43,1.40,1.41,79366910
2023/12/11,sh.600022,1.42,1.42,1.39,1.42,106997605
2023/12/12,sh.600022,1.41,1.42,1.40,1.41,29396499
2023/12/13,sh.600022,1.41,1.41,1.40,1.40,23338883
2023/12/14,sh.600022,1.40,1.41,1.40,1.40,20635916
2023/12/15,sh.600022,1.41,1.41,1.39,1.39,43557514
2023/12/18,sh.600022,1.39,1.40,1.37,1.37,46949280
2023/12/19,sh.600022,1.37,1.38,1.36,1.37,31835700
2023/12/20,sh.600022,1.37,1.37,1.35,1.35,44208790
2023/12/21,sh.600022,1.35,1.37,1.34,1.36,45698801
2023/12/22,sh.600022,1.36,1.37,1.35,1.36,38907330
2023/12/25,sh.600022,1.35,1.37,1.35,1.35,23335790
2023/12/26,sh.600022,1.36,1.36,1.34,1.35,28741140
2023/12/27,sh.600022,1.34,1.36,1.33,1.35,37983083
2023/12/28,sh.600022,1.35,1.41,1.34,1.40,121610210
2023/12/29,sh.600022,1.38,1.39,1.35,1.37,91236421
2024/1/2,sh.600022,1.37,1.38,1.37,1.38,34020052
2024/1/3,sh.600022,1.38,1.39,1.37,1.38,54391821
2024/1/4,sh.600022,1.38,1.38,1.36,1.38,49269450
2024/1/5,sh.600022,1.38,1.39,1.37,1.38,45559179
2024/1/8,sh.600022,1.37,1.38,1.35,1.36,46423282
2024/1/9,sh.600022,1.35,1.37,1.35,1.35,31101151
2024/1/10,sh.600022,1.35,1.37,1.34,1.35,36342091
2024/1/11,sh.600022,1.35,1.37,1.34,1.37,50531517
2024/1/12,sh.600022,1.36,1.39,1.35,1.37,58468613
2024/1/15,sh.600022,1.37,1.37,1.36,1.36,26493860
2024/1/16,sh.600022,1.36,1.37,1.35,1.36,46751709
2024/1/17,sh.600022,1.36,1.36,1.33,1.33,48930003
2024/1/18,sh.600022,1.33,1.34,1.29,1.32,64174820
2024/1/19,sh.600022,1.31,1.32,1.31,1.31,16075540
2024/1/22,sh.600022,1.31,1.32,1.25,1.27,51355083
2024/1/23,sh.600022,1.26,1.28,1.25,1.28,42707267
2024/1/24,sh.600022,1.28,1.31,1.27,1.30,66907580
2024/1/25,sh.600022,1.31,1.35,1.30,1.34,74492197
2024/1/26,sh.600022,1.34,1.38,1.33,1.37,97526277
2024/1/29,sh.600022,1.37,1.38,1.33,1.34,78020346
2024/1/30,sh.600022,1.34,1.35,1.32,1.32,51600216
2024/1/31,sh.600022,1.32,1.33,1.30,1.30,68967166
2024/2/1,sh.600022,1.31,1.31,1.28,1.28,60733950
2024/2/2,sh.600022,1.28,1.30,1.23,1.27,72565940
2024/2/5,sh.600022,1.25,1.26,1.19,1.23,107505317
2024/2/6,sh.600022,1.24,1.32,1.23,1.31,106524278
2024/2/7,sh.600022,1.32,1.40,1.31,1.40,187930340
2024/2/8,sh.600022,1.40,1.48,1.39,1.40,161016291
2024/2/19,sh.600022,1.42,1.42,1.37,1.38,79374935
2024/2/20,sh.600022,1.38,1.38,1.36,1.37,67990758
2024/2/21,sh.600022,1.37,1.40,1.36,1.37,67853129
2024/2/22,sh.600022,1.37,1.38,1.36,1.38,53376194
2024/2/23,sh.600022,1.38,1.38,1.36,1.37,44381291
2024/2/26,sh.600022,1.37,1.38,1.36,1.37,53057357
2024/2/27,sh.600022,1.37,1.38,1.36,1.38,48976212
2024/2/28,sh.600022,1.38,1.40,1.37,1.37,78432150
2024/2/29,sh.600022,1.36,1.39,1.36,1.38,67614313
2024/3/1,sh.600022,1.38,1.39,1.36,1.36,48818260
2024/3/4,sh.600022,1.37,1.37,1.35,1.35,41220637
2024/3/5,sh.600022,1.35,1.36,1.34,1.34,38412137
2024/3/6,sh.600022,1.35,1.36,1.34,1.35,35965369
2024/3/7,sh.600022,1.35,1.39,1.34,1.36,78247597
2024/3/8,sh.600022,1.36,1.37,1.34,1.36,50570490
2024/3/11,sh.600022,1.36,1.37,1.35,1.37,42890207
2024/3/12,sh.600022,1.37,1.37,1.35,1.36,46215014
2024/3/13,sh.600022,1.36,1.36,1.35,1.35,29318221
2024/3/14,sh.600022,1.35,1.36,1.34,1.35,32402402
2024/3/15,sh.600022,1.35,1.37,1.34,1.36,68768556
2024/3/18,sh.600022,1.36,1.37,1.35,1.36,38084969
2024/3/19,sh.600022,1.36,1.40,1.35,1.38,104078550
2024/3/20,sh.600022,1.37,1.38,1.36,1.36,29691831
2024/3/21,sh.600022,1.37,1.37,1.35,1.35,41491137
2024/3/22,sh.600022,1.36,1.36,1.34,1.34,53894145
2024/3/25,sh.600022,1.34,1.36,1.34,1.34,47758788
2024/3/26,sh.600022,1.34,1.35,1.33,1.34,46441201
2024/3/27,sh.600022,1.34,1.34,1.32,1.33,44788619
2024/3/28,sh.600022,1.33,1.34,1.32,1.32,39309343
2024/3/29,sh.600022,1.32,1.34,1.32,1.33,22211925
2024/4/1,sh.600022,1.34,1.35,1.33,1.34,39934598
2024/4/2,sh.600022,1.35,1.37,1.34,1.35,58977510
2024/4/3,sh.600022,1.35,1.37,1.35,1.36,59814853
2024/4/8,sh.600022,1.36,1.38,1.35,1.35,79371146
2024/4/9,sh.600022,1.36,1.37,1.35,1.36,40868921
2024/4/10,sh.600022,1.35,1.37,1.34,1.36,52900932
2024/4/11,sh.600022,1.35,1.37,1.34,1.37,55239145
2024/4/12,sh.600022,1.36,1.37,1.35,1.35,20438290
2024/4/15,sh.600022,1.35,1.36,1.32,1.35,70741833
2024/4/16,sh.600022,1.34,1.35,1.31,1.32,74908800
2024/4/17,sh.600022,1.31,1.34,1.31,1.34,56918918
2024/4/18,sh.600022,1.34,1.35,1.33,1.33,46852077
2024/4/19,sh.600022,1.33,1.36,1.33,1.34,59109369
2024/4/22,sh.600022,1.33,1.34,1.32,1.32,39046203
2024/4/23,sh.600022,1.32,1.33,1.31,1.31,41178566
2024/4/24,sh.600022,1.32,1.32,1.31,1.31,24875247
2024/4/25,sh.600022,1.31,1.32,1.30,1.32,27988061
2024/4/26,sh.600022,1.31,1.32,1.30,1.32,52659764
2024/4/29,sh.600022,1.31,1.34,1.31,1.34,68826889
2024/4/30,sh.600022,1.33,1.34,1.28,1.30,106944758
2024/5/6,sh.600022,1.31,1.32,1.30,1.31,52371029
2024/5/7,sh.600022,1.31,1.31,1.30,1.31,26398490
2024/5/8,sh.600022,1.31,1.31,1.30,1.30,32367411
2024/5/9,sh.600022,1.30,1.31,1.29,1.30,28852803
2024/5/10,sh.600022,1.30,1.31,1.29,1.29,33538667
2024/5/13,sh.600022,1.29,1.30,1.28,1.28,34412712
2024/5/14,sh.600022,1.28,1.29,1.27,1.27,42973016
2024/5/15,sh.600022,1.27,1.27,1.26,1.26,26282693
2024/5/16,sh.600022,1.26,1.29,1.26,1.28,62012235
2024/5/17,sh.600022,1.28,1.30,1.27,1.29,47566067
2024/5/20,sh.600022,1.29,1.30,1.27,1.28,58123833
2024/5/21,sh.600022,1.28,1.28,1.27,1.27,16478745
2024/5/22,sh.600022,1.27,1.28,1.26,1.27,21818218
2024/5/23,sh.600022,1.27,1.28,1.25,1.25,45377112
2024/5/24,sh.600022,1.25,1.26,1.24,1.24,30326101
2024/5/27,sh.600022,1.24,1.26,1.24,1.25,43141978
2024/5/28,sh.600022,1.25,1.25,1.24,1.24,16800508
2024/5/29,sh.600022,1.24,1.25,1.23,1.24,39254852
2024/5/30,sh.600022,1.23,1.25,1.23,1.23,32855262
2024/5/31,sh.600022,1.24,1.26,1.23,1.25,45087876
2024/6/3,sh.600022,1.24,1.25,1.21,1.22,64486486
2024/6/4,sh.600022,1.22,1.22,1.20,1.21,34916941
2024/6/5,sh.600022,1.21,1.22,1.17,1.17,82935508
2024/6/6,sh.600022,1.17,1.18,1.12,1.13,105542051
2024/6/7,sh.600022,1.13,1.17,1.12,1.16,70912914
2024/6/11,sh.600022,1.16,1.16,1.13,1.15,41612512
2024/6/12,sh.600022,1.15,1.15,1.14,1.14,17568992
2024/6/13,sh.600022,1.14,1.16,1.13,1.15,55763168
2024/6/14,sh.600022,1.23,1.27,1.22,1.25,176613068
2024/6/17,sh.600022,1.22,1.23,1.20,1.21,97350778
2024/6/18,sh.600022,1.20,1.22,1.19,1.21,50728746
2024/6/19,sh.600022,1.20,1.21,1.19,1.20,36402192
2024/6/20,sh.600022,1.20,1.20,1.18,1.19,40883810
2024/6/21,sh.600022,1.19,1.22,1.18,1.21,54699641
2024/6/24,sh.600022,1.20,1.21,1.18,1.20,43647827
2024/6/25,sh.600022,1.19,1.20,1.18,1.19,37477299
2024/6/26,sh.600022,1.19,1.23,1.18,1.22,59073709
2024/6/27,sh.600022,1.22,1.24,1.22,1.23,42495653
2024/6/28,sh.600022,1.23,1.24,1.22,1.22,39467347
2024/7/1,sh.600022,1.22,1.23,1.21,1.22,32297890
2024/7/2,sh.600022,1.22,1.25,1.21,1.24,63911456
2024/7/3,sh.600022,1.24,1.26,1.23,1.24,34711981
2024/7/4,sh.600022,1.24,1.25,1.22,1.22,38381790
2024/7/5,sh.600022,1.22,1.24,1.22,1.23,30483842
2024/7/8,sh.600022,1.23,1.23,1.21,1.22,24314146
2024/7/9,sh.600022,1.22,1.23,1.20,1.22,34562175
2024/7/10,sh.600022,1.22,1.24,1.22,1.23,35094208
2024/7/11,sh.600022,1.23,1.25,1.23,1.24,26922514
2024/7/12,sh.600022,1.23,1.24,1.22,1.24,27768826
2024/7/15,sh.600022,1.24,1.25,1.22,1.24,30944768
2024/7/16,sh.600022,1.24,1.25,1.23,1.24,17046364
2024/7/17,sh.600022,1.25,1.26,1.24,1.26,51548802
2024/7/18,sh.600022,1.26,1.26,1.24,1.24,25641390
2024/7/19,sh.600022,1.24,1.25,1.24,1.24,8536243
2024/7/22,sh.600022,1.24,1.25,1.23,1.25,27805649
2024/7/23,sh.600022,1.25,1.26,1.24,1.25,29109446
2024/7/24,sh.600022,1.25,1.26,1.25,1.25,26866140
2024/7/25,sh.600022,1.25,1.26,1.25,1.26,16258933
2024/7/26,sh.600022,1.25,1.26,1.25,1.25,14304431
2024/7/29,sh.600022,1.25,1.26,1.25,1.26,15297199
2024/7/30,sh.600022,1.25,1.28,1.25,1.28,45568334
2024/7/31,sh.600022,1.28,1.32,1.27,1.31,61921145
2024/8/1,sh.600022,1.32,1.32,1.29,1.30,44131470
2024/8/2,sh.600022,1.30,1.31,1.29,1.30,24694861
2024/8/5,sh.600022,1.30,1.32,1.30,1.31,48338115
2024/8/6,sh.600022,1.31,1.32,1.30,1.30,18334758
2024/8/7,sh.600022,1.30,1.31,1.29,1.29,24127840
2024/8/8,sh.600022,1.29,1.31,1.29,1.30,29031501
2024/8/9,sh.600022,1.30,1.31,1.29,1.30,24355280
2024/8/12,sh.600022,1.31,1.31,1.29,1.29,16283763
2024/8/13,sh.600022,1.29,1.30,1.28,1.30,18583900
2024/8/14,sh.600022,1.30,1.30,1.28,1.28,16415214
2024/8/15,sh.600022,1.28,1.30,1.26,1.29,33952453
2024/8/16,sh.600022,1.28,1.29,1.27,1.28,24834594
2024/8/19,sh.600022,1.28,1.30,1.27,1.29,34541358
2024/8/20,sh.600022,1.29,1.29,1.26,1.27,23828791
2024/8/21,sh.600022,1.27,1.28,1.26,1.28,18266120
2024/8/22,sh.600022,1.28,1.28,1.26,1.27,21802940
2024/8/23,sh.600022,1.27,1.28,1.26,1.26,28040400
2024/8/26,sh.600022,1.26,1.27,1.25,1.26,10757482
2024/8/27,sh.600022,1.26,1.26,1.22,1.23,24516070
2024/8/28,sh.600022,1.22,1.25,1.22,1.25,15448009
2024/8/29,sh.600022,1.24,1.25,1.24,1.24,11014384
2024/8/30,sh.600022,1.24,1.27,1.24,1.25,27325111
2024/9/2,sh.600022,1.26,1.26,1.23,1.23,22235744
2024/9/3,sh.600022,1.23,1.24,1.23,1.23,9881410
2024/9/4,sh.600022,1.23,1.23,1.21,1.21,15402330
2024/9/5,sh.600022,1.22,1.23,1.21,1.22,11241634
2024/9/6,sh.600022,1.23,1.23,1.21,1.21,17539251
2024/9/9,sh.600022,1.22,1.23,1.21,1.22,18475368
2024/9/10,sh.600022,1.21,1.22,1.18,1.20,28377081
2024/9/11,sh.600022,1.20,1.21,1.18,1.20,17643403
2024/9/12,sh.600022,1.19,1.22,1.19,1.21,18163234
2024/9/13,sh.600022,1.22,1.23,1.21,1.22,12907236
2024/9/18,sh.600022,1.22,1.22,1.20,1.21,14164740
2024/9/19,sh.600022,1.22,1.24,1.21,1.23,31830751
2024/9/20,sh.600022,1.23,1.24,1.22,1.23,13320885
2024/9/23,sh.600022,1.23,1.24,1.22,1.24,19278484
2024/9/24,sh.600022,1.24,1.30,1.24,1.30,81569449
2024/9/25,sh.600022,1.30,1.36,1.30,1.32,92475203
2024/9/26,sh.600022,1.32,1.38,1.31,1.38,103240491
2024/9/27,sh.600022,1.39,1.41,1.36,1.38,72018582
2024/9/30,sh.600022,1.44,1.51,1.42,1.50,173287766
2024/10/8,sh.600022,1.64,1.65,1.47,1.52,261978467
2024/10/9,sh.600022,1.50,1.50,1.40,1.40,141735739
2024/10/10,sh.600022,1.40,1.44,1.37,1.42,103279631
2024/10/11,sh.600022,1.41,1.43,1.36,1.37,75099030
2024/10/14,sh.600022,1.39,1.41,1.37,1.40,66977593
2024/10/15,sh.600022,1.40,1.40,1.35,1.36,67029974
2024/10/16,sh.600022,1.35,1.41,1.34,1.39,82303900
2024/10/17,sh.600022,1.39,1.41,1.36,1.37,65004250
2024/10/18,sh.600022,1.37,1.41,1.34,1.38,97100963
2024/10/21,sh.600022,1.38,1.39,1.36,1.36,67142677
2024/10/22,sh.600022,1.36,1.38,1.35,1.37,49760208
2024/10/23,sh.600022,1.36,1.39,1.36,1.38,71370751
2024/10/24,sh.600022,1.37,1.39,1.36,1.38,52444042
2024/10/25,sh.600022,1.38,1.42,1.37,1.41,95267822
2024/10/28,sh.600022,1.42,1.54,1.42,1.53,259148241
2024/10/29,sh.600022,1.53,1.54,1.43,1.44,191137437
2024/10/30,sh.600022,1.43,1.50,1.42,1.48,154780310
2024/10/31,sh.600022,1.47,1.56,1.46,1.54,232780883
2024/11/1,sh.600022,1.54,1.60,1.52,1.56,244101835
2024/11/4,sh.600022,1.55,1.55,1.48,1.52,142620527
2024/11/5,sh.600022,1.51,1.61,1.50,1.61,242569584
2024/11/6,sh.600022,1.60,1.67,1.56,1.63,293165494
2024/11/7,sh.600022,1.60,1.74,1.59,1.70,359851406
2024/11/8,sh.600022,1.71,1.74,1.66,1.67,283561984
2024/11/11,sh.600022,1.66,1.73,1.63,1.66,219544451
2024/11/12,sh.600022,1.64,1.66,1.58,1.60,189960282
2024/11/13,sh.600022,1.58,1.61,1.54,1.57,152817544
2024/11/14,sh.600022,1.56,1.57,1.51,1.52,124993211
2024/11/15,sh.600022,1.51,1.53,1.48,1.49,138269934
2024/11/18,sh.600022,1.51,1.59,1.50,1.55,227558022
2024/11/19,sh.600022,1.53,1.54,1.49,1.52,152114139
2024/11/20,sh.600022,1.51,1.55,1.50,1.54,116029733
2024/11/21,sh.600022,1.53,1.55,1.51,1.52,78282120
2024/11/22,sh.600022,1.52,1.53,1.47,1.48,104396418
2024/11/25,sh.600022,1.47,1.49,1.45,1.47,101821868
2024/11/26,sh.600022,1.47,1.48,1.45,1.46,58998057
2024/11/27,sh.600022,1.45,1.47,1.42,1.47,88496447
2024/11/28,sh.600022,1.47,1.50,1.46,1.48,85395946
2024/11/29,sh.600022,1.48,1.50,1.45,1.48,97621240
2024/12/2,sh.600022,1.48,1.56,1.47,1.54,184814542
2024/12/3,sh.600022,1.53,1.55,1.50,1.52,116771844
2024/12/4,sh.600022,1.52,1.61,1.50,1.57,236487296
2024/12/5,sh.600022,1.55,1.64,1.52,1.64,314852015
2024/12/6,sh.600022,1.61,1.69,1.61,1.67,313914138
2024/12/9,sh.600022,1.70,1.77,1.63,1.64,355971723
2024/12/10,sh.600022,1.69,1.71,1.65,1.65,298968216
2024/12/11,sh.600022,1.64,1.73,1.63,1.72,338814482
2024/12/12,sh.600022,1.72,1.73,1.66,1.67,263425967
2024/12/13,sh.600022,1.68,1.72,1.60,1.61,360006212
2024/12/16,sh.600022,1.61,1.63,1.59,1.61,191403346
2024/12/17,sh.600022,1.60,1.61,1.54,1.55,163659112
2024/12/18,sh.600022,1.55,1.61,1.55,1.58,173345114
2024/12/19,sh.600022,1.57,1.58,1.55,1.57,125562660
2024/12/20,sh.600022,1.57,1.57,1.54,1.55,125083384
2024/12/23,sh.600022,1.54,1.54,1.49,1.50,160349650
2024/12/24,sh.600022,1.50,1.52,1.48,1.51,134254082
2024/12/25,sh.600022,1.51,1.51,1.47,1.49,101690379
2024/12/26,sh.600022,1.49,1.50,1.48,1.49,64239222
2024/12/27,sh.600022,1.49,1.53,1.48,1.51,121102098
2024/12/30,sh.600022,1.51,1.51,1.48,1.49,85692348
2024/12/31,sh.600022,1.49,1.50,1.44,1.45,125702017
2025/1/2,sh.600022,1.45,1.46,1.39,1.41,141520111
2025/1/3,sh.600022,1.41,1.42,1.36,1.37,130873674
2025/1/6,sh.600022,1.36,1.39,1.35,1.38,97526750
2025/1/7,sh.600022,1.38,1.40,1.37,1.40,72134139
2025/1/8,sh.600022,1.40,1.40,1.36,1.38,83161000
2025/1/9,sh.600022,1.37,1.39,1.36,1.37,94129826
2025/1/10,sh.600022,1.36,1.37,1.32,1.33,83187890
2025/1/13,sh.600022,1.31,1.33,1.29,1.33,63463444
2025/1/14,sh.600022,1.33,1.39,1.32,1.39,113105015
2025/1/15,sh.600022,1.38,1.40,1.37,1.38,69472476
2025/1/16,sh.600022,1.39,1.44,1.38,1.40,107260986
2025/1/17,sh.600022,1.40,1.40,1.36,1.38,58275440
2025/1/20,sh.600022,1.39,1.42,1.37,1.39,80899317
2025/1/21,sh.600022,1.39,1.40,1.37,1.38,64160057
2025/1/22,sh.600022,1.38,1.38,1.36,1.36,32352250
2025/1/23,sh.600022,1.37,1.40,1.37,1.37,62027812
2025/1/24,sh.600022,1.38,1.42,1.37,1.40,92550060
2025/1/27,sh.600022,1.40,1.42,1.39,1.41,59079662
2025/2/5,sh.600022,1.41,1.42,1.38,1.40,47242281
2025/2/6,sh.600022,1.39,1.41,1.38,1.40,67126902
2025/2/7,sh.600022,1.40,1.45,1.39,1.43,110195713
2025/2/10,sh.600022,1.44,1.46,1.43,1.46,91776637
2025/2/11,sh.600022,1.45,1.46,1.42,1.43,60053977
2025/2/12,sh.600022,1.43,1.44,1.41,1.43,60281861
2025/2/13,sh.600022,1.43,1.45,1.42,1.44,70163791
2025/2/14,sh.600022,1.43,1.44,1.40,1.41,62037930
2025/2/17,sh.600022,1.41,1.43,1.40,1.42,47879511
2025/2/18,sh.600022,1.42,1.43,1.39,1.40,55104140
2025/2/19,sh.600022,1.40,1.40,1.38,1.39,54659273
2025/2/20,sh.600022,1.39,1.42,1.39,1.40,51672395
2025/2/21,sh.600022,1.40,1.41,1.38,1.38,58407527
2025/2/24,sh.600022,1.39,1.41,1.38,1.40,56371659
2025/2/25,sh.600022,1.39,1.40,1.38,1.38,45417678
2025/2/26,sh.600022,1.39,1.47,1.38,1.45,172264851
2025/2/27,sh.600022,1.45,1.46,1.42,1.44,93019954
2025/2/28,sh.600022,1.44,1.45,1.40,1.40,69795763
2025/3/3,sh.600022,1.40,1.43,1.39,1.40,71016275
2025/3/4,sh.600022,1.39,1.42,1.38,1.40,63649403
2025/3/5,sh.600022,1.40,1.41,1.36,1.39,80454854
2025/3/6,sh.600022,1.39,1.40,1.38,1.40,76973704
2025/3/7,sh.600022,1.40,1.43,1.39,1.41,86060863
2025/3/10,sh.600022,1.41,1.42,1.39,1.39,54197461
2025/3/11,sh.600022,1.39,1.40,1.38,1.39,40265117
2025/3/12,sh.600022,1.40,1.41,1.39,1.40,44355329
2025/3/13,sh.600022,1.40,1.40,1.38,1.40,71363794
2025/3/14,sh.600022,1.39,1.41,1.38,1.41,60734840
2025/3/17,sh.600022,1.41,1.42,1.40,1.41,55889015
2025/3/18,sh.600022,1.42,1.42,1.39,1.40,54260900
2025/3/19,sh.600022,1.40,1.40,1.38,1.39,54552729
2025/3/20,sh.600022,1.39,1.41,1.39,1.40,82606826
2025/3/21,sh.600022,1.40,1.42,1.39,1.39,88028703
2025/3/24,sh.600022,1.40,1.40,1.37,1.39,96450038
2025/3/25,sh.600022,1.38,1.40,1.38,1.39,48062758
2025/3/26,sh.600022,1.38,1.40,1.38,1.39,53936068
2025/3/27,sh.600022,1.38,1.39,1.38,1.38,31670272
2025/3/28,sh.600022,1.38,1.39,1.36,1.37,43417898
2025/3/31,sh.600022,1.37,1.37,1.33,1.33,65877963
2025/4/1,sh.600022,1.33,1.36,1.33,1.35,49229681
2025/4/2,sh.600022,1.35,1.36,1.34,1.35,37843909
2025/4/3,sh.600022,1.34,1.36,1.33,1.36,37842023
2025/4/7,sh.600022,1.32,1.33,1.22,1.23,124300082
2025/4/8,sh.600022,1.26,1.28,1.26,1.27,65974693
2025/4/9,sh.600022,1.26,1.31,1.23,1.29,75434300
2025/4/10,sh.600022,1.30,1.32,1.29,1.30,46380980
2025/4/11,sh.600022,1.29,1.31,1.29,1.30,35888164
2025/4/14,sh.600022,1.31,1.32,1.30,1.31,40441960
2025/4/15,sh.600022,1.31,1.31,1.29,1.30,23811030
2025/4/16,sh.600022,1.29,1.30,1.28,1.29,28346184
2025/4/17,sh.600022,1.29,1.30,1.28,1.30,12086482
2025/4/18,sh.600022,1.30,1.30,1.28,1.30,23908262
2025/4/21,sh.600022,1.30,1.31,1.29,1.31,19668552
2025/4/22,sh.600022,1.30,1.31,1.29,1.30,27128324
2025/4/23,sh.600022,1.31,1.31,1.30,1.30,14324535
2025/4/24,sh.600022,1.30,1.31,1.29,1.29,25693245
2025/4/25,sh.600022,1.29,1.31,1.29,1.30,35814044
2025/4/28,sh.600022,1.30,1.33,1.30,1.31,77747599
2025/4/29,sh.600022,1.31,1.34,1.31,1.33,45806256
2025/4/30,sh.600022,1.33,1.34,1.31,1.31,40889201
2025/5/6,sh.600022,1.32,1.33,1.32,1.33,23902959
2025/5/7,sh.600022,1.33,1.35,1.33,1.33,32810906
2025/5/8,sh.600022,1.33,1.34,1.32,1.33,32800894
2025/5/9,sh.600022,1.34,1.36,1.33,1.34,55225581
2025/5/12,sh.600022,1.33,1.34,1.32,1.33,46288910
2025/5/13,sh.600022,1.34,1.34,1.33,1.33,22426288
2025/5/14,sh.600022,1.34,1.35,1.32,1.34,49863144
2025/5/15,sh.600022,1.33,1.35,1.33,1.33,37819680
2025/5/16,sh.600022,1.34,1.34,1.32,1.32,23192547
2025/5/19,sh.600022,1.33,1.35,1.32,1.35,48330092
2025/5/20,sh.600022,1.35,1.36,1.34,1.35,41761858
2025/5/21,sh.600022,1.35,1.35,1.34,1.34,15026705
2025/5/22,sh.600022,1.35,1.35,1.33,1.34,24224423
2025/5/23,sh.600022,1.34,1.35,1.32,1.32,36248610
2025/5/26,sh.600022,1.32,1.33,1.32,1.33,15657660
2025/5/27,sh.600022,1.32,1.33,1.31,1.33,24246684
2025/5/28,sh.600022,1.32,1.33,1.31,1.31,21305014
2025/5/29,sh.600022,1.31,1.33,1.31,1.32,30238203
2025/5/30,sh.600022,1.32,1.33,1.31,1.32,25494154
2025/6/3,sh.600022,1.31,1.32,1.29,1.30,57185750
2025/6/4,sh.600022,1.31,1.32,1.30,1.31,37173381
2025/6/5,sh.600022,1.31,1.32,1.30,1.30,30687536
2025/6/6,sh.600022,1.30,1.32,1.30,1.32,28546612
2025/6/9,sh.600022,1.32,1.32,1.31,1.32,21308647
2025/6/10,sh.600022,1.32,1.33,1.30,1.31,44625431
2025/6/11,sh.600022,1.31,1.32,1.31,1.32,24022809
2025/6/12,sh.600022,1.32,1.32,1.31,1.31,27976405
2025/6/13,sh.600022,1.31,1.32,1.30,1.30,29685776
2025/6/16,sh.600022,1.30,1.31,1.29,1.30,29244874
2025/6/17,sh.600022,1.31,1.31,1.30,1.31,14935524
2025/6/18,sh.600022,1.30,1.31,1.29,1.30,22167874
2025/6/19,sh.600022,1.30,1.30,1.28,1.29,24994462
2025/6/20,sh.600022,1.28,1.30,1.28,1.29,22697473
2025/6/23,sh.600022,1.28,1.30,1.28,1.29,21178150
2025/6/24,sh.600022,1.29,1.31,1.29,1.30,32049367
2025/6/25,sh.600022,1.30,1.31,1.30,1.31,25889389
2025/6/26,sh.600022,1.31,1.32,1.30,1.30,33506495
2025/6/27,sh.600022,1.31,1.32,1.30,1.31,66856300
2025/6/30,sh.600022,1.30,1.31,1.30,1.30,23569447
2025/7/1,sh.600022,1.30,1.31,1.29,1.31,28689027
2025/7/2,sh.600022,1.30,1.42,1.30,1.38,229673598
2025/7/3,sh.600022,1.36,1.40,1.34,1.37,161880662
2025/7/4,sh.600022,1.36,1.42,1.36,1.38,136704183
2025/7/7,sh.600022,1.38,1.40,1.37,1.38,72399539
2025/7/8,sh.600022,1.37,1.42,1.36,1.40,115177882
2025/7/9,sh.600022,1.44,1.47,1.42,1.43,187159956
2025/7/10,sh.600022,1.42,1.45,1.42,1.44,115957724
2025/7/11,sh.600022,1.45,1.50,1.44,1.47,172460105
2025/7/14,sh.600022,1.46,1.50,1.45,1.45,96108115
2025/7/15,sh.600022,1.45,1.47,1.42,1.44,97056447
2025/7/16,sh.600022,1.43,1.44,1.41,1.43,70022061
2025/7/17,sh.600022,1.42,1.45,1.42,1.44,59633612
2025/7/18,sh.600022,1.44,1.46,1.44,1.44,60602665
2025/7/21,sh.600022,1.46,1.54,1.46,1.52,204989353
2025/7/22,sh.600022,1.52,1.57,1.50,1.56,192421408
2025/7/23,sh.600022,1.58,1.65,1.54,1.55,276397608
2025/7/24,sh.600022,1.54,1.60,1.53,1.59,199839275
2025/7/25,sh.600022,1.59,1.60,1.55,1.55,119732187
2025/7/28,sh.600022,1.55,1.55,1.51,1.53,114051982
2025/7/29,sh.600022,1.52,1.57,1.52,1.56,106012010
2025/7/30,sh.600022,1.56,1.60,1.55,1.57,128904620
2025/7/31,sh.600022,1.57,1.58,1.51,1.52,117158743
2025/8/1,sh.600022,1.51,1.54,1.51,1.53,65729640
2025/8/4,sh.600022,1.51,1.53,1.50,1.51,62714685
2025/8/5,sh.600022,1.51,1.54,1.51,1.53,58932332
2025/8/6,sh.600022,1.53,1.55,1.51,1.53,65330310
2025/8/7,sh.600022,1.53,1.54,1.51,1.53,75395923
2025/8/8,sh.600022,1.53,1.55,1.52,1.55,89111315
2025/8/11,sh.600022,1.54,1.56,1.54,1.55,82052338
2025/8/12,sh.600022,1.55,1.56,1.53,1.53,53854521
2025/8/13,sh.600022,1.54,1.55,1.52,1.52,58411443
2025/8/14,sh.600022,1.53,1.53,1.48,1.48,100167293
2025/8/15,sh.600022,1.48,1.51,1.48,1.50,53980512
2025/8/18,sh.600022,1.50,1.53,1.50,1.52,68526572
2025/8/19,sh.600022,1.52,1.57,1.51,1.56,133794852
2025/8/20,sh.600022,1.55,1.56,1.53,1.54,101381218
2025/8/21,sh.600022,1.54,1.57,1.54,1.56,117230845
2025/8/22,sh.600022,1.56,1.57,1.53,1.55,96226635
2025/8/25,sh.600022,1.55,1.59,1.54,1.57,135217959
2025/8/26,sh.600022,1.58,1.58,1.55,1.57,87872131
2025/8/27,sh.600022,1.57,1.57,1.51,1.51,97321516
2025/8/28,sh.600022,1.51,1.53,1.48,1.52,105241316
2025/8/29,sh.600022,1.52,1.54,1.50,1.51,75151905
2025/9/1,sh.600022,1.52,1.54,1.50,1.53,90293097
2025/9/2,sh.600022,1.53,1.54,1.51,1.52,63781083
2025/9/3,sh.600022,1.51,1.52,1.48,1.49,71192041
2025/9/4,sh.600022,1.49,1.50,1.47,1.48,60944082
2025/9/5,sh.600022,1.48,1.50,1.47,1.48,57056262
2025/9/8,sh.600022,1.49,1.52,1.48,1.51,74437703
2025/9/9,sh.600022,1.51,1.52,1.49,1.50,63006609
2025/9/10,sh.600022,1.50,1.51,1.48,1.49,51206308
2025/9/11,sh.600022,1.49,1.51,1.48,1.50,46146991
2025/9/12,sh.600022,1.50,1.55,1.49,1.53,147104424
2025/9/15,sh.600022,1.54,1.58,1.52,1.56,134603207
2025/9/16,sh.600022,1.55,1.60,1.55,1.60,210771205
2025/9/17,sh.600022,1.59,1.60,1.57,1.59,106781733
2025/9/18,sh.600022,1.60,1.65,1.59,1.60,244566357
2025/9/19,sh.600022,1.60,1.64,1.54,1.55,164055895
2025/9/22,sh.600022,1.55,1.56,1.51,1.53,110997979
2025/9/23,sh.600022,1.53,1.54,1.47,1.49,124613315
2025/9/24,sh.600022,1.48,1.50,1.47,1.49,66955248
2025/9/25,sh.600022,1.49,1.50,1.47,1.48,82052379
2025/9/26,sh.600022,1.48,1.49,1.47,1.47,66486434
2025/9/29,sh.600022,1.47,1.50,1.43,1.49,128066679
2025/9/30,sh.600022,1.49,1.51,1.48,1.49,60229490
2025/10/9,sh.600022,1.50,1.57,1.50,1.57,158083146
2025/10/10,sh.600022,1.59,1.67,1.58,1.63,275055244
2025/10/13,sh.600022,1.60,1.68,1.59,1.67,229942550
2025/10/14,sh.600022,1.67,1.69,1.62,1.63,181304217
2025/10/15,sh.600022,1.63,1.67,1.62,1.64,124306268
2025/10/16,sh.600022,1.63,1.64,1.59,1.60,106955954
2025/10/17,sh.600022,1.60,1.65,1.59,1.60,138404888
2025/10/20,sh.600022,1.61,1.64,1.60,1.63,134045573
2025/10/21,sh.600022,1.63,1.66,1.62,1.66,113469825
2025/10/22,sh.600022,1.65,1.67,1.64,1.67,98233528
2025/10/23,sh.600022,1.67,1.67,1.63,1.67,101988712
2025/10/24,sh.600022,1.66,1.68,1.62,1.63,127608752
2025/10/27,sh.600022,1.64,1.66,1.62,1.64,138520696
2025/10/28,sh.600022,1.64,1.64,1.59,1.60,118788475
2025/10/29,sh.600022,1.60,1.62,1.57,1.61,101746947
2025/10/30,sh.600022,1.61,1.64,1.60,1.62,114098758
2025/10/31,sh.600022,1.61,1.65,1.61,1.61,127249416
2025/11/3,sh.600022,1.62,1.64,1.61,1.63,104617960
2025/11/4,sh.600022,1.64,1.65,1.61,1.63,107948870
2025/11/5,sh.600022,1.62,1.65,1.61,1.64,108821450
2025/11/6,sh.600022,1.64,1.65,1.62,1.64,93364713
2025/11/7,sh.600022,1.64,1.67,1.63,1.64,130509041
2025/11/10,sh.600022,1.65,1.65,1.62,1.64,104125322
2025/11/11,sh.600022,1.64,1.66,1.63,1.65,128379208
2025/11/12,sh.600022,1.65,1.66,1.62,1.64,115446800
2025/11/13,sh.600022,1.63,1.66,1.62,1.65,149731031
2025/11/14,sh.600022,1.65,1.71,1.65,1.69,201918029
2025/11/17,sh.600022,1.70,1.71,1.67,1.69,106387311
2025/11/18,sh.600022,1.69,1.70,1.59,1.60,220475551
2025/11/19,sh.600022,1.59,1.60,1.54,1.55,153358353
2025/11/20,sh.600022,1.55,1.57,1.54,1.54,104018614
2025/11/21,sh.600022,1.54,1.54,1.48,1.49,144176364
2025/11/24,sh.600022,1.49,1.50,1.46,1.48,136716736
2025/11/25,sh.600022,1.48,1.49,1.46,1.47,87061701
2025/11/26,sh.600022,1.47,1.50,1.47,1.48,114067980
2025/11/27,sh.600022,1.49,1.49,1.47,1.48,67541410
2025/11/28,sh.600022,1.47,1.50,1.46,1.49,108091826
2025/12/1,sh.600022,1.50,1.53,1.50,1.52,112796547
2025/12/2,sh.600022,1.53,1.53,1.50,1.52,84213260
2025/12/3,sh.600022,1.51,1.53,1.51,1.51,69977814
2025/12/4,sh.600022,1.52,1.52,1.49,1.50,86377675
2025/12/5,sh.600022,1.50,1.52,1.48,1.52,75345636
2025/12/8,sh.600022,1.52,1.54,1.51,1.53,96114070
2025/12/9,sh.600022,1.53,1.53,1.49,1.50,69184100
2025/12/10,sh.600022,1.49,1.52,1.49,1.51,80169432
2025/12/11,sh.600022,1.51,1.51,1.48,1.49,82611559
2025/12/12,sh.600022,1.49,1.51,1.48,1.51,173383485
2025/12/15,sh.600022,1.50,1.52,1.49,1.50,112342193
2025/12/16,sh.600022,1.50,1.51,1.47,1.47,94603011
2025/12/17,sh.600022,1.47,1.49,1.46,1.47,76773864
2025/12/18,sh.600022,1.47,1.49,1.47,1.48,57272814
2025/12/19,sh.600022,1.48,1.52,1.48,1.52,121554588
2025/12/22,sh.600022,1.52,1.56,1.51,1.54,135892018
2025/12/23,sh.600022,1.54,1.55,1.52,1.52,82698564
2025/12/24,sh.600022,1.52,1.53,1.51,1.52,59978764
2025/12/25,sh.600022,1.52,1.54,1.51,1.52,62672591
2025/12/26,sh.600022,1.53,1.57,1.52,1.53,102844205
2025/12/29,sh.600022,1.54,1.56,1.53,1.53,83809926
2025/12/30,sh.600022,1.53,1.54,1.51,1.52,80024609
2025/12/31,sh.600022,1.53,1.53,1.50,1.51,69641560
2026/1/5,sh.600022,1.51,1.52,1.50,1.51,81815771
2026/1/6,sh.600022,1.51,1.55,1.50,1.54,141517071
2026/1/7,sh.600022,1.55,1.56,1.53,1.54,99570985
2026/1/8,sh.600022,1.54,1.56,1.52,1.55,122461252
2026/1/9,sh.600022,1.54,1.57,1.54,1.55,135365614
2026/1/12,sh.600022,1.56,1.61,1.55,1.60,191200087
2026/1/13,sh.600022,1.60,1.61,1.56,1.58,164691440
2026/1/14,sh.600022,1.57,1.62,1.57,1.58,174800021
2026/1/15,sh.600022,1.57,1.58,1.55,1.55,104795791
2026/1/16,sh.600022,1.56,1.57,1.51,1.52,134149860
2026/1/19,sh.600022,1.52,1.54,1.51,1.52,98658858
2026/1/20,sh.600022,1.52,1.56,1.51,1.55,125915030
2026/1/21,sh.600022,1.55,1.57,1.54,1.57,120987580
2026/1/22,sh.600022,1.57,1.62,1.56,1.62,202109721
2026/1/23,sh.600022,1.62,1.65,1.60,1.64,171780201
2026/1/26,sh.600022,1.63,1.68,1.62,1.65,206901435
2026/1/27,sh.600022,1.65,1.66,1.61,1.63,162089187
2026/1/28,sh.600022,1.63,1.67,1.61,1.66,200448926
2026/1/29,sh.600022,1.67,1.73,1.66,1.70,311771461
2026/1/30,sh.600022,1.69,1.70,1.61,1.65,214515027
2026/2/2,sh.600022,1.63,1.64,1.53,1.55,216974086
2026/2/3,sh.600022,1.56,1.60,1.55,1.60,141477770
2026/2/4,sh.600022,1.59,1.65,1.58,1.65,182166186
2026/2/5,sh.600022,1.64,1.65,1.61,1.62,141557050
2026/2/6,sh.600022,1.61,1.64,1.59,1.61,118962780
2026/2/9,sh.600022,1.62,1.65,1.61,1.63,157409890
2026/2/10,sh.600022,1.63,1.64,1.60,1.62,105071237
2026/2/11,sh.600022,1.62,1.65,1.61,1.64,118599649
2026/2/12,sh.600022,1.64,1.66,1.61,1.64,135219145
2026/2/13,sh.600022,1.64,1.64,1.57,1.58,169202380
2026/2/24,sh.600022,1.60,1.65,1.59,1.64,184508468
2026/2/25,sh.600022,1.64,1.80,1.63,1.74,572507542
2026/2/26,sh.600022,1.74,1.83,1.71,1.75,532626633
2026/2/27,sh.600022,1.76,1.82,1.73,1.77,316432605
2026/3/2,sh.600022,1.77,1.79,1.72,1.76,258555494
2026/3/3,sh.600022,1.75,1.79,1.70,1.71,240047673
2026/3/4,sh.600022,1.69,1.75,1.68,1.70,193391746
2026/3/5,sh.600022,1.71,1.73,1.67,1.68,167092256
2026/3/6,sh.600022,1.68,1.71,1.65,1.70,155407905
2026/3/9,sh.600022,1.70,1.71,1.66,1.69,169232244
2026/3/10,sh.600022,1.69,1.71,1.66,1.67,204887644
2026/3/11,sh.600022,1.66,1.69,1.63,1.68,221222215
2026/3/12,sh.600022,1.68,1.74,1.67,1.74,290194351
2026/3/13,sh.600022,1.72,1.80,1.72,1.74,252748044
2026/3/16,sh.600022,1.73,1.75,1.66,1.67,248777532
2026/3/17,sh.600022,1.67,1.77,1.67,1.71,313229724
2026/3/18,sh.600022,1.70,1.72,1.66,1.67,247817165
2026/3/19,sh.600022,1.65,1.66,1.58,1.58,297692038
2026/3/20,sh.600022,1.58,1.60,1.53,1.54,224216971
2026/3/23,sh.600022,1.51,1.52,1.46,1.47,206255597
2026/3/24,sh.600022,1.49,1.52,1.45,1.51,203874675
2026/3/25,sh.600022,1.52,1.56,1.50,1.55,187753341
2026/3/26,sh.600022,1.55,1.56,1.50,1.51,171417460
2026/3/27,sh.600022,1.49,1.54,1.48,1.53,128407708
2026/3/30,sh.600022,1.51,1.55,1.50,1.54,131249867
2026/3/31,sh.600022,1.54,1.56,1.52,1.52,116462190
2026/4/1,sh.600022,1.54,1.55,1.52,1.53,116501650
2026/4/2,sh.600022,1.53,1.54,1.50,1.51,121801034
2026/4/3,sh.600022,1.51,1.52,1.47,1.49,114332356
2026/4/7,sh.600022,1.48,1.50,1.47,1.50,80578749
2026/4/8,sh.600022,1.52,1.54,1.51,1.54,128515838
2026/4/9,sh.600022,1.53,1.55,1.52,1.53,122547154
2026/4/10,sh.600022,1.53,1.55,1.53,1.54,95407303
2026/4/13,sh.600022,1.53,1.55,1.52,1.54,111553841
2026/4/14,sh.600022,1.54,1.55,1.50,1.52,132127556
2026/4/15,sh.600022,1.52,1.53,1.50,1.50,82005386
2026/4/16,sh.600022,1.50,1.52,1.50,1.51,76604256
2026/4/17,sh.600022,1.51,1.52,1.50,1.51,63622007
2026/4/20,sh.600022,1.50,1.52,1.49,1.51,78392593
2026/4/21,sh.600022,1.51,1.52,1.50,1.52,60935835
2026/4/22,sh.600022,1.51,1.52,1.50,1.51,55169406
2026/4/23,sh.600022,1.50,1.51,1.46,1.47,170260073
2026/4/24,sh.600022,1.46,1.47,1.44,1.45,104725750
2026/4/27,sh.600022,1.44,1.45,1.42,1.43,90808578
2026/4/28,sh.600022,1.43,1.45,1.42,1.44,49825313
2026/4/29,sh.600022,1.44,1.47,1.43,1.46,91946704
2026/4/30,sh.600022,1.46,1.47,1.44,1.44,99664440
2026/5/6,sh.600022,1.45,1.47,1.44,1.46,128182573
2026/5/7,sh.600022,1.46,1.47,1.44,1.45,95762488
2026/5/8,sh.600022,1.45,1.46,1.44,1.45,74978665
2026/5/11,sh.600022,1.46,1.46,1.44,1.45,85864742
2026/5/12,sh.600022,1.45,1.45,1.43,1.43,71095920
2026/5/13,sh.600022,1.43,1.44,1.42,1.44,68955386
2026/5/14,sh.600022,1.43,1.44,1.41,1.41,96069884
2026/5/15,sh.600022,1.41,1.42,1.37,1.38,101094978
2026/5/18,sh.600022,1.38,1.39,1.36,1.39,80896997
2026/5/19,sh.600022,1.39,1.40,1.38,1.39,53307536
2026/5/20,sh.600022,1.39,1.40,1.36,1.36,62511886
2026/5/21,sh.600022,1.36,1.38,1.33,1.34,108758182
2026/5/22,sh.600022,1.34,1.36,1.33,1.34,61683188
2026/5/25,sh.600022,1.35,1.36,1.34,1.35,77351479
2026/5/26,sh.600022,1.35,1.36,1.34,1.35,72698295
2026/5/27,sh.600022,1.35,1.36,1.30,1.32,90170424
2026/5/28,sh.600022,1.32,1.33,1.31,1.32,51803219
2026/5/29,sh.600022,1.32,1.35,1.32,1.34,95657955
2026/6/1,sh.600022,1.34,1.37,1.33,1.37,88290651
2026/6/2,sh.600022,1.37,1.37,1.34,1.35,92305567
2026/6/3,sh.600022,1.35,1.35,1.33,1.33,74319692
2026/6/4,sh.600022,1.33,1.34,1.30,1.31,67423134
2026/6/5,sh.600022,1.31,1.34,1.31,1.32,70980713
