date,code,open,high,low,close,volume
1997/5/19,sh.600061,1.70,1.74,1.43,1.50,13100000
1997/5/20,sh.600061,1.49,1.49,1.43,1.45,3894400
1997/5/21,sh.600061,1.45,1.54,1.42,1.47,4330300
1997/5/22,sh.600061,1.33,1.40,1.32,1.32,1744700
1997/5/23,sh.600061,1.26,1.35,1.25,1.30,2419700
1997/5/26,sh.600061,1.32,1.34,1.20,1.25,1820400
1997/5/27,sh.600061,1.26,1.30,1.24,1.28,1551800
1997/5/28,sh.600061,1.27,1.32,1.23,1.29,2007600
1997/5/29,sh.600061,1.28,1.36,1.26,1.26,2377700
1997/5/30,sh.600061,1.27,1.32,1.26,1.31,1314900
1997/6/2,sh.600061,1.35,1.39,1.32,1.39,2133200
1997/6/3,sh.600061,1.39,1.44,1.37,1.39,3052400
1997/6/4,sh.600061,1.40,1.41,1.34,1.36,1766600
1997/6/5,sh.600061,1.32,1.35,1.32,1.33,1169700
1997/6/6,sh.600061,1.23,1.27,1.19,1.22,1693800
1997/6/9,sh.600061,1.21,1.21,1.15,1.18,712000
1997/6/10,sh.600061,1.17,1.22,1.13,1.13,635700
1997/6/11,sh.600061,1.13,1.17,1.09,1.16,808100
1997/6/12,sh.600061,1.17,1.23,1.13,1.19,1654900
1997/6/13,sh.600061,1.13,1.28,1.13,1.28,2154300
1997/6/16,sh.600061,1.27,1.28,1.22,1.24,1325200
1997/6/17,sh.600061,1.24,1.24,1.19,1.20,746300
1997/6/18,sh.600061,1.19,1.21,1.11,1.16,738100
1997/6/19,sh.600061,1.16,1.20,1.15,1.16,790700
1997/6/20,sh.600061,1.18,1.23,1.16,1.22,760600
1997/6/23,sh.600061,1.24,1.24,1.15,1.16,958000
1997/6/24,sh.600061,1.16,1.19,1.15,1.17,508700
1997/6/25,sh.600061,1.18,1.18,1.14,1.15,535200
1997/6/26,sh.600061,1.14,1.15,1.12,1.13,837900
1997/6/27,sh.600061,1.13,1.15,1.06,1.06,932900
1997/7/2,sh.600061,1.06,1.07,0.98,1.04,1082000
1997/7/3,sh.600061,1.02,1.06,0.98,1.01,653000
1997/7/4,sh.600061,1.04,1.06,1.01,1.03,739600
1997/7/7,sh.600061,1.03,1.03,0.93,0.96,475800
1997/7/8,sh.600061,0.94,0.98,0.92,0.95,470600
1997/7/9,sh.600061,0.95,0.95,0.92,0.94,411700
1997/7/10,sh.600061,0.94,0.94,0.92,0.92,344200
1997/7/11,sh.600061,0.92,1.00,0.90,0.99,689300
1997/7/14,sh.600061,0.99,1.02,0.97,1.02,1142400
1997/7/15,sh.600061,1.01,1.01,0.97,0.98,633300
1997/7/16,sh.600061,0.98,1.01,0.96,0.98,472800
1997/7/17,sh.600061,0.98,1.04,0.98,1.01,1136900
1997/7/18,sh.600061,1.01,1.02,1.00,1.02,600800
1997/7/21,sh.600061,1.03,1.05,1.01,1.01,670100
1997/7/22,sh.600061,1.01,1.02,0.97,1.01,440700
1997/7/23,sh.600061,1.04,1.04,1.00,1.00,402200
1997/7/24,sh.600061,1.00,1.01,0.98,0.98,321600
1997/7/25,sh.600061,0.97,0.99,0.94,0.98,391200
1997/7/28,sh.600061,0.96,0.98,0.95,0.95,245900
1997/7/29,sh.600061,0.95,0.97,0.92,0.95,318100
1997/7/30,sh.600061,0.95,0.99,0.95,0.99,266300
1997/7/31,sh.600061,0.99,1.00,0.97,1.00,344300
1997/8/1,sh.600061,1.00,1.02,0.99,1.01,367100
1997/8/4,sh.600061,1.03,1.06,1.01,1.06,1119600
1997/8/5,sh.600061,1.06,1.06,1.03,1.05,595100
1997/8/6,sh.600061,1.02,1.05,1.00,1.00,522300
1997/8/7,sh.600061,1.00,1.04,0.99,1.04,521600
1997/8/8,sh.600061,1.04,1.07,1.01,1.02,726800
1997/8/11,sh.600061,1.02,1.06,1.01,1.05,970700
1997/8/12,sh.600061,1.04,1.06,1.00,1.00,543800
1997/8/13,sh.600061,1.00,1.02,0.98,0.99,288600
1997/8/14,sh.600061,1.01,1.03,0.99,1.02,326800
1997/8/15,sh.600061,1.01,1.02,0.96,0.98,320700
1997/8/18,sh.600061,0.98,1.01,0.97,1.00,422600
1997/8/19,sh.600061,1.00,1.03,1.00,1.00,333900
1997/8/20,sh.600061,1.00,1.05,1.00,1.05,992700
1997/8/21,sh.600061,1.05,1.06,1.03,1.04,702700
1997/8/22,sh.600061,1.05,1.09,1.04,1.08,2212600
1997/8/25,sh.600061,1.10,1.12,1.09,1.11,1322600
1997/8/26,sh.600061,1.11,1.11,1.08,1.10,656700
1997/8/27,sh.600061,1.10,1.12,1.09,1.11,671900
1997/8/28,sh.600061,1.10,1.11,1.08,1.09,631200
1997/8/29,sh.600061,1.10,1.11,1.09,1.10,540300
1997/9/1,sh.600061,1.11,1.13,1.10,1.10,539300
1997/9/2,sh.600061,1.11,1.15,1.11,1.15,1104100
1997/9/3,sh.600061,1.15,1.16,1.13,1.15,572800
1997/9/4,sh.600061,1.15,1.16,1.13,1.15,535400
1997/9/5,sh.600061,1.15,1.15,1.12,1.13,578100
1997/9/8,sh.600061,1.12,1.12,1.10,1.10,489100
1997/9/9,sh.600061,1.10,1.11,1.08,1.08,381400
1997/9/10,sh.600061,1.08,1.10,1.08,1.10,258000
1997/9/11,sh.600061,1.10,1.11,1.07,1.07,316700
1997/9/12,sh.600061,1.08,1.09,1.05,1.05,350100
1997/9/15,sh.600061,1.05,1.06,1.01,1.02,230100
1997/9/16,sh.600061,1.02,1.05,1.02,1.03,139300
1997/9/17,sh.600061,1.03,1.04,1.03,1.03,213300
1997/9/18,sh.600061,1.03,1.05,1.03,1.04,157700
1997/9/19,sh.600061,1.04,1.07,1.04,1.07,353300
1997/9/22,sh.600061,1.07,1.08,0.99,1.02,355100
1997/9/23,sh.600061,1.01,1.03,0.94,0.95,372700
1997/9/24,sh.600061,0.99,1.01,0.98,1.01,499600
1997/9/25,sh.600061,1.01,1.07,1.01,1.06,934100
1997/9/26,sh.600061,1.05,1.06,1.02,1.04,335100
1997/9/29,sh.600061,1.04,1.04,1.00,1.00,261000
1997/9/30,sh.600061,1.01,1.02,1.00,1.01,182100
1997/10/6,sh.600061,1.01,1.03,1.00,1.00,85400
1997/10/7,sh.600061,1.00,1.00,0.97,1.00,135400
1997/10/8,sh.600061,1.01,1.03,1.01,1.02,170900
1997/10/9,sh.600061,1.02,1.02,1.01,1.01,120000
1997/10/10,sh.600061,1.01,1.02,1.00,1.02,141800
1997/10/13,sh.600061,1.03,1.05,1.01,1.02,180600
1997/10/14,sh.600061,1.02,1.03,1.00,1.03,70400
1997/10/15,sh.600061,1.03,1.04,1.02,1.03,134500
1997/10/16,sh.600061,1.04,1.06,1.04,1.05,364400
1997/10/17,sh.600061,1.06,1.08,1.05,1.07,561600
1997/10/20,sh.600061,1.08,1.09,1.06,1.08,648000
1997/10/21,sh.600061,1.09,1.09,1.06,1.07,357800
1997/10/22,sh.600061,1.07,1.07,1.02,1.03,541000
1997/10/23,sh.600061,1.03,1.06,1.03,1.05,540200
1997/10/24,sh.600061,1.04,1.06,1.03,1.06,437500
1997/10/27,sh.600061,1.08,1.14,1.07,1.13,1436400
1997/10/28,sh.600061,1.13,1.13,1.05,1.06,885800
1997/10/29,sh.600061,1.05,1.07,1.04,1.05,341800
1997/10/30,sh.600061,1.06,1.11,1.05,1.06,648200
1997/10/31,sh.600061,1.04,1.07,1.04,1.07,332200
1997/11/3,sh.600061,1.07,1.11,1.06,1.07,415700
1997/11/4,sh.600061,1.08,1.11,1.08,1.08,608300
1997/11/5,sh.600061,1.06,1.08,1.05,1.06,326100
1997/11/6,sh.600061,1.07,1.07,1.04,1.04,357800
1997/11/7,sh.600061,1.06,1.08,1.04,1.06,255900
1997/11/10,sh.600061,1.07,1.10,1.06,1.07,471300
1997/11/11,sh.600061,1.06,1.07,1.04,1.06,198400
1997/11/12,sh.600061,1.07,1.07,1.04,1.04,220800
1997/11/13,sh.600061,1.05,1.05,1.02,1.05,253100
1997/11/14,sh.600061,1.04,1.08,1.04,1.06,445400
1997/11/17,sh.600061,1.08,1.08,1.04,1.06,260300
1997/11/18,sh.600061,1.07,1.07,1.03,1.03,221000
1997/11/19,sh.600061,1.03,1.04,1.03,1.03,152700
1997/11/20,sh.600061,1.03,1.04,1.02,1.02,255900
1997/11/21,sh.600061,1.02,1.03,1.01,1.01,351700
1997/11/24,sh.600061,1.02,1.02,1.00,1.00,280600
1997/11/25,sh.600061,1.01,1.03,1.01,1.02,213600
1997/11/26,sh.600061,1.03,1.04,1.01,1.04,162600
1997/11/27,sh.600061,1.04,1.04,1.01,1.01,150700
1997/11/28,sh.600061,1.01,1.04,1.01,1.04,219000
1997/12/1,sh.600061,1.02,1.06,1.01,1.04,762900
1997/12/2,sh.600061,1.05,1.05,1.02,1.02,238500
1997/12/3,sh.600061,1.02,1.03,1.01,1.01,213600
1997/12/4,sh.600061,1.01,1.04,1.01,1.03,235200
1997/12/5,sh.600061,1.04,1.04,1.02,1.03,221300
1997/12/8,sh.600061,1.04,1.10,1.04,1.08,1337100
1997/12/9,sh.600061,1.09,1.09,1.07,1.09,616900
1997/12/10,sh.600061,1.09,1.11,1.08,1.09,515900
1997/12/11,sh.600061,1.09,1.09,1.07,1.08,328700
1997/12/12,sh.600061,1.09,1.12,1.09,1.09,962800
1997/12/15,sh.600061,1.11,1.16,1.11,1.15,1581400
1997/12/16,sh.600061,1.16,1.16,1.12,1.15,1244600
1997/12/17,sh.600061,1.13,1.14,1.10,1.10,1173200
1997/12/18,sh.600061,1.09,1.13,1.09,1.12,824300
1997/12/19,sh.600061,1.12,1.14,1.12,1.13,573100
1997/12/22,sh.600061,1.15,1.19,1.13,1.17,1167800
1997/12/23,sh.600061,1.18,1.18,1.15,1.17,596200
1997/12/24,sh.600061,1.17,1.19,1.16,1.18,595700
1997/12/25,sh.600061,1.18,1.19,1.17,1.18,577300
1997/12/26,sh.600061,1.19,1.19,1.16,1.17,869400
1997/12/29,sh.600061,1.16,1.16,1.13,1.14,786700
1997/12/30,sh.600061,1.13,1.15,1.13,1.14,323200
1997/12/31,sh.600061,1.15,1.15,1.13,1.14,495500
1998/1/5,sh.600061,1.15,1.19,1.14,1.17,733700
1998/1/6,sh.600061,1.16,1.22,1.16,1.20,1141200
1998/1/7,sh.600061,1.21,1.21,1.18,1.20,613600
1998/1/8,sh.600061,1.19,1.19,1.17,1.17,547300
1998/1/9,sh.600061,1.16,1.19,1.16,1.17,720500
1998/1/12,sh.600061,1.18,1.20,1.15,1.15,707600
1998/1/13,sh.600061,1.14,1.14,1.04,1.07,1223900
1998/1/14,sh.600061,1.08,1.11,1.07,1.10,636400
1998/1/15,sh.600061,1.10,1.12,1.08,1.12,467000
1998/1/16,sh.600061,1.12,1.12,1.10,1.11,293500
1998/1/19,sh.600061,1.10,1.11,1.08,1.09,304600
1998/1/20,sh.600061,1.09,1.13,1.09,1.11,322900
1998/1/21,sh.600061,1.13,1.13,1.10,1.12,175900
1998/1/22,sh.600061,1.12,1.14,1.11,1.13,270400
1998/1/23,sh.600061,1.14,1.15,1.13,1.14,306700
1998/2/9,sh.600061,1.18,1.18,1.15,1.16,335100
1998/2/10,sh.600061,1.16,1.16,1.14,1.14,273800
1998/2/11,sh.600061,1.14,1.15,1.13,1.14,312200
1998/2/12,sh.600061,1.14,1.15,1.13,1.13,215100
1998/2/13,sh.600061,1.13,1.14,1.12,1.14,245400
1998/2/16,sh.600061,1.14,1.14,1.11,1.12,350000
1998/2/17,sh.600061,1.11,1.12,1.10,1.12,279300
1998/2/18,sh.600061,1.13,1.14,1.12,1.13,248000
1998/2/19,sh.600061,1.13,1.13,1.11,1.12,260900
1998/2/20,sh.600061,1.12,1.13,1.11,1.11,232500
1998/2/23,sh.600061,1.11,1.11,1.08,1.09,245300
1998/2/24,sh.600061,1.09,1.10,1.09,1.09,158700
1998/2/25,sh.600061,1.09,1.09,1.07,1.07,170900
1998/2/26,sh.600061,1.10,1.10,1.07,1.09,128400
1998/2/27,sh.600061,1.09,1.09,1.07,1.08,128900
1998/3/2,sh.600061,1.07,1.07,1.03,1.04,229100
1998/3/3,sh.600061,1.04,1.05,1.03,1.05,264000
1998/3/4,sh.600061,1.06,1.06,1.04,1.06,120300
1998/3/5,sh.600061,1.06,1.06,1.04,1.06,134600
1998/3/6,sh.600061,1.04,1.05,1.04,1.05,103700
1998/3/9,sh.600061,1.04,1.06,1.04,1.05,131000
1998/3/10,sh.600061,1.04,1.06,1.04,1.05,122700
1998/3/11,sh.600061,1.05,1.06,1.04,1.05,142600
1998/3/12,sh.600061,1.01,1.05,1.01,1.01,286600
1998/3/13,sh.600061,1.01,1.03,1.01,1.02,185300
1998/3/16,sh.600061,1.02,1.04,1.01,1.03,202600
1998/3/17,sh.600061,1.03,1.06,1.03,1.06,235200
1998/3/18,sh.600061,1.06,1.06,1.03,1.03,169500
1998/3/19,sh.600061,1.03,1.05,1.03,1.03,145100
1998/3/20,sh.600061,1.04,1.04,1.01,1.02,99200
1998/3/23,sh.600061,1.02,1.04,1.02,1.04,137900
1998/3/24,sh.600061,1.05,1.05,1.04,1.05,142300
1998/3/25,sh.600061,1.06,1.06,1.05,1.05,225600
1998/3/26,sh.600061,1.04,1.05,1.03,1.03,216800
1998/3/27,sh.600061,1.03,1.06,1.03,1.05,362200
1998/3/30,sh.600061,1.06,1.09,1.06,1.08,479000
1998/3/31,sh.600061,1.08,1.08,1.06,1.06,236100
1998/4/1,sh.600061,1.06,1.07,1.05,1.06,229600
1998/4/2,sh.600061,1.06,1.11,1.06,1.08,691300
1998/4/3,sh.600061,1.08,1.12,1.07,1.12,694900
1998/4/6,sh.600061,1.12,1.16,1.12,1.14,1388600
1998/4/7,sh.600061,1.13,1.14,1.11,1.11,521600
1998/4/8,sh.600061,1.13,1.15,1.12,1.13,795300
1998/4/9,sh.600061,1.13,1.15,1.08,1.09,699300
1998/4/10,sh.600061,1.11,1.11,1.09,1.11,383200
1998/4/13,sh.600061,1.12,1.14,1.11,1.13,849000
1998/4/14,sh.600061,1.11,1.14,1.11,1.12,548400
1998/4/15,sh.600061,1.12,1.14,1.11,1.13,654000
1998/4/16,sh.600061,1.15,1.20,1.14,1.17,2134400
1998/4/17,sh.600061,1.17,1.22,1.13,1.21,2645900
1998/4/20,sh.600061,1.22,1.25,1.18,1.18,2428500
1998/4/21,sh.600061,1.20,1.23,1.18,1.22,1714600
1998/4/22,sh.600061,1.23,1.26,1.22,1.25,1878100
1998/4/23,sh.600061,1.25,1.26,1.23,1.24,1240600
1998/4/24,sh.600061,1.24,1.24,1.19,1.20,1275200
1998/4/27,sh.600061,1.19,1.21,1.18,1.18,851200
1998/4/28,sh.600061,1.18,1.22,1.18,1.21,688400
1998/4/29,sh.600061,1.22,1.23,1.19,1.19,403600
1998/4/30,sh.600061,1.20,1.21,1.19,1.21,476000
1998/5/4,sh.600061,1.21,1.21,1.19,1.20,574900
1998/5/5,sh.600061,1.19,1.23,1.18,1.22,1000500
1998/5/6,sh.600061,1.22,1.22,1.19,1.20,582700
1998/5/7,sh.600061,1.20,1.22,1.17,1.17,674800
1998/5/8,sh.600061,1.17,1.20,1.16,1.20,795600
1998/5/11,sh.600061,1.19,1.20,1.16,1.16,765500
1998/5/12,sh.600061,1.16,1.18,1.16,1.17,457500
1998/5/13,sh.600061,1.18,1.23,1.18,1.21,1236300
1998/5/14,sh.600061,1.22,1.23,1.17,1.18,760300
1998/5/15,sh.600061,1.18,1.20,1.18,1.18,427400
1998/5/18,sh.600061,1.18,1.18,1.18,1.18,INVALID
1998/5/19,sh.600061,1.18,1.20,1.17,1.18,235500
1998/5/20,sh.600061,1.18,1.19,1.16,1.16,369700
1998/5/21,sh.600061,1.16,1.17,1.15,1.17,413900
1998/5/22,sh.600061,1.19,1.20,1.17,1.18,626200
1998/5/25,sh.600061,1.18,1.23,1.18,1.21,1144000
1998/5/26,sh.600061,1.21,1.22,1.19,1.19,536900
1998/5/27,sh.600061,1.20,1.23,1.18,1.21,1121300
1998/5/28,sh.600061,1.21,1.23,1.18,1.21,761200
1998/5/29,sh.600061,1.21,1.23,1.20,1.22,727700
1998/6/1,sh.600061,1.23,1.27,1.22,1.25,1212100
1998/6/2,sh.600061,1.26,1.27,1.23,1.23,794100
1998/6/3,sh.600061,1.23,1.25,1.23,1.24,696300
1998/6/4,sh.600061,1.24,1.25,1.21,1.22,617100
1998/6/5,sh.600061,1.21,1.23,1.19,1.21,633900
1998/6/8,sh.600061,1.20,1.22,1.20,1.20,865300
1998/6/9,sh.600061,1.21,1.26,1.21,1.23,1633100
1998/6/10,sh.600061,1.24,1.26,1.22,1.24,861000
1998/6/11,sh.600061,1.24,1.24,1.20,1.20,455700
1998/6/12,sh.600061,1.24,1.25,1.21,1.23,604800
1998/6/15,sh.600061,1.24,1.29,1.23,1.28,1999800
1998/6/16,sh.600061,1.27,1.27,1.21,1.24,1196800
1998/6/17,sh.600061,1.25,1.27,1.23,1.25,521000
1998/6/18,sh.600061,1.25,1.26,1.23,1.24,516800
1998/6/19,sh.600061,1.26,1.28,1.24,1.27,1197000
1998/6/22,sh.600061,1.28,1.32,1.27,1.31,1733700
1998/6/23,sh.600061,1.31,1.31,1.28,1.29,831100
1998/6/24,sh.600061,1.31,1.32,1.28,1.29,639500
1998/6/25,sh.600061,1.30,1.31,1.25,1.25,661400
1998/6/26,sh.600061,1.25,1.26,1.24,1.25,461000
1998/6/29,sh.600061,1.25,1.26,1.21,1.22,581900
1998/6/30,sh.600061,1.23,1.23,1.20,1.21,330700
1998/7/1,sh.600061,1.24,1.24,1.17,1.18,274600
1998/7/2,sh.600061,1.19,1.19,1.14,1.17,384200
1998/7/3,sh.600061,1.20,1.20,1.18,1.18,245700
1998/7/6,sh.600061,1.18,1.18,1.13,1.13,297100
1998/7/7,sh.600061,1.13,1.15,1.11,1.14,232600
1998/7/8,sh.600061,1.15,1.15,1.14,1.14,168000
1998/7/9,sh.600061,1.14,1.16,1.14,1.16,126500
1998/7/10,sh.600061,1.16,1.17,1.16,1.17,158200
1998/7/13,sh.600061,1.17,1.18,1.15,1.15,239500
1998/7/14,sh.600061,1.15,1.15,1.13,1.13,294400
1998/7/15,sh.600061,1.13,1.15,1.12,1.13,180400
1998/7/16,sh.600061,1.13,1.14,1.13,1.13,183700
1998/7/17,sh.600061,1.13,1.14,1.10,1.10,302900
1998/7/20,sh.600061,1.09,1.09,1.04,1.05,317400
1998/7/21,sh.600061,1.05,1.08,1.04,1.07,244000
1998/7/22,sh.600061,1.07,1.07,1.04,1.04,215300
1998/7/23,sh.600061,1.04,1.09,1.04,1.09,192600
1998/7/24,sh.600061,1.09,1.10,1.07,1.09,210300
1998/7/27,sh.600061,1.09,1.09,1.07,1.07,140700
1998/7/28,sh.600061,1.07,1.11,1.07,1.10,306400
1998/7/29,sh.600061,1.10,1.10,1.06,1.06,264700
1998/7/30,sh.600061,1.06,1.06,1.04,1.05,264800
1998/7/31,sh.600061,1.07,1.08,1.05,1.07,141900
1998/8/3,sh.600061,1.07,1.07,1.04,1.05,152600
1998/8/4,sh.600061,1.05,1.05,1.01,1.02,254200
1998/8/5,sh.600061,1.02,1.04,1.02,1.03,125100
1998/8/6,sh.600061,1.03,1.04,1.01,1.02,140400
1998/8/7,sh.600061,1.02,1.02,0.99,0.99,300300
1998/8/10,sh.600061,0.98,0.98,0.96,0.96,253200
1998/8/11,sh.600061,0.95,0.97,0.95,0.95,174500
1998/8/12,sh.600061,0.94,0.96,0.92,0.95,296700
1998/8/13,sh.600061,0.95,0.96,0.95,0.96,167600
1998/8/14,sh.600061,0.96,0.96,0.91,0.91,213200
1998/8/17,sh.600061,0.91,0.91,0.82,0.82,265200
1998/8/18,sh.600061,0.79,0.85,0.78,0.80,219000
1998/8/19,sh.600061,0.81,0.86,0.81,0.86,346700
1998/8/20,sh.600061,0.86,0.89,0.84,0.89,435100
1998/8/21,sh.600061,0.88,0.90,0.86,0.89,274100
1998/8/24,sh.600061,0.88,0.91,0.86,0.90,564000
1998/8/25,sh.600061,0.89,0.90,0.86,0.89,273600
1998/8/26,sh.600061,0.89,0.92,0.87,0.91,451800
1998/8/27,sh.600061,0.90,0.92,0.88,0.90,320000
1998/8/28,sh.600061,0.89,0.90,0.88,0.90,202200
1998/8/31,sh.600061,0.89,0.93,0.81,0.93,478800
1998/9/1,sh.600061,0.92,0.98,0.91,0.96,1847900
1998/9/2,sh.600061,0.94,0.98,0.94,0.96,555500
1998/9/3,sh.600061,0.97,0.99,0.95,0.99,546600
1998/9/4,sh.600061,0.99,1.02,0.98,1.00,758400
1998/9/7,sh.600061,1.01,1.08,1.01,1.06,2061900
1998/9/8,sh.600061,1.07,1.10,1.05,1.06,2328900
1998/9/9,sh.600061,1.05,1.10,1.03,1.10,1181800
1998/9/10,sh.600061,1.10,1.13,1.10,1.11,1563800
1998/9/11,sh.600061,1.11,1.11,1.08,1.09,914300
1998/9/14,sh.600061,1.08,1.14,1.03,1.13,1602500
1998/9/15,sh.600061,1.13,1.13,1.07,1.07,824500
1998/9/16,sh.600061,1.06,1.10,1.05,1.09,746700
1998/9/17,sh.600061,1.09,1.12,1.07,1.09,1084700
1998/9/18,sh.600061,1.08,1.09,1.02,1.04,613100
1998/9/21,sh.600061,1.02,1.07,1.01,1.06,397800
1998/9/22,sh.600061,1.07,1.07,1.04,1.05,322800
1998/9/23,sh.600061,1.04,1.11,1.04,1.11,945800
1998/9/24,sh.600061,1.11,1.11,1.05,1.05,545100
1998/9/25,sh.600061,1.04,1.10,1.03,1.09,641800
1998/9/28,sh.600061,1.10,1.15,1.08,1.13,1636200
1998/9/29,sh.600061,1.13,1.15,1.12,1.13,709600
1998/9/30,sh.600061,1.13,1.15,1.13,1.14,614500
1998/10/5,sh.600061,1.15,1.18,1.15,1.17,1015600
1998/10/6,sh.600061,1.17,1.20,1.14,1.15,819400
1998/10/7,sh.600061,1.13,1.14,1.10,1.10,644600
1998/10/8,sh.600061,1.11,1.13,1.10,1.13,487200
1998/10/9,sh.600061,1.13,1.13,1.11,1.13,383500
1998/10/12,sh.600061,1.11,1.13,1.10,1.13,541400
1998/10/13,sh.600061,1.15,1.15,1.11,1.11,612400
1998/10/14,sh.600061,1.11,1.12,1.10,1.12,360300
1998/10/15,sh.600061,1.12,1.16,1.11,1.16,736900
1998/10/16,sh.600061,1.16,1.18,1.13,1.14,815000
1998/10/19,sh.600061,1.14,1.17,1.13,1.15,577500
1998/10/20,sh.600061,1.15,1.18,1.15,1.16,698100
1998/10/21,sh.600061,1.16,1.16,1.09,1.09,792000
1998/10/22,sh.600061,1.07,1.09,1.04,1.09,789200
1998/10/23,sh.600061,1.09,1.09,1.04,1.05,895200
1998/10/26,sh.600061,1.03,1.04,1.00,1.02,692400
1998/10/27,sh.600061,1.02,1.04,1.01,1.04,387100
1998/10/28,sh.600061,1.04,1.07,1.04,1.06,281800
1998/10/29,sh.600061,1.07,1.07,1.04,1.04,346700
1998/10/30,sh.600061,1.04,1.05,1.03,1.04,295700
1998/11/2,sh.600061,1.04,1.06,1.03,1.06,281200
1998/11/3,sh.600061,1.06,1.09,1.06,1.09,440900
1998/11/4,sh.600061,1.09,1.10,1.07,1.07,240200
1998/11/5,sh.600061,1.07,1.08,1.06,1.08,280700
1998/11/6,sh.600061,1.08,1.10,1.07,1.08,403100
1998/11/9,sh.600061,1.07,1.13,1.07,1.13,630200
1998/11/10,sh.600061,1.12,1.13,1.09,1.10,320800
1998/11/11,sh.600061,1.10,1.12,1.09,1.12,440200
1998/11/12,sh.600061,1.12,1.15,1.11,1.12,637500
1998/11/13,sh.600061,1.12,1.13,1.09,1.12,547000
1998/11/16,sh.600061,1.13,1.14,1.12,1.13,408500
1998/11/17,sh.600061,1.13,1.13,1.10,1.10,335000
1998/11/18,sh.600061,1.10,1.11,1.08,1.08,422400
1998/11/19,sh.600061,1.08,1.09,1.07,1.07,262400
1998/11/20,sh.600061,1.07,1.09,1.07,1.08,179100
1998/11/23,sh.600061,1.08,1.08,1.05,1.05,310300
1998/11/24,sh.600061,1.05,1.06,1.05,1.06,295100
1998/11/25,sh.600061,1.06,1.07,1.05,1.05,248500
1998/11/26,sh.600061,1.05,1.06,1.04,1.05,301300
1998/11/27,sh.600061,1.06,1.06,1.04,1.04,151000
1998/11/30,sh.600061,1.04,1.05,1.03,1.05,219400
1998/12/1,sh.600061,1.05,1.05,1.03,1.03,151300
1998/12/2,sh.600061,1.03,1.03,1.01,1.02,210800
1998/12/3,sh.600061,1.02,1.03,1.02,1.02,118300
1998/12/4,sh.600061,1.03,1.03,1.02,1.02,133200
1998/12/7,sh.600061,1.04,1.04,1.01,1.02,84800
1998/12/8,sh.600061,1.02,1.03,1.02,1.03,100200
1998/12/9,sh.600061,1.03,1.03,1.02,1.02,106800
1998/12/10,sh.600061,1.02,1.03,0.98,0.98,149400
1998/12/11,sh.600061,0.98,1.01,0.98,1.01,168100
1998/12/14,sh.600061,1.00,1.00,0.98,1.00,117500
1998/12/15,sh.600061,0.98,0.99,0.98,0.99,113400
1998/12/16,sh.600061,0.99,0.99,0.97,0.97,102900
1998/12/17,sh.600061,0.95,0.96,0.94,0.94,168600
1998/12/18,sh.600061,0.94,0.96,0.93,0.94,96200
1998/12/21,sh.600061,0.92,0.95,0.92,0.93,85900
1998/12/22,sh.600061,0.94,0.98,0.94,0.97,111500
1998/12/23,sh.600061,0.96,0.96,0.95,0.95,51500
1998/12/24,sh.600061,0.95,0.96,0.95,0.96,76800
1998/12/25,sh.600061,0.97,0.97,0.96,0.96,62700
1998/12/28,sh.600061,0.97,0.98,0.95,0.95,67800
1998/12/29,sh.600061,0.96,0.96,0.93,0.95,90500
1998/12/30,sh.600061,0.94,0.97,0.92,0.97,124400
1998/12/31,sh.600061,0.97,0.97,0.95,0.95,65800
1999/1/4,sh.600061,0.96,0.96,0.93,0.93,46000
1999/1/5,sh.600061,0.93,0.97,0.91,0.95,148100
1999/1/6,sh.600061,0.95,0.96,0.94,0.96,74100
1999/1/7,sh.600061,0.96,0.96,0.94,0.95,84600
1999/1/8,sh.600061,0.95,0.99,0.95,0.98,254100
1999/1/11,sh.600061,0.99,1.03,0.98,1.02,447100
1999/1/12,sh.600061,1.02,1.02,0.99,0.99,181900
1999/1/13,sh.600061,0.97,1.01,0.97,0.98,156800
1999/1/14,sh.600061,0.97,0.99,0.97,0.98,110500
1999/1/15,sh.600061,0.98,0.99,0.95,0.96,168600
1999/1/18,sh.600061,0.95,0.98,0.94,0.97,126400
1999/1/19,sh.600061,0.97,0.99,0.96,0.98,201200
1999/1/20,sh.600061,0.99,0.99,0.97,0.97,80600
1999/1/21,sh.600061,0.96,0.98,0.96,0.98,116900
1999/1/22,sh.600061,0.98,1.00,0.98,0.99,124400
1999/1/25,sh.600061,1.00,1.00,0.97,0.97,135800
1999/1/26,sh.600061,0.96,0.96,0.93,0.94,187600
1999/1/27,sh.600061,0.95,0.96,0.94,0.95,125400
1999/1/28,sh.600061,0.95,0.96,0.94,0.94,100600
1999/1/29,sh.600061,0.93,0.94,0.93,0.93,141800
1999/2/1,sh.600061,0.93,0.94,0.93,0.94,90300
1999/2/2,sh.600061,0.93,0.96,0.93,0.94,65100
1999/2/3,sh.600061,0.94,0.95,0.93,0.94,77700
1999/2/4,sh.600061,0.93,0.97,0.93,0.96,185300
1999/2/5,sh.600061,0.95,0.95,0.91,0.94,127800
1999/2/8,sh.600061,0.93,0.97,0.92,0.94,131800
1999/2/9,sh.600061,0.93,0.98,0.93,0.97,262700
1999/3/1,sh.600061,0.97,1.03,0.97,1.01,592400
1999/3/2,sh.600061,1.01,1.03,0.99,1.02,506400
1999/3/3,sh.600061,1.01,1.05,1.01,1.03,618700
1999/3/4,sh.600061,1.03,1.05,1.02,1.03,606900
1999/3/5,sh.600061,1.03,1.06,1.00,1.04,512900
1999/3/8,sh.600061,1.05,1.06,1.03,1.05,388000
1999/3/9,sh.600061,1.05,1.06,1.02,1.02,295200
1999/3/10,sh.600061,1.02,1.08,1.02,1.07,610800
1999/3/11,sh.600061,1.07,1.08,1.06,1.07,364000
1999/3/12,sh.600061,1.07,1.08,1.06,1.07,320900
1999/3/15,sh.600061,1.07,1.09,1.05,1.08,515000
1999/3/16,sh.600061,1.07,1.09,1.06,1.08,215900
1999/3/17,sh.600061,1.07,1.08,1.04,1.04,307900
1999/3/18,sh.600061,1.04,1.05,1.02,1.03,254500
1999/3/19,sh.600061,1.03,1.07,1.02,1.07,251900
1999/3/22,sh.600061,1.06,1.06,1.03,1.03,498100
1999/3/23,sh.600061,1.04,1.04,1.02,1.03,282800
1999/3/24,sh.600061,1.03,1.06,1.03,1.05,187600
1999/3/25,sh.600061,1.05,1.11,1.04,1.08,1204800
1999/3/26,sh.600061,1.08,1.09,1.06,1.08,452300
1999/3/29,sh.600061,1.08,1.11,1.08,1.10,710500
1999/3/30,sh.600061,1.10,1.11,1.07,1.08,337700
1999/3/31,sh.600061,1.07,1.09,1.06,1.09,233100
1999/4/1,sh.600061,1.07,1.10,1.07,1.08,355400
1999/4/2,sh.600061,1.08,1.10,1.07,1.08,369400
1999/4/5,sh.600061,1.09,1.12,1.09,1.11,716300
1999/4/6,sh.600061,1.12,1.12,1.09,1.10,447800
1999/4/7,sh.600061,1.09,1.14,1.07,1.11,785200
1999/4/8,sh.600061,1.12,1.12,1.08,1.09,357000
1999/4/9,sh.600061,1.08,1.09,1.07,1.07,544900
1999/4/12,sh.600061,1.10,1.12,1.07,1.10,1102000
1999/4/13,sh.600061,1.09,1.10,1.07,1.10,271900
1999/4/14,sh.600061,1.09,1.11,1.08,1.10,237800
1999/4/15,sh.600061,1.10,1.10,1.07,1.07,243500
1999/4/16,sh.600061,1.07,1.07,1.02,1.02,388600
1999/4/19,sh.600061,1.02,1.04,1.01,1.02,374900
1999/4/20,sh.600061,1.02,1.06,1.02,1.03,242500
1999/4/21,sh.600061,1.04,1.04,1.00,1.00,257000
1999/4/22,sh.600061,1.00,1.00,0.97,1.00,367700
1999/4/23,sh.600061,1.00,1.02,0.98,1.01,151500
1999/4/26,sh.600061,1.01,1.01,0.97,0.97,148400
1999/4/27,sh.600061,0.97,0.97,0.95,0.96,185900
1999/4/28,sh.600061,0.96,0.98,0.94,0.94,168600
1999/4/29,sh.600061,0.94,0.97,0.94,0.96,92500
1999/4/30,sh.600061,0.97,1.00,0.97,0.99,130400
1999/5/4,sh.600061,1.00,1.00,0.97,0.97,85000
1999/5/5,sh.600061,0.97,1.00,0.97,1.00,99600
1999/5/6,sh.600061,0.99,1.00,0.99,1.00,97500
1999/5/7,sh.600061,1.00,1.00,0.98,0.98,112700
1999/5/10,sh.600061,0.94,0.97,0.91,0.91,328000
1999/5/11,sh.600061,0.91,0.94,0.91,0.94,125900
1999/5/12,sh.600061,0.94,0.94,0.92,0.93,85200
1999/5/13,sh.600061,0.94,0.94,0.92,0.92,126500
1999/5/14,sh.600061,0.92,0.92,0.89,0.90,138200
1999/5/17,sh.600061,0.89,0.91,0.87,0.89,62700
1999/5/18,sh.600061,0.90,0.91,0.89,0.89,85300
1999/5/19,sh.600061,0.89,0.94,0.89,0.94,132800
1999/5/20,sh.600061,0.94,0.97,0.93,0.97,305900
1999/5/21,sh.600061,0.98,1.00,0.96,0.97,300300
1999/5/24,sh.600061,0.97,1.00,0.95,1.00,690100
1999/5/25,sh.600061,1.00,1.01,0.96,0.97,582500
1999/5/26,sh.600061,0.97,0.99,0.95,0.97,393900
1999/5/27,sh.600061,0.98,1.02,0.97,1.01,709600
1999/5/28,sh.600061,1.01,1.01,1.01,1.01,INVALID
1999/5/31,sh.600061,1.01,1.01,0.96,0.97,565100
1999/6/1,sh.600061,0.97,1.05,0.97,1.04,1246800
1999/6/2,sh.600061,1.04,1.06,1.00,1.00,831600
1999/6/3,sh.600061,0.98,1.00,0.97,0.97,381100
1999/6/4,sh.600061,0.97,0.99,0.96,0.97,417800
1999/6/7,sh.600061,1.00,1.00,0.97,1.00,466700
1999/6/8,sh.600061,1.00,1.01,0.98,0.99,494300
1999/6/9,sh.600061,0.99,1.04,0.99,1.01,687700
1999/6/10,sh.600061,1.03,1.04,1.00,1.03,819600
1999/6/11,sh.600061,1.02,1.07,1.01,1.04,975700
1999/6/14,sh.600061,1.05,1.11,1.05,1.10,1477700
1999/6/15,sh.600061,1.13,1.14,1.01,1.03,1555100
1999/6/16,sh.600061,1.06,1.08,1.03,1.08,730200
1999/6/17,sh.600061,1.09,1.15,1.05,1.15,2195300
1999/6/18,sh.600061,1.15,1.26,1.12,1.26,5218700
1999/6/21,sh.600061,1.29,1.32,1.24,1.32,3425200
1999/6/22,sh.600061,1.31,1.34,1.25,1.34,3346700
1999/6/23,sh.600061,1.34,1.40,1.31,1.38,3629800
1999/6/24,sh.600061,1.38,1.40,1.34,1.40,2313500
1999/6/25,sh.600061,1.40,1.40,1.26,1.27,2366200
1999/6/28,sh.600061,1.24,1.31,1.24,1.31,1838600
1999/6/29,sh.600061,1.31,1.33,1.25,1.27,1966500
1999/6/30,sh.600061,1.27,1.31,1.23,1.24,1506400
1999/7/1,sh.600061,1.23,1.26,1.12,1.13,1873100
1999/7/2,sh.600061,1.15,1.21,1.14,1.18,827800
1999/7/5,sh.600061,1.19,1.23,1.16,1.18,702400
1999/7/6,sh.600061,1.19,1.26,1.18,1.23,2201300
1999/7/7,sh.600061,1.24,1.27,1.20,1.27,1053400
1999/7/8,sh.600061,1.27,1.28,1.22,1.23,1160700
1999/7/9,sh.600061,1.24,1.28,1.20,1.25,914100
1999/7/12,sh.600061,1.25,1.27,1.21,1.23,575900
1999/7/13,sh.600061,1.20,1.23,1.17,1.17,708600
1999/7/14,sh.600061,1.17,1.21,1.17,1.20,340100
1999/7/15,sh.600061,1.21,1.25,1.19,1.20,351600
1999/7/16,sh.600061,1.20,1.23,1.19,1.20,378000
1999/7/19,sh.600061,1.19,1.25,1.17,1.25,1161110
1999/7/20,sh.600061,1.25,1.31,1.23,1.31,2308300
1999/7/21,sh.600061,1.32,1.34,1.27,1.31,1654800
1999/7/22,sh.600061,1.31,1.34,1.28,1.29,1473500
1999/7/23,sh.600061,1.32,1.36,1.30,1.34,1543900
1999/7/26,sh.600061,1.35,1.35,1.29,1.31,1089400
1999/7/27,sh.600061,1.30,1.36,1.28,1.31,1556500
1999/7/28,sh.600061,1.33,1.35,1.30,1.30,620400
1999/7/29,sh.600061,1.31,1.32,1.29,1.30,576900
1999/7/30,sh.600061,1.30,1.30,1.28,1.30,636100
1999/8/2,sh.600061,1.29,1.31,1.27,1.29,1170300
1999/8/3,sh.600061,1.30,1.30,1.26,1.27,747800
1999/8/4,sh.600061,1.27,1.31,1.27,1.30,1253000
1999/8/5,sh.600061,1.31,1.31,1.25,1.28,734900
1999/8/6,sh.600061,1.28,1.28,1.26,1.28,784800
1999/8/9,sh.600061,1.27,1.32,1.26,1.31,888300
1999/8/10,sh.600061,1.31,1.37,1.29,1.35,4000500
1999/8/11,sh.600061,1.34,1.37,1.32,1.35,1968600
1999/8/12,sh.600061,1.33,1.35,1.28,1.30,2327400
1999/8/13,sh.600061,1.29,1.29,1.17,1.18,1948800
1999/8/16,sh.600061,1.17,1.17,1.12,1.14,599200
1999/8/17,sh.600061,1.14,1.18,1.14,1.16,331700
1999/8/18,sh.600061,1.16,1.16,1.11,1.16,404800
1999/8/19,sh.600061,1.17,1.23,1.16,1.21,802000
1999/8/20,sh.600061,1.21,1.23,1.19,1.22,638600
1999/8/23,sh.600061,1.21,1.26,1.20,1.26,779800
1999/8/24,sh.600061,1.25,1.26,1.22,1.23,344100
1999/8/25,sh.600061,1.23,1.24,1.22,1.23,318500
1999/8/26,sh.600061,1.22,1.25,1.21,1.25,362600
1999/8/27,sh.600061,1.25,1.26,1.24,1.26,488000
1999/8/30,sh.600061,1.27,1.28,1.25,1.27,644700
1999/8/31,sh.600061,1.27,1.29,1.25,1.28,1274200
1999/9/1,sh.600061,1.27,1.29,1.25,1.26,733000
1999/9/2,sh.600061,1.25,1.28,1.24,1.27,1468700
1999/9/3,sh.600061,1.27,1.27,1.22,1.25,371200
1999/9/6,sh.600061,1.23,1.25,1.20,1.22,420400
1999/9/7,sh.600061,1.22,1.27,1.20,1.22,271400
1999/9/8,sh.600061,1.22,1.23,1.21,1.21,118600
1999/9/9,sh.600061,1.23,1.27,1.23,1.27,830100
1999/9/10,sh.600061,1.28,1.30,1.26,1.27,1122600
1999/9/13,sh.600061,1.27,1.28,1.23,1.24,1771700
1999/9/14,sh.600061,1.26,1.32,1.26,1.31,2466900
1999/9/15,sh.600061,1.31,1.31,1.26,1.29,1054500
1999/9/16,sh.600061,1.29,1.30,1.27,1.28,1034900
1999/9/17,sh.600061,1.28,1.30,1.26,1.30,1524000
1999/9/20,sh.600061,1.30,1.35,1.29,1.33,4308600
1999/9/21,sh.600061,1.33,1.34,1.30,1.31,1022000
1999/9/22,sh.600061,1.31,1.33,1.30,1.32,658900
1999/9/23,sh.600061,1.33,1.34,1.30,1.34,816600
1999/9/24,sh.600061,1.34,1.37,1.34,1.35,1375500
1999/9/27,sh.600061,1.37,1.37,1.31,1.31,654900
1999/9/28,sh.600061,1.31,1.32,1.28,1.32,515600
1999/9/29,sh.600061,1.32,1.34,1.30,1.30,367879
1999/9/30,sh.600061,1.31,1.31,1.28,1.29,483000
1999/10/8,sh.600061,1.27,1.29,1.24,1.26,226800
1999/10/11,sh.600061,1.26,1.28,1.23,1.25,174800
1999/10/12,sh.600061,1.27,1.27,1.24,1.26,98700
1999/10/13,sh.600061,1.26,1.28,1.25,1.27,363900
1999/10/14,sh.600061,1.26,1.27,1.25,1.27,145300
1999/10/15,sh.600061,1.27,1.30,1.25,1.29,511800
1999/10/18,sh.600061,1.30,1.31,1.26,1.28,239800
1999/10/19,sh.600061,1.27,1.28,1.23,1.23,395600
1999/10/20,sh.600061,1.23,1.25,1.21,1.24,290300
1999/10/21,sh.600061,1.23,1.23,1.18,1.19,357200
1999/10/22,sh.600061,1.18,1.22,1.18,1.20,213400
1999/10/25,sh.600061,1.21,1.21,1.19,1.20,159400
1999/10/26,sh.600061,1.20,1.22,1.18,1.22,274800
1999/10/27,sh.600061,1.26,1.26,1.23,1.25,395200
1999/10/28,sh.600061,1.26,1.27,1.16,1.26,340400
1999/10/29,sh.600061,1.26,1.27,1.21,1.27,356800
1999/11/1,sh.600061,1.26,1.29,1.26,1.29,1015700
1999/11/2,sh.600061,1.29,1.29,1.26,1.28,448100
1999/11/3,sh.600061,1.28,1.29,1.21,1.28,309200
1999/11/4,sh.600061,1.27,1.28,1.24,1.27,164500
1999/11/5,sh.600061,1.28,1.29,1.25,1.27,382000
1999/11/8,sh.600061,1.26,1.28,1.24,1.27,122200
1999/11/9,sh.600061,1.25,1.28,1.24,1.27,237700
1999/11/10,sh.600061,1.25,1.28,1.23,1.28,234400
1999/11/11,sh.600061,1.28,1.28,1.25,1.27,153500
1999/11/12,sh.600061,1.26,1.28,1.26,1.28,320500
1999/11/15,sh.600061,1.28,1.35,1.28,1.34,2567200
1999/11/16,sh.600061,1.35,1.38,1.30,1.31,2300300
1999/11/17,sh.600061,1.31,1.33,1.29,1.32,839900
1999/11/18,sh.600061,1.34,1.37,1.30,1.36,1523100
1999/11/19,sh.600061,1.36,1.37,1.34,1.35,1191300
1999/11/22,sh.600061,1.35,1.41,1.34,1.40,2598000
1999/11/23,sh.600061,1.40,1.41,1.38,1.39,1116300
1999/11/24,sh.600061,1.40,1.41,1.34,1.35,910000
1999/11/25,sh.600061,1.33,1.34,1.31,1.32,839400
1999/11/26,sh.600061,1.32,1.35,1.32,1.34,445500
1999/11/29,sh.600061,1.34,1.37,1.34,1.35,592000
1999/11/30,sh.600061,1.35,1.36,1.31,1.31,346000
1999/12/1,sh.600061,1.31,1.33,1.30,1.32,421200
1999/12/2,sh.600061,1.32,1.34,1.32,1.33,409300
1999/12/3,sh.600061,1.33,1.35,1.30,1.34,469400
1999/12/6,sh.600061,1.35,1.35,1.30,1.31,463700
1999/12/7,sh.600061,1.31,1.34,1.29,1.32,450200
1999/12/8,sh.600061,1.32,1.33,1.29,1.30,459300
1999/12/9,sh.600061,1.30,1.30,1.27,1.28,394800
1999/12/10,sh.600061,1.28,1.28,1.25,1.28,425170
1999/12/13,sh.600061,1.28,1.29,1.26,1.28,237600
1999/12/14,sh.600061,1.28,1.28,1.26,1.28,143100
1999/12/15,sh.600061,1.28,1.30,1.26,1.30,525400
1999/12/16,sh.600061,1.30,1.30,1.27,1.29,324500
1999/12/17,sh.600061,1.28,1.29,1.25,1.27,534000
1999/12/21,sh.600061,1.23,1.25,1.21,1.21,422400
1999/12/22,sh.600061,1.22,1.22,1.17,1.20,328500
1999/12/23,sh.600061,1.20,1.20,1.15,1.16,322800
1999/12/24,sh.600061,1.16,1.18,1.13,1.13,241400
1999/12/27,sh.600061,1.12,1.14,1.11,1.13,393000
1999/12/28,sh.600061,1.15,1.15,1.11,1.12,278700
1999/12/29,sh.600061,1.12,1.14,1.05,1.10,1010800
1999/12/30,sh.600061,1.09,1.11,1.09,1.11,235000
2000/1/4,sh.600061,1.11,1.15,1.10,1.14,398100
2000/1/5,sh.600061,1.14,1.19,1.12,1.16,801000
2000/1/6,sh.600061,1.16,1.19,1.13,1.19,545000
2000/1/7,sh.600061,1.19,1.22,1.17,1.22,1070400
2000/1/10,sh.600061,1.23,1.30,1.22,1.27,1580600
2000/1/11,sh.600061,1.27,1.27,1.18,1.21,641800
2000/1/12,sh.600061,1.19,1.21,1.14,1.14,514700
2000/1/13,sh.600061,1.13,1.16,1.13,1.14,301800
2000/1/14,sh.600061,1.14,1.14,1.11,1.11,251000
2000/1/17,sh.600061,1.11,1.14,1.10,1.13,241600
2000/1/18,sh.600061,1.14,1.14,1.11,1.14,187400
2000/1/19,sh.600061,1.14,1.14,1.11,1.12,266000
2000/1/20,sh.600061,1.12,1.17,1.11,1.17,1097800
2000/1/21,sh.600061,1.18,1.18,1.14,1.15,785900
2000/1/24,sh.600061,1.15,1.18,1.12,1.18,945000
2000/1/25,sh.600061,1.18,1.25,1.18,1.21,1674500
2000/1/26,sh.600061,1.21,1.22,1.19,1.21,587600
2000/1/27,sh.600061,1.22,1.24,1.19,1.22,1199300
2000/1/28,sh.600061,1.22,1.24,1.19,1.21,819800
2000/2/14,sh.600061,1.23,1.33,1.23,1.32,2427900
2000/2/15,sh.600061,1.33,1.40,1.29,1.32,3404600
2000/2/16,sh.600061,1.30,1.45,1.29,1.45,4401700
2000/2/17,sh.600061,1.59,1.60,1.37,1.42,5747400
2000/2/18,sh.600061,1.45,1.53,1.41,1.51,3513000
2000/2/21,sh.600061,1.54,1.56,1.46,1.51,2405300
2000/2/22,sh.600061,1.52,1.52,1.39,1.40,2622800
2000/2/23,sh.600061,1.38,1.40,1.30,1.35,2292100
2000/2/24,sh.600061,1.33,1.38,1.33,1.35,1224000
2000/2/25,sh.600061,1.36,1.40,1.34,1.34,1154200
2000/2/28,sh.600061,1.34,1.45,1.34,1.42,1515400
2000/2/29,sh.600061,1.44,1.48,1.39,1.48,2245700
2000/3/1,sh.600061,1.48,1.54,1.43,1.45,1816800
2000/3/2,sh.600061,1.45,1.50,1.44,1.44,1520400
2000/3/3,sh.600061,1.48,1.52,1.46,1.50,1677400
2000/3/6,sh.600061,1.54,1.59,1.48,1.49,3436100
2000/3/7,sh.600061,1.45,1.49,1.45,1.46,973500
2000/3/8,sh.600061,1.47,1.56,1.46,1.54,1880600
2000/3/9,sh.600061,1.56,1.57,1.51,1.53,1273900
2000/3/10,sh.600061,1.54,1.55,1.51,1.54,1219600
2000/3/13,sh.600061,1.55,1.61,1.52,1.61,4235600
2000/3/14,sh.600061,1.55,1.63,1.50,1.53,2901400
2000/3/15,sh.600061,1.54,1.56,1.46,1.51,1705000
2000/3/16,sh.600061,1.50,1.50,1.42,1.42,1284700
2000/3/17,sh.600061,1.41,1.49,1.41,1.46,993200
2000/3/20,sh.600061,1.47,1.51,1.45,1.50,737800
2000/3/21,sh.600061,1.53,1.61,1.51,1.60,2832800
2000/3/22,sh.600061,1.61,1.62,1.56,1.60,1359300
2000/3/23,sh.600061,1.60,1.70,1.59,1.67,3447700
2000/3/24,sh.600061,1.67,1.71,1.64,1.66,2381500
2000/3/27,sh.600061,1.69,1.82,1.68,1.74,2900100
2000/3/28,sh.600061,1.76,1.78,1.70,1.76,1639000
2000/3/29,sh.600061,1.78,1.78,1.69,1.72,1800900
2000/3/30,sh.600061,1.72,1.78,1.69,1.72,1478700
2000/3/31,sh.600061,1.71,1.77,1.68,1.75,1871000
2000/4/3,sh.600061,1.72,1.77,1.70,1.71,1148500
2000/4/4,sh.600061,1.70,1.70,1.65,1.65,1557800
2000/4/5,sh.600061,1.65,1.67,1.62,1.63,1095600
2000/4/6,sh.600061,1.64,1.70,1.64,1.68,572000
2000/4/7,sh.600061,1.70,1.71,1.67,1.69,767600
2000/4/10,sh.600061,1.69,1.69,1.69,1.69,INVALID
2000/4/11,sh.600061,1.68,1.72,1.68,1.69,456500
2000/4/12,sh.600061,1.69,1.75,1.69,1.72,870900
2000/4/13,sh.600061,1.73,1.77,1.72,1.76,982800
2000/4/14,sh.600061,1.76,1.78,1.71,1.72,714400
2000/4/17,sh.600061,1.71,1.71,1.66,1.70,1209200
2000/4/18,sh.600061,1.68,1.72,1.67,1.68,518300
2000/4/19,sh.600061,1.70,1.72,1.68,1.68,437300
2000/4/20,sh.600061,1.71,1.74,1.68,1.70,1020900
2000/4/21,sh.600061,1.72,1.79,1.72,1.74,1448000
2000/4/24,sh.600061,1.75,1.77,1.72,1.73,624000
2000/4/25,sh.600061,1.73,1.79,1.73,1.78,929700
2000/4/26,sh.600061,1.79,1.87,1.79,1.80,1708600
2000/4/27,sh.600061,1.80,1.85,1.79,1.80,1340500
2000/4/28,sh.600061,1.80,1.83,1.76,1.79,898600
2000/5/8,sh.600061,1.79,1.83,1.77,1.82,525400
2000/5/9,sh.600061,1.74,1.82,1.74,1.75,712600
2000/5/10,sh.600061,1.74,1.75,1.69,1.69,1058200
2000/5/11,sh.600061,1.68,1.69,1.64,1.65,601800
2000/5/12,sh.600061,1.65,1.70,1.65,1.70,797200
2000/5/15,sh.600061,1.70,1.74,1.69,1.71,418400
2000/5/16,sh.600061,1.71,1.74,1.71,1.73,408100
2000/5/17,sh.600061,1.73,1.75,1.71,1.71,508300
2000/5/18,sh.600061,1.71,1.78,1.70,1.76,728100
2000/5/19,sh.600061,1.78,1.87,1.78,1.83,1535200
2000/5/22,sh.600061,1.87,1.97,1.86,1.94,2456200
2000/5/23,sh.600061,1.97,1.97,1.88,1.93,1451100
2000/5/24,sh.600061,1.94,1.94,1.89,1.91,986200
2000/5/25,sh.600061,1.93,1.94,1.87,1.90,1014700
2000/5/26,sh.600061,1.92,1.95,1.85,1.92,1447600
2000/5/29,sh.600061,1.93,1.99,1.88,1.89,1166200
2000/5/30,sh.600061,1.89,1.93,1.89,1.91,623000
2000/5/31,sh.600061,1.91,1.99,1.90,1.95,1372000
2000/6/1,sh.600061,1.97,1.98,1.93,1.94,1058300
2000/6/2,sh.600061,1.97,2.01,1.93,1.93,609100
2000/6/5,sh.600061,1.95,1.97,1.88,1.90,848800
2000/6/6,sh.600061,1.89,1.91,1.88,1.91,513500
2000/6/7,sh.600061,1.91,1.92,1.89,1.89,501800
2000/6/8,sh.600061,1.90,1.96,1.86,1.95,549100
2000/6/9,sh.600061,1.94,1.96,1.88,1.93,318100
2000/6/12,sh.600061,1.91,1.91,1.86,1.90,244400
2000/6/13,sh.600061,1.91,1.93,1.87,1.91,382500
2000/6/14,sh.600061,1.91,1.94,1.90,1.91,366600
2000/6/15,sh.600061,1.91,1.92,1.88,1.92,280700
2000/6/16,sh.600061,1.92,1.94,1.90,1.92,614700
2000/6/19,sh.600061,1.90,1.93,1.90,1.91,361100
2000/6/20,sh.600061,1.91,1.93,1.89,1.90,343600
2000/6/21,sh.600061,1.91,1.98,1.89,1.93,141700
2000/6/22,sh.600061,1.96,1.96,1.91,1.94,168300
2000/6/23,sh.600061,1.94,2.05,1.94,2.04,2080900
2000/6/26,sh.600061,2.09,2.09,2.02,2.05,1069500
2000/6/27,sh.600061,2.05,2.07,2.03,2.04,585000
2000/6/28,sh.600061,2.04,2.06,2.00,2.00,532800
2000/6/29,sh.600061,2.02,2.04,1.95,1.97,668800
2000/6/30,sh.600061,1.98,1.98,1.95,1.95,464100
2000/7/3,sh.600061,1.96,1.97,1.86,1.86,503400
2000/7/4,sh.600061,1.86,1.91,1.86,1.90,407700
2000/7/5,sh.600061,1.91,2.08,1.88,1.91,806800
2000/7/6,sh.600061,1.96,2.00,1.93,1.98,510300
2000/7/7,sh.600061,1.98,1.99,1.96,1.99,352600
2000/7/10,sh.600061,1.99,2.00,1.92,1.96,495400
2000/7/11,sh.600061,1.95,1.95,1.91,1.92,519000
2000/7/12,sh.600061,1.93,1.96,1.92,1.93,439900
2000/7/13,sh.600061,1.93,2.08,1.91,1.94,908100
2000/7/14,sh.600061,1.94,1.96,1.92,1.93,339400
2000/7/17,sh.600061,1.93,1.94,1.88,1.90,739500
2000/7/18,sh.600061,1.90,1.93,1.89,1.92,470300
2000/7/19,sh.600061,1.93,1.94,1.89,1.90,424800
2000/7/20,sh.600061,1.90,1.93,1.86,1.90,846700
2000/7/21,sh.600061,1.93,1.93,1.87,1.88,368300
2000/7/24,sh.600061,1.91,1.92,1.87,1.87,565400
2000/7/25,sh.600061,1.86,1.90,1.86,1.87,357000
2000/7/26,sh.600061,1.87,1.87,1.87,1.87,INVALID
2000/7/27,sh.600061,1.86,1.89,1.85,1.85,476200
2000/7/28,sh.600061,1.85,1.87,1.82,1.83,857100
2000/7/31,sh.600061,1.81,1.85,1.79,1.83,749600
2000/8/1,sh.600061,1.84,1.86,1.81,1.85,406500
2000/8/2,sh.600061,1.85,1.86,1.83,1.84,498900
2000/8/3,sh.600061,1.83,1.85,1.83,1.84,252000
2000/8/4,sh.600061,1.85,1.85,1.81,1.81,553000
2000/8/7,sh.600061,1.81,1.82,1.79,1.82,336000
2000/8/8,sh.600061,1.81,1.83,1.80,1.81,485500
2000/8/9,sh.600061,1.81,1.88,1.81,1.86,308100
2000/8/10,sh.600061,1.86,1.89,1.86,1.88,457000
2000/8/11,sh.600061,1.89,1.89,1.86,1.87,419800
2000/8/14,sh.600061,1.88,1.88,1.87,1.88,197100
2000/8/15,sh.600061,1.88,1.89,1.87,1.88,210900
2000/8/16,sh.600061,1.88,1.88,1.85,1.86,366400
2000/8/17,sh.600061,1.86,1.89,1.85,1.85,542300
2000/8/18,sh.600061,1.86,1.87,1.84,1.86,326600
2000/8/21,sh.600061,1.86,1.91,1.86,1.90,349100
2000/8/22,sh.600061,1.91,1.93,1.90,1.90,502600
2000/8/23,sh.600061,1.88,1.90,1.83,1.87,535900
2000/8/24,sh.600061,1.88,1.95,1.88,1.95,1118400
2000/8/25,sh.600061,1.96,1.96,1.93,1.96,511400
2000/8/28,sh.600061,1.96,2.06,1.95,2.04,1895400
2000/8/29,sh.600061,2.04,2.09,2.03,2.04,1783900
2000/8/30,sh.600061,2.04,2.06,1.99,2.02,851700
2000/8/31,sh.600061,2.01,2.02,1.96,1.96,966200
2000/9/1,sh.600061,1.92,1.97,1.91,1.91,484500
2000/9/4,sh.600061,1.92,1.98,1.92,1.98,292800
2000/9/5,sh.600061,1.98,1.99,1.92,1.92,408700
2000/9/6,sh.600061,1.94,1.98,1.92,1.94,821660
2000/9/7,sh.600061,1.96,2.01,1.94,1.94,1593200
2000/9/8,sh.600061,2.00,2.04,1.97,2.01,952400
2000/9/11,sh.600061,2.01,2.13,1.99,2.11,1081500
2000/9/12,sh.600061,2.12,2.13,2.06,2.07,534700
2000/9/13,sh.600061,2.10,2.11,2.06,2.07,374100
2000/9/14,sh.600061,2.10,2.11,2.07,2.08,370000
2000/9/15,sh.600061,2.10,2.10,2.07,2.08,232800
2000/9/18,sh.600061,2.09,2.10,2.07,2.08,229800
2000/9/19,sh.600061,2.06,2.08,2.02,2.03,333000
2000/9/20,sh.600061,2.02,2.07,2.01,2.01,261100
2000/9/21,sh.600061,2.05,2.05,2.00,2.02,277600
2000/9/22,sh.600061,2.02,2.05,2.01,2.01,375300
2000/9/25,sh.600061,2.05,2.05,2.01,2.05,116100
2000/9/26,sh.600061,2.04,2.06,2.03,2.05,67900
2000/9/27,sh.600061,2.06,2.07,2.04,2.06,113400
2000/9/28,sh.600061,2.06,2.07,1.99,2.01,227500
2000/9/29,sh.600061,2.01,2.04,2.01,2.02,239200
2000/10/9,sh.600061,2.03,2.03,1.98,2.01,126900
2000/10/10,sh.600061,2.01,2.05,2.00,2.04,179300
2000/10/11,sh.600061,2.06,2.10,2.04,2.04,386900
2000/10/12,sh.600061,2.08,2.08,2.03,2.05,238200
2000/10/13,sh.600061,2.07,2.09,2.04,2.04,282200
2000/10/16,sh.600061,2.08,2.11,2.04,2.07,647200
2000/10/17,sh.600061,2.09,2.10,2.07,2.10,325400
2000/10/18,sh.600061,2.09,2.17,2.07,2.14,2280100
2000/10/19,sh.600061,2.15,2.16,2.10,2.11,572900
2000/10/20,sh.600061,2.11,2.15,2.11,2.15,467100
2000/10/23,sh.600061,2.17,2.17,2.14,2.15,441400
2000/10/24,sh.600061,2.15,2.15,2.12,2.12,351100
2000/10/25,sh.600061,2.12,2.19,2.11,2.16,604900
2000/10/26,sh.600061,2.16,2.22,2.16,2.16,497900
2000/10/27,sh.600061,2.17,2.24,2.17,2.22,665800
2000/10/30,sh.600061,2.24,2.35,2.22,2.35,1439700
2000/10/31,sh.600061,2.35,2.36,2.32,2.33,796200
2000/11/1,sh.600061,2.33,2.47,2.31,2.47,1441800
2000/11/2,sh.600061,2.47,2.56,2.38,2.42,2029400
2000/11/3,sh.600061,2.39,2.49,2.39,2.44,781400
2000/11/6,sh.600061,2.45,2.49,2.41,2.47,623200
2000/11/7,sh.600061,2.49,2.50,2.45,2.47,288200
2000/11/8,sh.600061,2.48,2.49,2.43,2.48,572100
2000/11/9,sh.600061,2.48,2.52,2.47,2.50,461400
2000/11/10,sh.600061,2.51,2.52,2.47,2.48,472000
2000/11/13,sh.600061,2.49,2.50,2.46,2.47,468200
2000/11/14,sh.600061,2.47,2.58,2.46,2.54,564700
2000/11/15,sh.600061,2.54,2.67,2.53,2.64,953600
2000/11/16,sh.600061,2.64,2.75,2.63,2.75,845000
2000/11/17,sh.600061,2.76,2.76,2.72,2.74,648300
2000/11/20,sh.600061,2.72,2.74,2.68,2.74,477374
2000/11/21,sh.600061,2.74,2.84,2.72,2.82,872069
2000/11/22,sh.600061,2.81,2.83,2.75,2.82,491254
2000/11/23,sh.600061,2.84,2.86,2.77,2.82,570933
2000/11/24,sh.600061,2.82,2.82,2.67,2.76,533047
2000/11/27,sh.600061,2.67,2.73,2.67,2.73,400811
2000/11/28,sh.600061,2.75,2.77,2.70,2.73,219928
2000/11/29,sh.600061,2.73,2.73,2.65,2.67,213119
2000/11/30,sh.600061,2.65,2.65,2.59,2.63,510647
2000/12/1,sh.600061,2.64,2.72,2.64,2.70,217367
2000/12/4,sh.600061,2.70,2.72,2.66,2.67,164640
2000/12/5,sh.600061,2.70,2.78,2.68,2.77,231061
2000/12/6,sh.600061,2.79,2.79,2.70,2.71,190600
2000/12/7,sh.600061,2.71,2.77,2.70,2.72,144904
2000/12/8,sh.600061,2.72,2.76,2.71,2.75,93132
2000/12/11,sh.600061,2.76,2.76,2.67,2.70,119510
2000/12/12,sh.600061,2.68,2.70,2.67,2.69,92640
2000/12/13,sh.600061,2.70,2.71,2.69,2.69,94508
2000/12/14,sh.600061,2.70,2.75,2.70,2.74,92820
2000/12/15,sh.600061,2.74,2.75,2.72,2.75,183301
2000/12/18,sh.600061,2.77,2.82,2.71,2.82,515945
2000/12/19,sh.600061,2.79,2.98,2.79,2.96,1184783
2000/12/20,sh.600061,2.96,3.00,2.93,2.99,936771
2000/12/21,sh.600061,3.00,3.01,2.93,2.94,270016
2000/12/22,sh.600061,2.94,2.99,2.93,2.99,387986
2000/12/25,sh.600061,2.99,3.02,2.91,2.98,393641
2000/12/26,sh.600061,2.93,3.00,2.91,2.96,266598
2000/12/27,sh.600061,2.93,2.96,2.88,2.90,169418
2000/12/28,sh.600061,2.88,2.89,2.77,2.81,534806
2000/12/29,sh.600061,2.81,2.89,2.71,2.88,697570
2001/1/2,sh.600061,2.86,2.96,2.84,2.96,556607
2001/1/3,sh.600061,2.96,2.99,2.93,2.98,1003380
2001/1/4,sh.600061,2.95,3.03,2.69,3.03,1299934
2001/1/5,sh.600061,3.03,3.07,3.03,3.07,443168
2001/1/8,sh.600061,3.07,3.11,2.96,3.03,399108
2001/1/9,sh.600061,3.03,3.03,2.93,3.00,202707
2001/1/10,sh.600061,3.00,3.03,2.96,3.00,163802
2001/1/11,sh.600061,3.00,3.01,2.90,2.92,345934
2001/1/12,sh.600061,2.89,2.93,2.80,2.89,289130
2001/1/15,sh.600061,2.87,2.89,2.80,2.82,417990
2001/1/16,sh.600061,2.80,2.86,2.79,2.86,355540
2001/1/17,sh.600061,2.86,2.86,2.81,2.84,138061
2001/1/18,sh.600061,2.84,2.86,2.82,2.85,221439
2001/1/19,sh.600061,2.84,2.93,2.84,2.93,207885
2001/2/5,sh.600061,2.99,3.13,2.99,3.07,1338941
2001/2/6,sh.600061,3.10,3.14,2.84,3.14,997648
2001/2/7,sh.600061,3.17,3.17,3.09,3.10,313720
2001/2/8,sh.600061,3.10,3.11,2.93,2.99,473370
2001/2/9,sh.600061,2.97,3.06,2.94,3.05,239826
2001/2/12,sh.600061,3.06,3.07,3.00,3.05,211478
2001/2/13,sh.600061,3.05,3.06,2.99,3.06,318646
2001/2/14,sh.600061,3.06,3.10,3.04,3.10,410087
2001/2/15,sh.600061,3.08,3.08,3.06,3.07,138040
2001/2/16,sh.600061,3.06,3.12,2.92,3.12,837110
2001/2/19,sh.600061,3.11,3.19,3.07,3.18,1052563
2001/2/20,sh.600061,3.10,3.31,3.10,3.21,1128596
2001/2/21,sh.600061,3.20,3.20,3.10,3.14,242042
2001/2/22,sh.600061,3.14,3.24,3.14,3.19,355664
2001/2/23,sh.600061,3.18,3.20,3.16,3.19,346234
2001/2/26,sh.600061,3.21,3.23,3.20,3.23,404379
2001/2/27,sh.600061,3.23,3.33,3.13,3.32,723703
2001/2/28,sh.600061,3.33,3.38,3.31,3.38,666097
2001/3/1,sh.600061,3.38,3.39,3.33,3.34,366220
2001/3/2,sh.600061,3.33,3.35,3.30,3.35,437487
2001/3/5,sh.600061,3.37,3.39,3.33,3.37,309456
2001/3/6,sh.600061,3.36,3.38,3.32,3.37,282150
2001/3/7,sh.600061,3.35,3.35,3.31,3.35,140081
2001/3/8,sh.600061,3.35,3.35,3.31,3.31,155550
2001/3/9,sh.600061,3.31,3.37,3.29,3.35,465906
2001/3/12,sh.600061,3.37,3.40,3.33,3.35,278550
2001/3/13,sh.600061,3.35,3.35,3.28,3.30,145933
2001/3/14,sh.600061,3.30,3.32,3.28,3.31,186756
2001/3/15,sh.600061,3.31,3.35,3.29,3.35,139090
2001/3/16,sh.600061,3.31,3.34,3.30,3.34,113560
2001/3/19,sh.600061,3.34,3.58,3.33,3.58,2131175
2001/3/20,sh.600061,3.54,3.62,3.49,3.61,1253975
2001/3/21,sh.600061,3.60,3.63,3.55,3.58,263593
2001/3/22,sh.600061,3.58,3.58,3.58,3.58,INVALID
2001/3/23,sh.600061,3.62,3.62,3.48,3.54,399760
2001/3/26,sh.600061,3.54,3.55,3.49,3.53,101660
2001/3/27,sh.600061,3.53,3.60,3.50,3.54,257232
2001/3/28,sh.600061,3.56,3.56,3.51,3.56,241400
2001/3/29,sh.600061,3.58,3.58,3.52,3.57,204252
2001/3/30,sh.600061,3.57,3.58,3.54,3.58,244915
2001/4/2,sh.600061,3.59,3.59,3.52,3.58,181570
2001/4/3,sh.600061,3.58,3.58,3.53,3.57,134400
2001/4/4,sh.600061,3.57,3.57,3.52,3.56,88800
2001/4/5,sh.600061,3.56,3.58,3.51,3.58,173400
2001/4/6,sh.600061,3.57,3.63,3.54,3.63,537336
2001/4/9,sh.600061,3.62,3.67,3.62,3.67,948909
2001/4/10,sh.600061,3.65,3.69,3.62,3.66,388617
2001/4/11,sh.600061,3.66,3.67,3.56,3.63,493107
2001/4/12,sh.600061,3.63,3.66,3.59,3.65,885766
2001/4/13,sh.600061,3.70,3.74,3.58,3.68,2308780
2001/4/16,sh.600061,3.68,3.70,3.58,3.68,1308891
2001/4/17,sh.600061,3.64,3.74,3.64,3.68,1122854
2001/4/18,sh.600061,3.64,3.68,3.59,3.64,744974
2001/4/19,sh.600061,3.64,3.67,3.58,3.66,485875
2001/4/20,sh.600061,3.65,3.67,3.58,3.60,373364
2001/4/23,sh.600061,3.58,3.63,3.53,3.63,497435
2001/4/24,sh.600061,3.58,3.68,3.58,3.63,569034
2001/4/25,sh.600061,3.60,3.65,3.53,3.59,524380
2001/4/26,sh.600061,3.57,3.59,3.53,3.57,278610
2001/4/27,sh.600061,3.56,3.61,3.54,3.57,189699
2001/4/30,sh.600061,3.57,3.61,3.56,3.59,305540
2001/5/8,sh.600061,3.58,3.64,3.55,3.60,402600
2001/5/9,sh.600061,3.63,3.63,3.52,3.58,445915
2001/5/10,sh.600061,3.56,3.60,3.50,3.56,396620
2001/5/11,sh.600061,3.55,3.55,3.49,3.50,309192
2001/5/14,sh.600061,3.50,3.51,3.43,3.44,702340
2001/5/15,sh.600061,3.44,3.63,3.37,3.60,1397018
2001/5/16,sh.600061,3.59,3.65,3.56,3.63,1482747
2001/5/17,sh.600061,3.63,3.70,3.61,3.65,1700862
2001/5/18,sh.600061,3.64,3.65,3.56,3.63,769658
2001/5/21,sh.600061,3.64,3.66,3.55,3.62,1200101
2001/5/22,sh.600061,3.61,3.61,3.50,3.56,612703
2001/5/23,sh.600061,3.55,3.55,3.44,3.51,540953
2001/5/24,sh.600061,3.50,3.55,3.49,3.50,276850
2001/5/25,sh.600061,3.49,3.56,3.49,3.51,330175
2001/5/28,sh.600061,3.54,3.55,3.42,3.50,276900
2001/5/29,sh.600061,3.53,3.53,3.47,3.49,155620
2001/5/30,sh.600061,3.51,3.62,3.51,3.60,1193164
2001/5/31,sh.600061,3.63,3.64,3.53,3.58,641000
2001/6/1,sh.600061,3.58,3.62,3.53,3.58,485920
2001/6/4,sh.600061,3.58,3.61,3.51,3.53,402220
2001/6/5,sh.600061,3.57,3.58,3.49,3.50,368630
2001/6/6,sh.600061,3.51,3.53,3.47,3.50,371600
2001/6/7,sh.600061,3.50,3.52,3.47,3.51,377812
2001/6/8,sh.600061,3.51,3.61,3.47,3.51,711690
2001/6/11,sh.600061,3.52,3.53,3.46,3.50,403043
2001/6/12,sh.600061,3.48,3.49,3.42,3.49,539730
2001/6/13,sh.600061,3.48,3.48,3.42,3.46,567182
2001/6/14,sh.600061,3.46,3.49,3.41,3.44,538516
2001/6/15,sh.600061,3.43,3.47,3.40,3.43,443700
2001/6/18,sh.600061,3.43,3.46,3.37,3.40,341865
2001/6/19,sh.600061,3.39,3.42,3.39,3.40,275420
2001/6/20,sh.600061,3.40,3.47,3.40,3.42,393643
2001/6/21,sh.600061,3.42,3.47,3.42,3.44,278300
2001/6/22,sh.600061,3.43,3.46,3.42,3.46,538969
2001/6/25,sh.600061,3.45,3.56,3.43,3.54,728458
2001/6/26,sh.600061,3.54,3.71,3.54,3.71,5064402
2001/6/27,sh.600061,3.72,3.81,3.71,3.75,5265033
2001/6/28,sh.600061,3.75,3.77,3.64,3.69,1979540
2001/6/29,sh.600061,3.68,3.72,3.64,3.67,1629298
2001/7/2,sh.600061,3.65,3.68,3.54,3.58,614480
2001/7/3,sh.600061,3.58,3.58,3.55,3.56,497566
2001/7/4,sh.600061,3.55,3.63,3.49,3.60,917700
2001/7/5,sh.600061,3.58,3.63,3.54,3.62,1625090
2001/7/6,sh.600061,3.61,3.64,3.59,3.60,1608570
2001/7/9,sh.600061,3.58,3.69,3.58,3.69,2587961
2001/7/10,sh.600061,3.67,3.77,3.64,3.74,2433240
2001/7/11,sh.600061,3.74,3.75,3.66,3.67,767500
2001/7/12,sh.600061,3.66,3.66,3.59,3.61,272800
2001/7/13,sh.600061,3.62,3.66,3.61,3.65,1132838
2001/7/16,sh.600061,3.50,3.75,3.50,3.69,1875983
2001/7/17,sh.600061,3.68,3.72,3.62,3.69,420340
2001/7/18,sh.600061,3.71,3.73,3.67,3.69,232700
2001/7/19,sh.600061,3.70,3.72,3.67,3.70,517751
2001/7/20,sh.600061,3.71,3.75,3.70,3.74,1372394
2001/7/23,sh.600061,3.75,3.77,3.70,3.72,782080
2001/7/24,sh.600061,3.72,3.72,3.61,3.67,1037122
2001/7/25,sh.600061,3.64,3.67,3.57,3.60,498644
2001/7/26,sh.600061,3.58,3.64,3.51,3.54,428160
2001/7/27,sh.600061,3.56,3.63,3.54,3.57,292700
2001/7/30,sh.600061,3.57,3.57,3.33,3.35,818600
2001/7/31,sh.600061,3.36,3.43,3.30,3.33,443472
2001/8/1,sh.600061,3.38,3.44,3.33,3.44,467254
2001/8/2,sh.600061,3.44,3.44,3.33,3.41,275840
2001/8/3,sh.600061,3.41,3.44,3.38,3.44,138100
2001/8/6,sh.600061,3.44,3.44,3.25,3.35,383680
2001/8/7,sh.600061,3.33,3.40,3.30,3.37,288600
2001/8/8,sh.600061,3.36,3.40,3.30,3.37,300750
2001/8/9,sh.600061,3.37,3.43,3.33,3.43,373800
2001/8/10,sh.600061,3.41,3.53,3.41,3.47,1083900
2001/8/13,sh.600061,3.44,3.51,3.43,3.48,529500
2001/8/14,sh.600061,3.44,3.59,3.44,3.54,1239701
2001/8/15,sh.600061,3.51,3.56,3.50,3.54,303900
2001/8/16,sh.600061,3.54,3.54,3.54,3.54,INVALID
2001/8/17,sh.600061,3.54,3.54,3.54,3.54,INVALID
2001/8/20,sh.600061,3.52,3.52,3.42,3.47,474696
2001/8/21,sh.600061,3.44,3.47,3.39,3.41,306220
2001/8/22,sh.600061,3.41,3.42,3.33,3.35,287238
2001/8/23,sh.600061,3.33,3.40,3.25,3.36,150500
2001/8/24,sh.600061,3.36,3.42,3.33,3.36,139900
2001/8/27,sh.600061,3.36,3.37,3.26,3.29,244140
2001/8/28,sh.600061,3.28,3.32,3.25,3.32,128210
2001/8/29,sh.600061,3.30,3.35,3.30,3.33,98520
2001/8/30,sh.600061,3.32,3.36,3.25,3.36,221390
2001/8/31,sh.600061,3.32,3.39,3.32,3.38,220220
2001/9/3,sh.600061,3.36,3.40,3.28,3.35,114300
2001/9/4,sh.600061,3.33,3.38,3.26,3.38,209100
2001/9/5,sh.600061,3.37,3.45,3.37,3.39,300100
2001/9/6,sh.600061,3.37,3.46,3.37,3.44,676686
2001/9/7,sh.600061,3.43,3.45,3.33,3.36,104781
2001/9/10,sh.600061,3.35,3.48,3.32,3.46,455612
2001/9/11,sh.600061,3.47,3.51,3.39,3.47,420400
2001/9/12,sh.600061,3.42,3.43,3.33,3.41,504066
2001/9/13,sh.600061,3.42,3.42,3.35,3.37,68900
2001/9/14,sh.600061,3.37,3.46,3.33,3.36,212494
2001/9/17,sh.600061,3.36,3.37,3.28,3.30,113700
2001/9/18,sh.600061,3.30,3.39,3.28,3.33,174550
2001/9/19,sh.600061,3.32,3.33,3.28,3.31,81850
2001/9/20,sh.600061,3.31,3.33,3.28,3.32,103820
2001/9/21,sh.600061,3.32,3.32,3.27,3.27,51300
2001/9/24,sh.600061,3.29,3.30,3.25,3.28,93000
2001/9/25,sh.600061,3.28,3.30,3.25,3.28,72728
2001/9/26,sh.600061,3.28,3.29,3.22,3.25,185400
2001/9/27,sh.600061,3.25,3.25,3.20,3.25,426859
2001/9/28,sh.600061,3.24,3.26,3.22,3.25,269990
2001/10/8,sh.600061,3.33,3.33,3.15,3.19,56700
2001/10/9,sh.600061,3.19,3.19,3.08,3.14,329096
2001/10/10,sh.600061,3.14,3.14,3.00,3.02,542660
2001/10/11,sh.600061,3.02,3.05,2.79,3.04,973196
2001/10/12,sh.600061,3.01,3.16,2.92,3.16,469520
2001/10/15,sh.600061,3.14,3.18,3.08,3.10,166700
2001/10/16,sh.600061,3.10,3.11,3.04,3.08,94630
2001/10/17,sh.600061,3.08,3.09,3.04,3.04,33108
2001/10/18,sh.600061,3.04,3.08,2.98,3.05,103486
2001/10/19,sh.600061,3.05,3.05,2.91,2.97,142500
2001/10/22,sh.600061,2.97,2.97,2.85,2.88,63600
2001/10/23,sh.600061,2.99,3.16,2.99,3.16,2502889
2001/10/24,sh.600061,3.18,3.26,3.04,3.21,2572725
2001/10/25,sh.600061,3.22,3.22,3.04,3.05,286780
2001/10/26,sh.600061,2.94,3.05,2.94,3.03,173801
2001/10/29,sh.600061,3.03,3.05,2.97,3.00,161850
2001/10/30,sh.600061,3.00,3.02,2.94,3.00,106000
2001/10/31,sh.600061,3.00,3.11,3.00,3.11,1052837
2001/11/1,sh.600061,3.11,3.18,3.08,3.13,797114
2001/11/2,sh.600061,3.14,3.15,3.08,3.15,404584
2001/11/5,sh.600061,3.15,3.15,3.10,3.12,216046
2001/11/6,sh.600061,3.12,3.14,3.06,3.10,126520
2001/11/7,sh.600061,3.10,3.12,2.91,2.95,186000
2001/11/8,sh.600061,2.95,2.95,2.86,2.93,107937
2001/11/9,sh.600061,2.93,2.93,2.85,2.92,161354
2001/11/12,sh.600061,2.94,2.95,2.82,2.85,252590
2001/11/13,sh.600061,2.87,2.87,2.56,2.57,1063528
2001/11/14,sh.600061,2.49,2.56,2.32,2.45,1460930
2001/11/15,sh.600061,2.39,2.45,2.35,2.44,654715
2001/11/16,sh.600061,2.49,2.67,2.40,2.41,637987
2001/11/19,sh.600061,2.39,2.49,2.37,2.48,373055
2001/11/20,sh.600061,2.48,2.57,2.48,2.57,490542
2001/11/21,sh.600061,2.58,2.60,2.55,2.60,464281
2001/11/22,sh.600061,2.60,2.71,2.59,2.71,535740
2001/11/23,sh.600061,2.71,2.74,2.66,2.67,488000
2001/11/26,sh.600061,2.68,2.68,2.61,2.63,388103
2001/11/27,sh.600061,2.62,2.65,2.58,2.62,491506
2001/11/28,sh.600061,2.62,2.79,2.62,2.78,688097
2001/11/29,sh.600061,2.79,2.83,2.76,2.78,683361
2001/11/30,sh.600061,2.79,2.84,2.74,2.81,341680
2001/12/3,sh.600061,2.82,2.86,2.75,2.78,801090
2001/12/4,sh.600061,2.79,2.95,2.77,2.92,1535958
2001/12/5,sh.600061,2.93,2.96,2.90,2.95,1633048
2001/12/6,sh.600061,2.94,2.96,2.86,2.89,1115919
2001/12/7,sh.600061,2.91,2.92,2.82,2.85,1316300
2001/12/10,sh.600061,2.83,3.07,2.81,3.05,3355041
2001/12/11,sh.600061,3.07,3.11,2.98,3.00,2463642
2001/12/12,sh.600061,3.00,3.09,2.91,2.92,1940566
2001/12/13,sh.600061,2.83,2.88,2.71,2.74,3220638
2001/12/14,sh.600061,2.66,2.69,2.57,2.57,2787801
2001/12/17,sh.600061,2.56,2.62,2.55,2.59,1406669
2001/12/18,sh.600061,2.58,2.65,2.56,2.61,2818040
2001/12/19,sh.600061,2.63,2.63,2.56,2.57,466700
2001/12/20,sh.600061,2.56,2.56,2.44,2.48,503884
2001/12/21,sh.600061,2.52,2.52,2.49,2.52,241521
2001/12/24,sh.600061,2.52,2.53,2.49,2.51,207206
2001/12/25,sh.600061,2.46,2.54,2.46,2.51,483494
2001/12/26,sh.600061,2.51,2.51,2.47,2.48,130018
2001/12/27,sh.600061,2.51,2.51,2.47,2.48,255760
2001/12/28,sh.600061,2.47,2.48,2.44,2.46,224700
2001/12/31,sh.600061,2.46,2.52,2.43,2.52,345788
2002/1/4,sh.600061,2.51,2.51,2.49,2.49,64700
2002/1/7,sh.600061,2.46,2.46,2.44,2.45,122320
2002/1/8,sh.600061,2.41,2.48,2.41,2.45,72700
2002/1/9,sh.600061,2.44,2.44,2.37,2.37,228400
2002/1/10,sh.600061,2.35,2.36,2.27,2.34,330800
2002/1/11,sh.600061,2.34,2.34,2.27,2.27,132500
2002/1/14,sh.600061,2.24,2.24,2.08,2.08,299800
2002/1/15,sh.600061,2.07,2.13,2.03,2.05,237196
2002/1/16,sh.600061,2.08,2.08,2.03,2.07,132158
2002/1/17,sh.600061,2.04,2.04,1.97,1.97,195900
2002/1/18,sh.600061,1.96,1.98,1.91,1.96,287518
2002/1/21,sh.600061,1.96,1.96,1.88,1.88,159400
2002/1/22,sh.600061,1.88,1.90,1.79,1.80,298480
2002/1/23,sh.600061,1.80,1.98,1.62,1.98,1105844
2002/1/24,sh.600061,1.96,2.03,1.88,1.97,702429
2002/1/25,sh.600061,1.97,2.01,1.92,1.97,301837
2002/1/28,sh.600061,1.95,1.97,1.78,1.78,421600
2002/1/29,sh.600061,1.75,1.85,1.68,1.81,220450
2002/1/30,sh.600061,1.83,1.92,1.79,1.85,275000
2002/1/31,sh.600061,1.85,2.03,1.85,2.03,954379
2002/2/1,sh.600061,2.03,2.09,1.99,2.00,455680
2002/2/4,sh.600061,1.99,2.13,1.99,2.10,321600
2002/2/5,sh.600061,2.09,2.17,2.08,2.11,339621
2002/2/6,sh.600061,2.11,2.13,2.04,2.05,223720
2002/2/7,sh.600061,2.10,2.10,2.05,2.07,206571
2002/2/8,sh.600061,2.08,2.09,2.02,2.03,205837
2002/2/25,sh.600061,2.09,2.13,2.07,2.07,118375
2002/2/26,sh.600061,2.04,2.16,2.00,2.14,401300
2002/2/27,sh.600061,2.14,2.36,2.13,2.34,1344172
2002/2/28,sh.600061,2.34,2.35,2.27,2.28,422898
2002/3/1,sh.600061,2.27,2.30,2.24,2.26,347300
2002/3/4,sh.600061,2.25,2.35,2.24,2.30,604994
2002/3/5,sh.600061,2.33,2.33,2.24,2.31,955420
2002/3/6,sh.600061,2.31,2.42,2.31,2.37,1186942
2002/3/7,sh.600061,2.35,2.42,2.33,2.41,1454337
2002/3/8,sh.600061,2.41,2.51,2.38,2.51,2028038
2002/3/11,sh.600061,2.51,2.52,2.39,2.51,1488449
2002/3/12,sh.600061,2.53,2.60,2.46,2.49,1301174
2002/3/13,sh.600061,2.49,2.55,2.41,2.48,714307
2002/3/14,sh.600061,2.46,2.56,2.42,2.55,1055033
2002/3/15,sh.600061,2.63,2.80,2.62,2.62,3940659
2002/3/18,sh.600061,2.62,2.69,2.56,2.62,2005400
2002/3/19,sh.600061,2.59,2.74,2.58,2.71,1635983
2002/3/20,sh.600061,2.72,2.85,2.72,2.83,2772581
2002/3/21,sh.600061,2.83,2.86,2.74,2.81,1718260
2002/3/22,sh.600061,2.78,2.81,2.67,2.72,1797356
2002/3/25,sh.600061,2.72,2.77,2.64,2.69,1743856
2002/3/26,sh.600061,2.69,2.72,2.57,2.60,2434200
2002/3/27,sh.600061,2.62,2.65,2.56,2.65,1568851
2002/3/28,sh.600061,2.63,2.66,2.57,2.62,1407020
2002/3/29,sh.600061,2.62,2.62,2.49,2.53,1217800
2002/4/1,sh.600061,2.53,2.55,2.44,2.54,1056833
2002/4/2,sh.600061,2.53,2.55,2.44,2.49,720138
2002/4/3,sh.600061,2.49,2.51,2.44,2.46,627200
2002/4/4,sh.600061,2.46,2.63,2.39,2.62,2157104
2002/4/5,sh.600061,2.60,2.63,2.55,2.59,1426200
2002/4/8,sh.600061,2.58,2.59,2.53,2.55,564400
2002/4/9,sh.600061,2.55,2.67,2.55,2.65,2918428
2002/4/10,sh.600061,2.65,2.79,2.65,2.72,4325651
2002/4/11,sh.600061,2.73,2.73,2.60,2.62,2417666
2002/4/12,sh.600061,2.61,2.65,2.56,2.58,2778340
2002/4/15,sh.600061,2.60,2.61,2.53,2.56,1455700
2002/4/16,sh.600061,2.56,2.59,2.52,2.54,1167258
2002/4/17,sh.600061,2.51,2.55,2.49,2.51,1613803
2002/4/18,sh.600061,2.51,2.57,2.48,2.49,2034446
2002/4/19,sh.600061,2.49,2.52,2.42,2.52,2023960
2002/4/22,sh.600061,2.51,2.54,2.47,2.52,673930
2002/4/23,sh.600061,2.52,2.54,2.49,2.51,456490
2002/4/24,sh.600061,2.47,2.52,2.47,2.48,384520
2002/4/25,sh.600061,2.47,2.51,2.46,2.50,275590
2002/4/26,sh.600061,2.50,2.62,2.48,2.59,2167090
2002/4/29,sh.600061,2.60,2.65,2.56,2.62,1855576
2002/4/30,sh.600061,2.62,2.72,2.59,2.68,3911273
2002/5/8,sh.600061,2.70,2.72,2.62,2.63,1006553
2002/5/9,sh.600061,2.62,2.62,2.59,2.61,466714
2002/5/10,sh.600061,2.61,2.61,2.55,2.56,566670
2002/5/13,sh.600061,2.55,2.56,2.53,2.56,486800
2002/5/14,sh.600061,2.56,2.62,2.55,2.58,904008
2002/5/15,sh.600061,2.58,2.60,2.50,2.52,572452
2002/5/16,sh.600061,2.51,2.53,2.44,2.44,779000
2002/5/17,sh.600061,2.44,2.49,2.43,2.47,612323
2002/5/20,sh.600061,2.46,2.48,2.41,2.43,281129
2002/5/21,sh.600061,2.48,2.54,2.48,2.49,1431736
2002/5/22,sh.600061,2.48,2.51,2.45,2.47,378500
2002/5/23,sh.600061,2.51,2.52,2.48,2.50,451100
2002/5/24,sh.600061,2.50,2.50,2.43,2.46,271973
2002/5/27,sh.600061,2.47,2.51,2.45,2.46,159310
2002/5/28,sh.600061,2.48,2.51,2.46,2.48,144930
2002/5/29,sh.600061,2.49,2.49,2.39,2.42,368941
2002/5/30,sh.600061,2.42,2.44,2.38,2.41,205510
2002/5/31,sh.600061,2.42,2.51,2.42,2.45,1191128
2002/6/3,sh.600061,2.44,2.44,2.25,2.29,536900
2002/6/4,sh.600061,2.32,2.35,2.27,2.29,432290
2002/6/5,sh.600061,2.28,2.31,2.16,2.17,395400
2002/6/6,sh.600061,2.17,2.17,2.17,2.17,INVALID
2002/6/7,sh.600061,2.36,2.39,2.30,2.39,1281304
2002/6/10,sh.600061,2.45,2.45,2.36,2.37,1330201
2002/6/11,sh.600061,2.35,2.44,2.31,2.38,880170
2002/6/12,sh.600061,2.37,2.37,2.32,2.37,238003
2002/6/13,sh.600061,2.37,2.39,2.33,2.34,173900
2002/6/14,sh.600061,2.33,2.34,2.28,2.28,256306
2002/6/17,sh.600061,2.28,2.30,2.26,2.29,169100
2002/6/18,sh.600061,2.32,2.37,2.30,2.36,324595
2002/6/19,sh.600061,2.34,2.37,2.30,2.31,176000
2002/6/20,sh.600061,2.32,2.35,2.31,2.32,140700
2002/6/21,sh.600061,2.35,2.43,2.33,2.41,832520
2002/6/24,sh.600061,2.65,2.65,2.52,2.65,3477302
2002/6/25,sh.600061,2.66,2.66,2.55,2.59,2453803
2002/6/26,sh.600061,2.58,2.68,2.56,2.66,3373422
2002/6/27,sh.600061,2.66,2.69,2.62,2.63,1247053
2002/6/28,sh.600061,2.62,2.67,2.59,2.65,1421407
2002/7/1,sh.600061,2.67,2.71,2.63,2.64,1677130
2002/7/2,sh.600061,2.63,2.66,2.58,2.66,445697
2002/7/3,sh.600061,2.65,2.74,2.65,2.71,2427247
2002/7/4,sh.600061,2.72,2.75,2.68,2.71,1603276
2002/7/5,sh.600061,2.71,2.82,2.71,2.74,2496637
2002/7/8,sh.600061,2.74,2.77,2.73,2.76,726931
2002/7/9,sh.600061,2.76,2.80,2.69,2.75,1080394
2002/7/10,sh.600061,2.76,2.76,2.68,2.68,692840
2002/7/11,sh.600061,2.71,2.84,2.71,2.79,4541945
2002/7/12,sh.600061,2.79,2.82,2.75,2.76,2216423
2002/7/15,sh.600061,2.76,2.84,2.76,2.82,3953355
2002/7/16,sh.600061,2.80,2.94,2.70,2.71,6588403
2002/7/17,sh.600061,2.71,2.88,2.64,2.73,8997606
2002/7/18,sh.600061,2.66,2.71,2.59,2.64,4990648
2002/7/19,sh.600061,2.64,2.79,2.63,2.77,5968327
2002/7/22,sh.600061,2.76,2.76,2.51,2.58,16016905
2002/7/23,sh.600061,2.52,2.59,2.41,2.43,15017676
2002/7/24,sh.600061,2.43,2.50,2.37,2.44,16383111
2002/7/25,sh.600061,2.43,2.45,2.37,2.41,10984186
2002/7/26,sh.600061,2.40,2.43,2.39,2.39,2708021
2002/7/29,sh.600061,2.38,2.43,2.37,2.41,2098718
2002/7/30,sh.600061,2.41,2.43,2.41,2.42,1641180
2002/7/31,sh.600061,2.42,2.43,2.38,2.38,1834406
2002/8/1,sh.600061,2.38,2.39,2.31,2.35,2512312
2002/8/2,sh.600061,2.34,2.39,2.32,2.37,1675117
2002/8/5,sh.600061,2.37,2.39,2.35,2.39,816655
2002/8/6,sh.600061,2.39,2.43,2.36,2.41,1976620
2002/8/7,sh.600061,2.41,2.42,2.39,2.40,777767
2002/8/8,sh.600061,2.41,2.41,2.36,2.37,1226708
2002/8/9,sh.600061,2.37,2.37,2.35,2.35,905899
2002/8/12,sh.600061,2.35,2.35,2.31,2.32,1057028
2002/8/13,sh.600061,2.32,2.37,2.32,2.33,622642
2002/8/14,sh.600061,2.33,2.35,2.32,2.34,602879
2002/8/15,sh.600061,2.34,2.34,2.31,2.31,512200
2002/8/16,sh.600061,2.31,2.34,2.28,2.31,909190
2002/8/19,sh.600061,2.31,2.31,2.29,2.30,494840
2002/8/20,sh.600061,2.30,2.36,2.30,2.35,854098
2002/8/21,sh.600061,2.35,2.36,2.32,2.33,662389
2002/8/22,sh.600061,2.32,2.37,2.32,2.36,1232423
2002/8/23,sh.600061,2.35,2.37,2.33,2.36,973649
2002/8/26,sh.600061,2.35,2.35,2.31,2.32,769913
2002/8/27,sh.600061,2.32,2.33,2.30,2.31,1744970
2002/8/28,sh.600061,2.32,2.34,2.31,2.32,676454
2002/8/29,sh.600061,2.32,2.34,2.31,2.32,460970
2002/8/30,sh.600061,2.32,2.32,2.30,2.31,624829
2002/9/2,sh.600061,2.30,2.32,2.30,2.32,358317
2002/9/3,sh.600061,2.32,2.33,2.30,2.31,592450
2002/9/4,sh.600061,2.30,2.32,2.28,2.29,908209
2002/9/5,sh.600061,2.29,2.29,2.24,2.24,1110010
2002/9/6,sh.600061,2.24,2.25,2.23,2.24,608135
2002/9/9,sh.600061,2.24,2.24,2.21,2.21,550973
2002/9/10,sh.600061,2.21,2.23,2.21,2.22,396551
2002/9/11,sh.600061,2.22,2.23,2.19,2.21,561671
2002/9/12,sh.600061,2.21,2.24,2.20,2.23,346281
2002/9/13,sh.600061,2.23,2.23,2.21,2.22,260120
2002/9/16,sh.600061,2.22,2.22,2.16,2.17,571345
2002/9/17,sh.600061,2.17,2.20,2.15,2.18,512664
2002/9/18,sh.600061,2.17,2.17,2.14,2.16,403782
2002/9/19,sh.600061,2.14,2.21,2.14,2.19,562560
2002/9/20,sh.600061,2.19,2.19,2.15,2.15,382220
2002/9/23,sh.600061,2.15,2.17,2.14,2.15,248050
2002/9/24,sh.600061,2.16,2.17,2.14,2.15,345649
2002/9/25,sh.600061,2.15,2.22,2.14,2.17,549931
2002/9/26,sh.600061,2.17,2.19,2.15,2.16,433461
2002/9/27,sh.600061,2.16,2.16,2.12,2.12,738078
2002/10/8,sh.600061,2.11,2.11,2.08,2.09,327260
2002/10/9,sh.600061,2.08,2.10,2.04,2.04,481180
2002/10/10,sh.600061,2.03,2.06,2.01,2.02,510362
2002/10/11,sh.600061,2.04,2.05,2.01,2.01,338217
2002/10/14,sh.600061,2.01,2.05,1.99,2.05,464981
2002/10/15,sh.600061,2.05,2.07,2.02,2.04,376035
2002/10/16,sh.600061,2.05,2.10,2.05,2.08,1351410
2002/10/17,sh.600061,2.08,2.08,2.02,2.03,539893
2002/10/18,sh.600061,2.03,2.06,2.02,2.04,417587
2002/10/21,sh.600061,2.05,2.10,2.03,2.08,462816
2002/10/22,sh.600061,2.08,2.12,2.07,2.11,917004
2002/10/23,sh.600061,2.12,2.12,2.08,2.12,610543
2002/10/24,sh.600061,2.11,2.12,2.06,2.08,399215
2002/10/25,sh.600061,2.06,2.09,2.03,2.03,516000
2002/10/28,sh.600061,2.02,2.04,1.98,2.01,700199
2002/10/29,sh.600061,2.01,2.03,1.97,2.02,516189
2002/10/30,sh.600061,2.02,2.04,2.00,2.04,378595
2002/10/31,sh.600061,2.03,2.05,2.02,2.02,267573
2002/11/1,sh.600061,2.02,2.03,2.00,2.02,299317
2002/11/4,sh.600061,2.04,2.06,2.03,2.05,416640
2002/11/5,sh.600061,2.06,2.13,2.04,2.13,1791399
2002/11/6,sh.600061,2.12,2.12,2.09,2.10,718610
2002/11/7,sh.600061,2.10,2.10,2.08,2.10,581904
2002/11/8,sh.600061,2.13,2.14,2.01,2.02,852600
2002/11/11,sh.600061,2.01,2.04,2.00,2.00,468220
2002/11/12,sh.600061,2.00,2.02,1.95,1.96,839450
2002/11/13,sh.600061,1.95,1.96,1.91,1.95,929989
2002/11/14,sh.600061,1.93,1.95,1.87,1.89,445432
2002/11/15,sh.600061,1.88,1.93,1.87,1.90,831937
2002/11/18,sh.600061,1.91,1.91,1.84,1.87,407220
2002/11/19,sh.600061,1.87,1.90,1.85,1.89,225432
2002/11/20,sh.600061,1.87,1.88,1.81,1.82,677310
2002/11/21,sh.600061,1.79,1.81,1.74,1.75,928173
2002/11/22,sh.600061,1.75,1.81,1.73,1.76,879826
2002/11/25,sh.600061,1.75,1.86,1.73,1.82,1483831
2002/11/26,sh.600061,1.81,1.83,1.74,1.75,1044710
2002/11/27,sh.600061,1.73,1.87,1.73,1.86,3316993
2002/11/28,sh.600061,1.85,1.90,1.81,1.89,2528790
2002/11/29,sh.600061,1.88,1.95,1.86,1.89,3769743
2002/12/2,sh.600061,1.89,1.89,1.81,1.81,1537270
2002/12/3,sh.600061,1.81,1.86,1.79,1.86,1002334
2002/12/4,sh.600061,1.88,1.92,1.85,1.87,1527774
2002/12/5,sh.600061,1.86,1.86,1.83,1.84,751114
2002/12/6,sh.600061,1.83,1.90,1.82,1.86,819065
2002/12/9,sh.600061,1.86,1.87,1.84,1.85,410881
2002/12/10,sh.600061,1.85,1.86,1.82,1.82,625930
2002/12/11,sh.600061,1.82,1.82,1.78,1.81,629299
2002/12/12,sh.600061,1.80,1.86,1.80,1.82,555646
2002/12/13,sh.600061,1.80,1.88,1.78,1.87,1040728
2002/12/16,sh.600061,1.90,1.91,1.86,1.89,1353920
2002/12/17,sh.600061,1.89,1.91,1.87,1.90,809740
2002/12/18,sh.600061,1.90,1.91,1.87,1.88,865231
2002/12/19,sh.600061,1.87,1.90,1.87,1.88,486293
2002/12/20,sh.600061,1.88,1.91,1.88,1.91,867356
2002/12/23,sh.600061,1.91,1.96,1.90,1.91,1345967
2002/12/24,sh.600061,1.90,1.92,1.89,1.91,424275
2002/12/25,sh.600061,1.91,1.92,1.88,1.88,690300
2002/12/26,sh.600061,1.87,1.88,1.81,1.82,1017600
2002/12/27,sh.600061,1.82,1.83,1.79,1.81,650242
2002/12/30,sh.600061,1.81,1.81,1.75,1.77,612999
2002/12/31,sh.600061,1.77,1.79,1.75,1.75,492650
2003/1/2,sh.600061,1.73,1.78,1.73,1.74,441220
2003/1/3,sh.600061,1.74,1.78,1.73,1.78,401841
2003/1/6,sh.600061,1.77,1.80,1.75,1.79,407195
2003/1/7,sh.600061,1.79,1.82,1.77,1.78,487865
2003/1/8,sh.600061,1.78,1.86,1.76,1.84,885602
2003/1/9,sh.600061,1.85,1.90,1.82,1.87,1705033
2003/1/10,sh.600061,1.88,1.96,1.84,1.87,2666203
2003/1/13,sh.600061,1.86,1.88,1.85,1.86,727750
2003/1/14,sh.600061,1.86,1.99,1.85,1.95,2905075
2003/1/15,sh.600061,1.97,1.98,1.90,1.92,1779477
2003/1/16,sh.600061,1.92,1.96,1.91,1.95,1510841
2003/1/17,sh.600061,1.94,1.98,1.93,1.96,1892075
2003/1/20,sh.600061,1.96,1.96,1.92,1.94,935024
2003/1/21,sh.600061,1.94,1.96,1.89,1.89,1228940
2003/1/22,sh.600061,1.89,1.93,1.88,1.92,853019
2003/1/23,sh.600061,1.92,1.96,1.89,1.90,994913
2003/1/24,sh.600061,1.90,1.95,1.89,1.93,981431
2003/1/27,sh.600061,1.93,1.97,1.93,1.96,1773872
2003/1/28,sh.600061,1.96,1.98,1.95,1.97,1183891
2003/1/29,sh.600061,1.97,1.98,1.96,1.96,1556440
2003/2/10,sh.600061,1.96,1.96,1.92,1.93,816886
2003/2/11,sh.600061,1.93,1.97,1.92,1.96,465425
2003/2/12,sh.600061,1.96,2.03,1.94,2.01,3433806
2003/2/13,sh.600061,2.01,2.02,1.99,1.99,1624198
2003/2/14,sh.600061,1.99,2.01,1.98,2.00,795153
2003/2/17,sh.600061,2.00,2.07,2.00,2.02,1865466
2003/2/18,sh.600061,2.02,2.03,2.00,2.01,1128242
2003/2/19,sh.600061,2.01,2.02,2.00,2.02,1067950
2003/2/20,sh.600061,2.03,2.04,2.02,2.03,1301549
2003/2/21,sh.600061,2.03,2.03,1.96,1.96,1588735
2003/2/24,sh.600061,1.94,1.98,1.94,1.96,845556
2003/2/25,sh.600061,1.93,2.00,1.93,1.99,1042356
2003/2/26,sh.600061,1.99,2.00,1.96,1.97,538490
2003/2/27,sh.600061,1.97,1.98,1.95,1.97,596095
2003/2/28,sh.600061,1.97,1.97,1.93,1.96,836846
2003/3/3,sh.600061,1.96,1.98,1.94,1.97,877990
2003/3/4,sh.600061,1.97,1.99,1.96,1.97,536806
2003/3/5,sh.600061,1.96,1.98,1.94,1.96,439320
2003/3/6,sh.600061,1.95,1.96,1.92,1.93,784139
2003/3/7,sh.600061,1.92,1.93,1.91,1.91,554480
2003/3/10,sh.600061,1.91,1.92,1.87,1.87,670586
2003/3/11,sh.600061,1.87,1.92,1.86,1.91,792518
2003/3/12,sh.600061,1.90,1.94,1.90,1.92,1655331
2003/3/13,sh.600061,1.93,1.94,1.90,1.91,390509
2003/3/14,sh.600061,1.90,1.93,1.90,1.92,487540
2003/3/17,sh.600061,1.92,1.93,1.91,1.93,638231
2003/3/18,sh.600061,1.93,1.94,1.91,1.92,679826
2003/3/19,sh.600061,1.90,1.93,1.89,1.92,496836
2003/3/20,sh.600061,1.92,1.92,1.89,1.91,545830
2003/3/21,sh.600061,1.91,1.93,1.89,1.92,482514
2003/3/24,sh.600061,1.93,1.93,1.91,1.93,285701
2003/3/25,sh.600061,1.93,1.93,1.89,1.90,424935
2003/3/26,sh.600061,1.90,1.91,1.89,1.90,304380
2003/3/27,sh.600061,1.90,1.96,1.87,1.93,709260
2003/3/28,sh.600061,1.93,1.98,1.93,1.95,1052592
2003/3/31,sh.600061,1.95,1.96,1.93,1.96,539931
2003/4/1,sh.600061,1.96,1.97,1.94,1.97,721958
2003/4/2,sh.600061,1.97,1.98,1.96,1.97,552030
2003/4/3,sh.600061,1.96,1.97,1.93,1.94,343669
2003/4/4,sh.600061,1.93,1.96,1.93,1.94,383679
2003/4/7,sh.600061,1.94,1.94,1.90,1.93,946784
2003/4/8,sh.600061,1.93,1.97,1.90,1.90,476415
2003/4/9,sh.600061,1.89,1.94,1.87,1.93,1369065
2003/4/10,sh.600061,1.93,1.95,1.90,1.94,1219148
2003/4/11,sh.600061,1.93,1.98,1.92,1.97,1640447
2003/4/14,sh.600061,1.97,2.05,1.97,2.05,2749824
2003/4/15,sh.600061,2.05,2.06,2.01,2.03,1546932
2003/4/16,sh.600061,2.03,2.05,1.96,1.97,1736090
2003/4/17,sh.600061,2.00,2.01,1.96,1.98,1119969
2003/4/18,sh.600061,1.98,2.01,1.96,2.01,1068232
2003/4/21,sh.600061,2.01,2.01,1.94,1.97,823354
2003/4/22,sh.600061,1.97,1.98,1.93,1.93,541160
2003/4/23,sh.600061,1.93,1.96,1.93,1.93,624580
2003/4/24,sh.600061,1.93,1.95,1.91,1.93,1286475
2003/4/25,sh.600061,1.92,1.95,1.89,1.89,637996
2003/4/28,sh.600061,1.89,1.89,1.89,1.89,INVALID
2003/4/29,sh.600061,1.92,1.93,1.83,1.83,934295
2003/4/30,sh.600061,1.83,1.86,1.78,1.78,749690
2003/5/12,sh.600061,1.78,1.79,1.73,1.74,628359
2003/5/13,sh.600061,1.74,1.74,1.64,1.68,823420
2003/5/14,sh.600061,1.68,1.76,1.68,1.76,870210
2003/5/15,sh.600061,1.76,1.80,1.75,1.79,656131
2003/5/16,sh.600061,1.79,1.81,1.76,1.79,680926
2003/5/19,sh.600061,1.79,1.80,1.77,1.79,577490
2003/5/20,sh.600061,1.78,1.79,1.75,1.76,422138
2003/5/21,sh.600061,1.76,1.78,1.76,1.76,341000
2003/5/22,sh.600061,1.76,1.78,1.75,1.76,297369
2003/5/23,sh.600061,1.77,1.78,1.75,1.76,507722
2003/5/26,sh.600061,1.77,1.80,1.77,1.79,517468
2003/5/27,sh.600061,1.79,1.83,1.78,1.83,660689
2003/5/28,sh.600061,1.83,1.83,1.79,1.80,670320
2003/5/29,sh.600061,1.80,1.80,1.77,1.79,542707
2003/5/30,sh.600061,1.79,1.84,1.79,1.84,965000
2003/6/2,sh.600061,1.84,1.85,1.82,1.85,674491
2003/6/3,sh.600061,1.85,1.86,1.81,1.81,560130
2003/6/4,sh.600061,1.81,1.82,1.78,1.80,396339
2003/6/5,sh.600061,1.80,1.81,1.78,1.79,358613
2003/6/6,sh.600061,1.79,1.79,1.75,1.76,367650
2003/6/9,sh.600061,1.76,1.77,1.74,1.74,269319
2003/6/10,sh.600061,1.74,1.76,1.74,1.76,177670
2003/6/11,sh.600061,1.76,1.79,1.76,1.78,480110
2003/6/12,sh.600061,1.79,1.80,1.77,1.78,201150
2003/6/13,sh.600061,1.79,1.81,1.77,1.80,266849
2003/6/16,sh.600061,1.80,1.81,1.79,1.80,310550
2003/6/17,sh.600061,1.79,1.81,1.78,1.78,217410
2003/6/18,sh.600061,1.78,1.80,1.78,1.79,216880
2003/6/19,sh.600061,1.80,1.80,1.75,1.76,287480
2003/6/20,sh.600061,1.77,1.79,1.75,1.76,223156
2003/6/23,sh.600061,1.75,1.75,1.73,1.74,222766
2003/6/24,sh.600061,1.73,1.74,1.72,1.74,147990
2003/6/25,sh.600061,1.74,1.75,1.73,1.73,165720
2003/6/26,sh.600061,1.73,1.74,1.71,1.73,253555
2003/6/27,sh.600061,1.73,1.73,1.68,1.71,235038
2003/6/30,sh.600061,1.68,1.69,1.65,1.67,290540
2003/7/1,sh.600061,1.68,1.68,1.64,1.65,281900
2003/7/2,sh.600061,1.67,1.67,1.64,1.66,191762
2003/7/3,sh.600061,1.66,1.68,1.65,1.67,236206
2003/7/4,sh.600061,1.67,1.68,1.65,1.66,138580
2003/7/7,sh.600061,1.66,1.66,1.65,1.65,149709
2003/7/8,sh.600061,1.65,1.69,1.65,1.68,254589
2003/7/9,sh.600061,1.68,1.69,1.66,1.66,94956
2003/7/10,sh.600061,1.66,1.69,1.66,1.69,387890
2003/7/11,sh.600061,1.69,1.69,1.66,1.67,395530
2003/7/14,sh.600061,1.67,1.68,1.65,1.66,138051
2003/7/15,sh.600061,1.65,1.67,1.65,1.66,208806
2003/7/16,sh.600061,1.66,1.66,1.64,1.66,253460
2003/7/17,sh.600061,1.66,1.66,1.64,1.65,372040
2003/7/18,sh.600061,1.65,1.66,1.63,1.63,381080
2003/7/21,sh.600061,1.63,1.64,1.56,1.58,481300
2003/7/22,sh.600061,1.57,1.59,1.57,1.59,358640
2003/7/23,sh.600061,1.59,1.60,1.57,1.59,202600
2003/7/24,sh.600061,1.59,1.59,1.57,1.58,146670
2003/7/25,sh.600061,1.59,1.59,1.53,1.54,254221
2003/7/28,sh.600061,1.54,1.54,1.51,1.52,288576
2003/7/29,sh.600061,1.52,1.53,1.50,1.53,358158
2003/7/30,sh.600061,1.53,1.55,1.52,1.54,215900
2003/7/31,sh.600061,1.54,1.54,1.52,1.52,130160
2003/8/1,sh.600061,1.51,1.55,1.51,1.54,225341
2003/8/4,sh.600061,1.53,1.59,1.53,1.57,434702
2003/8/5,sh.600061,1.57,1.59,1.56,1.57,201039
2003/8/6,sh.600061,1.57,1.59,1.56,1.59,309239
2003/8/7,sh.600061,1.58,1.59,1.56,1.56,184900
2003/8/8,sh.600061,1.56,1.57,1.54,1.54,191200
2003/8/11,sh.600061,1.54,1.56,1.54,1.56,116164
2003/8/12,sh.600061,1.57,1.59,1.55,1.58,165772
2003/8/13,sh.600061,1.58,1.58,1.55,1.55,114259
2003/8/14,sh.600061,1.55,1.56,1.54,1.54,173493
2003/8/15,sh.600061,1.54,1.55,1.53,1.55,89605
2003/8/18,sh.600061,1.54,1.55,1.54,1.54,62904
2003/8/19,sh.600061,1.55,1.55,1.52,1.55,263747
2003/8/20,sh.600061,1.55,1.55,1.52,1.52,136750
2003/8/21,sh.600061,1.52,1.54,1.52,1.53,110161
2003/8/22,sh.600061,1.53,1.53,1.52,1.53,95684
2003/8/25,sh.600061,1.53,1.53,1.50,1.51,166664
2003/8/26,sh.600061,1.51,1.52,1.50,1.51,112904
2003/8/27,sh.600061,1.50,1.53,1.50,1.52,185314
2003/8/28,sh.600061,1.52,1.53,1.51,1.52,106961
2003/8/29,sh.600061,1.50,1.51,1.49,1.50,192579
2003/9/1,sh.600061,1.50,1.55,1.50,1.55,557686
2003/9/2,sh.600061,1.55,1.56,1.53,1.54,294880
2003/9/3,sh.600061,1.55,1.60,1.52,1.59,1204211
2003/9/4,sh.600061,1.59,1.59,1.56,1.57,443057
2003/9/5,sh.600061,1.57,1.57,1.54,1.54,365297
2003/9/8,sh.600061,1.54,1.54,1.54,1.54,INVALID
2003/9/9,sh.600061,1.55,1.55,1.52,1.52,236570
2003/9/10,sh.600061,1.52,1.54,1.51,1.54,189091
2003/9/11,sh.600061,1.52,1.54,1.52,1.52,124351
2003/9/12,sh.600061,1.52,1.56,1.51,1.51,163001
2003/9/15,sh.600061,1.50,1.52,1.49,1.50,169871
2003/9/16,sh.600061,1.50,1.52,1.50,1.51,118867
2003/9/17,sh.600061,1.52,1.52,1.49,1.50,175447
2003/9/18,sh.600061,1.49,1.53,1.48,1.50,144195
2003/9/19,sh.600061,1.50,1.52,1.50,1.52,110851
2003/9/22,sh.600061,1.49,1.52,1.49,1.51,122490
2003/9/23,sh.600061,1.50,1.54,1.50,1.54,212471
2003/9/24,sh.600061,1.53,1.56,1.52,1.56,475614
2003/9/25,sh.600061,1.55,1.55,1.52,1.52,375278
2003/9/26,sh.600061,1.51,1.54,1.51,1.52,157370
2003/9/29,sh.600061,1.52,1.54,1.50,1.50,220744
2003/9/30,sh.600061,1.51,1.52,1.48,1.50,303415
2003/10/8,sh.600061,1.50,1.51,1.48,1.50,145020
2003/10/9,sh.600061,1.50,1.51,1.50,1.50,101520
2003/10/10,sh.600061,1.57,1.57,1.52,1.56,657103
2003/10/13,sh.600061,1.54,1.58,1.54,1.55,422236
2003/10/14,sh.600061,1.55,1.55,1.53,1.55,233320
2003/10/15,sh.600061,1.55,1.58,1.54,1.55,333897
2003/10/16,sh.600061,1.55,1.55,1.53,1.54,176501
2003/10/17,sh.600061,1.54,1.55,1.52,1.54,155076
2003/10/20,sh.600061,1.52,1.53,1.50,1.51,151350
2003/10/21,sh.600061,1.50,1.52,1.50,1.52,116850
2003/10/22,sh.600061,1.52,1.56,1.51,1.55,409156
2003/10/23,sh.600061,1.55,1.56,1.53,1.53,253690
2003/10/24,sh.600061,1.52,1.55,1.52,1.53,162780
2003/10/27,sh.600061,1.54,1.54,1.48,1.49,406993
2003/10/28,sh.600061,1.49,1.52,1.48,1.50,265656
2003/10/29,sh.600061,1.50,1.50,1.38,1.40,885840
2003/10/30,sh.600061,1.40,1.40,1.35,1.38,346578
2003/10/31,sh.600061,1.38,1.43,1.37,1.39,240770
2003/11/3,sh.600061,1.39,1.40,1.37,1.39,215550
2003/11/4,sh.600061,1.39,1.43,1.39,1.41,411134
2003/11/5,sh.600061,1.41,1.42,1.37,1.38,352297
2003/11/6,sh.600061,1.39,1.39,1.28,1.29,598690
2003/11/7,sh.600061,1.28,1.29,1.25,1.27,437171
2003/11/10,sh.600061,1.27,1.28,1.24,1.28,266677
2003/11/11,sh.600061,1.28,1.31,1.28,1.30,253335
2003/11/12,sh.600061,1.31,1.31,1.28,1.28,284516
2003/11/13,sh.600061,1.27,1.30,1.27,1.29,276710
2003/11/14,sh.600061,1.29,1.31,1.28,1.29,269460
2003/11/17,sh.600061,1.29,1.36,1.29,1.34,898120
2003/11/18,sh.600061,1.33,1.35,1.31,1.32,372420
2003/11/19,sh.600061,1.31,1.35,1.31,1.35,504460
2003/11/20,sh.600061,1.35,1.44,1.31,1.42,1542910
2003/11/21,sh.600061,1.42,1.42,1.36,1.37,1018131
2003/11/24,sh.600061,1.36,1.43,1.36,1.42,927467
2003/11/25,sh.600061,1.42,1.46,1.40,1.42,1625439
2003/11/26,sh.600061,1.43,1.50,1.43,1.47,2057175
2003/11/27,sh.600061,1.47,1.48,1.41,1.42,944421
2003/11/28,sh.600061,1.43,1.43,1.39,1.42,486518
2003/12/1,sh.600061,1.43,1.45,1.43,1.45,688721
2003/12/2,sh.600061,1.47,1.50,1.44,1.48,1789461
2003/12/3,sh.600061,1.48,1.48,1.45,1.46,706201
2003/12/4,sh.600061,1.47,1.50,1.43,1.48,945828
2003/12/5,sh.600061,1.48,1.48,1.46,1.47,586320
2003/12/8,sh.600061,1.47,1.48,1.44,1.46,716340
2003/12/9,sh.600061,1.44,1.46,1.44,1.46,380180
2003/12/10,sh.600061,1.46,1.47,1.43,1.46,541450
2003/12/11,sh.600061,1.46,1.50,1.45,1.50,1855868
2003/12/12,sh.600061,1.52,1.64,1.51,1.54,5218618
2003/12/15,sh.600061,1.53,1.55,1.51,1.53,911723
2003/12/16,sh.600061,1.52,1.52,1.47,1.51,1055520
2003/12/17,sh.600061,1.50,1.54,1.48,1.49,1087319
2003/12/18,sh.600061,1.49,1.51,1.46,1.46,863670
2003/12/19,sh.600061,1.47,1.48,1.32,1.35,1596370
2003/12/22,sh.600061,1.35,1.38,1.31,1.38,986849
2003/12/23,sh.600061,1.39,1.40,1.36,1.39,760263
2003/12/24,sh.600061,1.36,1.39,1.36,1.38,493355
2003/12/25,sh.600061,1.38,1.39,1.36,1.37,518650
2003/12/26,sh.600061,1.38,1.48,1.37,1.41,1045291
2003/12/29,sh.600061,1.40,1.42,1.39,1.40,327048
2003/12/30,sh.600061,1.40,1.40,1.38,1.38,348360
2003/12/31,sh.600061,1.38,1.39,1.35,1.36,316322
2004/1/2,sh.600061,1.35,1.38,1.35,1.36,295604
2004/1/5,sh.600061,1.37,1.37,1.32,1.34,607061
2004/1/6,sh.600061,1.34,1.35,1.31,1.32,853235
2004/1/7,sh.600061,1.32,1.37,1.32,1.36,718012
2004/1/8,sh.600061,1.35,1.38,1.34,1.38,753960
2004/1/9,sh.600061,1.38,1.39,1.35,1.36,816973
2004/1/12,sh.600061,1.36,1.37,1.35,1.37,553367
2004/1/13,sh.600061,1.37,1.43,1.37,1.40,985659
2004/1/14,sh.600061,1.40,1.45,1.39,1.44,1223486
2004/1/15,sh.600061,1.44,1.44,1.40,1.41,685045
2004/1/16,sh.600061,1.41,1.41,1.38,1.40,660270
2004/1/29,sh.600061,1.40,1.48,1.40,1.47,1193934
2004/1/30,sh.600061,1.48,1.51,1.45,1.48,1929248
2004/2/2,sh.600061,1.49,1.57,1.48,1.51,2065085
2004/2/3,sh.600061,1.52,1.55,1.50,1.55,1489504
2004/2/4,sh.600061,1.55,1.57,1.52,1.57,1590004
2004/2/5,sh.600061,1.56,1.65,1.56,1.64,2919355
2004/2/6,sh.600061,1.65,1.65,1.58,1.59,2336249
2004/2/9,sh.600061,1.58,1.61,1.56,1.60,1345670
2004/2/10,sh.600061,1.61,1.66,1.60,1.63,1695548
2004/2/11,sh.600061,1.63,1.68,1.62,1.66,1864841
2004/2/12,sh.600061,1.67,1.69,1.64,1.68,1972159
2004/2/13,sh.600061,1.69,1.70,1.61,1.62,1421842
2004/2/16,sh.600061,1.63,1.66,1.62,1.65,955701
2004/2/17,sh.600061,1.66,1.67,1.64,1.67,1199658
2004/2/18,sh.600061,1.68,1.69,1.66,1.67,1426097
2004/2/19,sh.600061,1.68,1.69,1.65,1.66,1274009
2004/2/20,sh.600061,1.67,1.70,1.64,1.69,1903773
2004/2/23,sh.600061,1.69,1.77,1.69,1.71,3494877
2004/2/24,sh.600061,1.71,1.77,1.65,1.76,3125829
2004/2/25,sh.600061,1.76,1.77,1.67,1.67,2361266
2004/2/26,sh.600061,1.66,1.67,1.58,1.60,1816723
2004/2/27,sh.600061,1.61,1.64,1.61,1.64,883368
2004/3/1,sh.600061,1.63,1.69,1.60,1.68,1214826
2004/3/2,sh.600061,1.67,1.69,1.64,1.67,973137
2004/3/3,sh.600061,1.67,1.67,1.62,1.63,724150
2004/3/4,sh.600061,1.63,1.64,1.59,1.63,740614
2004/3/5,sh.600061,1.63,1.66,1.62,1.64,919819
2004/3/8,sh.600061,1.64,1.64,1.59,1.59,722921
2004/3/9,sh.600061,1.57,1.62,1.57,1.61,788539
2004/3/10,sh.600061,1.59,1.66,1.58,1.66,1314566
2004/3/11,sh.600061,1.68,1.69,1.65,1.69,2039530
2004/3/12,sh.600061,1.71,1.75,1.70,1.72,6589860
2004/3/15,sh.600061,1.73,1.74,1.69,1.74,2176996
2004/3/16,sh.600061,1.74,1.75,1.71,1.73,1216630
2004/3/17,sh.600061,1.73,1.74,1.70,1.71,1011329
2004/3/18,sh.600061,1.71,1.73,1.67,1.68,1015463
2004/3/19,sh.600061,1.67,1.74,1.67,1.73,1458093
2004/3/22,sh.600061,1.73,1.77,1.73,1.74,1166177
2004/3/23,sh.600061,1.74,1.75,1.71,1.74,1059752
2004/3/24,sh.600061,1.74,1.74,1.70,1.70,792240
2004/3/25,sh.600061,1.71,1.73,1.70,1.71,522911
2004/3/26,sh.600061,1.71,1.71,1.69,1.70,517651
2004/3/29,sh.600061,1.69,1.71,1.69,1.70,432864
2004/3/30,sh.600061,1.70,1.71,1.68,1.68,468455
2004/3/31,sh.600061,1.68,1.75,1.68,1.74,1126978
2004/4/1,sh.600061,1.73,1.74,1.71,1.73,614553
2004/4/2,sh.600061,1.73,1.74,1.71,1.73,775381
2004/4/5,sh.600061,1.73,1.78,1.71,1.78,2641345
2004/4/6,sh.600061,1.79,1.79,1.75,1.78,1457586
2004/4/7,sh.600061,1.78,1.79,1.74,1.74,1136370
2004/4/8,sh.600061,1.74,1.78,1.73,1.77,1230123
2004/4/9,sh.600061,1.77,1.77,1.65,1.69,1227256
2004/4/12,sh.600061,1.67,1.71,1.67,1.69,795033
2004/4/13,sh.600061,1.69,1.71,1.68,1.69,605880
2004/4/14,sh.600061,1.69,1.70,1.64,1.67,1041734
2004/4/15,sh.600061,1.67,1.67,1.67,1.67,INVALID
2004/4/16,sh.600061,1.65,1.66,1.58,1.61,872578
2004/4/19,sh.600061,1.60,1.60,1.56,1.57,767927
2004/4/20,sh.600061,1.57,1.60,1.56,1.58,385890
2004/4/21,sh.600061,1.58,1.60,1.57,1.58,391606
2004/4/22,sh.600061,1.58,1.58,1.54,1.56,491519
2004/4/23,sh.600061,1.56,1.58,1.54,1.54,387380
2004/4/26,sh.600061,1.53,1.55,1.49,1.50,431400
2004/4/27,sh.600061,1.50,1.51,1.46,1.46,618830
2004/4/28,sh.600061,1.46,1.51,1.43,1.50,690919
2004/4/29,sh.600061,1.50,1.50,1.47,1.48,407482
2004/4/30,sh.600061,1.48,1.50,1.47,1.49,283570
2004/5/10,sh.600061,1.49,1.49,1.44,1.45,282113
2004/5/11,sh.600061,1.45,1.47,1.44,1.45,232070
2004/5/12,sh.600061,1.45,1.51,1.45,1.50,362973
2004/5/13,sh.600061,1.50,1.56,1.49,1.54,2009138
2004/5/14,sh.600061,1.54,1.55,1.49,1.55,1472282
2004/5/17,sh.600061,1.55,1.55,1.52,1.54,360188
2004/5/18,sh.600061,1.54,1.56,1.51,1.56,832468
2004/5/19,sh.600061,1.56,1.60,1.55,1.55,1637365
2004/5/20,sh.600061,1.55,1.56,1.51,1.53,1530363
2004/5/21,sh.600061,1.53,1.59,1.52,1.56,1383567
2004/5/24,sh.600061,1.56,1.56,1.54,1.55,273360
2004/5/25,sh.600061,1.54,1.54,1.48,1.48,379260
2004/5/26,sh.600061,1.48,1.50,1.46,1.48,302700
2004/5/27,sh.600061,1.48,1.51,1.46,1.50,372001
2004/5/28,sh.600061,1.51,1.51,1.48,1.48,289319
2004/5/31,sh.600061,1.48,1.51,1.47,1.51,278650
2004/6/1,sh.600061,1.53,1.53,1.51,1.52,596430
2004/6/2,sh.600061,1.54,1.54,1.51,1.51,365700
2004/6/3,sh.600061,1.51,1.51,1.48,1.48,339695
2004/6/4,sh.600061,1.48,1.50,1.48,1.49,250030
2004/6/7,sh.600061,1.49,1.49,1.46,1.47,306400
2004/6/8,sh.600061,1.47,1.47,1.44,1.44,325380
2004/6/9,sh.600061,1.44,1.46,1.40,1.40,459400
2004/6/10,sh.600061,1.42,1.45,1.40,1.41,205854
2004/6/11,sh.600061,1.41,1.44,1.40,1.41,254220
2004/6/14,sh.600061,1.41,1.41,1.34,1.35,452389
2004/6/15,sh.600061,1.35,1.39,1.35,1.38,270340
2004/6/16,sh.600061,1.37,1.40,1.35,1.38,268760
2004/6/17,sh.600061,1.38,1.39,1.34,1.34,183100
2004/6/18,sh.600061,1.34,1.36,1.31,1.34,300844
2004/6/21,sh.600061,1.33,1.35,1.32,1.35,171722
2004/6/22,sh.600061,1.35,1.37,1.35,1.37,186990
2004/6/23,sh.600061,1.38,1.38,1.33,1.36,92030
2004/6/24,sh.600061,1.34,1.36,1.34,1.35,154066
2004/6/25,sh.600061,1.34,1.34,1.31,1.31,179200
2004/6/28,sh.600061,1.31,1.31,1.27,1.27,222830
2004/6/29,sh.600061,1.27,1.29,1.25,1.28,219266
2004/6/30,sh.600061,1.28,1.28,1.27,1.27,133639
2004/7/1,sh.600061,1.29,1.32,1.27,1.31,314053
2004/7/2,sh.600061,1.30,1.31,1.29,1.31,219430
2004/7/5,sh.600061,1.31,1.32,1.28,1.32,212440
2004/7/6,sh.600061,1.32,1.34,1.32,1.33,204118
2004/7/7,sh.600061,1.33,1.33,1.29,1.31,132221
2004/7/8,sh.600061,1.31,1.31,1.29,1.31,172982
2004/7/9,sh.600061,1.31,1.32,1.28,1.29,148063
2004/7/12,sh.600061,1.30,1.33,1.25,1.27,181670
2004/7/13,sh.600061,1.26,1.27,1.24,1.25,240053
2004/7/14,sh.600061,1.26,1.27,1.17,1.21,194750
2004/7/15,sh.600061,1.21,1.25,1.21,1.24,225500
2004/7/16,sh.600061,1.24,1.28,1.23,1.27,349110
2004/7/19,sh.600061,1.28,1.28,1.24,1.26,238783
2004/7/20,sh.600061,1.26,1.27,1.24,1.26,199120
2004/7/21,sh.600061,1.26,1.27,1.25,1.26,106500
2004/7/22,sh.600061,1.27,1.27,1.22,1.22,134300
2004/7/23,sh.600061,1.22,1.24,1.20,1.23,152021
2004/7/26,sh.600061,1.22,1.22,1.20,1.20,289670
2004/7/27,sh.600061,1.20,1.21,1.17,1.19,280134
2004/7/28,sh.600061,1.20,1.20,1.17,1.18,271870
2004/7/29,sh.600061,1.19,1.21,1.17,1.20,301484
2004/7/30,sh.600061,1.20,1.20,1.19,1.19,197130
2004/8/2,sh.600061,1.20,1.20,1.17,1.18,153254
2004/8/3,sh.600061,1.19,1.19,1.17,1.18,73800
2004/8/4,sh.600061,1.18,1.23,1.18,1.21,459000
2004/8/5,sh.600061,1.21,1.23,1.20,1.23,375690
2004/8/6,sh.600061,1.23,1.26,1.23,1.25,1032776
2004/8/9,sh.600061,1.25,1.25,1.23,1.23,260504
2004/8/10,sh.600061,1.23,1.24,1.20,1.23,155005
2004/8/11,sh.600061,1.23,1.23,1.21,1.23,248309
2004/8/12,sh.600061,1.20,1.22,1.20,1.20,238230
2004/8/13,sh.600061,1.20,1.22,1.20,1.20,105270
2004/8/16,sh.600061,1.20,1.22,1.17,1.19,226159
2004/8/17,sh.600061,1.18,1.19,1.17,1.18,266926
2004/8/18,sh.600061,1.18,1.19,1.14,1.15,166594
2004/8/19,sh.600061,1.13,1.13,1.09,1.10,442524
2004/8/20,sh.600061,1.11,1.21,1.10,1.17,1073592
2004/8/23,sh.600061,1.16,1.20,1.15,1.18,687096
2004/8/24,sh.600061,1.19,1.30,1.19,1.27,2330063
2004/8/25,sh.600061,1.27,1.27,1.23,1.23,905694
2004/8/26,sh.600061,1.23,1.23,1.19,1.21,503465
2004/8/27,sh.600061,1.20,1.21,1.15,1.17,509093
2004/8/30,sh.600061,1.16,1.19,1.16,1.18,231654
2004/8/31,sh.600061,1.21,1.26,1.20,1.22,566273
2004/9/1,sh.600061,1.21,1.21,1.19,1.19,223445
2004/9/2,sh.600061,1.19,1.26,1.18,1.24,771091
2004/9/3,sh.600061,1.27,1.29,1.24,1.25,1363017
2004/9/6,sh.600061,1.25,1.29,1.24,1.28,845559
2004/9/7,sh.600061,1.28,1.28,1.25,1.28,435305
2004/9/8,sh.600061,1.28,1.29,1.25,1.26,500040
2004/9/9,sh.600061,1.24,1.32,1.24,1.27,1706357
2004/9/10,sh.600061,1.27,1.33,1.24,1.31,1656988
2004/9/13,sh.600061,1.31,1.38,1.29,1.36,2515645
2004/9/14,sh.600061,1.36,1.40,1.35,1.40,3347078
2004/9/15,sh.600061,1.40,1.52,1.37,1.47,4288601
2004/9/16,sh.600061,1.46,1.47,1.42,1.44,2403365
2004/9/17,sh.600061,1.44,1.47,1.41,1.46,2481222
2004/9/20,sh.600061,1.47,1.51,1.44,1.49,3050855
2004/9/21,sh.600061,1.49,1.49,1.43,1.47,2822957
2004/9/22,sh.600061,1.46,1.46,1.41,1.41,1817300
2004/9/23,sh.600061,1.41,1.55,1.41,1.55,5107329
2004/9/24,sh.600061,1.55,1.58,1.45,1.46,3787448
2004/9/27,sh.600061,1.46,1.51,1.42,1.43,1188553
2004/9/28,sh.600061,1.43,1.45,1.37,1.42,1447010
2004/9/29,sh.600061,1.44,1.44,1.39,1.39,905000
2004/9/30,sh.600061,1.39,1.40,1.34,1.35,904939
2004/10/8,sh.600061,1.36,1.44,1.35,1.43,795386
2004/10/11,sh.600061,1.43,1.46,1.39,1.41,960360
2004/10/12,sh.600061,1.39,1.41,1.35,1.36,579196
2004/10/13,sh.600061,1.34,1.39,1.34,1.38,585355
2004/10/14,sh.600061,1.38,1.45,1.35,1.35,1794958
2004/10/15,sh.600061,1.34,1.35,1.22,1.27,946491
2004/10/18,sh.600061,1.28,1.29,1.25,1.28,324552
2004/10/19,sh.600061,1.28,1.31,1.25,1.26,516545
2004/10/20,sh.600061,1.26,1.26,1.19,1.21,683011
2004/10/21,sh.600061,1.23,1.23,1.13,1.16,905864
2004/10/22,sh.600061,1.15,1.20,1.11,1.19,563899
2004/10/25,sh.600061,1.20,1.21,1.13,1.14,440700
2004/10/26,sh.600061,1.16,1.20,1.11,1.19,821017
2004/10/27,sh.600061,1.19,1.22,1.17,1.22,1064038
2004/10/28,sh.600061,1.22,1.25,1.20,1.20,763602
2004/10/29,sh.600061,1.19,1.23,1.13,1.19,612213
2004/11/1,sh.600061,1.19,1.21,1.16,1.16,361100
2004/11/2,sh.600061,1.19,1.19,1.15,1.17,206849
2004/11/3,sh.600061,1.18,1.22,1.17,1.22,663678
2004/11/4,sh.600061,1.23,1.24,1.19,1.23,818375
2004/11/5,sh.600061,1.23,1.23,1.19,1.20,340432
2004/11/8,sh.600061,1.17,1.23,1.17,1.21,230566
2004/11/9,sh.600061,1.20,1.22,1.19,1.20,119890
2004/11/10,sh.600061,1.19,1.26,1.19,1.24,801879
2004/11/11,sh.600061,1.24,1.26,1.22,1.23,938530
2004/11/12,sh.600061,1.22,1.24,1.20,1.23,455160
2004/11/15,sh.600061,1.22,1.25,1.21,1.24,371317
2004/11/16,sh.600061,1.24,1.27,1.24,1.25,506109
2004/11/17,sh.600061,1.27,1.27,1.22,1.25,336697
2004/11/18,sh.600061,1.25,1.26,1.23,1.25,366273
2004/11/19,sh.600061,1.28,1.28,1.25,1.27,594386
2004/11/22,sh.600061,1.29,1.31,1.28,1.29,932980
2004/11/23,sh.600061,1.29,1.32,1.26,1.32,1140846
2004/11/24,sh.600061,1.31,1.32,1.24,1.26,712100
2004/11/25,sh.600061,1.27,1.27,1.23,1.24,458440
2004/11/26,sh.600061,1.24,1.27,1.23,1.26,512030
2004/11/29,sh.600061,1.25,1.25,1.22,1.23,306690
2004/11/30,sh.600061,1.21,1.24,1.21,1.23,192920
2004/12/1,sh.600061,1.23,1.23,1.20,1.21,380406
2004/12/2,sh.600061,1.20,1.24,1.20,1.24,411743
2004/12/3,sh.600061,1.24,1.26,1.23,1.25,338829
2004/12/6,sh.600061,1.27,1.27,1.24,1.26,333404
2004/12/7,sh.600061,1.26,1.26,1.22,1.23,251300
2004/12/8,sh.600061,1.23,1.26,1.21,1.24,186120
2004/12/9,sh.600061,1.24,1.25,1.23,1.24,284000
2004/12/10,sh.600061,1.23,1.25,1.19,1.20,350839
2004/12/13,sh.600061,1.20,1.20,1.16,1.17,355100
2004/12/14,sh.600061,1.17,1.20,1.17,1.18,159904
2004/12/15,sh.600061,1.19,1.19,1.15,1.16,250810
2004/12/16,sh.600061,1.18,1.19,1.15,1.16,227391
2004/12/17,sh.600061,1.18,1.18,1.16,1.16,125557
2004/12/20,sh.600061,1.16,1.16,1.11,1.15,318440
2004/12/21,sh.600061,1.18,1.18,1.15,1.16,123579
2004/12/22,sh.600061,1.16,1.23,1.16,1.21,726067
2004/12/23,sh.600061,1.22,1.22,1.17,1.18,288001
2004/12/24,sh.600061,1.18,1.19,1.17,1.19,149179
2004/12/27,sh.600061,1.19,1.19,1.17,1.19,239609
2004/12/28,sh.600061,1.19,1.19,1.16,1.18,149140
2004/12/29,sh.600061,1.17,1.18,1.15,1.15,214000
2004/12/30,sh.600061,1.15,1.16,1.13,1.13,226000
2004/12/31,sh.600061,1.13,1.15,1.12,1.12,246200
2005/1/4,sh.600061,1.11,1.13,1.11,1.12,264600
2005/1/5,sh.600061,1.12,1.16,1.12,1.14,168618
2005/1/6,sh.600061,1.14,1.15,1.13,1.13,173700
2005/1/7,sh.600061,1.13,1.15,1.12,1.13,106790
2005/1/10,sh.600061,1.12,1.16,1.12,1.15,199374
2005/1/11,sh.600061,1.15,1.16,1.14,1.15,136400
2005/1/12,sh.600061,1.15,1.17,1.13,1.16,364368
2005/1/13,sh.600061,1.15,1.16,1.14,1.14,253300
2005/1/14,sh.600061,1.14,1.16,1.13,1.13,156000
2005/1/17,sh.600061,1.12,1.13,1.11,1.13,268042
2005/1/18,sh.600061,1.13,1.16,1.12,1.16,267915
2005/1/19,sh.600061,1.16,1.16,1.14,1.15,220580
2005/1/20,sh.600061,1.13,1.16,1.12,1.13,154424
2005/1/21,sh.600061,1.13,1.16,1.12,1.15,330814
2005/1/24,sh.600061,1.17,1.19,1.15,1.17,459312
2005/1/25,sh.600061,1.17,1.18,1.15,1.18,296285
2005/1/26,sh.600061,1.17,1.17,1.15,1.16,151245
2005/1/27,sh.600061,1.13,1.16,1.13,1.15,227435
2005/1/28,sh.600061,1.15,1.16,1.13,1.14,265329
2005/1/31,sh.600061,1.12,1.14,1.10,1.10,340816
2005/2/1,sh.600061,1.11,1.12,1.06,1.07,494725
2005/2/2,sh.600061,1.07,1.12,1.05,1.12,630640
2005/2/3,sh.600061,1.12,1.12,1.07,1.08,361702
2005/2/4,sh.600061,1.09,1.12,1.09,1.12,249720
2005/2/16,sh.600061,1.13,1.14,1.11,1.11,242960
2005/2/17,sh.600061,1.11,1.13,1.11,1.12,153192
2005/2/18,sh.600061,1.12,1.12,1.09,1.12,200700
2005/2/21,sh.600061,1.10,1.12,1.09,1.12,177040
2005/2/22,sh.600061,1.12,1.15,1.12,1.14,523800
2005/2/23,sh.600061,1.14,1.18,1.14,1.16,690412
2005/2/24,sh.600061,1.15,1.16,1.15,1.15,458933
2005/2/25,sh.600061,1.15,1.18,1.15,1.15,457974
2005/2/28,sh.600061,1.16,1.16,1.14,1.15,318047
2005/3/1,sh.600061,1.15,1.15,1.14,1.15,214280
2005/3/2,sh.600061,1.16,1.17,1.14,1.15,282798
2005/3/3,sh.600061,1.15,1.15,1.12,1.14,325573
2005/3/4,sh.600061,1.14,1.14,1.12,1.12,417830
2005/3/7,sh.600061,1.12,1.13,1.12,1.13,232425
2005/3/8,sh.600061,1.13,1.15,1.12,1.14,349789
2005/3/9,sh.600061,1.14,1.18,1.14,1.16,1276999
2005/3/10,sh.600061,1.16,1.16,1.11,1.12,427522
2005/3/11,sh.600061,1.12,1.15,1.11,1.15,494180
2005/3/14,sh.600061,1.15,1.22,1.12,1.21,3507446
2005/3/15,sh.600061,1.20,1.21,1.15,1.17,1965769
2005/3/16,sh.600061,1.16,1.18,1.12,1.12,854200
2005/3/17,sh.600061,1.12,1.13,1.05,1.05,1159033
2005/3/18,sh.600061,1.07,1.08,1.05,1.05,472250
2005/3/21,sh.600061,1.05,1.07,1.04,1.07,387678
2005/3/22,sh.600061,1.07,1.07,1.02,1.02,361596
2005/3/23,sh.600061,1.05,1.05,0.99,1.00,411920
2005/3/24,sh.600061,1.00,1.02,0.99,1.02,198412
2005/3/25,sh.600061,1.02,1.02,1.00,1.02,159160
2005/3/28,sh.600061,1.01,1.01,0.98,0.99,231960
2005/3/29,sh.600061,1.00,1.01,0.98,0.99,246028
2005/3/30,sh.600061,1.00,1.00,0.94,0.94,402124
2005/3/31,sh.600061,0.95,0.98,0.92,0.97,543570
2005/4/1,sh.600061,0.96,1.00,0.93,0.98,572515
2005/4/4,sh.600061,0.98,0.99,0.97,0.97,291245
2005/4/5,sh.600061,0.97,0.98,0.95,0.97,312766
2005/4/6,sh.600061,0.97,1.01,0.96,1.00,510329
2005/4/7,sh.600061,0.98,1.02,0.98,1.00,590082
2005/4/8,sh.600061,1.01,1.02,0.98,1.02,520225
2005/4/11,sh.600061,1.01,1.05,1.00,1.01,500919
2005/4/12,sh.600061,1.01,1.01,0.97,0.97,332500
2005/4/13,sh.600061,0.98,1.00,0.97,1.00,346785
2005/4/14,sh.600061,1.00,1.00,0.96,0.97,209756
2005/4/15,sh.600061,0.97,0.98,0.92,0.94,473455
2005/4/18,sh.600061,0.97,1.04,0.97,1.01,2735748
2005/4/19,sh.600061,1.00,1.00,0.94,0.97,862524
2005/4/20,sh.600061,0.95,0.98,0.94,0.98,463362
2005/4/21,sh.600061,0.95,0.98,0.88,0.88,901880
2005/4/22,sh.600061,0.88,0.88,0.81,0.84,599290
2005/4/25,sh.600061,0.84,0.84,0.81,0.83,368340
2005/4/26,sh.600061,0.83,0.87,0.81,0.86,496939
2005/4/27,sh.600061,0.88,0.90,0.82,0.86,448449
2005/4/28,sh.600061,0.86,0.87,0.82,0.86,511808
2005/4/29,sh.600061,0.86,0.87,0.84,0.85,327390
2005/5/9,sh.600061,0.84,0.84,0.77,0.78,327100
2005/5/10,sh.600061,0.77,0.77,0.70,0.77,821316
2005/5/11,sh.600061,0.75,0.78,0.74,0.74,318900
2005/5/12,sh.600061,0.73,0.77,0.73,0.76,254644
2005/5/13,sh.600061,0.75,0.79,0.75,0.78,1264155
2005/5/16,sh.600061,0.78,0.78,0.73,0.76,437080
2005/5/17,sh.600061,0.76,0.79,0.75,0.78,770575
2005/5/18,sh.600061,0.76,0.78,0.76,0.78,271720
2005/5/19,sh.600061,0.77,0.78,0.76,0.78,467130
2005/5/20,sh.600061,0.78,0.79,0.77,0.78,763190
2005/5/23,sh.600061,0.77,0.77,0.70,0.73,793770
2005/5/24,sh.600061,0.73,0.75,0.71,0.74,496513
2005/5/25,sh.600061,0.74,0.77,0.73,0.76,763329
2005/5/26,sh.600061,0.75,0.76,0.74,0.76,325345
2005/5/27,sh.600061,0.75,0.78,0.74,0.76,421362
2005/5/30,sh.600061,0.75,0.78,0.73,0.78,554016
2005/5/31,sh.600061,0.80,0.82,0.77,0.78,682304
2005/6/1,sh.600061,0.78,0.78,0.76,0.77,307297
2005/6/2,sh.600061,0.75,0.77,0.75,0.77,172450
2005/6/3,sh.600061,0.76,0.78,0.76,0.76,180990
2005/6/6,sh.600061,0.75,0.77,0.75,0.77,155349
2005/6/7,sh.600061,0.77,0.78,0.76,0.76,334299
2005/6/8,sh.600061,0.77,0.82,0.75,0.82,1697474
2005/6/9,sh.600061,0.82,0.82,0.80,0.81,1200790
2005/6/10,sh.600061,0.81,0.82,0.80,0.80,848597
2005/6/13,sh.600061,0.82,0.84,0.81,0.82,890641
2005/6/14,sh.600061,0.83,0.85,0.81,0.81,1002915
2005/6/15,sh.600061,0.80,0.80,0.77,0.78,427600
2005/6/16,sh.600061,0.77,0.79,0.76,0.78,311378
2005/6/17,sh.600061,0.78,0.78,0.77,0.78,313514
2005/6/20,sh.600061,0.76,0.79,0.75,0.79,415494
2005/6/21,sh.600061,0.79,0.79,0.77,0.78,344700
2005/6/22,sh.600061,0.78,0.78,0.77,0.78,249966
2005/6/23,sh.600061,0.78,0.80,0.77,0.80,548095
2005/6/24,sh.600061,0.78,0.80,0.78,0.79,267704
2005/6/27,sh.600061,0.80,0.81,0.79,0.80,729392
2005/6/28,sh.600061,0.80,0.80,0.80,0.80,INVALID
2005/6/29,sh.600061,0.80,0.80,0.73,0.78,403945
2005/6/30,sh.600061,0.78,0.78,0.76,0.76,325161
2005/7/1,sh.600061,0.76,0.76,0.71,0.74,361100
2005/7/4,sh.600061,0.73,0.73,0.70,0.73,420720
2005/7/5,sh.600061,0.70,0.75,0.70,0.72,178648
2005/7/6,sh.600061,0.74,0.75,0.71,0.75,147106
2005/7/7,sh.600061,0.73,0.76,0.73,0.74,274450
2005/7/8,sh.600061,0.74,0.75,0.72,0.74,307179
2005/7/11,sh.600061,0.74,0.78,0.73,0.77,1344834
2005/7/12,sh.600061,0.77,0.77,0.69,0.75,1027114
2005/7/13,sh.600061,0.75,0.76,0.71,0.74,764929
2005/7/14,sh.600061,0.73,0.74,0.72,0.73,192679
2005/7/15,sh.600061,0.66,0.71,0.66,0.71,374740
2005/7/18,sh.600061,0.70,0.70,0.66,0.69,315010
2005/7/19,sh.600061,0.71,0.71,0.67,0.69,153790
2005/7/20,sh.600061,0.68,0.69,0.66,0.69,143906
2005/7/21,sh.600061,0.69,0.70,0.67,0.69,173790
2005/7/22,sh.600061,0.67,0.71,0.67,0.70,408760
2005/7/25,sh.600061,0.70,0.71,0.68,0.69,151800
2005/7/26,sh.600061,0.69,0.71,0.69,0.70,624170
2005/7/27,sh.600061,0.70,0.72,0.70,0.71,342800
2005/7/28,sh.600061,0.72,0.75,0.72,0.73,707197
2005/7/29,sh.600061,0.73,0.75,0.72,0.73,318960
2005/8/1,sh.600061,0.74,0.74,0.70,0.72,228630
2005/8/2,sh.600061,0.71,0.74,0.71,0.73,388382
2005/8/3,sh.600061,0.73,0.78,0.72,0.76,1193764
2005/8/4,sh.600061,0.76,0.78,0.74,0.75,665342
2005/8/5,sh.600061,0.75,0.77,0.74,0.77,424365
2005/8/8,sh.600061,0.77,0.80,0.76,0.80,1574594
2005/8/9,sh.600061,0.80,0.81,0.78,0.80,842140
2005/8/10,sh.600061,0.81,0.83,0.79,0.80,885647
2005/8/11,sh.600061,0.80,0.84,0.80,0.84,1697093
2005/8/12,sh.600061,0.83,0.92,0.82,0.85,2879914
2005/8/15,sh.600061,0.85,0.85,0.80,0.84,1352247
2005/8/16,sh.600061,0.84,0.87,0.83,0.85,1202640
2005/8/17,sh.600061,0.84,0.90,0.81,0.88,1735302
2005/8/18,sh.600061,0.87,0.91,0.82,0.82,1620579
2005/8/19,sh.600061,0.80,0.82,0.79,0.81,952209
2005/8/22,sh.600061,0.80,0.82,0.80,0.82,374437
2005/8/23,sh.600061,0.82,0.82,0.78,0.80,463260
2005/8/24,sh.600061,0.80,0.82,0.78,0.81,598252
2005/8/25,sh.600061,0.81,0.84,0.80,0.84,859874
2005/8/26,sh.600061,0.84,0.85,0.82,0.84,662450
2005/8/29,sh.600061,0.84,0.92,0.83,0.92,5557135
2005/8/30,sh.600061,0.92,0.92,0.86,0.87,3428806
2005/8/31,sh.600061,0.87,0.90,0.84,0.89,2076478
2005/9/1,sh.600061,0.87,0.93,0.82,0.92,2915572
2005/9/2,sh.600061,0.89,0.94,0.89,0.90,1889139
2005/9/5,sh.600061,0.89,0.92,0.88,0.92,1310745
2005/9/6,sh.600061,0.92,0.97,0.89,0.90,2388380
2005/9/7,sh.600061,0.88,0.92,0.88,0.92,982523
2005/9/8,sh.600061,0.92,0.94,0.89,0.90,1454209
2005/9/9,sh.600061,0.91,0.92,0.88,0.88,827851
2005/9/12,sh.600061,0.88,0.91,0.88,0.89,619728
2005/9/13,sh.600061,0.89,0.91,0.88,0.90,812768
2005/9/14,sh.600061,0.90,0.92,0.90,0.92,1004413
2005/9/15,sh.600061,0.91,0.94,0.91,0.93,1704526
2005/9/16,sh.600061,0.95,0.95,0.91,0.92,1140899
2005/9/19,sh.600061,0.93,0.94,0.92,0.94,1250581
2005/9/20,sh.600061,0.94,0.95,0.92,0.94,1367651
2005/9/21,sh.600061,0.94,0.94,0.90,0.92,1312566
2005/9/22,sh.600061,0.93,0.93,0.85,0.85,921500
2005/9/23,sh.600061,0.85,0.88,0.84,0.85,561141
2005/9/26,sh.600061,0.85,0.85,0.82,0.85,379019
2005/9/27,sh.600061,0.85,0.86,0.81,0.81,447430
2005/9/28,sh.600061,0.81,0.83,0.80,0.81,491956
2005/9/29,sh.600061,0.83,0.84,0.82,0.84,628967
2005/9/30,sh.600061,0.84,0.84,0.82,0.82,397421
2005/10/10,sh.600061,0.84,0.84,0.78,0.78,358499
2005/10/11,sh.600061,0.79,0.81,0.77,0.81,254951
2005/10/12,sh.600061,0.81,0.83,0.80,0.82,354150
2005/10/13,sh.600061,0.82,0.83,0.81,0.81,244349
2005/10/14,sh.600061,0.81,0.81,0.78,0.78,358100
2005/10/17,sh.600061,0.78,0.78,0.77,0.78,262242
2005/10/18,sh.600061,0.77,0.80,0.77,0.80,269301
2005/10/19,sh.600061,0.80,0.85,0.78,0.81,977869
2005/10/20,sh.600061,0.80,0.82,0.78,0.81,316060
2005/10/21,sh.600061,0.80,0.82,0.80,0.81,311800
2005/10/24,sh.600061,0.80,0.83,0.80,0.82,371830
2005/10/25,sh.600061,0.82,0.82,0.80,0.80,379890
2005/10/26,sh.600061,0.80,0.81,0.78,0.78,456840
2005/10/27,sh.600061,0.78,0.80,0.77,0.78,353134
2005/10/28,sh.600061,0.78,0.78,0.73,0.75,409333
2005/10/31,sh.600061,0.75,0.76,0.74,0.76,457330
2005/11/1,sh.600061,0.75,0.75,0.73,0.74,299075
2005/11/2,sh.600061,0.75,0.77,0.75,0.76,368116
2005/11/3,sh.600061,0.76,0.81,0.76,0.79,1433091
2005/11/4,sh.600061,0.79,0.80,0.76,0.80,432649
2005/11/7,sh.600061,0.79,0.83,0.78,0.82,857689
2005/11/8,sh.600061,0.82,0.83,0.78,0.82,883089
2005/11/9,sh.600061,0.83,0.83,0.81,0.81,545800
2005/11/10,sh.600061,0.80,0.80,0.77,0.77,375700
2005/11/11,sh.600061,0.76,0.78,0.76,0.78,240347
2005/11/14,sh.600061,0.78,0.78,0.76,0.78,249204
2005/11/15,sh.600061,0.77,0.85,0.77,0.85,5646101
2005/11/16,sh.600061,0.85,0.89,0.83,0.86,4646176
2005/11/17,sh.600061,0.86,0.93,0.85,0.88,3539458
2005/11/18,sh.600061,0.87,0.90,0.86,0.89,2230096
2005/11/21,sh.600061,0.88,0.88,0.86,0.88,2203526
2005/11/22,sh.600061,0.86,0.87,0.84,0.85,1487090
2005/11/23,sh.600061,0.84,0.87,0.84,0.87,839334
2005/11/24,sh.600061,0.86,0.88,0.86,0.87,1575712
2005/11/25,sh.600061,0.87,0.87,0.85,0.86,445586
2005/11/28,sh.600061,0.86,0.86,0.83,0.84,897600
2005/11/29,sh.600061,0.84,0.90,0.83,0.87,1794643
2005/11/30,sh.600061,0.86,0.87,0.85,0.86,657203
2005/12/1,sh.600061,0.86,0.89,0.85,0.88,1271350
2005/12/2,sh.600061,0.88,0.89,0.86,0.88,1009073
2005/12/5,sh.600061,0.88,0.89,0.86,0.89,891682
2005/12/6,sh.600061,0.88,0.89,0.86,0.88,754970
2005/12/7,sh.600061,0.88,0.90,0.87,0.90,1726563
2005/12/8,sh.600061,0.90,0.92,0.88,0.91,2406324
2005/12/9,sh.600061,0.90,0.93,0.89,0.92,3458705
2005/12/12,sh.600061,0.90,0.91,0.89,0.90,1439285
2005/12/13,sh.600061,0.89,0.90,0.87,0.90,1265840
2005/12/14,sh.600061,0.90,0.90,0.88,0.89,785361
2005/12/15,sh.600061,0.89,0.90,0.88,0.89,788377
2005/12/16,sh.600061,0.88,0.89,0.86,0.87,821786
2005/12/19,sh.600061,0.87,0.90,0.87,0.89,1255876
2005/12/20,sh.600061,0.89,0.94,0.89,0.93,3241364
2005/12/21,sh.600061,0.93,0.93,0.91,0.92,1073989
2005/12/22,sh.600061,0.91,0.91,0.89,0.91,740783
2005/12/23,sh.600061,0.91,0.91,0.91,0.91,INVALID
2005/12/26,sh.600061,0.91,0.92,0.90,0.91,840600
2005/12/27,sh.600061,0.91,0.91,0.89,0.89,710796
2005/12/28,sh.600061,0.89,0.90,0.88,0.89,956545
2005/12/29,sh.600061,0.89,0.90,0.87,0.88,1648604
2005/12/30,sh.600061,0.88,0.88,0.85,0.85,1383105
2006/1/4,sh.600061,0.86,0.88,0.85,0.87,636069
2006/1/5,sh.600061,0.86,0.88,0.85,0.88,1016956
2006/1/6,sh.600061,0.87,0.89,0.87,0.88,1319861
2006/1/9,sh.600061,0.89,0.89,0.87,0.89,1233746
2006/1/10,sh.600061,0.89,0.89,0.88,0.89,996170
2006/1/11,sh.600061,0.89,0.89,0.86,0.87,801518
2006/1/12,sh.600061,0.87,0.89,0.86,0.88,916663
2006/1/13,sh.600061,0.88,0.93,0.88,0.92,2491679
2006/1/16,sh.600061,0.91,0.94,0.90,0.90,1779801
2006/1/17,sh.600061,0.89,0.90,0.88,0.89,771507
2006/1/18,sh.600061,0.89,0.93,0.88,0.92,2009590
2006/1/19,sh.600061,0.92,0.96,0.91,0.95,2459124
2006/1/20,sh.600061,0.95,0.95,0.92,0.94,1612011
2006/1/23,sh.600061,0.93,0.93,0.90,0.92,1263412
2006/1/24,sh.600061,0.93,0.94,0.91,0.94,1205068
2006/1/25,sh.600061,0.94,0.96,0.90,0.94,1360973
2006/2/6,sh.600061,0.93,0.96,0.93,0.96,1263951
2006/2/7,sh.600061,0.95,0.97,0.94,0.96,1138881
2006/2/8,sh.600061,0.95,0.98,0.93,0.97,1046127
2006/2/9,sh.600061,1.00,1.00,0.94,0.95,1095251
2006/2/10,sh.600061,0.96,0.96,0.93,0.95,885590
2006/2/13,sh.600061,0.95,0.96,0.92,0.94,820977
2006/2/14,sh.600061,0.93,0.95,0.93,0.94,427526
2006/2/15,sh.600061,0.94,0.95,0.93,0.94,653457
2006/2/16,sh.600061,0.94,0.94,0.90,0.92,834222
2006/2/17,sh.600061,0.93,0.99,0.93,0.97,3586486
2006/2/20,sh.600061,0.96,1.00,0.96,0.98,1941372
2006/2/21,sh.600061,0.97,0.98,0.94,0.96,1189736
2006/2/22,sh.600061,0.96,1.02,0.96,1.01,2689545
2006/2/23,sh.600061,1.01,1.04,0.99,1.03,2659121
2006/2/24,sh.600061,1.02,1.03,1.00,1.01,1278982
2006/2/27,sh.600061,1.01,1.01,0.98,0.99,1290752
2006/2/28,sh.600061,0.98,1.06,0.98,1.06,2657396
2006/3/1,sh.600061,1.05,1.07,1.03,1.04,2226619
2006/3/2,sh.600061,1.03,1.06,1.01,1.01,1832691
2006/3/3,sh.600061,1.01,1.04,0.98,1.01,1572395
2006/3/6,sh.600061,1.01,1.01,0.99,0.99,806109
2006/3/7,sh.600061,0.99,0.99,0.93,0.94,1631436
2006/3/8,sh.600061,0.94,0.96,0.93,0.95,821670
2006/3/9,sh.600061,0.94,0.94,0.91,0.92,684217
2006/3/10,sh.600061,0.93,0.93,0.89,0.92,798383
2006/3/13,sh.600061,0.91,0.93,0.90,0.92,518100
2006/3/14,sh.600061,0.92,0.93,0.90,0.92,352000
2006/3/15,sh.600061,0.92,0.94,0.91,0.93,652339
2006/3/16,sh.600061,0.92,0.93,0.92,0.93,815013
2006/3/17,sh.600061,0.93,0.95,0.91,0.93,693590
2006/3/20,sh.600061,0.93,1.00,0.92,0.97,1397666
2006/3/21,sh.600061,0.98,0.98,0.95,0.96,976990
2006/3/22,sh.600061,0.95,0.97,0.94,0.96,542498
2006/3/23,sh.600061,0.96,0.96,0.94,0.95,1261353
2006/3/24,sh.600061,0.95,0.95,0.92,0.92,1027196
2006/3/27,sh.600061,0.91,0.93,0.91,0.93,539036
2006/3/28,sh.600061,0.93,0.95,0.92,0.94,526720
2006/3/29,sh.600061,0.94,0.95,0.93,0.94,890977
2006/3/30,sh.600061,0.94,0.94,0.91,0.92,647500
2006/3/31,sh.600061,0.92,0.93,0.90,0.92,659201
2006/4/3,sh.600061,0.92,0.93,0.91,0.92,689892
2006/4/4,sh.600061,0.92,0.94,0.91,0.93,1434646
2006/4/5,sh.600061,0.93,0.93,0.91,0.92,1145550
2006/4/6,sh.600061,0.92,0.93,0.92,0.93,1277261
2006/4/7,sh.600061,0.93,0.96,0.92,0.95,1820516
2006/4/10,sh.600061,0.94,1.01,0.94,0.99,2725306
2006/4/11,sh.600061,0.99,1.01,0.97,0.98,1735082
2006/4/12,sh.600061,0.98,0.99,0.97,0.98,931879
2006/4/13,sh.600061,0.98,0.99,0.94,0.94,1106210
2006/4/14,sh.600061,0.93,0.96,0.93,0.95,1040813
2006/4/17,sh.600061,0.95,1.00,0.95,0.99,1608666
2006/4/18,sh.600061,0.98,1.00,0.97,0.98,1109244
2006/4/19,sh.600061,0.97,0.98,0.95,0.96,1057120
2006/4/20,sh.600061,0.96,0.97,0.92,0.93,792477
2006/4/21,sh.600061,0.93,0.94,0.93,0.94,750387
2006/4/24,sh.600061,0.94,0.94,0.94,0.94,INVALID
2006/4/25,sh.600061,0.94,0.94,0.94,0.94,INVALID
2006/4/26,sh.600061,0.94,0.94,0.94,0.94,INVALID
2006/4/27,sh.600061,0.94,0.94,0.94,0.94,INVALID
2006/4/28,sh.600061,0.94,0.94,0.94,0.94,INVALID
2006/5/8,sh.600061,0.94,0.94,0.94,0.94,INVALID
2006/5/9,sh.600061,0.94,0.94,0.94,0.94,INVALID
2006/5/10,sh.600061,0.94,0.94,0.94,0.94,INVALID
2006/5/11,sh.600061,0.94,0.94,0.94,0.94,INVALID
2006/5/12,sh.600061,0.94,0.94,0.94,0.94,INVALID
2006/5/15,sh.600061,0.94,0.94,0.94,0.94,INVALID
2006/5/16,sh.600061,0.94,0.94,0.94,0.94,INVALID
2006/5/17,sh.600061,0.94,0.94,0.94,0.94,INVALID
2006/5/18,sh.600061,0.94,0.94,0.94,0.94,INVALID
2006/5/19,sh.600061,0.94,0.94,0.94,0.94,INVALID
2006/5/22,sh.600061,0.94,0.94,0.94,0.94,INVALID
2006/5/23,sh.600061,0.94,0.94,0.94,0.94,INVALID
2006/5/24,sh.600061,0.94,0.94,0.94,0.94,INVALID
2006/5/25,sh.600061,0.94,0.94,0.94,0.94,INVALID
2006/5/26,sh.600061,0.94,0.94,0.94,0.94,INVALID
2006/5/29,sh.600061,0.94,0.94,0.94,0.94,INVALID
2006/5/30,sh.600061,0.94,0.94,0.94,0.94,INVALID
2006/5/31,sh.600061,1.04,1.04,1.04,1.04,95051
2006/6/1,sh.600061,1.14,1.14,1.14,1.14,70190
2006/6/2,sh.600061,1.25,1.25,1.25,1.25,539121
2006/6/5,sh.600061,1.38,1.38,1.38,1.38,4879379
2006/6/6,sh.600061,1.46,1.51,1.43,1.51,5924823
2006/6/7,sh.600061,1.63,1.67,1.47,1.58,15911298
2006/6/8,sh.600061,1.48,1.54,1.42,1.42,2879500
2006/6/9,sh.600061,1.38,1.56,1.34,1.44,5440403
2006/6/12,sh.600061,1.42,1.44,1.38,1.40,2081536
2006/6/13,sh.600061,1.40,1.42,1.35,1.40,1735270
2006/6/14,sh.600061,1.42,1.47,1.37,1.45,2689598
2006/6/15,sh.600061,1.45,1.47,1.40,1.40,1987230
2006/6/16,sh.600061,1.40,1.42,1.38,1.42,1877889
2006/6/19,sh.600061,1.42,1.47,1.39,1.46,1916674
2006/6/20,sh.600061,1.46,1.56,1.45,1.55,3775156
2006/6/21,sh.600061,1.55,1.55,1.50,1.50,3310759
2006/6/22,sh.600061,1.50,1.54,1.49,1.51,3738056
2006/6/23,sh.600061,1.51,1.51,1.51,1.51,INVALID
2006/6/26,sh.600061,1.51,1.51,1.51,1.51,INVALID
2006/6/27,sh.600061,1.51,1.51,1.51,1.51,INVALID
2006/6/28,sh.600061,1.51,1.51,1.51,1.51,INVALID
2006/6/29,sh.600061,1.51,1.51,1.51,1.51,INVALID
2006/6/30,sh.600061,1.51,1.51,1.51,1.51,INVALID
2006/7/3,sh.600061,1.51,1.51,1.51,1.51,INVALID
2006/7/4,sh.600061,1.51,1.51,1.51,1.51,INVALID
2006/7/5,sh.600061,1.51,1.51,1.51,1.51,INVALID
2006/7/6,sh.600061,1.51,1.51,1.51,1.51,INVALID
2006/7/7,sh.600061,1.51,1.51,1.51,1.51,INVALID
2006/7/10,sh.600061,1.51,1.51,1.51,1.51,INVALID
2006/7/11,sh.600061,1.51,1.51,1.51,1.51,INVALID
2006/7/12,sh.600061,1.51,1.51,1.51,1.51,INVALID
2006/7/13,sh.600061,1.51,1.51,1.51,1.51,INVALID
2006/7/14,sh.600061,1.51,1.51,1.51,1.51,INVALID
2006/7/17,sh.600061,1.51,1.51,1.51,1.51,INVALID
2006/7/18,sh.600061,1.51,1.51,1.51,1.51,INVALID
2006/7/19,sh.600061,1.51,1.51,1.51,1.51,INVALID
2006/7/20,sh.600061,1.51,1.51,1.51,1.51,INVALID
2006/7/21,sh.600061,1.51,1.51,1.51,1.51,INVALID
2006/7/24,sh.600061,1.56,1.64,1.49,1.61,9150383
2006/7/25,sh.600061,1.59,1.61,1.56,1.59,5798469
2006/7/26,sh.600061,1.59,1.64,1.56,1.62,4899017
2006/7/27,sh.600061,1.62,1.62,1.53,1.56,4223800
2006/7/28,sh.600061,1.57,1.59,1.50,1.57,4014010
2006/7/31,sh.600061,1.56,1.59,1.53,1.57,4416172
2006/8/1,sh.600061,1.61,1.71,1.57,1.67,13608258
2006/8/2,sh.600061,1.65,1.66,1.50,1.59,6209878
2006/8/3,sh.600061,1.57,1.57,1.52,1.56,2304610
2006/8/4,sh.600061,1.56,1.56,1.41,1.46,2472169
2006/8/7,sh.600061,1.45,1.46,1.32,1.32,3951386
2006/8/8,sh.600061,1.32,1.45,1.29,1.45,4399083
2006/8/9,sh.600061,1.46,1.60,1.45,1.56,9277626
2006/8/10,sh.600061,1.55,1.59,1.49,1.55,4884563
2006/8/11,sh.600061,1.55,1.57,1.52,1.55,2852099
2006/8/14,sh.600061,1.53,1.64,1.52,1.60,9046362
2006/8/15,sh.600061,1.59,1.65,1.57,1.65,8701212
2006/8/16,sh.600061,1.66,1.70,1.61,1.63,7912261
2006/8/17,sh.600061,1.63,1.72,1.63,1.69,10176372
2006/8/18,sh.600061,1.68,1.68,1.56,1.61,7213927
2006/8/21,sh.600061,1.53,1.60,1.48,1.59,3241877
2006/8/22,sh.600061,1.59,1.59,1.56,1.59,3075065
2006/8/23,sh.600061,1.58,1.59,1.55,1.57,2947121
2006/8/24,sh.600061,1.55,1.61,1.55,1.60,3588970
2006/8/25,sh.600061,1.61,1.67,1.59,1.63,7415225
2006/8/28,sh.600061,1.66,1.71,1.66,1.70,13991934
2006/8/29,sh.600061,1.68,1.70,1.66,1.67,6377783
2006/8/30,sh.600061,1.66,1.66,1.60,1.66,3652959
2006/8/31,sh.600061,1.66,1.67,1.63,1.66,3402135
2006/9/1,sh.600061,1.64,1.64,1.58,1.60,3925376
2006/9/4,sh.600061,1.59,1.65,1.58,1.65,3085586
2006/9/5,sh.600061,1.66,1.70,1.64,1.68,7259518
2006/9/6,sh.600061,1.68,1.72,1.67,1.72,8713572
2006/9/7,sh.600061,1.73,1.78,1.70,1.71,20317587
2006/9/8,sh.600061,1.68,1.70,1.64,1.67,4833796
2006/9/11,sh.600061,1.68,1.68,1.62,1.67,2187169
2006/9/12,sh.600061,1.67,1.67,1.64,1.66,2091109
2006/9/13,sh.600061,1.66,1.66,1.61,1.61,3596541
2006/9/14,sh.600061,1.60,1.65,1.60,1.63,2524998
2006/9/15,sh.600061,1.63,1.64,1.60,1.63,2323136
2006/9/18,sh.600061,1.63,1.65,1.60,1.64,2457167
2006/9/19,sh.600061,1.65,1.65,1.62,1.63,2434465
2006/9/20,sh.600061,1.63,1.64,1.60,1.64,2565915
2006/9/21,sh.600061,1.64,1.68,1.62,1.67,4444512
2006/9/22,sh.600061,1.67,1.67,1.61,1.61,2450952
2006/9/25,sh.600061,1.61,1.66,1.61,1.66,3277655
2006/9/26,sh.600061,1.66,1.71,1.64,1.71,9345046
2006/9/27,sh.600061,1.71,1.75,1.69,1.72,15172820
2006/9/28,sh.600061,1.72,1.72,1.68,1.70,5293017
2006/9/29,sh.600061,1.69,1.71,1.68,1.70,2922618
2006/10/9,sh.600061,1.70,1.72,1.69,1.71,2768661
2006/10/10,sh.600061,1.72,1.88,1.72,1.88,24004617
2006/10/11,sh.600061,1.88,1.88,1.80,1.85,16491369
2006/10/12,sh.600061,1.85,1.91,1.81,1.86,12828123
2006/10/13,sh.600061,1.85,1.85,1.81,1.82,5879054
2006/10/16,sh.600061,1.82,1.83,1.77,1.81,5076278
2006/10/17,sh.600061,1.80,1.81,1.77,1.79,3003552
2006/10/18,sh.600061,1.79,1.83,1.78,1.81,3071464
2006/10/19,sh.600061,1.79,1.85,1.79,1.82,4177078
2006/10/20,sh.600061,1.82,1.83,1.77,1.79,2805331
2006/10/23,sh.600061,1.78,1.79,1.68,1.71,3660662
2006/10/24,sh.600061,1.71,1.76,1.70,1.76,3483301
2006/10/25,sh.600061,1.75,1.78,1.71,1.78,3868347
2006/10/26,sh.600061,1.77,1.77,1.72,1.72,2719780
2006/10/27,sh.600061,1.72,1.73,1.63,1.64,3879636
2006/10/30,sh.600061,1.64,1.64,1.57,1.60,2507145
2006/10/31,sh.600061,1.60,1.68,1.59,1.68,2708847
2006/11/1,sh.600061,1.70,1.75,1.69,1.73,5022411
2006/11/2,sh.600061,1.74,1.74,1.67,1.70,2272525
2006/11/3,sh.600061,1.70,1.72,1.68,1.70,1576443
2006/11/6,sh.600061,1.70,1.71,1.65,1.71,2455429
2006/11/7,sh.600061,1.69,1.69,1.65,1.68,1910288
2006/11/8,sh.600061,1.67,1.71,1.66,1.69,1922098
2006/11/9,sh.600061,1.69,1.72,1.68,1.72,3542195
2006/11/10,sh.600061,1.74,1.74,1.65,1.65,6814664
2006/11/13,sh.600061,1.65,1.65,1.56,1.57,2593470
2006/11/14,sh.600061,1.57,1.60,1.55,1.60,1588916
2006/11/15,sh.600061,1.60,1.60,1.56,1.59,1293883
2006/11/16,sh.600061,1.59,1.59,1.55,1.55,2314164
2006/11/17,sh.600061,1.54,1.55,1.51,1.54,1442457
2006/11/20,sh.600061,1.53,1.55,1.48,1.49,2561060
2006/11/21,sh.600061,1.49,1.52,1.49,1.51,1690631
2006/11/22,sh.600061,1.52,1.56,1.50,1.56,1887457
2006/11/23,sh.600061,1.56,1.56,1.52,1.55,1653073
2006/11/24,sh.600061,1.55,1.56,1.52,1.55,2064776
2006/11/27,sh.600061,1.55,1.59,1.54,1.59,1922261
2006/11/28,sh.600061,1.59,1.66,1.56,1.65,5404873
2006/11/29,sh.600061,1.65,1.67,1.60,1.65,5251192
2006/11/30,sh.600061,1.64,1.70,1.61,1.66,4434727
2006/12/1,sh.600061,1.66,1.66,1.63,1.63,3171043
2006/12/4,sh.600061,1.62,1.66,1.60,1.64,3872438
2006/12/5,sh.600061,1.64,1.68,1.61,1.67,5282416
2006/12/6,sh.600061,1.68,1.70,1.59,1.63,4653365
2006/12/7,sh.600061,1.62,1.66,1.60,1.61,4023740
2006/12/8,sh.600061,1.61,1.61,1.61,1.61,INVALID
2006/12/11,sh.600061,1.53,1.61,1.53,1.61,2364409
2006/12/12,sh.600061,1.62,1.62,1.56,1.59,2253433
2006/12/13,sh.600061,1.57,1.59,1.53,1.56,1793453
2006/12/14,sh.600061,1.56,1.58,1.55,1.57,1963809
2006/12/15,sh.600061,1.56,1.58,1.55,1.58,2266589
2006/12/18,sh.600061,1.58,1.59,1.57,1.59,2916547
2006/12/19,sh.600061,1.59,1.60,1.56,1.57,2963528
2006/12/20,sh.600061,1.57,1.65,1.56,1.63,6199327
2006/12/21,sh.600061,1.61,1.65,1.60,1.63,6634407
2006/12/22,sh.600061,1.62,1.67,1.61,1.67,9603674
2006/12/25,sh.600061,1.67,1.70,1.64,1.66,8401639
2006/12/26,sh.600061,1.66,1.66,1.57,1.59,6085305
2006/12/27,sh.600061,1.58,1.61,1.55,1.61,3913419
2006/12/28,sh.600061,1.60,1.60,1.54,1.58,4008417
2006/12/29,sh.600061,1.58,1.59,1.56,1.57,3099358
2007/1/4,sh.600061,1.56,1.59,1.54,1.55,3891603
2007/1/5,sh.600061,1.55,1.59,1.53,1.59,2626641
2007/1/8,sh.600061,1.59,1.65,1.57,1.64,5352902
2007/1/9,sh.600061,1.65,1.68,1.62,1.67,8556813
2007/1/10,sh.600061,1.67,1.70,1.63,1.70,10470356
2007/1/11,sh.600061,1.71,1.85,1.68,1.79,20614527
2007/1/12,sh.600061,1.77,1.80,1.68,1.69,10760240
2007/1/15,sh.600061,1.69,1.78,1.66,1.77,6403878
2007/1/16,sh.600061,1.76,1.82,1.75,1.79,8427043
2007/1/17,sh.600061,1.79,1.82,1.71,1.75,10430395
2007/1/18,sh.600061,1.75,1.82,1.74,1.81,6893386
2007/1/19,sh.600061,1.81,1.87,1.81,1.86,15173444
2007/1/22,sh.600061,1.89,1.97,1.87,1.97,13911506
2007/1/23,sh.600061,1.98,2.00,1.80,1.95,13988475
2007/1/24,sh.600061,1.96,2.14,1.93,2.07,20722093
2007/1/25,sh.600061,2.04,2.05,1.91,1.93,12154845
2007/1/26,sh.600061,1.91,1.97,1.81,1.92,10096850
2007/1/29,sh.600061,1.93,2.07,1.93,2.06,12743675
2007/1/30,sh.600061,2.11,2.13,2.00,2.07,19510048
2007/1/31,sh.600061,2.04,2.04,1.89,1.92,9296383
2007/2/1,sh.600061,1.89,1.94,1.85,1.92,7714459
2007/2/2,sh.600061,1.92,1.95,1.86,1.87,5057062
2007/2/5,sh.600061,1.87,1.91,1.86,1.89,3973404
2007/2/6,sh.600061,1.90,1.98,1.89,1.98,6177739
2007/2/7,sh.600061,1.98,2.00,1.94,1.98,6829996
2007/2/8,sh.600061,2.00,2.05,1.97,2.05,10642964
2007/2/9,sh.600061,2.05,2.10,2.00,2.05,8732986
2007/2/12,sh.600061,2.05,2.08,2.05,2.08,7464372
2007/2/13,sh.600061,2.08,2.09,2.02,2.08,9306910
2007/2/14,sh.600061,2.08,2.17,2.07,2.17,15526099
2007/2/15,sh.600061,2.19,2.23,2.16,2.21,13753793
2007/2/16,sh.600061,2.23,2.31,2.17,2.23,15511630
2007/2/26,sh.600061,2.26,2.43,2.24,2.42,15547760
2007/2/27,sh.600061,2.42,2.48,2.18,2.18,20352959
2007/2/28,sh.600061,2.14,2.36,2.11,2.33,15161844
2007/3/1,sh.600061,2.34,2.51,2.25,2.47,25516952
2007/3/2,sh.600061,2.47,2.47,2.37,2.44,13849227
2007/3/5,sh.600061,2.45,2.49,2.28,2.38,12551147
2007/3/6,sh.600061,2.37,2.38,2.31,2.37,8288237
2007/3/7,sh.600061,2.38,2.47,2.36,2.46,11381688
2007/3/8,sh.600061,2.52,2.57,2.46,2.53,21301460
2007/3/9,sh.600061,2.54,2.57,2.48,2.51,15225981
2007/3/12,sh.600061,2.52,2.66,2.50,2.63,15570232
2007/3/13,sh.600061,2.63,2.78,2.61,2.69,14517888
2007/3/14,sh.600061,2.68,2.85,2.53,2.78,19830306
2007/3/15,sh.600061,2.77,2.92,2.75,2.85,15163194
2007/3/16,sh.600061,2.85,2.87,2.68,2.72,14739519
2007/3/19,sh.600061,2.60,2.77,2.56,2.73,9788582
2007/3/20,sh.600061,2.76,2.88,2.76,2.88,13029356
2007/3/21,sh.600061,2.89,2.92,2.83,2.91,12735268
2007/3/22,sh.600061,2.92,2.97,2.88,2.91,12387734
2007/3/23,sh.600061,2.89,2.94,2.82,2.93,12325020
2007/3/26,sh.600061,2.95,3.12,2.95,3.11,13482226
2007/3/27,sh.600061,3.11,3.26,3.05,3.18,14000003
2007/3/28,sh.600061,3.18,3.23,2.96,3.11,17224339
2007/3/29,sh.600061,3.11,3.12,2.90,2.91,14469458
2007/3/30,sh.600061,2.88,2.99,2.84,2.95,8250883
2007/4/2,sh.600061,2.95,3.01,2.92,3.01,7826219
2007/4/3,sh.600061,3.01,3.11,3.01,3.08,9100888
2007/4/4,sh.600061,3.09,3.15,3.01,3.12,11528346
2007/4/5,sh.600061,3.14,3.24,3.10,3.21,17164425
2007/4/6,sh.600061,3.18,3.30,3.14,3.28,17061142
2007/4/9,sh.600061,3.28,3.47,3.28,3.42,18664721
2007/4/10,sh.600061,3.41,3.44,3.27,3.40,14445817
2007/4/11,sh.600061,3.41,3.50,3.33,3.49,19467126
2007/4/12,sh.600061,3.50,3.67,3.48,3.63,17180740
2007/4/13,sh.600061,3.63,3.81,3.63,3.67,22278471
2007/4/16,sh.600061,3.66,3.82,3.66,3.76,13819033
2007/4/17,sh.600061,3.79,4.14,3.78,4.14,28406485
2007/4/18,sh.600061,4.21,4.39,4.15,4.29,19074344
2007/4/19,sh.600061,4.27,4.27,3.86,3.86,21238211
2007/4/20,sh.600061,3.85,4.22,3.85,4.15,18416567
2007/4/23,sh.600061,4.18,4.37,4.18,4.33,18921673
2007/4/24,sh.600061,4.35,4.40,4.23,4.31,20308420
2007/4/25,sh.600061,4.27,4.27,4.06,4.18,18581351
2007/4/26,sh.600061,4.18,4.18,4.18,4.18,INVALID
2007/4/27,sh.600061,4.28,4.59,4.25,4.55,28939852
2007/4/30,sh.600061,4.51,4.51,4.32,4.42,18221968
2007/5/8,sh.600061,4.53,4.80,4.46,4.69,19662480
2007/5/9,sh.600061,4.81,5.16,4.81,5.16,38186654
2007/5/10,sh.600061,5.15,5.24,4.92,5.13,21052162
2007/5/11,sh.600061,5.03,5.09,4.90,5.02,13257906
2007/5/14,sh.600061,4.97,5.10,4.85,5.03,14783136
2007/5/15,sh.600061,5.03,5.06,4.63,4.65,16337329
2007/5/16,sh.600061,4.63,4.74,4.34,4.70,15208627
2007/5/17,sh.600061,4.71,4.89,4.63,4.84,15447496
2007/5/18,sh.600061,4.85,5.03,4.75,5.00,21491215
2007/5/21,sh.600061,4.82,5.14,4.75,5.08,23311408
2007/5/22,sh.600061,5.10,5.32,5.05,5.12,22789194
2007/5/23,sh.600061,5.10,5.32,5.06,5.32,27601215
2007/5/24,sh.600061,5.33,5.60,5.27,5.48,35221375
2007/5/25,sh.600061,5.45,5.50,5.32,5.42,20052140
2007/5/28,sh.600061,5.42,5.56,5.41,5.47,22762086
2007/5/29,sh.600061,5.47,5.49,5.24,5.38,23554414
2007/5/30,sh.600061,5.03,5.29,4.84,4.84,19713215
2007/5/31,sh.600061,4.63,4.75,4.36,4.37,17858900
2007/6/1,sh.600061,4.37,4.48,3.94,3.94,14737974
2007/6/4,sh.600061,3.78,3.78,3.54,3.54,7033978
2007/6/5,sh.600061,3.19,3.45,3.19,3.44,21147768
2007/6/6,sh.600061,3.49,3.60,3.33,3.49,18108480
2007/6/7,sh.600061,3.52,3.72,3.41,3.71,16898822
2007/6/8,sh.600061,3.70,3.82,3.61,3.67,16170594
2007/6/11,sh.600061,3.67,3.70,3.54,3.58,15638387
2007/6/12,sh.600061,3.59,3.62,3.22,3.51,17321987
2007/6/13,sh.600061,3.51,3.87,3.51,3.87,24631022
2007/6/14,sh.600061,3.98,4.11,3.76,3.91,31748986
2007/6/15,sh.600061,3.88,3.93,3.66,3.79,13590206
2007/6/18,sh.600061,3.87,3.99,3.80,3.89,14200897
2007/6/19,sh.600061,3.89,3.92,3.71,3.90,12110929
2007/6/20,sh.600061,3.88,4.04,3.73,3.76,14158009
2007/6/21,sh.600061,3.70,3.80,3.48,3.67,12893867
2007/6/22,sh.600061,3.65,3.66,3.30,3.30,12384669
2007/6/25,sh.600061,3.30,3.36,2.97,2.97,11851874
2007/6/26,sh.600061,2.84,3.14,2.78,3.12,9748740
2007/6/27,sh.600061,3.10,3.17,2.92,3.12,12388285
2007/6/28,sh.600061,3.12,3.24,2.82,2.85,12582716
2007/6/29,sh.600061,2.83,2.89,2.58,2.71,9128594
2007/7/2,sh.600061,2.70,2.93,2.70,2.92,10455765
2007/7/3,sh.600061,2.95,2.96,2.82,2.90,7369681
2007/7/4,sh.600061,2.92,2.92,2.78,2.80,4161014
2007/7/5,sh.600061,2.77,2.77,2.58,2.58,6248077
2007/7/6,sh.600061,2.62,2.84,2.59,2.84,9365649
2007/7/9,sh.600061,2.95,3.05,2.90,2.98,15729587
2007/7/10,sh.600061,2.99,2.99,2.79,2.86,7696967
2007/7/11,sh.600061,2.86,3.01,2.86,2.96,5846224
2007/7/12,sh.600061,2.95,3.03,2.90,3.01,8992434
2007/7/13,sh.600061,3.00,3.00,2.89,2.94,3860185
2007/7/16,sh.600061,2.95,2.96,2.81,2.82,4478754
2007/7/17,sh.600061,2.78,2.93,2.74,2.90,4836995
2007/7/18,sh.600061,2.88,2.92,2.82,2.86,3147344
2007/7/19,sh.600061,2.86,2.92,2.83,2.91,3136684
2007/7/20,sh.600061,2.92,3.01,2.89,2.99,9192184
2007/7/23,sh.600061,2.95,3.29,2.95,3.23,16784882
2007/7/24,sh.600061,3.23,3.34,3.13,3.17,13592006
2007/7/25,sh.600061,3.13,3.30,3.13,3.28,10820620
2007/7/26,sh.600061,3.30,3.43,3.25,3.37,11366714
2007/7/27,sh.600061,3.36,3.54,3.28,3.49,15669982
2007/7/30,sh.600061,3.47,3.55,3.44,3.50,14658415
2007/7/31,sh.600061,3.47,3.73,3.36,3.67,15588855
2007/8/1,sh.600061,3.67,3.67,3.31,3.32,12596755
2007/8/2,sh.600061,3.30,3.65,3.30,3.62,15143682
2007/8/3,sh.600061,3.73,3.78,3.58,3.70,36760674
2007/8/6,sh.600061,3.68,3.68,3.51,3.63,11809707
2007/8/7,sh.600061,3.62,3.63,3.50,3.55,9315502
2007/8/8,sh.600061,3.48,3.53,3.33,3.41,8525602
2007/8/9,sh.600061,3.41,3.52,3.41,3.41,6542416
2007/8/10,sh.600061,3.41,3.46,3.24,3.34,6634519
2007/8/13,sh.600061,3.29,3.43,3.23,3.39,6808860
2007/8/14,sh.600061,3.39,3.54,3.37,3.51,9627483
2007/8/15,sh.600061,3.47,3.54,3.30,3.41,6055761
2007/8/16,sh.600061,3.40,3.50,3.33,3.50,6516701
2007/8/17,sh.600061,3.52,3.61,3.48,3.54,10222157
2007/8/20,sh.600061,3.58,3.69,3.58,3.62,9888930
2007/8/21,sh.600061,3.64,3.65,3.54,3.58,9108326
2007/8/22,sh.600061,3.58,3.58,3.58,3.58,INVALID
2007/8/23,sh.600061,3.58,3.58,3.58,3.58,INVALID
2007/8/24,sh.600061,3.58,3.58,3.58,3.58,INVALID
2007/8/27,sh.600061,3.94,3.94,3.94,3.94,2275359
2007/8/28,sh.600061,4.33,4.33,3.94,4.06,50859008
2007/8/29,sh.600061,3.88,3.98,3.78,3.83,16827453
2007/8/30,sh.600061,3.79,3.99,3.77,3.94,13142060
2007/8/31,sh.600061,4.02,4.08,3.95,3.96,10621574
2007/9/3,sh.600061,3.98,4.11,3.97,4.04,12889411
2007/9/4,sh.600061,4.02,4.06,3.91,3.92,10435936
2007/9/5,sh.600061,3.92,3.99,3.84,3.92,7044616
2007/9/6,sh.600061,3.96,4.04,3.93,4.00,10586131
2007/9/7,sh.600061,3.98,4.00,3.87,3.87,7815976
2007/9/10,sh.600061,3.82,4.10,3.76,4.09,13100260
2007/9/11,sh.600061,4.12,4.25,3.81,3.84,17206757
2007/9/12,sh.600061,3.84,4.22,3.82,4.22,26023616
2007/9/13,sh.600061,4.22,4.63,4.14,4.47,32984833
2007/9/14,sh.600061,4.56,4.91,4.43,4.91,38860836
2007/9/17,sh.600061,5.18,5.40,4.83,4.94,27934193
2007/9/18,sh.600061,4.98,5.15,4.72,4.98,17816604
2007/9/19,sh.600061,4.92,5.32,4.87,5.25,20830094
2007/9/20,sh.600061,5.27,5.43,5.03,5.13,16642472
2007/9/21,sh.600061,5.13,5.13,5.13,5.13,INVALID
2007/9/24,sh.600061,5.11,5.11,4.64,4.70,14861389
2007/9/25,sh.600061,4.70,4.85,4.52,4.58,8626916
2007/9/26,sh.600061,4.53,4.68,4.48,4.56,6037016
2007/9/27,sh.600061,4.59,4.67,4.54,4.61,5131125
2007/9/28,sh.600061,4.63,4.72,4.53,4.65,7681163
2007/10/8,sh.600061,4.75,4.75,4.51,4.51,6692272
2007/10/9,sh.600061,4.50,4.51,4.36,4.45,7272166
2007/10/10,sh.600061,4.58,4.86,4.58,4.69,11466591
2007/10/11,sh.600061,4.67,4.75,4.48,4.51,6558389
2007/10/12,sh.600061,4.48,4.63,4.21,4.39,9042922
2007/10/15,sh.600061,4.40,4.51,4.22,4.31,5966879
2007/10/16,sh.600061,4.31,4.66,4.25,4.57,8102477
2007/10/17,sh.600061,4.60,4.70,4.49,4.59,5759757
2007/10/18,sh.600061,4.53,4.63,4.40,4.40,4597903
2007/10/19,sh.600061,4.43,4.54,4.29,4.34,3019826
2007/10/22,sh.600061,4.33,4.33,4.05,4.10,4191254
2007/10/23,sh.600061,4.00,4.16,3.85,4.06,3861417
2007/10/24,sh.600061,4.05,4.17,3.94,3.96,5341509
2007/10/25,sh.600061,3.92,3.99,3.57,3.87,7652599
2007/10/26,sh.600061,3.87,4.16,3.62,4.16,11902959
2007/10/29,sh.600061,4.15,4.58,4.00,4.52,16119906
2007/10/30,sh.600061,4.53,4.79,4.51,4.62,9892589
2007/10/31,sh.600061,4.75,4.75,4.53,4.72,9329490
2007/11/1,sh.600061,4.69,4.90,4.64,4.79,11339409
2007/11/2,sh.600061,4.65,4.98,4.57,4.87,11419238
2007/11/5,sh.600061,4.92,5.35,4.92,5.23,18658036
2007/11/6,sh.600061,5.21,5.35,5.05,5.22,13006600
2007/11/7,sh.600061,5.13,5.35,4.70,4.80,23586426
2007/11/8,sh.600061,4.80,4.92,4.40,4.56,14263040
2007/11/9,sh.600061,4.41,4.69,4.18,4.68,8797158
2007/11/12,sh.600061,4.57,4.85,4.51,4.59,9043044
2007/11/13,sh.600061,4.56,4.72,4.40,4.46,5312134
2007/11/14,sh.600061,4.47,4.91,4.47,4.91,9910223
2007/11/15,sh.600061,5.40,5.40,4.75,4.80,22711751
2007/11/16,sh.600061,4.64,5.08,4.50,4.99,12445552
2007/11/19,sh.600061,4.99,5.18,4.94,5.07,9205732
2007/11/20,sh.600061,4.97,5.15,4.97,5.02,6737028
2007/11/21,sh.600061,5.03,5.16,4.89,5.10,9817910
2007/11/22,sh.600061,5.01,5.05,4.75,4.76,7246123
2007/11/23,sh.600061,4.62,4.91,4.62,4.90,4933496
2007/11/26,sh.600061,4.98,5.39,4.90,5.25,22389332
2007/11/27,sh.600061,5.23,5.31,5.00,5.24,14755695
2007/11/28,sh.600061,5.26,5.29,5.02,5.12,7484372
2007/11/29,sh.600061,5.14,5.30,4.89,5.29,15428539
2007/11/30,sh.600061,5.28,5.79,5.12,5.61,34122114
2007/12/3,sh.600061,5.61,5.95,5.51,5.59,22273053
2007/12/4,sh.600061,5.51,6.15,5.46,6.15,26612900
2007/12/5,sh.600061,6.05,6.28,5.95,6.05,21325894
2007/12/6,sh.600061,6.04,6.51,5.97,6.15,21196627
2007/12/7,sh.600061,6.13,6.34,5.99,6.19,16308899
2007/12/10,sh.600061,6.08,6.57,5.91,6.41,20276924
2007/12/11,sh.600061,6.37,6.60,6.28,6.43,13457557
2007/12/12,sh.600061,6.37,6.50,6.28,6.33,10617501
2007/12/13,sh.600061,6.28,6.45,6.10,6.12,12851613
2007/12/14,sh.600061,6.05,6.16,5.75,5.96,12789309
2007/12/17,sh.600061,5.93,6.56,5.91,6.56,25515804
2007/12/18,sh.600061,6.56,6.63,6.26,6.36,12350730
2007/12/19,sh.600061,6.47,6.60,6.31,6.46,10079682
2007/12/20,sh.600061,6.48,6.80,6.39,6.68,14238702
2007/12/21,sh.600061,6.63,6.90,6.59,6.70,12025974
2007/12/24,sh.600061,6.71,6.80,6.61,6.67,12355664
2007/12/25,sh.600061,6.65,6.89,6.54,6.67,10098662
2007/12/26,sh.600061,6.68,6.74,6.47,6.61,10921799
2007/12/27,sh.600061,6.61,6.94,6.48,6.89,17896333
2007/12/28,sh.600061,6.87,7.04,6.71,6.73,11095527
2008/1/2,sh.600061,6.74,6.90,6.54,6.78,10926078
2008/1/3,sh.600061,6.75,7.13,6.64,7.02,16707320
2008/1/4,sh.600061,7.03,7.18,6.89,7.01,10762573
2008/1/7,sh.600061,6.93,7.03,6.77,6.89,12646732
2008/1/8,sh.600061,6.89,7.38,6.83,7.07,20571413
2008/1/9,sh.600061,7.00,7.54,6.97,7.49,20284666
2008/1/10,sh.600061,7.55,7.71,7.36,7.58,14186680
2008/1/11,sh.600061,7.61,8.19,7.61,8.06,20356737
2008/1/14,sh.600061,8.08,8.36,7.87,8.12,13905229
2008/1/15,sh.600061,8.10,8.21,7.93,8.08,9981712
2008/1/16,sh.600061,7.99,8.01,7.59,7.71,12395551
2008/1/17,sh.600061,7.68,7.95,7.06,7.41,12646248
2008/1/18,sh.600061,7.38,7.72,7.15,7.65,8951312
2008/1/21,sh.600061,7.57,7.64,6.89,6.89,12168288
2008/1/22,sh.600061,6.37,6.60,6.20,6.20,12438035
2008/1/23,sh.600061,6.20,6.20,6.20,6.20,INVALID
2008/1/24,sh.600061,6.54,6.64,6.37,6.46,13507149
2008/1/25,sh.600061,6.42,6.75,6.13,6.56,11146953
2008/1/28,sh.600061,6.42,6.42,5.90,5.90,8514902
2008/1/29,sh.600061,5.82,6.13,5.50,5.85,8441871
2008/1/30,sh.600061,5.90,6.06,5.62,5.96,6141611
2008/1/31,sh.600061,5.99,6.16,5.77,5.78,6336015
2008/2/1,sh.600061,5.72,5.88,5.20,5.20,10414731
2008/2/4,sh.600061,5.35,5.72,5.30,5.71,6436224
2008/2/5,sh.600061,5.76,5.76,5.49,5.59,5220044
2008/2/13,sh.600061,5.67,6.13,5.54,5.89,7058904
2008/2/14,sh.600061,5.89,6.16,5.85,6.09,5627608
2008/2/15,sh.600061,6.12,6.12,5.84,6.00,4937145
2008/2/18,sh.600061,6.03,6.24,6.02,6.15,5822184
2008/2/19,sh.600061,6.20,6.25,6.04,6.16,5677609
2008/2/20,sh.600061,6.19,6.22,5.90,5.94,6787005
2008/2/21,sh.600061,5.89,5.96,5.62,5.92,6909524
2008/2/22,sh.600061,5.89,6.05,5.75,5.95,6262335
2008/2/25,sh.600061,5.95,5.98,5.51,5.62,4704706
2008/2/26,sh.600061,5.73,6.01,5.50,5.71,3757262
2008/2/27,sh.600061,5.79,5.92,5.68,5.88,3383367
2008/2/28,sh.600061,5.93,5.93,5.68,5.78,3470493
2008/2/29,sh.600061,5.67,6.12,5.67,6.08,8341931
2008/3/3,sh.600061,6.11,6.27,5.96,6.22,9419569
2008/3/4,sh.600061,6.21,6.34,6.11,6.12,8129090
2008/3/5,sh.600061,6.07,6.27,5.96,6.26,5589028
2008/3/6,sh.600061,6.37,6.88,6.37,6.88,17086929
2008/3/7,sh.600061,6.99,7.14,6.65,6.88,18793976
2008/3/10,sh.600061,6.74,6.75,6.22,6.26,8725610
2008/3/11,sh.600061,6.19,6.35,6.01,6.33,5419940
2008/3/12,sh.600061,6.48,6.54,5.91,5.95,6221546
2008/3/13,sh.600061,5.79,5.96,5.38,5.60,5531893
2008/3/14,sh.600061,5.56,5.87,5.50,5.75,3276595
2008/3/17,sh.600061,5.72,5.73,5.18,5.18,4851880
2008/3/18,sh.600061,5.09,5.21,4.66,4.66,5246847
2008/3/19,sh.600061,4.77,4.95,4.53,4.93,6393763
2008/3/20,sh.600061,4.79,5.15,4.57,5.07,5191180
2008/3/21,sh.600061,5.21,5.37,5.15,5.24,6182461
2008/3/24,sh.600061,5.27,5.31,4.98,5.08,4843352
2008/3/25,sh.600061,4.98,5.54,4.92,5.50,7419518
2008/3/26,sh.600061,5.59,5.60,5.32,5.41,4961857
2008/3/27,sh.600061,5.26,5.29,4.95,4.96,3800703
2008/3/28,sh.600061,4.94,5.14,4.72,5.09,3197904
2008/3/31,sh.600061,4.92,5.07,4.69,4.73,3025632
2008/4/1,sh.600061,4.69,4.77,4.26,4.26,5697749
2008/4/2,sh.600061,4.22,4.39,3.83,3.86,5712214
2008/4/3,sh.600061,3.79,3.99,3.65,3.89,3755677
2008/4/7,sh.600061,3.80,4.16,3.69,4.13,4042352
2008/4/8,sh.600061,4.15,4.37,4.06,4.22,4659349
2008/4/9,sh.600061,4.22,4.25,3.92,3.94,3987630
2008/4/10,sh.600061,3.86,4.01,3.76,4.01,2965467
2008/4/11,sh.600061,4.03,4.34,3.99,4.25,3840920
2008/4/14,sh.600061,4.05,4.16,3.88,3.88,3226249
2008/4/15,sh.600061,3.88,4.18,3.88,4.17,4074114
2008/4/16,sh.600061,4.17,4.17,4.17,4.17,INVALID
2008/4/17,sh.600061,3.91,4.07,3.83,3.90,3827554
2008/4/18,sh.600061,3.85,3.90,3.51,3.54,4580618
2008/4/21,sh.600061,3.79,3.82,3.52,3.56,3407754
2008/4/22,sh.600061,3.50,3.81,3.30,3.77,4211448
2008/4/23,sh.600061,3.73,3.87,3.65,3.82,3484381
2008/4/24,sh.600061,4.20,4.20,3.98,4.14,10642641
2008/4/25,sh.600061,4.05,4.34,3.97,4.25,8790901
2008/4/28,sh.600061,4.08,4.21,4.02,4.08,3936899
2008/4/29,sh.600061,4.06,4.26,4.05,4.13,2887259
2008/4/30,sh.600061,4.14,4.26,4.10,4.20,4729014
2008/5/5,sh.600061,4.28,4.50,4.08,4.40,7012564
2008/5/6,sh.600061,4.37,4.57,4.27,4.42,7921246
2008/5/7,sh.600061,4.40,4.42,4.14,4.14,4894741
2008/5/8,sh.600061,4.14,4.34,4.12,4.29,3425651
2008/5/9,sh.600061,4.30,4.42,4.17,4.29,4500736
2008/5/12,sh.600061,4.22,4.57,4.17,4.51,6342594
2008/5/13,sh.600061,4.32,4.56,4.28,4.51,7493991
2008/5/14,sh.600061,4.51,4.75,4.47,4.67,8550383
2008/5/15,sh.600061,4.74,4.79,4.58,4.62,7667971
2008/5/16,sh.600061,4.57,4.66,4.43,4.52,4704869
2008/5/19,sh.600061,4.59,4.76,4.54,4.64,5852214
2008/5/20,sh.600061,4.58,4.69,4.17,4.22,5631499
2008/5/21,sh.600061,4.11,4.32,3.88,4.24,4915415
2008/5/22,sh.600061,4.17,4.43,4.11,4.21,4180121
2008/5/23,sh.600061,4.16,4.25,4.00,4.06,3889298
2008/5/26,sh.600061,3.97,4.05,3.91,3.98,3636452
2008/5/27,sh.600061,3.96,4.02,3.92,4.00,1628456
2008/5/28,sh.600061,4.00,4.10,3.98,4.06,2074767
2008/5/29,sh.600061,4.04,4.09,3.80,3.83,3341515
2008/5/30,sh.600061,3.84,3.92,3.68,3.77,2872978
2008/6/2,sh.600061,3.79,3.86,3.70,3.84,2940018
2008/6/3,sh.600061,3.92,4.02,3.85,3.90,3376190
2008/6/4,sh.600061,3.93,3.93,3.72,3.78,1810526
2008/6/5,sh.600061,3.78,3.88,3.72,3.79,1611791
2008/6/6,sh.600061,3.90,3.90,3.76,3.80,1406918
2008/6/10,sh.600061,3.54,3.67,3.41,3.41,2830921
2008/6/11,sh.600061,3.28,3.43,3.18,3.38,2964852
2008/6/12,sh.600061,3.44,3.72,3.36,3.72,7155207
2008/6/13,sh.600061,3.87,4.09,3.76,3.94,21356504
2008/6/16,sh.600061,3.76,3.76,3.54,3.54,9943049
2008/6/17,sh.600061,3.41,3.47,3.19,3.19,7910949
2008/6/18,sh.600061,2.97,3.38,2.87,3.24,9346030
2008/6/19,sh.600061,3.10,3.15,2.92,2.92,4748668
2008/6/20,sh.600061,2.89,3.04,2.63,2.83,5698445
2008/6/23,sh.600061,2.79,2.86,2.69,2.75,2377609
2008/6/24,sh.600061,2.77,2.90,2.75,2.86,2293596
2008/6/25,sh.600061,2.89,3.06,2.86,3.04,3722520
2008/6/26,sh.600061,3.12,3.30,3.11,3.14,6404846
2008/6/27,sh.600061,3.00,3.07,2.83,2.90,4554760
2008/6/30,sh.600061,2.84,2.97,2.79,2.80,2513013
2008/7/1,sh.600061,2.84,3.08,2.80,3.04,4660437
2008/7/2,sh.600061,2.99,3.12,2.95,3.01,3895548
2008/7/3,sh.600061,2.95,3.17,2.94,3.08,3958358
2008/7/4,sh.600061,3.03,3.12,2.99,3.06,2391477
2008/7/7,sh.600061,3.05,3.20,3.04,3.19,3711115
2008/7/8,sh.600061,3.18,3.51,3.11,3.42,6899506
2008/7/9,sh.600061,3.40,3.63,3.36,3.59,7601089
2008/7/10,sh.600061,3.49,3.57,3.41,3.44,5370868
2008/7/11,sh.600061,3.40,3.47,3.30,3.36,2847764
2008/7/14,sh.600061,3.37,3.47,3.33,3.47,2080689
2008/7/15,sh.600061,3.50,3.51,3.19,3.26,2862031
2008/7/16,sh.600061,3.24,3.37,3.12,3.23,3251679
2008/7/17,sh.600061,3.33,3.35,3.18,3.22,3072908
2008/7/18,sh.600061,3.25,3.38,3.21,3.36,3439108
2008/7/21,sh.600061,3.35,3.45,3.21,3.44,5105590
2008/7/22,sh.600061,3.36,3.58,3.35,3.49,5715492
2008/7/23,sh.600061,3.47,3.51,3.31,3.33,5727828
2008/7/24,sh.600061,3.37,3.54,3.37,3.44,7778634
2008/7/25,sh.600061,3.40,3.55,3.37,3.50,5293457
2008/7/28,sh.600061,3.52,3.62,3.50,3.51,4012246
2008/7/29,sh.600061,3.50,3.55,3.45,3.47,2794165
2008/7/30,sh.600061,3.51,3.55,3.42,3.47,2646208
2008/7/31,sh.600061,3.48,3.48,3.17,3.24,4221488
2008/8/1,sh.600061,3.33,3.43,3.28,3.34,3774193
2008/8/4,sh.600061,3.36,3.37,3.18,3.20,2572552
2008/8/5,sh.600061,3.08,3.21,3.02,3.03,2003587
2008/8/6,sh.600061,3.10,3.11,2.95,3.05,1290493
2008/8/7,sh.600061,3.05,3.16,3.05,3.12,1385021
2008/8/8,sh.600061,3.12,3.12,2.81,2.81,2751676
2008/8/11,sh.600061,2.81,2.88,2.53,2.53,2757423
2008/8/12,sh.600061,2.52,2.57,2.44,2.52,1390284
2008/8/13,sh.600061,2.52,2.52,2.34,2.48,1542390
2008/8/14,sh.600061,2.50,2.57,2.45,2.52,1195155
2008/8/15,sh.600061,2.47,2.56,2.46,2.53,1297884
2008/8/18,sh.600061,2.54,2.55,2.28,2.28,1692513
2008/8/19,sh.600061,2.28,2.36,2.23,2.34,1146719
2008/8/20,sh.600061,2.31,2.57,2.26,2.55,2602887
2008/8/21,sh.600061,2.49,2.62,2.44,2.53,2421175
2008/8/22,sh.600061,2.56,2.69,2.47,2.63,3685023
2008/8/25,sh.600061,2.65,2.71,2.55,2.61,2047243
2008/8/26,sh.600061,2.55,2.58,2.35,2.38,2948905
2008/8/27,sh.600061,2.35,2.43,2.31,2.40,2458135
2008/8/28,sh.600061,2.40,2.42,2.33,2.37,1304739
2008/8/29,sh.600061,2.34,2.49,2.34,2.42,2130346
2008/9/1,sh.600061,2.41,2.41,2.31,2.33,2122669
2008/9/2,sh.600061,2.32,2.43,2.26,2.40,2433621
2008/9/3,sh.600061,2.40,2.42,2.27,2.41,2488302
2008/9/4,sh.600061,2.41,2.58,2.41,2.50,5188518
2008/9/5,sh.600061,2.42,2.52,2.35,2.36,3106558
2008/9/8,sh.600061,2.37,2.60,2.36,2.60,12911936
2008/9/9,sh.600061,2.60,2.82,2.53,2.63,15541437
2008/9/10,sh.600061,2.56,2.78,2.52,2.69,10752364
2008/9/11,sh.600061,2.66,2.70,2.48,2.56,10606945
2008/9/12,sh.600061,2.56,2.62,2.51,2.52,6693049
2008/9/16,sh.600061,2.48,2.48,2.28,2.30,6365462
2008/9/17,sh.600061,2.29,2.35,2.12,2.26,5680942
2008/9/18,sh.600061,2.20,2.25,2.04,2.15,3890473
2008/9/19,sh.600061,2.37,2.37,2.29,2.37,4485709
2008/9/22,sh.600061,2.52,2.60,2.36,2.55,8357618
2008/9/23,sh.600061,2.42,2.48,2.34,2.47,5272530
2008/9/24,sh.600061,2.49,2.72,2.49,2.70,12521208
2008/9/25,sh.600061,2.63,2.78,2.59,2.67,10441933
2008/9/26,sh.600061,2.66,2.70,2.52,2.56,6898975
2008/10/6,sh.600061,2.49,2.51,2.42,2.43,3732660
2008/10/7,sh.600061,2.37,2.46,2.29,2.43,2735687
2008/10/8,sh.600061,2.36,2.43,2.30,2.33,2553856
2008/10/9,sh.600061,2.38,2.40,2.19,2.21,4539369
2008/10/10,sh.600061,2.11,2.14,1.99,1.99,4988401
2008/10/13,sh.600061,1.96,2.08,1.85,2.07,2470741
2008/10/14,sh.600061,2.14,2.17,1.93,1.93,2961962
2008/10/15,sh.600061,1.92,1.97,1.85,1.89,2267294
2008/10/16,sh.600061,1.84,1.84,1.71,1.71,2860871
2008/10/17,sh.600061,1.79,1.83,1.74,1.78,3160453
2008/10/20,sh.600061,1.78,1.78,1.78,1.78,INVALID
2008/10/21,sh.600061,1.85,1.96,1.80,1.96,6019031
2008/10/22,sh.600061,2.02,2.11,1.96,1.96,12551111
2008/10/23,sh.600061,1.82,1.86,1.79,1.86,6335221
2008/10/24,sh.600061,1.86,1.87,1.79,1.81,2630643
2008/10/27,sh.600061,1.76,1.78,1.63,1.63,4067716
2008/10/28,sh.600061,1.57,1.67,1.52,1.65,3847002
2008/10/29,sh.600061,1.67,1.67,1.55,1.56,2344428
2008/10/30,sh.600061,1.56,1.65,1.52,1.62,2420021
2008/10/31,sh.600061,1.68,1.68,1.57,1.59,1782234
2008/11/3,sh.600061,1.59,1.60,1.56,1.57,1322736
2008/11/4,sh.600061,1.57,1.60,1.52,1.54,1394896
2008/11/5,sh.600061,1.54,1.63,1.54,1.58,2979455
2008/11/6,sh.600061,1.55,1.61,1.48,1.59,2103310
2008/11/7,sh.600061,1.59,1.66,1.53,1.63,3220917
2008/11/10,sh.600061,1.67,1.74,1.63,1.73,4903153
2008/11/11,sh.600061,1.72,1.72,1.67,1.67,3970634
2008/11/12,sh.600061,1.67,1.74,1.62,1.73,3392169
2008/11/13,sh.600061,1.71,1.84,1.70,1.80,5778403
2008/11/14,sh.600061,1.85,1.87,1.74,1.85,8470195
2008/11/17,sh.600061,1.83,1.97,1.81,1.96,8181027
2008/11/18,sh.600061,1.94,2.01,1.76,1.76,9265294
2008/11/19,sh.600061,1.76,1.88,1.76,1.87,5531075
2008/11/20,sh.600061,2.05,2.06,1.99,2.06,22604825
2008/11/21,sh.600061,2.00,2.03,1.85,1.93,16192951
2008/11/24,sh.600061,1.94,1.96,1.78,1.80,6108885
2008/11/25,sh.600061,1.83,1.86,1.71,1.78,4884979
2008/11/26,sh.600061,1.75,1.81,1.75,1.79,3297981
2008/11/27,sh.600061,1.92,1.93,1.81,1.81,5645407
2008/11/28,sh.600061,1.78,1.83,1.74,1.77,3273774
2008/12/1,sh.600061,1.76,1.91,1.74,1.88,6460160
2008/12/2,sh.600061,1.81,1.97,1.81,1.94,9030814
2008/12/3,sh.600061,1.94,2.01,1.93,1.98,11420360
2008/12/4,sh.600061,2.04,2.08,1.97,1.98,15196773
2008/12/5,sh.600061,1.94,2.07,1.94,2.05,7995741
2008/12/8,sh.600061,2.06,2.16,2.02,2.14,13553128
2008/12/9,sh.600061,2.14,2.36,2.08,2.31,33288966
2008/12/10,sh.600061,2.25,2.30,2.17,2.30,19291295
2008/12/11,sh.600061,2.26,2.29,2.18,2.19,11767456
2008/12/12,sh.600061,2.17,2.23,2.03,2.06,8218884
2008/12/15,sh.600061,2.06,2.16,2.05,2.12,6687784
2008/12/16,sh.600061,2.08,2.16,2.00,2.14,5946357
2008/12/17,sh.600061,2.14,2.21,2.11,2.17,6888796
2008/12/18,sh.600061,2.17,2.19,2.11,2.18,4553011
2008/12/19,sh.600061,2.16,2.31,2.14,2.20,10540144
2008/12/22,sh.600061,2.25,2.31,2.20,2.29,9181049
2008/12/23,sh.600061,2.30,2.30,2.08,2.12,7233246
2008/12/24,sh.600061,2.08,2.12,1.99,2.03,5182559
2008/12/25,sh.600061,2.03,2.08,1.94,2.00,3527882
2008/12/26,sh.600061,2.01,2.06,1.97,2.03,3611565
2008/12/29,sh.600061,2.00,2.06,1.92,1.96,2468298
2008/12/30,sh.600061,1.96,2.08,1.96,2.08,5350817
2008/12/31,sh.600061,2.08,2.08,1.96,1.98,3403003
2009/1/5,sh.600061,1.98,2.04,1.98,2.03,2612565
2009/1/6,sh.600061,2.03,2.11,1.96,2.09,5682908
2009/1/7,sh.600061,2.08,2.19,2.04,2.14,6531177
2009/1/8,sh.600061,2.09,2.14,2.03,2.03,4763195
2009/1/9,sh.600061,2.00,2.08,2.00,2.05,2718719
2009/1/12,sh.600061,2.03,2.18,2.03,2.10,4807181
2009/1/13,sh.600061,2.08,2.18,2.05,2.18,5426618
2009/1/14,sh.600061,2.17,2.25,2.10,2.23,8079843
2009/1/15,sh.600061,2.20,2.26,2.18,2.22,7162800
2009/1/16,sh.600061,2.23,2.30,2.19,2.21,5950566
2009/1/19,sh.600061,2.27,2.27,2.16,2.23,4903213
2009/1/20,sh.600061,2.19,2.27,2.17,2.23,2618149
2009/1/21,sh.600061,2.23,2.42,2.23,2.28,11540323
2009/1/22,sh.600061,2.25,2.28,2.16,2.23,7362339
2009/1/23,sh.600061,2.23,2.24,2.16,2.18,4318484
2009/2/2,sh.600061,2.18,2.30,2.18,2.26,5703503
2009/2/3,sh.600061,2.29,2.41,2.29,2.37,12329254
2009/2/4,sh.600061,2.37,2.40,2.31,2.38,9860506
2009/2/5,sh.600061,2.39,2.48,2.31,2.35,12177413
2009/2/6,sh.600061,2.33,2.45,2.33,2.43,14283683
2009/2/9,sh.600061,2.45,2.51,2.40,2.47,13897652
2009/2/10,sh.600061,2.53,2.71,2.52,2.71,12644150
2009/2/11,sh.600061,2.89,2.99,2.84,2.99,40235533
2009/2/12,sh.600061,2.96,2.96,2.78,2.86,20120741
2009/2/13,sh.600061,2.85,2.96,2.82,2.92,16834764
2009/2/16,sh.600061,2.92,2.97,2.87,2.96,12950449
2009/2/17,sh.600061,2.95,2.95,2.73,2.77,10902278
2009/2/18,sh.600061,2.70,2.76,2.58,2.59,9012084
2009/2/19,sh.600061,2.60,2.65,2.58,2.63,4701919
2009/2/20,sh.600061,2.64,2.70,2.62,2.67,6167260
2009/2/23,sh.600061,2.68,2.85,2.67,2.82,8067073
2009/2/24,sh.600061,2.78,2.87,2.63,2.66,8523081
2009/2/25,sh.600061,2.70,2.84,2.58,2.82,7169690
2009/2/26,sh.600061,2.84,2.97,2.58,2.64,13884639
2009/2/27,sh.600061,2.66,2.67,2.38,2.38,13298360
2009/3/2,sh.600061,2.38,2.42,2.31,2.40,4963086
2009/3/3,sh.600061,2.33,2.43,2.31,2.40,4376110
2009/3/4,sh.600061,2.40,2.53,2.40,2.53,6377899
2009/3/5,sh.600061,2.55,2.62,2.48,2.56,7216327
2009/3/6,sh.600061,2.51,2.65,2.49,2.59,6480647
2009/3/9,sh.600061,2.58,2.64,2.41,2.44,5297242
2009/3/10,sh.600061,2.44,2.63,2.41,2.60,6540977
2009/3/11,sh.600061,2.63,2.64,2.55,2.56,7063508
2009/3/12,sh.600061,2.55,2.55,2.44,2.52,3715258
2009/3/13,sh.600061,2.53,2.56,2.48,2.48,3025207
2009/3/16,sh.600061,2.52,2.53,2.44,2.52,2048900
2009/3/17,sh.600061,2.52,2.62,2.49,2.59,5292703
2009/3/18,sh.600061,2.61,2.81,2.59,2.72,11863351
2009/3/19,sh.600061,2.72,2.75,2.67,2.73,6830425
2009/3/20,sh.600061,2.72,2.72,2.61,2.67,6317426
2009/3/23,sh.600061,2.65,2.79,2.62,2.74,7613127
2009/3/24,sh.600061,2.74,2.81,2.72,2.74,6703040
2009/3/25,sh.600061,2.78,2.87,2.66,2.67,6835385
2009/3/26,sh.600061,2.73,2.85,2.69,2.84,13920428
2009/3/27,sh.600061,2.86,2.89,2.78,2.80,11664553
2009/3/30,sh.600061,2.81,2.88,2.81,2.83,7794929
2009/3/31,sh.600061,2.77,2.82,2.69,2.81,6262150
2009/4/1,sh.600061,2.81,2.86,2.80,2.82,7985787
2009/4/2,sh.600061,2.84,2.85,2.79,2.79,7393287
2009/4/3,sh.600061,2.80,2.82,2.70,2.72,6870992
2009/4/7,sh.600061,2.71,2.82,2.71,2.82,5634933
2009/4/8,sh.600061,2.84,2.92,2.72,2.74,13321987
2009/4/9,sh.600061,2.72,2.75,2.66,2.74,5877215
2009/4/10,sh.600061,2.75,2.82,2.70,2.80,6160523
2009/4/13,sh.600061,2.81,2.87,2.78,2.82,9064927
2009/4/14,sh.600061,2.84,2.91,2.81,2.90,12468604
2009/4/15,sh.600061,2.89,2.91,2.81,2.89,8520351
2009/4/16,sh.600061,2.88,3.11,2.84,3.02,17549766
2009/4/17,sh.600061,2.97,3.01,2.86,2.88,10572514
2009/4/20,sh.600061,2.85,2.96,2.85,2.95,9009401
2009/4/21,sh.600061,2.90,3.03,2.89,2.97,10269222
2009/4/22,sh.600061,2.97,3.07,2.78,2.82,11888611
2009/4/23,sh.600061,2.82,2.82,2.82,2.82,INVALID
2009/4/24,sh.600061,2.86,2.89,2.77,2.78,6283285
2009/4/27,sh.600061,2.80,2.82,2.53,2.57,7831219
2009/4/28,sh.600061,2.58,2.60,2.54,2.59,3891529
2009/4/29,sh.600061,2.59,2.77,2.58,2.73,6322161
2009/4/30,sh.600061,2.73,2.79,2.69,2.73,5326088
2009/5/4,sh.600061,2.74,2.85,2.73,2.83,6211798
2009/5/5,sh.600061,2.86,2.89,2.80,2.86,7615708
2009/5/6,sh.600061,2.86,3.01,2.82,2.95,15241048
2009/5/7,sh.600061,2.96,2.99,2.84,2.92,9897945
2009/5/8,sh.600061,2.89,3.00,2.86,2.97,10314961
2009/5/11,sh.600061,3.00,3.03,2.81,2.81,9028832
2009/5/12,sh.600061,2.80,2.93,2.78,2.93,6302545
2009/5/13,sh.600061,2.93,2.97,2.88,2.95,6519714
2009/5/14,sh.600061,2.91,3.08,2.89,3.01,15482782
2009/5/15,sh.600061,3.04,3.04,2.96,3.00,8472150
2009/5/18,sh.600061,2.99,3.20,2.99,3.19,15573763
2009/5/19,sh.600061,3.16,3.39,3.13,3.19,20400194
2009/5/20,sh.600061,3.24,3.33,3.18,3.19,13551441
2009/5/21,sh.600061,3.17,3.18,2.99,3.07,11867370
2009/5/22,sh.600061,3.07,3.11,3.01,3.07,5592320
2009/5/25,sh.600061,3.01,3.10,2.89,3.07,10702211
2009/5/26,sh.600061,3.06,3.15,3.06,3.07,6976415
2009/5/27,sh.600061,3.07,3.12,3.02,3.05,4630745
2009/6/1,sh.600061,3.08,3.15,3.06,3.11,7130399
2009/6/2,sh.600061,3.12,3.42,3.12,3.42,22119183
2009/6/3,sh.600061,3.55,3.76,3.43,3.75,51805394
2009/6/4,sh.600061,3.62,3.99,3.48,3.89,37587338
2009/6/5,sh.600061,3.84,3.84,3.56,3.61,28265390
2009/6/8,sh.600061,3.58,3.66,3.47,3.55,15342957
2009/6/9,sh.600061,3.55,3.74,3.48,3.71,19220039
2009/6/10,sh.600061,3.65,3.81,3.61,3.77,16182677
2009/6/11,sh.600061,3.75,4.14,3.69,4.14,29529394
2009/6/12,sh.600061,4.05,4.33,3.89,3.98,32947425
2009/6/15,sh.600061,3.98,4.15,3.94,4.05,12240387
2009/6/16,sh.600061,4.00,4.21,3.87,4.03,19486516
2009/6/17,sh.600061,4.03,4.14,3.95,4.11,12960503
2009/6/18,sh.600061,4.12,4.21,4.05,4.12,14806235
2009/6/19,sh.600061,4.16,4.22,3.94,3.95,18125376
2009/6/22,sh.600061,3.98,3.99,3.85,3.94,12671279
2009/6/23,sh.600061,4.02,4.02,3.85,3.89,10494563
2009/6/24,sh.600061,3.85,3.94,3.83,3.90,8645201
2009/6/25,sh.600061,3.89,3.99,3.85,3.95,13262937
2009/6/26,sh.600061,3.91,4.10,3.89,3.96,17496167
2009/6/29,sh.600061,3.92,3.95,3.81,3.83,11824982
2009/6/30,sh.600061,3.81,3.88,3.73,3.84,7039516
2009/7/1,sh.600061,3.82,3.95,3.76,3.88,7995941
2009/7/2,sh.600061,3.85,4.05,3.85,3.99,17375648
2009/7/3,sh.600061,3.98,4.11,3.87,4.09,15058638
2009/7/6,sh.600061,4.09,4.18,3.92,4.14,17393532
2009/7/7,sh.600061,4.15,4.39,3.94,3.99,27269239
2009/7/8,sh.600061,3.95,3.99,3.85,3.97,10171721
2009/7/9,sh.600061,3.92,4.02,3.87,4.00,9337023
2009/7/10,sh.600061,3.98,4.11,3.96,4.08,13002521
2009/7/13,sh.600061,4.07,4.16,4.05,4.09,20501466
2009/7/14,sh.600061,4.09,4.10,4.03,4.06,10652267
2009/7/15,sh.600061,4.07,4.08,3.99,4.03,9265600
2009/7/16,sh.600061,4.05,4.25,4.01,4.17,23783540
2009/7/17,sh.600061,4.18,4.40,4.15,4.29,22532704
2009/7/20,sh.600061,4.32,4.37,4.21,4.31,13380618
2009/7/21,sh.600061,4.29,4.29,4.06,4.08,14565141
2009/7/22,sh.600061,4.11,4.15,4.07,4.11,7821839
2009/7/23,sh.600061,4.11,4.11,3.99,4.06,12274959
2009/7/24,sh.600061,4.05,4.08,3.94,4.00,9518809
2009/7/27,sh.600061,3.97,4.10,3.97,4.09,9149013
2009/7/28,sh.600061,4.05,4.14,3.99,4.10,9890001
2009/7/29,sh.600061,4.11,4.29,3.98,4.17,25533819
2009/7/30,sh.600061,4.17,4.59,4.10,4.59,42112988
2009/7/31,sh.600061,4.62,4.84,4.54,4.64,33918880
2009/8/3,sh.600061,4.64,4.86,4.58,4.77,20420843
2009/8/4,sh.600061,4.72,4.73,4.51,4.63,17042405
2009/8/5,sh.600061,4.61,4.61,4.46,4.52,11906006
2009/8/6,sh.600061,4.46,4.76,4.46,4.63,15670545
2009/8/7,sh.600061,4.65,4.85,4.54,4.61,16267943
2009/8/10,sh.600061,4.62,4.84,4.62,4.83,13938347
2009/8/11,sh.600061,4.86,5.28,4.75,5.08,20524753
2009/8/12,sh.600061,5.02,5.24,4.86,5.07,18749865
2009/8/13,sh.600061,5.06,5.24,4.76,4.79,21874390
2009/8/14,sh.600061,4.64,4.80,4.40,4.43,14950294
2009/8/17,sh.600061,4.31,4.35,3.99,4.01,10207267
2009/8/18,sh.600061,4.00,4.31,3.99,4.28,8753197
2009/8/19,sh.600061,4.29,4.31,3.94,3.96,8339813
2009/8/20,sh.600061,3.97,4.15,3.92,4.12,7602522
2009/8/21,sh.600061,4.12,4.22,4.05,4.21,7442332
2009/8/24,sh.600061,4.20,4.63,4.17,4.63,14359580
2009/8/25,sh.600061,4.77,5.02,4.64,4.84,27604996
2009/8/26,sh.600061,4.82,5.01,4.69,4.90,17277345
2009/8/27,sh.600061,4.86,5.16,4.80,4.82,18367617
2009/8/28,sh.600061,4.72,5.09,4.69,4.84,15277148
2009/8/31,sh.600061,4.75,4.92,4.35,4.43,16928416
2009/9/1,sh.600061,4.28,4.54,4.00,4.11,14013431
2009/9/2,sh.600061,4.14,4.25,4.02,4.21,10016056
2009/9/3,sh.600061,4.23,4.62,4.20,4.62,9270876
2009/9/4,sh.600061,4.63,4.89,4.57,4.73,13846237
2009/9/7,sh.600061,4.73,4.82,4.63,4.79,10279465
2009/9/8,sh.600061,4.78,4.88,4.68,4.84,9686943
2009/9/9,sh.600061,4.83,4.83,4.65,4.76,8636083
2009/9/10,sh.600061,4.75,5.14,4.65,4.98,16266428
2009/9/11,sh.600061,4.92,5.12,4.86,5.02,15414824
2009/9/14,sh.600061,5.03,5.26,4.99,5.21,15502489
2009/9/15,sh.600061,5.27,5.73,5.21,5.69,27910696
2009/9/16,sh.600061,5.62,5.72,5.50,5.53,18456984
2009/9/17,sh.600061,5.54,5.72,5.50,5.67,14842116
2009/9/18,sh.600061,5.66,6.20,5.59,5.83,21277872
2009/9/21,sh.600061,5.84,6.42,5.84,6.24,24646518
2009/9/22,sh.600061,6.19,6.30,5.87,5.92,14359250
2009/9/23,sh.600061,5.93,6.06,5.58,5.64,15228707
2009/9/24,sh.600061,5.64,5.96,5.53,5.86,11899646
2009/9/25,sh.600061,5.73,5.97,5.62,5.69,9928203
2009/9/28,sh.600061,5.72,5.78,5.14,5.17,9707427
2009/9/29,sh.600061,5.01,5.31,4.99,5.17,9762656
2009/9/30,sh.600061,5.18,5.31,5.14,5.18,6037159
2009/10/9,sh.600061,5.27,5.47,5.21,5.44,8305005
2009/10/12,sh.600061,5.44,5.49,5.28,5.34,6164253
2009/10/13,sh.600061,5.32,5.39,5.26,5.37,6675399
2009/10/14,sh.600061,5.38,5.91,5.37,5.75,17200910
2009/10/15,sh.600061,5.71,5.95,5.64,5.74,12335332
2009/10/16,sh.600061,5.75,5.90,5.62,5.88,9552104
2009/10/19,sh.600061,5.83,6.02,5.83,5.91,11931957
2009/10/20,sh.600061,5.96,6.16,5.86,6.06,14102176
2009/10/21,sh.600061,6.04,6.04,5.82,5.83,11437433
2009/10/22,sh.600061,5.74,5.87,5.70,5.76,7688408
2009/10/23,sh.600061,5.77,5.93,5.67,5.74,9746662
2009/10/26,sh.600061,5.74,5.79,5.51,5.61,9342154
2009/10/27,sh.600061,5.56,5.75,5.56,5.67,7822602
2009/10/28,sh.600061,5.64,5.70,5.47,5.58,6950989
2009/10/29,sh.600061,5.54,5.57,5.38,5.52,7715944
2009/10/30,sh.600061,5.61,5.76,5.52,5.71,10679873
2009/11/2,sh.600061,5.60,5.91,5.56,5.90,10489864
2009/11/3,sh.600061,5.93,6.01,5.87,5.96,11089080
2009/11/4,sh.600061,5.95,6.56,5.89,6.48,25626136
2009/11/5,sh.600061,6.39,6.59,6.31,6.48,13824409
2009/11/6,sh.600061,6.51,6.64,6.31,6.63,16755046
2009/11/9,sh.600061,6.68,6.68,6.41,6.45,11272387
2009/11/10,sh.600061,6.42,6.53,6.27,6.41,11443088
2009/11/11,sh.600061,6.39,6.52,6.37,6.43,6349027
2009/11/12,sh.600061,6.51,6.53,6.34,6.35,7933605
2009/11/13,sh.600061,6.37,6.44,6.25,6.40,7056620
2009/11/16,sh.600061,6.45,6.65,6.44,6.49,12371738
2009/11/17,sh.600061,6.54,6.71,6.43,6.68,13710591
2009/11/18,sh.600061,6.61,6.73,6.48,6.64,11862100
2009/11/19,sh.600061,6.66,6.66,6.45,6.53,8323147
2009/11/20,sh.600061,6.54,6.83,6.44,6.77,13894554
2009/11/23,sh.600061,6.93,6.93,6.71,6.76,9119934
2009/11/24,sh.600061,6.83,6.86,6.21,6.26,16434965
2009/11/25,sh.600061,6.36,6.54,6.25,6.50,11477276
2009/11/26,sh.600061,6.59,6.59,5.96,6.03,14076957
2009/11/27,sh.600061,5.90,6.11,5.83,6.07,10911004
2009/11/30,sh.600061,6.11,6.26,6.05,6.24,7991544
2009/12/1,sh.600061,6.16,6.35,6.16,6.31,7871882
2009/12/2,sh.600061,6.34,6.40,6.26,6.33,8111960
2009/12/3,sh.600061,6.34,6.35,6.19,6.25,6704089
2009/12/4,sh.600061,6.25,6.31,5.95,6.05,8779252
2009/12/7,sh.600061,6.00,6.27,6.00,6.25,6472759
2009/12/8,sh.600061,6.25,6.28,6.12,6.22,5227709
2009/12/9,sh.600061,6.13,6.20,5.98,6.06,5615116
2009/12/10,sh.600061,6.05,6.31,6.05,6.12,5890186
2009/12/11,sh.600061,6.16,6.21,6.07,6.18,4199031
2009/12/14,sh.600061,6.22,6.22,5.90,6.16,4538914
2009/12/15,sh.600061,6.21,6.32,6.08,6.30,9624641
2009/12/16,sh.600061,6.30,6.54,6.25,6.43,12839494
2009/12/17,sh.600061,6.42,6.51,5.96,5.98,8508285
2009/12/18,sh.600061,5.87,5.92,5.60,5.64,7406804
2009/12/21,sh.600061,5.65,5.79,5.53,5.76,4198891
2009/12/22,sh.600061,5.73,5.79,5.57,5.59,3260864
2009/12/23,sh.600061,5.60,5.78,5.60,5.70,2104810
2009/12/24,sh.600061,5.73,5.89,5.69,5.83,4154457
2009/12/25,sh.600061,5.83,5.83,5.83,5.83,INVALID
2009/12/28,sh.600061,5.87,6.03,5.83,5.97,4387608
2009/12/29,sh.600061,5.99,6.01,5.82,5.91,4680967
2009/12/30,sh.600061,5.90,5.93,5.69,5.75,6608136
2009/12/31,sh.600061,5.73,5.93,5.67,5.90,5168890
2010/1/4,sh.600061,5.90,6.08,5.84,5.98,7222296
2010/1/5,sh.600061,6.00,6.05,5.86,6.00,4796931
2010/1/6,sh.600061,5.96,6.60,5.87,6.60,22951609
2010/1/7,sh.600061,6.49,6.88,6.39,6.46,21340669
2010/1/8,sh.600061,6.46,6.75,6.29,6.57,13556074
2010/1/11,sh.600061,6.48,6.71,6.37,6.52,9436068
2010/1/12,sh.600061,6.53,6.80,6.38,6.72,13602786
2010/1/13,sh.600061,6.59,6.89,6.55,6.85,22176803
2010/1/14,sh.600061,6.80,7.15,6.69,6.92,19756210
2010/1/15,sh.600061,6.94,6.97,6.70,6.80,10259653
2010/1/18,sh.600061,6.76,6.96,6.64,6.75,9366604
2010/1/19,sh.600061,6.75,6.94,6.71,6.85,8082307
2010/1/20,sh.600061,6.82,6.83,6.37,6.42,10019450
2010/1/21,sh.600061,6.38,6.49,6.37,6.42,5858855
2010/1/22,sh.600061,6.41,6.46,6.11,6.36,6462829
2010/1/25,sh.600061,6.26,6.46,6.21,6.28,2687169
2010/1/26,sh.600061,6.28,6.34,5.79,5.89,4150058
2010/1/27,sh.600061,5.88,5.94,5.73,5.80,3473736
2010/1/28,sh.600061,5.80,5.96,5.73,5.94,3075308
2010/1/29,sh.600061,5.94,6.08,5.79,6.05,3970420
2010/2/1,sh.600061,6.08,6.15,5.98,6.12,5675408
2010/2/2,sh.600061,6.05,6.17,6.02,6.09,4719243
2010/2/3,sh.600061,6.09,6.24,5.78,6.16,4849602
2010/2/4,sh.600061,6.19,6.31,5.90,6.20,5724314
2010/2/5,sh.600061,6.08,6.48,5.99,6.28,8328966
2010/2/8,sh.600061,6.27,6.47,6.20,6.25,7452458
2010/2/9,sh.600061,6.30,6.35,6.10,6.13,4448125
2010/2/10,sh.600061,6.16,6.38,6.11,6.36,4879518
2010/2/11,sh.600061,6.37,6.50,6.31,6.45,4247183
2010/2/12,sh.600061,6.45,6.53,6.35,6.48,4643149
2010/2/22,sh.600061,6.50,6.51,6.37,6.46,3623925
2010/2/23,sh.600061,6.46,6.48,6.34,6.45,3278770
2010/2/24,sh.600061,6.45,6.63,6.39,6.56,6033121
2010/2/25,sh.600061,6.56,6.66,6.48,6.57,5234590
2010/2/26,sh.600061,6.57,6.64,6.49,6.56,5235216
2010/3/1,sh.600061,6.57,6.63,6.47,6.57,5851651
2010/3/2,sh.600061,6.56,6.56,6.42,6.46,5553677
2010/3/3,sh.600061,6.47,6.53,6.40,6.50,4538307
2010/3/4,sh.600061,6.48,6.53,6.19,6.20,6669454
2010/3/5,sh.600061,6.09,6.27,6.09,6.15,4680850
2010/3/8,sh.600061,6.16,6.28,6.16,6.20,3013396
2010/3/9,sh.600061,6.20,6.81,6.20,6.68,21342589
2010/3/10,sh.600061,6.57,6.65,6.36,6.45,10096080
2010/3/11,sh.600061,6.38,6.57,6.38,6.53,6501130
2010/3/12,sh.600061,6.51,6.62,6.39,6.48,6136994
2010/3/15,sh.600061,6.40,6.53,6.19,6.28,5357452
2010/3/16,sh.600061,6.23,6.35,6.19,6.29,3503480
2010/3/17,sh.600061,6.29,6.61,6.28,6.52,7848845
2010/3/18,sh.600061,6.55,7.11,6.49,6.76,22856506
2010/3/19,sh.600061,6.70,6.97,6.70,6.93,18370764
2010/3/22,sh.600061,6.93,7.03,6.87,6.99,9122012
2010/3/23,sh.600061,6.98,7.05,6.87,6.96,10073910
2010/3/24,sh.600061,6.92,7.66,6.91,7.42,25731220
2010/3/25,sh.600061,6.94,7.18,6.68,6.68,49635147
2010/3/26,sh.600061,6.50,6.74,6.38,6.63,19798325
2010/3/29,sh.600061,6.60,6.62,6.48,6.57,11535125
2010/3/30,sh.600061,6.57,6.68,6.54,6.60,7930695
2010/3/31,sh.600061,6.60,6.63,6.45,6.47,11739125
2010/4/1,sh.600061,6.50,6.58,6.45,6.58,9955849
2010/4/2,sh.600061,6.60,6.63,6.52,6.59,9897868
2010/4/6,sh.600061,6.59,6.80,6.57,6.79,14726213
2010/4/7,sh.600061,6.74,6.86,6.72,6.83,10707752
2010/4/8,sh.600061,6.78,6.91,6.72,6.79,10309282
2010/4/9,sh.600061,6.82,6.83,6.65,6.74,8790273
2010/4/12,sh.600061,6.69,6.75,6.54,6.59,9379890
2010/4/13,sh.600061,6.59,6.77,6.35,6.61,8214084
2010/4/14,sh.600061,6.57,6.63,6.48,6.60,4406941
2010/4/15,sh.600061,6.60,6.61,6.37,6.46,7339973
2010/4/16,sh.600061,6.43,6.50,6.41,6.44,4293694
2010/4/19,sh.600061,6.35,6.37,6.03,6.04,6356157
2010/4/20,sh.600061,6.04,6.04,6.04,6.04,INVALID
2010/4/21,sh.600061,6.14,6.30,6.13,6.25,7018849
2010/4/22,sh.600061,6.24,6.42,6.16,6.34,4661740
2010/4/23,sh.600061,6.35,6.50,6.31,6.33,4168616
2010/4/26,sh.600061,6.30,6.39,6.27,6.29,2930270
2010/4/27,sh.600061,6.25,6.28,5.90,5.97,6306067
2010/4/28,sh.600061,5.96,6.02,5.79,5.81,3334279
2010/4/29,sh.600061,5.83,6.01,5.79,5.82,3741590
2010/4/30,sh.600061,5.78,5.82,5.50,5.71,3278465
2010/5/4,sh.600061,5.69,5.89,5.50,5.86,2819045
2010/5/5,sh.600061,5.79,5.95,5.74,5.93,3566073
2010/5/6,sh.600061,5.94,6.08,5.81,5.87,4730225
2010/5/7,sh.600061,5.76,5.93,5.75,5.82,4139725
2010/5/10,sh.600061,5.79,5.92,5.75,5.83,3197914
2010/5/11,sh.600061,5.95,6.01,5.67,5.67,2871885
2010/5/12,sh.600061,5.58,5.67,5.10,5.23,7559900
2010/5/13,sh.600061,5.23,5.50,4.94,5.43,9246151
2010/5/14,sh.600061,5.32,5.43,5.27,5.40,3693289
2010/5/17,sh.600061,5.27,5.28,4.95,5.00,3622133
2010/5/18,sh.600061,4.97,5.17,4.95,5.13,3168920
2010/5/19,sh.600061,4.97,5.34,4.97,5.18,4168328
2010/5/20,sh.600061,5.16,5.21,5.02,5.14,2237750
2010/5/21,sh.600061,5.07,5.29,4.98,5.25,4011089
2010/5/24,sh.600061,5.32,5.46,5.28,5.43,4901127
2010/5/25,sh.600061,5.42,5.49,5.34,5.40,2704777
2010/5/26,sh.600061,5.42,5.49,5.36,5.40,2517505
2010/5/27,sh.600061,5.40,5.61,5.32,5.56,3933025
2010/5/28,sh.600061,5.59,5.67,5.50,5.60,5322705
2010/5/31,sh.600061,5.58,5.64,5.34,5.38,3346233
2010/6/1,sh.600061,5.36,5.43,5.09,5.35,3025613
2010/6/2,sh.600061,5.27,5.49,5.21,5.48,1808235
2010/6/3,sh.600061,5.51,5.93,5.49,5.69,7545792
2010/6/4,sh.600061,5.69,5.84,5.62,5.73,2858042
2010/6/7,sh.600061,5.61,5.90,5.52,5.83,3591740
2010/6/8,sh.600061,5.81,5.87,5.73,5.85,2142520
2010/6/9,sh.600061,5.86,5.92,5.74,5.86,4273215
2010/6/10,sh.600061,5.89,6.04,5.80,5.94,5531405
2010/6/11,sh.600061,5.89,6.00,5.84,5.91,2180644
2010/6/17,sh.600061,5.91,6.24,5.91,6.04,5798090
2010/6/18,sh.600061,6.02,6.08,5.73,5.85,3078461
2010/6/21,sh.600061,5.80,6.01,5.80,5.97,2955169
2010/6/22,sh.600061,5.92,6.12,5.90,6.04,2796206
2010/6/23,sh.600061,6.02,6.12,5.96,6.06,2610647
2010/6/24,sh.600061,6.06,6.10,6.00,6.08,2357105
2010/6/25,sh.600061,6.06,6.06,5.83,5.94,2019499
2010/6/28,sh.600061,5.90,6.13,5.82,5.90,2378984
2010/6/29,sh.600061,5.90,5.93,5.43,5.52,3916627
2010/6/30,sh.600061,5.50,5.50,5.29,5.39,2187844
2010/7/1,sh.600061,5.39,5.44,5.20,5.25,1746515
2010/7/2,sh.600061,5.25,5.35,5.08,5.27,1922625
2010/7/5,sh.600061,5.30,5.56,5.09,5.31,1205873
2010/7/6,sh.600061,5.29,5.50,5.23,5.47,1772951
2010/7/7,sh.600061,5.32,5.67,5.32,5.50,1237459
2010/7/8,sh.600061,5.50,5.53,5.39,5.49,918716
2010/7/9,sh.600061,5.49,5.70,5.49,5.67,2687523
2010/7/12,sh.600061,5.75,5.75,5.64,5.65,1743849
2010/7/13,sh.600061,5.64,5.76,5.57,5.67,2404813
2010/7/14,sh.600061,5.67,5.98,5.67,5.78,4012534
2010/7/15,sh.600061,5.79,5.88,5.61,5.65,2934484
2010/7/16,sh.600061,5.58,5.66,5.51,5.64,1505070
2010/7/19,sh.600061,5.58,5.84,5.53,5.79,2695429
2010/7/20,sh.600061,5.79,5.96,5.74,5.91,4439001
2010/7/21,sh.600061,5.91,5.95,5.77,5.89,3896053
2010/7/22,sh.600061,5.89,6.04,5.84,6.01,6443113
2010/7/23,sh.600061,6.04,6.04,5.87,5.93,2869477
2010/7/26,sh.600061,5.91,6.18,5.82,6.15,6090855
2010/7/27,sh.600061,6.13,6.16,6.03,6.12,2913211
2010/7/28,sh.600061,6.08,6.28,6.05,6.17,5041677
2010/7/29,sh.600061,6.22,6.30,6.10,6.16,3700806
2010/7/30,sh.600061,6.16,6.19,6.03,6.17,4366657
2010/8/2,sh.600061,6.14,6.28,6.08,6.22,4437114
2010/8/3,sh.600061,6.25,6.48,6.18,6.33,8062160
2010/8/4,sh.600061,6.27,6.68,6.27,6.68,13051605
2010/8/5,sh.600061,6.66,6.68,6.54,6.58,4818620
2010/8/6,sh.600061,6.59,6.67,6.49,6.64,5175381
2010/8/9,sh.600061,6.69,6.69,6.55,6.65,4291337
2010/8/10,sh.600061,6.67,6.69,6.34,6.35,6124125
2010/8/11,sh.600061,6.37,6.46,6.25,6.36,4924845
2010/8/12,sh.600061,6.26,6.37,6.25,6.31,3669459
2010/8/13,sh.600061,6.28,6.64,6.28,6.56,6049728
2010/8/16,sh.600061,6.48,6.65,6.46,6.60,5188118
2010/8/17,sh.600061,6.65,6.85,6.61,6.75,6800840
2010/8/18,sh.600061,6.74,6.75,6.58,6.64,5025560
2010/8/19,sh.600061,6.65,6.70,6.45,6.58,7042057
2010/8/20,sh.600061,6.56,6.91,6.54,6.77,12816019
2010/8/23,sh.600061,6.79,6.94,6.66,6.92,8100980
2010/8/24,sh.600061,6.90,7.01,6.80,6.88,7672525
2010/8/25,sh.600061,6.82,7.05,6.78,6.91,8177051
2010/8/26,sh.600061,6.89,7.01,6.84,6.92,3578519
2010/8/27,sh.600061,6.94,6.94,6.76,6.81,4378543
2010/8/30,sh.600061,6.82,7.00,6.74,6.99,5743808
2010/8/31,sh.600061,6.93,6.97,6.71,6.83,6214541
2010/9/1,sh.600061,6.83,6.86,6.54,6.68,8466881
2010/9/2,sh.600061,6.71,6.81,6.64,6.71,5998816
2010/9/3,sh.600061,6.73,6.73,6.54,6.65,6487798
2010/9/6,sh.600061,6.66,6.87,6.60,6.72,6091769
2010/9/7,sh.600061,6.73,6.82,6.71,6.77,3378688
2010/9/8,sh.600061,6.75,6.77,6.60,6.67,5279314
2010/9/9,sh.600061,6.67,6.74,6.41,6.42,7598507
2010/9/10,sh.600061,6.38,6.64,6.38,6.54,5535961
2010/9/13,sh.600061,6.56,6.71,6.55,6.64,3290663
2010/9/14,sh.600061,6.64,6.68,6.54,6.59,3238334
2010/9/15,sh.600061,6.59,6.62,6.34,6.37,6242267
2010/9/16,sh.600061,6.38,6.38,6.02,6.12,5439013
2010/9/17,sh.600061,6.08,6.16,6.07,6.10,3169119
2010/9/20,sh.600061,6.12,6.15,5.88,5.90,3632712
2010/9/21,sh.600061,5.91,6.11,5.90,6.05,2719915
2010/9/27,sh.600061,6.01,6.34,6.01,6.27,4288309
2010/9/28,sh.600061,6.26,6.28,6.12,6.14,2278076
2010/9/29,sh.600061,6.24,6.75,6.14,6.75,8563387
2010/9/30,sh.600061,6.94,7.06,6.75,6.98,17006216
2010/10/8,sh.600061,6.98,7.29,6.71,7.06,13242237
2010/10/11,sh.600061,6.96,7.12,6.83,6.95,9461569
2010/10/12,sh.600061,6.97,7.64,6.94,7.35,19287775
2010/10/13,sh.600061,7.36,7.59,7.25,7.46,12260583
2010/10/14,sh.600061,7.46,7.52,7.07,7.19,8627847
2010/10/15,sh.600061,7.12,7.33,6.94,7.13,6719275
2010/10/18,sh.600061,7.12,7.29,6.86,6.90,6605376
2010/10/19,sh.600061,6.71,7.59,6.71,7.58,21783847
2010/10/20,sh.600061,7.58,7.58,7.58,7.58,INVALID
2010/10/21,sh.600061,7.52,7.62,7.26,7.41,10487507
2010/10/22,sh.600061,7.38,7.81,7.38,7.62,9454725
2010/10/25,sh.600061,7.52,7.73,7.47,7.71,7678063
2010/10/26,sh.600061,7.71,7.73,7.47,7.57,6783473
2010/10/27,sh.600061,7.52,7.62,7.35,7.37,5596565
2010/10/28,sh.600061,7.29,7.55,7.25,7.26,4280353
2010/10/29,sh.600061,7.27,7.57,7.23,7.48,4170678
2010/11/1,sh.600061,7.55,8.11,7.40,7.86,10495829
2010/11/2,sh.600061,7.95,8.03,7.70,7.76,8669989
2010/11/3,sh.600061,7.76,7.99,7.67,7.78,6544493
2010/11/4,sh.600061,7.81,7.98,7.70,7.85,4674182
2010/11/5,sh.600061,7.90,8.25,7.75,8.22,11966820
2010/11/8,sh.600061,8.33,9.04,8.26,8.81,11771511
2010/11/9,sh.600061,8.77,8.81,8.57,8.62,6191533
2010/11/10,sh.600061,8.59,8.91,8.51,8.72,5126451
2010/11/11,sh.600061,8.63,9.38,8.56,8.62,7440414
2010/11/12,sh.600061,8.62,8.73,7.86,7.91,11941473
2010/11/15,sh.600061,7.95,8.15,7.71,8.11,7166619
2010/11/16,sh.600061,8.08,8.30,7.81,7.88,7342379
2010/11/17,sh.600061,7.79,8.01,7.52,7.73,4862928
2010/11/18,sh.600061,7.81,7.95,7.64,7.86,2956563
2010/11/19,sh.600061,7.88,8.12,7.74,8.11,4831351
2010/11/22,sh.600061,7.99,8.59,7.96,8.45,7585138
2010/11/23,sh.600061,8.30,8.45,8.08,8.32,5730807
2010/11/24,sh.600061,8.22,8.78,8.22,8.68,8729906
2010/11/25,sh.600061,8.68,9.20,8.58,9.06,11501101
2010/11/26,sh.600061,9.06,9.09,8.80,8.85,5678032
2010/11/29,sh.600061,8.84,9.07,8.48,8.88,7368696
2010/11/30,sh.600061,8.88,8.89,8.42,8.61,5818306
2010/12/1,sh.600061,8.56,8.97,8.50,8.85,9550978
2010/12/2,sh.600061,8.92,9.00,8.70,8.77,6903985
2010/12/3,sh.600061,8.82,8.82,8.46,8.55,3790725
2010/12/6,sh.600061,8.61,8.61,8.10,8.40,3302351
2010/12/7,sh.600061,8.30,8.51,8.25,8.47,1976579
2010/12/8,sh.600061,8.47,8.62,8.37,8.41,2382081
2010/12/9,sh.600061,8.34,8.41,7.90,7.93,4321029
2010/12/10,sh.600061,7.86,8.46,7.71,8.14,2678936
2010/12/13,sh.600061,8.15,8.39,8.15,8.32,3126430
2010/12/14,sh.600061,8.33,8.80,8.29,8.63,4443938
2010/12/15,sh.600061,8.61,8.88,8.51,8.63,7060839
2010/12/16,sh.600061,8.59,8.66,8.33,8.40,3543021
2010/12/17,sh.600061,8.41,8.48,8.25,8.40,2074252
2010/12/20,sh.600061,8.37,8.62,8.05,8.45,3857641
2010/12/21,sh.600061,8.44,8.55,8.36,8.49,2482945
2010/12/22,sh.600061,8.49,8.51,8.21,8.28,3220557
2010/12/23,sh.600061,8.21,8.40,8.10,8.17,2552434
2010/12/24,sh.600061,8.11,8.28,7.99,8.15,3874030
2010/12/27,sh.600061,8.16,8.21,7.75,7.80,2407607
2010/12/28,sh.600061,7.61,7.81,7.25,7.44,3818855
2010/12/29,sh.600061,7.51,7.51,7.31,7.48,1150577
2010/12/30,sh.600061,7.49,7.60,7.44,7.46,1625599
2010/12/31,sh.600061,7.48,7.80,7.48,7.67,1454849
2011/1/4,sh.600061,7.67,7.77,7.55,7.70,2532263
2011/1/5,sh.600061,7.64,7.87,7.58,7.78,2256485
2011/1/6,sh.600061,7.80,7.81,7.75,7.79,1545546
2011/1/7,sh.600061,7.79,7.84,7.63,7.68,1928338
2011/1/10,sh.600061,7.59,7.69,7.23,7.35,2823182
2011/1/11,sh.600061,7.35,7.48,7.03,7.25,3043382
2011/1/12,sh.600061,7.24,7.35,7.19,7.28,942262
2011/1/13,sh.600061,7.40,7.40,7.14,7.16,1451055
2011/1/14,sh.600061,7.16,7.22,6.94,6.97,1956155
2011/1/17,sh.600061,6.97,6.97,6.54,6.56,2827276
2011/1/18,sh.600061,6.60,6.68,6.47,6.68,1476122
2011/1/19,sh.600061,6.68,6.93,6.66,6.86,1221534
2011/1/20,sh.600061,6.93,7.05,6.71,6.75,5661433
2011/1/21,sh.600061,6.74,6.86,6.65,6.84,2174061
2011/1/24,sh.600061,6.92,6.92,6.37,6.44,2042512
2011/1/25,sh.600061,6.37,6.48,6.20,6.30,1888187
2011/1/26,sh.600061,6.21,6.54,6.08,6.45,1133862
2011/1/27,sh.600061,6.45,6.93,6.28,6.66,2988773
2011/1/28,sh.600061,6.67,6.88,6.60,6.79,3723356
2011/1/31,sh.600061,6.76,6.93,6.69,6.90,1551328
2011/2/1,sh.600061,6.90,6.93,6.79,6.86,1260611
2011/2/9,sh.600061,6.83,6.87,6.61,6.63,2446190
2011/2/10,sh.600061,6.63,6.76,6.56,6.74,3131949
2011/2/11,sh.600061,6.74,6.90,6.68,6.89,2632118
2011/2/14,sh.600061,6.87,7.06,6.67,7.00,4068567
2011/2/15,sh.600061,7.03,7.05,6.95,6.97,4054949
2011/2/16,sh.600061,6.93,7.16,6.92,7.16,4859686
2011/2/17,sh.600061,7.14,7.22,7.00,7.12,4148321
2011/2/18,sh.600061,7.11,7.23,6.92,7.16,5458494
2011/2/21,sh.600061,7.07,7.29,7.01,7.23,4429005
2011/2/22,sh.600061,7.23,7.23,6.97,7.03,5541680
2011/2/23,sh.600061,7.03,7.03,6.85,6.92,3160655
2011/2/24,sh.600061,6.93,7.00,6.85,6.97,3741422
2011/2/25,sh.600061,6.94,6.97,6.87,6.93,3157449
2011/2/28,sh.600061,6.92,7.17,6.86,7.11,5470440
2011/3/1,sh.600061,7.11,7.26,7.03,7.22,7283831
2011/3/2,sh.600061,7.22,7.23,7.03,7.20,5170698
2011/3/3,sh.600061,7.23,7.40,7.12,7.20,5974961
2011/3/4,sh.600061,7.20,7.28,7.15,7.24,3802687
2011/3/7,sh.600061,7.26,7.27,7.11,7.21,5191762
2011/3/8,sh.600061,7.21,7.38,7.13,7.36,5700408
2011/3/9,sh.600061,7.34,7.37,7.27,7.31,4080069
2011/3/10,sh.600061,7.31,7.64,7.21,7.40,7351667
2011/3/11,sh.600061,7.41,8.02,7.36,7.78,13828524
2011/3/14,sh.600061,7.70,8.03,7.63,7.81,11168204
2011/3/15,sh.600061,7.81,7.93,7.51,7.66,9665171
2011/3/16,sh.600061,7.74,8.05,7.70,7.78,6772834
2011/3/17,sh.600061,7.68,7.70,7.36,7.44,6018509
2011/3/18,sh.600061,7.53,7.60,7.37,7.43,3534254
2011/3/21,sh.600061,7.41,7.50,7.23,7.38,3415075
2011/3/22,sh.600061,7.38,7.48,7.31,7.47,2876443
2011/3/23,sh.600061,7.48,7.51,7.41,7.49,2491628
2011/3/24,sh.600061,7.47,7.72,7.47,7.64,5311624
2011/3/25,sh.600061,7.64,7.79,7.54,7.62,4486711
2011/3/28,sh.600061,7.63,7.67,7.47,7.52,4482070
2011/3/29,sh.600061,7.42,7.52,7.26,7.40,4955947
2011/3/30,sh.600061,7.42,7.42,7.12,7.26,3539267
2011/3/31,sh.600061,7.26,7.26,7.00,7.01,3151608
2011/4/1,sh.600061,7.02,7.23,7.00,7.22,2009140
2011/4/6,sh.600061,7.22,7.27,7.02,7.24,3103956
2011/4/7,sh.600061,7.19,7.25,7.09,7.19,2028418
2011/4/8,sh.600061,7.20,7.41,7.13,7.34,4511787
2011/4/11,sh.600061,7.34,7.49,7.23,7.40,4913783
2011/4/12,sh.600061,7.46,7.46,7.23,7.26,3026173
2011/4/13,sh.600061,7.14,7.29,7.12,7.23,1826390
2011/4/14,sh.600061,7.23,7.39,7.19,7.28,2286756
2011/4/15,sh.600061,7.27,7.29,7.12,7.18,2627249
2011/4/18,sh.600061,7.12,7.22,7.05,7.07,3621491
2011/4/19,sh.600061,7.07,7.07,7.07,7.07,INVALID
2011/4/20,sh.600061,7.05,7.15,6.96,7.10,2997829
2011/4/21,sh.600061,7.15,7.38,7.09,7.29,4414039
2011/4/22,sh.600061,7.35,7.49,7.27,7.45,7037634
2011/4/25,sh.600061,7.46,7.90,7.33,7.63,14524949
2011/4/26,sh.600061,7.58,7.86,7.40,7.63,12661950
2011/4/27,sh.600061,7.47,7.79,7.29,7.44,12276416
2011/4/28,sh.600061,7.33,7.62,6.95,7.59,10718741
2011/4/29,sh.600061,7.52,8.02,7.44,7.73,18360108
2011/5/3,sh.600061,7.56,7.77,7.52,7.68,8533664
2011/5/4,sh.600061,7.70,7.70,7.20,7.21,8025245
2011/5/5,sh.600061,7.14,7.15,6.92,6.93,6609262
2011/5/6,sh.600061,6.92,6.99,6.72,6.92,3865062
2011/5/9,sh.600061,6.97,7.09,6.83,6.94,3968943
2011/5/10,sh.600061,6.94,7.04,6.89,6.96,2606665
2011/5/11,sh.600061,6.94,7.06,6.84,7.04,2973616
2011/5/12,sh.600061,7.00,7.08,6.86,6.89,2878941
2011/5/13,sh.600061,6.89,7.07,6.86,7.04,4381657
2011/5/16,sh.600061,7.04,7.38,6.99,7.34,7656728
2011/5/17,sh.600061,7.28,7.51,7.21,7.45,5877564
2011/5/18,sh.600061,7.41,7.49,7.33,7.49,3172012
2011/5/19,sh.600061,7.47,7.49,7.06,7.22,3826175
2011/5/20,sh.600061,7.14,7.21,7.06,7.13,1439404
2011/5/23,sh.600061,7.06,7.12,6.81,6.82,3059570
2011/5/24,sh.600061,6.82,6.97,6.64,6.89,2606344
2011/5/25,sh.600061,6.88,6.88,6.68,6.78,1890067
2011/5/26,sh.600061,6.78,6.90,6.68,6.76,1840403
2011/5/27,sh.600061,6.83,6.83,6.54,6.75,2575834
2011/5/30,sh.600061,6.74,6.83,6.37,6.73,1888815
2011/5/31,sh.600061,6.66,6.89,6.54,6.79,1608325
2011/6/1,sh.600061,6.83,6.89,6.75,6.87,1640309
2011/6/2,sh.600061,6.79,6.85,6.72,6.75,1186185
2011/6/3,sh.600061,6.79,6.86,6.72,6.83,1039994
2011/6/7,sh.600061,6.88,6.88,6.78,6.85,1039987
2011/6/8,sh.600061,6.85,6.87,6.68,6.73,1688436
2011/6/9,sh.600061,6.69,6.72,6.49,6.50,1761682
2011/6/10,sh.600061,6.50,6.62,6.43,6.52,1243782
2011/6/13,sh.600061,6.46,6.52,6.44,6.48,679276
2011/6/14,sh.600061,6.46,6.59,6.46,6.50,1327316
2011/6/15,sh.600061,6.50,6.52,6.43,6.43,960774
2011/6/16,sh.600061,6.41,6.54,6.19,6.20,2013854
2011/6/17,sh.600061,6.22,6.33,6.02,6.06,2312632
2011/6/20,sh.600061,5.95,6.04,5.81,5.88,1414652
2011/6/21,sh.600061,5.98,6.12,5.83,6.04,1949922
2011/6/22,sh.600061,6.05,6.12,6.02,6.04,702230
2011/6/23,sh.600061,6.04,6.08,5.91,6.04,1876109
2011/6/24,sh.600061,6.01,6.22,5.97,6.20,4042693
2011/6/27,sh.600061,6.15,6.33,6.12,6.28,2280828
2011/6/28,sh.600061,6.20,6.30,6.09,6.25,2414149
2011/6/29,sh.600061,6.25,6.25,6.02,6.03,2411139
2011/6/30,sh.600061,6.02,6.16,6.02,6.11,1711692
2011/7/1,sh.600061,6.17,6.20,6.09,6.19,2559902
2011/7/4,sh.600061,6.17,6.30,6.17,6.28,4270774
2011/7/5,sh.600061,6.28,6.47,6.21,6.38,4168130
2011/7/6,sh.600061,6.35,6.39,6.27,6.35,1924864
2011/7/7,sh.600061,6.35,6.54,6.26,6.50,4141175
2011/7/8,sh.600061,6.48,6.48,6.37,6.40,2601824
2011/7/11,sh.600061,6.35,6.38,6.25,6.35,1827967
2011/7/12,sh.600061,6.31,6.31,6.16,6.19,1938729
2011/7/13,sh.600061,6.19,6.34,6.19,6.29,2168294
2011/7/14,sh.600061,6.33,6.34,6.22,6.33,2744335
2011/7/15,sh.600061,6.31,6.49,6.30,6.46,3561286
2011/7/18,sh.600061,6.51,6.68,6.41,6.59,6916545
2011/7/19,sh.600061,6.56,6.56,6.41,6.46,3506237
2011/7/20,sh.600061,6.45,6.63,6.43,6.57,5020158
2011/7/21,sh.600061,6.54,6.64,6.34,6.37,3260043
2011/7/22,sh.600061,6.42,6.46,6.18,6.28,3307040
2011/7/25,sh.600061,6.27,6.31,6.08,6.11,2753400
2011/7/26,sh.600061,6.37,6.38,6.01,6.30,2755827
2011/7/27,sh.600061,6.31,6.42,6.19,6.39,3092180
2011/7/28,sh.600061,6.42,6.44,6.31,6.34,2453686
2011/7/29,sh.600061,6.35,6.42,6.12,6.18,2143789
2011/8/1,sh.600061,6.13,6.37,6.06,6.19,1745341
2011/8/2,sh.600061,6.13,6.17,5.98,6.06,1470991
2011/8/3,sh.600061,6.01,6.27,5.98,6.13,2286938
2011/8/4,sh.600061,6.14,6.19,6.08,6.12,901355
2011/8/5,sh.600061,6.02,6.08,5.94,5.99,1439878
2011/8/8,sh.600061,5.99,5.99,5.99,5.99,INVALID
2011/8/9,sh.600061,5.57,5.77,5.39,5.65,5399837
2011/8/10,sh.600061,5.68,5.79,5.53,5.64,2231648
2011/8/11,sh.600061,5.53,5.65,5.41,5.61,3342689
2011/8/12,sh.600061,5.64,5.78,5.62,5.69,2597570
2011/8/15,sh.600061,5.76,5.91,5.68,5.84,3047132
2011/8/16,sh.600061,5.84,5.90,5.72,5.80,2342594
2011/8/17,sh.600061,5.87,5.87,5.75,5.75,1131159
2011/8/18,sh.600061,5.87,5.87,5.59,5.61,1211367
2011/8/19,sh.600061,5.54,5.55,5.40,5.54,1285647
2011/8/22,sh.600061,5.47,5.60,5.47,5.52,1204313
2011/8/23,sh.600061,5.55,5.60,5.49,5.57,1367370
2011/8/24,sh.600061,5.60,5.64,5.52,5.59,1449405
2011/8/25,sh.600061,5.60,5.75,5.53,5.72,1825137
2011/8/26,sh.600061,5.67,5.76,5.67,5.72,1489863
2011/8/29,sh.600061,5.68,5.70,5.62,5.64,1136072
2011/8/30,sh.600061,5.66,5.69,5.56,5.56,1303717
2011/8/31,sh.600061,5.56,5.59,5.42,5.50,1244343
2011/9/1,sh.600061,5.49,5.56,5.42,5.44,788687
2011/9/2,sh.600061,5.44,5.48,5.39,5.46,960180
2011/9/5,sh.600061,5.44,5.44,5.16,5.25,2620363
2011/9/6,sh.600061,5.22,5.47,5.15,5.39,3927660
2011/9/7,sh.600061,5.35,5.42,5.29,5.40,2648634
2011/9/8,sh.600061,5.42,5.42,5.29,5.32,1417150
2011/9/9,sh.600061,5.31,5.36,5.24,5.27,1035401
2011/9/13,sh.600061,5.20,5.29,5.14,5.25,1018267
2011/9/14,sh.600061,5.28,5.32,5.21,5.31,1141292
2011/9/15,sh.600061,5.32,5.39,5.28,5.37,2075844
2011/9/16,sh.600061,5.47,5.49,5.34,5.45,2870766
2011/9/19,sh.600061,5.44,5.45,5.32,5.43,1078118
2011/9/20,sh.600061,5.39,5.45,5.30,5.44,1651503
2011/9/21,sh.600061,5.43,5.88,5.38,5.82,6901452
2011/9/22,sh.600061,5.79,5.79,5.67,5.77,3934608
2011/9/23,sh.600061,5.67,5.93,5.67,5.91,7676694
2011/9/26,sh.600061,5.91,6.19,5.73,5.87,10420810
2011/9/27,sh.600061,5.84,6.04,5.68,5.76,9483279
2011/9/28,sh.600061,5.69,5.77,5.51,5.61,6742660
2011/9/29,sh.600061,5.51,5.58,5.14,5.15,7962386
2011/9/30,sh.600061,5.15,5.25,4.95,5.09,3736482
2011/10/10,sh.600061,5.10,5.14,4.95,5.10,2757469
2011/10/11,sh.600061,5.10,5.21,4.92,4.98,5575765
2011/10/12,sh.600061,4.95,5.08,4.80,5.04,4135138
2011/10/13,sh.600061,5.01,5.08,4.98,5.03,2913415
2011/10/14,sh.600061,5.09,5.09,4.87,4.91,2642324
2011/10/17,sh.600061,4.90,4.97,4.87,4.93,2545962
2011/10/18,sh.600061,4.93,4.93,4.73,4.80,2711000
2011/10/19,sh.600061,4.80,4.80,4.53,4.65,2971147
2011/10/20,sh.600061,4.60,4.60,4.32,4.33,2140056
2011/10/21,sh.600061,4.31,4.41,4.28,4.36,1398717
2011/10/24,sh.600061,4.37,4.56,4.31,4.54,2145094
2011/10/25,sh.600061,4.47,4.61,4.43,4.56,2442753
2011/10/26,sh.600061,4.54,4.58,4.48,4.54,1902474
2011/10/27,sh.600061,4.54,4.57,4.50,4.53,1271797
2011/10/28,sh.600061,4.55,4.63,4.55,4.61,1816154
2011/10/31,sh.600061,4.61,4.68,4.58,4.66,2280889
2011/11/1,sh.600061,4.62,4.65,4.57,4.61,1951548
2011/11/2,sh.600061,4.56,4.63,4.46,4.63,2600488
2011/11/3,sh.600061,4.65,4.84,4.62,4.69,4333498
2011/11/4,sh.600061,4.70,4.83,4.70,4.79,3552603
2011/11/7,sh.600061,4.76,4.79,4.66,4.69,2646907
2011/11/8,sh.600061,4.69,4.76,4.65,4.66,2317431
2011/11/9,sh.600061,4.66,4.78,4.63,4.77,2907591
2011/11/10,sh.600061,4.73,4.74,4.56,4.64,2914618
2011/11/11,sh.600061,4.64,4.69,4.58,4.63,2505385
2011/11/14,sh.600061,4.66,4.95,4.65,4.91,6369417
2011/11/15,sh.600061,4.86,5.02,4.85,4.94,3992435
2011/11/16,sh.600061,4.89,4.97,4.79,4.80,2678497
2011/11/17,sh.600061,4.80,4.88,4.72,4.73,1814335
2011/11/18,sh.600061,4.68,4.71,4.50,4.51,2141343
2011/11/21,sh.600061,4.59,4.72,4.55,4.67,2228421
2011/11/22,sh.600061,4.64,4.68,4.47,4.59,1468797
2011/11/23,sh.600061,4.59,4.61,4.50,4.59,1285461
2011/11/24,sh.600061,4.52,4.63,4.40,4.60,2846356
2011/11/25,sh.600061,4.58,4.75,4.55,4.55,2860794
2011/11/28,sh.600061,4.51,4.54,4.37,4.46,2026271
2011/11/29,sh.600061,4.53,4.54,4.44,4.51,1575344
2011/11/30,sh.600061,4.51,4.51,4.27,4.30,1310210
2011/12/1,sh.600061,4.35,4.50,4.33,4.40,2302841
2011/12/2,sh.600061,4.39,4.39,4.25,4.26,1419017
2011/12/5,sh.600061,4.26,4.29,4.02,4.06,1358626
2011/12/6,sh.600061,4.06,4.10,3.94,3.97,1049422
2011/12/7,sh.600061,4.01,4.01,3.94,3.98,574722
2011/12/8,sh.600061,3.98,4.02,3.92,3.97,963758
2011/12/9,sh.600061,3.98,3.98,3.81,3.93,848158
2011/12/12,sh.600061,3.93,3.95,3.80,3.84,624392
2011/12/13,sh.600061,3.83,3.83,3.53,3.60,1810030
2011/12/14,sh.600061,3.55,3.62,3.51,3.54,949578
2011/12/15,sh.600061,3.55,3.58,3.41,3.44,1391309
2011/12/16,sh.600061,3.47,3.56,3.42,3.55,1157895
2011/12/19,sh.600061,3.50,3.52,3.34,3.47,1562532
2011/12/20,sh.600061,3.49,3.52,3.44,3.48,820259
2011/12/21,sh.600061,3.52,3.56,3.41,3.43,967740
2011/12/22,sh.600061,3.44,3.44,3.28,3.36,862771
2011/12/23,sh.600061,3.37,3.45,3.34,3.39,785851
2011/12/26,sh.600061,3.39,3.43,3.33,3.33,443644
2011/12/27,sh.600061,3.36,3.36,3.24,3.30,897080
2011/12/28,sh.600061,3.27,3.29,3.15,3.27,879818
2011/12/29,sh.600061,3.26,3.30,3.24,3.25,507123
2011/12/30,sh.600061,3.25,3.30,3.25,3.29,415583
2012/1/4,sh.600061,3.30,3.34,3.23,3.25,564580
2012/1/5,sh.600061,3.24,3.24,2.93,2.96,1806101
2012/1/6,sh.600061,2.93,2.98,2.80,2.97,1117896
2012/1/9,sh.600061,2.96,3.21,2.92,3.11,2105642
2012/1/10,sh.600061,3.08,3.26,3.08,3.26,2435516
2012/1/11,sh.600061,3.27,3.37,3.23,3.29,2487236
2012/1/12,sh.600061,3.28,3.44,3.28,3.29,3100275
2012/1/13,sh.600061,3.30,3.33,3.06,3.08,2020875
2012/1/16,sh.600061,3.05,3.08,2.90,3.01,1243595
2012/1/17,sh.600061,3.03,3.25,2.99,3.24,1920290
2012/1/18,sh.600061,3.23,3.36,3.17,3.20,2098547
2012/1/19,sh.600061,3.19,3.34,3.14,3.32,2858374
2012/1/20,sh.600061,3.32,3.45,3.26,3.41,3111282
2012/1/30,sh.600061,3.41,3.42,3.32,3.36,1284093
2012/1/31,sh.600061,3.35,3.38,3.30,3.36,949374
2012/2/1,sh.600061,3.34,3.41,3.32,3.34,1202700
2012/2/2,sh.600061,3.37,3.44,3.32,3.41,1236670
2012/2/3,sh.600061,3.41,3.59,3.38,3.54,2734132
2012/2/6,sh.600061,3.54,3.56,3.46,3.48,2499048
2012/2/7,sh.600061,3.41,3.47,3.33,3.38,1734984
2012/2/8,sh.600061,3.38,3.50,3.33,3.50,2146498
2012/2/9,sh.600061,3.48,3.56,3.46,3.49,2119287
2012/2/10,sh.600061,3.48,3.58,3.47,3.55,1765115
2012/2/13,sh.600061,3.50,3.63,3.47,3.59,1985668
2012/2/14,sh.600061,3.59,3.66,3.53,3.61,2291182
2012/2/15,sh.600061,3.60,3.73,3.56,3.70,3224275
2012/2/16,sh.600061,3.65,3.85,3.65,3.83,4992317
2012/2/17,sh.600061,3.80,3.83,3.72,3.77,2692510
2012/2/20,sh.600061,3.82,3.83,3.70,3.70,2661495
2012/2/21,sh.600061,3.72,3.73,3.58,3.71,3251294
2012/2/22,sh.600061,3.72,3.83,3.68,3.81,2870595
2012/2/23,sh.600061,3.81,3.86,3.78,3.84,3102943
2012/2/24,sh.600061,3.82,3.89,3.79,3.88,2646024
2012/2/27,sh.600061,3.88,4.02,3.85,3.99,5667411
2012/2/28,sh.600061,3.94,4.03,3.88,3.95,3919720
2012/2/29,sh.600061,3.99,4.03,3.82,3.95,3629954
2012/3/1,sh.600061,3.95,3.99,3.88,3.98,2954137
2012/3/2,sh.600061,3.99,4.02,3.85,3.98,7255634
2012/3/5,sh.600061,3.97,4.00,3.91,3.99,4969902
2012/3/6,sh.600061,3.96,4.09,3.90,4.05,6110668
2012/3/7,sh.600061,4.02,4.37,3.97,4.17,11828530
2012/3/8,sh.600061,4.11,4.29,4.11,4.20,7717571
2012/3/9,sh.600061,4.20,4.23,4.13,4.22,3287039
2012/3/12,sh.600061,4.17,4.25,4.14,4.22,4656086
2012/3/13,sh.600061,4.21,4.34,4.15,4.31,7192478
2012/3/14,sh.600061,4.37,4.37,3.88,4.02,8486372
2012/3/15,sh.600061,4.02,4.08,3.86,3.93,3269723
2012/3/16,sh.600061,3.94,4.11,3.91,4.10,3764494
2012/3/19,sh.600061,4.05,4.35,4.03,4.32,9995072
2012/3/20,sh.600061,4.35,4.35,4.18,4.21,2953875
2012/3/21,sh.600061,4.22,4.55,4.13,4.25,19279120
2012/3/22,sh.600061,4.16,4.16,3.99,4.02,7976715
2012/3/23,sh.600061,3.98,3.98,3.81,3.84,5056519
2012/3/26,sh.600061,3.85,3.86,3.80,3.85,1725156
2012/3/27,sh.600061,3.87,3.90,3.79,3.80,1391669
2012/3/28,sh.600061,3.79,3.79,3.54,3.55,2608316
2012/3/29,sh.600061,3.54,3.61,3.36,3.44,1835170
2012/3/30,sh.600061,3.43,3.52,3.41,3.49,1592950
2012/4/5,sh.600061,3.49,3.58,3.48,3.56,2395624
2012/4/6,sh.600061,3.57,3.59,3.52,3.57,1897632
2012/4/9,sh.600061,3.56,3.56,3.50,3.50,1432845
2012/4/10,sh.600061,3.47,3.50,3.34,3.50,1768649
2012/4/11,sh.600061,3.43,3.50,3.41,3.50,1263611
2012/4/12,sh.600061,3.52,3.62,3.48,3.61,2664634
2012/4/13,sh.600061,3.62,3.92,3.59,3.76,4759506
2012/4/16,sh.600061,3.69,3.90,3.65,3.80,3879060
2012/4/17,sh.600061,3.80,4.02,3.74,3.92,7981670
2012/4/18,sh.600061,3.85,3.99,3.84,3.96,5623427
2012/4/19,sh.600061,3.96,3.96,3.96,3.96,INVALID
2012/4/20,sh.600061,3.95,4.00,3.82,3.95,4235297
2012/4/23,sh.600061,3.92,3.92,3.72,3.75,4841331
2012/4/24,sh.600061,3.73,3.73,3.50,3.59,5266026
2012/4/25,sh.600061,3.60,3.74,3.57,3.73,3732572
2012/4/26,sh.600061,3.70,3.76,3.59,3.63,2975337
2012/4/27,sh.600061,3.61,3.63,3.48,3.54,2723951
2012/5/2,sh.600061,3.59,3.60,3.49,3.55,2408289
2012/5/3,sh.600061,3.53,3.58,3.51,3.55,1979688
2012/5/4,sh.600061,3.55,3.61,3.53,3.59,1551178
2012/5/7,sh.600061,3.61,3.72,3.60,3.66,3515006
2012/5/8,sh.600061,3.66,3.69,3.59,3.68,1866225
2012/5/9,sh.600061,3.67,3.81,3.62,3.75,4934770
2012/5/10,sh.600061,3.72,3.74,3.61,3.65,2935478
2012/5/11,sh.600061,3.61,3.63,3.53,3.57,2379628
2012/5/14,sh.600061,3.61,3.62,3.47,3.49,2143371
2012/5/15,sh.600061,3.50,3.52,3.42,3.50,1634186
2012/5/16,sh.600061,3.51,3.52,3.44,3.45,1084799
2012/5/17,sh.600061,3.45,3.53,3.43,3.52,1554949
2012/5/18,sh.600061,3.50,3.50,3.36,3.44,1435164
2012/5/21,sh.600061,3.39,3.51,3.39,3.46,1504200
2012/5/22,sh.600061,3.46,3.59,3.45,3.56,2024209
2012/5/23,sh.600061,3.55,3.58,3.47,3.56,3760492
2012/5/24,sh.600061,3.53,3.58,3.48,3.49,2877566
2012/5/25,sh.600061,3.47,3.47,3.30,3.31,3146497
2012/5/28,sh.600061,3.27,3.52,3.18,3.51,3035639
2012/5/29,sh.600061,3.43,3.50,3.39,3.46,2844398
2012/5/30,sh.600061,3.44,3.47,3.42,3.43,1263997
2012/5/31,sh.600061,3.43,3.45,3.36,3.37,1448705
2012/6/1,sh.600061,3.37,3.41,3.36,3.39,956334
2012/6/4,sh.600061,3.30,3.33,3.21,3.21,2376309
2012/6/5,sh.600061,3.24,3.25,3.19,3.21,1285643
2012/6/6,sh.600061,3.21,3.22,3.15,3.17,1480333
2012/6/7,sh.600061,3.21,3.22,3.14,3.14,1243609
2012/6/8,sh.600061,3.17,3.17,3.13,3.13,979788
2012/6/11,sh.600061,3.14,3.19,3.10,3.17,1274094
2012/6/12,sh.600061,3.15,3.18,3.11,3.17,1077950
2012/6/13,sh.600061,3.17,3.23,3.15,3.22,1442273
2012/6/14,sh.600061,3.23,3.23,3.17,3.18,1136741
2012/6/15,sh.600061,3.19,3.23,3.17,3.21,1593419
2012/6/18,sh.600061,3.22,3.24,3.19,3.21,1168881
2012/6/19,sh.600061,3.20,3.22,3.13,3.14,1278755
2012/6/20,sh.600061,3.18,3.20,3.12,3.14,1205781
2012/6/21,sh.600061,3.12,3.15,3.03,3.04,978565
2012/6/25,sh.600061,3.05,3.06,2.88,2.90,1141071
2012/6/26,sh.600061,2.91,2.92,2.86,2.92,896981
2012/6/27,sh.600061,2.92,2.94,2.85,2.85,783150
2012/6/28,sh.600061,2.87,2.87,2.72,2.74,1998375
2012/6/29,sh.600061,2.74,2.88,2.60,2.84,2554151
2012/7/2,sh.600061,2.82,2.86,2.79,2.80,2038386
2012/7/3,sh.600061,2.80,2.83,2.67,2.75,1727597
2012/7/4,sh.600061,2.75,2.80,2.69,2.73,1297958
2012/7/5,sh.600061,2.74,2.74,2.62,2.63,1632450
2012/7/6,sh.600061,2.64,2.68,2.56,2.67,1884700
2012/7/9,sh.600061,2.65,2.65,2.53,2.55,1912417
2012/7/10,sh.600061,2.53,2.55,2.44,2.47,2582684
2012/7/11,sh.600061,2.48,2.51,2.45,2.48,1769413
2012/7/12,sh.600061,2.46,2.52,2.44,2.51,2269604
2012/7/13,sh.600061,2.49,2.56,2.49,2.53,1842508
2012/7/16,sh.600061,2.56,2.56,2.33,2.37,1954217
2012/7/17,sh.600061,2.31,2.46,2.31,2.43,2081529
2012/7/18,sh.600061,2.42,2.53,2.40,2.52,2486467
2012/7/19,sh.600061,2.52,2.77,2.50,2.77,5066051
2012/7/20,sh.600061,2.89,3.05,2.80,3.05,17994131
2012/7/23,sh.600061,3.06,3.06,2.85,2.89,11591456
2012/7/24,sh.600061,2.86,3.02,2.84,2.89,9194154
2012/7/25,sh.600061,2.84,2.99,2.78,2.93,10744931
2012/7/26,sh.600061,2.89,2.92,2.81,2.82,5172856
2012/7/27,sh.600061,2.82,2.85,2.65,2.68,6138459
2012/7/30,sh.600061,2.70,2.70,2.41,2.47,8509551
2012/7/31,sh.600061,2.43,2.58,2.36,2.47,10860640
2012/8/1,sh.600061,2.44,2.56,2.41,2.56,9785141
2012/8/2,sh.600061,2.54,2.55,2.44,2.48,6248032
2012/8/3,sh.600061,2.48,2.73,2.45,2.73,10590788
2012/8/6,sh.600061,2.90,3.00,2.80,3.00,28670023
2012/8/7,sh.600061,2.97,3.23,2.90,3.14,31800419
2012/8/8,sh.600061,3.12,3.15,2.92,2.99,24568865
2012/8/9,sh.600061,2.96,3.05,2.86,2.99,21478527
2012/8/10,sh.600061,2.92,3.29,2.92,3.29,31426627
2012/8/13,sh.600061,3.36,3.37,3.10,3.12,27325739
2012/8/14,sh.600061,3.05,3.28,2.95,3.27,21948521
2012/8/15,sh.600061,3.21,3.51,3.15,3.26,28295666
2012/8/16,sh.600061,3.19,3.36,3.08,3.18,17873044
2012/8/17,sh.600061,3.14,3.21,3.03,3.08,11049166
2012/8/20,sh.600061,3.08,3.18,2.96,3.13,11280916
2012/8/21,sh.600061,3.12,3.17,3.07,3.15,11496580
2012/8/22,sh.600061,3.12,3.13,3.00,3.03,10178125
2012/8/23,sh.600061,3.00,3.26,3.00,3.21,14725925
2012/8/24,sh.600061,3.18,3.23,3.03,3.03,10157346
2012/8/27,sh.600061,3.02,3.11,2.94,2.96,6632500
2012/8/28,sh.600061,2.95,3.01,2.90,2.97,5445435
2012/8/29,sh.600061,2.95,2.95,2.75,2.75,9341575
2012/8/30,sh.600061,2.73,2.77,2.55,2.65,9581794
2012/8/31,sh.600061,2.64,2.73,2.63,2.70,6355064
2012/9/3,sh.600061,2.70,2.80,2.63,2.75,5081146
2012/9/4,sh.600061,2.77,2.85,2.68,2.71,5058275
2012/9/5,sh.600061,2.70,2.74,2.62,2.72,4552304
2012/9/6,sh.600061,2.73,2.79,2.69,2.75,4459703
2012/9/7,sh.600061,2.78,2.92,2.75,2.86,9292702
2012/9/10,sh.600061,2.86,2.95,2.82,2.94,9993886
2012/9/11,sh.600061,2.95,3.00,2.89,2.95,7362207
2012/9/12,sh.600061,2.96,2.98,2.89,2.93,6346737
2012/9/13,sh.600061,2.93,2.94,2.84,2.86,6641897
2012/9/14,sh.600061,2.87,2.91,2.85,2.86,3881431
2012/9/17,sh.600061,2.86,2.86,2.65,2.66,5955637
2012/9/18,sh.600061,2.66,2.70,2.63,2.65,2809508
2012/9/19,sh.600061,2.66,2.71,2.62,2.71,2464999
2012/9/20,sh.600061,2.71,2.71,2.57,2.61,3793694
2012/9/21,sh.600061,2.60,2.64,2.56,2.59,1941266
2012/9/24,sh.600061,2.58,2.67,2.52,2.67,3016674
2012/9/25,sh.600061,2.67,2.67,2.60,2.61,2383139
2012/9/26,sh.600061,2.61,2.62,2.47,2.48,2988624
2012/9/27,sh.600061,2.48,2.57,2.44,2.52,3075767
2012/9/28,sh.600061,2.49,2.66,2.49,2.63,3474682
2012/10/8,sh.600061,2.62,2.73,2.57,2.66,4803383
2012/10/9,sh.600061,2.66,2.75,2.64,2.72,3883160
2012/10/10,sh.600061,2.71,2.82,2.70,2.77,5977265
2012/10/11,sh.600061,2.77,2.77,2.66,2.67,3985469
2012/10/12,sh.600061,2.69,2.94,2.68,2.82,10086790
2012/10/15,sh.600061,2.82,2.92,2.76,2.78,5877887
2012/10/16,sh.600061,2.76,2.85,2.69,2.75,3725937
2012/10/17,sh.600061,2.75,2.78,2.69,2.75,3286374
2012/10/18,sh.600061,2.75,2.82,2.73,2.80,5014905
2012/10/19,sh.600061,2.80,2.84,2.75,2.76,4062285
2012/10/22,sh.600061,2.73,2.76,2.71,2.75,2978984
2012/10/23,sh.600061,2.77,2.82,2.74,2.77,2900184
2012/10/24,sh.600061,2.73,2.80,2.71,2.78,3352731
2012/10/25,sh.600061,2.80,2.92,2.74,2.86,7817475
2012/10/26,sh.600061,2.84,2.86,2.69,2.70,5508874
2012/10/29,sh.600061,2.67,2.70,2.57,2.62,3551795
2012/10/30,sh.600061,2.62,2.70,2.60,2.62,1884981
2012/10/31,sh.600061,2.62,2.63,2.58,2.61,1739084
2012/11/1,sh.600061,2.64,2.82,2.64,2.71,4720754
2012/11/2,sh.600061,2.71,2.75,2.67,2.73,3670864
2012/11/5,sh.600061,2.72,2.77,2.70,2.74,3021253
2012/11/6,sh.600061,2.73,2.75,2.62,2.69,3147960
2012/11/7,sh.600061,2.66,2.70,2.65,2.68,1883769
2012/11/8,sh.600061,2.66,2.69,2.56,2.58,3335487
2012/11/9,sh.600061,2.56,2.63,2.54,2.58,2235843
2012/11/12,sh.600061,2.58,2.61,2.56,2.60,2180618
2012/11/13,sh.600061,2.60,2.60,2.55,2.56,2495436
2012/11/14,sh.600061,2.56,2.58,2.48,2.52,2038969
2012/11/15,sh.600061,2.51,2.52,2.44,2.45,2213097
2012/11/16,sh.600061,2.45,2.45,2.38,2.40,2736305
2012/11/19,sh.600061,2.40,2.45,2.39,2.42,1505194
2012/11/20,sh.600061,2.43,2.45,2.40,2.40,1024500
2012/11/21,sh.600061,2.42,2.45,2.36,2.45,1934058
2012/11/22,sh.600061,2.45,2.45,2.39,2.41,1161170
2012/11/23,sh.600061,2.42,2.44,2.40,2.42,1450528
2012/11/26,sh.600061,2.40,2.43,2.38,2.41,1022067
2012/11/27,sh.600061,2.41,2.41,2.20,2.27,2657264
2012/11/28,sh.600061,2.27,2.27,2.09,2.18,3742764
2012/11/29,sh.600061,2.18,2.22,2.16,2.16,1929678
2012/11/30,sh.600061,2.16,2.22,2.14,2.20,1323987
2012/12/3,sh.600061,2.18,2.29,2.15,2.16,2822646
2012/12/4,sh.600061,2.12,2.25,2.12,2.23,2370954
2012/12/5,sh.600061,2.19,2.34,2.19,2.31,3500872
2012/12/6,sh.600061,2.31,2.33,2.28,2.29,1977917
2012/12/7,sh.600061,2.29,2.36,2.28,2.34,2922552
2012/12/10,sh.600061,2.34,2.45,2.33,2.41,4188311
2012/12/11,sh.600061,2.40,2.42,2.35,2.38,2378784
2012/12/12,sh.600061,2.38,2.40,2.33,2.36,2527539
2012/12/13,sh.600061,2.35,2.37,2.23,2.30,2199104
2012/12/14,sh.600061,2.30,2.43,2.29,2.41,4263670
2012/12/17,sh.600061,2.41,2.45,2.41,2.44,3428280
2012/12/18,sh.600061,2.44,2.51,2.40,2.44,3719295
2012/12/19,sh.600061,2.44,2.46,2.40,2.42,2628604
2012/12/20,sh.600061,2.40,2.42,2.36,2.39,2986091
2012/12/21,sh.600061,2.39,2.43,2.37,2.41,2134525
2012/12/24,sh.600061,2.40,2.41,2.38,2.38,2044089
2012/12/25,sh.600061,2.38,2.47,2.37,2.44,4248463
2012/12/26,sh.600061,2.44,2.52,2.42,2.48,5442926
2012/12/27,sh.600061,2.48,2.52,2.45,2.48,5461757
2012/12/28,sh.600061,2.48,2.53,2.46,2.52,5124294
2012/12/31,sh.600061,2.53,2.56,2.47,2.52,8620428
2013/1/4,sh.600061,2.52,2.59,2.48,2.50,5906860
2013/1/7,sh.600061,2.49,2.51,2.45,2.51,4678854
2013/1/8,sh.600061,2.50,2.57,2.49,2.55,6146392
2013/1/9,sh.600061,2.54,2.58,2.51,2.53,5544847
2013/1/10,sh.600061,2.57,2.61,2.54,2.60,7818153
2013/1/11,sh.600061,2.59,2.60,2.45,2.49,6156960
2013/1/14,sh.600061,2.48,2.60,2.48,2.60,7291057
2013/1/15,sh.600061,2.60,2.66,2.59,2.60,7848557
2013/1/16,sh.600061,2.61,2.66,2.57,2.62,6191723
2013/1/17,sh.600061,2.62,2.66,2.56,2.60,6068734
2013/1/18,sh.600061,2.58,2.66,2.57,2.66,5889480
2013/1/21,sh.600061,2.65,2.70,2.63,2.64,5280208
2013/1/22,sh.600061,2.65,2.65,2.58,2.63,4619582
2013/1/23,sh.600061,2.62,2.63,2.58,2.63,3409305
2013/1/24,sh.600061,2.61,2.72,2.52,2.69,11983716
2013/1/25,sh.600061,2.66,2.86,2.63,2.74,20352236
2013/1/28,sh.600061,2.71,2.74,2.68,2.73,10490197
2013/1/29,sh.600061,2.73,2.84,2.72,2.79,10317975
2013/1/30,sh.600061,2.77,2.94,2.77,2.92,15443829
2013/1/31,sh.600061,2.93,2.93,2.79,2.82,8649341
2013/2/1,sh.600061,2.82,2.86,2.72,2.82,7445598
2013/2/4,sh.600061,2.82,2.84,2.71,2.73,6216976
2013/2/5,sh.600061,2.75,2.79,2.70,2.77,3494391
2013/2/6,sh.600061,2.79,2.79,2.71,2.73,3568029
2013/2/7,sh.600061,2.73,2.75,2.70,2.71,3513909
2013/2/8,sh.600061,2.70,2.75,2.69,2.74,2719740
2013/2/18,sh.600061,2.75,2.78,2.74,2.75,4526921
2013/2/19,sh.600061,2.77,2.81,2.75,2.78,5342176
2013/2/20,sh.600061,2.80,2.82,2.74,2.80,4232040
2013/2/21,sh.600061,2.77,2.78,2.60,2.64,5044783
2013/2/22,sh.600061,2.62,2.67,2.61,2.64,3138117
2013/2/25,sh.600061,2.62,2.68,2.62,2.65,2440621
2013/2/26,sh.600061,2.64,2.80,2.60,2.76,10514728
2013/2/27,sh.600061,2.75,3.00,2.74,2.83,14226716
2013/2/28,sh.600061,2.80,2.84,2.74,2.82,7537949
2013/3/1,sh.600061,2.84,3.10,2.80,3.10,25847141
2013/3/4,sh.600061,3.10,3.26,3.00,3.11,30964432
2013/3/5,sh.600061,3.10,3.29,3.01,3.14,20514444
2013/3/6,sh.600061,3.11,3.22,3.07,3.14,12611450
2013/3/7,sh.600061,3.14,3.45,3.05,3.38,29058345
2013/3/8,sh.600061,3.35,3.44,3.23,3.25,18819703
2013/3/11,sh.600061,3.29,3.30,3.12,3.24,13837437
2013/3/12,sh.600061,3.23,3.39,3.04,3.12,14300449
2013/3/13,sh.600061,3.08,3.11,2.97,3.03,8862496
2013/3/14,sh.600061,3.03,3.07,3.01,3.04,4976315
2013/3/15,sh.600061,3.06,3.21,2.99,3.12,8982118
2013/3/18,sh.600061,3.08,3.19,3.01,3.07,7718408
2013/3/19,sh.600061,3.07,3.15,3.03,3.12,6028654
2013/3/20,sh.600061,3.11,3.23,3.07,3.22,7227856
2013/3/21,sh.600061,3.21,3.32,3.18,3.24,10260785
2013/3/22,sh.600061,3.24,3.32,3.14,3.17,8768081
2013/3/25,sh.600061,3.17,3.24,3.12,3.14,6482822
2013/3/26,sh.600061,3.11,3.11,2.99,3.03,8363244
2013/3/27,sh.600061,3.01,3.06,2.97,3.03,4644789
2013/3/28,sh.600061,3.01,3.01,2.89,2.89,6054296
2013/3/29,sh.600061,3.08,3.08,2.91,2.95,3480317
2013/4/1,sh.600061,2.92,2.97,2.89,2.92,3392571
2013/4/2,sh.600061,2.92,2.95,2.90,2.95,3308601
2013/4/3,sh.600061,2.96,2.97,2.85,2.86,3125721
2013/4/8,sh.600061,2.84,2.84,2.73,2.80,3096937
2013/4/9,sh.600061,2.80,2.88,2.80,2.85,2223309
2013/4/10,sh.600061,2.85,2.92,2.83,2.92,2092146
2013/4/11,sh.600061,2.91,2.92,2.85,2.85,1601296
2013/4/12,sh.600061,2.85,2.87,2.75,2.77,1988025
2013/4/15,sh.600061,2.75,2.79,2.71,2.73,1763180
2013/4/16,sh.600061,2.72,2.79,2.70,2.78,1675032
2013/4/17,sh.600061,2.80,2.89,2.77,2.86,3897034
2013/4/18,sh.600061,2.86,2.92,2.80,2.84,3249050
2013/4/19,sh.600061,2.82,2.90,2.82,2.89,3489948
2013/4/22,sh.600061,2.85,2.90,2.85,2.89,2658174
2013/4/23,sh.600061,2.89,2.91,2.73,2.75,3028608
2013/4/24,sh.600061,2.74,2.85,2.71,2.83,2672055
2013/4/25,sh.600061,2.80,2.80,2.68,2.71,4197330
2013/4/26,sh.600061,2.72,2.77,2.64,2.67,3010600
2013/5/2,sh.600061,2.68,2.71,2.63,2.71,1410302
2013/5/3,sh.600061,2.71,2.78,2.70,2.74,1559408
2013/5/6,sh.600061,2.74,2.78,2.74,2.77,2067448
2013/5/7,sh.600061,2.77,2.80,2.74,2.79,1791819
2013/5/8,sh.600061,2.78,2.83,2.77,2.82,2608547
2013/5/9,sh.600061,2.82,2.85,2.75,2.78,3226484
2013/5/10,sh.600061,2.77,2.80,2.71,2.77,3437527
2013/5/13,sh.600061,2.75,2.77,2.73,2.76,1738179
2013/5/14,sh.600061,2.77,3.04,2.75,3.04,6918002
2013/5/15,sh.600061,3.08,3.21,3.07,3.15,23871927
2013/5/16,sh.600061,3.10,3.17,3.03,3.16,12947877
2013/5/17,sh.600061,3.15,3.23,3.10,3.18,13260477
2013/5/20,sh.600061,3.21,3.39,3.17,3.21,13760798
2013/5/21,sh.600061,3.23,3.23,3.13,3.15,10206160
2013/5/22,sh.600061,3.15,3.39,3.13,3.25,15903691
2013/5/23,sh.600061,3.19,3.26,3.15,3.18,6935840
2013/5/24,sh.600061,3.18,3.34,3.17,3.28,9076680
2013/5/27,sh.600061,3.27,3.31,3.22,3.28,7890642
2013/5/28,sh.600061,3.29,3.44,3.27,3.32,13577013
2013/5/29,sh.600061,3.32,3.40,3.25,3.37,9906534
2013/5/30,sh.600061,3.36,3.56,3.29,3.52,17324557
2013/5/31,sh.600061,3.48,3.64,3.43,3.43,17444166
2013/6/3,sh.600061,3.44,3.45,3.35,3.36,7575234
2013/6/4,sh.600061,3.36,3.39,3.23,3.29,6382084
2013/6/5,sh.600061,3.29,3.33,3.23,3.32,4096482
2013/6/6,sh.600061,3.33,3.33,3.10,3.15,6473325
2013/6/7,sh.600061,3.15,3.20,3.09,3.18,3421078
2013/6/13,sh.600061,3.15,3.15,2.95,3.03,4213335
2013/6/14,sh.600061,3.04,3.09,3.01,3.04,2733656
2013/6/17,sh.600061,3.05,3.13,3.00,3.11,3117518
2013/6/18,sh.600061,3.12,3.14,3.04,3.08,2084908
2013/6/19,sh.600061,3.06,3.07,2.98,3.04,2876795
2013/6/20,sh.600061,3.01,3.03,2.91,2.92,2448642
2013/6/21,sh.600061,2.88,2.89,2.81,2.88,2660865
2013/6/24,sh.600061,2.88,2.88,2.60,2.62,3436211
2013/6/25,sh.600061,2.55,2.64,2.36,2.58,4973594
2013/6/26,sh.600061,2.56,2.64,2.55,2.60,3279880
2013/6/27,sh.600061,2.62,2.63,2.52,2.54,3190371
2013/6/28,sh.600061,2.52,2.59,2.44,2.53,1929084
2013/7/1,sh.600061,2.53,2.59,2.51,2.59,2117891
2013/7/2,sh.600061,2.59,2.70,2.59,2.67,4165805
2013/7/3,sh.600061,2.68,2.70,2.60,2.69,3156073
2013/7/4,sh.600061,2.79,2.81,2.69,2.74,5351481
2013/7/5,sh.600061,2.72,2.76,2.68,2.70,3553369
2013/7/8,sh.600061,2.66,2.66,2.51,2.52,3792812
2013/7/9,sh.600061,2.51,2.56,2.46,2.54,1785783
2013/7/10,sh.600061,2.54,2.80,2.52,2.80,7651120
2013/7/11,sh.600061,2.85,2.86,2.77,2.83,8436464
2013/7/12,sh.600061,2.81,2.89,2.78,2.86,5750858
2013/7/15,sh.600061,2.85,2.89,2.81,2.86,4744098
2013/7/16,sh.600061,2.86,2.86,2.78,2.85,4101701
2013/7/17,sh.600061,2.85,2.85,2.73,2.74,3370742
2013/7/18,sh.600061,2.74,2.81,2.70,2.75,2806887
2013/7/19,sh.600061,2.75,2.78,2.58,2.59,3741714
2013/7/22,sh.600061,2.58,2.66,2.51,2.66,2840307
2013/7/23,sh.600061,2.65,2.74,2.65,2.73,3445026
2013/7/24,sh.600061,2.73,2.73,2.63,2.71,3444647
2013/7/25,sh.600061,2.71,2.84,2.70,2.79,5807008
2013/7/26,sh.600061,2.78,2.78,2.69,2.74,2997660
2013/7/29,sh.600061,2.65,2.73,2.61,2.62,2868724
2013/7/30,sh.600061,2.62,2.67,2.58,2.64,2205603
2013/7/31,sh.600061,2.64,2.69,2.63,2.66,1933238
2013/8/1,sh.600061,2.67,2.75,2.63,2.72,3227512
2013/8/2,sh.600061,2.73,2.77,2.70,2.74,2674148
2013/8/5,sh.600061,2.74,2.82,2.70,2.81,4367262
2013/8/6,sh.600061,2.81,3.00,2.77,2.95,8071033
2013/8/7,sh.600061,2.92,2.96,2.84,2.85,5980225
2013/8/8,sh.600061,2.86,2.96,2.84,2.88,6654495
2013/8/9,sh.600061,2.88,2.94,2.84,2.91,5335991
2013/8/12,sh.600061,2.92,3.00,2.91,2.98,7229886
2013/8/13,sh.600061,2.98,3.12,2.94,3.04,7867917
2013/8/14,sh.600061,3.03,3.10,2.99,3.04,7308959
2013/8/15,sh.600061,3.04,3.11,2.99,2.99,6450134
2013/8/16,sh.600061,2.96,3.04,2.85,2.87,7224212
2013/8/19,sh.600061,2.86,3.07,2.86,3.05,8898527
2013/8/20,sh.600061,3.01,3.12,2.99,3.02,7988473
2013/8/21,sh.600061,3.00,3.05,2.97,3.02,4034773
2013/8/22,sh.600061,2.99,3.18,2.99,3.14,9341676
2013/8/23,sh.600061,3.20,3.29,2.99,3.06,12216603
2013/8/26,sh.600061,3.07,3.36,3.04,3.36,17750682
2013/8/27,sh.600061,3.52,3.70,3.45,3.55,38254952
2013/8/28,sh.600061,3.51,3.91,3.48,3.83,47246394
2013/8/29,sh.600061,3.76,3.87,3.62,3.76,33636359
2013/8/30,sh.600061,3.76,4.07,3.72,3.86,36740030
2013/9/2,sh.600061,3.96,4.05,3.49,3.63,24556407
2013/9/3,sh.600061,3.59,3.74,3.55,3.70,14172226
2013/9/4,sh.600061,3.70,3.98,3.60,3.85,28808532
2013/9/5,sh.600061,3.76,3.77,3.63,3.69,16171019
2013/9/6,sh.600061,3.66,4.06,3.65,4.06,28910250
2013/9/9,sh.600061,4.15,4.43,4.00,4.01,44238582
2013/9/10,sh.600061,3.89,4.24,3.89,4.13,33044895
2013/9/11,sh.600061,4.07,4.33,3.88,4.06,25884047
2013/9/12,sh.600061,4.00,4.14,3.94,4.00,12196052
2013/9/13,sh.600061,4.00,4.05,3.76,3.85,16069211
2013/9/16,sh.600061,3.83,3.98,3.77,3.86,10435319
2013/9/17,sh.600061,3.83,3.83,3.56,3.61,13684688
2013/9/18,sh.600061,3.59,3.76,3.59,3.66,10249574
2013/9/23,sh.600061,3.66,3.83,3.66,3.73,9441112
2013/9/24,sh.600061,3.75,3.94,3.62,3.86,17060509
2013/9/25,sh.600061,3.83,4.05,3.76,3.98,25073736
2013/9/26,sh.600061,3.91,3.91,3.58,3.60,17610465
2013/9/27,sh.600061,3.51,3.58,3.37,3.43,8692994
2013/9/30,sh.600061,3.46,3.55,3.45,3.51,4782569
2013/10/8,sh.600061,3.63,3.66,3.54,3.57,6664209
2013/10/9,sh.600061,3.56,3.71,3.48,3.69,10731251
2013/10/10,sh.600061,3.63,3.66,3.59,3.60,8271338
2013/10/11,sh.600061,3.60,3.77,3.59,3.76,13212875
2013/10/14,sh.600061,3.77,3.87,3.73,3.76,11670415
2013/10/15,sh.600061,3.76,3.76,3.59,3.71,9018655
2013/10/16,sh.600061,3.68,3.68,3.45,3.48,7905775
2013/10/17,sh.600061,3.53,3.56,3.41,3.48,5506342
2013/10/18,sh.600061,3.46,3.54,3.41,3.48,4089159
2013/10/21,sh.600061,3.51,3.65,3.48,3.61,7158359
2013/10/22,sh.600061,3.59,3.62,3.51,3.52,5766613
2013/10/23,sh.600061,3.52,3.59,3.42,3.47,4281994
2013/10/24,sh.600061,3.48,3.57,3.44,3.47,3231045
2013/10/25,sh.600061,3.46,3.49,3.24,3.29,5711838
2013/10/28,sh.600061,3.31,3.39,3.22,3.33,3361064
2013/10/29,sh.600061,3.32,3.38,3.06,3.18,5416148
2013/10/30,sh.600061,3.19,3.25,3.15,3.18,5962040
2013/10/31,sh.600061,3.17,3.19,3.04,3.08,6726827
2013/11/1,sh.600061,3.05,3.11,3.00,3.06,4329943
2013/11/4,sh.600061,3.06,3.11,3.03,3.09,3850762
2013/11/5,sh.600061,3.08,3.15,3.03,3.15,4364063
2013/11/6,sh.600061,3.15,3.18,3.10,3.10,3138602
2013/11/7,sh.600061,3.10,3.10,3.01,3.03,3282456
2013/11/8,sh.600061,3.01,3.08,2.98,3.06,2709491
2013/11/11,sh.600061,3.04,3.06,2.98,3.02,2394484
2013/11/12,sh.600061,3.01,3.08,3.00,3.08,3183726
2013/11/13,sh.600061,3.07,3.07,2.93,2.94,4396304
2013/11/14,sh.600061,2.93,2.96,2.90,2.96,2719004
2013/11/15,sh.600061,2.94,3.10,2.93,3.06,5547128
2013/11/18,sh.600061,3.07,3.15,3.05,3.14,5038646
2013/11/19,sh.600061,3.12,3.34,3.09,3.29,10721075
2013/11/20,sh.600061,3.27,3.28,3.22,3.26,4897521
2013/11/21,sh.600061,3.24,3.27,3.19,3.23,4128793
2013/11/22,sh.600061,3.23,3.24,3.14,3.17,3962059
2013/11/25,sh.600061,3.18,3.34,3.15,3.28,6677010
2013/11/26,sh.600061,3.29,3.29,3.21,3.23,3882810
2013/11/27,sh.600061,3.23,3.32,3.21,3.29,4938366
2013/11/28,sh.600061,3.30,3.39,3.28,3.30,6332625
2013/11/29,sh.600061,3.29,3.34,3.27,3.32,3996183
2013/12/2,sh.600061,3.24,3.27,3.00,3.12,5856426
2013/12/3,sh.600061,3.07,3.21,3.07,3.19,3221143
2013/12/4,sh.600061,3.20,3.38,3.18,3.30,8691567
2013/12/5,sh.600061,3.33,3.44,3.31,3.34,8034496
2013/12/6,sh.600061,3.33,3.45,3.29,3.39,7741794
2013/12/9,sh.600061,3.43,3.55,3.42,3.52,10179269
2013/12/10,sh.600061,3.57,3.87,3.56,3.67,21503825
2013/12/11,sh.600061,3.59,4.04,3.52,3.85,24789206
2013/12/12,sh.600061,3.82,3.96,3.74,3.79,15217729
2013/12/13,sh.600061,3.76,3.83,3.64,3.67,9605362
2013/12/16,sh.600061,3.67,3.71,3.48,3.50,10017865
2013/12/17,sh.600061,3.49,3.56,3.46,3.48,5381221
2013/12/18,sh.600061,3.51,3.61,3.48,3.52,5734545
2013/12/19,sh.600061,3.54,3.58,3.36,3.40,5930375
2013/12/20,sh.600061,3.40,3.52,3.39,3.41,4706730
2013/12/23,sh.600061,3.41,3.45,3.08,3.29,5389655
2013/12/24,sh.600061,3.29,3.32,3.21,3.27,2979248
2013/12/25,sh.600061,3.28,3.34,3.23,3.30,3149647
2013/12/26,sh.600061,3.29,3.30,3.18,3.21,3515484
2013/12/27,sh.600061,3.23,3.36,3.21,3.34,4915939
2013/12/30,sh.600061,3.36,3.52,3.36,3.50,5802150
2013/12/31,sh.600061,3.47,3.60,3.40,3.56,6009167
2014/1/2,sh.600061,3.56,3.61,3.49,3.52,4696903
2014/1/3,sh.600061,3.52,3.54,3.19,3.39,4957924
2014/1/6,sh.600061,3.39,3.39,3.23,3.28,3272366
2014/1/7,sh.600061,3.24,3.36,3.24,3.29,2200743
2014/1/8,sh.600061,3.29,3.31,3.19,3.22,3647801
2014/1/9,sh.600061,3.21,3.27,3.16,3.21,2873488
2014/1/10,sh.600061,3.19,3.22,3.10,3.18,2324934
2014/1/13,sh.600061,3.16,3.20,3.06,3.08,3433870
2014/1/14,sh.600061,3.05,3.14,3.04,3.14,2069489
2014/1/15,sh.600061,3.13,3.14,3.07,3.12,1858971
2014/1/16,sh.600061,3.15,3.17,3.10,3.15,2418580
2014/1/17,sh.600061,3.15,3.16,3.04,3.06,2192252
2014/1/20,sh.600061,3.03,3.10,3.01,3.06,1336788
2014/1/21,sh.600061,3.06,3.10,3.04,3.10,1329051
2014/1/22,sh.600061,3.11,3.21,3.07,3.19,2633710
2014/1/23,sh.600061,3.18,3.21,3.15,3.18,2034022
2014/1/24,sh.600061,3.15,3.24,3.15,3.23,2396655
2014/1/27,sh.600061,3.19,3.25,3.15,3.22,2758110
2014/1/28,sh.600061,3.22,3.26,3.18,3.25,2751657
2014/1/29,sh.600061,3.26,3.27,3.20,3.25,2605989
2014/1/30,sh.600061,3.22,3.57,3.18,3.57,9633032
2014/2/7,sh.600061,3.59,3.66,3.55,3.63,13218667
2014/2/10,sh.600061,3.59,3.70,3.56,3.66,9096392
2014/2/11,sh.600061,3.66,3.81,3.57,3.61,10715382
2014/2/12,sh.600061,3.58,3.67,3.49,3.63,8815674
2014/2/13,sh.600061,3.62,3.80,3.56,3.68,14670483
2014/2/14,sh.600061,3.76,3.77,3.66,3.69,7867795
2014/2/17,sh.600061,3.69,3.77,3.62,3.74,11062974
2014/2/18,sh.600061,3.73,3.73,3.66,3.71,8231924
2014/2/19,sh.600061,3.71,3.89,3.68,3.89,16047260
2014/2/20,sh.600061,3.87,3.98,3.63,3.65,12250653
2014/2/21,sh.600061,3.62,3.66,3.51,3.59,8779760
2014/2/24,sh.600061,3.57,3.62,3.52,3.61,4091646
2014/2/25,sh.600061,3.62,3.64,3.36,3.40,6684274
2014/2/26,sh.600061,3.37,3.44,3.33,3.41,4794925
2014/2/27,sh.600061,3.41,3.50,3.34,3.37,4409271
2014/2/28,sh.600061,3.41,3.46,3.34,3.45,3799291
2014/3/3,sh.600061,3.47,3.75,3.45,3.70,10017268
2014/3/4,sh.600061,3.65,3.69,3.58,3.66,5240088
2014/3/5,sh.600061,3.66,3.81,3.65,3.66,8202557
2014/3/6,sh.600061,3.63,3.84,3.62,3.80,12692477
2014/3/7,sh.600061,3.80,4.05,3.74,3.92,19977236
2014/3/10,sh.600061,3.83,3.87,3.66,3.71,12450026
2014/3/11,sh.600061,3.75,4.03,3.71,3.87,16548679
2014/3/12,sh.600061,3.77,4.13,3.71,4.09,24542230
2014/3/13,sh.600061,4.03,4.06,3.94,4.03,13300175
2014/3/14,sh.600061,4.00,4.00,3.79,3.85,11278424
2014/3/17,sh.600061,3.85,4.02,3.77,4.00,11426732
2014/3/18,sh.600061,3.95,4.03,3.91,3.91,9511033
2014/3/19,sh.600061,3.88,4.11,3.83,4.05,13002874
2014/3/20,sh.600061,4.00,4.04,3.73,3.76,14475570
2014/3/21,sh.600061,3.69,3.89,3.66,3.85,8075728
2014/3/24,sh.600061,3.84,3.96,3.83,3.85,6823272
2014/3/25,sh.600061,3.86,4.24,3.84,4.15,31123667
2014/3/26,sh.600061,4.08,4.11,3.99,4.06,14461632
2014/3/27,sh.600061,4.08,4.25,4.05,4.10,18025038
2014/3/28,sh.600061,4.09,4.34,4.07,4.17,16549529
2014/3/31,sh.600061,4.16,4.16,3.76,3.78,14089508
2014/4/1,sh.600061,3.76,3.82,3.66,3.81,7720318
2014/4/2,sh.600061,3.81,3.94,3.79,3.86,6654618
2014/4/3,sh.600061,3.85,3.85,3.73,3.84,4991698
2014/4/4,sh.600061,3.81,3.91,3.81,3.88,4329485
2014/4/8,sh.600061,3.85,3.93,3.83,3.91,4602109
2014/4/9,sh.600061,3.91,4.02,3.89,4.01,6831986
2014/4/10,sh.600061,3.99,4.08,3.97,4.00,6933203
2014/4/11,sh.600061,3.99,4.02,3.92,3.98,5868078
2014/4/14,sh.600061,3.99,4.05,3.96,4.03,5371556
2014/4/15,sh.600061,4.03,4.11,3.95,4.01,6630325
2014/4/16,sh.600061,4.00,4.05,3.94,3.95,5022229
2014/4/17,sh.600061,3.98,4.08,3.96,4.02,6176427
2014/4/18,sh.600061,3.98,4.05,3.97,4.02,3652908
2014/4/21,sh.600061,3.96,4.07,3.66,3.89,13507334
2014/4/22,sh.600061,3.88,4.03,3.77,4.02,12947595
2014/4/23,sh.600061,3.99,4.14,3.94,4.00,17399733
2014/4/24,sh.600061,3.98,4.09,3.87,4.05,15565376
2014/4/25,sh.600061,4.03,4.08,3.81,3.84,12891509
2014/4/28,sh.600061,3.78,3.78,3.48,3.52,8511966
2014/4/29,sh.600061,3.52,3.57,3.42,3.56,4053184
2014/4/30,sh.600061,3.55,3.70,3.53,3.65,3763693
2014/5/5,sh.600061,3.62,3.73,3.57,3.70,3655306
2014/5/6,sh.600061,3.73,3.76,3.65,3.67,3426010
2014/5/7,sh.600061,3.65,3.74,3.61,3.63,3849302
2014/5/8,sh.600061,3.63,3.70,3.60,3.63,3384931
2014/5/9,sh.600061,3.62,3.66,3.55,3.58,2388580
2014/5/12,sh.600061,3.65,3.72,3.61,3.69,3167213
2014/5/13,sh.600061,3.68,3.72,3.63,3.67,1817086
2014/5/14,sh.600061,3.67,3.68,3.62,3.64,1376288
2014/5/15,sh.600061,3.63,3.65,3.52,3.52,2452260
2014/5/16,sh.600061,3.51,3.56,3.47,3.54,1991195
2014/5/19,sh.600061,3.54,3.54,3.49,3.52,1496993
2014/5/20,sh.600061,3.54,3.56,3.50,3.51,1846541
2014/5/21,sh.600061,3.50,3.55,3.48,3.54,1898665
2014/5/22,sh.600061,3.55,3.63,3.55,3.55,3200527
2014/5/23,sh.600061,3.55,3.59,3.54,3.59,1670362
2014/5/26,sh.600061,3.62,3.63,3.58,3.61,1850666
2014/5/27,sh.600061,3.61,3.64,3.58,3.61,1939686
2014/5/28,sh.600061,3.60,3.69,3.59,3.67,3381395
2014/5/29,sh.600061,3.66,3.76,3.63,3.69,5014838
2014/5/30,sh.600061,3.65,3.67,3.61,3.63,2300078
2014/6/3,sh.600061,3.63,3.69,3.62,3.64,1753459
2014/6/4,sh.600061,3.63,3.70,3.59,3.62,2481601
2014/6/5,sh.600061,3.60,3.63,3.56,3.59,2893412
2014/6/6,sh.600061,3.58,3.70,3.52,3.67,6628578
2014/6/9,sh.600061,3.62,3.67,3.56,3.60,3012102
2014/6/10,sh.600061,3.61,3.63,3.56,3.62,1675475
2014/6/11,sh.600061,3.62,3.65,3.58,3.64,2253165
2014/6/12,sh.600061,3.63,3.66,3.59,3.62,2655137
2014/6/13,sh.600061,3.60,3.68,3.59,3.65,2409696
2014/6/16,sh.600061,3.65,3.68,3.63,3.67,2216525
2014/6/17,sh.600061,3.66,3.66,3.58,3.58,2937410
2014/6/18,sh.600061,3.58,3.63,3.43,3.58,7211289
2014/6/19,sh.600061,3.51,3.63,3.48,3.48,3526305
2014/6/20,sh.600061,3.48,3.52,3.47,3.50,1475021
2014/6/23,sh.600061,3.50,3.55,3.46,3.47,2492770
2014/6/24,sh.600061,3.47,3.51,3.19,3.44,2773040
2014/6/25,sh.600061,3.44,3.75,3.33,3.61,16884294
2014/6/26,sh.600061,3.61,3.74,3.55,3.69,15157086
2014/6/27,sh.600061,3.69,3.70,3.54,3.59,14087027
2014/6/30,sh.600061,3.56,3.59,3.54,3.56,4315734
2014/7/1,sh.600061,3.55,3.62,3.55,3.58,2828336
2014/7/2,sh.600061,3.58,3.60,3.55,3.58,3508372
2014/7/3,sh.600061,3.59,3.62,3.56,3.61,4271903
2014/7/4,sh.600061,3.61,3.67,3.59,3.62,5698373
2014/7/7,sh.600061,3.62,3.66,3.59,3.64,4202877
2014/7/8,sh.600061,3.63,3.67,3.62,3.66,5759493
2014/7/9,sh.600061,3.66,3.67,3.54,3.55,7173478
2014/7/10,sh.600061,3.53,3.64,3.53,3.59,5321318
2014/7/11,sh.600061,3.58,3.73,3.55,3.73,9465567
2014/7/14,sh.600061,3.73,3.73,3.73,3.73,INVALID
2014/7/15,sh.600061,3.73,3.73,3.73,3.73,INVALID
2014/7/16,sh.600061,3.73,3.73,3.73,3.73,INVALID
2014/7/17,sh.600061,3.73,3.73,3.73,3.73,INVALID
2014/7/18,sh.600061,3.73,3.73,3.73,3.73,INVALID
2014/7/21,sh.600061,3.73,3.73,3.73,3.73,INVALID
2014/7/22,sh.600061,3.73,3.73,3.73,3.73,INVALID
2014/7/23,sh.600061,3.73,3.73,3.73,3.73,INVALID
2014/7/24,sh.600061,3.73,3.73,3.73,3.73,INVALID
2014/7/25,sh.600061,3.73,3.73,3.73,3.73,INVALID
2014/7/28,sh.600061,3.73,3.73,3.73,3.73,INVALID
2014/7/29,sh.600061,3.73,3.73,3.73,3.73,INVALID
2014/7/30,sh.600061,3.73,3.73,3.73,3.73,INVALID
2014/7/31,sh.600061,3.73,3.73,3.73,3.73,INVALID
2014/8/1,sh.600061,3.73,3.73,3.73,3.73,INVALID
2014/8/4,sh.600061,3.73,3.73,3.73,3.73,INVALID
2014/8/5,sh.600061,3.73,3.73,3.73,3.73,INVALID
2014/8/6,sh.600061,3.73,3.73,3.73,3.73,INVALID
2014/8/7,sh.600061,3.73,3.73,3.73,3.73,INVALID
2014/8/8,sh.600061,3.73,3.73,3.73,3.73,INVALID
2014/8/11,sh.600061,3.73,3.73,3.73,3.73,INVALID
2014/8/12,sh.600061,3.73,3.73,3.73,3.73,INVALID
2014/8/13,sh.600061,3.73,3.73,3.73,3.73,INVALID
2014/8/14,sh.600061,3.73,3.73,3.73,3.73,INVALID
2014/8/15,sh.600061,3.73,3.73,3.73,3.73,INVALID
2014/8/18,sh.600061,3.73,3.73,3.73,3.73,INVALID
2014/8/19,sh.600061,3.73,3.73,3.73,3.73,INVALID
2014/8/20,sh.600061,3.73,3.73,3.73,3.73,INVALID
2014/8/21,sh.600061,3.73,3.73,3.73,3.73,INVALID
2014/8/22,sh.600061,3.73,3.73,3.73,3.73,INVALID
2014/8/25,sh.600061,3.73,3.73,3.73,3.73,INVALID
2014/8/26,sh.600061,3.73,3.73,3.73,3.73,INVALID
2014/8/27,sh.600061,3.73,3.73,3.73,3.73,INVALID
2014/8/28,sh.600061,3.73,3.73,3.73,3.73,INVALID
2014/8/29,sh.600061,3.73,3.73,3.73,3.73,INVALID
2014/9/1,sh.600061,3.73,3.73,3.73,3.73,INVALID
2014/9/2,sh.600061,3.73,3.73,3.73,3.73,INVALID
2014/9/3,sh.600061,3.73,3.73,3.73,3.73,INVALID
2014/9/4,sh.600061,3.73,3.73,3.73,3.73,INVALID
2014/9/5,sh.600061,3.73,3.73,3.73,3.73,INVALID
2014/9/9,sh.600061,3.73,3.73,3.73,3.73,INVALID
2014/9/10,sh.600061,3.73,3.73,3.73,3.73,INVALID
2014/9/11,sh.600061,3.73,3.73,3.73,3.73,INVALID
2014/9/12,sh.600061,3.73,3.73,3.73,3.73,INVALID
2014/9/15,sh.600061,3.73,3.73,3.73,3.73,INVALID
2014/9/16,sh.600061,3.73,3.73,3.73,3.73,INVALID
2014/9/17,sh.600061,3.73,3.73,3.73,3.73,INVALID
2014/9/18,sh.600061,3.73,3.73,3.73,3.73,INVALID
2014/9/19,sh.600061,3.73,3.73,3.73,3.73,INVALID
2014/9/22,sh.600061,3.73,3.73,3.73,3.73,INVALID
2014/9/23,sh.600061,3.73,3.73,3.73,3.73,INVALID
2014/9/24,sh.600061,3.73,3.73,3.73,3.73,INVALID
2014/9/25,sh.600061,3.73,3.73,3.73,3.73,INVALID
2014/9/26,sh.600061,3.73,3.73,3.73,3.73,INVALID
2014/9/29,sh.600061,3.73,3.73,3.73,3.73,INVALID
2014/9/30,sh.600061,3.73,3.73,3.73,3.73,INVALID
2014/10/8,sh.600061,3.73,3.73,3.73,3.73,INVALID
2014/10/9,sh.600061,3.73,3.73,3.73,3.73,INVALID
2014/10/10,sh.600061,3.73,3.73,3.73,3.73,INVALID
2014/10/13,sh.600061,3.73,3.73,3.73,3.73,INVALID
2014/10/14,sh.600061,3.73,3.73,3.73,3.73,INVALID
2014/10/15,sh.600061,3.73,3.73,3.73,3.73,INVALID
2014/10/16,sh.600061,3.73,3.73,3.73,3.73,INVALID
2014/10/17,sh.600061,3.73,3.73,3.73,3.73,INVALID
2014/10/20,sh.600061,3.73,3.73,3.73,3.73,INVALID
2014/10/21,sh.600061,3.73,3.73,3.73,3.73,INVALID
2014/10/22,sh.600061,3.73,3.73,3.73,3.73,INVALID
2014/10/23,sh.600061,3.73,3.73,3.73,3.73,INVALID
2014/10/24,sh.600061,3.73,3.73,3.73,3.73,INVALID
2014/10/27,sh.600061,3.73,3.73,3.73,3.73,INVALID
2014/10/28,sh.600061,3.73,3.73,3.73,3.73,INVALID
2014/10/29,sh.600061,3.73,3.73,3.73,3.73,INVALID
2014/10/30,sh.600061,3.73,3.73,3.73,3.73,INVALID
2014/10/31,sh.600061,3.73,3.73,3.73,3.73,INVALID
2014/11/3,sh.600061,3.73,3.73,3.73,3.73,INVALID
2014/11/4,sh.600061,3.73,3.73,3.73,3.73,INVALID
2014/11/5,sh.600061,3.73,3.73,3.73,3.73,INVALID
2014/11/6,sh.600061,3.73,3.73,3.73,3.73,INVALID
2014/11/7,sh.600061,3.73,3.73,3.73,3.73,INVALID
2014/11/10,sh.600061,3.73,3.73,3.73,3.73,INVALID
2014/11/11,sh.600061,3.73,3.73,3.73,3.73,INVALID
2014/11/12,sh.600061,3.73,3.73,3.73,3.73,INVALID
2014/11/13,sh.600061,3.73,3.73,3.73,3.73,INVALID
2014/11/14,sh.600061,3.73,3.73,3.73,3.73,INVALID
2014/11/17,sh.600061,3.73,3.73,3.73,3.73,INVALID
2014/11/18,sh.600061,4.10,4.10,4.10,4.10,57818
2014/11/19,sh.600061,4.51,4.51,4.51,4.51,63393
2014/11/20,sh.600061,4.96,4.96,4.96,4.96,247075
2014/11/21,sh.600061,5.46,5.46,5.46,5.46,339398
2014/11/24,sh.600061,6.00,6.00,6.00,6.00,535834
2014/11/25,sh.600061,6.60,6.60,6.60,6.60,800986
2014/11/26,sh.600061,7.26,7.26,7.26,7.26,931228
2014/11/27,sh.600061,7.99,7.99,7.99,7.99,756763
2014/11/28,sh.600061,8.79,8.79,8.79,8.79,3076451
2014/12/1,sh.600061,9.67,9.67,9.67,9.67,3128107
2014/12/2,sh.600061,10.64,10.64,10.64,10.64,20136143
2014/12/3,sh.600061,11.70,11.70,11.70,11.70,3190946
2014/12/4,sh.600061,12.87,12.87,12.87,12.87,817258
2014/12/5,sh.600061,14.15,14.15,13.81,14.15,87616472
2014/12/8,sh.600061,15.05,15.57,14.15,15.57,134435333
2014/12/9,sh.600061,15.12,17.07,14.02,14.02,114582520
2014/12/10,sh.600061,13.98,15.34,13.19,15.18,73779473
2014/12/11,sh.600061,14.70,16.70,14.47,15.78,68729290
2014/12/12,sh.600061,15.62,17.07,14.94,15.13,66434265
2014/12/15,sh.600061,14.47,15.22,14.41,15.00,33846097
2014/12/16,sh.600061,15.05,16.38,14.81,16.10,71319880
2014/12/17,sh.600061,16.17,16.20,14.52,14.94,63070428
2014/12/18,sh.600061,14.37,14.37,13.45,13.51,45569414
2014/12/19,sh.600061,13.55,14.00,12.89,13.44,28901380
2014/12/22,sh.600061,13.02,13.45,12.53,13.02,25977396
2014/12/23,sh.600061,13.02,13.44,12.91,13.15,17261746
2014/12/24,sh.600061,13.46,13.56,12.76,13.11,19107565
2014/12/25,sh.600061,13.22,13.61,12.92,13.31,21564690
2014/12/26,sh.600061,13.29,14.45,13.18,14.28,40833246
2014/12/29,sh.600061,14.28,14.35,12.96,13.33,29809546
2014/12/30,sh.600061,13.33,13.33,13.33,13.33,INVALID
2014/12/31,sh.600061,13.33,13.33,13.33,13.33,INVALID
2015/1/5,sh.600061,13.33,13.33,13.33,13.33,INVALID
2015/1/6,sh.600061,13.33,13.33,13.33,13.33,INVALID
2015/1/7,sh.600061,14.66,14.66,13.95,14.66,21806103
2015/1/8,sh.600061,15.56,15.87,14.20,14.22,57267288
2015/1/9,sh.600061,14.06,14.35,13.23,13.32,36463462
2015/1/12,sh.600061,13.08,13.19,12.22,12.38,25453654
2015/1/13,sh.600061,12.16,12.91,12.14,12.48,20558544
2015/1/14,sh.600061,12.44,12.65,12.12,12.33,17205948
2015/1/15,sh.600061,12.22,12.88,12.14,12.79,22074290
2015/1/16,sh.600061,12.73,13.25,12.27,13.21,28696289
2015/1/19,sh.600061,12.09,12.26,11.89,11.89,22410809
2015/1/20,sh.600061,11.75,12.20,11.49,11.94,22678533
2015/1/21,sh.600061,12.12,12.85,12.01,12.64,23581765
2015/1/22,sh.600061,12.64,13.12,12.33,12.90,23730717
2015/1/23,sh.600061,12.96,13.42,12.80,13.01,21415527
2015/1/26,sh.600061,12.79,13.41,12.62,13.20,21644276
2015/1/27,sh.600061,13.02,13.21,12.85,12.95,12286401
2015/1/28,sh.600061,12.95,13.40,12.88,13.08,12675565
2015/1/29,sh.600061,12.74,12.88,12.62,12.77,9161954
2015/1/30,sh.600061,12.75,12.89,12.24,12.26,7505343
2015/2/2,sh.600061,12.05,12.14,11.50,11.52,11508369
2015/2/3,sh.600061,11.64,12.01,11.57,11.88,9753173
2015/2/4,sh.600061,11.87,12.18,11.71,11.72,8960520
2015/2/5,sh.600061,12.07,12.11,11.52,11.54,9533418
2015/2/6,sh.600061,11.45,11.86,11.32,11.72,7449855
2015/2/9,sh.600061,11.63,12.64,11.60,12.34,16091251
2015/2/10,sh.600061,12.22,12.59,12.12,12.36,9447737
2015/2/11,sh.600061,12.40,12.41,12.10,12.33,5107201
2015/2/12,sh.600061,12.38,12.64,12.14,12.45,6923051
2015/2/13,sh.600061,12.46,13.47,12.46,13.07,18663962
2015/2/16,sh.600061,13.12,13.36,12.88,13.29,10457656
2015/2/17,sh.600061,13.30,13.75,13.02,13.20,11449789
2015/2/25,sh.600061,13.08,13.15,12.59,12.75,7913717
2015/2/26,sh.600061,12.74,13.42,12.60,13.28,11935659
2015/2/27,sh.600061,13.27,13.31,13.03,13.14,8040568
2015/3/2,sh.600061,13.29,13.38,12.92,13.03,13923715
2015/3/3,sh.600061,12.92,12.95,12.36,12.42,15465394
2015/3/4,sh.600061,12.31,12.41,12.12,12.33,10079626
2015/3/5,sh.600061,11.92,12.37,11.91,12.24,8470993
2015/3/6,sh.600061,12.15,12.40,12.01,12.24,9761305
2015/3/9,sh.600061,11.97,12.21,11.70,12.09,9589076
2015/3/10,sh.600061,12.08,12.70,12.01,12.61,11414054
2015/3/11,sh.600061,12.60,12.93,12.42,12.49,10994622
2015/3/12,sh.600061,12.50,12.82,12.38,12.68,10331092
2015/3/13,sh.600061,12.71,13.01,12.56,12.73,10752412
2015/3/16,sh.600061,12.70,13.07,12.55,12.98,14859683
2015/3/17,sh.600061,13.08,14.28,12.89,14.28,32283914
2015/3/18,sh.600061,14.29,14.97,14.29,14.85,34142787
2015/3/19,sh.600061,15.06,15.06,14.47,14.53,16949117
2015/3/20,sh.600061,14.52,15.82,14.47,15.10,27017546
2015/3/23,sh.600061,15.28,15.53,14.87,15.35,20483776
2015/3/24,sh.600061,15.27,15.57,14.76,15.05,17863185
2015/3/25,sh.600061,15.42,15.85,15.01,15.18,15670571
2015/3/26,sh.600061,15.10,15.56,14.76,15.28,14621105
2015/3/27,sh.600061,15.31,15.48,15.22,15.38,11008306
2015/3/30,sh.600061,15.34,16.08,15.08,15.80,19170238
2015/3/31,sh.600061,15.98,16.59,15.34,15.53,20522163
2015/4/1,sh.600061,15.45,15.86,15.28,15.62,15949664
2015/4/2,sh.600061,15.61,15.71,15.25,15.34,16482994
2015/4/3,sh.600061,15.26,15.71,15.16,15.56,12994206
2015/4/7,sh.600061,15.68,16.35,15.68,16.05,22971530
2015/4/8,sh.600061,16.05,17.66,15.95,17.66,41692962
2015/4/9,sh.600061,18.23,19.15,17.62,17.95,43581107
2015/4/10,sh.600061,17.62,18.15,17.18,18.01,22748729
2015/4/13,sh.600061,17.96,18.00,17.30,17.54,20054013
2015/4/14,sh.600061,17.36,17.43,16.67,16.98,21981265
2015/4/15,sh.600061,16.85,16.85,15.80,15.83,14957064
2015/4/16,sh.600061,15.56,16.46,15.23,16.23,19424955
2015/4/17,sh.600061,16.35,16.75,15.89,16.22,20380910
2015/4/20,sh.600061,16.43,16.49,15.62,15.83,17149002
2015/4/21,sh.600061,15.82,16.76,15.65,16.57,19588152
2015/4/22,sh.600061,16.58,17.82,16.58,17.49,23458901
2015/4/23,sh.600061,17.77,18.15,17.26,17.35,21344168
2015/4/24,sh.600061,17.01,17.12,16.45,16.53,18885325
2015/4/27,sh.600061,16.90,17.92,16.64,17.55,24600407
2015/4/28,sh.600061,17.71,18.10,16.67,17.03,23700604
2015/4/29,sh.600061,17.03,17.70,16.49,17.48,14511768
2015/4/30,sh.600061,17.35,17.63,16.78,16.87,14739475
2015/5/4,sh.600061,16.72,16.74,16.01,16.41,10205324
2015/5/5,sh.600061,16.17,16.94,15.77,15.85,11046406
2015/5/6,sh.600061,15.91,16.66,15.77,15.92,9598828
2015/5/7,sh.600061,15.91,16.16,15.77,16.01,7603540
2015/5/8,sh.600061,16.17,16.31,15.45,16.20,9266115
2015/5/11,sh.600061,16.38,16.70,16.01,16.68,15645845
2015/5/12,sh.600061,16.69,18.34,16.59,17.88,33793398
2015/5/13,sh.600061,17.49,17.70,17.04,17.29,21482826
2015/5/14,sh.600061,17.30,17.65,16.86,17.02,14617891
2015/5/15,sh.600061,16.93,16.94,16.15,16.33,13773572
2015/5/18,sh.600061,15.91,16.57,15.62,16.43,12625046
2015/5/19,sh.600061,16.20,17.88,16.17,17.23,24817159
2015/5/20,sh.600061,17.18,17.65,16.97,17.16,20889946
2015/5/21,sh.600061,17.15,17.63,16.96,17.62,18642054
2015/5/22,sh.600061,17.77,18.80,17.65,18.27,27936609
2015/5/25,sh.600061,18.26,20.09,18.15,19.15,29262273
2015/5/26,sh.600061,19.45,19.84,18.74,19.63,26236113
2015/5/27,sh.600061,19.63,19.76,19.10,19.18,19556979
2015/5/28,sh.600061,18.98,19.04,17.26,17.26,21904181
2015/5/29,sh.600061,17.07,17.65,15.65,17.15,20333770
2015/6/1,sh.600061,16.94,18.23,16.70,17.83,20752358
2015/6/2,sh.600061,17.81,17.89,17.27,17.71,18312068
2015/6/3,sh.600061,17.70,18.80,17.42,18.72,25746316
2015/6/4,sh.600061,18.49,20.60,17.82,20.60,37104771
2015/6/5,sh.600061,21.58,22.63,20.60,21.89,45860710
2015/6/8,sh.600061,21.89,21.89,21.89,21.89,INVALID
2015/6/9,sh.600061,21.89,21.89,21.89,21.89,INVALID
2015/6/10,sh.600061,21.89,21.89,21.89,21.89,INVALID
2015/6/11,sh.600061,21.89,21.89,21.89,21.89,INVALID
2015/6/12,sh.600061,21.89,21.89,21.89,21.89,INVALID
2015/6/15,sh.600061,21.89,21.89,21.89,21.89,INVALID
2015/6/16,sh.600061,21.89,21.89,21.89,21.89,INVALID
2015/6/17,sh.600061,21.89,21.89,21.89,21.89,INVALID
2015/6/18,sh.600061,21.89,21.89,21.89,21.89,INVALID
2015/6/19,sh.600061,21.89,21.89,21.89,21.89,INVALID
2015/6/23,sh.600061,21.89,21.89,21.89,21.89,INVALID
2015/6/24,sh.600061,21.89,21.89,21.89,21.89,INVALID
2015/6/25,sh.600061,21.89,21.89,21.89,21.89,INVALID
2015/6/26,sh.600061,21.89,21.89,21.89,21.89,INVALID
2015/6/29,sh.600061,21.89,21.89,21.89,21.89,INVALID
2015/6/30,sh.600061,21.89,21.89,21.89,21.89,INVALID
2015/7/1,sh.600061,21.89,21.89,21.89,21.89,INVALID
2015/7/2,sh.600061,21.89,21.89,21.89,21.89,INVALID
2015/7/3,sh.600061,21.89,21.89,21.89,21.89,INVALID
2015/7/6,sh.600061,21.89,21.89,21.89,21.89,INVALID
2015/7/7,sh.600061,21.89,21.89,21.89,21.89,INVALID
2015/7/8,sh.600061,21.89,21.89,21.89,21.89,INVALID
2015/7/9,sh.600061,21.89,21.89,21.89,21.89,INVALID
2015/7/10,sh.600061,21.89,21.89,21.89,21.89,INVALID
2015/7/13,sh.600061,21.89,21.89,21.89,21.89,INVALID
2015/7/14,sh.600061,21.89,21.89,21.89,21.89,INVALID
2015/7/15,sh.600061,21.89,21.89,21.89,21.89,INVALID
2015/7/16,sh.600061,21.89,21.89,21.89,21.89,INVALID
2015/7/17,sh.600061,21.89,21.89,21.89,21.89,INVALID
2015/7/20,sh.600061,19.70,19.70,19.70,19.70,1415200
2015/7/21,sh.600061,17.73,17.73,17.73,17.73,1038300
2015/7/22,sh.600061,15.96,18.13,15.96,16.83,74576949
2015/7/23,sh.600061,16.49,17.48,16.22,16.88,41944063
2015/7/24,sh.600061,16.72,17.12,15.36,15.89,37440349
2015/7/27,sh.600061,15.24,15.62,14.30,14.30,27441962
2015/7/28,sh.600061,12.87,14.06,12.87,12.87,39256966
2015/7/29,sh.600061,13.08,13.31,11.75,12.73,35186737
2015/7/30,sh.600061,12.64,13.89,12.09,12.93,38305834
2015/7/31,sh.600061,12.55,12.86,11.75,11.93,23667223
2015/8/3,sh.600061,11.75,11.75,10.76,11.23,26290202
2015/8/4,sh.600061,11.23,12.35,11.23,12.35,26793259
2015/8/5,sh.600061,12.45,12.95,11.89,12.40,29600300
2015/8/6,sh.600061,11.89,12.14,11.67,11.69,16155622
2015/8/7,sh.600061,11.94,12.15,11.86,12.09,16787675
2015/8/10,sh.600061,12.33,13.30,12.11,13.30,29021438
2015/8/11,sh.600061,13.30,13.77,13.11,13.28,32226070
2015/8/12,sh.600061,13.07,14.18,12.91,13.56,28089721
2015/8/13,sh.600061,13.42,13.80,13.02,13.65,26709421
2015/8/14,sh.600061,13.71,14.86,13.47,14.48,33862678
2015/8/17,sh.600061,14.29,15.45,14.08,15.19,34664426
2015/8/18,sh.600061,15.22,15.29,13.67,13.67,30617942
2015/8/19,sh.600061,12.74,13.87,12.31,13.28,27520761
2015/8/20,sh.600061,13.11,13.11,11.95,11.96,18913020
2015/8/21,sh.600061,11.83,12.43,11.26,11.52,16095276
2015/8/24,sh.600061,11.00,11.05,10.37,10.37,17266101
2015/8/25,sh.600061,9.35,9.67,9.33,9.33,14795790
2015/8/26,sh.600061,9.03,9.84,8.40,8.40,23863337
2015/8/27,sh.600061,8.74,8.93,7.70,8.83,22235112
2015/8/28,sh.600061,8.93,9.68,8.87,9.66,29622683
2015/8/31,sh.600061,9.84,9.84,8.77,8.79,19153861
2015/9/1,sh.600061,8.80,8.87,7.95,8.04,19927650
2015/9/2,sh.600061,7.53,8.31,7.24,7.36,19286400
2015/9/7,sh.600061,7.53,7.92,7.53,7.69,18490622
2015/9/8,sh.600061,7.54,8.46,7.52,8.38,18375586
2015/9/9,sh.600061,8.44,8.85,8.28,8.71,24248033
2015/9/10,sh.600061,8.56,8.66,8.39,8.40,13554484
2015/9/11,sh.600061,8.39,8.54,8.06,8.32,13354813
2015/9/14,sh.600061,8.54,8.67,7.49,7.49,25421211
2015/9/15,sh.600061,7.15,7.45,6.83,6.95,17862984
2015/9/16,sh.600061,7.04,7.64,6.89,7.64,16424284
2015/9/17,sh.600061,7.70,8.21,7.53,7.62,24461392
2015/9/18,sh.600061,7.77,7.98,7.56,7.90,14521137
2015/9/21,sh.600061,7.70,8.20,7.67,8.15,15125433
2015/9/22,sh.600061,8.13,8.94,8.08,8.52,25709860
2015/9/23,sh.600061,8.28,8.42,8.04,8.12,17519965
2015/9/24,sh.600061,8.17,8.35,8.12,8.27,11629636
2015/9/25,sh.600061,8.26,8.34,7.82,7.88,11760846
2015/9/28,sh.600061,7.85,8.19,7.81,8.17,8821413
2015/9/29,sh.600061,7.93,8.45,7.81,8.13,13664023
2015/9/30,sh.600061,8.18,8.95,8.11,8.54,32942224
2015/10/8,sh.600061,8.80,9.25,8.71,8.91,30138538
2015/10/9,sh.600061,8.83,9.25,8.71,9.20,22441339
2015/10/12,sh.600061,9.26,9.94,9.11,9.74,23317830
2015/10/13,sh.600061,9.55,9.85,9.46,9.68,17577988
2015/10/14,sh.600061,9.56,9.77,9.11,9.14,23232851
2015/10/15,sh.600061,9.15,9.65,9.15,9.58,22182811
2015/10/16,sh.600061,9.73,9.96,9.47,9.89,34553149
2015/10/19,sh.600061,9.90,10.68,9.84,10.22,31176704
2015/10/20,sh.600061,9.96,10.29,9.85,10.24,19309252
2015/10/21,sh.600061,10.16,10.39,9.21,9.28,25204792
2015/10/22,sh.600061,9.28,9.69,9.06,9.58,19227829
2015/10/23,sh.600061,9.64,9.88,9.43,9.79,17726580
2015/10/26,sh.600061,10.02,10.42,9.78,9.96,21673681
2015/10/27,sh.600061,9.81,9.88,9.17,9.74,18948482
2015/10/28,sh.600061,9.63,9.75,9.26,9.31,13772346
2015/10/29,sh.600061,9.37,9.54,9.26,9.44,11548975
2015/10/30,sh.600061,9.43,10.39,9.27,10.39,23220576
2015/11/2,sh.600061,10.42,11.20,10.28,10.57,49794733
2015/11/3,sh.600061,10.46,11.34,10.29,11.16,38691616
2015/11/4,sh.600061,11.13,12.28,11.04,12.28,49998197
2015/11/5,sh.600061,13.02,13.51,13.02,13.51,63115216
2015/11/6,sh.600061,13.89,14.85,13.32,14.85,68185133
2015/11/9,sh.600061,15.39,16.34,14.80,15.12,80885248
2015/11/10,sh.600061,14.76,16.37,14.69,15.13,71449169
2015/11/11,sh.600061,14.76,16.00,14.40,15.40,59332401
2015/11/12,sh.600061,15.05,15.27,14.54,14.80,49725911
2015/11/13,sh.600061,14.50,15.65,14.48,14.97,54940659
2015/11/16,sh.600061,14.47,14.93,14.38,14.90,32293611
2015/11/17,sh.600061,15.74,16.38,15.74,16.38,90702090
2015/11/18,sh.600061,16.20,16.25,14.74,14.74,56144439
2015/11/19,sh.600061,14.48,14.79,14.02,14.74,42261769
2015/11/20,sh.600061,14.52,14.63,14.14,14.43,29548564
2015/11/23,sh.600061,14.29,14.79,13.69,13.92,38189190
2015/11/24,sh.600061,13.87,14.95,13.75,14.54,41837911
2015/11/25,sh.600061,14.35,15.04,14.10,14.89,39435549
2015/11/26,sh.600061,15.34,16.38,15.23,15.50,70847173
2015/11/27,sh.600061,14.96,15.43,13.95,13.95,53500861
2015/11/30,sh.600061,13.89,14.51,13.08,14.33,39211915
2015/12/1,sh.600061,14.06,14.24,13.32,13.79,26331533
2015/12/2,sh.600061,13.66,15.02,13.60,14.75,42845008
2015/12/3,sh.600061,14.47,15.03,14.18,14.54,34643863
2015/12/4,sh.600061,14.28,14.47,13.99,14.13,27108945
2015/12/7,sh.600061,14.10,14.11,13.76,14.01,20105665
2015/12/8,sh.600061,13.95,14.76,13.83,14.18,39956047
2015/12/9,sh.600061,13.88,14.38,13.59,14.01,25704063
2015/12/10,sh.600061,14.05,15.36,14.03,14.26,42423617
2015/12/11,sh.600061,13.89,15.14,13.71,14.70,43024204
2015/12/14,sh.600061,14.47,16.17,14.37,16.17,64888199
2015/12/15,sh.600061,16.72,17.79,16.14,17.03,90285673
2015/12/16,sh.600061,17.14,17.87,16.67,16.86,62090827
2015/12/17,sh.600061,17.06,17.92,16.71,17.12,63815183
2015/12/18,sh.600061,16.83,17.22,16.39,16.63,39185414
2015/12/21,sh.600061,16.46,17.09,16.46,16.64,29088369
2015/12/22,sh.600061,16.55,17.07,16.26,17.06,33779141
2015/12/23,sh.600061,17.07,18.40,16.78,17.05,61226070
2015/12/24,sh.600061,16.71,16.81,15.75,15.86,41629611
2015/12/25,sh.600061,15.88,16.10,15.75,15.99,17973957
2015/12/28,sh.600061,16.17,16.38,15.05,15.09,30745869
2015/12/29,sh.600061,15.16,15.43,14.98,15.34,20489426
2015/12/30,sh.600061,15.28,15.38,14.97,15.28,19538019
2015/12/31,sh.600061,15.28,15.47,14.99,15.01,14335035
2016/1/4,sh.600061,14.80,14.91,13.51,13.51,21380425
2016/1/5,sh.600061,12.40,13.85,12.40,13.54,31200684
2016/1/6,sh.600061,13.31,13.86,13.18,13.66,23240516
2016/1/7,sh.600061,13.24,13.30,12.29,12.30,7530384
2016/1/8,sh.600061,12.81,13.48,11.56,13.00,35274055
2016/1/11,sh.600061,12.47,12.88,11.80,11.83,22347544
2016/1/12,sh.600061,12.08,12.61,11.87,12.24,21115805
2016/1/13,sh.600061,12.29,13.07,12.27,12.44,31477071
2016/1/14,sh.600061,11.70,13.12,11.59,13.04,30573794
2016/1/15,sh.600061,12.88,12.95,12.33,12.53,21902355
2016/1/18,sh.600061,12.12,12.71,11.98,12.53,15164741
2016/1/19,sh.600061,12.51,13.26,12.42,13.01,23748614
2016/1/20,sh.600061,13.19,13.48,12.99,13.23,34686130
2016/1/21,sh.600061,12.86,13.40,12.09,12.15,23438238
2016/1/22,sh.600061,12.44,12.55,11.58,12.18,15483230
2016/1/25,sh.600061,12.30,12.44,11.86,12.12,14714475
2016/1/26,sh.600061,11.90,12.00,10.91,10.91,16634841
2016/1/27,sh.600061,10.76,10.97,9.82,10.40,21508143
2016/1/28,sh.600061,10.18,10.73,10.01,10.24,20279470
2016/1/29,sh.600061,10.25,10.97,10.12,10.79,19811950
2016/2/1,sh.600061,10.62,10.62,10.14,10.37,13845635
2016/2/2,sh.600061,10.39,10.75,10.39,10.61,15503028
2016/2/3,sh.600061,10.42,10.59,10.25,10.53,9526534
2016/2/4,sh.600061,10.59,10.81,10.56,10.65,14602943
2016/2/5,sh.600061,10.42,10.62,10.24,10.27,11442934
2016/2/15,sh.600061,9.59,9.95,9.50,9.83,10605853
2016/2/16,sh.600061,9.90,10.59,9.83,10.51,17847081
2016/2/17,sh.600061,10.47,10.72,10.23,10.68,20633531
2016/2/18,sh.600061,10.76,11.06,10.43,10.47,26114774
2016/2/19,sh.600061,10.27,10.50,10.14,10.35,17583724
2016/2/22,sh.600061,10.47,11.20,10.02,10.76,56003186
2016/2/23,sh.600061,10.69,10.69,10.25,10.47,27499732
2016/2/24,sh.600061,10.38,10.97,10.31,10.89,36257889
2016/2/25,sh.600061,11.00,11.28,9.84,10.20,55700345
2016/2/26,sh.600061,10.23,10.38,9.43,9.75,35300132
2016/2/29,sh.600061,9.56,9.65,8.78,8.92,23291424
2016/3/1,sh.600061,8.97,9.60,8.46,9.18,24574991
2016/3/2,sh.600061,9.09,9.74,8.97,9.61,32619329
2016/3/3,sh.600061,9.50,9.79,9.40,9.45,24556448
2016/3/4,sh.600061,9.41,9.53,8.93,9.14,23403831
2016/3/7,sh.600061,9.25,9.56,9.18,9.37,15157455
2016/3/8,sh.600061,9.34,9.34,8.85,9.28,15292532
2016/3/9,sh.600061,9.03,9.31,8.91,9.04,13168412
2016/3/10,sh.600061,9.04,9.25,8.91,8.93,14016655
2016/3/11,sh.600061,8.80,9.20,8.68,8.97,13407398
2016/3/14,sh.600061,9.09,9.47,9.06,9.29,20885863
2016/3/15,sh.600061,9.24,9.28,9.02,9.11,12306601
2016/3/16,sh.600061,9.10,9.24,8.93,8.96,10773602
2016/3/17,sh.600061,9.00,9.40,8.94,9.24,19796769
2016/3/18,sh.600061,9.24,10.16,9.24,10.16,42444291
2016/3/21,sh.600061,10.77,11.18,10.68,11.18,50051560
2016/3/22,sh.600061,11.46,11.74,11.12,11.33,75312718
2016/3/23,sh.600061,11.00,12.35,10.80,11.86,98765253
2016/3/24,sh.600061,11.28,11.56,11.00,11.04,69131368
2016/3/25,sh.600061,10.83,11.20,10.83,11.10,33717934
2016/3/28,sh.600061,11.13,11.26,10.53,10.69,33943898
2016/3/29,sh.600061,10.68,11.04,10.48,10.77,35638953
2016/3/30,sh.600061,11.00,11.27,10.98,11.19,58265862
2016/3/31,sh.600061,11.23,11.61,10.91,11.08,58039531
2016/4/1,sh.600061,10.93,11.05,10.59,10.79,31902224
2016/4/5,sh.600061,10.89,11.28,10.71,10.96,48701257
2016/4/6,sh.600061,10.89,11.08,10.86,11.02,28112099
2016/4/7,sh.600061,11.09,11.16,10.58,10.60,32215553
2016/4/8,sh.600061,10.47,10.47,10.07,10.24,35249368
2016/4/11,sh.600061,10.67,10.94,10.65,10.75,47597680
2016/4/12,sh.600061,10.62,10.71,10.35,10.53,23656504
2016/4/13,sh.600061,10.73,11.59,10.71,11.12,104649525
2016/4/14,sh.600061,11.05,11.17,10.87,11.13,51106765
2016/4/15,sh.600061,11.11,11.11,10.80,10.96,35244354
2016/4/18,sh.600061,10.79,10.84,10.53,10.58,26263288
2016/4/19,sh.600061,10.71,10.79,10.46,10.74,27087319
2016/4/20,sh.600061,10.79,10.79,9.72,10.07,49857081
2016/4/21,sh.600061,9.98,10.09,9.73,9.77,28047678
2016/4/22,sh.600061,9.57,9.93,9.55,9.92,23803806
2016/4/25,sh.600061,9.77,9.77,9.55,9.65,21351774
2016/4/26,sh.600061,9.70,9.85,9.61,9.78,20424085
2016/4/27,sh.600061,9.77,9.80,9.55,9.60,18828132
2016/4/28,sh.600061,9.64,9.66,9.37,9.65,21337059
2016/4/29,sh.600061,9.55,9.64,9.50,9.55,13039936
2016/5/3,sh.600061,9.59,9.99,9.44,9.98,29916232
2016/5/4,sh.600061,9.91,10.09,9.87,9.95,23096101
2016/5/5,sh.600061,9.93,10.02,9.89,9.99,14789044
2016/5/6,sh.600061,10.11,10.15,9.10,9.28,32793150
2016/5/9,sh.600061,9.17,9.17,8.85,8.94,26488679
2016/5/10,sh.600061,8.96,9.05,8.86,8.92,15717433
2016/5/11,sh.600061,9.00,9.13,8.86,8.97,18605201
2016/5/12,sh.600061,8.84,9.08,8.61,9.03,18181935
2016/5/13,sh.600061,8.98,9.11,8.84,8.91,16146084
2016/5/16,sh.600061,8.90,9.03,8.80,9.02,14189518
2016/5/17,sh.600061,9.04,9.25,8.94,9.06,20535823
2016/5/18,sh.600061,8.92,9.23,8.86,9.02,21665519
2016/5/19,sh.600061,9.03,9.26,8.95,9.14,25156993
2016/5/20,sh.600061,9.03,9.54,8.96,9.53,30648217
2016/5/23,sh.600061,9.48,9.59,9.32,9.45,29033630
2016/5/24,sh.600061,9.39,9.39,9.16,9.20,17058276
2016/5/25,sh.600061,9.31,9.48,9.14,9.15,20478143
2016/5/26,sh.600061,9.17,9.29,8.97,9.26,19659731
2016/5/27,sh.600061,9.26,9.29,9.14,9.17,13483754
2016/5/30,sh.600061,9.06,9.31,8.99,9.18,14681420
2016/5/31,sh.600061,9.22,10.10,9.20,10.10,60033642
2016/6/1,sh.600061,10.18,10.29,9.92,9.95,48323489
2016/6/2,sh.600061,9.92,10.06,9.78,9.99,35301865
2016/6/3,sh.600061,9.98,10.20,9.84,9.92,33861005
2016/6/6,sh.600061,9.92,9.95,9.79,9.88,18723362
2016/6/7,sh.600061,9.91,10.02,9.89,9.95,19242000
2016/6/8,sh.600061,9.92,10.01,9.78,9.95,26702644
2016/6/13,sh.600061,9.79,10.09,9.37,9.50,27619313
2016/6/14,sh.600061,9.51,9.95,9.50,9.93,29067970
2016/6/15,sh.600061,9.65,10.28,9.65,10.03,35578224
2016/6/16,sh.600061,9.96,10.10,9.84,9.86,19152609
2016/6/17,sh.600061,9.93,10.27,9.90,10.10,26346358
2016/6/20,sh.600061,10.12,10.23,9.97,10.18,19373970
2016/6/21,sh.600061,10.21,10.74,10.02,10.07,45057227
2016/6/22,sh.600061,9.89,10.23,9.84,10.21,20927801
2016/6/23,sh.600061,10.18,10.18,9.94,10.06,13908748
2016/6/24,sh.600061,10.00,10.26,9.61,9.90,21714007
2016/6/27,sh.600061,9.82,10.12,9.81,10.10,16943359
2016/6/28,sh.600061,10.01,10.64,9.96,10.38,29131768
2016/6/29,sh.600061,10.38,10.45,10.21,10.27,20696301
2016/6/30,sh.600061,10.29,10.46,10.24,10.31,15862746
2016/7/1,sh.600061,10.38,10.41,10.07,10.20,18187836
2016/7/4,sh.600061,10.09,10.71,10.02,10.50,33227215
2016/7/5,sh.600061,10.50,10.66,10.39,10.47,21844020
2016/7/6,sh.600061,10.39,10.47,10.28,10.42,18016480
2016/7/7,sh.600061,10.36,10.51,10.18,10.37,19628734
2016/7/8,sh.600061,10.32,10.62,10.31,10.49,24738468
2016/7/11,sh.600061,10.49,10.69,10.29,10.31,25898061
2016/7/12,sh.600061,10.30,10.69,10.24,10.68,36291782
2016/7/13,sh.600061,10.82,10.99,10.54,10.60,36085489
2016/7/14,sh.600061,10.53,10.71,10.49,10.64,15653178
2016/7/15,sh.600061,10.71,10.75,10.50,10.56,17285037
2016/7/18,sh.600061,10.42,10.51,10.36,10.44,15781779
2016/7/19,sh.600061,10.45,10.53,10.36,10.49,16153412
2016/7/20,sh.600061,10.52,10.64,10.51,10.53,16149947
2016/7/21,sh.600061,10.54,10.70,10.53,10.56,17750225
2016/7/22,sh.600061,10.52,10.56,10.38,10.42,13419915
2016/7/25,sh.600061,10.40,10.45,10.25,10.33,11350850
2016/7/26,sh.600061,10.36,10.46,10.31,10.43,10889234
2016/7/27,sh.600061,10.43,10.45,9.70,10.09,23837925
2016/7/28,sh.600061,9.98,10.03,9.57,9.74,19640246
2016/7/29,sh.600061,9.75,9.81,9.58,9.61,11012787
2016/8/1,sh.600061,9.59,9.67,9.42,9.51,11833548
2016/8/2,sh.600061,9.54,9.69,9.53,9.65,7784107
2016/8/3,sh.600061,9.59,9.70,9.57,9.62,6786157
2016/8/4,sh.600061,9.63,9.67,9.48,9.67,8312533
2016/8/5,sh.600061,9.65,9.80,9.56,9.62,10904605
2016/8/8,sh.600061,9.61,9.75,9.49,9.75,9230175
2016/8/9,sh.600061,9.72,9.84,9.66,9.83,10814798
2016/8/10,sh.600061,9.81,9.90,9.71,9.74,12076691
2016/8/11,sh.600061,9.77,9.90,9.71,9.74,13762586
2016/8/12,sh.600061,9.67,9.90,9.58,9.89,15150220
2016/8/15,sh.600061,9.95,10.62,9.87,10.31,46992019
2016/8/16,sh.600061,10.29,10.36,10.14,10.18,21468917
2016/8/17,sh.600061,10.22,10.31,10.03,10.10,19437772
2016/8/18,sh.600061,10.07,10.14,9.96,10.02,13400796
2016/8/19,sh.600061,10.02,10.10,9.96,10.06,10526736
2016/8/22,sh.600061,10.07,10.10,9.80,9.81,13105579
2016/8/23,sh.600061,9.79,9.88,9.68,9.77,9528243
2016/8/24,sh.600061,9.79,9.87,9.75,9.79,7305263
2016/8/25,sh.600061,9.73,9.83,9.69,9.80,11608443
2016/8/26,sh.600061,9.81,9.86,9.75,9.76,8125260
2016/8/29,sh.600061,9.76,9.79,9.70,9.73,7571414
2016/8/30,sh.600061,9.77,9.83,9.71,9.73,9716366
2016/8/31,sh.600061,9.77,9.88,9.70,9.77,11034457
2016/9/1,sh.600061,9.75,9.81,9.66,9.70,11114232
2016/9/2,sh.600061,9.68,9.83,9.65,9.73,12691088
2016/9/5,sh.600061,9.75,9.79,9.58,9.61,17169838
2016/9/6,sh.600061,9.61,9.69,9.43,9.62,16234777
2016/9/7,sh.600061,9.64,9.64,9.50,9.53,18471013
2016/9/8,sh.600061,9.54,9.54,9.42,9.48,13533032
2016/9/9,sh.600061,9.49,9.50,9.36,9.36,17463479
2016/9/12,sh.600061,9.17,9.20,8.95,9.15,21253453
2016/9/13,sh.600061,9.14,9.17,9.03,9.11,9412101
2016/9/14,sh.600061,9.04,9.10,8.96,9.04,6387493
2016/9/19,sh.600061,9.04,9.04,9.04,9.04,INVALID
2016/9/20,sh.600061,9.04,9.04,9.04,9.04,INVALID
2016/9/21,sh.600061,9.04,9.04,9.04,9.04,INVALID
2016/9/22,sh.600061,9.04,9.04,9.04,9.04,INVALID
2016/9/23,sh.600061,9.04,9.04,9.04,9.04,INVALID
2016/9/26,sh.600061,9.04,9.04,9.04,9.04,INVALID
2016/9/27,sh.600061,9.04,9.04,9.04,9.04,INVALID
2016/9/28,sh.600061,9.04,9.04,9.04,9.04,INVALID
2016/9/29,sh.600061,9.04,9.04,9.04,9.04,INVALID
2016/9/30,sh.600061,9.04,9.04,9.04,9.04,INVALID
2016/10/10,sh.600061,9.04,9.04,9.04,9.04,INVALID
2016/10/11,sh.600061,9.43,9.66,9.36,9.44,31451627
2016/10/12,sh.600061,9.36,9.55,9.33,9.43,15448222
2016/10/13,sh.600061,9.43,9.47,9.36,9.38,12168741
2016/10/14,sh.600061,9.38,9.42,9.24,9.33,11344612
2016/10/17,sh.600061,9.35,9.35,9.19,9.20,9608495
2016/10/18,sh.600061,9.19,9.41,9.17,9.37,15316818
2016/10/19,sh.600061,9.37,9.40,9.29,9.33,10942819
2016/10/20,sh.600061,9.35,9.37,9.26,9.31,6356072
2016/10/21,sh.600061,9.31,9.42,9.28,9.32,12158717
2016/10/24,sh.600061,9.29,9.61,9.27,9.47,30113108
2016/10/25,sh.600061,9.43,9.46,9.37,9.40,12196880
2016/10/26,sh.600061,9.41,9.46,9.32,9.34,12096065
2016/10/27,sh.600061,9.34,9.35,9.26,9.29,9851550
2016/10/28,sh.600061,9.31,9.57,9.31,9.38,24504065
2016/10/31,sh.600061,9.34,9.34,9.20,9.31,9825857
2016/11/1,sh.600061,9.31,9.43,9.28,9.37,11011017
2016/11/2,sh.600061,9.37,9.48,9.33,9.38,15445270
2016/11/3,sh.600061,9.39,9.71,9.37,9.56,34927971
2016/11/4,sh.600061,9.55,9.68,9.50,9.56,20691851
2016/11/7,sh.600061,9.61,9.69,9.53,9.64,14550767
2016/11/8,sh.600061,9.76,9.83,9.62,9.66,16292482
2016/11/9,sh.600061,9.66,9.66,9.41,9.53,19558484
2016/11/10,sh.600061,9.64,10.22,9.62,9.97,46626189
2016/11/11,sh.600061,10.00,10.31,9.90,10.24,46635937
2016/11/14,sh.600061,10.11,10.54,10.03,10.13,54421174
2016/11/15,sh.600061,10.06,10.18,10.02,10.14,21142330
2016/11/16,sh.600061,10.27,10.31,10.07,10.16,19969539
2016/11/17,sh.600061,10.10,10.14,9.94,10.12,28920642
2016/11/18,sh.600061,10.07,10.07,9.88,9.94,16551608
2016/11/21,sh.600061,9.88,10.06,9.85,9.95,16902932
2016/11/22,sh.600061,9.95,10.06,9.94,9.99,20809399
2016/11/23,sh.600061,10.05,10.06,9.86,9.88,22306978
2016/11/24,sh.600061,9.88,10.06,9.76,9.87,30710528
2016/11/25,sh.600061,9.89,9.97,9.72,9.96,18822767
2016/11/28,sh.600061,10.05,10.07,9.82,9.85,23579689
2016/11/29,sh.600061,9.79,10.06,9.73,9.89,25364436
2016/11/30,sh.600061,9.83,9.96,9.75,9.86,19004184
2016/12/1,sh.600061,9.89,9.98,9.82,9.97,25956205
2016/12/2,sh.600061,10.00,10.00,9.69,9.78,26357061
2016/12/5,sh.600061,9.63,9.71,9.43,9.49,21435980
2016/12/6,sh.600061,9.49,9.53,9.35,9.36,14174388
2016/12/7,sh.600061,9.36,9.38,9.26,9.38,14583807
2016/12/8,sh.600061,9.37,9.41,9.23,9.24,11603212
2016/12/9,sh.600061,9.25,9.32,9.21,9.27,17670602
2016/12/12,sh.600061,9.33,9.34,8.94,9.04,32564143
2016/12/13,sh.600061,9.04,9.22,8.96,9.15,21320409
2016/12/14,sh.600061,9.14,9.20,9.05,9.07,12427294
2016/12/15,sh.600061,9.08,9.20,9.07,9.14,12570181
2016/12/16,sh.600061,9.11,9.18,8.97,9.01,12149226
2016/12/19,sh.600061,9.03,9.10,8.97,9.06,6975666
2016/12/20,sh.600061,9.07,9.17,9.03,9.16,10813249
2016/12/21,sh.600061,9.17,9.25,9.14,9.19,12364272
2016/12/22,sh.600061,9.16,9.18,9.08,9.13,7495119
2016/12/23,sh.600061,9.12,9.13,8.94,9.00,9102075
2016/12/26,sh.600061,8.94,9.22,8.87,9.21,16311939
2016/12/27,sh.600061,9.17,9.25,9.14,9.25,10173863
2016/12/28,sh.600061,9.24,9.25,9.09,9.15,7045798
2016/12/29,sh.600061,9.11,9.20,9.09,9.13,5018924
2016/12/30,sh.600061,9.12,9.17,9.04,9.15,6212837
2017/1/3,sh.600061,9.15,9.24,9.14,9.22,8497549
2017/1/4,sh.600061,9.21,9.25,9.15,9.24,6910715
2017/1/5,sh.600061,9.25,9.25,9.15,9.16,6960743
2017/1/6,sh.600061,9.16,9.18,9.01,9.02,8930498
2017/1/9,sh.600061,9.00,9.08,9.00,9.04,5944893
2017/1/10,sh.600061,9.05,9.11,9.00,9.04,7478870
2017/1/11,sh.600061,9.04,9.07,8.94,8.94,7387218
2017/1/12,sh.600061,8.94,9.02,8.91,8.95,7309879
2017/1/13,sh.600061,8.92,8.99,8.86,8.97,8719268
2017/1/16,sh.600061,8.92,9.05,8.67,9.00,25573741
2017/1/17,sh.600061,8.91,8.95,8.80,8.94,5208744
2017/1/18,sh.600061,8.88,8.98,8.86,8.91,3614373
2017/1/19,sh.600061,8.87,9.04,8.87,8.96,5897786
2017/1/20,sh.600061,8.93,9.11,8.93,9.07,8187190
2017/1/23,sh.600061,9.07,9.17,9.03,9.08,6565527
2017/1/24,sh.600061,9.07,9.11,9.03,9.04,4075824
2017/1/25,sh.600061,9.03,9.08,9.03,9.07,4077872
2017/1/26,sh.600061,9.08,9.13,9.07,9.13,4558855
2017/2/3,sh.600061,9.10,9.13,9.01,9.02,4010197
2017/2/6,sh.600061,9.02,9.08,8.98,9.07,4767267
2017/2/7,sh.600061,9.08,9.08,8.96,8.99,4609101
2017/2/8,sh.600061,8.96,9.17,8.90,9.14,11589791
2017/2/9,sh.600061,9.11,9.17,9.10,9.11,8082365
2017/2/10,sh.600061,9.11,9.25,9.10,9.17,12369073
2017/2/13,sh.600061,9.13,9.34,9.13,9.29,15301591
2017/2/14,sh.600061,9.30,9.31,9.19,9.23,7234031
2017/2/15,sh.600061,9.21,9.39,9.18,9.20,12995493
2017/2/16,sh.600061,9.17,9.36,9.15,9.25,10759155
2017/2/17,sh.600061,9.32,9.59,9.21,9.23,26388559
2017/2/20,sh.600061,9.20,9.33,9.16,9.32,10058750
2017/2/21,sh.600061,9.34,9.51,9.32,9.37,13806193
2017/2/22,sh.600061,9.37,9.41,9.31,9.41,8425223
2017/2/23,sh.600061,9.40,9.45,9.18,9.26,15727581
2017/2/24,sh.600061,9.26,9.27,9.17,9.24,11370447
2017/2/27,sh.600061,9.22,9.24,9.14,9.18,7554760
2017/2/28,sh.600061,9.17,9.22,9.13,9.20,6666699
2017/3/1,sh.600061,9.20,9.22,9.15,9.18,7234839
2017/3/2,sh.600061,9.21,9.31,9.12,9.16,11254028
2017/3/3,sh.600061,9.10,9.14,9.00,9.08,10124972
2017/3/6,sh.600061,9.07,9.13,9.03,9.13,7414017
2017/3/7,sh.600061,9.13,9.13,9.07,9.10,6638249
2017/3/8,sh.600061,9.11,9.12,9.02,9.05,6327386
2017/3/9,sh.600061,9.04,9.08,9.00,9.07,7017245
2017/3/10,sh.600061,9.06,9.10,9.02,9.03,4640387
2017/3/13,sh.600061,9.00,9.08,8.96,9.07,5450018
2017/3/14,sh.600061,9.05,9.10,9.01,9.05,5601174
2017/3/15,sh.600061,9.06,9.07,9.01,9.05,5809274
2017/3/16,sh.600061,9.08,9.25,9.08,9.21,17972627
2017/3/17,sh.600061,9.23,9.25,9.00,9.03,13028702
2017/3/20,sh.600061,9.03,9.05,8.96,9.01,8828374
2017/3/21,sh.600061,9.00,9.03,8.94,8.95,6595442
2017/3/22,sh.600061,8.93,8.96,8.84,8.86,7620313
2017/3/23,sh.600061,8.86,8.94,8.81,8.87,5572707
2017/3/24,sh.600061,8.83,9.03,8.82,8.99,9503813
2017/3/27,sh.600061,8.97,9.02,8.94,8.96,6388991
2017/3/28,sh.600061,8.94,8.98,8.87,8.92,4932168
2017/3/29,sh.600061,8.94,8.94,8.80,8.87,6376831
2017/3/30,sh.600061,8.84,8.90,8.77,8.83,6953573
2017/3/31,sh.600061,8.82,8.87,8.76,8.81,6426053
2017/4/5,sh.600061,8.79,8.98,8.79,8.94,9543123
2017/4/6,sh.600061,8.96,8.96,8.88,8.92,6371412
2017/4/7,sh.600061,8.95,9.04,8.94,9.01,11232326
2017/4/10,sh.600061,8.99,9.03,8.86,8.93,8108092
2017/4/11,sh.600061,8.88,8.98,8.85,8.98,7960417
2017/4/12,sh.600061,9.00,9.07,8.91,8.98,12015528
2017/4/13,sh.600061,8.94,8.97,8.91,8.96,5516424
2017/4/14,sh.600061,8.96,8.97,8.88,8.95,6060397
2017/4/17,sh.600061,8.90,8.96,8.84,8.94,5442428
2017/4/18,sh.600061,8.90,8.93,8.79,8.82,5287920
2017/4/19,sh.600061,8.78,8.83,8.68,8.82,7789888
2017/4/20,sh.600061,8.80,8.82,8.70,8.78,5929038
2017/4/21,sh.600061,8.74,8.88,8.74,8.86,6144359
2017/4/24,sh.600061,8.83,8.87,8.70,8.86,12080416
2017/4/25,sh.600061,8.82,8.85,8.77,8.79,5315665
2017/4/26,sh.600061,8.78,8.86,8.74,8.77,5809480
2017/4/27,sh.600061,8.73,8.76,8.47,8.59,15211755
2017/4/28,sh.600061,8.58,8.59,8.49,8.59,8627499
2017/5/2,sh.600061,8.58,8.59,8.52,8.53,5223624
2017/5/3,sh.600061,8.88,9.11,8.75,8.77,29038000
2017/5/4,sh.600061,8.57,8.87,8.56,8.78,19169094
2017/5/5,sh.600061,8.71,8.81,8.60,8.79,17351352
2017/5/8,sh.600061,8.73,8.86,8.62,8.85,13938026
2017/5/9,sh.600061,8.74,8.82,8.70,8.77,6225498
2017/5/10,sh.600061,8.76,8.79,8.62,8.72,8437804
2017/5/11,sh.600061,8.64,8.82,8.60,8.78,11821265
2017/5/12,sh.600061,8.82,8.96,8.74,8.86,8279201
2017/5/15,sh.600061,8.81,8.91,8.79,8.87,7691551
2017/5/16,sh.600061,8.85,8.90,8.70,8.89,7101954
2017/5/17,sh.600061,8.90,8.95,8.79,8.83,9020505
2017/5/18,sh.600061,8.72,8.77,8.67,8.71,6356919
2017/5/19,sh.600061,8.71,8.74,8.61,8.65,5216355
2017/5/22,sh.600061,8.54,8.62,8.29,8.49,10975997
2017/5/23,sh.600061,8.45,8.62,8.36,8.61,9597537
2017/5/24,sh.600061,8.53,8.66,8.47,8.64,5120526
2017/5/25,sh.600061,8.60,8.99,8.56,8.84,13172000
2017/5/26,sh.600061,8.79,8.88,8.75,8.83,7561780
2017/5/31,sh.600061,8.85,8.97,8.83,8.93,12916876
2017/6/1,sh.600061,8.91,9.03,8.84,8.99,20716876
2017/6/2,sh.600061,8.96,9.04,8.87,8.96,7128418
2017/6/5,sh.600061,8.96,8.98,8.85,8.86,5884486
2017/6/6,sh.600061,8.85,8.93,8.84,8.91,3805921
2017/6/7,sh.600061,8.90,9.00,8.87,8.96,8112344
2017/6/8,sh.600061,8.94,8.96,8.85,8.88,5270253
2017/6/9,sh.600061,8.87,8.92,8.75,8.80,7129117
2017/6/12,sh.600061,8.79,8.83,8.70,8.76,4830325
2017/6/13,sh.600061,8.72,8.82,8.72,8.79,4167995
2017/6/14,sh.600061,8.77,8.81,8.73,8.79,3410859
2017/6/15,sh.600061,8.77,8.88,8.72,8.84,4987832
2017/6/16,sh.600061,8.84,8.91,8.82,8.90,6903703
2017/6/19,sh.600061,8.94,9.09,8.91,8.98,13939830
2017/6/20,sh.600061,8.98,9.08,8.91,8.93,10584145
2017/6/21,sh.600061,9.01,9.05,8.89,8.96,7973867
2017/6/22,sh.600061,8.96,9.09,8.91,8.99,11593809
2017/6/23,sh.600061,8.92,9.01,8.80,9.01,9800568
2017/6/26,sh.600061,9.00,9.14,8.98,9.14,13255698
2017/6/27,sh.600061,9.14,9.16,9.06,9.09,7111030
2017/6/28,sh.600061,9.11,9.21,9.06,9.18,14922100
2017/6/29,sh.600061,9.18,9.21,9.07,9.10,7317281
2017/6/30,sh.600061,9.07,9.17,9.04,9.16,6247640
2017/7/3,sh.600061,9.15,9.17,9.03,9.14,8982580
2017/7/4,sh.600061,9.14,9.18,9.06,9.17,7083492
2017/7/5,sh.600061,9.14,9.18,9.07,9.11,6370431
2017/7/6,sh.600061,9.08,9.11,8.99,9.08,7751814
2017/7/7,sh.600061,9.06,9.20,8.91,9.17,15041829
2017/7/10,sh.600061,9.14,9.28,9.08,9.21,13158629
2017/7/11,sh.600061,9.15,9.28,9.13,9.16,10665529
2017/7/12,sh.600061,9.15,9.21,9.00,9.04,7172143
2017/7/13,sh.600061,9.03,9.16,9.01,9.15,7828113
2017/7/14,sh.600061,9.13,9.28,9.11,9.27,10260689
2017/7/17,sh.600061,9.27,9.66,9.01,9.35,29264040
2017/7/18,sh.600061,9.29,9.48,9.15,9.44,22545615
2017/7/19,sh.600061,9.47,9.83,9.36,9.82,54397577
2017/7/20,sh.600061,9.76,9.86,9.66,9.67,25045378
2017/7/21,sh.600061,9.61,9.76,9.46,9.54,20936564
2017/7/24,sh.600061,9.48,9.60,9.46,9.49,16319813
2017/7/25,sh.600061,9.50,9.53,9.31,9.36,13967631
2017/7/26,sh.600061,9.36,9.47,9.30,9.46,13380651
2017/7/27,sh.600061,9.37,9.52,9.18,9.51,21330280
2017/7/28,sh.600061,9.45,9.46,9.26,9.29,10146654
2017/7/31,sh.600061,9.28,9.38,9.20,9.33,12831544
2017/8/1,sh.600061,9.38,9.57,9.36,9.40,19476385
2017/8/2,sh.600061,9.40,9.56,9.37,9.44,19064328
2017/8/3,sh.600061,9.47,9.54,9.36,9.42,14531107
2017/8/4,sh.600061,9.43,9.60,9.37,9.45,19966017
2017/8/7,sh.600061,9.45,9.47,9.30,9.35,11866355
2017/8/8,sh.600061,9.34,9.40,9.21,9.32,13246933
2017/8/9,sh.600061,9.27,9.30,9.13,9.17,12050485
2017/8/10,sh.600061,9.17,9.27,9.11,9.23,10722811
2017/8/11,sh.600061,9.18,9.22,9.04,9.18,13881790
2017/8/14,sh.600061,9.20,9.36,9.13,9.33,10023710
2017/8/15,sh.600061,9.31,9.33,9.19,9.27,5447294
2017/8/16,sh.600061,9.27,9.29,9.20,9.24,4842467
2017/8/17,sh.600061,9.24,9.39,9.21,9.38,11054679
2017/8/18,sh.600061,9.31,9.44,9.31,9.37,9745136
2017/8/21,sh.600061,9.41,9.48,9.37,9.41,6505727
2017/8/22,sh.600061,9.46,9.50,9.36,9.40,6904478
2017/8/23,sh.600061,9.40,9.55,9.25,9.44,11065437
2017/8/24,sh.600061,9.44,9.45,9.26,9.27,6999671
2017/8/25,sh.600061,9.29,9.52,9.27,9.48,16248347
2017/8/28,sh.600061,9.53,9.97,9.53,9.84,48528315
2017/8/29,sh.600061,9.78,9.80,9.63,9.68,21513800
2017/8/30,sh.600061,9.66,9.96,9.66,9.69,26869538
2017/8/31,sh.600061,9.70,9.81,9.66,9.73,16364827
2017/9/1,sh.600061,9.74,9.85,9.64,9.70,16429324
2017/9/4,sh.600061,9.70,9.79,9.60,9.73,14727927
2017/9/5,sh.600061,9.70,9.86,9.69,9.76,15595892
2017/9/6,sh.600061,9.72,9.80,9.64,9.73,11452697
2017/9/7,sh.600061,9.74,9.80,9.55,9.56,12669931
2017/9/8,sh.600061,9.54,9.61,9.48,9.56,11091620
2017/9/11,sh.600061,9.56,9.63,9.50,9.50,9708494
2017/9/12,sh.600061,9.53,9.69,9.51,9.57,14567800
2017/9/13,sh.600061,9.54,9.61,9.43,9.48,10724663
2017/9/14,sh.600061,9.48,9.56,9.43,9.46,11043722
2017/9/15,sh.600061,9.45,9.54,9.43,9.49,8619188
2017/9/18,sh.600061,9.54,9.60,9.49,9.51,14350436
2017/9/19,sh.600061,9.54,9.56,9.41,9.46,9694793
2017/9/20,sh.600061,9.46,9.49,9.41,9.47,8104133
2017/9/21,sh.600061,9.47,9.56,9.43,9.43,9535485
2017/9/22,sh.600061,9.42,9.50,9.24,9.46,16474263
2017/9/25,sh.600061,9.39,9.46,9.29,9.44,12346974
2017/9/26,sh.600061,9.41,9.48,9.37,9.46,5816881
2017/9/27,sh.600061,9.44,9.50,9.42,9.42,4393601
2017/9/28,sh.600061,9.44,9.50,9.40,9.44,6881555
2017/9/29,sh.600061,9.45,9.61,9.45,9.60,14102680
2017/10/9,sh.600061,9.81,9.84,9.53,9.54,17893242
2017/10/10,sh.600061,9.53,9.57,9.47,9.56,9829004
2017/10/11,sh.600061,9.59,9.59,9.49,9.52,7509600
2017/10/12,sh.600061,9.50,9.53,9.38,9.41,9487811
2017/10/13,sh.600061,9.42,9.44,9.37,9.43,5792451
2017/10/16,sh.600061,9.44,9.51,9.30,9.32,10243929
2017/10/17,sh.600061,9.33,9.36,9.25,9.28,6327592
2017/10/18,sh.600061,9.28,9.39,9.27,9.37,9969846
2017/10/19,sh.600061,9.36,9.36,9.10,9.34,13242366
2017/10/20,sh.600061,9.26,9.33,9.22,9.28,4432716
2017/10/23,sh.600061,9.25,9.30,9.19,9.22,4247511
2017/10/24,sh.600061,9.20,9.36,9.19,9.33,8680883
2017/10/25,sh.600061,9.31,9.36,9.28,9.33,3424527
2017/10/26,sh.600061,9.32,9.46,9.32,9.34,5828638
2017/10/27,sh.600061,9.36,9.37,9.26,9.27,4206048
2017/10/30,sh.600061,9.27,9.28,8.90,9.11,12102416
2017/10/31,sh.600061,9.04,9.06,8.96,9.00,4234711
2017/11/1,sh.600061,9.00,9.03,8.74,8.77,11986016
2017/11/2,sh.600061,8.77,8.81,8.64,8.79,10001165
2017/11/3,sh.600061,8.77,8.78,8.58,8.76,11869128
2017/11/6,sh.600061,8.71,8.72,8.64,8.68,6091659
2017/11/7,sh.600061,8.66,8.76,8.65,8.72,9038373
2017/11/8,sh.600061,8.70,8.96,8.67,8.90,16694458
2017/11/9,sh.600061,8.83,8.86,8.78,8.83,5497855
2017/11/10,sh.600061,8.85,8.90,8.76,8.83,6661655
2017/11/13,sh.600061,8.86,8.92,8.74,8.77,6554389
2017/11/14,sh.600061,8.75,8.78,8.67,8.68,4920893
2017/11/15,sh.600061,8.69,8.73,8.63,8.68,5530273
2017/11/16,sh.600061,8.67,8.70,8.48,8.50,7061590
2017/11/17,sh.600061,8.49,8.74,8.34,8.71,16334065
2017/11/20,sh.600061,8.61,8.76,8.57,8.74,6435614
2017/11/21,sh.600061,8.70,9.06,8.70,8.87,13486806
2017/11/22,sh.600061,8.81,8.88,8.67,8.71,9601662
2017/11/23,sh.600061,8.67,8.78,8.47,8.58,8254241
2017/11/24,sh.600061,8.51,8.61,8.47,8.60,6081469
2017/11/27,sh.600061,8.57,8.64,8.53,8.61,6149814
2017/11/28,sh.600061,8.62,8.62,8.54,8.58,2604054
2017/11/29,sh.600061,8.58,8.60,8.42,8.48,5069319
2017/11/30,sh.600061,8.48,8.58,8.44,8.48,3940939
2017/12/1,sh.600061,8.48,8.53,8.45,8.51,3120896
2017/12/4,sh.600061,8.48,8.53,8.40,8.52,4287741
2017/12/5,sh.600061,8.51,8.77,8.48,8.73,16216716
2017/12/6,sh.600061,8.67,8.73,8.64,8.71,4293301
2017/12/7,sh.600061,8.68,8.72,8.64,8.71,2748328
2017/12/8,sh.600061,8.68,8.75,8.61,8.63,3413401
2017/12/11,sh.600061,8.64,8.65,8.53,8.57,4242978
2017/12/12,sh.600061,8.58,8.58,8.45,8.46,3211116
2017/12/13,sh.600061,8.46,8.50,8.43,8.44,4235194
2017/12/14,sh.600061,8.44,8.47,8.33,8.34,4506151
2017/12/15,sh.600061,8.34,8.38,8.31,8.35,2422441
2017/12/18,sh.600061,8.38,8.40,8.23,8.33,4960100
2017/12/19,sh.600061,8.33,8.34,8.28,8.30,3219967
2017/12/20,sh.600061,8.33,8.38,8.19,8.34,5487511
2017/12/21,sh.600061,8.33,8.36,8.24,8.33,4452978
2017/12/22,sh.600061,8.35,8.35,8.25,8.27,3010009
2017/12/25,sh.600061,8.26,8.27,8.07,8.10,5482400
2017/12/26,sh.600061,8.11,8.14,8.01,8.05,4838544
2017/12/27,sh.600061,8.05,8.05,7.82,7.88,7222400
2017/12/28,sh.600061,7.86,7.97,7.72,7.77,7433677
2017/12/29,sh.600061,7.74,7.81,7.73,7.76,4184466
2018/1/2,sh.600061,7.77,7.84,7.75,7.82,4596390
2018/1/3,sh.600061,7.82,7.94,7.79,7.91,7742386
2018/1/4,sh.600061,7.88,7.91,7.83,7.87,4827950
2018/1/5,sh.600061,7.87,7.99,7.87,7.92,7926766
2018/1/8,sh.600061,7.87,8.12,7.86,7.98,9123675
2018/1/9,sh.600061,7.95,7.99,7.89,7.90,4628768
2018/1/10,sh.600061,7.90,7.94,7.79,7.82,4534443
2018/1/11,sh.600061,7.84,7.89,7.79,7.88,3523884
2018/1/12,sh.600061,7.88,7.91,7.81,7.81,3574077
2018/1/15,sh.600061,7.79,7.85,7.66,7.68,4735177
2018/1/16,sh.600061,7.70,7.84,7.70,7.84,5779352
2018/1/17,sh.600061,7.90,8.20,7.84,8.05,16253992
2018/1/18,sh.600061,7.98,8.14,7.97,8.02,7971832
2018/1/19,sh.600061,8.01,8.39,8.00,8.22,16735543
2018/1/22,sh.600061,8.16,8.28,8.08,8.21,9824656
2018/1/23,sh.600061,8.20,8.28,8.12,8.20,8927916
2018/1/24,sh.600061,8.20,8.39,8.13,8.36,14588312
2018/1/25,sh.600061,8.32,8.34,8.18,8.21,8974072
2018/1/26,sh.600061,8.17,8.29,8.15,8.18,7811167
2018/1/29,sh.600061,8.17,8.33,8.15,8.17,8443152
2018/1/30,sh.600061,8.17,8.21,8.02,8.03,7875376
2018/1/31,sh.600061,7.98,8.04,7.80,7.81,6825738
2018/2/1,sh.600061,7.84,7.94,7.72,7.93,11776347
2018/2/2,sh.600061,7.85,7.92,7.67,7.77,5791221
2018/2/5,sh.600061,7.67,7.77,7.62,7.73,4890635
2018/2/6,sh.600061,7.58,7.74,7.54,7.73,14777563
2018/2/7,sh.600061,7.77,7.80,7.52,7.72,6680311
2018/2/8,sh.600061,7.65,7.74,7.61,7.72,4109814
2018/2/9,sh.600061,7.60,7.62,7.04,7.45,10588033
2018/2/12,sh.600061,7.30,7.34,7.20,7.23,4710028
2018/2/13,sh.600061,7.25,7.32,7.19,7.22,3526401
2018/2/14,sh.600061,7.20,7.24,7.09,7.15,4112929
2018/2/22,sh.600061,7.17,7.21,7.10,7.17,5322856
2018/2/23,sh.600061,7.19,7.22,7.14,7.17,3603631
2018/2/26,sh.600061,7.19,7.31,7.15,7.25,8102269
2018/2/27,sh.600061,7.27,7.32,7.24,7.29,5468170
2018/2/28,sh.600061,7.27,7.35,7.16,7.26,4236232
2018/3/1,sh.600061,7.21,7.30,7.18,7.29,3217250
2018/3/2,sh.600061,7.25,7.44,7.25,7.34,4955362
2018/3/5,sh.600061,7.32,7.38,7.27,7.38,3545495
2018/3/6,sh.600061,7.37,7.46,7.34,7.40,5169414
2018/3/7,sh.600061,7.41,7.43,7.28,7.34,4488513
2018/3/8,sh.600061,7.34,7.35,7.28,7.31,2775144
2018/3/9,sh.600061,7.32,7.41,7.30,7.38,4038457
2018/3/12,sh.600061,7.40,7.51,7.37,7.45,6574219
2018/3/13,sh.600061,7.44,7.47,7.34,7.38,5224418
2018/3/14,sh.600061,7.39,7.41,7.29,7.29,2925500
2018/3/15,sh.600061,7.29,7.30,7.22,7.24,3283096
2018/3/16,sh.600061,7.24,7.29,7.19,7.20,3845100
2018/3/19,sh.600061,7.22,7.24,7.18,7.20,2950461
2018/3/20,sh.600061,7.19,7.26,7.13,7.23,3558344
2018/3/21,sh.600061,7.24,7.39,7.22,7.25,7594443
2018/3/22,sh.600061,7.25,7.33,7.18,7.25,4745456
2018/3/23,sh.600061,7.07,7.25,6.97,7.24,16175721
2018/3/26,sh.600061,7.07,7.17,7.04,7.15,4572760
2018/3/27,sh.600061,7.21,7.28,7.17,7.21,4850331
2018/3/28,sh.600061,7.15,7.62,7.14,7.38,10576874
2018/3/29,sh.600061,7.41,7.54,7.35,7.50,9727339
2018/3/30,sh.600061,7.50,7.51,7.41,7.49,6804400
2018/4/2,sh.600061,7.47,7.63,7.42,7.47,8684753
2018/4/3,sh.600061,7.46,7.46,7.34,7.37,5575169
2018/4/4,sh.600061,7.34,7.36,7.08,7.12,10770320
2018/4/9,sh.600061,7.09,7.21,7.07,7.12,4210415
2018/4/10,sh.600061,7.14,7.21,7.11,7.21,5584815
2018/4/11,sh.600061,7.21,7.28,7.17,7.24,4844520
2018/4/12,sh.600061,7.24,7.31,7.21,7.21,3369775
2018/4/13,sh.600061,7.21,7.26,7.15,7.16,2836308
2018/4/16,sh.600061,7.14,7.17,7.07,7.10,3926782
2018/4/17,sh.600061,7.10,7.19,7.07,7.07,3464040
2018/4/18,sh.600061,7.12,7.17,7.07,7.16,3351369
2018/4/19,sh.600061,7.15,7.23,7.13,7.17,3136460
2018/4/20,sh.600061,7.14,7.15,6.93,6.94,4278439
2018/4/23,sh.600061,6.94,7.01,6.88,6.93,3476476
2018/4/24,sh.600061,6.90,7.05,6.90,7.04,3665719
2018/4/25,sh.600061,7.01,7.03,6.95,6.98,2259169
2018/4/26,sh.600061,6.98,7.02,6.87,6.88,2803371
2018/4/27,sh.600061,6.88,6.98,6.87,6.95,2449135
2018/5/2,sh.600061,6.98,7.14,6.98,7.12,7151761
2018/5/3,sh.600061,7.10,7.24,7.07,7.22,6426382
2018/5/4,sh.600061,7.18,7.29,7.16,7.20,4775906
2018/5/7,sh.600061,7.20,7.28,7.18,7.24,2964635
2018/5/8,sh.600061,7.28,7.29,7.19,7.25,2502305
2018/5/9,sh.600061,7.24,7.27,7.17,7.18,2428128
2018/5/10,sh.600061,7.22,7.44,7.21,7.44,9027718
2018/5/11,sh.600061,7.38,7.44,7.31,7.32,4296475
2018/5/14,sh.600061,7.33,7.40,7.22,7.26,3674503
2018/5/15,sh.600061,7.27,7.31,7.16,7.28,2746055
2018/5/16,sh.600061,7.27,7.27,7.17,7.21,3265011
2018/5/17,sh.600061,7.22,7.24,7.14,7.14,3383782
2018/5/18,sh.600061,7.14,7.21,7.07,7.18,2401881
2018/5/21,sh.600061,7.18,7.27,7.18,7.27,3054988
2018/5/22,sh.600061,7.25,7.27,7.18,7.23,2397993
2018/5/23,sh.600061,7.22,7.24,7.16,7.17,1969416
2018/5/24,sh.600061,7.14,7.19,7.14,7.15,1739332
2018/5/25,sh.600061,7.15,7.17,6.98,7.02,3288093
2018/5/28,sh.600061,6.98,7.01,6.95,6.97,2147448
2018/5/29,sh.600061,6.97,7.01,6.88,6.91,2501568
2018/5/30,sh.600061,6.88,6.88,6.61,6.62,4144489
2018/5/31,sh.600061,6.63,6.68,6.59,6.65,3780046
2018/6/1,sh.600061,6.61,6.70,6.49,6.58,7445876
2018/6/4,sh.600061,6.58,6.61,6.42,6.42,4670210
2018/6/5,sh.600061,6.42,6.49,6.35,6.39,5885248
2018/6/6,sh.600061,6.40,6.48,6.38,6.39,6604121
2018/6/7,sh.600061,6.42,6.52,6.39,6.44,5532055
2018/6/8,sh.600061,6.38,6.42,6.06,6.11,8931588
2018/6/11,sh.600061,6.11,6.13,5.99,6.03,5085665
2018/6/12,sh.600061,6.03,6.09,5.99,6.07,3403532
2018/6/13,sh.600061,6.04,6.06,5.91,5.91,3226428
2018/6/14,sh.600061,5.90,6.05,5.89,5.97,4092441
2018/6/15,sh.600061,5.99,6.02,5.92,5.98,4278495
2018/6/19,sh.600061,5.95,5.95,5.38,5.44,8233517
2018/6/20,sh.600061,5.42,5.51,5.34,5.48,4448269
2018/6/21,sh.600061,5.47,5.50,5.20,5.23,5367899
2018/6/22,sh.600061,5.26,5.39,5.23,5.38,5171883
2018/6/25,sh.600061,5.39,5.45,5.35,5.37,4470205
2018/6/26,sh.600061,5.35,5.48,5.28,5.45,4781538
2018/6/27,sh.600061,5.45,5.48,5.38,5.42,3574283
2018/6/28,sh.600061,5.41,5.57,5.37,5.42,7482589
2018/6/29,sh.600061,5.40,5.51,5.38,5.50,6495354
2018/7/2,sh.600061,5.50,5.50,5.22,5.28,5477771
2018/7/3,sh.600061,5.28,5.45,5.28,5.44,9388092
2018/7/4,sh.600061,5.45,5.49,5.37,5.39,5089963
2018/7/5,sh.600061,5.40,5.50,5.35,5.36,4058551
2018/7/6,sh.600061,5.36,5.42,5.16,5.29,6460452
2018/7/9,sh.600061,5.31,5.49,5.30,5.48,5763113
2018/7/10,sh.600061,5.46,5.48,5.36,5.41,4562613
2018/7/11,sh.600061,5.33,5.34,5.16,5.21,6437339
2018/7/12,sh.600061,5.20,5.42,5.20,5.39,6657617
2018/7/13,sh.600061,5.38,5.41,5.32,5.35,4528755
2018/7/16,sh.600061,5.38,5.41,5.32,5.35,3907128
2018/7/17,sh.600061,5.35,5.36,5.26,5.31,4171179
2018/7/18,sh.600061,5.33,5.37,5.31,5.32,3874935
2018/7/19,sh.600061,5.33,5.36,5.19,5.22,5008188
2018/7/20,sh.600061,5.19,5.42,5.19,5.38,7558674
2018/7/23,sh.600061,5.34,5.46,5.30,5.42,7961254
2018/7/24,sh.600061,5.43,5.69,5.41,5.60,12599931
2018/7/25,sh.600061,5.59,5.59,5.51,5.54,6146822
2018/7/26,sh.600061,5.55,5.58,5.52,5.52,4851749
2018/7/27,sh.600061,5.51,5.51,5.40,5.43,7054914
2018/7/30,sh.600061,5.41,5.51,5.38,5.48,7246606
2018/7/31,sh.600061,5.52,5.90,5.50,5.65,14969891
2018/8/1,sh.600061,5.65,5.67,5.43,5.44,10311384
2018/8/2,sh.600061,5.39,5.43,5.19,5.30,8100322
2018/8/3,sh.600061,5.31,5.39,5.23,5.28,4451326
2018/8/6,sh.600061,5.31,5.35,5.22,5.23,5320102
2018/8/7,sh.600061,5.24,5.40,5.24,5.39,5553052
2018/8/8,sh.600061,5.37,5.40,5.32,5.32,3353600
2018/8/9,sh.600061,5.32,5.45,5.28,5.41,4701367
2018/8/10,sh.600061,5.42,5.45,5.37,5.44,3979156
2018/8/13,sh.600061,5.35,5.45,5.35,5.44,4107482
2018/8/14,sh.600061,5.42,5.44,5.36,5.39,2999048
2018/8/15,sh.600061,5.39,5.40,5.28,5.28,3063956
2018/8/16,sh.600061,5.26,5.42,5.24,5.32,5236152
2018/8/17,sh.600061,5.33,5.41,5.24,5.26,4131841
2018/8/20,sh.600061,5.27,5.33,5.23,5.29,3744620
2018/8/21,sh.600061,5.29,5.35,5.27,5.29,3754073
2018/8/22,sh.600061,5.29,5.30,5.23,5.24,2902666
2018/8/23,sh.600061,5.25,5.31,5.21,5.25,3573699
2018/8/24,sh.600061,5.24,5.32,5.23,5.29,3882005
2018/8/27,sh.600061,5.28,5.35,5.28,5.33,5043400
2018/8/28,sh.600061,5.33,5.36,5.31,5.35,3780714
2018/8/29,sh.600061,5.35,5.36,5.29,5.33,3997797
2018/8/30,sh.600061,5.30,5.35,5.22,5.22,3933053
2018/8/31,sh.600061,5.23,5.25,5.10,5.21,4998786
2018/9/3,sh.600061,5.18,5.20,5.09,5.15,3367506
2018/9/4,sh.600061,5.17,5.20,5.11,5.17,5339144
2018/9/5,sh.600061,5.17,5.18,5.07,5.08,3514718
2018/9/6,sh.600061,5.07,5.10,5.04,5.05,2451112
2018/9/7,sh.600061,5.04,5.12,5.01,5.01,3917600
2018/9/10,sh.600061,5.03,5.04,4.84,4.85,5230173
2018/9/11,sh.600061,4.85,4.90,4.85,4.86,2164088
2018/9/12,sh.600061,4.89,4.92,4.85,4.88,2247994
2018/9/13,sh.600061,4.90,4.93,4.87,4.91,2861440
2018/9/14,sh.600061,4.91,4.96,4.85,4.85,3050340
2018/9/17,sh.600061,4.85,4.90,4.82,4.83,3476100
2018/9/18,sh.600061,4.81,4.91,4.80,4.90,3833974
2018/9/19,sh.600061,4.90,5.00,4.90,4.94,5006444
2018/9/20,sh.600061,4.96,4.96,4.90,4.90,4168300
2018/9/21,sh.600061,4.91,5.00,4.88,4.98,7333751
2018/9/25,sh.600061,4.96,4.96,4.90,4.91,3793294
2018/9/26,sh.600061,4.92,5.00,4.91,4.94,4618704
2018/9/27,sh.600061,4.96,4.97,4.90,4.91,2885510
2018/9/28,sh.600061,4.93,4.97,4.91,4.94,2998724
2018/10/8,sh.600061,4.85,4.91,4.77,4.78,6075272
2018/10/9,sh.600061,4.79,4.84,4.79,4.80,2962201
2018/10/10,sh.600061,4.82,4.84,4.77,4.78,2056481
2018/10/11,sh.600061,4.62,4.74,4.30,4.30,9508033
2018/10/12,sh.600061,4.29,4.30,4.10,4.14,5887138
2018/10/15,sh.600061,4.16,4.19,4.10,4.12,3765665
2018/10/16,sh.600061,4.11,4.17,4.05,4.05,4216696
2018/10/17,sh.600061,4.10,4.12,4.01,4.10,3673580
2018/10/18,sh.600061,4.08,4.10,4.01,4.03,3313627
2018/10/19,sh.600061,3.93,4.14,3.93,4.13,6066421
2018/10/22,sh.600061,4.21,4.54,4.18,4.54,10066061
2018/10/23,sh.600061,4.72,4.77,4.49,4.55,15804374
2018/10/24,sh.600061,4.44,4.77,4.42,4.63,11955450
2018/10/25,sh.600061,4.50,4.98,4.45,4.98,20689264
2018/10/26,sh.600061,5.01,5.25,4.85,5.06,29581711
2018/10/29,sh.600061,5.01,5.10,4.92,4.96,11855934
2018/10/30,sh.600061,4.99,5.45,4.94,5.45,25956014
2018/10/31,sh.600061,5.42,5.50,5.25,5.33,24970601
2018/11/1,sh.600061,5.35,5.87,5.35,5.64,32984175
2018/11/2,sh.600061,5.74,5.83,5.51,5.77,23212744
2018/11/5,sh.600061,5.63,5.84,5.61,5.75,18667993
2018/11/6,sh.600061,5.68,5.86,5.61,5.68,13452227
2018/11/7,sh.600061,5.63,5.67,5.48,5.58,13541493
2018/11/8,sh.600061,5.60,5.75,5.50,5.53,16024925
2018/11/9,sh.600061,5.52,5.69,5.47,5.52,11332635
2018/11/12,sh.600061,5.51,5.66,5.48,5.64,10750149
2018/11/13,sh.600061,5.55,6.02,5.48,5.79,23566531
2018/11/14,sh.600061,5.74,5.79,5.56,5.57,15269766
2018/11/15,sh.600061,5.52,6.13,5.51,6.11,27583036
2018/11/16,sh.600061,6.09,6.63,5.96,6.39,28892521
2018/11/19,sh.600061,6.34,6.74,6.29,6.50,25137733
2018/11/20,sh.600061,6.35,6.51,6.06,6.09,16864052
2018/11/21,sh.600061,6.07,6.42,6.07,6.42,20466323
2018/11/22,sh.600061,6.42,6.49,6.21,6.27,13112058
2018/11/23,sh.600061,6.31,6.67,6.15,6.26,24873269
2018/11/26,sh.600061,6.24,6.25,5.93,6.04,17169548
2018/11/27,sh.600061,6.08,6.14,5.93,6.02,10877712
2018/11/28,sh.600061,6.01,6.27,5.98,6.24,17234747
2018/11/29,sh.600061,6.24,6.35,5.96,6.00,14436993
2018/11/30,sh.600061,5.93,6.20,5.82,6.20,17587031
2018/12/3,sh.600061,6.46,6.58,6.28,6.34,18611961
2018/12/4,sh.600061,6.28,6.38,6.22,6.37,11651202
2018/12/5,sh.600061,6.21,6.32,6.09,6.21,12220507
2018/12/6,sh.600061,6.16,6.37,6.14,6.21,13397748
2018/12/7,sh.600061,6.21,6.25,6.05,6.09,9784822
2018/12/10,sh.600061,6.02,6.06,5.82,5.89,8728521
2018/12/11,sh.600061,5.94,6.02,5.90,5.95,7814736
2018/12/12,sh.600061,6.00,6.08,5.88,5.89,7365369
2018/12/13,sh.600061,5.90,6.08,5.84,6.05,10926708
2018/12/14,sh.600061,6.02,6.02,5.64,5.76,10724316
2018/12/17,sh.600061,5.76,5.84,5.71,5.77,8664542
2018/12/18,sh.600061,5.75,5.79,5.47,5.58,14784520
2018/12/19,sh.600061,5.56,5.61,5.47,5.50,9647829
2018/12/20,sh.600061,5.52,5.60,5.43,5.57,11510426
2018/12/21,sh.600061,5.57,5.66,5.36,5.60,14163457
2018/12/24,sh.600061,5.51,5.54,5.33,5.37,14317445
2018/12/25,sh.600061,5.28,5.29,5.03,5.23,14796017
2018/12/26,sh.600061,5.26,5.29,5.04,5.13,10139750
2018/12/27,sh.600061,5.23,5.31,5.11,5.13,12657305
2018/12/28,sh.600061,5.16,5.44,5.15,5.33,16819413
2019/1/2,sh.600061,5.34,5.36,5.16,5.22,15234697
2019/1/3,sh.600061,5.23,5.60,5.20,5.42,23353817
2019/1/4,sh.600061,5.33,5.96,5.33,5.96,35921282
2019/1/7,sh.600061,5.88,6.01,5.83,5.88,25169313
2019/1/8,sh.600061,5.86,6.00,5.76,5.86,16189116
2019/1/9,sh.600061,5.85,6.01,5.80,5.83,15699855
2019/1/10,sh.600061,5.82,5.87,5.71,5.72,14188231
2019/1/11,sh.600061,5.74,5.79,5.65,5.74,9206402
2019/1/14,sh.600061,5.77,5.81,5.63,5.66,9466179
2019/1/15,sh.600061,5.68,5.86,5.63,5.81,14672285
2019/1/16,sh.600061,5.79,5.82,5.66,5.67,9565810
2019/1/17,sh.600061,5.69,5.73,5.55,5.58,9860722
2019/1/18,sh.600061,5.58,5.64,5.44,5.56,13046149
2019/1/21,sh.600061,5.58,5.63,5.53,5.57,7229710
2019/1/22,sh.600061,5.54,5.57,5.44,5.45,7192931
2019/1/23,sh.600061,5.50,5.52,5.42,5.45,4305672
2019/1/24,sh.600061,5.47,5.65,5.47,5.55,10290719
2019/1/25,sh.600061,5.58,5.58,5.45,5.47,7342801
2019/1/28,sh.600061,5.54,5.60,5.42,5.45,6352852
2019/1/29,sh.600061,5.41,5.44,5.20,5.29,8724773
2019/1/30,sh.600061,5.28,5.42,5.27,5.27,5413483
2019/1/31,sh.600061,5.29,5.38,5.20,5.28,6293023
2019/2/1,sh.600061,5.35,5.45,5.35,5.44,7478768
2019/2/11,sh.600061,5.48,5.63,5.44,5.62,9249229
2019/2/12,sh.600061,5.64,5.82,5.61,5.73,13619761
2019/2/13,sh.600061,5.70,6.03,5.66,5.95,22737838
2019/2/14,sh.600061,5.94,5.99,5.86,5.89,14773099
2019/2/15,sh.600061,5.89,5.99,5.78,5.82,12598468
2019/2/18,sh.600061,5.88,6.15,5.88,6.12,23815029
2019/2/19,sh.600061,6.08,6.41,6.06,6.19,27225046
2019/2/20,sh.600061,6.18,6.34,6.12,6.22,15713358
2019/2/21,sh.600061,6.16,6.52,6.14,6.26,27667564
2019/2/22,sh.600061,6.31,6.89,6.28,6.89,40056746
2019/2/25,sh.600061,7.58,7.58,7.34,7.58,46291123
2019/2/26,sh.600061,8.00,8.33,7.71,7.97,70421160
2019/2/27,sh.600061,8.16,8.77,7.82,8.46,71747481
2019/2/28,sh.600061,7.94,8.06,7.62,7.62,66452097
2019/3/1,sh.600061,7.72,8.09,7.52,7.85,49153723
2019/3/4,sh.600061,7.82,8.60,7.58,8.03,68956638
2019/3/5,sh.600061,7.82,8.06,7.74,8.02,36458556
2019/3/6,sh.600061,8.01,8.82,7.90,8.82,68571938
2019/3/7,sh.600061,9.10,9.66,8.64,9.32,84437781
2019/3/8,sh.600061,8.51,9.07,8.39,8.39,58204430
2019/3/11,sh.600061,8.07,8.39,7.77,8.28,39495401
2019/3/12,sh.600061,8.28,8.65,8.24,8.38,40059540
2019/3/13,sh.600061,8.38,8.38,7.85,8.03,33326561
2019/3/14,sh.600061,7.85,8.21,7.69,7.84,23124671
2019/3/15,sh.600061,7.94,8.09,7.81,7.89,19018835
2019/3/18,sh.600061,7.94,8.19,7.63,8.16,25295904
2019/3/19,sh.600061,8.01,8.51,8.01,8.23,27846471
2019/3/20,sh.600061,8.18,8.47,8.11,8.42,28827722
2019/3/21,sh.600061,8.41,8.68,8.32,8.46,36248608
2019/3/22,sh.600061,8.45,8.50,8.11,8.29,21438062
2019/3/25,sh.600061,8.13,8.29,7.98,8.00,18589191
2019/3/26,sh.600061,8.05,8.17,7.70,7.74,19289678
2019/3/27,sh.600061,7.80,8.00,7.74,7.87,16137185
2019/3/28,sh.600061,7.77,8.05,7.71,7.83,14802027
2019/3/29,sh.600061,7.84,8.61,7.84,8.61,58230560
2019/4/1,sh.600061,8.60,8.95,8.45,8.77,55251151
2019/4/2,sh.600061,8.77,8.90,8.54,8.65,39426366
2019/4/3,sh.600061,8.49,9.28,8.44,9.14,49292164
2019/4/4,sh.600061,9.19,9.25,8.86,8.96,35541384
2019/4/8,sh.600061,9.03,9.08,8.52,8.67,32999724
2019/4/9,sh.600061,8.61,8.77,8.54,8.72,22375449
2019/4/10,sh.600061,8.61,8.74,8.36,8.61,25478094
2019/4/11,sh.600061,8.58,9.19,8.51,8.83,38642590
2019/4/12,sh.600061,8.71,9.66,8.68,9.40,82520614
2019/4/15,sh.600061,9.78,9.88,8.70,8.73,67069925
2019/4/16,sh.600061,8.45,8.96,8.39,8.89,38604360
2019/4/17,sh.600061,8.81,8.81,8.61,8.65,27171771
2019/4/18,sh.600061,8.60,8.74,8.54,8.55,18334985
2019/4/19,sh.600061,8.57,8.77,8.52,8.61,17922031
2019/4/22,sh.600061,8.71,8.78,8.43,8.51,23043194
2019/4/23,sh.600061,8.43,8.74,8.30,8.52,24826403
2019/4/24,sh.600061,8.51,8.67,8.48,8.61,17368772
2019/4/25,sh.600061,8.58,8.68,8.11,8.22,19447514
2019/4/26,sh.600061,8.20,8.37,8.14,8.18,15360214
2019/4/29,sh.600061,8.37,8.59,8.15,8.25,36333528
2019/4/30,sh.600061,8.10,8.40,8.01,8.23,20935681
2019/5/6,sh.600061,7.72,7.88,7.41,7.41,23837726
2019/5/7,sh.600061,7.41,7.49,7.14,7.40,24843716
2019/5/8,sh.600061,7.11,7.41,7.05,7.21,15879285
2019/5/9,sh.600061,7.09,7.32,7.06,7.13,12275341
2019/5/10,sh.600061,7.31,7.49,7.09,7.39,20641157
2019/5/13,sh.600061,7.30,7.36,7.23,7.25,9947212
2019/5/14,sh.600061,7.32,7.68,7.26,7.41,24247874
2019/5/15,sh.600061,7.51,7.55,7.36,7.47,18735677
2019/5/16,sh.600061,7.49,7.56,7.39,7.50,12471092
2019/5/17,sh.600061,7.53,7.53,7.03,7.07,16389791
2019/5/20,sh.600061,7.05,7.29,7.03,7.17,10487009
2019/5/21,sh.600061,7.15,7.40,7.13,7.31,11434627
2019/5/22,sh.600061,7.31,7.39,7.14,7.19,9060140
2019/5/23,sh.600061,7.17,7.32,7.10,7.18,10510918
2019/5/24,sh.600061,7.16,7.29,7.14,7.18,6189130
2019/5/27,sh.600061,7.19,7.42,7.13,7.40,13404874
2019/5/28,sh.600061,7.41,7.50,7.30,7.49,13964416
2019/5/29,sh.600061,7.41,7.52,7.36,7.42,10818635
2019/5/30,sh.600061,7.37,7.38,7.26,7.28,8003231
2019/5/31,sh.600061,7.32,7.38,7.27,7.31,7752964
2019/6/3,sh.600061,7.27,7.50,7.27,7.37,10538407
2019/6/4,sh.600061,7.41,7.43,7.23,7.37,8897376
2019/6/5,sh.600061,7.47,7.50,7.38,7.38,10831236
2019/6/6,sh.600061,7.37,7.53,7.34,7.36,14065120
2019/6/10,sh.600061,7.29,7.35,6.97,7.17,12137139
2019/6/11,sh.600061,7.17,7.56,7.12,7.51,20137276
2019/6/12,sh.600061,7.47,7.56,7.43,7.50,11775022
2019/6/13,sh.600061,7.51,7.82,7.46,7.71,18074043
2019/6/14,sh.600061,7.71,8.20,7.65,8.01,38620218
2019/6/17,sh.600061,7.92,8.77,7.92,8.54,36346999
2019/6/18,sh.600061,8.54,8.70,8.25,8.46,26944910
2019/6/19,sh.600061,9.02,9.19,8.37,8.38,32953684
2019/6/20,sh.600061,8.26,9.01,8.26,8.72,40251523
2019/6/21,sh.600061,8.71,8.89,8.60,8.68,27578121
2019/6/24,sh.600061,8.70,8.77,8.51,8.60,15622194
2019/6/25,sh.600061,8.56,8.85,8.40,8.68,20420288
2019/6/26,sh.600061,8.42,8.51,8.34,8.39,13818776
2019/6/27,sh.600061,8.47,8.61,8.39,8.42,13521897
2019/6/28,sh.600061,8.44,8.46,8.23,8.35,10125460
2019/7/1,sh.600061,8.69,8.70,8.48,8.52,14947942
2019/7/2,sh.600061,8.45,8.50,8.34,8.40,9918518
2019/7/3,sh.600061,8.31,8.39,8.26,8.30,7495075
2019/7/4,sh.600061,8.25,8.48,8.25,8.39,9720241
2019/7/5,sh.600061,8.43,8.43,8.27,8.30,6912423
2019/7/8,sh.600061,8.31,8.46,8.21,8.25,13795888
2019/7/9,sh.600061,8.20,8.25,7.81,8.00,14453333
2019/7/10,sh.600061,7.99,8.03,7.83,7.89,6931503
2019/7/11,sh.600061,7.93,8.07,7.89,7.95,7630484
2019/7/12,sh.600061,7.90,8.15,7.90,8.11,9580558
2019/7/15,sh.600061,8.11,8.51,8.00,8.30,13505011
2019/7/16,sh.600061,8.30,8.48,8.28,8.37,11589061
2019/7/17,sh.600061,8.29,8.41,8.28,8.29,8561488
2019/7/18,sh.600061,8.37,8.51,8.31,8.31,14518787
2019/7/19,sh.600061,8.32,8.52,8.31,8.38,14179240
2019/7/22,sh.600061,8.37,8.40,8.05,8.06,11502606
2019/7/23,sh.600061,8.12,8.62,8.12,8.48,22233145
2019/7/24,sh.600061,8.49,8.55,8.38,8.43,18215540
2019/7/25,sh.600061,8.40,8.43,8.28,8.42,11733555
2019/7/26,sh.600061,8.45,8.52,8.39,8.47,12757909
2019/7/29,sh.600061,8.33,8.39,8.12,8.22,15196853
2019/7/30,sh.600061,8.24,8.37,8.17,8.21,12995747
2019/7/31,sh.600061,8.17,8.17,8.03,8.05,10013481
2019/8/1,sh.600061,7.99,8.11,7.97,8.02,7957430
2019/8/2,sh.600061,7.81,7.90,7.69,7.74,11848753
2019/8/5,sh.600061,7.62,7.77,7.57,7.59,8280178
2019/8/6,sh.600061,7.44,7.65,7.24,7.50,12585219
2019/8/7,sh.600061,7.55,7.59,7.35,7.37,6923205
2019/8/8,sh.600061,7.60,7.63,7.46,7.51,9061692
2019/8/9,sh.600061,7.55,7.55,7.31,7.34,7716927
2019/8/12,sh.600061,7.52,7.59,7.43,7.55,10585310
2019/8/13,sh.600061,7.44,7.45,7.37,7.40,6164324
2019/8/14,sh.600061,7.51,7.55,7.40,7.40,5989389
2019/8/15,sh.600061,7.16,7.40,7.15,7.33,7646948
2019/8/16,sh.600061,7.39,7.52,7.30,7.42,8551613
2019/8/19,sh.600061,7.55,7.89,7.49,7.89,18088988
2019/8/20,sh.600061,7.86,7.96,7.75,7.77,10704460
2019/8/21,sh.600061,7.76,7.84,7.65,7.68,7886838
2019/8/22,sh.600061,7.75,7.77,7.60,7.69,6157845
2019/8/23,sh.600061,7.71,7.83,7.66,7.72,9105507
2019/8/26,sh.600061,7.50,7.66,7.49,7.55,7388836
2019/8/27,sh.600061,7.59,7.98,7.59,7.86,16842664
2019/8/28,sh.600061,7.78,7.83,7.72,7.77,8888435
2019/8/29,sh.600061,7.81,7.83,7.72,7.75,5349240
2019/8/30,sh.600061,7.96,8.20,7.86,7.87,20007043
2019/9/2,sh.600061,7.80,8.18,7.77,8.06,20032549
2019/9/3,sh.600061,8.05,8.07,7.86,7.94,18415476
2019/9/4,sh.600061,7.94,8.05,7.86,7.97,23226031
2019/9/5,sh.600061,8.11,8.40,8.05,8.15,38847903
2019/9/6,sh.600061,8.22,8.24,7.95,8.06,22977261
2019/9/9,sh.600061,8.23,8.45,8.11,8.16,23391442
2019/9/10,sh.600061,8.16,8.20,8.00,8.15,24403606
2019/9/11,sh.600061,8.23,8.27,8.12,8.17,23959951
2019/9/12,sh.600061,8.18,8.21,8.03,8.20,17720263
2019/9/16,sh.600061,8.20,8.23,8.06,8.11,14433716
2019/9/17,sh.600061,8.08,8.13,7.80,7.82,15314557
2019/9/18,sh.600061,7.84,7.89,7.79,7.81,8951788
2019/9/19,sh.600061,7.83,7.90,7.77,7.88,6858404
2019/9/20,sh.600061,7.88,7.96,7.83,7.90,9588433
2019/9/23,sh.600061,7.86,7.87,7.67,7.75,10003565
2019/9/24,sh.600061,7.74,7.81,7.68,7.69,8291167
2019/9/25,sh.600061,7.65,7.71,7.62,7.64,7011749
2019/9/26,sh.600061,7.69,7.71,7.43,7.46,7844438
2019/9/27,sh.600061,7.47,7.56,7.47,7.52,4915638
2019/9/30,sh.600061,7.51,7.55,7.39,7.43,4625310
2019/10/8,sh.600061,7.40,7.50,7.39,7.42,5561980
2019/10/9,sh.600061,7.38,7.44,7.24,7.34,9831040
2019/10/10,sh.600061,7.35,7.41,7.33,7.40,7269667
2019/10/11,sh.600061,7.40,7.55,7.34,7.47,10099766
2019/10/14,sh.600061,7.58,7.81,7.51,7.69,14690142
2019/10/15,sh.600061,7.66,7.73,7.58,7.61,8112268
2019/10/16,sh.600061,7.66,7.74,7.57,7.58,6595605
2019/10/17,sh.600061,7.59,7.65,7.51,7.53,5719804
2019/10/18,sh.600061,7.55,7.60,7.34,7.35,7653994
2019/10/21,sh.600061,7.30,7.34,7.18,7.22,7393988
2019/10/22,sh.600061,7.27,7.30,7.23,7.30,4798249
2019/10/23,sh.600061,7.31,7.33,7.26,7.27,3824744
2019/10/24,sh.600061,7.27,7.36,7.23,7.31,4389287
2019/10/25,sh.600061,7.33,7.40,7.24,7.39,5827085
2019/10/28,sh.600061,7.38,7.51,7.36,7.47,6945887
2019/10/29,sh.600061,7.45,7.47,7.32,7.32,5070848
2019/10/30,sh.600061,7.30,7.35,7.22,7.29,5103347
2019/10/31,sh.600061,7.33,7.38,7.27,7.31,4571766
2019/11/1,sh.600061,7.27,7.43,7.23,7.37,8441882
2019/11/4,sh.600061,7.41,7.42,7.31,7.34,7049407
2019/11/5,sh.600061,7.36,7.63,7.34,7.54,18736639
2019/11/6,sh.600061,7.53,7.54,7.42,7.46,6614989
2019/11/7,sh.600061,7.46,7.52,7.41,7.44,7926888
2019/11/8,sh.600061,7.49,7.55,7.33,7.34,8217069
2019/11/11,sh.600061,7.33,7.33,7.17,7.17,7539755
2019/11/12,sh.600061,7.16,7.22,7.13,7.17,5244718
2019/11/13,sh.600061,7.18,7.20,7.03,7.06,6331049
2019/11/14,sh.600061,7.03,7.14,7.03,7.10,3810926
2019/11/15,sh.600061,7.09,7.14,7.02,7.03,3432551
2019/11/18,sh.600061,7.04,7.15,7.01,7.09,4377851
2019/11/19,sh.600061,7.11,7.16,7.09,7.14,4659941
2019/11/20,sh.600061,7.15,7.15,7.07,7.07,3540600
2019/11/21,sh.600061,7.07,7.12,7.03,7.06,4389230
2019/11/22,sh.600061,7.07,7.15,7.02,7.05,5195095
2019/11/25,sh.600061,7.05,7.20,7.05,7.15,8297873
2019/11/26,sh.600061,7.17,7.22,7.07,7.22,10250020
2019/11/27,sh.600061,7.16,7.18,7.10,7.11,5729169
2019/11/28,sh.600061,7.09,7.13,7.06,7.09,2975690
2019/11/29,sh.600061,7.10,7.16,7.09,7.12,4377703
2019/12/2,sh.600061,7.27,7.27,7.12,7.15,7785400
2019/12/3,sh.600061,7.06,7.15,7.04,7.14,4843529
2019/12/4,sh.600061,7.10,7.13,7.09,7.10,3263254
2019/12/5,sh.600061,7.12,7.15,7.02,7.07,17714724
2019/12/6,sh.600061,7.03,7.06,6.78,6.85,25938486
2019/12/9,sh.600061,6.85,6.86,6.79,6.82,8906819
2019/12/10,sh.600061,6.82,6.82,6.74,6.78,8234694
2019/12/11,sh.600061,6.79,6.84,6.77,6.79,9668011
2019/12/12,sh.600061,6.78,6.79,6.72,6.72,7536301
2019/12/13,sh.600061,6.79,7.05,6.78,6.98,38517589
2019/12/16,sh.600061,7.00,7.14,6.87,7.06,37681853
2019/12/17,sh.600061,7.06,7.51,7.01,7.28,59832397
2019/12/18,sh.600061,7.22,7.38,7.21,7.27,36495152
2019/12/19,sh.600061,7.27,7.31,7.22,7.27,18454912
2019/12/20,sh.600061,7.30,7.49,7.28,7.33,38219604
2019/12/23,sh.600061,7.29,7.47,7.10,7.13,31781337
2019/12/24,sh.600061,7.16,7.21,7.10,7.18,21022292
2019/12/25,sh.600061,7.15,7.22,7.07,7.13,20881739
2019/12/26,sh.600061,7.14,7.27,7.12,7.25,25478260
2019/12/27,sh.600061,7.27,7.81,7.24,7.46,74637993
2019/12/30,sh.600061,7.35,8.20,7.33,8.20,79477701
2019/12/31,sh.600061,8.64,9.02,8.64,9.02,158339044
2020/1/2,sh.600061,9.36,9.50,8.86,9.08,162496996
2020/1/3,sh.600061,8.91,9.00,8.68,8.74,97211775
2020/1/6,sh.600061,8.64,8.92,8.58,8.67,73384102
2020/1/7,sh.600061,8.71,8.84,8.53,8.76,64429404
2020/1/8,sh.600061,8.58,8.67,8.38,8.42,54635863
2020/1/9,sh.600061,8.58,8.65,8.45,8.52,40222926
2020/1/10,sh.600061,8.69,8.74,8.30,8.36,46291465
2020/1/13,sh.600061,8.30,8.84,8.24,8.83,69760418
2020/1/14,sh.600061,8.80,8.80,8.54,8.56,47512020
2020/1/15,sh.600061,8.49,8.61,8.44,8.55,26435771
2020/1/16,sh.600061,8.54,8.58,8.42,8.45,20754981
2020/1/17,sh.600061,8.55,8.71,8.46,8.49,31397209
2020/1/20,sh.600061,8.44,8.62,8.34,8.60,29728631
2020/1/21,sh.600061,8.57,8.75,8.48,8.59,37947159
2020/1/22,sh.600061,8.46,8.85,8.39,8.79,41094361
2020/1/23,sh.600061,8.67,8.76,8.19,8.32,43482835
2020/2/3,sh.600061,7.49,7.49,7.49,7.49,5671800
2020/2/4,sh.600061,6.88,7.64,6.88,7.41,47504254
2020/2/5,sh.600061,7.43,7.74,7.38,7.49,31844195
2020/2/6,sh.600061,7.46,7.80,7.40,7.72,39122685
2020/2/7,sh.600061,7.63,8.01,7.60,7.88,39095377
2020/2/10,sh.600061,7.75,7.99,7.72,7.90,28933116
2020/2/11,sh.600061,7.98,8.09,7.79,7.82,29597252
2020/2/12,sh.600061,7.75,8.00,7.71,7.93,35391488
2020/2/13,sh.600061,7.90,7.99,7.74,7.78,26780905
2020/2/14,sh.600061,7.71,7.97,7.71,7.89,33210271
2020/2/17,sh.600061,8.09,8.26,7.95,8.23,48736306
2020/2/18,sh.600061,8.21,8.21,8.03,8.11,36381995
2020/2/19,sh.600061,8.08,8.33,8.06,8.08,41641465
2020/2/20,sh.600061,8.08,8.67,7.99,8.61,67967449
2020/2/21,sh.600061,8.58,8.80,8.37,8.50,56276445
2020/2/24,sh.600061,8.46,8.67,8.42,8.55,39194162
2020/2/25,sh.600061,8.33,8.63,8.20,8.55,47073462
2020/2/26,sh.600061,8.46,8.67,8.34,8.39,42735143
2020/2/27,sh.600061,8.48,8.63,8.35,8.40,30586216
2020/2/28,sh.600061,8.11,8.22,7.69,7.72,38412024
2020/3/2,sh.600061,7.87,8.18,7.77,8.07,30342553
2020/3/3,sh.600061,8.34,8.48,8.16,8.30,42701023
2020/3/4,sh.600061,8.27,8.55,8.17,8.54,38353564
2020/3/5,sh.600061,8.65,9.28,8.52,8.88,74059855
2020/3/6,sh.600061,8.69,8.80,8.36,8.39,58725861
2020/3/9,sh.600061,8.26,8.40,8.01,8.07,43670536
2020/3/10,sh.600061,8.09,8.42,8.04,8.42,44149553
2020/3/11,sh.600061,8.37,8.47,8.17,8.17,31095047
2020/3/12,sh.600061,8.11,8.26,8.05,8.15,25458065
2020/3/13,sh.600061,7.64,8.09,7.54,7.98,42445931
2020/3/16,sh.600061,8.00,8.00,7.43,7.43,37711546
2020/3/17,sh.600061,7.52,7.62,7.26,7.48,25791209
2020/3/18,sh.600061,7.51,7.58,7.15,7.18,24663429
2020/3/19,sh.600061,7.17,7.43,7.08,7.36,27801835
2020/3/20,sh.600061,7.50,7.92,7.44,7.70,35357119
2020/3/23,sh.600061,7.33,7.46,7.27,7.33,22694717
2020/3/24,sh.600061,7.49,7.52,7.25,7.45,21638768
2020/3/25,sh.600061,7.61,7.68,7.50,7.56,20636170
2020/3/26,sh.600061,7.50,7.60,7.44,7.45,12551310
2020/3/27,sh.600061,7.55,7.66,7.47,7.47,16003998
2020/3/30,sh.600061,7.40,7.43,7.28,7.37,12886248
2020/3/31,sh.600061,7.43,7.45,7.30,7.30,9903118
2020/4/1,sh.600061,7.29,7.41,7.24,7.26,11219611
2020/4/2,sh.600061,7.24,7.39,7.21,7.39,14030337
2020/4/3,sh.600061,7.33,7.38,7.21,7.24,11422461
2020/4/7,sh.600061,7.37,7.44,7.31,7.40,19599428
2020/4/8,sh.600061,7.36,7.41,7.34,7.36,10923668
2020/4/9,sh.600061,7.42,7.55,7.40,7.41,19856648
2020/4/10,sh.600061,7.44,7.44,7.27,7.28,13268196
2020/4/13,sh.600061,7.24,7.28,7.17,7.25,7915005
2020/4/14,sh.600061,7.28,7.47,7.24,7.40,15469269
2020/4/15,sh.600061,7.38,7.44,7.26,7.26,13437337
2020/4/16,sh.600061,7.22,7.37,7.21,7.27,13827762
2020/4/17,sh.600061,7.33,7.37,7.27,7.28,13342000
2020/4/20,sh.600061,7.30,7.31,7.25,7.27,10264322
2020/4/21,sh.600061,7.25,7.26,7.07,7.12,14920169
2020/4/22,sh.600061,7.07,7.15,7.04,7.14,10000000
2020/4/23,sh.600061,7.14,7.16,7.04,7.06,9283927
2020/4/24,sh.600061,7.05,7.10,6.91,6.93,10930663
2020/4/27,sh.600061,6.93,7.01,6.90,6.91,7211973
2020/4/28,sh.600061,7.01,7.08,6.79,6.99,13467035
2020/4/29,sh.600061,6.95,7.04,6.91,6.97,7325369
2020/4/30,sh.600061,6.99,7.19,6.99,7.12,14050941
2020/5/6,sh.600061,7.01,7.20,6.99,7.17,12052061
2020/5/7,sh.600061,7.17,7.29,7.14,7.20,14030921
2020/5/8,sh.600061,7.25,7.42,7.21,7.31,16491624
2020/5/11,sh.600061,7.36,7.38,7.25,7.31,8118064
2020/5/12,sh.600061,7.31,7.34,7.16,7.24,8040598
2020/5/13,sh.600061,7.22,7.46,7.20,7.42,18288284
2020/5/14,sh.600061,7.33,7.34,7.24,7.27,13008517
2020/5/15,sh.600061,7.30,7.31,7.21,7.22,11751051
2020/5/18,sh.600061,7.21,7.27,7.18,7.19,7249426
2020/5/19,sh.600061,7.25,7.32,7.21,7.29,9430091
2020/5/20,sh.600061,7.28,7.36,7.25,7.30,9417970
2020/5/21,sh.600061,7.33,7.34,7.20,7.22,7241153
2020/5/22,sh.600061,7.20,7.24,6.97,6.97,12341069
2020/5/25,sh.600061,6.98,7.02,6.92,6.96,5993091
2020/5/26,sh.600061,7.00,7.05,6.97,7.04,6198227
2020/5/27,sh.600061,7.04,7.05,6.93,6.94,7056273
2020/5/28,sh.600061,7.00,7.15,6.96,7.07,10858685
2020/5/29,sh.600061,7.07,7.13,7.03,7.10,8108058
2020/6/1,sh.600061,7.31,7.38,7.21,7.34,18921937
2020/6/2,sh.600061,7.31,7.38,7.27,7.28,11036671
2020/6/3,sh.600061,7.31,7.35,7.18,7.19,10423751
2020/6/4,sh.600061,7.22,7.24,7.15,7.17,9005988
2020/6/5,sh.600061,7.19,7.26,7.13,7.24,9187398
2020/6/8,sh.600061,7.26,7.27,7.18,7.19,7900700
2020/6/9,sh.600061,7.19,7.28,7.18,7.24,11330592
2020/6/10,sh.600061,7.21,7.22,7.09,7.12,10784000
2020/6/11,sh.600061,7.09,7.21,7.03,7.04,12101986
2020/6/12,sh.600061,6.95,7.01,6.91,6.99,13287847
2020/6/15,sh.600061,7.00,7.09,6.96,6.97,12256324
2020/6/16,sh.600061,7.02,7.05,6.99,7.05,8136163
2020/6/17,sh.600061,7.09,7.21,7.07,7.19,15799456
2020/6/18,sh.600061,7.12,7.24,7.09,7.17,14636524
2020/6/19,sh.600061,7.17,7.39,7.15,7.31,24364766
2020/6/22,sh.600061,7.29,7.75,7.27,7.47,37792107
2020/6/23,sh.600061,7.52,8.01,7.48,7.92,53716081
2020/6/24,sh.600061,7.77,7.85,7.69,7.70,33065604
2020/6/29,sh.600061,7.62,7.62,7.33,7.36,30932504
2020/6/30,sh.600061,7.44,7.73,7.39,7.68,23972750
2020/7/1,sh.600061,7.60,7.78,7.59,7.75,24128857
2020/7/2,sh.600061,7.72,8.36,7.68,8.18,53257200
2020/7/3,sh.600061,8.21,8.81,8.01,8.63,108867538
2020/7/6,sh.600061,8.85,9.43,8.69,9.27,137085297
2020/7/7,sh.600061,9.26,9.26,8.80,8.83,90611471
2020/7/8,sh.600061,8.79,9.38,8.77,9.22,101486088
2020/7/9,sh.600061,9.35,9.88,9.21,9.50,114996403
2020/7/10,sh.600061,9.40,10.46,9.32,10.46,167572035
2020/7/13,sh.600061,10.25,10.42,9.77,10.10,162232956
2020/7/14,sh.600061,9.86,10.00,9.59,9.87,87103777
2020/7/15,sh.600061,10.01,10.22,9.62,9.65,88196648
2020/7/16,sh.600061,9.71,9.97,9.05,9.08,72153617
2020/7/17,sh.600061,9.23,9.27,8.65,8.80,56931147
2020/7/20,sh.600061,9.03,9.29,8.88,9.17,59153850
2020/7/21,sh.600061,9.12,9.28,9.02,9.05,35749719
2020/7/22,sh.600061,9.35,9.92,9.17,9.41,82235499
2020/7/23,sh.600061,9.29,9.49,9.15,9.47,61165850
2020/7/24,sh.600061,9.21,9.25,8.53,8.64,71720481
2020/7/27,sh.600061,8.67,8.88,8.55,8.75,29798375
2020/7/28,sh.600061,8.84,8.88,8.63,8.72,23148743
2020/7/29,sh.600061,8.66,9.02,8.65,8.94,34231542
2020/7/30,sh.600061,8.94,8.98,8.80,8.83,27794967
2020/7/31,sh.600061,8.81,9.11,8.81,8.93,35832268
2020/8/3,sh.600061,9.06,9.14,8.96,9.14,41407497
2020/8/4,sh.600061,9.15,9.32,9.07,9.15,39875368
2020/8/5,sh.600061,9.08,9.14,8.95,9.07,30270011
2020/8/6,sh.600061,9.23,9.79,9.11,9.62,76931022
2020/8/7,sh.600061,9.33,9.41,8.99,9.12,60957291
2020/8/10,sh.600061,9.05,9.28,8.96,9.12,34966255
2020/8/11,sh.600061,9.12,9.24,8.80,8.82,30204232
2020/8/12,sh.600061,8.77,8.90,8.53,8.68,30077156
2020/8/13,sh.600061,8.73,8.86,8.64,8.77,24129172
2020/8/14,sh.600061,8.71,8.89,8.68,8.87,18740162
2020/8/17,sh.600061,9.04,9.45,8.99,9.27,50811004
2020/8/18,sh.600061,9.27,9.34,9.20,9.28,28919675
2020/8/19,sh.600061,9.29,9.38,9.13,9.18,28567644
2020/8/20,sh.600061,9.05,9.09,8.86,8.91,25638102
2020/8/21,sh.600061,8.97,9.06,8.83,8.94,20292243
2020/8/24,sh.600061,8.93,8.99,8.85,8.89,15213697
2020/8/25,sh.600061,8.96,9.08,8.86,8.91,17668299
2020/8/26,sh.600061,8.83,8.92,8.64,8.65,23772276
2020/8/27,sh.600061,8.68,8.79,8.63,8.74,13688031
2020/8/28,sh.600061,8.80,9.21,8.80,9.14,48007610
2020/8/31,sh.600061,9.16,9.58,9.11,9.15,53695015
2020/9/1,sh.600061,9.17,9.32,9.14,9.30,25514040
2020/9/2,sh.600061,9.34,9.38,9.10,9.21,28797673
2020/9/3,sh.600061,9.21,9.40,9.16,9.22,33668908
2020/9/4,sh.600061,9.02,9.14,9.02,9.09,20677016
2020/9/7,sh.600061,9.03,9.14,8.79,8.79,32656682
2020/9/8,sh.600061,8.80,9.15,8.68,9.14,36961433
2020/9/9,sh.600061,9.01,9.18,8.88,9.00,30185478
2020/9/10,sh.600061,9.09,9.19,8.95,8.95,36998699
2020/9/11,sh.600061,8.88,9.01,8.74,8.84,29287610
2020/9/14,sh.600061,8.86,8.90,8.68,8.79,22809739
2020/9/15,sh.600061,8.77,8.84,8.71,8.83,14243867
2020/9/16,sh.600061,8.83,8.98,8.65,8.68,24846348
2020/9/17,sh.600061,8.62,8.70,8.47,8.58,24416579
2020/9/18,sh.600061,8.54,9.08,8.53,8.99,50545217
2020/9/21,sh.600061,9.18,9.30,9.03,9.15,53149220
2020/9/22,sh.600061,9.05,9.44,9.03,9.14,47793234
2020/9/23,sh.600061,9.20,9.46,9.11,9.17,46982266
2020/9/24,sh.600061,9.06,9.43,9.06,9.16,50692316
2020/9/25,sh.600061,9.23,9.37,9.11,9.29,51246832
2020/9/28,sh.600061,9.23,9.29,9.06,9.08,32624600
2020/9/29,sh.600061,9.12,9.18,8.88,8.89,37939043
2020/9/30,sh.600061,8.96,9.44,8.94,9.23,62961444
2020/10/9,sh.600061,9.35,9.41,9.15,9.37,53562231
2020/10/12,sh.600061,9.38,9.73,9.34,9.62,62480322
2020/10/13,sh.600061,9.47,9.51,9.30,9.42,39344050
2020/10/14,sh.600061,9.39,9.40,9.15,9.21,28979538
2020/10/15,sh.600061,9.23,9.40,9.20,9.21,25710954
2020/10/16,sh.600061,9.26,9.32,9.18,9.20,21673647
2020/10/19,sh.600061,9.28,9.35,8.92,8.93,42733543
2020/10/20,sh.600061,8.91,9.01,8.83,8.99,20959922
2020/10/21,sh.600061,8.94,9.00,8.88,8.96,16234976
2020/10/22,sh.600061,8.89,9.11,8.85,9.02,20418649
2020/10/23,sh.600061,8.99,9.09,8.84,8.84,21037498
2020/10/26,sh.600061,8.79,8.79,8.53,8.58,27940125
2020/10/27,sh.600061,8.56,8.64,8.52,8.62,14021066
2020/10/28,sh.600061,8.61,8.70,8.52,8.65,15569527
2020/10/29,sh.600061,8.50,8.77,8.47,8.70,18090643
2020/10/30,sh.600061,8.72,8.80,8.42,8.42,24244672
2020/11/2,sh.600061,8.42,8.59,8.20,8.30,24365518
2020/11/3,sh.600061,8.32,8.65,8.32,8.59,25309323
2020/11/4,sh.600061,8.55,8.65,8.45,8.58,16079402
2020/11/5,sh.600061,8.71,8.75,8.59,8.64,20249036
2020/11/6,sh.600061,8.65,8.74,8.50,8.56,23284512
2020/11/9,sh.600061,8.62,9.09,8.62,9.00,44699167
2020/11/10,sh.600061,8.97,9.08,8.86,8.89,29987288
2020/11/11,sh.600061,8.86,8.94,8.74,8.76,19496801
2020/11/12,sh.600061,8.80,8.97,8.71,8.78,17704565
2020/11/13,sh.600061,8.73,8.76,8.61,8.65,15740847
2020/11/16,sh.600061,8.69,8.80,8.64,8.76,16835632
2020/11/17,sh.600061,8.74,8.77,8.56,8.76,18245433
2020/11/18,sh.600061,8.73,8.92,8.72,8.80,21367918
2020/11/19,sh.600061,8.76,8.86,8.67,8.83,17993237
2020/11/20,sh.600061,8.82,8.87,8.69,8.77,17496635
2020/11/23,sh.600061,8.75,9.08,8.68,8.94,38670727
2020/11/24,sh.600061,8.96,9.09,8.89,8.96,22481129
2020/11/25,sh.600061,9.01,9.08,8.68,8.70,24484816
2020/11/26,sh.600061,8.71,8.74,8.62,8.68,17130509
2020/11/27,sh.600061,8.68,8.81,8.62,8.81,19414237
2020/11/30,sh.600061,8.86,9.18,8.85,8.90,54096689
2020/12/1,sh.600061,8.91,9.38,8.87,9.26,58598600
2020/12/2,sh.600061,9.26,9.46,9.15,9.26,49087326
2020/12/3,sh.600061,9.23,9.38,9.12,9.27,36606738
2020/12/4,sh.600061,9.21,9.26,9.09,9.18,28241163
2020/12/7,sh.600061,9.15,9.21,8.96,8.97,24710491
2020/12/8,sh.600061,8.97,9.03,8.88,8.93,22479784
2020/12/9,sh.600061,8.94,9.00,8.44,8.52,36633418
2020/12/10,sh.600061,8.50,8.58,8.39,8.47,25699556
2020/12/11,sh.600061,8.45,8.50,8.34,8.41,24805498
2020/12/14,sh.600061,8.42,8.48,8.38,8.47,13889935
2020/12/15,sh.600061,8.41,8.52,8.39,8.48,10727648
2020/12/16,sh.600061,8.47,8.51,8.37,8.38,12213686
2020/12/17,sh.600061,8.36,8.62,8.32,8.61,24997242
2020/12/18,sh.600061,8.59,8.61,8.42,8.42,19381354
2020/12/21,sh.600061,8.35,8.54,8.33,8.47,20967064
2020/12/22,sh.600061,8.39,8.45,8.02,8.02,30653056
2020/12/23,sh.600061,8.06,8.20,7.99,8.12,21494143
2020/12/24,sh.600061,8.11,8.20,8.01,8.02,12391530
2020/12/25,sh.600061,8.04,8.14,7.89,8.07,21523282
2020/12/28,sh.600061,8.01,8.15,7.91,7.97,26908186
2020/12/29,sh.600061,8.03,8.11,7.94,7.96,24232639
2020/12/30,sh.600061,7.94,8.07,7.83,8.07,31094426
2020/12/31,sh.600061,8.07,8.43,8.07,8.34,48070348
2021/1/4,sh.600061,8.42,8.45,8.24,8.39,37361483
2021/1/5,sh.600061,8.36,8.52,8.32,8.44,37577789
2021/1/6,sh.600061,8.45,8.52,8.26,8.32,28905402
2021/1/7,sh.600061,8.33,8.40,8.12,8.34,31341980
2021/1/8,sh.600061,8.28,8.42,8.26,8.36,28338738
2021/1/11,sh.600061,8.38,8.42,8.11,8.13,25744999
2021/1/12,sh.600061,8.11,8.53,8.03,8.45,44792441
2021/1/13,sh.600061,8.41,8.53,8.24,8.29,33910330
2021/1/14,sh.600061,8.28,8.30,8.13,8.15,24320489
2021/1/15,sh.600061,8.23,8.56,8.20,8.29,39817083
2021/1/18,sh.600061,8.20,8.39,8.15,8.35,30984112
2021/1/19,sh.600061,8.31,8.47,8.24,8.30,24784753
2021/1/20,sh.600061,8.26,8.39,8.26,8.36,21539599
2021/1/21,sh.600061,8.38,8.64,8.33,8.48,38415043
2021/1/22,sh.600061,8.42,8.46,8.19,8.20,33998941
2021/1/25,sh.600061,8.21,8.25,8.05,8.09,26545507
2021/1/26,sh.600061,8.07,8.12,7.85,7.88,23469608
2021/1/27,sh.600061,7.91,7.97,7.86,7.89,14171438
2021/1/28,sh.600061,7.87,7.90,7.78,7.83,16944921
2021/1/29,sh.600061,7.86,7.91,7.68,7.74,18538182
2021/2/1,sh.600061,7.76,7.88,7.71,7.83,12124699
2021/2/2,sh.600061,7.84,7.86,7.75,7.83,11912041
2021/2/3,sh.600061,7.80,7.88,7.76,7.81,11706565
2021/2/4,sh.600061,7.78,7.80,7.42,7.42,22497438
2021/2/5,sh.600061,7.42,7.51,7.23,7.28,16161377
2021/2/8,sh.600061,7.30,7.38,7.24,7.30,12666678
2021/2/9,sh.600061,7.35,7.48,7.25,7.47,15756072
2021/2/10,sh.600061,7.46,7.51,7.42,7.47,11801685
2021/2/18,sh.600061,7.55,7.66,7.51,7.54,17537716
2021/2/19,sh.600061,7.55,7.75,7.51,7.74,18948261
2021/2/22,sh.600061,7.77,7.95,7.63,7.65,28765225
2021/2/23,sh.600061,7.65,7.78,7.60,7.62,17161992
2021/2/24,sh.600061,7.64,7.72,7.54,7.62,16083101
2021/2/25,sh.600061,7.65,7.71,7.57,7.62,23685597
2021/2/26,sh.600061,7.54,7.59,7.38,7.38,27234643
2021/3/1,sh.600061,7.39,7.45,7.35,7.39,21916512
2021/3/2,sh.600061,7.44,7.44,7.31,7.33,14306103
2021/3/3,sh.600061,7.33,7.50,7.30,7.50,16697721
2021/3/4,sh.600061,7.45,7.47,7.36,7.38,14052801
2021/3/5,sh.600061,7.36,7.53,7.33,7.48,22848789
2021/3/8,sh.600061,7.54,7.58,7.38,7.39,19751075
2021/3/9,sh.600061,7.38,7.42,7.19,7.22,21177535
2021/3/10,sh.600061,7.28,7.33,7.19,7.26,15914331
2021/3/11,sh.600061,7.28,7.34,7.24,7.33,16271154
2021/3/12,sh.600061,7.33,7.42,7.24,7.36,19995604
2021/3/15,sh.600061,7.29,7.36,7.24,7.32,16430469
2021/3/16,sh.600061,7.34,7.64,7.33,7.51,31303387
2021/3/17,sh.600061,7.44,7.47,7.36,7.43,21520290
2021/3/18,sh.600061,7.43,7.46,7.33,7.35,16524088
2021/3/19,sh.600061,7.31,7.32,7.24,7.26,14681615
2021/3/22,sh.600061,7.29,7.42,7.26,7.38,17498042
2021/3/23,sh.600061,7.36,7.47,7.29,7.39,20967922
2021/3/24,sh.600061,7.41,7.65,7.39,7.45,35679719
2021/3/25,sh.600061,7.41,7.54,7.39,7.39,17963869
2021/3/26,sh.600061,7.45,7.57,7.40,7.54,21053621
2021/3/29,sh.600061,7.51,7.55,7.44,7.47,15628306
2021/3/30,sh.600061,7.50,7.54,7.42,7.48,14298718
2021/3/31,sh.600061,7.49,7.49,7.35,7.37,15000290
2021/4/1,sh.600061,7.38,7.40,7.33,7.40,10533442
2021/4/2,sh.600061,7.72,7.81,7.56,7.66,47250774
2021/4/6,sh.600061,7.68,7.81,7.63,7.74,25822148
2021/4/7,sh.600061,7.76,7.88,7.68,7.83,25284895
2021/4/8,sh.600061,7.80,7.91,7.72,7.79,24835705
2021/4/9,sh.600061,7.80,7.80,7.68,7.73,14496806
2021/4/12,sh.600061,7.69,7.73,7.53,7.56,17880906
2021/4/13,sh.600061,7.56,7.62,7.54,7.62,12929696
2021/4/14,sh.600061,7.63,7.73,7.59,7.71,12936248
2021/4/15,sh.600061,7.69,7.69,7.59,7.62,10960341
2021/4/16,sh.600061,7.62,7.83,7.62,7.77,18444122
2021/4/19,sh.600061,7.75,7.96,7.73,7.96,23937797
2021/4/20,sh.600061,7.93,8.01,7.82,7.84,16727869
2021/4/21,sh.600061,7.79,7.89,7.76,7.80,10646501
2021/4/22,sh.600061,7.83,7.90,7.79,7.82,11512020
2021/4/23,sh.600061,7.77,7.88,7.75,7.82,10068750
2021/4/26,sh.600061,7.82,7.91,7.68,7.68,17332749
2021/4/27,sh.600061,7.65,7.79,7.65,7.71,13498588
2021/4/28,sh.600061,7.72,7.89,7.68,7.79,13801584
2021/4/29,sh.600061,7.80,8.01,7.76,7.99,21970348
2021/4/30,sh.600061,8.02,8.02,7.80,7.81,22919459
2021/5/6,sh.600061,7.84,7.92,7.60,7.63,23244978
2021/5/7,sh.600061,7.65,7.70,7.60,7.62,12532716
2021/5/10,sh.600061,7.63,7.69,7.57,7.67,12235366
2021/5/11,sh.600061,7.62,7.76,7.53,7.68,15589665
2021/5/12,sh.600061,7.63,7.68,7.55,7.62,14864077
2021/5/13,sh.600061,7.57,7.67,7.56,7.59,10098364
2021/5/14,sh.600061,7.62,8.23,7.60,8.20,59340435
2021/5/17,sh.600061,8.07,8.14,7.89,7.97,35838790
2021/5/18,sh.600061,7.97,8.09,7.91,7.98,18254372
2021/5/19,sh.600061,7.97,8.04,7.94,7.96,15138353
2021/5/20,sh.600061,7.95,8.13,7.90,8.02,24606421
2021/5/21,sh.600061,8.00,8.03,7.88,7.89,15734645
2021/5/24,sh.600061,7.92,8.09,7.92,8.01,21477947
2021/5/25,sh.600061,8.00,8.35,7.98,8.22,47092256
2021/5/26,sh.600061,8.26,8.41,8.18,8.20,39945906
2021/5/27,sh.600061,8.21,8.36,8.17,8.26,28457923
2021/5/28,sh.600061,8.21,8.45,8.16,8.41,41295010
2021/5/31,sh.600061,8.36,8.47,8.32,8.38,27022691
2021/6/1,sh.600061,8.33,8.34,8.19,8.26,23677073
2021/6/2,sh.600061,8.23,8.29,8.03,8.09,21477225
2021/6/3,sh.600061,8.09,8.23,8.09,8.11,18726791
2021/6/4,sh.600061,8.08,8.35,8.07,8.17,23048871
2021/6/7,sh.600061,8.22,8.41,8.19,8.36,28370955
2021/6/8,sh.600061,8.36,8.53,8.30,8.33,24626297
2021/6/9,sh.600061,8.29,8.73,8.29,8.46,38534255
2021/6/10,sh.600061,8.49,8.56,8.38,8.45,29648714
2021/6/11,sh.600061,8.50,8.50,8.18,8.18,31659712
2021/6/15,sh.600061,8.21,8.24,7.98,8.02,20501557
2021/6/16,sh.600061,8.02,8.12,8.01,8.07,18882386
2021/6/17,sh.600061,8.10,8.11,7.94,7.96,19244115
2021/6/18,sh.600061,8.03,8.30,7.99,8.09,26607771
2021/6/21,sh.600061,7.96,8.06,7.79,7.85,37859942
2021/6/22,sh.600061,7.90,7.92,7.73,7.75,30336028
2021/6/23,sh.600061,7.76,7.83,7.63,7.76,29645281
2021/6/24,sh.600061,7.78,7.90,7.76,7.87,30961000
2021/6/25,sh.600061,7.90,8.14,7.88,8.07,46778735
2021/6/28,sh.600061,8.09,8.10,7.90,7.95,30872414
2021/6/29,sh.600061,7.94,8.00,7.81,7.83,21206114
2021/6/30,sh.600061,7.87,7.93,7.75,7.90,21179319
2021/7/1,sh.600061,7.98,8.03,7.67,7.67,31794195
2021/7/2,sh.600061,7.63,7.63,7.43,7.46,27699133
2021/7/5,sh.600061,7.46,7.50,7.40,7.47,14588522
2021/7/6,sh.600061,7.47,7.51,7.41,7.50,17346990
2021/7/7,sh.600061,7.47,7.51,7.44,7.46,18836367
2021/7/8,sh.600061,7.49,7.51,7.33,7.35,22637611
2021/7/9,sh.600061,7.33,7.43,7.30,7.42,16968125
2021/7/12,sh.600061,7.50,7.68,7.45,7.68,42217409
2021/7/13,sh.600061,7.63,7.66,7.56,7.60,17579976
2021/7/14,sh.600061,7.59,7.61,7.49,7.52,17325008
2021/7/15,sh.600061,7.53,7.59,7.46,7.56,16352126
2021/7/16,sh.600061,7.62,7.67,7.52,7.61,25834511
2021/7/19,sh.600061,7.54,7.56,7.44,7.51,17477765
2021/7/20,sh.600061,7.45,7.54,7.44,7.49,11429762
2021/7/21,sh.600061,7.51,7.59,7.46,7.48,17657231
2021/7/22,sh.600061,7.48,7.60,7.45,7.58,22628500
2021/7/23,sh.600061,7.57,7.76,7.50,7.62,36323196
2021/7/26,sh.600061,7.63,7.69,7.37,7.41,31427763
2021/7/27,sh.600061,7.41,7.45,7.20,7.22,26981965
2021/7/28,sh.600061,7.22,7.27,7.03,7.08,24500859
2021/7/29,sh.600061,7.14,7.17,6.99,7.06,21732971
2021/7/30,sh.600061,7.03,7.04,6.85,6.90,22742539
2021/8/2,sh.600061,6.85,7.23,6.80,7.10,28372413
2021/8/3,sh.600061,7.10,7.25,7.03,7.10,25699970
2021/8/4,sh.600061,7.10,7.12,7.03,7.06,17116838
2021/8/5,sh.600061,7.06,7.10,6.93,6.94,17403615
2021/8/6,sh.600061,6.97,6.99,6.90,6.94,14830005
2021/8/9,sh.600061,6.93,7.15,6.89,7.08,21999547
2021/8/10,sh.600061,7.07,7.22,7.04,7.22,23271720
2021/8/11,sh.600061,7.22,7.94,7.20,7.60,96251843
2021/8/12,sh.600061,7.53,7.72,7.45,7.64,55322665
2021/8/13,sh.600061,7.61,7.63,7.48,7.54,28437238
2021/8/16,sh.600061,7.58,7.75,7.55,7.62,37281218
2021/8/17,sh.600061,7.60,7.86,7.52,7.54,55513345
2021/8/18,sh.600061,7.56,8.03,7.49,7.99,84507945
2021/8/19,sh.600061,8.00,8.46,7.99,8.20,137791071
2021/8/20,sh.600061,8.23,8.33,8.07,8.23,62738139
2021/8/23,sh.600061,8.28,8.42,8.08,8.10,60734031
2021/8/24,sh.600061,8.16,8.30,7.99,8.24,55934690
2021/8/25,sh.600061,8.17,8.18,8.02,8.09,40963899
2021/8/26,sh.600061,8.07,8.15,7.95,8.02,38005892
2021/8/27,sh.600061,8.10,8.57,8.07,8.23,75831309
2021/8/30,sh.600061,8.18,8.30,7.88,7.95,62209053
2021/8/31,sh.600061,7.93,8.75,7.90,8.68,240958875
2021/9/1,sh.600061,8.46,9.09,8.31,8.80,256158615
2021/9/2,sh.600061,8.67,8.87,8.47,8.79,133467991
2021/9/3,sh.600061,9.30,9.49,8.79,8.80,181312599
2021/9/6,sh.600061,8.83,9.26,8.79,9.01,130610928
2021/9/7,sh.600061,8.95,9.09,8.70,9.09,114187689
2021/9/8,sh.600061,9.09,9.22,8.89,8.89,101870544
2021/9/9,sh.600061,8.79,8.93,8.74,8.82,72676706
2021/9/10,sh.600061,8.83,9.11,8.80,8.90,103003210
2021/9/13,sh.600061,8.84,8.98,8.80,8.90,62461325
2021/9/14,sh.600061,8.88,8.91,8.55,8.56,76678425
2021/9/15,sh.600061,8.56,8.76,8.53,8.65,53244876
2021/9/16,sh.600061,8.65,9.05,8.56,8.56,89849538
2021/9/17,sh.600061,8.56,8.67,8.40,8.66,53024115
2021/9/22,sh.600061,8.51,8.69,8.48,8.61,34046897
2021/9/23,sh.600061,8.69,8.80,8.59,8.63,54185141
2021/9/24,sh.600061,8.60,8.69,8.44,8.47,40450323
2021/9/27,sh.600061,8.43,8.54,8.15,8.21,54011482
2021/9/28,sh.600061,8.26,8.50,8.25,8.41,37985052
2021/9/29,sh.600061,8.31,8.39,8.16,8.30,31326604
2021/9/30,sh.600061,8.28,8.31,8.15,8.18,35387794
2021/10/8,sh.600061,8.32,8.44,8.26,8.43,33740776
2021/10/11,sh.600061,8.38,8.50,8.35,8.37,26175702
2021/10/12,sh.600061,8.30,8.32,7.99,8.11,37959755
2021/10/13,sh.600061,8.09,8.24,7.99,8.20,24068597
2021/10/14,sh.600061,8.19,8.25,8.09,8.17,16459593
2021/10/15,sh.600061,8.16,8.23,8.12,8.16,18549139
2021/10/18,sh.600061,8.20,8.22,8.07,8.15,14657658
2021/10/19,sh.600061,8.15,8.30,8.10,8.19,23367186
2021/10/20,sh.600061,8.19,8.26,8.15,8.16,17480036
2021/10/21,sh.600061,8.16,8.31,8.11,8.14,28975501
2021/10/22,sh.600061,8.14,8.23,8.08,8.14,22747084
2021/10/25,sh.600061,8.14,8.28,8.01,8.27,35456043
2021/10/26,sh.600061,8.21,8.30,8.14,8.16,24271330
2021/10/27,sh.600061,8.14,8.14,7.70,7.72,44647715
2021/10/28,sh.600061,7.67,7.73,7.52,7.60,33091081
2021/10/29,sh.600061,7.60,7.66,7.40,7.63,28985604
2021/11/1,sh.600061,7.60,7.77,7.56,7.73,26666827
2021/11/2,sh.600061,7.68,7.77,7.52,7.61,24847823
2021/11/3,sh.600061,7.57,7.65,7.54,7.61,14902140
2021/11/4,sh.600061,7.63,7.63,7.52,7.54,17537770
2021/11/5,sh.600061,7.53,7.66,7.50,7.57,21278618
2021/11/8,sh.600061,7.55,7.68,7.47,7.62,18517183
2021/11/9,sh.600061,7.63,7.74,7.58,7.71,22217305
2021/11/10,sh.600061,7.69,7.70,7.60,7.66,18557725
2021/11/11,sh.600061,7.68,7.86,7.66,7.80,31638906
2021/11/12,sh.600061,7.79,7.82,7.71,7.79,21470234
2021/11/15,sh.600061,7.81,7.85,7.72,7.73,18190735
2021/11/16,sh.600061,7.76,7.79,7.64,7.64,18788376
2021/11/17,sh.600061,7.63,7.68,7.61,7.64,14446766
2021/11/18,sh.600061,7.63,7.65,7.50,7.52,17882046
2021/11/19,sh.600061,7.52,7.70,7.50,7.68,26824451
2021/11/22,sh.600061,7.65,7.76,7.64,7.67,21195932
2021/11/23,sh.600061,7.67,7.79,7.64,7.70,31174520
2021/11/24,sh.600061,7.67,7.71,7.61,7.67,16292354
2021/11/25,sh.600061,7.67,7.69,7.61,7.61,16514816
2021/11/26,sh.600061,7.59,7.61,7.52,7.53,17973387
2021/11/29,sh.600061,7.45,7.52,7.44,7.45,20802537
2021/11/30,sh.600061,7.47,7.53,7.41,7.45,17183987
2021/12/1,sh.600061,7.43,7.56,7.42,7.55,20128436
2021/12/2,sh.600061,7.55,7.65,7.51,7.61,23018017
2021/12/3,sh.600061,7.63,7.67,7.56,7.65,18557358
2021/12/6,sh.600061,7.69,7.88,7.66,7.67,45072823
2021/12/7,sh.600061,7.76,7.78,7.65,7.68,25871077
2021/12/8,sh.600061,7.72,7.76,7.64,7.76,24261596
2021/12/9,sh.600061,7.75,7.97,7.69,7.84,54614708
2021/12/10,sh.600061,7.76,7.86,7.73,7.78,30703389
2021/12/13,sh.600061,7.89,7.97,7.76,7.76,37194357
2021/12/14,sh.600061,7.71,7.75,7.61,7.63,34461825
2021/12/15,sh.600061,7.63,7.73,7.61,7.63,22394570
2021/12/16,sh.600061,7.63,7.68,7.62,7.67,25944861
2021/12/17,sh.600061,7.67,7.90,7.67,7.76,49433857
2021/12/20,sh.600061,7.70,7.76,7.61,7.61,31958773
2021/12/21,sh.600061,7.63,7.73,7.59,7.72,28767733
2021/12/22,sh.600061,7.72,7.76,7.64,7.66,21639421
2021/12/23,sh.600061,7.69,7.69,7.63,7.64,19580279
2021/12/24,sh.600061,7.63,7.68,7.55,7.55,22634545
2021/12/27,sh.600061,7.56,7.62,7.55,7.58,16049956
2021/12/28,sh.600061,7.56,7.63,7.53,7.62,18265100
2021/12/29,sh.600061,7.63,7.64,7.59,7.60,17880415
2021/12/30,sh.600061,7.58,7.67,7.57,7.63,27441459
2021/12/31,sh.600061,7.64,7.70,7.63,7.64,25245282
2022/1/4,sh.600061,7.66,7.72,7.63,7.72,31021543
2022/1/5,sh.600061,7.70,7.75,7.66,7.67,30487621
2022/1/6,sh.600061,7.66,7.67,7.58,7.59,31161820
2022/1/7,sh.600061,7.61,7.66,7.59,7.60,28056794
2022/1/10,sh.600061,7.61,7.66,7.61,7.63,23671343
2022/1/11,sh.600061,7.63,7.72,7.62,7.67,41757092
2022/1/12,sh.600061,7.69,7.70,7.62,7.66,29302923
2022/1/13,sh.600061,7.65,7.74,7.65,7.70,38563149
2022/1/14,sh.600061,7.67,7.68,7.43,7.44,56687625
2022/1/17,sh.600061,7.44,7.49,7.41,7.44,23735092
2022/1/18,sh.600061,7.47,7.50,7.37,7.45,31153932
2022/1/19,sh.600061,7.44,7.50,7.40,7.45,19985674
2022/1/20,sh.600061,7.44,7.57,7.42,7.53,36026224
2022/1/21,sh.600061,7.50,7.51,7.39,7.41,30796577
2022/1/24,sh.600061,7.39,7.41,7.27,7.32,21526164
2022/1/25,sh.600061,7.29,7.32,7.01,7.01,26777694
2022/1/26,sh.600061,7.03,7.17,7.03,7.13,19216826
2022/1/27,sh.600061,7.12,7.17,7.01,7.02,19058488
2022/1/28,sh.600061,7.06,7.11,6.97,6.97,19759860
2022/2/7,sh.600061,7.02,7.08,7.00,7.04,17207930
2022/2/8,sh.600061,7.06,7.23,7.03,7.23,26449765
2022/2/9,sh.600061,7.21,7.30,7.21,7.25,20413016
2022/2/10,sh.600061,7.25,7.32,7.22,7.32,20858660
2022/2/11,sh.600061,7.28,7.39,7.25,7.26,25334275
2022/2/14,sh.600061,7.24,7.27,7.11,7.13,22623307
2022/2/15,sh.600061,7.12,7.18,7.10,7.13,13886271
2022/2/16,sh.600061,7.17,7.22,7.14,7.16,11433827
2022/2/17,sh.600061,7.11,7.18,7.10,7.10,14559422
2022/2/18,sh.600061,7.07,7.16,7.06,7.15,11709940
2022/2/21,sh.600061,7.16,7.19,7.11,7.18,12297225
2022/2/22,sh.600061,7.14,7.16,7.03,7.07,17905110
2022/2/23,sh.600061,7.08,7.14,7.03,7.11,14816929
2022/2/24,sh.600061,7.10,7.11,6.80,6.87,31472943
2022/2/25,sh.600061,6.93,6.99,6.89,6.91,17855043
2022/2/28,sh.600061,6.92,6.97,6.84,6.88,14820490
2022/3/1,sh.600061,6.90,6.96,6.87,6.93,14972531
2022/3/2,sh.600061,6.89,6.97,6.88,6.94,14377548
2022/3/3,sh.600061,6.95,6.99,6.93,6.97,13575577
2022/3/4,sh.600061,6.94,6.96,6.85,6.89,15384670
2022/3/7,sh.600061,6.85,6.88,6.78,6.80,20294767
2022/3/8,sh.600061,6.81,6.85,6.57,6.58,24006261
2022/3/9,sh.600061,6.62,6.64,6.14,6.35,32060731
2022/3/10,sh.600061,6.49,6.50,6.35,6.35,18919372
2022/3/11,sh.600061,6.30,6.57,6.17,6.52,27296025
2022/3/14,sh.600061,6.44,6.61,6.42,6.46,23165834
2022/3/15,sh.600061,6.42,6.51,6.23,6.23,26007857
2022/3/16,sh.600061,6.33,6.60,6.20,6.58,37454818
2022/3/17,sh.600061,6.69,6.72,6.57,6.70,39533426
2022/3/18,sh.600061,6.69,6.72,6.60,6.69,20886927
2022/3/21,sh.600061,6.65,6.67,6.54,6.57,20954571
2022/3/22,sh.600061,6.55,6.64,6.54,6.58,13229635
2022/3/23,sh.600061,6.59,6.60,6.56,6.57,11842533
2022/3/24,sh.600061,6.57,6.57,6.46,6.47,14328165
2022/3/25,sh.600061,6.47,6.54,6.42,6.43,12434994
2022/3/28,sh.600061,6.40,6.47,6.32,6.47,12924166
2022/3/29,sh.600061,6.46,6.48,6.38,6.42,9610262
2022/3/30,sh.600061,6.49,6.64,6.46,6.58,24660070
2022/3/31,sh.600061,6.55,6.64,6.50,6.56,18285924
2022/4/1,sh.600061,6.54,6.67,6.52,6.66,23708436
2022/4/6,sh.600061,6.60,6.73,6.59,6.66,29363385
2022/4/7,sh.600061,6.64,6.70,6.54,6.55,19026057
2022/4/8,sh.600061,6.56,6.66,6.46,6.65,21852467
2022/4/11,sh.600061,6.60,6.64,6.44,6.48,18698348
2022/4/12,sh.600061,6.45,6.69,6.41,6.67,30340957
2022/4/13,sh.600061,6.61,6.69,6.57,6.58,20356843
2022/4/14,sh.600061,6.63,6.68,6.59,6.64,21305077
2022/4/15,sh.600061,6.60,6.67,6.54,6.56,17735946
2022/4/18,sh.600061,6.50,6.51,6.40,6.44,22666634
2022/4/19,sh.600061,6.44,6.48,6.41,6.44,14152855
2022/4/20,sh.600061,6.47,6.47,6.37,6.43,15499576
2022/4/21,sh.600061,6.40,6.45,6.30,6.35,20981972
2022/4/22,sh.600061,6.31,6.41,6.28,6.35,15367886
2022/4/25,sh.600061,6.28,6.44,6.04,6.09,30157657
2022/4/26,sh.600061,6.11,6.13,5.70,5.76,34235100
2022/4/27,sh.600061,5.73,5.86,5.62,5.84,25281865
2022/4/28,sh.600061,5.79,5.82,5.61,5.64,20530631
2022/4/29,sh.600061,6.04,6.04,5.80,5.97,35297500
2022/5/5,sh.600061,5.77,5.80,5.71,5.77,30129800
2022/5/6,sh.600061,5.69,5.75,5.64,5.66,19454595
2022/5/9,sh.600061,5.65,5.70,5.64,5.67,11650863
2022/5/10,sh.600061,5.61,5.75,5.59,5.72,18008347
2022/5/11,sh.600061,5.71,5.80,5.70,5.72,23401323
2022/5/12,sh.600061,5.68,5.76,5.66,5.70,13355833
2022/5/13,sh.600061,5.72,5.77,5.70,5.75,12229707
2022/5/16,sh.600061,5.77,5.78,5.69,5.70,11651086
2022/5/17,sh.600061,5.70,5.71,5.64,5.67,12368000
2022/5/18,sh.600061,5.69,5.72,5.66,5.69,14477690
2022/5/19,sh.600061,5.62,5.68,5.61,5.67,10264577
2022/5/20,sh.600061,5.69,5.76,5.68,5.72,14773862
2022/5/23,sh.600061,5.72,5.77,5.69,5.74,15224753
2022/5/24,sh.600061,5.75,5.77,5.60,5.60,16459816
2022/5/25,sh.600061,5.58,5.63,5.55,5.62,11693500
2022/5/26,sh.600061,5.62,5.75,5.58,5.70,19518549
2022/5/27,sh.600061,5.71,5.75,5.64,5.73,20526079
2022/5/30,sh.600061,5.73,5.75,5.65,5.67,15659747
2022/5/31,sh.600061,5.67,5.74,5.64,5.72,14820646
2022/6/1,sh.600061,5.74,5.75,5.67,5.70,13767532
2022/6/2,sh.600061,5.68,5.75,5.65,5.75,18030347
2022/6/6,sh.600061,5.73,5.85,5.72,5.82,24341103
2022/6/7,sh.600061,5.80,5.91,5.79,5.81,23530768
2022/6/8,sh.600061,5.82,5.93,5.79,5.89,27477907
2022/6/9,sh.600061,5.89,6.01,5.86,5.96,56866181
2022/6/10,sh.600061,5.86,6.05,5.82,5.95,90627934
2022/6/13,sh.600061,5.90,5.97,5.86,5.91,44741494
2022/6/14,sh.600061,5.84,6.21,5.84,6.20,60123722
2022/6/15,sh.600061,6.21,6.58,6.18,6.35,103756328
2022/6/16,sh.600061,6.33,6.38,6.13,6.14,56589424
2022/6/17,sh.600061,6.14,6.19,6.02,6.13,39774206
2022/6/20,sh.600061,6.13,6.21,6.06,6.08,29873305
2022/6/21,sh.600061,6.09,6.13,6.03,6.07,21786838
2022/6/22,sh.600061,6.08,6.11,5.99,5.99,28850804
2022/6/23,sh.600061,6.01,6.16,5.97,6.15,38305307
2022/6/24,sh.600061,6.15,6.17,6.08,6.12,24418109
2022/6/27,sh.600061,6.15,6.17,6.07,6.08,22686634
2022/6/28,sh.600061,6.06,6.16,6.03,6.14,23692859
2022/6/29,sh.600061,6.12,6.20,6.03,6.04,29684076
2022/6/30,sh.600061,6.03,6.13,6.03,6.06,23005083
2022/7/1,sh.600061,6.05,6.07,5.96,5.98,21863455
2022/7/4,sh.600061,5.98,5.99,5.91,5.97,19164609
2022/7/5,sh.600061,5.98,6.01,5.86,5.89,20391016
2022/7/6,sh.600061,5.90,5.91,5.83,5.85,16566330
2022/7/7,sh.600061,5.85,5.88,5.84,5.85,12500155
2022/7/8,sh.600061,5.86,5.89,5.83,5.84,14094594
2022/7/11,sh.600061,5.83,5.85,5.79,5.80,14069826
2022/7/12,sh.600061,5.83,5.90,5.81,5.83,19955507
2022/7/13,sh.600061,5.83,5.86,5.80,5.83,13427515
2022/7/14,sh.600061,5.81,5.84,5.77,5.79,18310172
2022/7/15,sh.600061,5.79,5.80,5.67,5.67,18925955
2022/7/18,sh.600061,5.70,5.79,5.68,5.78,15471505
2022/7/19,sh.600061,5.85,5.87,5.80,5.85,19445780
2022/7/20,sh.600061,5.86,5.94,5.83,5.90,18562281
2022/7/21,sh.600061,5.90,5.92,5.86,5.86,11831684
2022/7/22,sh.600061,5.86,5.92,5.82,5.87,13595280
2022/7/25,sh.600061,5.87,5.90,5.83,5.85,10889143
2022/7/26,sh.600061,5.86,5.88,5.83,5.86,8732721
2022/7/27,sh.600061,5.86,5.87,5.83,5.84,7483545
2022/7/28,sh.600061,5.86,5.91,5.86,5.86,13051865
2022/7/29,sh.600061,5.86,5.88,5.81,5.82,10903531
2022/8/1,sh.600061,5.79,5.81,5.75,5.77,12233032
2022/8/2,sh.600061,5.74,5.74,5.51,5.65,31921666
2022/8/3,sh.600061,5.62,5.68,5.56,5.57,14115917
2022/8/4,sh.600061,5.60,5.64,5.56,5.63,9602872
2022/8/5,sh.600061,5.62,5.72,5.61,5.72,13125942
2022/8/8,sh.600061,5.69,5.74,5.68,5.72,8206068
2022/8/9,sh.600061,5.75,5.76,5.71,5.72,7974034
2022/8/10,sh.600061,5.69,5.76,5.68,5.70,7235156
2022/8/11,sh.600061,5.72,5.94,5.72,5.92,32545076
2022/8/12,sh.600061,5.93,6.02,5.89,5.99,25513710
2022/8/15,sh.600061,5.95,6.03,5.90,5.93,18714771
2022/8/16,sh.600061,5.95,5.98,5.92,5.94,10193010
2022/8/17,sh.600061,5.95,6.06,5.93,6.03,22150823
2022/8/18,sh.600061,6.03,6.09,5.99,6.06,21814705
2022/8/19,sh.600061,6.05,6.17,6.02,6.10,21660218
2022/8/22,sh.600061,6.08,6.12,6.02,6.03,15110968
2022/8/23,sh.600061,6.04,6.12,5.98,6.06,14198016
2022/8/24,sh.600061,6.04,6.15,5.98,5.98,21213981
2022/8/25,sh.600061,6.01,6.12,6.00,6.09,18939716
2022/8/26,sh.600061,6.11,6.13,6.04,6.11,18074350
2022/8/29,sh.600061,6.11,6.46,6.11,6.30,67765262
2022/8/30,sh.600061,6.27,6.35,6.22,6.26,29807226
2022/8/31,sh.600061,6.23,6.34,6.23,6.26,28335307
2022/9/1,sh.600061,6.26,6.35,6.23,6.27,30571130
2022/9/2,sh.600061,6.26,6.32,6.16,6.19,22943499
2022/9/5,sh.600061,6.16,6.26,6.15,6.23,21538071
2022/9/6,sh.600061,6.23,6.28,6.21,6.26,17591502
2022/9/7,sh.600061,6.26,6.26,6.16,6.20,13401861
2022/9/8,sh.600061,6.22,6.23,6.16,6.17,10439542
2022/9/9,sh.600061,6.17,6.27,6.14,6.24,14835436
2022/9/13,sh.600061,6.24,6.30,6.18,6.20,17762916
2022/9/14,sh.600061,6.13,6.15,6.07,6.12,16916942
2022/9/15,sh.600061,6.13,6.18,6.04,6.08,16380124
2022/9/16,sh.600061,6.08,6.08,5.82,5.85,27459390
2022/9/19,sh.600061,5.84,5.89,5.80,5.86,13200624
2022/9/20,sh.600061,5.85,5.91,5.81,5.83,9784809
2022/9/21,sh.600061,5.83,5.93,5.73,5.90,14202061
2022/9/22,sh.600061,5.88,6.01,5.87,5.92,14498224
2022/9/23,sh.600061,5.89,5.99,5.88,5.90,14005848
2022/9/26,sh.600061,5.87,5.95,5.76,5.76,18380407
2022/9/27,sh.600061,5.81,5.85,5.72,5.84,12140596
2022/9/28,sh.600061,5.86,5.95,5.78,5.84,18541736
2022/9/29,sh.600061,5.86,5.98,5.72,5.77,16832463
2022/9/30,sh.600061,5.76,5.86,5.76,5.79,14086986
2022/10/10,sh.600061,5.80,5.85,5.72,5.73,11649752
2022/10/11,sh.600061,5.72,5.84,5.69,5.77,11488262
2022/10/12,sh.600061,5.75,5.92,5.74,5.90,16050553
2022/10/13,sh.600061,5.89,6.03,5.86,5.98,18201120
2022/10/14,sh.600061,6.01,6.06,5.98,6.01,15759440
2022/10/17,sh.600061,5.98,6.05,5.95,6.01,14892119
2022/10/18,sh.600061,6.02,6.06,5.97,5.99,16118113
2022/10/19,sh.600061,5.98,6.01,5.91,5.91,10675078
2022/10/20,sh.600061,5.93,6.01,5.89,5.94,14394556
2022/10/21,sh.600061,6.06,6.10,5.88,5.90,20860193
2022/10/24,sh.600061,5.94,6.05,5.76,5.78,23284147
2022/10/25,sh.600061,5.77,5.86,5.70,5.76,19829465
2022/10/26,sh.600061,5.78,5.86,5.74,5.79,17684072
2022/10/27,sh.600061,5.79,6.00,5.77,5.91,27230566
2022/10/28,sh.600061,5.93,5.97,5.80,5.81,19633338
2022/10/31,sh.600061,5.71,5.72,5.35,5.47,43860463
2022/11/1,sh.600061,5.49,5.65,5.46,5.64,25960066
2022/11/2,sh.600061,5.65,5.89,5.62,5.81,28833658
2022/11/3,sh.600061,5.77,5.83,5.69,5.76,18006572
2022/11/4,sh.600061,5.78,5.88,5.74,5.86,22113693
2022/11/7,sh.600061,5.82,5.88,5.81,5.87,13720876
2022/11/8,sh.600061,5.86,5.89,5.79,5.82,10809495
2022/11/9,sh.600061,5.82,5.85,5.78,5.78,10918203
2022/11/10,sh.600061,5.76,5.83,5.73,5.80,14405962
2022/11/11,sh.600061,5.90,6.02,5.88,5.96,34019598
2022/11/14,sh.600061,5.99,6.13,5.99,6.01,33968010
2022/11/15,sh.600061,6.00,6.21,5.99,6.09,72549345
2022/11/16,sh.600061,6.07,6.07,5.95,5.98,30067178
2022/11/17,sh.600061,5.97,6.01,5.95,6.01,20439616
2022/11/18,sh.600061,5.99,6.04,5.95,5.96,18002678
2022/11/21,sh.600061,5.94,5.97,5.86,5.89,20996271
2022/11/22,sh.600061,5.91,5.97,5.86,5.91,17718508
2022/11/23,sh.600061,5.93,6.19,5.90,6.05,53602693
2022/11/24,sh.600061,6.06,6.08,5.96,5.99,31981118
2022/11/25,sh.600061,5.97,6.13,5.95,6.12,36012492
2022/11/28,sh.600061,6.00,6.05,5.86,6.03,49870226
2022/11/29,sh.600061,6.02,6.28,6.01,6.25,69270579
2022/11/30,sh.600061,6.23,6.29,6.20,6.21,41679735
2022/12/1,sh.600061,6.30,6.36,6.21,6.23,42853887
2022/12/2,sh.600061,6.21,6.26,6.18,6.22,26424762
2022/12/5,sh.600061,6.28,6.83,6.27,6.72,114690338
2022/12/6,sh.600061,6.63,6.77,6.54,6.59,72957303
2022/12/7,sh.600061,6.55,6.61,6.43,6.48,57666614
2022/12/8,sh.600061,6.45,6.51,6.39,6.50,34523151
2022/12/9,sh.600061,6.50,6.57,6.37,6.49,40080369
2022/12/12,sh.600061,6.43,6.46,6.28,6.31,30327999
2022/12/13,sh.600061,6.31,6.38,6.27,6.32,27754842
2022/12/14,sh.600061,6.32,6.51,6.26,6.44,37311411
2022/12/15,sh.600061,6.39,6.52,6.36,6.44,25947635
2022/12/16,sh.600061,6.39,6.52,6.38,6.46,23262572
2022/12/19,sh.600061,6.46,6.47,6.16,6.22,32190400
2022/12/20,sh.600061,6.24,6.26,6.14,6.17,18364289
2022/12/21,sh.600061,6.18,6.20,6.08,6.11,14196869
2022/12/22,sh.600061,6.18,6.26,6.10,6.13,19222887
2022/12/23,sh.600061,6.09,6.18,6.03,6.07,20451745
2022/12/26,sh.600061,6.07,6.11,5.92,5.97,32002836
2022/12/27,sh.600061,6.00,6.05,5.97,5.99,25398225
2022/12/28,sh.600061,5.95,5.99,5.91,5.93,28756549
2022/12/29,sh.600061,5.90,5.98,5.86,5.98,30477318
2022/12/30,sh.600061,5.96,6.08,5.92,6.08,35920751
2023/1/3,sh.600061,6.02,6.02,5.79,5.90,62166954
2023/1/4,sh.600061,5.87,5.92,5.86,5.90,32218970
2023/1/5,sh.600061,5.92,5.99,5.91,5.96,33411804
2023/1/6,sh.600061,5.95,6.01,5.92,5.93,21227003
2023/1/9,sh.600061,5.95,6.08,5.95,6.03,37319610
2023/1/10,sh.600061,6.03,6.21,6.00,6.05,38137446
2023/1/11,sh.600061,6.06,6.15,6.02,6.03,22544869
2023/1/12,sh.600061,6.06,6.10,5.98,6.10,19933371
2023/1/13,sh.600061,6.13,6.18,6.06,6.17,28275425
2023/1/16,sh.600061,6.19,6.43,6.15,6.28,59124947
2023/1/17,sh.600061,6.27,6.43,6.19,6.39,43834298
2023/1/18,sh.600061,6.34,6.49,6.32,6.41,32168201
2023/1/19,sh.600061,6.40,6.61,6.38,6.61,46912052
2023/1/20,sh.600061,6.62,6.63,6.48,6.55,40202881
2023/1/30,sh.600061,6.63,6.67,6.48,6.54,49344583
2023/1/31,sh.600061,6.55,6.61,6.46,6.49,33990373
2023/2/1,sh.600061,6.50,6.69,6.48,6.68,35913459
2023/2/2,sh.600061,6.76,6.77,6.55,6.57,48873319
2023/2/3,sh.600061,6.54,6.56,6.42,6.51,32726505
2023/2/6,sh.600061,6.46,6.49,6.41,6.44,20468321
2023/2/7,sh.600061,6.46,6.49,6.43,6.47,16173060
2023/2/8,sh.600061,6.48,6.51,6.38,6.39,16899970
2023/2/9,sh.600061,6.38,6.51,6.37,6.49,21390991
2023/2/10,sh.600061,6.49,6.50,6.46,6.48,14187277
2023/2/13,sh.600061,6.47,6.58,6.46,6.57,21911241
2023/2/14,sh.600061,6.57,6.60,6.53,6.60,16418865
2023/2/15,sh.600061,6.59,6.60,6.48,6.52,16995802
2023/2/16,sh.600061,6.53,6.64,6.41,6.45,31975770
2023/2/17,sh.600061,6.43,6.48,6.33,6.35,19994148
2023/2/20,sh.600061,6.41,6.65,6.39,6.62,34578405
2023/2/21,sh.600061,6.62,6.70,6.59,6.69,30541946
2023/2/22,sh.600061,6.68,6.74,6.63,6.66,20212095
2023/2/23,sh.600061,6.67,6.78,6.65,6.71,27489201
2023/2/24,sh.600061,6.72,6.73,6.63,6.66,19276035
2023/2/27,sh.600061,6.62,6.65,6.56,6.59,18250543
2023/2/28,sh.600061,6.63,6.74,6.60,6.70,52950736
2023/3/1,sh.600061,6.67,6.75,6.61,6.72,33199126
2023/3/2,sh.600061,6.71,6.73,6.66,6.70,20842876
2023/3/3,sh.600061,6.71,6.88,6.70,6.82,43237901
2023/3/6,sh.600061,6.84,6.86,6.71,6.72,29393803
2023/3/7,sh.600061,6.71,6.82,6.62,6.63,33241871
2023/3/8,sh.600061,6.61,6.65,6.57,6.64,17661211
2023/3/9,sh.600061,6.64,6.65,6.53,6.55,20066547
2023/3/10,sh.600061,6.51,6.53,6.36,6.37,34670106
2023/3/13,sh.600061,6.36,6.44,6.31,6.37,29767691
2023/3/14,sh.600061,6.36,6.36,6.19,6.25,39139417
2023/3/15,sh.600061,6.28,6.41,6.28,6.38,24720487
2023/3/16,sh.600061,6.33,6.40,6.31,6.32,19856076
2023/3/17,sh.600061,6.39,6.54,6.38,6.46,37060552
2023/3/20,sh.600061,6.46,6.54,6.42,6.45,27192233
2023/3/21,sh.600061,6.46,6.59,6.46,6.56,23385401
2023/3/22,sh.600061,6.59,6.61,6.52,6.56,18999171
2023/3/23,sh.600061,6.52,6.65,6.51,6.65,22151280
2023/3/24,sh.600061,6.63,6.66,6.56,6.59,22908333
2023/3/27,sh.600061,6.61,6.66,6.50,6.59,22978788
2023/3/28,sh.600061,6.62,6.64,6.54,6.60,21326772
2023/3/29,sh.600061,6.60,6.63,6.51,6.53,16695319
2023/3/30,sh.600061,6.55,6.71,6.46,6.64,34057080
2023/3/31,sh.600061,6.60,6.66,6.59,6.61,20810130
2023/4/3,sh.600061,6.58,6.80,6.58,6.76,39446784
2023/4/4,sh.600061,6.76,6.81,6.68,6.77,31948243
2023/4/6,sh.600061,6.75,6.90,6.71,6.89,42939395
2023/4/7,sh.600061,6.86,6.90,6.80,6.86,27383379
2023/4/10,sh.600061,6.90,6.92,6.81,6.82,30319104
2023/4/11,sh.600061,6.85,6.95,6.76,6.84,53844167
2023/4/12,sh.600061,6.85,6.87,6.79,6.84,28328740
2023/4/13,sh.600061,6.83,6.85,6.73,6.78,25991350
2023/4/14,sh.600061,6.81,6.84,6.73,6.76,18298844
2023/4/17,sh.600061,6.74,6.94,6.74,6.93,38566918
2023/4/18,sh.600061,6.93,6.98,6.86,6.88,28586411
2023/4/19,sh.600061,6.90,7.04,6.80,6.82,40236099
2023/4/20,sh.600061,6.83,6.86,6.74,6.84,25497728
2023/4/21,sh.600061,6.86,6.87,6.58,6.59,32012073
2023/4/24,sh.600061,6.61,6.65,6.52,6.55,22604834
2023/4/25,sh.600061,6.55,6.60,6.45,6.52,24768703
2023/4/26,sh.600061,6.53,6.57,6.46,6.51,20330579
2023/4/27,sh.600061,6.51,6.68,6.48,6.65,23359966
2023/4/28,sh.600061,6.68,6.98,6.62,6.92,48892547
2023/5/4,sh.600061,6.88,7.13,6.86,7.13,62226115
2023/5/5,sh.600061,7.13,7.31,7.11,7.20,67930882
2023/5/8,sh.600061,7.23,7.56,7.06,7.48,100899375
2023/5/9,sh.600061,7.57,8.14,7.48,7.68,197125674
2023/5/10,sh.600061,7.57,7.76,7.35,7.44,121489991
2023/5/11,sh.600061,7.48,7.57,7.32,7.36,49594299
2023/5/12,sh.600061,7.33,7.41,7.21,7.24,37784528
2023/5/15,sh.600061,7.23,7.36,7.03,7.31,54336848
2023/5/16,sh.600061,7.32,7.48,7.24,7.27,41870222
2023/5/17,sh.600061,7.21,7.32,7.12,7.23,30932675
2023/5/18,sh.600061,7.24,7.31,7.17,7.26,28117288
2023/5/19,sh.600061,7.25,7.25,7.06,7.10,31875446
2023/5/22,sh.600061,7.09,7.13,6.99,7.04,25037038
2023/5/23,sh.600061,7.06,7.09,6.90,6.91,25124478
2023/5/24,sh.600061,6.88,6.91,6.76,6.78,27726506
2023/5/25,sh.600061,6.76,6.81,6.71,6.80,22855372
2023/5/26,sh.600061,6.82,6.93,6.76,6.91,25549428
2023/5/29,sh.600061,6.93,6.97,6.86,6.90,21744996
2023/5/30,sh.600061,6.90,6.96,6.84,6.93,19736161
2023/5/31,sh.600061,6.90,7.17,6.89,7.04,45035206
2023/6/1,sh.600061,7.01,7.06,6.95,6.98,30654781
2023/6/2,sh.600061,7.03,7.03,6.96,6.98,22237621
2023/6/5,sh.600061,6.98,7.04,6.95,7.00,16954644
2023/6/6,sh.600061,7.00,7.19,6.93,6.95,38515352
2023/6/7,sh.600061,6.94,7.12,6.93,7.04,27320350
2023/6/8,sh.600061,7.04,7.17,6.99,7.10,29243161
2023/6/9,sh.600061,7.11,7.12,6.95,7.03,27959250
2023/6/12,sh.600061,6.98,7.05,6.78,6.94,30399677
2023/6/13,sh.600061,6.91,7.01,6.90,6.99,15290957
2023/6/14,sh.600061,6.96,7.07,6.89,6.92,22802997
2023/6/15,sh.600061,6.94,7.00,6.85,6.94,23483380
2023/6/16,sh.600061,6.96,7.18,6.94,7.10,30501122
2023/6/19,sh.600061,7.10,7.11,6.96,6.99,22726351
2023/6/20,sh.600061,6.99,7.02,6.88,6.89,18679125
2023/6/21,sh.600061,6.88,6.91,6.78,6.80,18558992
2023/6/26,sh.600061,6.77,6.77,6.57,6.59,24149314
2023/6/27,sh.600061,6.58,6.73,6.58,6.71,16760358
2023/6/28,sh.600061,6.72,6.85,6.66,6.81,16965609
2023/6/29,sh.600061,6.81,6.86,6.76,6.84,11555966
2023/6/30,sh.600061,6.83,6.92,6.81,6.86,15302698
2023/7/3,sh.600061,6.86,7.00,6.85,6.98,20274148
2023/7/4,sh.600061,6.97,7.01,6.88,6.93,17283363
2023/7/5,sh.600061,6.90,6.94,6.84,6.84,16619259
2023/7/6,sh.600061,6.82,6.92,6.80,6.82,13552450
2023/7/7,sh.600061,6.82,6.92,6.79,6.89,14219361
2023/7/10,sh.600061,6.92,6.97,6.86,6.88,13778592
2023/7/11,sh.600061,6.89,6.96,6.88,6.94,11090658
2023/7/12,sh.600061,6.94,6.98,6.85,6.87,11780808
2023/7/13,sh.600061,6.92,7.04,6.89,7.01,22201406
2023/7/14,sh.600061,7.03,7.10,7.00,7.05,19218810
2023/7/17,sh.600061,7.03,7.07,6.97,7.05,16580226
2023/7/18,sh.600061,7.04,7.10,7.02,7.07,11633760
2023/7/19,sh.600061,7.07,7.17,7.05,7.17,22268378
2023/7/20,sh.600061,7.18,7.20,7.02,7.04,20840673
2023/7/21,sh.600061,7.05,7.11,7.01,7.06,11254511
2023/7/24,sh.600061,7.05,7.11,7.01,7.06,10027073
2023/7/25,sh.600061,7.23,7.37,7.17,7.32,52502962
2023/7/26,sh.600061,7.31,7.34,7.22,7.29,23559694
2023/7/27,sh.600061,7.28,7.31,7.15,7.18,26107764
2023/7/28,sh.600061,7.18,7.64,7.15,7.61,86361281
2023/7/31,sh.600061,7.65,7.77,7.59,7.60,86670197
2023/8/1,sh.600061,7.50,7.69,7.47,7.60,48021369
2023/8/2,sh.600061,7.58,7.72,7.55,7.61,35118509
2023/8/3,sh.600061,7.66,7.85,7.53,7.79,61736129
2023/8/4,sh.600061,7.92,8.16,7.84,7.97,116687488
2023/8/7,sh.600061,7.84,7.92,7.76,7.90,46847957
2023/8/8,sh.600061,7.83,7.96,7.61,7.86,60421280
2023/8/9,sh.600061,7.81,7.89,7.75,7.80,36013145
2023/8/10,sh.600061,7.84,7.91,7.78,7.90,40843680
2023/8/11,sh.600061,7.86,7.86,7.64,7.64,52146623
2023/8/14,sh.600061,7.52,7.68,7.46,7.61,29389730
2023/8/15,sh.600061,7.59,7.66,7.51,7.64,30135291
2023/8/16,sh.600061,7.56,7.80,7.51,7.66,34430450
2023/8/17,sh.600061,7.64,7.69,7.53,7.66,32027529
2023/8/18,sh.600061,7.66,7.74,7.52,7.52,27082903
2023/8/21,sh.600061,7.50,7.59,7.31,7.33,30596791
2023/8/22,sh.600061,7.41,7.44,7.30,7.41,26275256
2023/8/23,sh.600061,7.40,7.40,7.23,7.25,20045250
2023/8/24,sh.600061,7.27,7.38,7.22,7.32,22940461
2023/8/25,sh.600061,7.24,7.37,7.23,7.30,21965164
2023/8/28,sh.600061,8.02,8.03,7.54,7.58,95108511
2023/8/29,sh.600061,7.55,7.62,7.30,7.45,54967071
2023/8/30,sh.600061,7.40,7.40,7.23,7.23,36121745
2023/8/31,sh.600061,7.17,7.21,7.02,7.07,36054805
2023/9/1,sh.600061,7.07,7.10,6.97,7.02,22072556
2023/9/4,sh.600061,7.04,7.10,6.99,7.07,25182172
2023/9/5,sh.600061,7.08,7.08,6.94,6.95,23851376
2023/9/6,sh.600061,6.94,6.96,6.85,6.87,28411691
2023/9/7,sh.600061,6.88,6.92,6.83,6.83,22216002
2023/9/8,sh.600061,6.84,6.92,6.80,6.91,15865604
2023/9/11,sh.600061,6.96,7.01,6.87,6.95,26462282
2023/9/12,sh.600061,6.94,6.97,6.90,6.91,13830445
2023/9/13,sh.600061,6.90,6.92,6.81,6.84,12877828
2023/9/14,sh.600061,6.84,6.88,6.81,6.85,15700788
2023/9/15,sh.600061,6.86,6.90,6.77,6.78,24821922
2023/9/18,sh.600061,6.78,6.81,6.74,6.80,15672078
2023/9/19,sh.600061,6.81,6.84,6.76,6.78,15740378
2023/9/20,sh.600061,6.75,6.77,6.72,6.73,16398001
2023/9/21,sh.600061,6.72,6.79,6.69,6.70,14702023
2023/9/22,sh.600061,6.68,6.83,6.68,6.83,26483057
2023/9/25,sh.600061,6.79,6.80,6.71,6.73,18482947
2023/9/26,sh.600061,6.73,6.77,6.70,6.71,15602221
2023/9/27,sh.600061,6.71,6.77,6.67,6.69,20956776
2023/9/28,sh.600061,6.69,6.72,6.64,6.64,19269371
2023/10/9,sh.600061,6.62,6.63,6.56,6.59,21775594
2023/10/10,sh.600061,6.62,6.65,6.52,6.53,17176279
2023/10/11,sh.600061,6.55,6.57,6.44,6.46,20633457
2023/10/12,sh.600061,6.53,6.55,6.48,6.54,24861005
2023/10/13,sh.600061,6.50,6.51,6.43,6.45,21995449
2023/10/16,sh.600061,6.43,6.48,6.41,6.43,18529209
2023/10/17,sh.600061,6.46,6.57,6.44,6.52,23136139
2023/10/18,sh.600061,6.54,6.57,6.49,6.51,21976144
2023/10/19,sh.600061,6.47,6.56,6.45,6.46,20132920
2023/10/20,sh.600061,6.42,6.51,6.42,6.44,18501989
2023/10/23,sh.600061,6.43,6.44,6.25,6.29,21934026
2023/10/24,sh.600061,6.29,6.50,6.29,6.48,25007436
2023/10/25,sh.600061,6.54,6.56,6.49,6.50,23083787
2023/10/26,sh.600061,6.49,6.55,6.45,6.54,16764125
2023/10/27,sh.600061,6.51,6.55,6.47,6.53,24041888
2023/10/30,sh.600061,6.56,6.62,6.52,6.59,35445564
2023/10/31,sh.600061,6.59,6.64,6.57,6.58,23538118
2023/11/1,sh.600061,6.63,6.65,6.57,6.58,23151452
2023/11/2,sh.600061,6.58,6.62,6.52,6.52,25087619
2023/11/3,sh.600061,6.54,6.59,6.50,6.54,24777480
2023/11/6,sh.600061,6.67,6.80,6.64,6.79,51526633
2023/11/7,sh.600061,6.77,6.89,6.74,6.86,43684910
2023/11/8,sh.600061,6.85,6.87,6.75,6.80,28860727
2023/11/9,sh.600061,6.79,6.84,6.77,6.81,21437494
2023/11/10,sh.600061,6.81,6.84,6.78,6.82,19618580
2023/11/13,sh.600061,6.83,6.84,6.74,6.78,23702631
2023/11/14,sh.600061,6.81,6.94,6.77,6.87,34088401
2023/11/15,sh.600061,6.98,7.00,6.84,6.86,31108552
2023/11/16,sh.600061,6.86,6.90,6.81,6.81,21903295
2023/11/17,sh.600061,6.84,6.86,6.81,6.85,19749364
2023/11/20,sh.600061,6.85,6.86,6.76,6.82,20427775
2023/11/21,sh.600061,6.84,6.92,6.82,6.83,21336322
2023/11/22,sh.600061,6.80,6.85,6.76,6.76,18034926
2023/11/23,sh.600061,6.78,6.81,6.73,6.81,19546416
2023/11/24,sh.600061,6.80,6.81,6.74,6.74,12753020
2023/11/27,sh.600061,6.72,6.74,6.65,6.70,16945858
2023/11/28,sh.600061,6.69,6.71,6.65,6.68,13791507
2023/11/29,sh.600061,6.70,6.70,6.61,6.61,16145597
2023/11/30,sh.600061,6.61,6.68,6.57,6.65,17829216
2023/12/1,sh.600061,6.63,6.76,6.63,6.76,19301335
2023/12/4,sh.600061,6.74,6.79,6.71,6.71,15242805
2023/12/5,sh.600061,6.71,6.72,6.58,6.60,19152484
2023/12/6,sh.600061,6.57,6.65,6.57,6.59,16297274
2023/12/7,sh.600061,6.61,6.72,6.58,6.69,17448224
2023/12/8,sh.600061,6.69,6.71,6.61,6.62,17620400
2023/12/11,sh.600061,6.65,6.75,6.49,6.74,29488540
2023/12/12,sh.600061,6.73,6.74,6.66,6.70,18761042
2023/12/13,sh.600061,6.71,6.74,6.66,6.66,16402248
2023/12/14,sh.600061,6.70,6.72,6.65,6.65,13302968
2023/12/15,sh.600061,6.69,6.73,6.63,6.64,17486240
2023/12/18,sh.600061,6.65,6.67,6.55,6.57,16139645
2023/12/19,sh.600061,6.57,6.59,6.49,6.53,17311868
2023/12/20,sh.600061,6.53,6.54,6.40,6.40,19111266
2023/12/21,sh.600061,6.40,6.48,6.34,6.44,19767204
2023/12/22,sh.600061,6.45,6.49,6.41,6.45,16324907
2023/12/25,sh.600061,6.45,6.49,6.42,6.46,13201712
2023/12/26,sh.600061,6.43,6.46,6.33,6.35,11464588
2023/12/27,sh.600061,6.33,6.44,6.30,6.42,15850430
2023/12/28,sh.600061,6.38,6.55,6.37,6.52,23227483
2023/12/29,sh.600061,6.52,6.54,6.48,6.50,19819899
2024/1/2,sh.600061,6.49,6.53,6.44,6.45,22776519
2024/1/3,sh.600061,6.44,6.51,6.40,6.47,23472286
2024/1/4,sh.600061,6.45,6.46,6.31,6.35,20489915
2024/1/5,sh.600061,6.35,6.42,6.30,6.31,19762003
2024/1/8,sh.600061,6.32,6.35,6.20,6.20,21362704
2024/1/9,sh.600061,6.22,6.30,6.18,6.25,21564656
2024/1/10,sh.600061,6.25,6.29,6.18,6.24,16562463
2024/1/11,sh.600061,6.22,6.31,6.20,6.28,15215928
2024/1/12,sh.600061,6.27,6.30,6.24,6.25,13021346
2024/1/15,sh.600061,6.25,6.30,6.20,6.24,12494225
2024/1/16,sh.600061,6.25,6.30,6.18,6.28,15381042
2024/1/17,sh.600061,6.28,6.34,6.22,6.24,20704434
2024/1/18,sh.600061,6.20,6.24,5.99,6.20,34460293
2024/1/19,sh.600061,6.18,6.18,6.08,6.12,21338760
2024/1/22,sh.600061,6.12,6.16,5.85,5.92,26863375
2024/1/23,sh.600061,5.89,6.09,5.82,6.07,25166961
2024/1/24,sh.600061,6.09,6.46,6.00,6.41,60818670
2024/1/25,sh.600061,6.30,6.63,6.27,6.57,76970837
2024/1/26,sh.600061,6.53,7.17,6.48,6.73,104246762
2024/1/29,sh.600061,6.73,6.83,6.54,6.57,80485058
2024/1/30,sh.600061,6.46,6.65,6.44,6.44,50399497
2024/1/31,sh.600061,6.41,6.60,6.34,6.44,55835950
2024/2/1,sh.600061,6.38,6.51,6.20,6.28,60554995
2024/2/2,sh.600061,6.28,6.33,5.92,6.12,51738886
2024/2/5,sh.600061,6.06,6.07,5.71,5.92,61757373
2024/2/6,sh.600061,5.83,6.30,5.78,6.28,56441707
2024/2/7,sh.600061,6.27,6.41,6.25,6.37,58279232
2024/2/8,sh.600061,6.47,6.52,6.37,6.46,60245143
2024/2/19,sh.600061,6.41,6.42,6.24,6.39,42319712
2024/2/20,sh.600061,6.36,6.50,6.33,6.46,43177507
2024/2/21,sh.600061,6.41,6.63,6.35,6.50,55678237
2024/2/22,sh.600061,6.46,6.62,6.44,6.58,40374975
2024/2/23,sh.600061,6.57,6.65,6.54,6.60,37287332
2024/2/26,sh.600061,6.58,6.60,6.51,6.51,31538580
2024/2/27,sh.600061,6.54,6.59,6.50,6.59,32231065
2024/2/28,sh.600061,6.63,6.78,6.51,6.51,67403964
2024/2/29,sh.600061,6.49,6.65,6.48,6.65,42697603
2024/3/1,sh.600061,6.65,6.70,6.59,6.67,38553944
2024/3/4,sh.600061,6.65,6.66,6.54,6.57,30204465
2024/3/5,sh.600061,6.54,6.57,6.48,6.50,27128268
2024/3/6,sh.600061,6.50,6.57,6.44,6.50,25531250
2024/3/7,sh.600061,6.50,6.57,6.45,6.48,28782113
2024/3/8,sh.600061,6.48,6.50,6.42,6.46,18427434
2024/3/11,sh.600061,6.45,6.54,6.44,6.54,24408342
2024/3/12,sh.600061,6.56,6.57,6.50,6.57,30789998
2024/3/13,sh.600061,6.54,6.56,6.45,6.47,23822232
2024/3/14,sh.600061,6.46,6.50,6.39,6.44,20497788
2024/3/15,sh.600061,6.42,6.48,6.38,6.48,17000342
2024/3/18,sh.600061,6.51,6.63,6.49,6.58,35900421
2024/3/19,sh.600061,6.57,6.57,6.48,6.48,21580925
2024/3/20,sh.600061,6.48,6.51,6.44,6.49,17472122
2024/3/21,sh.600061,6.50,6.56,6.47,6.50,23398621
2024/3/22,sh.600061,6.49,6.49,6.36,6.37,26102345
2024/3/25,sh.600061,6.33,6.35,6.24,6.26,22514808
2024/3/26,sh.600061,6.24,6.30,6.21,6.28,17663973
2024/3/27,sh.600061,6.26,6.29,6.13,6.14,18801552
2024/3/28,sh.600061,6.14,6.23,6.13,6.16,17892425
2024/3/29,sh.600061,6.17,6.26,6.13,6.25,19504824
2024/4/1,sh.600061,6.24,6.30,6.22,6.28,32162627
2024/4/2,sh.600061,6.27,6.29,6.20,6.21,24295721
2024/4/3,sh.600061,6.20,6.22,6.15,6.15,16297068
2024/4/8,sh.600061,6.12,6.12,6.01,6.01,22855011
2024/4/9,sh.600061,6.03,6.05,5.99,6.02,16402874
2024/4/10,sh.600061,6.02,6.02,5.86,5.89,23877112
2024/4/11,sh.600061,5.86,5.97,5.85,5.90,18328085
2024/4/12,sh.600061,5.90,5.93,5.76,5.76,22437655
2024/4/15,sh.600061,5.91,6.14,5.89,6.01,69734963
2024/4/16,sh.600061,6.02,6.15,5.96,5.99,57628086
2024/4/17,sh.600061,5.99,6.06,5.83,6.05,44523863
2024/4/18,sh.600061,6.01,6.15,5.99,6.06,44286557
2024/4/19,sh.600061,6.03,6.08,6.02,6.03,24566873
2024/4/22,sh.600061,6.03,6.07,5.98,5.99,22079856
2024/4/23,sh.600061,5.98,6.03,5.94,5.97,18965226
2024/4/24,sh.600061,5.98,5.99,5.93,5.96,17452276
2024/4/25,sh.600061,5.94,6.00,5.92,5.95,16688184
2024/4/26,sh.600061,6.10,6.28,6.02,6.27,71145601
2024/4/29,sh.600061,6.25,6.43,6.23,6.36,64530727
2024/4/30,sh.600061,6.28,6.31,6.15,6.17,44427376
2024/5/6,sh.600061,6.27,6.34,6.20,6.24,34360953
2024/5/7,sh.600061,6.22,6.25,6.17,6.20,21114362
2024/5/8,sh.600061,6.19,6.20,6.10,6.11,17982590
2024/5/9,sh.600061,6.11,6.18,6.10,6.16,19533104
2024/5/10,sh.600061,6.17,6.24,6.14,6.21,24647981
2024/5/13,sh.600061,6.18,6.25,6.12,6.20,26753748
2024/5/14,sh.600061,6.22,6.22,6.13,6.20,21934628
2024/5/15,sh.600061,6.21,6.23,6.06,6.07,27283682
2024/5/16,sh.600061,6.09,6.13,6.06,6.06,16541771
2024/5/17,sh.600061,6.06,6.17,6.06,6.16,21648053
2024/5/20,sh.600061,6.15,6.23,6.14,6.17,22476130
2024/5/21,sh.600061,6.16,6.17,6.09,6.11,15258389
2024/5/22,sh.600061,6.10,6.19,6.09,6.16,19447173
2024/5/23,sh.600061,6.15,6.15,6.03,6.03,22315960
2024/5/24,sh.600061,6.03,6.05,5.98,5.98,13953980
2024/5/27,sh.600061,5.99,6.02,5.94,6.00,15335335
2024/5/28,sh.600061,6.00,6.02,5.94,5.95,12391981
2024/5/29,sh.600061,5.95,6.01,5.93,5.95,11462446
2024/5/30,sh.600061,5.94,5.96,5.92,5.95,10562644
2024/5/31,sh.600061,5.97,6.01,5.93,5.93,14732883
2024/6/3,sh.600061,5.91,5.92,5.81,5.86,23033500
2024/6/4,sh.600061,5.88,5.91,5.83,5.88,17460660
2024/6/5,sh.600061,5.87,5.89,5.82,5.82,15922921
2024/6/6,sh.600061,5.84,5.84,5.74,5.76,19785039
2024/6/7,sh.600061,5.77,5.80,5.68,5.76,16979302
2024/6/11,sh.600061,5.71,5.79,5.70,5.76,12560858
2024/6/12,sh.600061,5.76,5.78,5.74,5.76,10447640
2024/6/13,sh.600061,5.76,5.76,5.70,5.72,14719251
2024/6/14,sh.600061,5.72,5.77,5.49,5.76,52147426
2024/6/17,sh.600061,5.69,5.74,5.61,5.72,24040337
2024/6/18,sh.600061,5.69,5.79,5.69,5.78,19923340
2024/6/19,sh.600061,5.78,5.81,5.72,5.73,12466758
2024/6/20,sh.600061,5.72,5.74,5.62,5.62,14223332
2024/6/21,sh.600061,5.64,5.67,5.61,5.62,14251616
2024/6/24,sh.600061,5.61,5.62,5.51,5.51,15919620
2024/6/25,sh.600061,5.52,5.54,5.41,5.47,16848647
2024/6/26,sh.600061,5.45,5.54,5.44,5.52,12890212
2024/6/27,sh.600061,5.52,5.57,5.50,5.51,12094976
2024/6/28,sh.600061,5.51,5.57,5.43,5.45,20993045
2024/7/1,sh.600061,5.45,5.47,5.35,5.46,15073580
2024/7/2,sh.600061,5.46,5.51,5.44,5.47,12005697
2024/7/3,sh.600061,5.50,5.53,5.48,5.51,12927796
2024/7/4,sh.600061,5.53,5.55,5.38,5.40,16269589
2024/7/5,sh.600061,5.42,5.46,5.36,5.42,12220785
2024/7/8,sh.600061,5.42,5.42,5.26,5.29,16404219
2024/7/9,sh.600061,5.31,5.40,5.23,5.39,15846909
2024/7/10,sh.600061,5.37,5.47,5.35,5.39,10511815
2024/7/11,sh.600061,5.45,5.49,5.42,5.47,13342712
2024/7/12,sh.600061,5.46,5.52,5.46,5.50,11099299
2024/7/15,sh.600061,5.50,5.55,5.46,5.53,11827670
2024/7/16,sh.600061,5.54,5.62,5.53,5.61,13840006
2024/7/17,sh.600061,5.59,5.66,5.59,5.64,16266191
2024/7/18,sh.600061,5.63,5.68,5.55,5.66,18589493
2024/7/19,sh.600061,5.66,5.70,5.61,5.67,16171962
2024/7/22,sh.600061,5.72,5.74,5.65,5.69,16682898
2024/7/23,sh.600061,5.72,5.72,5.58,5.60,13623231
2024/7/24,sh.600061,5.60,5.64,5.56,5.59,13940836
2024/7/25,sh.600061,5.59,5.68,5.56,5.66,15364496
2024/7/26,sh.600061,5.69,5.77,5.65,5.75,14800032
2024/7/29,sh.600061,5.75,5.79,5.70,5.74,13736538
2024/7/30,sh.600061,5.75,5.78,5.71,5.73,10761437
2024/7/31,sh.600061,5.75,6.00,5.75,5.91,56497717
2024/8/1,sh.600061,5.89,5.91,5.84,5.85,28025104
2024/8/2,sh.600061,5.82,5.86,5.74,5.74,18191478
2024/8/5,sh.600061,5.73,5.80,5.67,5.67,21130980
2024/8/6,sh.600061,5.75,5.75,5.66,5.71,13186944
2024/8/7,sh.600061,5.72,5.72,5.64,5.66,12729793
2024/8/8,sh.600061,5.65,5.76,5.64,5.68,14834992
2024/8/9,sh.600061,5.70,5.73,5.65,5.65,14177227
2024/8/12,sh.600061,5.62,5.67,5.61,5.65,10968543
2024/8/13,sh.600061,5.64,5.70,5.61,5.69,10580353
2024/8/14,sh.600061,5.69,5.73,5.67,5.69,10744948
2024/8/15,sh.600061,5.65,5.78,5.65,5.77,15139966
2024/8/16,sh.600061,5.75,5.78,5.69,5.71,14846640
2024/8/19,sh.600061,5.70,5.76,5.67,5.72,12196684
2024/8/20,sh.600061,5.72,5.74,5.65,5.67,13575792
2024/8/21,sh.600061,5.67,5.69,5.58,5.59,11876203
2024/8/22,sh.600061,5.63,5.63,5.49,5.52,13982068
2024/8/23,sh.600061,5.50,5.56,5.47,5.53,12542370
2024/8/26,sh.600061,5.53,5.56,5.50,5.53,12040520
2024/8/27,sh.600061,5.52,5.53,5.46,5.52,9656977
2024/8/28,sh.600061,5.53,5.56,5.49,5.52,11738164
2024/8/29,sh.600061,5.51,5.55,5.46,5.47,17168300
2024/8/30,sh.600061,5.53,5.76,5.50,5.71,38866516
2024/9/2,sh.600061,5.66,5.70,5.53,5.55,24590634
2024/9/3,sh.600061,5.54,5.64,5.54,5.60,14110112
2024/9/4,sh.600061,5.56,5.67,5.56,5.57,13679147
2024/9/5,sh.600061,5.57,5.67,5.56,5.66,17023198
2024/9/6,sh.600061,5.78,5.80,5.63,5.65,27322324
2024/9/9,sh.600061,5.60,5.77,5.59,5.67,25491743
2024/9/10,sh.600061,5.68,5.70,5.53,5.64,17796479
2024/9/11,sh.600061,5.61,5.67,5.57,5.61,12508274
2024/9/12,sh.600061,5.60,5.66,5.59,5.64,11068168
2024/9/13,sh.600061,5.65,5.72,5.63,5.64,13413130
2024/9/18,sh.600061,5.64,5.73,5.59,5.71,17477939
2024/9/19,sh.600061,5.73,5.86,5.68,5.82,29465643
2024/9/20,sh.600061,5.81,5.88,5.78,5.86,21234979
2024/9/23,sh.600061,5.85,5.91,5.82,5.84,12457416
2024/9/24,sh.600061,5.89,6.15,5.85,6.11,56393625
2024/9/25,sh.600061,6.29,6.71,6.29,6.70,194425882
2024/9/26,sh.600061,6.44,6.97,6.40,6.93,184952186
2024/9/27,sh.600061,7.03,7.43,6.85,7.29,139957548
2024/9/30,sh.600061,7.91,8.02,7.58,8.02,205327457
2024/10/8,sh.600061,8.83,8.83,8.34,8.83,191525985
2024/10/9,sh.600061,8.61,8.83,7.94,7.94,231533127
2024/10/10,sh.600061,7.95,8.10,7.43,7.63,140570779
2024/10/11,sh.600061,7.49,7.68,7.32,7.39,89579064
2024/10/14,sh.600061,7.51,7.69,7.23,7.65,103704393
2024/10/15,sh.600061,7.52,7.60,7.29,7.29,78342225
2024/10/16,sh.600061,7.18,7.46,7.16,7.31,61428985
2024/10/17,sh.600061,7.32,7.44,7.20,7.21,57871964
2024/10/18,sh.600061,7.18,7.82,7.17,7.53,116343218
2024/10/21,sh.600061,7.40,7.49,7.35,7.43,79449700
2024/10/22,sh.600061,7.42,7.47,7.35,7.42,49193741
2024/10/23,sh.600061,7.45,7.50,7.34,7.37,67451680
2024/10/24,sh.600061,7.36,7.40,7.30,7.37,41694651
2024/10/25,sh.600061,7.35,7.53,7.35,7.44,55754564
2024/10/28,sh.600061,7.44,7.54,7.41,7.53,55614389
2024/10/29,sh.600061,7.57,7.68,7.44,7.46,68857875
2024/10/30,sh.600061,7.44,7.51,7.31,7.39,52168025
2024/10/31,sh.600061,7.37,7.91,7.32,7.80,150730920
2024/11/1,sh.600061,7.79,7.96,7.57,7.69,114276927
2024/11/4,sh.600061,7.83,7.97,7.73,7.97,91202079
2024/11/5,sh.600061,7.98,8.36,7.87,8.24,137371907
2024/11/6,sh.600061,8.26,8.33,8.02,8.06,128841219
2024/11/7,sh.600061,7.92,8.53,7.87,8.46,148955504
2024/11/8,sh.600061,8.65,8.65,8.17,8.20,115264169
2024/11/11,sh.600061,8.11,8.18,8.02,8.14,71598761
2024/11/12,sh.600061,8.16,8.22,7.85,7.89,81786982
2024/11/13,sh.600061,7.85,7.99,7.82,7.95,64055526
2024/11/14,sh.600061,7.93,8.17,7.89,7.92,77192087
2024/11/15,sh.600061,7.92,7.97,7.64,7.66,70477996
2024/11/18,sh.600061,7.71,7.89,7.59,7.69,54839353
2024/11/19,sh.600061,7.68,7.84,7.64,7.83,46461153
2024/11/20,sh.600061,7.78,7.86,7.71,7.80,40497992
2024/11/21,sh.600061,7.80,7.86,7.72,7.80,40365458
2024/11/22,sh.600061,7.79,7.80,7.35,7.37,67257394
2024/11/25,sh.600061,7.40,7.43,7.23,7.34,35551075
2024/11/26,sh.600061,7.32,7.46,7.32,7.35,26501218
2024/11/27,sh.600061,7.35,7.51,7.26,7.50,35628907
2024/11/28,sh.600061,7.50,7.56,7.45,7.47,31528368
2024/11/29,sh.600061,7.48,7.76,7.44,7.59,51954568
2024/12/2,sh.600061,7.56,7.69,7.55,7.67,45027856
2024/12/3,sh.600061,7.74,8.04,7.70,7.93,109356529
2024/12/4,sh.600061,7.88,7.91,7.63,7.69,76137017
2024/12/5,sh.600061,7.69,7.81,7.67,7.77,44695616
2024/12/6,sh.600061,7.77,7.93,7.70,7.87,50824828
2024/12/9,sh.600061,7.84,7.90,7.71,7.79,37125320
2024/12/10,sh.600061,8.13,8.16,7.80,7.81,73625416
2024/12/11,sh.600061,7.84,7.99,7.82,7.89,52506797
2024/12/12,sh.600061,7.89,8.05,7.80,7.98,53704515
2024/12/13,sh.600061,7.90,7.93,7.71,7.74,59482328
2024/12/16,sh.600061,7.74,7.75,7.58,7.64,36041962
2024/12/17,sh.600061,7.62,7.68,7.56,7.61,28975349
2024/12/18,sh.600061,7.66,7.86,7.63,7.65,45075959
2024/12/19,sh.600061,7.53,7.59,7.47,7.56,45788686
2024/12/20,sh.600061,7.56,7.74,7.53,7.67,35331129
2024/12/23,sh.600061,7.64,7.70,7.49,7.51,29558790
2024/12/24,sh.600061,7.54,7.72,7.52,7.70,44056446
2024/12/25,sh.600061,7.68,7.69,7.55,7.62,27216355
2024/12/26,sh.600061,7.60,7.66,7.58,7.61,18676756
2024/12/27,sh.600061,7.62,7.78,7.60,7.68,36761921
2024/12/30,sh.600061,7.66,7.75,7.63,7.74,29655550
2024/12/31,sh.600061,7.73,7.76,7.39,7.39,50219368
2025/1/2,sh.600061,7.40,7.40,6.97,7.05,45112796
2025/1/3,sh.600061,7.10,7.13,6.87,6.90,31797597
2025/1/6,sh.600061,6.88,6.95,6.84,6.91,22040192
2025/1/7,sh.600061,6.94,6.96,6.86,6.95,20099072
2025/1/8,sh.600061,6.93,6.93,6.72,6.86,29029134
2025/1/9,sh.600061,6.86,6.90,6.80,6.81,15948173
2025/1/10,sh.600061,6.81,6.87,6.68,6.69,19883692
2025/1/13,sh.600061,6.64,6.75,6.61,6.70,20879120
2025/1/14,sh.600061,6.71,6.92,6.70,6.91,35714560
2025/1/15,sh.600061,6.87,6.96,6.83,6.94,29214684
2025/1/16,sh.600061,6.97,7.10,6.90,6.95,24221259
2025/1/17,sh.600061,6.96,7.03,6.92,6.96,17643019
2025/1/20,sh.600061,7.03,7.08,6.95,6.99,21013431
2025/1/21,sh.600061,7.02,7.04,6.93,6.98,20429240
2025/1/22,sh.600061,6.97,7.00,6.88,7.00,19291017
2025/1/23,sh.600061,7.08,7.27,7.05,7.08,39774399
2025/1/24,sh.600061,7.06,7.17,7.05,7.12,24642956
2025/1/27,sh.600061,7.15,7.20,6.97,6.98,23678712
2025/2/5,sh.600061,7.00,7.06,6.93,6.96,21487601
2025/2/6,sh.600061,6.96,7.08,6.91,7.08,23170048
2025/2/7,sh.600061,7.07,7.29,7.05,7.21,39069236
2025/2/10,sh.600061,7.20,7.28,7.19,7.24,22140105
2025/2/11,sh.600061,7.24,7.24,7.11,7.17,19556560
2025/2/12,sh.600061,7.15,7.26,7.13,7.26,25114944
2025/2/13,sh.600061,7.27,7.30,7.18,7.21,27344453
2025/2/14,sh.600061,7.19,7.28,7.17,7.26,24051240
2025/2/17,sh.600061,7.33,7.37,7.24,7.28,32382595
2025/2/18,sh.600061,7.25,7.26,7.04,7.08,29250536
2025/2/19,sh.600061,7.07,7.18,7.06,7.14,23020904
2025/2/20,sh.600061,7.14,7.14,7.07,7.08,18484945
2025/2/21,sh.600061,7.08,7.27,7.02,7.23,35277434
2025/2/24,sh.600061,7.23,7.28,7.15,7.21,30890868
2025/2/25,sh.600061,7.17,7.18,7.05,7.06,25425489
2025/2/26,sh.600061,7.08,7.21,7.05,7.20,31516464
2025/2/27,sh.600061,7.17,7.25,7.09,7.22,35665652
2025/2/28,sh.600061,7.22,7.29,6.98,6.98,38864711
2025/3/3,sh.600061,7.02,7.11,6.99,7.02,31123578
2025/3/4,sh.600061,6.99,7.11,6.98,7.08,17912835
2025/3/5,sh.600061,7.08,7.11,6.99,7.07,19732966
2025/3/6,sh.600061,7.11,7.22,7.07,7.21,35115121
2025/3/7,sh.600061,7.17,7.19,7.06,7.09,26654775
2025/3/10,sh.600061,7.06,7.08,6.96,6.99,26544106
2025/3/11,sh.600061,6.93,6.98,6.91,6.98,24588348
2025/3/12,sh.600061,6.99,7.09,6.97,7.01,29303937
2025/3/13,sh.600061,7.01,7.05,6.93,6.99,20567554
2025/3/14,sh.600061,7.00,7.26,6.98,7.24,68495126
2025/3/17,sh.600061,7.27,7.28,7.16,7.18,31514294
2025/3/18,sh.600061,7.22,7.24,7.14,7.17,18611614
2025/3/19,sh.600061,7.16,7.22,7.15,7.18,18399633
2025/3/20,sh.600061,7.19,7.20,7.13,7.15,17657916
2025/3/21,sh.600061,7.12,7.19,6.99,7.01,30662115
2025/3/24,sh.600061,7.01,7.03,6.94,7.01,21072614
2025/3/25,sh.600061,7.00,7.07,6.97,7.05,21833949
2025/3/26,sh.600061,7.04,7.08,7.01,7.05,14927554
2025/3/27,sh.600061,7.04,7.17,7.01,7.13,21877571
2025/3/28,sh.600061,7.12,7.17,7.10,7.16,25794164
2025/3/31,sh.600061,7.12,7.16,6.91,6.95,39925262
2025/4/1,sh.600061,6.95,7.01,6.92,6.95,22185352
2025/4/2,sh.600061,6.95,7.00,6.92,6.98,16512947
2025/4/3,sh.600061,6.94,7.04,6.94,7.00,23796766
2025/4/7,sh.600061,6.70,6.73,6.30,6.31,57503230
2025/4/8,sh.600061,6.35,6.43,6.29,6.42,44078607
2025/4/9,sh.600061,6.39,6.70,6.31,6.65,51968599
2025/4/10,sh.600061,6.71,6.82,6.64,6.77,42809020
2025/4/11,sh.600061,6.73,6.77,6.68,6.71,25473643
2025/4/14,sh.600061,6.73,6.76,6.68,6.71,27053739
2025/4/15,sh.600061,6.72,6.72,6.62,6.69,16756293
2025/4/16,sh.600061,6.66,6.70,6.58,6.68,21963477
2025/4/17,sh.600061,6.66,6.70,6.64,6.67,15120472
2025/4/18,sh.600061,6.66,6.74,6.64,6.71,20853384
2025/4/21,sh.600061,6.70,6.76,6.68,6.73,14954172
2025/4/22,sh.600061,6.74,6.87,6.73,6.81,28343593
2025/4/23,sh.600061,6.83,6.84,6.72,6.74,23925226
2025/4/24,sh.600061,6.73,6.76,6.66,6.70,22418468
2025/4/25,sh.600061,6.73,6.78,6.71,6.75,21502185
2025/4/28,sh.600061,6.74,6.74,6.68,6.71,18314307
2025/4/29,sh.600061,6.70,6.75,6.69,6.71,16950768
2025/4/30,sh.600061,6.72,6.79,6.71,6.72,19970026
2025/5/6,sh.600061,6.76,6.86,6.76,6.86,32857826
2025/5/7,sh.600061,6.98,7.08,6.88,6.90,30434720
2025/5/8,sh.600061,6.88,6.94,6.86,6.91,16784313
2025/5/9,sh.600061,6.92,6.92,6.83,6.86,16903364
2025/5/12,sh.600061,6.90,6.98,6.88,6.96,19798724
2025/5/13,sh.600061,7.02,7.02,6.92,6.95,17039804
2025/5/14,sh.600061,6.93,7.21,6.89,7.11,42167702
2025/5/15,sh.600061,7.09,7.11,7.00,7.01,21394414
2025/5/16,sh.600061,6.99,7.01,6.85,6.89,25930636
2025/5/19,sh.600061,6.89,6.92,6.85,6.88,15494110
2025/5/20,sh.600061,6.90,6.93,6.86,6.90,14643940
2025/5/21,sh.600061,6.89,6.93,6.89,6.90,12653823
2025/5/22,sh.600061,6.89,6.89,6.83,6.86,13199321
2025/5/23,sh.600061,6.85,6.89,6.76,6.76,17013576
2025/5/26,sh.600061,6.76,6.81,6.74,6.79,10103712
2025/5/27,sh.600061,6.79,6.85,6.76,6.84,12327976
2025/5/28,sh.600061,6.84,6.84,6.78,6.79,9925609
2025/5/29,sh.600061,6.80,6.86,6.79,6.85,17660683
2025/5/30,sh.600061,6.85,6.88,6.80,6.85,14767350
2025/6/3,sh.600061,6.85,6.98,6.82,6.96,26541803
2025/6/4,sh.600061,6.96,7.03,6.93,7.01,21007138
2025/6/5,sh.600061,7.02,7.05,6.99,7.02,23163042
2025/6/6,sh.600061,7.04,7.08,6.98,7.00,16820233
2025/6/9,sh.600061,7.04,7.11,7.03,7.06,20448205
2025/6/10,sh.600061,7.06,7.08,6.95,6.99,19935356
2025/6/11,sh.600061,7.00,7.15,6.99,7.11,33484418
2025/6/12,sh.600061,7.10,7.18,7.09,7.18,29893092
2025/6/13,sh.600061,7.16,7.17,7.11,7.16,26229262
2025/6/16,sh.600061,7.15,7.20,7.10,7.17,22438252
2025/6/17,sh.600061,7.18,7.27,7.16,7.26,29671354
2025/6/18,sh.600061,7.25,7.27,7.12,7.19,23872474
2025/6/19,sh.600061,7.17,7.21,7.02,7.05,19037490
2025/6/20,sh.600061,7.04,7.06,7.00,7.00,16808500
2025/6/23,sh.600061,6.98,7.11,6.96,7.08,15940482
2025/6/24,sh.600061,7.08,7.28,7.07,7.27,32892331
2025/6/25,sh.600061,7.27,7.53,7.25,7.51,61951108
2025/6/26,sh.600061,7.50,7.54,7.43,7.47,36250694
2025/6/27,sh.600061,7.45,7.63,7.41,7.42,40478632
2025/6/30,sh.600061,7.43,7.51,7.34,7.39,25250537
2025/7/1,sh.600061,7.39,7.41,7.29,7.34,22802676
2025/7/2,sh.600061,7.34,7.37,7.32,7.34,17443341
2025/7/3,sh.600061,7.34,7.38,7.33,7.36,18959419
2025/7/4,sh.600061,7.35,7.46,7.28,7.37,25829025
2025/7/7,sh.600061,7.34,7.40,7.33,7.37,14670860
2025/7/8,sh.600061,7.37,7.49,7.34,7.48,31021176
2025/7/9,sh.600061,7.48,7.71,7.45,7.56,58130620
2025/7/10,sh.600061,7.55,7.75,7.52,7.70,63365528
2025/7/11,sh.600061,7.72,7.87,7.67,7.77,94511413
2025/7/14,sh.600061,7.77,7.78,7.63,7.67,42729132
2025/7/15,sh.600061,7.67,7.70,7.58,7.61,35953686
2025/7/16,sh.600061,7.61,7.63,7.53,7.57,28717588
2025/7/17,sh.600061,7.60,7.68,7.58,7.64,27552805
2025/7/18,sh.600061,7.65,7.73,7.64,7.68,31115426
2025/7/21,sh.600061,7.67,7.78,7.66,7.78,43128072
2025/7/22,sh.600061,7.80,7.80,7.64,7.75,36396485
2025/7/23,sh.600061,7.78,7.89,7.72,7.75,52771738
2025/7/24,sh.600061,7.71,7.91,7.70,7.91,57646679
2025/7/25,sh.600061,7.92,7.93,7.79,7.82,41377142
2025/7/28,sh.600061,7.81,7.94,7.76,7.84,40672480
2025/7/29,sh.600061,7.82,7.85,7.68,7.85,34770968
2025/7/30,sh.600061,7.83,7.84,7.69,7.76,33862192
2025/7/31,sh.600061,7.71,7.76,7.51,7.56,44883895
2025/8/1,sh.600061,7.57,7.64,7.52,7.56,26292468
2025/8/4,sh.600061,7.54,7.57,7.51,7.55,21162812
2025/8/5,sh.600061,7.58,7.66,7.56,7.66,25474046
2025/8/6,sh.600061,7.64,7.69,7.61,7.67,19297350
2025/8/7,sh.600061,7.70,7.76,7.63,7.69,25956581
2025/8/8,sh.600061,7.69,7.69,7.60,7.66,17853739
2025/8/11,sh.600061,7.65,7.78,7.65,7.75,24966872
2025/8/12,sh.600061,7.78,7.83,7.75,7.83,36576563
2025/8/13,sh.600061,7.87,8.00,7.79,7.95,67127594
2025/8/14,sh.600061,7.96,8.17,7.93,8.02,74475355
2025/8/15,sh.600061,8.00,8.30,7.95,8.23,89252339
2025/8/18,sh.600061,8.27,8.33,8.15,8.21,80673719
2025/8/19,sh.600061,8.16,8.33,8.10,8.23,62393110
2025/8/20,sh.600061,8.20,8.41,8.15,8.41,64914803
2025/8/21,sh.600061,8.40,8.49,8.30,8.37,51802499
2025/8/22,sh.600061,8.37,8.54,8.34,8.53,56926157
2025/8/25,sh.600061,8.59,8.70,8.47,8.68,74878819
2025/8/26,sh.600061,8.62,8.76,8.56,8.69,58461049
2025/8/27,sh.600061,8.69,8.73,8.36,8.38,74572698
2025/8/28,sh.600061,8.35,8.54,8.30,8.51,60137183
2025/8/29,sh.600061,8.55,8.59,8.33,8.34,68001133
2025/9/1,sh.600061,8.35,8.37,8.16,8.19,71431562
2025/9/2,sh.600061,8.22,8.22,8.01,8.10,65044489
2025/9/3,sh.600061,8.13,8.14,7.83,7.88,53985242
2025/9/4,sh.600061,7.87,7.91,7.75,7.81,62590946
2025/9/5,sh.600061,7.84,7.89,7.78,7.80,55693872
2025/9/8,sh.600061,7.82,8.03,7.77,7.80,103616359
2025/9/9,sh.600061,7.80,7.83,7.72,7.74,73423284
2025/9/10,sh.600061,7.74,7.78,7.67,7.70,44527612
2025/9/11,sh.600061,7.70,7.92,7.69,7.89,74913711
2025/9/12,sh.600061,7.89,7.90,7.73,7.74,78632318
2025/9/15,sh.600061,7.75,7.78,7.66,7.69,56636132
2025/9/16,sh.600061,7.70,7.71,7.59,7.63,75184675
2025/9/17,sh.600061,7.65,7.90,7.62,7.84,96254757
2025/9/18,sh.600061,7.80,7.81,7.56,7.61,93148911
2025/9/19,sh.600061,7.60,7.63,7.51,7.57,47215683
2025/9/22,sh.600061,7.57,7.60,7.52,7.60,40155995
2025/9/23,sh.600061,7.57,7.57,7.38,7.50,50215244
2025/9/24,sh.600061,7.47,7.82,7.45,7.73,113577090
2025/9/25,sh.600061,7.70,7.72,7.61,7.61,56503965
2025/9/26,sh.600061,7.63,7.91,7.62,7.76,99339562
2025/9/29,sh.600061,7.73,8.15,7.73,8.00,144408708
2025/9/30,sh.600061,7.95,7.99,7.83,7.89,88337344
2025/10/9,sh.600061,7.85,7.92,7.75,7.88,73204909
2025/10/10,sh.600061,7.83,8.05,7.82,7.96,79513054
2025/10/13,sh.600061,7.80,7.93,7.77,7.87,69484882
2025/10/14,sh.600061,7.89,8.01,7.83,7.86,65675182
2025/10/15,sh.600061,7.87,7.96,7.78,7.94,70188195
2025/10/16,sh.600061,7.91,7.94,7.82,7.87,49779445
2025/10/17,sh.600061,7.87,7.91,7.64,7.64,75152416
2025/10/20,sh.600061,7.71,7.77,7.65,7.68,47123586
2025/10/21,sh.600061,7.68,7.85,7.66,7.77,55319432
2025/10/22,sh.600061,7.75,7.76,7.70,7.72,30566963
2025/10/23,sh.600061,7.71,7.81,7.67,7.81,56690588
2025/10/24,sh.600061,7.78,7.93,7.78,7.93,67624883
2025/10/27,sh.600061,8.00,8.03,7.93,7.98,70567725
2025/10/28,sh.600061,7.99,7.99,7.88,7.89,47223791
2025/10/29,sh.600061,7.89,8.08,7.88,8.05,74458868
2025/10/30,sh.600061,8.03,8.04,7.91,7.93,52493417
2025/10/31,sh.600061,7.93,7.98,7.83,7.84,57026503
2025/11/3,sh.600061,7.83,7.84,7.75,7.80,37886812
2025/11/4,sh.600061,7.79,7.81,7.74,7.79,34625609
2025/11/5,sh.600061,7.76,7.82,7.74,7.77,28112736
2025/11/6,sh.600061,7.78,7.91,7.77,7.88,43662329
2025/11/7,sh.600061,7.86,7.88,7.81,7.81,31526297
2025/11/10,sh.600061,7.81,7.92,7.79,7.89,35847388
2025/11/11,sh.600061,7.90,7.91,7.80,7.82,41285762
2025/11/12,sh.600061,7.83,7.83,7.71,7.74,39473685
2025/11/13,sh.600061,7.74,7.81,7.72,7.79,31659696
2025/11/14,sh.600061,7.75,7.81,7.71,7.71,34941702
2025/11/17,sh.600061,7.71,7.72,7.61,7.63,33314199
2025/11/18,sh.600061,7.62,7.65,7.57,7.59,30271180
2025/11/19,sh.600061,7.60,7.63,7.52,7.57,28556520
2025/11/20,sh.600061,7.66,7.69,7.55,7.55,40652411
2025/11/21,sh.600061,7.48,7.52,7.28,7.28,50754730
2025/11/24,sh.600061,7.31,7.36,7.26,7.32,28395557
2025/11/25,sh.600061,7.34,7.37,7.32,7.34,25876440
2025/11/26,sh.600061,7.34,7.36,7.28,7.30,23659407
2025/11/27,sh.600061,7.29,7.34,7.27,7.30,18438555
2025/11/28,sh.600061,7.29,7.32,7.27,7.32,19011969
2025/12/1,sh.600061,7.32,7.39,7.31,7.39,31634319
2025/12/2,sh.600061,7.38,7.39,7.33,7.35,16910132
2025/12/3,sh.600061,7.37,7.40,7.32,7.34,22664621
2025/12/4,sh.600061,7.36,7.42,7.32,7.37,26309149
2025/12/5,sh.600061,7.37,7.54,7.34,7.50,47940930
2025/12/8,sh.600061,7.58,7.69,7.53,7.60,72148865
2025/12/9,sh.600061,7.55,7.58,7.44,7.46,34508204
2025/12/10,sh.600061,7.45,7.54,7.40,7.52,27807036
2025/12/11,sh.600061,7.52,7.59,7.45,7.48,29249665
2025/12/12,sh.600061,7.46,7.57,7.46,7.50,36470348
2025/12/15,sh.600061,7.48,7.60,7.46,7.56,31455988
2025/12/16,sh.600061,7.54,7.56,7.47,7.49,25383572
2025/12/17,sh.600061,7.49,7.65,7.45,7.59,41484504
2025/12/18,sh.600061,7.60,7.61,7.52,7.55,30411039
2025/12/19,sh.600061,7.55,7.60,7.51,7.56,27510936
2025/12/22,sh.600061,7.56,7.58,7.54,7.54,23538052
2025/12/23,sh.600061,7.55,7.57,7.49,7.51,24685476
2025/12/24,sh.600061,7.51,7.56,7.49,7.55,23283308
2025/12/25,sh.600061,7.54,7.62,7.53,7.61,24205309
2025/12/26,sh.600061,7.59,7.70,7.58,7.64,28757708
2025/12/29,sh.600061,7.65,7.69,7.61,7.64,26669368
2025/12/30,sh.600061,7.61,7.69,7.60,7.66,24747297
2025/12/31,sh.600061,7.67,7.73,7.63,7.65,30382766
2026/1/5,sh.600061,7.66,7.73,7.62,7.72,40047268
2026/1/6,sh.600061,7.72,7.92,7.70,7.91,80762786
2026/1/7,sh.600061,7.91,7.93,7.80,7.84,45986684
2026/1/8,sh.600061,7.80,7.82,7.74,7.75,50683802
2026/1/9,sh.600061,7.75,7.85,7.74,7.81,35111253
2026/1/12,sh.600061,7.81,7.92,7.78,7.90,51595162
2026/1/13,sh.600061,7.92,7.98,7.85,7.89,55927754
2026/1/14,sh.600061,7.87,8.01,7.79,7.82,73767978
2026/1/15,sh.600061,7.77,7.81,7.68,7.70,43183697
2026/1/16,sh.600061,7.73,7.75,7.61,7.62,39269982
2026/1/19,sh.600061,7.60,7.66,7.59,7.63,30098599
2026/1/20,sh.600061,7.65,7.68,7.61,7.66,30581829
2026/1/21,sh.600061,7.65,7.66,7.57,7.59,34146223
2026/1/22,sh.600061,7.59,7.66,7.59,7.63,27378503
2026/1/23,sh.600061,7.63,7.69,7.61,7.63,33019098
2026/1/26,sh.600061,7.63,7.78,7.61,7.71,55557076
2026/1/27,sh.600061,7.69,7.69,7.53,7.60,43182440
2026/1/28,sh.600061,7.62,7.99,7.59,7.73,128808238
2026/1/29,sh.600061,7.72,7.85,7.60,7.83,105227273
2026/1/30,sh.600061,7.79,7.85,7.64,7.69,63379030
2026/2/2,sh.600061,7.66,7.82,7.53,7.54,77360239
2026/2/3,sh.600061,7.60,7.62,7.45,7.51,51038916
2026/2/4,sh.600061,7.51,7.61,7.48,7.60,45258780
2026/2/5,sh.600061,7.58,7.65,7.53,7.62,39739376
2026/2/6,sh.600061,7.58,7.65,7.55,7.56,30469270
2026/2/9,sh.600061,7.61,7.64,7.59,7.63,27261702
2026/2/10,sh.600061,7.64,7.78,7.61,7.70,45163211
2026/2/11,sh.600061,7.72,7.78,7.68,7.78,37990233
2026/2/12,sh.600061,7.78,7.79,7.70,7.73,35215087
2026/2/13,sh.600061,7.74,7.77,7.58,7.58,30339465
2026/2/24,sh.600061,7.61,7.62,7.56,7.57,32947810
2026/2/25,sh.600061,7.58,7.72,7.47,7.50,98450722
2026/2/26,sh.600061,7.51,7.52,7.43,7.46,41235643
2026/2/27,sh.600061,7.45,7.48,7.41,7.46,38827336
2026/3/2,sh.600061,7.40,7.44,7.30,7.39,48606160
2026/3/3,sh.600061,7.41,7.48,7.36,7.36,56558344
2026/3/4,sh.600061,7.35,7.37,7.16,7.18,52818646
2026/3/5,sh.600061,7.24,7.27,7.19,7.21,24731840
2026/3/6,sh.600061,7.19,7.30,7.18,7.28,30076460
2026/3/9,sh.600061,7.20,7.23,7.17,7.19,27037369
2026/3/10,sh.600061,7.23,7.27,7.21,7.24,25438781
2026/3/11,sh.600061,7.25,7.32,7.21,7.29,33697395
2026/3/12,sh.600061,7.27,7.35,7.26,7.33,30773061
2026/3/13,sh.600061,7.31,7.38,7.29,7.30,28363349
2026/3/16,sh.600061,7.30,7.33,7.27,7.30,21187815
2026/3/17,sh.600061,7.32,7.43,7.31,7.33,44276924
2026/3/18,sh.600061,7.32,7.34,7.27,7.30,24611285
2026/3/19,sh.600061,7.27,7.31,7.23,7.26,25710164
2026/3/20,sh.600061,7.25,7.29,7.17,7.17,29193292
2026/3/23,sh.600061,7.09,7.09,6.75,6.79,53994228
2026/3/24,sh.600061,6.85,6.90,6.76,6.88,26119610
2026/3/25,sh.600061,6.89,6.96,6.86,6.91,33868655
2026/3/26,sh.600061,6.89,6.93,6.81,6.82,25712869
2026/3/27,sh.600061,6.78,6.89,6.77,6.88,20756042
2026/3/30,sh.600061,6.81,6.90,6.78,6.88,23439597
2026/3/31,sh.600061,6.87,7.02,6.86,6.93,29936784
2026/4/1,sh.600061,7.01,7.04,6.97,7.01,22815806
2026/4/2,sh.600061,6.99,7.00,6.91,6.95,17823985
2026/4/3,sh.600061,6.93,6.95,6.71,6.72,37797128
2026/4/7,sh.600061,6.73,6.77,6.70,6.73,20269856
2026/4/8,sh.600061,6.84,6.95,6.81,6.94,38784957
2026/4/9,sh.600061,6.89,6.90,6.75,6.77,27516339
2026/4/10,sh.600061,6.85,7.06,6.83,6.92,55862759
2026/4/13,sh.600061,6.88,7.02,6.86,6.97,29781071
2026/4/14,sh.600061,7.01,7.03,6.92,7.00,23329649
2026/4/15,sh.600061,7.01,7.02,6.96,6.97,18929899
2026/4/16,sh.600061,6.99,7.01,6.93,6.96,29419965
2026/4/17,sh.600061,6.95,6.95,6.87,6.89,29495535
2026/4/20,sh.600061,6.89,6.91,6.80,6.84,36229318
2026/4/21,sh.600061,6.84,6.84,6.72,6.76,32936884
2026/4/22,sh.600061,6.74,6.81,6.66,6.70,58051134
2026/4/23,sh.600061,6.68,6.71,6.59,6.62,41071396
2026/4/24,sh.600061,6.61,6.62,6.54,6.55,36667183
2026/4/27,sh.600061,6.55,6.59,6.48,6.52,42696047
2026/4/28,sh.600061,6.52,6.59,6.47,6.51,59329950
2026/4/29,sh.600061,6.49,6.55,6.48,6.54,66732846
2026/4/30,sh.600061,6.63,6.79,6.61,6.71,90717803
2026/5/6,sh.600061,6.71,6.75,6.66,6.74,54681022
2026/5/7,sh.600061,6.75,6.76,6.66,6.69,38363491
2026/5/8,sh.600061,6.68,6.73,6.67,6.68,34877495
2026/5/11,sh.600061,6.67,6.79,6.63,6.75,51181191
2026/5/12,sh.600061,6.76,6.88,6.73,6.82,56346765
2026/5/13,sh.600061,6.80,6.82,6.68,6.76,38396439
2026/5/14,sh.600061,6.75,6.78,6.65,6.65,30492588
2026/5/15,sh.600061,6.64,6.66,6.48,6.50,42507689
2026/5/18,sh.600061,6.48,6.53,6.37,6.43,43160231
2026/5/19,sh.600061,6.43,6.53,6.31,6.52,33580206
2026/5/20,sh.600061,6.49,6.49,6.42,6.44,24387628
2026/5/21,sh.600061,6.46,6.65,6.44,6.45,55691359
2026/5/22,sh.600061,6.46,6.49,6.32,6.35,42323590
2026/5/25,sh.600061,6.38,6.42,6.35,6.42,28719134
2026/5/26,sh.600061,6.39,6.59,6.37,6.53,53616421
2026/5/27,sh.600061,6.52,6.60,6.41,6.47,36228660
2026/5/28,sh.600061,6.48,6.49,6.31,6.33,38979554
2026/5/29,sh.600061,6.34,6.49,6.33,6.44,42814484
2026/6/1,sh.600061,6.45,6.49,6.38,6.49,37036359
2026/6/2,sh.600061,6.46,6.51,6.40,6.46,34301504
2026/6/3,sh.600061,6.43,6.46,6.38,6.41,27767820
2026/6/4,sh.600061,6.40,6.44,6.28,6.30,31040929
2026/6/5,sh.600061,6.33,6.40,6.30,6.33,25222882
