date,code,open,high,low,close,volume
1999/11/10,sh.600000,1.78,1.80,1.63,1.67,174085100
1999/11/11,sh.600000,1.66,1.71,1.66,1.67,29403500
1999/11/12,sh.600000,1.68,1.71,1.67,1.69,15008000
1999/11/15,sh.600000,1.70,1.70,1.67,1.67,11921100
1999/11/16,sh.600000,1.68,1.69,1.60,1.60,23223100
1999/11/17,sh.600000,1.60,1.64,1.59,1.64,10052600
1999/11/18,sh.600000,1.64,1.66,1.61,1.63,8446500
1999/11/19,sh.600000,1.66,1.66,1.62,1.62,5375000
1999/11/22,sh.600000,1.62,1.62,1.58,1.59,5535400
1999/11/23,sh.600000,1.59,1.60,1.57,1.59,3844000
1999/11/24,sh.600000,1.59,1.60,1.57,1.59,4098000
1999/11/25,sh.600000,1.58,1.61,1.57,1.59,5725300
1999/11/26,sh.600000,1.59,1.61,1.58,1.59,2282700
1999/11/29,sh.600000,1.59,1.62,1.58,1.59,2681200
1999/11/30,sh.600000,1.58,1.60,1.57,1.59,2371400
1999/12/1,sh.600000,1.59,1.62,1.58,1.60,2865100
1999/12/2,sh.600000,1.60,1.61,1.58,1.58,1938500
1999/12/3,sh.600000,1.58,1.61,1.58,1.59,2552600
1999/12/6,sh.600000,1.58,1.59,1.54,1.55,6984000
1999/12/7,sh.600000,1.54,1.56,1.54,1.54,3955800
1999/12/8,sh.600000,1.54,1.55,1.54,1.54,2236500
1999/12/9,sh.600000,1.54,1.54,1.52,1.53,2564600
1999/12/10,sh.600000,1.53,1.57,1.52,1.57,3553913
1999/12/13,sh.600000,1.57,1.59,1.54,1.56,7058400
1999/12/14,sh.600000,1.55,1.57,1.55,1.57,1618500
1999/12/15,sh.600000,1.57,1.62,1.56,1.59,6797900
1999/12/16,sh.600000,1.60,1.60,1.56,1.57,3616200
1999/12/17,sh.600000,1.57,1.57,1.54,1.54,3565300
1999/12/21,sh.600000,1.53,1.54,1.52,1.52,4215300
1999/12/22,sh.600000,1.52,1.53,1.51,1.52,3083500
1999/12/23,sh.600000,1.52,1.52,1.49,1.49,4161561
1999/12/24,sh.600000,1.48,1.51,1.48,1.49,2832500
1999/12/27,sh.600000,1.49,1.51,1.48,1.48,2233700
1999/12/28,sh.600000,1.48,1.51,1.48,1.48,3176700
1999/12/29,sh.600000,1.49,1.50,1.48,1.49,2284200
1999/12/30,sh.600000,1.50,1.51,1.49,1.49,2333200
2000/1/4,sh.600000,1.51,1.55,1.49,1.54,4496100
2000/1/5,sh.600000,1.54,1.57,1.52,1.52,5252800
2000/1/6,sh.600000,1.52,1.58,1.51,1.57,6229700
2000/1/7,sh.600000,1.58,1.66,1.57,1.62,21355300
2000/1/10,sh.600000,1.63,1.68,1.61,1.64,16539700
2000/1/11,sh.600000,1.64,1.65,1.57,1.58,9390800
2000/1/12,sh.600000,1.57,1.57,1.49,1.51,35274900
2000/1/13,sh.600000,1.51,1.52,1.49,1.50,7975600
2000/1/14,sh.600000,1.50,1.51,1.44,1.46,17861900
2000/1/17,sh.600000,1.45,1.47,1.43,1.47,8101500
2000/1/18,sh.600000,1.48,1.48,1.44,1.45,7693300
2000/1/19,sh.600000,1.45,1.46,1.45,1.45,4658400
2000/1/20,sh.600000,1.45,1.49,1.45,1.47,5114400
2000/1/21,sh.600000,1.48,1.48,1.45,1.46,8138700
2000/1/24,sh.600000,1.46,1.46,1.44,1.46,9250300
2000/1/25,sh.600000,1.46,1.52,1.46,1.48,7742300
2000/1/26,sh.600000,1.48,1.49,1.47,1.47,2737700
2000/1/27,sh.600000,1.47,1.49,1.46,1.48,6335000
2000/1/28,sh.600000,1.48,1.51,1.48,1.51,12362700
2000/2/14,sh.600000,1.57,1.66,1.54,1.64,23739100
2000/2/15,sh.600000,1.64,1.66,1.55,1.55,26267700
2000/2/16,sh.600000,1.54,1.54,1.50,1.52,19069100
2000/2/17,sh.600000,1.52,1.59,1.46,1.50,23044800
2000/2/18,sh.600000,1.50,1.51,1.46,1.49,9693500
2000/2/21,sh.600000,1.49,1.58,1.46,1.55,25510600
2000/2/22,sh.600000,1.56,1.57,1.48,1.49,10517500
2000/2/23,sh.600000,1.48,1.52,1.48,1.48,6914600
2000/2/24,sh.600000,1.48,1.51,1.48,1.50,4648100
2000/2/25,sh.600000,1.50,1.50,1.48,1.48,5814800
2000/2/28,sh.600000,1.48,1.52,1.47,1.51,9373400
2000/2/29,sh.600000,1.52,1.54,1.49,1.52,10955900
2000/3/1,sh.600000,1.52,1.63,1.52,1.56,41705100
2000/3/2,sh.600000,1.55,1.57,1.51,1.53,12999900
2000/3/3,sh.600000,1.54,1.61,1.54,1.57,16109800
2000/3/6,sh.600000,1.60,1.62,1.54,1.54,20616200
2000/3/7,sh.600000,1.52,1.58,1.51,1.55,11132900
2000/3/8,sh.600000,1.57,1.58,1.53,1.55,5771400
2000/3/9,sh.600000,1.55,1.66,1.53,1.59,26491000
2000/3/10,sh.600000,1.59,1.60,1.54,1.54,10570000
2000/3/13,sh.600000,1.54,1.57,1.53,1.54,5566400
2000/3/14,sh.600000,1.51,1.53,1.49,1.53,11375200
2000/3/15,sh.600000,1.53,1.53,1.51,1.52,4220000
2000/3/16,sh.600000,1.51,1.51,1.46,1.48,7570200
2000/3/17,sh.600000,1.48,1.52,1.47,1.50,4270400
2000/3/20,sh.600000,1.48,1.52,1.48,1.51,4387600
2000/3/21,sh.600000,1.52,1.52,1.50,1.51,4409900
2000/3/22,sh.600000,1.51,1.55,1.50,1.53,4522000
2000/3/23,sh.600000,1.53,1.55,1.52,1.54,5887200
2000/3/24,sh.600000,1.57,1.63,1.54,1.54,21856400
2000/3/27,sh.600000,1.55,1.58,1.53,1.56,6161100
2000/3/28,sh.600000,1.57,1.58,1.52,1.54,7074200
2000/3/29,sh.600000,1.54,1.55,1.51,1.52,7495200
2000/3/30,sh.600000,1.52,1.55,1.52,1.53,4400800
2000/3/31,sh.600000,1.53,1.54,1.51,1.52,4320400
2000/4/3,sh.600000,1.52,1.54,1.51,1.52,3498400
2000/4/4,sh.600000,1.52,1.52,1.50,1.50,4307100
2000/4/5,sh.600000,1.50,1.54,1.50,1.52,3427000
2000/4/6,sh.600000,1.52,1.53,1.51,1.53,2927600
2000/4/7,sh.600000,1.53,1.56,1.53,1.55,6006300
2000/4/10,sh.600000,1.55,1.56,1.53,1.54,3327800
2000/4/11,sh.600000,1.54,1.57,1.53,1.54,6213900
2000/4/12,sh.600000,1.54,1.57,1.53,1.53,4634400
2000/4/13,sh.600000,1.53,1.56,1.53,1.54,4206500
2000/4/14,sh.600000,1.55,1.58,1.54,1.56,11250500
2000/4/17,sh.600000,1.57,1.58,1.52,1.52,7976900
2000/4/18,sh.600000,1.53,1.53,1.51,1.53,3894500
2000/4/19,sh.600000,1.53,1.55,1.52,1.52,2755600
2000/4/20,sh.600000,1.52,1.54,1.52,1.53,3636700
2000/4/21,sh.600000,1.51,1.54,1.51,1.52,3965500
2000/4/24,sh.600000,1.52,1.52,1.49,1.50,5913800
2000/4/25,sh.600000,1.50,1.51,1.49,1.50,2309500
2000/4/26,sh.600000,1.50,1.54,1.49,1.51,3559400
2000/4/27,sh.600000,1.51,1.52,1.49,1.49,3284200
2000/4/28,sh.600000,1.49,1.51,1.49,1.51,3210800
2000/5/8,sh.600000,1.51,1.51,1.51,1.51,INVALID
2000/5/9,sh.600000,1.50,1.50,1.47,1.47,2606100
2000/5/10,sh.600000,1.47,1.48,1.45,1.45,5873800
2000/5/11,sh.600000,1.45,1.46,1.43,1.44,3388300
2000/5/12,sh.600000,1.44,1.45,1.44,1.44,2969300
2000/5/15,sh.600000,1.44,1.45,1.39,1.39,4078300
2000/5/16,sh.600000,1.39,1.41,1.39,1.40,2071300
2000/5/17,sh.600000,1.40,1.41,1.39,1.40,2133600
2000/5/18,sh.600000,1.40,1.40,1.39,1.40,2946700
2000/5/19,sh.600000,1.40,1.43,1.40,1.42,2792100
2000/5/22,sh.600000,1.42,1.44,1.40,1.43,3608200
2000/5/23,sh.600000,1.44,1.44,1.40,1.41,2888000
2000/5/24,sh.600000,1.42,1.43,1.40,1.42,3456500
2000/5/25,sh.600000,1.43,1.48,1.43,1.46,7604300
2000/5/26,sh.600000,1.47,1.47,1.44,1.44,3615000
2000/5/29,sh.600000,1.44,1.45,1.42,1.43,3147700
2000/5/30,sh.600000,1.43,1.44,1.41,1.41,2970700
2000/5/31,sh.600000,1.41,1.44,1.40,1.41,3597300
2000/6/1,sh.600000,1.42,1.43,1.41,1.41,2270300
2000/6/2,sh.600000,1.42,1.44,1.41,1.43,3047200
2000/6/5,sh.600000,1.43,1.44,1.42,1.43,3602800
2000/6/6,sh.600000,1.43,1.45,1.43,1.44,2627000
2000/6/7,sh.600000,1.44,1.46,1.43,1.44,3507700
2000/6/8,sh.600000,1.45,1.47,1.43,1.44,4210100
2000/6/9,sh.600000,1.45,1.46,1.42,1.42,2450900
2000/6/12,sh.600000,1.42,1.43,1.41,1.42,1957300
2000/6/13,sh.600000,1.43,1.45,1.43,1.44,1787500
2000/6/14,sh.600000,1.45,1.49,1.44,1.46,9515600
2000/6/15,sh.600000,1.46,1.48,1.46,1.47,3013900
2000/6/16,sh.600000,1.47,1.48,1.44,1.44,2561200
2000/6/19,sh.600000,1.45,1.46,1.43,1.43,1830800
2000/6/20,sh.600000,1.43,1.44,1.42,1.43,1388300
2000/6/21,sh.600000,1.42,1.43,1.42,1.43,1568000
2000/6/22,sh.600000,1.43,1.43,1.42,1.42,1781800
2000/6/23,sh.600000,1.42,1.43,1.41,1.42,2454200
2000/6/26,sh.600000,1.42,1.43,1.41,1.42,2413800
2000/6/27,sh.600000,1.42,1.43,1.41,1.41,2771100
2000/6/28,sh.600000,1.41,1.43,1.41,1.41,2431600
2000/6/29,sh.600000,1.41,1.42,1.40,1.40,3482900
2000/6/30,sh.600000,1.40,1.43,1.40,1.42,2271300
2000/7/3,sh.600000,1.42,1.42,1.40,1.40,2027500
2000/7/4,sh.600000,1.40,1.40,1.39,1.40,1515200
2000/7/5,sh.600000,1.40,1.41,1.40,1.40,1421900
2000/7/6,sh.600000,1.40,1.41,1.40,1.40,1320100
2000/7/7,sh.600000,1.40,1.41,1.40,1.41,1294100
2000/7/10,sh.600000,1.41,1.42,1.40,1.40,1990100
2000/7/11,sh.600000,1.40,1.43,1.40,1.42,2414700
2000/7/12,sh.600000,1.43,1.45,1.42,1.43,3193800
2000/7/13,sh.600000,1.44,1.44,1.42,1.42,2374200
2000/7/14,sh.600000,1.42,1.43,1.41,1.43,2048400
2000/7/17,sh.600000,1.43,1.44,1.42,1.42,1667300
2000/7/18,sh.600000,1.42,1.42,1.41,1.42,1596200
2000/7/19,sh.600000,1.42,1.44,1.42,1.44,2766600
2000/7/20,sh.600000,1.44,1.45,1.42,1.42,1870700
2000/7/21,sh.600000,1.44,1.44,1.42,1.43,1983600
2000/7/24,sh.600000,1.43,1.43,1.41,1.41,1378800
2000/7/25,sh.600000,1.41,1.43,1.41,1.43,1514200
2000/7/26,sh.600000,1.43,1.43,1.41,1.42,1350300
2000/7/27,sh.600000,1.42,1.56,1.42,1.49,23718700
2000/7/28,sh.600000,1.48,1.50,1.45,1.46,4080500
2000/7/31,sh.600000,1.46,1.48,1.45,1.46,2956100
2000/8/1,sh.600000,1.46,1.48,1.46,1.46,1654700
2000/8/2,sh.600000,1.46,1.47,1.44,1.45,2059500
2000/8/3,sh.600000,1.45,1.47,1.44,1.45,2379600
2000/8/4,sh.600000,1.45,1.46,1.44,1.45,2035000
2000/8/7,sh.600000,1.45,1.46,1.44,1.45,1518300
2000/8/8,sh.600000,1.46,1.46,1.44,1.45,1334500
2000/8/9,sh.600000,1.45,1.47,1.45,1.46,2045000
2000/8/10,sh.600000,1.47,1.47,1.45,1.45,2039100
2000/8/11,sh.600000,1.45,1.46,1.44,1.45,2173400
2000/8/14,sh.600000,1.45,1.48,1.45,1.46,2408600
2000/8/15,sh.600000,1.46,1.47,1.46,1.46,1324500
2000/8/16,sh.600000,1.46,1.47,1.45,1.46,1914500
2000/8/17,sh.600000,1.46,1.49,1.46,1.47,2880800
2000/8/18,sh.600000,1.47,1.48,1.46,1.46,1071200
2000/8/21,sh.600000,1.46,1.46,1.45,1.45,1819400
2000/8/22,sh.600000,1.46,1.46,1.44,1.44,1750100
2000/8/23,sh.600000,1.44,1.45,1.41,1.43,3833400
2000/8/24,sh.600000,1.43,1.45,1.42,1.43,1721700
2000/8/25,sh.600000,1.43,1.45,1.42,1.44,2391800
2000/8/28,sh.600000,1.44,1.45,1.43,1.44,1432800
2000/8/29,sh.600000,1.44,1.44,1.42,1.43,1714600
2000/8/30,sh.600000,1.43,1.43,1.41,1.42,2014900
2000/8/31,sh.600000,1.41,1.42,1.41,1.41,1889000
2000/9/1,sh.600000,1.41,1.43,1.41,1.41,1972800
2000/9/4,sh.600000,1.41,1.42,1.40,1.40,1345300
2000/9/5,sh.600000,1.41,1.41,1.35,1.36,5258600
2000/9/6,sh.600000,1.36,1.36,1.34,1.34,3008109
2000/9/7,sh.600000,1.34,1.36,1.34,1.35,1377300
2000/9/8,sh.600000,1.35,1.35,1.34,1.35,1322900
2000/9/11,sh.600000,1.35,1.37,1.35,1.35,1299800
2000/9/12,sh.600000,1.36,1.36,1.35,1.36,1040500
2000/9/13,sh.600000,1.36,1.39,1.36,1.37,1751000
2000/9/14,sh.600000,1.36,1.37,1.35,1.35,871100
2000/9/15,sh.600000,1.35,1.36,1.34,1.34,950900
2000/9/18,sh.600000,1.35,1.35,1.32,1.32,1379400
2000/9/19,sh.600000,1.32,1.32,1.28,1.29,2000700
2000/9/20,sh.600000,1.28,1.30,1.27,1.29,1380100
2000/9/21,sh.600000,1.30,1.31,1.28,1.29,1770300
2000/9/22,sh.600000,1.29,1.30,1.28,1.29,1062500
2000/9/25,sh.600000,1.29,1.31,1.28,1.29,1204100
2000/9/26,sh.600000,1.30,1.31,1.29,1.30,1017400
2000/9/27,sh.600000,1.30,1.33,1.30,1.32,1325500
2000/9/28,sh.600000,1.33,1.33,1.30,1.30,769900
2000/9/29,sh.600000,1.30,1.32,1.30,1.31,618400
2000/10/9,sh.600000,1.31,1.32,1.29,1.30,753400
2000/10/10,sh.600000,1.30,1.33,1.29,1.33,1476900
2000/10/11,sh.600000,1.33,1.35,1.32,1.32,1800100
2000/10/12,sh.600000,1.33,1.33,1.31,1.31,715700
2000/10/13,sh.600000,1.32,1.33,1.31,1.32,998700
2000/10/16,sh.600000,1.32,1.33,1.29,1.30,536700
2000/10/17,sh.600000,1.29,1.30,1.29,1.30,462300
2000/10/18,sh.600000,1.30,1.31,1.29,1.30,521300
2000/10/19,sh.600000,1.30,1.30,1.29,1.29,536700
2000/10/20,sh.600000,1.29,1.31,1.29,1.31,947000
2000/10/23,sh.600000,1.31,1.34,1.31,1.32,1599000
2000/10/24,sh.600000,1.32,1.33,1.31,1.31,589700
2000/10/25,sh.600000,1.31,1.34,1.31,1.33,1574500
2000/10/26,sh.600000,1.33,1.33,1.31,1.31,788600
2000/10/27,sh.600000,1.32,1.32,1.30,1.30,2001000
2000/10/30,sh.600000,1.30,1.30,1.29,1.30,875900
2000/10/31,sh.600000,1.30,1.30,1.29,1.29,966600
2000/11/1,sh.600000,1.30,1.32,1.29,1.30,721700
2000/11/2,sh.600000,1.30,1.32,1.29,1.31,2101400
2000/11/3,sh.600000,1.31,1.32,1.30,1.30,741200
2000/11/6,sh.600000,1.30,1.30,1.29,1.30,879500
2000/11/7,sh.600000,1.30,1.30,1.29,1.30,999400
2000/11/8,sh.600000,1.30,1.31,1.29,1.30,913000
2000/11/9,sh.600000,1.30,1.32,1.30,1.32,1060400
2000/11/10,sh.600000,1.32,1.35,1.32,1.33,3370200
2000/11/13,sh.600000,1.33,1.35,1.33,1.34,2497000
2000/11/14,sh.600000,1.34,1.35,1.33,1.34,1966000
2000/11/15,sh.600000,1.34,1.36,1.34,1.35,3220500
2000/11/16,sh.600000,1.35,1.36,1.33,1.34,2009500
2000/11/17,sh.600000,1.34,1.35,1.32,1.33,1604000
2000/11/20,sh.600000,1.33,1.33,1.32,1.32,1152415
2000/11/21,sh.600000,1.32,1.35,1.32,1.33,1584323
2000/11/22,sh.600000,1.33,1.33,1.33,1.33,INVALID
2000/11/23,sh.600000,1.35,1.36,1.33,1.35,2210965
2000/11/24,sh.600000,1.35,1.42,1.35,1.36,12554441
2000/11/27,sh.600000,1.36,1.36,1.33,1.34,2458753
2000/11/28,sh.600000,1.34,1.36,1.34,1.35,1353710
2000/11/29,sh.600000,1.35,1.35,1.33,1.33,1568646
2000/11/30,sh.600000,1.33,1.34,1.32,1.33,1626272
2000/12/1,sh.600000,1.33,1.34,1.33,1.33,1096095
2000/12/4,sh.600000,1.33,1.34,1.32,1.33,1529235
2000/12/5,sh.600000,1.33,1.35,1.33,1.33,1074053
2000/12/6,sh.600000,1.34,1.34,1.32,1.32,1161400
2000/12/7,sh.600000,1.32,1.33,1.31,1.31,1068909
2000/12/8,sh.600000,1.31,1.32,1.31,1.31,883124
2000/12/11,sh.600000,1.31,1.31,1.29,1.29,1165070
2000/12/12,sh.600000,1.29,1.32,1.29,1.32,873913
2000/12/13,sh.600000,1.32,1.32,1.30,1.30,933890
2000/12/14,sh.600000,1.30,1.34,1.30,1.32,1026204
2000/12/15,sh.600000,1.33,1.34,1.32,1.33,1603476
2000/12/18,sh.600000,1.34,1.36,1.32,1.34,2027908
2000/12/19,sh.600000,1.34,1.34,1.30,1.30,2377884
2000/12/20,sh.600000,1.30,1.30,1.29,1.30,2058424
2000/12/21,sh.600000,1.30,1.31,1.29,1.29,1581135
2000/12/22,sh.600000,1.29,1.30,1.28,1.28,2993705
2000/12/25,sh.600000,1.28,1.28,1.24,1.25,3559698
2000/12/26,sh.600000,1.25,1.26,1.25,1.25,1580469
2000/12/27,sh.600000,1.25,1.26,1.24,1.26,1720947
2000/12/28,sh.600000,1.26,1.26,1.25,1.25,1309302
2000/12/29,sh.600000,1.25,1.27,1.25,1.26,975711
2001/1/2,sh.600000,1.26,1.27,1.25,1.27,1249087
2001/1/3,sh.600000,1.27,1.27,1.26,1.26,1489538
2001/1/4,sh.600000,1.26,1.26,1.25,1.25,1817470
2001/1/5,sh.600000,1.25,1.26,1.23,1.24,2820040
2001/1/8,sh.600000,1.23,1.23,1.20,1.21,3248013
2001/1/9,sh.600000,1.21,1.23,1.20,1.23,1988969
2001/1/10,sh.600000,1.23,1.24,1.22,1.23,1673179
2001/1/11,sh.600000,1.23,1.26,1.23,1.24,1768426
2001/1/12,sh.600000,1.24,1.25,1.22,1.24,1275022
2001/1/15,sh.600000,1.24,1.24,1.21,1.21,1561962
2001/1/16,sh.600000,1.21,1.22,1.20,1.22,1079720
2001/1/17,sh.600000,1.22,1.24,1.22,1.23,815470
2001/1/18,sh.600000,1.23,1.25,1.23,1.25,1037946
2001/1/19,sh.600000,1.26,1.26,1.25,1.26,1703314
2001/2/5,sh.600000,1.27,1.27,1.23,1.23,971415
2001/2/6,sh.600000,1.23,1.23,1.21,1.22,819473
2001/2/7,sh.600000,1.23,1.23,1.21,1.21,481485
2001/2/8,sh.600000,1.22,1.22,1.20,1.21,987205
2001/2/9,sh.600000,1.21,1.23,1.21,1.21,920482
2001/2/12,sh.600000,1.21,1.25,1.21,1.24,951734
2001/2/13,sh.600000,1.24,1.24,1.22,1.23,438181
2001/2/14,sh.600000,1.22,1.23,1.21,1.21,582350
2001/2/15,sh.600000,1.21,1.22,1.21,1.21,620891
2001/2/16,sh.600000,1.21,1.21,1.21,1.21,694500
2001/2/19,sh.600000,1.21,1.22,1.21,1.22,555875
2001/2/20,sh.600000,1.22,1.23,1.20,1.21,746591
2001/2/21,sh.600000,1.21,1.21,1.17,1.17,1513830
2001/2/22,sh.600000,1.17,1.17,1.16,1.16,1039340
2001/2/23,sh.600000,1.16,1.21,1.15,1.20,1478539
2001/2/26,sh.600000,1.25,1.25,1.21,1.21,1329856
2001/2/27,sh.600000,1.21,1.21,1.19,1.20,539231
2001/2/28,sh.600000,1.20,1.21,1.19,1.20,386549
2001/3/1,sh.600000,1.20,1.22,1.20,1.21,455490
2001/3/2,sh.600000,1.21,1.26,1.21,1.24,3707893
2001/3/5,sh.600000,1.24,1.25,1.23,1.23,1061378
2001/3/6,sh.600000,1.23,1.24,1.22,1.23,737981
2001/3/7,sh.600000,1.23,1.25,1.23,1.24,840701
2001/3/8,sh.600000,1.24,1.28,1.22,1.27,4019558
2001/3/9,sh.600000,1.27,1.28,1.26,1.27,2526928
2001/3/12,sh.600000,1.27,1.27,1.25,1.26,733775
2001/3/13,sh.600000,1.25,1.26,1.23,1.24,882664
2001/3/14,sh.600000,1.24,1.27,1.23,1.25,1198816
2001/3/15,sh.600000,1.25,1.26,1.24,1.24,891489
2001/3/16,sh.600000,1.24,1.27,1.24,1.24,764968
2001/3/19,sh.600000,1.24,1.25,1.23,1.24,754776
2001/3/20,sh.600000,1.24,1.26,1.24,1.24,950910
2001/3/21,sh.600000,1.25,1.28,1.25,1.27,2645831
2001/3/22,sh.600000,1.28,1.30,1.27,1.28,2594767
2001/3/23,sh.600000,1.28,1.29,1.25,1.25,1656800
2001/3/26,sh.600000,1.25,1.27,1.25,1.26,888194
2001/3/27,sh.600000,1.26,1.28,1.25,1.27,1243276
2001/3/28,sh.600000,1.27,1.28,1.26,1.27,1238207
2001/3/29,sh.600000,1.27,1.29,1.27,1.27,1554661
2001/3/30,sh.600000,1.27,1.28,1.26,1.27,1067598
2001/4/2,sh.600000,1.28,1.30,1.27,1.29,2246403
2001/4/3,sh.600000,1.29,1.30,1.28,1.29,1933400
2001/4/4,sh.600000,1.29,1.31,1.27,1.27,2968245
2001/4/5,sh.600000,1.27,1.30,1.27,1.29,1180372
2001/4/6,sh.600000,1.30,1.30,1.29,1.29,1262361
2001/4/9,sh.600000,1.29,1.30,1.28,1.29,808744
2001/4/10,sh.600000,1.29,1.30,1.28,1.29,822241
2001/4/11,sh.600000,1.30,1.30,1.29,1.30,1629600
2001/4/12,sh.600000,1.30,1.30,1.28,1.28,1625921
2001/4/13,sh.600000,1.28,1.30,1.27,1.29,1154418
2001/4/16,sh.600000,1.29,1.30,1.28,1.29,1731868
2001/4/17,sh.600000,1.29,1.29,1.27,1.27,1918880
2001/4/18,sh.600000,1.27,1.28,1.26,1.26,1705579
2001/4/19,sh.600000,1.26,1.27,1.25,1.25,1727365
2001/4/20,sh.600000,1.25,1.26,1.24,1.24,1495361
2001/4/23,sh.600000,1.24,1.24,1.23,1.24,1724357
2001/4/24,sh.600000,1.24,1.25,1.24,1.24,807128
2001/4/25,sh.600000,1.25,1.25,1.22,1.22,1186933
2001/4/26,sh.600000,1.21,1.22,1.21,1.21,1454180
2001/4/27,sh.600000,1.21,1.24,1.21,1.23,1110585
2001/4/30,sh.600000,1.23,1.24,1.21,1.22,635695
2001/5/8,sh.600000,1.22,1.22,1.21,1.21,882476
2001/5/9,sh.600000,1.21,1.22,1.21,1.21,1010400
2001/5/10,sh.600000,1.21,1.23,1.21,1.22,551907
2001/5/11,sh.600000,1.22,1.23,1.21,1.23,669078
2001/5/14,sh.600000,1.23,1.23,1.22,1.23,1024419
2001/5/15,sh.600000,1.24,1.24,1.23,1.23,807363
2001/5/16,sh.600000,1.23,1.25,1.23,1.24,1265016
2001/5/17,sh.600000,1.25,1.25,1.23,1.23,830092
2001/5/18,sh.600000,1.23,1.23,1.21,1.22,1504939
2001/5/21,sh.600000,1.22,1.23,1.22,1.23,1756871
2001/5/22,sh.600000,1.24,1.24,1.23,1.23,1057682
2001/5/23,sh.600000,1.23,1.24,1.23,1.24,2044574
2001/5/24,sh.600000,1.24,1.24,1.23,1.23,1284236
2001/5/25,sh.600000,1.23,1.23,1.22,1.22,1439378
2001/5/28,sh.600000,1.22,1.22,1.22,1.22,INVALID
2001/5/29,sh.600000,1.23,1.23,1.21,1.21,994111
2001/5/30,sh.600000,1.21,1.23,1.21,1.22,1535677
2001/5/31,sh.600000,1.22,1.23,1.21,1.21,1456209
2001/6/1,sh.600000,1.21,1.24,1.21,1.23,1596790
2001/6/4,sh.600000,1.23,1.23,1.22,1.22,1240780
2001/6/5,sh.600000,1.22,1.24,1.22,1.23,1016048
2001/6/6,sh.600000,1.23,1.24,1.23,1.24,1028558
2001/6/7,sh.600000,1.24,1.26,1.23,1.26,4621546
2001/6/8,sh.600000,1.26,1.26,1.25,1.25,1478652
2001/6/11,sh.600000,1.25,1.26,1.24,1.25,1240703
2001/6/12,sh.600000,1.25,1.26,1.24,1.25,1340746
2001/6/13,sh.600000,1.25,1.26,1.24,1.25,1446711
2001/6/14,sh.600000,1.25,1.26,1.22,1.23,1954140
2001/6/15,sh.600000,1.22,1.23,1.21,1.22,2210641
2001/6/18,sh.600000,1.22,1.22,1.19,1.20,2072245
2001/6/19,sh.600000,1.20,1.21,1.20,1.20,846951
2001/6/20,sh.600000,1.20,1.21,1.20,1.20,1756796
2001/6/21,sh.600000,1.21,1.22,1.21,1.21,804710
2001/6/22,sh.600000,1.22,1.23,1.22,1.23,671507
2001/6/25,sh.600000,1.23,1.23,1.22,1.23,949313
2001/6/26,sh.600000,1.23,1.23,1.22,1.22,1054525
2001/6/27,sh.600000,1.22,1.22,1.21,1.22,847953
2001/6/28,sh.600000,1.22,1.22,1.21,1.21,1029244
2001/6/29,sh.600000,1.21,1.22,1.21,1.21,618351
2001/7/2,sh.600000,1.21,1.21,1.20,1.21,476040
2001/7/3,sh.600000,1.21,1.21,1.20,1.21,594011
2001/7/4,sh.600000,1.21,1.22,1.20,1.21,427336
2001/7/5,sh.600000,1.21,1.25,1.21,1.22,1790538
2001/7/6,sh.600000,1.22,1.23,1.21,1.21,518920
2001/7/9,sh.600000,1.21,1.21,1.21,1.21,467542
2001/7/10,sh.600000,1.21,1.21,1.21,1.21,334001
2001/7/11,sh.600000,1.21,1.22,1.20,1.21,406644
2001/7/12,sh.600000,1.21,1.21,1.19,1.19,851545
2001/7/13,sh.600000,1.20,1.20,1.18,1.19,941150
2001/7/16,sh.600000,1.19,1.21,1.17,1.18,1005594
2001/7/17,sh.600000,1.18,1.18,1.15,1.16,2044587
2001/7/18,sh.600000,1.16,1.18,1.16,1.17,604555
2001/7/19,sh.600000,1.17,1.23,1.17,1.21,2371903
2001/7/20,sh.600000,1.21,1.22,1.20,1.21,1019940
2001/7/23,sh.600000,1.21,1.23,1.21,1.21,950942
2001/7/24,sh.600000,1.21,1.21,1.19,1.19,791252
2001/7/25,sh.600000,1.19,1.19,1.17,1.18,669975
2001/7/26,sh.600000,1.18,1.24,1.16,1.19,873002
2001/7/27,sh.600000,1.19,1.20,1.17,1.19,598527
2001/7/30,sh.600000,1.18,1.18,1.12,1.12,2254949
2001/7/31,sh.600000,1.11,1.13,1.07,1.08,2001826
2001/8/1,sh.600000,1.09,1.11,1.09,1.11,1200588
2001/8/2,sh.600000,1.11,1.11,1.07,1.08,998280
2001/8/3,sh.600000,1.09,1.09,1.07,1.08,816437
2001/8/6,sh.600000,1.02,1.02,0.97,0.97,7054614
2001/8/7,sh.600000,0.94,0.95,0.90,0.94,5866832
2001/8/8,sh.600000,0.94,0.94,0.92,0.92,1701193
2001/8/9,sh.600000,0.92,0.94,0.92,0.93,1146674
2001/8/10,sh.600000,0.94,0.97,0.94,0.96,1950969
2001/8/13,sh.600000,0.96,0.97,0.95,0.96,1112419
2001/8/14,sh.600000,0.96,0.98,0.96,0.96,1496391
2001/8/15,sh.600000,0.97,0.97,0.96,0.96,445721
2001/8/16,sh.600000,0.96,0.97,0.95,0.95,600792
2001/8/17,sh.600000,0.94,0.95,0.94,0.95,582390
2001/8/20,sh.600000,0.95,0.98,0.95,0.97,893142
2001/8/21,sh.600000,0.98,0.98,0.96,0.96,449690
2001/8/22,sh.600000,0.96,0.96,0.94,0.94,1019050
2001/8/23,sh.600000,0.93,0.96,0.92,0.94,540395
2001/8/24,sh.600000,0.96,0.96,0.92,0.93,780985
2001/8/27,sh.600000,0.93,0.93,0.92,0.92,1275585
2001/8/28,sh.600000,0.92,0.93,0.91,0.93,826456
2001/8/29,sh.600000,0.94,0.95,0.93,0.93,711553
2001/8/30,sh.600000,0.93,0.94,0.93,0.93,298082
2001/8/31,sh.600000,0.93,0.94,0.93,0.93,361143
2001/9/3,sh.600000,0.93,0.94,0.93,0.93,547023
2001/9/4,sh.600000,0.93,0.95,0.93,0.95,904973
2001/9/5,sh.600000,0.95,0.95,0.95,0.95,INVALID
2001/9/6,sh.600000,0.93,0.95,0.91,0.94,1245518
2001/9/7,sh.600000,0.94,0.94,0.91,0.91,883246
2001/9/10,sh.600000,0.91,0.94,0.90,0.93,1103175
2001/9/11,sh.600000,0.93,0.93,0.93,0.93,676911
2001/9/12,sh.600000,0.90,0.92,0.90,0.91,1615161
2001/9/13,sh.600000,0.91,0.92,0.91,0.91,455500
2001/9/14,sh.600000,0.92,0.92,0.90,0.90,634100
2001/9/17,sh.600000,0.90,0.90,0.88,0.88,987200
2001/9/18,sh.600000,0.88,0.90,0.88,0.89,599773
2001/9/19,sh.600000,0.89,0.95,0.88,0.94,2000385
2001/9/20,sh.600000,0.94,0.94,0.92,0.92,1620962
2001/9/21,sh.600000,0.91,0.92,0.90,0.91,481334
2001/9/24,sh.600000,0.91,0.91,0.91,0.91,463989
2001/9/25,sh.600000,0.91,0.92,0.90,0.91,486309
2001/9/26,sh.600000,0.91,0.91,0.90,0.90,544976
2001/9/27,sh.600000,0.90,0.91,0.89,0.91,342814
2001/9/28,sh.600000,0.91,0.93,0.91,0.92,665554
2001/10/8,sh.600000,0.92,0.93,0.90,0.90,479146
2001/10/9,sh.600000,0.90,0.92,0.90,0.91,384205
2001/10/10,sh.600000,0.92,0.92,0.89,0.90,699800
2001/10/11,sh.600000,0.90,0.91,0.88,0.88,817410
2001/10/12,sh.600000,0.89,0.94,0.87,0.92,1855546
2001/10/15,sh.600000,0.93,0.95,0.91,0.94,2125393
2001/10/16,sh.600000,0.94,0.95,0.92,0.94,1596784
2001/10/17,sh.600000,0.94,0.97,0.92,0.95,4146047
2001/10/18,sh.600000,0.95,0.97,0.93,0.94,1635921
2001/10/19,sh.600000,0.93,0.94,0.89,0.91,2665836
2001/10/22,sh.600000,0.91,0.93,0.89,0.90,1372050
2001/10/23,sh.600000,0.99,0.99,0.96,0.99,10829785
2001/10/24,sh.600000,1.02,1.02,0.99,0.99,8427514
2001/10/25,sh.600000,0.99,0.99,0.97,0.97,3313723
2001/10/26,sh.600000,0.97,1.00,0.97,0.99,2492263
2001/10/29,sh.600000,0.99,1.00,0.99,0.99,1414854
2001/10/30,sh.600000,0.99,0.99,0.97,0.97,919344
2001/10/31,sh.600000,0.97,0.98,0.96,0.98,741714
2001/11/1,sh.600000,0.98,0.99,0.97,0.99,998288
2001/11/2,sh.600000,0.98,0.99,0.97,0.97,676000
2001/11/5,sh.600000,0.97,0.97,0.96,0.96,926500
2001/11/6,sh.600000,0.96,0.97,0.96,0.96,696121
2001/11/7,sh.600000,0.96,0.96,0.93,0.93,1163410
2001/11/8,sh.600000,0.92,0.94,0.92,0.94,885846
2001/11/9,sh.600000,0.94,0.98,0.93,0.97,1577049
2001/11/12,sh.600000,0.97,0.98,0.96,0.96,582000
2001/11/13,sh.600000,0.95,0.97,0.94,0.95,555713
2001/11/14,sh.600000,0.95,0.97,0.95,0.96,464768
2001/11/15,sh.600000,0.96,0.97,0.95,0.96,391251
2001/11/16,sh.600000,1.02,1.03,0.97,0.97,2735576
2001/11/19,sh.600000,0.97,0.98,0.97,0.98,633857
2001/11/20,sh.600000,0.99,1.00,0.98,0.99,1958956
2001/11/21,sh.600000,0.99,1.02,0.99,1.01,3202294
2001/11/22,sh.600000,1.01,1.03,1.01,1.03,5794708
2001/11/23,sh.600000,1.03,1.03,1.02,1.03,2937541
2001/11/26,sh.600000,1.02,1.02,1.01,1.01,1056527
2001/11/27,sh.600000,1.01,1.02,1.01,1.02,719632
2001/11/28,sh.600000,1.03,1.03,1.02,1.02,1379811
2001/11/29,sh.600000,1.02,1.03,1.00,1.01,1274940
2001/11/30,sh.600000,1.01,1.01,1.00,1.01,1497877
2001/12/3,sh.600000,1.01,1.02,1.01,1.01,972762
2001/12/4,sh.600000,1.01,1.03,1.01,1.03,2448118
2001/12/5,sh.600000,1.03,1.04,1.01,1.01,1809029
2001/12/6,sh.600000,1.01,1.02,1.01,1.01,785390
2001/12/7,sh.600000,1.01,1.01,1.00,1.00,1280569
2001/12/10,sh.600000,1.00,1.01,0.99,1.00,1028673
2001/12/11,sh.600000,1.00,1.01,0.99,0.99,772166
2001/12/12,sh.600000,0.99,0.99,0.98,0.98,1203417
2001/12/13,sh.600000,0.98,0.98,0.97,0.98,948148
2001/12/14,sh.600000,0.97,0.99,0.97,0.97,550695
2001/12/17,sh.600000,0.98,0.98,0.95,0.97,1401155
2001/12/18,sh.600000,0.97,0.99,0.97,0.98,500259
2001/12/19,sh.600000,0.98,1.00,0.98,0.99,1451783
2001/12/20,sh.600000,0.98,0.99,0.96,0.96,905291
2001/12/21,sh.600000,0.96,0.97,0.95,0.96,717186
2001/12/24,sh.600000,0.95,0.96,0.93,0.93,828800
2001/12/25,sh.600000,0.93,0.94,0.92,0.93,1019270
2001/12/26,sh.600000,0.93,0.94,0.93,0.94,805584
2001/12/27,sh.600000,0.94,0.94,0.93,0.93,836434
2001/12/28,sh.600000,0.93,0.94,0.92,0.93,794626
2001/12/31,sh.600000,0.94,0.95,0.93,0.95,613500
2002/1/4,sh.600000,0.95,0.95,0.93,0.93,365536
2002/1/7,sh.600000,0.93,0.93,0.91,0.91,1057159
2002/1/8,sh.600000,0.91,0.93,0.91,0.91,590654
2002/1/9,sh.600000,0.91,0.92,0.91,0.91,701050
2002/1/10,sh.600000,0.91,0.92,0.89,0.91,1285460
2002/1/11,sh.600000,0.92,0.92,0.90,0.90,510400
2002/1/14,sh.600000,0.89,0.89,0.87,0.87,1254156
2002/1/15,sh.600000,0.87,0.88,0.86,0.86,611300
2002/1/16,sh.600000,0.86,0.88,0.84,0.87,1313046
2002/1/17,sh.600000,0.86,0.86,0.83,0.84,1208660
2002/1/18,sh.600000,0.84,0.85,0.81,0.84,1179826
2002/1/21,sh.600000,0.83,0.84,0.80,0.80,1427117
2002/1/22,sh.600000,0.80,0.82,0.79,0.79,992105
2002/1/23,sh.600000,0.79,0.84,0.79,0.84,1457101
2002/1/24,sh.600000,0.83,0.86,0.81,0.85,2199990
2002/1/25,sh.600000,0.85,0.85,0.83,0.84,818725
2002/1/28,sh.600000,0.84,0.85,0.79,0.79,1698114
2002/1/29,sh.600000,0.79,0.81,0.78,0.81,1322408
2002/1/30,sh.600000,0.81,0.81,0.80,0.80,652462
2002/1/31,sh.600000,0.88,0.88,0.84,0.86,5164874
2002/2/1,sh.600000,0.87,0.87,0.85,0.85,2178727
2002/2/4,sh.600000,0.85,0.85,0.85,0.85,INVALID
2002/2/5,sh.600000,0.87,0.89,0.87,0.88,2233017
2002/2/6,sh.600000,0.88,0.88,0.85,0.86,1393596
2002/2/7,sh.600000,0.86,0.88,0.86,0.88,1479406
2002/2/8,sh.600000,0.89,0.89,0.87,0.88,2017085
2002/2/25,sh.600000,0.88,0.89,0.86,0.86,2005538
2002/2/26,sh.600000,0.86,0.86,0.83,0.85,1903128
2002/2/27,sh.600000,0.85,0.86,0.84,0.85,793280
2002/2/28,sh.600000,0.86,0.86,0.84,0.84,623077
2002/3/1,sh.600000,0.84,0.85,0.84,0.84,565953
2002/3/4,sh.600000,0.83,0.85,0.83,0.85,375399
2002/3/5,sh.600000,0.85,0.87,0.85,0.86,1222322
2002/3/6,sh.600000,0.87,0.89,0.86,0.86,2161710
2002/3/7,sh.600000,0.86,0.90,0.86,0.90,2223363
2002/3/8,sh.600000,0.90,0.93,0.89,0.92,5486598
2002/3/11,sh.600000,0.93,0.94,0.91,0.93,3469540
2002/3/12,sh.600000,0.93,0.94,0.91,0.92,3940904
2002/3/13,sh.600000,0.91,1.01,0.91,0.98,29679731
2002/3/14,sh.600000,0.97,1.02,0.97,1.01,16066266
2002/3/15,sh.600000,1.01,1.04,0.99,0.99,9920159
2002/3/18,sh.600000,1.01,1.04,1.00,1.02,8273773
2002/3/19,sh.600000,1.01,1.04,1.01,1.03,8329421
2002/3/20,sh.600000,1.04,1.05,1.02,1.03,7631747
2002/3/21,sh.600000,1.05,1.06,1.03,1.04,7779973
2002/3/22,sh.600000,1.04,1.04,1.01,1.02,4779442
2002/3/25,sh.600000,1.03,1.03,1.01,1.03,2968930
2002/3/26,sh.600000,1.03,1.03,1.00,1.01,2853401
2002/3/27,sh.600000,1.01,1.03,1.00,1.02,2845487
2002/3/28,sh.600000,1.00,1.03,1.00,1.02,2375476
2002/3/29,sh.600000,1.02,1.02,0.99,0.99,2647894
2002/4/1,sh.600000,1.00,1.00,0.98,1.00,1420920
2002/4/2,sh.600000,1.00,1.01,0.99,0.99,1341613
2002/4/3,sh.600000,0.99,1.02,0.99,1.02,1572032
2002/4/4,sh.600000,1.02,1.03,1.01,1.03,3331599
2002/4/5,sh.600000,1.03,1.03,1.02,1.03,2042600
2002/4/8,sh.600000,1.03,1.03,1.02,1.03,1493106
2002/4/9,sh.600000,1.05,1.05,1.01,1.02,2925891
2002/4/10,sh.600000,1.02,1.03,1.01,1.02,1757954
2002/4/11,sh.600000,1.02,1.02,1.00,1.00,1460980
2002/4/12,sh.600000,1.00,1.02,1.00,1.01,1012961
2002/4/15,sh.600000,1.00,1.01,1.00,1.00,942499
2002/4/16,sh.600000,1.00,1.01,1.00,1.00,596577
2002/4/17,sh.600000,1.00,1.00,0.99,1.00,996253
2002/4/18,sh.600000,1.00,1.00,0.99,1.00,1133734
2002/4/19,sh.600000,0.99,1.02,0.98,1.01,1163919
2002/4/22,sh.600000,1.00,1.00,0.99,0.99,677659
2002/4/23,sh.600000,0.99,1.01,0.99,0.99,707522
2002/4/24,sh.600000,0.99,1.00,0.97,0.98,878722
2002/4/25,sh.600000,0.99,0.99,0.96,0.97,1397972
2002/4/26,sh.600000,0.97,0.98,0.97,0.98,1277557
2002/4/29,sh.600000,0.98,0.99,0.97,0.99,1494612
2002/4/30,sh.600000,0.98,1.02,0.98,1.00,1493985
2002/5/8,sh.600000,1.01,1.01,0.99,0.99,595982
2002/5/9,sh.600000,0.99,1.01,0.99,0.99,1003430
2002/5/10,sh.600000,1.00,1.00,0.98,0.98,564400
2002/5/13,sh.600000,0.98,0.98,0.96,0.96,1872229
2002/5/14,sh.600000,0.96,0.97,0.95,0.95,980476
2002/5/15,sh.600000,0.95,0.96,0.93,0.93,1758210
2002/5/16,sh.600000,0.93,0.93,0.91,0.91,2067600
2002/5/17,sh.600000,0.91,0.93,0.91,0.92,1008296
2002/5/20,sh.600000,0.92,0.92,0.90,0.91,1046792
2002/5/21,sh.600000,0.93,0.94,0.91,0.93,2116737
2002/5/22,sh.600000,0.93,0.93,0.91,0.91,724517
2002/5/23,sh.600000,0.92,0.93,0.91,0.91,944904
2002/5/24,sh.600000,0.91,0.91,0.89,0.90,1081874
2002/5/27,sh.600000,0.90,0.91,0.89,0.89,915800
2002/5/28,sh.600000,0.90,0.90,0.89,0.89,737703
2002/5/29,sh.600000,0.90,0.90,0.87,0.88,1535200
2002/5/30,sh.600000,0.88,0.88,0.87,0.88,954190
2002/5/31,sh.600000,0.88,0.89,0.87,0.87,643415
2002/6/3,sh.600000,0.87,0.87,0.85,0.86,643715
2002/6/4,sh.600000,0.86,0.89,0.86,0.88,1850343
2002/6/5,sh.600000,0.87,0.88,0.86,0.86,875950
2002/6/6,sh.600000,0.86,0.90,0.86,0.89,1255187
2002/6/7,sh.600000,0.89,0.90,0.88,0.89,995670
2002/6/10,sh.600000,0.89,0.91,0.89,0.89,574159
2002/6/11,sh.600000,0.89,0.90,0.89,0.90,620994
2002/6/12,sh.600000,0.90,0.90,0.88,0.89,421563
2002/6/13,sh.600000,0.89,0.89,0.88,0.88,462400
2002/6/14,sh.600000,0.88,0.88,0.87,0.87,462600
2002/6/17,sh.600000,0.87,0.87,0.86,0.87,303230
2002/6/18,sh.600000,0.87,0.90,0.87,0.89,773244
2002/6/19,sh.600000,0.89,0.89,0.88,0.88,271120
2002/6/20,sh.600000,0.91,0.91,0.89,0.89,366207
2002/6/21,sh.600000,0.90,0.93,0.90,0.93,2142347
2002/6/24,sh.600000,1.02,1.02,0.99,1.02,12637486
2002/6/25,sh.600000,1.02,1.11,1.01,1.05,20974324
2002/6/26,sh.600000,1.04,1.06,1.03,1.03,6429693
2002/6/27,sh.600000,1.03,1.05,1.03,1.04,3354266
2002/6/28,sh.600000,1.04,1.04,1.04,1.04,INVALID
2002/7/1,sh.600000,1.08,1.10,1.05,1.05,10917007
2002/7/2,sh.600000,1.04,1.07,1.04,1.06,3237587
2002/7/3,sh.600000,1.06,1.08,1.06,1.07,4525165
2002/7/4,sh.600000,1.07,1.08,1.05,1.05,3155119
2002/7/5,sh.600000,1.05,1.06,1.04,1.05,1752252
2002/7/8,sh.600000,1.06,1.07,1.05,1.05,1659602
2002/7/9,sh.600000,1.05,1.06,1.04,1.05,1913645
2002/7/10,sh.600000,1.05,1.05,1.02,1.02,3366399
2002/7/11,sh.600000,1.02,1.03,1.02,1.02,1667544
2002/7/12,sh.600000,1.02,1.03,1.02,1.02,988900
2002/7/15,sh.600000,1.02,1.05,1.01,1.05,1994088
2002/7/16,sh.600000,1.03,1.06,1.03,1.04,2326480
2002/7/17,sh.600000,1.04,1.05,1.03,1.05,1033398
2002/7/18,sh.600000,1.05,1.06,1.04,1.05,2182128
2002/7/19,sh.600000,1.05,1.08,1.05,1.08,6368661
2002/7/22,sh.600000,1.08,1.08,1.05,1.05,2710959
2002/7/23,sh.600000,1.05,1.08,1.04,1.06,5505842
2002/7/24,sh.600000,1.06,1.08,1.06,1.07,3398660
2002/7/25,sh.600000,1.07,1.08,1.05,1.05,2415973
2002/7/26,sh.600000,1.04,1.05,1.03,1.04,2351803
2002/7/29,sh.600000,1.03,1.05,1.03,1.04,1421535
2002/7/30,sh.600000,1.04,1.08,1.04,1.07,4436266
2002/7/31,sh.600000,1.06,1.08,1.05,1.06,2952288
2002/8/1,sh.600000,1.06,1.07,1.04,1.06,990131
2002/8/2,sh.600000,1.06,1.07,1.05,1.06,1715826
2002/8/5,sh.600000,1.06,1.06,1.04,1.04,1398827
2002/8/6,sh.600000,1.04,1.06,1.04,1.05,1375739
2002/8/7,sh.600000,1.06,1.06,1.05,1.06,709246
2002/8/8,sh.600000,1.06,1.07,1.06,1.06,1829524
2002/8/9,sh.600000,1.04,1.06,1.04,1.05,1250502
2002/8/12,sh.600000,1.05,1.05,1.04,1.05,1036459
2002/8/13,sh.600000,1.05,1.05,1.02,1.03,4657940
2002/8/14,sh.600000,1.02,1.03,1.01,1.03,2207985
2002/8/15,sh.600000,1.03,1.03,1.02,1.03,602203
2002/8/16,sh.600000,1.03,1.03,1.02,1.03,1083791
2002/8/19,sh.600000,1.03,1.05,1.03,1.05,2032116
2002/8/20,sh.600000,1.05,1.11,1.05,1.10,18699277
2002/8/21,sh.600000,1.10,1.13,1.09,1.12,19764031
2002/8/22,sh.600000,1.13,1.14,1.12,1.13,10687260
2002/8/23,sh.600000,1.13,1.19,1.13,1.18,31843137
2002/8/26,sh.600000,1.18,1.18,1.16,1.17,12008659
2002/8/27,sh.600000,1.17,1.18,1.15,1.16,11937390
2002/8/28,sh.600000,1.15,1.17,1.15,1.16,4317679
2002/8/29,sh.600000,1.16,1.17,1.15,1.15,4990494
2002/8/30,sh.600000,1.15,1.15,1.14,1.15,2610256
2002/9/2,sh.600000,1.15,1.16,1.14,1.15,2873662
2002/9/3,sh.600000,1.16,1.20,1.16,1.20,12725745
2002/9/4,sh.600000,1.20,1.20,1.17,1.18,6662305
2002/9/5,sh.600000,1.18,1.18,1.14,1.16,9013100
2002/9/6,sh.600000,1.15,1.16,1.14,1.14,4573314
2002/9/9,sh.600000,1.14,1.14,1.12,1.13,5374321
2002/9/10,sh.600000,1.12,1.14,1.12,1.13,2778381
2002/9/11,sh.600000,1.14,1.15,1.12,1.14,4238321
2002/9/12,sh.600000,1.13,1.15,1.12,1.13,2004930
2002/9/13,sh.600000,1.13,1.14,1.13,1.13,1399350
2002/9/16,sh.600000,1.13,1.13,1.09,1.09,5812436
2002/9/17,sh.600000,1.10,1.11,1.08,1.10,2796454
2002/9/18,sh.600000,1.10,1.10,1.09,1.09,1316618
2002/9/19,sh.600000,1.09,1.12,1.07,1.11,3372809
2002/9/20,sh.600000,1.11,1.11,1.11,1.11,INVALID
2002/9/23,sh.600000,1.09,1.11,1.08,1.09,1540394
2002/9/24,sh.600000,1.09,1.10,1.09,1.09,1187984
2002/9/25,sh.600000,1.09,1.11,1.09,1.10,1484149
2002/9/26,sh.600000,1.09,1.11,1.09,1.10,1394643
2002/9/27,sh.600000,1.11,1.11,1.09,1.09,4171824
2002/10/8,sh.600000,1.09,1.09,1.06,1.06,2023850
2002/10/9,sh.600000,1.06,1.07,1.04,1.05,1496401
2002/10/10,sh.600000,1.05,1.06,1.01,1.01,3146705
2002/10/11,sh.600000,1.02,1.03,0.99,1.00,2706783
2002/10/14,sh.600000,0.99,1.00,0.97,0.99,1687226
2002/10/15,sh.600000,0.99,1.00,0.97,0.98,1887584
2002/10/16,sh.600000,0.98,1.01,0.98,1.01,2195555
2002/10/17,sh.600000,1.01,1.01,0.98,0.98,1859287
2002/10/18,sh.600000,0.98,1.00,0.98,1.00,1259724
2002/10/21,sh.600000,1.00,1.01,0.99,1.00,1014910
2002/10/22,sh.600000,1.01,1.03,1.00,1.02,2626406
2002/10/23,sh.600000,1.03,1.04,1.01,1.01,2257136
2002/10/24,sh.600000,1.02,1.02,1.00,1.00,1416799
2002/10/25,sh.600000,1.00,1.01,0.99,0.99,1089334
2002/10/28,sh.600000,0.99,0.99,0.96,0.98,1949334
2002/10/29,sh.600000,0.98,0.99,0.97,0.99,1115961
2002/10/30,sh.600000,0.92,0.99,0.92,0.98,534602
2002/10/31,sh.600000,0.98,1.00,0.98,0.99,1295967
2002/11/1,sh.600000,0.98,0.99,0.98,0.99,604067
2002/11/4,sh.600000,1.00,1.01,0.99,1.01,1963706
2002/11/5,sh.600000,1.02,1.05,1.01,1.03,4341196
2002/11/6,sh.600000,1.04,1.04,1.02,1.03,1839992
2002/11/7,sh.600000,1.03,1.04,1.03,1.04,2665225
2002/11/8,sh.600000,1.06,1.07,1.01,1.01,5477896
2002/11/11,sh.600000,1.01,1.02,0.98,0.99,4601282
2002/11/12,sh.600000,0.99,1.01,0.98,1.00,6271528
2002/11/13,sh.600000,0.99,1.00,0.98,1.00,2128829
2002/11/14,sh.600000,1.00,1.00,0.98,0.98,1417220
2002/11/15,sh.600000,0.98,1.00,0.98,0.99,1735623
2002/11/18,sh.600000,0.99,1.01,0.98,0.99,2068829
2002/11/19,sh.600000,0.98,0.99,0.98,0.99,1551906
2002/11/20,sh.600000,0.99,0.99,0.96,0.96,2371358
2002/11/21,sh.600000,0.96,0.96,0.93,0.94,2490430
2002/11/22,sh.600000,0.94,0.96,0.92,0.94,2089198
2002/11/25,sh.600000,0.94,0.97,0.93,0.94,865298
2002/11/26,sh.600000,0.95,0.95,0.92,0.93,1129990
2002/11/27,sh.600000,0.92,0.93,0.91,0.92,2318872
2002/11/28,sh.600000,0.93,0.95,0.92,0.95,1380189
2002/11/29,sh.600000,0.95,0.97,0.94,0.95,3043763
2002/12/2,sh.600000,0.95,0.95,0.93,0.93,1492170
2002/12/3,sh.600000,0.93,0.94,0.92,0.94,743574
2002/12/4,sh.600000,0.94,0.96,0.94,0.94,1226514
2002/12/5,sh.600000,0.94,0.94,0.92,0.93,1617489
2002/12/6,sh.600000,0.93,0.94,0.92,0.93,572710
2002/12/9,sh.600000,0.93,0.93,0.92,0.93,809550
2002/12/10,sh.600000,0.93,0.93,0.92,0.92,1286706
2002/12/11,sh.600000,0.92,0.92,0.91,0.92,846635
2002/12/12,sh.600000,0.92,0.94,0.91,0.91,2397979
2002/12/13,sh.600000,0.91,0.92,0.90,0.91,1180957
2002/12/16,sh.600000,0.92,0.92,0.91,0.92,1376316
2002/12/17,sh.600000,0.92,0.93,0.91,0.92,1694605
2002/12/18,sh.600000,0.92,0.93,0.92,0.92,1208250
2002/12/19,sh.600000,0.92,0.92,0.91,0.92,601238
2002/12/20,sh.600000,0.92,0.93,0.91,0.93,1232421
2002/12/23,sh.600000,0.92,0.94,0.92,0.93,1315959
2002/12/24,sh.600000,0.93,0.93,0.91,0.92,1531440
2002/12/25,sh.600000,0.92,0.92,0.91,0.91,1545164
2002/12/26,sh.600000,0.91,0.91,0.88,0.89,2219125
2002/12/27,sh.600000,0.88,0.89,0.86,0.87,1821746
2002/12/30,sh.600000,0.83,0.93,0.82,0.89,8053978
2002/12/31,sh.600000,0.92,0.92,0.85,0.91,14351902
2003/1/2,sh.600000,0.87,0.87,0.83,0.85,6175312
2003/1/3,sh.600000,0.85,0.85,0.85,0.85,INVALID
2003/1/6,sh.600000,0.85,0.85,0.85,0.85,INVALID
2003/1/7,sh.600000,0.85,0.85,0.85,0.85,INVALID
2003/1/8,sh.600000,0.85,0.85,0.85,0.85,INVALID
2003/1/9,sh.600000,0.85,0.87,0.83,0.86,16252118
2003/1/10,sh.600000,0.86,0.92,0.86,0.89,20616171
2003/1/13,sh.600000,0.88,0.89,0.85,0.86,9862046
2003/1/14,sh.600000,0.86,0.94,0.85,0.94,35624785
2003/1/15,sh.600000,0.94,0.95,0.90,0.92,18500975
2003/1/16,sh.600000,0.92,0.93,0.90,0.92,15488144
2003/1/17,sh.600000,0.92,0.96,0.92,0.94,33774314
2003/1/20,sh.600000,0.87,0.93,0.87,0.91,116581066
2003/1/21,sh.600000,0.91,0.93,0.89,0.89,40029833
2003/1/22,sh.600000,0.89,0.91,0.87,0.89,22383406
2003/1/23,sh.600000,0.89,0.90,0.88,0.88,9221879
2003/1/24,sh.600000,0.88,0.91,0.88,0.91,19975811
2003/1/27,sh.600000,0.91,0.94,0.91,0.93,33974484
2003/1/28,sh.600000,0.92,0.94,0.92,0.94,16721870
2003/1/29,sh.600000,0.94,0.97,0.94,0.95,34367124
2003/2/10,sh.600000,0.95,0.95,0.92,0.93,13594932
2003/2/11,sh.600000,0.92,0.94,0.92,0.94,7363902
2003/2/12,sh.600000,0.94,0.95,0.93,0.95,9994323
2003/2/13,sh.600000,0.95,0.96,0.93,0.93,14343147
2003/2/14,sh.600000,0.93,0.95,0.93,0.93,8957230
2003/2/17,sh.600000,0.93,0.94,0.92,0.92,10980561
2003/2/18,sh.600000,0.92,0.93,0.91,0.92,12975956
2003/2/19,sh.600000,0.92,0.92,0.91,0.92,7187176
2003/2/20,sh.600000,0.92,0.93,0.91,0.92,7126387
2003/2/21,sh.600000,0.92,0.92,0.88,0.89,12541191
2003/2/24,sh.600000,0.88,0.90,0.88,0.89,6229956
2003/2/25,sh.600000,0.88,0.91,0.87,0.90,7620862
2003/2/26,sh.600000,0.90,0.91,0.90,0.90,6114314
2003/2/27,sh.600000,0.91,0.92,0.90,0.92,11331997
2003/2/28,sh.600000,0.92,0.92,0.90,0.90,8520455
2003/3/3,sh.600000,0.91,0.92,0.90,0.91,3291616
2003/3/4,sh.600000,0.91,0.93,0.91,0.93,14597064
2003/3/5,sh.600000,0.93,0.93,0.91,0.92,5689559
2003/3/6,sh.600000,0.92,0.92,0.90,0.91,6582164
2003/3/7,sh.600000,0.90,0.91,0.90,0.91,4735706
2003/3/10,sh.600000,0.91,0.91,0.89,0.89,6386023
2003/3/11,sh.600000,0.89,0.90,0.89,0.89,6575833
2003/3/12,sh.600000,0.89,0.90,0.89,0.90,3577658
2003/3/13,sh.600000,0.90,0.91,0.89,0.90,4761882
2003/3/14,sh.600000,0.90,0.91,0.89,0.90,2841542
2003/3/17,sh.600000,0.90,0.90,0.89,0.90,4587254
2003/3/18,sh.600000,0.90,0.93,0.90,0.91,14080684
2003/3/19,sh.600000,0.91,0.96,0.91,0.94,36964877
2003/3/20,sh.600000,0.94,0.95,0.93,0.94,24013578
2003/3/21,sh.600000,0.94,0.97,0.94,0.96,26601317
2003/3/24,sh.600000,0.96,0.97,0.95,0.96,17338556
2003/3/25,sh.600000,0.96,0.96,0.94,0.95,14298488
2003/3/26,sh.600000,0.95,0.98,0.94,0.96,24322382
2003/3/27,sh.600000,0.96,1.02,0.95,1.00,34172348
2003/3/28,sh.600000,1.00,1.02,1.00,1.01,34222897
2003/3/31,sh.600000,1.01,1.03,1.00,1.03,19916482
2003/4/1,sh.600000,1.03,1.05,1.01,1.03,26178788
2003/4/2,sh.600000,1.03,1.03,1.02,1.03,12150936
2003/4/3,sh.600000,1.03,1.03,1.00,1.01,14263189
2003/4/4,sh.600000,1.00,1.04,1.00,1.04,17286134
2003/4/7,sh.600000,1.04,1.07,1.04,1.04,27955634
2003/4/8,sh.600000,1.04,1.06,1.03,1.05,13103448
2003/4/9,sh.600000,1.05,1.10,1.04,1.08,29247662
2003/4/10,sh.600000,1.09,1.11,1.06,1.08,31914726
2003/4/11,sh.600000,1.09,1.11,1.08,1.09,22867127
2003/4/14,sh.600000,1.10,1.15,1.08,1.14,40222809
2003/4/15,sh.600000,1.14,1.17,1.12,1.15,23582450
2003/4/16,sh.600000,1.15,1.25,1.15,1.19,62459966
2003/4/17,sh.600000,1.19,1.21,1.15,1.17,31091088
2003/4/18,sh.600000,1.18,1.20,1.12,1.13,23871491
2003/4/21,sh.600000,1.14,1.14,1.09,1.11,33960161
2003/4/22,sh.600000,1.11,1.13,1.10,1.12,11885380
2003/4/23,sh.600000,1.12,1.12,1.10,1.10,16839043
2003/4/24,sh.600000,1.09,1.10,1.03,1.05,30934775
2003/4/25,sh.600000,1.05,1.05,1.05,1.05,INVALID
2003/4/28,sh.600000,1.06,1.15,1.04,1.15,50778626
2003/4/29,sh.600000,1.15,1.15,1.15,1.15,INVALID
2003/4/30,sh.600000,1.20,1.21,1.16,1.19,60584539
2003/5/12,sh.600000,1.19,1.28,1.16,1.26,45508771
2003/5/13,sh.600000,1.26,1.28,1.19,1.20,56370527
2003/5/14,sh.600000,1.19,1.24,1.18,1.23,27955270
2003/5/15,sh.600000,1.23,1.26,1.21,1.24,27138837
2003/5/16,sh.600000,1.24,1.28,1.22,1.25,20389465
2003/5/19,sh.600000,1.25,1.25,1.21,1.22,17961488
2003/5/20,sh.600000,1.21,1.22,1.19,1.19,16383516
2003/5/21,sh.600000,1.19,1.22,1.19,1.20,12182843
2003/5/22,sh.600000,1.19,1.26,1.19,1.26,26547685
2003/5/23,sh.600000,1.26,1.28,1.24,1.25,30656079
2003/5/26,sh.600000,1.25,1.28,1.24,1.27,24897680
2003/5/27,sh.600000,1.28,1.31,1.27,1.28,27548434
2003/5/28,sh.600000,1.28,1.30,1.23,1.24,21135222
2003/5/29,sh.600000,1.23,1.24,1.21,1.23,18835574
2003/5/30,sh.600000,1.23,1.25,1.22,1.23,14714249
2003/6/2,sh.600000,1.23,1.24,1.21,1.24,8962685
2003/6/3,sh.600000,1.24,1.25,1.21,1.21,11268409
2003/6/4,sh.600000,1.21,1.24,1.20,1.23,13189398
2003/6/5,sh.600000,1.23,1.25,1.21,1.21,8716086
2003/6/6,sh.600000,1.21,1.22,1.19,1.19,11487917
2003/6/9,sh.600000,1.19,1.20,1.15,1.16,11874312
2003/6/10,sh.600000,1.16,1.18,1.15,1.16,11935770
2003/6/11,sh.600000,1.16,1.19,1.16,1.19,10151698
2003/6/12,sh.600000,1.20,1.20,1.16,1.17,5616708
2003/6/13,sh.600000,1.17,1.19,1.16,1.18,10409956
2003/6/16,sh.600000,1.18,1.18,1.15,1.15,7404841
2003/6/17,sh.600000,1.15,1.15,1.13,1.13,14430424
2003/6/18,sh.600000,1.13,1.14,1.12,1.13,15106061
2003/6/19,sh.600000,1.13,1.15,1.12,1.14,13677133
2003/6/20,sh.600000,1.14,1.15,1.11,1.11,9476696
2003/6/23,sh.600000,1.11,1.12,1.09,1.10,8765744
2003/6/24,sh.600000,1.09,1.11,1.08,1.09,8774040
2003/6/25,sh.600000,1.09,1.10,1.07,1.07,7867993
2003/6/26,sh.600000,1.07,1.11,1.06,1.09,15873335
2003/6/27,sh.600000,1.09,1.10,1.07,1.08,8218960
2003/6/30,sh.600000,1.07,1.10,1.07,1.08,5711942
2003/7/1,sh.600000,1.08,1.11,1.08,1.09,11071817
2003/7/2,sh.600000,1.09,1.12,1.08,1.12,9744458
2003/7/3,sh.600000,1.12,1.12,1.10,1.11,6808429
2003/7/4,sh.600000,1.11,1.11,1.08,1.09,9763576
2003/7/7,sh.600000,1.07,1.09,1.07,1.09,5204960
2003/7/8,sh.600000,1.09,1.11,1.08,1.10,4679305
2003/7/9,sh.600000,1.09,1.10,1.07,1.08,4184799
2003/7/10,sh.600000,1.08,1.12,1.07,1.11,14960027
2003/7/11,sh.600000,1.11,1.13,1.10,1.12,14451579
2003/7/14,sh.600000,1.12,1.12,1.11,1.11,3476020
2003/7/15,sh.600000,1.11,1.13,1.11,1.12,5579972
2003/7/16,sh.600000,1.12,1.14,1.12,1.13,4577348
2003/7/17,sh.600000,1.13,1.15,1.12,1.14,10850593
2003/7/18,sh.600000,1.14,1.14,1.10,1.11,11299943
2003/7/21,sh.600000,1.10,1.10,1.09,1.09,5635530
2003/7/22,sh.600000,1.10,1.11,1.06,1.07,17978200
2003/7/23,sh.600000,1.07,1.08,1.06,1.07,5261093
2003/7/24,sh.600000,1.07,1.07,1.06,1.07,5448269
2003/7/25,sh.600000,1.06,1.07,1.04,1.05,8215006
2003/7/28,sh.600000,1.04,1.04,1.02,1.03,10566640
2003/7/29,sh.600000,1.03,1.04,1.03,1.04,6146181
2003/7/30,sh.600000,1.04,1.04,1.02,1.03,4896346
2003/7/31,sh.600000,1.03,1.04,1.02,1.03,5798689
2003/8/1,sh.600000,1.03,1.04,1.02,1.04,5074928
2003/8/4,sh.600000,1.04,1.06,1.03,1.06,6013722
2003/8/5,sh.600000,1.06,1.06,1.05,1.05,2574495
2003/8/6,sh.600000,1.05,1.05,1.03,1.04,3729625
2003/8/7,sh.600000,1.03,1.07,1.03,1.05,5378191
2003/8/8,sh.600000,1.05,1.05,1.03,1.03,3770945
2003/8/11,sh.600000,1.03,1.04,1.02,1.04,2133073
2003/8/12,sh.600000,1.04,1.05,1.04,1.05,3350981
2003/8/13,sh.600000,1.05,1.05,1.03,1.03,2057218
2003/8/14,sh.600000,1.03,1.04,1.02,1.02,4236354
2003/8/15,sh.600000,1.02,1.03,1.01,1.01,5196086
2003/8/18,sh.600000,1.01,1.02,1.00,1.01,1945242
2003/8/19,sh.600000,1.00,1.02,1.00,1.01,2393905
2003/8/20,sh.600000,1.01,1.01,1.00,1.00,2706216
2003/8/21,sh.600000,1.00,1.01,0.99,0.99,2172229
2003/8/22,sh.600000,0.99,1.02,0.97,0.98,4773966
2003/8/25,sh.600000,0.95,0.97,0.95,0.96,3775764
2003/8/26,sh.600000,0.96,0.97,0.95,0.96,3815645
2003/8/27,sh.600000,0.97,0.97,0.95,0.96,3420550
2003/8/28,sh.600000,0.98,0.98,0.94,0.94,5369477
2003/8/29,sh.600000,0.94,0.96,0.94,0.96,3276130
2003/9/1,sh.600000,0.96,0.98,0.95,0.98,6289890
2003/9/2,sh.600000,0.97,0.98,0.95,0.96,4124965
2003/9/3,sh.600000,0.96,0.97,0.95,0.96,3977754
2003/9/4,sh.600000,0.96,0.97,0.95,0.96,3670714
2003/9/5,sh.600000,0.96,0.96,0.93,0.94,4464100
2003/9/8,sh.600000,0.94,0.94,0.92,0.93,6478858
2003/9/9,sh.600000,0.93,0.93,0.91,0.93,6825738
2003/9/10,sh.600000,0.93,0.94,0.92,0.94,4730687
2003/9/11,sh.600000,0.94,0.95,0.93,0.94,4934550
2003/9/12,sh.600000,0.94,0.94,0.91,0.93,5967081
2003/9/15,sh.600000,0.93,0.93,0.89,0.90,6964057
2003/9/16,sh.600000,0.90,0.90,0.87,0.89,7398328
2003/9/17,sh.600000,0.89,0.89,0.87,0.87,6019750
2003/9/18,sh.600000,0.87,0.88,0.86,0.88,6832954
2003/9/19,sh.600000,0.89,0.91,0.88,0.90,13317289
2003/9/22,sh.600000,0.90,0.90,0.88,0.89,3830107
2003/9/23,sh.600000,0.89,0.93,0.88,0.93,16618246
2003/9/24,sh.600000,0.93,0.94,0.92,0.93,9644024
2003/9/25,sh.600000,0.93,0.93,0.91,0.92,5486933
2003/9/26,sh.600000,0.92,0.93,0.91,0.92,4349112
2003/9/29,sh.600000,0.91,0.91,0.87,0.88,6765462
2003/9/30,sh.600000,0.88,0.89,0.86,0.88,4910949
2003/10/8,sh.600000,0.89,0.89,0.87,0.88,2158871
2003/10/9,sh.600000,0.88,0.89,0.88,0.88,1957430
2003/10/10,sh.600000,0.88,0.91,0.86,0.90,8449327
2003/10/13,sh.600000,0.90,0.91,0.90,0.90,6483809
2003/10/14,sh.600000,0.90,0.90,0.88,0.88,5104605
2003/10/15,sh.600000,0.88,0.90,0.85,0.86,13650211
2003/10/16,sh.600000,0.85,0.86,0.85,0.85,4054134
2003/10/17,sh.600000,0.85,0.87,0.85,0.87,6011149
2003/10/20,sh.600000,0.87,0.87,0.85,0.85,1904750
2003/10/21,sh.600000,0.85,0.86,0.82,0.84,9853369
2003/10/22,sh.600000,0.84,0.87,0.83,0.86,11765009
2003/10/23,sh.600000,0.86,0.87,0.85,0.86,9312222
2003/10/24,sh.600000,0.86,0.86,0.84,0.84,7146780
2003/10/27,sh.600000,0.85,0.85,0.83,0.84,6875962
2003/10/28,sh.600000,0.84,0.86,0.83,0.85,6288540
2003/10/29,sh.600000,0.87,0.89,0.85,0.89,16433465
2003/10/30,sh.600000,0.89,0.89,0.87,0.87,6552419
2003/10/31,sh.600000,0.87,0.89,0.86,0.87,3521713
2003/11/3,sh.600000,0.87,0.89,0.87,0.88,4301995
2003/11/4,sh.600000,0.88,0.93,0.88,0.90,18421626
2003/11/5,sh.600000,0.90,0.92,0.89,0.90,7833897
2003/11/6,sh.600000,0.90,0.91,0.87,0.87,7837014
2003/11/7,sh.600000,0.87,0.87,0.85,0.85,6452468
2003/11/10,sh.600000,0.85,0.86,0.84,0.86,5381571
2003/11/11,sh.600000,0.86,0.87,0.84,0.85,4099820
2003/11/12,sh.600000,0.82,0.83,0.80,0.81,10835536
2003/11/13,sh.600000,0.81,0.82,0.80,0.81,5566285
2003/11/14,sh.600000,0.81,0.83,0.81,0.82,2352385
2003/11/17,sh.600000,0.82,0.82,0.81,0.81,2458029
2003/11/18,sh.600000,0.82,0.82,0.79,0.80,2668913
2003/11/19,sh.600000,0.80,0.82,0.79,0.81,2986999
2003/11/20,sh.600000,0.81,0.84,0.81,0.84,6255895
2003/11/21,sh.600000,0.84,0.87,0.83,0.83,7863385
2003/11/24,sh.600000,0.84,0.88,0.83,0.88,12765063
2003/11/25,sh.600000,0.88,0.91,0.88,0.89,20139683
2003/11/26,sh.600000,0.88,0.88,0.87,0.88,6050809
2003/11/27,sh.600000,0.88,0.89,0.86,0.86,5497777
2003/11/28,sh.600000,0.86,0.87,0.86,0.86,3758391
2003/12/1,sh.600000,0.87,0.90,0.87,0.90,9502284
2003/12/2,sh.600000,0.90,0.91,0.89,0.89,7735663
2003/12/3,sh.600000,0.89,0.90,0.87,0.89,17969953
2003/12/4,sh.600000,0.89,0.92,0.89,0.91,22879906
2003/12/5,sh.600000,0.91,0.92,0.90,0.91,8270190
2003/12/8,sh.600000,0.91,0.92,0.88,0.89,7116145
2003/12/9,sh.600000,0.90,0.90,0.87,0.89,5646898
2003/12/10,sh.600000,0.92,0.95,0.90,0.92,33204783
2003/12/11,sh.600000,0.94,0.95,0.93,0.95,35455597
2003/12/12,sh.600000,0.95,0.95,0.95,0.95,INVALID
2003/12/15,sh.600000,0.95,0.96,0.94,0.95,16148321
2003/12/16,sh.600000,0.94,0.94,0.91,0.93,10076929
2003/12/17,sh.600000,0.93,0.94,0.92,0.93,6867643
2003/12/18,sh.600000,0.92,0.93,0.91,0.93,5461276
2003/12/19,sh.600000,0.93,0.94,0.90,0.93,10245891
2003/12/22,sh.600000,0.93,0.96,0.90,0.96,17063533
2003/12/23,sh.600000,0.97,0.98,0.96,0.97,13748471
2003/12/24,sh.600000,0.97,1.00,0.97,0.98,13916074
2003/12/25,sh.600000,0.98,0.98,0.96,0.96,7883603
2003/12/26,sh.600000,0.96,0.97,0.96,0.97,7690336
2003/12/29,sh.600000,0.97,0.97,0.95,0.96,8750159
2003/12/30,sh.600000,0.96,0.98,0.95,0.98,10050617
2003/12/31,sh.600000,0.97,0.99,0.95,0.98,11393676
2004/1/2,sh.600000,0.96,0.99,0.96,0.97,11565225
2004/1/5,sh.600000,0.97,1.03,0.97,1.02,20455286
2004/1/6,sh.600000,1.02,1.08,1.02,1.05,29360563
2004/1/7,sh.600000,1.06,1.09,1.05,1.07,16976864
2004/1/8,sh.600000,1.07,1.09,1.06,1.08,10316970
2004/1/9,sh.600000,1.08,1.10,1.05,1.06,19347104
2004/1/12,sh.600000,1.06,1.11,1.06,1.11,21750663
2004/1/13,sh.600000,1.11,1.12,1.07,1.09,12727758
2004/1/14,sh.600000,1.09,1.09,1.05,1.06,10851647
2004/1/15,sh.600000,1.05,1.07,1.05,1.05,6788821
2004/1/16,sh.600000,1.06,1.06,1.05,1.06,7761318
2004/1/29,sh.600000,1.06,1.09,1.04,1.08,7123790
2004/1/30,sh.600000,1.08,1.08,1.04,1.04,7434862
2004/2/2,sh.600000,1.10,1.11,1.05,1.08,15618424
2004/2/3,sh.600000,1.08,1.10,1.07,1.10,11308868
2004/2/4,sh.600000,1.10,1.13,1.10,1.11,16943367
2004/2/5,sh.600000,1.22,1.22,1.12,1.13,23727371
2004/2/6,sh.600000,1.13,1.16,1.11,1.13,19576688
2004/2/9,sh.600000,1.12,1.15,1.12,1.15,7197401
2004/2/10,sh.600000,1.15,1.16,1.11,1.11,10853414
2004/2/11,sh.600000,1.11,1.12,1.08,1.09,12827484
2004/2/12,sh.600000,1.09,1.10,1.06,1.07,16046794
2004/2/13,sh.600000,1.07,1.09,1.06,1.07,8563082
2004/2/16,sh.600000,1.07,1.11,1.07,1.11,7961608
2004/2/17,sh.600000,1.11,1.11,1.09,1.09,8845753
2004/2/18,sh.600000,1.09,1.12,1.07,1.09,12777858
2004/2/19,sh.600000,1.09,1.10,1.06,1.07,12576189
2004/2/20,sh.600000,1.07,1.09,1.06,1.09,11090699
2004/2/23,sh.600000,1.09,1.09,1.04,1.05,20881961
2004/2/24,sh.600000,1.04,1.04,1.00,1.02,15725679
2004/2/25,sh.600000,1.02,1.03,0.99,0.99,14327031
2004/2/26,sh.600000,0.98,1.00,0.98,1.00,7121803
2004/2/27,sh.600000,1.01,1.02,0.99,1.01,10808644
2004/3/1,sh.600000,1.01,1.01,0.98,1.00,12768156
2004/3/2,sh.600000,1.00,1.02,1.00,1.01,10942129
2004/3/3,sh.600000,1.02,1.03,1.00,1.00,8026108
2004/3/4,sh.600000,0.99,1.01,0.98,1.01,7254816
2004/3/5,sh.600000,1.01,1.02,0.99,0.99,4528478
2004/3/8,sh.600000,0.99,0.99,0.96,0.96,7089919
2004/3/9,sh.600000,0.96,0.97,0.95,0.96,7144365
2004/3/10,sh.600000,0.96,1.00,0.96,1.00,8825538
2004/3/11,sh.600000,1.00,1.01,0.99,1.00,9587131
2004/3/12,sh.600000,1.00,1.01,0.98,0.98,7707684
2004/3/15,sh.600000,0.98,1.03,0.98,1.03,14434661
2004/3/16,sh.600000,1.03,1.03,1.02,1.03,12631518
2004/3/17,sh.600000,1.03,1.04,1.02,1.04,13042854
2004/3/18,sh.600000,1.04,1.05,1.01,1.02,13302129
2004/3/19,sh.600000,1.02,1.03,1.01,1.02,12042229
2004/3/22,sh.600000,1.03,1.05,1.02,1.05,15386398
2004/3/23,sh.600000,1.05,1.05,1.03,1.04,15114913
2004/3/24,sh.600000,1.03,1.03,1.02,1.02,10584069
2004/3/25,sh.600000,1.02,1.05,1.02,1.03,11085719
2004/3/26,sh.600000,1.03,1.04,1.02,1.03,5064664
2004/3/29,sh.600000,1.02,1.03,1.02,1.02,4337715
2004/3/30,sh.600000,1.02,1.02,1.02,1.02,INVALID
2004/3/31,sh.600000,1.02,1.02,1.00,1.01,6450450
2004/4/1,sh.600000,1.01,1.03,1.01,1.03,7045292
2004/4/2,sh.600000,1.03,1.04,1.03,1.03,7458130
2004/4/5,sh.600000,1.04,1.05,1.03,1.04,7952693
2004/4/6,sh.600000,1.04,1.05,1.02,1.03,9634859
2004/4/7,sh.600000,1.04,1.04,1.02,1.02,10079262
2004/4/8,sh.600000,1.02,1.02,0.98,0.98,28310621
2004/4/9,sh.600000,0.98,0.99,0.96,0.97,14565252
2004/4/12,sh.600000,0.96,0.98,0.96,0.98,5962460
2004/4/13,sh.600000,0.98,0.98,0.95,0.96,8639602
2004/4/14,sh.600000,0.95,0.96,0.93,0.94,8675317
2004/4/15,sh.600000,0.94,0.95,0.93,0.94,6277714
2004/4/16,sh.600000,0.94,0.96,0.93,0.96,6198558
2004/4/19,sh.600000,0.96,0.96,0.94,0.95,4388665
2004/4/20,sh.600000,0.94,0.97,0.94,0.95,6344159
2004/4/21,sh.600000,0.95,0.97,0.93,0.93,9157280
2004/4/22,sh.600000,0.93,0.95,0.93,0.93,9668407
2004/4/23,sh.600000,0.94,0.94,0.91,0.91,12128162
2004/4/26,sh.600000,0.92,0.93,0.91,0.93,3790412
2004/4/27,sh.600000,0.93,0.95,0.93,0.93,4597640
2004/4/28,sh.600000,0.88,0.93,0.88,0.91,8372259
2004/4/29,sh.600000,0.91,0.93,0.90,0.91,10230369
2004/4/30,sh.600000,0.91,0.92,0.88,0.89,12683673
2004/5/10,sh.600000,0.89,0.90,0.87,0.87,3616104
2004/5/11,sh.600000,0.87,0.88,0.86,0.87,4202614
2004/5/12,sh.600000,0.87,0.90,0.87,0.89,4791414
2004/5/13,sh.600000,0.89,0.90,0.89,0.89,2653526
2004/5/14,sh.600000,0.90,0.90,0.87,0.88,2680631
2004/5/17,sh.600000,0.88,0.88,0.86,0.86,4414035
2004/5/18,sh.600000,0.87,0.87,0.85,0.87,4545188
2004/5/19,sh.600000,0.87,0.88,0.86,0.87,3891989
2004/5/20,sh.600000,0.88,0.89,0.87,0.87,5180136
2004/5/21,sh.600000,0.87,0.88,0.87,0.88,3466548
2004/5/24,sh.600000,0.88,0.88,0.87,0.87,5569341
2004/5/25,sh.600000,0.88,0.88,0.86,0.87,3626725
2004/5/26,sh.600000,0.87,0.88,0.86,0.88,3302403
2004/5/27,sh.600000,0.88,0.89,0.87,0.89,4574729
2004/5/28,sh.600000,0.89,0.89,0.88,0.88,2229705
2004/5/31,sh.600000,0.88,0.88,0.88,0.88,INVALID
2004/6/1,sh.600000,0.88,0.90,0.88,0.89,5194932
2004/6/2,sh.600000,0.89,0.91,0.89,0.89,4851148
2004/6/3,sh.600000,0.89,0.89,0.87,0.87,3027065
2004/6/4,sh.600000,0.87,0.89,0.87,0.87,1896104
2004/6/7,sh.600000,0.87,0.87,0.86,0.87,3220509
2004/6/8,sh.600000,0.86,0.87,0.84,0.84,5186720
2004/6/9,sh.600000,0.84,0.85,0.83,0.84,4103578
2004/6/10,sh.600000,0.84,0.85,0.84,0.84,2783684
2004/6/11,sh.600000,0.84,0.86,0.82,0.82,5522790
2004/6/14,sh.600000,0.82,0.82,0.80,0.81,4592451
2004/6/15,sh.600000,0.81,0.86,0.80,0.84,5413915
2004/6/16,sh.600000,0.84,0.85,0.83,0.84,3789142
2004/6/17,sh.600000,0.84,0.85,0.82,0.83,1944234
2004/6/18,sh.600000,0.83,0.83,0.80,0.81,5199466
2004/6/21,sh.600000,0.81,0.83,0.81,0.83,2334539
2004/6/22,sh.600000,0.83,0.84,0.82,0.83,2089016
2004/6/23,sh.600000,0.83,0.83,0.82,0.83,1844727
2004/6/24,sh.600000,0.83,0.84,0.82,0.83,1338771
2004/6/25,sh.600000,0.83,0.84,0.81,0.82,2274695
2004/6/28,sh.600000,0.81,0.83,0.81,0.81,1971065
2004/6/29,sh.600000,0.82,0.83,0.81,0.83,2225304
2004/6/30,sh.600000,0.83,0.83,0.82,0.83,2339384
2004/7/1,sh.600000,0.83,0.85,0.83,0.85,4071487
2004/7/2,sh.600000,0.85,0.86,0.84,0.85,4682893
2004/7/5,sh.600000,0.84,0.86,0.84,0.86,2432753
2004/7/6,sh.600000,0.86,0.87,0.85,0.86,5195063
2004/7/7,sh.600000,0.86,0.86,0.85,0.85,2115935
2004/7/8,sh.600000,0.85,0.86,0.85,0.86,1667455
2004/7/9,sh.600000,0.86,0.87,0.86,0.86,2084912
2004/7/12,sh.600000,0.85,0.85,0.84,0.84,3254750
2004/7/13,sh.600000,0.84,0.85,0.83,0.84,1535409
2004/7/14,sh.600000,0.84,0.86,0.84,0.85,3951346
2004/7/15,sh.600000,0.85,0.87,0.85,0.87,6611458
2004/7/16,sh.600000,0.88,0.89,0.88,0.88,5231582
2004/7/19,sh.600000,0.88,0.90,0.88,0.89,5030635
2004/7/20,sh.600000,0.89,0.89,0.88,0.88,4732985
2004/7/21,sh.600000,0.88,0.88,0.87,0.88,1648925
2004/7/22,sh.600000,0.88,0.88,0.86,0.86,6291053
2004/7/23,sh.600000,0.86,0.87,0.86,0.87,4107890
2004/7/26,sh.600000,0.87,0.88,0.86,0.87,5690128
2004/7/27,sh.600000,0.87,0.88,0.86,0.87,3836087
2004/7/28,sh.600000,0.87,0.88,0.84,0.85,3989979
2004/7/29,sh.600000,0.85,0.86,0.85,0.86,2611690
2004/7/30,sh.600000,0.86,0.87,0.85,0.86,2754688
2004/8/2,sh.600000,0.85,0.85,0.84,0.85,2533416
2004/8/3,sh.600000,0.85,0.85,0.80,0.80,11814645
2004/8/4,sh.600000,0.81,0.82,0.77,0.81,17175554
2004/8/5,sh.600000,0.81,0.81,0.79,0.79,3257437
2004/8/6,sh.600000,0.79,0.81,0.78,0.80,3732068
2004/8/9,sh.600000,0.80,0.81,0.79,0.81,3379770
2004/8/10,sh.600000,0.81,0.82,0.80,0.82,2825063
2004/8/11,sh.600000,0.82,0.82,0.81,0.81,1701350
2004/8/12,sh.600000,0.81,0.81,0.79,0.80,2903906
2004/8/13,sh.600000,0.80,0.82,0.80,0.82,6831418
2004/8/16,sh.600000,0.82,0.83,0.81,0.82,2629925
2004/8/17,sh.600000,0.82,0.82,0.81,0.81,1947104
2004/8/18,sh.600000,0.81,0.83,0.81,0.82,3998644
2004/8/19,sh.600000,0.82,0.83,0.82,0.82,2780545
2004/8/20,sh.600000,0.82,0.84,0.82,0.83,2023047
2004/8/23,sh.600000,0.83,0.83,0.80,0.80,3303080
2004/8/24,sh.600000,0.80,0.81,0.80,0.81,1282442
2004/8/25,sh.600000,0.81,0.81,0.80,0.81,1123684
2004/8/26,sh.600000,0.81,0.81,0.80,0.81,664638
2004/8/27,sh.600000,0.81,0.81,0.80,0.80,916066
2004/8/30,sh.600000,0.80,0.81,0.79,0.81,887871
2004/8/31,sh.600000,0.82,0.84,0.81,0.82,2739625
2004/9/1,sh.600000,0.82,0.82,0.80,0.80,1726950
2004/9/2,sh.600000,0.80,0.80,0.79,0.80,1485162
2004/9/3,sh.600000,0.80,0.80,0.79,0.80,1592103
2004/9/6,sh.600000,0.80,0.80,0.78,0.79,1789010
2004/9/7,sh.600000,0.79,0.80,0.79,0.80,1026625
2004/9/8,sh.600000,0.80,0.80,0.79,0.79,970753
2004/9/9,sh.600000,0.79,0.79,0.78,0.79,1444060
2004/9/10,sh.600000,0.78,0.79,0.77,0.79,1584728
2004/9/13,sh.600000,0.78,0.78,0.77,0.77,1528336
2004/9/14,sh.600000,0.78,0.80,0.77,0.79,3487330
2004/9/15,sh.600000,0.80,0.83,0.79,0.82,8053534
2004/9/16,sh.600000,0.83,0.84,0.82,0.82,7567341
2004/9/17,sh.600000,0.82,0.85,0.82,0.85,9266388
2004/9/20,sh.600000,0.85,0.88,0.85,0.87,12815210
2004/9/21,sh.600000,0.88,0.88,0.85,0.86,8273645
2004/9/22,sh.600000,0.86,0.87,0.83,0.84,11068384
2004/9/23,sh.600000,0.84,0.87,0.83,0.86,3913584
2004/9/24,sh.600000,0.87,0.88,0.84,0.84,18114756
2004/9/27,sh.600000,0.85,0.86,0.81,0.82,7165625
2004/9/28,sh.600000,0.82,0.83,0.81,0.82,3466404
2004/9/29,sh.600000,0.82,0.82,0.80,0.80,4863966
2004/9/30,sh.600000,0.80,0.81,0.79,0.80,5003787
2004/10/8,sh.600000,0.80,0.80,0.78,0.80,4468672
2004/10/11,sh.600000,0.80,0.81,0.79,0.80,4207266
2004/10/12,sh.600000,0.80,0.80,0.77,0.78,3977938
2004/10/13,sh.600000,0.78,0.79,0.78,0.78,6078360
2004/10/14,sh.600000,0.78,0.78,0.77,0.77,4694806
2004/10/15,sh.600000,0.77,0.78,0.77,0.77,4418133
2004/10/18,sh.600000,0.77,0.77,0.75,0.75,4770826
2004/10/19,sh.600000,0.75,0.77,0.75,0.76,3090679
2004/10/20,sh.600000,0.76,0.76,0.73,0.74,6985702
2004/10/21,sh.600000,0.74,0.74,0.68,0.69,19836816
2004/10/22,sh.600000,0.69,0.70,0.68,0.69,6933176
2004/10/25,sh.600000,0.70,0.70,0.67,0.68,6279982
2004/10/26,sh.600000,0.67,0.69,0.67,0.69,6300211
2004/10/27,sh.600000,0.69,0.70,0.69,0.70,4690771
2004/10/28,sh.600000,0.70,0.71,0.69,0.71,6490261
2004/10/29,sh.600000,0.70,0.73,0.68,0.70,26201748
2004/11/1,sh.600000,0.69,0.70,0.68,0.69,5885139
2004/11/2,sh.600000,0.69,0.70,0.68,0.70,3630291
2004/11/3,sh.600000,0.70,0.71,0.69,0.70,4636116
2004/11/4,sh.600000,0.70,0.71,0.69,0.69,3346076
2004/11/5,sh.600000,0.70,0.71,0.69,0.70,1788787
2004/11/8,sh.600000,0.70,0.70,0.69,0.70,1261243
2004/11/9,sh.600000,0.70,0.70,0.69,0.69,1338579
2004/11/10,sh.600000,0.70,0.73,0.69,0.72,7398625
2004/11/11,sh.600000,0.72,0.73,0.71,0.71,9554944
2004/11/12,sh.600000,0.71,0.72,0.71,0.72,3293654
2004/11/15,sh.600000,0.72,0.72,0.70,0.71,4362296
2004/11/16,sh.600000,0.71,0.72,0.71,0.72,3045432
2004/11/17,sh.600000,0.72,0.72,0.70,0.71,3845509
2004/11/18,sh.600000,0.71,0.71,0.70,0.71,3021431
2004/11/19,sh.600000,0.71,0.72,0.71,0.72,3814125
2004/11/22,sh.600000,0.72,0.72,0.71,0.72,2936661
2004/11/23,sh.600000,0.72,0.72,0.71,0.71,2693618
2004/11/24,sh.600000,0.71,0.71,0.70,0.70,2310434
2004/11/25,sh.600000,0.70,0.70,0.69,0.69,5966360
2004/11/26,sh.600000,0.69,0.70,0.69,0.70,3213983
2004/11/29,sh.600000,0.69,0.70,0.69,0.69,2821425
2004/11/30,sh.600000,0.69,0.69,0.68,0.68,4494651
2004/12/1,sh.600000,0.68,0.68,0.68,0.68,2122016
2004/12/2,sh.600000,0.68,0.68,0.68,0.68,2371702
2004/12/3,sh.600000,0.68,0.69,0.68,0.68,2457500
2004/12/6,sh.600000,0.68,0.68,0.67,0.68,2381449
2004/12/7,sh.600000,0.68,0.69,0.68,0.68,2576985
2004/12/8,sh.600000,0.69,0.69,0.69,0.69,2258555
2004/12/9,sh.600000,0.69,0.71,0.68,0.70,9335367
2004/12/10,sh.600000,0.70,0.70,0.69,0.69,3383715
2004/12/13,sh.600000,0.68,0.69,0.68,0.68,2337451
2004/12/14,sh.600000,0.68,0.68,0.67,0.68,2884815
2004/12/15,sh.600000,0.68,0.68,0.67,0.67,3714849
2004/12/16,sh.600000,0.68,0.69,0.67,0.68,6392302
2004/12/17,sh.600000,0.67,0.68,0.67,0.67,3115105
2004/12/20,sh.600000,0.67,0.68,0.66,0.66,3154276
2004/12/21,sh.600000,0.67,0.67,0.65,0.66,3209622
2004/12/22,sh.600000,0.66,0.67,0.65,0.67,3662762
2004/12/23,sh.600000,0.67,0.69,0.66,0.67,11047680
2004/12/24,sh.600000,0.67,0.68,0.66,0.67,3612355
2004/12/27,sh.600000,0.67,0.67,0.66,0.66,2807350
2004/12/28,sh.600000,0.66,0.66,0.65,0.66,1443095
2004/12/29,sh.600000,0.66,0.67,0.66,0.66,1917295
2004/12/30,sh.600000,0.66,0.66,0.65,0.66,2873186
2004/12/31,sh.600000,0.66,0.66,0.66,0.66,2410280
2005/1/4,sh.600000,0.66,0.66,0.64,0.65,3808939
2005/1/5,sh.600000,0.65,0.65,0.63,0.64,5225244
2005/1/6,sh.600000,0.64,0.64,0.62,0.63,4298099
2005/1/7,sh.600000,0.63,0.63,0.62,0.63,4362864
2005/1/10,sh.600000,0.64,0.65,0.63,0.65,7115260
2005/1/11,sh.600000,0.65,0.66,0.65,0.66,6895175
2005/1/12,sh.600000,0.66,0.66,0.65,0.65,2797449
2005/1/13,sh.600000,0.65,0.66,0.65,0.65,1284827
2005/1/14,sh.600000,0.65,0.66,0.65,0.65,1731048
2005/1/17,sh.600000,0.65,0.65,0.64,0.64,2620773
2005/1/18,sh.600000,0.64,0.65,0.63,0.65,1595810
2005/1/19,sh.600000,0.65,0.65,0.63,0.64,1029390
2005/1/20,sh.600000,0.63,0.64,0.62,0.63,2110578
2005/1/21,sh.600000,0.63,0.69,0.63,0.69,41373685
2005/1/24,sh.600000,0.72,0.73,0.70,0.72,46750809
2005/1/25,sh.600000,0.71,0.71,0.69,0.70,26795282
2005/1/26,sh.600000,0.70,0.71,0.69,0.70,16230795
2005/1/27,sh.600000,0.69,0.71,0.68,0.69,10807964
2005/1/28,sh.600000,0.68,0.70,0.68,0.70,10411141
2005/1/31,sh.600000,0.69,0.70,0.68,0.69,7662588
2005/2/1,sh.600000,0.69,0.71,0.69,0.70,11425747
2005/2/2,sh.600000,0.70,0.75,0.70,0.74,23907135
2005/2/3,sh.600000,0.74,0.74,0.72,0.72,13777103
2005/2/4,sh.600000,0.72,0.78,0.71,0.76,24170398
2005/2/16,sh.600000,0.77,0.78,0.75,0.75,12718644
2005/2/17,sh.600000,0.75,0.75,0.73,0.74,11567381
2005/2/18,sh.600000,0.74,0.75,0.73,0.73,8091909
2005/2/21,sh.600000,0.75,0.76,0.74,0.76,16836948
2005/2/22,sh.600000,0.76,0.77,0.75,0.76,10303731
2005/2/23,sh.600000,0.76,0.76,0.74,0.74,15373692
2005/2/24,sh.600000,0.74,0.75,0.74,0.74,10186950
2005/2/25,sh.600000,0.75,0.76,0.74,0.75,11473412
2005/2/28,sh.600000,0.75,0.75,0.72,0.73,17437898
2005/3/1,sh.600000,0.73,0.73,0.71,0.72,10923806
2005/3/2,sh.600000,0.72,0.72,0.71,0.71,8816526
2005/3/3,sh.600000,0.71,0.73,0.71,0.73,6280369
2005/3/4,sh.600000,0.73,0.73,0.71,0.72,5081789
2005/3/7,sh.600000,0.72,0.72,0.71,0.72,2820119
2005/3/8,sh.600000,0.72,0.73,0.70,0.73,13132370
2005/3/9,sh.600000,0.73,0.73,0.71,0.71,13185015
2005/3/10,sh.600000,0.71,0.72,0.69,0.70,8327402
2005/3/11,sh.600000,0.70,0.71,0.69,0.70,5857911
2005/3/14,sh.600000,0.70,0.70,0.68,0.69,7078072
2005/3/15,sh.600000,0.69,0.69,0.67,0.67,7673443
2005/3/16,sh.600000,0.67,0.68,0.67,0.67,5149329
2005/3/17,sh.600000,0.67,0.68,0.67,0.67,6391094
2005/3/18,sh.600000,0.67,0.68,0.67,0.68,5324245
2005/3/21,sh.600000,0.68,0.68,0.67,0.68,3563612
2005/3/22,sh.600000,0.68,0.68,0.64,0.64,8944807
2005/3/23,sh.600000,0.64,0.66,0.64,0.65,7414511
2005/3/24,sh.600000,0.65,0.65,0.64,0.65,3545568
2005/3/25,sh.600000,0.65,0.65,0.64,0.64,3001194
2005/3/28,sh.600000,0.64,0.65,0.64,0.65,2939536
2005/3/29,sh.600000,0.65,0.66,0.65,0.65,3402241
2005/3/30,sh.600000,0.65,0.65,0.63,0.63,4291345
2005/3/31,sh.600000,0.63,0.65,0.63,0.65,3931193
2005/4/1,sh.600000,0.65,0.69,0.64,0.68,11241105
2005/4/4,sh.600000,0.66,0.67,0.65,0.66,6307488
2005/4/5,sh.600000,0.66,0.66,0.65,0.66,2592209
2005/4/6,sh.600000,0.66,0.68,0.64,0.68,8359947
2005/4/7,sh.600000,0.68,0.73,0.67,0.69,19389902
2005/4/8,sh.600000,0.69,0.71,0.69,0.71,9944030
2005/4/11,sh.600000,0.71,0.72,0.70,0.70,13710959
2005/4/12,sh.600000,0.70,0.70,0.69,0.69,6487965
2005/4/13,sh.600000,0.69,0.72,0.69,0.70,9362555
2005/4/14,sh.600000,0.70,0.71,0.69,0.69,5557779
2005/4/15,sh.600000,0.68,0.69,0.67,0.68,5800936
2005/4/18,sh.600000,0.67,0.68,0.67,0.67,5018412
2005/4/19,sh.600000,0.67,0.68,0.67,0.68,6236536
2005/4/20,sh.600000,0.68,0.68,0.64,0.65,7575599
2005/4/21,sh.600000,0.65,0.66,0.65,0.65,3752665
2005/4/22,sh.600000,0.65,0.66,0.64,0.65,5556212
2005/4/25,sh.600000,0.65,0.66,0.65,0.66,5392059
2005/4/26,sh.600000,0.66,0.67,0.65,0.66,3460699
2005/4/27,sh.600000,0.66,0.66,0.66,0.66,INVALID
2005/4/28,sh.600000,0.65,0.65,0.62,0.64,9931767
2005/4/29,sh.600000,0.64,0.68,0.64,0.66,9139436
2005/5/9,sh.600000,0.67,0.67,0.65,0.65,4408800
2005/5/10,sh.600000,0.65,0.67,0.65,0.66,4906741
2005/5/11,sh.600000,0.66,0.67,0.66,0.66,5528335
2005/5/12,sh.600000,0.67,0.67,0.65,0.65,5417447
2005/5/13,sh.600000,0.65,0.66,0.64,0.66,3851960
2005/5/16,sh.600000,0.65,0.66,0.65,0.66,2142917
2005/5/17,sh.600000,0.66,0.67,0.65,0.66,2998401
2005/5/18,sh.600000,0.67,0.67,0.65,0.66,3810065
2005/5/19,sh.600000,0.66,0.67,0.66,0.67,3516137
2005/5/20,sh.600000,0.67,0.67,0.66,0.66,2262277
2005/5/23,sh.600000,0.66,0.66,0.64,0.65,6916601
2005/5/24,sh.600000,0.65,0.66,0.65,0.65,3153400
2005/5/25,sh.600000,0.66,0.66,0.65,0.65,3138564
2005/5/26,sh.600000,0.65,0.66,0.64,0.64,3225307
2005/5/27,sh.600000,0.64,0.65,0.64,0.64,2640297
2005/5/30,sh.600000,0.64,0.65,0.63,0.65,1925565
2005/5/31,sh.600000,0.65,0.65,0.64,0.64,2830609
2005/6/1,sh.600000,0.64,0.64,0.63,0.63,3505447
2005/6/2,sh.600000,0.63,0.64,0.61,0.62,6671163
2005/6/3,sh.600000,0.62,0.64,0.62,0.63,5352560
2005/6/6,sh.600000,0.63,0.64,0.62,0.64,2844598
2005/6/7,sh.600000,0.64,0.65,0.63,0.64,3411887
2005/6/8,sh.600000,0.70,0.70,0.64,0.69,15688482
2005/6/9,sh.600000,0.69,0.69,0.67,0.68,13193641
2005/6/10,sh.600000,0.68,0.70,0.67,0.68,15026148
2005/6/13,sh.600000,0.68,0.69,0.67,0.68,5960992
2005/6/14,sh.600000,0.68,0.69,0.67,0.68,5462977
2005/6/15,sh.600000,0.67,0.68,0.66,0.67,4128872
2005/6/16,sh.600000,0.67,0.70,0.67,0.70,22167968
2005/6/17,sh.600000,0.70,0.72,0.69,0.71,18757743
2005/6/20,sh.600000,0.72,0.74,0.71,0.72,20977800
2005/6/21,sh.600000,0.72,0.74,0.72,0.73,14459212
2005/6/22,sh.600000,0.72,0.74,0.72,0.74,13254828
2005/6/23,sh.600000,0.74,0.74,0.72,0.73,8828622
2005/6/24,sh.600000,0.72,0.73,0.71,0.73,13268322
2005/6/27,sh.600000,0.74,0.75,0.73,0.73,11766990
2005/6/28,sh.600000,0.73,0.73,0.73,0.73,INVALID
2005/6/29,sh.600000,0.73,0.73,0.71,0.72,6014257
2005/6/30,sh.600000,0.72,0.74,0.71,0.73,7203510
2005/7/1,sh.600000,0.72,0.72,0.70,0.70,4708699
2005/7/4,sh.600000,0.70,0.71,0.69,0.71,3088082
2005/7/5,sh.600000,0.71,0.72,0.70,0.71,2578288
2005/7/6,sh.600000,0.71,0.72,0.70,0.71,2213015
2005/7/7,sh.600000,0.70,0.72,0.70,0.70,2141629
2005/7/8,sh.600000,0.70,0.70,0.69,0.69,2701700
2005/7/11,sh.600000,0.70,0.71,0.70,0.70,3503062
2005/7/12,sh.600000,0.70,0.77,0.69,0.75,19593121
2005/7/13,sh.600000,0.74,0.75,0.73,0.74,5927949
2005/7/14,sh.600000,0.74,0.75,0.73,0.74,4311603
2005/7/15,sh.600000,0.74,0.75,0.74,0.74,7077735
2005/7/18,sh.600000,0.74,0.76,0.74,0.75,6364091
2005/7/19,sh.600000,0.75,0.78,0.75,0.76,11374754
2005/7/20,sh.600000,0.75,0.77,0.75,0.75,6399088
2005/7/21,sh.600000,0.76,0.76,0.74,0.76,6385812
2005/7/22,sh.600000,0.77,0.79,0.76,0.78,22837453
2005/7/25,sh.600000,0.78,0.80,0.78,0.79,11844469
2005/7/26,sh.600000,0.79,0.81,0.78,0.79,15365974
2005/7/27,sh.600000,0.79,0.80,0.78,0.79,8542881
2005/7/28,sh.600000,0.79,0.80,0.78,0.79,8013954
2005/7/29,sh.600000,0.79,0.80,0.78,0.80,7348761
2005/8/1,sh.600000,0.80,0.80,0.77,0.78,9984427
2005/8/2,sh.600000,0.77,0.79,0.77,0.78,7460333
2005/8/3,sh.600000,0.79,0.80,0.78,0.79,8978781
2005/8/4,sh.600000,0.78,0.79,0.78,0.78,4328095
2005/8/5,sh.600000,0.78,0.81,0.78,0.80,12131598
2005/8/8,sh.600000,0.81,0.82,0.81,0.81,9471235
2005/8/9,sh.600000,0.81,0.82,0.80,0.81,6933680
2005/8/10,sh.600000,0.81,0.83,0.81,0.83,9212643
2005/8/11,sh.600000,0.83,0.85,0.82,0.84,12860921
2005/8/12,sh.600000,0.84,0.85,0.81,0.81,10541606
2005/8/15,sh.600000,0.81,0.83,0.81,0.83,7847637
2005/8/16,sh.600000,0.83,0.84,0.81,0.81,14383690
2005/8/17,sh.600000,0.81,0.82,0.80,0.82,10459260
2005/8/18,sh.600000,0.82,0.82,0.78,0.79,12057470
2005/8/19,sh.600000,0.78,0.80,0.78,0.80,7468820
2005/8/22,sh.600000,0.80,0.80,0.79,0.80,4500547
2005/8/23,sh.600000,0.80,0.80,0.79,0.79,4710632
2005/8/24,sh.600000,0.80,0.81,0.79,0.81,14006946
2005/8/25,sh.600000,0.81,0.82,0.80,0.81,4808048
2005/8/26,sh.600000,0.82,0.83,0.81,0.81,4241434
2005/8/29,sh.600000,0.81,0.82,0.81,0.81,5049393
2005/8/30,sh.600000,0.81,0.81,0.80,0.81,2479102
2005/8/31,sh.600000,0.80,0.81,0.80,0.81,4441681
2005/9/1,sh.600000,0.81,0.83,0.80,0.82,9449271
2005/9/2,sh.600000,0.82,0.83,0.82,0.82,5372311
2005/9/5,sh.600000,0.82,0.83,0.82,0.82,3759295
2005/9/6,sh.600000,0.82,0.82,0.80,0.80,5841998
2005/9/7,sh.600000,0.80,0.81,0.79,0.81,5514375
2005/9/8,sh.600000,0.81,0.82,0.80,0.82,6438506
2005/9/9,sh.600000,0.81,0.82,0.81,0.81,4444760
2005/9/12,sh.600000,0.81,0.83,0.81,0.82,6682812
2005/9/13,sh.600000,0.82,0.83,0.81,0.83,3485357
2005/9/14,sh.600000,0.83,0.86,0.82,0.85,11114345
2005/9/15,sh.600000,0.85,0.85,0.84,0.85,3484533
2005/9/16,sh.600000,0.85,0.86,0.84,0.85,6243593
2005/9/19,sh.600000,0.85,0.86,0.84,0.85,3907560
2005/9/20,sh.600000,0.85,0.85,0.83,0.83,4259478
2005/9/21,sh.600000,0.83,0.84,0.81,0.81,4992021
2005/9/22,sh.600000,0.81,0.81,0.78,0.79,7124579
2005/9/23,sh.600000,0.78,0.79,0.78,0.78,3484359
2005/9/26,sh.600000,0.78,0.79,0.78,0.78,2286928
2005/9/27,sh.600000,0.78,0.79,0.76,0.77,4016103
2005/9/28,sh.600000,0.77,0.77,0.77,0.77,INVALID
2005/9/29,sh.600000,0.77,0.79,0.77,0.78,2628398
2005/9/30,sh.600000,0.78,0.79,0.78,0.79,2797708
2005/10/10,sh.600000,0.79,0.80,0.78,0.80,2750673
2005/10/11,sh.600000,0.80,0.81,0.79,0.81,3148273
2005/10/12,sh.600000,0.81,0.81,0.80,0.81,5283270
2005/10/13,sh.600000,0.81,0.82,0.81,0.81,5860461
2005/10/14,sh.600000,0.81,0.82,0.79,0.79,3570425
2005/10/17,sh.600000,0.79,0.80,0.78,0.79,2492600
2005/10/18,sh.600000,0.79,0.80,0.78,0.78,3429863
2005/10/19,sh.600000,0.78,0.81,0.78,0.80,6562183
2005/10/20,sh.600000,0.80,0.84,0.80,0.84,12191807
2005/10/21,sh.600000,0.84,0.85,0.83,0.83,10356735
2005/10/24,sh.600000,0.83,0.83,0.82,0.83,3299787
2005/10/25,sh.600000,0.83,0.84,0.82,0.82,3074594
2005/10/26,sh.600000,0.82,0.82,0.79,0.80,7013870
2005/10/27,sh.600000,0.79,0.81,0.79,0.79,4630403
2005/10/28,sh.600000,0.79,0.80,0.77,0.79,5949774
2005/10/31,sh.600000,0.79,0.83,0.79,0.81,6899218
2005/11/1,sh.600000,0.81,0.82,0.81,0.82,4701264
2005/11/2,sh.600000,0.83,0.83,0.81,0.82,3621710
2005/11/3,sh.600000,0.81,0.82,0.77,0.78,12262071
2005/11/4,sh.600000,0.78,0.80,0.78,0.79,5142918
2005/11/7,sh.600000,0.79,0.79,0.77,0.78,4544095
2005/11/8,sh.600000,0.78,0.79,0.77,0.79,4053003
2005/11/9,sh.600000,0.79,0.80,0.79,0.80,5312110
2005/11/10,sh.600000,0.80,0.80,0.79,0.79,4697145
2005/11/11,sh.600000,0.78,0.80,0.78,0.80,2276691
2005/11/14,sh.600000,0.79,0.80,0.78,0.78,3261569
2005/11/15,sh.600000,0.78,0.79,0.78,0.78,2861591
2005/11/16,sh.600000,0.78,0.79,0.78,0.79,2118236
2005/11/17,sh.600000,0.79,0.79,0.78,0.79,749924
2005/11/18,sh.600000,0.79,0.83,0.79,0.83,8250991
2005/11/21,sh.600000,0.82,0.83,0.81,0.82,3259821
2005/11/22,sh.600000,0.82,0.82,0.81,0.81,1884699
2005/11/23,sh.600000,0.81,0.83,0.80,0.82,2115413
2005/11/24,sh.600000,0.82,0.84,0.82,0.83,6103647
2005/11/25,sh.600000,0.83,0.84,0.83,0.83,2618343
2005/11/28,sh.600000,0.83,0.84,0.82,0.83,3334759
2005/11/29,sh.600000,0.82,0.83,0.82,0.83,3678993
2005/11/30,sh.600000,0.82,0.85,0.82,0.84,7289705
2005/12/1,sh.600000,0.84,0.84,0.82,0.83,9582334
2005/12/2,sh.600000,0.83,0.84,0.83,0.84,4852125
2005/12/5,sh.600000,0.84,0.84,0.83,0.83,3746580
2005/12/6,sh.600000,0.83,0.85,0.82,0.85,6082122
2005/12/7,sh.600000,0.85,0.85,0.84,0.85,4131278
2005/12/8,sh.600000,0.85,0.86,0.84,0.84,5788464
2005/12/9,sh.600000,0.83,0.87,0.83,0.87,9538154
2005/12/12,sh.600000,0.87,0.88,0.86,0.87,6895484
2005/12/13,sh.600000,0.87,0.87,0.86,0.87,3555837
2005/12/14,sh.600000,0.87,0.90,0.87,0.89,13355800
2005/12/15,sh.600000,0.89,0.90,0.89,0.89,7365001
2005/12/16,sh.600000,0.89,0.90,0.88,0.89,6410581
2005/12/19,sh.600000,0.89,0.89,0.88,0.89,6892378
2005/12/20,sh.600000,0.89,0.92,0.89,0.91,7726916
2005/12/21,sh.600000,0.91,0.94,0.91,0.91,14293211
2005/12/22,sh.600000,0.91,0.93,0.91,0.93,5797754
2005/12/23,sh.600000,0.93,0.94,0.92,0.93,6101095
2005/12/26,sh.600000,0.93,0.96,0.93,0.94,12223038
2005/12/27,sh.600000,0.95,0.95,0.92,0.92,7514747
2005/12/28,sh.600000,0.92,0.93,0.91,0.92,7587935
2005/12/29,sh.600000,0.92,0.94,0.92,0.93,7646679
2005/12/30,sh.600000,0.93,0.95,0.93,0.93,12161086
2006/1/4,sh.600000,0.94,0.98,0.94,0.98,16333311
2006/1/5,sh.600000,0.98,1.00,0.97,1.00,17738143
2006/1/6,sh.600000,0.99,1.03,0.98,1.02,18643249
2006/1/9,sh.600000,1.03,1.03,1.00,1.01,16893784
2006/1/10,sh.600000,1.01,1.03,0.98,1.01,14359288
2006/1/11,sh.600000,1.01,1.02,1.00,1.02,9324485
2006/1/12,sh.600000,1.01,1.03,1.00,1.02,5809495
2006/1/13,sh.600000,1.02,1.05,0.99,1.00,13645384
2006/1/16,sh.600000,1.00,1.00,0.96,0.96,13324430
2006/1/17,sh.600000,0.96,0.99,0.96,0.98,11669183
2006/1/18,sh.600000,1.02,1.05,1.00,1.05,13345795
2006/1/19,sh.600000,1.05,1.08,1.04,1.06,18536392
2006/1/20,sh.600000,1.06,1.07,1.04,1.06,8763607
2006/1/23,sh.600000,1.05,1.07,1.04,1.05,9016473
2006/1/24,sh.600000,1.05,1.07,1.03,1.04,8788954
2006/1/25,sh.600000,1.04,1.08,1.04,1.08,8889999
2006/2/6,sh.600000,1.08,1.11,1.08,1.10,12883485
2006/2/7,sh.600000,1.10,1.11,1.06,1.08,9365770
2006/2/8,sh.600000,1.07,1.10,1.07,1.08,14060859
2006/2/9,sh.600000,1.08,1.08,1.04,1.05,12490317
2006/2/10,sh.600000,1.04,1.06,1.04,1.06,11688400
2006/2/13,sh.600000,1.06,1.06,1.03,1.06,6706804
2006/2/14,sh.600000,1.06,1.07,1.04,1.06,4661187
2006/2/15,sh.600000,1.06,1.06,1.06,1.06,INVALID
2006/2/16,sh.600000,1.08,1.10,1.06,1.08,18192937
2006/2/17,sh.600000,1.08,1.12,1.07,1.11,18901164
2006/2/20,sh.600000,1.10,1.13,1.09,1.12,13568843
2006/2/21,sh.600000,1.12,1.14,1.11,1.14,18702602
2006/2/22,sh.600000,1.14,1.14,1.13,1.13,13608004
2006/2/23,sh.600000,1.13,1.15,1.12,1.15,11461056
2006/2/24,sh.600000,1.15,1.17,1.14,1.16,31550407
2006/2/27,sh.600000,1.16,1.16,1.16,1.16,INVALID
2006/2/28,sh.600000,1.16,1.16,1.16,1.16,INVALID
2006/3/1,sh.600000,1.16,1.16,1.16,1.16,INVALID
2006/3/2,sh.600000,1.16,1.16,1.16,1.16,INVALID
2006/3/3,sh.600000,1.16,1.16,1.16,1.16,INVALID
2006/3/6,sh.600000,1.16,1.16,1.16,1.16,INVALID
2006/3/7,sh.600000,1.16,1.16,1.16,1.16,INVALID
2006/3/8,sh.600000,1.16,1.16,1.16,1.16,INVALID
2006/3/9,sh.600000,1.10,1.10,1.05,1.05,39108134
2006/3/10,sh.600000,1.04,1.06,1.03,1.04,14228701
2006/3/13,sh.600000,1.04,1.06,1.04,1.05,9405369
2006/3/14,sh.600000,1.05,1.06,1.01,1.02,13176400
2006/3/15,sh.600000,1.02,1.03,1.01,1.03,11983188
2006/3/16,sh.600000,1.03,1.05,1.02,1.04,13932965
2006/3/17,sh.600000,1.04,1.04,1.03,1.03,9973317
2006/3/20,sh.600000,1.03,1.04,1.01,1.04,18513454
2006/3/21,sh.600000,1.04,1.04,1.04,1.04,INVALID
2006/3/22,sh.600000,1.04,1.04,1.04,1.04,INVALID
2006/3/23,sh.600000,1.04,1.04,1.04,1.04,INVALID
2006/3/24,sh.600000,1.04,1.04,1.04,1.04,INVALID
2006/3/27,sh.600000,1.04,1.04,1.04,1.04,INVALID
2006/3/28,sh.600000,1.04,1.04,1.04,1.04,INVALID
2006/3/29,sh.600000,1.04,1.04,1.04,1.04,INVALID
2006/3/30,sh.600000,1.04,1.04,1.04,1.04,INVALID
2006/3/31,sh.600000,1.04,1.04,1.04,1.04,INVALID
2006/4/3,sh.600000,1.04,1.04,1.04,1.04,INVALID
2006/4/4,sh.600000,1.04,1.04,1.04,1.04,INVALID
2006/4/5,sh.600000,1.04,1.04,1.04,1.04,INVALID
2006/4/6,sh.600000,1.04,1.04,1.04,1.04,INVALID
2006/4/7,sh.600000,1.04,1.04,1.04,1.04,INVALID
2006/4/10,sh.600000,1.04,1.04,1.04,1.04,INVALID
2006/4/11,sh.600000,1.04,1.04,1.04,1.04,INVALID
2006/4/12,sh.600000,1.04,1.04,1.04,1.04,INVALID
2006/4/13,sh.600000,1.04,1.04,1.04,1.04,INVALID
2006/4/14,sh.600000,1.04,1.04,1.04,1.04,INVALID
2006/4/17,sh.600000,1.04,1.04,1.04,1.04,INVALID
2006/4/18,sh.600000,1.04,1.04,1.04,1.04,INVALID
2006/4/19,sh.600000,1.04,1.04,1.04,1.04,INVALID
2006/4/20,sh.600000,1.04,1.04,1.04,1.04,INVALID
2006/4/21,sh.600000,1.04,1.04,1.04,1.04,INVALID
2006/4/24,sh.600000,1.04,1.04,1.04,1.04,INVALID
2006/4/25,sh.600000,1.04,1.04,1.04,1.04,INVALID
2006/4/26,sh.600000,1.04,1.04,1.04,1.04,INVALID
2006/4/27,sh.600000,1.04,1.04,1.04,1.04,INVALID
2006/4/28,sh.600000,1.04,1.04,1.04,1.04,INVALID
2006/5/8,sh.600000,1.04,1.04,1.04,1.04,INVALID
2006/5/9,sh.600000,1.04,1.04,1.04,1.04,INVALID
2006/5/10,sh.600000,1.04,1.04,1.04,1.04,INVALID
2006/5/11,sh.600000,1.04,1.04,1.04,1.04,INVALID
2006/5/12,sh.600000,1.25,1.32,1.22,1.27,141086876
2006/5/15,sh.600000,1.27,1.28,1.21,1.25,96122958
2006/5/16,sh.600000,1.25,1.28,1.21,1.25,59934300
2006/5/17,sh.600000,1.25,1.27,1.24,1.26,41870880
2006/5/18,sh.600000,1.25,1.26,1.22,1.24,27624154
2006/5/19,sh.600000,1.23,1.26,1.22,1.25,38371668
2006/5/22,sh.600000,1.25,1.25,1.22,1.23,39559685
2006/5/23,sh.600000,1.22,1.22,1.17,1.18,31431833
2006/5/24,sh.600000,1.18,1.27,1.18,1.24,63265236
2006/5/25,sh.600000,1.25,1.27,1.23,1.25,21290257
2006/5/26,sh.600000,1.25,1.30,1.25,1.29,38097532
2006/5/29,sh.600000,1.29,1.30,1.26,1.29,23072705
2006/5/30,sh.600000,1.29,1.29,1.29,1.29,INVALID
2006/5/31,sh.600000,1.28,1.30,1.25,1.25,23088939
2006/6/1,sh.600000,1.26,1.30,1.25,1.28,37300910
2006/6/2,sh.600000,1.28,1.29,1.25,1.26,21784421
2006/6/5,sh.600000,1.26,1.26,1.22,1.25,20945891
2006/6/6,sh.600000,1.25,1.25,1.23,1.23,14111400
2006/6/7,sh.600000,1.22,1.22,1.14,1.14,30484124
2006/6/8,sh.600000,1.13,1.14,1.09,1.13,28827790
2006/6/9,sh.600000,1.12,1.13,1.10,1.10,13280880
2006/6/12,sh.600000,1.09,1.15,1.08,1.14,20202863
2006/6/13,sh.600000,1.13,1.14,1.11,1.12,12575493
2006/6/14,sh.600000,1.11,1.11,1.09,1.10,8445273
2006/6/15,sh.600000,1.10,1.10,1.10,1.10,INVALID
2006/6/16,sh.600000,1.11,1.17,1.11,1.17,20410089
2006/6/19,sh.600000,1.14,1.17,1.14,1.16,17339098
2006/6/20,sh.600000,1.16,1.20,1.14,1.19,16911271
2006/6/21,sh.600000,1.19,1.20,1.17,1.18,15804527
2006/6/22,sh.600000,1.17,1.22,1.17,1.21,15897260
2006/6/23,sh.600000,1.21,1.24,1.20,1.24,20856039
2006/6/26,sh.600000,1.24,1.26,1.23,1.26,16914469
2006/6/27,sh.600000,1.26,1.26,1.23,1.23,9602294
2006/6/28,sh.600000,1.23,1.24,1.22,1.23,4922955
2006/6/29,sh.600000,1.22,1.26,1.22,1.24,14137842
2006/6/30,sh.600000,1.25,1.26,1.24,1.25,12807370
2006/7/3,sh.600000,1.25,1.30,1.25,1.30,31213276
2006/7/4,sh.600000,1.30,1.30,1.26,1.27,19395342
2006/7/5,sh.600000,1.27,1.27,1.21,1.22,15609147
2006/7/6,sh.600000,1.22,1.23,1.21,1.22,8832785
2006/7/7,sh.600000,1.23,1.23,1.20,1.20,14914648
2006/7/10,sh.600000,1.23,1.23,1.21,1.22,13254921
2006/7/11,sh.600000,1.22,1.23,1.21,1.23,11248288
2006/7/12,sh.600000,1.23,1.24,1.22,1.22,11362204
2006/7/13,sh.600000,1.22,1.22,1.16,1.17,18304398
2006/7/14,sh.600000,1.16,1.20,1.16,1.18,12187752
2006/7/17,sh.600000,1.17,1.18,1.16,1.18,5623536
2006/7/18,sh.600000,1.18,1.18,1.16,1.18,4215610
2006/7/19,sh.600000,1.17,1.17,1.16,1.16,5370469
2006/7/20,sh.600000,1.16,1.17,1.16,1.17,4441253
2006/7/21,sh.600000,1.17,1.20,1.16,1.18,7977284
2006/7/24,sh.600000,1.16,1.20,1.14,1.19,6312648
2006/7/25,sh.600000,1.19,1.20,1.17,1.17,8795141
2006/7/26,sh.600000,1.18,1.18,1.16,1.17,7207959
2006/7/27,sh.600000,1.16,1.19,1.15,1.16,7212810
2006/7/28,sh.600000,1.16,1.16,1.13,1.14,9094381
2006/7/31,sh.600000,1.13,1.13,1.10,1.11,9749117
2006/8/1,sh.600000,1.11,1.12,1.10,1.10,7003191
2006/8/2,sh.600000,1.10,1.11,1.08,1.09,8369825
2006/8/3,sh.600000,1.10,1.12,1.09,1.12,5591102
2006/8/4,sh.600000,1.12,1.13,1.11,1.11,7979602
2006/8/7,sh.600000,1.11,1.14,1.10,1.12,6161758
2006/8/8,sh.600000,1.12,1.15,1.12,1.15,6154100
2006/8/9,sh.600000,1.15,1.16,1.13,1.13,6886461
2006/8/10,sh.600000,1.13,1.16,1.13,1.16,8943026
2006/8/11,sh.600000,1.16,1.17,1.15,1.16,5302504
2006/8/14,sh.600000,1.16,1.19,1.15,1.16,8531982
2006/8/15,sh.600000,1.16,1.18,1.15,1.18,5796713
2006/8/16,sh.600000,1.19,1.22,1.18,1.20,17272308
2006/8/17,sh.600000,1.20,1.20,1.17,1.17,5217410
2006/8/18,sh.600000,1.17,1.19,1.17,1.17,4202605
2006/8/21,sh.600000,1.14,1.19,1.13,1.18,6363288
2006/8/22,sh.600000,1.17,1.22,1.17,1.21,13500866
2006/8/23,sh.600000,1.21,1.23,1.21,1.22,14139008
2006/8/24,sh.600000,1.22,1.22,1.20,1.22,8497881
2006/8/25,sh.600000,1.22,1.22,1.20,1.21,8979617
2006/8/28,sh.600000,1.21,1.26,1.20,1.25,31775066
2006/8/29,sh.600000,1.25,1.27,1.22,1.23,21214917
2006/8/30,sh.600000,1.23,1.23,1.21,1.23,7647723
2006/8/31,sh.600000,1.23,1.26,1.23,1.24,18247537
2006/9/1,sh.600000,1.23,1.24,1.20,1.21,11636486
2006/9/4,sh.600000,1.21,1.24,1.21,1.23,8308782
2006/9/5,sh.600000,1.23,1.26,1.23,1.24,34856563
2006/9/6,sh.600000,1.25,1.26,1.24,1.26,18989898
2006/9/7,sh.600000,1.26,1.29,1.26,1.26,21914198
2006/9/8,sh.600000,1.27,1.29,1.25,1.29,20866214
2006/9/11,sh.600000,1.29,1.33,1.29,1.33,37118103
2006/9/12,sh.600000,1.33,1.34,1.32,1.32,24688700
2006/9/13,sh.600000,1.32,1.37,1.32,1.33,22298885
2006/9/14,sh.600000,1.33,1.36,1.30,1.32,19488791
2006/9/15,sh.600000,1.32,1.34,1.31,1.32,20007174
2006/9/18,sh.600000,1.32,1.32,1.26,1.29,29150612
2006/9/19,sh.600000,1.29,1.33,1.28,1.31,17651698
2006/9/20,sh.600000,1.31,1.34,1.30,1.33,20907818
2006/9/21,sh.600000,1.34,1.38,1.34,1.37,29120047
2006/9/22,sh.600000,1.38,1.40,1.33,1.34,43161270
2006/9/25,sh.600000,1.33,1.34,1.28,1.30,28390852
2006/9/26,sh.600000,1.30,1.30,1.27,1.28,24276934
2006/9/27,sh.600000,1.28,1.31,1.28,1.31,10569417
2006/9/28,sh.600000,1.31,1.32,1.30,1.32,12417245
2006/9/29,sh.600000,1.33,1.34,1.32,1.34,12880046
2006/10/9,sh.600000,1.37,1.47,1.37,1.47,55313295
2006/10/10,sh.600000,1.46,1.51,1.45,1.48,47071048
2006/10/11,sh.600000,1.48,1.52,1.47,1.51,17081663
2006/10/12,sh.600000,1.51,1.57,1.50,1.52,25166300
2006/10/13,sh.600000,1.52,1.58,1.51,1.53,18680347
2006/10/16,sh.600000,1.53,1.58,1.53,1.56,21050126
2006/10/17,sh.600000,1.56,1.56,1.50,1.52,20069153
2006/10/18,sh.600000,1.51,1.63,1.50,1.62,22833293
2006/10/19,sh.600000,1.62,1.63,1.60,1.63,16160361
2006/10/20,sh.600000,1.62,1.68,1.61,1.65,22965676
2006/10/23,sh.600000,1.64,1.68,1.60,1.61,17718301
2006/10/24,sh.600000,1.60,1.65,1.60,1.65,13676487
2006/10/25,sh.600000,1.66,1.76,1.66,1.73,30902058
2006/10/26,sh.600000,1.72,1.77,1.69,1.76,19652890
2006/10/27,sh.600000,1.75,1.82,1.72,1.73,26518456
2006/10/30,sh.600000,1.71,1.72,1.66,1.69,16429575
2006/10/31,sh.600000,1.69,1.77,1.69,1.76,12286942
2006/11/1,sh.600000,1.76,1.76,1.69,1.74,18581729
2006/11/2,sh.600000,1.73,1.73,1.65,1.68,16660336
2006/11/3,sh.600000,1.67,1.73,1.67,1.71,16860677
2006/11/6,sh.600000,1.68,1.73,1.68,1.71,14985909
2006/11/7,sh.600000,1.72,1.82,1.72,1.81,23637766
2006/11/8,sh.600000,1.79,1.79,1.74,1.76,11990093
2006/11/9,sh.600000,1.75,1.88,1.75,1.85,22086820
2006/11/10,sh.600000,1.85,1.98,1.84,1.91,36942113
2006/11/13,sh.600000,1.89,1.96,1.81,1.81,30453877
2006/11/14,sh.600000,1.84,1.91,1.82,1.89,24735546
2006/11/15,sh.600000,1.89,1.92,1.85,1.92,27713974
2006/11/16,sh.600000,1.92,1.92,1.92,1.92,INVALID
2006/11/17,sh.600000,1.92,1.92,1.92,1.92,INVALID
2006/11/20,sh.600000,1.92,1.92,1.92,1.92,INVALID
2006/11/21,sh.600000,1.92,1.92,1.92,1.92,INVALID
2006/11/22,sh.600000,2.00,2.11,1.93,2.06,44171226
2006/11/23,sh.600000,2.06,2.13,2.05,2.08,17877754
2006/11/24,sh.600000,2.06,2.07,1.98,2.02,16607070
2006/11/27,sh.600000,1.99,2.01,1.91,1.96,17435254
2006/11/28,sh.600000,1.95,2.01,1.94,1.99,13576886
2006/11/29,sh.600000,1.94,2.03,1.92,2.00,14621764
2006/11/30,sh.600000,1.99,2.12,1.98,2.12,30530845
2006/12/1,sh.600000,2.12,2.15,2.05,2.08,22067907
2006/12/4,sh.600000,2.07,2.18,2.06,2.16,29035030
2006/12/5,sh.600000,2.16,2.26,2.15,2.17,23547492
2006/12/6,sh.600000,2.16,2.24,2.06,2.14,23504352
2006/12/7,sh.600000,2.13,2.24,2.13,2.15,26170088
2006/12/8,sh.600000,2.10,2.16,2.05,2.06,22125894
2006/12/11,sh.600000,2.03,2.13,2.03,2.13,20837233
2006/12/12,sh.600000,2.14,2.22,2.10,2.17,17400793
2006/12/13,sh.600000,2.19,2.20,2.11,2.14,25551184
2006/12/14,sh.600000,2.17,2.20,2.08,2.12,15818192
2006/12/15,sh.600000,2.14,2.22,2.11,2.22,22487599
2006/12/18,sh.600000,2.24,2.29,2.22,2.27,23940857
2006/12/19,sh.600000,2.27,2.30,2.20,2.24,18424502
2006/12/20,sh.600000,2.20,2.24,2.17,2.21,16769286
2006/12/21,sh.600000,2.21,2.24,2.15,2.16,22173995
2006/12/22,sh.600000,2.15,2.21,2.13,2.19,21280295
2006/12/25,sh.600000,2.21,2.35,2.21,2.31,32943083
2006/12/26,sh.600000,2.30,2.35,2.25,2.28,22223575
2006/12/27,sh.600000,2.29,2.44,2.26,2.44,19918132
2006/12/28,sh.600000,2.45,2.67,2.44,2.54,26629082
2006/12/29,sh.600000,2.56,2.71,2.56,2.68,28122105
2007/1/4,sh.600000,2.72,2.95,2.51,2.70,50889423
2007/1/5,sh.600000,2.70,2.70,2.46,2.62,35705586
2007/1/8,sh.600000,2.62,2.73,2.59,2.67,25488876
2007/1/9,sh.600000,2.65,2.88,2.64,2.87,32961946
2007/1/10,sh.600000,2.87,3.05,2.87,2.97,35276836
2007/1/11,sh.600000,2.96,3.06,2.83,2.92,22885931
2007/1/12,sh.600000,2.88,2.94,2.79,2.84,23214839
2007/1/15,sh.600000,2.88,3.02,2.86,3.01,22822883
2007/1/16,sh.600000,3.02,3.08,2.92,2.99,20194184
2007/1/17,sh.600000,3.00,3.02,2.84,2.89,29217135
2007/1/18,sh.600000,2.86,2.89,2.60,2.69,35345006
2007/1/19,sh.600000,2.70,2.81,2.70,2.74,29665178
2007/1/22,sh.600000,2.83,2.91,2.76,2.84,42172602
2007/1/23,sh.600000,2.88,3.13,2.81,3.13,49135174
2007/1/24,sh.600000,3.13,3.27,3.03,3.11,35293836
2007/1/25,sh.600000,3.06,3.21,3.00,3.07,28607594
2007/1/26,sh.600000,3.03,3.37,2.99,3.34,37171143
2007/1/29,sh.600000,3.32,3.50,3.27,3.42,37450598
2007/1/30,sh.600000,3.40,3.56,3.25,3.31,38850850
2007/1/31,sh.600000,3.31,3.31,2.98,3.14,28116984
2007/2/1,sh.600000,3.07,3.16,3.04,3.09,17513926
2007/2/2,sh.600000,3.10,3.14,2.81,2.89,19908988
2007/2/5,sh.600000,2.85,2.91,2.71,2.73,27238656
2007/2/6,sh.600000,2.73,2.95,2.59,2.91,51905083
2007/2/7,sh.600000,2.88,3.08,2.87,3.02,40171146
2007/2/8,sh.600000,3.01,3.04,2.89,2.96,16733808
2007/2/9,sh.600000,2.93,2.97,2.83,2.84,16164196
2007/2/12,sh.600000,2.88,3.04,2.84,3.04,14591761
2007/2/13,sh.600000,3.06,3.18,3.03,3.10,10915882
2007/2/14,sh.600000,3.12,3.22,3.08,3.15,13027003
2007/2/15,sh.600000,3.20,3.29,3.18,3.22,13538672
2007/2/16,sh.600000,3.23,3.29,3.18,3.21,22428437
2007/2/26,sh.600000,3.18,3.18,3.01,3.05,25443200
2007/2/27,sh.600000,3.05,3.07,2.75,2.75,38947514
2007/2/28,sh.600000,2.69,2.83,2.66,2.81,33259504
2007/3/1,sh.600000,2.83,2.87,2.72,2.75,23479344
2007/3/2,sh.600000,2.75,2.79,2.70,2.76,23813051
2007/3/5,sh.600000,2.73,2.82,2.67,2.72,18028659
2007/3/6,sh.600000,2.74,3.00,2.74,2.97,54548408
2007/3/7,sh.600000,2.93,3.10,2.90,3.01,33933759
2007/3/8,sh.600000,3.01,3.05,2.94,3.04,12381372
2007/3/9,sh.600000,3.06,3.17,3.05,3.12,30502367
2007/3/12,sh.600000,3.12,3.12,2.98,3.02,18958375
2007/3/13,sh.600000,3.02,3.02,2.93,2.97,11112101
2007/3/14,sh.600000,2.89,2.92,2.83,2.88,22463611
2007/3/15,sh.600000,2.91,3.04,2.91,3.03,20424123
2007/3/16,sh.600000,3.07,3.09,2.88,2.91,15951567
2007/3/19,sh.600000,2.84,3.20,2.84,3.19,52066922
2007/3/20,sh.600000,3.17,3.20,3.10,3.15,23330989
2007/3/21,sh.600000,3.15,3.33,3.15,3.29,44885888
2007/3/22,sh.600000,3.32,3.35,3.25,3.31,35092814
2007/3/23,sh.600000,3.31,3.35,3.16,3.24,26949283
2007/3/26,sh.600000,3.14,3.29,3.12,3.25,21400020
2007/3/27,sh.600000,3.25,3.25,3.15,3.18,14578229
2007/3/28,sh.600000,3.17,3.31,3.13,3.26,28743262
2007/3/29,sh.600000,3.28,3.56,3.26,3.36,44359405
2007/3/30,sh.600000,3.30,3.40,3.29,3.36,15177231
2007/4/2,sh.600000,3.38,3.56,3.36,3.53,21770870
2007/4/3,sh.600000,3.53,3.57,3.50,3.52,21533912
2007/4/4,sh.600000,3.51,3.65,3.50,3.58,15760425
2007/4/5,sh.600000,3.59,3.75,3.59,3.66,22958503
2007/4/6,sh.600000,3.60,3.67,3.51,3.55,18005075
2007/4/9,sh.600000,3.55,3.71,3.51,3.60,14271056
2007/4/10,sh.600000,3.59,3.69,3.57,3.68,26017270
2007/4/11,sh.600000,3.69,3.93,3.69,3.84,25163640
2007/4/12,sh.600000,3.84,3.90,3.76,3.78,17199263
2007/4/13,sh.600000,3.79,3.82,3.71,3.75,15622050
2007/4/16,sh.600000,3.72,3.94,3.67,3.86,15457989
2007/4/17,sh.600000,3.89,3.90,3.63,3.75,17107981
2007/4/18,sh.600000,3.75,3.75,3.58,3.62,24383468
2007/4/19,sh.600000,3.62,3.65,3.32,3.40,26114851
2007/4/20,sh.600000,3.44,3.55,3.41,3.52,21106449
2007/4/23,sh.600000,3.52,3.61,3.47,3.60,30839757
2007/4/24,sh.600000,3.61,3.62,3.49,3.51,20434018
2007/4/25,sh.600000,3.50,3.79,3.41,3.63,27323654
2007/4/26,sh.600000,3.67,3.70,3.52,3.57,23952562
2007/4/27,sh.600000,3.58,3.60,3.42,3.46,36034578
2007/4/30,sh.600000,3.42,3.46,3.35,3.38,38233396
2007/5/8,sh.600000,3.48,3.57,3.43,3.54,33396821
2007/5/9,sh.600000,3.50,3.65,3.44,3.63,49209778
2007/5/10,sh.600000,3.64,3.83,3.62,3.68,50266225
2007/5/11,sh.600000,3.64,3.72,3.54,3.68,36052675
2007/5/14,sh.600000,3.62,3.79,3.59,3.68,100748951
2007/5/15,sh.600000,3.65,3.69,3.40,3.41,58289812
2007/5/16,sh.600000,3.40,3.50,3.40,3.44,37464294
2007/5/17,sh.600000,3.45,3.56,3.43,3.51,44878325
2007/5/18,sh.600000,3.52,3.54,3.46,3.49,26381001
2007/5/21,sh.600000,3.40,3.50,3.40,3.47,43843532
2007/5/22,sh.600000,3.47,3.47,3.47,3.47,INVALID
2007/5/23,sh.600000,3.46,3.53,3.45,3.48,44395249
2007/5/24,sh.600000,3.52,3.71,3.52,3.66,80170641
2007/5/25,sh.600000,3.65,3.88,3.63,3.70,51826483
2007/5/28,sh.600000,3.75,3.80,3.71,3.73,30105810
2007/5/29,sh.600000,3.73,3.78,3.71,3.74,26523101
2007/5/30,sh.600000,3.46,3.93,3.46,3.86,75672176
2007/5/31,sh.600000,3.94,4.25,3.93,4.25,64970139
2007/6/1,sh.600000,4.24,4.49,4.15,4.15,47105149
2007/6/4,sh.600000,4.25,4.28,3.90,4.08,28244445
2007/6/5,sh.600000,4.01,4.15,3.67,4.12,32927634
2007/6/6,sh.600000,4.01,4.13,3.90,4.06,23667784
2007/6/7,sh.600000,4.08,4.28,4.05,4.12,25528932
2007/6/8,sh.600000,4.11,4.11,3.92,3.97,27281788
2007/6/11,sh.600000,3.97,4.14,3.86,4.07,39819754
2007/6/12,sh.600000,4.01,4.10,3.90,4.07,31092844
2007/6/13,sh.600000,4.06,4.31,4.06,4.23,37874684
2007/6/14,sh.600000,4.18,4.37,4.07,4.30,34005304
2007/6/15,sh.600000,4.22,4.63,4.21,4.52,42709868
2007/6/18,sh.600000,4.58,4.81,4.58,4.65,44706972
2007/6/19,sh.600000,4.60,4.79,4.57,4.65,22555888
2007/6/20,sh.600000,4.65,4.65,4.43,4.44,14451676
2007/6/21,sh.600000,4.43,4.67,4.43,4.58,23568220
2007/6/22,sh.600000,4.58,4.84,4.51,4.70,22301678
2007/6/25,sh.600000,4.69,4.92,4.69,4.76,35397745
2007/6/26,sh.600000,4.70,4.78,4.52,4.68,19987868
2007/6/27,sh.600000,4.68,4.88,4.61,4.86,20284861
2007/6/28,sh.600000,4.87,4.97,4.70,4.73,12820493
2007/6/29,sh.600000,4.63,4.79,4.55,4.60,16504962
2007/7/2,sh.600000,4.55,4.59,4.32,4.46,16498323
2007/7/3,sh.600000,4.46,4.57,4.34,4.51,9648466
2007/7/4,sh.600000,4.52,4.55,4.29,4.31,10904951
2007/7/5,sh.600000,4.24,4.33,4.19,4.22,6832390
2007/7/6,sh.600000,4.17,4.36,4.09,4.36,10594853
2007/7/9,sh.600000,4.37,4.55,4.28,4.48,12629936
2007/7/10,sh.600000,4.49,4.70,4.49,4.55,13190725
2007/7/11,sh.600000,4.53,4.64,4.48,4.59,9996638
2007/7/12,sh.600000,4.61,4.69,4.55,4.69,11856632
2007/7/13,sh.600000,4.69,4.69,4.52,4.58,4255087
2007/7/16,sh.600000,4.61,4.61,4.38,4.39,5276987
2007/7/17,sh.600000,4.36,4.62,4.31,4.57,11511407
2007/7/18,sh.600000,4.56,4.83,4.56,4.62,28091673
2007/7/19,sh.600000,4.58,4.77,4.58,4.72,14784355
2007/7/20,sh.600000,4.74,5.19,4.72,5.19,47157515
2007/7/23,sh.600000,5.23,5.41,5.20,5.26,25321222
2007/7/24,sh.600000,5.27,5.37,5.12,5.28,18791274
2007/7/25,sh.600000,5.31,5.43,5.28,5.34,11948457
2007/7/26,sh.600000,5.34,5.35,5.20,5.23,13373861
2007/7/27,sh.600000,5.18,5.18,5.03,5.11,16358551
2007/7/30,sh.600000,5.09,5.22,5.04,5.18,16741824
2007/7/31,sh.600000,5.14,5.19,4.99,5.08,21269536
2007/8/1,sh.600000,5.12,5.33,5.05,5.10,21684984
2007/8/2,sh.600000,5.14,5.34,5.14,5.28,17889307
2007/8/3,sh.600000,5.32,5.63,5.32,5.59,27246698
2007/8/6,sh.600000,5.63,5.83,5.47,5.69,15358731
2007/8/7,sh.600000,5.68,5.74,5.55,5.57,15166548
2007/8/8,sh.600000,5.48,5.74,5.43,5.56,18940721
2007/8/9,sh.600000,5.53,5.82,5.53,5.71,16862517
2007/8/10,sh.600000,5.71,5.77,5.50,5.63,14609619
2007/8/13,sh.600000,5.63,5.81,5.07,5.56,25180195
2007/8/14,sh.600000,5.49,5.82,5.43,5.74,27015512
2007/8/15,sh.600000,5.75,5.87,5.67,5.80,14358490
2007/8/16,sh.600000,5.77,5.81,5.55,5.59,10520351
2007/8/17,sh.600000,5.54,5.65,5.28,5.31,24239321
2007/8/20,sh.600000,5.45,5.69,5.45,5.68,18949998
2007/8/21,sh.600000,5.70,5.99,5.68,5.92,23616547
2007/8/22,sh.600000,5.81,6.33,5.81,6.24,28128807
2007/8/23,sh.600000,6.24,6.44,6.09,6.31,23977311
2007/8/24,sh.600000,6.30,6.73,6.25,6.65,29315517
2007/8/27,sh.600000,6.65,6.86,6.51,6.57,21076067
2007/8/28,sh.600000,6.57,6.74,6.44,6.57,17800153
2007/8/29,sh.600000,6.57,6.74,6.51,6.55,12221243
2007/8/30,sh.600000,6.63,6.80,6.63,6.69,12670224
2007/8/31,sh.600000,6.69,6.96,6.68,6.95,16234727
2007/9/3,sh.600000,7.00,7.31,7.00,7.08,17106317
2007/9/4,sh.600000,7.07,7.14,6.75,6.87,18761354
2007/9/5,sh.600000,6.82,6.87,6.63,6.72,11566202
2007/9/6,sh.600000,6.74,6.91,6.59,6.73,20368876
2007/9/7,sh.600000,6.59,6.80,6.43,6.56,11463306
2007/9/10,sh.600000,6.44,6.78,6.34,6.72,10762526
2007/9/11,sh.600000,6.71,6.83,6.38,6.44,11127876
2007/9/12,sh.600000,6.33,6.54,6.23,6.29,14714094
2007/9/13,sh.600000,6.35,6.54,6.28,6.43,14083397
2007/9/14,sh.600000,6.44,6.59,6.32,6.43,15454692
2007/9/17,sh.600000,6.49,6.65,6.47,6.51,29377560
2007/9/18,sh.600000,6.56,6.60,6.23,6.30,12699443
2007/9/19,sh.600000,6.27,6.45,6.18,6.25,7887561
2007/9/20,sh.600000,6.30,6.45,6.20,6.28,11679299
2007/9/21,sh.600000,6.28,6.35,6.03,6.19,18306896
2007/9/24,sh.600000,6.19,6.35,6.17,6.34,16721579
2007/9/25,sh.600000,6.38,6.44,6.21,6.28,8127588
2007/9/26,sh.600000,6.21,6.43,6.14,6.15,20993601
2007/9/27,sh.600000,6.14,6.39,6.14,6.37,19196301
2007/9/28,sh.600000,6.46,6.67,6.39,6.63,17610910
2007/10/8,sh.600000,6.78,7.09,6.72,6.96,19318695
2007/10/9,sh.600000,6.96,7.07,6.76,6.94,8659777
2007/10/10,sh.600000,6.95,7.18,6.78,6.84,11287325
2007/10/11,sh.600000,6.85,7.09,6.85,7.07,23066545
2007/10/12,sh.600000,7.07,7.25,6.51,6.95,14446251
2007/10/15,sh.600000,6.95,7.09,6.63,6.82,18001944
2007/10/16,sh.600000,6.82,7.09,6.82,6.96,18458313
2007/10/17,sh.600000,6.94,7.21,6.76,6.91,29038986
2007/10/18,sh.600000,6.90,6.91,6.51,6.52,13978326
2007/10/19,sh.600000,6.59,6.67,6.33,6.47,14547765
2007/10/22,sh.600000,6.43,6.61,6.25,6.57,11464860
2007/10/23,sh.600000,6.55,6.76,6.51,6.64,16396122
2007/10/24,sh.600000,6.71,7.11,6.63,6.94,16605823
2007/10/25,sh.600000,6.91,7.12,6.87,6.96,14387344
2007/10/26,sh.600000,6.92,7.39,6.82,7.33,18588447
2007/10/29,sh.600000,7.27,7.69,7.21,7.33,16502801
2007/10/30,sh.600000,7.33,7.41,7.16,7.29,11798013
2007/10/31,sh.600000,7.43,7.49,7.11,7.43,15524024
2007/11/1,sh.600000,7.35,7.59,7.27,7.54,8809528
2007/11/2,sh.600000,7.45,7.55,7.16,7.31,5471875
2007/11/5,sh.600000,7.17,7.30,6.92,6.94,7040360
2007/11/6,sh.600000,6.90,7.01,6.82,6.85,8172578
2007/11/7,sh.600000,6.88,7.05,6.84,7.03,5933329
2007/11/8,sh.600000,7.04,7.04,6.61,6.69,10238870
2007/11/9,sh.600000,6.62,6.87,6.61,6.78,12911609
2007/11/12,sh.600000,6.62,7.05,6.62,7.00,22198682
2007/11/13,sh.600000,7.07,7.12,6.57,6.68,6417992
2007/11/14,sh.600000,6.72,6.85,6.53,6.81,10565337
2007/11/15,sh.600000,6.80,7.07,6.76,6.92,7462501
2007/11/16,sh.600000,6.82,6.92,6.63,6.68,4546713
2007/11/19,sh.600000,6.65,6.73,6.35,6.42,9025346
2007/11/20,sh.600000,6.38,6.44,6.16,6.35,11077376
2007/11/21,sh.600000,6.37,6.58,6.21,6.23,8268485
2007/11/22,sh.600000,6.19,6.23,5.86,5.93,13190065
2007/11/23,sh.600000,5.87,6.08,5.87,6.06,5425215
2007/11/26,sh.600000,6.13,6.32,6.01,6.04,10679048
2007/11/27,sh.600000,6.02,6.13,5.94,6.02,3035898
2007/11/28,sh.600000,6.07,6.15,6.01,6.06,2899121
2007/11/29,sh.600000,6.17,6.58,6.13,6.53,13352505
2007/11/30,sh.600000,6.54,6.59,6.38,6.55,10572837
2007/12/3,sh.600000,6.49,6.89,6.46,6.78,11270170
2007/12/4,sh.600000,6.78,6.90,6.66,6.72,6011933
2007/12/5,sh.600000,6.69,6.85,6.69,6.82,5650915
2007/12/6,sh.600000,6.83,7.07,6.74,7.04,10417811
2007/12/7,sh.600000,7.05,7.09,6.95,7.02,4858439
2007/12/10,sh.600000,6.83,6.87,6.73,6.85,16582670
2007/12/11,sh.600000,6.86,6.91,6.56,6.70,13399686
2007/12/12,sh.600000,6.60,6.60,6.21,6.31,28344562
2007/12/13,sh.600000,6.20,6.34,6.11,6.12,19745279
2007/12/14,sh.600000,6.07,6.25,6.03,6.25,16067695
2007/12/17,sh.600000,6.19,6.19,5.80,5.87,17529659
2007/12/18,sh.600000,5.84,6.00,5.75,5.81,11097913
2007/12/19,sh.600000,5.87,6.04,5.87,5.98,7529688
2007/12/20,sh.600000,6.05,6.33,6.00,6.24,9892920
2007/12/21,sh.600000,6.20,6.37,6.16,6.21,15445088
2007/12/24,sh.600000,6.27,6.36,6.21,6.32,13683223
2007/12/25,sh.600000,6.34,6.42,6.29,6.35,13629272
2007/12/26,sh.600000,6.35,6.45,6.25,6.33,16640349
2007/12/27,sh.600000,6.32,6.52,6.25,6.51,25108780
2007/12/28,sh.600000,6.51,6.71,6.47,6.67,15360960
2008/1/2,sh.600000,6.69,6.95,6.54,6.76,13158390
2008/1/3,sh.600000,6.69,6.76,6.26,6.43,21134656
2008/1/4,sh.600000,6.44,6.77,6.32,6.70,13924967
2008/1/7,sh.600000,6.67,7.13,6.65,7.07,22804301
2008/1/8,sh.600000,7.10,7.22,7.07,7.12,16125531
2008/1/9,sh.600000,7.12,7.26,7.01,7.18,10251092
2008/1/10,sh.600000,7.21,7.31,7.14,7.19,21796625
2008/1/11,sh.600000,7.19,7.83,7.19,7.78,23154421
2008/1/14,sh.600000,7.71,7.75,7.45,7.48,14291839
2008/1/15,sh.600000,7.54,7.72,7.44,7.47,16122152
2008/1/16,sh.600000,7.34,7.39,6.86,7.05,17525343
2008/1/17,sh.600000,6.95,7.24,6.80,7.13,10867462
2008/1/18,sh.600000,7.07,7.27,7.00,7.21,8324602
2008/1/21,sh.600000,7.19,7.19,6.82,6.83,7627779
2008/1/22,sh.600000,6.57,6.88,6.15,6.32,23733067
2008/1/23,sh.600000,6.47,6.69,6.39,6.59,14244878
2008/1/24,sh.600000,6.67,6.70,6.31,6.50,10984110
2008/1/25,sh.600000,6.44,6.86,6.22,6.72,22425769
2008/1/28,sh.600000,6.63,6.63,6.27,6.39,7182551
2008/1/29,sh.600000,6.46,6.60,6.14,6.36,5717212
2008/1/30,sh.600000,6.37,6.40,5.79,6.03,14854295
2008/1/31,sh.600000,5.91,6.09,5.66,5.81,12897549
2008/2/1,sh.600000,5.81,6.02,5.67,5.97,12003976
2008/2/4,sh.600000,6.19,6.56,6.19,6.56,19005182
2008/2/5,sh.600000,6.62,6.63,6.43,6.49,11323015
2008/2/13,sh.600000,6.32,6.42,6.17,6.19,8899028
2008/2/14,sh.600000,6.29,6.46,6.27,6.32,6563931
2008/2/15,sh.600000,6.30,6.30,6.10,6.17,3943516
2008/2/18,sh.600000,6.29,6.47,6.20,6.34,5558159
2008/2/19,sh.600000,6.35,6.47,6.16,6.45,15628343
2008/2/20,sh.600000,6.38,6.38,5.81,5.81,73308926
2008/2/21,sh.600000,5.32,5.64,5.24,5.46,42739207
2008/2/22,sh.600000,5.42,5.42,5.05,5.05,27845413
2008/2/25,sh.600000,5.02,5.03,4.83,4.93,19101135
2008/2/26,sh.600000,5.11,5.28,4.98,5.11,23823549
2008/2/27,sh.600000,5.10,5.32,4.90,5.13,28105788
2008/2/28,sh.600000,4.99,5.26,4.95,5.16,15033198
2008/2/29,sh.600000,5.18,5.34,5.18,5.32,17420274
2008/3/3,sh.600000,5.26,5.44,5.15,5.41,13170095
2008/3/4,sh.600000,5.41,5.43,4.91,4.92,35684126
2008/3/5,sh.600000,4.99,5.05,4.88,4.95,12774790
2008/3/6,sh.600000,5.01,5.29,4.89,5.07,17986055
2008/3/7,sh.600000,4.94,5.13,4.93,4.98,12271203
2008/3/10,sh.600000,4.95,4.95,4.59,4.61,22260021
2008/3/11,sh.600000,4.58,4.61,4.42,4.48,20487662
2008/3/12,sh.600000,4.62,4.65,4.17,4.21,27305721
2008/3/13,sh.600000,4.17,4.31,4.11,4.27,23167434
2008/3/14,sh.600000,4.26,4.28,4.02,4.10,23235257
2008/3/17,sh.600000,4.07,4.27,3.99,4.12,16482947
2008/3/18,sh.600000,4.09,4.27,4.00,4.12,18443985
2008/3/19,sh.600000,4.12,4.12,4.12,4.12,INVALID
2008/3/20,sh.600000,3.92,4.44,3.79,4.38,30057048
2008/3/21,sh.600000,4.37,4.48,4.26,4.33,25593016
2008/3/24,sh.600000,4.38,4.39,3.90,3.90,33721687
2008/3/25,sh.600000,3.83,4.05,3.74,3.97,24985770
2008/3/26,sh.600000,4.03,4.23,4.03,4.17,36539759
2008/3/27,sh.600000,4.08,4.29,4.02,4.20,21902948
2008/3/28,sh.600000,4.17,4.55,4.12,4.52,40000506
2008/3/31,sh.600000,4.37,4.62,4.32,4.47,27556771
2008/4/1,sh.600000,4.42,4.62,4.21,4.47,25054803
2008/4/2,sh.600000,4.55,4.78,4.50,4.59,41902426
2008/4/3,sh.600000,4.55,4.62,4.39,4.61,28278537
2008/4/7,sh.600000,4.55,4.76,4.50,4.73,28370432
2008/4/8,sh.600000,4.74,4.74,4.57,4.72,25412060
2008/4/9,sh.600000,4.64,4.68,4.34,4.35,25497424
2008/4/10,sh.600000,4.35,4.44,4.21,4.35,17786663
2008/4/11,sh.600000,4.42,4.50,4.35,4.40,16978879
2008/4/14,sh.600000,4.42,4.49,4.03,4.07,42557017
2008/4/15,sh.600000,4.09,4.13,3.84,4.05,34959171
2008/4/16,sh.600000,4.03,4.11,3.89,3.95,21646087
2008/4/17,sh.600000,3.97,4.06,3.79,3.85,20380939
2008/4/18,sh.600000,3.79,3.94,3.65,3.86,20842037
2008/4/21,sh.600000,4.15,4.16,3.84,3.92,42490444
2008/4/22,sh.600000,3.83,4.15,3.78,4.12,29316094
2008/4/23,sh.600000,4.09,4.48,4.04,4.46,37908946
2008/4/24,sh.600000,4.90,4.90,4.71,4.90,77580627
2008/4/25,sh.600000,4.78,5.07,4.72,4.84,63497716
2008/4/28,sh.600000,4.78,4.97,4.71,4.82,44769594
2008/4/29,sh.600000,4.80,4.98,4.80,4.91,36268115
2008/4/30,sh.600000,4.95,5.38,4.95,5.35,54983740
2008/5/5,sh.600000,5.46,5.49,5.21,5.39,53417949
2008/5/6,sh.600000,5.28,5.35,5.16,5.22,40983754
2008/5/7,sh.600000,5.13,5.24,4.83,4.84,58967009
2008/5/8,sh.600000,4.77,4.93,4.70,4.88,32843819
2008/5/9,sh.600000,4.90,4.93,4.52,4.63,74449284
2008/5/12,sh.600000,4.54,4.88,4.49,4.83,49459963
2008/5/13,sh.600000,4.69,4.85,4.62,4.71,36292744
2008/5/14,sh.600000,4.72,5.13,4.72,5.12,63434824
2008/5/15,sh.600000,5.18,5.20,4.95,4.96,43116988
2008/5/16,sh.600000,4.95,5.12,4.93,5.05,40614724
2008/5/19,sh.600000,5.03,5.06,4.92,4.99,18040105
2008/5/20,sh.600000,4.99,5.07,4.70,4.72,36274913
2008/5/21,sh.600000,4.66,4.80,4.52,4.71,40143140
2008/5/22,sh.600000,4.63,4.66,4.52,4.57,31080863
2008/5/23,sh.600000,4.57,4.73,4.57,4.66,32473185
2008/5/26,sh.600000,4.61,4.61,4.45,4.50,22683658
2008/5/27,sh.600000,4.50,4.55,4.45,4.50,18111885
2008/5/28,sh.600000,4.50,4.82,4.50,4.71,37804717
2008/5/29,sh.600000,4.70,4.72,4.54,4.54,20959676
2008/5/30,sh.600000,4.57,4.69,4.57,4.64,21137465
2008/6/2,sh.600000,4.60,4.76,4.58,4.69,23349976
2008/6/3,sh.600000,4.67,4.77,4.64,4.73,26842372
2008/6/4,sh.600000,4.73,4.75,4.57,4.68,19911465
2008/6/5,sh.600000,4.65,4.80,4.61,4.75,27881374
2008/6/6,sh.600000,4.77,4.84,4.71,4.72,24610788
2008/6/10,sh.600000,4.45,4.52,4.25,4.25,33190575
2008/6/11,sh.600000,4.16,4.16,4.01,4.08,28425492
2008/6/12,sh.600000,4.04,4.08,3.89,3.98,27786585
2008/6/13,sh.600000,3.96,4.05,3.91,3.94,18998487
2008/6/16,sh.600000,3.96,4.05,3.88,3.96,18613152
2008/6/17,sh.600000,3.95,4.04,3.91,3.97,23286930
2008/6/18,sh.600000,3.95,4.23,3.90,4.16,27646250
2008/6/19,sh.600000,4.12,4.12,3.79,3.80,19246754
2008/6/20,sh.600000,3.82,4.15,3.70,4.03,51729023
2008/6/23,sh.600000,3.93,4.02,3.88,3.96,11772085
2008/6/24,sh.600000,3.93,4.10,3.93,4.04,15526948
2008/6/25,sh.600000,4.04,4.17,3.99,4.11,25035653
2008/6/26,sh.600000,4.11,4.15,3.99,4.05,22390034
2008/6/27,sh.600000,3.90,3.90,3.73,3.79,26244210
2008/6/30,sh.600000,3.73,3.82,3.59,3.63,18472630
2008/7/1,sh.600000,3.66,3.69,3.30,3.32,38737115
2008/7/2,sh.600000,3.32,3.34,3.20,3.33,26219258
2008/7/3,sh.600000,3.25,3.49,3.22,3.37,26291089
2008/7/4,sh.600000,3.51,3.53,3.40,3.46,37865853
2008/7/7,sh.600000,3.50,3.74,3.47,3.70,41706385
2008/7/8,sh.600000,3.72,3.81,3.60,3.69,35226321
2008/7/9,sh.600000,3.75,3.99,3.75,3.87,58263360
2008/7/10,sh.600000,3.78,4.02,3.76,3.91,53765317
2008/7/11,sh.600000,3.88,3.92,3.74,3.84,40943249
2008/7/14,sh.600000,3.78,3.94,3.77,3.88,18410458
2008/7/15,sh.600000,3.89,3.90,3.60,3.60,41441589
2008/7/16,sh.600000,3.51,3.56,3.37,3.43,28480449
2008/7/17,sh.600000,3.52,3.56,3.30,3.37,32004881
2008/7/18,sh.600000,3.43,3.54,3.32,3.51,33610233
2008/7/21,sh.600000,3.47,3.68,3.43,3.65,31840583
2008/7/22,sh.600000,3.63,3.69,3.60,3.63,18968272
2008/7/23,sh.600000,3.69,3.74,3.61,3.61,25190258
2008/7/24,sh.600000,3.67,3.92,3.65,3.91,50921171
2008/7/25,sh.600000,3.83,4.00,3.80,3.94,55869505
2008/7/28,sh.600000,3.99,4.14,3.92,3.97,41042219
2008/7/29,sh.600000,3.88,3.93,3.80,3.89,24252586
2008/7/30,sh.600000,3.98,4.00,3.81,3.87,22518269
2008/7/31,sh.600000,3.88,3.88,3.72,3.75,23735714
2008/8/1,sh.600000,3.70,3.99,3.69,3.94,31755518
2008/8/4,sh.600000,3.84,4.00,3.82,3.84,24336859
2008/8/5,sh.600000,3.94,3.96,3.81,3.84,31230360
2008/8/6,sh.600000,3.88,3.95,3.84,3.91,22242363
2008/8/7,sh.600000,3.90,3.95,3.76,3.82,22247557
2008/8/8,sh.600000,3.81,3.83,3.56,3.57,24786139
2008/8/11,sh.600000,3.57,3.84,3.53,3.61,43440707
2008/8/12,sh.600000,3.56,3.63,3.46,3.55,17377705
2008/8/13,sh.600000,3.53,3.55,3.39,3.51,20557355
2008/8/14,sh.600000,3.51,3.54,3.40,3.48,21821727
2008/8/15,sh.600000,3.48,3.59,3.41,3.51,19589117
2008/8/18,sh.600000,3.51,3.52,3.32,3.32,17297268
2008/8/19,sh.600000,3.28,3.45,3.27,3.39,16902475
2008/8/20,sh.600000,3.35,3.73,3.30,3.73,47798296
2008/8/21,sh.600000,3.66,3.74,3.57,3.62,29540698
2008/8/22,sh.600000,3.60,3.61,3.44,3.50,22792952
2008/8/25,sh.600000,3.51,3.61,3.46,3.51,14376723
2008/8/26,sh.600000,3.43,3.56,3.39,3.42,16977763
2008/8/27,sh.600000,3.41,3.52,3.39,3.46,17153342
2008/8/28,sh.600000,3.47,3.58,3.45,3.52,17199455
2008/8/29,sh.600000,3.56,3.64,3.51,3.62,24406298
2008/9/1,sh.600000,3.57,3.60,3.40,3.41,26636160
2008/9/2,sh.600000,3.38,3.43,3.28,3.31,26208902
2008/9/3,sh.600000,3.31,3.33,3.13,3.17,31017487
2008/9/4,sh.600000,3.16,3.16,3.01,3.12,47670259
2008/9/5,sh.600000,3.00,3.05,2.95,2.97,34750476
2008/9/8,sh.600000,3.00,3.02,2.89,2.92,23694623
2008/9/9,sh.600000,2.94,2.96,2.89,2.92,24991864
2008/9/10,sh.600000,2.89,2.94,2.80,2.85,36524917
2008/9/11,sh.600000,2.84,2.84,2.61,2.63,53179503
2008/9/12,sh.600000,2.64,2.69,2.58,2.63,37949040
2008/9/16,sh.600000,2.47,2.47,2.37,2.37,80217572
2008/9/17,sh.600000,2.28,2.32,2.14,2.20,87960284
2008/9/18,sh.600000,2.13,2.38,2.10,2.29,114503835
2008/9/19,sh.600000,2.52,2.52,2.47,2.52,67551229
2008/9/22,sh.600000,2.77,2.77,2.57,2.77,226101139
2008/9/23,sh.600000,2.61,2.70,2.57,2.58,108244332
2008/9/24,sh.600000,2.47,2.54,2.41,2.53,79789611
2008/9/25,sh.600000,2.51,2.68,2.47,2.59,102548039
2008/9/26,sh.600000,2.61,2.65,2.52,2.58,57838507
2008/10/6,sh.600000,2.48,2.48,2.32,2.32,65541868
2008/10/7,sh.600000,2.20,2.36,2.20,2.29,51914370
2008/10/8,sh.600000,2.18,2.22,2.08,2.13,78182344
2008/10/9,sh.600000,2.15,2.19,2.08,2.12,57911745
2008/10/10,sh.600000,2.00,2.10,1.97,2.03,66631290
2008/10/13,sh.600000,2.03,2.23,2.01,2.23,102224562
2008/10/14,sh.600000,2.33,2.40,2.19,2.20,132525006
2008/10/15,sh.600000,2.17,2.30,2.14,2.30,69293082
2008/10/16,sh.600000,2.18,2.24,2.15,2.17,60807386
2008/10/17,sh.600000,2.23,2.24,2.13,2.20,48021436
2008/10/20,sh.600000,2.18,2.33,2.12,2.32,63028765
2008/10/21,sh.600000,2.32,2.35,2.23,2.24,69950397
2008/10/22,sh.600000,2.20,2.29,2.19,2.19,43972138
2008/10/23,sh.600000,2.12,2.13,2.02,2.13,74202931
2008/10/24,sh.600000,2.11,2.12,1.98,2.00,68911396
2008/10/27,sh.600000,1.95,1.95,1.81,1.82,56325199
2008/10/28,sh.600000,1.78,2.00,1.78,2.00,106347914
2008/10/29,sh.600000,1.99,2.05,1.94,1.96,99383574
2008/10/30,sh.600000,1.96,2.09,1.95,2.01,70945293
2008/10/31,sh.600000,2.01,2.02,1.92,1.94,58909119
2008/11/3,sh.600000,1.91,2.04,1.90,1.97,47505635
2008/11/4,sh.600000,1.95,2.02,1.91,1.98,39329843
2008/11/5,sh.600000,2.02,2.18,2.01,2.11,98955089
2008/11/6,sh.600000,2.03,2.04,1.98,2.00,53609335
2008/11/7,sh.600000,1.95,2.16,1.94,2.11,79141186
2008/11/10,sh.600000,2.20,2.32,2.15,2.32,133033492
2008/11/11,sh.600000,2.30,2.35,2.27,2.28,97718051
2008/11/12,sh.600000,2.25,2.39,2.25,2.34,79238582
2008/11/13,sh.600000,2.28,2.49,2.28,2.44,119262043
2008/11/14,sh.600000,2.48,2.50,2.41,2.47,115676692
2008/11/17,sh.600000,2.44,2.53,2.43,2.52,94564505
2008/11/18,sh.600000,2.50,2.54,2.27,2.27,123321051
2008/11/19,sh.600000,2.28,2.47,2.27,2.43,89398295
2008/11/20,sh.600000,2.43,2.43,2.43,2.43,INVALID
2008/11/21,sh.600000,2.29,2.45,2.22,2.34,118687774
2008/11/24,sh.600000,2.31,2.32,2.19,2.19,64213850
2008/11/25,sh.600000,2.25,2.27,2.12,2.17,48296204
2008/11/26,sh.600000,2.17,2.19,2.10,2.14,46719668
2008/11/27,sh.600000,2.26,2.28,2.12,2.13,113980227
2008/11/28,sh.600000,2.09,2.09,1.96,1.98,112228139
2008/12/1,sh.600000,1.96,2.03,1.92,2.01,62473464
2008/12/2,sh.600000,1.96,2.03,1.93,1.99,72893384
2008/12/3,sh.600000,2.03,2.13,2.02,2.13,128494320
2008/12/4,sh.600000,2.18,2.30,2.17,2.20,189574445
2008/12/5,sh.600000,2.19,2.26,2.18,2.24,88193195
2008/12/8,sh.600000,2.28,2.44,2.28,2.44,157485361
2008/12/9,sh.600000,2.47,2.48,2.33,2.33,126909599
2008/12/10,sh.600000,2.35,2.56,2.35,2.55,197545876
2008/12/11,sh.600000,2.48,2.52,2.43,2.45,145596217
2008/12/12,sh.600000,2.41,2.43,2.24,2.29,111839101
2008/12/15,sh.600000,2.35,2.37,2.26,2.31,78534989
2008/12/16,sh.600000,2.27,2.33,2.21,2.32,62687440
2008/12/17,sh.600000,2.33,2.35,2.27,2.28,73639592
2008/12/18,sh.600000,2.28,2.46,2.24,2.45,121100582
2008/12/19,sh.600000,2.41,2.48,2.40,2.42,105510810
2008/12/22,sh.600000,2.42,2.42,2.33,2.35,60047102
2008/12/23,sh.600000,2.34,2.34,2.23,2.25,79807929
2008/12/24,sh.600000,2.22,2.31,2.21,2.27,54950920
2008/12/25,sh.600000,2.27,2.29,2.20,2.22,38416861
2008/12/26,sh.600000,2.22,2.25,2.19,2.21,41187459
2008/12/29,sh.600000,2.18,2.21,2.14,2.17,45339488
2008/12/30,sh.600000,2.18,2.23,2.15,2.20,40655239
2008/12/31,sh.600000,2.20,2.23,2.17,2.19,25907019
2009/1/5,sh.600000,2.23,2.27,2.20,2.26,50314256
2009/1/6,sh.600000,2.30,2.41,2.30,2.39,95849600
2009/1/7,sh.600000,2.39,2.41,2.35,2.36,61893877
2009/1/8,sh.600000,2.29,2.30,2.24,2.25,60122006
2009/1/9,sh.600000,2.26,2.34,2.26,2.32,56730533
2009/1/12,sh.600000,2.32,2.42,2.32,2.36,75404646
2009/1/13,sh.600000,2.30,2.34,2.28,2.31,52456034
2009/1/14,sh.600000,2.30,2.51,2.29,2.49,113027754
2009/1/15,sh.600000,2.44,2.55,2.43,2.49,119811756
2009/1/16,sh.600000,2.51,2.66,2.51,2.58,112442014
2009/1/19,sh.600000,2.61,2.78,2.61,2.63,108471237
2009/1/20,sh.600000,2.63,2.69,2.61,2.67,49824604
2009/1/21,sh.600000,2.62,2.77,2.60,2.70,61832408
2009/1/22,sh.600000,2.71,2.76,2.64,2.72,40450449
2009/1/23,sh.600000,2.69,2.80,2.69,2.75,52151502
2009/2/2,sh.600000,2.77,2.79,2.68,2.69,43875193
2009/2/3,sh.600000,2.70,2.78,2.69,2.75,51922123
2009/2/4,sh.600000,2.78,2.92,2.77,2.89,60513971
2009/2/5,sh.600000,2.89,2.93,2.79,2.82,62490999
2009/2/6,sh.600000,2.85,2.92,2.80,2.90,58778946
2009/2/9,sh.600000,2.97,2.98,2.89,2.93,53011980
2009/2/10,sh.600000,2.92,2.94,2.84,2.93,52102875
2009/2/11,sh.600000,2.86,3.01,2.80,2.90,115776026
2009/2/12,sh.600000,2.90,2.90,2.74,2.79,87112431
2009/2/13,sh.600000,2.78,2.88,2.78,2.87,74477035
2009/2/16,sh.600000,2.88,3.00,2.88,2.99,104064018
2009/2/17,sh.600000,2.99,3.07,2.92,2.93,96479026
2009/2/18,sh.600000,2.85,2.92,2.78,2.80,76688896
2009/2/19,sh.600000,2.83,2.85,2.70,2.75,67780534
2009/2/20,sh.600000,2.72,2.78,2.69,2.78,58422197
2009/2/23,sh.600000,2.74,2.96,2.69,2.90,98231123
2009/2/24,sh.600000,2.82,2.87,2.70,2.71,91869287
2009/2/25,sh.600000,2.76,2.91,2.66,2.82,124689091
2009/2/26,sh.600000,2.77,2.99,2.76,2.84,217860195
2009/2/27,sh.600000,2.84,2.97,2.78,2.93,192531537
2009/3/2,sh.600000,2.93,2.95,2.72,2.91,141148916
2009/3/3,sh.600000,2.79,2.87,2.77,2.79,114414163
2009/3/4,sh.600000,2.79,3.07,2.78,3.07,164220243
2009/3/5,sh.600000,3.15,3.28,3.09,3.17,219247404
2009/3/6,sh.600000,3.12,3.27,3.12,3.21,145323345
2009/3/9,sh.600000,3.23,3.32,3.03,3.06,126016448
2009/3/10,sh.600000,3.02,3.15,2.95,3.12,79622779
2009/3/11,sh.600000,3.22,3.25,3.04,3.07,100677811
2009/3/12,sh.600000,3.01,3.06,2.94,3.02,60506874
2009/3/13,sh.600000,3.06,3.09,2.98,3.00,60424082
2009/3/16,sh.600000,2.96,3.15,2.95,3.13,71308657
2009/3/17,sh.600000,3.13,3.27,3.10,3.24,77589325
2009/3/18,sh.600000,3.26,3.27,3.19,3.20,68375447
2009/3/19,sh.600000,3.20,3.25,3.16,3.25,64323766
2009/3/20,sh.600000,3.24,3.26,3.14,3.19,53870197
2009/3/23,sh.600000,3.17,3.35,3.15,3.33,83533046
2009/3/24,sh.600000,3.44,3.47,3.34,3.38,82367682
2009/3/25,sh.600000,3.36,3.53,3.33,3.42,81443402
2009/3/26,sh.600000,3.49,3.60,3.44,3.58,109286445
2009/3/27,sh.600000,3.61,3.67,3.57,3.66,92113180
2009/3/30,sh.600000,3.64,3.68,3.58,3.63,74087856
2009/3/31,sh.600000,3.54,3.64,3.45,3.62,71911904
2009/4/1,sh.600000,3.64,3.67,3.58,3.60,75238559
2009/4/2,sh.600000,3.60,3.65,3.55,3.61,102255457
2009/4/3,sh.600000,3.65,3.76,3.60,3.67,122942655
2009/4/7,sh.600000,3.65,3.71,3.58,3.61,72770315
2009/4/8,sh.600000,3.59,3.65,3.45,3.45,74457812
2009/4/9,sh.600000,3.46,3.64,3.46,3.63,63501215
2009/4/10,sh.600000,3.71,3.74,3.61,3.67,93438824
2009/4/13,sh.600000,3.70,3.78,3.66,3.72,94871449
2009/4/14,sh.600000,3.70,3.79,3.68,3.75,53753153
2009/4/15,sh.600000,3.74,3.77,3.65,3.71,62655168
2009/4/16,sh.600000,3.71,3.75,3.61,3.71,71931357
2009/4/17,sh.600000,3.68,3.71,3.61,3.63,55509845
2009/4/20,sh.600000,3.65,3.73,3.64,3.72,47496855
2009/4/21,sh.600000,3.63,3.69,3.56,3.64,67827606
2009/4/22,sh.600000,3.67,3.75,3.57,3.58,83761233
2009/4/23,sh.600000,3.55,3.59,3.51,3.57,43944746
2009/4/24,sh.600000,3.61,3.63,3.52,3.53,38151038
2009/4/27,sh.600000,3.53,3.56,3.38,3.43,40010440
2009/4/28,sh.600000,3.41,3.50,3.40,3.47,37879729
2009/4/29,sh.600000,3.48,3.82,3.47,3.80,138382300
2009/4/30,sh.600000,3.79,3.85,3.76,3.82,114116185
2009/5/4,sh.600000,3.84,3.98,3.82,3.93,93155951
2009/5/5,sh.600000,3.93,3.93,3.93,3.93,INVALID
2009/5/6,sh.600000,3.95,4.10,3.91,4.04,90300882
2009/5/7,sh.600000,4.05,4.16,4.00,4.06,74494159
2009/5/8,sh.600000,4.04,4.15,4.00,4.09,61752762
2009/5/11,sh.600000,4.14,4.40,4.09,4.11,85503883
2009/5/12,sh.600000,4.06,4.24,4.06,4.19,56791842
2009/5/13,sh.600000,4.20,4.22,4.12,4.18,42647955
2009/5/14,sh.600000,4.12,4.14,4.03,4.09,46697844
2009/5/15,sh.600000,4.12,4.18,4.11,4.15,33674797
2009/5/18,sh.600000,4.12,4.16,4.03,4.15,30884658
2009/5/19,sh.600000,4.22,4.32,4.22,4.29,55205744
2009/5/20,sh.600000,4.29,4.30,4.21,4.22,29070594
2009/5/21,sh.600000,4.17,4.27,4.07,4.09,59271714
2009/5/22,sh.600000,4.08,4.16,4.05,4.09,40319561
2009/5/25,sh.600000,3.98,4.15,3.98,4.10,44655233
2009/5/26,sh.600000,4.12,4.14,4.06,4.06,30294978
2009/5/27,sh.600000,4.08,4.29,4.08,4.23,59769938
2009/6/1,sh.600000,4.30,4.38,4.26,4.36,58709625
2009/6/2,sh.600000,4.40,4.41,4.30,4.31,42584217
2009/6/3,sh.600000,4.34,4.74,4.34,4.74,92229584
2009/6/4,sh.600000,4.76,4.97,4.73,4.96,97344691
2009/6/5,sh.600000,4.99,5.04,4.88,5.00,68254813
2009/6/8,sh.600000,5.00,5.14,4.88,5.05,92542254
2009/6/9,sh.600000,5.07,5.10,4.86,4.96,77798809
2009/6/10,sh.600000,4.95,5.00,4.84,4.89,106006375
2009/6/11,sh.600000,4.89,4.96,4.85,4.90,69016669
2009/6/12,sh.600000,4.89,4.91,4.70,4.75,74211800
2009/6/15,sh.600000,4.77,4.99,4.75,4.98,91019227
2009/6/16,sh.600000,4.92,4.98,4.83,4.90,75468633
2009/6/17,sh.600000,4.90,4.94,4.73,4.92,74355765
2009/6/18,sh.600000,4.93,5.07,4.89,4.98,98075621
2009/6/19,sh.600000,5.00,5.13,4.98,5.07,83611079
2009/6/22,sh.600000,5.16,5.24,5.12,5.15,87806428
2009/6/23,sh.600000,5.05,5.35,5.02,5.22,123929380
2009/6/24,sh.600000,5.17,5.25,5.10,5.20,73607973
2009/6/25,sh.600000,5.19,5.25,5.13,5.15,49788126
2009/6/26,sh.600000,5.17,5.37,5.16,5.35,94521011
2009/6/29,sh.600000,5.35,5.43,5.32,5.40,61732894
2009/6/30,sh.600000,5.42,5.43,5.33,5.36,52875351
2009/7/1,sh.600000,5.37,5.63,5.33,5.62,67869626
2009/7/2,sh.600000,5.63,5.81,5.62,5.70,79740701
2009/7/3,sh.600000,5.65,5.81,5.63,5.80,61158144
2009/7/6,sh.600000,5.80,5.97,5.80,5.91,60577550
2009/7/7,sh.600000,5.91,5.91,5.70,5.71,86429237
2009/7/8,sh.600000,5.63,5.72,5.47,5.66,90744812
2009/7/9,sh.600000,5.66,5.74,5.54,5.69,70982664
2009/7/10,sh.600000,5.69,5.72,5.58,5.64,46576845
2009/7/13,sh.600000,5.54,5.63,5.44,5.45,72304791
2009/7/14,sh.600000,5.48,5.66,5.48,5.63,61761776
2009/7/15,sh.600000,5.67,5.76,5.58,5.64,56740226
2009/7/16,sh.600000,5.71,5.91,5.63,5.83,106605125
2009/7/17,sh.600000,5.84,5.89,5.76,5.83,64698490
2009/7/20,sh.600000,5.85,5.91,5.77,5.88,68261672
2009/7/21,sh.600000,5.89,5.95,5.77,5.79,76361209
2009/7/22,sh.600000,5.77,5.91,5.75,5.86,66998495
2009/7/23,sh.600000,5.87,6.02,5.82,5.94,74176102
2009/7/24,sh.600000,5.98,6.01,5.79,5.88,66496307
2009/7/27,sh.600000,5.92,6.01,5.87,5.98,61814131
2009/7/28,sh.600000,5.98,6.07,5.89,5.95,61288879
2009/7/29,sh.600000,5.94,6.18,5.47,5.82,121528473
2009/7/30,sh.600000,5.89,6.27,5.88,6.26,160811191
2009/7/31,sh.600000,6.30,6.33,6.14,6.32,102523516
2009/8/3,sh.600000,6.36,6.37,6.19,6.31,73027668
2009/8/4,sh.600000,6.32,6.32,6.04,6.12,92648371
2009/8/5,sh.600000,6.07,6.12,5.91,5.96,86901078
2009/8/6,sh.600000,5.91,6.03,5.70,5.86,86728457
2009/8/7,sh.600000,5.82,5.96,5.74,5.79,68659396
2009/8/10,sh.600000,5.85,5.91,5.58,5.68,69101065
2009/8/11,sh.600000,5.72,5.74,5.58,5.66,54769622
2009/8/12,sh.600000,5.64,5.68,5.37,5.38,84715615
2009/8/13,sh.600000,5.39,5.58,5.28,5.56,87793178
2009/8/14,sh.600000,5.56,5.62,5.38,5.48,87952638
2009/8/17,sh.600000,5.35,5.51,5.19,5.20,91581910
2009/8/18,sh.600000,5.12,5.25,5.04,5.20,62394727
2009/8/19,sh.600000,5.21,5.28,4.89,4.97,75822501
2009/8/20,sh.600000,4.96,5.21,4.91,5.18,74585247
2009/8/21,sh.600000,5.19,5.41,5.13,5.28,99527595
2009/8/24,sh.600000,5.35,5.37,5.12,5.20,104987531
2009/8/25,sh.600000,5.17,5.17,4.68,4.83,165584575
2009/8/26,sh.600000,4.77,4.92,4.68,4.81,99695779
2009/8/27,sh.600000,4.82,4.87,4.64,4.69,109741489
2009/8/28,sh.600000,4.67,4.74,4.36,4.42,172880965
2009/8/31,sh.600000,4.42,4.42,4.13,4.15,120963203
2009/9/1,sh.600000,4.13,4.41,4.11,4.31,119499919
2009/9/2,sh.600000,4.25,4.50,4.22,4.48,140914809
2009/9/3,sh.600000,4.49,4.73,4.43,4.71,154497092
2009/9/4,sh.600000,4.70,4.80,4.65,4.69,111260023
2009/9/7,sh.600000,4.73,4.80,4.58,4.64,93595476
2009/9/8,sh.600000,4.60,4.71,4.51,4.70,101138469
2009/9/9,sh.600000,4.76,4.76,4.60,4.67,104995077
2009/9/10,sh.600000,4.67,4.67,4.56,4.59,73020666
2009/9/11,sh.600000,4.58,5.02,4.56,5.01,205714854
2009/9/14,sh.600000,4.99,5.06,4.91,5.03,139787313
2009/9/15,sh.600000,5.04,5.17,4.92,5.07,128355482
2009/9/16,sh.600000,5.01,5.04,4.87,4.92,116819818
2009/9/17,sh.600000,4.98,5.07,4.97,5.00,102535289
2009/9/18,sh.600000,5.02,5.03,4.73,4.76,134064181
2009/9/21,sh.600000,4.65,4.65,4.43,4.62,140756444
2009/9/22,sh.600000,4.56,4.62,4.41,4.43,118315677
2009/9/23,sh.600000,4.45,4.56,4.41,4.46,102362940
2009/9/24,sh.600000,4.44,4.75,4.41,4.67,170619705
2009/9/25,sh.600000,4.60,4.65,4.46,4.55,80558935
2009/9/28,sh.600000,4.56,4.60,4.42,4.44,58480607
2009/9/29,sh.600000,4.46,4.60,4.41,4.58,89826229
2009/9/30,sh.600000,4.61,4.64,4.54,4.57,97700149
2009/10/9,sh.600000,4.69,4.91,4.65,4.88,113179038
2009/10/12,sh.600000,4.93,5.03,4.82,4.83,95848640
2009/10/13,sh.600000,4.79,4.94,4.77,4.92,55918333
2009/10/14,sh.600000,4.92,5.03,4.90,4.95,86865035
2009/10/15,sh.600000,5.03,5.09,4.95,4.97,62102025
2009/10/16,sh.600000,5.00,5.04,4.89,5.02,69467823
2009/10/19,sh.600000,5.00,5.23,4.97,5.19,112223924
2009/10/20,sh.600000,5.26,5.33,5.20,5.31,112679360
2009/10/21,sh.600000,5.31,5.37,5.26,5.27,83404634
2009/10/22,sh.600000,5.26,5.29,5.19,5.22,67302193
2009/10/23,sh.600000,5.22,5.39,5.22,5.33,89960805
2009/10/26,sh.600000,5.35,5.39,5.28,5.31,50402084
2009/10/27,sh.600000,5.25,5.31,5.10,5.12,67393605
2009/10/28,sh.600000,5.09,5.15,4.96,5.08,68107559
2009/10/29,sh.600000,4.98,5.07,4.94,5.02,92467676
2009/10/30,sh.600000,5.12,5.20,5.05,5.06,65160369
2009/11/2,sh.600000,4.93,5.42,4.90,5.34,109725487
2009/11/3,sh.600000,5.35,5.43,5.33,5.39,85925314
2009/11/4,sh.600000,5.38,5.60,5.35,5.51,97252367
2009/11/5,sh.600000,5.49,5.56,5.44,5.48,52543822
2009/11/6,sh.600000,5.54,5.62,5.47,5.50,63750796
2009/11/9,sh.600000,5.49,5.50,5.34,5.47,83227475
2009/11/10,sh.600000,5.48,5.56,5.44,5.47,65408689
2009/11/11,sh.600000,5.44,5.44,5.37,5.41,65590982
2009/11/12,sh.600000,5.42,5.49,5.35,5.38,72865779
2009/11/13,sh.600000,5.35,5.46,5.32,5.45,60370768
2009/11/16,sh.600000,5.49,5.61,5.47,5.59,98495569
2009/11/17,sh.600000,5.63,5.72,5.58,5.59,78270644
2009/11/18,sh.600000,5.60,5.64,5.55,5.58,52367956
2009/11/19,sh.600000,5.59,5.62,5.48,5.54,80445023
2009/11/20,sh.600000,5.50,5.54,5.39,5.50,98203244
2009/11/23,sh.600000,5.49,5.50,5.41,5.49,82370818
2009/11/24,sh.600000,5.53,5.54,5.34,5.35,128659368
2009/11/25,sh.600000,5.37,5.41,5.20,5.39,112108079
2009/11/26,sh.600000,5.37,5.37,5.10,5.12,135140560
2009/11/27,sh.600000,5.05,5.16,4.96,4.99,108532271
2009/11/30,sh.600000,5.07,5.14,5.00,5.12,92061382
2009/12/1,sh.600000,5.09,5.16,4.98,5.13,120179406
2009/12/2,sh.600000,5.18,5.28,5.13,5.18,107580552
2009/12/3,sh.600000,5.17,5.18,5.10,5.14,77631140
2009/12/4,sh.600000,5.13,5.42,5.06,5.40,222338091
2009/12/7,sh.600000,5.35,5.43,5.33,5.36,119439789
2009/12/8,sh.600000,5.33,5.34,5.18,5.23,99206483
2009/12/9,sh.600000,5.14,5.20,5.08,5.10,79186495
2009/12/10,sh.600000,5.14,5.20,5.10,5.14,58919360
2009/12/11,sh.600000,5.15,5.22,5.11,5.14,53930882
2009/12/14,sh.600000,5.12,5.30,4.99,5.23,104166478
2009/12/15,sh.600000,5.20,5.20,5.10,5.12,76400332
2009/12/16,sh.600000,5.09,5.18,5.06,5.09,53726159
2009/12/17,sh.600000,5.10,5.14,4.97,4.98,66025413
2009/12/18,sh.600000,4.93,4.95,4.81,4.82,81913851
2009/12/21,sh.600000,4.82,4.89,4.75,4.80,52652452
2009/12/22,sh.600000,4.83,4.84,4.65,4.66,66346166
2009/12/23,sh.600000,4.67,4.70,4.61,4.67,60337285
2009/12/24,sh.600000,4.69,4.82,4.64,4.81,85472309
2009/12/25,sh.600000,4.77,4.79,4.70,4.73,68235443
2009/12/28,sh.600000,4.73,4.88,4.73,4.83,61096581
2009/12/29,sh.600000,4.84,4.88,4.80,4.87,49378732
2009/12/30,sh.600000,4.88,5.06,4.86,5.03,110775807
2009/12/31,sh.600000,5.06,5.09,5.00,5.05,63296649
2010/1/4,sh.600000,5.08,5.09,4.92,4.93,66191338
2010/1/5,sh.600000,4.98,5.02,4.84,4.97,115147943
2010/1/6,sh.600000,4.95,4.96,4.86,4.87,96782575
2010/1/7,sh.600000,4.86,4.90,4.72,4.76,85236072
2010/1/8,sh.600000,4.73,4.84,4.72,4.81,65707646
2010/1/11,sh.600000,5.03,5.07,4.79,4.81,116304812
2010/1/12,sh.600000,4.80,4.88,4.71,4.84,82351139
2010/1/13,sh.600000,4.71,4.73,4.61,4.61,146399684
2010/1/14,sh.600000,4.62,4.66,4.57,4.65,77340771
2010/1/15,sh.600000,4.66,4.71,4.59,4.66,69183668
2010/1/18,sh.600000,4.63,4.72,4.62,4.71,69940218
2010/1/19,sh.600000,4.71,4.79,4.70,4.73,69966139
2010/1/20,sh.600000,4.75,4.78,4.56,4.60,80776510
2010/1/21,sh.600000,4.63,4.79,4.60,4.76,93418186
2010/1/22,sh.600000,4.70,4.91,4.66,4.86,154445976
2010/1/25,sh.600000,4.78,4.88,4.75,4.76,80232725
2010/1/26,sh.600000,4.77,4.86,4.69,4.81,91936559
2010/1/27,sh.600000,4.81,4.84,4.60,4.62,94264363
2010/1/28,sh.600000,4.60,4.62,4.51,4.58,58691704
2010/1/29,sh.600000,4.56,4.66,4.53,4.56,53690104
2010/2/1,sh.600000,4.56,4.56,4.42,4.47,51669420
2010/2/2,sh.600000,4.50,4.58,4.46,4.48,48969591
2010/2/3,sh.600000,4.49,4.64,4.42,4.63,76493075
2010/2/4,sh.600000,4.56,4.63,4.56,4.57,46162099
2010/2/5,sh.600000,4.47,4.58,4.46,4.52,43895954
2010/2/8,sh.600000,4.53,4.54,4.44,4.47,37230982
2010/2/9,sh.600000,4.47,4.53,4.46,4.52,26496190
2010/2/10,sh.600000,4.56,4.60,4.54,4.58,30709495
2010/2/11,sh.600000,4.58,4.61,4.56,4.57,27375492
2010/2/12,sh.600000,4.59,4.63,4.57,4.61,29682512
2010/2/22,sh.600000,4.59,4.62,4.56,4.58,33430729
2010/2/23,sh.600000,4.57,4.57,4.48,4.53,30570947
2010/2/24,sh.600000,4.50,4.58,4.48,4.57,38978358
2010/2/25,sh.600000,4.60,4.84,4.60,4.83,194475975
2010/2/26,sh.600000,4.83,4.83,4.83,4.83,INVALID
2010/3/1,sh.600000,4.83,4.83,4.83,4.83,INVALID
2010/3/2,sh.600000,4.83,4.83,4.83,4.83,INVALID
2010/3/3,sh.600000,4.83,4.83,4.83,4.83,INVALID
2010/3/4,sh.600000,4.83,4.83,4.83,4.83,INVALID
2010/3/5,sh.600000,4.83,4.83,4.83,4.83,INVALID
2010/3/8,sh.600000,4.83,4.83,4.83,4.83,INVALID
2010/3/9,sh.600000,4.83,4.83,4.83,4.83,INVALID
2010/3/10,sh.600000,4.83,4.83,4.83,4.83,INVALID
2010/3/11,sh.600000,4.89,5.07,4.86,4.96,230271759
2010/3/12,sh.600000,4.96,5.01,4.89,4.90,74911752
2010/3/15,sh.600000,4.89,4.92,4.79,4.81,58127318
2010/3/16,sh.600000,4.80,4.93,4.77,4.93,56343015
2010/3/17,sh.600000,4.94,5.06,4.87,5.04,90740415
2010/3/18,sh.600000,5.04,5.17,5.01,5.05,88983821
2010/3/19,sh.600000,5.08,5.13,5.00,5.07,44756709
2010/3/22,sh.600000,5.08,5.20,5.08,5.17,96636042
2010/3/23,sh.600000,5.18,5.22,5.09,5.12,62566261
2010/3/24,sh.600000,5.13,5.21,5.12,5.13,51092919
2010/3/25,sh.600000,5.11,5.11,4.99,5.03,52512296
2010/3/26,sh.600000,5.01,5.24,5.01,5.18,82497766
2010/3/29,sh.600000,5.22,5.38,5.19,5.35,139499328
2010/3/30,sh.600000,5.35,5.35,5.35,5.35,INVALID
2010/3/31,sh.600000,5.37,5.37,5.28,5.30,54201365
2010/4/1,sh.600000,5.30,5.38,5.27,5.32,58179154
2010/4/2,sh.600000,5.32,5.37,5.30,5.33,40777535
2010/4/6,sh.600000,5.36,5.44,5.33,5.35,53809591
2010/4/7,sh.600000,5.35,5.37,5.24,5.30,50601633
2010/4/8,sh.600000,5.23,5.34,5.23,5.25,46876305
2010/4/9,sh.600000,5.26,5.36,5.26,5.34,38392741
2010/4/12,sh.600000,5.35,5.36,5.17,5.22,57895624
2010/4/13,sh.600000,5.21,5.38,5.18,5.36,84063856
2010/4/14,sh.600000,5.38,5.38,5.30,5.32,38865502
2010/4/15,sh.600000,5.34,5.35,5.23,5.30,42311790
2010/4/16,sh.600000,5.27,5.28,5.12,5.13,54964770
2010/4/19,sh.600000,5.05,5.05,4.77,4.78,123269959
2010/4/20,sh.600000,4.78,4.82,4.65,4.78,63866293
2010/4/21,sh.600000,4.76,4.86,4.72,4.85,55737608
2010/4/22,sh.600000,4.81,4.81,4.67,4.70,69600677
2010/4/23,sh.600000,4.70,4.85,4.64,4.74,83772876
2010/4/26,sh.600000,4.75,4.84,4.70,4.76,46179483
2010/4/27,sh.600000,4.71,4.74,4.60,4.68,57834285
2010/4/28,sh.600000,4.68,4.68,4.68,4.68,INVALID
2010/4/29,sh.600000,4.71,4.79,4.69,4.70,54096309
2010/4/30,sh.600000,4.72,4.80,4.69,4.79,52265741
2010/5/4,sh.600000,4.70,4.79,4.63,4.70,46170463
2010/5/5,sh.600000,4.64,4.73,4.58,4.73,54733838
2010/5/6,sh.600000,4.68,4.68,4.42,4.43,74669511
2010/5/7,sh.600000,4.34,4.44,4.29,4.32,61558279
2010/5/10,sh.600000,4.36,4.46,4.30,4.42,45360001
2010/5/11,sh.600000,4.52,4.54,4.30,4.36,59396296
2010/5/12,sh.600000,4.30,4.48,4.29,4.46,81130496
2010/5/13,sh.600000,4.44,4.64,4.42,4.59,78035578
2010/5/14,sh.600000,4.54,4.57,4.47,4.51,38321249
2010/5/17,sh.600000,4.46,4.46,4.33,4.34,43804793
2010/5/18,sh.600000,4.36,4.54,4.36,4.50,62168559
2010/5/19,sh.600000,4.46,4.58,4.42,4.48,40046627
2010/5/20,sh.600000,4.44,4.53,4.37,4.40,38877427
2010/5/21,sh.600000,4.30,4.49,4.28,4.47,40777827
2010/5/24,sh.600000,4.51,4.65,4.51,4.59,61911238
2010/5/25,sh.600000,4.56,4.57,4.42,4.45,52506336
2010/5/26,sh.600000,4.47,4.51,4.41,4.45,25592461
2010/5/27,sh.600000,4.44,4.50,4.37,4.49,31281232
2010/5/28,sh.600000,4.54,4.56,4.43,4.45,32337600
2010/5/31,sh.600000,4.40,4.45,4.30,4.31,51779891
2010/6/1,sh.600000,4.30,4.36,4.26,4.29,41838832
2010/6/2,sh.600000,4.28,4.30,4.20,4.28,31485389
2010/6/3,sh.600000,4.30,4.33,4.23,4.23,41470018
2010/6/4,sh.600000,4.22,4.25,4.20,4.23,28804637
2010/6/7,sh.600000,4.16,4.20,4.09,4.10,47409887
2010/6/8,sh.600000,4.12,4.14,4.00,4.05,40051743
2010/6/9,sh.600000,4.07,4.31,3.99,4.30,93220918
2010/6/10,sh.600000,4.18,4.27,4.16,4.18,52437769
2010/6/11,sh.600000,4.20,4.32,4.18,4.21,63179327
2010/6/17,sh.600000,4.24,4.31,4.20,4.22,47895735
2010/6/18,sh.600000,4.23,4.33,4.20,4.24,65781891
2010/6/21,sh.600000,4.27,4.46,4.22,4.41,98921549
2010/6/22,sh.600000,4.40,4.47,4.38,4.42,43036535
2010/6/23,sh.600000,4.39,4.43,4.30,4.34,39150500
2010/6/24,sh.600000,4.33,4.42,4.28,4.37,34387096
2010/6/25,sh.600000,4.34,4.41,4.33,4.39,32535651
2010/6/28,sh.600000,4.39,4.47,4.33,4.40,48930056
2010/6/29,sh.600000,4.40,4.42,4.19,4.19,65494721
2010/6/30,sh.600000,4.17,4.23,4.12,4.15,34558958
2010/7/1,sh.600000,4.13,4.21,4.11,4.12,32989253
2010/7/2,sh.600000,4.13,4.17,4.01,4.17,44785293
2010/7/5,sh.600000,4.10,4.19,4.03,4.12,35989580
2010/7/6,sh.600000,4.13,4.22,4.10,4.22,50169905
2010/7/7,sh.600000,4.19,4.22,4.15,4.19,33977340
2010/7/8,sh.600000,4.23,4.29,4.19,4.20,45101784
2010/7/9,sh.600000,4.21,4.42,4.17,4.34,76856389
2010/7/12,sh.600000,4.34,4.47,4.31,4.40,58299174
2010/7/13,sh.600000,4.33,4.38,4.29,4.32,44913760
2010/7/14,sh.600000,4.33,4.46,4.33,4.39,60363343
2010/7/15,sh.600000,4.39,4.46,4.29,4.30,47460309
2010/7/16,sh.600000,4.27,4.34,4.24,4.31,40892325
2010/7/19,sh.600000,4.29,4.46,4.26,4.43,65708689
2010/7/20,sh.600000,4.45,4.56,4.42,4.47,79072757
2010/7/21,sh.600000,4.48,4.49,4.42,4.47,44902488
2010/7/22,sh.600000,4.45,4.53,4.42,4.51,56509381
2010/7/23,sh.600000,4.51,4.62,4.49,4.55,76799211
2010/7/26,sh.600000,4.55,4.57,4.50,4.54,40369550
2010/7/27,sh.600000,4.51,4.51,4.44,4.45,52103320
2010/7/28,sh.600000,4.48,4.62,4.44,4.59,85532236
2010/7/29,sh.600000,4.60,4.64,4.55,4.60,69649439
2010/7/30,sh.600000,4.57,4.59,4.53,4.57,33083139
2010/8/2,sh.600000,4.55,4.66,4.53,4.66,65421012
2010/8/3,sh.600000,4.67,4.68,4.54,4.55,62854668
2010/8/4,sh.600000,4.54,4.55,4.43,4.51,75269997
2010/8/5,sh.600000,4.50,4.50,4.40,4.43,64461099
2010/8/6,sh.600000,4.42,4.49,4.36,4.48,63904291
2010/8/9,sh.600000,4.47,4.51,4.42,4.45,65817780
2010/8/10,sh.600000,4.46,4.48,4.28,4.29,70934886
2010/8/11,sh.600000,4.28,4.36,4.27,4.30,40185978
2010/8/12,sh.600000,4.26,4.30,4.21,4.23,52092833
2010/8/13,sh.600000,4.25,4.27,4.18,4.26,65122982
2010/8/16,sh.600000,4.24,4.38,4.22,4.36,70298086
2010/8/17,sh.600000,4.36,4.41,4.32,4.39,58280094
2010/8/18,sh.600000,4.40,4.45,4.34,4.36,72467574
2010/8/19,sh.600000,4.36,4.44,4.31,4.40,88905564
2010/8/20,sh.600000,4.36,4.44,4.32,4.33,62482199
2010/8/23,sh.600000,4.33,4.44,4.33,4.37,57525198
2010/8/24,sh.600000,4.37,4.43,4.31,4.38,48256463
2010/8/25,sh.600000,4.36,4.37,4.26,4.28,49499195
2010/8/26,sh.600000,4.32,4.33,4.25,4.26,29704170
2010/8/27,sh.600000,4.26,4.31,4.23,4.26,35648958
2010/8/30,sh.600000,4.29,4.33,4.26,4.30,52065218
2010/8/31,sh.600000,4.28,4.31,4.24,4.26,51313006
2010/9/1,sh.600000,4.29,4.37,4.20,4.26,90479283
2010/9/2,sh.600000,4.35,4.35,4.25,4.29,67694138
2010/9/3,sh.600000,4.29,4.29,4.22,4.25,61894269
2010/9/6,sh.600000,4.27,4.35,4.23,4.34,104581943
2010/9/7,sh.600000,4.34,4.37,4.28,4.32,58235840
2010/9/8,sh.600000,4.28,4.29,4.21,4.23,86168491
2010/9/9,sh.600000,4.23,4.24,4.10,4.13,111465647
2010/9/10,sh.600000,4.13,4.15,4.05,4.12,53410553
2010/9/13,sh.600000,4.10,4.16,4.05,4.11,72412342
2010/9/14,sh.600000,4.14,4.17,4.09,4.12,61653853
2010/9/15,sh.600000,4.12,4.12,4.05,4.06,44861148
2010/9/16,sh.600000,4.05,4.05,3.93,3.97,73439103
2010/9/17,sh.600000,3.99,4.00,3.93,3.95,43280633
2010/9/20,sh.600000,3.95,3.95,3.95,3.95,INVALID
2010/9/21,sh.600000,3.96,3.99,3.92,3.94,33671474
2010/9/27,sh.600000,3.96,3.97,3.93,3.94,43203690
2010/9/28,sh.600000,3.94,3.94,3.83,3.83,63988129
2010/9/29,sh.600000,3.72,3.87,3.69,3.81,79916494
2010/9/30,sh.600000,3.77,3.96,3.76,3.95,76420556
2010/10/8,sh.600000,3.99,4.11,3.92,4.07,99243331
2010/10/11,sh.600000,4.08,4.28,4.07,4.23,168240264
2010/10/12,sh.600000,4.22,4.26,4.18,4.26,108929191
2010/10/13,sh.600000,4.26,4.42,4.23,4.40,211717370
2010/10/14,sh.600000,4.42,4.57,4.37,4.39,219500516
2010/10/15,sh.600000,4.37,4.66,4.36,4.65,282011075
2010/10/18,sh.600000,4.76,4.86,4.64,4.68,267097716
2010/10/19,sh.600000,4.68,4.69,4.57,4.68,144202185
2010/10/20,sh.600000,4.64,4.80,4.60,4.65,185767858
2010/10/21,sh.600000,4.65,4.66,4.44,4.48,150426073
2010/10/22,sh.600000,4.46,4.49,4.38,4.44,109896506
2010/10/25,sh.600000,4.44,4.56,4.34,4.49,143474639
2010/10/26,sh.600000,4.50,4.56,4.39,4.46,107789175
2010/10/27,sh.600000,4.44,4.57,4.39,4.40,121544448
2010/10/28,sh.600000,4.40,4.48,4.35,4.44,99319456
2010/10/29,sh.600000,4.48,4.48,4.36,4.41,97225797
2010/11/1,sh.600000,4.42,4.49,4.41,4.47,116241177
2010/11/2,sh.600000,4.47,4.51,4.35,4.42,137575640
2010/11/3,sh.600000,4.42,4.57,4.38,4.48,192927706
2010/11/4,sh.600000,4.50,4.52,4.42,4.48,159439685
2010/11/5,sh.600000,4.53,4.55,4.44,4.49,148253623
2010/11/8,sh.600000,4.51,4.61,4.49,4.55,158999856
2010/11/9,sh.600000,4.56,4.57,4.39,4.42,168692580
2010/11/10,sh.600000,4.40,4.40,4.26,4.30,185659480
2010/11/11,sh.600000,4.30,4.40,4.28,4.34,140741160
2010/11/12,sh.600000,4.31,4.31,4.07,4.08,162468793
2010/11/15,sh.600000,4.10,4.14,4.01,4.12,102330904
2010/11/16,sh.600000,4.08,4.09,3.95,3.97,101346354
2010/11/17,sh.600000,3.94,4.07,3.92,4.00,88936367
2010/11/18,sh.600000,4.04,4.06,3.98,4.02,51868061
2010/11/19,sh.600000,4.04,4.04,3.92,4.00,80225581
2010/11/22,sh.600000,3.93,3.97,3.90,3.92,81871304
2010/11/23,sh.600000,3.91,3.91,3.82,3.86,82534428
2010/11/24,sh.600000,3.86,3.94,3.85,3.90,59367417
2010/11/25,sh.600000,3.93,3.98,3.87,3.96,85551206
2010/11/26,sh.600000,3.99,4.02,3.94,3.98,72170185
2010/11/29,sh.600000,3.95,3.98,3.91,3.95,44456207
2010/11/30,sh.600000,3.94,3.96,3.82,3.87,70465506
2010/12/1,sh.600000,3.86,3.91,3.85,3.88,31699307
2010/12/2,sh.600000,3.95,3.95,3.89,3.90,46735608
2010/12/3,sh.600000,3.90,3.93,3.88,3.91,33562275
2010/12/6,sh.600000,3.92,4.00,3.90,3.98,67233922
2010/12/7,sh.600000,3.96,4.00,3.92,3.98,50371023
2010/12/8,sh.600000,3.98,3.98,3.92,3.94,46375216
2010/12/9,sh.600000,3.92,3.92,3.87,3.87,50052445
2010/12/10,sh.600000,3.85,3.92,3.85,3.90,33921914
2010/12/13,sh.600000,3.91,3.97,3.88,3.96,83881971
2010/12/14,sh.600000,3.96,3.99,3.93,3.95,54829480
2010/12/15,sh.600000,3.95,3.98,3.94,3.94,72040472
2010/12/16,sh.600000,3.94,3.94,3.88,3.90,60753484
2010/12/17,sh.600000,3.90,3.90,3.86,3.88,57386953
2010/12/20,sh.600000,3.88,3.89,3.75,3.79,91831797
2010/12/21,sh.600000,3.80,3.92,3.76,3.90,97255977
2010/12/22,sh.600000,3.90,3.92,3.81,3.82,58037506
2010/12/23,sh.600000,3.83,3.97,3.80,3.87,85513637
2010/12/24,sh.600000,3.84,3.92,3.82,3.88,61330576
2010/12/27,sh.600000,3.94,3.96,3.80,3.81,62916617
2010/12/28,sh.600000,3.81,3.87,3.77,3.77,50643978
2010/12/29,sh.600000,3.79,3.81,3.75,3.78,43781538
2010/12/30,sh.600000,3.78,3.80,3.72,3.75,49486273
2010/12/31,sh.600000,3.76,3.78,3.73,3.78,70100841
2011/1/4,sh.600000,3.79,3.87,3.75,3.84,104301454
2011/1/5,sh.600000,3.87,3.94,3.85,3.87,107014161
2011/1/6,sh.600000,3.88,3.93,3.84,3.86,63954083
2011/1/7,sh.600000,3.87,4.12,3.83,4.03,278797594
2011/1/10,sh.600000,4.00,4.07,3.94,3.98,128007500
2011/1/11,sh.600000,3.96,4.09,3.96,4.08,114502560
2011/1/12,sh.600000,4.10,4.12,4.03,4.11,103066730
2011/1/13,sh.600000,4.11,4.13,4.06,4.07,55412160
2011/1/14,sh.600000,4.05,4.05,3.98,4.01,58900525
2011/1/17,sh.600000,3.95,3.99,3.78,3.84,85126256
2011/1/18,sh.600000,3.83,3.90,3.82,3.87,39880973
2011/1/19,sh.600000,3.87,3.91,3.83,3.91,39144999
2011/1/20,sh.600000,3.89,3.90,3.80,3.80,45362809
2011/1/21,sh.600000,3.81,4.02,3.80,3.89,69001299
2011/1/24,sh.600000,3.88,3.92,3.84,3.88,40025944
2011/1/25,sh.600000,3.89,3.95,3.86,3.92,49402537
2011/1/26,sh.600000,3.93,3.94,3.91,3.93,32488433
2011/1/27,sh.600000,3.89,3.92,3.81,3.91,69649478
2011/1/28,sh.600000,3.89,3.91,3.84,3.87,53000399
2011/1/31,sh.600000,3.87,3.90,3.84,3.88,52767631
2011/2/1,sh.600000,3.88,3.89,3.86,3.89,41824771
2011/2/9,sh.600000,3.87,3.91,3.84,3.85,50344812
2011/2/10,sh.600000,3.84,3.90,3.83,3.89,47401671
2011/2/11,sh.600000,3.89,3.90,3.85,3.89,86524659
2011/2/14,sh.600000,3.88,4.02,3.88,4.01,155522887
2011/2/15,sh.600000,4.01,4.02,3.96,3.97,111743067
2011/2/16,sh.600000,3.96,3.97,3.93,3.95,108130990
2011/2/17,sh.600000,3.98,4.03,3.96,3.99,107896347
2011/2/18,sh.600000,3.98,4.02,3.94,3.98,68116200
2011/2/21,sh.600000,3.94,3.97,3.92,3.97,76184521
2011/2/22,sh.600000,3.96,3.96,3.84,3.86,93354989
2011/2/23,sh.600000,3.85,3.88,3.81,3.84,66811755
2011/2/24,sh.600000,3.84,3.84,3.80,3.84,97281919
2011/2/25,sh.600000,3.84,3.89,3.82,3.86,61226468
2011/2/28,sh.600000,3.86,3.88,3.83,3.87,50718950
2011/3/1,sh.600000,3.88,3.97,3.88,3.95,128630210
2011/3/2,sh.600000,3.93,4.07,3.91,4.02,198210460
2011/3/3,sh.600000,4.02,4.20,4.02,4.10,263696326
2011/3/4,sh.600000,4.08,4.14,4.06,4.13,120797971
2011/3/7,sh.600000,4.14,4.21,4.11,4.15,121331696
2011/3/8,sh.600000,4.14,4.21,4.13,4.15,95174193
2011/3/9,sh.600000,4.17,4.20,4.14,4.15,75569415
2011/3/10,sh.600000,4.14,4.14,4.03,4.04,94145605
2011/3/11,sh.600000,4.03,4.05,3.97,3.99,64682922
2011/3/14,sh.600000,3.99,4.03,3.98,4.00,44064900
2011/3/15,sh.600000,3.99,3.99,3.88,3.94,92725768
2011/3/16,sh.600000,3.93,3.99,3.91,3.97,62901816
2011/3/17,sh.600000,3.93,3.95,3.90,3.92,46829496
2011/3/18,sh.600000,3.95,3.97,3.92,3.93,43770807
2011/3/21,sh.600000,3.93,3.98,3.92,3.94,46708141
2011/3/22,sh.600000,3.96,4.06,3.91,4.02,70018764
2011/3/23,sh.600000,4.01,4.08,4.00,4.05,56238253
2011/3/24,sh.600000,4.05,4.08,4.00,4.02,39629180
2011/3/25,sh.600000,4.03,4.14,4.03,4.08,83143551
2011/3/28,sh.600000,4.13,4.18,4.09,4.10,89692561
2011/3/29,sh.600000,4.11,4.22,4.10,4.15,116597369
2011/3/30,sh.600000,4.19,4.27,4.16,4.22,171723152
2011/3/31,sh.600000,4.22,4.24,4.12,4.15,78290829
2011/4/1,sh.600000,4.15,4.32,4.15,4.31,139484638
2011/4/6,sh.600000,4.31,4.45,4.31,4.45,191242695
2011/4/7,sh.600000,4.44,4.48,4.41,4.44,98951023
2011/4/8,sh.600000,4.43,4.48,4.39,4.43,68431749
2011/4/11,sh.600000,4.44,4.54,4.42,4.43,120906813
2011/4/12,sh.600000,4.42,4.47,4.36,4.40,87681115
2011/4/13,sh.600000,4.37,4.59,4.37,4.57,114475526
2011/4/14,sh.600000,4.60,4.65,4.55,4.56,126396923
2011/4/15,sh.600000,4.54,4.62,4.51,4.60,72972838
2011/4/18,sh.600000,4.58,4.63,4.54,4.57,79681035
2011/4/19,sh.600000,4.53,4.57,4.44,4.44,85498252
2011/4/20,sh.600000,4.45,4.51,4.39,4.42,60869160
2011/4/21,sh.600000,4.46,4.51,4.42,4.44,56955897
2011/4/22,sh.600000,4.44,4.47,4.38,4.40,47599632
2011/4/25,sh.600000,4.44,4.49,4.39,4.43,75979221
2011/4/26,sh.600000,4.44,4.50,4.42,4.50,84160008
2011/4/27,sh.600000,4.52,4.57,4.40,4.46,97470766
2011/4/28,sh.600000,4.46,4.46,4.46,4.46,INVALID
2011/4/29,sh.600000,4.48,4.49,4.27,4.35,101688583
2011/5/3,sh.600000,4.34,4.39,4.30,4.36,47035506
2011/5/4,sh.600000,4.33,4.38,4.19,4.22,81001236
2011/5/5,sh.600000,4.19,4.26,4.15,4.23,46974559
2011/5/6,sh.600000,4.18,4.26,4.16,4.21,36757391
2011/5/9,sh.600000,4.21,4.26,4.18,4.19,30554676
2011/5/10,sh.600000,4.21,4.26,4.18,4.26,36795361
2011/5/11,sh.600000,4.26,4.28,4.21,4.23,27344003
2011/5/12,sh.600000,4.21,4.25,4.16,4.16,37059483
2011/5/13,sh.600000,4.17,4.22,4.11,4.22,52149614
2011/5/16,sh.600000,4.19,4.24,4.17,4.17,37488832
2011/5/17,sh.600000,4.18,4.27,4.15,4.24,48282261
2011/5/18,sh.600000,4.23,4.33,4.22,4.31,54624469
2011/5/19,sh.600000,4.32,4.37,4.30,4.31,44471117
2011/5/20,sh.600000,4.31,4.37,4.30,4.34,51652211
2011/5/23,sh.600000,4.32,4.34,4.21,4.23,49529764
2011/5/24,sh.600000,4.21,4.25,4.20,4.22,33302192
2011/5/25,sh.600000,4.21,4.23,4.14,4.15,30456437
2011/5/26,sh.600000,4.18,4.19,4.13,4.16,32165477
2011/5/27,sh.600000,4.17,4.23,4.14,4.17,42690707
2011/5/30,sh.600000,4.16,4.23,4.14,4.21,32773527
2011/5/31,sh.600000,4.21,4.23,4.16,4.23,54862272
2011/6/1,sh.600000,4.21,4.23,4.17,4.19,43373105
2011/6/2,sh.600000,4.15,4.16,3.98,4.03,78054220
2011/6/3,sh.600000,4.02,4.07,4.01,4.05,38481953
2011/6/7,sh.600000,4.03,4.06,4.00,4.05,32112692
2011/6/8,sh.600000,4.05,4.06,3.92,3.98,71399603
2011/6/9,sh.600000,3.97,3.97,3.88,3.89,50650154
2011/6/10,sh.600000,3.89,3.93,3.88,3.91,41514189
2011/6/13,sh.600000,3.89,3.94,3.86,3.93,33499528
2011/6/14,sh.600000,3.92,4.03,3.90,3.98,59763717
2011/6/15,sh.600000,3.97,3.97,3.89,3.90,50642541
2011/6/16,sh.600000,3.88,3.89,3.85,3.85,43684110
2011/6/17,sh.600000,3.85,3.89,3.83,3.83,38151775
2011/6/20,sh.600000,3.83,3.88,3.81,3.87,49155845
2011/6/21,sh.600000,3.87,3.90,3.86,3.88,44032371
2011/6/22,sh.600000,3.90,3.90,3.84,3.86,44402682
2011/6/23,sh.600000,3.86,3.93,3.81,3.91,51462993
2011/6/24,sh.600000,3.89,4.08,3.88,4.05,108608292
2011/6/27,sh.600000,4.05,4.10,4.01,4.04,61879841
2011/6/28,sh.600000,4.04,4.04,3.97,4.01,48625916
2011/6/29,sh.600000,4.01,4.03,3.91,3.91,92115792
2011/6/30,sh.600000,3.92,4.00,3.91,3.95,89477914
2011/7/1,sh.600000,3.95,3.95,3.87,3.91,84950358
2011/7/4,sh.600000,3.93,4.06,3.92,4.05,137704167
2011/7/5,sh.600000,4.05,4.08,4.01,4.03,79844236
2011/7/6,sh.600000,4.01,4.01,3.93,3.98,78083396
2011/7/7,sh.600000,4.05,4.07,3.97,3.98,110306181
2011/7/8,sh.600000,3.99,4.11,3.98,4.07,96178652
2011/7/11,sh.600000,4.03,4.06,3.99,4.03,77297565
2011/7/12,sh.600000,4.00,4.02,3.95,3.96,73779698
2011/7/13,sh.600000,3.98,4.04,3.96,4.01,60517246
2011/7/14,sh.600000,4.01,4.05,4.00,4.05,72244581
2011/7/15,sh.600000,4.03,4.07,4.01,4.05,66656003
2011/7/18,sh.600000,4.05,4.05,3.98,4.01,88296134
2011/7/19,sh.600000,3.99,3.99,3.94,3.95,77790440
2011/7/20,sh.600000,3.97,3.99,3.92,3.95,63761031
2011/7/21,sh.600000,3.94,3.95,3.87,3.90,73648903
2011/7/22,sh.600000,3.91,3.92,3.88,3.89,52488395
2011/7/25,sh.600000,3.87,3.88,3.76,3.78,88189088
2011/7/26,sh.600000,3.78,3.83,3.76,3.78,45125010
2011/7/27,sh.600000,3.76,3.78,3.75,3.77,48213160
2011/7/28,sh.600000,3.74,3.75,3.67,3.70,65663811
2011/7/29,sh.600000,3.71,3.85,3.66,3.77,95487760
2011/8/1,sh.600000,3.74,3.79,3.72,3.74,44930056
2011/8/2,sh.600000,3.71,3.73,3.66,3.71,41364988
2011/8/3,sh.600000,3.69,3.73,3.68,3.71,31523822
2011/8/4,sh.600000,3.73,3.77,3.72,3.72,30410552
2011/8/5,sh.600000,3.65,3.67,3.61,3.62,71952165
2011/8/8,sh.600000,3.59,3.65,3.46,3.50,98624718
2011/8/9,sh.600000,3.42,3.59,3.40,3.56,110925176
2011/8/10,sh.600000,3.62,3.64,3.56,3.57,67295852
2011/8/11,sh.600000,3.50,3.67,3.49,3.65,74782511
2011/8/12,sh.600000,3.66,3.67,3.60,3.62,51162640
2011/8/15,sh.600000,3.64,3.77,3.61,3.76,89493443
2011/8/16,sh.600000,3.75,3.81,3.72,3.75,92194078
2011/8/17,sh.600000,3.75,3.77,3.72,3.72,44535594
2011/8/18,sh.600000,3.74,3.74,3.65,3.66,40832235
2011/8/19,sh.600000,3.61,3.64,3.59,3.62,55545006
2011/8/22,sh.600000,3.63,3.67,3.59,3.60,42762550
2011/8/23,sh.600000,3.62,3.69,3.58,3.68,48210876
2011/8/24,sh.600000,3.69,3.75,3.64,3.65,53322202
2011/8/25,sh.600000,3.67,3.82,3.65,3.80,121038880
2011/8/26,sh.600000,3.78,3.81,3.74,3.79,61998169
2011/8/29,sh.600000,3.73,3.73,3.66,3.68,75330948
2011/8/30,sh.600000,3.71,3.77,3.67,3.69,49166774
2011/8/31,sh.600000,3.68,3.75,3.67,3.73,34349428
2011/9/1,sh.600000,3.73,3.78,3.72,3.76,58506018
2011/9/2,sh.600000,3.75,3.77,3.69,3.73,32039819
2011/9/5,sh.600000,3.69,3.70,3.65,3.67,30840689
2011/9/6,sh.600000,3.65,3.70,3.62,3.65,42139539
2011/9/7,sh.600000,3.66,3.76,3.64,3.73,40598521
2011/9/8,sh.600000,3.73,3.74,3.69,3.71,28413650
2011/9/9,sh.600000,3.73,3.77,3.70,3.73,38055811
2011/9/13,sh.600000,3.68,3.70,3.66,3.67,27627217
2011/9/14,sh.600000,3.69,3.69,3.59,3.65,50592099
2011/9/15,sh.600000,3.65,3.68,3.59,3.59,56765027
2011/9/16,sh.600000,3.62,3.64,3.59,3.60,42224050
2011/9/19,sh.600000,3.57,3.58,3.53,3.53,41510239
2011/9/20,sh.600000,3.53,3.58,3.50,3.55,34551618
2011/9/21,sh.600000,3.55,3.70,3.51,3.65,70353056
2011/9/22,sh.600000,3.61,3.62,3.53,3.54,53791988
2011/9/23,sh.600000,3.49,3.53,3.45,3.50,54164832
2011/9/26,sh.600000,3.47,3.50,3.37,3.39,81748380
2011/9/27,sh.600000,3.42,3.44,3.40,3.42,40252611
2011/9/28,sh.600000,3.45,3.45,3.37,3.38,42407399
2011/9/29,sh.600000,3.37,3.42,3.34,3.39,43757787
2011/9/30,sh.600000,3.40,3.47,3.39,3.43,60468787
2011/10/10,sh.600000,3.42,3.43,3.37,3.38,32428434
2011/10/11,sh.600000,3.52,3.52,3.40,3.44,59130344
2011/10/12,sh.600000,3.43,3.58,3.41,3.55,89412222
2011/10/13,sh.600000,3.54,3.59,3.51,3.56,51298778
2011/10/14,sh.600000,3.55,3.56,3.50,3.54,40504198
2011/10/17,sh.600000,3.55,3.63,3.54,3.58,46009758
2011/10/18,sh.600000,3.55,3.57,3.51,3.52,41115344
2011/10/19,sh.600000,3.52,3.58,3.51,3.55,36188377
2011/10/20,sh.600000,3.52,3.55,3.47,3.50,50658455
2011/10/21,sh.600000,3.51,3.60,3.49,3.57,59306969
2011/10/24,sh.600000,3.57,3.69,3.56,3.67,94932084
2011/10/25,sh.600000,3.68,3.71,3.64,3.67,66314936
2011/10/26,sh.600000,3.66,3.73,3.63,3.68,68454846
2011/10/27,sh.600000,3.71,3.75,3.69,3.71,45585827
2011/10/28,sh.600000,3.77,3.83,3.71,3.76,82502754
2011/10/31,sh.600000,3.75,3.75,3.67,3.69,50778832
2011/11/1,sh.600000,3.67,3.75,3.65,3.68,57198902
2011/11/2,sh.600000,3.64,3.76,3.63,3.75,59397848
2011/11/3,sh.600000,3.76,3.77,3.70,3.71,84349601
2011/11/4,sh.600000,3.75,3.75,3.70,3.73,42565042
2011/11/7,sh.600000,3.71,3.72,3.67,3.68,32870037
2011/11/8,sh.600000,3.71,3.73,3.67,3.69,31693301
2011/11/9,sh.600000,3.71,3.73,3.68,3.72,27951632
2011/11/10,sh.600000,3.69,3.71,3.63,3.63,46636157
2011/11/11,sh.600000,3.63,3.68,3.63,3.64,25261827
2011/11/14,sh.600000,3.68,3.72,3.66,3.69,42296963
2011/11/15,sh.600000,3.69,3.70,3.66,3.68,30013432
2011/11/16,sh.600000,3.68,3.68,3.56,3.58,64028631
2011/11/17,sh.600000,3.59,3.60,3.55,3.55,32007465
2011/11/18,sh.600000,3.53,3.57,3.51,3.53,36819930
2011/11/21,sh.600000,3.55,3.55,3.48,3.51,32355327
2011/11/22,sh.600000,3.49,3.53,3.48,3.51,30669913
2011/11/23,sh.600000,3.51,3.52,3.46,3.49,26370231
2011/11/24,sh.600000,3.46,3.51,3.45,3.49,24460075
2011/11/25,sh.600000,3.49,3.50,3.45,3.46,21366538
2011/11/28,sh.600000,3.46,3.48,3.44,3.45,23967739
2011/11/29,sh.600000,3.47,3.51,3.46,3.50,25960610
2011/11/30,sh.600000,3.49,3.50,3.40,3.41,44971839
2011/12/1,sh.600000,3.51,3.59,3.50,3.53,89049077
2011/12/2,sh.600000,3.52,3.55,3.49,3.53,38638133
2011/12/5,sh.600000,3.55,3.57,3.46,3.53,40188321
2011/12/6,sh.600000,3.51,3.55,3.49,3.50,26440305
2011/12/7,sh.600000,3.51,3.54,3.49,3.52,23350899
2011/12/8,sh.600000,3.52,3.54,3.48,3.52,21909676
2011/12/9,sh.600000,3.50,3.52,3.47,3.49,29514000
2011/12/12,sh.600000,3.48,3.51,3.47,3.47,23035328
2011/12/13,sh.600000,3.47,3.50,3.43,3.44,47600711
2011/12/14,sh.600000,3.44,3.47,3.43,3.45,27334982
2011/12/15,sh.600000,3.43,3.46,3.40,3.41,41518789
2011/12/16,sh.600000,3.41,3.47,3.41,3.46,37730295
2011/12/19,sh.600000,3.44,3.47,3.36,3.45,45264959
2011/12/20,sh.600000,3.44,3.51,3.43,3.45,38376971
2011/12/21,sh.600000,3.47,3.50,3.41,3.42,41637650
2011/12/22,sh.600000,3.41,3.45,3.39,3.42,42682705
2011/12/23,sh.600000,3.43,3.45,3.41,3.43,23263186
2011/12/26,sh.600000,3.42,3.43,3.38,3.40,31788769
2011/12/27,sh.600000,3.40,3.42,3.37,3.39,31075676
2011/12/28,sh.600000,3.38,3.39,3.31,3.36,42011046
2011/12/29,sh.600000,3.35,3.36,3.32,3.35,40055045
2011/12/30,sh.600000,3.37,3.41,3.36,3.41,52982530
2012/1/4,sh.600000,3.43,3.43,3.37,3.37,34201379
2012/1/5,sh.600000,3.40,3.54,3.40,3.47,132116203
2012/1/6,sh.600000,3.46,3.52,3.46,3.49,61778687
2012/1/9,sh.600000,3.50,3.61,3.48,3.59,80136249
2012/1/10,sh.600000,3.59,3.65,3.56,3.64,72004632
2012/1/11,sh.600000,3.63,3.65,3.60,3.61,49261157
2012/1/12,sh.600000,3.61,3.69,3.61,3.65,60486981
2012/1/13,sh.600000,3.65,3.68,3.60,3.63,56725332
2012/1/16,sh.600000,3.61,3.66,3.59,3.60,33100160
2012/1/17,sh.600000,3.61,3.71,3.53,3.69,97357263
2012/1/18,sh.600000,3.67,3.70,3.61,3.63,58089289
2012/1/19,sh.600000,3.63,3.70,3.62,3.69,68645571
2012/1/20,sh.600000,3.71,3.78,3.68,3.78,95052703
2012/1/30,sh.600000,3.77,3.77,3.69,3.70,71883155
2012/1/31,sh.600000,3.71,3.72,3.67,3.70,35464104
2012/2/1,sh.600000,3.69,3.71,3.63,3.64,39647888
2012/2/2,sh.600000,3.66,3.78,3.64,3.77,87973331
2012/2/3,sh.600000,3.75,3.81,3.74,3.79,97135312
2012/2/6,sh.600000,3.79,3.81,3.73,3.77,63691281
2012/2/7,sh.600000,3.74,3.75,3.68,3.71,51391402
2012/2/8,sh.600000,3.70,3.80,3.70,3.79,64270717
2012/2/9,sh.600000,3.79,3.80,3.75,3.77,50273854
2012/2/10,sh.600000,3.75,3.80,3.74,3.76,51836488
2012/2/13,sh.600000,3.71,3.76,3.68,3.72,49204966
2012/2/14,sh.600000,3.71,3.72,3.66,3.69,53024869
2012/2/15,sh.600000,3.67,3.73,3.67,3.70,55064760
2012/2/16,sh.600000,3.71,3.72,3.67,3.69,47501799
2012/2/17,sh.600000,3.71,3.73,3.69,3.71,41743292
2012/2/20,sh.600000,3.77,3.77,3.71,3.71,57740009
2012/2/21,sh.600000,3.72,3.73,3.69,3.72,42757386
2012/2/22,sh.600000,3.72,3.75,3.69,3.74,81447790
2012/2/23,sh.600000,3.74,3.77,3.72,3.74,87754888
2012/2/24,sh.600000,3.75,3.82,3.73,3.81,128341832
2012/2/27,sh.600000,3.84,3.86,3.79,3.80,126664015
2012/2/28,sh.600000,3.80,3.89,3.79,3.87,136121116
2012/2/29,sh.600000,3.88,3.88,3.81,3.83,77757837
2012/3/1,sh.600000,3.81,3.85,3.81,3.83,46237868
2012/3/2,sh.600000,3.83,3.89,3.83,3.89,74013187
2012/3/5,sh.600000,3.91,3.91,3.84,3.84,66098035
2012/3/6,sh.600000,3.82,3.85,3.77,3.79,68450355
2012/3/7,sh.600000,3.77,3.79,3.74,3.75,51077237
2012/3/8,sh.600000,3.77,3.81,3.76,3.79,54828552
2012/3/9,sh.600000,3.80,3.81,3.78,3.80,47510501
2012/3/12,sh.600000,3.79,3.79,3.74,3.76,52784386
2012/3/13,sh.600000,3.77,3.82,3.75,3.80,61430150
2012/3/14,sh.600000,3.82,3.85,3.74,3.75,99280321
2012/3/15,sh.600000,3.75,3.79,3.67,3.69,70673894
2012/3/16,sh.600000,3.71,3.75,3.69,3.71,72584563
2012/3/19,sh.600000,3.71,3.74,3.71,3.72,50228036
2012/3/20,sh.600000,3.71,3.71,3.66,3.66,62725576
2012/3/21,sh.600000,3.68,3.69,3.62,3.64,51867060
2012/3/22,sh.600000,3.65,3.69,3.62,3.66,38651197
2012/3/23,sh.600000,3.65,3.66,3.62,3.63,35268448
2012/3/26,sh.600000,3.63,3.68,3.63,3.66,33692849
2012/3/27,sh.600000,3.67,3.68,3.64,3.66,27294640
2012/3/28,sh.600000,3.66,3.67,3.58,3.60,43565307
2012/3/29,sh.600000,3.59,3.61,3.55,3.56,48391415
2012/3/30,sh.600000,3.58,3.60,3.56,3.58,50587012
2012/4/5,sh.600000,3.57,3.59,3.53,3.58,76352001
2012/4/6,sh.600000,3.58,3.59,3.55,3.59,56682481
2012/4/9,sh.600000,3.57,3.59,3.54,3.55,34889828
2012/4/10,sh.600000,3.55,3.58,3.52,3.58,45147000
2012/4/11,sh.600000,3.56,3.59,3.55,3.57,39397074
2012/4/12,sh.600000,3.57,3.67,3.56,3.66,64571634
2012/4/13,sh.600000,3.65,3.67,3.62,3.67,61175666
2012/4/16,sh.600000,3.64,3.66,3.63,3.63,38614798
2012/4/17,sh.600000,3.63,3.65,3.58,3.58,49466011
2012/4/18,sh.600000,3.58,3.67,3.58,3.66,67117990
2012/4/19,sh.600000,3.65,3.67,3.63,3.66,48488000
2012/4/20,sh.600000,3.65,3.74,3.65,3.73,77240835
2012/4/23,sh.600000,3.72,3.74,3.69,3.71,41839068
2012/4/24,sh.600000,3.70,3.83,3.70,3.76,113165453
2012/4/25,sh.600000,3.75,3.79,3.74,3.75,66489024
2012/4/26,sh.600000,3.78,3.79,3.73,3.76,53826936
2012/4/27,sh.600000,3.77,3.79,3.75,3.77,47114993
2012/5/2,sh.600000,3.80,3.85,3.77,3.83,107696972
2012/5/3,sh.600000,3.81,3.83,3.78,3.79,60560075
2012/5/4,sh.600000,3.80,3.81,3.77,3.81,71659892
2012/5/7,sh.600000,3.78,3.80,3.75,3.78,82225733
2012/5/8,sh.600000,3.77,3.78,3.72,3.75,86721348
2012/5/9,sh.600000,3.73,3.73,3.68,3.69,65066893
2012/5/10,sh.600000,3.69,3.71,3.65,3.67,67576254
2012/5/11,sh.600000,3.67,3.70,3.66,3.67,35532729
2012/5/14,sh.600000,3.69,3.70,3.63,3.64,70896633
2012/5/15,sh.600000,3.61,3.63,3.60,3.63,60429994
2012/5/16,sh.600000,3.62,3.62,3.57,3.57,75535741
2012/5/17,sh.600000,3.58,3.62,3.57,3.60,43092663
2012/5/18,sh.600000,3.58,3.58,3.54,3.55,61950167
2012/5/21,sh.600000,3.55,3.57,3.54,3.56,46679612
2012/5/22,sh.600000,3.57,3.60,3.56,3.59,67549651
2012/5/23,sh.600000,3.59,3.59,3.55,3.57,61979794
2012/5/24,sh.600000,3.56,3.59,3.53,3.55,49757216
2012/5/25,sh.600000,3.55,3.55,3.52,3.53,45887776
2012/5/28,sh.600000,3.53,3.56,3.52,3.56,52347656
2012/5/29,sh.600000,3.55,3.60,3.54,3.59,93478648
2012/5/30,sh.600000,3.58,3.58,3.53,3.54,88036486
2012/5/31,sh.600000,3.53,3.53,3.51,3.52,67011196
2012/6/1,sh.600000,3.52,3.55,3.51,3.52,42401677
2012/6/4,sh.600000,3.49,3.49,3.44,3.45,69367973
2012/6/5,sh.600000,3.46,3.47,3.43,3.43,69666907
2012/6/6,sh.600000,3.45,3.48,3.43,3.46,49918846
2012/6/7,sh.600000,3.48,3.49,3.42,3.43,48026408
2012/6/8,sh.600000,3.41,3.42,3.33,3.35,140389731
2012/6/11,sh.600000,3.35,3.36,3.33,3.35,71644862
2012/6/12,sh.600000,3.33,3.35,3.28,3.32,82431224
2012/6/13,sh.600000,3.32,3.32,3.32,3.32,INVALID
2012/6/14,sh.600000,3.33,3.35,3.31,3.32,80017463
2012/6/15,sh.600000,3.33,3.42,3.32,3.40,134216053
2012/6/18,sh.600000,3.40,3.40,3.38,3.39,50212960
2012/6/19,sh.600000,3.40,3.43,3.38,3.41,47008304
2012/6/20,sh.600000,3.43,3.45,3.40,3.41,50000107
2012/6/21,sh.600000,3.41,3.41,3.37,3.39,39423884
2012/6/25,sh.600000,3.38,3.40,3.35,3.35,52706596
2012/6/26,sh.600000,3.36,3.38,3.34,3.35,39982538
2012/6/27,sh.600000,3.35,3.37,3.34,3.35,26966055
2012/6/28,sh.600000,3.35,3.36,3.33,3.33,28876449
2012/6/29,sh.600000,3.34,3.39,3.34,3.38,50974236
2012/7/2,sh.600000,3.39,3.39,3.35,3.37,43691987
2012/7/3,sh.600000,3.37,3.39,3.36,3.37,40080965
2012/7/4,sh.600000,3.37,3.40,3.36,3.38,39552477
2012/7/5,sh.600000,3.37,3.38,3.35,3.36,33635896
2012/7/6,sh.600000,3.29,3.32,3.28,3.32,115797069
2012/7/9,sh.600000,3.30,3.30,3.18,3.19,106535413
2012/7/10,sh.600000,3.19,3.23,3.19,3.20,45089773
2012/7/11,sh.600000,3.20,3.22,3.19,3.21,32425638
2012/7/12,sh.600000,3.21,3.21,3.15,3.19,100909326
2012/7/13,sh.600000,3.19,3.24,3.18,3.22,45202381
2012/7/16,sh.600000,3.22,3.22,3.17,3.17,46584899
2012/7/17,sh.600000,3.18,3.22,3.17,3.20,30224255
2012/7/18,sh.600000,3.20,3.20,3.16,3.19,47630983
2012/7/19,sh.600000,3.18,3.22,3.17,3.20,77344589
2012/7/20,sh.600000,3.19,3.20,3.16,3.17,55545514
2012/7/23,sh.600000,3.15,3.15,3.09,3.10,64501900
2012/7/24,sh.600000,3.09,3.12,3.08,3.10,48389405
2012/7/25,sh.600000,3.09,3.12,3.07,3.08,47580447
2012/7/26,sh.600000,3.08,3.10,3.07,3.08,30350495
2012/7/27,sh.600000,3.09,3.15,3.08,3.12,58500797
2012/7/30,sh.600000,3.13,3.18,3.12,3.15,62142486
2012/7/31,sh.600000,3.15,3.20,3.15,3.19,70118950
2012/8/1,sh.600000,3.19,3.21,3.16,3.18,62270863
2012/8/2,sh.600000,3.20,3.23,3.18,3.22,75444190
2012/8/3,sh.600000,3.22,3.22,3.20,3.22,44045380
2012/8/6,sh.600000,3.22,3.22,3.20,3.21,46411105
2012/8/7,sh.600000,3.21,3.22,3.18,3.20,34912528
2012/8/8,sh.600000,3.20,3.23,3.20,3.22,53821168
2012/8/9,sh.600000,3.22,3.23,3.20,3.22,32490296
2012/8/10,sh.600000,3.24,3.27,3.24,3.25,46782980
2012/8/13,sh.600000,3.25,3.26,3.22,3.22,47282079
2012/8/14,sh.600000,3.23,3.25,3.22,3.25,39743689
2012/8/15,sh.600000,3.25,3.25,3.14,3.15,89555247
2012/8/16,sh.600000,3.16,3.16,3.12,3.13,40630297
2012/8/17,sh.600000,3.13,3.15,3.12,3.14,33322665
2012/8/20,sh.600000,3.13,3.15,3.10,3.13,27038216
2012/8/21,sh.600000,3.12,3.15,3.12,3.12,36268940
2012/8/22,sh.600000,3.13,3.13,3.11,3.13,35326454
2012/8/23,sh.600000,3.12,3.14,3.11,3.13,36366406
2012/8/24,sh.600000,3.13,3.13,3.10,3.12,36963616
2012/8/27,sh.600000,3.10,3.12,3.07,3.08,40334510
2012/8/28,sh.600000,3.09,3.17,3.08,3.16,54763743
2012/8/29,sh.600000,3.15,3.15,3.13,3.14,38419444
2012/8/30,sh.600000,3.12,3.17,3.12,3.17,44804211
2012/8/31,sh.600000,3.15,3.20,3.15,3.17,37255105
2012/9/3,sh.600000,3.17,3.17,3.13,3.15,55393324
2012/9/4,sh.600000,3.15,3.16,3.09,3.10,44361378
2012/9/5,sh.600000,3.10,3.10,3.03,3.05,73135906
2012/9/6,sh.600000,3.05,3.07,3.04,3.07,38370245
2012/9/7,sh.600000,3.09,3.24,3.08,3.16,145971941
2012/9/10,sh.600000,3.16,3.17,3.13,3.15,63799021
2012/9/11,sh.600000,3.14,3.14,3.09,3.12,50981388
2012/9/12,sh.600000,3.13,3.15,3.09,3.11,41199392
2012/9/13,sh.600000,3.11,3.12,3.10,3.10,28598526
2012/9/14,sh.600000,3.12,3.15,3.10,3.13,60553998
2012/9/17,sh.600000,3.13,3.13,3.08,3.08,39495794
2012/9/18,sh.600000,3.07,3.08,3.05,3.06,29556474
2012/9/19,sh.600000,3.06,3.07,3.05,3.05,35316266
2012/9/20,sh.600000,3.05,3.05,3.00,3.01,48072062
2012/9/21,sh.600000,3.00,3.02,2.99,3.00,37540673
2012/9/24,sh.600000,2.99,3.00,2.96,2.98,44280628
2012/9/25,sh.600000,2.98,2.99,2.97,2.98,23528437
2012/9/26,sh.600000,2.97,2.99,2.95,2.96,28344266
2012/9/27,sh.600000,2.96,3.06,2.95,3.05,74565209
2012/9/28,sh.600000,3.03,3.07,3.01,3.07,62930106
2012/10/8,sh.600000,3.07,3.09,3.03,3.05,32324563
2012/10/9,sh.600000,3.06,3.11,3.05,3.10,48620078
2012/10/10,sh.600000,3.09,3.10,3.08,3.10,27147361
2012/10/11,sh.600000,3.08,3.09,3.07,3.08,29564294
2012/10/12,sh.600000,3.09,3.12,3.08,3.10,37953795
2012/10/15,sh.600000,3.10,3.11,3.07,3.08,22249339
2012/10/16,sh.600000,3.08,3.13,3.07,3.10,43952520
2012/10/17,sh.600000,3.11,3.15,3.10,3.14,52658490
2012/10/18,sh.600000,3.14,3.18,3.14,3.17,51397333
2012/10/19,sh.600000,3.17,3.17,3.14,3.15,40185550
2012/10/22,sh.600000,3.14,3.20,3.13,3.18,36799861
2012/10/23,sh.600000,3.19,3.20,3.14,3.15,32189190
2012/10/24,sh.600000,3.14,3.17,3.14,3.16,28328508
2012/10/25,sh.600000,3.15,3.17,3.12,3.13,29807495
2012/10/26,sh.600000,3.14,3.15,3.09,3.10,49611207
2012/10/29,sh.600000,3.10,3.12,3.09,3.11,28176827
2012/10/30,sh.600000,3.11,3.13,3.08,3.11,37082866
2012/10/31,sh.600000,3.12,3.13,3.09,3.12,36411101
2012/11/1,sh.600000,3.13,3.20,3.12,3.18,57205114
2012/11/2,sh.600000,3.18,3.20,3.17,3.20,47587494
2012/11/5,sh.600000,3.20,3.24,3.19,3.22,56974001
2012/11/6,sh.600000,3.22,3.22,3.16,3.20,42177128
2012/11/7,sh.600000,3.19,3.22,3.18,3.20,26193792
2012/11/8,sh.600000,3.17,3.19,3.13,3.14,38667163
2012/11/9,sh.600000,3.13,3.16,3.12,3.13,26921255
2012/11/12,sh.600000,3.14,3.18,3.13,3.17,43645487
2012/11/13,sh.600000,3.17,3.17,3.11,3.12,37691617
2012/11/14,sh.600000,3.12,3.13,3.11,3.12,21823216
2012/11/15,sh.600000,3.12,3.12,3.08,3.09,29220009
2012/11/16,sh.600000,3.08,3.08,3.05,3.06,33266319
2012/11/19,sh.600000,3.06,3.08,3.05,3.07,24785310
2012/11/20,sh.600000,3.08,3.08,3.05,3.06,20252986
2012/11/21,sh.600000,3.06,3.11,3.05,3.11,28957627
2012/11/22,sh.600000,3.10,3.11,3.08,3.10,22784842
2012/11/23,sh.600000,3.10,3.15,3.09,3.12,35819826
2012/11/26,sh.600000,3.12,3.14,3.09,3.11,28167480
2012/11/27,sh.600000,3.10,3.13,3.09,3.10,40827533
2012/11/28,sh.600000,3.10,3.12,3.09,3.10,41978767
2012/11/29,sh.600000,3.10,3.11,3.08,3.08,39279397
2012/11/30,sh.600000,3.08,3.11,3.07,3.10,38822287
2012/12/3,sh.600000,3.10,3.11,3.05,3.06,53769233
2012/12/4,sh.600000,3.05,3.10,3.05,3.09,34974819
2012/12/5,sh.600000,3.09,3.29,3.08,3.28,227002022
2012/12/6,sh.600000,3.27,3.32,3.26,3.28,115134979
2012/12/7,sh.600000,3.30,3.44,3.29,3.44,229249195
2012/12/10,sh.600000,3.47,3.50,3.44,3.47,215254803
2012/12/11,sh.600000,3.46,3.48,3.43,3.44,114930761
2012/12/12,sh.600000,3.45,3.53,3.45,3.49,174126970
2012/12/13,sh.600000,3.47,3.52,3.44,3.45,124094525
2012/12/14,sh.600000,3.46,3.74,3.46,3.70,344394455
2012/12/17,sh.600000,3.74,3.79,3.72,3.77,254783070
2012/12/18,sh.600000,3.75,3.86,3.73,3.80,234880214
2012/12/19,sh.600000,3.79,3.81,3.74,3.77,176670647
2012/12/20,sh.600000,3.74,3.77,3.69,3.77,149750877
2012/12/21,sh.600000,3.77,3.79,3.69,3.73,130820092
2012/12/24,sh.600000,3.72,3.85,3.72,3.78,134642726
2012/12/25,sh.600000,3.77,3.98,3.76,3.93,234226689
2012/12/26,sh.600000,3.94,3.95,3.90,3.94,96013021
2012/12/27,sh.600000,3.94,4.01,3.88,3.91,127847946
2012/12/28,sh.600000,3.90,4.01,3.90,3.99,119599842
2012/12/31,sh.600000,4.01,4.14,4.01,4.13,198451648
2013/1/4,sh.600000,4.20,4.27,4.13,4.17,261436810
2013/1/7,sh.600000,4.18,4.30,4.16,4.29,248200915
2013/1/8,sh.600000,4.30,4.31,4.19,4.21,154851189
2013/1/9,sh.600000,4.20,4.24,4.15,4.22,175906181
2013/1/10,sh.600000,4.21,4.25,4.16,4.18,121226794
2013/1/11,sh.600000,4.19,4.21,4.06,4.09,171547464
2013/1/14,sh.600000,4.06,4.31,4.06,4.31,228634872
2013/1/15,sh.600000,4.31,4.33,4.25,4.30,134039003
2013/1/16,sh.600000,4.28,4.29,4.15,4.21,156691872
2013/1/17,sh.600000,4.18,4.23,4.11,4.17,116672023
2013/1/18,sh.600000,4.19,4.26,4.15,4.23,129872645
2013/1/21,sh.600000,4.24,4.34,4.18,4.33,178154882
2013/1/22,sh.600000,4.32,4.48,4.26,4.36,242222065
2013/1/23,sh.600000,4.34,4.42,4.31,4.41,155968498
2013/1/24,sh.600000,4.41,4.59,4.38,4.41,320210498
2013/1/25,sh.600000,4.41,4.44,4.38,4.43,89716806
2013/1/28,sh.600000,4.43,4.66,4.43,4.65,263089195
2013/1/29,sh.600000,4.66,4.77,4.62,4.70,191067344
2013/1/30,sh.600000,4.70,4.73,4.61,4.68,172171454
2013/1/31,sh.600000,4.68,4.78,4.63,4.78,181147190
2013/2/1,sh.600000,4.75,4.98,4.71,4.97,223157195
2013/2/4,sh.600000,4.98,5.10,4.92,5.02,271540507
2013/2/5,sh.600000,4.95,4.99,4.85,4.94,176944688
2013/2/6,sh.600000,4.93,5.01,4.88,4.99,133748186
2013/2/7,sh.600000,4.99,5.00,4.65,4.76,315193605
2013/2/8,sh.600000,4.74,4.76,4.60,4.72,195904902
2013/2/18,sh.600000,4.75,4.78,4.66,4.68,119051849
2013/2/19,sh.600000,4.67,4.71,4.61,4.62,114565262
2013/2/20,sh.600000,4.62,4.63,4.40,4.50,264523040
2013/2/21,sh.600000,4.43,4.44,4.16,4.25,290791316
2013/2/22,sh.600000,4.24,4.30,4.19,4.22,143226433
2013/2/25,sh.600000,4.25,4.33,4.24,4.29,116274545
2013/2/26,sh.600000,4.24,4.48,4.22,4.30,238592674
2013/2/27,sh.600000,4.31,4.45,4.29,4.32,158815735
2013/2/28,sh.600000,4.39,4.61,4.32,4.60,224658466
2013/3/1,sh.600000,4.61,4.71,4.49,4.65,223208905
2013/3/4,sh.600000,4.52,4.53,4.27,4.32,261002023
2013/3/5,sh.600000,4.31,4.67,4.31,4.61,233607734
2013/3/6,sh.600000,4.64,4.71,4.56,4.62,205631621
2013/3/7,sh.600000,4.58,4.62,4.37,4.48,191555154
2013/3/8,sh.600000,4.50,4.53,4.41,4.46,103046487
2013/3/11,sh.600000,4.44,4.44,4.33,4.36,94081221
2013/3/12,sh.600000,4.35,4.43,4.24,4.28,132298619
2013/3/13,sh.600000,4.28,4.34,4.21,4.26,105764431
2013/3/14,sh.600000,4.33,4.39,4.27,4.35,163419368
2013/3/15,sh.600000,4.36,4.55,4.32,4.37,214299272
2013/3/18,sh.600000,4.34,4.43,4.32,4.36,142604467
2013/3/19,sh.600000,4.36,4.43,4.34,4.43,114470221
2013/3/20,sh.600000,4.44,4.66,4.43,4.66,253698290
2013/3/21,sh.600000,4.66,4.69,4.55,4.62,193267919
2013/3/22,sh.600000,4.58,4.62,4.56,4.60,122824527
2013/3/25,sh.600000,4.63,4.68,4.58,4.59,89020579
2013/3/26,sh.600000,4.57,4.57,4.43,4.45,126327261
2013/3/27,sh.600000,4.46,4.56,4.42,4.48,113814685
2013/3/28,sh.600000,4.24,4.26,4.03,4.17,298069476
2013/3/29,sh.600000,4.17,4.25,4.12,4.21,131028762
2013/4/1,sh.600000,4.19,4.24,4.17,4.18,76052116
2013/4/2,sh.600000,4.19,4.23,4.14,4.17,83681538
2013/4/3,sh.600000,4.18,4.22,4.14,4.19,88765772
2013/4/8,sh.600000,4.11,4.16,4.04,4.13,89499064
2013/4/9,sh.600000,4.14,4.21,4.14,4.18,65806596
2013/4/10,sh.600000,4.17,4.18,4.13,4.16,54586848
2013/4/11,sh.600000,4.19,4.21,4.16,4.17,43303750
2013/4/12,sh.600000,4.17,4.19,4.12,4.14,41832297
2013/4/15,sh.600000,4.14,4.16,4.07,4.09,75763623
2013/4/16,sh.600000,4.06,4.09,3.99,4.05,126274720
2013/4/17,sh.600000,4.05,4.05,3.96,3.99,86278542
2013/4/18,sh.600000,3.94,4.02,3.92,4.01,103421937
2013/4/19,sh.600000,4.01,4.24,4.00,4.22,178675031
2013/4/22,sh.600000,4.21,4.25,4.20,4.25,123343744
2013/4/23,sh.600000,4.28,4.28,4.08,4.09,108826815
2013/4/24,sh.600000,4.10,4.22,4.06,4.17,105005043
2013/4/25,sh.600000,4.16,4.19,4.09,4.12,74320334
2013/4/26,sh.600000,4.14,4.16,4.10,4.11,52806428
2013/5/2,sh.600000,4.06,4.10,4.02,4.09,80667825
2013/5/3,sh.600000,4.11,4.23,4.09,4.16,109373480
2013/5/6,sh.600000,4.17,4.25,4.15,4.21,87865272
2013/5/7,sh.600000,4.20,4.20,4.15,4.19,60095952
2013/5/8,sh.600000,4.21,4.24,4.16,4.18,72153519
2013/5/9,sh.600000,4.19,4.19,4.11,4.15,64667334
2013/5/10,sh.600000,4.13,4.19,4.11,4.17,63127003
2013/5/13,sh.600000,4.17,4.21,4.13,4.17,66994306
2013/5/14,sh.600000,4.17,4.18,4.13,4.15,67348057
2013/5/15,sh.600000,4.15,4.17,4.13,4.16,47275904
2013/5/16,sh.600000,4.16,4.23,4.09,4.22,111647303
2013/5/17,sh.600000,4.22,4.28,4.18,4.26,122955149
2013/5/20,sh.600000,4.27,4.38,4.24,4.33,156851179
2013/5/21,sh.600000,4.32,4.34,4.26,4.30,91775245
2013/5/22,sh.600000,4.30,4.32,4.28,4.31,71207689
2013/5/23,sh.600000,4.28,4.30,4.22,4.22,82484743
2013/5/24,sh.600000,4.24,4.28,4.20,4.24,63230983
2013/5/27,sh.600000,4.25,4.30,4.24,4.28,69546991
2013/5/28,sh.600000,4.29,4.39,4.26,4.39,111377099
2013/5/29,sh.600000,4.40,4.42,4.37,4.38,91459014
2013/5/30,sh.600000,4.36,4.42,4.36,4.38,89454796
2013/5/31,sh.600000,4.39,4.42,4.35,4.36,101875600
2013/6/3,sh.600000,4.38,4.40,4.31,4.32,83186090
2013/6/4,sh.600000,4.34,4.34,4.26,4.28,60164557
2013/6/5,sh.600000,4.28,4.29,4.22,4.24,56405768
2013/6/6,sh.600000,4.22,4.25,4.14,4.15,72417597
2013/6/7,sh.600000,4.18,4.20,4.09,4.11,72344081
2013/6/13,sh.600000,4.06,4.06,3.91,3.96,127820275
2013/6/14,sh.600000,3.98,3.98,3.94,3.96,77530686
2013/6/17,sh.600000,3.97,4.00,3.93,3.96,52039165
2013/6/18,sh.600000,3.97,4.00,3.96,3.98,40358845
2013/6/19,sh.600000,3.97,3.97,3.87,3.90,53104791
2013/6/20,sh.600000,3.89,3.89,3.69,3.70,137571510
2013/6/21,sh.600000,3.65,3.72,3.61,3.64,147442615
2013/6/24,sh.600000,3.64,3.64,3.29,3.30,249977361
2013/6/25,sh.600000,3.27,3.44,3.15,3.42,246601203
2013/6/26,sh.600000,3.47,3.49,3.35,3.41,130788936
2013/6/27,sh.600000,3.45,3.48,3.38,3.46,125823284
2013/6/28,sh.600000,3.43,3.64,3.41,3.64,157753950
2013/7/1,sh.600000,3.61,3.63,3.54,3.59,86027064
2013/7/2,sh.600000,3.59,3.61,3.49,3.58,84019573
2013/7/3,sh.600000,3.56,3.56,3.50,3.53,69690313
2013/7/4,sh.600000,3.54,3.64,3.52,3.57,85794489
2013/7/5,sh.600000,3.56,3.61,3.55,3.56,58764344
2013/7/8,sh.600000,3.51,3.53,3.47,3.47,63977579
2013/7/9,sh.600000,3.48,3.50,3.46,3.48,40964528
2013/7/10,sh.600000,3.49,3.57,3.47,3.56,60829122
2013/7/11,sh.600000,3.59,3.92,3.59,3.89,274152438
2013/7/12,sh.600000,3.85,3.89,3.70,3.73,162211373
2013/7/15,sh.600000,3.75,3.82,3.69,3.76,103850924
2013/7/16,sh.600000,3.74,3.75,3.69,3.75,78430472
2013/7/17,sh.600000,3.74,3.75,3.68,3.71,79489709
2013/7/18,sh.600000,3.69,3.71,3.58,3.60,99044377
2013/7/19,sh.600000,3.61,3.62,3.52,3.53,76242268
2013/7/22,sh.600000,3.47,3.51,3.43,3.49,95552055
2013/7/23,sh.600000,3.51,3.61,3.49,3.57,115906521
2013/7/24,sh.600000,3.53,3.55,3.47,3.51,87410550
2013/7/25,sh.600000,3.52,3.56,3.50,3.52,62010839
2013/7/26,sh.600000,3.50,3.52,3.49,3.50,42800503
2013/7/29,sh.600000,3.47,3.47,3.39,3.40,84518514
2013/7/30,sh.600000,3.42,3.50,3.40,3.44,68907635
2013/7/31,sh.600000,3.47,3.52,3.43,3.45,50335414
2013/8/1,sh.600000,3.48,3.52,3.46,3.51,58959381
2013/8/2,sh.600000,3.54,3.57,3.50,3.50,57767151
2013/8/5,sh.600000,3.50,3.54,3.49,3.54,53056118
2013/8/6,sh.600000,3.53,3.55,3.50,3.53,82798496
2013/8/7,sh.600000,3.53,3.57,3.51,3.52,68679917
2013/8/8,sh.600000,3.52,3.54,3.49,3.51,54611350
2013/8/9,sh.600000,3.53,3.55,3.50,3.52,55483572
2013/8/12,sh.600000,3.53,3.65,3.52,3.65,142760853
2013/8/13,sh.600000,3.64,3.70,3.63,3.70,118672580
2013/8/14,sh.600000,3.71,3.75,3.64,3.65,121903670
2013/8/15,sh.600000,3.65,3.68,3.60,3.61,67134769
2013/8/16,sh.600000,3.59,3.97,3.58,3.65,264712593
2013/8/19,sh.600000,3.62,3.73,3.61,3.71,124704778
2013/8/20,sh.600000,3.70,3.86,3.68,3.74,153605678
2013/8/21,sh.600000,3.75,3.77,3.68,3.71,65732224
2013/8/22,sh.600000,3.69,3.79,3.69,3.71,60326480
2013/8/23,sh.600000,3.75,3.79,3.62,3.70,117530030
2013/8/26,sh.600000,3.71,3.86,3.69,3.84,161720147
2013/8/27,sh.600000,3.84,3.97,3.82,3.93,224672933
2013/8/28,sh.600000,3.90,4.02,3.86,3.95,243574963
2013/8/29,sh.600000,4.00,4.04,3.89,3.92,146496955
2013/8/30,sh.600000,3.89,3.97,3.85,3.95,129143351
2013/9/2,sh.600000,4.00,4.08,3.93,3.94,141236900
2013/9/3,sh.600000,3.93,4.00,3.90,3.99,140383661
2013/9/4,sh.600000,3.97,4.06,3.97,4.01,142450054
2013/9/5,sh.600000,4.04,4.04,3.98,4.01,93544409
2013/9/6,sh.600000,4.02,4.33,4.00,4.20,301015112
2013/9/9,sh.600000,4.51,4.62,4.47,4.62,580189224
2013/9/10,sh.600000,4.83,5.05,4.73,5.01,1198024109
2013/9/11,sh.600000,4.92,5.04,4.92,4.95,603551016
2013/9/12,sh.600000,4.96,5.44,4.90,5.38,1041527543
2013/9/13,sh.600000,5.30,5.39,5.15,5.23,661646551
2013/9/16,sh.600000,5.27,5.28,4.93,5.05,699493335
2013/9/17,sh.600000,5.01,5.04,4.73,4.76,511737943
2013/9/18,sh.600000,4.81,4.91,4.76,4.83,400172137
2013/9/23,sh.600000,4.85,4.92,4.74,4.91,453630138
2013/9/24,sh.600000,4.91,4.92,4.64,4.75,476900620
2013/9/25,sh.600000,4.72,4.91,4.69,4.73,384146137
2013/9/26,sh.600000,4.72,4.72,4.42,4.47,448493838
2013/9/27,sh.600000,4.44,4.54,4.41,4.50,243782409
2013/9/30,sh.600000,4.54,4.55,4.40,4.43,256510906
2013/10/8,sh.600000,4.40,4.54,4.34,4.49,258444174
2013/10/9,sh.600000,4.43,4.59,4.42,4.51,244015218
2013/10/10,sh.600000,4.52,4.54,4.36,4.38,249225016
2013/10/11,sh.600000,4.43,4.68,4.39,4.63,441961264
2013/10/14,sh.600000,4.59,4.61,4.50,4.52,274009307
2013/10/15,sh.600000,4.52,4.54,4.40,4.44,212323978
2013/10/16,sh.600000,4.43,4.43,4.31,4.35,217322904
2013/10/17,sh.600000,4.40,4.42,4.31,4.31,145253461
2013/10/18,sh.600000,4.31,4.42,4.30,4.34,129849775
2013/10/21,sh.600000,4.37,4.46,4.30,4.44,211850917
2013/10/22,sh.600000,4.44,4.44,4.33,4.36,156011435
2013/10/23,sh.600000,4.37,4.54,4.35,4.40,260513178
2013/10/24,sh.600000,4.37,4.46,4.31,4.38,170003394
2013/10/25,sh.600000,4.40,4.51,4.39,4.42,256524257
2013/10/28,sh.600000,4.43,4.49,4.36,4.46,164098118
2013/10/29,sh.600000,4.49,4.69,4.47,4.60,494214050
2013/10/30,sh.600000,4.60,4.66,4.53,4.65,301165849
2013/10/31,sh.600000,4.65,4.65,4.53,4.54,211637554
2013/11/1,sh.600000,4.53,4.62,4.49,4.58,164057262
2013/11/4,sh.600000,4.60,4.63,4.51,4.52,138786390
2013/11/5,sh.600000,4.49,4.50,4.41,4.48,172536527
2013/11/6,sh.600000,4.42,4.48,4.39,4.40,151026564
2013/11/7,sh.600000,4.43,4.47,4.38,4.41,114983822
2013/11/8,sh.600000,4.40,4.43,4.36,4.38,110388788
2013/11/11,sh.600000,4.39,4.40,4.35,4.38,79759246
2013/11/12,sh.600000,4.40,4.47,4.39,4.44,119655182
2013/11/13,sh.600000,4.41,4.41,4.23,4.23,208714474
2013/11/14,sh.600000,4.22,4.25,4.12,4.17,169111025
2013/11/15,sh.600000,4.17,4.33,4.16,4.25,180564555
2013/11/18,sh.600000,4.28,4.44,4.24,4.43,231275931
2013/11/19,sh.600000,4.43,4.43,4.37,4.38,128516630
2013/11/20,sh.600000,4.40,4.47,4.38,4.41,125986570
2013/11/21,sh.600000,4.39,4.43,4.29,4.42,172340745
2013/11/22,sh.600000,4.41,4.44,4.38,4.42,131116961
2013/11/25,sh.600000,4.39,4.44,4.36,4.36,96767050
2013/11/26,sh.600000,4.35,4.40,4.34,4.35,72857686
2013/11/27,sh.600000,4.33,4.43,4.29,4.36,134357122
2013/11/28,sh.600000,4.37,4.42,4.35,4.37,121839005
2013/11/29,sh.600000,4.42,4.44,4.37,4.39,112491968
2013/12/2,sh.600000,4.43,4.54,4.39,4.53,408952609
2013/12/3,sh.600000,4.51,4.54,4.45,4.51,178953713
2013/12/4,sh.600000,4.50,4.64,4.48,4.57,283303320
2013/12/5,sh.600000,4.57,4.58,4.51,4.54,150565456
2013/12/6,sh.600000,4.54,4.54,4.45,4.49,157734044
2013/12/9,sh.600000,4.48,4.50,4.43,4.44,111336390
2013/12/10,sh.600000,4.44,4.48,4.43,4.45,89476538
2013/12/11,sh.600000,4.44,4.45,4.35,4.36,127176728
2013/12/12,sh.600000,4.35,4.37,4.33,4.34,89839025
2013/12/13,sh.600000,4.32,4.33,4.29,4.32,98124624
2013/12/16,sh.600000,4.33,4.38,4.27,4.28,119802106
2013/12/17,sh.600000,4.29,4.29,4.24,4.25,78126226
2013/12/18,sh.600000,4.26,4.30,4.25,4.26,55191766
2013/12/19,sh.600000,4.28,4.29,4.22,4.22,71003510
2013/12/20,sh.600000,4.23,4.23,4.10,4.11,107593841
2013/12/23,sh.600000,4.13,4.16,4.09,4.10,63014853
2013/12/24,sh.600000,4.11,4.13,4.06,4.10,71802936
2013/12/25,sh.600000,4.10,4.11,4.02,4.07,89003265
2013/12/26,sh.600000,4.07,4.07,3.98,3.99,82518650
2013/12/27,sh.600000,3.99,4.09,3.99,4.06,88052311
2013/12/30,sh.600000,4.08,4.09,4.04,4.04,70408751
2013/12/31,sh.600000,4.04,4.18,4.03,4.14,107237045
2014/1/2,sh.600000,4.15,4.15,4.08,4.10,69821037
2014/1/3,sh.600000,4.07,4.08,3.99,4.01,88351969
2014/1/6,sh.600000,4.09,4.10,4.01,4.04,117267700
2014/1/7,sh.600000,4.03,4.04,3.96,4.01,72150947
2014/1/8,sh.600000,4.01,4.09,4.00,4.04,78603481
2014/1/9,sh.600000,4.04,4.15,4.02,4.08,109976763
2014/1/10,sh.600000,4.07,4.15,4.06,4.13,93379978
2014/1/13,sh.600000,4.15,4.16,4.10,4.12,65935363
2014/1/14,sh.600000,4.13,4.14,4.06,4.13,79710266
2014/1/15,sh.600000,4.12,4.13,4.02,4.05,77606643
2014/1/16,sh.600000,4.05,4.07,4.03,4.03,67204743
2014/1/17,sh.600000,4.03,4.03,3.98,4.00,66047496
2014/1/20,sh.600000,4.00,4.01,3.97,3.98,42094792
2014/1/21,sh.600000,4.00,4.07,3.99,4.02,47596032
2014/1/22,sh.600000,4.03,4.12,4.03,4.10,91387277
2014/1/23,sh.600000,4.09,4.10,4.04,4.05,63055407
2014/1/24,sh.600000,4.03,4.09,4.01,4.05,70757205
2014/1/27,sh.600000,4.04,4.04,4.00,4.00,69858649
2014/1/28,sh.600000,4.00,4.08,4.00,4.04,57333618
2014/1/29,sh.600000,4.06,4.09,4.04,4.08,71042825
2014/1/30,sh.600000,4.07,4.08,4.02,4.03,52508927
2014/2/7,sh.600000,4.01,4.03,3.98,4.03,51136921
2014/2/10,sh.600000,4.03,4.08,4.02,4.08,91573113
2014/2/11,sh.600000,4.09,4.25,4.05,4.19,212392409
2014/2/12,sh.600000,4.17,4.23,4.15,4.17,106449343
2014/2/13,sh.600000,4.16,4.32,4.13,4.22,197765140
2014/2/14,sh.600000,4.22,4.23,4.18,4.21,80503230
2014/2/17,sh.600000,4.22,4.24,4.16,4.18,107916285
2014/2/18,sh.600000,4.18,4.18,4.05,4.07,131972251
2014/2/19,sh.600000,4.06,4.20,4.04,4.17,150729704
2014/2/20,sh.600000,4.18,4.27,4.11,4.12,144607391
2014/2/21,sh.600000,4.12,4.14,4.05,4.08,82312549
2014/2/24,sh.600000,4.04,4.04,3.94,3.96,135269196
2014/2/25,sh.600000,3.96,3.99,3.87,3.88,112988180
2014/2/26,sh.600000,3.87,3.90,3.85,3.89,79811062
2014/2/27,sh.600000,3.91,3.97,3.87,3.93,112556009
2014/2/28,sh.600000,3.91,3.96,3.86,3.91,75427866
2014/3/3,sh.600000,3.91,3.92,3.87,3.89,81389991
2014/3/4,sh.600000,3.88,3.91,3.81,3.89,113473857
2014/3/5,sh.600000,3.89,3.90,3.81,3.82,66776262
2014/3/6,sh.600000,3.82,3.89,3.79,3.86,105221671
2014/3/7,sh.600000,3.86,3.91,3.82,3.83,85996638
2014/3/10,sh.600000,3.81,3.82,3.70,3.71,100335990
2014/3/11,sh.600000,3.70,3.75,3.68,3.71,71119520
2014/3/12,sh.600000,3.72,3.81,3.68,3.76,110468613
2014/3/13,sh.600000,3.85,4.01,3.81,3.88,198115864
2014/3/14,sh.600000,3.86,3.97,3.83,3.95,179769247
2014/3/17,sh.600000,3.95,3.95,3.95,3.95,INVALID
2014/3/18,sh.600000,4.05,4.05,3.89,3.90,167965350
2014/3/19,sh.600000,3.89,3.98,3.85,3.97,93838218
2014/3/20,sh.600000,3.93,4.04,3.93,3.95,166058733
2014/3/21,sh.600000,3.94,4.34,3.94,4.34,577730146
2014/3/24,sh.600000,4.34,4.40,4.28,4.30,550938112
2014/3/25,sh.600000,4.29,4.33,4.25,4.28,225324449
2014/3/26,sh.600000,4.29,4.32,4.18,4.21,188654730
2014/3/27,sh.600000,4.18,4.36,4.16,4.25,310183453
2014/3/28,sh.600000,4.23,4.36,4.22,4.25,235609623
2014/3/31,sh.600000,4.26,4.29,4.20,4.27,117957984
2014/4/1,sh.600000,4.24,4.32,4.23,4.27,121142230
2014/4/2,sh.600000,4.28,4.41,4.26,4.36,221487036
2014/4/3,sh.600000,4.36,4.39,4.23,4.25,202589136
2014/4/4,sh.600000,4.22,4.28,4.20,4.27,103710191
2014/4/8,sh.600000,4.26,4.53,4.26,4.45,389948091
2014/4/9,sh.600000,4.44,4.47,4.40,4.43,166971745
2014/4/10,sh.600000,4.45,4.57,4.40,4.49,251774137
2014/4/11,sh.600000,4.47,4.53,4.45,4.50,187981794
2014/4/14,sh.600000,4.50,4.52,4.43,4.44,133566631
2014/4/15,sh.600000,4.42,4.43,4.31,4.33,176166147
2014/4/16,sh.600000,4.31,4.38,4.31,4.35,100765541
2014/4/17,sh.600000,4.36,4.38,4.28,4.29,147878398
2014/4/18,sh.600000,4.27,4.31,4.23,4.29,115394462
2014/4/21,sh.600000,4.28,4.37,4.25,4.26,131392321
2014/4/22,sh.600000,4.25,4.36,4.24,4.35,141231411
2014/4/23,sh.600000,4.33,4.39,4.32,4.34,136419564
2014/4/24,sh.600000,4.35,4.38,4.33,4.33,82309479
2014/4/25,sh.600000,4.36,4.42,4.31,4.32,180573527
2014/4/28,sh.600000,4.31,4.33,4.24,4.25,123425122
2014/4/29,sh.600000,4.25,4.31,4.24,4.30,88443328
2014/4/30,sh.600000,4.38,4.40,4.29,4.29,142558919
2014/5/5,sh.600000,4.29,4.30,4.21,4.28,103509079
2014/5/6,sh.600000,4.26,4.30,4.25,4.26,58797626
2014/5/7,sh.600000,4.25,4.28,4.23,4.24,55972788
2014/5/8,sh.600000,4.24,4.33,4.23,4.28,95225892
2014/5/9,sh.600000,4.28,4.31,4.25,4.29,74829332
2014/5/12,sh.600000,4.33,4.37,4.30,4.36,129589586
2014/5/13,sh.600000,4.35,4.36,4.32,4.35,66182545
2014/5/14,sh.600000,4.34,4.36,4.29,4.31,114355129
2014/5/15,sh.600000,4.30,4.32,4.26,4.27,70426925
2014/5/16,sh.600000,4.26,4.30,4.26,4.28,57142230
2014/5/19,sh.600000,4.27,4.27,4.16,4.18,137405978
2014/5/20,sh.600000,4.20,4.22,4.16,4.19,64057749
2014/5/21,sh.600000,4.18,4.22,4.13,4.22,54298040
2014/5/22,sh.600000,4.21,4.27,4.20,4.22,71688611
2014/5/23,sh.600000,4.22,4.26,4.21,4.26,47057342
2014/5/26,sh.600000,4.29,4.29,4.25,4.28,54108963
2014/5/27,sh.600000,4.27,4.28,4.22,4.24,74436155
2014/5/28,sh.600000,4.24,4.27,4.22,4.25,92478303
2014/5/29,sh.600000,4.25,4.27,4.22,4.22,75258524
2014/5/30,sh.600000,4.22,4.23,4.19,4.20,69096841
2014/6/3,sh.600000,4.21,4.23,4.18,4.19,70641283
2014/6/4,sh.600000,4.19,4.20,4.13,4.15,86246408
2014/6/5,sh.600000,4.15,4.23,4.14,4.22,56500335
2014/6/6,sh.600000,4.22,4.22,4.15,4.18,53426017
2014/6/9,sh.600000,4.15,4.25,4.15,4.19,58231714
2014/6/10,sh.600000,4.21,4.24,4.18,4.23,68256823
2014/6/11,sh.600000,4.21,4.23,4.19,4.21,46334806
2014/6/12,sh.600000,4.20,4.21,4.18,4.19,42917693
2014/6/13,sh.600000,4.19,4.29,4.19,4.27,129624894
2014/6/16,sh.600000,4.27,4.33,4.25,4.31,118477367
2014/6/17,sh.600000,4.32,4.32,4.26,4.27,91317081
2014/6/18,sh.600000,4.27,4.29,4.26,4.27,66459996
2014/6/19,sh.600000,4.28,4.31,4.22,4.23,68906460
2014/6/20,sh.600000,4.23,4.26,4.22,4.26,57665733
2014/6/23,sh.600000,4.26,4.29,4.23,4.24,86019554
2014/6/24,sh.600000,4.27,4.28,4.25,4.26,83305537
2014/6/25,sh.600000,4.27,4.27,4.23,4.23,46797781
2014/6/26,sh.600000,4.23,4.26,4.23,4.24,43052470
2014/6/27,sh.600000,4.24,4.25,4.22,4.23,42713239
2014/6/30,sh.600000,4.23,4.28,4.23,4.27,52645089
2014/7/1,sh.600000,4.28,4.29,4.25,4.27,42584500
2014/7/2,sh.600000,4.27,4.28,4.25,4.27,41262790
2014/7/3,sh.600000,4.27,4.28,4.26,4.27,64553232
2014/7/4,sh.600000,4.28,4.28,4.27,4.27,47263941
2014/7/7,sh.600000,4.27,4.28,4.26,4.27,42831405
2014/7/8,sh.600000,4.27,4.27,4.25,4.27,52592964
2014/7/9,sh.600000,4.27,4.27,4.20,4.20,75829647
2014/7/10,sh.600000,4.20,4.22,4.19,4.20,43284795
2014/7/11,sh.600000,4.20,4.24,4.20,4.21,58461216
2014/7/14,sh.600000,4.21,4.25,4.19,4.24,50192334
2014/7/15,sh.600000,4.25,4.25,4.23,4.25,57331618
2014/7/16,sh.600000,4.25,4.27,4.24,4.25,57758013
2014/7/17,sh.600000,4.26,4.26,4.23,4.24,43076122
2014/7/18,sh.600000,4.23,4.27,4.22,4.25,60143570
2014/7/21,sh.600000,4.25,4.25,4.23,4.23,43394538
2014/7/22,sh.600000,4.22,4.29,4.22,4.27,101186449
2014/7/23,sh.600000,4.26,4.31,4.26,4.28,95071892
2014/7/24,sh.600000,4.28,4.42,4.28,4.39,235007435
2014/7/25,sh.600000,4.42,4.45,4.38,4.43,134460946
2014/7/28,sh.600000,4.45,4.63,4.45,4.60,315856664
2014/7/29,sh.600000,4.62,4.66,4.58,4.61,203049428
2014/7/30,sh.600000,4.66,4.68,4.56,4.58,182728243
2014/7/31,sh.600000,4.57,4.62,4.55,4.62,113003643
2014/8/1,sh.600000,4.60,4.69,4.59,4.60,199316283
2014/8/4,sh.600000,4.63,4.68,4.59,4.68,167001355
2014/8/5,sh.600000,4.68,4.69,4.62,4.65,116942080
2014/8/6,sh.600000,4.63,4.63,4.55,4.59,134531042
2014/8/7,sh.600000,4.60,4.61,4.50,4.51,141244203
2014/8/8,sh.600000,4.51,4.52,4.48,4.50,120982762
2014/8/11,sh.600000,4.51,4.59,4.51,4.57,99902317
2014/8/12,sh.600000,4.57,4.57,4.52,4.54,80856190
2014/8/13,sh.600000,4.54,4.56,4.49,4.53,97201687
2014/8/14,sh.600000,4.54,4.56,4.52,4.52,102325664
2014/8/15,sh.600000,4.54,4.57,4.52,4.56,83507836
2014/8/18,sh.600000,4.57,4.62,4.56,4.58,96111663
2014/8/19,sh.600000,4.61,4.61,4.54,4.58,99796164
2014/8/20,sh.600000,4.58,4.58,4.54,4.54,70135543
2014/8/21,sh.600000,4.54,4.55,4.44,4.48,118057183
2014/8/22,sh.600000,4.48,4.52,4.46,4.50,76885741
2014/8/25,sh.600000,4.49,4.49,4.44,4.45,90596114
2014/8/26,sh.600000,4.44,4.48,4.43,4.46,85213616
2014/8/27,sh.600000,4.45,4.48,4.44,4.45,54628769
2014/8/28,sh.600000,4.45,4.45,4.41,4.41,70289162
2014/8/29,sh.600000,4.43,4.47,4.41,4.46,53881605
2014/9/1,sh.600000,4.47,4.49,4.45,4.47,68578076
2014/9/2,sh.600000,4.48,4.54,4.46,4.52,128705724
2014/9/3,sh.600000,4.54,4.59,4.53,4.56,128588110
2014/9/4,sh.600000,4.57,4.58,4.54,4.58,98919202
2014/9/5,sh.600000,4.59,4.61,4.57,4.59,126925907
2014/9/9,sh.600000,4.60,4.63,4.56,4.57,123866063
2014/9/10,sh.600000,4.55,4.55,4.51,4.52,111659515
2014/9/11,sh.600000,4.52,4.59,4.51,4.52,119763193
2014/9/12,sh.600000,4.53,4.53,4.49,4.52,80296496
2014/9/15,sh.600000,4.51,4.54,4.48,4.52,99444466
2014/9/16,sh.600000,4.55,4.60,4.52,4.53,222751521
2014/9/17,sh.600000,4.54,4.55,4.49,4.51,116577448
2014/9/18,sh.600000,4.51,4.60,4.49,4.59,218993865
2014/9/19,sh.600000,4.58,4.67,4.57,4.64,286004782
2014/9/22,sh.600000,4.63,4.63,4.53,4.53,155546883
2014/9/23,sh.600000,4.53,4.57,4.52,4.54,88224150
2014/9/24,sh.600000,4.53,4.61,4.52,4.60,152637326
2014/9/25,sh.600000,4.61,4.63,4.56,4.58,137216320
2014/9/26,sh.600000,4.57,4.59,4.54,4.58,80598327
2014/9/29,sh.600000,4.60,4.62,4.58,4.60,121763013
2014/9/30,sh.600000,4.61,4.62,4.57,4.60,105093276
2014/10/8,sh.600000,4.61,4.64,4.59,4.64,142724444
2014/10/9,sh.600000,4.64,4.68,4.62,4.64,130968217
2014/10/10,sh.600000,4.62,4.67,4.60,4.63,133030186
2014/10/13,sh.600000,4.61,4.63,4.56,4.59,109831220
2014/10/14,sh.600000,4.58,4.63,4.57,4.58,84002904
2014/10/15,sh.600000,4.58,4.64,4.54,4.61,133922265
2014/10/16,sh.600000,4.59,4.73,4.57,4.66,296366859
2014/10/17,sh.600000,4.66,4.71,4.60,4.64,161019857
2014/10/20,sh.600000,4.68,4.69,4.63,4.67,114718758
2014/10/21,sh.600000,4.66,4.67,4.60,4.61,105290636
2014/10/22,sh.600000,4.61,4.66,4.60,4.61,91092137
2014/10/23,sh.600000,4.61,4.66,4.58,4.60,118416324
2014/10/24,sh.600000,4.60,4.61,4.55,4.56,108312657
2014/10/27,sh.600000,4.53,4.54,4.43,4.46,138929487
2014/10/28,sh.600000,4.48,4.53,4.48,4.52,101044054
2014/10/29,sh.600000,4.53,4.60,4.51,4.57,161050635
2014/10/30,sh.600000,4.58,4.64,4.55,4.62,176780522
2014/10/31,sh.600000,4.66,4.89,4.64,4.81,491064711
2014/11/3,sh.600000,4.83,4.84,4.76,4.79,248371619
2014/11/4,sh.600000,4.81,4.81,4.72,4.75,163212641
2014/11/5,sh.600000,4.75,4.76,4.69,4.71,157561422
2014/11/6,sh.600000,4.72,4.73,4.69,4.73,101863094
2014/11/7,sh.600000,4.72,4.90,4.70,4.80,407114119
2014/11/10,sh.600000,4.96,5.09,4.91,4.97,489376864
2014/11/11,sh.600000,5.01,5.31,5.01,5.15,653738973
2014/11/12,sh.600000,5.11,5.22,5.06,5.21,271038574
2014/11/13,sh.600000,5.23,5.36,5.12,5.16,371263986
2014/11/14,sh.600000,5.13,5.17,5.07,5.14,198414346
2014/11/17,sh.600000,5.16,5.22,5.06,5.07,214519835
2014/11/18,sh.600000,5.07,5.09,4.92,4.93,254900899
2014/11/19,sh.600000,4.92,4.97,4.90,4.93,145326646
2014/11/20,sh.600000,4.93,5.02,4.89,4.98,162402495
2014/11/21,sh.600000,4.99,5.10,4.93,5.09,209997641
2014/11/24,sh.600000,4.98,5.18,4.93,5.12,474049927
2014/11/25,sh.600000,5.09,5.23,5.07,5.22,289490093
2014/11/26,sh.600000,5.30,5.39,5.23,5.34,452263345
2014/11/27,sh.600000,5.41,5.52,5.32,5.41,439738276
2014/11/28,sh.600000,5.43,5.88,5.41,5.84,832183256
2014/12/1,sh.600000,5.87,6.12,5.71,5.73,607270363
2014/12/2,sh.600000,5.67,6.16,5.67,6.07,589371031
2014/12/3,sh.600000,6.05,6.26,5.81,5.93,730561448
2014/12/4,sh.600000,5.93,6.27,5.83,6.25,720041669
2014/12/5,sh.600000,6.32,6.60,6.08,6.38,859647616
2014/12/8,sh.600000,6.31,6.62,6.22,6.51,703922500
2014/12/9,sh.600000,6.39,6.67,5.87,5.96,869193775
2014/12/10,sh.600000,5.99,6.24,5.75,6.20,620272395
2014/12/11,sh.600000,6.11,6.39,6.06,6.15,442571181
2014/12/12,sh.600000,6.15,6.31,6.02,6.12,310558743
2014/12/15,sh.600000,6.03,6.04,5.87,6.01,335025414
2014/12/16,sh.600000,5.99,6.27,5.96,6.26,438688005
2014/12/17,sh.600000,6.36,6.78,6.28,6.65,869703585
2014/12/18,sh.600000,6.70,6.76,6.46,6.55,499627853
2014/12/19,sh.600000,6.58,6.69,6.42,6.64,436244208
2014/12/22,sh.600000,6.68,7.16,6.66,6.92,683449513
2014/12/23,sh.600000,6.79,7.06,6.64,6.65,441578783
2014/12/24,sh.600000,6.65,6.69,6.27,6.34,417579539
2014/12/25,sh.600000,6.48,6.73,6.38,6.72,455721907
2014/12/26,sh.600000,6.74,6.99,6.69,6.96,466983121
2014/12/29,sh.600000,7.26,7.48,6.93,7.05,625216146
2014/12/30,sh.600000,7.05,7.31,6.99,7.24,443655559
2014/12/31,sh.600000,7.28,7.44,7.12,7.39,468832339
2015/1/5,sh.600000,7.48,7.66,7.33,7.57,513568709
2015/1/6,sh.600000,7.54,7.86,7.46,7.60,511684535
2015/1/7,sh.600000,7.49,7.62,7.32,7.45,385716820
2015/1/8,sh.600000,7.48,7.48,7.16,7.19,330627172
2015/1/9,sh.600000,7.16,7.66,7.12,7.27,491999937
2015/1/12,sh.600000,7.31,7.40,7.05,7.17,367787269
2015/1/13,sh.600000,7.13,7.26,7.12,7.15,178404956
2015/1/14,sh.600000,7.22,7.44,7.22,7.30,309018855
2015/1/15,sh.600000,7.30,7.61,7.25,7.60,329826849
2015/1/16,sh.600000,7.65,7.89,7.62,7.76,480245887
2015/1/19,sh.600000,7.25,7.41,6.98,6.98,623520880
2015/1/20,sh.600000,7.01,7.15,6.87,7.07,479215741
2015/1/21,sh.600000,7.12,7.48,6.98,7.42,487540369
2015/1/22,sh.600000,7.41,7.43,7.23,7.37,294738261
2015/1/23,sh.600000,7.42,7.56,7.32,7.37,320042992
2015/1/26,sh.600000,7.33,7.35,7.13,7.27,268566922
2015/1/27,sh.600000,7.28,7.28,6.95,7.07,351914010
2015/1/28,sh.600000,6.98,7.12,6.91,6.98,242203054
2015/1/29,sh.600000,6.87,6.92,6.75,6.80,266968083
2015/1/30,sh.600000,6.87,6.92,6.77,6.82,207865327
2015/2/2,sh.600000,6.63,6.72,6.59,6.62,211617677
2015/2/3,sh.600000,6.70,6.81,6.61,6.81,196263569
2015/2/4,sh.600000,6.83,6.88,6.65,6.68,167896219
2015/2/5,sh.600000,6.95,6.98,6.68,6.68,394332692
2015/2/6,sh.600000,6.64,6.75,6.57,6.64,186547522
2015/2/9,sh.600000,6.63,6.73,6.53,6.67,224585511
2015/2/10,sh.600000,6.67,6.82,6.64,6.80,183693513
2015/2/11,sh.600000,6.80,6.85,6.74,6.80,124127097
2015/2/12,sh.600000,6.80,6.80,6.65,6.76,148954152
2015/2/13,sh.600000,6.83,6.91,6.76,6.80,208366810
2015/2/16,sh.600000,6.80,6.81,6.72,6.79,139220024
2015/2/17,sh.600000,6.80,6.87,6.79,6.82,120665263
2015/2/25,sh.600000,6.82,6.83,6.68,6.73,140932583
2015/2/26,sh.600000,6.72,6.92,6.65,6.89,215013978
2015/2/27,sh.600000,6.88,6.98,6.82,6.85,195606870
2015/3/2,sh.600000,6.87,6.87,6.77,6.82,218763276
2015/3/3,sh.600000,6.81,6.81,6.59,6.60,266372415
2015/3/4,sh.600000,6.62,6.63,6.53,6.56,156595995
2015/3/5,sh.600000,6.52,6.52,6.37,6.40,226504580
2015/3/6,sh.600000,6.40,6.49,6.38,6.42,128036367
2015/3/9,sh.600000,6.51,6.93,6.41,6.84,434801476
2015/3/10,sh.600000,6.75,6.77,6.63,6.65,254844764
2015/3/11,sh.600000,6.68,6.86,6.68,6.72,215069722
2015/3/12,sh.600000,6.90,7.33,6.87,7.13,632781877
2015/3/13,sh.600000,7.16,7.45,7.11,7.21,440178379
2015/3/16,sh.600000,7.33,7.36,7.16,7.29,316116667
2015/3/17,sh.600000,7.35,7.39,7.24,7.32,309677645
2015/3/18,sh.600000,7.34,7.48,7.27,7.48,354655138
2015/3/19,sh.600000,7.48,7.49,7.34,7.37,316770912
2015/3/20,sh.600000,7.36,7.58,7.24,7.42,456531222
2015/3/23,sh.600000,7.46,7.56,7.43,7.50,357592740
2015/3/24,sh.600000,7.49,7.54,7.35,7.39,324657542
2015/3/25,sh.600000,7.35,7.41,7.14,7.18,331730332
2015/3/26,sh.600000,7.14,7.34,7.09,7.24,282340713
2015/3/27,sh.600000,7.22,7.33,7.15,7.24,218174978
2015/3/30,sh.600000,7.33,7.64,7.28,7.55,487442660
2015/3/31,sh.600000,7.77,7.81,7.42,7.44,494049254
2015/4/1,sh.600000,7.44,7.61,7.42,7.52,305878383
2015/4/2,sh.600000,7.68,7.72,7.48,7.63,410087652
2015/4/3,sh.600000,7.54,7.68,7.51,7.64,320361507
2015/4/7,sh.600000,7.78,7.95,7.75,7.88,502260203
2015/4/8,sh.600000,7.88,8.03,7.75,8.02,514816375
2015/4/9,sh.600000,8.04,8.24,7.92,7.95,497335458
2015/4/10,sh.600000,7.95,8.28,7.90,8.26,451543445
2015/4/13,sh.600000,8.48,8.71,8.30,8.50,581406595
2015/4/14,sh.600000,8.50,8.50,8.28,8.43,372837061
2015/4/15,sh.600000,8.39,8.70,8.35,8.46,449643905
2015/4/16,sh.600000,8.47,8.80,8.41,8.79,415984573
2015/4/17,sh.600000,8.93,8.98,8.70,8.77,490159321
2015/4/20,sh.600000,8.82,8.82,8.29,8.44,572435809
2015/4/21,sh.600000,8.37,8.57,8.37,8.56,368194681
2015/4/22,sh.600000,8.62,8.74,8.52,8.72,420766743
2015/4/23,sh.600000,8.72,8.79,8.54,8.59,363593631
2015/4/24,sh.600000,8.39,8.50,8.23,8.33,422927109
2015/4/27,sh.600000,8.35,8.60,8.35,8.56,384541412
2015/4/28,sh.600000,8.60,8.95,8.48,8.62,600053990
2015/4/29,sh.600000,8.61,8.79,8.51,8.73,358393731
2015/4/30,sh.600000,8.62,8.70,8.51,8.52,412760522
2015/5/4,sh.600000,8.48,8.48,8.29,8.39,258064565
2015/5/5,sh.600000,8.36,8.37,7.94,8.05,375386437
2015/5/6,sh.600000,8.05,8.25,8.00,8.04,303607877
2015/5/7,sh.600000,8.03,8.14,8.00,8.05,214390703
2015/5/8,sh.600000,8.10,8.15,7.93,8.06,184560000
2015/5/11,sh.600000,8.00,8.16,7.91,8.14,277153427
2015/5/12,sh.600000,8.13,8.20,8.03,8.13,219176341
2015/5/13,sh.600000,8.17,8.20,7.96,8.05,245244498
2015/5/14,sh.600000,8.06,8.13,7.98,8.01,192361949
2015/5/15,sh.600000,7.97,8.05,7.82,7.91,209597267
2015/5/18,sh.600000,7.83,7.90,7.70,7.72,187555204
2015/5/19,sh.600000,7.72,8.05,7.71,8.03,242251271
2015/5/20,sh.600000,8.03,8.24,8.00,8.08,265675717
2015/5/21,sh.600000,8.13,8.20,8.06,8.16,166403483
2015/5/22,sh.600000,8.23,8.38,8.17,8.37,248087543
2015/5/25,sh.600000,8.41,8.57,8.41,8.55,273874763
2015/5/26,sh.600000,8.59,8.70,8.44,8.67,301665297
2015/5/27,sh.600000,8.69,8.79,8.51,8.52,296942307
2015/5/28,sh.600000,8.53,8.55,8.02,8.03,334032210
2015/5/29,sh.600000,8.05,8.18,7.88,8.03,256087315
2015/6/1,sh.600000,8.03,8.52,7.95,8.45,286379255
2015/6/2,sh.600000,8.45,8.47,8.25,8.41,224935535
2015/6/3,sh.600000,8.43,8.51,8.27,8.44,244139688
2015/6/4,sh.600000,8.48,8.86,8.29,8.78,471864928
2015/6/5,sh.600000,8.95,9.03,8.49,8.69,362420155
2015/6/8,sh.600000,8.69,8.69,8.69,8.69,INVALID
2015/6/9,sh.600000,8.69,8.69,8.69,8.69,INVALID
2015/6/10,sh.600000,8.69,8.69,8.69,8.69,INVALID
2015/6/11,sh.600000,8.69,8.69,8.69,8.69,INVALID
2015/6/12,sh.600000,8.69,8.69,8.69,8.69,INVALID
2015/6/15,sh.600000,8.69,8.69,8.69,8.69,INVALID
2015/6/16,sh.600000,8.69,8.69,8.69,8.69,INVALID
2015/6/17,sh.600000,8.71,8.95,8.46,8.58,513118652
2015/6/18,sh.600000,8.53,8.60,8.31,8.35,278296731
2015/6/19,sh.600000,8.29,8.46,7.94,8.05,278090221
2015/6/23,sh.600000,8.11,8.43,8.01,8.40,297748888
2015/6/24,sh.600000,8.40,8.53,8.18,8.51,257825317
2015/6/25,sh.600000,8.68,8.75,8.21,8.24,271649032
2015/6/26,sh.600000,8.10,8.42,7.56,7.82,361776730
2015/6/29,sh.600000,8.04,8.15,7.31,7.85,420675691
2015/6/30,sh.600000,7.86,8.38,7.85,8.37,375411270
2015/7/1,sh.600000,8.29,8.35,7.99,8.05,250555997
2015/7/2,sh.600000,8.14,8.30,7.80,8.07,322264859
2015/7/3,sh.600000,8.08,8.21,7.45,7.83,312701072
2015/7/6,sh.600000,8.58,8.61,8.20,8.49,659421895
2015/7/7,sh.600000,8.36,8.79,8.12,8.67,713763502
2015/7/8,sh.600000,7.99,8.63,7.80,7.87,837950419
2015/7/9,sh.600000,7.87,8.58,7.59,8.36,545237273
2015/7/10,sh.600000,8.27,8.95,8.21,8.52,647768569
2015/7/13,sh.600000,8.38,8.62,8.29,8.41,372594650
2015/7/14,sh.600000,8.28,8.38,8.07,8.26,305725800
2015/7/15,sh.600000,8.24,8.45,8.14,8.42,348253550
2015/7/16,sh.600000,8.42,8.44,8.24,8.37,181402598
2015/7/17,sh.600000,8.40,8.48,8.33,8.40,195927578
2015/7/20,sh.600000,8.39,8.40,8.21,8.23,172918155
2015/7/21,sh.600000,8.18,8.25,8.04,8.08,156268261
2015/7/22,sh.600000,8.05,8.08,7.97,7.97,120352700
2015/7/23,sh.600000,8.01,8.14,7.98,8.10,114525468
2015/7/24,sh.600000,8.10,8.13,7.96,7.96,123609179
2015/7/27,sh.600000,7.89,7.94,7.32,7.35,225091581
2015/7/28,sh.600000,7.24,7.60,7.21,7.52,246095094
2015/7/29,sh.600000,7.51,7.55,7.46,7.54,135858697
2015/7/30,sh.600000,7.54,7.58,7.34,7.35,118921723
2015/7/31,sh.600000,7.38,7.48,7.23,7.43,234941266
2015/8/3,sh.600000,7.39,7.69,7.33,7.67,212367132
2015/8/4,sh.600000,7.64,7.73,7.59,7.70,85154364
2015/8/5,sh.600000,7.69,7.71,7.53,7.55,58185882
2015/8/6,sh.600000,7.48,7.68,7.47,7.59,65377995
2015/8/7,sh.600000,7.68,7.71,7.59,7.63,65302258
2015/8/10,sh.600000,7.62,7.82,7.57,7.78,116938205
2015/8/11,sh.600000,7.74,7.77,7.65,7.68,105104123
2015/8/12,sh.600000,7.60,7.69,7.59,7.59,79184358
2015/8/13,sh.600000,7.63,7.68,7.54,7.62,74034209
2015/8/14,sh.600000,7.63,7.67,7.58,7.64,66356010
2015/8/17,sh.600000,7.60,7.60,7.51,7.56,120892083
2015/8/18,sh.600000,7.57,7.66,7.32,7.33,198445221
2015/8/19,sh.600000,7.33,7.48,7.15,7.40,199062097
2015/8/20,sh.600000,7.37,7.39,7.23,7.24,88124782
2015/8/21,sh.600000,7.21,7.27,7.00,7.01,123792817
2015/8/24,sh.600000,6.87,6.88,6.31,6.35,334859429
2015/8/25,sh.600000,6.19,6.45,5.87,6.11,289470686
2015/8/26,sh.600000,6.24,6.59,6.12,6.42,235214588
2015/8/27,sh.600000,6.49,6.95,6.40,6.90,212008806
2015/8/28,sh.600000,6.95,7.06,6.83,7.02,208950955
2015/8/31,sh.600000,7.00,7.39,6.89,7.38,202628515
2015/9/1,sh.600000,7.23,7.57,7.11,7.56,304904688
2015/9/2,sh.600000,7.35,7.58,7.26,7.34,255045273
2015/9/7,sh.600000,7.27,7.40,6.98,7.15,287948628
2015/9/8,sh.600000,7.16,7.48,7.01,7.43,330814193
2015/9/9,sh.600000,7.35,7.53,7.35,7.48,241917533
2015/9/10,sh.600000,7.43,7.53,7.38,7.52,205749026
2015/9/11,sh.600000,7.57,7.72,7.55,7.68,288708558
2015/9/14,sh.600000,7.65,7.87,7.36,7.86,183936607
2015/9/15,sh.600000,7.66,7.67,7.52,7.63,107602458
2015/9/16,sh.600000,7.55,7.79,7.41,7.61,74128982
2015/9/17,sh.600000,7.57,7.63,7.45,7.45,50848655
2015/9/18,sh.600000,7.48,7.54,7.41,7.41,40899248
2015/9/21,sh.600000,7.38,7.44,7.32,7.38,40488316
2015/9/22,sh.600000,7.38,7.51,7.38,7.42,38673835
2015/9/23,sh.600000,7.35,7.40,7.24,7.37,54580634
2015/9/24,sh.600000,7.37,7.55,7.33,7.53,78862572
2015/9/25,sh.600000,7.47,7.70,7.47,7.69,136070895
2015/9/28,sh.600000,7.67,7.87,7.61,7.85,91425816
2015/9/29,sh.600000,7.79,7.89,7.73,7.88,114190253
2015/9/30,sh.600000,7.87,8.21,7.84,8.20,211038123
2015/10/8,sh.600000,8.29,8.29,7.81,7.83,140057148
2015/10/9,sh.600000,7.88,7.97,7.82,7.84,41525835
2015/10/12,sh.600000,7.84,8.02,7.76,7.92,93633306
2015/10/13,sh.600000,7.88,7.95,7.82,7.88,54698799
2015/10/14,sh.600000,7.80,7.94,7.80,7.84,44297812
2015/10/15,sh.600000,7.84,7.84,7.84,7.84,INVALID
2015/10/16,sh.600000,7.84,7.84,7.84,7.84,INVALID
2015/10/19,sh.600000,7.84,7.84,7.84,7.84,INVALID
2015/10/20,sh.600000,7.84,7.84,7.84,7.84,INVALID
2015/10/21,sh.600000,7.84,7.84,7.84,7.84,INVALID
2015/10/22,sh.600000,7.84,7.84,7.84,7.84,INVALID
2015/10/23,sh.600000,7.84,7.84,7.84,7.84,INVALID
2015/10/26,sh.600000,7.91,8.17,7.91,8.03,101041055
2015/10/27,sh.600000,8.01,8.11,7.97,8.05,74933996
2015/10/28,sh.600000,8.02,8.16,7.94,8.05,74226285
2015/10/29,sh.600000,8.04,8.20,8.01,8.18,75760565
2015/10/30,sh.600000,8.14,8.23,8.08,8.08,45465414
2015/11/2,sh.600000,8.04,8.15,8.00,8.09,38122791
2015/11/3,sh.600000,8.09,8.27,8.07,8.12,60485065
2015/11/4,sh.600000,8.10,8.35,8.10,8.31,65053992
2015/11/5,sh.600000,8.31,8.91,8.26,8.74,231799691
2015/11/6,sh.600000,8.64,8.97,8.64,8.82,127594225
2015/11/9,sh.600000,8.84,9.47,8.82,8.95,157820058
2015/11/10,sh.600000,8.88,9.22,8.79,9.06,140427138
2015/11/11,sh.600000,9.08,9.12,8.63,8.75,92130221
2015/11/12,sh.600000,8.78,8.79,8.46,8.56,77790159
2015/11/13,sh.600000,8.48,8.68,8.46,8.67,73433156
2015/11/16,sh.600000,8.55,8.67,8.48,8.59,45144666
2015/11/17,sh.600000,8.61,8.78,8.59,8.60,63539278
2015/11/18,sh.600000,8.62,8.72,8.50,8.58,57584578
2015/11/19,sh.600000,8.53,8.87,8.53,8.83,102543449
2015/11/20,sh.600000,8.78,9.19,8.77,9.11,148206210
2015/11/23,sh.600000,9.13,9.44,9.10,9.40,171203791
2015/11/24,sh.600000,9.32,9.43,9.17,9.40,129389144
2015/11/25,sh.600000,9.32,9.71,9.10,9.70,326524776
2015/11/26,sh.600000,9.62,9.72,9.47,9.55,214944239
2015/11/27,sh.600000,9.45,9.58,9.08,9.14,105608733
2015/11/30,sh.600000,9.10,9.28,8.68,9.20,97633827
2015/12/1,sh.600000,9.05,9.37,8.92,9.20,63430576
2015/12/2,sh.600000,9.13,9.87,9.12,9.79,153608076
2015/12/3,sh.600000,9.72,9.75,9.48,9.50,110346329
2015/12/4,sh.600000,9.51,9.51,9.22,9.23,70275848
2015/12/7,sh.600000,9.23,9.62,9.23,9.59,83346816
2015/12/8,sh.600000,9.51,9.92,9.28,9.91,239884949
2015/12/9,sh.600000,9.66,9.66,9.43,9.49,92049465
2015/12/10,sh.600000,9.54,9.81,9.43,9.51,57091310
2015/12/11,sh.600000,9.38,9.48,9.09,9.17,87066826
2015/12/14,sh.600000,9.03,9.19,8.89,9.10,70736958
2015/12/15,sh.600000,9.10,9.28,8.96,9.03,51685772
2015/12/16,sh.600000,9.06,9.10,8.93,8.97,38700640
2015/12/17,sh.600000,9.01,9.18,8.98,9.12,53304071
2015/12/18,sh.600000,9.12,9.77,9.09,9.28,92211924
2015/12/21,sh.600000,9.27,9.57,9.15,9.44,82490082
2015/12/22,sh.600000,9.38,9.51,9.26,9.32,53122744
2015/12/23,sh.600000,9.33,9.44,9.18,9.31,66128171
2015/12/24,sh.600000,9.30,9.44,9.21,9.39,57171554
2015/12/25,sh.600000,9.38,9.61,9.34,9.53,55427897
2015/12/28,sh.600000,9.55,9.58,9.18,9.22,49980698
2015/12/29,sh.600000,9.19,9.33,9.07,9.24,47288465
2015/12/30,sh.600000,9.23,9.26,9.03,9.16,35687385
2015/12/31,sh.600000,9.14,9.14,9.01,9.01,27936138
2016/1/4,sh.600000,9.02,9.02,8.66,8.78,42240610
2016/1/5,sh.600000,8.64,8.91,8.58,8.86,58054793
2016/1/6,sh.600000,8.83,8.95,8.73,8.93,46772653
2016/1/7,sh.600000,8.78,8.83,8.58,8.64,11350479
2016/1/8,sh.600000,8.75,8.82,8.34,8.63,71918296
2016/1/11,sh.600000,8.49,8.61,8.37,8.41,90177135
2016/1/12,sh.600000,8.47,8.64,8.42,8.61,55374454
2016/1/13,sh.600000,8.67,8.83,8.56,8.58,47869312
2016/1/14,sh.600000,8.39,8.87,8.33,8.84,54838833
2016/1/15,sh.600000,8.78,8.95,8.64,8.67,46723139
2016/1/18,sh.600000,8.60,8.87,8.54,8.72,32729006
2016/1/19,sh.600000,8.77,8.82,8.63,8.77,29807159
2016/1/20,sh.600000,8.69,8.73,8.42,8.51,35968636
2016/1/21,sh.600000,8.49,8.61,8.14,8.18,34197115
2016/1/22,sh.600000,8.31,8.44,8.13,8.40,42007318
2016/1/25,sh.600000,8.39,8.47,8.25,8.40,23558971
2016/1/26,sh.600000,8.37,8.45,8.09,8.22,38279766
2016/1/27,sh.600000,8.26,8.38,8.14,8.23,44291307
2016/1/28,sh.600000,8.27,8.30,7.83,8.18,38902180
2016/1/29,sh.600000,8.15,8.41,8.09,8.34,47429000
2016/2/1,sh.600000,8.38,8.39,8.09,8.14,29139596
2016/2/2,sh.600000,8.14,8.36,8.12,8.27,25380981
2016/2/3,sh.600000,8.19,8.22,8.11,8.19,27779183
2016/2/4,sh.600000,8.31,8.54,8.20,8.53,47162860
2016/2/5,sh.600000,8.50,9.07,8.46,9.07,78413454
2016/2/15,sh.600000,8.87,9.12,8.78,9.10,67296317
2016/2/16,sh.600000,9.10,9.10,9.10,9.10,INVALID
2016/2/17,sh.600000,9.10,9.10,9.10,9.10,INVALID
2016/2/18,sh.600000,9.10,9.10,9.10,9.10,INVALID
2016/2/19,sh.600000,9.10,9.10,9.10,9.10,INVALID
2016/2/22,sh.600000,9.10,9.10,9.10,9.10,INVALID
2016/2/23,sh.600000,9.10,9.10,9.10,9.10,INVALID
2016/2/24,sh.600000,9.10,9.10,9.10,9.10,INVALID
2016/2/25,sh.600000,9.10,9.10,9.10,9.10,INVALID
2016/2/26,sh.600000,9.10,9.10,9.10,9.10,INVALID
2016/2/29,sh.600000,9.10,9.10,9.10,9.10,INVALID
2016/3/1,sh.600000,9.10,9.10,9.10,9.10,INVALID
2016/3/2,sh.600000,9.10,9.10,9.10,9.10,INVALID
2016/3/3,sh.600000,9.10,9.10,9.10,9.10,INVALID
2016/3/4,sh.600000,9.10,9.10,9.10,9.10,INVALID
2016/3/7,sh.600000,9.10,9.10,9.10,9.10,INVALID
2016/3/8,sh.600000,9.10,9.10,9.10,9.10,INVALID
2016/3/9,sh.600000,9.10,9.10,9.10,9.10,INVALID
2016/3/10,sh.600000,9.10,9.10,9.10,9.10,INVALID
2016/3/11,sh.600000,8.64,8.65,8.19,8.37,98240322
2016/3/14,sh.600000,8.33,8.62,8.30,8.32,56922239
2016/3/15,sh.600000,8.36,8.48,8.29,8.40,37540932
2016/3/16,sh.600000,8.35,8.91,8.34,8.89,108404378
2016/3/17,sh.600000,8.78,8.97,8.61,8.73,68635812
2016/3/18,sh.600000,8.78,8.88,8.71,8.80,55987968
2016/3/21,sh.600000,8.77,9.00,8.77,8.91,42001532
2016/3/22,sh.600000,8.92,9.19,8.89,8.95,43760811
2016/3/23,sh.600000,8.96,9.05,8.91,8.94,27830795
2016/3/24,sh.600000,8.93,8.93,8.72,8.74,27448272
2016/3/25,sh.600000,8.74,8.81,8.72,8.75,13619185
2016/3/28,sh.600000,8.77,8.88,8.57,8.61,24521696
2016/3/29,sh.600000,8.65,8.71,8.57,8.61,19151152
2016/3/30,sh.600000,8.71,8.85,8.71,8.81,35562148
2016/3/31,sh.600000,8.87,8.92,8.74,8.84,23762112
2016/4/1,sh.600000,8.87,9.00,8.69,8.97,35790541
2016/4/5,sh.600000,8.85,9.02,8.76,8.96,42622297
2016/4/6,sh.600000,8.89,8.95,8.81,8.86,23428724
2016/4/7,sh.600000,8.85,8.88,8.70,8.73,29047713
2016/4/8,sh.600000,8.66,8.76,8.65,8.68,17132244
2016/4/11,sh.600000,8.68,8.79,8.66,8.72,24117635
2016/4/12,sh.600000,8.73,8.73,8.65,8.69,14100759
2016/4/13,sh.600000,8.75,8.87,8.73,8.75,35189716
2016/4/14,sh.600000,8.83,8.88,8.76,8.78,15796208
2016/4/15,sh.600000,8.85,8.91,8.78,8.82,34773526
2016/4/18,sh.600000,8.76,8.89,8.71,8.78,28084133
2016/4/19,sh.600000,8.85,8.87,8.77,8.83,27246371
2016/4/20,sh.600000,8.82,8.87,8.54,8.86,46614611
2016/4/21,sh.600000,8.79,9.05,8.76,8.94,48212915
2016/4/22,sh.600000,8.88,9.06,8.85,9.00,28178162
2016/4/25,sh.600000,8.95,8.96,8.79,8.82,24294360
2016/4/26,sh.600000,8.81,8.92,8.76,8.84,15739400
2016/4/27,sh.600000,8.86,8.86,8.78,8.81,13838875
2016/4/28,sh.600000,8.84,8.93,8.79,8.83,15728417
2016/4/29,sh.600000,8.79,8.85,8.76,8.79,23065933
2016/5/3,sh.600000,8.85,9.00,8.79,8.94,27776723
2016/5/4,sh.600000,8.91,8.99,8.89,8.92,23118959
2016/5/5,sh.600000,8.91,8.94,8.87,8.91,14936632
2016/5/6,sh.600000,8.91,8.93,8.74,8.75,23406763
2016/5/9,sh.600000,8.74,8.78,8.58,8.64,21947591
2016/5/10,sh.600000,8.57,8.66,8.57,8.62,16846648
2016/5/11,sh.600000,8.66,8.67,8.58,8.61,11941164
2016/5/12,sh.600000,8.60,8.63,8.48,8.59,14668954
2016/5/13,sh.600000,8.57,8.61,8.49,8.50,11013829
2016/5/16,sh.600000,8.50,8.56,8.49,8.53,11045624
2016/5/17,sh.600000,8.53,8.55,8.46,8.51,9765153
2016/5/18,sh.600000,8.51,8.69,8.40,8.66,30962453
2016/5/19,sh.600000,8.60,8.63,8.55,8.56,10380826
2016/5/20,sh.600000,8.54,8.63,8.52,8.61,11140621
2016/5/23,sh.600000,8.63,8.72,8.60,8.66,14080659
2016/5/24,sh.600000,8.62,8.68,8.60,8.66,10725938
2016/5/25,sh.600000,8.72,8.75,8.68,8.72,13766238
2016/5/26,sh.600000,8.71,8.81,8.71,8.73,11065062
2016/5/27,sh.600000,8.73,8.77,8.70,8.75,11621242
2016/5/30,sh.600000,8.80,8.86,8.72,8.85,17538184
2016/5/31,sh.600000,8.84,9.08,8.84,9.02,35631526
2016/6/1,sh.600000,9.03,9.05,8.94,8.97,18312424
2016/6/2,sh.600000,8.98,9.03,8.84,8.89,17786525
2016/6/3,sh.600000,8.94,8.94,8.83,8.88,18003512
2016/6/6,sh.600000,8.90,8.93,8.86,8.89,17856247
2016/6/7,sh.600000,8.93,8.94,8.86,8.89,16533983
2016/6/8,sh.600000,8.88,8.91,8.86,8.87,23758300
2016/6/13,sh.600000,8.81,8.85,8.77,8.77,30051583
2016/6/14,sh.600000,8.77,8.79,8.73,8.78,18773357
2016/6/15,sh.600000,8.69,8.76,8.66,8.75,26332177
2016/6/16,sh.600000,8.72,8.84,8.68,8.78,30871127
2016/6/17,sh.600000,8.76,8.87,8.75,8.77,17412233
2016/6/20,sh.600000,8.84,8.84,8.76,8.80,9681495
2016/6/21,sh.600000,8.82,8.85,8.76,8.77,15852873
2016/6/22,sh.600000,8.78,8.83,8.77,8.82,14227501
2016/6/23,sh.600000,8.88,8.88,8.77,8.78,12882295
2016/6/24,sh.600000,8.77,8.82,8.42,8.53,30575522
2016/6/27,sh.600000,8.54,8.60,8.48,8.55,19163499
2016/6/28,sh.600000,8.53,8.55,8.48,8.53,12559826
2016/6/29,sh.600000,8.54,8.68,8.53,8.66,21253351
2016/6/30,sh.600000,8.66,8.75,8.62,8.70,20735886
2016/7/1,sh.600000,8.70,8.91,8.68,8.89,25106479
2016/7/4,sh.600000,8.86,8.95,8.82,8.90,21411650
2016/7/5,sh.600000,8.90,8.91,8.80,8.82,16171615
2016/7/6,sh.600000,8.77,8.80,8.72,8.74,22976510
2016/7/7,sh.600000,8.73,8.74,8.63,8.70,24498042
2016/7/8,sh.600000,8.68,8.69,8.62,8.63,14901331
2016/7/11,sh.600000,8.69,8.70,8.60,8.62,22852491
2016/7/12,sh.600000,8.65,8.74,8.63,8.74,25545130
2016/7/13,sh.600000,8.74,8.92,8.74,8.82,36238056
2016/7/14,sh.600000,8.81,8.85,8.74,8.77,16883421
2016/7/15,sh.600000,8.77,8.80,8.74,8.77,15998100
2016/7/18,sh.600000,8.79,8.89,8.75,8.81,27766982
2016/7/19,sh.600000,8.81,8.82,8.74,8.79,17179816
2016/7/20,sh.600000,8.77,8.80,8.73,8.80,14866526
2016/7/21,sh.600000,8.79,8.86,8.77,8.84,22020445
2016/7/22,sh.600000,8.83,8.84,8.70,8.73,16711700
2016/7/25,sh.600000,8.73,8.80,8.73,8.76,11441970
2016/7/26,sh.600000,8.76,8.82,8.74,8.79,20462397
2016/7/27,sh.600000,8.79,8.87,8.63,8.86,40697330
2016/7/28,sh.600000,8.81,8.82,8.74,8.76,17451372
2016/7/29,sh.600000,8.74,8.77,8.72,8.77,14348301
2016/8/1,sh.600000,8.76,8.85,8.74,8.82,22909943
2016/8/2,sh.600000,8.82,8.85,8.76,8.80,10877815
2016/8/3,sh.600000,8.74,8.78,8.72,8.75,10583990
2016/8/4,sh.600000,8.76,8.76,8.65,8.71,15610498
2016/8/5,sh.600000,8.71,8.82,8.71,8.79,17648517
2016/8/8,sh.600000,8.80,8.80,8.75,8.79,13129367
2016/8/9,sh.600000,8.80,8.82,8.77,8.82,15480879
2016/8/10,sh.600000,8.82,8.85,8.79,8.84,18499535
2016/8/11,sh.600000,8.80,9.16,8.79,8.98,52689421
2016/8/12,sh.600000,9.00,9.15,8.94,9.14,46991632
2016/8/15,sh.600000,9.22,9.51,9.19,9.46,77333862
2016/8/16,sh.600000,9.46,9.49,9.31,9.33,49384036
2016/8/17,sh.600000,9.34,9.41,9.23,9.29,36446597
2016/8/18,sh.600000,9.24,9.37,9.13,9.18,37110139
2016/8/19,sh.600000,9.18,9.22,9.14,9.17,19927300
2016/8/22,sh.600000,9.17,9.20,9.11,9.17,19768630
2016/8/23,sh.600000,9.17,9.25,9.11,9.16,31754370
2016/8/24,sh.600000,9.17,9.22,9.13,9.15,17085424
2016/8/25,sh.600000,9.14,9.17,9.05,9.13,24749915
2016/8/26,sh.600000,9.14,9.16,9.10,9.13,14688056
2016/8/29,sh.600000,9.11,9.14,8.98,9.06,30202023
2016/8/30,sh.600000,9.07,9.21,9.07,9.16,36396993
2016/8/31,sh.600000,9.13,9.25,9.11,9.20,22003438
2016/9/1,sh.600000,9.20,9.24,9.15,9.17,21272047
2016/9/2,sh.600000,9.15,9.22,9.13,9.20,23147001
2016/9/5,sh.600000,9.21,9.26,9.17,9.21,25677035
2016/9/6,sh.600000,9.21,9.23,9.14,9.17,20282647
2016/9/7,sh.600000,9.17,9.22,9.13,9.20,17975558
2016/9/8,sh.600000,9.20,9.28,9.18,9.27,24406900
2016/9/9,sh.600000,9.28,9.30,9.22,9.25,18739471
2016/9/12,sh.600000,9.15,9.20,9.08,9.16,36509177
2016/9/13,sh.600000,9.16,9.19,9.15,9.19,14234378
2016/9/14,sh.600000,9.18,9.20,9.15,9.16,23981413
2016/9/19,sh.600000,9.19,9.22,9.17,9.19,14465955
2016/9/20,sh.600000,9.20,9.20,9.17,9.19,17396811
2016/9/21,sh.600000,9.20,9.22,9.18,9.19,9416102
2016/9/22,sh.600000,9.21,9.27,9.20,9.23,11527832
2016/9/23,sh.600000,9.24,9.24,9.20,9.20,10200460
2016/9/26,sh.600000,9.19,9.25,9.17,9.20,20769186
2016/9/27,sh.600000,9.17,9.23,9.17,9.20,17025470
2016/9/28,sh.600000,9.20,9.23,9.19,9.20,12841990
2016/9/29,sh.600000,9.23,9.24,9.21,9.22,10997408
2016/9/30,sh.600000,9.22,9.23,9.20,9.21,12190268
2016/10/10,sh.600000,9.23,9.27,9.20,9.24,18666854
2016/10/11,sh.600000,9.25,9.26,9.22,9.25,12690366
2016/10/12,sh.600000,9.24,9.24,9.20,9.22,10643884
2016/10/13,sh.600000,9.22,9.23,9.17,9.18,14504356
2016/10/14,sh.600000,9.18,9.20,9.15,9.19,10660114
2016/10/17,sh.600000,9.17,9.18,9.06,9.09,16424904
2016/10/18,sh.600000,9.09,9.15,9.07,9.13,18251833
2016/10/19,sh.600000,9.13,9.15,9.07,9.09,11143167
2016/10/20,sh.600000,9.09,9.13,9.08,9.10,8985794
2016/10/21,sh.600000,9.10,9.13,9.06,9.10,10884798
2016/10/24,sh.600000,9.10,9.26,9.09,9.20,24757241
2016/10/25,sh.600000,9.20,9.22,9.14,9.17,13309321
2016/10/26,sh.600000,9.16,9.17,9.10,9.11,12436805
2016/10/27,sh.600000,9.10,9.11,9.04,9.04,19517454
2016/10/28,sh.600000,9.04,9.13,9.04,9.10,15067204
2016/10/31,sh.600000,9.06,9.11,8.94,9.09,14673298
2016/11/1,sh.600000,9.08,9.12,9.05,9.10,13028259
2016/11/2,sh.600000,9.05,9.10,9.04,9.05,25051160
2016/11/3,sh.600000,9.04,9.15,9.04,9.13,25864110
2016/11/4,sh.600000,9.10,9.23,9.10,9.16,21516475
2016/11/7,sh.600000,9.15,9.19,9.15,9.17,21351658
2016/11/8,sh.600000,9.19,9.24,9.18,9.20,17307155
2016/11/9,sh.600000,9.20,9.23,9.14,9.19,39826582
2016/11/10,sh.600000,9.24,9.29,9.20,9.25,20484554
2016/11/11,sh.600000,9.25,9.29,9.19,9.27,21539188
2016/11/14,sh.600000,9.23,9.33,9.23,9.27,18124496
2016/11/15,sh.600000,9.27,9.28,9.22,9.27,15714142
2016/11/16,sh.600000,9.27,9.29,9.24,9.27,12395504
2016/11/17,sh.600000,9.26,9.29,9.23,9.27,22718556
2016/11/18,sh.600000,9.27,9.29,9.24,9.27,29274383
2016/11/21,sh.600000,9.27,9.34,9.24,9.29,21432453
2016/11/22,sh.600000,9.31,9.34,9.29,9.32,21080968
2016/11/23,sh.600000,9.32,9.62,9.30,9.46,45036427
2016/11/24,sh.600000,9.46,9.56,9.42,9.43,21043140
2016/11/25,sh.600000,9.43,9.55,9.39,9.54,23335230
2016/11/28,sh.600000,9.58,9.77,9.58,9.61,33835281
2016/11/29,sh.600000,9.61,9.69,9.56,9.64,29530098
2016/11/30,sh.600000,9.65,9.75,9.55,9.58,20135026
2016/12/1,sh.600000,9.58,9.65,9.52,9.58,18449219
2016/12/2,sh.600000,9.55,9.60,9.38,9.55,33895875
2016/12/5,sh.600000,9.47,9.67,9.44,9.66,38201368
2016/12/6,sh.600000,9.65,9.73,9.61,9.62,20948075
2016/12/7,sh.600000,9.59,9.61,9.53,9.53,15550748
2016/12/8,sh.600000,9.58,9.61,9.52,9.57,13234569
2016/12/9,sh.600000,9.57,9.75,9.56,9.68,28835648
2016/12/12,sh.600000,9.68,9.81,9.60,9.77,48359554
2016/12/13,sh.600000,9.70,9.74,9.58,9.59,15602869
2016/12/14,sh.600000,9.59,9.73,9.56,9.60,17860552
2016/12/15,sh.600000,9.57,9.57,9.33,9.33,30809613
2016/12/16,sh.600000,9.33,9.40,9.29,9.30,14531366
2016/12/19,sh.600000,9.30,9.33,9.22,9.23,8483493
2016/12/20,sh.600000,9.23,9.25,9.00,9.09,22525817
2016/12/21,sh.600000,9.08,9.14,9.08,9.11,12638809
2016/12/22,sh.600000,9.11,9.12,9.01,9.04,11499190
2016/12/23,sh.600000,9.03,9.06,8.98,9.04,11187906
2016/12/26,sh.600000,9.01,9.09,8.94,9.08,14482456
2016/12/27,sh.600000,9.08,9.11,9.01,9.01,10665824
2016/12/28,sh.600000,9.01,9.04,8.95,8.99,14441526
2016/12/29,sh.600000,8.99,9.02,8.93,8.98,11851308
2016/12/30,sh.600000,8.98,9.06,8.96,9.05,12262167
2017/1/3,sh.600000,9.05,9.18,9.03,9.10,16237125
2017/1/4,sh.600000,9.10,9.13,9.04,9.12,29658734
2017/1/5,sh.600000,9.10,9.15,9.07,9.10,26437646
2017/1/6,sh.600000,9.10,9.10,9.01,9.04,17195598
2017/1/9,sh.600000,9.07,9.10,9.01,9.05,14908745
2017/1/10,sh.600000,9.04,9.07,9.01,9.04,7996756
2017/1/11,sh.600000,9.07,9.07,9.02,9.03,9193332
2017/1/12,sh.600000,9.04,9.05,9.00,9.00,8296150
2017/1/13,sh.600000,8.99,9.10,8.99,9.09,19034143
2017/1/16,sh.600000,9.06,9.27,8.99,9.25,53304724
2017/1/17,sh.600000,9.19,9.24,9.14,9.16,12555292
2017/1/18,sh.600000,9.17,9.24,9.14,9.20,11478663
2017/1/19,sh.600000,9.18,9.29,9.18,9.24,12180687
2017/1/20,sh.600000,9.26,9.30,9.22,9.27,14288268
2017/1/23,sh.600000,9.30,9.32,9.22,9.25,14616540
2017/1/24,sh.600000,9.26,9.33,9.26,9.32,14985241
2017/1/25,sh.600000,9.32,9.35,9.28,9.32,11284869
2017/1/26,sh.600000,9.32,9.41,9.28,9.35,8602907
2017/2/3,sh.600000,9.39,9.41,9.28,9.29,8174289
2017/2/6,sh.600000,9.36,9.37,9.30,9.30,13455850
2017/2/7,sh.600000,9.30,9.35,9.29,9.31,14759284
2017/2/8,sh.600000,9.29,9.32,9.24,9.31,11238867
2017/2/9,sh.600000,9.32,9.37,9.27,9.34,11393034
2017/2/10,sh.600000,9.36,9.41,9.33,9.37,13985262
2017/2/13,sh.600000,9.43,9.44,9.37,9.41,19992872
2017/2/14,sh.600000,9.42,9.43,9.35,9.36,12987235
2017/2/15,sh.600000,9.39,9.46,9.36,9.41,25688032
2017/2/16,sh.600000,9.43,9.44,9.36,9.37,16327832
2017/2/17,sh.600000,9.37,9.39,9.27,9.29,13863642
2017/2/20,sh.600000,9.28,9.48,9.28,9.44,29949984
2017/2/21,sh.600000,9.43,9.54,9.39,9.43,17509118
2017/2/22,sh.600000,9.43,9.44,9.34,9.36,17032277
2017/2/23,sh.600000,9.37,9.40,9.29,9.32,15011148
2017/2/24,sh.600000,9.31,9.36,9.30,9.33,11594971
2017/2/27,sh.600000,9.32,9.34,9.23,9.27,13732273
2017/2/28,sh.600000,9.26,9.31,9.23,9.27,12097943
2017/3/1,sh.600000,9.26,9.28,9.23,9.25,16226984
2017/3/2,sh.600000,9.28,9.28,9.15,9.17,18996632
2017/3/3,sh.600000,9.17,9.18,9.11,9.13,12429467
2017/3/6,sh.600000,9.14,9.23,9.13,9.17,15703751
2017/3/7,sh.600000,9.15,9.19,9.14,9.18,9319842
2017/3/8,sh.600000,9.16,9.18,9.13,9.15,10109647
2017/3/9,sh.600000,9.14,9.16,9.06,9.06,17366025
2017/3/10,sh.600000,9.06,9.09,9.03,9.06,16396375
2017/3/13,sh.600000,9.06,9.13,9.03,9.13,17950147
2017/3/14,sh.600000,9.13,9.13,9.07,9.08,16988979
2017/3/15,sh.600000,9.07,9.09,9.03,9.07,18900324
2017/3/16,sh.600000,9.09,9.13,9.08,9.10,19036545
2017/3/17,sh.600000,9.10,9.11,9.01,9.05,21560354
2017/3/20,sh.600000,9.07,9.08,9.01,9.01,15017806
2017/3/21,sh.600000,9.02,9.03,8.92,8.94,31124617
2017/3/22,sh.600000,8.92,8.92,8.77,8.81,43811429
2017/3/23,sh.600000,8.82,8.89,8.82,8.87,22225660
2017/3/24,sh.600000,8.85,8.94,8.84,8.91,19902006
2017/3/27,sh.600000,8.92,9.01,8.88,8.96,18997369
2017/3/28,sh.600000,9.00,9.01,8.92,8.94,13212969
2017/3/29,sh.600000,8.94,9.00,8.82,8.86,23446792
2017/3/30,sh.600000,8.87,8.88,8.78,8.83,23645144
2017/3/31,sh.600000,8.81,8.96,8.81,8.94,24187120
2017/4/5,sh.600000,8.96,9.05,8.87,9.03,31036271
2017/4/6,sh.600000,8.99,9.04,8.95,8.99,22335442
2017/4/7,sh.600000,8.97,9.03,8.95,8.99,20126948
2017/4/10,sh.600000,9.00,9.00,8.90,8.92,16154024
2017/4/11,sh.600000,8.92,8.93,8.83,8.87,18611375
2017/4/12,sh.600000,8.87,8.91,8.80,8.87,22210541
2017/4/13,sh.600000,8.87,8.87,8.79,8.80,23426650
2017/4/14,sh.600000,8.80,8.81,8.61,8.66,40156553
2017/4/17,sh.600000,8.67,8.71,8.55,8.69,36739448
2017/4/18,sh.600000,8.66,8.67,8.55,8.55,22889980
2017/4/19,sh.600000,8.52,8.53,8.44,8.44,24455407
2017/4/20,sh.600000,8.44,8.46,8.32,8.33,41061406
2017/4/21,sh.600000,8.33,8.42,8.29,8.41,22688358
2017/4/24,sh.600000,8.41,8.44,8.33,8.38,17627803
2017/4/25,sh.600000,8.39,8.43,8.37,8.41,12975919
2017/4/26,sh.600000,8.41,8.44,8.38,8.41,14939871
2017/4/27,sh.600000,8.41,8.52,8.39,8.49,22887645
2017/4/28,sh.600000,8.46,8.50,8.42,8.49,15718509
2017/5/2,sh.600000,8.49,8.50,8.45,8.47,12607509
2017/5/3,sh.600000,8.47,8.47,8.41,8.42,14247943
2017/5/4,sh.600000,8.42,8.42,8.32,8.37,19477788
2017/5/5,sh.600000,8.35,8.37,8.11,8.33,40194577
2017/5/8,sh.600000,8.25,8.32,8.10,8.30,43568576
2017/5/9,sh.600000,8.20,8.29,8.19,8.24,19225492
2017/5/10,sh.600000,8.24,8.29,8.13,8.16,28359413
2017/5/11,sh.600000,8.14,8.26,8.13,8.24,27312908
2017/5/12,sh.600000,8.24,8.51,8.23,8.49,45733426
2017/5/15,sh.600000,8.53,8.62,8.47,8.53,29965820
2017/5/16,sh.600000,8.51,8.54,8.42,8.53,24875396
2017/5/17,sh.600000,8.51,8.52,8.42,8.49,33434411
2017/5/18,sh.600000,8.43,8.46,8.35,8.38,30657927
2017/5/19,sh.600000,8.40,8.42,8.33,8.39,28610626
2017/5/22,sh.600000,8.39,8.41,8.34,8.40,30227245
2017/5/23,sh.600000,8.38,8.70,8.37,8.62,75400428
2017/5/24,sh.600000,8.59,8.67,8.49,8.64,70439028
2017/5/25,sh.600000,8.64,9.51,8.62,9.51,222373433
2017/5/26,sh.600000,9.42,9.49,9.22,9.44,176456630
2017/5/31,sh.600000,9.38,9.60,9.31,9.44,113009809
2017/6/1,sh.600000,9.40,9.54,9.33,9.50,96217055
2017/6/2,sh.600000,9.51,9.57,9.37,9.48,80197701
2017/6/5,sh.600000,9.40,9.47,9.20,9.45,75876475
2017/6/6,sh.600000,9.41,9.44,9.31,9.41,36104406
2017/6/7,sh.600000,9.42,9.55,9.40,9.44,64395191
2017/6/8,sh.600000,9.38,9.46,9.32,9.44,48194843
2017/6/9,sh.600000,9.40,9.71,9.39,9.51,114434319
2017/6/12,sh.600000,9.49,9.66,9.38,9.40,73931192
2017/6/13,sh.600000,9.40,9.40,9.24,9.26,52716070
2017/6/14,sh.600000,9.27,9.29,9.05,9.16,55306982
2017/6/15,sh.600000,9.13,9.16,9.03,9.10,37492860
2017/6/16,sh.600000,9.10,9.16,9.02,9.08,47351062
2017/6/19,sh.600000,9.09,9.14,9.04,9.12,32941278
2017/6/20,sh.600000,9.13,9.15,8.99,9.04,44645196
2017/6/21,sh.600000,9.12,9.12,9.02,9.07,34000062
2017/6/22,sh.600000,9.07,9.44,9.04,9.24,110259441
2017/6/23,sh.600000,9.23,9.30,9.09,9.29,68579079
2017/6/26,sh.600000,9.29,9.43,9.23,9.29,60509162
2017/6/27,sh.600000,9.29,9.36,9.21,9.34,46687475
2017/6/28,sh.600000,9.31,9.49,9.27,9.40,75349557
2017/6/29,sh.600000,9.42,9.46,9.34,9.38,38994542
2017/6/30,sh.600000,9.34,9.36,9.26,9.30,36566479
2017/7/3,sh.600000,9.29,9.30,9.17,9.24,38778949
2017/7/4,sh.600000,9.23,9.25,9.13,9.23,36659128
2017/7/5,sh.600000,9.19,9.30,9.17,9.28,26470507
2017/7/6,sh.600000,9.28,9.35,9.20,9.31,37414241
2017/7/7,sh.600000,9.28,9.33,9.23,9.27,24667294
2017/7/10,sh.600000,9.26,9.29,9.21,9.21,26411530
2017/7/11,sh.600000,9.20,9.52,9.20,9.41,96835349
2017/7/12,sh.600000,9.41,9.60,9.37,9.46,80469025
2017/7/13,sh.600000,9.43,9.77,9.39,9.76,110219238
2017/7/14,sh.600000,9.81,10.15,9.81,9.99,146865370
2017/7/17,sh.600000,10.02,10.31,9.77,10.12,178661221
2017/7/18,sh.600000,10.04,10.09,9.85,9.96,69895876
2017/7/19,sh.600000,9.97,10.13,9.91,10.07,66108709
2017/7/20,sh.600000,10.05,10.07,9.95,10.02,40017492
2017/7/21,sh.600000,10.01,10.02,9.84,9.89,52272375
2017/7/24,sh.600000,9.89,10.10,9.82,10.05,65820954
2017/7/25,sh.600000,10.02,10.11,9.86,9.93,58478099
2017/7/26,sh.600000,9.89,10.07,9.82,9.84,57495388
2017/7/27,sh.600000,9.84,9.90,9.77,9.84,33612097
2017/7/28,sh.600000,9.83,9.92,9.78,9.90,24954961
2017/7/31,sh.600000,9.89,9.94,9.79,9.82,45083081
2017/8/1,sh.600000,9.87,9.92,9.79,9.88,64198064
2017/8/2,sh.600000,9.88,10.00,9.85,9.88,61644148
2017/8/3,sh.600000,9.87,9.87,9.59,9.62,78581867
2017/8/4,sh.600000,9.63,9.63,9.45,9.46,63181971
2017/8/7,sh.600000,9.46,9.52,9.43,9.51,29528429
2017/8/8,sh.600000,9.49,9.51,9.43,9.46,23570298
2017/8/9,sh.600000,9.44,9.47,9.38,9.38,32303821
2017/8/10,sh.600000,9.37,9.47,9.34,9.40,44056044
2017/8/11,sh.600000,9.35,9.36,9.16,9.32,88890056
2017/8/14,sh.600000,9.28,9.29,9.21,9.24,45562027
2017/8/15,sh.600000,9.25,9.38,9.24,9.26,62591905
2017/8/16,sh.600000,9.24,9.24,9.17,9.18,33886531
2017/8/17,sh.600000,9.18,9.23,9.17,9.21,39091156
2017/8/18,sh.600000,9.19,9.24,9.16,9.20,35976632
2017/8/21,sh.600000,9.19,9.24,9.16,9.20,33810237
2017/8/22,sh.600000,9.20,9.21,9.13,9.14,58829999
2017/8/23,sh.600000,9.15,9.31,9.13,9.24,96871587
2017/8/24,sh.600000,9.25,9.31,9.15,9.17,62153175
2017/8/25,sh.600000,9.17,9.41,9.17,9.40,145590666
2017/8/28,sh.600000,9.43,9.53,9.38,9.48,104113170
2017/8/29,sh.600000,9.45,9.54,9.39,9.53,60063956
2017/8/30,sh.600000,9.49,9.54,9.43,9.46,60479990
2017/8/31,sh.600000,9.43,9.44,9.30,9.35,44790313
2017/9/1,sh.600000,9.32,9.46,9.32,9.39,39264131
2017/9/4,sh.600000,9.40,9.44,9.30,9.40,35667447
2017/9/5,sh.600000,9.40,9.63,9.40,9.58,73493027
2017/9/6,sh.600000,9.55,9.60,9.49,9.53,33823576
2017/9/7,sh.600000,9.52,9.57,9.43,9.45,38224782
2017/9/8,sh.600000,9.45,9.65,9.43,9.58,64778087
2017/9/11,sh.600000,9.67,9.67,9.52,9.55,52234735
2017/9/12,sh.600000,9.56,9.59,9.49,9.59,51012322
2017/9/13,sh.600000,9.57,9.57,9.46,9.46,31972897
2017/9/14,sh.600000,9.47,9.54,9.42,9.45,24160832
2017/9/15,sh.600000,9.43,9.46,9.38,9.43,24874312
2017/9/18,sh.600000,9.43,9.53,9.41,9.49,35747529
2017/9/19,sh.600000,9.51,9.52,9.43,9.49,30170124
2017/9/20,sh.600000,9.47,9.51,9.43,9.47,19867148
2017/9/21,sh.600000,9.46,9.52,9.43,9.46,20140268
2017/9/22,sh.600000,9.44,9.50,9.40,9.48,24192687
2017/9/25,sh.600000,9.48,9.52,9.35,9.52,50687628
2017/9/26,sh.600000,9.48,9.51,9.45,9.46,22163311
2017/9/27,sh.600000,9.43,9.49,9.38,9.45,26374752
2017/9/28,sh.600000,9.45,9.47,9.39,9.44,24124934
2017/9/29,sh.600000,9.43,9.49,9.42,9.46,19822263
2017/10/9,sh.600000,9.76,9.77,9.56,9.59,52149081
2017/10/10,sh.600000,9.60,9.63,9.54,9.63,27493986
2017/10/11,sh.600000,9.62,9.64,9.58,9.60,18706308
2017/10/12,sh.600000,9.60,9.63,9.54,9.60,17125284
2017/10/13,sh.600000,9.57,9.62,9.50,9.52,20857578
2017/10/16,sh.600000,9.54,9.60,9.52,9.59,23611164
2017/10/17,sh.600000,9.59,9.60,9.52,9.55,14692320
2017/10/18,sh.600000,9.55,9.63,9.51,9.61,45458736
2017/10/19,sh.600000,9.58,9.68,9.54,9.65,52881168
2017/10/20,sh.600000,9.63,9.63,9.57,9.57,17228409
2017/10/23,sh.600000,9.57,9.58,9.43,9.44,31563834
2017/10/24,sh.600000,9.44,9.52,9.43,9.46,27236042
2017/10/25,sh.600000,9.46,9.52,9.43,9.49,20743829
2017/10/26,sh.600000,9.46,9.47,9.40,9.43,25275166
2017/10/27,sh.600000,9.45,9.52,9.43,9.45,32673820
2017/10/30,sh.600000,9.44,9.44,9.26,9.34,74713617
2017/10/31,sh.600000,9.27,9.31,9.25,9.27,20120724
2017/11/1,sh.600000,9.29,9.35,9.21,9.22,35368712
2017/11/2,sh.600000,9.21,9.24,9.14,9.21,48267038
2017/11/3,sh.600000,9.21,9.27,9.14,9.25,32848169
2017/11/6,sh.600000,9.24,9.24,9.15,9.17,20016827
2017/11/7,sh.600000,9.18,9.27,9.13,9.22,38677337
2017/11/8,sh.600000,9.22,9.32,9.18,9.25,37134146
2017/11/9,sh.600000,9.24,9.29,9.21,9.23,17463373
2017/11/10,sh.600000,9.22,9.29,9.16,9.29,49925359
2017/11/13,sh.600000,9.30,9.45,9.29,9.41,78009337
2017/11/14,sh.600000,9.38,9.39,9.25,9.27,33754928
2017/11/15,sh.600000,9.27,9.29,9.23,9.27,28076530
2017/11/16,sh.600000,9.24,9.24,9.10,9.11,35680762
2017/11/17,sh.600000,9.10,9.41,9.10,9.40,109336535
2017/11/20,sh.600000,9.34,9.46,9.27,9.45,61495420
2017/11/21,sh.600000,9.42,9.68,9.38,9.52,116179412
2017/11/22,sh.600000,9.56,9.88,9.56,9.73,114576266
2017/11/23,sh.600000,9.74,9.79,9.49,9.60,81912602
2017/11/24,sh.600000,9.64,9.69,9.51,9.63,59612483
2017/11/27,sh.600000,9.63,9.65,9.42,9.63,79250273
2017/11/28,sh.600000,9.58,9.61,9.50,9.52,34031908
2017/11/29,sh.600000,9.52,9.59,9.42,9.52,41846783
2017/11/30,sh.600000,9.49,9.52,9.41,9.49,39916356
2017/12/1,sh.600000,9.51,9.52,9.42,9.49,38577445
2017/12/4,sh.600000,9.46,9.52,9.44,9.50,36479233
2017/12/5,sh.600000,9.50,9.76,9.49,9.68,123796797
2017/12/6,sh.600000,9.65,9.68,9.49,9.53,43564931
2017/12/7,sh.600000,9.52,9.58,9.49,9.53,34802229
2017/12/8,sh.600000,9.54,9.55,9.46,9.51,31296221
2017/12/11,sh.600000,9.50,9.59,9.45,9.54,36649902
2017/12/12,sh.600000,9.54,9.54,9.37,9.38,30370097
2017/12/13,sh.600000,9.41,9.42,9.29,9.37,19345338
2017/12/14,sh.600000,9.40,9.40,9.31,9.33,16141678
2017/12/15,sh.600000,9.33,9.36,9.27,9.28,16210108
2017/12/18,sh.600000,9.35,9.35,9.27,9.30,13445648
2017/12/19,sh.600000,9.30,9.38,9.28,9.38,18399603
2017/12/20,sh.600000,9.38,9.38,9.27,9.36,26639844
2017/12/21,sh.600000,9.32,9.40,9.27,9.34,21052388
2017/12/22,sh.600000,9.32,9.35,9.27,9.28,16076938
2017/12/25,sh.600000,9.27,9.32,9.24,9.26,19306662
2017/12/26,sh.600000,9.24,9.31,9.24,9.29,15225722
2017/12/27,sh.600000,9.30,9.31,9.21,9.28,32731881
2017/12/28,sh.600000,9.27,9.31,9.21,9.22,23870824
2017/12/29,sh.600000,9.21,9.28,9.20,9.26,16351826
2018/1/2,sh.600000,9.27,9.39,9.27,9.35,31323053
2018/1/3,sh.600000,9.36,9.41,9.31,9.31,37839101
2018/1/4,sh.600000,9.34,9.36,9.28,9.31,27883804
2018/1/5,sh.600000,9.32,9.35,9.28,9.33,31026744
2018/1/8,sh.600000,9.33,9.35,9.29,9.32,31389887
2018/1/9,sh.600000,9.32,9.37,9.31,9.34,26215432
2018/1/10,sh.600000,9.34,9.63,9.32,9.57,90679990
2018/1/11,sh.600000,9.52,9.59,9.46,9.52,37816412
2018/1/12,sh.600000,9.54,9.56,9.49,9.49,24203419
2018/1/15,sh.600000,9.47,9.62,9.45,9.57,61320680
2018/1/16,sh.600000,9.54,9.60,9.40,9.49,74892652
2018/1/17,sh.600000,9.49,9.87,9.48,9.63,127132813
2018/1/18,sh.600000,9.66,9.74,9.60,9.74,111608076
2018/1/19,sh.600000,9.80,10.01,9.69,9.74,171648871
2018/1/22,sh.600000,9.51,9.67,9.35,9.39,272513801
2018/1/23,sh.600000,9.38,9.50,9.32,9.49,217827457
2018/1/24,sh.600000,9.54,10.29,9.48,9.98,379653629
2018/1/25,sh.600000,9.96,10.12,9.82,10.04,176989631
2018/1/26,sh.600000,10.04,10.09,9.82,9.86,218419685
2018/1/29,sh.600000,9.91,9.95,9.79,9.90,153783104
2018/1/30,sh.600000,9.89,9.92,9.63,9.64,107804018
2018/1/31,sh.600000,9.60,9.70,9.54,9.68,117703264
2018/2/1,sh.600000,9.66,9.80,9.52,9.78,173573331
2018/2/2,sh.600000,9.70,9.70,9.57,9.66,71796780
2018/2/5,sh.600000,9.56,9.96,9.54,9.92,150149657
2018/2/6,sh.600000,9.77,9.93,9.71,9.91,244358992
2018/2/7,sh.600000,9.99,10.22,9.74,9.89,200770115
2018/2/8,sh.600000,9.81,9.85,9.52,9.63,109426872
2018/2/9,sh.600000,9.48,9.54,9.00,9.40,149257356
2018/2/12,sh.600000,9.31,9.32,9.14,9.18,64799197
2018/2/13,sh.600000,9.23,9.32,9.19,9.20,54900214
2018/2/14,sh.600000,9.19,9.23,9.10,9.16,32597811
2018/2/22,sh.600000,9.27,9.32,9.21,9.29,42012285
2018/2/23,sh.600000,9.31,9.40,9.26,9.35,38736515
2018/2/26,sh.600000,9.39,9.44,9.27,9.36,48806055
2018/2/27,sh.600000,9.38,9.38,9.27,9.33,48561087
2018/2/28,sh.600000,9.27,9.31,9.15,9.16,39888938
2018/3/1,sh.600000,9.12,9.19,9.10,9.17,34491031
2018/3/2,sh.600000,9.12,9.16,9.09,9.13,23024132
2018/3/5,sh.600000,9.13,9.18,9.07,9.13,29343464
2018/3/6,sh.600000,9.18,9.20,9.10,9.18,27222668
2018/3/7,sh.600000,9.20,9.27,9.16,9.18,38817575
2018/3/8,sh.600000,9.23,9.23,9.12,9.17,22164132
2018/3/9,sh.600000,9.18,9.20,9.13,9.18,23558287
2018/3/12,sh.600000,9.21,9.22,9.16,9.19,25161821
2018/3/13,sh.600000,9.19,9.25,9.14,9.18,25145000
2018/3/14,sh.600000,9.15,9.15,9.10,9.11,22804603
2018/3/15,sh.600000,9.08,9.13,9.07,9.11,17287774
2018/3/16,sh.600000,9.09,9.12,9.04,9.04,26781399
2018/3/19,sh.600000,9.05,9.07,9.02,9.05,16896048
2018/3/20,sh.600000,9.03,9.11,9.01,9.06,20672283
2018/3/21,sh.600000,9.07,9.12,9.03,9.04,23878465
2018/3/22,sh.600000,9.08,9.08,9.01,9.01,22948484
2018/3/23,sh.600000,8.82,8.87,8.56,8.61,57106391
2018/3/26,sh.600000,8.61,8.64,8.46,8.54,36425054
2018/3/27,sh.600000,8.60,8.65,8.50,8.54,27332809
2018/3/28,sh.600000,8.48,8.64,8.47,8.51,22911282
2018/3/29,sh.600000,8.51,8.61,8.42,8.54,33108805
2018/3/30,sh.600000,8.55,8.60,8.54,8.57,23271965
2018/4/2,sh.600000,8.59,8.69,8.57,8.61,27719599
2018/4/3,sh.600000,8.57,8.58,8.49,8.50,18303514
2018/4/4,sh.600000,8.54,8.57,8.48,8.48,19637509
2018/4/9,sh.600000,8.48,8.52,8.45,8.46,16722481
2018/4/10,sh.600000,8.47,8.67,8.46,8.65,28748298
2018/4/11,sh.600000,8.67,8.84,8.64,8.76,31298519
2018/4/12,sh.600000,8.76,8.79,8.65,8.66,18824289
2018/4/13,sh.600000,8.70,8.74,8.60,8.60,14094853
2018/4/16,sh.600000,8.68,8.68,8.49,8.49,23720095
2018/4/17,sh.600000,8.50,8.60,8.49,8.49,25469983
2018/4/18,sh.600000,8.64,8.67,8.57,8.63,26295275
2018/4/19,sh.600000,8.68,8.74,8.65,8.68,16553270
2018/4/20,sh.600000,8.63,8.67,8.51,8.54,18377407
2018/4/23,sh.600000,8.50,8.64,8.48,8.53,18181610
2018/4/24,sh.600000,8.50,8.66,8.50,8.66,23032861
2018/4/25,sh.600000,8.61,8.65,8.57,8.57,16082634
2018/4/26,sh.600000,8.63,8.66,8.49,8.51,18205794
2018/4/27,sh.600000,8.52,8.58,8.49,8.54,23450783
2018/5/2,sh.600000,8.33,8.33,8.07,8.11,69325684
2018/5/3,sh.600000,8.08,8.10,7.96,8.03,34665572
2018/5/4,sh.600000,8.02,8.04,7.94,7.96,22253089
2018/5/7,sh.600000,7.96,8.01,7.91,7.97,27425378
2018/5/8,sh.600000,7.97,8.07,7.95,8.05,28796453
2018/5/9,sh.600000,8.05,8.09,8.01,8.04,18510621
2018/5/10,sh.600000,8.07,8.09,8.02,8.05,16030500
2018/5/11,sh.600000,8.09,8.10,8.04,8.05,22015135
2018/5/14,sh.600000,8.07,8.13,8.06,8.09,23763310
2018/5/15,sh.600000,8.11,8.13,8.00,8.08,23548459
2018/5/16,sh.600000,8.04,8.06,7.99,7.99,23580345
2018/5/17,sh.600000,7.99,8.02,7.95,7.96,18474690
2018/5/18,sh.600000,7.98,8.02,7.95,8.02,21717105
2018/5/21,sh.600000,8.07,8.07,8.02,8.04,23393724
2018/5/22,sh.600000,8.04,8.05,7.98,8.00,16014501
2018/5/23,sh.600000,8.00,8.01,7.93,7.94,21194469
2018/5/24,sh.600000,7.96,7.97,7.91,7.93,15229580
2018/5/25,sh.600000,7.96,7.96,7.85,7.88,19016226
2018/5/28,sh.600000,7.88,7.93,7.80,7.91,18370343
2018/5/29,sh.600000,7.87,7.90,7.80,7.82,16933980
2018/5/30,sh.600000,7.77,7.79,7.64,7.68,32230788
2018/5/31,sh.600000,7.69,7.86,7.69,7.76,45532670
2018/6/1,sh.600000,7.79,7.86,7.74,7.85,18365527
2018/6/4,sh.600000,7.91,7.96,7.87,7.90,16180325
2018/6/5,sh.600000,7.88,7.90,7.80,7.84,18692609
2018/6/6,sh.600000,7.82,7.82,7.74,7.76,14983603
2018/6/7,sh.600000,7.77,7.84,7.73,7.81,23355633
2018/6/8,sh.600000,7.76,7.77,7.63,7.66,27181997
2018/6/11,sh.600000,7.63,7.67,7.56,7.66,18004293
2018/6/12,sh.600000,7.65,7.65,7.57,7.61,16085667
2018/6/13,sh.600000,7.57,7.60,7.49,7.51,19961576
2018/6/14,sh.600000,7.47,7.54,7.47,7.52,17557528
2018/6/15,sh.600000,7.52,7.60,7.49,7.57,19914990
2018/6/19,sh.600000,7.52,7.53,7.21,7.29,42988471
2018/6/20,sh.600000,7.29,7.34,7.26,7.27,18915740
2018/6/21,sh.600000,7.27,7.34,7.17,7.23,23636961
2018/6/22,sh.600000,7.23,7.23,7.11,7.18,25040001
2018/6/25,sh.600000,7.18,7.22,7.02,7.03,24244380
2018/6/26,sh.600000,7.06,7.06,6.88,6.97,24424095
2018/6/27,sh.600000,6.92,7.01,6.88,6.89,24913770
2018/6/28,sh.600000,6.86,7.07,6.85,6.99,30741337
2018/6/29,sh.600000,7.03,7.06,6.95,7.03,19493546
2018/7/2,sh.600000,7.02,7.02,6.79,6.83,22669089
2018/7/3,sh.600000,6.83,6.90,6.77,6.88,24123551
2018/7/4,sh.600000,6.87,6.93,6.82,6.85,14464777
2018/7/5,sh.600000,6.81,6.88,6.78,6.81,16495438
2018/7/6,sh.600000,6.85,6.93,6.74,6.89,22594443
2018/7/9,sh.600000,6.89,7.08,6.89,7.06,22172565
2018/7/10,sh.600000,7.07,7.10,6.99,7.04,12402837
2018/7/11,sh.600000,6.89,6.94,6.85,6.90,15203933
2018/7/12,sh.600000,6.92,7.07,6.90,7.04,19704837
2018/7/13,sh.600000,7.11,7.12,7.03,7.05,15026339
2018/7/16,sh.600000,7.06,7.09,6.94,6.99,14414119
2018/7/17,sh.600000,6.99,7.04,6.97,7.01,13713495
2018/7/18,sh.600000,7.07,7.16,7.04,7.07,18922700
2018/7/19,sh.600000,7.13,7.15,7.08,7.10,18360482
2018/7/20,sh.600000,7.10,7.39,7.04,7.33,33275650
2018/7/23,sh.600000,7.36,7.45,7.24,7.40,31484434
2018/7/24,sh.600000,7.42,7.53,7.41,7.45,36424560
2018/7/25,sh.600000,7.52,7.52,7.40,7.45,15889970
2018/7/26,sh.600000,7.48,7.49,7.39,7.40,15206330
2018/7/27,sh.600000,7.40,7.46,7.38,7.42,12120067
2018/7/30,sh.600000,7.42,7.55,7.41,7.53,20096364
2018/7/31,sh.600000,7.52,7.58,7.43,7.56,18203008
2018/8/1,sh.600000,7.62,7.63,7.36,7.36,20741884
2018/8/2,sh.600000,7.36,7.45,7.18,7.27,24483871
2018/8/3,sh.600000,7.27,7.42,7.25,7.30,16997939
2018/8/6,sh.600000,7.41,7.45,7.33,7.36,17444492
2018/8/7,sh.600000,7.39,7.52,7.39,7.51,21784661
2018/8/8,sh.600000,7.54,7.54,7.44,7.47,13461992
2018/8/9,sh.600000,7.43,7.56,7.42,7.53,17689853
2018/8/10,sh.600000,7.53,7.53,7.45,7.48,13172633
2018/8/13,sh.600000,7.43,7.48,7.36,7.42,17927668
2018/8/14,sh.600000,7.42,7.48,7.39,7.48,15868585
2018/8/15,sh.600000,7.48,7.48,7.36,7.36,14787033
2018/8/16,sh.600000,7.33,7.52,7.31,7.48,24323652
2018/8/17,sh.600000,7.55,7.55,7.38,7.42,15090455
2018/8/20,sh.600000,7.56,7.56,7.44,7.54,26975300
2018/8/21,sh.600000,7.56,7.58,7.50,7.52,19786535
2018/8/22,sh.600000,7.52,7.53,7.43,7.50,11993541
2018/8/23,sh.600000,7.53,7.53,7.42,7.48,15537812
2018/8/24,sh.600000,7.48,7.75,7.45,7.65,32268837
2018/8/27,sh.600000,7.68,7.69,7.59,7.68,23266645
2018/8/28,sh.600000,7.65,7.71,7.62,7.65,14609685
2018/8/29,sh.600000,7.65,7.67,7.62,7.67,10362000
2018/8/30,sh.600000,7.65,7.74,7.56,7.56,18621890
2018/8/31,sh.600000,7.55,7.70,7.55,7.68,37311724
2018/9/3,sh.600000,7.63,7.65,7.56,7.61,14309539
2018/9/4,sh.600000,7.59,7.73,7.56,7.71,16353060
2018/9/5,sh.600000,7.66,7.71,7.52,7.52,22729232
2018/9/6,sh.600000,7.52,7.60,7.52,7.53,10546916
2018/9/7,sh.600000,7.54,7.62,7.52,7.57,8995716
2018/9/10,sh.600000,7.55,7.60,7.53,7.56,11822813
2018/9/11,sh.600000,7.59,7.63,7.42,7.45,19689042
2018/9/12,sh.600000,7.42,7.48,7.39,7.46,16506103
2018/9/13,sh.600000,7.56,7.65,7.51,7.65,29417198
2018/9/14,sh.600000,7.70,7.70,7.59,7.62,16450780
2018/9/17,sh.600000,7.62,7.64,7.51,7.54,10535343
2018/9/18,sh.600000,7.55,7.62,7.50,7.62,16684789
2018/9/19,sh.600000,7.64,7.65,7.58,7.61,18550643
2018/9/20,sh.600000,7.62,7.64,7.56,7.59,16307051
2018/9/21,sh.600000,7.61,7.80,7.54,7.80,37571431
2018/9/25,sh.600000,7.71,7.78,7.67,7.69,15879199
2018/9/26,sh.600000,7.72,7.85,7.68,7.74,31175799
2018/9/27,sh.600000,7.77,7.79,7.71,7.79,24182714
2018/9/28,sh.600000,7.80,7.99,7.76,7.89,37430602
2018/10/8,sh.600000,7.72,7.79,7.54,7.55,41957276
2018/10/9,sh.600000,7.49,7.61,7.48,7.54,23159026
2018/10/10,sh.600000,7.53,7.64,7.53,7.56,18124701
2018/10/11,sh.600000,7.43,7.47,7.22,7.28,39056785
2018/10/12,sh.600000,7.36,7.51,7.30,7.45,25145127
2018/10/15,sh.600000,7.47,7.55,7.41,7.45,13957844
2018/10/16,sh.600000,7.45,7.57,7.41,7.47,15308344
2018/10/17,sh.600000,7.56,7.66,7.53,7.65,26520895
2018/10/18,sh.600000,7.69,7.69,7.55,7.57,22403988
2018/10/19,sh.600000,7.62,7.75,7.48,7.71,40331386
2018/10/22,sh.600000,7.67,7.95,7.67,7.89,47003409
2018/10/23,sh.600000,7.91,7.95,7.77,7.77,38089035
2018/10/24,sh.600000,7.85,8.21,7.82,7.98,59165552
2018/10/25,sh.600000,7.88,8.09,7.83,8.06,36866593
2018/10/26,sh.600000,8.06,8.16,7.98,8.11,27519309
2018/10/29,sh.600000,8.23,8.26,7.96,8.02,35265959
2018/10/30,sh.600000,8.12,8.21,8.09,8.14,33086049
2018/10/31,sh.600000,8.17,8.20,8.08,8.16,21737114
2018/11/1,sh.600000,8.21,8.24,8.07,8.09,23505322
2018/11/2,sh.600000,8.25,8.36,8.13,8.31,47788920
2018/11/5,sh.600000,8.29,8.36,8.23,8.28,17012759
2018/11/6,sh.600000,8.27,8.29,8.17,8.20,18422477
2018/11/7,sh.600000,8.24,8.25,8.08,8.10,20843864
2018/11/8,sh.600000,8.21,8.25,8.10,8.22,19991683
2018/11/9,sh.600000,8.17,8.20,7.95,7.99,25570050
2018/11/12,sh.600000,8.00,8.14,7.99,8.03,27015827
2018/11/13,sh.600000,7.94,8.10,7.94,8.04,20708729
2018/11/14,sh.600000,8.08,8.08,7.94,7.95,17998183
2018/11/15,sh.600000,7.97,8.03,7.91,8.00,16580059
2018/11/16,sh.600000,8.00,8.06,7.96,8.00,21394417
2018/11/19,sh.600000,8.07,8.10,8.00,8.08,21384793
2018/11/20,sh.600000,8.08,8.09,7.91,7.94,21883780
2018/11/21,sh.600000,7.88,7.97,7.88,7.92,16027458
2018/11/22,sh.600000,7.97,7.97,7.85,7.91,14008305
2018/11/23,sh.600000,7.88,7.92,7.80,7.80,14715010
2018/11/26,sh.600000,7.92,7.92,7.75,7.80,14377396
2018/11/27,sh.600000,7.80,7.88,7.77,7.80,15084666
2018/11/28,sh.600000,7.85,7.89,7.80,7.86,18339621
2018/11/29,sh.600000,7.91,7.99,7.83,7.90,20685685
2018/11/30,sh.600000,7.91,7.99,7.89,7.96,28572651
2018/12/3,sh.600000,8.17,8.21,8.06,8.19,43049070
2018/12/4,sh.600000,8.17,8.23,8.15,8.23,20811293
2018/12/5,sh.600000,8.17,8.25,8.14,8.17,25491217
2018/12/6,sh.600000,8.04,8.12,8.04,8.10,23597997
2018/12/7,sh.600000,8.13,8.20,8.08,8.09,10580550
2018/12/10,sh.600000,8.00,8.10,8.00,8.05,15927563
2018/12/11,sh.600000,8.06,8.10,7.94,7.97,17234222
2018/12/12,sh.600000,8.09,8.09,7.95,7.97,12448791
2018/12/13,sh.600000,8.00,8.07,7.97,8.03,19792340
2018/12/14,sh.600000,7.98,8.03,7.87,7.89,24163831
2018/12/17,sh.600000,7.91,8.01,7.89,8.01,19746228
2018/12/18,sh.600000,7.94,8.04,7.83,7.85,19451677
2018/12/19,sh.600000,7.87,7.91,7.83,7.83,13603633
2018/12/20,sh.600000,7.82,7.87,7.51,7.62,30069914
2018/12/21,sh.600000,7.60,7.61,7.43,7.48,20885862
2018/12/24,sh.600000,7.42,7.46,7.33,7.36,22779882
2018/12/25,sh.600000,7.26,7.33,7.13,7.27,34810397
2018/12/26,sh.600000,7.29,7.34,7.16,7.19,20569202
2018/12/27,sh.600000,7.26,7.28,7.18,7.18,27347564
2018/12/28,sh.600000,7.22,7.39,7.22,7.28,27404028
2019/1/2,sh.600000,7.24,7.27,7.12,7.21,23762822
2019/1/3,sh.600000,7.21,7.30,7.18,7.29,18654262
2019/1/4,sh.600000,7.23,7.43,7.21,7.40,27172844
2019/1/7,sh.600000,7.50,7.50,7.37,7.42,23597376
2019/1/8,sh.600000,7.45,7.45,7.36,7.40,15104933
2019/1/9,sh.600000,7.48,7.55,7.42,7.42,23163720
2019/1/10,sh.600000,7.39,7.45,7.37,7.40,15923566
2019/1/11,sh.600000,7.45,7.54,7.40,7.47,19069069
2019/1/14,sh.600000,7.45,7.51,7.44,7.48,20352840
2019/1/15,sh.600000,7.51,7.54,7.47,7.51,15632125
2019/1/16,sh.600000,7.51,7.54,7.48,7.53,12988340
2019/1/17,sh.600000,7.56,7.64,7.48,7.56,22766048
2019/1/18,sh.600000,7.65,7.76,7.59,7.75,29087141
2019/1/21,sh.600000,7.70,7.77,7.65,7.69,18947789
2019/1/22,sh.600000,7.71,7.71,7.60,7.62,16250557
2019/1/23,sh.600000,7.65,7.68,7.62,7.63,16520327
2019/1/24,sh.600000,7.68,7.72,7.63,7.71,15006699
2019/1/25,sh.600000,7.77,7.85,7.71,7.80,19696587
2019/1/28,sh.600000,7.82,7.92,7.72,7.74,21769073
2019/1/29,sh.600000,7.72,7.90,7.71,7.86,23768004
2019/1/30,sh.600000,7.87,7.91,7.78,7.80,16054256
2019/1/31,sh.600000,7.87,7.97,7.81,7.97,25131034
2019/2/1,sh.600000,8.04,8.04,7.89,8.00,19119343
2019/2/11,sh.600000,7.89,7.97,7.89,7.95,20216568
2019/2/12,sh.600000,7.96,7.97,7.90,7.97,16769601
2019/2/13,sh.600000,7.98,8.12,7.94,8.07,30248695
2019/2/14,sh.600000,8.06,8.11,8.03,8.04,19815286
2019/2/15,sh.600000,8.01,8.06,7.92,7.92,17758789
2019/2/18,sh.600000,7.99,8.08,7.95,8.06,20102219
2019/2/19,sh.600000,8.06,8.14,8.01,8.03,25952745
2019/2/20,sh.600000,8.11,8.11,8.03,8.05,22286311
2019/2/21,sh.600000,8.05,8.12,7.99,8.02,25402390
2019/2/22,sh.600000,8.00,8.18,8.00,8.18,25907438
2019/2/25,sh.600000,8.20,8.88,8.20,8.86,93712264
2019/2/26,sh.600000,8.85,9.03,8.62,8.66,83643265
2019/2/27,sh.600000,8.70,8.97,8.67,8.79,71201603
2019/2/28,sh.600000,8.79,8.86,8.68,8.72,39393414
2019/3/1,sh.600000,8.78,8.96,8.62,8.93,63254621
2019/3/4,sh.600000,9.01,9.20,8.88,8.93,85024777
2019/3/5,sh.600000,8.92,8.95,8.82,8.90,54564202
2019/3/6,sh.600000,8.91,9.03,8.81,8.93,53693164
2019/3/7,sh.600000,8.94,8.95,8.82,8.83,52618824
2019/3/8,sh.600000,8.71,8.71,8.44,8.55,52670531
2019/3/11,sh.600000,8.50,8.61,8.44,8.52,39922020
2019/3/12,sh.600000,8.61,8.69,8.47,8.50,52211807
2019/3/13,sh.600000,8.48,8.59,8.40,8.50,41373014
2019/3/14,sh.600000,8.52,8.61,8.49,8.52,34337899
2019/3/15,sh.600000,8.52,8.62,8.49,8.49,33769320
2019/3/18,sh.600000,8.51,8.62,8.45,8.61,43879562
2019/3/19,sh.600000,8.64,8.67,8.55,8.58,27500231
2019/3/20,sh.600000,8.56,8.65,8.54,8.58,27325424
2019/3/21,sh.600000,8.59,8.61,8.50,8.52,35037035
2019/3/22,sh.600000,8.54,8.55,8.40,8.46,35436446
2019/3/25,sh.600000,8.38,8.39,8.18,8.20,57716577
2019/3/26,sh.600000,8.26,8.28,8.20,8.24,30795722
2019/3/27,sh.600000,8.26,8.35,8.20,8.23,42124489
2019/3/28,sh.600000,8.20,8.21,8.10,8.20,29296120
2019/3/29,sh.600000,8.16,8.40,8.16,8.38,60526266
2019/4/1,sh.600000,8.44,8.56,8.39,8.50,70637405
2019/4/2,sh.600000,8.55,8.56,8.48,8.50,46714710
2019/4/3,sh.600000,8.45,8.58,8.43,8.55,50271029
2019/4/4,sh.600000,8.58,8.70,8.58,8.70,75232527
2019/4/8,sh.600000,8.76,8.89,8.66,8.71,77870373
2019/4/9,sh.600000,8.71,8.73,8.54,8.58,56895992
2019/4/10,sh.600000,8.55,8.59,8.49,8.53,41027539
2019/4/11,sh.600000,8.52,8.61,8.43,8.52,50172794
2019/4/12,sh.600000,8.52,8.59,8.49,8.54,26273690
2019/4/15,sh.600000,8.67,8.75,8.52,8.52,70509167
2019/4/16,sh.600000,8.52,8.91,8.49,8.88,100665400
2019/4/17,sh.600000,8.89,8.98,8.83,8.85,68157211
2019/4/18,sh.600000,8.85,8.95,8.80,8.85,43048980
2019/4/19,sh.600000,8.92,9.07,8.81,8.92,56013041
2019/4/22,sh.600000,8.93,8.97,8.68,8.70,53389418
2019/4/23,sh.600000,8.68,8.77,8.64,8.69,33847719
2019/4/24,sh.600000,8.74,8.75,8.55,8.63,38201108
2019/4/25,sh.600000,8.59,8.69,8.53,8.58,40876129
2019/4/26,sh.600000,8.49,8.59,8.38,8.41,42469581
2019/4/29,sh.600000,8.43,8.58,8.43,8.53,38586938
2019/4/30,sh.600000,8.69,8.98,8.69,8.89,123474738
2019/5/6,sh.600000,8.73,8.81,8.58,8.77,124545414
2019/5/7,sh.600000,8.78,8.87,8.62,8.77,85489922
2019/5/8,sh.600000,8.65,8.75,8.54,8.55,58500103
2019/5/9,sh.600000,8.53,8.59,8.25,8.26,64128049
2019/5/10,sh.600000,8.34,8.49,8.22,8.41,48550722
2019/5/13,sh.600000,8.32,8.47,8.29,8.40,40284963
2019/5/14,sh.600000,8.31,8.50,8.30,8.33,41888998
2019/5/15,sh.600000,8.38,8.49,8.34,8.41,34404465
2019/5/16,sh.600000,8.38,8.44,8.34,8.40,34141755
2019/5/17,sh.600000,8.41,8.43,8.32,8.35,38399831
2019/5/20,sh.600000,8.38,8.50,8.36,8.43,34904438
2019/5/21,sh.600000,8.42,8.51,8.40,8.41,32975873
2019/5/22,sh.600000,8.41,8.43,8.26,8.29,40000391
2019/5/23,sh.600000,8.26,8.29,8.14,8.25,36312689
2019/5/24,sh.600000,8.30,8.34,8.17,8.26,24160265
2019/5/27,sh.600000,8.24,8.37,8.14,8.34,35087915
2019/5/28,sh.600000,8.32,8.40,8.19,8.39,72278135
2019/5/29,sh.600000,8.30,8.39,8.23,8.26,40860970
2019/5/30,sh.600000,8.31,8.31,8.20,8.26,26650033
2019/5/31,sh.600000,8.26,8.34,8.21,8.27,36976728
2019/6/3,sh.600000,8.30,8.39,8.27,8.38,30492063
2019/6/4,sh.600000,8.39,8.45,8.37,8.43,25077393
2019/6/5,sh.600000,8.49,8.56,8.43,8.48,31423641
2019/6/6,sh.600000,8.55,8.55,8.46,8.52,26427215
2019/6/10,sh.600000,8.60,8.69,8.57,8.63,43183779
2019/6/11,sh.600000,8.70,8.77,8.63,8.75,52266217
2019/6/12,sh.600000,8.75,8.96,8.73,8.89,50635228
2019/6/13,sh.600000,8.86,9.03,8.81,8.96,46966016
2019/6/14,sh.600000,9.00,9.09,8.97,9.03,47385174
2019/6/17,sh.600000,9.03,9.13,9.00,9.02,35220103
2019/6/18,sh.600000,9.06,9.12,8.98,9.06,28965124
2019/6/19,sh.600000,9.22,9.25,9.05,9.10,44927745
2019/6/20,sh.600000,9.16,9.44,9.08,9.35,71647496
2019/6/21,sh.600000,9.33,9.42,9.22,9.26,55381180
2019/6/24,sh.600000,9.26,9.29,9.16,9.22,34195336
2019/6/25,sh.600000,9.18,9.18,8.82,8.93,80359367
2019/6/26,sh.600000,8.86,8.99,8.85,8.93,36973199
2019/6/27,sh.600000,8.95,9.07,8.85,8.92,47997783
2019/6/28,sh.600000,8.94,8.95,8.84,8.95,29545173
2019/7/1,sh.600000,9.09,9.13,8.96,8.97,54887882
2019/7/2,sh.600000,8.98,9.00,8.86,8.90,51165729
2019/7/3,sh.600000,8.90,8.91,8.82,8.86,36567085
2019/7/4,sh.600000,8.90,8.94,8.86,8.90,30369201
2019/7/5,sh.600000,8.91,8.92,8.83,8.86,25753241
2019/7/8,sh.600000,8.86,8.86,8.67,8.70,34710676
2019/7/9,sh.600000,8.73,8.76,8.68,8.71,21885404
2019/7/10,sh.600000,8.76,8.76,8.67,8.70,23409890
2019/7/11,sh.600000,8.76,8.78,8.69,8.73,23285835
2019/7/12,sh.600000,8.73,8.90,8.73,8.83,34816996
2019/7/15,sh.600000,8.73,8.84,8.60,8.81,40305603
2019/7/16,sh.600000,8.81,8.86,8.77,8.85,21606007
2019/7/17,sh.600000,8.80,8.86,8.78,8.80,17480372
2019/7/18,sh.600000,8.83,8.83,8.77,8.80,18260034
2019/7/19,sh.600000,8.82,8.91,8.80,8.87,19619622
2019/7/22,sh.600000,8.84,8.91,8.79,8.80,25617875
2019/7/23,sh.600000,8.76,8.86,8.76,8.80,17927898
2019/7/24,sh.600000,8.84,8.95,8.83,8.88,24112288
2019/7/25,sh.600000,8.86,9.16,8.86,9.10,55900219
2019/7/26,sh.600000,9.06,9.15,9.05,9.09,30368988
2019/7/29,sh.600000,9.12,9.15,9.04,9.09,21465011
2019/7/30,sh.600000,9.07,9.19,9.07,9.09,33731002
2019/7/31,sh.600000,9.05,9.15,8.99,9.09,30650758
2019/8/1,sh.600000,9.01,9.08,8.91,8.93,32471702
2019/8/2,sh.600000,8.80,8.86,8.74,8.80,38976091
2019/8/5,sh.600000,8.75,8.78,8.60,8.61,42719073
2019/8/6,sh.600000,8.50,8.60,8.41,8.50,45203853
2019/8/7,sh.600000,8.54,8.55,8.47,8.48,31462085
2019/8/8,sh.600000,8.54,8.67,8.51,8.63,33258085
2019/8/9,sh.600000,8.67,8.74,8.63,8.71,40637993
2019/8/12,sh.600000,8.68,8.77,8.67,8.76,34989082
2019/8/13,sh.600000,8.73,8.73,8.65,8.68,18839979
2019/8/14,sh.600000,8.75,8.80,8.64,8.64,19874457
2019/8/15,sh.600000,8.55,8.67,8.52,8.65,19101192
2019/8/16,sh.600000,8.62,8.69,8.59,8.60,24823561
2019/8/19,sh.600000,8.60,8.72,8.49,8.72,38253341
2019/8/20,sh.600000,8.66,8.79,8.64,8.71,23758050
2019/8/21,sh.600000,8.70,8.77,8.69,8.74,14656537
2019/8/22,sh.600000,8.76,8.77,8.71,8.76,15866836
2019/8/23,sh.600000,8.73,8.88,8.72,8.88,33655377
2019/8/26,sh.600000,8.73,8.77,8.54,8.66,41845176
2019/8/27,sh.600000,8.71,8.86,8.66,8.66,66247458
2019/8/28,sh.600000,8.71,8.73,8.66,8.67,25525597
2019/8/29,sh.600000,8.66,8.70,8.57,8.60,28049594
2019/8/30,sh.600000,8.69,8.71,8.60,8.64,25424004
2019/9/2,sh.600000,8.66,8.75,8.61,8.69,27749879
2019/9/3,sh.600000,8.73,8.74,8.67,8.70,16286609
2019/9/4,sh.600000,8.73,8.81,8.70,8.80,30670961
2019/9/5,sh.600000,8.81,9.00,8.81,8.90,46828000
2019/9/6,sh.600000,8.95,8.96,8.87,8.96,34392057
2019/9/9,sh.600000,9.03,9.03,8.95,9.00,40059368
2019/9/10,sh.600000,9.03,9.09,8.96,9.08,37041097
2019/9/11,sh.600000,9.08,9.19,9.08,9.16,39063654
2019/9/12,sh.600000,9.26,9.26,9.13,9.19,26104824
2019/9/16,sh.600000,9.19,9.20,9.06,9.14,25489116
2019/9/17,sh.600000,9.16,9.20,9.02,9.05,33558932
2019/9/18,sh.600000,9.15,9.19,9.09,9.14,31387271
2019/9/19,sh.600000,9.19,9.19,9.10,9.15,23742171
2019/9/20,sh.600000,9.19,9.19,9.08,9.16,40109279
2019/9/23,sh.600000,9.12,9.13,8.95,9.00,27710795
2019/9/24,sh.600000,9.05,9.09,8.99,9.00,21870962
2019/9/25,sh.600000,9.00,9.16,8.96,9.05,30136356
2019/9/26,sh.600000,9.10,9.33,9.07,9.17,72726461
2019/9/27,sh.600000,9.16,9.19,9.01,9.12,36807878
2019/9/30,sh.600000,9.08,9.25,9.05,9.07,35947577
2019/10/8,sh.600000,9.04,9.22,9.04,9.12,32415886
2019/10/9,sh.600000,9.06,9.29,9.04,9.19,42209602
2019/10/10,sh.600000,9.21,9.22,9.13,9.16,27261229
2019/10/11,sh.600000,9.23,9.54,9.19,9.54,92030800
2019/10/14,sh.600000,9.65,10.13,9.59,9.91,123970103
2019/10/15,sh.600000,9.92,10.07,9.85,10.03,73394591
2019/10/16,sh.600000,10.02,10.21,9.88,10.02,67002223
2019/10/17,sh.600000,10.01,10.15,9.98,10.09,47869313
2019/10/18,sh.600000,10.14,10.18,9.75,9.79,64992896
2019/10/21,sh.600000,9.81,9.98,9.77,9.89,38996287
2019/10/22,sh.600000,9.98,10.00,9.78,9.91,31396257
2019/10/23,sh.600000,9.88,9.92,9.78,9.85,32821414
2019/10/24,sh.600000,9.95,10.14,9.92,10.03,103158806
2019/10/25,sh.600000,10.03,10.03,9.79,9.88,97876357
2019/10/28,sh.600000,9.77,9.87,9.69,9.73,72380466
2019/10/29,sh.600000,9.76,9.85,9.67,9.78,52604090
2019/10/30,sh.600000,9.77,9.80,9.59,9.65,53734730
2019/10/31,sh.600000,9.72,9.73,9.58,9.59,33347533
2019/11/1,sh.600000,9.58,9.83,9.53,9.77,62705733
2019/11/4,sh.600000,9.77,9.88,9.72,9.76,49737996
2019/11/5,sh.600000,9.76,10.11,9.72,9.92,74274389
2019/11/6,sh.600000,9.92,10.04,9.85,9.90,46023920
2019/11/7,sh.600000,9.92,9.92,9.74,9.78,46267281
2019/11/8,sh.600000,9.81,9.81,9.62,9.63,48841866
2019/11/11,sh.600000,9.56,9.56,9.42,9.42,38594267
2019/11/12,sh.600000,9.43,9.47,9.32,9.38,39239395
2019/11/13,sh.600000,9.36,9.42,9.31,9.37,32274979
2019/11/14,sh.600000,9.37,9.40,9.27,9.30,28943647
2019/11/15,sh.600000,9.36,9.39,9.29,9.31,27324299
2019/11/18,sh.600000,9.32,9.46,9.29,9.38,28796529
2019/11/19,sh.600000,9.35,9.43,9.33,9.37,29370803
2019/11/20,sh.600000,9.32,9.36,9.20,9.22,38092059
2019/11/21,sh.600000,9.19,9.22,9.13,9.16,34617175
2019/11/22,sh.600000,9.20,9.24,9.15,9.19,29531099
2019/11/25,sh.600000,9.22,9.30,9.19,9.25,25153256
2019/11/26,sh.600000,9.31,9.32,9.18,9.24,59633264
2019/11/27,sh.600000,9.25,9.25,9.12,9.19,28703956
2019/11/28,sh.600000,9.19,9.20,9.13,9.16,17797225
2019/11/29,sh.600000,9.14,9.25,9.11,9.13,24566935
2019/12/2,sh.600000,9.16,9.17,9.06,9.09,22163020
2019/12/3,sh.600000,9.05,9.12,9.02,9.09,19557865
2019/12/4,sh.600000,9.03,9.06,8.96,9.00,24734662
2019/12/5,sh.600000,9.03,9.11,9.01,9.11,24976130
2019/12/6,sh.600000,9.13,9.16,9.06,9.13,20654438
2019/12/9,sh.600000,9.12,9.14,9.08,9.12,17349258
2019/12/10,sh.600000,9.10,9.13,9.09,9.09,15324640
2019/12/11,sh.600000,9.10,9.19,9.08,9.18,33409045
2019/12/12,sh.600000,9.19,9.19,9.10,9.12,27021203
2019/12/13,sh.600000,9.18,9.29,9.15,9.29,59520554
2019/12/16,sh.600000,9.29,9.31,9.19,9.29,37971632
2019/12/17,sh.600000,9.32,9.59,9.27,9.49,57435605
2019/12/18,sh.600000,9.47,9.58,9.45,9.50,34565268
2019/12/19,sh.600000,9.50,9.58,9.49,9.51,23789907
2019/12/20,sh.600000,9.51,9.62,9.49,9.52,40150148
2019/12/23,sh.600000,9.55,9.55,9.32,9.35,37033891
2019/12/24,sh.600000,9.36,9.42,9.35,9.41,21671029
2019/12/25,sh.600000,9.42,9.42,9.35,9.38,13678175
2019/12/26,sh.600000,9.39,9.44,9.37,9.42,15739054
2019/12/27,sh.600000,9.39,9.52,9.39,9.44,27932109
2019/12/30,sh.600000,9.40,9.47,9.29,9.45,41051555
2019/12/31,sh.600000,9.44,9.49,9.36,9.48,31953628
2020/1/2,sh.600000,9.55,9.68,9.54,9.55,51629079
2020/1/3,sh.600000,9.63,9.68,9.55,9.65,38018810
2020/1/6,sh.600000,9.59,9.69,9.52,9.55,41001193
2020/1/7,sh.600000,9.59,9.65,9.55,9.58,28421482
2020/1/8,sh.600000,9.51,9.54,9.39,9.44,35240536
2020/1/9,sh.600000,9.49,9.52,9.46,9.48,26151448
2020/1/10,sh.600000,9.48,9.52,9.43,9.49,18321252
2020/1/13,sh.600000,9.50,9.51,9.43,9.51,20715566
2020/1/14,sh.600000,9.50,9.72,9.49,9.52,29994561
2020/1/15,sh.600000,9.51,9.54,9.39,9.39,31897217
2020/1/16,sh.600000,9.41,9.43,9.32,9.35,22454876
2020/1/17,sh.600000,9.36,9.42,9.32,9.37,17593111
2020/1/20,sh.600000,9.39,9.40,9.34,9.39,23734609
2020/1/21,sh.600000,9.35,9.39,9.22,9.26,31787474
2020/1/22,sh.600000,8.96,9.07,8.93,9.02,78133556
2020/1/23,sh.600000,9.00,9.00,8.67,8.70,76534796
2020/2/3,sh.600000,7.83,8.19,7.83,8.02,95367382
2020/2/4,sh.600000,8.05,8.23,8.03,8.17,66783767
2020/2/5,sh.600000,8.19,8.26,8.11,8.20,45046658
2020/2/6,sh.600000,8.28,8.32,8.16,8.27,38023801
2020/2/7,sh.600000,8.22,8.36,8.18,8.32,31896956
2020/2/10,sh.600000,8.24,8.31,8.21,8.25,34032121
2020/2/11,sh.600000,8.29,8.39,8.26,8.32,34856302
2020/2/12,sh.600000,8.31,8.34,8.24,8.32,26313927
2020/2/13,sh.600000,8.29,8.34,8.24,8.24,22630613
2020/2/14,sh.600000,8.24,8.34,8.23,8.32,22360549
2020/2/17,sh.600000,8.34,8.59,8.32,8.57,41343320
2020/2/18,sh.600000,8.50,8.57,8.46,8.47,30162703
2020/2/19,sh.600000,8.49,8.61,8.46,8.51,25100157
2020/2/20,sh.600000,8.56,8.63,8.47,8.60,36656416
2020/2/21,sh.600000,8.60,8.73,8.59,8.66,38949418
2020/2/24,sh.600000,8.60,8.69,8.50,8.55,44738622
2020/2/25,sh.600000,8.48,8.54,8.44,8.50,48324564
2020/2/26,sh.600000,8.44,8.68,8.44,8.58,51906287
2020/2/27,sh.600000,8.58,8.66,8.53,8.59,33029824
2020/2/28,sh.600000,8.51,8.57,8.31,8.31,50137988
2020/3/2,sh.600000,8.39,8.50,8.37,8.46,39245056
2020/3/3,sh.600000,8.53,8.60,8.46,8.47,39332460
2020/3/4,sh.600000,8.44,8.50,8.39,8.45,34628358
2020/3/5,sh.600000,8.49,8.67,8.45,8.67,73047882
2020/3/6,sh.600000,8.60,8.64,8.51,8.52,41587820
2020/3/9,sh.600000,8.43,8.43,8.24,8.26,59495242
2020/3/10,sh.600000,8.21,8.40,8.20,8.33,44761737
2020/3/11,sh.600000,8.37,8.37,8.25,8.25,31688826
2020/3/12,sh.600000,8.24,8.24,8.13,8.15,32632350
2020/3/13,sh.600000,7.97,8.22,7.88,8.20,57457109
2020/3/16,sh.600000,8.20,8.26,8.05,8.05,47649924
2020/3/17,sh.600000,8.18,8.19,7.88,7.99,42139008
2020/3/18,sh.600000,7.97,8.05,7.82,7.82,33176646
2020/3/19,sh.600000,7.81,7.92,7.55,7.62,55707113
2020/3/20,sh.600000,7.75,7.80,7.63,7.73,42609358
2020/3/23,sh.600000,7.62,7.62,7.52,7.54,28286030
2020/3/24,sh.600000,7.68,7.76,7.65,7.71,28990754
2020/3/25,sh.600000,7.82,7.87,7.75,7.78,32172278
2020/3/26,sh.600000,7.74,7.95,7.72,7.84,30921803
2020/3/27,sh.600000,7.93,7.95,7.82,7.85,27107951
2020/3/30,sh.600000,7.80,7.88,7.75,7.88,26046018
2020/3/31,sh.600000,7.89,7.94,7.76,7.78,26144854
2020/4/1,sh.600000,7.75,7.86,7.73,7.73,22479192
2020/4/2,sh.600000,7.73,7.82,7.72,7.82,17042135
2020/4/3,sh.600000,7.76,7.82,7.75,7.78,14842382
2020/4/7,sh.600000,7.89,7.91,7.84,7.88,23825611
2020/4/8,sh.600000,7.85,7.88,7.80,7.85,17952255
2020/4/9,sh.600000,7.86,7.88,7.80,7.82,13569586
2020/4/10,sh.600000,7.83,7.85,7.78,7.82,16625528
2020/4/13,sh.600000,7.78,7.83,7.74,7.75,11966986
2020/4/14,sh.600000,7.79,7.85,7.75,7.85,17792926
2020/4/15,sh.600000,7.82,7.87,7.78,7.80,14945608
2020/4/16,sh.600000,7.74,7.80,7.74,7.78,14403197
2020/4/17,sh.600000,7.80,7.84,7.78,7.82,22744411
2020/4/20,sh.600000,7.78,7.81,7.73,7.75,23503715
2020/4/21,sh.600000,7.72,7.75,7.67,7.68,17557525
2020/4/22,sh.600000,7.68,7.72,7.65,7.72,15802441
2020/4/23,sh.600000,7.74,7.74,7.67,7.71,16878643
2020/4/24,sh.600000,7.71,7.73,7.67,7.71,16973113
2020/4/27,sh.600000,7.78,7.98,7.78,7.92,50342806
2020/4/28,sh.600000,7.94,7.95,7.83,7.91,29222578
2020/4/29,sh.600000,7.93,8.13,7.91,8.13,35056836
2020/4/30,sh.600000,8.11,8.27,8.09,8.14,30906971
2020/5/6,sh.600000,8.00,8.04,7.94,8.01,41378362
2020/5/7,sh.600000,8.01,8.01,7.95,7.96,26211656
2020/5/8,sh.600000,8.00,8.04,7.97,8.00,20927670
2020/5/11,sh.600000,8.00,8.08,7.98,7.99,21472495
2020/5/12,sh.600000,8.00,8.03,7.92,7.92,19405945
2020/5/13,sh.600000,7.90,7.96,7.88,7.95,15574310
2020/5/14,sh.600000,7.91,7.94,7.87,7.89,15892376
2020/5/15,sh.600000,7.94,7.95,7.86,7.88,13753770
2020/5/18,sh.600000,7.88,7.99,7.85,7.91,15675941
2020/5/19,sh.600000,8.01,8.01,7.92,7.93,12576997
2020/5/20,sh.600000,7.95,7.98,7.91,7.98,20046300
2020/5/21,sh.600000,8.00,8.00,7.91,7.91,14361684
2020/5/22,sh.600000,7.89,7.92,7.77,7.77,23722915
2020/5/25,sh.600000,7.89,7.90,7.76,7.87,15722012
2020/5/26,sh.600000,7.91,7.91,7.85,7.87,14372249
2020/5/27,sh.600000,7.88,7.95,7.85,7.93,20145712
2020/5/28,sh.600000,7.94,8.08,7.94,8.07,38263189
2020/5/29,sh.600000,8.01,8.10,8.01,8.10,30659227
2020/6/1,sh.600000,8.14,8.21,8.10,8.16,28612841
2020/6/2,sh.600000,8.11,8.23,8.11,8.18,25922545
2020/6/3,sh.600000,8.24,8.33,8.20,8.20,27352188
2020/6/4,sh.600000,8.27,8.27,8.15,8.15,17559033
2020/6/5,sh.600000,8.18,8.19,8.09,8.18,20958291
2020/6/8,sh.600000,8.15,8.21,8.12,8.13,18251152
2020/6/9,sh.600000,8.14,8.21,8.11,8.18,17263160
2020/6/10,sh.600000,8.21,8.21,8.11,8.11,16693480
2020/6/11,sh.600000,8.11,8.13,8.01,8.03,25171455
2020/6/12,sh.600000,8.11,8.11,7.99,8.08,25514482
2020/6/15,sh.600000,7.98,8.04,7.93,7.93,25497883
2020/6/16,sh.600000,8.00,8.05,7.97,8.01,17682742
2020/6/17,sh.600000,8.00,8.05,7.99,8.02,16148594
2020/6/18,sh.600000,7.98,8.10,7.96,8.05,20856551
2020/6/19,sh.600000,8.09,8.18,8.05,8.13,39814479
2020/6/22,sh.600000,8.10,8.17,8.07,8.08,24611903
2020/6/23,sh.600000,8.05,8.10,8.02,8.03,19602212
2020/6/24,sh.600000,8.08,8.13,8.05,8.12,22873884
2020/6/29,sh.600000,8.14,8.22,8.04,8.10,27875619
2020/6/30,sh.600000,8.11,8.15,8.08,8.11,22886764
2020/7/1,sh.600000,8.11,8.24,8.08,8.23,36690710
2020/7/2,sh.600000,8.22,8.47,8.20,8.47,60951268
2020/7/3,sh.600000,8.49,8.63,8.44,8.57,82238477
2020/7/6,sh.600000,8.66,9.43,8.65,9.35,149558001
2020/7/7,sh.600000,9.54,9.72,9.27,9.28,131469759
2020/7/8,sh.600000,9.32,9.53,9.22,9.30,104879230
2020/7/9,sh.600000,9.39,9.39,9.15,9.19,91311738
2020/7/10,sh.600000,9.18,9.26,8.85,8.89,78611864
2020/7/13,sh.600000,8.89,9.08,8.86,8.93,96564333
2020/7/14,sh.600000,8.90,8.96,8.68,8.72,79944260
2020/7/15,sh.600000,8.79,8.79,8.54,8.57,92438310
2020/7/16,sh.600000,8.62,8.80,8.58,8.58,96614162
2020/7/17,sh.600000,8.71,8.73,8.56,8.63,68639480
2020/7/20,sh.600000,8.67,8.86,8.63,8.83,78766518
2020/7/21,sh.600000,8.88,8.90,8.73,8.84,55004587
2020/7/22,sh.600000,8.85,9.00,8.81,8.90,98687637
2020/7/23,sh.600000,8.88,8.88,8.57,8.76,86806896
2020/7/24,sh.600000,8.71,8.73,8.40,8.42,72886391
2020/7/27,sh.600000,8.52,8.52,8.34,8.38,44655910
2020/7/28,sh.600000,8.45,8.52,8.36,8.39,32599274
2020/7/29,sh.600000,8.36,8.52,8.34,8.49,45256602
2020/7/30,sh.600000,8.49,8.51,8.40,8.40,40443481
2020/7/31,sh.600000,8.41,8.50,8.33,8.37,65368427
2020/8/3,sh.600000,8.40,8.47,8.38,8.41,56272005
2020/8/4,sh.600000,8.45,8.66,8.43,8.61,88522454
2020/8/5,sh.600000,8.60,8.60,8.44,8.49,46011280
2020/8/6,sh.600000,8.54,8.59,8.41,8.51,42484232
2020/8/7,sh.600000,8.49,8.51,8.37,8.43,44271966
2020/8/10,sh.600000,8.42,8.54,8.39,8.50,48973967
2020/8/11,sh.600000,8.55,8.63,8.44,8.46,63673224
2020/8/12,sh.600000,8.47,8.56,8.45,8.53,43268629
2020/8/13,sh.600000,8.56,8.57,8.48,8.49,25798477
2020/8/14,sh.600000,8.51,8.56,8.47,8.56,37584530
2020/8/17,sh.600000,8.56,8.87,8.54,8.76,98742699
2020/8/18,sh.600000,8.77,8.77,8.59,8.64,54091961
2020/8/19,sh.600000,8.64,8.68,8.54,8.55,43448106
2020/8/20,sh.600000,8.53,8.54,8.43,8.46,53539028
2020/8/21,sh.600000,8.53,8.53,8.44,8.48,31451520
2020/8/24,sh.600000,8.54,8.54,8.43,8.45,38982822
2020/8/25,sh.600000,8.47,8.49,8.41,8.44,37897250
2020/8/26,sh.600000,8.43,8.44,8.36,8.38,39278732
2020/8/27,sh.600000,8.39,8.40,8.34,8.36,30462492
2020/8/28,sh.600000,8.36,8.45,8.33,8.45,53131203
2020/8/31,sh.600000,8.45,8.49,8.34,8.37,80037356
2020/9/1,sh.600000,8.33,8.37,8.29,8.31,53931233
2020/9/2,sh.600000,8.31,8.31,8.18,8.22,56787081
2020/9/3,sh.600000,8.23,8.26,8.17,8.18,40832020
2020/9/4,sh.600000,8.14,8.20,8.09,8.14,38443982
2020/9/7,sh.600000,8.14,8.21,8.09,8.09,58564585
2020/9/8,sh.600000,8.14,8.15,8.09,8.12,52972540
2020/9/9,sh.600000,8.09,8.14,8.08,8.09,49418500
2020/9/10,sh.600000,8.13,8.13,8.03,8.05,54169916
2020/9/11,sh.600000,8.04,8.05,7.96,8.01,49947642
2020/9/14,sh.600000,8.04,8.04,7.97,8.00,38851230
2020/9/15,sh.600000,8.01,8.01,7.96,7.97,46601549
2020/9/16,sh.600000,7.97,8.00,7.92,7.97,51470657
2020/9/17,sh.600000,7.97,7.99,7.92,7.94,43171675
2020/9/18,sh.600000,7.95,8.03,7.92,8.03,95230581
2020/9/21,sh.600000,8.03,8.05,7.94,7.95,55998716
2020/9/22,sh.600000,7.93,7.95,7.83,7.84,65952098
2020/9/23,sh.600000,7.84,7.85,7.77,7.78,41909587
2020/9/24,sh.600000,7.76,7.77,7.64,7.68,53858739
2020/9/25,sh.600000,7.68,7.70,7.64,7.65,29487505
2020/9/28,sh.600000,7.67,7.70,7.64,7.64,26257827
2020/9/29,sh.600000,7.68,7.69,7.62,7.62,32988266
2020/9/30,sh.600000,7.63,7.67,7.55,7.59,39006807
2020/10/9,sh.600000,7.63,7.66,7.59,7.61,39772687
2020/10/12,sh.600000,7.63,7.78,7.61,7.75,66671637
2020/10/13,sh.600000,7.74,7.75,7.69,7.71,28059097
2020/10/14,sh.600000,7.71,7.72,7.68,7.70,42969217
2020/10/15,sh.600000,7.71,7.85,7.70,7.77,66146732
2020/10/16,sh.600000,7.76,7.89,7.76,7.85,74850236
2020/10/19,sh.600000,7.86,8.02,7.79,7.80,84532385
2020/10/20,sh.600000,7.78,7.80,7.68,7.74,46687029
2020/10/21,sh.600000,7.74,7.84,7.68,7.84,61622129
2020/10/22,sh.600000,7.81,7.89,7.75,7.80,47288884
2020/10/23,sh.600000,7.78,7.91,7.77,7.84,70954476
2020/10/26,sh.600000,7.85,7.88,7.75,7.76,52711443
2020/10/27,sh.600000,7.75,7.75,7.66,7.66,38062780
2020/10/28,sh.600000,7.66,7.69,7.58,7.59,45881367
2020/10/29,sh.600000,7.55,7.63,7.55,7.57,43707348
2020/10/30,sh.600000,7.58,7.63,7.47,7.48,56060864
2020/11/2,sh.600000,7.50,7.54,7.45,7.47,46542251
2020/11/3,sh.600000,7.52,7.59,7.50,7.51,67876111
2020/11/4,sh.600000,7.55,7.59,7.50,7.55,50256088
2020/11/5,sh.600000,7.64,7.64,7.54,7.56,55873229
2020/11/6,sh.600000,7.57,7.62,7.54,7.59,63919592
2020/11/9,sh.600000,7.61,7.66,7.59,7.62,88937655
2020/11/10,sh.600000,7.65,7.75,7.63,7.64,84217864
2020/11/11,sh.600000,7.67,7.74,7.63,7.72,64171805
2020/11/12,sh.600000,7.69,7.70,7.62,7.62,51891050
2020/11/13,sh.600000,7.60,7.60,7.54,7.56,44910112
2020/11/16,sh.600000,7.58,7.64,7.57,7.63,31878052
2020/11/17,sh.600000,7.64,7.70,7.63,7.70,47293970
2020/11/18,sh.600000,7.70,7.89,7.68,7.84,109417513
2020/11/19,sh.600000,7.84,7.90,7.79,7.87,63840056
2020/11/20,sh.600000,7.82,7.85,7.76,7.81,46631360
2020/11/23,sh.600000,7.80,8.01,7.78,8.00,92618240
2020/11/24,sh.600000,8.01,8.05,7.93,7.96,61221709
2020/11/25,sh.600000,8.00,8.07,7.93,7.93,61216111
2020/11/26,sh.600000,7.95,8.07,7.89,8.06,71595543
2020/11/27,sh.600000,8.09,8.24,8.05,8.24,113388037
2020/11/30,sh.600000,8.32,8.51,8.13,8.13,203498922
2020/12/1,sh.600000,8.14,8.36,8.09,8.32,107812159
2020/12/2,sh.600000,8.29,8.39,8.23,8.28,78702779
2020/12/3,sh.600000,8.26,8.31,8.21,8.27,57195735
2020/12/4,sh.600000,8.27,8.28,8.12,8.22,47336450
2020/12/7,sh.600000,8.17,8.22,8.00,8.07,57810545
2020/12/8,sh.600000,8.05,8.13,8.02,8.06,31522398
2020/12/9,sh.600000,8.06,8.15,8.01,8.01,44090061
2020/12/10,sh.600000,8.01,8.05,7.89,7.93,39400878
2020/12/11,sh.600000,7.95,7.98,7.83,7.84,48386569
2020/12/14,sh.600000,7.88,7.92,7.82,7.88,38743836
2020/12/15,sh.600000,7.86,7.87,7.76,7.84,39323070
2020/12/16,sh.600000,7.85,7.90,7.79,7.80,47998904
2020/12/17,sh.600000,7.79,7.91,7.75,7.89,42901555
2020/12/18,sh.600000,7.87,7.91,7.83,7.89,31884462
2020/12/21,sh.600000,7.84,7.89,7.80,7.88,31965504
2020/12/22,sh.600000,7.88,7.88,7.72,7.76,50418001
2020/12/23,sh.600000,7.76,7.79,7.66,7.72,38656338
2020/12/24,sh.600000,7.72,7.80,7.68,7.72,24871912
2020/12/25,sh.600000,7.72,7.76,7.68,7.74,22420976
2020/12/28,sh.600000,7.72,7.78,7.68,7.73,33765935
2020/12/29,sh.600000,7.75,7.77,7.69,7.70,44150648
2020/12/30,sh.600000,7.69,7.71,7.63,7.68,54885564
2020/12/31,sh.600000,7.68,7.83,7.67,7.82,65992362
2021/1/4,sh.600000,7.79,7.86,7.72,7.83,62906939
2021/1/5,sh.600000,7.82,7.82,7.69,7.82,53859177
2021/1/6,sh.600000,7.77,7.94,7.77,7.93,61881321
2021/1/7,sh.600000,7.94,8.02,7.80,7.93,57090442
2021/1/8,sh.600000,7.94,8.00,7.86,7.94,55801455
2021/1/11,sh.600000,7.94,8.03,7.82,7.83,75984056
2021/1/12,sh.600000,7.84,7.91,7.74,7.90,56732878
2021/1/13,sh.600000,7.88,7.98,7.85,7.95,57145173
2021/1/14,sh.600000,7.94,8.05,7.89,7.97,55338565
2021/1/15,sh.600000,8.06,8.26,8.01,8.01,143067603
2021/1/18,sh.600000,8.01,8.18,7.97,8.14,96389498
2021/1/19,sh.600000,8.14,8.26,8.06,8.21,82816180
2021/1/20,sh.600000,8.18,8.22,8.05,8.06,66608913
2021/1/21,sh.600000,8.07,8.14,8.02,8.05,53622907
2021/1/22,sh.600000,8.05,8.05,7.89,7.91,61879785
2021/1/25,sh.600000,7.89,7.90,7.81,7.85,51705648
2021/1/26,sh.600000,7.83,7.90,7.80,7.82,39877611
2021/1/27,sh.600000,7.81,7.98,7.80,7.86,55174457
2021/1/28,sh.600000,7.86,7.87,7.76,7.80,52360924
2021/1/29,sh.600000,7.83,8.18,7.80,8.05,115257482
2021/2/1,sh.600000,8.03,8.47,8.00,8.43,181883788
2021/2/2,sh.600000,8.36,8.46,8.20,8.26,131403970
2021/2/3,sh.600000,8.23,8.43,8.13,8.29,131150745
2021/2/4,sh.600000,8.25,8.41,8.18,8.31,92016450
2021/2/5,sh.600000,8.31,8.74,8.28,8.66,195506162
2021/2/8,sh.600000,8.65,8.73,8.49,8.66,137089506
2021/2/9,sh.600000,8.64,8.68,8.52,8.63,99871998
2021/2/10,sh.600000,8.62,8.77,8.53,8.64,105092241
2021/2/18,sh.600000,8.73,8.90,8.68,8.75,143397923
2021/2/19,sh.600000,8.75,8.98,8.70,8.86,122926300
2021/2/22,sh.600000,8.82,8.85,8.64,8.65,127379414
2021/2/23,sh.600000,8.65,8.88,8.65,8.71,93327786
2021/2/24,sh.600000,8.73,8.80,8.52,8.56,97783999
2021/2/25,sh.600000,8.61,8.77,8.56,8.73,89855495
2021/2/26,sh.600000,8.66,8.74,8.52,8.52,85386093
2021/3/1,sh.600000,8.56,8.60,8.48,8.55,54746126
2021/3/2,sh.600000,8.57,8.64,8.37,8.46,74763149
2021/3/3,sh.600000,8.44,8.82,8.43,8.82,113570860
2021/3/4,sh.600000,8.73,8.82,8.69,8.79,75412865
2021/3/5,sh.600000,8.78,8.84,8.64,8.77,72154782
2021/3/8,sh.600000,8.87,8.90,8.65,8.69,80153097
2021/3/9,sh.600000,8.71,8.81,8.60,8.67,83584061
2021/3/10,sh.600000,8.69,8.72,8.59,8.66,50512161
2021/3/11,sh.600000,8.73,8.86,8.69,8.81,76816962
2021/3/12,sh.600000,8.80,8.91,8.74,8.81,79235629
2021/3/15,sh.600000,8.79,9.08,8.79,8.98,113524449
2021/3/16,sh.600000,8.93,9.08,8.90,8.98,65502259
2021/3/17,sh.600000,8.97,8.98,8.80,8.82,57821851
2021/3/18,sh.600000,8.86,8.93,8.81,8.91,50943550
2021/3/19,sh.600000,8.90,8.93,8.53,8.60,103359887
2021/3/22,sh.600000,8.58,8.79,8.58,8.69,66031003
2021/3/23,sh.600000,8.69,8.75,8.63,8.71,47127710
2021/3/24,sh.600000,8.70,8.73,8.59,8.63,44132642
2021/3/25,sh.600000,8.66,8.71,8.57,8.59,43547662
2021/3/26,sh.600000,8.63,8.67,8.57,8.58,40882734
2021/3/29,sh.600000,8.56,8.56,8.40,8.47,92366772
2021/3/30,sh.600000,8.60,8.90,8.58,8.90,173447215
2021/3/31,sh.600000,8.90,8.92,8.78,8.88,66813691
2021/4/1,sh.600000,8.88,8.90,8.73,8.80,47781207
2021/4/2,sh.600000,8.84,8.85,8.62,8.69,65365057
2021/4/6,sh.600000,8.69,8.72,8.63,8.64,33911224
2021/4/7,sh.600000,8.68,8.69,8.55,8.60,60988540
2021/4/8,sh.600000,8.59,8.64,8.53,8.61,42047850
2021/4/9,sh.600000,8.60,8.60,8.51,8.56,38683022
2021/4/12,sh.600000,8.55,8.69,8.50,8.67,57023744
2021/4/13,sh.600000,8.68,8.74,8.62,8.69,52756234
2021/4/14,sh.600000,8.74,8.74,8.54,8.56,45686754
2021/4/15,sh.600000,8.55,8.57,8.39,8.43,53172372
2021/4/16,sh.600000,8.44,8.52,8.42,8.52,32895624
2021/4/19,sh.600000,8.52,8.60,8.44,8.55,50203914
2021/4/20,sh.600000,8.52,8.55,8.47,8.48,29450563
2021/4/21,sh.600000,8.46,8.58,8.45,8.55,45439718
2021/4/22,sh.600000,8.56,8.56,8.40,8.43,41793378
2021/4/23,sh.600000,8.42,8.46,8.39,8.43,24825285
2021/4/26,sh.600000,8.44,8.48,8.31,8.32,46387212
2021/4/27,sh.600000,8.35,8.35,8.27,8.30,25042540
2021/4/28,sh.600000,8.35,8.35,8.22,8.28,35321183
2021/4/29,sh.600000,8.31,8.52,8.29,8.52,48194627
2021/4/30,sh.600000,8.31,8.31,8.05,8.12,156103445
2021/5/6,sh.600000,8.05,8.22,8.05,8.16,61139167
2021/5/7,sh.600000,8.16,8.20,8.07,8.10,72345288
2021/5/10,sh.600000,8.13,8.13,7.98,8.04,61516454
2021/5/11,sh.600000,8.01,8.14,8.00,8.12,42333780
2021/5/12,sh.600000,8.11,8.24,8.10,8.18,52012085
2021/5/13,sh.600000,8.15,8.22,8.09,8.15,47212565
2021/5/14,sh.600000,8.16,8.24,8.10,8.23,47681403
2021/5/17,sh.600000,8.24,8.31,8.18,8.25,46363314
2021/5/18,sh.600000,8.22,8.26,8.20,8.26,19093505
2021/5/19,sh.600000,8.23,8.24,8.14,8.18,29273907
2021/5/20,sh.600000,8.16,8.22,8.10,8.21,35395264
2021/5/21,sh.600000,8.24,8.26,8.14,8.15,28618932
2021/5/24,sh.600000,8.14,8.19,8.12,8.15,23518901
2021/5/25,sh.600000,8.16,8.35,8.13,8.34,75417564
2021/5/26,sh.600000,8.33,8.42,8.31,8.36,54984815
2021/5/27,sh.600000,8.34,8.43,8.29,8.31,52063330
2021/5/28,sh.600000,8.35,8.37,8.28,8.36,34593293
2021/5/31,sh.600000,8.35,8.35,8.26,8.30,37255726
2021/6/1,sh.600000,8.26,8.29,8.22,8.23,41880384
2021/6/2,sh.600000,8.25,8.26,8.18,8.26,35830478
2021/6/3,sh.600000,8.25,8.34,8.22,8.26,52244908
2021/6/4,sh.600000,8.28,8.39,8.23,8.26,71052432
2021/6/7,sh.600000,8.29,8.30,8.24,8.26,36301400
2021/6/8,sh.600000,8.27,8.35,8.22,8.33,50838116
2021/6/9,sh.600000,8.31,8.36,8.25,8.25,56095091
2021/6/10,sh.600000,8.25,8.33,8.24,8.26,45685432
2021/6/11,sh.600000,8.27,8.31,8.17,8.22,58030251
2021/6/15,sh.600000,8.20,8.20,8.09,8.10,46955773
2021/6/16,sh.600000,8.11,8.19,8.09,8.12,32171081
2021/6/17,sh.600000,8.12,8.18,8.10,8.11,29689848
2021/6/18,sh.600000,8.11,8.16,8.08,8.16,44451210
2021/6/21,sh.600000,8.13,8.15,8.09,8.11,39815744
2021/6/22,sh.600000,8.13,8.18,8.08,8.08,45184564
2021/6/23,sh.600000,8.09,8.10,8.05,8.07,34400099
2021/6/24,sh.600000,8.08,8.12,8.05,8.10,31652661
2021/6/25,sh.600000,8.10,8.17,8.09,8.14,48335388
2021/6/28,sh.600000,8.13,8.14,8.07,8.09,32597114
2021/6/29,sh.600000,8.09,8.11,8.06,8.06,32733370
2021/6/30,sh.600000,8.08,8.10,8.05,8.08,21580051
2021/7/1,sh.600000,8.09,8.13,8.07,8.10,36999138
2021/7/2,sh.600000,8.09,8.12,8.01,8.02,51535129
2021/7/5,sh.600000,8.04,8.05,7.96,8.01,44806863
2021/7/6,sh.600000,8.01,8.09,7.98,8.07,37737379
2021/7/7,sh.600000,8.09,8.11,8.03,8.10,35666988
2021/7/8,sh.600000,8.12,8.12,8.01,8.03,30745176
2021/7/9,sh.600000,8.02,8.09,8.00,8.01,34590087
2021/7/12,sh.600000,8.05,8.07,8.00,8.01,33415612
2021/7/13,sh.600000,8.03,8.07,7.98,8.05,34611654
2021/7/14,sh.600000,8.05,8.05,7.92,7.94,52207557
2021/7/15,sh.600000,7.94,8.05,7.93,8.03,45903396
2021/7/16,sh.600000,8.09,8.14,8.05,8.06,45557802
2021/7/19,sh.600000,8.06,8.10,7.96,8.09,53049438
2021/7/20,sh.600000,8.09,8.10,8.03,8.07,36834727
2021/7/21,sh.600000,8.07,8.18,8.07,8.10,58450876
2021/7/22,sh.600000,8.13,8.25,8.11,8.18,43977169
2021/7/23,sh.600000,8.15,8.21,8.12,8.13,30090322
2021/7/26,sh.600000,8.12,8.13,7.89,7.93,51742715
2021/7/27,sh.600000,7.94,8.00,7.71,7.77,53279860
2021/7/28,sh.600000,7.77,7.94,7.77,7.82,46335875
2021/7/29,sh.600000,7.85,7.88,7.72,7.74,43587733
2021/7/30,sh.600000,7.75,7.75,7.65,7.66,35697122
2021/8/2,sh.600000,7.66,7.84,7.61,7.75,45713350
2021/8/3,sh.600000,7.75,7.76,7.67,7.74,33014050
2021/8/4,sh.600000,7.74,7.76,7.68,7.70,25214494
2021/8/5,sh.600000,7.69,7.74,7.67,7.68,24267799
2021/8/6,sh.600000,7.68,7.71,7.64,7.71,22486126
2021/8/9,sh.600000,7.69,7.85,7.68,7.78,37461914
2021/8/10,sh.600000,7.79,7.83,7.72,7.81,34370935
2021/8/11,sh.600000,7.79,7.88,7.77,7.82,37382098
2021/8/12,sh.600000,7.82,7.82,7.77,7.78,22978467
2021/8/13,sh.600000,7.77,7.83,7.76,7.79,21925988
2021/8/16,sh.600000,7.80,7.87,7.77,7.82,27369511
2021/8/17,sh.600000,7.83,7.88,7.78,7.80,38016760
2021/8/18,sh.600000,7.81,7.97,7.77,7.92,43424745
2021/8/19,sh.600000,7.93,7.93,7.80,7.83,36391371
2021/8/20,sh.600000,7.85,7.89,7.79,7.87,35374387
2021/8/23,sh.600000,7.89,7.90,7.81,7.81,32418942
2021/8/24,sh.600000,7.82,7.89,7.78,7.82,40815968
2021/8/25,sh.600000,7.83,7.84,7.77,7.80,34063999
2021/8/26,sh.600000,7.79,7.81,7.75,7.76,29439149
2021/8/27,sh.600000,7.77,7.82,7.76,7.78,27618817
2021/8/30,sh.600000,7.68,7.71,7.57,7.60,80410279
2021/8/31,sh.600000,7.62,7.68,7.58,7.68,44633690
2021/9/1,sh.600000,7.66,7.83,7.65,7.79,58211312
2021/9/2,sh.600000,7.81,7.84,7.77,7.83,40122727
2021/9/3,sh.600000,7.84,7.92,7.77,7.84,50781588
2021/9/6,sh.600000,7.82,7.90,7.81,7.82,35627742
2021/9/7,sh.600000,7.82,7.97,7.77,7.93,64051787
2021/9/8,sh.600000,7.93,7.97,7.88,7.93,40941784
2021/9/9,sh.600000,7.91,7.93,7.85,7.89,31951355
2021/9/10,sh.600000,7.91,8.05,7.90,7.99,57250718
2021/9/13,sh.600000,7.96,8.00,7.93,7.97,29373307
2021/9/14,sh.600000,7.97,8.00,7.78,7.82,53934721
2021/9/15,sh.600000,7.82,7.86,7.75,7.80,38064766
2021/9/16,sh.600000,7.81,7.83,7.73,7.74,49199895
2021/9/17,sh.600000,7.73,7.78,7.71,7.73,30233529
2021/9/22,sh.600000,7.64,7.71,7.60,7.66,35054148
2021/9/23,sh.600000,7.72,7.77,7.65,7.66,39639967
2021/9/24,sh.600000,7.67,7.71,7.63,7.66,39925596
2021/9/27,sh.600000,7.66,7.68,7.59,7.66,41708355
2021/9/28,sh.600000,7.62,7.71,7.62,7.66,33340762
2021/9/29,sh.600000,7.65,7.71,7.61,7.66,40008268
2021/9/30,sh.600000,7.66,7.68,7.62,7.64,29190245
2021/10/8,sh.600000,7.68,7.77,7.66,7.71,39080557
2021/10/11,sh.600000,7.74,7.85,7.72,7.77,46632488
2021/10/12,sh.600000,7.74,7.80,7.71,7.76,35725751
2021/10/13,sh.600000,7.76,7.77,7.68,7.70,22538281
2021/10/14,sh.600000,7.70,7.71,7.66,7.67,22584606
2021/10/15,sh.600000,7.68,7.73,7.66,7.70,27525449
2021/10/18,sh.600000,7.69,7.72,7.62,7.66,25964695
2021/10/19,sh.600000,7.66,7.70,7.65,7.65,28636166
2021/10/20,sh.600000,7.66,7.69,7.63,7.66,27482428
2021/10/21,sh.600000,7.68,7.71,7.65,7.67,44074576
2021/10/22,sh.600000,7.70,7.75,7.66,7.70,38669415
2021/10/25,sh.600000,7.66,7.69,7.66,7.66,26585515
2021/10/26,sh.600000,7.69,7.71,7.65,7.66,30751828
2021/10/27,sh.600000,7.65,7.66,7.60,7.63,34197280
2021/10/28,sh.600000,7.63,7.65,7.60,7.60,28165181
2021/10/29,sh.600000,7.60,7.64,7.58,7.59,35990731
2021/11/1,sh.600000,7.38,7.45,7.30,7.40,64940974
2021/11/2,sh.600000,7.39,7.43,7.21,7.25,70034623
2021/11/3,sh.600000,7.29,7.29,7.22,7.24,29785185
2021/11/4,sh.600000,7.24,7.25,7.21,7.22,26148859
2021/11/5,sh.600000,7.22,7.25,7.21,7.24,22913355
2021/11/8,sh.600000,7.20,7.24,7.18,7.21,24353008
2021/11/9,sh.600000,7.21,7.26,7.21,7.25,19548518
2021/11/10,sh.600000,7.24,7.24,7.16,7.20,27478869
2021/11/11,sh.600000,7.20,7.32,7.19,7.32,31419321
2021/11/12,sh.600000,7.33,7.34,7.28,7.34,20498205
2021/11/15,sh.600000,7.35,7.43,7.34,7.43,27625801
2021/11/16,sh.600000,7.38,7.42,7.32,7.41,24030066
2021/11/17,sh.600000,7.36,7.40,7.34,7.34,19301599
2021/11/18,sh.600000,7.31,7.35,7.24,7.26,20465395
2021/11/19,sh.600000,7.26,7.38,7.26,7.34,20471995
2021/11/22,sh.600000,7.32,7.35,7.29,7.30,20983745
2021/11/23,sh.600000,7.31,7.38,7.31,7.32,21502374
2021/11/24,sh.600000,7.31,7.38,7.29,7.37,19342692
2021/11/25,sh.600000,7.37,7.38,7.31,7.33,13169070
2021/11/26,sh.600000,7.31,7.32,7.26,7.26,21199061
2021/11/29,sh.600000,7.27,7.29,7.21,7.29,23746400
2021/11/30,sh.600000,7.25,7.29,7.22,7.22,30900124
2021/12/1,sh.600000,7.24,7.28,7.22,7.26,19333856
2021/12/2,sh.600000,7.26,7.31,7.23,7.28,22906201
2021/12/3,sh.600000,7.28,7.30,7.23,7.29,23848744
2021/12/6,sh.600000,7.29,7.33,7.27,7.30,33882029
2021/12/7,sh.600000,7.38,7.38,7.30,7.37,40016290
2021/12/8,sh.600000,7.38,7.38,7.32,7.36,28605916
2021/12/9,sh.600000,7.38,7.47,7.35,7.43,51186201
2021/12/10,sh.600000,7.41,7.45,7.40,7.44,42494890
2021/12/13,sh.600000,7.46,7.48,7.32,7.34,56234006
2021/12/14,sh.600000,7.33,7.34,7.25,7.27,49389318
2021/12/15,sh.600000,7.25,7.28,7.24,7.26,20664239
2021/12/16,sh.600000,7.26,7.31,7.26,7.30,26899524
2021/12/17,sh.600000,7.31,7.32,7.26,7.26,27269580
2021/12/20,sh.600000,7.26,7.31,7.26,7.28,27786123
2021/12/21,sh.600000,7.26,7.34,7.26,7.31,26310957
2021/12/22,sh.600000,7.32,7.33,7.27,7.27,21618063
2021/12/23,sh.600000,7.28,7.30,7.26,7.28,18901873
2021/12/24,sh.600000,7.28,7.29,7.24,7.25,18252048
2021/12/27,sh.600000,7.25,7.27,7.24,7.26,19527735
2021/12/28,sh.600000,7.26,7.29,7.25,7.27,29833707
2021/12/29,sh.600000,7.27,7.28,7.24,7.25,20050130
2021/12/30,sh.600000,7.25,7.28,7.24,7.25,23272484
2021/12/31,sh.600000,7.25,7.27,7.24,7.24,22929621
2022/1/4,sh.600000,7.25,7.28,7.23,7.27,37707647
2022/1/5,sh.600000,7.27,7.37,7.26,7.33,55459135
2022/1/6,sh.600000,7.35,7.35,7.26,7.27,41031062
2022/1/7,sh.600000,7.27,7.41,7.27,7.39,63018297
2022/1/10,sh.600000,7.40,7.45,7.35,7.40,34055312
2022/1/11,sh.600000,7.42,7.45,7.38,7.41,42646106
2022/1/12,sh.600000,7.43,7.43,7.32,7.38,41240670
2022/1/13,sh.600000,7.41,7.51,7.38,7.40,48923692
2022/1/14,sh.600000,7.40,7.40,7.27,7.29,51060652
2022/1/17,sh.600000,7.27,7.32,7.27,7.27,22177975
2022/1/18,sh.600000,7.28,7.35,7.26,7.32,39995195
2022/1/19,sh.600000,7.32,7.35,7.31,7.33,26257662
2022/1/20,sh.600000,7.35,7.49,7.33,7.47,82842044
2022/1/21,sh.600000,7.45,7.47,7.40,7.43,47572539
2022/1/24,sh.600000,7.46,7.46,7.35,7.38,32489722
2022/1/25,sh.600000,7.37,7.37,7.26,7.26,43312412
2022/1/26,sh.600000,7.27,7.29,7.25,7.27,23481959
2022/1/27,sh.600000,7.26,7.26,7.17,7.17,56281031
2022/1/28,sh.600000,7.20,7.22,7.14,7.14,43993766
2022/2/7,sh.600000,7.20,7.26,7.16,7.23,39988312
2022/2/8,sh.600000,7.24,7.36,7.22,7.34,47572520
2022/2/9,sh.600000,7.33,7.39,7.32,7.33,36223235
2022/2/10,sh.600000,7.35,7.39,7.32,7.38,28716174
2022/2/11,sh.600000,7.38,7.43,7.36,7.42,37682874
2022/2/14,sh.600000,7.38,7.39,7.28,7.30,34727078
2022/2/15,sh.600000,7.29,7.32,7.23,7.26,31680750
2022/2/16,sh.600000,7.28,7.33,7.26,7.29,28609574
2022/2/17,sh.600000,7.30,7.32,7.26,7.26,24533221
2022/2/18,sh.600000,7.26,7.36,7.24,7.36,34384620
2022/2/21,sh.600000,7.33,7.33,7.26,7.30,24334270
2022/2/22,sh.600000,7.27,7.29,7.24,7.28,32497174
2022/2/23,sh.600000,7.29,7.29,7.24,7.25,29476392
2022/2/24,sh.600000,7.25,7.26,7.13,7.16,47703559
2022/2/25,sh.600000,7.16,7.20,7.14,7.15,32239910
2022/2/28,sh.600000,7.16,7.17,7.10,7.12,23393262
2022/3/1,sh.600000,7.12,7.18,7.12,7.16,23540305
2022/3/2,sh.600000,7.14,7.18,7.13,7.15,16708051
2022/3/3,sh.600000,7.16,7.21,7.15,7.18,19864647
2022/3/4,sh.600000,7.16,7.16,7.10,7.13,26395729
2022/3/7,sh.600000,7.11,7.13,7.03,7.04,37177243
2022/3/8,sh.600000,7.04,7.04,6.83,6.86,46688059
2022/3/9,sh.600000,6.88,6.90,6.59,6.70,46035702
2022/3/10,sh.600000,6.80,6.83,6.72,6.72,25181489
2022/3/11,sh.600000,6.70,6.81,6.59,6.80,33286005
2022/3/14,sh.600000,6.75,6.79,6.70,6.71,22770866
2022/3/15,sh.600000,6.72,6.73,6.46,6.48,48962295
2022/3/16,sh.600000,6.53,6.62,6.38,6.59,41520083
2022/3/17,sh.600000,6.66,6.66,6.54,6.57,41495556
2022/3/18,sh.600000,6.56,6.71,6.54,6.70,53179530
2022/3/21,sh.600000,6.65,6.65,6.56,6.59,38823962
2022/3/22,sh.600000,6.59,6.69,6.58,6.65,28224469
2022/3/23,sh.600000,6.65,6.65,6.59,6.62,25553686
2022/3/24,sh.600000,6.60,6.65,6.59,6.62,16687677
2022/3/25,sh.600000,6.62,6.67,6.60,6.62,16474442
2022/3/28,sh.600000,6.62,6.68,6.54,6.67,28783984
2022/3/29,sh.600000,6.65,6.67,6.62,6.64,22516978
2022/3/30,sh.600000,6.65,6.72,6.64,6.72,29854369
2022/3/31,sh.600000,6.70,6.81,6.67,6.79,25969772
2022/4/1,sh.600000,6.75,6.85,6.74,6.85,31881345
2022/4/6,sh.600000,6.79,6.94,6.79,6.93,42546117
2022/4/7,sh.600000,6.93,6.94,6.84,6.85,31712143
2022/4/8,sh.600000,6.85,6.89,6.81,6.88,24089173
2022/4/11,sh.600000,6.88,6.88,6.76,6.80,30015679
2022/4/12,sh.600000,6.81,6.92,6.77,6.88,31331939
2022/4/13,sh.600000,6.87,6.91,6.83,6.87,18501150
2022/4/14,sh.600000,6.88,6.92,6.87,6.88,18973150
2022/4/15,sh.600000,6.88,6.94,6.87,6.92,21811956
2022/4/18,sh.600000,6.89,6.91,6.80,6.81,21022369
2022/4/19,sh.600000,6.82,6.91,6.81,6.91,24564490
2022/4/20,sh.600000,6.90,6.92,6.86,6.88,19143935
2022/4/21,sh.600000,6.86,6.93,6.78,6.85,29228035
2022/4/22,sh.600000,6.80,6.89,6.80,6.87,27612017
2022/4/25,sh.600000,6.81,6.87,6.63,6.64,53311550
2022/4/26,sh.600000,6.65,6.78,6.61,6.68,38204259
2022/4/27,sh.600000,6.71,6.75,6.63,6.65,38688614
2022/4/28,sh.600000,6.67,6.78,6.67,6.78,45175169
2022/4/29,sh.600000,6.77,6.84,6.67,6.81,44512846
2022/5/5,sh.600000,6.81,6.86,6.76,6.78,29133140
2022/5/6,sh.600000,6.74,6.77,6.64,6.66,31795578
2022/5/9,sh.600000,6.66,6.67,6.62,6.64,16035420
2022/5/10,sh.600000,6.62,6.70,6.54,6.66,32991018
2022/5/11,sh.600000,6.65,6.70,6.63,6.67,25116815
2022/5/12,sh.600000,6.65,6.71,6.65,6.68,22352229
2022/5/13,sh.600000,6.71,6.83,6.70,6.83,37343358
2022/5/16,sh.600000,6.83,6.85,6.73,6.76,20990826
2022/5/17,sh.600000,6.80,6.82,6.75,6.81,18714191
2022/5/18,sh.600000,6.77,6.80,6.72,6.75,19463913
2022/5/19,sh.600000,6.72,6.77,6.70,6.71,19904191
2022/5/20,sh.600000,6.74,6.83,6.72,6.82,32699572
2022/5/23,sh.600000,6.84,6.84,6.75,6.75,25527572
2022/5/24,sh.600000,6.76,6.76,6.68,6.69,26028514
2022/5/25,sh.600000,6.72,6.73,6.66,6.69,21003364
2022/5/26,sh.600000,6.70,6.72,6.65,6.70,23401589
2022/5/27,sh.600000,6.72,6.80,6.69,6.79,31755338
2022/5/30,sh.600000,6.80,6.81,6.68,6.69,35696257
2022/5/31,sh.600000,6.70,6.77,6.69,6.74,31750884
2022/6/1,sh.600000,6.74,6.74,6.70,6.71,18401941
2022/6/2,sh.600000,6.70,6.71,6.68,6.70,18931116
2022/6/6,sh.600000,6.68,6.70,6.64,6.67,33010527
2022/6/7,sh.600000,6.65,6.70,6.65,6.69,30623076
2022/6/8,sh.600000,6.68,6.69,6.65,6.67,39555666
2022/6/9,sh.600000,6.67,6.76,6.65,6.75,60606956
2022/6/10,sh.600000,6.73,6.83,6.70,6.73,123446198
2022/6/13,sh.600000,6.71,6.73,6.57,6.59,104597235
2022/6/14,sh.600000,6.57,6.70,6.56,6.68,55047795
2022/6/15,sh.600000,6.67,6.90,6.66,6.81,112759058
2022/6/16,sh.600000,6.83,6.86,6.72,6.72,56889689
2022/6/17,sh.600000,6.71,6.79,6.70,6.76,35612494
2022/6/20,sh.600000,6.75,6.77,6.71,6.71,30065154
2022/6/21,sh.600000,6.72,6.77,6.72,6.76,23245677
2022/6/22,sh.600000,6.76,6.76,6.71,6.72,20635582
2022/6/23,sh.600000,6.74,6.76,6.71,6.76,23255144
2022/6/24,sh.600000,6.76,6.77,6.73,6.75,23665322
2022/6/27,sh.600000,6.75,6.80,6.74,6.76,24067719
2022/6/28,sh.600000,6.76,6.82,6.76,6.82,25729078
2022/6/29,sh.600000,6.80,6.84,6.79,6.83,30299747
2022/6/30,sh.600000,6.83,6.84,6.79,6.80,23369617
2022/7/1,sh.600000,6.80,6.82,6.77,6.78,17846787
2022/7/4,sh.600000,6.78,6.79,6.74,6.76,18222009
2022/7/5,sh.600000,6.76,6.79,6.74,6.77,21322243
2022/7/6,sh.600000,6.76,6.77,6.68,6.70,28829658
2022/7/7,sh.600000,6.69,6.72,6.67,6.68,18636395
2022/7/8,sh.600000,6.70,6.70,6.68,6.69,12379190
2022/7/11,sh.600000,6.68,6.70,6.67,6.68,16195472
2022/7/12,sh.600000,6.67,6.74,6.67,6.71,19889798
2022/7/13,sh.600000,6.73,6.74,6.66,6.66,30506523
2022/7/14,sh.600000,6.65,6.67,6.58,6.61,40565878
2022/7/15,sh.600000,6.59,6.62,6.49,6.51,47127632
2022/7/18,sh.600000,6.52,6.61,6.52,6.61,25164232
2022/7/19,sh.600000,6.61,6.64,6.59,6.63,28872304
2022/7/20,sh.600000,6.66,6.66,6.59,6.61,39713402
2022/7/21,sh.600000,6.63,6.64,6.57,6.57,41541585
2022/7/22,sh.600000,6.58,6.61,6.58,6.58,19660796
2022/7/25,sh.600000,6.57,6.61,6.57,6.58,17093960
2022/7/26,sh.600000,6.59,6.62,6.58,6.61,18730569
2022/7/27,sh.600000,6.59,6.60,6.57,6.58,17036417
2022/7/28,sh.600000,6.58,6.60,6.56,6.57,21524372
2022/7/29,sh.600000,6.58,6.58,6.48,6.50,43873316
2022/8/1,sh.600000,6.50,6.52,6.46,6.48,24438011
2022/8/2,sh.600000,6.47,6.47,6.33,6.40,40986083
2022/8/3,sh.600000,6.39,6.42,6.33,6.33,28144846
2022/8/4,sh.600000,6.35,6.36,6.32,6.35,21294463
2022/8/5,sh.600000,6.35,6.43,6.34,6.41,22554203
2022/8/8,sh.600000,6.42,6.43,6.38,6.38,12981219
2022/8/9,sh.600000,6.39,6.41,6.36,6.38,13023820
2022/8/10,sh.600000,6.38,6.39,6.34,6.35,11674742
2022/8/11,sh.600000,6.38,6.44,6.36,6.43,21910821
2022/8/12,sh.600000,6.44,6.50,6.42,6.49,22253354
2022/8/15,sh.600000,6.49,6.53,6.45,6.46,20451392
2022/8/16,sh.600000,6.46,6.50,6.43,6.44,17910142
2022/8/17,sh.600000,6.46,6.54,6.43,6.52,20980840
2022/8/18,sh.600000,6.51,6.51,6.44,6.46,12991819
2022/8/19,sh.600000,6.43,6.52,6.43,6.45,17544569
2022/8/22,sh.600000,6.43,6.49,6.41,6.48,13776616
2022/8/23,sh.600000,6.46,6.47,6.42,6.42,15047471
2022/8/24,sh.600000,6.42,6.47,6.40,6.41,16855765
2022/8/25,sh.600000,6.41,6.47,6.41,6.45,15772556
2022/8/26,sh.600000,6.48,6.50,6.43,6.47,17576235
2022/8/29,sh.600000,6.41,6.46,6.38,6.41,27600324
2022/8/30,sh.600000,6.40,6.45,6.39,6.44,22541928
2022/8/31,sh.600000,6.42,6.52,6.41,6.51,39566130
2022/9/1,sh.600000,6.48,6.53,6.45,6.48,23298388
2022/9/2,sh.600000,6.49,6.51,6.45,6.46,19975499
2022/9/5,sh.600000,6.43,6.51,6.40,6.50,26646247
2022/9/6,sh.600000,6.49,6.54,6.49,6.50,21866681
2022/9/7,sh.600000,6.48,6.50,6.47,6.47,16568470
2022/9/8,sh.600000,6.49,6.51,6.47,6.49,14478347
2022/9/9,sh.600000,6.51,6.58,6.49,6.55,32423037
2022/9/13,sh.600000,6.52,6.59,6.51,6.58,23795140
2022/9/14,sh.600000,6.53,6.58,6.51,6.52,18649011
2022/9/15,sh.600000,6.53,6.60,6.52,6.56,31940343
2022/9/16,sh.600000,6.54,6.56,6.40,6.40,33979138
2022/9/19,sh.600000,6.41,6.45,6.36,6.41,22388073
2022/9/20,sh.600000,6.41,6.43,6.36,6.37,22247046
2022/9/21,sh.600000,6.36,6.41,6.34,6.39,20026161
2022/9/22,sh.600000,6.37,6.40,6.34,6.38,19540404
2022/9/23,sh.600000,6.38,6.43,6.35,6.41,21806262
2022/9/26,sh.600000,6.38,6.42,6.32,6.32,29503476
2022/9/27,sh.600000,6.31,6.35,6.29,6.33,20128163
2022/9/28,sh.600000,6.32,6.38,6.29,6.34,25197590
2022/9/29,sh.600000,6.37,6.39,6.23,6.26,37072647
2022/9/30,sh.600000,6.29,6.33,6.26,6.31,21572691
2022/10/10,sh.600000,6.31,6.35,6.28,6.30,20028296
2022/10/11,sh.600000,6.33,6.34,6.27,6.28,18613647
2022/10/12,sh.600000,6.28,6.32,6.24,6.32,20354488
2022/10/13,sh.600000,6.30,6.31,6.24,6.27,24107256
2022/10/14,sh.600000,6.30,6.33,6.28,6.30,27342763
2022/10/17,sh.600000,6.32,6.32,6.27,6.29,20616536
2022/10/18,sh.600000,6.31,6.32,6.28,6.29,21908675
2022/10/19,sh.600000,6.29,6.31,6.24,6.24,17988215
2022/10/20,sh.600000,6.24,6.27,6.24,6.24,19765093
2022/10/21,sh.600000,6.26,6.29,6.19,6.20,24567888
2022/10/24,sh.600000,6.21,6.22,6.09,6.10,38610105
2022/10/25,sh.600000,6.16,6.16,6.09,6.13,26539881
2022/10/26,sh.600000,6.12,6.15,6.09,6.11,20377311
2022/10/27,sh.600000,6.12,6.15,6.10,6.11,21293652
2022/10/28,sh.600000,6.13,6.15,6.05,6.09,28234295
2022/10/31,sh.600000,6.03,6.05,5.94,5.95,32237373
2022/11/1,sh.600000,5.98,6.04,5.96,6.04,27035074
2022/11/2,sh.600000,6.00,6.04,5.97,6.01,24034116
2022/11/3,sh.600000,6.01,6.01,5.95,5.97,21251911
2022/11/4,sh.600000,5.96,6.09,5.95,6.08,32665677
2022/11/7,sh.600000,6.05,6.12,6.04,6.10,16269623
2022/11/8,sh.600000,6.12,6.12,6.06,6.08,15282862
2022/11/9,sh.600000,6.06,6.11,6.06,6.08,13127494
2022/11/10,sh.600000,6.05,6.09,6.04,6.07,12601008
2022/11/11,sh.600000,6.12,6.25,6.12,6.22,40237053
2022/11/14,sh.600000,6.25,6.35,6.24,6.30,43777420
2022/11/15,sh.600000,6.28,6.35,6.27,6.32,25212063
2022/11/16,sh.600000,6.30,6.32,6.28,6.30,17398102
2022/11/17,sh.600000,6.29,6.29,6.23,6.25,22026825
2022/11/18,sh.600000,6.26,6.27,6.19,6.19,22662930
2022/11/21,sh.600000,6.18,6.19,6.12,6.16,22374965
2022/11/22,sh.600000,6.17,6.31,6.17,6.29,33424530
2022/11/23,sh.600000,6.28,6.38,6.26,6.32,36694389
2022/11/24,sh.600000,6.32,6.40,6.30,6.30,21534531
2022/11/25,sh.600000,6.31,6.43,6.31,6.42,43033799
2022/11/28,sh.600000,6.36,6.36,6.25,6.33,37873189
2022/11/29,sh.600000,6.36,6.54,6.34,6.51,68171227
2022/11/30,sh.600000,6.49,6.54,6.47,6.47,32346981
2022/12/1,sh.600000,6.52,6.58,6.46,6.47,30040435
2022/12/2,sh.600000,6.49,6.49,6.42,6.48,25722026
2022/12/5,sh.600000,6.52,6.60,6.49,6.59,47367357
2022/12/6,sh.600000,6.56,6.62,6.54,6.59,30550306
2022/12/7,sh.600000,6.58,6.63,6.54,6.58,31176550
2022/12/8,sh.600000,6.56,6.62,6.55,6.61,25551776
2022/12/9,sh.600000,6.60,6.62,6.54,6.56,38192346
2022/12/12,sh.600000,6.55,6.59,6.48,6.50,26708550
2022/12/13,sh.600000,6.51,6.58,6.49,6.56,18253626
2022/12/14,sh.600000,6.60,6.60,6.50,6.56,16180635
2022/12/15,sh.600000,6.52,6.56,6.48,6.49,17471770
2022/12/16,sh.600000,6.49,6.58,6.48,6.58,31704629
2022/12/19,sh.600000,6.60,6.60,6.46,6.49,20432546
2022/12/20,sh.600000,6.48,6.52,6.39,6.40,24800259
2022/12/21,sh.600000,6.47,6.49,6.39,6.44,17252934
2022/12/22,sh.600000,6.52,6.55,6.45,6.49,18662641
2022/12/23,sh.600000,6.44,6.51,6.42,6.44,12958464
2022/12/26,sh.600000,6.44,6.46,6.34,6.36,20138533
2022/12/27,sh.600000,6.39,6.53,6.38,6.47,24065192
2022/12/28,sh.600000,6.47,6.54,6.45,6.54,20901364
2022/12/29,sh.600000,6.51,6.53,6.43,6.49,18367088
2022/12/30,sh.600000,6.48,6.54,6.47,6.52,20352397
2023/1/3,sh.600000,6.51,6.52,6.42,6.48,25892521
2023/1/4,sh.600000,6.51,6.58,6.48,6.55,30947081
2023/1/5,sh.600000,6.60,6.61,6.54,6.58,30162154
2023/1/6,sh.600000,6.58,6.61,6.55,6.58,20312881
2023/1/9,sh.600000,6.61,6.61,6.54,6.58,19612260
2023/1/10,sh.600000,6.58,6.58,6.52,6.52,16194647
2023/1/11,sh.600000,6.55,6.58,6.51,6.54,19215541
2023/1/12,sh.600000,6.57,6.58,6.49,6.51,16849908
2023/1/13,sh.600000,6.53,6.58,6.51,6.58,21770211
2023/1/16,sh.600000,6.58,6.61,6.52,6.57,36816941
2023/1/17,sh.600000,6.58,6.58,6.51,6.54,24222613
2023/1/18,sh.600000,6.55,6.57,6.51,6.55,24494551
2023/1/19,sh.600000,6.55,6.57,6.50,6.57,16713352
2023/1/20,sh.600000,6.58,6.59,6.56,6.59,20986958
2023/1/30,sh.600000,6.66,6.66,6.60,6.63,31810739
2023/1/31,sh.600000,6.65,6.67,6.60,6.60,28438220
2023/2/1,sh.600000,6.63,6.63,6.57,6.59,18659542
2023/2/2,sh.600000,6.62,6.62,6.56,6.59,21900191
2023/2/3,sh.600000,6.57,6.58,6.51,6.51,29885527
2023/2/6,sh.600000,6.49,6.49,6.46,6.49,22786780
2023/2/7,sh.600000,6.51,6.51,6.47,6.49,15481821
2023/2/8,sh.600000,6.49,6.51,6.47,6.48,13095025
2023/2/9,sh.600000,6.48,6.52,6.47,6.50,10895965
2023/2/10,sh.600000,6.49,6.51,6.47,6.49,11944106
2023/2/13,sh.600000,6.47,6.50,6.43,6.48,20449779
2023/2/14,sh.600000,6.49,6.50,6.48,6.49,11929853
2023/2/15,sh.600000,6.49,6.49,6.44,6.45,15467693
2023/2/16,sh.600000,6.46,6.50,6.43,6.44,18798353
2023/2/17,sh.600000,6.44,6.47,6.39,6.39,21148914
2023/2/20,sh.600000,6.41,6.51,6.41,6.50,25613504
2023/2/21,sh.600000,6.50,6.54,6.48,6.53,16234446
2023/2/22,sh.600000,6.52,6.53,6.49,6.49,12971392
2023/2/23,sh.600000,6.49,6.52,6.48,6.48,11436536
2023/2/24,sh.600000,6.47,6.50,6.43,6.43,16681114
2023/2/27,sh.600000,6.41,6.45,6.41,6.41,15800639
2023/2/28,sh.600000,6.43,6.45,6.40,6.43,17448100
2023/3/1,sh.600000,6.42,6.51,6.42,6.50,25661325
2023/3/2,sh.600000,6.48,6.53,6.48,6.51,17070002
2023/3/3,sh.600000,6.53,6.59,6.50,6.58,31094168
2023/3/6,sh.600000,6.58,6.60,6.55,6.57,24939950
2023/3/7,sh.600000,6.56,6.68,6.54,6.55,56642781
2023/3/8,sh.600000,6.54,6.56,6.49,6.55,19059038
2023/3/9,sh.600000,6.55,6.58,6.49,6.51,18993344
2023/3/10,sh.600000,6.49,6.50,6.41,6.41,27843826
2023/3/13,sh.600000,6.32,6.35,6.30,6.32,51314997
2023/3/14,sh.600000,6.32,6.33,6.27,6.29,32453388
2023/3/15,sh.600000,6.33,6.36,6.32,6.34,25072976
2023/3/16,sh.600000,6.34,6.42,6.32,6.38,28501314
2023/3/17,sh.600000,6.40,6.47,6.36,6.37,36328142
2023/3/20,sh.600000,6.36,6.47,6.36,6.39,26292154
2023/3/21,sh.600000,6.41,6.45,6.39,6.39,18977675
2023/3/22,sh.600000,6.41,6.44,6.40,6.43,16988375
2023/3/23,sh.600000,6.41,6.47,6.40,6.46,21506296
2023/3/24,sh.600000,6.44,6.49,6.43,6.46,25687826
2023/3/27,sh.600000,6.48,6.48,6.41,6.41,19141397
2023/3/28,sh.600000,6.41,6.44,6.40,6.43,16641290
2023/3/29,sh.600000,6.48,6.48,6.41,6.41,12685806
2023/3/30,sh.600000,6.43,6.46,6.38,6.44,22504756
2023/3/31,sh.600000,6.44,6.49,6.42,6.44,20048925
2023/4/3,sh.600000,6.44,6.46,6.41,6.44,20246596
2023/4/4,sh.600000,6.44,6.47,6.41,6.46,25718197
2023/4/6,sh.600000,6.46,6.47,6.43,6.43,14740291
2023/4/7,sh.600000,6.44,6.49,6.41,6.48,17465820
2023/4/10,sh.600000,6.46,6.49,6.44,6.46,17548307
2023/4/11,sh.600000,6.48,6.48,6.43,6.43,20191251
2023/4/12,sh.600000,6.45,6.48,6.42,6.46,19475694
2023/4/13,sh.600000,6.47,6.53,6.45,6.49,25779019
2023/4/14,sh.600000,6.52,6.55,6.49,6.51,25074604
2023/4/17,sh.600000,6.50,6.63,6.50,6.62,36027756
2023/4/18,sh.600000,6.61,6.80,6.60,6.75,77412335
2023/4/19,sh.600000,6.71,6.79,6.66,6.75,52269783
2023/4/20,sh.600000,6.72,6.89,6.72,6.88,72340661
2023/4/21,sh.600000,6.87,6.92,6.78,6.80,50258973
2023/4/24,sh.600000,6.80,6.84,6.69,6.71,43348471
2023/4/25,sh.600000,6.75,6.83,6.74,6.77,42805282
2023/4/26,sh.600000,6.77,6.77,6.65,6.68,50919367
2023/4/27,sh.600000,6.70,6.73,6.65,6.70,49269460
2023/4/28,sh.600000,6.69,6.85,6.69,6.81,38841289
2023/5/4,sh.600000,6.70,6.94,6.58,6.88,75866605
2023/5/5,sh.600000,6.88,7.08,6.86,6.95,67991125
2023/5/8,sh.600000,6.96,7.32,6.95,7.23,143117862
2023/5/9,sh.600000,7.29,7.36,7.11,7.13,122058988
2023/5/10,sh.600000,7.10,7.12,6.85,6.90,87338919
2023/5/11,sh.600000,6.92,6.99,6.85,6.87,43135406
2023/5/12,sh.600000,6.90,6.91,6.79,6.83,55003725
2023/5/15,sh.600000,6.83,6.91,6.73,6.89,49175572
2023/5/16,sh.600000,6.90,6.97,6.84,6.87,41397733
2023/5/17,sh.600000,6.87,6.89,6.79,6.82,29442573
2023/5/18,sh.600000,6.84,6.94,6.82,6.88,38714402
2023/5/19,sh.600000,6.87,6.87,6.74,6.75,35072548
2023/5/22,sh.600000,6.79,6.81,6.74,6.75,21174297
2023/5/23,sh.600000,6.75,6.80,6.67,6.67,29213715
2023/5/24,sh.600000,6.66,6.67,6.53,6.53,45145900
2023/5/25,sh.600000,6.50,6.57,6.49,6.55,34408974
2023/5/26,sh.600000,6.55,6.59,6.49,6.56,18912850
2023/5/29,sh.600000,6.56,6.68,6.55,6.64,29624085
2023/5/30,sh.600000,6.65,6.67,6.54,6.60,26942819
2023/5/31,sh.600000,6.60,6.60,6.53,6.58,26569353
2023/6/1,sh.600000,6.57,6.58,6.50,6.52,30606250
2023/6/2,sh.600000,6.53,6.59,6.53,6.58,20697156
2023/6/5,sh.600000,6.58,6.66,6.55,6.64,21286683
2023/6/6,sh.600000,6.64,6.75,6.59,6.61,33736363
2023/6/7,sh.600000,6.63,6.72,6.63,6.68,21593403
2023/6/8,sh.600000,6.71,6.80,6.66,6.78,27634633
2023/6/9,sh.600000,6.78,6.81,6.75,6.77,22288077
2023/6/12,sh.600000,6.75,6.75,6.66,6.66,20300133
2023/6/13,sh.600000,6.66,6.70,6.63,6.68,15724325
2023/6/14,sh.600000,6.70,6.73,6.63,6.63,17986091
2023/6/15,sh.600000,6.66,6.71,6.62,6.67,20936996
2023/6/16,sh.600000,6.67,6.69,6.62,6.66,26908579
2023/6/19,sh.600000,6.64,6.65,6.58,6.58,17368652
2023/6/20,sh.600000,6.59,6.60,6.53,6.53,20417397
2023/6/21,sh.600000,6.53,6.60,6.51,6.51,20122147
2023/6/26,sh.600000,6.51,6.52,6.40,6.41,34007942
2023/6/27,sh.600000,6.41,6.48,6.40,6.44,18412655
2023/6/28,sh.600000,6.45,6.47,6.41,6.46,15806614
2023/6/29,sh.600000,6.46,6.49,6.43,6.43,21627405
2023/6/30,sh.600000,6.42,6.51,6.42,6.49,19425283
2023/7/3,sh.600000,6.49,6.57,6.49,6.56,20873751
2023/7/4,sh.600000,6.54,6.57,6.48,6.52,17447358
2023/7/5,sh.600000,6.50,6.52,6.46,6.49,11396554
2023/7/6,sh.600000,6.49,6.51,6.44,6.46,14827400
2023/7/7,sh.600000,6.46,6.49,6.43,6.47,14748837
2023/7/10,sh.600000,6.47,6.49,6.45,6.47,11410653
2023/7/11,sh.600000,6.50,6.53,6.48,6.52,14074191
2023/7/12,sh.600000,6.52,6.56,6.49,6.49,14414543
2023/7/13,sh.600000,6.54,6.63,6.51,6.63,26925447
2023/7/14,sh.600000,6.65,6.67,6.61,6.67,19569658
2023/7/17,sh.600000,6.67,6.67,6.58,6.65,13992076
2023/7/18,sh.600000,6.65,6.65,6.60,6.62,12026567
2023/7/19,sh.600000,6.59,6.66,6.59,6.64,18189577
2023/7/20,sh.600000,6.66,6.70,6.63,6.65,26686817
2023/7/21,sh.600000,6.65,6.69,6.62,6.67,27661416
2023/7/24,sh.600000,6.63,6.70,6.62,6.68,25840210
2023/7/25,sh.600000,6.72,6.82,6.71,6.81,31444763
2023/7/26,sh.600000,6.82,6.87,6.80,6.82,22818033
2023/7/27,sh.600000,6.86,6.93,6.82,6.90,26198753
2023/7/28,sh.600000,6.86,7.04,6.86,7.02,46528827
2023/7/31,sh.600000,7.07,7.15,7.04,7.12,52804227
2023/8/1,sh.600000,7.10,7.14,7.06,7.12,30934266
2023/8/2,sh.600000,7.08,7.11,6.96,7.00,42654533
2023/8/3,sh.600000,7.04,7.10,6.97,7.08,29329503
2023/8/4,sh.600000,7.11,7.16,7.06,7.10,34256817
2023/8/7,sh.600000,7.09,7.09,7.01,7.04,26012874
2023/8/8,sh.600000,6.99,7.07,6.96,7.04,27001247
2023/8/9,sh.600000,7.02,7.07,6.99,7.07,17792571
2023/8/10,sh.600000,6.97,6.98,6.88,6.95,52865300
2023/8/11,sh.600000,6.97,6.97,6.77,6.77,37051127
2023/8/14,sh.600000,6.72,6.74,6.60,6.65,44245535
2023/8/15,sh.600000,6.67,6.73,6.64,6.71,31218657
2023/8/16,sh.600000,6.69,6.73,6.67,6.68,22953985
2023/8/17,sh.600000,6.68,6.68,6.60,6.65,37202484
2023/8/18,sh.600000,6.65,6.71,6.62,6.62,28150555
2023/8/21,sh.600000,6.61,6.66,6.52,6.52,42517681
2023/8/22,sh.600000,6.53,6.59,6.53,6.56,32939985
2023/8/23,sh.600000,6.56,6.64,6.53,6.57,30151367
2023/8/24,sh.600000,6.58,6.61,6.53,6.54,24604979
2023/8/25,sh.600000,6.54,6.64,6.53,6.60,24703830
2023/8/28,sh.600000,6.83,6.85,6.67,6.69,66648091
2023/8/29,sh.600000,6.74,6.74,6.58,6.62,50437460
2023/8/30,sh.600000,6.65,6.65,6.56,6.58,28718303
2023/8/31,sh.600000,6.58,6.64,6.53,6.53,32933152
2023/9/1,sh.600000,6.54,6.59,6.54,6.56,21792955
2023/9/4,sh.600000,6.61,6.68,6.58,6.66,36814307
2023/9/5,sh.600000,6.65,6.67,6.58,6.59,22326770
2023/9/6,sh.600000,6.57,6.64,6.57,6.64,16736457
2023/9/7,sh.600000,6.64,6.65,6.57,6.59,20271873
2023/9/8,sh.600000,6.58,6.60,6.55,6.55,18416554
2023/9/11,sh.600000,6.57,6.64,6.55,6.59,24884950
2023/9/12,sh.600000,6.58,6.62,6.58,6.61,20976211
2023/9/13,sh.600000,6.64,6.65,6.59,6.60,20049817
2023/9/14,sh.600000,6.63,6.67,6.61,6.66,35579855
2023/9/15,sh.600000,6.67,6.70,6.62,6.67,34081942
2023/9/18,sh.600000,6.64,6.65,6.58,6.62,22282093
2023/9/19,sh.600000,6.63,6.68,6.60,6.68,28234575
2023/9/20,sh.600000,6.67,6.69,6.63,6.68,16303047
2023/9/21,sh.600000,6.68,6.71,6.64,6.65,27306965
2023/9/22,sh.600000,6.65,6.72,6.62,6.72,32181271
2023/9/25,sh.600000,6.72,6.74,6.68,6.70,30717443
2023/9/26,sh.600000,6.71,6.73,6.67,6.69,21886050
2023/9/27,sh.600000,6.73,6.73,6.66,6.68,32067290
2023/9/28,sh.600000,6.69,6.71,6.65,6.65,22435320
2023/10/9,sh.600000,6.63,6.63,6.55,6.58,27763130
2023/10/10,sh.600000,6.68,6.68,6.56,6.56,24095561
2023/10/11,sh.600000,6.61,6.63,6.56,6.57,24057412
2023/10/12,sh.600000,6.64,6.71,6.61,6.68,36346964
2023/10/13,sh.600000,6.66,6.69,6.63,6.65,19650410
2023/10/16,sh.600000,6.67,6.68,6.59,6.62,24907733
2023/10/17,sh.600000,6.64,6.65,6.60,6.64,19029143
2023/10/18,sh.600000,6.62,6.66,6.60,6.60,21485721
2023/10/19,sh.600000,6.59,6.60,6.39,6.40,61679771
2023/10/20,sh.600000,6.38,6.49,6.37,6.43,31067950
2023/10/23,sh.600000,6.43,6.45,6.37,6.39,23824321
2023/10/24,sh.600000,6.41,6.42,6.38,6.38,28129297
2023/10/25,sh.600000,6.42,6.49,6.39,6.49,26841192
2023/10/26,sh.600000,6.49,6.57,6.45,6.52,24739484
2023/10/27,sh.600000,6.52,6.57,6.50,6.54,19465758
2023/10/30,sh.600000,6.42,6.45,6.34,6.37,52388866
2023/10/31,sh.600000,6.36,6.40,6.35,6.38,26173217
2023/11/1,sh.600000,6.39,6.44,6.37,6.42,28272210
2023/11/2,sh.600000,6.46,6.51,6.42,6.50,24611088
2023/11/3,sh.600000,6.50,6.51,6.45,6.45,22202536
2023/11/6,sh.600000,6.45,6.52,6.45,6.50,19432835
2023/11/7,sh.600000,6.48,6.50,6.45,6.47,15913010
2023/11/8,sh.600000,6.46,6.48,6.43,6.46,17761233
2023/11/9,sh.600000,6.46,6.52,6.44,6.49,21910350
2023/11/10,sh.600000,6.47,6.52,6.42,6.44,20458993
2023/11/13,sh.600000,6.44,6.46,6.38,6.44,14168068
2023/11/14,sh.600000,6.43,6.47,6.43,6.44,13777480
2023/11/15,sh.600000,6.49,6.54,6.47,6.52,24340030
2023/11/16,sh.600000,6.53,6.53,6.48,6.49,14412881
2023/11/17,sh.600000,6.50,6.50,6.41,6.42,20775396
2023/11/20,sh.600000,6.44,6.48,6.39,6.47,18326582
2023/11/21,sh.600000,6.50,6.55,6.48,6.52,29684278
2023/11/22,sh.600000,6.53,6.54,6.50,6.50,17540802
2023/11/23,sh.600000,6.49,6.52,6.45,6.49,15742059
2023/11/24,sh.600000,6.49,6.53,6.48,6.51,20165282
2023/11/27,sh.600000,6.52,6.53,6.42,6.46,23107698
2023/11/28,sh.600000,6.48,6.48,6.42,6.43,18249280
2023/11/29,sh.600000,6.44,6.44,6.37,6.38,28416567
2023/11/30,sh.600000,6.38,6.45,6.38,6.41,31711200
2023/12/1,sh.600000,6.41,6.46,6.38,6.41,28946191
2023/12/4,sh.600000,6.42,6.43,6.38,6.38,18858701
2023/12/5,sh.600000,6.38,6.38,6.26,6.28,34604936
2023/12/6,sh.600000,6.27,6.28,6.19,6.19,39833177
2023/12/7,sh.600000,6.19,6.22,6.11,6.19,30541661
2023/12/8,sh.600000,6.18,6.25,6.16,6.24,29519687
2023/12/11,sh.600000,6.22,6.29,6.11,6.29,33616409
2023/12/12,sh.600000,6.25,6.30,6.22,6.28,17003582
2023/12/13,sh.600000,6.27,6.32,6.24,6.28,28683394
2023/12/14,sh.600000,6.27,6.29,6.21,6.22,19863107
2023/12/15,sh.600000,6.24,6.27,6.15,6.15,33702985
2023/12/18,sh.600000,6.15,6.19,6.09,6.16,27523762
2023/12/19,sh.600000,6.16,6.17,6.11,6.14,18988512
2023/12/20,sh.600000,6.16,6.20,6.11,6.11,19369874
2023/12/21,sh.600000,6.10,6.17,6.08,6.15,28140927
2023/12/22,sh.600000,6.15,6.19,6.11,6.16,23589282
2023/12/25,sh.600000,6.14,6.19,6.13,6.16,12904349
2023/12/26,sh.600000,6.15,6.18,6.12,6.14,11934542
2023/12/27,sh.600000,6.14,6.19,6.09,6.18,18422704
2023/12/28,sh.600000,6.18,6.26,6.17,6.25,34802733
2023/12/29,sh.600000,6.24,6.27,6.19,6.20,33801429
2024/1/2,sh.600000,6.21,6.23,6.18,6.18,22066700
2024/1/3,sh.600000,6.17,6.23,6.17,6.22,18203654
2024/1/4,sh.600000,6.22,6.24,6.13,6.20,28885978
2024/1/5,sh.600000,6.18,6.33,6.17,6.25,44421387
2024/1/8,sh.600000,6.25,6.28,6.14,6.17,37520337
2024/1/9,sh.600000,6.18,6.22,6.12,6.19,30741897
2024/1/10,sh.600000,6.19,6.21,6.15,6.15,22240946
2024/1/11,sh.600000,6.14,6.17,6.10,6.11,35914708
2024/1/12,sh.600000,6.10,6.14,6.09,6.09,34624053
2024/1/15,sh.600000,6.09,6.12,6.06,6.09,28694155
2024/1/16,sh.600000,6.08,6.18,6.08,6.17,53186496
2024/1/17,sh.600000,6.16,6.20,6.10,6.11,48249869
2024/1/18,sh.600000,6.11,6.16,5.95,6.14,73994422
2024/1/19,sh.600000,6.10,6.20,6.06,6.17,57640079
2024/1/22,sh.600000,6.16,6.24,6.11,6.17,67173480
2024/1/23,sh.600000,6.16,6.23,6.09,6.20,33298531
2024/1/24,sh.600000,6.22,6.30,6.18,6.28,53746498
2024/1/25,sh.600000,6.30,6.37,6.27,6.34,50256871
2024/1/26,sh.600000,6.35,6.47,6.32,6.43,70997933
2024/1/29,sh.600000,6.42,6.53,6.41,6.46,55269921
2024/1/30,sh.600000,6.46,6.51,6.38,6.39,40737046
2024/1/31,sh.600000,6.38,6.44,6.31,6.39,45661999
2024/2/1,sh.600000,6.39,6.44,6.35,6.37,44252421
2024/2/2,sh.600000,6.38,6.48,6.29,6.40,59482913
2024/2/5,sh.600000,6.40,6.48,6.33,6.45,82713695
2024/2/6,sh.600000,6.45,6.55,6.42,6.55,71683218
2024/2/7,sh.600000,6.57,6.58,6.41,6.50,83731296
2024/2/8,sh.600000,6.51,6.53,6.38,6.52,67164744
2024/2/19,sh.600000,6.53,6.68,6.51,6.67,57869788
2024/2/20,sh.600000,6.68,6.69,6.61,6.65,32408954
2024/2/21,sh.600000,6.66,6.85,6.64,6.78,58809554
2024/2/22,sh.600000,6.78,6.81,6.72,6.75,33665209
2024/2/23,sh.600000,6.75,6.86,6.74,6.82,37939600
2024/2/26,sh.600000,6.80,6.82,6.64,6.65,42483070
2024/2/27,sh.600000,6.62,6.69,6.61,6.68,24862246
2024/2/28,sh.600000,6.67,6.70,6.63,6.65,35826714
2024/2/29,sh.600000,6.66,6.71,6.64,6.69,34288217
2024/3/1,sh.600000,6.68,6.70,6.65,6.66,29431801
2024/3/4,sh.600000,6.67,6.67,6.60,6.62,27855963
2024/3/5,sh.600000,6.60,6.72,6.59,6.70,41756232
2024/3/6,sh.600000,6.71,6.76,6.67,6.67,25918749
2024/3/7,sh.600000,6.67,6.74,6.66,6.68,24690348
2024/3/8,sh.600000,6.67,6.71,6.66,6.67,19861794
2024/3/11,sh.600000,6.68,6.71,6.61,6.66,26195498
2024/3/12,sh.600000,6.66,6.69,6.63,6.65,29030476
2024/3/13,sh.600000,6.67,6.67,6.58,6.59,25948461
2024/3/14,sh.600000,6.59,6.64,6.58,6.59,18703556
2024/3/15,sh.600000,6.59,6.64,6.58,6.64,29599544
2024/3/18,sh.600000,6.61,6.68,6.61,6.64,26558472
2024/3/19,sh.600000,6.63,6.63,6.56,6.56,22848715
2024/3/20,sh.600000,6.56,6.61,6.53,6.58,19542993
2024/3/21,sh.600000,6.61,6.68,6.58,6.65,41924870
2024/3/22,sh.600000,6.63,6.67,6.52,6.59,35960453
2024/3/25,sh.600000,6.61,6.64,6.56,6.61,24439536
2024/3/26,sh.600000,6.64,6.69,6.62,6.69,35111522
2024/3/27,sh.600000,6.68,6.77,6.66,6.71,41943066
2024/3/28,sh.600000,6.73,6.74,6.66,6.71,34535966
2024/3/29,sh.600000,6.68,6.73,6.66,6.68,18138885
2024/4/1,sh.600000,6.69,6.78,6.68,6.77,36028832
2024/4/2,sh.600000,6.78,6.84,6.76,6.81,35095170
2024/4/3,sh.600000,6.77,6.82,6.73,6.77,25254107
2024/4/8,sh.600000,6.77,6.85,6.73,6.82,32764493
2024/4/9,sh.600000,6.82,6.85,6.79,6.80,20335543
2024/4/10,sh.600000,6.80,6.86,6.77,6.81,22436726
2024/4/11,sh.600000,6.77,6.82,6.73,6.78,25364241
2024/4/12,sh.600000,6.74,6.80,6.67,6.68,32809731
2024/4/15,sh.600000,6.67,6.83,6.67,6.83,48310304
2024/4/16,sh.600000,6.79,6.85,6.75,6.80,40203325
2024/4/17,sh.600000,6.80,6.88,6.72,6.87,43151857
2024/4/18,sh.600000,6.87,6.98,6.84,6.86,46822476
2024/4/19,sh.600000,6.85,6.93,6.80,6.87,38004160
2024/4/22,sh.600000,6.89,6.96,6.82,6.82,32694690
2024/4/23,sh.600000,6.85,6.93,6.79,6.87,44055644
2024/4/24,sh.600000,6.91,6.93,6.83,6.89,24758859
2024/4/25,sh.600000,6.86,6.95,6.84,6.94,24676934
2024/4/26,sh.600000,6.94,7.00,6.88,6.95,45846571
2024/4/29,sh.600000,6.92,7.04,6.83,6.95,39317757
2024/4/30,sh.600000,7.10,7.34,7.08,7.21,105472788
2024/5/6,sh.600000,7.32,7.39,7.26,7.35,85937325
2024/5/7,sh.600000,7.35,7.36,7.23,7.32,46269505
2024/5/8,sh.600000,7.31,7.35,7.28,7.30,30377893
2024/5/9,sh.600000,7.30,7.35,7.26,7.30,33942090
2024/5/10,sh.600000,7.31,7.44,7.30,7.43,52211612
2024/5/13,sh.600000,7.42,7.47,7.37,7.45,40422120
2024/5/14,sh.600000,7.46,7.47,7.36,7.38,39843641
2024/5/15,sh.600000,7.40,7.42,7.34,7.39,31039103
2024/5/16,sh.600000,7.41,7.54,7.38,7.51,60658707
2024/5/17,sh.600000,7.53,7.64,7.49,7.64,69438051
2024/5/20,sh.600000,7.68,7.82,7.63,7.79,88144991
2024/5/21,sh.600000,7.78,7.88,7.73,7.88,53146295
2024/5/22,sh.600000,7.87,8.07,7.85,7.99,71173213
2024/5/23,sh.600000,7.98,8.05,7.94,7.98,61212293
2024/5/24,sh.600000,7.97,8.04,7.87,7.90,60740601
2024/5/27,sh.600000,7.91,8.01,7.89,8.00,52858689
2024/5/28,sh.600000,8.03,8.09,7.97,8.00,40047322
2024/5/29,sh.600000,7.99,8.04,7.91,7.95,40802385
2024/5/30,sh.600000,7.93,8.00,7.83,7.86,56701595
2024/5/31,sh.600000,7.91,7.91,7.78,7.81,53797304
2024/6/3,sh.600000,7.77,7.80,7.67,7.75,60213694
2024/6/4,sh.600000,7.75,7.81,7.71,7.79,39800453
2024/6/5,sh.600000,7.80,7.81,7.73,7.76,31295787
2024/6/6,sh.600000,7.78,7.82,7.71,7.72,34149589
2024/6/7,sh.600000,7.79,7.85,7.68,7.78,41451677
2024/6/11,sh.600000,7.81,7.83,7.59,7.63,41132394
2024/6/12,sh.600000,7.63,7.65,7.53,7.59,38617741
2024/6/13,sh.600000,7.58,7.68,7.57,7.61,40433704
2024/6/14,sh.600000,7.58,7.66,7.48,7.62,44463016
2024/6/17,sh.600000,7.63,7.64,7.52,7.58,36278423
2024/6/18,sh.600000,7.58,7.63,7.51,7.57,32876191
2024/6/19,sh.600000,7.58,7.73,7.57,7.70,40605109
2024/6/20,sh.600000,7.66,7.73,7.63,7.68,25662317
2024/6/21,sh.600000,7.68,7.71,7.60,7.65,40011366
2024/6/24,sh.600000,7.67,7.68,7.52,7.63,37046666
2024/6/25,sh.600000,7.66,7.72,7.57,7.68,39818093
2024/6/26,sh.600000,7.68,7.71,7.61,7.69,33563736
2024/6/27,sh.600000,7.69,7.77,7.61,7.70,44561528
2024/6/28,sh.600000,7.70,7.76,7.65,7.71,37799680
2024/7/1,sh.600000,7.70,7.77,7.68,7.75,28732962
2024/7/2,sh.600000,7.74,8.00,7.74,7.99,57345810
2024/7/3,sh.600000,7.99,8.05,7.94,7.99,46409668
2024/7/4,sh.600000,8.04,8.08,7.94,7.96,44412066
2024/7/5,sh.600000,8.00,8.00,7.76,7.81,51997018
2024/7/8,sh.600000,7.81,7.95,7.73,7.89,45320796
2024/7/9,sh.600000,7.93,8.11,7.87,8.09,54534187
2024/7/10,sh.600000,8.09,8.16,8.05,8.14,40604560
2024/7/11,sh.600000,8.15,8.17,8.01,8.05,34946181
2024/7/12,sh.600000,8.08,8.29,8.06,8.28,57267692
2024/7/15,sh.600000,8.27,8.34,8.24,8.31,46191487
2024/7/16,sh.600000,8.30,8.38,8.26,8.29,44680322
2024/7/17,sh.600000,8.33,8.49,8.29,8.46,88119289
2024/7/18,sh.600000,8.49,8.52,8.36,8.51,66209504
2024/7/19,sh.600000,8.53,8.53,8.37,8.47,61941334
2024/7/22,sh.600000,8.45,8.47,8.27,8.33,63228917
2024/7/23,sh.600000,8.37,8.43,8.34,8.34,41181512
2024/7/24,sh.600000,8.36,8.42,8.29,8.30,37551729
2024/7/25,sh.600000,8.33,8.33,8.08,8.27,60156087
2024/7/26,sh.600000,8.23,8.27,8.00,8.08,49358978
2024/7/29,sh.600000,8.08,8.32,8.06,8.28,46463848
2024/7/30,sh.600000,8.29,8.29,8.11,8.14,40584273
2024/7/31,sh.600000,8.20,8.21,8.10,8.15,43429641
2024/8/1,sh.600000,8.15,8.36,8.09,8.32,54560150
2024/8/2,sh.600000,8.31,8.35,8.15,8.22,31361531
2024/8/5,sh.600000,8.22,8.27,8.10,8.13,41178838
2024/8/6,sh.600000,8.18,8.20,7.95,8.00,41604073
2024/8/7,sh.600000,7.99,8.12,7.98,8.07,26542223
2024/8/8,sh.600000,8.11,8.20,8.05,8.13,27669055
2024/8/9,sh.600000,8.16,8.35,8.16,8.28,39120101
2024/8/12,sh.600000,8.26,8.38,8.24,8.33,29249959
2024/8/13,sh.600000,8.31,8.41,8.29,8.34,27211550
2024/8/14,sh.600000,8.38,8.40,8.29,8.32,21145686
2024/8/15,sh.600000,8.26,8.49,8.26,8.48,45066216
2024/8/16,sh.600000,8.48,8.60,8.44,8.59,37566933
2024/8/19,sh.600000,8.60,8.76,8.58,8.75,58937989
2024/8/20,sh.600000,8.74,8.80,8.62,8.65,50188819
2024/8/21,sh.600000,8.65,8.77,8.56,8.70,43628079
2024/8/22,sh.600000,8.70,8.80,8.67,8.74,36264260
2024/8/23,sh.600000,8.74,8.77,8.64,8.74,31698749
2024/8/26,sh.600000,8.74,8.74,8.57,8.62,51444628
2024/8/27,sh.600000,8.61,8.68,8.56,8.62,30683375
2024/8/28,sh.600000,8.66,8.67,8.50,8.56,32528523
2024/8/29,sh.600000,8.56,8.57,8.28,8.30,50949648
2024/8/30,sh.600000,8.29,8.37,8.13,8.18,68354443
2024/9/2,sh.600000,8.12,8.25,8.10,8.14,42178596
2024/9/3,sh.600000,8.13,8.18,7.96,8.01,41257157
2024/9/4,sh.600000,8.05,8.12,7.99,8.08,34187190
2024/9/5,sh.600000,8.13,8.16,7.99,8.08,36176713
2024/9/6,sh.600000,8.08,8.26,8.08,8.18,32293701
2024/9/9,sh.600000,8.19,8.22,8.08,8.13,34290373
2024/9/10,sh.600000,8.13,8.28,8.05,8.25,39694136
2024/9/11,sh.600000,8.23,8.24,7.97,8.01,29395961
2024/9/12,sh.600000,7.97,8.24,7.95,8.22,43128108
2024/9/13,sh.600000,8.25,8.26,8.08,8.10,28411141
2024/9/18,sh.600000,8.10,8.20,8.02,8.08,20139428
2024/9/19,sh.600000,8.12,8.28,8.06,8.27,39163824
2024/9/20,sh.600000,8.24,8.32,8.18,8.26,42872330
2024/9/23,sh.600000,8.28,8.40,8.21,8.38,30023895
2024/9/24,sh.600000,8.49,8.82,8.41,8.82,89208035
2024/9/25,sh.600000,9.00,9.27,8.98,9.21,119063522
2024/9/26,sh.600000,9.22,9.55,9.15,9.55,89839005
2024/9/27,sh.600000,9.70,9.78,9.32,9.58,57039467
2024/9/30,sh.600000,9.76,9.99,9.53,9.83,188375605
2024/10/8,sh.600000,10.56,10.70,9.90,10.19,192133102
2024/10/9,sh.600000,10.19,10.19,9.62,9.62,116072715
2024/10/10,sh.600000,9.76,10.18,9.75,10.01,101639927
2024/10/11,sh.600000,10.06,10.21,9.73,9.86,58937652
2024/10/14,sh.600000,10.01,10.23,9.95,10.09,88307795
2024/10/15,sh.600000,10.14,10.22,9.95,9.95,62939733
2024/10/16,sh.600000,9.85,10.15,9.85,10.04,52614974
2024/10/17,sh.600000,10.04,10.17,9.92,9.92,45576672
2024/10/18,sh.600000,9.88,10.03,9.73,9.85,62206282
2024/10/21,sh.600000,9.88,9.92,9.66,9.86,64523034
2024/10/22,sh.600000,9.86,9.97,9.72,9.83,42803387
2024/10/23,sh.600000,9.82,9.95,9.80,9.88,33566174
2024/10/24,sh.600000,9.82,9.95,9.82,9.84,24017341
2024/10/25,sh.600000,9.84,9.90,9.77,9.78,28419908
2024/10/28,sh.600000,9.80,9.80,9.66,9.76,31702745
2024/10/29,sh.600000,9.72,9.85,9.68,9.70,34069864
2024/10/30,sh.600000,9.70,9.82,9.62,9.65,42037416
2024/10/31,sh.600000,9.72,9.75,9.42,9.55,60021367
2024/11/1,sh.600000,9.57,9.71,9.48,9.65,43939258
2024/11/4,sh.600000,9.68,9.71,9.55,9.70,33773247
2024/11/5,sh.600000,9.68,9.76,9.62,9.76,41474815
2024/11/6,sh.600000,9.74,9.84,9.61,9.66,74208723
2024/11/7,sh.600000,9.65,9.98,9.63,9.98,64397191
2024/11/8,sh.600000,10.03,10.06,9.73,9.76,53764728
2024/11/11,sh.600000,9.61,9.82,9.38,9.43,80000294
2024/11/12,sh.600000,9.44,9.53,9.38,9.38,49682703
2024/11/13,sh.600000,9.35,9.45,9.32,9.35,43872201
2024/11/14,sh.600000,9.33,9.42,9.29,9.37,45451896
2024/11/15,sh.600000,9.33,9.41,9.22,9.26,48821231
2024/11/18,sh.600000,9.37,9.80,9.36,9.54,100696552
2024/11/19,sh.600000,9.56,9.75,9.39,9.50,73998208
2024/11/20,sh.600000,9.48,9.56,9.40,9.42,45465799
2024/11/21,sh.600000,9.42,9.48,9.40,9.43,29612755
2024/11/22,sh.600000,9.43,9.46,9.19,9.20,44359024
2024/11/25,sh.600000,9.33,9.33,9.04,9.06,60921995
2024/11/26,sh.600000,9.05,9.06,8.95,9.04,48983389
2024/11/27,sh.600000,9.04,9.19,8.91,9.15,43007443
2024/11/28,sh.600000,9.21,9.26,9.06,9.16,39154733
2024/11/29,sh.600000,9.24,9.33,9.15,9.18,46540742
2024/12/2,sh.600000,9.17,9.22,9.09,9.21,46604260
2024/12/3,sh.600000,9.18,9.37,9.13,9.37,41926355
2024/12/4,sh.600000,9.37,9.49,9.27,9.46,51193385
2024/12/5,sh.600000,9.40,9.49,9.35,9.36,29173571
2024/12/6,sh.600000,9.34,9.50,9.34,9.41,40629685
2024/12/9,sh.600000,9.37,9.46,9.35,9.38,32582928
2024/12/10,sh.600000,9.53,9.63,9.42,9.51,58338643
2024/12/11,sh.600000,9.51,9.55,9.34,9.35,48762796
2024/12/12,sh.600000,9.37,9.53,9.31,9.53,49651526
2024/12/13,sh.600000,9.47,9.51,9.32,9.38,67266875
2024/12/16,sh.600000,9.34,9.46,9.34,9.36,34183618
2024/12/17,sh.600000,9.37,9.41,9.22,9.25,41185694
2024/12/18,sh.600000,9.28,9.40,9.23,9.26,39798741
2024/12/19,sh.600000,9.23,9.28,9.14,9.25,42987772
2024/12/20,sh.600000,9.29,9.43,9.27,9.30,49298094
2024/12/23,sh.600000,9.35,9.78,9.32,9.64,116444693
2024/12/24,sh.600000,9.60,9.87,9.60,9.83,84438152
2024/12/25,sh.600000,9.83,10.08,9.83,10.05,72739600
2024/12/26,sh.600000,10.05,10.08,9.86,10.04,61152236
2024/12/27,sh.600000,10.03,10.08,9.82,10.06,69506374
2024/12/30,sh.600000,10.04,10.18,10.01,10.16,78477805
2024/12/31,sh.600000,10.12,10.25,9.98,9.99,57783443
2025/1/2,sh.600000,10.00,10.11,9.75,9.83,78907129
2025/1/3,sh.600000,9.82,9.92,9.73,9.76,50693944
2025/1/6,sh.600000,9.83,9.90,9.52,9.85,79801276
2025/1/7,sh.600000,9.81,10.00,9.81,9.97,40265146
2025/1/8,sh.600000,9.96,10.06,9.90,10.00,48237450
2025/1/9,sh.600000,10.03,10.03,9.83,9.89,39221854
2025/1/10,sh.600000,9.93,9.98,9.73,9.83,31933534
2025/1/13,sh.600000,9.76,9.83,9.56,9.71,38217749
2025/1/14,sh.600000,9.73,9.91,9.65,9.86,38658714
2025/1/15,sh.600000,9.86,10.08,9.83,9.91,38460814
2025/1/16,sh.600000,9.99,10.01,9.83,9.91,33768888
2025/1/17,sh.600000,9.95,10.00,9.78,9.97,41663218
2025/1/20,sh.600000,10.02,10.14,9.93,10.06,37442622
2025/1/21,sh.600000,10.06,10.17,9.97,10.06,30852134
2025/1/22,sh.600000,10.03,10.07,9.72,9.73,58374206
2025/1/23,sh.600000,9.81,10.06,9.76,10.01,65580692
2025/1/24,sh.600000,9.96,10.18,9.87,10.08,72463834
2025/1/27,sh.600000,10.11,10.39,10.09,10.34,59488208
2025/2/5,sh.600000,10.35,10.38,10.09,10.10,51723455
2025/2/6,sh.600000,10.07,10.19,10.00,10.12,38598431
2025/2/7,sh.600000,10.12,10.14,10.00,10.04,45600119
2025/2/10,sh.600000,10.02,10.13,9.93,9.97,41234671
2025/2/11,sh.600000,9.99,10.07,9.93,10.00,34651727
2025/2/12,sh.600000,10.02,10.11,9.94,10.10,33100308
2025/2/13,sh.600000,10.08,10.13,10.00,10.01,48454342
2025/2/14,sh.600000,10.05,10.12,9.95,10.10,56300581
2025/2/17,sh.600000,10.13,10.15,9.90,9.97,52311132
2025/2/18,sh.600000,9.96,10.23,9.91,10.19,62783988
2025/2/19,sh.600000,10.14,10.28,10.11,10.13,42364339
2025/2/20,sh.600000,10.11,10.18,10.04,10.08,27223599
2025/2/21,sh.600000,10.08,10.12,9.93,9.99,50391537
2025/2/24,sh.600000,9.97,10.01,9.89,9.91,43741415
2025/2/25,sh.600000,9.90,9.95,9.77,9.80,37159866
2025/2/26,sh.600000,9.85,10.02,9.82,9.88,55536705
2025/2/27,sh.600000,9.92,9.96,9.81,9.94,37999169
2025/2/28,sh.600000,9.93,10.00,9.87,9.87,44651100
2025/3/3,sh.600000,9.89,9.92,9.78,9.85,43010899
2025/3/4,sh.600000,9.80,9.89,9.80,9.80,29769782
2025/3/5,sh.600000,9.84,9.96,9.75,9.95,41686357
2025/3/6,sh.600000,9.95,9.96,9.78,9.83,43499424
2025/3/7,sh.600000,9.85,9.89,9.76,9.84,37005882
2025/3/10,sh.600000,9.80,9.84,9.72,9.80,43594496
2025/3/11,sh.600000,9.74,9.82,9.73,9.82,35208198
2025/3/12,sh.600000,9.82,9.88,9.72,9.82,42868920
2025/3/13,sh.600000,9.86,9.95,9.82,9.92,46714351
2025/3/14,sh.600000,9.98,10.18,9.94,10.11,78422138
2025/3/17,sh.600000,10.24,10.35,10.08,10.29,59251416
2025/3/18,sh.600000,10.32,10.40,10.21,10.33,40970582
2025/3/19,sh.600000,10.28,10.37,10.25,10.34,34604830
2025/3/20,sh.600000,10.33,10.38,10.29,10.35,29548507
2025/3/21,sh.600000,10.32,10.40,10.10,10.16,56344163
2025/3/24,sh.600000,10.11,10.32,10.11,10.30,46449659
2025/3/25,sh.600000,10.34,10.38,10.19,10.30,37875416
2025/3/26,sh.600000,10.29,10.30,10.14,10.16,36660981
2025/3/27,sh.600000,10.19,10.35,10.16,10.24,42508671
2025/3/28,sh.600000,10.22,10.26,10.10,10.13,36572944
2025/3/31,sh.600000,10.16,10.32,10.05,10.12,49360687
2025/4/1,sh.600000,10.12,10.15,9.92,10.05,63920348
2025/4/2,sh.600000,9.99,10.25,9.99,10.15,45625673
2025/4/3,sh.600000,9.99,10.19,9.99,10.17,36919313
2025/4/7,sh.600000,9.97,9.98,9.18,9.37,142399646
2025/4/8,sh.600000,9.48,9.99,9.46,9.90,149422915
2025/4/9,sh.600000,9.89,9.89,9.57,9.72,99714563
2025/4/10,sh.600000,9.88,9.88,9.62,9.71,78108087
2025/4/11,sh.600000,9.76,9.82,9.63,9.77,56246196
2025/4/14,sh.600000,9.74,9.92,9.71,9.88,62154163
2025/4/15,sh.600000,9.88,10.17,9.87,10.16,68556308
2025/4/16,sh.600000,10.14,10.29,10.05,10.29,74094520
2025/4/17,sh.600000,10.29,10.43,10.12,10.43,70420291
2025/4/18,sh.600000,10.39,10.55,10.35,10.49,48024169
2025/4/21,sh.600000,10.46,10.56,10.25,10.26,50053475
2025/4/22,sh.600000,10.25,10.42,10.24,10.39,46047223
2025/4/23,sh.600000,10.39,10.43,10.27,10.36,33992733
2025/4/24,sh.600000,10.38,10.53,10.36,10.42,39754164
2025/4/25,sh.600000,10.43,10.48,10.26,10.28,45447179
2025/4/28,sh.600000,10.29,10.42,10.28,10.42,48382197
2025/4/29,sh.600000,10.35,10.55,10.34,10.51,52112683
2025/4/30,sh.600000,10.50,10.71,10.29,10.64,92838022
2025/5/6,sh.600000,10.68,10.86,10.48,10.84,97264620
2025/5/7,sh.600000,11.03,11.05,10.75,11.04,71916086
2025/5/8,sh.600000,11.02,11.35,11.00,11.29,77598543
2025/5/9,sh.600000,11.31,11.53,11.28,11.45,82148077
2025/5/12,sh.600000,11.48,11.63,11.31,11.37,106436592
2025/5/13,sh.600000,11.38,11.79,11.33,11.72,85038009
2025/5/14,sh.600000,11.64,11.83,11.61,11.79,72183353
2025/5/15,sh.600000,11.81,11.99,11.73,11.93,64989861
2025/5/16,sh.600000,11.95,12.02,11.70,11.74,61049671
2025/5/19,sh.600000,11.84,11.89,11.62,11.65,63137397
2025/5/20,sh.600000,11.67,11.98,11.66,11.91,80013453
2025/5/21,sh.600000,11.91,12.05,11.84,11.91,41672064
2025/5/22,sh.600000,11.86,12.16,11.83,12.06,63895089
2025/5/23,sh.600000,12.03,12.11,11.86,11.87,57961597
2025/5/26,sh.600000,11.83,11.89,11.64,11.70,86375810
2025/5/27,sh.600000,11.75,11.89,11.70,11.83,51170123
2025/5/28,sh.600000,11.84,11.97,11.77,11.86,45763183
2025/5/29,sh.600000,11.85,11.91,11.81,11.81,39604139
2025/5/30,sh.600000,11.84,12.04,11.81,11.97,74173919
2025/6/3,sh.600000,11.95,12.20,11.87,12.17,83435308
2025/6/4,sh.600000,12.11,12.16,11.97,12.02,54685133
2025/6/5,sh.600000,12.05,12.08,11.92,11.96,37014523
2025/6/6,sh.600000,11.97,12.03,11.85,11.96,43240203
2025/6/9,sh.600000,11.95,11.98,11.74,11.95,56578144
2025/6/10,sh.600000,11.92,12.08,11.90,12.00,49879732
2025/6/11,sh.600000,12.00,12.05,11.88,11.99,44114064
2025/6/12,sh.600000,11.99,12.13,11.87,12.09,47676653
2025/6/13,sh.600000,12.13,12.18,11.92,11.98,61844935
2025/6/16,sh.600000,11.98,12.23,11.85,12.21,51085389
2025/6/17,sh.600000,12.21,12.28,12.08,12.17,37369806
2025/6/18,sh.600000,12.19,12.45,12.14,12.40,69853954
2025/6/19,sh.600000,12.40,12.46,12.27,12.37,43768050
2025/6/20,sh.600000,12.40,12.64,12.36,12.64,69793426
2025/6/23,sh.600000,12.60,12.97,12.50,12.92,81059193
2025/6/24,sh.600000,12.92,13.14,12.77,12.92,84287565
2025/6/25,sh.600000,12.92,13.12,12.81,13.06,56329911
2025/6/26,sh.600000,13.01,13.25,12.91,13.22,66332882
2025/6/27,sh.600000,13.23,13.58,13.04,13.15,145112686
2025/6/30,sh.600000,13.01,13.57,12.86,13.47,95051500
2025/7/1,sh.600000,13.47,13.91,13.46,13.76,87707054
2025/7/2,sh.600000,13.78,13.98,13.68,13.78,68484199
2025/7/3,sh.600000,13.79,13.86,13.68,13.76,50965551
2025/7/4,sh.600000,13.73,14.32,13.72,14.15,93567870
2025/7/7,sh.600000,14.23,14.36,14.08,14.17,64970474
2025/7/8,sh.600000,14.15,14.19,13.73,13.81,113914556
2025/7/9,sh.600000,13.78,13.88,13.70,13.75,81762955
2025/7/10,sh.600000,13.75,13.92,13.71,13.78,115968328
2025/7/11,sh.600000,13.75,13.82,13.39,13.39,161683677
2025/7/14,sh.600000,13.35,13.73,13.35,13.69,114977276
2025/7/15,sh.600000,13.73,13.78,13.42,13.52,76673245
2025/7/16,sh.600000,13.54,13.60,13.26,13.48,81426935
2025/7/17,sh.600000,13.48,13.58,13.40,13.44,47080750
2025/7/18,sh.600000,13.47,13.65,13.39,13.46,56174733
2025/7/21,sh.600000,13.46,13.54,13.36,13.48,55881659
2025/7/22,sh.600000,13.46,13.51,13.20,13.23,91190502
2025/7/23,sh.600000,13.20,13.49,13.20,13.33,67673356
2025/7/24,sh.600000,13.37,13.37,13.05,13.06,97343311
2025/7/25,sh.600000,13.03,13.23,13.03,13.07,65621788
2025/7/28,sh.600000,13.12,13.20,13.03,13.08,76297474
2025/7/29,sh.600000,13.07,13.12,12.78,12.79,78919964
2025/7/30,sh.600000,12.84,12.93,12.73,12.88,72158148
2025/7/31,sh.600000,12.87,12.90,12.71,12.81,68538701
2025/8/1,sh.600000,12.82,12.98,12.58,12.92,79386102
2025/8/4,sh.600000,12.90,13.45,12.90,13.13,99782728
2025/8/5,sh.600000,13.15,13.78,13.14,13.75,133646594
2025/8/6,sh.600000,13.75,13.85,13.63,13.79,84891798
2025/8/7,sh.600000,14.08,14.08,13.66,13.93,96558141
2025/8/8,sh.600000,13.96,14.29,13.91,14.17,96742884
2025/8/11,sh.600000,14.10,14.20,13.85,13.98,89510437
2025/8/12,sh.600000,13.97,14.12,13.87,13.89,76628234
2025/8/13,sh.600000,13.98,14.03,13.80,13.83,79039619
2025/8/14,sh.600000,13.83,13.98,13.79,13.87,71279949
2025/8/15,sh.600000,13.85,13.95,13.55,13.59,93067809
2025/8/18,sh.600000,13.53,13.72,13.47,13.64,83579911
2025/8/19,sh.600000,13.64,13.76,13.58,13.69,49497253
2025/8/20,sh.600000,13.69,13.87,13.60,13.72,60322243
2025/8/21,sh.600000,13.70,13.86,13.59,13.78,57468516
2025/8/22,sh.600000,13.81,13.95,13.77,13.94,64098054
2025/8/25,sh.600000,13.90,14.05,13.76,14.03,63137208
2025/8/26,sh.600000,14.00,14.15,13.82,14.03,59365845
2025/8/27,sh.600000,13.95,14.00,13.70,13.75,76975407
2025/8/28,sh.600000,13.65,13.94,13.44,13.86,95618144
2025/8/29,sh.600000,13.81,13.99,13.63,13.63,128276384
2025/9/1,sh.600000,13.68,13.90,13.45,13.49,116131640
2025/9/2,sh.600000,13.43,13.75,13.39,13.73,79527127
2025/9/3,sh.600000,13.73,13.87,13.61,13.78,75418875
2025/9/4,sh.600000,13.70,13.85,13.50,13.77,101214019
2025/9/5,sh.600000,13.74,13.78,13.47,13.69,79038636
2025/9/8,sh.600000,13.69,13.98,13.53,13.58,123553472
2025/9/9,sh.600000,13.69,14.02,13.62,14.02,117067240
2025/9/10,sh.600000,14.06,14.07,13.83,13.97,83617788
2025/9/11,sh.600000,13.93,14.17,13.88,14.12,83259271
2025/9/12,sh.600000,14.14,14.25,13.45,13.60,137797397
2025/9/15,sh.600000,13.51,13.69,13.37,13.43,84060835
2025/9/16,sh.600000,13.41,13.44,13.13,13.16,88505780
2025/9/17,sh.600000,13.15,13.25,12.95,12.96,66621805
2025/9/18,sh.600000,12.96,13.01,12.68,12.75,106507276
2025/9/19,sh.600000,12.69,12.90,12.56,12.81,79638295
2025/9/22,sh.600000,12.78,12.80,12.50,12.54,49180587
2025/9/23,sh.600000,12.51,12.65,12.36,12.45,77159109
2025/9/24,sh.600000,12.45,12.54,12.06,12.22,102755861
2025/9/25,sh.600000,12.23,12.55,12.13,12.43,128885102
2025/9/26,sh.600000,12.37,12.48,11.90,12.25,84171099
2025/9/29,sh.600000,12.25,12.26,11.95,12.06,86111735
2025/9/30,sh.600000,12.07,12.11,11.81,11.90,90383609
2025/10/9,sh.600000,11.75,11.87,11.63,11.80,81279059
2025/10/10,sh.600000,11.79,12.03,11.68,11.84,93757429
2025/10/13,sh.600000,11.97,12.60,11.78,12.51,209588223
2025/10/14,sh.600000,12.45,12.87,12.31,12.77,146399373
2025/10/15,sh.600000,12.75,13.24,12.63,13.17,122625265
2025/10/16,sh.600000,13.16,13.53,13.11,13.32,99838590
2025/10/17,sh.600000,13.29,13.44,13.11,13.32,81693218
2025/10/20,sh.600000,13.27,13.27,12.93,12.99,80678774
2025/10/21,sh.600000,12.99,13.30,12.92,12.99,154403206
2025/10/22,sh.600000,12.97,13.15,12.81,13.03,119621745
2025/10/23,sh.600000,13.03,13.10,12.84,12.97,80652260
2025/10/24,sh.600000,12.99,13.10,12.83,12.98,183342863
2025/10/27,sh.600000,12.92,13.06,12.83,12.97,151665963
2025/10/28,sh.600000,13.01,13.07,12.23,12.39,159866315
2025/10/29,sh.600000,12.31,12.36,11.75,11.81,165619780
2025/10/30,sh.600000,11.79,11.83,11.62,11.64,122375784
2025/10/31,sh.600000,11.72,11.74,11.49,11.49,143534203
2025/11/3,sh.600000,11.49,11.64,11.37,11.41,123384169
2025/11/4,sh.600000,11.40,11.63,11.36,11.62,134964340
2025/11/5,sh.600000,11.64,11.96,11.58,11.86,162186560
2025/11/6,sh.600000,11.80,11.80,11.59,11.66,127867343
2025/11/7,sh.600000,11.64,11.75,11.59,11.70,93125152
2025/11/10,sh.600000,11.65,11.80,11.61,11.69,90615790
2025/11/11,sh.600000,11.67,11.73,11.60,11.67,78910662
2025/11/12,sh.600000,11.69,11.92,11.66,11.68,150937630
2025/11/13,sh.600000,11.66,11.72,11.51,11.66,121769523
2025/11/14,sh.600000,11.61,11.77,11.61,11.62,113543245
2025/11/17,sh.600000,11.60,11.65,11.35,11.37,98485526
2025/11/18,sh.600000,11.35,11.45,11.25,11.45,56503139
2025/11/19,sh.600000,11.43,11.62,11.40,11.56,93264386
2025/11/20,sh.600000,11.54,11.81,11.49,11.70,116125007
2025/11/21,sh.600000,11.70,11.74,11.50,11.52,100248709
2025/11/24,sh.600000,11.54,11.65,11.49,11.53,94815363
2025/11/25,sh.600000,11.53,11.64,11.45,11.61,55709457
2025/11/26,sh.600000,11.63,11.67,11.45,11.48,60876972
2025/11/27,sh.600000,11.42,11.78,11.31,11.62,93698611
2025/11/28,sh.600000,11.60,11.70,11.46,11.48,79682706
2025/12/1,sh.600000,11.41,11.55,11.37,11.54,68000214
2025/12/2,sh.600000,11.51,11.58,11.43,11.45,50331401
2025/12/3,sh.600000,11.42,11.50,11.30,11.30,65916685
2025/12/4,sh.600000,11.33,11.33,11.15,11.25,45066850
2025/12/5,sh.600000,11.23,11.32,11.14,11.26,56770710
2025/12/8,sh.600000,11.26,11.43,11.23,11.39,89418386
2025/12/9,sh.600000,11.41,11.43,11.31,11.32,58585930
2025/12/10,sh.600000,11.32,11.33,11.14,11.28,70831411
2025/12/11,sh.600000,11.30,11.45,11.22,11.44,107586743
2025/12/12,sh.600000,11.41,11.61,11.35,11.61,145372658
2025/12/15,sh.600000,11.59,11.75,11.50,11.66,111508150
2025/12/16,sh.600000,11.67,11.72,11.42,11.55,86733417
2025/12/17,sh.600000,11.54,11.67,11.45,11.54,60894791
2025/12/18,sh.600000,11.59,11.79,11.48,11.78,69201006
2025/12/19,sh.600000,11.72,11.80,11.65,11.69,67815119
2025/12/22,sh.600000,11.65,11.69,11.54,11.64,49907269
2025/12/23,sh.600000,11.67,11.88,11.62,11.83,61488273
2025/12/24,sh.600000,11.83,11.90,11.75,11.81,46510627
2025/12/25,sh.600000,11.80,11.86,11.74,11.77,30326271
2025/12/26,sh.600000,11.77,11.82,11.71,11.72,29816927
2025/12/29,sh.600000,11.74,12.22,11.68,12.17,87875772
2025/12/30,sh.600000,12.17,12.41,12.10,12.39,74051075
2025/12/31,sh.600000,12.35,12.45,12.14,12.44,82445909
2026/1/5,sh.600000,12.47,12.48,11.80,11.82,122284342
2026/1/6,sh.600000,11.78,12.03,11.71,12.00,121375398
2026/1/7,sh.600000,11.91,11.98,11.76,11.79,70474220
2026/1/8,sh.600000,11.78,11.78,11.48,11.54,80017314
2026/1/9,sh.600000,11.56,11.57,11.46,11.54,42361629
2026/1/12,sh.600000,11.55,11.68,11.51,11.66,60110177
2026/1/13,sh.600000,11.72,11.75,11.54,11.57,49620112
2026/1/14,sh.600000,11.61,11.64,11.22,11.24,136564445
2026/1/15,sh.600000,11.22,11.26,11.16,11.16,69278313
2026/1/16,sh.600000,11.19,11.27,10.88,11.04,126811321
2026/1/19,sh.600000,10.99,11.21,10.93,11.12,73155055
2026/1/20,sh.600000,11.10,11.11,10.94,11.03,73525878
2026/1/21,sh.600000,11.03,11.06,10.71,10.74,96262217
2026/1/22,sh.600000,10.74,10.90,10.60,10.63,152975450
2026/1/23,sh.600000,10.63,10.66,10.47,10.51,132324449
2026/1/26,sh.600000,10.49,10.53,10.34,10.35,149077101
2026/1/27,sh.600000,10.34,10.40,10.18,10.20,95430026
2026/1/28,sh.600000,10.20,10.26,10.01,10.05,140090242
2026/1/29,sh.600000,10.03,10.19,9.88,10.15,182164726
2026/1/30,sh.600000,10.14,10.28,10.01,10.04,110436836
2026/2/2,sh.600000,10.07,10.25,10.03,10.06,105771232
2026/2/3,sh.600000,10.06,10.07,9.91,10.02,77669459
2026/2/4,sh.600000,10.00,10.15,9.98,10.13,67248961
2026/2/5,sh.600000,10.15,10.28,10.13,10.23,97223688
2026/2/6,sh.600000,10.24,10.27,10.06,10.12,75925550
2026/2/9,sh.600000,10.11,10.24,10.08,10.18,61171546
2026/2/10,sh.600000,10.19,10.24,10.15,10.18,46429780
2026/2/11,sh.600000,10.18,10.19,10.11,10.17,39338830
2026/2/12,sh.600000,10.17,10.18,9.96,9.98,98376257
2026/2/13,sh.600000,9.98,10.03,9.88,9.89,70040725
2026/2/24,sh.600000,9.98,10.02,9.90,9.90,54739335
2026/2/25,sh.600000,9.90,9.94,9.79,9.79,87423426
2026/2/26,sh.600000,9.80,9.83,9.69,9.73,76025001
2026/2/27,sh.600000,9.73,9.84,9.70,9.72,80281023
2026/3/2,sh.600000,9.69,9.77,9.58,9.68,73404604
2026/3/3,sh.600000,9.66,9.82,9.61,9.73,112936428
2026/3/4,sh.600000,9.69,9.70,9.43,9.60,161755557
2026/3/5,sh.600000,9.56,9.81,9.56,9.78,119745268
2026/3/6,sh.600000,9.74,9.90,9.71,9.89,72726022
2026/3/9,sh.600000,9.83,10.02,9.77,9.85,116840499
2026/3/10,sh.600000,9.83,9.99,9.80,9.96,64916390
2026/3/11,sh.600000,9.97,10.10,9.85,10.07,100884566
2026/3/12,sh.600000,10.04,10.20,10.01,10.18,89418328
2026/3/13,sh.600000,10.16,10.41,10.13,10.26,99676711
2026/3/16,sh.600000,10.22,10.32,10.22,10.29,66490467
2026/3/17,sh.600000,10.27,10.42,10.27,10.38,76260073
2026/3/18,sh.600000,10.38,10.42,10.30,10.37,65221883
2026/3/19,sh.600000,10.32,10.40,10.25,10.32,75867153
2026/3/20,sh.600000,10.33,10.46,10.28,10.28,74883607
2026/3/23,sh.600000,10.23,10.23,9.85,9.86,93394504
2026/3/24,sh.600000,9.95,10.12,9.89,10.04,60985887
2026/3/25,sh.600000,10.06,10.12,9.94,10.10,45678402
2026/3/26,sh.600000,10.07,10.18,10.03,10.06,36081386
2026/3/27,sh.600000,10.01,10.12,9.98,10.02,39243944
2026/3/30,sh.600000,9.97,10.02,9.91,10.01,38507357
2026/3/31,sh.600000,10.01,10.28,9.95,10.18,96580613
2026/4/1,sh.600000,10.20,10.37,10.18,10.24,57416463
2026/4/2,sh.600000,10.25,10.37,10.21,10.25,41638322
2026/4/3,sh.600000,10.25,10.25,10.08,10.12,41151821
2026/4/7,sh.600000,10.12,10.17,9.95,9.98,37882609
2026/4/8,sh.600000,10.00,10.11,9.95,10.09,48272446
2026/4/9,sh.600000,10.07,10.12,9.93,9.93,46094152
2026/4/10,sh.600000,9.93,9.95,9.86,9.89,42658461
2026/4/13,sh.600000,9.87,9.88,9.78,9.86,42812229
2026/4/14,sh.600000,9.86,10.05,9.85,10.05,52251153
2026/4/15,sh.600000,10.05,10.13,10.03,10.11,43000230
2026/4/16,sh.600000,10.12,10.17,9.98,10.00,43702319
2026/4/17,sh.600000,9.97,10.00,9.85,9.86,57933037
2026/4/20,sh.600000,9.85,9.91,9.78,9.78,68116917
2026/4/21,sh.600000,9.78,9.87,9.70,9.72,72849013
2026/4/22,sh.600000,9.71,9.73,9.59,9.61,68590467
2026/4/23,sh.600000,9.60,9.65,9.51,9.54,80624665
2026/4/24,sh.600000,9.53,9.62,9.43,9.45,84859017
2026/4/27,sh.600000,9.44,9.50,9.34,9.36,87281494
2026/4/28,sh.600000,9.34,9.38,9.25,9.37,59454959
2026/4/29,sh.600000,9.36,9.39,9.32,9.38,61495033
2026/4/30,sh.600000,9.36,9.37,9.25,9.27,78438804
2026/5/6,sh.600000,9.27,9.29,9.16,9.18,87935791
2026/5/7,sh.600000,9.18,9.20,9.09,9.09,71972489
2026/5/8,sh.600000,9.08,9.13,9.05,9.07,89269033
2026/5/11,sh.600000,9.07,9.09,9.03,9.09,130287213
2026/5/12,sh.600000,9.08,9.11,9.02,9.03,77713958
2026/5/13,sh.600000,9.04,9.07,9.01,9.03,84264336
2026/5/14,sh.600000,9.02,9.13,8.92,9.02,121425471
2026/5/15,sh.600000,9.00,9.22,8.93,9.07,171982587
2026/5/18,sh.600000,9.04,9.13,9.01,9.08,122357134
2026/5/19,sh.600000,9.08,9.17,8.94,8.95,127456859
2026/5/20,sh.600000,8.93,8.97,8.85,8.94,94375264
2026/5/21,sh.600000,8.94,8.96,8.85,8.86,82548797
2026/5/22,sh.600000,8.88,9.03,8.75,8.96,99003358
2026/5/25,sh.600000,8.94,9.12,8.91,9.08,92598961
2026/5/26,sh.600000,9.10,9.32,9.09,9.27,146437454
2026/5/27,sh.600000,9.29,9.54,9.26,9.43,134548971
2026/5/28,sh.600000,9.42,9.46,9.14,9.21,83665520
2026/5/29,sh.600000,9.18,9.38,9.13,9.37,93330300
2026/6/1,sh.600000,9.32,9.35,9.20,9.32,75072117
2026/6/2,sh.600000,9.30,9.43,9.26,9.31,72778238
2026/6/3,sh.600000,9.28,9.31,9.17,9.25,71007326
2026/6/4,sh.600000,9.27,9.30,9.19,9.19,56092641
2026/6/5,sh.600000,9.18,9.35,9.18,9.34,74572522
