date,code,open,high,low,close,volume
2006/7/31,sh.600048,0.75,0.80,0.70,0.77,93617254
2006/8/1,sh.600048,0.75,0.81,0.73,0.78,25865877
2006/8/2,sh.600048,0.77,0.83,0.76,0.81,21449920
2006/8/3,sh.600048,0.81,0.82,0.78,0.80,11632691
2006/8/4,sh.600048,0.80,0.84,0.79,0.82,14576344
2006/8/7,sh.600048,0.82,0.88,0.81,0.86,14323413
2006/8/8,sh.600048,0.86,0.89,0.85,0.87,9679870
2006/8/9,sh.600048,0.86,0.87,0.82,0.83,9328782
2006/8/10,sh.600048,0.83,0.84,0.82,0.84,8555872
2006/8/11,sh.600048,0.84,0.91,0.83,0.90,12181275
2006/8/14,sh.600048,0.91,0.93,0.88,0.90,11282717
2006/8/15,sh.600048,0.89,0.93,0.87,0.93,11575453
2006/8/16,sh.600048,0.93,0.93,0.90,0.91,7642225
2006/8/17,sh.600048,0.90,0.93,0.90,0.90,6462346
2006/8/18,sh.600048,0.90,0.91,0.89,0.89,4765777
2006/8/21,sh.600048,0.86,0.90,0.86,0.89,5687730
2006/8/22,sh.600048,0.89,0.91,0.88,0.89,3776118
2006/8/23,sh.600048,0.89,0.90,0.87,0.88,4716143
2006/8/24,sh.600048,0.88,0.92,0.88,0.92,6377857
2006/8/25,sh.600048,0.92,0.92,0.91,0.91,3786390
2006/8/28,sh.600048,0.91,1.00,0.91,1.00,9611396
2006/8/29,sh.600048,1.03,1.05,1.00,1.01,10993224
2006/8/30,sh.600048,1.00,1.11,1.00,1.09,10122071
2006/8/31,sh.600048,1.09,1.11,1.08,1.10,6868496
2006/9/1,sh.600048,1.10,1.17,1.09,1.10,8725988
2006/9/4,sh.600048,1.10,1.13,1.08,1.12,6911356
2006/9/5,sh.600048,1.11,1.15,1.08,1.09,6801913
2006/9/6,sh.600048,1.09,1.09,1.04,1.07,6910210
2006/9/7,sh.600048,1.07,1.09,1.06,1.08,3986985
2006/9/8,sh.600048,1.09,1.13,1.08,1.09,5120598
2006/9/11,sh.600048,1.09,1.11,1.05,1.09,4630661
2006/9/12,sh.600048,1.09,1.10,1.07,1.09,3626083
2006/9/13,sh.600048,1.10,1.10,1.06,1.06,3325057
2006/9/14,sh.600048,1.05,1.07,1.04,1.07,4887994
2006/9/15,sh.600048,1.07,1.09,1.05,1.08,3365652
2006/9/18,sh.600048,1.08,1.10,1.07,1.09,3189348
2006/9/19,sh.600048,1.08,1.09,1.06,1.06,3813322
2006/9/20,sh.600048,1.06,1.15,1.06,1.12,8643435
2006/9/21,sh.600048,1.12,1.12,1.12,1.12,INVALID
2006/9/22,sh.600048,1.13,1.14,1.10,1.12,4030055
2006/9/25,sh.600048,1.11,1.13,1.08,1.08,4053557
2006/9/26,sh.600048,1.08,1.08,1.02,1.04,6257932
2006/9/27,sh.600048,1.04,1.05,1.02,1.04,2123147
2006/9/28,sh.600048,1.04,1.08,1.03,1.05,4136554
2006/9/29,sh.600048,1.05,1.08,1.05,1.05,3136216
2006/10/9,sh.600048,1.06,1.07,1.03,1.05,5969175
2006/10/10,sh.600048,1.05,1.05,0.98,0.99,11108025
2006/10/11,sh.600048,0.98,1.00,0.97,0.99,5406733
2006/10/12,sh.600048,0.99,0.99,0.95,0.96,5404765
2006/10/13,sh.600048,0.95,0.98,0.95,0.97,2605932
2006/10/16,sh.600048,0.96,0.97,0.94,0.96,2825476
2006/10/17,sh.600048,0.96,1.00,0.96,0.98,3671618
2006/10/18,sh.600048,0.98,1.02,0.97,1.02,4796635
2006/10/19,sh.600048,1.02,1.02,1.00,1.00,3411349
2006/10/20,sh.600048,1.00,1.02,0.99,1.02,2962724
2006/10/23,sh.600048,1.02,1.02,0.99,1.00,2535240
2006/10/24,sh.600048,1.00,1.06,1.00,1.05,4734908
2006/10/25,sh.600048,1.05,1.06,1.04,1.04,2770996
2006/10/26,sh.600048,1.04,1.08,1.02,1.07,5889991
2006/10/27,sh.600048,1.07,1.10,1.06,1.07,3669167
2006/10/30,sh.600048,1.06,1.07,1.02,1.04,3252113
2006/10/31,sh.600048,1.02,1.06,1.02,1.03,6248897
2006/11/1,sh.600048,1.03,1.05,1.01,1.03,4555103
2006/11/2,sh.600048,1.02,1.03,1.00,1.02,3367056
2006/11/3,sh.600048,1.02,1.07,1.01,1.05,3646580
2006/11/6,sh.600048,1.03,1.06,1.03,1.05,2418366
2006/11/7,sh.600048,1.04,1.15,1.04,1.15,9339077
2006/11/8,sh.600048,1.15,1.17,1.12,1.16,5894600
2006/11/9,sh.600048,1.15,1.23,1.14,1.20,6219607
2006/11/10,sh.600048,1.20,1.21,1.16,1.17,4569295
2006/11/13,sh.600048,1.15,1.22,1.13,1.15,4694494
2006/11/14,sh.600048,1.15,1.19,1.13,1.18,3129544
2006/11/15,sh.600048,1.18,1.29,1.17,1.28,5374315
2006/11/16,sh.600048,1.28,1.33,1.25,1.26,5803524
2006/11/17,sh.600048,1.26,1.33,1.24,1.32,3426093
2006/11/20,sh.600048,1.32,1.37,1.29,1.33,4388144
2006/11/21,sh.600048,1.32,1.32,1.28,1.29,3989681
2006/11/22,sh.600048,1.29,1.32,1.26,1.31,3465019
2006/11/23,sh.600048,1.33,1.36,1.28,1.29,3566133
2006/11/24,sh.600048,1.29,1.31,1.26,1.27,3063819
2006/11/27,sh.600048,1.26,1.29,1.24,1.28,2643286
2006/11/28,sh.600048,1.27,1.32,1.27,1.30,2895851
2006/11/29,sh.600048,1.29,1.33,1.27,1.30,2941293
2006/11/30,sh.600048,1.30,1.42,1.30,1.38,5635157
2006/12/1,sh.600048,1.38,1.43,1.37,1.40,6065547
2006/12/4,sh.600048,1.38,1.41,1.37,1.39,5513909
2006/12/5,sh.600048,1.39,1.47,1.37,1.41,4884409
2006/12/6,sh.600048,1.41,1.42,1.34,1.37,4577499
2006/12/7,sh.600048,1.36,1.38,1.34,1.34,4599677
2006/12/8,sh.600048,1.33,1.39,1.30,1.36,4929620
2006/12/11,sh.600048,1.35,1.44,1.35,1.42,3404032
2006/12/12,sh.600048,1.42,1.48,1.41,1.45,2980141
2006/12/13,sh.600048,1.46,1.49,1.43,1.48,2783811
2006/12/14,sh.600048,1.48,1.51,1.46,1.46,1801976
2006/12/15,sh.600048,1.46,1.59,1.46,1.57,3261674
2006/12/18,sh.600048,1.58,1.65,1.55,1.61,2830277
2006/12/19,sh.600048,1.62,1.65,1.57,1.61,2959162
2006/12/20,sh.600048,1.59,1.71,1.56,1.70,2264468
2006/12/21,sh.600048,1.69,1.73,1.64,1.64,2366488
2006/12/22,sh.600048,1.63,1.66,1.58,1.59,2026632
2006/12/25,sh.600048,1.59,1.71,1.59,1.68,2762474
2006/12/26,sh.600048,1.68,1.70,1.60,1.64,1752868
2006/12/27,sh.600048,1.63,1.68,1.61,1.66,1345198
2006/12/28,sh.600048,1.66,1.72,1.59,1.60,4206136
2006/12/29,sh.600048,1.60,1.66,1.60,1.64,4278346
2007/1/4,sh.600048,1.66,1.80,1.64,1.71,6278948
2007/1/5,sh.600048,1.69,1.78,1.67,1.73,2379289
2007/1/8,sh.600048,1.73,1.89,1.73,1.80,3809844
2007/1/9,sh.600048,1.81,1.87,1.78,1.86,1790229
2007/1/10,sh.600048,1.88,1.93,1.84,1.90,1981398
2007/1/11,sh.600048,1.88,2.00,1.87,1.94,2274943
2007/1/12,sh.600048,1.94,1.94,1.94,1.94,INVALID
2007/1/15,sh.600048,1.91,2.04,1.89,1.99,3272894
2007/1/16,sh.600048,2.02,2.19,2.02,2.19,2290553
2007/1/17,sh.600048,2.25,2.25,1.97,1.97,6121299
2007/1/18,sh.600048,1.81,1.89,1.77,1.83,8639459
2007/1/19,sh.600048,1.83,1.87,1.69,1.78,7396174
2007/1/22,sh.600048,1.76,1.84,1.73,1.82,4992753
2007/1/23,sh.600048,1.83,1.83,1.63,1.64,9112424
2007/1/24,sh.600048,1.64,1.81,1.64,1.78,8442499
2007/1/25,sh.600048,1.76,1.82,1.69,1.75,4420821
2007/1/26,sh.600048,1.70,1.81,1.68,1.79,3107897
2007/1/29,sh.600048,1.81,1.82,1.70,1.73,5535502
2007/1/30,sh.600048,1.70,1.73,1.57,1.59,5084649
2007/1/31,sh.600048,1.58,1.62,1.54,1.56,3829260
2007/2/1,sh.600048,1.56,1.61,1.54,1.60,3059172
2007/2/2,sh.600048,1.59,1.60,1.45,1.46,5320555
2007/2/5,sh.600048,1.46,1.49,1.44,1.47,2568071
2007/2/6,sh.600048,1.47,1.49,1.40,1.48,3719419
2007/2/7,sh.600048,1.49,1.54,1.48,1.51,2989524
2007/2/8,sh.600048,1.52,1.54,1.46,1.48,3207154
2007/2/9,sh.600048,1.48,1.57,1.43,1.55,3888599
2007/2/12,sh.600048,1.56,1.71,1.56,1.71,6266541
2007/2/13,sh.600048,1.86,1.88,1.72,1.84,5458957
2007/2/14,sh.600048,1.84,1.87,1.78,1.85,4084401
2007/2/15,sh.600048,1.86,2.03,1.86,1.97,4590749
2007/2/16,sh.600048,1.98,2.02,1.91,1.93,3547502
2007/2/26,sh.600048,1.93,1.93,1.76,1.82,4458039
2007/2/27,sh.600048,1.84,1.84,1.64,1.64,5418849
2007/2/28,sh.600048,1.65,1.78,1.65,1.75,4106846
2007/3/1,sh.600048,1.73,1.75,1.67,1.70,2328373
2007/3/2,sh.600048,1.70,1.87,1.70,1.81,3776588
2007/3/5,sh.600048,1.82,1.93,1.82,1.93,4915531
2007/3/6,sh.600048,1.92,1.94,1.86,1.92,3181925
2007/3/7,sh.600048,1.93,2.04,1.93,2.02,3341344
2007/3/8,sh.600048,2.02,2.02,2.02,2.02,INVALID
2007/3/9,sh.600048,2.10,2.10,1.94,1.97,3554127
2007/3/12,sh.600048,1.95,2.00,1.87,1.96,3231485
2007/3/13,sh.600048,1.96,2.01,1.89,1.94,3126895
2007/3/14,sh.600048,1.90,1.94,1.84,1.89,2312112
2007/3/15,sh.600048,1.91,2.08,1.89,2.08,5590519
2007/3/16,sh.600048,2.10,2.12,1.97,2.05,3885994
2007/3/19,sh.600048,1.95,2.11,1.95,2.09,3902132
2007/3/20,sh.600048,2.08,2.09,2.04,2.09,2919962
2007/3/21,sh.600048,2.07,2.08,2.01,2.03,2322991
2007/3/22,sh.600048,2.04,2.07,1.98,2.05,3966612
2007/3/23,sh.600048,2.03,2.03,1.95,1.98,2843515
2007/3/26,sh.600048,1.97,2.00,1.93,1.96,3229559
2007/3/27,sh.600048,2.03,2.14,2.00,2.10,6871271
2007/3/28,sh.600048,2.09,2.14,1.98,2.07,5447862
2007/3/29,sh.600048,2.07,2.23,2.03,2.15,7361492
2007/3/30,sh.600048,2.15,2.19,2.09,2.11,5500923
2007/4/2,sh.600048,2.15,2.27,2.10,2.23,9375076
2007/4/3,sh.600048,2.17,2.22,2.14,2.19,11420512
2007/4/4,sh.600048,2.20,2.20,2.13,2.15,11172540
2007/4/5,sh.600048,2.15,2.22,2.14,2.20,10094783
2007/4/6,sh.600048,2.18,2.42,2.14,2.39,21170781
2007/4/9,sh.600048,2.41,2.52,2.36,2.47,13951995
2007/4/10,sh.600048,2.48,2.48,2.39,2.45,9916744
2007/4/11,sh.600048,2.44,2.67,2.41,2.63,14280723
2007/4/12,sh.600048,2.64,2.80,2.60,2.73,14092281
2007/4/13,sh.600048,2.73,2.78,2.66,2.68,10636986
2007/4/16,sh.600048,2.66,2.73,2.64,2.69,8149271
2007/4/17,sh.600048,2.70,2.80,2.65,2.73,10956529
2007/4/18,sh.600048,2.73,2.73,2.64,2.65,8410308
2007/4/19,sh.600048,2.61,2.61,2.39,2.39,17890529
2007/4/20,sh.600048,2.42,2.49,2.41,2.46,10255202
2007/4/23,sh.600048,2.47,2.55,2.42,2.50,9656300
2007/4/24,sh.600048,2.48,2.48,2.36,2.41,13088586
2007/4/25,sh.600048,2.37,2.48,2.33,2.47,11908825
2007/4/26,sh.600048,2.47,2.47,2.39,2.43,8160593
2007/4/27,sh.600048,2.39,2.39,2.27,2.33,14991192
2007/4/30,sh.600048,2.26,2.30,2.20,2.27,9983577
2007/5/8,sh.600048,2.28,2.49,2.28,2.49,12804456
2007/5/9,sh.600048,2.54,2.63,2.35,2.53,17316125
2007/5/10,sh.600048,2.51,2.53,2.43,2.46,8928827
2007/5/11,sh.600048,2.44,2.44,2.35,2.38,8525285
2007/5/14,sh.600048,2.38,2.38,2.38,2.38,INVALID
2007/5/15,sh.600048,2.48,2.54,2.32,2.33,11611345
2007/5/16,sh.600048,2.30,2.38,2.23,2.36,8845780
2007/5/17,sh.600048,2.42,2.46,2.35,2.44,10798958
2007/5/18,sh.600048,2.45,2.65,2.45,2.60,23765043
2007/5/21,sh.600048,2.57,2.79,2.55,2.73,18893290
2007/5/22,sh.600048,2.73,2.78,2.67,2.72,11225530
2007/5/23,sh.600048,2.69,2.98,2.69,2.93,14477584
2007/5/24,sh.600048,2.93,3.07,2.84,2.98,15016430
2007/5/25,sh.600048,2.94,3.01,2.88,2.96,8630115
2007/5/28,sh.600048,2.97,3.03,2.92,2.96,8529698
2007/5/29,sh.600048,2.97,3.24,2.97,3.18,10129704
2007/5/30,sh.600048,2.95,3.25,2.87,3.01,16009411
2007/5/31,sh.600048,2.98,3.25,2.89,3.17,11930820
2007/6/1,sh.600048,3.16,3.40,2.85,2.99,20267703
2007/6/4,sh.600048,2.95,2.95,2.69,2.69,8520966
2007/6/5,sh.600048,2.59,2.86,2.58,2.85,10158805
2007/6/6,sh.600048,2.88,2.97,2.80,2.94,8270940
2007/6/7,sh.600048,2.95,3.09,2.89,3.01,7689250
2007/6/8,sh.600048,3.01,3.01,2.91,2.99,6842232
2007/6/11,sh.600048,3.00,3.05,2.95,3.02,8203764
2007/6/12,sh.600048,3.05,3.05,2.92,3.04,7663640
2007/6/13,sh.600048,3.08,3.34,3.08,3.34,13514212
2007/6/14,sh.600048,3.29,3.34,3.20,3.22,7641477
2007/6/15,sh.600048,3.18,3.37,3.15,3.30,8464223
2007/6/18,sh.600048,3.34,3.44,3.26,3.40,6812249
2007/6/19,sh.600048,3.34,3.61,3.34,3.55,7996715
2007/6/20,sh.600048,3.52,3.71,3.39,3.42,8942748
2007/6/21,sh.600048,3.40,3.59,3.40,3.48,5182097
2007/6/22,sh.600048,3.48,3.57,3.28,3.43,5915500
2007/6/25,sh.600048,3.42,3.59,3.39,3.55,7788544
2007/6/26,sh.600048,3.47,3.53,3.38,3.49,4384725
2007/6/27,sh.600048,3.53,3.73,3.53,3.69,5839671
2007/6/28,sh.600048,3.71,3.76,3.56,3.56,5248221
2007/6/29,sh.600048,3.51,3.56,3.34,3.48,3945478
2007/7/2,sh.600048,3.38,3.48,3.27,3.35,2658007
2007/7/3,sh.600048,3.38,3.47,3.36,3.45,1870645
2007/7/4,sh.600048,3.48,3.63,3.45,3.51,4683944
2007/7/5,sh.600048,3.48,3.63,3.41,3.43,4031770
2007/7/6,sh.600048,3.41,3.60,3.41,3.57,4119159
2007/7/9,sh.600048,3.58,3.83,3.58,3.78,4327367
2007/7/10,sh.600048,3.83,3.83,3.64,3.65,5671942
2007/7/11,sh.600048,3.64,3.81,3.62,3.76,3616999
2007/7/12,sh.600048,3.79,3.89,3.73,3.82,2690093
2007/7/13,sh.600048,3.82,3.92,3.78,3.82,2240098
2007/7/16,sh.600048,3.82,3.83,3.69,3.70,2331045
2007/7/17,sh.600048,3.69,4.07,3.68,4.07,5462450
2007/7/18,sh.600048,4.07,4.21,4.02,4.03,7233246
2007/7/19,sh.600048,4.01,4.17,4.00,4.12,4394803
2007/7/20,sh.600048,4.12,4.48,4.12,4.46,7092877
2007/7/23,sh.600048,4.51,4.69,4.39,4.48,7813937
2007/7/24,sh.600048,4.49,4.83,4.42,4.67,7187231
2007/7/25,sh.600048,4.67,4.79,4.52,4.75,5287472
2007/7/26,sh.600048,4.77,4.80,4.60,4.72,4956328
2007/7/27,sh.600048,5.20,5.20,4.73,5.15,6400145
2007/7/30,sh.600048,5.19,5.38,5.07,5.24,8625052
2007/7/31,sh.600048,5.25,5.53,5.17,5.22,6074205
2007/8/1,sh.600048,5.22,5.22,5.22,5.22,INVALID
2007/8/2,sh.600048,5.22,5.22,5.22,5.22,INVALID
2007/8/3,sh.600048,5.22,5.22,5.22,5.22,INVALID
2007/8/6,sh.600048,5.22,5.22,5.22,5.22,INVALID
2007/8/7,sh.600048,5.74,5.74,5.49,5.74,21968277
2007/8/8,sh.600048,5.71,5.71,5.30,5.45,10094789
2007/8/9,sh.600048,5.38,5.91,5.34,5.83,9758899
2007/8/10,sh.600048,5.75,5.75,5.44,5.70,10184767
2007/8/13,sh.600048,5.57,5.62,5.36,5.49,7274689
2007/8/14,sh.600048,5.44,5.55,5.36,5.47,8568652
2007/8/15,sh.600048,5.57,5.85,5.57,5.59,7331576
2007/8/16,sh.600048,5.51,5.72,5.37,5.45,5400530
2007/8/17,sh.600048,5.38,5.53,5.19,5.27,5136632
2007/8/20,sh.600048,5.39,5.58,5.39,5.56,4471170
2007/8/21,sh.600048,5.49,5.85,5.44,5.77,10029698
2007/8/22,sh.600048,5.65,5.92,5.61,5.85,6267848
2007/8/23,sh.600048,5.83,6.44,5.80,6.30,13854089
2007/8/24,sh.600048,6.29,6.47,6.21,6.39,5875682
2007/8/27,sh.600048,6.44,6.67,6.35,6.43,4232633
2007/8/28,sh.600048,6.39,6.53,5.92,6.49,6635790
2007/8/29,sh.600048,6.41,6.58,6.20,6.26,4055178
2007/8/30,sh.600048,6.28,6.48,6.13,6.14,4554736
2007/8/31,sh.600048,6.16,6.43,6.10,6.36,4849226
2007/9/3,sh.600048,6.35,6.66,6.24,6.46,3574922
2007/9/4,sh.600048,6.46,6.59,6.34,6.36,6524761
2007/9/5,sh.600048,6.37,6.44,6.10,6.14,3739893
2007/9/6,sh.600048,6.15,6.27,5.98,6.10,4198923
2007/9/7,sh.600048,6.09,6.09,5.93,5.96,3231954
2007/9/10,sh.600048,5.83,6.08,5.61,5.98,9523169
2007/9/11,sh.600048,6.03,6.11,5.76,5.81,7247422
2007/9/12,sh.600048,5.80,5.97,5.64,5.73,6786725
2007/9/13,sh.600048,5.80,6.21,5.80,5.96,7407082
2007/9/14,sh.600048,5.94,6.04,5.53,5.76,8327381
2007/9/17,sh.600048,5.65,5.87,5.64,5.75,3758232
2007/9/18,sh.600048,5.83,5.83,5.51,5.53,4748912
2007/9/19,sh.600048,5.54,5.73,5.51,5.60,4546069
2007/9/20,sh.600048,5.63,5.72,5.45,5.47,7344610
2007/9/21,sh.600048,5.47,5.56,5.28,5.39,5419516
2007/9/24,sh.600048,5.38,5.72,5.27,5.69,7617379
2007/9/25,sh.600048,5.66,6.08,5.62,5.91,6823250
2007/9/26,sh.600048,5.87,5.95,5.57,5.59,5646113
2007/9/27,sh.600048,5.62,5.62,5.34,5.51,3739583
2007/9/28,sh.600048,5.47,5.76,5.47,5.65,5724039
2007/10/8,sh.600048,5.70,6.21,5.53,6.21,11535751
2007/10/9,sh.600048,6.17,6.46,6.08,6.15,8648582
2007/10/10,sh.600048,6.12,6.37,6.09,6.14,3372984
2007/10/11,sh.600048,6.14,6.29,6.05,6.14,2823302
2007/10/12,sh.600048,6.07,6.16,5.52,5.76,6635828
2007/10/15,sh.600048,5.62,5.74,5.33,5.44,7465209
2007/10/16,sh.600048,5.45,5.77,5.45,5.60,5361936
2007/10/17,sh.600048,5.53,5.68,5.38,5.53,2934822
2007/10/18,sh.600048,5.46,5.65,5.30,5.36,3184630
2007/10/19,sh.600048,5.65,5.83,5.53,5.69,3578605
2007/10/22,sh.600048,5.61,5.95,5.45,5.79,5683645
2007/10/23,sh.600048,5.83,6.03,5.71,5.98,5498387
2007/10/24,sh.600048,5.98,6.58,5.98,6.19,7333970
2007/10/25,sh.600048,6.13,6.37,6.05,6.18,4031627
2007/10/26,sh.600048,6.18,6.67,6.18,6.53,6535846
2007/10/29,sh.600048,6.53,6.53,6.53,6.53,INVALID
2007/10/30,sh.600048,6.54,6.83,6.54,6.65,4329608
2007/10/31,sh.600048,6.67,7.05,6.45,7.00,5002339
2007/11/1,sh.600048,6.87,7.46,6.82,7.29,5016889
2007/11/2,sh.600048,7.11,7.36,6.85,7.01,3129821
2007/11/5,sh.600048,6.75,6.93,6.51,6.68,2817247
2007/11/6,sh.600048,6.57,6.78,6.51,6.66,1520302
2007/11/7,sh.600048,6.73,6.73,6.44,6.73,1502657
2007/11/8,sh.600048,6.67,6.80,6.58,6.58,1641745
2007/11/9,sh.600048,6.58,6.73,6.36,6.40,2518987
2007/11/12,sh.600048,6.26,6.67,6.21,6.58,2157653
2007/11/13,sh.600048,6.61,6.74,6.28,6.29,2557127
2007/11/14,sh.600048,6.29,6.63,6.21,6.58,2499227
2007/11/15,sh.600048,6.55,6.55,6.31,6.34,1419331
2007/11/16,sh.600048,6.27,6.34,5.95,6.06,5519007
2007/11/19,sh.600048,5.99,6.01,5.52,5.55,5585225
2007/11/20,sh.600048,5.54,5.72,5.30,5.68,6946440
2007/11/21,sh.600048,5.66,5.77,5.57,5.73,3519657
2007/11/22,sh.600048,5.63,5.76,5.34,5.41,3293524
2007/11/23,sh.600048,5.30,5.61,5.30,5.51,1721352
2007/11/26,sh.600048,5.64,5.67,5.38,5.40,944308
2007/11/27,sh.600048,5.40,5.49,4.92,4.99,3560253
2007/11/28,sh.600048,4.89,5.15,4.75,4.89,4074673
2007/11/29,sh.600048,4.96,5.11,4.95,5.10,3726464
2007/11/30,sh.600048,5.10,5.33,5.05,5.18,2725553
2007/12/3,sh.600048,5.14,5.55,5.11,5.40,4176126
2007/12/4,sh.600048,5.37,5.58,5.36,5.54,3198296
2007/12/5,sh.600048,5.55,5.64,5.45,5.56,1982490
2007/12/6,sh.600048,5.53,5.60,5.34,5.41,1675354
2007/12/7,sh.600048,5.50,5.50,5.22,5.42,1498359
2007/12/10,sh.600048,5.23,5.42,5.21,5.33,6372595
2007/12/11,sh.600048,5.40,5.41,5.08,5.21,4530099
2007/12/12,sh.600048,5.14,5.14,4.88,4.97,7608535
2007/12/13,sh.600048,4.92,4.92,4.47,4.53,11646965
2007/12/14,sh.600048,4.46,4.70,4.39,4.62,5006072
2007/12/17,sh.600048,4.61,4.61,4.21,4.31,14017887
2007/12/18,sh.600048,4.24,4.42,4.20,4.30,4742725
2007/12/19,sh.600048,4.35,4.45,4.34,4.42,2167495
2007/12/20,sh.600048,4.39,4.67,4.29,4.66,3575615
2007/12/21,sh.600048,4.55,4.71,4.55,4.58,3476562
2007/12/24,sh.600048,4.73,4.73,4.37,4.55,9427950
2007/12/25,sh.600048,4.55,4.55,4.44,4.47,5692151
2007/12/26,sh.600048,4.49,4.55,4.34,4.47,5840547
2007/12/27,sh.600048,4.47,4.77,4.34,4.77,10472214
2007/12/28,sh.600048,4.75,4.95,4.68,4.91,9415402
2008/1/2,sh.600048,4.89,5.02,4.69,4.95,5575311
2008/1/3,sh.600048,4.85,4.92,4.75,4.88,3016450
2008/1/4,sh.600048,4.87,5.22,4.79,5.18,6086655
2008/1/7,sh.600048,5.18,5.37,5.12,5.20,4968615
2008/1/8,sh.600048,5.15,5.24,5.01,5.08,8253941
2008/1/9,sh.600048,5.08,5.27,5.01,5.27,5532147
2008/1/10,sh.600048,5.26,5.69,5.26,5.68,5857236
2008/1/11,sh.600048,5.69,5.77,5.61,5.76,3303925
2008/1/14,sh.600048,5.76,6.10,5.72,6.06,5175536
2008/1/15,sh.600048,6.07,6.10,5.65,5.68,5913987
2008/1/16,sh.600048,5.64,5.64,5.15,5.26,7117703
2008/1/17,sh.600048,5.20,5.36,4.96,5.26,5786533
2008/1/18,sh.600048,5.27,5.46,5.14,5.27,4114269
2008/1/21,sh.600048,5.24,5.29,4.74,4.96,4111661
2008/1/22,sh.600048,4.76,4.91,4.46,4.48,5090883
2008/1/23,sh.600048,4.55,4.77,4.47,4.70,3896675
2008/1/24,sh.600048,4.74,4.81,4.32,4.79,8205691
2008/1/25,sh.600048,4.72,5.26,4.62,5.14,7062649
2008/1/28,sh.600048,5.08,5.08,4.81,4.82,5388287
2008/1/29,sh.600048,4.81,5.21,4.81,4.99,3455042
2008/1/30,sh.600048,5.12,5.32,5.05,5.23,6673943
2008/1/31,sh.600048,5.36,5.42,5.11,5.23,3696299
2008/2/1,sh.600048,5.20,5.38,5.13,5.30,3844172
2008/2/4,sh.600048,5.45,5.82,5.45,5.80,7296940
2008/2/5,sh.600048,5.80,5.97,5.45,5.65,4311993
2008/2/13,sh.600048,5.53,5.81,5.34,5.68,4444387
2008/2/14,sh.600048,5.68,5.76,5.44,5.57,2584552
2008/2/15,sh.600048,5.49,5.53,5.29,5.40,2515244
2008/2/18,sh.600048,5.53,5.64,5.45,5.59,3278735
2008/2/19,sh.600048,5.57,5.71,5.47,5.70,2562449
2008/2/20,sh.600048,5.72,5.74,5.29,5.30,3891995
2008/2/21,sh.600048,5.28,5.28,5.03,5.10,5769557
2008/2/22,sh.600048,5.07,5.07,4.73,4.81,3722559
2008/2/25,sh.600048,4.79,4.96,4.57,4.70,4817421
2008/2/26,sh.600048,4.85,4.95,4.51,4.70,4411947
2008/2/27,sh.600048,4.73,4.89,4.70,4.83,4163261
2008/2/28,sh.600048,4.87,4.87,4.69,4.82,3066948
2008/2/29,sh.600048,4.82,4.82,4.82,4.82,INVALID
2008/3/3,sh.600048,4.82,5.00,4.69,4.92,3403273
2008/3/4,sh.600048,4.92,4.96,4.66,4.68,3946599
2008/3/5,sh.600048,4.68,4.81,4.41,4.70,6505107
2008/3/6,sh.600048,4.72,4.82,4.59,4.69,4614372
2008/3/7,sh.600048,4.60,4.81,4.57,4.79,3558751
2008/3/10,sh.600048,4.79,4.88,4.61,4.63,3597690
2008/3/11,sh.600048,4.55,4.70,4.32,4.40,6268312
2008/3/12,sh.600048,4.54,4.58,3.96,3.96,18457512
2008/3/13,sh.600048,3.80,3.84,3.56,3.68,28778402
2008/3/14,sh.600048,3.64,3.82,3.52,3.71,7787581
2008/3/17,sh.600048,3.70,3.94,3.64,3.79,11291950
2008/3/18,sh.600048,3.76,3.94,3.61,3.70,10678454
2008/3/19,sh.600048,3.79,4.07,3.67,4.01,18663682
2008/3/20,sh.600048,3.93,4.29,3.80,4.18,24386830
2008/3/21,sh.600048,4.22,4.49,4.13,4.37,23315022
2008/3/24,sh.600048,4.44,4.59,4.02,4.04,15363657
2008/3/25,sh.600048,3.92,4.44,3.87,4.44,28249214
2008/3/26,sh.600048,4.47,4.63,4.25,4.40,21154760
2008/3/27,sh.600048,4.32,4.65,4.24,4.44,21597719
2008/3/28,sh.600048,4.38,4.64,4.25,4.61,32269277
2008/3/31,sh.600048,4.47,4.71,4.41,4.51,19227807
2008/4/1,sh.600048,4.52,4.57,4.06,4.07,27052122
2008/4/2,sh.600048,4.13,4.23,3.90,3.98,25904422
2008/4/3,sh.600048,3.93,3.99,3.67,3.94,23137778
2008/4/7,sh.600048,3.82,4.23,3.78,4.18,12905228
2008/4/8,sh.600048,4.18,4.43,4.11,4.40,19028578
2008/4/9,sh.600048,4.35,4.54,4.07,4.08,16497156
2008/4/10,sh.600048,4.02,4.20,3.92,4.15,10022825
2008/4/11,sh.600048,4.15,4.27,4.05,4.10,8113181
2008/4/14,sh.600048,4.00,4.00,3.69,3.69,30962622
2008/4/15,sh.600048,3.61,3.61,3.32,3.53,31618684
2008/4/16,sh.600048,3.44,3.52,3.34,3.34,10233198
2008/4/17,sh.600048,3.35,3.48,3.14,3.20,12066535
2008/4/18,sh.600048,3.16,3.20,2.88,2.96,14628824
2008/4/21,sh.600048,3.20,3.22,2.67,2.72,28633709
2008/4/22,sh.600048,2.58,2.91,2.51,2.85,18821313
2008/4/23,sh.600048,2.81,3.10,2.76,3.08,22305082
2008/4/24,sh.600048,3.39,3.39,3.26,3.38,36974409
2008/4/25,sh.600048,3.37,3.66,3.30,3.49,30746059
2008/4/28,sh.600048,3.41,3.50,3.26,3.27,14625064
2008/4/29,sh.600048,3.19,3.35,3.16,3.29,10491578
2008/4/30,sh.600048,3.29,3.55,3.29,3.48,18695344
2008/5/5,sh.600048,3.51,3.62,3.40,3.53,16498531
2008/5/6,sh.600048,3.49,3.56,3.37,3.53,20054641
2008/5/7,sh.600048,3.55,3.63,3.23,3.27,24485711
2008/5/8,sh.600048,3.16,3.33,3.09,3.26,21902429
2008/5/9,sh.600048,3.32,3.34,3.05,3.11,29088766
2008/5/12,sh.600048,3.01,3.08,2.81,3.00,24519441
2008/5/13,sh.600048,2.86,3.12,2.79,3.02,19913033
2008/5/14,sh.600048,3.00,3.13,2.97,3.13,20544351
2008/5/15,sh.600048,3.18,3.34,3.09,3.09,24472052
2008/5/16,sh.600048,3.08,3.13,2.96,3.00,15931203
2008/5/19,sh.600048,3.00,3.03,2.84,2.90,13666761
2008/5/20,sh.600048,2.90,2.98,2.70,2.72,18292652
2008/5/21,sh.600048,2.70,2.79,2.61,2.78,16863209
2008/5/22,sh.600048,2.72,2.73,2.64,2.67,14099550
2008/5/23,sh.600048,2.63,2.72,2.56,2.64,10957668
2008/5/26,sh.600048,2.60,2.73,2.54,2.69,18387777
2008/5/27,sh.600048,2.67,2.77,2.63,2.70,18371380
2008/5/28,sh.600048,2.71,2.81,2.71,2.77,26044188
2008/5/29,sh.600048,2.77,2.77,2.61,2.62,18806611
2008/5/30,sh.600048,2.59,2.67,2.58,2.62,16732233
2008/6/2,sh.600048,2.59,2.61,2.53,2.57,12053337
2008/6/3,sh.600048,2.56,2.62,2.54,2.58,11077190
2008/6/4,sh.600048,2.59,2.74,2.58,2.73,30481620
2008/6/5,sh.600048,2.68,2.76,2.66,2.71,19409042
2008/6/6,sh.600048,2.70,2.74,2.65,2.69,9986702
2008/6/10,sh.600048,2.58,2.58,2.42,2.42,12692812
2008/6/11,sh.600048,2.34,2.38,2.20,2.25,13293355
2008/6/12,sh.600048,2.24,2.33,2.14,2.29,15878675
2008/6/13,sh.600048,2.25,2.28,2.12,2.12,10153450
2008/6/16,sh.600048,2.11,2.23,2.02,2.15,18998023
2008/6/17,sh.600048,2.15,2.18,2.03,2.03,14761499
2008/6/18,sh.600048,2.03,2.14,1.94,2.10,16475747
2008/6/19,sh.600048,2.09,2.09,1.89,1.89,11095258
2008/6/20,sh.600048,1.89,2.05,1.83,1.94,15077274
2008/6/23,sh.600048,1.88,2.01,1.87,1.91,10079702
2008/6/24,sh.600048,1.92,2.11,1.87,2.11,29332581
2008/6/25,sh.600048,2.12,2.26,2.11,2.23,26640768
2008/6/26,sh.600048,2.20,2.29,2.16,2.23,22241325
2008/6/27,sh.600048,2.12,2.14,2.01,2.02,21243789
2008/6/30,sh.600048,1.97,2.07,1.96,2.05,9410064
2008/7/1,sh.600048,2.04,2.05,1.93,1.94,7471615
2008/7/2,sh.600048,1.92,2.03,1.91,2.00,9848181
2008/7/3,sh.600048,1.94,2.13,1.91,2.05,12615744
2008/7/4,sh.600048,2.05,2.24,2.02,2.14,22978052
2008/7/7,sh.600048,2.11,2.36,2.11,2.36,28465952
2008/7/8,sh.600048,2.35,2.45,2.31,2.38,26854980
2008/7/9,sh.600048,2.46,2.62,2.46,2.62,35716396
2008/7/10,sh.600048,2.62,2.85,2.54,2.69,54364813
2008/7/11,sh.600048,2.63,2.69,2.50,2.56,35296434
2008/7/14,sh.600048,2.53,2.64,2.48,2.55,24363762
2008/7/15,sh.600048,2.55,2.59,2.29,2.29,39943935
2008/7/16,sh.600048,2.24,2.24,2.10,2.18,33025264
2008/7/17,sh.600048,2.21,2.26,2.08,2.11,25036150
2008/7/18,sh.600048,2.16,2.21,2.02,2.18,24686866
2008/7/21,sh.600048,2.12,2.38,2.11,2.33,29020439
2008/7/22,sh.600048,2.31,2.42,2.31,2.37,23470277
2008/7/23,sh.600048,2.40,2.42,2.29,2.33,17800098
2008/7/24,sh.600048,2.35,2.56,2.34,2.56,45698794
2008/7/25,sh.600048,2.56,2.56,2.56,2.56,INVALID
2008/7/28,sh.600048,2.62,2.69,2.53,2.56,44079121
2008/7/29,sh.600048,2.48,2.63,2.43,2.60,30256508
2008/7/30,sh.600048,2.64,2.70,2.53,2.56,16850967
2008/7/31,sh.600048,2.55,2.56,2.32,2.37,20785066
2008/8/1,sh.600048,2.35,2.51,2.31,2.45,24476880
2008/8/4,sh.600048,2.40,2.45,2.35,2.37,9298411
2008/8/5,sh.600048,2.37,2.37,2.17,2.20,21408810
2008/8/6,sh.600048,2.22,2.24,2.12,2.20,15993196
2008/8/7,sh.600048,2.16,2.27,2.16,2.21,12196595
2008/8/8,sh.600048,2.20,2.24,2.03,2.05,14273814
2008/8/11,sh.600048,2.02,2.09,1.94,2.01,14293719
2008/8/12,sh.600048,2.00,2.12,1.99,2.05,11806115
2008/8/13,sh.600048,2.02,2.21,1.99,2.19,14422572
2008/8/14,sh.600048,2.18,2.24,2.14,2.19,10982415
2008/8/15,sh.600048,2.15,2.25,2.11,2.11,9888247
2008/8/18,sh.600048,2.10,2.12,2.00,2.02,8385449
2008/8/19,sh.600048,1.98,2.09,1.95,2.08,5690899
2008/8/20,sh.600048,2.05,2.29,2.01,2.29,28537932
2008/8/21,sh.600048,2.24,2.30,2.16,2.17,19942382
2008/8/22,sh.600048,2.15,2.17,2.05,2.09,13522314
2008/8/25,sh.600048,2.09,2.14,2.02,2.08,6962961
2008/8/26,sh.600048,2.02,2.12,2.00,2.09,9046038
2008/8/27,sh.600048,2.06,2.15,2.04,2.12,12115154
2008/8/28,sh.600048,2.08,2.15,2.08,2.12,9442759
2008/8/29,sh.600048,2.13,2.28,2.11,2.20,16646218
2008/9/1,sh.600048,2.18,2.19,2.14,2.16,10390926
2008/9/2,sh.600048,2.13,2.23,2.13,2.21,10237024
2008/9/3,sh.600048,2.18,2.23,2.11,2.16,9277714
2008/9/4,sh.600048,2.14,2.21,2.12,2.17,5178585
2008/9/5,sh.600048,2.10,2.13,2.01,2.02,12847329
2008/9/8,sh.600048,2.02,2.04,1.82,1.82,20054685
2008/9/9,sh.600048,1.84,1.88,1.82,1.84,7360123
2008/9/10,sh.600048,1.82,1.92,1.78,1.82,7742903
2008/9/11,sh.600048,1.80,1.82,1.69,1.69,7430167
2008/9/12,sh.600048,1.69,1.76,1.67,1.71,10978473
2008/9/16,sh.600048,1.76,1.84,1.76,1.79,26484244
2008/9/17,sh.600048,1.77,1.82,1.71,1.77,13049603
2008/9/18,sh.600048,1.73,1.82,1.65,1.81,12501571
2008/9/19,sh.600048,1.99,1.99,1.94,1.99,13995463
2008/9/22,sh.600048,2.14,2.19,2.03,2.13,39735241
2008/9/23,sh.600048,2.02,2.06,1.97,2.01,19741087
2008/9/24,sh.600048,1.93,1.96,1.81,1.93,14003274
2008/9/25,sh.600048,1.93,2.11,1.89,2.05,27721578
2008/9/26,sh.600048,2.05,2.25,2.00,2.25,33113413
2008/10/6,sh.600048,2.17,2.33,2.09,2.19,23243655
2008/10/7,sh.600048,2.08,2.40,2.06,2.32,26002340
2008/10/8,sh.600048,2.26,2.39,2.22,2.29,21387295
2008/10/9,sh.600048,2.35,2.37,2.08,2.11,28785350
2008/10/10,sh.600048,2.00,2.09,2.00,2.04,10016390
2008/10/13,sh.600048,2.03,2.23,1.88,2.17,25681857
2008/10/14,sh.600048,2.24,2.34,2.11,2.11,32288586
2008/10/15,sh.600048,2.11,2.18,2.04,2.12,19596777
2008/10/16,sh.600048,2.01,2.27,1.99,2.18,33511745
2008/10/17,sh.600048,2.24,2.26,2.11,2.22,19481943
2008/10/20,sh.600048,2.22,2.36,2.19,2.36,27566597
2008/10/21,sh.600048,2.37,2.37,2.24,2.28,26018725
2008/10/22,sh.600048,2.24,2.28,2.15,2.16,21205836
2008/10/23,sh.600048,2.21,2.32,2.14,2.29,40938598
2008/10/24,sh.600048,2.29,2.30,2.14,2.17,16755313
2008/10/27,sh.600048,2.12,2.14,2.00,2.01,16925252
2008/10/28,sh.600048,1.94,2.13,1.88,2.12,17500828
2008/10/29,sh.600048,2.12,2.17,2.05,2.09,15316960
2008/10/30,sh.600048,2.11,2.21,2.11,2.15,13554557
2008/10/31,sh.600048,2.14,2.18,2.11,2.14,5325766
2008/11/3,sh.600048,2.09,2.19,2.06,2.12,5639055
2008/11/4,sh.600048,2.12,2.14,1.95,1.96,14706728
2008/11/5,sh.600048,1.97,2.07,1.96,2.00,13912603
2008/11/6,sh.600048,1.96,1.96,1.89,1.90,10769990
2008/11/7,sh.600048,1.84,1.97,1.84,1.95,8162292
2008/11/10,sh.600048,2.00,2.14,1.99,2.14,16474076
2008/11/11,sh.600048,2.17,2.30,2.13,2.21,23087920
2008/11/12,sh.600048,2.18,2.26,2.16,2.23,15148761
2008/11/13,sh.600048,2.18,2.41,2.15,2.33,36512229
2008/11/14,sh.600048,2.37,2.47,2.34,2.43,30766823
2008/11/17,sh.600048,2.38,2.41,2.28,2.41,29564371
2008/11/18,sh.600048,2.35,2.42,2.20,2.25,30556161
2008/11/19,sh.600048,2.26,2.47,2.22,2.47,29815329
2008/11/20,sh.600048,2.41,2.65,2.40,2.56,43515790
2008/11/21,sh.600048,2.46,2.80,2.45,2.73,43123627
2008/11/24,sh.600048,2.69,2.69,2.53,2.54,22466584
2008/11/25,sh.600048,2.58,2.66,2.47,2.57,21344934
2008/11/26,sh.600048,2.55,2.77,2.53,2.64,26549855
2008/11/27,sh.600048,2.90,2.90,2.65,2.66,55886155
2008/11/28,sh.600048,2.62,2.69,2.55,2.58,22567243
2008/12/1,sh.600048,2.56,2.64,2.48,2.58,20436088
2008/12/2,sh.600048,2.52,2.63,2.49,2.58,13212401
2008/12/3,sh.600048,2.60,2.72,2.58,2.70,18124874
2008/12/4,sh.600048,2.72,2.86,2.69,2.70,25099768
2008/12/5,sh.600048,2.72,2.86,2.69,2.83,20046141
2008/12/8,sh.600048,2.87,2.94,2.77,2.85,38120205
2008/12/9,sh.600048,2.85,2.85,2.73,2.74,15913814
2008/12/10,sh.600048,2.71,2.79,2.65,2.77,18272947
2008/12/11,sh.600048,2.76,2.89,2.73,2.78,17831967
2008/12/12,sh.600048,2.75,2.79,2.55,2.60,15488746
2008/12/15,sh.600048,2.65,2.66,2.53,2.59,8471988
2008/12/16,sh.600048,2.58,2.79,2.56,2.78,15857022
2008/12/17,sh.600048,2.81,2.83,2.73,2.78,20738792
2008/12/18,sh.600048,2.83,2.83,2.70,2.78,26607362
2008/12/19,sh.600048,2.75,2.78,2.68,2.75,15912370
2008/12/22,sh.600048,2.70,2.74,2.57,2.60,21642979
2008/12/23,sh.600048,2.62,2.63,2.41,2.43,28466123
2008/12/24,sh.600048,2.40,2.43,2.32,2.35,15804829
2008/12/25,sh.600048,2.35,2.38,2.24,2.31,19277010
2008/12/26,sh.600048,2.31,2.32,2.24,2.24,13889846
2008/12/29,sh.600048,2.21,2.26,2.12,2.26,18195594
2008/12/30,sh.600048,2.23,2.28,2.17,2.19,14944467
2008/12/31,sh.600048,2.18,2.24,2.17,2.18,12731927
2009/1/5,sh.600048,2.21,2.34,2.20,2.34,15807219
2009/1/6,sh.600048,2.33,2.45,2.31,2.41,21501140
2009/1/7,sh.600048,2.43,2.47,2.39,2.39,13298539
2009/1/8,sh.600048,2.34,2.46,2.32,2.46,16105288
2009/1/9,sh.600048,2.45,2.50,2.41,2.47,11090647
2009/1/12,sh.600048,2.44,2.50,2.41,2.43,12047565
2009/1/13,sh.600048,2.40,2.41,2.28,2.29,13568857
2009/1/14,sh.600048,2.28,2.40,2.28,2.38,12858463
2009/1/15,sh.600048,2.35,2.46,2.34,2.43,16814568
2009/1/16,sh.600048,2.43,2.56,2.41,2.54,22787647
2009/1/19,sh.600048,2.54,2.64,2.54,2.59,31439473
2009/1/20,sh.600048,2.56,2.59,2.46,2.50,14531054
2009/1/21,sh.600048,2.46,2.56,2.45,2.51,23487538
2009/1/22,sh.600048,2.52,2.56,2.40,2.49,28055978
2009/1/23,sh.600048,2.47,2.56,2.46,2.50,13478570
2009/2/2,sh.600048,2.53,2.55,2.47,2.50,7664314
2009/2/3,sh.600048,2.49,2.52,2.39,2.50,28286052
2009/2/4,sh.600048,2.50,2.59,2.48,2.59,27891603
2009/2/5,sh.600048,2.59,2.68,2.52,2.53,31124350
2009/2/6,sh.600048,2.57,2.78,2.56,2.74,43576336
2009/2/9,sh.600048,2.73,2.86,2.73,2.80,32902176
2009/2/10,sh.600048,2.80,2.92,2.75,2.82,24232601
2009/2/11,sh.600048,2.77,2.86,2.68,2.73,28435127
2009/2/12,sh.600048,2.73,2.84,2.63,2.81,27686301
2009/2/13,sh.600048,2.82,2.97,2.80,2.94,41917565
2009/2/16,sh.600048,2.96,3.08,2.88,2.90,48161117
2009/2/17,sh.600048,2.93,2.97,2.77,2.78,37981121
2009/2/18,sh.600048,2.79,2.79,2.65,2.70,47583220
2009/2/19,sh.600048,2.73,2.93,2.71,2.86,35317788
2009/2/20,sh.600048,2.86,2.91,2.80,2.86,26405146
2009/2/23,sh.600048,2.95,3.07,2.95,3.04,54409389
2009/2/24,sh.600048,3.00,3.20,2.98,3.02,52924361
2009/2/25,sh.600048,3.00,3.07,2.81,2.89,32881412
2009/2/26,sh.600048,2.87,2.98,2.72,2.79,21565423
2009/2/27,sh.600048,2.74,2.76,2.55,2.64,30421069
2009/3/2,sh.600048,2.66,2.82,2.64,2.79,15755135
2009/3/3,sh.600048,2.73,2.86,2.70,2.77,21133731
2009/3/4,sh.600048,2.84,3.02,2.84,3.02,25512607
2009/3/5,sh.600048,3.05,3.17,3.01,3.09,37705922
2009/3/6,sh.600048,3.03,3.22,3.00,3.09,24456655
2009/3/9,sh.600048,3.19,3.32,3.00,3.10,31221060
2009/3/10,sh.600048,3.10,3.10,3.10,3.10,INVALID
2009/3/11,sh.600048,3.22,3.23,2.99,2.99,21196078
2009/3/12,sh.600048,2.97,3.12,2.85,3.08,27146459
2009/3/13,sh.600048,3.07,3.16,3.02,3.05,20447085
2009/3/16,sh.600048,3.03,3.19,2.98,3.16,21038184
2009/3/17,sh.600048,3.17,3.44,3.16,3.43,36994114
2009/3/18,sh.600048,3.44,3.51,3.38,3.40,29513382
2009/3/19,sh.600048,3.40,3.45,3.34,3.43,22682556
2009/3/20,sh.600048,3.41,3.41,3.16,3.27,45483773
2009/3/23,sh.600048,3.25,3.46,3.22,3.45,36106506
2009/3/24,sh.600048,3.47,3.59,3.45,3.49,31110678
2009/3/25,sh.600048,3.43,3.54,3.35,3.35,19598090
2009/3/26,sh.600048,3.36,3.43,3.23,3.41,18927373
2009/3/27,sh.600048,3.41,3.44,3.33,3.38,16245932
2009/3/30,sh.600048,3.34,3.36,3.26,3.27,19269171
2009/3/31,sh.600048,3.20,3.35,3.16,3.34,20422953
2009/4/1,sh.600048,3.34,3.47,3.31,3.41,24052666
2009/4/2,sh.600048,3.42,3.53,3.39,3.48,29796277
2009/4/3,sh.600048,3.50,3.61,3.49,3.50,28301310
2009/4/7,sh.600048,3.50,3.54,3.38,3.42,17082429
2009/4/8,sh.600048,3.45,3.46,3.26,3.26,17416353
2009/4/9,sh.600048,3.29,3.35,3.25,3.34,14924565
2009/4/10,sh.600048,3.35,3.48,3.35,3.45,16509555
2009/4/13,sh.600048,3.48,3.61,3.44,3.46,27330409
2009/4/14,sh.600048,3.48,3.64,3.44,3.56,26632563
2009/4/15,sh.600048,3.54,3.55,3.44,3.51,24464571
2009/4/16,sh.600048,3.51,3.53,3.41,3.47,18560997
2009/4/17,sh.600048,3.48,3.81,3.46,3.73,38898102
2009/4/20,sh.600048,3.64,3.72,3.58,3.69,17070608
2009/4/21,sh.600048,3.64,3.73,3.54,3.62,16816148
2009/4/22,sh.600048,3.62,3.65,3.41,3.48,20655953
2009/4/23,sh.600048,3.44,3.51,3.36,3.48,13263037
2009/4/24,sh.600048,3.53,3.55,3.41,3.46,13946003
2009/4/27,sh.600048,3.44,3.47,3.31,3.34,18045116
2009/4/28,sh.600048,3.34,3.41,3.32,3.36,10075219
2009/4/29,sh.600048,3.36,3.58,3.34,3.56,22811795
2009/4/30,sh.600048,3.65,3.87,3.65,3.85,38863096
2009/5/4,sh.600048,3.81,4.04,3.73,3.96,37108273
2009/5/5,sh.600048,4.02,4.16,4.00,4.02,33116229
2009/5/6,sh.600048,4.02,4.18,3.99,4.12,25752954
2009/5/7,sh.600048,4.15,4.17,3.99,4.11,23775350
2009/5/8,sh.600048,4.10,4.39,4.04,4.31,40634473
2009/5/11,sh.600048,4.34,4.54,4.14,4.15,39735941
2009/5/12,sh.600048,4.12,4.41,4.07,4.40,20786191
2009/5/13,sh.600048,4.37,4.52,4.36,4.48,24025317
2009/5/14,sh.600048,4.40,4.56,4.30,4.50,23269619
2009/5/15,sh.600048,4.51,4.54,4.35,4.46,18184535
2009/5/18,sh.600048,4.38,4.40,4.28,4.35,24654305
2009/5/19,sh.600048,4.43,4.63,4.41,4.53,36270891
2009/5/20,sh.600048,4.50,4.59,4.48,4.51,18007545
2009/5/21,sh.600048,4.48,4.48,4.24,4.34,34957560
2009/5/22,sh.600048,4.22,4.32,4.16,4.24,34383538
2009/5/25,sh.600048,4.16,4.35,4.12,4.30,36489605
2009/5/26,sh.600048,4.30,4.30,4.13,4.19,25611317
2009/5/27,sh.600048,4.22,4.26,4.12,4.24,24229065
2009/6/1,sh.600048,4.37,4.52,4.37,4.48,34708038
2009/6/2,sh.600048,4.50,4.74,4.50,4.61,43161003
2009/6/3,sh.600048,4.63,5.04,4.63,5.02,43650223
2009/6/4,sh.600048,5.03,5.03,4.84,4.92,28949640
2009/6/5,sh.600048,4.93,5.01,4.81,4.87,29260679
2009/6/8,sh.600048,4.82,5.17,4.79,5.01,29176504
2009/6/9,sh.600048,5.02,5.10,4.94,5.08,24272441
2009/6/10,sh.600048,5.09,5.21,4.81,4.82,38208848
2009/6/11,sh.600048,4.89,4.89,4.55,4.64,67095441
2009/6/12,sh.600048,4.58,4.78,4.56,4.67,36711794
2009/6/15,sh.600048,4.68,4.77,4.58,4.73,29228160
2009/6/16,sh.600048,4.70,4.76,4.62,4.68,20054876
2009/6/17,sh.600048,4.63,5.14,4.62,5.06,46258863
2009/6/18,sh.600048,5.04,5.16,4.96,5.12,39278725
2009/6/19,sh.600048,5.10,5.25,5.06,5.20,33400192
2009/6/22,sh.600048,5.26,5.28,5.05,5.13,29582586
2009/6/23,sh.600048,4.98,5.16,4.93,5.01,26393269
2009/6/24,sh.600048,5.01,5.13,4.89,5.07,27670750
2009/6/25,sh.600048,5.06,5.38,5.02,5.21,34084230
2009/6/26,sh.600048,5.21,5.35,5.11,5.28,25252686
2009/6/29,sh.600048,5.28,5.60,5.25,5.49,36328830
2009/6/30,sh.600048,5.54,5.61,5.43,5.53,21082624
2009/7/1,sh.600048,5.47,5.83,5.46,5.74,31513599
2009/7/2,sh.600048,5.75,5.79,5.68,5.75,31782147
2009/7/3,sh.600048,5.69,6.06,5.67,6.05,45898317
2009/7/6,sh.600048,6.05,6.13,5.85,5.88,61314284
2009/7/7,sh.600048,5.85,5.85,5.59,5.69,56244332
2009/7/8,sh.600048,5.69,6.00,5.59,5.92,70057127
2009/7/9,sh.600048,5.95,6.05,5.77,5.89,37590561
2009/7/10,sh.600048,5.89,6.11,5.76,6.01,50899214
2009/7/13,sh.600048,5.95,6.00,5.75,5.79,33306878
2009/7/14,sh.600048,5.83,5.97,5.81,5.89,31572926
2009/7/15,sh.600048,5.93,5.94,5.71,5.80,60821732
2009/7/16,sh.600048,5.85,6.01,5.73,5.86,61859733
2009/7/17,sh.600048,5.85,5.93,5.73,5.79,33666835
2009/7/20,sh.600048,5.75,5.75,5.54,5.67,76653282
2009/7/21,sh.600048,5.66,5.82,5.51,5.68,75402849
2009/7/22,sh.600048,5.59,5.79,5.55,5.76,53616049
2009/7/23,sh.600048,5.76,6.06,5.76,6.01,79574649
2009/7/24,sh.600048,6.02,6.11,5.70,5.88,55047917
2009/7/27,sh.600048,5.85,5.88,5.68,5.83,57585392
2009/7/28,sh.600048,5.81,5.94,5.64,5.77,56314915
2009/7/29,sh.600048,5.75,5.75,5.19,5.27,78209243
2009/7/30,sh.600048,5.27,5.39,5.00,5.29,73719783
2009/7/31,sh.600048,5.35,5.45,5.19,5.42,58580704
2009/8/3,sh.600048,5.41,5.41,5.21,5.31,51739991
2009/8/4,sh.600048,5.35,5.55,5.33,5.39,56900629
2009/8/5,sh.600048,5.39,5.39,5.17,5.24,37239885
2009/8/6,sh.600048,5.21,5.54,5.06,5.39,73542778
2009/8/7,sh.600048,5.32,5.40,5.22,5.24,32593654
2009/8/10,sh.600048,5.27,5.34,5.02,5.11,38920813
2009/8/11,sh.600048,5.13,5.22,5.10,5.15,27961053
2009/8/12,sh.600048,5.13,5.31,5.07,5.27,59852783
2009/8/13,sh.600048,5.26,5.52,5.14,5.47,63287240
2009/8/14,sh.600048,5.45,5.54,5.31,5.34,39882743
2009/8/17,sh.600048,5.27,5.40,4.82,4.94,43831598
2009/8/18,sh.600048,4.93,5.12,4.89,4.99,22606109
2009/8/19,sh.600048,5.00,5.06,4.56,4.71,34571158
2009/8/20,sh.600048,4.72,4.96,4.66,4.88,32486692
2009/8/21,sh.600048,4.88,5.06,4.83,4.94,23344005
2009/8/24,sh.600048,4.99,5.06,4.92,5.00,18032228
2009/8/25,sh.600048,4.98,4.98,4.62,4.79,26100390
2009/8/26,sh.600048,4.78,4.95,4.68,4.90,20608838
2009/8/27,sh.600048,4.85,4.93,4.76,4.79,21685900
2009/8/28,sh.600048,4.79,4.86,4.56,4.57,25761177
2009/8/31,sh.600048,4.51,4.51,4.11,4.11,47068911
2009/9/1,sh.600048,4.01,4.38,4.01,4.21,38143578
2009/9/2,sh.600048,4.18,4.39,4.13,4.36,41126360
2009/9/3,sh.600048,4.36,4.76,4.34,4.72,43586421
2009/9/4,sh.600048,4.75,4.83,4.63,4.74,34071346
2009/9/7,sh.600048,4.77,4.86,4.64,4.68,26332427
2009/9/8,sh.600048,4.62,4.88,4.56,4.87,39035715
2009/9/9,sh.600048,4.89,5.01,4.88,4.95,28770991
2009/9/10,sh.600048,4.89,5.13,4.89,4.94,20676937
2009/9/11,sh.600048,4.94,5.18,4.94,5.13,25331449
2009/9/14,sh.600048,5.18,5.25,5.18,5.22,24755682
2009/9/15,sh.600048,5.22,5.24,5.11,5.16,25513710
2009/9/16,sh.600048,5.16,5.22,4.95,5.08,22462061
2009/9/17,sh.600048,5.08,5.13,5.04,5.10,32171838
2009/9/18,sh.600048,5.10,5.10,4.79,4.86,31022044
2009/9/21,sh.600048,4.76,4.85,4.57,4.77,21706590
2009/9/22,sh.600048,4.77,4.88,4.58,4.61,35640863
2009/9/23,sh.600048,4.62,4.67,4.45,4.46,25315648
2009/9/24,sh.600048,4.43,4.68,4.38,4.57,26551514
2009/9/25,sh.600048,4.57,4.70,4.52,4.62,17767224
2009/9/28,sh.600048,4.66,4.71,4.46,4.47,15109671
2009/9/29,sh.600048,4.49,4.66,4.46,4.63,19860370
2009/9/30,sh.600048,4.65,4.82,4.65,4.79,26807510
2009/10/9,sh.600048,4.92,5.00,4.82,4.99,25633454
2009/10/12,sh.600048,4.95,5.09,4.91,5.00,26210451
2009/10/13,sh.600048,4.99,5.06,4.92,5.05,25388933
2009/10/14,sh.600048,5.04,5.29,5.04,5.19,43112387
2009/10/15,sh.600048,5.27,5.35,5.15,5.27,28605208
2009/10/16,sh.600048,5.26,5.35,5.20,5.29,21414868
2009/10/19,sh.600048,5.31,5.56,5.29,5.56,40215156
2009/10/20,sh.600048,5.57,5.62,5.45,5.53,31154534
2009/10/21,sh.600048,5.53,5.70,5.48,5.49,24443981
2009/10/22,sh.600048,5.47,5.55,5.41,5.42,22734036
2009/10/23,sh.600048,5.44,5.58,5.44,5.49,24401100
2009/10/26,sh.600048,5.51,5.57,5.41,5.45,16630294
2009/10/27,sh.600048,5.40,5.43,5.26,5.27,21035270
2009/10/28,sh.600048,5.29,5.33,5.11,5.24,21545217
2009/10/29,sh.600048,5.14,5.18,4.99,5.04,28707108
2009/10/30,sh.600048,5.15,5.22,5.06,5.12,21786478
2009/11/2,sh.600048,5.02,5.33,4.94,5.31,29611730
2009/11/3,sh.600048,5.31,5.35,5.22,5.33,33471789
2009/11/4,sh.600048,5.31,5.31,5.16,5.20,28595569
2009/11/5,sh.600048,5.20,5.30,5.14,5.18,24999480
2009/11/6,sh.600048,5.26,5.31,5.17,5.25,36410919
2009/11/9,sh.600048,5.25,5.27,5.16,5.21,19516921
2009/11/10,sh.600048,5.24,5.39,5.18,5.36,41225178
2009/11/11,sh.600048,5.35,5.37,5.26,5.28,20707496
2009/11/12,sh.600048,5.31,5.32,5.20,5.21,23638513
2009/11/13,sh.600048,5.18,5.22,5.07,5.18,29306217
2009/11/16,sh.600048,5.19,5.35,5.19,5.34,39306944
2009/11/17,sh.600048,5.36,5.46,5.35,5.36,35342736
2009/11/18,sh.600048,5.35,5.38,5.26,5.29,25005248
2009/11/19,sh.600048,5.30,5.37,5.21,5.31,35480977
2009/11/20,sh.600048,5.30,5.39,5.21,5.33,38726467
2009/11/23,sh.600048,5.31,5.32,5.22,5.27,31433652
2009/11/24,sh.600048,5.28,5.39,5.20,5.21,57559540
2009/11/25,sh.600048,5.17,5.24,5.05,5.23,46778050
2009/11/26,sh.600048,5.21,5.41,5.09,5.11,56113816
2009/11/27,sh.600048,5.03,5.03,4.81,4.83,33890502
2009/11/30,sh.600048,4.84,4.94,4.84,4.94,21622523
2009/12/1,sh.600048,4.94,4.98,4.79,4.94,42893209
2009/12/2,sh.600048,4.94,5.15,4.92,5.08,51577739
2009/12/3,sh.600048,5.10,5.10,4.90,4.96,34460593
2009/12/4,sh.600048,4.98,5.07,4.87,5.06,50075596
2009/12/7,sh.600048,5.07,5.21,4.98,5.17,48444378
2009/12/8,sh.600048,5.21,5.30,5.12,5.15,49215673
2009/12/9,sh.600048,5.09,5.12,4.96,4.99,28817474
2009/12/10,sh.600048,5.03,5.09,4.92,4.95,33915821
2009/12/11,sh.600048,4.95,4.99,4.88,4.90,28840844
2009/12/14,sh.600048,4.88,4.92,4.72,4.87,33193370
2009/12/15,sh.600048,4.80,4.80,4.66,4.71,60183085
2009/12/16,sh.600048,4.68,4.72,4.65,4.70,33057235
2009/12/17,sh.600048,4.72,4.79,4.66,4.69,35789159
2009/12/18,sh.600048,4.62,4.62,4.32,4.34,59543648
2009/12/21,sh.600048,4.30,4.42,4.24,4.39,54194272
2009/12/22,sh.600048,4.38,4.38,4.20,4.27,49627985
2009/12/23,sh.600048,4.27,4.34,4.24,4.29,26306108
2009/12/24,sh.600048,4.28,4.42,4.24,4.38,31048336
2009/12/25,sh.600048,4.36,4.41,4.31,4.37,20893190
2009/12/28,sh.600048,4.37,4.44,4.34,4.40,21882460
2009/12/29,sh.600048,4.40,4.40,4.24,4.31,31065342
2009/12/30,sh.600048,4.28,4.43,4.21,4.42,48485261
2009/12/31,sh.600048,4.38,4.47,4.35,4.44,31422959
2010/1/4,sh.600048,4.45,4.48,4.34,4.34,27748848
2010/1/5,sh.600048,4.34,4.34,4.12,4.21,62956934
2010/1/6,sh.600048,4.20,4.29,4.12,4.20,46797471
2010/1/7,sh.600048,4.22,4.26,4.13,4.21,42234592
2010/1/8,sh.600048,4.18,4.27,4.16,4.26,31917627
2010/1/11,sh.600048,4.30,4.32,4.13,4.16,43924550
2010/1/12,sh.600048,4.17,4.25,4.02,4.23,57117023
2010/1/13,sh.600048,4.09,4.13,4.03,4.05,44426337
2010/1/14,sh.600048,4.05,4.12,4.02,4.08,23577447
2010/1/15,sh.600048,4.10,4.24,4.10,4.16,41200155
2010/1/18,sh.600048,4.14,4.25,4.14,4.23,31707905
2010/1/19,sh.600048,4.26,4.26,4.20,4.22,23678574
2010/1/20,sh.600048,4.23,4.25,4.03,4.07,32653477
2010/1/21,sh.600048,4.06,4.11,3.99,4.08,28984294
2010/1/22,sh.600048,3.98,4.03,3.93,3.96,28556298
2010/1/25,sh.600048,3.96,4.01,3.94,3.95,20301805
2010/1/26,sh.600048,3.96,3.97,3.74,3.76,32220846
2010/1/27,sh.600048,3.77,3.86,3.69,3.76,24823886
2010/1/28,sh.600048,3.73,3.83,3.70,3.80,19595075
2010/1/29,sh.600048,3.76,3.88,3.73,3.78,19191043
2010/2/1,sh.600048,3.75,3.88,3.64,3.86,31184405
2010/2/2,sh.600048,3.88,3.95,3.84,3.84,25762076
2010/2/3,sh.600048,3.84,3.95,3.73,3.94,38158473
2010/2/4,sh.600048,3.93,4.02,3.89,3.94,34086798
2010/2/5,sh.600048,3.85,3.87,3.73,3.78,33359178
2010/2/8,sh.600048,3.79,3.79,3.67,3.70,26759825
2010/2/9,sh.600048,3.68,3.73,3.67,3.70,15512531
2010/2/10,sh.600048,3.72,3.78,3.70,3.78,18497798
2010/2/11,sh.600048,3.77,3.87,3.75,3.84,20763192
2010/2/12,sh.600048,3.85,3.87,3.84,3.86,11934176
2010/2/22,sh.600048,3.81,3.86,3.79,3.79,12049591
2010/2/23,sh.600048,3.79,3.80,3.67,3.77,23206674
2010/2/24,sh.600048,3.71,3.84,3.70,3.84,16446468
2010/2/25,sh.600048,3.88,3.97,3.85,3.96,37909065
2010/2/26,sh.600048,3.97,3.99,3.93,3.95,16246219
2010/3/1,sh.600048,3.94,3.98,3.88,3.93,22070727
2010/3/2,sh.600048,3.93,3.93,3.93,3.93,INVALID
2010/3/3,sh.600048,3.97,3.99,3.86,3.90,22505266
2010/3/4,sh.600048,3.91,3.99,3.79,3.80,25253555
2010/3/5,sh.600048,3.83,3.86,3.76,3.79,14436362
2010/3/8,sh.600048,3.80,3.87,3.77,3.85,14809975
2010/3/9,sh.600048,3.88,4.08,3.83,4.02,57644689
2010/3/10,sh.600048,4.01,4.03,3.94,3.95,23629088
2010/3/11,sh.600048,3.95,4.00,3.89,3.92,16488089
2010/3/12,sh.600048,3.91,3.95,3.85,3.86,14962712
2010/3/15,sh.600048,3.86,3.93,3.82,3.89,15014170
2010/3/16,sh.600048,3.90,3.97,3.89,3.94,14322936
2010/3/17,sh.600048,3.96,4.08,3.93,4.04,35299588
2010/3/18,sh.600048,4.07,4.20,4.07,4.10,41033820
2010/3/19,sh.600048,4.12,4.20,4.11,4.14,24405810
2010/3/22,sh.600048,4.15,4.15,4.05,4.08,27539739
2010/3/23,sh.600048,4.07,4.08,3.98,4.01,24283133
2010/3/24,sh.600048,4.02,4.08,3.98,4.00,20567269
2010/3/25,sh.600048,4.00,4.00,3.91,3.93,18464138
2010/3/26,sh.600048,3.91,4.01,3.91,4.01,15050310
2010/3/29,sh.600048,4.01,4.16,3.99,4.13,40382510
2010/3/30,sh.600048,4.14,4.19,4.12,4.13,28275057
2010/3/31,sh.600048,4.13,4.18,4.08,4.10,17506658
2010/4/1,sh.600048,4.12,4.24,4.11,4.23,35867277
2010/4/2,sh.600048,4.25,4.30,4.22,4.25,29969612
2010/4/6,sh.600048,4.26,4.27,4.02,4.10,50320632
2010/4/7,sh.600048,4.07,4.07,3.96,4.00,54201153
2010/4/8,sh.600048,3.99,3.99,3.83,3.87,57486883
2010/4/9,sh.600048,3.87,3.89,3.84,3.89,38041937
2010/4/12,sh.600048,3.91,3.92,3.67,3.72,84381316
2010/4/13,sh.600048,3.72,3.76,3.69,3.76,36556603
2010/4/14,sh.600048,3.75,3.75,3.67,3.73,25130202
2010/4/15,sh.600048,3.66,3.71,3.65,3.68,36752662
2010/4/16,sh.600048,3.66,3.75,3.61,3.70,31456701
2010/4/19,sh.600048,3.62,3.62,3.35,3.35,60578925
2010/4/20,sh.600048,3.35,3.35,3.35,3.35,INVALID
2010/4/21,sh.600048,3.27,3.40,3.26,3.37,43649597
2010/4/22,sh.600048,3.35,3.37,3.28,3.32,31978607
2010/4/23,sh.600048,3.32,3.38,3.29,3.34,28093624
2010/4/26,sh.600048,3.35,3.37,3.30,3.33,20589069
2010/4/27,sh.600048,3.33,3.38,3.23,3.29,22652933
2010/4/28,sh.600048,3.23,3.29,3.11,3.23,19577595
2010/4/29,sh.600048,3.24,3.30,3.19,3.21,20716132
2010/4/30,sh.600048,3.23,3.23,3.13,3.20,21268196
2010/5/4,sh.600048,3.10,3.15,2.93,2.96,42568027
2010/5/5,sh.600048,2.91,2.99,2.83,2.96,40544249
2010/5/6,sh.600048,2.92,2.94,2.76,2.76,36814034
2010/5/7,sh.600048,2.71,2.82,2.67,2.75,41434706
2010/5/10,sh.600048,2.77,2.85,2.72,2.84,38283499
2010/5/11,sh.600048,2.89,2.90,2.75,2.76,34104331
2010/5/12,sh.600048,2.75,2.88,2.72,2.86,41998010
2010/5/13,sh.600048,2.86,2.89,2.81,2.88,33320421
2010/5/14,sh.600048,2.83,2.86,2.80,2.83,21907599
2010/5/17,sh.600048,2.76,2.77,2.60,2.62,30387877
2010/5/18,sh.600048,2.63,2.85,2.59,2.83,47023404
2010/5/19,sh.600048,2.75,2.84,2.72,2.78,36741598
2010/5/20,sh.600048,2.75,2.83,2.71,2.73,27997195
2010/5/21,sh.600048,2.66,2.90,2.64,2.89,65302292
2010/5/24,sh.600048,2.92,3.17,2.92,3.15,94010820
2010/5/25,sh.600048,3.06,3.06,2.99,3.02,55205850
2010/5/26,sh.600048,3.00,3.07,2.93,3.03,35817293
2010/5/27,sh.600048,2.98,3.10,2.93,3.04,35976980
2010/5/28,sh.600048,3.04,3.08,2.94,2.97,34105999
2010/5/31,sh.600048,2.93,2.97,2.85,2.86,26199708
2010/6/1,sh.600048,2.82,2.84,2.73,2.78,27994937
2010/6/2,sh.600048,2.75,2.87,2.73,2.86,25224407
2010/6/3,sh.600048,2.87,2.88,2.78,2.78,22267552
2010/6/4,sh.600048,2.75,2.87,2.72,2.83,24046995
2010/6/7,sh.600048,2.75,2.79,2.73,2.76,19441121
2010/6/8,sh.600048,2.76,2.79,2.74,2.76,15742407
2010/6/9,sh.600048,2.77,2.94,2.76,2.93,45624537
2010/6/10,sh.600048,2.89,2.90,2.84,2.86,24525927
2010/6/11,sh.600048,2.87,2.92,2.85,2.90,23920139
2010/6/17,sh.600048,2.90,2.95,2.89,2.93,27046610
2010/6/18,sh.600048,2.91,3.05,2.89,2.91,31290439
2010/6/21,sh.600048,2.95,3.08,2.90,3.06,48024459
2010/6/22,sh.600048,3.05,3.10,3.01,3.07,30446161
2010/6/23,sh.600048,3.05,3.09,2.99,3.02,18070922
2010/6/24,sh.600048,3.02,3.05,2.97,3.00,11463105
2010/6/25,sh.600048,2.98,2.99,2.93,2.97,10570333
2010/6/28,sh.600048,2.96,3.02,2.95,2.97,14322824
2010/6/29,sh.600048,2.97,2.99,2.74,2.76,29234858
2010/6/30,sh.600048,2.74,2.75,2.64,2.65,21508088
2010/7/1,sh.600048,2.66,2.70,2.61,2.62,18104834
2010/7/2,sh.600048,2.65,2.77,2.61,2.72,24415115
2010/7/5,sh.600048,2.67,2.84,2.65,2.80,26043098
2010/7/6,sh.600048,2.74,2.88,2.74,2.84,21787700
2010/7/7,sh.600048,2.83,2.86,2.81,2.83,14270405
2010/7/8,sh.600048,2.83,2.91,2.83,2.85,19486663
2010/7/9,sh.600048,2.85,3.00,2.83,2.96,32929826
2010/7/12,sh.600048,2.98,3.13,2.98,3.07,48846671
2010/7/13,sh.600048,3.00,3.02,2.93,2.94,30185186
2010/7/14,sh.600048,2.92,3.03,2.90,2.93,29473968
2010/7/15,sh.600048,2.94,3.04,2.90,2.91,35142589
2010/7/16,sh.600048,2.91,2.96,2.80,2.92,36145599
2010/7/19,sh.600048,2.88,3.02,2.85,3.00,51153012
2010/7/20,sh.600048,3.03,3.12,3.01,3.09,87786023
2010/7/21,sh.600048,3.11,3.14,3.05,3.06,45981690
2010/7/22,sh.600048,3.05,3.22,3.03,3.20,79423599
2010/7/23,sh.600048,3.23,3.25,3.17,3.21,50813839
2010/7/26,sh.600048,3.21,3.25,3.14,3.24,43630477
2010/7/27,sh.600048,3.21,3.28,3.19,3.23,35728920
2010/7/28,sh.600048,3.23,3.40,3.22,3.37,53124581
2010/7/29,sh.600048,3.38,3.44,3.36,3.40,48755052
2010/7/30,sh.600048,3.39,3.43,3.35,3.41,26348757
2010/8/2,sh.600048,3.41,3.50,3.41,3.49,36607189
2010/8/3,sh.600048,3.49,3.58,3.44,3.45,39549482
2010/8/4,sh.600048,3.44,3.47,3.30,3.39,48881799
2010/8/5,sh.600048,3.37,3.37,3.21,3.24,70395201
2010/8/6,sh.600048,3.23,3.32,3.12,3.28,65259176
2010/8/9,sh.600048,3.25,3.32,3.19,3.27,42556890
2010/8/10,sh.600048,3.28,3.33,3.14,3.18,46360112
2010/8/11,sh.600048,3.16,3.29,3.14,3.26,45741766
2010/8/12,sh.600048,3.20,3.37,3.19,3.26,58232130
2010/8/13,sh.600048,3.23,3.34,3.18,3.33,41794473
2010/8/16,sh.600048,3.30,3.42,3.27,3.36,39739091
2010/8/17,sh.600048,3.37,3.51,3.34,3.45,57623847
2010/8/18,sh.600048,3.45,3.52,3.38,3.41,37831030
2010/8/19,sh.600048,3.41,3.43,3.29,3.34,48997247
2010/8/20,sh.600048,3.30,3.31,3.21,3.24,46430909
2010/8/23,sh.600048,3.21,3.25,3.17,3.19,31071706
2010/8/24,sh.600048,3.20,3.30,3.14,3.26,46071106
2010/8/25,sh.600048,3.23,3.27,3.13,3.15,34562250
2010/8/26,sh.600048,3.16,3.18,3.12,3.15,30032038
2010/8/27,sh.600048,3.14,3.16,3.10,3.13,17526225
2010/8/30,sh.600048,3.15,3.17,3.09,3.14,38035683
2010/8/31,sh.600048,3.14,3.14,3.05,3.11,37410924
2010/9/1,sh.600048,3.11,3.17,3.06,3.07,41952290
2010/9/2,sh.600048,3.10,3.11,3.04,3.07,32949964
2010/9/3,sh.600048,3.08,3.09,3.02,3.05,33829445
2010/9/6,sh.600048,3.05,3.12,3.04,3.11,39233797
2010/9/7,sh.600048,3.14,3.20,3.12,3.15,50961968
2010/9/8,sh.600048,3.15,3.15,3.03,3.06,41106607
2010/9/9,sh.600048,3.06,3.06,2.92,2.93,50237340
2010/9/10,sh.600048,2.93,2.96,2.85,2.88,33009750
2010/9/13,sh.600048,2.90,3.00,2.86,2.96,37718119
2010/9/14,sh.600048,2.95,2.97,2.89,2.95,28584112
2010/9/15,sh.600048,2.93,2.96,2.88,2.89,23749602
2010/9/16,sh.600048,2.89,2.93,2.81,2.84,23943778
2010/9/17,sh.600048,2.85,2.90,2.84,2.85,19855250
2010/9/20,sh.600048,2.85,2.88,2.79,2.80,22804117
2010/9/21,sh.600048,2.82,2.83,2.79,2.79,11137663
2010/9/27,sh.600048,2.80,2.93,2.72,2.92,48189342
2010/9/28,sh.600048,2.88,3.00,2.87,2.90,47414829
2010/9/29,sh.600048,2.89,3.00,2.88,2.94,39311089
2010/9/30,sh.600048,2.90,3.24,2.90,3.20,126877708
2010/10/8,sh.600048,3.16,3.37,3.11,3.30,132115918
2010/10/11,sh.600048,3.27,3.51,3.24,3.48,95811436
2010/10/12,sh.600048,3.44,3.65,3.41,3.54,76658641
2010/10/13,sh.600048,3.54,3.89,3.49,3.89,128072429
2010/10/14,sh.600048,3.89,4.04,3.81,3.88,103909468
2010/10/15,sh.600048,3.83,4.07,3.78,4.03,95758490
2010/10/18,sh.600048,3.96,4.19,3.93,4.05,110788787
2010/10/19,sh.600048,4.02,4.02,3.81,3.93,61982986
2010/10/20,sh.600048,3.76,3.81,3.54,3.62,148395722
2010/10/21,sh.600048,3.58,3.71,3.51,3.60,84878921
2010/10/22,sh.600048,3.61,3.70,3.54,3.64,57288377
2010/10/25,sh.600048,3.62,3.69,3.51,3.67,82093310
2010/10/26,sh.600048,3.69,3.88,3.64,3.79,93474170
2010/10/27,sh.600048,3.76,4.04,3.72,3.83,80658392
2010/10/28,sh.600048,3.84,3.99,3.83,3.89,61625348
2010/10/29,sh.600048,3.86,3.86,3.68,3.70,44196289
2010/11/1,sh.600048,3.66,3.75,3.63,3.68,59257739
2010/11/2,sh.600048,3.68,3.83,3.58,3.74,78470820
2010/11/3,sh.600048,3.72,3.84,3.65,3.78,71278434
2010/11/4,sh.600048,3.73,3.83,3.67,3.76,43468324
2010/11/5,sh.600048,3.81,3.86,3.76,3.83,43357160
2010/11/8,sh.600048,3.86,4.02,3.84,3.91,53292949
2010/11/9,sh.600048,3.87,3.89,3.69,3.75,60920052
2010/11/10,sh.600048,3.70,3.70,3.55,3.58,92080338
2010/11/11,sh.600048,3.60,3.65,3.50,3.61,69734509
2010/11/12,sh.600048,3.58,3.60,3.34,3.35,49479713
2010/11/15,sh.600048,3.35,3.39,3.27,3.36,29253595
2010/11/16,sh.600048,3.35,3.35,3.14,3.17,40800993
2010/11/17,sh.600048,3.14,3.23,3.12,3.19,27200954
2010/11/18,sh.600048,3.22,3.28,3.19,3.21,33713749
2010/11/19,sh.600048,3.23,3.24,3.10,3.21,32401165
2010/11/22,sh.600048,3.17,3.25,3.12,3.18,36523286
2010/11/23,sh.600048,3.16,3.16,3.05,3.09,29592680
2010/11/24,sh.600048,3.07,3.18,3.07,3.15,24677914
2010/11/25,sh.600048,3.16,3.37,3.11,3.34,58752350
2010/11/26,sh.600048,3.29,3.33,3.21,3.23,34898034
2010/11/29,sh.600048,3.23,3.23,3.16,3.18,23363361
2010/11/30,sh.600048,3.18,3.26,3.08,3.14,34147280
2010/12/1,sh.600048,3.14,3.18,3.12,3.17,18949820
2010/12/2,sh.600048,3.24,3.27,3.17,3.17,21698507
2010/12/3,sh.600048,3.19,3.28,3.17,3.23,30334048
2010/12/6,sh.600048,3.24,3.30,3.21,3.26,27846419
2010/12/7,sh.600048,3.24,3.34,3.19,3.31,36449055
2010/12/8,sh.600048,3.29,3.39,3.25,3.29,46795452
2010/12/9,sh.600048,3.28,3.28,3.11,3.14,41207898
2010/12/10,sh.600048,3.11,3.19,3.10,3.12,31273495
2010/12/13,sh.600048,3.17,3.27,3.12,3.26,43552133
2010/12/14,sh.600048,3.26,3.30,3.23,3.27,28176025
2010/12/15,sh.600048,3.28,3.29,3.18,3.21,31768889
2010/12/16,sh.600048,3.19,3.29,3.18,3.25,42974262
2010/12/17,sh.600048,3.26,3.27,3.16,3.23,20068844
2010/12/20,sh.600048,3.23,3.28,3.14,3.18,28255468
2010/12/21,sh.600048,3.19,3.50,3.18,3.50,131818981
2010/12/22,sh.600048,3.58,3.69,3.53,3.57,147412156
2010/12/23,sh.600048,3.53,3.66,3.49,3.60,87508875
2010/12/24,sh.600048,3.54,3.70,3.53,3.60,69409247
2010/12/27,sh.600048,3.60,3.74,3.51,3.57,88805625
2010/12/28,sh.600048,3.53,3.62,3.32,3.35,62026353
2010/12/29,sh.600048,3.35,3.41,3.27,3.34,49626282
2010/12/30,sh.600048,3.31,3.31,3.20,3.24,61169311
2010/12/31,sh.600048,3.25,3.32,3.23,3.29,27449668
2011/1/4,sh.600048,3.30,3.62,3.30,3.62,102531151
2011/1/5,sh.600048,3.54,3.72,3.52,3.63,96387291
2011/1/6,sh.600048,3.65,3.73,3.55,3.73,72613777
2011/1/7,sh.600048,3.73,3.94,3.70,3.73,83654460
2011/1/10,sh.600048,3.79,3.82,3.59,3.62,55898134
2011/1/11,sh.600048,3.60,3.86,3.58,3.82,55106522
2011/1/12,sh.600048,3.84,3.97,3.80,3.92,65898426
2011/1/13,sh.600048,3.92,3.98,3.83,3.86,41442076
2011/1/14,sh.600048,3.82,3.91,3.79,3.86,31929003
2011/1/17,sh.600048,3.80,3.85,3.47,3.53,57290734
2011/1/18,sh.600048,3.50,3.61,3.47,3.53,35728353
2011/1/19,sh.600048,3.50,3.63,3.38,3.61,55952906
2011/1/20,sh.600048,3.52,3.59,3.36,3.38,49767379
2011/1/21,sh.600048,3.38,3.71,3.37,3.49,54531130
2011/1/24,sh.600048,3.50,3.63,3.42,3.53,46889800
2011/1/25,sh.600048,3.50,3.62,3.47,3.55,28943141
2011/1/26,sh.600048,3.53,3.61,3.51,3.59,22988159
2011/1/27,sh.600048,3.47,3.47,3.24,3.43,89569075
2011/1/28,sh.600048,3.45,3.56,3.33,3.39,75705250
2011/1/31,sh.600048,3.36,3.39,3.30,3.36,46328616
2011/2/1,sh.600048,3.37,3.40,3.27,3.34,46281102
2011/2/9,sh.600048,3.26,3.31,3.24,3.24,56881823
2011/2/10,sh.600048,3.24,3.31,3.19,3.31,57120221
2011/2/11,sh.600048,3.29,3.42,3.27,3.39,77333979
2011/2/14,sh.600048,3.37,3.52,3.36,3.48,73192765
2011/2/15,sh.600048,3.48,3.51,3.43,3.49,50929884
2011/2/16,sh.600048,3.47,3.47,3.38,3.45,73643728
2011/2/17,sh.600048,3.43,3.45,3.32,3.36,50639558
2011/2/18,sh.600048,3.34,3.42,3.33,3.37,38937928
2011/2/21,sh.600048,3.32,3.38,3.30,3.38,40293172
2011/2/22,sh.600048,3.36,3.37,3.16,3.19,111104867
2011/2/23,sh.600048,3.17,3.21,3.16,3.20,31168550
2011/2/24,sh.600048,3.18,3.25,3.16,3.22,26613754
2011/2/25,sh.600048,3.23,3.23,3.18,3.20,31271542
2011/2/28,sh.600048,3.20,3.21,3.13,3.21,44780121
2011/3/1,sh.600048,3.23,3.39,3.23,3.32,91736647
2011/3/2,sh.600048,3.28,3.32,3.24,3.28,43111781
2011/3/3,sh.600048,3.28,3.37,3.27,3.31,48109692
2011/3/4,sh.600048,3.31,3.40,3.27,3.39,59274931
2011/3/7,sh.600048,3.42,3.46,3.36,3.42,77764352
2011/3/8,sh.600048,3.43,3.50,3.41,3.45,59886998
2011/3/9,sh.600048,3.46,3.49,3.40,3.42,44831279
2011/3/10,sh.600048,3.41,3.46,3.36,3.40,55306914
2011/3/11,sh.600048,3.38,3.42,3.34,3.34,36500417
2011/3/14,sh.600048,3.32,3.35,3.32,3.34,23671074
2011/3/15,sh.600048,3.32,3.37,3.21,3.27,34464621
2011/3/16,sh.600048,3.28,3.31,3.26,3.28,28058890
2011/3/17,sh.600048,3.25,3.27,3.19,3.22,45278581
2011/3/18,sh.600048,3.24,3.32,3.22,3.28,30569911
2011/3/21,sh.600048,3.27,3.37,3.27,3.32,39254102
2011/3/22,sh.600048,3.32,3.32,3.32,3.32,INVALID
2011/3/23,sh.600048,3.32,3.52,3.30,3.45,90002435
2011/3/24,sh.600048,3.45,3.51,3.41,3.42,45282357
2011/3/25,sh.600048,3.42,3.68,3.42,3.58,86836296
2011/3/28,sh.600048,3.60,3.72,3.59,3.60,61817783
2011/3/29,sh.600048,3.60,3.72,3.58,3.63,66999580
2011/3/30,sh.600048,3.64,3.65,3.48,3.53,51186028
2011/3/31,sh.600048,3.53,3.56,3.45,3.48,30398572
2011/4/1,sh.600048,3.48,3.67,3.48,3.66,46999234
2011/4/6,sh.600048,3.64,3.81,3.61,3.74,91886232
2011/4/7,sh.600048,3.74,3.83,3.72,3.72,49667946
2011/4/8,sh.600048,3.73,3.80,3.72,3.73,30660990
2011/4/11,sh.600048,3.73,3.77,3.63,3.65,38763554
2011/4/12,sh.600048,3.63,3.69,3.57,3.59,35937288
2011/4/13,sh.600048,3.59,3.68,3.51,3.67,34116049
2011/4/14,sh.600048,3.65,3.66,3.56,3.59,30449272
2011/4/15,sh.600048,3.57,3.68,3.55,3.67,27427301
2011/4/18,sh.600048,3.65,3.76,3.61,3.72,45077574
2011/4/19,sh.600048,3.72,3.72,3.72,3.72,INVALID
2011/4/20,sh.600048,3.64,3.67,3.55,3.57,40703034
2011/4/21,sh.600048,3.58,3.60,3.54,3.58,20560245
2011/4/22,sh.600048,3.58,3.58,3.52,3.55,19096694
2011/4/25,sh.600048,3.51,3.54,3.46,3.48,18397597
2011/4/26,sh.600048,3.48,3.52,3.45,3.51,18323840
2011/4/27,sh.600048,3.51,3.53,3.41,3.44,20698034
2011/4/28,sh.600048,3.45,3.46,3.34,3.35,34072381
2011/4/29,sh.600048,3.34,3.43,3.33,3.41,21267255
2011/5/3,sh.600048,3.39,3.42,3.37,3.39,13193756
2011/5/4,sh.600048,3.37,3.42,3.31,3.32,17166256
2011/5/5,sh.600048,3.28,3.40,3.27,3.37,13293660
2011/5/6,sh.600048,3.32,3.42,3.31,3.38,12728518
2011/5/9,sh.600048,3.37,3.40,3.34,3.37,9701282
2011/5/10,sh.600048,3.38,3.42,3.34,3.41,12145480
2011/5/11,sh.600048,3.42,3.51,3.40,3.45,21138520
2011/5/12,sh.600048,3.44,3.50,3.41,3.42,14670254
2011/5/13,sh.600048,3.43,3.49,3.42,3.49,13674907
2011/5/16,sh.600048,3.47,3.55,3.46,3.47,15692467
2011/5/17,sh.600048,3.46,3.55,3.45,3.49,21575697
2011/5/18,sh.600048,3.48,3.55,3.46,3.54,17843263
2011/5/19,sh.600048,3.54,3.55,3.45,3.46,17934114
2011/5/20,sh.600048,3.46,3.50,3.45,3.45,12706654
2011/5/23,sh.600048,3.43,3.46,3.35,3.40,21152553
2011/5/24,sh.600048,3.38,3.43,3.35,3.40,11258398
2011/5/25,sh.600048,3.39,3.42,3.36,3.37,11614339
2011/5/26,sh.600048,3.42,3.43,3.33,3.33,11975613
2011/5/27,sh.600048,3.35,3.41,3.34,3.37,14617109
2011/5/30,sh.600048,3.38,3.38,3.25,3.26,19388258
2011/5/31,sh.600048,3.26,3.29,3.12,3.21,39126816
2011/6/1,sh.600048,3.20,3.22,3.17,3.19,29625855
2011/6/2,sh.600048,3.15,3.18,3.06,3.10,35150138
2011/6/3,sh.600048,3.11,3.19,3.08,3.15,21510433
2011/6/7,sh.600048,3.14,3.19,3.13,3.15,14077947
2011/6/8,sh.600048,3.16,3.28,3.13,3.27,29863270
2011/6/9,sh.600048,3.24,3.25,3.18,3.18,15576726
2011/6/10,sh.600048,3.21,3.33,3.21,3.29,34060278
2011/6/13,sh.600048,3.27,3.32,3.24,3.26,25498508
2011/6/14,sh.600048,3.29,3.59,3.29,3.49,68817751
2011/6/15,sh.600048,3.43,3.59,3.43,3.50,48774286
2011/6/16,sh.600048,3.47,3.48,3.36,3.41,38142578
2011/6/17,sh.600048,3.41,3.58,3.41,3.47,45109568
2011/6/20,sh.600048,3.49,3.62,3.49,3.57,62604703
2011/6/21,sh.600048,3.57,3.67,3.56,3.61,60855381
2011/6/22,sh.600048,3.58,3.64,3.53,3.59,28481847
2011/6/23,sh.600048,3.59,3.65,3.56,3.63,25525031
2011/6/24,sh.600048,3.62,3.71,3.56,3.66,57516741
2011/6/27,sh.600048,3.67,3.71,3.53,3.62,32322234
2011/6/28,sh.600048,3.62,3.70,3.57,3.67,36058439
2011/6/29,sh.600048,3.66,3.72,3.62,3.63,25054235
2011/6/30,sh.600048,3.62,3.79,3.62,3.76,59307515
2011/7/1,sh.600048,3.76,3.89,3.75,3.84,46456363
2011/7/4,sh.600048,3.87,4.01,3.80,3.87,48490648
2011/7/5,sh.600048,3.87,3.96,3.85,3.88,40256853
2011/7/6,sh.600048,3.87,3.87,3.72,3.82,57572287
2011/7/7,sh.600048,3.83,3.90,3.76,3.84,84684008
2011/7/8,sh.600048,3.83,3.93,3.82,3.88,48981832
2011/7/11,sh.600048,3.86,3.88,3.78,3.86,33723335
2011/7/12,sh.600048,3.80,3.80,3.70,3.71,46440993
2011/7/13,sh.600048,3.71,3.79,3.69,3.76,36343258
2011/7/14,sh.600048,3.74,3.77,3.68,3.73,27554046
2011/7/15,sh.600048,3.63,3.64,3.56,3.63,73068590
2011/7/18,sh.600048,3.62,3.67,3.55,3.66,58882520
2011/7/19,sh.600048,3.62,3.79,3.60,3.76,66864142
2011/7/20,sh.600048,3.77,3.82,3.70,3.80,37015707
2011/7/21,sh.600048,3.79,3.81,3.70,3.71,23378952
2011/7/22,sh.600048,3.73,3.75,3.65,3.67,23333429
2011/7/25,sh.600048,3.63,3.64,3.46,3.50,41198380
2011/7/26,sh.600048,3.50,3.50,3.50,3.50,INVALID
2011/7/27,sh.600048,3.46,3.56,3.43,3.52,23740719
2011/7/28,sh.600048,3.49,3.55,3.44,3.53,19633354
2011/7/29,sh.600048,3.52,3.61,3.49,3.58,22001970
2011/8/1,sh.600048,3.61,3.67,3.56,3.66,22427183
2011/8/2,sh.600048,3.61,3.68,3.57,3.63,15317684
2011/8/3,sh.600048,3.59,3.68,3.58,3.67,15124732
2011/8/4,sh.600048,3.66,3.71,3.61,3.63,10764211
2011/8/5,sh.600048,3.53,3.66,3.49,3.59,16143611
2011/8/8,sh.600048,3.54,3.68,3.49,3.57,32513525
2011/8/9,sh.600048,3.49,3.81,3.46,3.71,92667154
2011/8/10,sh.600048,3.78,3.84,3.73,3.77,80104670
2011/8/11,sh.600048,3.74,3.90,3.71,3.83,45202070
2011/8/12,sh.600048,3.84,3.85,3.73,3.76,53240191
2011/8/15,sh.600048,3.77,3.88,3.77,3.87,33775763
2011/8/16,sh.600048,3.86,3.93,3.78,3.80,30599266
2011/8/17,sh.600048,3.77,3.83,3.73,3.78,25324997
2011/8/18,sh.600048,3.77,3.77,3.59,3.62,32522974
2011/8/19,sh.600048,3.59,3.70,3.58,3.68,29497214
2011/8/22,sh.600048,3.68,3.73,3.61,3.63,16918042
2011/8/23,sh.600048,3.63,3.76,3.63,3.72,18792536
2011/8/24,sh.600048,3.73,3.78,3.65,3.66,15786242
2011/8/25,sh.600048,3.68,3.87,3.66,3.86,37730084
2011/8/26,sh.600048,3.83,3.89,3.82,3.87,22167732
2011/8/29,sh.600048,3.83,3.87,3.71,3.74,28954756
2011/8/30,sh.600048,3.78,3.85,3.70,3.74,27170551
2011/8/31,sh.600048,3.74,3.79,3.70,3.76,13104274
2011/9/1,sh.600048,3.77,3.84,3.76,3.78,19969466
2011/9/2,sh.600048,3.78,3.78,3.63,3.65,32174641
2011/9/5,sh.600048,3.60,3.63,3.51,3.53,27698317
2011/9/6,sh.600048,3.51,3.54,3.49,3.52,15242296
2011/9/7,sh.600048,3.55,3.67,3.55,3.64,20519978
2011/9/8,sh.600048,3.64,3.66,3.57,3.59,10029178
2011/9/9,sh.600048,3.65,3.70,3.60,3.62,19264063
2011/9/13,sh.600048,3.55,3.69,3.55,3.67,16338549
2011/9/14,sh.600048,3.67,3.73,3.62,3.72,14985520
2011/9/15,sh.600048,3.72,3.78,3.71,3.76,16289686
2011/9/16,sh.600048,3.77,3.80,3.63,3.71,19414815
2011/9/19,sh.600048,3.65,3.66,3.51,3.52,53723203
2011/9/20,sh.600048,3.51,3.53,3.39,3.49,26649824
2011/9/21,sh.600048,3.49,3.57,3.46,3.55,21805705
2011/9/22,sh.600048,3.53,3.54,3.30,3.30,47409780
2011/9/23,sh.600048,3.25,3.39,3.19,3.26,39813140
2011/9/26,sh.600048,3.24,3.29,3.11,3.12,40655578
2011/9/27,sh.600048,3.16,3.18,3.09,3.14,32962717
2011/9/28,sh.600048,3.15,3.16,3.07,3.08,26767842
2011/9/29,sh.600048,3.08,3.18,3.07,3.16,39769281
2011/9/30,sh.600048,3.16,3.24,3.13,3.17,28061742
2011/10/10,sh.600048,3.18,3.20,3.04,3.06,27123646
2011/10/11,sh.600048,3.13,3.14,2.94,3.01,27681510
2011/10/12,sh.600048,2.98,3.17,2.94,3.15,44574489
2011/10/13,sh.600048,3.13,3.24,3.13,3.19,30950646
2011/10/14,sh.600048,3.18,3.21,3.13,3.18,11949840
2011/10/17,sh.600048,3.19,3.23,3.14,3.18,19126263
2011/10/18,sh.600048,3.14,3.19,3.04,3.06,22761793
2011/10/19,sh.600048,3.08,3.11,2.96,2.98,24330727
2011/10/20,sh.600048,2.95,3.00,2.91,2.92,19123824
2011/10/21,sh.600048,2.94,2.98,2.88,2.92,26303330
2011/10/24,sh.600048,2.92,3.06,2.88,3.04,19171142
2011/10/25,sh.600048,3.00,3.24,2.99,3.18,35383745
2011/10/26,sh.600048,3.18,3.38,3.17,3.35,61442669
2011/10/27,sh.600048,3.37,3.37,3.30,3.33,17327119
2011/10/28,sh.600048,3.37,3.67,3.37,3.48,70141454
2011/10/31,sh.600048,3.45,3.55,3.36,3.53,43712989
2011/11/1,sh.600048,3.48,3.58,3.35,3.41,55552680
2011/11/2,sh.600048,3.32,3.48,3.32,3.48,36441132
2011/11/3,sh.600048,3.51,3.54,3.40,3.41,37053999
2011/11/4,sh.600048,3.41,3.41,3.41,3.41,INVALID
2011/11/7,sh.600048,3.45,3.48,3.36,3.44,37023294
2011/11/8,sh.600048,3.42,3.42,3.29,3.37,30539942
2011/11/9,sh.600048,3.36,3.39,3.29,3.37,23400618
2011/11/10,sh.600048,3.32,3.36,3.28,3.28,22968225
2011/11/11,sh.600048,3.29,3.32,3.28,3.30,15832545
2011/11/14,sh.600048,3.31,3.43,3.31,3.41,32789352
2011/11/15,sh.600048,3.40,3.42,3.34,3.38,15324165
2011/11/16,sh.600048,3.38,3.38,3.19,3.22,35183252
2011/11/17,sh.600048,3.23,3.24,3.17,3.20,15982447
2011/11/18,sh.600048,3.18,3.19,3.06,3.11,37945825
2011/11/21,sh.600048,3.11,3.14,3.07,3.13,17457991
2011/11/22,sh.600048,3.10,3.14,3.07,3.11,25846363
2011/11/23,sh.600048,3.12,3.12,3.03,3.05,12669051
2011/11/24,sh.600048,3.03,3.20,3.00,3.14,34290580
2011/11/25,sh.600048,3.12,3.15,3.05,3.09,16218987
2011/11/28,sh.600048,3.11,3.15,3.06,3.11,22225961
2011/11/29,sh.600048,3.14,3.24,3.09,3.19,38036096
2011/11/30,sh.600048,3.18,3.20,3.10,3.15,24932015
2011/12/1,sh.600048,3.37,3.47,3.27,3.33,121101527
2011/12/2,sh.600048,3.29,3.36,3.27,3.32,22534907
2011/12/5,sh.600048,3.31,3.37,3.22,3.34,28146665
2011/12/6,sh.600048,3.33,3.44,3.33,3.38,31187366
2011/12/7,sh.600048,3.39,3.42,3.34,3.40,18129142
2011/12/8,sh.600048,3.39,3.45,3.36,3.41,21335651
2011/12/9,sh.600048,3.38,3.56,3.38,3.46,33453615
2011/12/12,sh.600048,3.43,3.43,3.31,3.34,37352622
2011/12/13,sh.600048,3.32,3.38,3.27,3.28,18062593
2011/12/14,sh.600048,3.28,3.28,3.18,3.21,16550168
2011/12/15,sh.600048,3.20,3.31,3.18,3.25,32072545
2011/12/16,sh.600048,3.24,3.46,3.23,3.42,29828535
2011/12/19,sh.600048,3.39,3.46,3.37,3.45,36633528
2011/12/20,sh.600048,3.43,3.56,3.42,3.45,41100651
2011/12/21,sh.600048,3.48,3.49,3.39,3.39,19531694
2011/12/22,sh.600048,3.39,3.52,3.36,3.45,23382636
2011/12/23,sh.600048,3.45,3.56,3.44,3.49,31709253
2011/12/26,sh.600048,3.47,3.55,3.44,3.45,18851556
2011/12/27,sh.600048,3.46,3.46,3.34,3.34,15664311
2011/12/28,sh.600048,3.34,3.40,3.22,3.31,34121313
2011/12/29,sh.600048,3.30,3.39,3.29,3.33,17120111
2011/12/30,sh.600048,3.35,3.48,3.34,3.42,25612313
2012/1/4,sh.600048,3.43,3.53,3.39,3.44,34155593
2012/1/5,sh.600048,3.43,3.46,3.30,3.36,34255598
2012/1/6,sh.600048,3.36,3.37,3.25,3.32,23819275
2012/1/9,sh.600048,3.31,3.50,3.27,3.48,46934100
2012/1/10,sh.600048,3.47,3.58,3.40,3.54,102089931
2012/1/11,sh.600048,3.51,3.55,3.47,3.53,38881278
2012/1/12,sh.600048,3.51,3.66,3.51,3.56,44584483
2012/1/13,sh.600048,3.56,3.58,3.48,3.52,23582349
2012/1/16,sh.600048,3.50,3.54,3.38,3.40,34642061
2012/1/17,sh.600048,3.39,3.72,3.29,3.54,57936093
2012/1/18,sh.600048,3.52,3.63,3.44,3.46,50133909
2012/1/19,sh.600048,3.48,3.66,3.44,3.65,42669404
2012/1/20,sh.600048,3.64,3.77,3.64,3.75,43737586
2012/1/30,sh.600048,3.73,3.74,3.55,3.57,46838431
2012/1/31,sh.600048,3.58,3.62,3.57,3.59,18137408
2012/2/1,sh.600048,3.58,3.65,3.51,3.53,25711436
2012/2/2,sh.600048,3.55,3.64,3.49,3.62,31408216
2012/2/3,sh.600048,3.60,3.68,3.57,3.66,32858609
2012/2/6,sh.600048,3.64,3.66,3.54,3.58,27602576
2012/2/7,sh.600048,3.56,3.56,3.42,3.47,45696775
2012/2/8,sh.600048,3.46,3.62,3.43,3.57,38918909
2012/2/9,sh.600048,3.56,3.67,3.54,3.62,53272751
2012/2/10,sh.600048,3.62,3.79,3.62,3.74,87079160
2012/2/13,sh.600048,3.52,3.68,3.50,3.62,65606193
2012/2/14,sh.600048,3.60,3.64,3.54,3.64,33213749
2012/2/15,sh.600048,3.61,3.71,3.58,3.64,33253725
2012/2/16,sh.600048,3.65,3.65,3.60,3.63,27491897
2012/2/17,sh.600048,3.63,3.68,3.61,3.67,23536233
2012/2/20,sh.600048,3.73,3.75,3.67,3.69,41182518
2012/2/21,sh.600048,3.69,3.76,3.66,3.76,30068218
2012/2/22,sh.600048,3.83,3.89,3.76,3.86,61168546
2012/2/23,sh.600048,3.86,3.89,3.82,3.87,43167070
2012/2/24,sh.600048,3.86,4.07,3.83,4.01,66375526
2012/2/27,sh.600048,4.01,4.11,3.91,3.95,56987724
2012/2/28,sh.600048,3.98,3.99,3.90,3.93,34562311
2012/2/29,sh.600048,3.86,3.87,3.76,3.80,71952058
2012/3/1,sh.600048,3.78,3.86,3.78,3.81,40531616
2012/3/2,sh.600048,3.81,4.00,3.80,3.98,73371130
2012/3/5,sh.600048,4.02,4.09,3.92,3.94,47760989
2012/3/6,sh.600048,3.92,3.93,3.83,3.93,35455328
2012/3/7,sh.600048,3.88,3.94,3.85,3.86,28882633
2012/3/8,sh.600048,3.88,4.05,3.88,4.00,40515082
2012/3/9,sh.600048,4.01,4.03,3.95,4.00,23574580
2012/3/12,sh.600048,4.00,4.01,3.80,3.84,76951405
2012/3/13,sh.600048,3.85,3.90,3.82,3.88,37751835
2012/3/14,sh.600048,3.90,3.95,3.74,3.77,59828488
2012/3/15,sh.600048,3.76,3.77,3.62,3.67,52521712
2012/3/16,sh.600048,3.67,3.74,3.66,3.70,32364969
2012/3/19,sh.600048,3.70,3.71,3.62,3.67,38195843
2012/3/20,sh.600048,3.66,3.74,3.64,3.67,26891252
2012/3/21,sh.600048,3.70,3.71,3.61,3.64,30376258
2012/3/22,sh.600048,3.63,3.73,3.63,3.68,23192528
2012/3/23,sh.600048,3.66,3.67,3.60,3.63,24980546
2012/3/26,sh.600048,3.63,3.65,3.57,3.60,14765146
2012/3/27,sh.600048,3.62,3.66,3.61,3.61,18857673
2012/3/28,sh.600048,3.60,3.68,3.58,3.61,28716507
2012/3/29,sh.600048,3.61,3.75,3.58,3.70,50135090
2012/3/30,sh.600048,3.70,3.87,3.68,3.87,49255781
2012/4/5,sh.600048,3.83,3.94,3.79,3.91,37335419
2012/4/6,sh.600048,3.90,3.96,3.87,3.89,27617466
2012/4/9,sh.600048,3.89,3.92,3.83,3.87,16539839
2012/4/10,sh.600048,3.88,4.02,3.86,3.99,28396102
2012/4/11,sh.600048,3.95,4.19,3.95,4.03,50091795
2012/4/12,sh.600048,4.03,4.13,4.02,4.10,35392993
2012/4/13,sh.600048,4.09,4.17,4.06,4.06,34473530
2012/4/16,sh.600048,4.03,4.14,3.97,4.10,25882295
2012/4/17,sh.600048,4.09,4.10,3.94,3.99,17597064
2012/4/18,sh.600048,4.02,4.18,3.98,4.17,39384950
2012/4/19,sh.600048,4.15,4.21,4.11,4.18,26168809
2012/4/20,sh.600048,4.15,4.20,4.03,4.18,50385554
2012/4/23,sh.600048,4.15,4.16,4.02,4.11,26424590
2012/4/24,sh.600048,4.10,4.19,4.02,4.11,29415988
2012/4/25,sh.600048,4.09,4.25,4.06,4.21,42212434
2012/4/26,sh.600048,4.21,4.21,4.21,4.21,INVALID
2012/4/27,sh.600048,4.21,4.33,4.18,4.28,42610530
2012/5/2,sh.600048,4.32,4.48,4.29,4.45,38224475
2012/5/3,sh.600048,4.51,4.51,4.33,4.43,28884386
2012/5/4,sh.600048,4.42,4.47,4.34,4.46,22504725
2012/5/7,sh.600048,4.42,4.47,4.35,4.45,27704332
2012/5/8,sh.600048,4.50,4.50,4.31,4.45,36832919
2012/5/9,sh.600048,4.38,4.42,4.34,4.37,16556984
2012/5/10,sh.600048,4.36,4.42,4.33,4.38,11068866
2012/5/11,sh.600048,4.35,4.38,4.28,4.32,15765576
2012/5/14,sh.600048,4.38,4.50,4.31,4.37,42250728
2012/5/15,sh.600048,4.33,4.45,4.32,4.44,18422745
2012/5/16,sh.600048,4.42,4.44,4.33,4.33,16336560
2012/5/17,sh.600048,4.33,4.44,4.29,4.41,15263442
2012/5/18,sh.600048,4.38,4.42,4.33,4.36,9513800
2012/5/21,sh.600048,4.35,4.42,4.32,4.35,11601583
2012/5/22,sh.600048,4.37,4.60,4.35,4.59,48885712
2012/5/23,sh.600048,4.57,4.67,4.54,4.66,37408867
2012/5/24,sh.600048,4.65,4.73,4.57,4.60,21907345
2012/5/25,sh.600048,4.62,4.70,4.59,4.63,17272091
2012/5/28,sh.600048,4.62,4.78,4.59,4.78,20969902
2012/5/29,sh.600048,4.76,4.83,4.74,4.78,24915447
2012/5/30,sh.600048,4.76,4.89,4.72,4.73,31532846
2012/5/31,sh.600048,4.69,4.74,4.64,4.67,31967148
2012/6/1,sh.600048,4.67,4.74,4.64,4.68,25447361
2012/6/4,sh.600048,4.62,4.76,4.53,4.54,29227911
2012/6/5,sh.600048,4.56,4.65,4.53,4.63,17121441
2012/6/6,sh.600048,4.62,4.64,4.51,4.63,18116953
2012/6/7,sh.600048,4.66,4.84,4.65,4.67,32584247
2012/6/8,sh.600048,4.79,4.88,4.64,4.67,35001935
2012/6/11,sh.600048,4.71,4.91,4.69,4.82,36146545
2012/6/12,sh.600048,4.81,5.02,4.78,5.01,44441380
2012/6/13,sh.600048,5.00,5.03,4.96,5.00,40838060
2012/6/14,sh.600048,5.00,5.10,4.99,5.04,27639655
2012/6/15,sh.600048,5.07,5.07,4.76,4.92,55618162
2012/6/18,sh.600048,4.97,5.01,4.90,5.00,23302782
2012/6/19,sh.600048,4.97,4.98,4.88,4.89,34207903
2012/6/20,sh.600048,4.90,4.93,4.74,4.81,36424737
2012/6/21,sh.600048,4.80,4.87,4.71,4.79,43644380
2012/6/25,sh.600048,4.78,4.83,4.55,4.56,50054437
2012/6/26,sh.600048,4.54,4.70,4.54,4.69,51872677
2012/6/27,sh.600048,4.64,4.86,4.62,4.76,36074510
2012/6/28,sh.600048,4.78,4.84,4.70,4.71,19205822
2012/6/29,sh.600048,4.70,4.78,4.63,4.73,32661283
2012/7/2,sh.600048,4.79,4.87,4.70,4.84,29689785
2012/7/3,sh.600048,4.83,5.03,4.80,4.99,53044964
2012/7/4,sh.600048,5.01,5.04,4.92,5.00,20129398
2012/7/5,sh.600048,4.95,5.11,4.94,5.09,44046360
2012/7/6,sh.600048,5.18,5.37,5.17,5.35,78951465
2012/7/9,sh.600048,5.25,5.50,5.21,5.42,62614314
2012/7/10,sh.600048,5.33,5.37,5.17,5.22,54116946
2012/7/11,sh.600048,5.21,5.32,5.06,5.18,37844344
2012/7/12,sh.600048,5.17,5.39,5.04,5.36,56133820
2012/7/13,sh.600048,5.32,5.42,5.27,5.34,22559946
2012/7/16,sh.600048,5.34,5.38,5.08,5.12,29505338
2012/7/17,sh.600048,5.09,5.24,5.08,5.16,20351495
2012/7/18,sh.600048,5.16,5.21,4.70,4.91,80993002
2012/7/19,sh.600048,4.87,4.94,4.67,4.82,52728892
2012/7/20,sh.600048,4.77,4.85,4.67,4.73,52607235
2012/7/23,sh.600048,4.70,4.73,4.58,4.67,31384431
2012/7/24,sh.600048,4.67,4.86,4.66,4.77,27067272
2012/7/25,sh.600048,4.73,4.75,4.62,4.65,33580835
2012/7/26,sh.600048,4.63,4.67,4.45,4.47,68032183
2012/7/27,sh.600048,4.49,4.57,4.44,4.54,34153324
2012/7/30,sh.600048,4.54,4.64,4.52,4.59,22825979
2012/7/31,sh.600048,4.57,4.78,4.55,4.75,37974260
2012/8/1,sh.600048,4.74,4.88,4.69,4.73,49988925
2012/8/2,sh.600048,4.71,4.71,4.27,4.29,86784975
2012/8/3,sh.600048,4.37,4.40,4.27,4.37,58738732
2012/8/6,sh.600048,4.34,4.44,4.29,4.43,53019568
2012/8/7,sh.600048,4.42,4.44,4.34,4.41,42341765
2012/8/8,sh.600048,4.39,4.50,4.39,4.48,43281506
2012/8/9,sh.600048,4.51,4.63,4.51,4.55,39566632
2012/8/10,sh.600048,4.54,4.55,4.40,4.43,31023457
2012/8/13,sh.600048,4.36,4.39,4.17,4.25,67463426
2012/8/14,sh.600048,4.27,4.38,4.17,4.37,34883031
2012/8/15,sh.600048,4.32,4.39,4.29,4.36,15231369
2012/8/16,sh.600048,4.32,4.44,4.32,4.37,16444248
2012/8/17,sh.600048,4.36,4.38,4.21,4.31,23919441
2012/8/20,sh.600048,4.22,4.22,4.11,4.18,44984337
2012/8/21,sh.600048,4.18,4.29,4.08,4.10,53313498
2012/8/22,sh.600048,4.11,4.12,3.91,3.96,69922427
2012/8/23,sh.600048,3.96,3.99,3.88,3.92,63571331
2012/8/24,sh.600048,3.89,3.97,3.86,3.93,29292596
2012/8/27,sh.600048,3.91,3.96,3.87,3.93,30988957
2012/8/28,sh.600048,3.91,3.93,3.78,3.85,42432191
2012/8/29,sh.600048,3.84,3.90,3.77,3.79,26803881
2012/8/30,sh.600048,3.76,3.86,3.76,3.81,31493316
2012/8/31,sh.600048,3.80,3.93,3.79,3.92,35236864
2012/9/3,sh.600048,3.92,4.23,3.92,4.22,80789125
2012/9/4,sh.600048,4.17,4.28,4.14,4.15,34412132
2012/9/5,sh.600048,4.13,4.29,4.13,4.27,31226453
2012/9/6,sh.600048,4.27,4.34,4.19,4.25,36367126
2012/9/7,sh.600048,4.29,4.55,4.29,4.44,74467050
2012/9/10,sh.600048,4.46,4.55,4.34,4.44,54637907
2012/9/11,sh.600048,4.39,4.40,4.31,4.37,36579365
2012/9/12,sh.600048,4.40,4.49,4.29,4.36,35657099
2012/9/13,sh.600048,4.32,4.44,4.32,4.35,26947486
2012/9/14,sh.600048,4.38,4.43,4.20,4.34,45410049
2012/9/17,sh.600048,4.29,4.30,4.00,4.05,78509496
2012/9/18,sh.600048,4.01,4.14,4.01,4.09,41879975
2012/9/19,sh.600048,4.07,4.11,4.01,4.09,32469294
2012/9/20,sh.600048,4.05,4.06,3.96,3.99,37505930
2012/9/21,sh.600048,3.94,4.34,3.94,4.11,63495005
2012/9/24,sh.600048,4.05,4.25,4.03,4.22,41113015
2012/9/25,sh.600048,4.22,4.27,4.19,4.24,21162665
2012/9/26,sh.600048,4.24,4.26,4.15,4.18,18244775
2012/9/27,sh.600048,4.19,4.34,4.12,4.31,46740642
2012/9/28,sh.600048,4.27,4.49,4.25,4.49,60574137
2012/10/8,sh.600048,4.47,4.49,4.32,4.35,32414499
2012/10/9,sh.600048,4.38,4.53,4.36,4.50,41884010
2012/10/10,sh.600048,4.49,4.55,4.44,4.53,30773753
2012/10/11,sh.600048,4.51,4.54,4.42,4.46,26023211
2012/10/12,sh.600048,4.50,4.54,4.35,4.42,29479596
2012/10/15,sh.600048,4.44,4.48,4.37,4.44,17077257
2012/10/16,sh.600048,4.45,4.49,4.38,4.43,21169597
2012/10/17,sh.600048,4.44,4.48,4.32,4.42,25417702
2012/10/18,sh.600048,4.42,4.71,4.42,4.70,81340841
2012/10/19,sh.600048,4.67,4.74,4.61,4.68,39832631
2012/10/22,sh.600048,4.63,4.77,4.57,4.74,41302756
2012/10/23,sh.600048,4.73,4.79,4.64,4.67,32398753
2012/10/24,sh.600048,4.65,4.74,4.63,4.68,23781059
2012/10/25,sh.600048,4.68,4.70,4.54,4.57,27143591
2012/10/26,sh.600048,4.57,4.61,4.36,4.47,33129096
2012/10/29,sh.600048,4.42,4.47,4.34,4.47,16583654
2012/10/30,sh.600048,4.49,4.64,4.44,4.58,35149172
2012/10/31,sh.600048,4.61,4.66,4.56,4.63,24577854
2012/11/1,sh.600048,4.63,4.94,4.63,4.84,68980841
2012/11/2,sh.600048,4.84,4.94,4.82,4.92,53988491
2012/11/5,sh.600048,4.88,4.93,4.77,4.90,41481536
2012/11/6,sh.600048,4.86,4.87,4.75,4.84,34784173
2012/11/7,sh.600048,4.82,4.86,4.70,4.75,27611938
2012/11/8,sh.600048,4.71,4.81,4.62,4.67,41577640
2012/11/9,sh.600048,4.65,4.75,4.65,4.69,22993702
2012/11/12,sh.600048,4.71,4.84,4.71,4.84,42366499
2012/11/13,sh.600048,4.82,4.83,4.73,4.78,29560057
2012/11/14,sh.600048,4.77,4.82,4.58,4.68,37162274
2012/11/15,sh.600048,4.61,4.71,4.60,4.64,30192647
2012/11/16,sh.600048,4.60,4.68,4.59,4.65,29759113
2012/11/19,sh.600048,4.64,4.64,4.46,4.58,28962922
2012/11/20,sh.600048,4.58,4.71,4.54,4.67,26503006
2012/11/21,sh.600048,4.66,4.79,4.59,4.77,35563043
2012/11/22,sh.600048,4.73,4.85,4.70,4.78,27146988
2012/11/23,sh.600048,4.78,4.86,4.74,4.79,33063966
2012/11/26,sh.600048,4.79,4.81,4.69,4.77,18191019
2012/11/27,sh.600048,4.72,4.82,4.70,4.76,19055048
2012/11/28,sh.600048,4.71,4.73,4.57,4.59,30909988
2012/11/29,sh.600048,4.59,4.68,4.59,4.63,21947373
2012/11/30,sh.600048,4.62,4.91,4.62,4.78,59667871
2012/12/3,sh.600048,4.79,4.99,4.79,4.90,62164826
2012/12/4,sh.600048,4.90,4.96,4.82,4.94,36400416
2012/12/5,sh.600048,4.91,5.21,4.90,5.04,56334255
2012/12/6,sh.600048,5.07,5.15,5.02,5.12,35469740
2012/12/7,sh.600048,5.10,5.19,4.98,5.07,62286471
2012/12/10,sh.600048,5.08,5.18,4.94,5.17,71984152
2012/12/11,sh.600048,5.13,5.15,5.04,5.06,38005329
2012/12/12,sh.600048,5.08,5.17,5.03,5.12,41341171
2012/12/13,sh.600048,5.14,5.22,5.08,5.19,47698177
2012/12/14,sh.600048,5.20,5.40,5.13,5.38,101992906
2012/12/17,sh.600048,5.34,5.45,5.17,5.25,91585433
2012/12/18,sh.600048,5.21,5.26,5.03,5.06,115844444
2012/12/19,sh.600048,5.03,5.09,4.91,5.06,132264644
2012/12/20,sh.600048,5.02,5.18,4.96,5.13,72586486
2012/12/21,sh.600048,5.14,5.26,5.04,5.05,66618406
2012/12/24,sh.600048,5.04,5.14,5.00,5.11,42945171
2012/12/25,sh.600048,5.09,5.45,5.08,5.35,115202642
2012/12/26,sh.600048,5.35,5.50,5.35,5.46,109594437
2012/12/27,sh.600048,5.47,5.55,5.36,5.37,65074148
2012/12/28,sh.600048,5.35,5.51,5.30,5.49,63261989
2012/12/31,sh.600048,5.50,5.68,5.47,5.67,73129483
2013/1/4,sh.600048,5.75,5.94,5.68,5.92,112483693
2013/1/7,sh.600048,5.90,5.90,5.72,5.81,61086314
2013/1/8,sh.600048,5.80,5.83,5.62,5.75,57514394
2013/1/9,sh.600048,5.75,5.85,5.66,5.83,65961779
2013/1/10,sh.600048,5.84,5.96,5.78,5.91,54202181
2013/1/11,sh.600048,5.91,5.92,5.63,5.64,63437293
2013/1/14,sh.600048,5.64,5.92,5.63,5.88,77534723
2013/1/15,sh.600048,5.90,5.91,5.77,5.85,54609263
2013/1/16,sh.600048,5.84,5.84,5.60,5.65,96402513
2013/1/17,sh.600048,5.65,5.76,5.60,5.65,44775580
2013/1/18,sh.600048,5.70,5.98,5.65,5.96,81385832
2013/1/21,sh.600048,6.04,6.10,5.76,5.82,89498040
2013/1/22,sh.600048,5.82,5.82,5.63,5.70,81502196
2013/1/23,sh.600048,5.68,5.81,5.60,5.69,51454142
2013/1/24,sh.600048,5.64,5.86,5.55,5.62,84537375
2013/1/25,sh.600048,5.62,5.65,5.40,5.42,81481486
2013/1/28,sh.600048,5.43,5.65,5.42,5.65,77626807
2013/1/29,sh.600048,5.65,5.88,5.63,5.70,100125503
2013/1/30,sh.600048,5.71,5.90,5.68,5.87,102593144
2013/1/31,sh.600048,5.84,5.84,5.48,5.51,132631417
2013/2/1,sh.600048,5.53,5.55,5.35,5.53,123855721
2013/2/4,sh.600048,5.52,5.54,5.25,5.47,139337101
2013/2/5,sh.600048,5.39,5.66,5.37,5.60,101958116
2013/2/6,sh.600048,5.58,5.59,5.43,5.48,67839952
2013/2/7,sh.600048,5.49,5.50,5.34,5.43,77019582
2013/2/8,sh.600048,5.40,5.48,5.38,5.43,78835088
2013/2/18,sh.600048,5.46,5.48,5.31,5.37,65912457
2013/2/19,sh.600048,5.34,5.34,5.06,5.09,96395567
2013/2/20,sh.600048,5.09,5.19,5.06,5.17,63512783
2013/2/21,sh.600048,5.13,5.29,5.04,5.13,86685153
2013/2/22,sh.600048,5.12,5.25,5.10,5.17,54772455
2013/2/25,sh.600048,5.17,5.20,4.98,5.06,63153242
2013/2/26,sh.600048,5.00,5.15,4.97,4.97,49635176
2013/2/27,sh.600048,5.00,5.17,4.97,5.16,71625216
2013/2/28,sh.600048,5.19,5.39,5.19,5.35,114137402
2013/3/1,sh.600048,5.37,5.37,5.21,5.27,55045994
2013/3/4,sh.600048,4.82,4.86,4.74,4.74,164441639
2013/3/5,sh.600048,4.59,4.71,4.52,4.69,170838519
2013/3/6,sh.600048,4.68,4.78,4.67,4.73,100533880
2013/3/7,sh.600048,4.70,4.82,4.64,4.74,69038546
2013/3/8,sh.600048,4.79,4.80,4.72,4.74,51644704
2013/3/11,sh.600048,4.74,4.83,4.72,4.82,54671804
2013/3/12,sh.600048,4.80,4.92,4.77,4.83,58556995
2013/3/13,sh.600048,4.82,4.82,4.63,4.64,50699688
2013/3/14,sh.600048,4.64,4.69,4.58,4.63,43439178
2013/3/15,sh.600048,4.63,4.67,4.39,4.44,114874859
2013/3/18,sh.600048,4.45,4.54,4.38,4.49,60583929
2013/3/19,sh.600048,4.48,4.69,4.45,4.67,71745296
2013/3/20,sh.600048,4.67,4.93,4.67,4.86,114861936
2013/3/21,sh.600048,4.87,4.89,4.76,4.83,43479351
2013/3/22,sh.600048,4.83,4.92,4.77,4.90,38107115
2013/3/25,sh.600048,4.92,5.02,4.87,4.97,44606839
2013/3/26,sh.600048,4.93,5.17,4.93,4.97,83427302
2013/3/27,sh.600048,4.94,5.10,4.93,5.03,51652187
2013/3/28,sh.600048,4.95,4.98,4.75,4.91,84089908
2013/3/29,sh.600048,4.91,4.92,4.74,4.79,53342854
2013/4/1,sh.600048,4.81,5.04,4.81,4.93,55563764
2013/4/2,sh.600048,4.95,5.14,4.94,5.00,63747299
2013/4/3,sh.600048,5.03,5.07,4.89,4.94,34024322
2013/4/8,sh.600048,4.71,4.88,4.66,4.83,54213997
2013/4/9,sh.600048,4.84,5.00,4.84,4.91,40840422
2013/4/10,sh.600048,4.97,5.04,4.88,4.92,38764253
2013/4/11,sh.600048,4.99,5.01,4.83,4.84,36887647
2013/4/12,sh.600048,4.84,4.90,4.77,4.79,29453054
2013/4/15,sh.600048,4.80,4.96,4.78,4.90,48366614
2013/4/16,sh.600048,4.89,5.20,4.88,5.19,93060811
2013/4/17,sh.600048,5.20,5.31,5.11,5.22,71988759
2013/4/18,sh.600048,5.17,5.31,5.15,5.22,50162533
2013/4/19,sh.600048,5.24,5.32,5.14,5.28,66243965
2013/4/22,sh.600048,5.25,5.30,5.07,5.14,61486218
2013/4/23,sh.600048,5.12,5.12,4.87,4.90,67297548
2013/4/24,sh.600048,4.92,5.02,4.84,4.99,49972741
2013/4/25,sh.600048,4.94,4.94,4.76,4.83,61929364
2013/4/26,sh.600048,4.86,4.92,4.82,4.85,28203451
2013/5/2,sh.600048,4.82,4.96,4.77,4.95,36734159
2013/5/3,sh.600048,4.96,5.14,4.94,5.02,62524136
2013/5/6,sh.600048,5.02,5.11,4.97,5.04,38972270
2013/5/7,sh.600048,5.01,5.14,5.00,5.10,46861010
2013/5/8,sh.600048,5.15,5.23,5.08,5.10,41590974
2013/5/9,sh.600048,5.07,5.14,4.98,4.99,42987140
2013/5/10,sh.600048,4.99,5.07,4.95,5.05,39765672
2013/5/13,sh.600048,5.07,5.08,4.91,4.98,32039459
2013/5/14,sh.600048,4.94,4.97,4.79,4.83,57270262
2013/5/15,sh.600048,4.84,4.86,4.77,4.82,33745582
2013/5/16,sh.600048,4.82,5.04,4.79,5.03,62449190
2013/5/17,sh.600048,5.06,5.21,5.05,5.16,85123807
2013/5/20,sh.600048,5.18,5.29,5.10,5.11,85481733
2013/5/21,sh.600048,5.10,5.15,5.04,5.14,58028112
2013/5/22,sh.600048,5.12,5.27,5.11,5.17,62393186
2013/5/23,sh.600048,5.18,5.29,5.10,5.11,60918937
2013/5/24,sh.600048,5.16,5.19,5.02,5.11,40552477
2013/5/27,sh.600048,5.06,5.13,5.02,5.10,35545591
2013/5/28,sh.600048,5.09,5.27,5.05,5.27,59272486
2013/5/29,sh.600048,5.28,5.43,5.28,5.34,82981215
2013/5/30,sh.600048,5.32,5.40,5.27,5.35,35769046
2013/5/31,sh.600048,5.35,5.39,5.14,5.20,41776910
2013/6/3,sh.600048,5.22,5.32,5.21,5.25,31402257
2013/6/4,sh.600048,5.25,5.29,5.15,5.17,55361161
2013/6/5,sh.600048,5.17,5.19,5.08,5.16,31231239
2013/6/6,sh.600048,5.15,5.15,4.97,5.00,61738815
2013/6/7,sh.600048,5.00,5.06,4.83,4.89,58642419
2013/6/13,sh.600048,4.81,4.81,4.62,4.67,65614821
2013/6/14,sh.600048,4.70,4.74,4.66,4.70,52911525
2013/6/17,sh.600048,4.71,4.72,4.52,4.66,59442425
2013/6/18,sh.600048,4.68,4.74,4.62,4.72,40244473
2013/6/19,sh.600048,4.69,4.69,4.54,4.65,47104584
2013/6/20,sh.600048,4.61,4.68,4.50,4.51,51696105
2013/6/21,sh.600048,4.46,4.56,4.41,4.50,61674173
2013/6/24,sh.600048,4.49,4.49,4.05,4.05,145760928
2013/6/25,sh.600048,3.96,4.07,3.65,3.95,147402521
2013/6/26,sh.600048,3.97,4.04,3.87,3.95,75636239
2013/6/27,sh.600048,3.98,4.07,3.92,3.96,86275198
2013/6/28,sh.600048,4.02,4.36,4.02,4.21,156149453
2013/7/1,sh.600048,4.14,4.33,4.11,4.24,43514847
2013/7/2,sh.600048,4.24,4.27,4.10,4.19,52918978
2013/7/3,sh.600048,4.19,4.19,3.95,4.10,69126988
2013/7/4,sh.600048,4.06,4.29,4.04,4.22,73867584
2013/7/5,sh.600048,4.40,4.64,4.40,4.42,105270450
2013/7/8,sh.600048,4.36,4.53,4.32,4.42,63495882
2013/7/9,sh.600048,4.42,4.46,4.27,4.30,27799109
2013/7/10,sh.600048,4.34,4.54,4.31,4.53,48713428
2013/7/11,sh.600048,4.58,4.92,4.58,4.81,160057954
2013/7/12,sh.600048,4.82,4.90,4.61,4.63,76068713
2013/7/15,sh.600048,4.64,4.77,4.60,4.64,50547128
2013/7/16,sh.600048,4.61,4.70,4.47,4.68,61797888
2013/7/17,sh.600048,4.62,4.84,4.55,4.68,64937406
2013/7/18,sh.600048,4.66,4.71,4.57,4.58,36374294
2013/7/19,sh.600048,4.57,4.60,4.29,4.32,89574833
2013/7/22,sh.600048,4.32,4.32,4.14,4.24,76894341
2013/7/23,sh.600048,4.25,4.44,4.21,4.39,75509933
2013/7/24,sh.600048,4.33,4.37,4.21,4.26,61698323
2013/7/25,sh.600048,4.27,4.35,4.21,4.28,45593861
2013/7/26,sh.600048,4.25,4.35,4.22,4.29,36279259
2013/7/29,sh.600048,4.24,4.25,4.05,4.12,48323216
2013/7/30,sh.600048,4.15,4.32,4.09,4.19,51832478
2013/7/31,sh.600048,4.50,4.57,4.32,4.33,105219371
2013/8/1,sh.600048,4.32,4.49,4.32,4.48,64496404
2013/8/2,sh.600048,4.62,4.78,4.61,4.64,96581445
2013/8/5,sh.600048,4.63,4.67,4.50,4.66,46604830
2013/8/6,sh.600048,4.61,4.64,4.51,4.60,53099218
2013/8/7,sh.600048,4.69,4.84,4.69,4.70,107351415
2013/8/8,sh.600048,4.76,4.77,4.64,4.66,34008054
2013/8/9,sh.600048,4.68,4.72,4.54,4.62,28485097
2013/8/12,sh.600048,4.61,4.86,4.60,4.85,67566021
2013/8/13,sh.600048,4.85,4.91,4.79,4.85,53930470
2013/8/14,sh.600048,4.89,4.98,4.82,4.84,37943107
2013/8/15,sh.600048,4.84,4.88,4.72,4.73,26656549
2013/8/16,sh.600048,4.69,5.20,4.60,4.69,96093325
2013/8/19,sh.600048,4.63,4.75,4.61,4.71,38107430
2013/8/20,sh.600048,4.68,4.80,4.57,4.61,61984745
2013/8/21,sh.600048,4.65,4.65,4.46,4.49,60379597
2013/8/22,sh.600048,4.49,4.56,4.41,4.44,42663606
2013/8/23,sh.600048,4.46,4.49,4.34,4.49,41917327
2013/8/26,sh.600048,4.49,4.59,4.44,4.58,53246619
2013/8/27,sh.600048,4.61,4.61,4.50,4.55,38901846
2013/8/28,sh.600048,4.49,4.49,4.40,4.43,47439857
2013/8/29,sh.600048,4.44,4.52,4.40,4.49,40958196
2013/8/30,sh.600048,4.50,4.51,4.42,4.43,43281093
2013/9/2,sh.600048,4.45,4.45,4.28,4.33,65229858
2013/9/3,sh.600048,4.34,4.54,4.29,4.53,115787397
2013/9/4,sh.600048,4.49,4.55,4.45,4.49,44126848
2013/9/5,sh.600048,4.52,4.59,4.46,4.49,73977085
2013/9/6,sh.600048,4.46,4.54,4.36,4.40,82868346
2013/9/9,sh.600048,4.43,4.66,4.38,4.58,121003185
2013/9/10,sh.600048,4.64,4.71,4.59,4.66,83702189
2013/9/11,sh.600048,4.71,4.82,4.68,4.82,122398257
2013/9/12,sh.600048,4.84,4.84,4.68,4.78,86230490
2013/9/13,sh.600048,4.74,4.83,4.69,4.77,62030484
2013/9/16,sh.600048,4.82,4.83,4.62,4.67,85834760
2013/9/17,sh.600048,4.67,4.67,4.49,4.50,65564304
2013/9/18,sh.600048,4.50,4.56,4.46,4.53,40840895
2013/9/23,sh.600048,4.55,4.58,4.48,4.57,39147888
2013/9/24,sh.600048,4.52,4.53,4.38,4.43,90297172
2013/9/25,sh.600048,4.46,4.46,4.30,4.36,88387695
2013/9/26,sh.600048,4.38,4.39,4.25,4.31,87156994
2013/9/27,sh.600048,4.32,4.33,4.21,4.23,65029233
2013/9/30,sh.600048,4.25,4.26,4.17,4.20,60030555
2013/10/8,sh.600048,4.19,4.42,4.15,4.41,96297755
2013/10/9,sh.600048,4.38,4.38,4.29,4.34,56888016
2013/10/10,sh.600048,4.33,4.35,4.28,4.31,40725207
2013/10/11,sh.600048,4.34,4.35,4.29,4.32,42092189
2013/10/14,sh.600048,4.32,4.32,4.18,4.21,77260257
2013/10/15,sh.600048,4.21,4.22,4.15,4.18,53610034
2013/10/16,sh.600048,4.16,4.19,4.05,4.08,58646294
2013/10/17,sh.600048,4.11,4.14,4.07,4.09,34062678
2013/10/18,sh.600048,4.11,4.15,4.09,4.12,27861169
2013/10/21,sh.600048,4.13,4.17,4.07,4.15,37123771
2013/10/22,sh.600048,4.13,4.15,4.06,4.07,44190613
2013/10/23,sh.600048,4.09,4.17,4.06,4.07,46541322
2013/10/24,sh.600048,4.04,4.08,3.95,4.00,42011149
2013/10/25,sh.600048,3.99,4.06,3.97,4.00,41451876
2013/10/28,sh.600048,4.00,4.02,3.90,3.90,48083625
2013/10/29,sh.600048,3.90,3.99,3.82,3.88,65396699
2013/10/30,sh.600048,3.90,3.98,3.84,3.97,48574531
2013/10/31,sh.600048,4.09,4.21,4.03,4.04,142788703
2013/11/1,sh.600048,4.00,4.15,3.99,4.12,55336574
2013/11/4,sh.600048,4.12,4.16,4.06,4.07,33308749
2013/11/5,sh.600048,4.06,4.06,3.97,4.04,30453916
2013/11/6,sh.600048,4.01,4.03,3.95,3.95,31423731
2013/11/7,sh.600048,3.93,3.97,3.89,3.92,24575219
2013/11/8,sh.600048,3.93,3.97,3.84,3.88,40129927
2013/11/11,sh.600048,3.88,3.88,3.74,3.80,38961335
2013/11/12,sh.600048,3.78,3.85,3.78,3.84,33810454
2013/11/13,sh.600048,3.85,3.88,3.82,3.84,29253956
2013/11/14,sh.600048,3.86,3.87,3.74,3.78,36219584
2013/11/15,sh.600048,3.79,3.91,3.76,3.88,52332760
2013/11/18,sh.600048,3.90,3.98,3.83,3.98,75299063
2013/11/19,sh.600048,3.95,3.98,3.90,3.94,54923731
2013/11/20,sh.600048,3.97,3.98,3.90,3.92,31571182
2013/11/21,sh.600048,3.89,3.89,3.77,3.81,62731292
2013/11/22,sh.600048,3.81,3.82,3.75,3.75,47305728
2013/11/25,sh.600048,3.73,3.79,3.68,3.76,48014667
2013/11/26,sh.600048,3.75,3.77,3.69,3.71,37439861
2013/11/27,sh.600048,3.70,3.74,3.65,3.73,48840784
2013/11/28,sh.600048,3.72,3.84,3.72,3.80,63036586
2013/11/29,sh.600048,3.79,3.83,3.77,3.78,33580574
2013/12/2,sh.600048,3.74,3.78,3.70,3.74,46551033
2013/12/3,sh.600048,3.73,3.78,3.71,3.78,33719280
2013/12/4,sh.600048,3.77,3.87,3.75,3.82,60895035
2013/12/5,sh.600048,3.83,3.89,3.81,3.84,39402991
2013/12/6,sh.600048,3.82,3.87,3.81,3.82,25094762
2013/12/9,sh.600048,3.84,3.87,3.76,3.77,32961683
2013/12/10,sh.600048,3.79,3.81,3.75,3.80,34822216
2013/12/11,sh.600048,3.76,3.81,3.71,3.73,43700877
2013/12/12,sh.600048,3.72,3.74,3.69,3.70,28790124
2013/12/13,sh.600048,3.66,3.74,3.66,3.72,26273949
2013/12/16,sh.600048,3.74,3.75,3.69,3.70,34008269
2013/12/17,sh.600048,3.70,3.71,3.64,3.65,44056272
2013/12/18,sh.600048,3.65,3.66,3.62,3.65,36480773
2013/12/19,sh.600048,3.66,3.67,3.56,3.57,49339455
2013/12/20,sh.600048,3.57,3.58,3.42,3.43,81962956
2013/12/23,sh.600048,3.43,3.44,3.37,3.39,40154742
2013/12/24,sh.600048,3.40,3.48,3.37,3.40,50403407
2013/12/25,sh.600048,3.40,3.45,3.36,3.45,36546767
2013/12/26,sh.600048,3.44,3.45,3.38,3.39,49211775
2013/12/27,sh.600048,3.39,3.50,3.38,3.47,49110007
2013/12/30,sh.600048,3.48,3.49,3.39,3.41,51507297
2013/12/31,sh.600048,3.38,3.52,3.35,3.50,54940897
2014/1/2,sh.600048,3.48,3.51,3.45,3.47,32159157
2014/1/3,sh.600048,3.45,3.48,3.42,3.44,25517581
2014/1/6,sh.600048,3.43,3.43,3.24,3.25,76409223
2014/1/7,sh.600048,3.24,3.27,3.21,3.22,40229837
2014/1/8,sh.600048,3.23,3.27,3.16,3.19,50442084
2014/1/9,sh.600048,3.23,3.30,3.22,3.25,56261464
2014/1/10,sh.600048,3.24,3.28,3.23,3.25,32736465
2014/1/13,sh.600048,3.25,3.27,3.13,3.19,44587309
2014/1/14,sh.600048,3.18,3.22,3.15,3.22,71864486
2014/1/15,sh.600048,3.20,3.22,3.14,3.19,41128215
2014/1/16,sh.600048,3.18,3.24,3.14,3.20,32384726
2014/1/17,sh.600048,3.19,3.19,3.13,3.16,30345387
2014/1/20,sh.600048,3.15,3.18,3.12,3.16,23196874
2014/1/21,sh.600048,3.17,3.25,3.17,3.20,29716953
2014/1/22,sh.600048,3.23,3.47,3.22,3.44,112607381
2014/1/23,sh.600048,3.42,3.46,3.35,3.37,61624651
2014/1/24,sh.600048,3.36,3.58,3.34,3.47,90084256
2014/1/27,sh.600048,3.44,3.46,3.38,3.42,50544304
2014/1/28,sh.600048,3.44,3.47,3.39,3.42,29001864
2014/1/29,sh.600048,3.43,3.44,3.36,3.37,34675554
2014/1/30,sh.600048,3.36,3.37,3.27,3.30,27399609
2014/2/7,sh.600048,3.28,3.33,3.23,3.33,30517540
2014/2/10,sh.600048,3.35,3.41,3.34,3.39,45045779
2014/2/11,sh.600048,3.39,3.45,3.35,3.42,55080156
2014/2/12,sh.600048,3.42,3.44,3.39,3.40,39480644
2014/2/13,sh.600048,3.39,3.39,3.31,3.33,74596247
2014/2/14,sh.600048,3.33,3.33,3.27,3.31,51216668
2014/2/17,sh.600048,3.31,3.33,3.24,3.27,100034148
2014/2/18,sh.600048,3.27,3.27,3.19,3.20,80145202
2014/2/19,sh.600048,3.19,3.25,3.18,3.24,97278911
2014/2/20,sh.600048,3.23,3.28,3.20,3.21,64824295
2014/2/21,sh.600048,3.19,3.22,3.13,3.14,54461516
2014/2/24,sh.600048,3.08,3.08,2.87,2.88,151517869
2014/2/25,sh.600048,2.87,2.90,2.82,2.83,77240740
2014/2/26,sh.600048,2.85,2.88,2.82,2.87,61665902
2014/2/27,sh.600048,2.89,2.91,2.82,2.84,50856767
2014/2/28,sh.600048,2.84,2.88,2.82,2.87,55486606
2014/3/3,sh.600048,2.85,2.85,2.77,2.82,88079029
2014/3/4,sh.600048,2.87,2.91,2.83,2.88,86541636
2014/3/5,sh.600048,2.87,2.87,2.82,2.82,42483451
2014/3/6,sh.600048,2.82,3.05,2.79,2.98,158523115
2014/3/7,sh.600048,2.95,3.00,2.91,2.94,87941880
2014/3/10,sh.600048,2.90,2.90,2.78,2.79,63491038
2014/3/11,sh.600048,2.79,2.96,2.77,2.92,120398054
2014/3/12,sh.600048,2.89,3.08,2.87,3.00,138145587
2014/3/13,sh.600048,2.99,3.07,2.96,3.02,85986897
2014/3/14,sh.600048,2.99,3.05,2.95,2.97,48531734
2014/3/17,sh.600048,2.98,3.08,2.95,3.01,62722371
2014/3/18,sh.600048,3.01,3.01,2.91,2.92,73330223
2014/3/19,sh.600048,2.89,2.90,2.84,2.88,58638338
2014/3/20,sh.600048,2.89,2.99,2.86,2.86,87103749
2014/3/21,sh.600048,2.87,3.08,2.84,3.06,218048383
2014/3/24,sh.600048,3.12,3.21,3.06,3.16,183361802
2014/3/25,sh.600048,3.16,3.26,3.13,3.18,162210283
2014/3/26,sh.600048,3.21,3.22,3.09,3.15,71255943
2014/3/27,sh.600048,3.13,3.25,3.10,3.15,99138577
2014/3/28,sh.600048,3.14,3.30,3.13,3.27,172536148
2014/3/31,sh.600048,3.29,3.32,3.16,3.23,89155438
2014/4/1,sh.600048,3.30,3.31,3.24,3.27,97722844
2014/4/2,sh.600048,3.30,3.53,3.30,3.50,237405109
2014/4/3,sh.600048,3.51,3.54,3.42,3.44,116069172
2014/4/4,sh.600048,3.46,3.47,3.42,3.47,56997859
2014/4/8,sh.600048,3.47,3.57,3.44,3.56,100992486
2014/4/9,sh.600048,3.53,3.55,3.48,3.50,66642391
2014/4/10,sh.600048,3.46,3.48,3.36,3.44,143790701
2014/4/11,sh.600048,3.41,3.42,3.37,3.40,57374309
2014/4/14,sh.600048,3.39,3.44,3.39,3.43,42461490
2014/4/15,sh.600048,3.40,3.41,3.29,3.31,93165931
2014/4/16,sh.600048,3.30,3.36,3.29,3.33,53278233
2014/4/17,sh.600048,3.35,3.36,3.27,3.28,60397392
2014/4/18,sh.600048,3.27,3.30,3.24,3.28,40395041
2014/4/21,sh.600048,3.25,3.28,3.21,3.21,42983533
2014/4/22,sh.600048,3.21,3.27,3.17,3.26,58201466
2014/4/23,sh.600048,3.23,3.29,3.23,3.26,47033794
2014/4/24,sh.600048,3.27,3.40,3.25,3.35,99167078
2014/4/25,sh.600048,3.39,3.39,3.29,3.30,62216739
2014/4/28,sh.600048,3.30,3.34,3.19,3.21,64146941
2014/4/29,sh.600048,3.21,3.23,3.15,3.19,34466285
2014/4/30,sh.600048,3.17,3.25,3.17,3.25,28594159
2014/5/5,sh.600048,3.21,3.22,3.11,3.13,58802232
2014/5/6,sh.600048,3.12,3.17,3.08,3.09,50241932
2014/5/7,sh.600048,3.08,3.11,3.05,3.05,49277713
2014/5/8,sh.600048,3.06,3.12,3.04,3.05,47580118
2014/5/9,sh.600048,3.05,3.05,2.99,3.02,36686426
2014/5/12,sh.600048,3.03,3.09,2.99,3.05,49969283
2014/5/13,sh.600048,3.05,3.15,3.05,3.14,78653502
2014/5/14,sh.600048,3.21,3.28,3.19,3.19,85599688
2014/5/15,sh.600048,3.15,3.19,3.12,3.13,29231502
2014/5/16,sh.600048,3.14,3.24,3.14,3.18,50415583
2014/5/19,sh.600048,3.19,3.19,3.11,3.15,25874810
2014/5/20,sh.600048,3.17,3.18,3.14,3.16,22818684
2014/5/21,sh.600048,3.16,3.22,3.13,3.20,36304191
2014/5/22,sh.600048,3.20,3.36,3.20,3.22,51662626
2014/5/23,sh.600048,3.22,3.38,3.22,3.36,144688240
2014/5/26,sh.600048,3.38,3.39,3.32,3.34,60746591
2014/5/27,sh.600048,3.33,3.41,3.31,3.37,85273119
2014/5/28,sh.600048,3.36,3.44,3.34,3.43,112626761
2014/5/29,sh.600048,3.45,3.48,3.38,3.38,80618418
2014/5/30,sh.600048,3.38,3.41,3.28,3.33,87536454
2014/6/3,sh.600048,3.32,3.36,3.29,3.32,51552468
2014/6/4,sh.600048,3.32,3.32,3.20,3.22,64883138
2014/6/5,sh.600048,3.22,3.28,3.21,3.27,35002346
2014/6/6,sh.600048,3.30,3.31,3.23,3.28,33843961
2014/6/9,sh.600048,3.25,3.48,3.24,3.41,146422448
2014/6/10,sh.600048,3.39,3.54,3.39,3.49,196348137
2014/6/11,sh.600048,3.47,3.53,3.46,3.49,72601845
2014/6/12,sh.600048,3.49,3.49,3.38,3.41,83650966
2014/6/13,sh.600048,3.41,3.46,3.38,3.41,67320156
2014/6/16,sh.600048,3.41,3.44,3.34,3.40,101819293
2014/6/17,sh.600048,3.38,3.40,3.28,3.29,94088304
2014/6/18,sh.600048,3.30,3.32,3.27,3.28,52167951
2014/6/19,sh.600048,3.29,3.30,3.24,3.26,40226147
2014/6/20,sh.600048,3.26,3.29,3.24,3.26,47132690
2014/6/23,sh.600048,3.27,3.32,3.25,3.26,54893227
2014/6/24,sh.600048,3.27,3.29,3.26,3.29,25049281
2014/6/25,sh.600048,3.28,3.28,3.21,3.24,58750228
2014/6/26,sh.600048,3.25,3.28,3.23,3.26,40363120
2014/6/27,sh.600048,3.26,3.28,3.24,3.26,32222116
2014/6/30,sh.600048,3.26,3.32,3.25,3.29,49169639
2014/7/1,sh.600048,3.30,3.31,3.26,3.28,33476172
2014/7/2,sh.600048,3.28,3.30,3.26,3.28,31054756
2014/7/3,sh.600048,3.28,3.31,3.26,3.28,48770293
2014/7/4,sh.600048,3.28,3.36,3.26,3.34,92126393
2014/7/7,sh.600048,3.34,3.47,3.34,3.41,118462682
2014/7/8,sh.600048,3.43,3.45,3.40,3.41,63543795
2014/7/9,sh.600048,3.41,3.41,3.34,3.35,53253570
2014/7/10,sh.600048,3.34,3.40,3.34,3.38,50627338
2014/7/11,sh.600048,3.39,3.53,3.38,3.47,171674346
2014/7/14,sh.600048,3.47,3.52,3.45,3.49,77837168
2014/7/15,sh.600048,3.47,3.53,3.39,3.45,130093748
2014/7/16,sh.600048,3.43,3.61,3.42,3.55,166367168
2014/7/17,sh.600048,3.53,3.58,3.50,3.54,64237425
2014/7/18,sh.600048,3.54,3.83,3.52,3.69,265628340
2014/7/21,sh.600048,3.69,3.83,3.67,3.79,160577539
2014/7/22,sh.600048,3.79,3.91,3.75,3.84,177022129
2014/7/23,sh.600048,3.82,3.93,3.82,3.84,176360174
2014/7/24,sh.600048,3.88,4.14,3.88,4.13,380941632
2014/7/25,sh.600048,4.13,4.14,4.02,4.11,138650438
2014/7/28,sh.600048,4.08,4.24,4.02,4.16,187217044
2014/7/29,sh.600048,4.14,4.19,4.03,4.13,186450122
2014/7/30,sh.600048,4.10,4.11,3.88,3.91,307436765
2014/7/31,sh.600048,3.89,3.99,3.84,3.99,191300201
2014/8/1,sh.600048,3.95,3.99,3.86,3.91,161201228
2014/8/4,sh.600048,3.94,4.04,3.85,4.02,204293737
2014/8/5,sh.600048,4.01,4.01,3.90,3.95,120148352
2014/8/6,sh.600048,3.93,3.93,3.84,3.91,134034381
2014/8/7,sh.600048,3.89,3.99,3.87,3.90,132467496
2014/8/8,sh.600048,3.89,3.91,3.77,3.81,211946247
2014/8/11,sh.600048,3.81,3.87,3.79,3.85,119445257
2014/8/12,sh.600048,3.85,3.88,3.81,3.85,110830580
2014/8/13,sh.600048,3.85,3.87,3.79,3.83,95811806
2014/8/14,sh.600048,3.83,3.85,3.77,3.78,84413192
2014/8/15,sh.600048,3.79,3.87,3.77,3.85,100823928
2014/8/18,sh.600048,3.83,3.86,3.79,3.82,92246826
2014/8/19,sh.600048,3.80,3.81,3.69,3.76,160794594
2014/8/20,sh.600048,3.75,3.75,3.69,3.72,129110403
2014/8/21,sh.600048,3.72,3.76,3.67,3.75,109431465
2014/8/22,sh.600048,3.73,3.77,3.72,3.75,72496922
2014/8/25,sh.600048,3.75,3.76,3.69,3.73,65228584
2014/8/26,sh.600048,3.73,3.81,3.71,3.78,96074044
2014/8/27,sh.600048,3.77,3.79,3.73,3.77,52331494
2014/8/28,sh.600048,3.78,3.79,3.70,3.74,57172024
2014/8/29,sh.600048,3.75,3.79,3.73,3.76,43399431
2014/9/1,sh.600048,3.76,3.79,3.73,3.77,56776458
2014/9/2,sh.600048,3.79,3.81,3.74,3.81,107710129
2014/9/3,sh.600048,3.81,3.90,3.81,3.88,153292286
2014/9/4,sh.600048,3.95,3.97,3.90,3.92,128678733
2014/9/5,sh.600048,3.94,3.96,3.90,3.93,78722038
2014/9/9,sh.600048,3.93,3.97,3.83,3.85,125908874
2014/9/10,sh.600048,3.83,3.83,3.75,3.79,168298972
2014/9/11,sh.600048,3.77,3.81,3.75,3.76,108219007
2014/9/12,sh.600048,3.75,3.78,3.73,3.78,69362177
2014/9/15,sh.600048,3.75,3.77,3.70,3.73,143688614
2014/9/16,sh.600048,3.74,3.77,3.69,3.70,136205991
2014/9/17,sh.600048,3.71,3.75,3.68,3.73,98457022
2014/9/18,sh.600048,3.72,3.73,3.67,3.69,99637262
2014/9/19,sh.600048,3.69,3.71,3.67,3.71,72240411
2014/9/22,sh.600048,3.69,3.71,3.63,3.66,119583507
2014/9/23,sh.600048,3.69,3.75,3.68,3.71,121830249
2014/9/24,sh.600048,3.69,3.75,3.67,3.75,145714915
2014/9/25,sh.600048,3.75,3.77,3.71,3.73,104807581
2014/9/26,sh.600048,3.71,3.71,3.66,3.69,125777211
2014/9/29,sh.600048,3.69,3.71,3.67,3.69,77528727
2014/9/30,sh.600048,3.68,3.69,3.65,3.68,61844438
2014/10/8,sh.600048,3.81,3.83,3.74,3.79,240552991
2014/10/9,sh.600048,3.80,3.83,3.77,3.78,147857741
2014/10/10,sh.600048,3.77,3.90,3.76,3.87,276688307
2014/10/13,sh.600048,3.88,3.97,3.86,3.91,183267541
2014/10/14,sh.600048,3.91,3.92,3.85,3.86,112815730
2014/10/15,sh.600048,3.86,3.87,3.78,3.85,108469181
2014/10/16,sh.600048,3.80,3.85,3.77,3.77,85102859
2014/10/17,sh.600048,3.77,3.80,3.71,3.75,86057421
2014/10/20,sh.600048,3.75,3.77,3.71,3.75,82107498
2014/10/21,sh.600048,3.73,3.74,3.69,3.71,80989794
2014/10/22,sh.600048,3.71,3.73,3.69,3.70,43055216
2014/10/23,sh.600048,3.70,3.71,3.65,3.65,61351059
2014/10/24,sh.600048,3.65,3.68,3.64,3.66,38398008
2014/10/27,sh.600048,3.65,3.65,3.51,3.55,106506661
2014/10/28,sh.600048,3.58,3.69,3.57,3.68,92208756
2014/10/29,sh.600048,3.69,3.79,3.65,3.75,119357310
2014/10/30,sh.600048,3.76,3.76,3.67,3.73,92546814
2014/10/31,sh.600048,3.73,3.83,3.73,3.83,194614567
2014/11/3,sh.600048,3.85,3.91,3.81,3.82,172452676
2014/11/4,sh.600048,3.81,3.90,3.78,3.88,174440353
2014/11/5,sh.600048,3.88,3.90,3.81,3.83,92434423
2014/11/6,sh.600048,3.84,3.93,3.83,3.86,128843968
2014/11/7,sh.600048,3.85,3.96,3.79,3.86,171504911
2014/11/10,sh.600048,3.92,4.01,3.86,3.99,239673439
2014/11/11,sh.600048,4.02,4.13,3.98,4.06,307680068
2014/11/12,sh.600048,4.04,4.19,4.02,4.11,227508731
2014/11/13,sh.600048,4.12,4.18,4.04,4.05,156187274
2014/11/14,sh.600048,4.03,4.08,3.97,4.06,146113249
2014/11/17,sh.600048,4.11,4.14,3.93,3.94,157268673
2014/11/18,sh.600048,3.92,3.93,3.81,3.83,181952614
2014/11/19,sh.600048,3.84,3.86,3.79,3.83,109170749
2014/11/20,sh.600048,3.81,3.85,3.79,3.83,91689616
2014/11/21,sh.600048,3.82,3.91,3.77,3.90,157383865
2014/11/24,sh.600048,4.14,4.29,4.10,4.29,656975368
2014/11/25,sh.600048,4.37,4.42,4.29,4.35,449801217
2014/11/26,sh.600048,4.35,4.48,4.26,4.43,343860443
2014/11/27,sh.600048,4.42,4.51,4.35,4.50,338374689
2014/11/28,sh.600048,4.48,4.84,4.42,4.77,484274615
2014/12/1,sh.600048,4.81,4.85,4.60,4.64,389523565
2014/12/2,sh.600048,4.62,4.90,4.55,4.77,393577459
2014/12/3,sh.600048,4.87,5.25,4.87,5.02,512709216
2014/12/4,sh.600048,4.98,5.31,4.87,5.27,378366519
2014/12/5,sh.600048,5.31,5.47,4.97,5.12,413221348
2014/12/8,sh.600048,5.07,5.63,4.97,5.63,500007916
2014/12/9,sh.600048,5.57,6.17,5.21,5.44,605061509
2014/12/10,sh.600048,5.44,5.82,5.32,5.77,384628426
2014/12/11,sh.600048,5.64,5.98,5.59,5.76,331469451
2014/12/12,sh.600048,5.73,5.79,5.47,5.53,248515259
2014/12/15,sh.600048,5.44,5.45,5.11,5.28,269588839
2014/12/16,sh.600048,5.24,5.47,5.13,5.46,282023814
2014/12/17,sh.600048,5.44,5.71,5.35,5.63,409299158
2014/12/18,sh.600048,5.75,5.92,5.54,5.57,297141150
2014/12/19,sh.600048,5.58,5.66,5.30,5.54,212975434
2014/12/22,sh.600048,5.54,5.89,5.44,5.66,300327020
2014/12/23,sh.600048,5.62,5.93,5.30,5.63,312366777
2014/12/24,sh.600048,5.58,5.63,5.27,5.35,216699563
2014/12/25,sh.600048,5.39,5.51,5.30,5.48,162445231
2014/12/26,sh.600048,5.49,5.82,5.47,5.75,268953223
2014/12/29,sh.600048,5.97,6.33,5.88,6.33,617361468
2014/12/30,sh.600048,6.40,6.83,6.25,6.52,588949867
2014/12/31,sh.600048,6.42,7.17,6.41,7.17,388404716
2015/1/5,sh.600048,7.73,7.89,7.49,7.89,575853965
2015/1/6,sh.600048,7.76,7.86,7.31,7.57,384752545
2015/1/7,sh.600048,7.48,7.74,7.39,7.57,294224428
2015/1/8,sh.600048,7.57,7.57,7.09,7.21,326304995
2015/1/9,sh.600048,7.16,7.56,6.95,7.08,432643420
2015/1/12,sh.600048,6.97,7.03,6.68,6.87,273050068
2015/1/13,sh.600048,6.77,7.00,6.72,6.81,225553844
2015/1/14,sh.600048,6.83,6.98,6.76,6.91,177863667
2015/1/15,sh.600048,6.91,7.48,6.90,7.46,350287072
2015/1/16,sh.600048,7.42,7.53,7.13,7.34,299567801
2015/1/19,sh.600048,6.63,7.16,6.60,6.60,354511333
2015/1/20,sh.600048,6.77,6.94,6.62,6.83,350672600
2015/1/21,sh.600048,6.78,7.48,6.66,7.29,382447244
2015/1/22,sh.600048,7.29,7.68,7.25,7.46,288700734
2015/1/23,sh.600048,7.43,7.79,7.23,7.58,381815904
2015/1/26,sh.600048,7.56,7.56,7.33,7.47,176688922
2015/1/27,sh.600048,7.49,7.52,6.82,7.12,312207030
2015/1/28,sh.600048,7.06,7.06,6.80,6.84,225041043
2015/1/29,sh.600048,6.73,6.96,6.66,6.82,150437399
2015/1/30,sh.600048,6.84,7.19,6.76,6.95,265125649
2015/2/2,sh.600048,6.64,7.09,6.56,6.76,228771842
2015/2/3,sh.600048,6.88,6.94,6.37,6.73,329844913
2015/2/4,sh.600048,6.78,6.86,6.58,6.66,188549772
2015/2/5,sh.600048,7.08,7.08,6.62,6.64,377919148
2015/2/6,sh.600048,6.50,6.58,6.23,6.29,249353962
2015/2/9,sh.600048,6.13,6.33,6.04,6.25,176677658
2015/2/10,sh.600048,6.23,6.50,6.17,6.46,148964547
2015/2/11,sh.600048,6.53,6.60,6.45,6.52,111070932
2015/2/12,sh.600048,6.47,6.55,6.37,6.47,92229785
2015/2/13,sh.600048,6.49,6.86,6.44,6.70,208661981
2015/2/16,sh.600048,6.62,6.66,6.50,6.60,147514192
2015/2/17,sh.600048,6.62,6.79,6.62,6.69,112595276
2015/2/25,sh.600048,6.66,6.67,6.43,6.46,132383273
2015/2/26,sh.600048,6.45,6.80,6.41,6.78,198365716
2015/2/27,sh.600048,6.73,6.89,6.68,6.76,137195813
2015/3/2,sh.600048,6.95,7.04,6.66,6.77,369333879
2015/3/3,sh.600048,6.68,6.69,6.33,6.39,386484126
2015/3/4,sh.600048,6.37,6.50,6.25,6.35,236640240
2015/3/5,sh.600048,6.29,6.30,6.10,6.17,220433531
2015/3/6,sh.600048,6.19,6.27,6.10,6.13,159680494
2015/3/9,sh.600048,6.10,6.37,5.91,6.31,290350666
2015/3/10,sh.600048,6.23,6.23,6.09,6.13,167933315
2015/3/11,sh.600048,6.12,6.22,6.05,6.09,143112310
2015/3/12,sh.600048,6.15,6.34,6.09,6.28,240308315
2015/3/13,sh.600048,6.30,6.38,6.23,6.29,178012305
2015/3/16,sh.600048,6.37,6.49,6.33,6.45,209326748
2015/3/17,sh.600048,6.57,6.69,6.48,6.57,333758173
2015/3/18,sh.600048,6.62,6.91,6.62,6.90,401994511
2015/3/19,sh.600048,6.92,6.92,6.73,6.80,254378406
2015/3/20,sh.600048,6.86,7.16,6.76,7.00,453353635
2015/3/23,sh.600048,7.16,7.33,7.10,7.14,401712690
2015/3/24,sh.600048,7.14,7.14,6.77,6.92,387884492
2015/3/25,sh.600048,6.87,6.87,6.66,6.72,311230653
2015/3/26,sh.600048,6.66,6.89,6.59,6.88,262345917
2015/3/27,sh.600048,7.10,7.20,6.90,7.14,475582673
2015/3/30,sh.600048,7.23,7.86,7.10,7.86,795793305
2015/3/31,sh.600048,8.16,8.41,7.57,7.62,943346209
2015/4/1,sh.600048,7.62,7.70,7.42,7.56,466790931
2015/4/2,sh.600048,7.57,7.63,7.29,7.43,412268955
2015/4/3,sh.600048,7.31,7.45,7.29,7.43,298567276
2015/4/7,sh.600048,7.51,7.64,7.38,7.63,460348664
2015/4/8,sh.600048,7.65,7.86,7.40,7.85,641171808
2015/4/9,sh.600048,7.82,8.63,7.69,8.63,890513715
2015/4/10,sh.600048,8.30,8.60,8.21,8.44,558440139
2015/4/13,sh.600048,8.46,8.79,8.33,8.62,537055421
2015/4/14,sh.600048,8.59,8.73,8.36,8.51,392186281
2015/4/15,sh.600048,8.42,8.58,8.20,8.29,363148429
2015/4/16,sh.600048,8.25,8.95,8.18,8.93,476641394
2015/4/17,sh.600048,9.02,9.34,8.75,9.18,626930793
2015/4/20,sh.600048,9.28,9.74,8.82,9.00,594052977
2015/4/21,sh.600048,8.87,9.21,8.71,9.18,373926422
2015/4/22,sh.600048,9.17,9.49,9.09,9.32,433222120
2015/4/23,sh.600048,9.32,9.38,8.95,9.17,417904885
2015/4/24,sh.600048,8.93,9.01,8.65,8.80,369718569
2015/4/27,sh.600048,8.97,9.35,8.90,9.31,541613644
2015/4/28,sh.600048,9.31,9.31,8.89,9.08,388358718
2015/4/29,sh.600048,8.92,9.39,8.85,9.28,393179653
2015/4/30,sh.600048,9.41,10.19,9.22,9.93,620491683
2015/5/4,sh.600048,9.79,9.81,9.44,9.60,483980856
2015/5/5,sh.600048,9.66,9.66,8.79,8.93,400373017
2015/5/6,sh.600048,8.98,9.24,8.85,9.05,370521645
2015/5/7,sh.600048,8.95,9.28,8.74,9.20,337282666
2015/5/8,sh.600048,9.26,9.46,8.92,9.24,320076172
2015/5/11,sh.600048,9.47,9.48,9.27,9.41,613398670
2015/5/12,sh.600048,9.35,9.35,9.09,9.24,457395573
2015/5/13,sh.600048,9.18,9.67,8.88,9.47,578129282
2015/5/14,sh.600048,9.25,9.43,9.03,9.06,373055539
2015/5/15,sh.600048,9.02,9.04,8.49,8.51,421785003
2015/5/18,sh.600048,8.45,8.45,8.22,8.23,296713539
2015/5/19,sh.600048,8.27,8.59,8.24,8.54,278354370
2015/5/20,sh.600048,8.63,8.72,8.43,8.50,294363493
2015/5/21,sh.600048,8.49,8.65,8.28,8.57,292383029
2015/5/22,sh.600048,8.62,8.83,8.53,8.80,397627897
2015/5/25,sh.600048,8.81,9.10,8.76,9.07,436927045
2015/5/26,sh.600048,9.12,9.27,8.89,9.19,532274844
2015/5/27,sh.600048,9.16,9.16,8.93,8.94,367777775
2015/5/28,sh.600048,8.97,9.13,8.16,8.18,427950667
2015/5/29,sh.600048,8.18,8.32,7.70,8.01,308418551
2015/6/1,sh.600048,8.06,8.39,7.86,8.39,314239535
2015/6/2,sh.600048,8.41,8.47,8.28,8.43,294351939
2015/6/3,sh.600048,8.44,8.51,8.20,8.45,307194579
2015/6/4,sh.600048,8.45,8.59,7.90,8.46,336994875
2015/6/5,sh.600048,8.59,8.95,8.49,8.89,567481169
2015/6/8,sh.600048,8.94,9.20,8.82,9.14,610434791
2015/6/9,sh.600048,9.21,9.26,8.87,8.94,388425926
2015/6/10,sh.600048,8.94,9.14,8.71,8.98,361490817
2015/6/11,sh.600048,9.00,9.05,8.80,8.90,258305588
2015/6/12,sh.600048,8.94,9.03,8.88,8.94,326249496
2015/6/15,sh.600048,8.96,9.03,8.57,8.61,354283789
2015/6/16,sh.600048,8.53,8.72,8.28,8.37,284613617
2015/6/17,sh.600048,8.39,8.57,8.10,8.48,259964077
2015/6/18,sh.600048,8.44,8.65,8.24,8.25,255615607
2015/6/19,sh.600048,8.15,8.36,7.74,7.76,220625639
2015/6/23,sh.600048,7.79,7.99,7.31,7.94,254136602
2015/6/24,sh.600048,8.03,8.07,7.83,8.05,270243839
2015/6/25,sh.600048,8.05,8.33,7.83,7.92,284533836
2015/6/26,sh.600048,7.68,7.82,7.13,7.13,290298832
2015/6/29,sh.600048,7.41,7.58,6.42,7.14,548888476
2015/6/30,sh.600048,7.12,7.71,6.81,7.70,418507629
2015/7/1,sh.600048,7.55,7.77,7.12,7.19,313761671
2015/7/2,sh.600048,7.27,7.35,6.58,6.89,334445200
2015/7/3,sh.600048,6.81,6.98,6.24,6.34,284549314
2015/7/6,sh.600048,6.97,6.97,6.64,6.89,517166028
2015/7/7,sh.600048,6.79,7.12,6.61,6.96,491244435
2015/7/8,sh.600048,6.40,6.96,6.27,6.32,507265621
2015/7/9,sh.600048,6.32,6.96,6.05,6.96,411074493
2015/7/10,sh.600048,7.02,7.65,6.90,7.63,721365356
2015/7/13,sh.600048,7.41,7.91,7.28,7.66,562133929
2015/7/14,sh.600048,7.36,7.52,7.08,7.14,360356733
2015/7/15,sh.600048,7.08,7.33,6.68,7.08,275529518
2015/7/16,sh.600048,7.08,7.20,6.88,6.98,175850181
2015/7/17,sh.600048,7.07,7.34,6.98,7.23,216716718
2015/7/20,sh.600048,7.21,7.25,7.01,7.10,226183991
2015/7/21,sh.600048,7.01,7.06,6.90,6.96,173877544
2015/7/22,sh.600048,6.94,6.96,6.74,6.83,194889721
2015/7/23,sh.600048,6.85,7.01,6.82,7.00,213958334
2015/7/24,sh.600048,7.01,7.29,6.88,7.08,374875973
2015/7/27,sh.600048,6.90,7.04,6.37,6.37,263052583
2015/7/28,sh.600048,6.19,6.40,5.90,6.24,257803933
2015/7/29,sh.600048,6.37,6.44,6.19,6.43,152316346
2015/7/30,sh.600048,6.34,6.42,6.08,6.12,150572888
2015/7/31,sh.600048,6.04,6.25,6.01,6.20,147032658
2015/8/3,sh.600048,6.07,6.30,6.06,6.30,172760055
2015/8/4,sh.600048,6.28,6.46,6.23,6.46,146069018
2015/8/5,sh.600048,6.40,6.46,6.23,6.26,106867670
2015/8/6,sh.600048,6.11,6.22,6.07,6.13,92147214
2015/8/7,sh.600048,6.15,6.32,6.15,6.30,121142483
2015/8/10,sh.600048,6.38,6.67,6.34,6.62,226168289
2015/8/11,sh.600048,6.53,6.82,6.52,6.67,220228784
2015/8/12,sh.600048,6.55,6.62,6.42,6.44,156295610
2015/8/13,sh.600048,6.44,6.49,6.23,6.46,173364573
2015/8/14,sh.600048,6.51,6.68,6.51,6.59,189640423
2015/8/17,sh.600048,6.54,6.70,6.51,6.69,155977554
2015/8/18,sh.600048,6.69,6.73,6.11,6.13,196486676
2015/8/19,sh.600048,6.07,6.36,6.00,6.32,158085986
2015/8/20,sh.600048,6.21,6.26,6.05,6.06,124690385
2015/8/21,sh.600048,5.97,6.07,5.76,5.78,125808997
2015/8/24,sh.600048,5.48,5.59,5.20,5.20,238842483
2015/8/25,sh.600048,4.86,5.07,4.68,4.68,269603655
2015/8/26,sh.600048,4.82,5.14,4.73,4.82,278267384
2015/8/27,sh.600048,4.97,5.24,4.84,5.22,231957888
2015/8/28,sh.600048,5.41,5.51,5.32,5.48,194642941
2015/8/31,sh.600048,5.45,5.69,5.22,5.66,188090735
2015/9/1,sh.600048,5.61,5.83,5.36,5.80,246311806
2015/9/2,sh.600048,5.54,5.82,5.50,5.74,236409932
2015/9/7,sh.600048,5.67,5.82,5.18,5.23,221327111
2015/9/8,sh.600048,5.16,5.40,5.11,5.37,100437946
2015/9/9,sh.600048,5.39,5.59,5.37,5.52,114299791
2015/9/10,sh.600048,5.45,5.60,5.40,5.57,92590354
2015/9/11,sh.600048,5.54,5.58,5.46,5.52,47873784
2015/9/14,sh.600048,5.53,5.61,5.26,5.59,165804117
2015/9/15,sh.600048,5.48,5.48,5.29,5.39,89251695
2015/9/16,sh.600048,5.37,5.78,5.27,5.65,91973991
2015/9/17,sh.600048,5.59,5.66,5.46,5.47,79797377
2015/9/18,sh.600048,5.50,5.57,5.45,5.49,38141710
2015/9/21,sh.600048,5.43,5.55,5.41,5.54,41169524
2015/9/22,sh.600048,5.55,5.64,5.53,5.58,53274697
2015/9/23,sh.600048,5.51,5.52,5.40,5.43,50846668
2015/9/24,sh.600048,5.44,5.51,5.43,5.48,40233554
2015/9/25,sh.600048,5.47,5.48,5.30,5.41,62200265
2015/9/28,sh.600048,5.36,5.40,5.31,5.38,25274235
2015/9/29,sh.600048,5.33,5.35,5.20,5.20,41657119
2015/9/30,sh.600048,5.26,5.49,5.20,5.39,76782520
2015/10/8,sh.600048,5.62,5.68,5.50,5.56,100351052
2015/10/9,sh.600048,5.58,5.64,5.51,5.61,69129831
2015/10/12,sh.600048,5.64,5.86,5.59,5.78,128921179
2015/10/13,sh.600048,5.74,5.80,5.72,5.75,66418255
2015/10/14,sh.600048,5.71,5.75,5.61,5.61,70911724
2015/10/15,sh.600048,5.62,5.74,5.59,5.74,81122788
2015/10/16,sh.600048,5.76,5.84,5.72,5.82,112682725
2015/10/19,sh.600048,5.83,5.85,5.70,5.75,105457000
2015/10/20,sh.600048,5.74,5.83,5.68,5.81,87939191
2015/10/21,sh.600048,5.80,5.99,5.63,5.83,180744679
2015/10/22,sh.600048,5.72,5.80,5.67,5.79,84214636
2015/10/23,sh.600048,5.77,6.15,5.77,6.13,196393752
2015/10/26,sh.600048,6.15,6.20,5.99,6.05,183694228
2015/10/27,sh.600048,6.01,6.01,5.81,5.95,93772404
2015/10/28,sh.600048,5.90,5.95,5.78,5.80,74631241
2015/10/29,sh.600048,5.84,5.90,5.80,5.84,44022476
2015/10/30,sh.600048,5.86,5.97,5.82,5.88,67346528
2015/11/2,sh.600048,5.80,5.86,5.73,5.74,51984532
2015/11/3,sh.600048,5.74,5.78,5.67,5.68,47929732
2015/11/4,sh.600048,5.70,6.00,5.70,5.96,117148199
2015/11/5,sh.600048,5.97,6.38,5.94,6.08,293726129
2015/11/6,sh.600048,6.12,6.26,6.09,6.21,167801818
2015/11/9,sh.600048,6.18,6.52,6.17,6.33,203940566
2015/11/10,sh.600048,6.28,6.29,6.16,6.21,122738376
2015/11/11,sh.600048,6.26,6.36,6.22,6.29,121024685
2015/11/12,sh.600048,6.37,6.37,6.12,6.19,101440787
2015/11/13,sh.600048,6.13,6.16,5.99,6.03,83782527
2015/11/16,sh.600048,5.99,6.10,5.94,6.10,73654307
2015/11/17,sh.600048,6.17,6.35,6.10,6.13,136868992
2015/11/18,sh.600048,6.12,6.75,6.09,6.52,402085564
2015/11/19,sh.600048,6.52,6.52,6.31,6.46,206370847
2015/11/20,sh.600048,6.45,6.67,6.42,6.54,170365100
2015/11/23,sh.600048,6.49,6.65,6.41,6.48,108563654
2015/11/24,sh.600048,6.43,6.43,6.28,6.40,97816103
2015/11/25,sh.600048,6.36,6.55,6.34,6.44,103936478
2015/11/26,sh.600048,6.44,6.64,6.44,6.48,110271441
2015/11/27,sh.600048,6.44,6.51,6.13,6.20,119102409
2015/11/30,sh.600048,6.22,6.57,6.22,6.47,157916481
2015/12/1,sh.600048,6.43,7.12,6.38,7.12,545031780
2015/12/2,sh.600048,7.01,7.83,6.92,7.83,715361995
2015/12/3,sh.600048,7.82,7.91,7.50,7.66,373582308
2015/12/4,sh.600048,7.48,7.62,7.36,7.41,261017797
2015/12/7,sh.600048,7.35,7.48,7.14,7.30,238426331
2015/12/8,sh.600048,7.31,7.39,7.08,7.23,143917038
2015/12/9,sh.600048,7.26,7.67,7.17,7.54,276475694
2015/12/10,sh.600048,7.41,7.60,6.99,7.04,192351107
2015/12/11,sh.600048,7.00,7.04,6.79,6.98,105971932
2015/12/14,sh.600048,6.90,7.20,6.87,7.12,112682178
2015/12/15,sh.600048,7.19,7.53,7.12,7.22,146598294
2015/12/16,sh.600048,7.17,7.25,7.01,7.06,88598334
2015/12/17,sh.600048,7.19,7.76,7.14,7.76,192020347
2015/12/18,sh.600048,8.09,8.30,7.60,7.65,402881081
2015/12/21,sh.600048,7.54,8.29,7.54,8.08,260356869
2015/12/22,sh.600048,8.16,8.16,7.83,7.99,155831050
2015/12/23,sh.600048,7.92,8.19,7.88,7.98,161225975
2015/12/24,sh.600048,7.92,7.95,7.45,7.60,150483319
2015/12/25,sh.600048,7.58,7.85,7.57,7.68,80123295
2015/12/28,sh.600048,7.70,7.72,7.25,7.30,112746210
2015/12/29,sh.600048,7.28,7.39,7.13,7.38,70219460
2015/12/30,sh.600048,7.35,7.38,7.18,7.31,81330916
2015/12/31,sh.600048,7.31,7.45,7.15,7.17,69362075
2016/1/4,sh.600048,7.17,7.18,6.46,6.49,99735936
2016/1/5,sh.600048,6.30,6.76,6.23,6.65,147534424
2016/1/6,sh.600048,6.62,6.78,6.52,6.75,83487385
2016/1/7,sh.600048,6.65,6.65,6.09,6.11,19701600
2016/1/8,sh.600048,6.29,6.56,6.09,6.40,136545917
2016/1/11,sh.600048,6.28,6.41,5.87,5.96,110956770
2016/1/12,sh.600048,5.99,6.25,5.88,6.06,90844287
2016/1/13,sh.600048,6.08,6.30,5.93,5.98,83419942
2016/1/14,sh.600048,5.85,6.19,5.71,6.16,87181957
2016/1/15,sh.600048,6.08,6.13,5.72,5.79,93279888
2016/1/18,sh.600048,5.70,5.91,5.66,5.80,47675070
2016/1/19,sh.600048,5.81,6.38,5.76,6.31,145833275
2016/1/20,sh.600048,6.21,6.30,5.98,6.03,97544495
2016/1/21,sh.600048,5.97,6.21,5.88,5.94,64906316
2016/1/22,sh.600048,6.00,6.12,5.93,6.07,57034359
2016/1/25,sh.600048,6.08,6.21,6.05,6.14,53643000
2016/1/26,sh.600048,6.07,6.27,5.67,5.74,86763632
2016/1/27,sh.600048,5.81,6.01,5.68,5.90,93553163
2016/1/28,sh.600048,5.84,5.98,5.62,5.64,61719693
2016/1/29,sh.600048,5.66,5.95,5.66,5.87,56922714
2016/2/1,sh.600048,5.88,5.92,5.64,5.80,46426242
2016/2/2,sh.600048,5.80,6.23,5.76,6.09,92531100
2016/2/3,sh.600048,6.11,6.32,5.99,6.16,129008942
2016/2/4,sh.600048,6.11,6.20,6.04,6.12,96540291
2016/2/5,sh.600048,6.15,6.18,6.06,6.07,55437330
2016/2/15,sh.600048,5.86,5.98,5.82,5.94,76679179
2016/2/16,sh.600048,5.97,6.14,5.93,6.10,74047642
2016/2/17,sh.600048,6.09,6.12,6.00,6.12,97584262
2016/2/18,sh.600048,6.17,6.39,6.11,6.20,109762904
2016/2/19,sh.600048,6.16,6.21,6.03,6.10,71390667
2016/2/22,sh.600048,6.26,6.40,6.23,6.30,123634962
2016/2/23,sh.600048,6.30,6.40,6.19,6.30,71584005
2016/2/24,sh.600048,6.30,6.34,6.19,6.32,51371768
2016/2/25,sh.600048,6.31,6.31,5.78,5.86,80954940
2016/2/26,sh.600048,5.90,5.96,5.78,5.93,51594194
2016/2/29,sh.600048,6.10,6.24,5.88,6.12,147364469
2016/3/1,sh.600048,6.19,6.72,6.11,6.39,198426174
2016/3/2,sh.600048,6.37,7.03,6.35,7.03,268054514
2016/3/3,sh.600048,7.41,7.48,6.94,6.98,454378147
2016/3/4,sh.600048,6.92,7.15,6.76,6.92,279279496
2016/3/7,sh.600048,7.00,7.12,6.77,6.86,164949813
2016/3/8,sh.600048,6.92,6.92,6.46,6.78,153914184
2016/3/9,sh.600048,6.60,6.70,6.46,6.66,127532546
2016/3/10,sh.600048,6.58,6.63,6.37,6.38,93705279
2016/3/11,sh.600048,6.32,6.32,6.14,6.30,87478953
2016/3/14,sh.600048,6.35,6.60,6.35,6.46,107321939
2016/3/15,sh.600048,6.45,6.60,6.18,6.55,192690363
2016/3/16,sh.600048,6.41,6.60,6.34,6.50,176099077
2016/3/17,sh.600048,6.50,6.59,6.35,6.53,115597134
2016/3/18,sh.600048,6.52,6.79,6.51,6.61,182180164
2016/3/21,sh.600048,6.65,6.79,6.61,6.75,156260721
2016/3/22,sh.600048,6.67,6.73,6.61,6.62,106796885
2016/3/23,sh.600048,6.59,6.63,6.47,6.55,98183669
2016/3/24,sh.600048,6.48,6.59,6.41,6.44,88423179
2016/3/25,sh.600048,6.45,6.55,6.43,6.48,55772749
2016/3/28,sh.600048,6.46,6.50,6.28,6.32,98540171
2016/3/29,sh.600048,6.29,6.30,6.12,6.15,82456439
2016/3/30,sh.600048,6.19,6.37,6.17,6.33,78528844
2016/3/31,sh.600048,6.37,6.38,6.23,6.26,72070087
2016/4/1,sh.600048,6.28,6.32,6.15,6.28,65178852
2016/4/5,sh.600048,6.26,6.44,6.25,6.38,81799101
2016/4/6,sh.600048,6.38,6.39,6.31,6.37,59942587
2016/4/7,sh.600048,6.44,6.46,6.31,6.32,65351197
2016/4/8,sh.600048,6.28,6.30,6.17,6.21,59382327
2016/4/11,sh.600048,6.24,6.36,6.24,6.31,53262652
2016/4/12,sh.600048,6.30,6.31,6.20,6.23,45837468
2016/4/13,sh.600048,6.26,6.43,6.26,6.34,94767338
2016/4/14,sh.600048,6.39,6.43,6.30,6.40,53882999
2016/4/15,sh.600048,6.40,6.46,6.35,6.40,62961212
2016/4/18,sh.600048,6.36,6.36,6.23,6.26,56196447
2016/4/19,sh.600048,6.28,6.32,6.22,6.26,43079735
2016/4/20,sh.600048,6.28,6.29,5.97,6.17,102200908
2016/4/21,sh.600048,6.13,6.16,6.07,6.09,33275449
2016/4/22,sh.600048,6.07,6.22,6.05,6.17,41486247
2016/4/25,sh.600048,6.13,6.15,6.07,6.10,25316007
2016/4/26,sh.600048,6.10,6.15,6.09,6.13,22777532
2016/4/27,sh.600048,6.14,6.19,6.13,6.14,27531273
2016/4/28,sh.600048,6.13,6.14,6.03,6.07,40016657
2016/4/29,sh.600048,6.04,6.08,6.01,6.03,23789197
2016/5/3,sh.600048,6.03,6.15,6.02,6.13,37994139
2016/5/4,sh.600048,6.11,6.17,6.10,6.15,30611258
2016/5/5,sh.600048,6.15,6.23,6.13,6.21,42470035
2016/5/6,sh.600048,6.23,6.30,6.10,6.10,55797287
2016/5/9,sh.600048,6.07,6.08,5.93,5.97,42786400
2016/5/10,sh.600048,5.97,6.01,5.94,5.96,23353718
2016/5/11,sh.600048,6.01,6.01,5.93,5.97,37524606
2016/5/12,sh.600048,5.97,6.01,5.86,6.00,36323847
2016/5/13,sh.600048,5.97,6.03,5.97,6.00,23784776
2016/5/16,sh.600048,6.01,6.05,5.93,6.04,27175351
2016/5/17,sh.600048,6.05,6.05,5.98,5.99,24624897
2016/5/18,sh.600048,5.97,5.97,5.79,5.92,45489848
2016/5/19,sh.600048,5.89,5.94,5.84,5.84,24628599
2016/5/20,sh.600048,5.83,5.91,5.79,5.90,23595246
2016/5/23,sh.600048,5.91,5.95,5.85,5.89,21331307
2016/5/24,sh.600048,5.89,5.89,5.89,5.89,INVALID
2016/5/25,sh.600048,5.92,5.92,5.78,5.82,28991604
2016/5/26,sh.600048,5.82,5.84,5.69,5.76,26616234
2016/5/27,sh.600048,5.76,5.82,5.73,5.77,21628773
2016/5/30,sh.600048,5.77,5.80,5.71,5.74,13932721
2016/5/31,sh.600048,5.75,5.96,5.73,5.95,55540883
2016/6/1,sh.600048,5.95,5.96,5.90,5.91,30600285
2016/6/2,sh.600048,5.91,5.98,5.90,5.93,26640804
2016/6/3,sh.600048,5.94,5.98,5.90,5.96,36749463
2016/6/6,sh.600048,5.96,6.01,5.92,5.95,28810176
2016/6/7,sh.600048,5.98,6.00,5.93,5.96,22941269
2016/6/8,sh.600048,5.96,5.99,5.90,5.93,23368788
2016/6/13,sh.600048,5.89,5.89,5.70,5.72,37070522
2016/6/14,sh.600048,5.70,5.72,5.68,5.71,26016179
2016/6/15,sh.600048,5.67,5.80,5.65,5.77,22734975
2016/6/16,sh.600048,5.75,5.77,5.70,5.71,21520544
2016/6/17,sh.600048,5.73,5.89,5.72,5.81,42283511
2016/6/20,sh.600048,5.82,6.03,5.82,5.98,60092046
2016/6/21,sh.600048,6.00,6.00,5.91,5.94,29912497
2016/6/22,sh.600048,5.93,6.05,5.91,6.02,33909171
2016/6/23,sh.600048,6.00,6.01,5.91,5.93,22391810
2016/6/24,sh.600048,5.96,6.11,5.86,5.93,68030150
2016/6/27,sh.600048,5.95,6.02,5.95,6.00,35797660
2016/6/28,sh.600048,5.98,5.99,5.93,5.98,23847327
2016/6/29,sh.600048,5.99,6.00,5.94,5.98,31001572
2016/6/30,sh.600048,5.98,6.05,5.97,6.05,27426791
2016/7/1,sh.600048,6.06,6.09,6.00,6.00,24857680
2016/7/4,sh.600048,6.00,6.28,5.98,6.24,86049511
2016/7/5,sh.600048,6.24,6.40,6.21,6.38,83378899
2016/7/6,sh.600048,6.41,6.50,6.29,6.38,101943542
2016/7/7,sh.600048,6.38,6.38,6.38,6.38,INVALID
2016/7/8,sh.600048,6.38,6.38,6.38,6.38,INVALID
2016/7/11,sh.600048,6.38,6.38,6.38,6.38,INVALID
2016/7/12,sh.600048,6.38,6.38,6.38,6.38,INVALID
2016/7/13,sh.600048,6.38,6.38,6.38,6.38,INVALID
2016/7/14,sh.600048,6.50,6.72,6.45,6.46,111634157
2016/7/15,sh.600048,6.49,6.62,6.48,6.50,55955468
2016/7/18,sh.600048,6.49,6.64,6.42,6.56,60441213
2016/7/19,sh.600048,6.55,6.58,6.33,6.40,49649063
2016/7/20,sh.600048,6.39,6.45,6.31,6.31,39426755
2016/7/21,sh.600048,6.34,6.40,6.31,6.34,25321659
2016/7/22,sh.600048,6.35,6.38,6.24,6.24,28164536
2016/7/25,sh.600048,6.26,6.38,6.26,6.35,39996473
2016/7/26,sh.600048,6.35,6.39,6.31,6.39,28409685
2016/7/27,sh.600048,6.39,6.44,6.19,6.35,62153104
2016/7/28,sh.600048,6.31,6.42,6.22,6.38,57600621
2016/7/29,sh.600048,6.34,6.35,6.30,6.30,22828867
2016/8/1,sh.600048,6.27,6.29,6.17,6.19,28588508
2016/8/2,sh.600048,6.21,6.35,6.19,6.31,34306139
2016/8/3,sh.600048,6.29,6.36,6.28,6.34,26318872
2016/8/4,sh.600048,6.32,6.54,6.24,6.49,79996159
2016/8/5,sh.600048,6.58,6.75,6.45,6.59,122445793
2016/8/8,sh.600048,6.52,6.82,6.50,6.64,110461032
2016/8/9,sh.600048,6.66,6.75,6.56,6.64,78344277
2016/8/10,sh.600048,6.61,6.65,6.50,6.52,51397966
2016/8/11,sh.600048,6.50,6.53,6.45,6.46,37014476
2016/8/12,sh.600048,6.47,7.08,6.43,6.96,203183943
2016/8/15,sh.600048,6.94,7.44,6.90,7.34,300835167
2016/8/16,sh.600048,7.36,7.57,7.01,7.06,323427789
2016/8/17,sh.600048,7.01,7.08,6.85,6.93,141359337
2016/8/18,sh.600048,6.89,7.47,6.88,7.10,277472978
2016/8/19,sh.600048,7.03,7.08,6.93,6.97,102089838
2016/8/22,sh.600048,6.97,7.16,6.92,6.95,82278118
2016/8/23,sh.600048,6.92,6.92,6.77,6.83,90253094
2016/8/24,sh.600048,6.87,6.89,6.75,6.78,58784876
2016/8/25,sh.600048,6.74,6.74,6.58,6.63,82898492
2016/8/26,sh.600048,6.64,6.68,6.61,6.62,35920666
2016/8/29,sh.600048,6.63,6.74,6.63,6.68,49222848
2016/8/30,sh.600048,6.69,6.77,6.68,6.70,46613911
2016/8/31,sh.600048,6.70,6.94,6.67,6.87,89804854
2016/9/1,sh.600048,6.82,6.82,6.57,6.59,97794339
2016/9/2,sh.600048,6.59,6.68,6.58,6.66,52542774
2016/9/5,sh.600048,6.66,6.66,6.55,6.58,42749304
2016/9/6,sh.600048,6.58,6.61,6.50,6.60,46281805
2016/9/7,sh.600048,6.63,6.75,6.61,6.64,58174766
2016/9/8,sh.600048,6.62,6.71,6.59,6.62,39969015
2016/9/9,sh.600048,6.63,6.63,6.50,6.54,39749708
2016/9/12,sh.600048,6.45,6.63,6.40,6.61,78035694
2016/9/13,sh.600048,6.57,6.71,6.54,6.70,64485435
2016/9/14,sh.600048,6.66,6.87,6.64,6.82,124527801
2016/9/19,sh.600048,6.83,6.84,6.72,6.77,55168536
2016/9/20,sh.600048,6.77,6.82,6.73,6.75,31063828
2016/9/21,sh.600048,6.77,6.86,6.74,6.85,53704891
2016/9/22,sh.600048,6.86,7.10,6.86,7.00,112313485
2016/9/23,sh.600048,7.00,7.00,6.80,6.82,56563724
2016/9/26,sh.600048,6.82,6.83,6.61,6.63,67301712
2016/9/27,sh.600048,6.63,6.80,6.61,6.77,61822066
2016/9/28,sh.600048,6.76,6.80,6.67,6.68,36037163
2016/9/29,sh.600048,6.68,6.79,6.65,6.70,28392603
2016/9/30,sh.600048,6.69,6.78,6.68,6.73,26942652
2016/10/10,sh.600048,6.57,6.57,6.35,6.49,101991962
2016/10/11,sh.600048,6.44,6.57,6.43,6.48,53655557
2016/10/12,sh.600048,6.48,6.51,6.41,6.45,47948003
2016/10/13,sh.600048,6.44,6.46,6.39,6.43,39593210
2016/10/14,sh.600048,6.43,6.45,6.40,6.45,31884477
2016/10/17,sh.600048,6.43,6.45,6.37,6.38,43675123
2016/10/18,sh.600048,6.36,6.42,6.34,6.42,51901078
2016/10/19,sh.600048,6.42,6.47,6.39,6.41,34330364
2016/10/20,sh.600048,6.40,6.45,6.39,6.42,29240818
2016/10/21,sh.600048,6.43,6.44,6.38,6.41,31632803
2016/10/24,sh.600048,6.41,6.47,6.39,6.47,50115299
2016/10/25,sh.600048,6.46,6.49,6.45,6.46,34645446
2016/10/26,sh.600048,6.46,6.47,6.41,6.43,25791850
2016/10/27,sh.600048,6.42,6.43,6.39,6.40,29639075
2016/10/28,sh.600048,6.40,6.45,6.40,6.42,26234325
2016/10/31,sh.600048,6.41,6.43,6.32,6.41,39895663
2016/11/1,sh.600048,6.41,6.45,6.39,6.43,30849164
2016/11/2,sh.600048,6.42,6.44,6.37,6.38,29897220
2016/11/3,sh.600048,6.38,6.42,6.36,6.39,33544225
2016/11/4,sh.600048,6.40,6.42,6.35,6.36,30331889
2016/11/7,sh.600048,6.38,6.38,6.34,6.36,21715790
2016/11/8,sh.600048,6.38,6.39,6.35,6.36,28614725
2016/11/9,sh.600048,6.37,6.43,6.31,6.38,64664603
2016/11/10,sh.600048,6.42,6.47,6.38,6.43,51410938
2016/11/11,sh.600048,6.42,6.49,6.41,6.48,64035747
2016/11/14,sh.600048,6.46,6.50,6.45,6.49,49357724
2016/11/15,sh.600048,6.49,6.62,6.47,6.54,66728608
2016/11/16,sh.600048,6.54,6.55,6.49,6.52,35377590
2016/11/17,sh.600048,6.51,6.52,6.47,6.50,33219430
2016/11/18,sh.600048,6.52,6.69,6.52,6.56,82041765
2016/11/21,sh.600048,6.57,6.70,6.56,6.65,65699974
2016/11/22,sh.600048,6.66,6.73,6.61,6.69,48579447
2016/11/23,sh.600048,6.71,7.06,6.71,6.89,176987274
2016/11/24,sh.600048,6.87,7.04,6.80,6.93,105656891
2016/11/25,sh.600048,6.94,7.23,6.93,7.05,113472636
2016/11/28,sh.600048,7.08,7.20,6.94,7.01,98163369
2016/11/29,sh.600048,7.01,7.01,7.01,7.01,INVALID
2016/11/30,sh.600048,7.12,7.20,6.81,6.92,125193084
2016/12/1,sh.600048,6.94,7.62,6.88,7.47,470178943
2016/12/2,sh.600048,7.51,7.78,7.40,7.43,369013790
2016/12/5,sh.600048,7.11,7.15,6.85,7.02,237997839
2016/12/6,sh.600048,6.98,7.03,6.82,6.85,110333247
2016/12/7,sh.600048,6.84,6.98,6.79,6.93,85216611
2016/12/8,sh.600048,6.92,6.95,6.85,6.89,55453902
2016/12/9,sh.600048,6.89,7.03,6.87,6.96,89199627
2016/12/12,sh.600048,6.92,6.93,6.68,6.77,115601426
2016/12/13,sh.600048,6.74,6.76,6.62,6.66,55657039
2016/12/14,sh.600048,6.71,6.80,6.67,6.68,59821260
2016/12/15,sh.600048,6.66,6.70,6.51,6.56,64539004
2016/12/16,sh.600048,6.55,6.61,6.51,6.56,34768693
2016/12/19,sh.600048,6.56,6.59,6.49,6.53,37333223
2016/12/20,sh.600048,6.52,6.52,6.36,6.44,61347819
2016/12/21,sh.600048,6.44,6.50,6.42,6.47,34864676
2016/12/22,sh.600048,6.45,6.47,6.40,6.44,35637144
2016/12/23,sh.600048,6.42,6.44,6.38,6.40,27558315
2016/12/26,sh.600048,6.38,6.43,6.33,6.43,23897431
2016/12/27,sh.600048,6.43,6.55,6.41,6.47,37527060
2016/12/28,sh.600048,6.46,6.47,6.35,6.38,33792713
2016/12/29,sh.600048,6.38,6.39,6.35,6.37,36938803
2016/12/30,sh.600048,6.38,6.43,6.34,6.40,58587686
2017/1/3,sh.600048,6.39,6.45,6.36,6.44,34928055
2017/1/4,sh.600048,6.42,6.47,6.39,6.45,38420678
2017/1/5,sh.600048,6.46,6.50,6.43,6.44,35343982
2017/1/6,sh.600048,6.44,6.47,6.40,6.42,29980126
2017/1/9,sh.600048,6.41,6.45,6.40,6.43,19815392
2017/1/10,sh.600048,6.42,6.45,6.41,6.45,29668708
2017/1/11,sh.600048,6.45,6.45,6.40,6.40,23284915
2017/1/12,sh.600048,6.38,6.40,6.33,6.34,32031956
2017/1/13,sh.600048,6.38,6.45,6.34,6.38,41303916
2017/1/16,sh.600048,6.36,6.51,6.26,6.45,120606257
2017/1/17,sh.600048,6.43,6.44,6.37,6.40,25788142
2017/1/18,sh.600048,6.41,6.47,6.39,6.42,23022237
2017/1/19,sh.600048,6.42,6.49,6.40,6.44,25836970
2017/1/20,sh.600048,6.43,6.51,6.42,6.49,34461015
2017/1/23,sh.600048,6.51,6.53,6.47,6.50,32685553
2017/1/24,sh.600048,6.50,6.51,6.42,6.45,44689701
2017/1/25,sh.600048,6.41,6.47,6.40,6.45,21285607
2017/1/26,sh.600048,6.46,6.48,6.44,6.46,22763922
2017/2/3,sh.600048,6.47,6.49,6.41,6.43,18700147
2017/2/6,sh.600048,6.43,6.43,6.38,6.42,26964559
2017/2/7,sh.600048,6.42,6.44,6.41,6.42,21541839
2017/2/8,sh.600048,6.42,6.52,6.39,6.51,44698337
2017/2/9,sh.600048,6.52,6.76,6.51,6.65,88005615
2017/2/10,sh.600048,6.65,6.70,6.59,6.63,37734307
2017/2/13,sh.600048,6.63,6.69,6.59,6.66,33492358
2017/2/14,sh.600048,6.66,6.68,6.63,6.67,21441391
2017/2/15,sh.600048,6.67,6.68,6.56,6.56,45366298
2017/2/16,sh.600048,6.56,6.63,6.54,6.62,29946882
2017/2/17,sh.600048,6.62,6.66,6.52,6.52,43958851
2017/2/20,sh.600048,6.53,6.73,6.52,6.71,67061414
2017/2/21,sh.600048,6.71,6.84,6.71,6.80,98132643
2017/2/22,sh.600048,6.78,6.82,6.75,6.79,45395383
2017/2/23,sh.600048,6.80,6.83,6.70,6.75,37740435
2017/2/24,sh.600048,6.72,6.75,6.63,6.71,37744905
2017/2/27,sh.600048,6.68,6.68,6.59,6.61,30566922
2017/2/28,sh.600048,6.61,6.66,6.61,6.63,19549605
2017/3/1,sh.600048,6.68,6.71,6.64,6.68,34051134
2017/3/2,sh.600048,6.68,6.71,6.60,6.61,24311151
2017/3/3,sh.600048,6.59,6.63,6.50,6.61,37696731
2017/3/6,sh.600048,6.59,6.66,6.58,6.63,28751364
2017/3/7,sh.600048,6.65,6.66,6.59,6.63,23966757
2017/3/8,sh.600048,6.65,6.77,6.63,6.71,56929055
2017/3/9,sh.600048,6.69,6.78,6.66,6.77,60775254
2017/3/10,sh.600048,6.75,6.85,6.73,6.75,43216527
2017/3/13,sh.600048,6.74,7.17,6.68,7.07,191109099
2017/3/14,sh.600048,7.06,7.18,6.99,7.08,110357885
2017/3/15,sh.600048,7.07,7.13,7.00,7.07,56566553
2017/3/16,sh.600048,7.08,7.15,6.96,7.01,87903583
2017/3/17,sh.600048,7.03,7.06,6.80,6.82,116622190
2017/3/20,sh.600048,6.78,6.82,6.66,6.74,80549823
2017/3/21,sh.600048,6.75,6.85,6.71,6.82,63565052
2017/3/22,sh.600048,6.75,6.82,6.67,6.70,51063614
2017/3/23,sh.600048,6.71,6.85,6.69,6.76,51686119
2017/3/24,sh.600048,6.78,6.81,6.68,6.78,50666311
2017/3/27,sh.600048,6.78,6.82,6.73,6.77,34392889
2017/3/28,sh.600048,6.80,6.80,6.69,6.71,34019363
2017/3/29,sh.600048,6.71,6.73,6.63,6.65,45161352
2017/3/30,sh.600048,6.64,6.67,6.54,6.65,44109663
2017/3/31,sh.600048,6.62,6.71,6.58,6.68,32098876
2017/4/5,sh.600048,6.78,6.82,6.72,6.75,44662816
2017/4/6,sh.600048,6.75,6.80,6.71,6.78,40115743
2017/4/7,sh.600048,6.80,6.82,6.72,6.78,42052103
2017/4/10,sh.600048,6.78,6.94,6.73,6.87,66223844
2017/4/11,sh.600048,6.85,6.97,6.71,6.92,87150432
2017/4/12,sh.600048,7.01,7.13,6.92,7.00,108044999
2017/4/13,sh.600048,6.96,6.97,6.82,6.94,58317455
2017/4/14,sh.600048,6.89,6.94,6.83,6.93,45569147
2017/4/17,sh.600048,6.89,6.92,6.81,6.90,37651891
2017/4/18,sh.600048,6.87,6.88,6.72,6.73,57851549
2017/4/19,sh.600048,6.71,6.78,6.67,6.75,32168009
2017/4/20,sh.600048,6.73,6.78,6.68,6.77,30560832
2017/4/21,sh.600048,6.77,6.85,6.75,6.81,36231376
2017/4/24,sh.600048,6.81,6.87,6.69,6.86,68700977
2017/4/25,sh.600048,6.84,6.88,6.80,6.83,33684073
2017/4/26,sh.600048,6.84,6.87,6.78,6.79,25615736
2017/4/27,sh.600048,6.77,6.78,6.53,6.69,54140387
2017/4/28,sh.600048,6.66,6.67,6.55,6.60,65500627
2017/5/2,sh.600048,6.58,6.59,6.52,6.56,23064595
2017/5/3,sh.600048,6.56,6.58,6.50,6.56,25031547
2017/5/4,sh.600048,6.54,6.56,6.52,6.55,21496037
2017/5/5,sh.600048,6.55,6.57,6.43,6.56,76976224
2017/5/8,sh.600048,6.51,6.63,6.38,6.54,111512396
2017/5/9,sh.600048,6.51,6.54,6.48,6.53,27461308
2017/5/10,sh.600048,6.51,6.55,6.40,6.42,28474667
2017/5/11,sh.600048,6.41,6.48,6.36,6.43,32902315
2017/5/12,sh.600048,6.41,6.47,6.38,6.44,32190848
2017/5/15,sh.600048,6.43,6.51,6.41,6.49,35243686
2017/5/16,sh.600048,6.47,6.52,6.41,6.50,45758983
2017/5/17,sh.600048,6.48,6.51,6.44,6.45,25679342
2017/5/18,sh.600048,6.42,6.50,6.40,6.46,22185158
2017/5/19,sh.600048,6.47,6.54,6.45,6.53,30085373
2017/5/22,sh.600048,6.53,6.59,6.47,6.52,33506782
2017/5/23,sh.600048,6.53,6.59,6.48,6.54,33959947
2017/5/24,sh.600048,6.53,6.59,6.49,6.57,28813259
2017/5/25,sh.600048,6.59,6.83,6.59,6.80,110804476
2017/5/26,sh.600048,6.80,6.86,6.68,6.71,54792075
2017/5/31,sh.600048,6.94,7.00,6.78,6.79,74422301
2017/6/1,sh.600048,6.79,6.97,6.78,6.84,57214497
2017/6/2,sh.600048,6.81,6.93,6.77,6.82,44641458
2017/6/5,sh.600048,6.82,6.84,6.72,6.79,36116772
2017/6/6,sh.600048,6.78,6.94,6.76,6.89,49850715
2017/6/7,sh.600048,6.87,6.95,6.83,6.91,85299530
2017/6/8,sh.600048,6.92,7.06,6.88,7.04,99237246
2017/6/9,sh.600048,7.06,7.13,6.95,7.00,78853173
2017/6/12,sh.600048,7.00,7.18,6.95,7.00,91056575
2017/6/13,sh.600048,6.95,7.05,6.93,7.00,43968038
2017/6/14,sh.600048,6.96,6.98,6.80,6.82,75087061
2017/6/15,sh.600048,6.82,6.83,6.73,6.81,42459088
2017/6/16,sh.600048,6.80,6.82,6.76,6.79,31389510
2017/6/19,sh.600048,6.78,6.86,6.77,6.83,31605977
2017/6/20,sh.600048,6.82,6.88,6.75,6.78,32829097
2017/6/21,sh.600048,6.82,6.96,6.75,6.94,73075263
2017/6/22,sh.600048,6.91,7.13,6.87,6.95,122547454
2017/6/23,sh.600048,6.93,7.27,6.90,7.22,159021970
2017/6/26,sh.600048,7.26,7.55,7.21,7.40,260355578
2017/6/27,sh.600048,7.40,7.40,7.27,7.35,78826073
2017/6/28,sh.600048,7.33,7.38,7.24,7.24,65858046
2017/6/29,sh.600048,7.27,7.34,7.19,7.28,60001519
2017/6/30,sh.600048,7.25,7.26,7.19,7.21,48046506
2017/7/3,sh.600048,7.24,7.39,7.21,7.36,71071022
2017/7/4,sh.600048,7.36,7.37,7.12,7.15,69320875
2017/7/5,sh.600048,7.16,7.28,7.07,7.27,59513921
2017/7/6,sh.600048,7.23,7.24,7.11,7.12,52668592
2017/7/7,sh.600048,7.12,7.41,7.11,7.40,108004216
2017/7/10,sh.600048,7.37,7.75,7.34,7.48,138266634
2017/7/11,sh.600048,7.46,7.68,7.45,7.51,96147594
2017/7/12,sh.600048,7.50,7.66,7.43,7.50,92146263
2017/7/13,sh.600048,7.45,7.61,7.42,7.58,65165747
2017/7/14,sh.600048,7.60,7.87,7.52,7.87,115625980
2017/7/17,sh.600048,7.89,7.98,7.67,7.71,126661177
2017/7/18,sh.600048,7.67,7.92,7.66,7.87,99915400
2017/7/19,sh.600048,7.78,7.90,7.70,7.83,106823117
2017/7/20,sh.600048,7.79,8.15,7.79,8.08,129227638
2017/7/21,sh.600048,8.06,8.11,7.83,7.93,104190336
2017/7/24,sh.600048,7.89,7.95,7.72,7.76,86502140
2017/7/25,sh.600048,7.72,7.75,7.57,7.63,72139559
2017/7/26,sh.600048,7.65,7.69,7.45,7.50,89319749
2017/7/27,sh.600048,7.49,7.62,7.44,7.58,74856332
2017/7/28,sh.600048,7.55,7.73,7.53,7.68,62172124
2017/7/31,sh.600048,7.68,7.73,7.51,7.60,64461088
2017/8/1,sh.600048,7.61,7.70,7.58,7.65,47503970
2017/8/2,sh.600048,7.64,7.69,7.36,7.37,87277632
2017/8/3,sh.600048,7.37,7.42,7.25,7.32,68668227
2017/8/4,sh.600048,7.32,7.40,7.27,7.29,69698407
2017/8/7,sh.600048,7.30,7.32,7.21,7.29,49910515
2017/8/8,sh.600048,7.29,7.33,7.21,7.28,59687624
2017/8/9,sh.600048,7.29,7.39,7.27,7.37,58276607
2017/8/10,sh.600048,7.35,7.38,7.23,7.37,50988693
2017/8/11,sh.600048,7.30,7.35,7.08,7.11,68484219
2017/8/14,sh.600048,7.13,7.18,7.08,7.15,58403769
2017/8/15,sh.600048,7.14,7.21,7.11,7.15,35924227
2017/8/16,sh.600048,7.16,7.19,7.09,7.15,27577891
2017/8/17,sh.600048,7.14,7.23,7.12,7.21,36938120
2017/8/18,sh.600048,7.19,7.33,7.16,7.31,54611865
2017/8/21,sh.600048,7.27,7.35,7.27,7.32,36074355
2017/8/22,sh.600048,7.48,7.61,7.38,7.42,90642506
2017/8/23,sh.600048,7.40,7.47,7.34,7.36,43931087
2017/8/24,sh.600048,7.35,7.37,7.27,7.31,31590612
2017/8/25,sh.600048,7.29,7.43,7.29,7.42,42456722
2017/8/28,sh.600048,7.44,7.58,7.39,7.50,74355507
2017/8/29,sh.600048,7.51,7.54,7.42,7.43,32191959
2017/8/30,sh.600048,7.48,7.58,7.47,7.53,62752049
2017/8/31,sh.600048,7.50,7.56,7.42,7.45,37115066
2017/9/1,sh.600048,7.45,7.48,7.30,7.38,67882961
2017/9/4,sh.600048,7.37,7.46,7.34,7.43,35227340
2017/9/5,sh.600048,7.40,7.63,7.40,7.61,79020761
2017/9/6,sh.600048,7.56,7.63,7.52,7.58,46181814
2017/9/7,sh.600048,7.63,8.04,7.63,7.88,188973276
2017/9/8,sh.600048,7.88,8.10,7.76,8.00,119873432
2017/9/11,sh.600048,8.06,8.12,7.79,7.88,102665707
2017/9/12,sh.600048,7.87,7.92,7.68,7.74,79499289
2017/9/13,sh.600048,7.74,7.86,7.71,7.76,69198444
2017/9/14,sh.600048,7.76,8.19,7.75,8.18,199089271
2017/9/15,sh.600048,8.17,8.68,8.13,8.42,233659499
2017/9/18,sh.600048,8.47,8.71,8.23,8.28,182134315
2017/9/19,sh.600048,8.32,8.68,8.28,8.38,182444480
2017/9/20,sh.600048,8.37,8.41,8.14,8.16,123308991
2017/9/21,sh.600048,8.19,8.31,8.13,8.19,90467842
2017/9/22,sh.600048,8.18,8.34,8.10,8.18,66040624
2017/9/25,sh.600048,7.96,7.97,7.61,7.64,158683185
2017/9/26,sh.600048,7.66,7.80,7.62,7.70,53843945
2017/9/27,sh.600048,7.74,7.79,7.65,7.79,47741802
2017/9/28,sh.600048,7.79,7.80,7.53,7.55,83540018
2017/9/29,sh.600048,7.58,7.61,7.47,7.52,50157216
2017/10/9,sh.600048,7.74,7.82,7.61,7.62,110998938
2017/10/10,sh.600048,7.66,7.68,7.52,7.56,77929968
2017/10/11,sh.600048,7.58,7.66,7.50,7.55,74703272
2017/10/12,sh.600048,7.55,7.55,7.40,7.46,78408213
2017/10/13,sh.600048,7.46,7.50,7.40,7.42,65698222
2017/10/16,sh.600048,7.45,7.48,7.35,7.36,57536434
2017/10/17,sh.600048,7.35,7.41,7.33,7.39,40065559
2017/10/18,sh.600048,7.39,7.42,7.36,7.41,41237205
2017/10/19,sh.600048,7.42,7.49,7.37,7.42,57295003
2017/10/20,sh.600048,7.42,7.50,7.39,7.50,41327832
2017/10/23,sh.600048,7.50,7.62,7.45,7.58,67798278
2017/10/24,sh.600048,7.70,7.87,7.61,7.81,127323683
2017/10/25,sh.600048,7.83,8.06,7.81,7.85,97638654
2017/10/26,sh.600048,7.81,7.92,7.63,7.69,117330732
2017/10/27,sh.600048,7.74,7.89,7.60,7.69,129417031
2017/10/30,sh.600048,7.68,7.79,7.61,7.79,126882250
2017/10/31,sh.600048,7.80,7.89,7.71,7.87,97024465
2017/11/1,sh.600048,7.89,8.10,7.74,7.79,173845087
2017/11/2,sh.600048,7.74,7.87,7.70,7.83,83585668
2017/11/3,sh.600048,7.81,7.83,7.54,7.71,99839221
2017/11/6,sh.600048,7.65,7.69,7.43,7.50,82297945
2017/11/7,sh.600048,7.53,7.61,7.47,7.55,83264274
2017/11/8,sh.600048,7.50,7.66,7.50,7.58,71641514
2017/11/9,sh.600048,7.58,7.71,7.55,7.68,50874064
2017/11/10,sh.600048,7.71,7.74,7.50,7.55,83633608
2017/11/13,sh.600048,7.54,7.61,7.43,7.46,84422657
2017/11/14,sh.600048,7.45,7.61,7.37,7.56,84182089
2017/11/15,sh.600048,7.51,7.76,7.48,7.74,100870373
2017/11/16,sh.600048,7.75,8.27,7.73,8.26,255354786
2017/11/17,sh.600048,8.26,8.49,8.19,8.48,258259895
2017/11/20,sh.600048,8.41,8.49,8.21,8.49,126232853
2017/11/21,sh.600048,8.45,8.97,8.44,8.69,243130942
2017/11/22,sh.600048,8.82,8.95,8.64,8.71,214544531
2017/11/23,sh.600048,8.70,8.94,8.42,8.57,155091831
2017/11/24,sh.600048,8.53,8.74,8.46,8.63,100370315
2017/11/27,sh.600048,8.63,8.91,8.43,8.65,130655569
2017/11/28,sh.600048,8.64,8.64,8.26,8.44,92654119
2017/11/29,sh.600048,8.53,9.29,8.44,9.29,247745291
2017/11/30,sh.600048,9.40,9.46,8.87,9.11,235714059
2017/12/1,sh.600048,9.11,9.58,9.04,9.22,200143236
2017/12/4,sh.600048,9.18,9.29,8.91,9.27,123880745
2017/12/5,sh.600048,9.18,9.52,9.07,9.25,228522650
2017/12/6,sh.600048,9.17,9.43,9.04,9.18,123000395
2017/12/7,sh.600048,9.20,9.65,9.20,9.28,156682944
2017/12/8,sh.600048,9.18,9.22,8.88,9.21,144830397
2017/12/11,sh.600048,9.15,9.34,8.99,9.33,106158237
2017/12/12,sh.600048,9.28,9.43,9.06,9.08,95430182
2017/12/13,sh.600048,9.10,9.14,8.93,9.10,77135045
2017/12/14,sh.600048,9.08,9.38,9.01,9.16,101192021
2017/12/15,sh.600048,9.04,9.15,8.72,8.78,116453125
2017/12/18,sh.600048,8.79,8.94,8.59,8.77,84246789
2017/12/19,sh.600048,8.81,8.96,8.72,8.95,69737327
2017/12/20,sh.600048,8.85,8.90,8.60,8.74,106499142
2017/12/21,sh.600048,8.77,9.57,8.76,9.42,196797513
2017/12/22,sh.600048,9.40,9.51,9.35,9.46,99055895
2017/12/25,sh.600048,9.64,10.08,9.64,9.80,186833932
2017/12/26,sh.600048,9.85,10.03,9.72,10.01,115205732
2017/12/27,sh.600048,9.90,10.08,9.73,9.87,107345356
2017/12/28,sh.600048,9.83,10.00,9.63,9.91,92536121
2017/12/29,sh.600048,9.88,10.35,9.84,10.23,126685808
2018/1/2,sh.600048,10.34,10.90,10.34,10.57,183889092
2018/1/3,sh.600048,10.64,10.95,10.37,10.44,190744086
2018/1/4,sh.600048,10.53,10.73,10.40,10.49,146757420
2018/1/5,sh.600048,10.52,11.53,10.45,11.05,261799617
2018/1/8,sh.600048,11.36,11.78,11.18,11.29,278218613
2018/1/9,sh.600048,11.17,11.54,11.16,11.35,146255668
2018/1/10,sh.600048,11.35,11.75,11.28,11.47,143295209
2018/1/11,sh.600048,11.38,11.53,11.09,11.41,118174577
2018/1/12,sh.600048,11.34,11.81,11.26,11.35,139410530
2018/1/15,sh.600048,11.70,12.20,11.57,12.00,257430550
2018/1/16,sh.600048,11.89,13.01,11.81,12.78,322471991
2018/1/17,sh.600048,12.58,13.16,12.32,12.96,275189261
2018/1/18,sh.600048,12.94,13.08,12.52,12.70,188233864
2018/1/19,sh.600048,12.80,13.01,12.36,12.50,195930693
2018/1/22,sh.600048,12.49,12.81,12.41,12.67,146284361
2018/1/23,sh.600048,12.76,13.27,12.76,12.83,258624832
2018/1/24,sh.600048,12.85,13.30,12.80,12.90,192938121
2018/1/25,sh.600048,12.85,12.88,12.07,12.36,245924200
2018/1/26,sh.600048,12.36,12.69,12.22,12.43,162439087
2018/1/29,sh.600048,12.53,12.64,12.06,12.28,171133085
2018/1/30,sh.600048,12.26,12.38,11.83,11.94,162162669
2018/1/31,sh.600048,12.01,12.50,11.92,12.46,199998705
2018/2/1,sh.600048,12.54,12.90,12.42,12.71,224772635
2018/2/2,sh.600048,12.51,13.36,12.29,13.32,212407255
2018/2/5,sh.600048,13.16,13.55,12.98,13.51,189981999
2018/2/6,sh.600048,13.16,13.21,12.58,13.03,230049737
2018/2/7,sh.600048,13.27,13.35,11.73,11.81,310223696
2018/2/8,sh.600048,11.59,11.80,10.99,11.33,234483074
2018/2/9,sh.600048,10.89,11.11,10.19,10.26,326039097
2018/2/12,sh.600048,10.27,10.53,10.04,10.48,199513961
2018/2/13,sh.600048,10.67,11.31,10.60,10.92,187797865
2018/2/14,sh.600048,10.92,11.10,10.66,10.99,80986138
2018/2/22,sh.600048,11.21,11.42,11.04,11.15,104835838
2018/2/23,sh.600048,11.19,11.50,11.08,11.31,106256746
2018/2/26,sh.600048,11.33,11.42,10.41,10.91,202375514
2018/2/27,sh.600048,10.83,10.84,10.35,10.49,186818358
2018/2/28,sh.600048,10.31,10.74,10.16,10.58,144939571
2018/3/1,sh.600048,10.42,10.89,10.40,10.63,135507585
2018/3/2,sh.600048,10.47,10.84,10.34,10.70,116683131
2018/3/5,sh.600048,10.79,11.12,10.68,10.74,121588902
2018/3/6,sh.600048,10.84,11.27,10.55,11.24,174218323
2018/3/7,sh.600048,11.18,11.47,11.03,11.14,113134790
2018/3/8,sh.600048,11.15,11.31,11.04,11.23,75850193
2018/3/9,sh.600048,11.28,11.35,10.84,11.02,110353089
2018/3/12,sh.600048,10.92,10.92,10.39,10.53,200962744
2018/3/13,sh.600048,10.47,10.64,10.43,10.50,97397890
2018/3/14,sh.600048,10.43,10.63,10.34,10.53,84977876
2018/3/15,sh.600048,10.53,10.61,10.42,10.55,76064766
2018/3/16,sh.600048,10.50,10.74,10.49,10.56,95596264
2018/3/19,sh.600048,10.53,10.53,10.12,10.17,119186905
2018/3/20,sh.600048,10.02,10.14,9.91,10.07,90616692
2018/3/21,sh.600048,10.11,10.37,10.03,10.13,99500363
2018/3/22,sh.600048,10.08,10.16,9.78,9.85,109728371
2018/3/23,sh.600048,9.47,9.64,9.20,9.62,210975953
2018/3/26,sh.600048,9.51,9.61,9.25,9.43,107120870
2018/3/27,sh.600048,9.65,9.73,9.35,9.47,110188437
2018/3/28,sh.600048,9.34,9.72,9.30,9.46,109135043
2018/3/29,sh.600048,9.51,10.18,9.02,9.95,280695694
2018/3/30,sh.600048,9.83,9.95,9.71,9.74,117881935
2018/4/2,sh.600048,9.80,10.16,9.73,9.86,150956503
2018/4/3,sh.600048,9.66,9.89,9.55,9.78,83338649
2018/4/4,sh.600048,9.69,10.08,9.65,9.90,96282366
2018/4/9,sh.600048,9.88,9.97,9.64,9.73,67381793
2018/4/10,sh.600048,9.76,10.35,9.73,10.33,149804664
2018/4/11,sh.600048,10.35,10.67,10.19,10.51,152303421
2018/4/12,sh.600048,10.41,10.60,10.29,10.40,79022325
2018/4/13,sh.600048,10.48,10.57,10.06,10.14,73899731
2018/4/16,sh.600048,10.07,10.08,9.43,9.57,164611101
2018/4/17,sh.600048,9.59,9.69,9.44,9.51,90137001
2018/4/18,sh.600048,9.77,9.95,9.62,9.73,146281997
2018/4/19,sh.600048,9.73,9.89,9.62,9.72,79533109
2018/4/20,sh.600048,9.73,9.82,9.46,9.69,77827910
2018/4/23,sh.600048,9.58,9.85,9.51,9.79,65006623
2018/4/24,sh.600048,9.95,10.43,9.95,10.19,149631754
2018/4/25,sh.600048,10.07,10.19,9.93,10.01,72227553
2018/4/26,sh.600048,10.13,10.18,9.66,9.82,78722246
2018/4/27,sh.600048,9.66,9.69,9.05,9.49,176921615
2018/5/2,sh.600048,9.39,9.59,9.30,9.52,64610706
2018/5/3,sh.600048,9.51,9.51,9.25,9.43,84743476
2018/5/4,sh.600048,9.43,9.62,9.39,9.42,71978718
2018/5/7,sh.600048,9.49,9.88,9.40,9.77,97935417
2018/5/8,sh.600048,9.79,10.24,9.73,9.98,114581262
2018/5/9,sh.600048,10.03,10.17,9.94,10.04,64848659
2018/5/10,sh.600048,10.11,10.22,9.89,10.05,52639898
2018/5/11,sh.600048,10.11,10.12,9.84,9.90,47402581
2018/5/14,sh.600048,10.00,10.12,9.77,9.92,48878101
2018/5/15,sh.600048,9.95,10.10,9.84,10.09,47295610
2018/5/16,sh.600048,10.01,10.07,9.83,9.87,48917193
2018/5/17,sh.600048,9.87,10.06,9.82,9.83,41785785
2018/5/18,sh.600048,9.85,10.04,9.77,10.03,43313232
2018/5/21,sh.600048,10.06,10.11,9.90,9.94,65908477
2018/5/22,sh.600048,9.95,9.95,9.43,9.54,142012624
2018/5/23,sh.600048,9.48,9.51,9.29,9.30,94560102
2018/5/24,sh.600048,9.31,9.36,9.10,9.18,63403402
2018/5/25,sh.600048,9.19,9.28,9.06,9.21,56558838
2018/5/28,sh.600048,9.18,9.23,9.06,9.11,52713893
2018/5/29,sh.600048,9.07,9.08,8.62,8.99,147944713
2018/5/30,sh.600048,8.83,8.91,8.69,8.70,61180238
2018/5/31,sh.600048,8.79,8.99,8.69,8.92,71840385
2018/6/1,sh.600048,8.91,9.29,8.88,9.10,117078556
2018/6/4,sh.600048,9.18,9.67,9.18,9.60,150032981
2018/6/5,sh.600048,9.58,9.79,9.49,9.68,103682027
2018/6/6,sh.600048,9.68,9.81,9.54,9.60,59920645
2018/6/7,sh.600048,9.61,10.03,9.55,9.98,106883159
2018/6/8,sh.600048,9.96,9.98,9.60,9.72,74523273
2018/6/11,sh.600048,9.66,10.20,9.60,10.13,89905696
2018/6/12,sh.600048,10.13,10.33,10.01,10.15,72590371
2018/6/13,sh.600048,10.08,10.42,10.08,10.19,76868480
2018/6/14,sh.600048,10.15,10.32,9.92,10.16,60357763
2018/6/15,sh.600048,10.18,10.64,10.18,10.42,97063079
2018/6/19,sh.600048,10.24,10.48,9.94,10.04,137700511
2018/6/20,sh.600048,10.02,10.54,9.95,10.53,96637594
2018/6/21,sh.600048,10.48,10.93,10.38,10.56,109089583
2018/6/22,sh.600048,10.58,10.71,10.23,10.48,74643731
2018/6/25,sh.600048,10.57,10.62,9.69,9.74,125471465
2018/6/26,sh.600048,9.38,9.54,9.08,9.29,146817783
2018/6/27,sh.600048,9.29,9.31,8.67,8.87,155374784
2018/6/28,sh.600048,8.71,9.04,8.67,8.73,89803059
2018/6/29,sh.600048,8.79,9.10,8.76,9.08,81570327
2018/7/2,sh.600048,9.01,9.02,8.17,8.20,188721764
2018/7/3,sh.600048,8.24,8.38,8.03,8.30,119297665
2018/7/4,sh.600048,8.24,8.44,8.00,8.06,88907476
2018/7/5,sh.600048,8.07,8.21,7.91,7.97,91044200
2018/7/6,sh.600048,8.01,8.04,7.62,7.88,118812267
2018/7/9,sh.600048,7.93,8.32,7.88,8.30,105498149
2018/7/10,sh.600048,8.42,8.52,8.23,8.41,114653519
2018/7/11,sh.600048,8.19,8.25,7.96,8.20,78956716
2018/7/12,sh.600048,8.23,8.46,8.22,8.35,89668140
2018/7/13,sh.600048,8.60,8.66,8.29,8.32,97353232
2018/7/16,sh.600048,8.35,8.38,7.97,8.12,92074211
2018/7/17,sh.600048,8.06,8.23,7.93,8.14,70828518
2018/7/18,sh.600048,8.15,8.18,7.85,7.87,89160089
2018/7/19,sh.600048,7.96,8.09,7.90,7.94,76787384
2018/7/20,sh.600048,7.95,8.32,7.67,8.17,153935561
2018/7/23,sh.600048,8.07,8.70,8.01,8.63,184325757
2018/7/24,sh.600048,8.73,9.22,8.71,8.91,194992123
2018/7/25,sh.600048,9.00,9.08,8.80,8.96,66726017
2018/7/26,sh.600048,9.05,9.19,8.77,8.81,83556785
2018/7/27,sh.600048,8.74,8.97,8.55,8.80,64090514
2018/7/30,sh.600048,8.77,9.02,8.67,8.90,61326014
2018/7/31,sh.600048,8.96,9.08,8.87,9.03,77926533
2018/8/1,sh.600048,8.81,8.81,8.43,8.44,143323013
2018/8/2,sh.600048,8.34,8.35,7.97,8.09,98057153
2018/8/3,sh.600048,8.10,8.20,7.91,7.95,64928905
2018/8/6,sh.600048,8.00,8.02,7.74,7.82,73488294
2018/8/7,sh.600048,7.88,8.26,7.85,8.20,88251583
2018/8/8,sh.600048,8.19,8.39,7.96,7.97,76080473
2018/8/9,sh.600048,7.99,8.60,7.92,8.58,113462442
2018/8/10,sh.600048,8.71,9.00,8.61,8.71,121651748
2018/8/13,sh.600048,8.49,8.59,8.35,8.54,78262616
2018/8/14,sh.600048,8.52,8.52,8.12,8.23,103088541
2018/8/15,sh.600048,8.25,8.32,8.09,8.10,70132740
2018/8/16,sh.600048,7.90,8.27,7.86,8.20,89669540
2018/8/17,sh.600048,8.28,8.43,8.12,8.15,84251964
2018/8/20,sh.600048,8.23,8.38,8.14,8.38,80462913
2018/8/21,sh.600048,8.38,8.59,8.29,8.52,86952808
2018/8/22,sh.600048,8.47,8.54,8.35,8.44,44635428
2018/8/23,sh.600048,8.46,8.61,8.25,8.41,57738650
2018/8/24,sh.600048,8.38,8.52,8.26,8.43,35635826
2018/8/27,sh.600048,8.54,8.97,8.49,8.93,104516695
2018/8/28,sh.600048,8.86,9.10,8.84,8.92,63108548
2018/8/29,sh.600048,8.88,9.19,8.88,9.02,59851125
2018/8/30,sh.600048,8.96,9.09,8.82,8.84,46171860
2018/8/31,sh.600048,8.79,9.26,8.70,9.14,94389792
2018/9/3,sh.600048,9.07,9.26,8.89,9.06,69274099
2018/9/4,sh.600048,9.04,9.23,8.85,9.20,57667506
2018/9/5,sh.600048,9.06,9.14,8.79,8.82,67381916
2018/9/6,sh.600048,8.78,8.85,8.44,8.51,96659868
2018/9/7,sh.600048,8.52,8.77,8.44,8.58,72656451
2018/9/10,sh.600048,8.60,8.96,8.60,8.79,112794203
2018/9/11,sh.600048,8.79,8.84,8.50,8.67,62121407
2018/9/12,sh.600048,8.75,8.79,8.53,8.69,43206324
2018/9/13,sh.600048,8.85,8.90,8.61,8.83,57226968
2018/9/14,sh.600048,8.83,8.97,8.68,8.95,55276065
2018/9/17,sh.600048,8.86,8.94,8.67,8.91,59319806
2018/9/18,sh.600048,8.84,9.08,8.77,9.04,59822737
2018/9/19,sh.600048,9.00,9.67,8.98,9.46,139028721
2018/9/20,sh.600048,9.43,9.51,9.27,9.35,78334399
2018/9/21,sh.600048,9.38,9.92,9.29,9.79,104111586
2018/9/25,sh.600048,9.43,9.44,9.11,9.20,132593464
2018/9/26,sh.600048,9.25,9.42,9.05,9.23,104809279
2018/9/27,sh.600048,9.22,9.22,9.05,9.13,69964673
2018/9/28,sh.600048,9.15,9.31,8.93,9.06,110168444
2018/10/8,sh.600048,8.67,8.79,8.39,8.45,100016017
2018/10/9,sh.600048,8.43,8.48,8.23,8.35,60628988
2018/10/10,sh.600048,8.38,8.52,8.26,8.45,47717405
2018/10/11,sh.600048,8.25,8.38,8.12,8.17,78560741
2018/10/12,sh.600048,8.21,8.52,8.18,8.47,67984678
2018/10/15,sh.600048,8.47,8.47,8.19,8.23,48443271
2018/10/16,sh.600048,8.26,8.39,7.86,7.97,74729096
2018/10/17,sh.600048,8.06,8.16,7.98,8.10,46557905
2018/10/18,sh.600048,8.04,8.13,7.86,7.94,47451288
2018/10/19,sh.600048,7.93,8.36,7.87,8.32,83353405
2018/10/22,sh.600048,8.45,8.79,8.45,8.69,100649734
2018/10/23,sh.600048,8.67,8.75,8.38,8.43,58757375
2018/10/24,sh.600048,8.46,8.78,8.42,8.57,58871892
2018/10/25,sh.600048,8.41,9.05,8.31,9.05,125185062
2018/10/26,sh.600048,9.03,9.53,8.99,9.23,133584360
2018/10/29,sh.600048,9.29,9.37,8.75,8.99,97684316
2018/10/30,sh.600048,9.16,9.36,8.87,9.16,98396747
2018/10/31,sh.600048,9.19,9.53,8.98,9.38,74321330
2018/11/1,sh.600048,9.63,9.86,9.46,9.56,101978863
2018/11/2,sh.600048,9.82,9.87,9.23,9.45,135392001
2018/11/5,sh.600048,9.27,9.31,9.01,9.14,87101254
2018/11/6,sh.600048,9.12,9.31,9.02,9.31,66901931
2018/11/7,sh.600048,9.29,9.38,9.14,9.22,44243623
2018/11/8,sh.600048,9.29,9.42,9.16,9.22,41508050
2018/11/9,sh.600048,9.13,9.31,9.05,9.07,43277241
2018/11/12,sh.600048,9.05,9.25,9.01,9.19,51283012
2018/11/13,sh.600048,9.04,9.31,9.02,9.28,36053038
2018/11/14,sh.600048,9.38,9.61,9.34,9.39,70583300
2018/11/15,sh.600048,9.38,9.51,9.31,9.51,29894209
2018/11/16,sh.600048,9.46,9.79,9.37,9.68,60604325
2018/11/19,sh.600048,9.68,10.11,9.68,10.07,86988585
2018/11/20,sh.600048,9.97,10.18,9.76,9.89,62512671
2018/11/21,sh.600048,9.81,10.18,9.77,9.99,53021495
2018/11/22,sh.600048,9.99,10.02,9.70,9.84,39241189
2018/11/23,sh.600048,9.81,9.86,9.50,9.68,37793854
2018/11/26,sh.600048,9.75,10.01,9.54,9.72,48361542
2018/11/27,sh.600048,9.71,9.75,9.49,9.52,33139363
2018/11/28,sh.600048,9.54,9.95,9.53,9.95,46293298
2018/11/29,sh.600048,10.01,10.11,9.59,9.61,56648188
2018/11/30,sh.600048,9.61,9.77,9.49,9.75,34080181
2018/12/3,sh.600048,9.95,10.01,9.43,9.75,118389313
2018/12/4,sh.600048,9.67,9.67,9.28,9.44,110553233
2018/12/5,sh.600048,9.31,9.58,9.28,9.48,61213010
2018/12/6,sh.600048,9.33,9.51,9.33,9.44,42810219
2018/12/7,sh.600048,9.40,9.61,9.39,9.44,43437257
2018/12/10,sh.600048,9.40,9.52,9.18,9.26,45170873
2018/12/11,sh.600048,9.30,9.56,9.28,9.53,58344355
2018/12/12,sh.600048,9.66,9.84,9.55,9.60,71541726
2018/12/13,sh.600048,9.75,10.02,9.72,9.92,79902349
2018/12/14,sh.600048,9.90,9.94,9.66,9.68,46271532
2018/12/17,sh.600048,9.64,9.72,9.54,9.68,43234950
2018/12/18,sh.600048,9.55,9.64,9.30,9.33,60321410
2018/12/19,sh.600048,9.44,9.55,9.26,9.28,44080037
2018/12/20,sh.600048,9.33,9.43,9.09,9.21,59302062
2018/12/21,sh.600048,9.14,9.19,8.58,8.90,97176797
2018/12/24,sh.600048,8.75,8.93,8.64,8.91,66742638
2018/12/25,sh.600048,8.75,8.93,8.69,8.88,53547184
2018/12/26,sh.600048,8.84,8.90,8.65,8.79,42974156
2018/12/27,sh.600048,8.91,9.04,8.75,8.75,43913777
2018/12/28,sh.600048,8.80,8.90,8.71,8.78,47249288
2019/1/2,sh.600048,8.74,8.81,8.58,8.72,37972902
2019/1/3,sh.600048,8.69,8.93,8.64,8.86,55001421
2019/1/4,sh.600048,8.79,9.14,8.75,9.11,56734219
2019/1/7,sh.600048,9.23,9.28,8.98,9.05,53357622
2019/1/8,sh.600048,9.07,9.08,8.73,8.93,43213590
2019/1/9,sh.600048,8.96,9.19,8.87,9.04,64084406
2019/1/10,sh.600048,8.99,9.01,8.89,8.93,38889983
2019/1/11,sh.600048,8.97,9.02,8.86,8.93,45969451
2019/1/14,sh.600048,8.86,8.89,8.67,8.76,48589412
2019/1/15,sh.600048,8.77,8.77,8.36,8.70,110127236
2019/1/16,sh.600048,8.67,8.86,8.56,8.83,59280058
2019/1/17,sh.600048,8.84,8.90,8.73,8.76,44602176
2019/1/18,sh.600048,8.82,9.01,8.75,8.99,59946414
2019/1/21,sh.600048,8.98,9.11,8.82,8.96,57815849
2019/1/22,sh.600048,8.93,9.14,8.90,8.97,59699095
2019/1/23,sh.600048,8.96,9.00,8.84,8.87,35431270
2019/1/24,sh.600048,8.89,8.93,8.73,8.89,34761760
2019/1/25,sh.600048,8.96,9.31,8.88,9.16,86935312
2019/1/28,sh.600048,9.20,9.34,9.05,9.11,45527754
2019/1/29,sh.600048,9.11,9.41,9.04,9.37,73293164
2019/1/30,sh.600048,9.31,9.74,9.29,9.46,89720665
2019/1/31,sh.600048,9.55,9.63,9.41,9.59,63221340
2019/2/1,sh.600048,9.65,9.68,9.35,9.58,68743570
2019/2/11,sh.600048,9.46,9.63,9.28,9.57,64534377
2019/2/12,sh.600048,9.52,9.58,9.37,9.58,58077991
2019/2/13,sh.600048,9.56,9.89,9.51,9.89,84046155
2019/2/14,sh.600048,9.79,10.00,9.77,9.96,71702051
2019/2/15,sh.600048,9.89,9.89,9.41,9.43,110555144
2019/2/18,sh.600048,9.55,9.66,9.46,9.64,99174824
2019/2/19,sh.600048,9.69,9.75,9.46,9.52,118405906
2019/2/20,sh.600048,9.55,9.89,9.47,9.78,140971546
2019/2/21,sh.600048,9.73,9.74,9.51,9.57,92037324
2019/2/22,sh.600048,9.54,9.63,9.39,9.60,86489095
2019/2/25,sh.600048,9.66,10.19,9.60,10.14,216806249
2019/2/26,sh.600048,10.05,10.18,9.81,9.85,196937840
2019/2/27,sh.600048,9.87,10.15,9.76,9.90,147928660
2019/2/28,sh.600048,9.86,10.08,9.75,9.83,122031953
2019/3/1,sh.600048,9.91,9.95,9.68,9.94,122436785
2019/3/4,sh.600048,9.98,10.67,9.97,10.35,289119308
2019/3/5,sh.600048,10.35,10.74,10.27,10.54,180256624
2019/3/6,sh.600048,10.56,10.62,10.21,10.42,123890660
2019/3/7,sh.600048,10.39,10.39,9.92,10.07,166214035
2019/3/8,sh.600048,9.84,10.07,9.66,9.71,154561041
2019/3/11,sh.600048,9.56,9.77,9.37,9.70,157693738
2019/3/12,sh.600048,9.83,9.86,9.60,9.70,127228055
2019/3/13,sh.600048,9.68,10.04,9.49,9.86,174530812
2019/3/14,sh.600048,9.80,10.14,9.78,9.86,122983793
2019/3/15,sh.600048,9.87,10.26,9.79,10.26,183941926
2019/3/18,sh.600048,10.32,10.85,10.18,10.72,212330599
2019/3/19,sh.600048,10.72,10.99,10.50,10.60,136365305
2019/3/20,sh.600048,10.60,10.78,10.41,10.70,128574784
2019/3/21,sh.600048,10.69,10.87,10.45,10.53,123285506
2019/3/22,sh.600048,10.48,10.52,10.24,10.38,89304104
2019/3/25,sh.600048,10.21,10.24,10.01,10.02,106469912
2019/3/26,sh.600048,10.05,10.20,9.89,9.92,100749405
2019/3/27,sh.600048,10.05,10.20,9.95,10.19,104542328
2019/3/28,sh.600048,10.12,10.23,9.96,9.96,99538991
2019/3/29,sh.600048,10.02,10.61,9.95,10.60,185868508
2019/4/1,sh.600048,10.76,11.23,10.67,10.92,211533155
2019/4/2,sh.600048,10.93,10.93,10.69,10.75,129784359
2019/4/3,sh.600048,10.71,10.91,10.62,10.88,106417276
2019/4/4,sh.600048,10.89,11.07,10.71,10.83,122366547
2019/4/8,sh.600048,10.87,11.08,10.64,10.77,120475017
2019/4/9,sh.600048,10.98,11.12,10.77,11.11,167896782
2019/4/10,sh.600048,10.99,11.03,10.74,10.91,112801326
2019/4/11,sh.600048,10.87,11.03,10.53,10.57,105521375
2019/4/12,sh.600048,10.59,10.62,10.27,10.35,121859739
2019/4/15,sh.600048,10.58,10.69,10.30,10.30,131361204
2019/4/16,sh.600048,10.33,10.82,10.13,10.78,144519549
2019/4/17,sh.600048,10.72,10.77,10.50,10.56,92546988
2019/4/18,sh.600048,10.55,10.56,10.31,10.42,102873450
2019/4/19,sh.600048,10.42,10.59,10.36,10.57,72193470
2019/4/22,sh.600048,10.40,10.40,9.96,9.98,191237582
2019/4/23,sh.600048,10.00,10.09,9.95,9.98,100408706
2019/4/24,sh.600048,10.01,10.06,9.83,9.95,90331250
2019/4/25,sh.600048,9.95,10.05,9.89,9.90,82730105
2019/4/26,sh.600048,9.89,9.99,9.80,9.86,69230631
2019/4/29,sh.600048,9.92,10.13,9.90,10.02,101660100
2019/4/30,sh.600048,9.96,10.06,9.83,10.04,64324323
2019/5/6,sh.600048,9.74,9.89,9.44,9.55,105870827
2019/5/7,sh.600048,9.66,9.73,9.55,9.63,68326155
2019/5/8,sh.600048,9.53,9.66,9.49,9.56,47978493
2019/5/9,sh.600048,9.53,9.60,9.25,9.31,73458701
2019/5/10,sh.600048,9.40,9.69,9.32,9.66,81590594
2019/5/13,sh.600048,9.45,9.60,9.38,9.54,46348468
2019/5/14,sh.600048,9.46,9.72,9.40,9.56,61099170
2019/5/15,sh.600048,9.63,9.77,9.60,9.64,67191290
2019/5/16,sh.600048,9.62,9.69,9.57,9.66,58013407
2019/5/17,sh.600048,9.66,9.68,9.37,9.40,50102525
2019/5/20,sh.600048,9.45,9.51,9.27,9.36,48374896
2019/5/21,sh.600048,9.37,9.52,9.35,9.46,42007961
2019/5/22,sh.600048,9.46,9.59,9.43,9.49,49088234
2019/5/23,sh.600048,9.45,9.47,9.23,9.36,46032194
2019/5/24,sh.600048,9.41,9.50,9.34,9.36,35641756
2019/5/27,sh.600048,9.35,9.45,9.17,9.44,62090422
2019/5/28,sh.600048,9.49,9.60,9.39,9.60,66481908
2019/5/29,sh.600048,9.49,9.57,9.46,9.48,32952734
2019/5/30,sh.600048,9.51,9.51,9.33,9.43,34317736
2019/5/31,sh.600048,9.42,9.53,9.38,9.42,33134088
2019/6/3,sh.600048,9.47,9.56,9.38,9.44,38566371
2019/6/4,sh.600048,9.46,9.49,9.35,9.42,30661548
2019/6/5,sh.600048,9.53,9.90,9.46,9.73,97320497
2019/6/6,sh.600048,9.74,9.87,9.71,9.72,53516941
2019/6/10,sh.600048,9.83,10.04,9.73,9.91,60131081
2019/6/11,sh.600048,9.91,10.08,9.91,10.02,61321037
2019/6/12,sh.600048,9.98,10.00,9.84,9.95,42433431
2019/6/13,sh.600048,9.92,9.95,9.80,9.87,40162356
2019/6/14,sh.600048,9.92,10.06,9.91,9.98,64286787
2019/6/17,sh.600048,9.91,10.01,9.83,9.95,31424172
2019/6/18,sh.600048,9.96,9.98,9.77,9.92,33701475
2019/6/19,sh.600048,10.09,10.15,9.91,9.95,50201204
2019/6/20,sh.600048,9.96,10.24,9.91,10.23,85345068
2019/6/21,sh.600048,10.18,10.26,10.06,10.08,70459584
2019/6/24,sh.600048,10.08,10.14,9.98,10.12,46078940
2019/6/25,sh.600048,10.11,10.15,9.91,9.98,53345925
2019/6/26,sh.600048,9.97,9.98,9.85,9.90,49825182
2019/6/27,sh.600048,9.92,10.00,9.90,9.94,59419568
2019/6/28,sh.600048,9.94,9.96,9.84,9.89,36515534
2019/7/1,sh.600048,9.99,10.13,9.95,10.09,78277022
2019/7/2,sh.600048,10.08,10.24,10.02,10.23,70997125
2019/7/3,sh.600048,10.23,10.50,10.11,10.35,131539535
2019/7/4,sh.600048,10.36,10.82,10.36,10.57,143888019
2019/7/5,sh.600048,10.51,10.63,10.42,10.49,73832793
2019/7/8,sh.600048,10.44,10.76,10.27,10.42,119110647
2019/7/9,sh.600048,10.45,10.71,10.40,10.45,95501950
2019/7/10,sh.600048,10.54,10.59,10.36,10.43,64973798
2019/7/11,sh.600048,10.52,10.58,10.38,10.44,53494203
2019/7/12,sh.600048,10.44,10.59,10.41,10.50,58287132
2019/7/15,sh.600048,10.42,10.44,10.19,10.35,88474795
2019/7/16,sh.600048,10.36,10.55,10.33,10.48,60448712
2019/7/17,sh.600048,10.41,10.61,10.39,10.51,46438886
2019/7/18,sh.600048,10.50,10.59,10.39,10.50,42227151
2019/7/19,sh.600048,11.02,11.19,10.84,11.15,201070783
2019/7/22,sh.600048,11.16,11.51,11.15,11.24,120274449
2019/7/23,sh.600048,11.22,11.29,11.00,11.08,93236953
2019/7/24,sh.600048,11.15,11.22,11.01,11.09,70762827
2019/7/25,sh.600048,11.13,11.14,10.94,11.13,59792592
2019/7/26,sh.600048,11.01,11.29,10.98,11.22,62211512
2019/7/29,sh.600048,11.19,11.29,11.16,11.22,48834646
2019/7/30,sh.600048,11.21,11.40,11.21,11.33,49053228
2019/7/31,sh.600048,11.18,11.18,10.91,11.01,99681805
2019/8/1,sh.600048,10.93,11.02,10.66,10.72,105050590
2019/8/2,sh.600048,10.54,10.79,10.50,10.71,82901457
2019/8/5,sh.600048,10.63,10.67,10.37,10.38,69833782
2019/8/6,sh.600048,10.23,10.60,10.21,10.49,85029484
2019/8/7,sh.600048,10.55,10.79,10.53,10.63,60726819
2019/8/8,sh.600048,10.73,10.76,10.63,10.67,37753378
2019/8/9,sh.600048,10.69,10.73,10.41,10.47,51221379
2019/8/12,sh.600048,10.49,10.81,10.44,10.79,54022929
2019/8/13,sh.600048,10.67,10.78,10.53,10.60,45569642
2019/8/14,sh.600048,10.79,10.81,10.51,10.56,47705362
2019/8/15,sh.600048,10.43,10.83,10.41,10.81,47122716
2019/8/16,sh.600048,10.84,10.94,10.72,10.73,40764744
2019/8/19,sh.600048,10.91,11.08,10.78,11.07,66556565
2019/8/20,sh.600048,11.01,11.35,11.00,11.20,75814895
2019/8/21,sh.600048,11.13,11.39,11.13,11.27,48057375
2019/8/22,sh.600048,11.27,11.39,11.04,11.13,50113465
2019/8/23,sh.600048,11.22,11.33,11.11,11.22,53907762
2019/8/26,sh.600048,10.94,11.26,10.93,11.19,57215371
2019/8/27,sh.600048,11.25,11.29,11.11,11.14,68389327
2019/8/28,sh.600048,11.12,11.17,10.95,11.04,41600807
2019/8/29,sh.600048,11.03,11.11,10.44,10.63,103608919
2019/8/30,sh.600048,10.72,10.73,10.34,10.42,96740408
2019/9/2,sh.600048,10.35,10.50,10.32,10.45,92011077
2019/9/3,sh.600048,10.46,10.46,10.21,10.31,90008893
2019/9/4,sh.600048,10.31,10.77,10.31,10.75,132013055
2019/9/5,sh.600048,10.72,10.89,10.53,10.63,159212710
2019/9/6,sh.600048,10.63,10.70,10.39,10.67,91392735
2019/9/9,sh.600048,10.71,10.93,10.71,10.91,109716196
2019/9/10,sh.600048,10.91,10.91,10.73,10.84,49868412
2019/9/11,sh.600048,10.85,10.87,10.72,10.81,52080148
2019/9/12,sh.600048,10.93,11.39,10.93,11.35,149205132
2019/9/16,sh.600048,11.42,11.46,11.15,11.22,93197590
2019/9/17,sh.600048,11.19,11.38,11.12,11.22,66242527
2019/9/18,sh.600048,11.28,11.65,11.18,11.51,98342438
2019/9/19,sh.600048,11.51,11.56,11.36,11.48,49623559
2019/9/20,sh.600048,11.48,11.52,11.25,11.30,74044570
2019/9/23,sh.600048,11.29,11.35,11.15,11.22,54874495
2019/9/24,sh.600048,11.22,11.32,11.14,11.15,42956559
2019/9/25,sh.600048,11.13,11.21,10.99,11.12,42859322
2019/9/26,sh.600048,11.16,11.49,11.15,11.21,69631496
2019/9/27,sh.600048,11.21,11.23,10.95,11.04,48706710
2019/9/30,sh.600048,11.00,11.19,10.98,11.08,38395922
2019/10/8,sh.600048,11.12,11.94,11.12,11.71,141094455
2019/10/9,sh.600048,11.69,12.36,11.68,12.15,126282774
2019/10/10,sh.600048,12.17,12.28,11.97,12.13,91465742
2019/10/11,sh.600048,12.16,12.32,12.04,12.18,90121215
2019/10/14,sh.600048,12.21,12.41,12.04,12.09,87518627
2019/10/15,sh.600048,12.09,12.30,12.02,12.09,51497403
2019/10/16,sh.600048,12.15,12.74,12.11,12.25,107589332
2019/10/17,sh.600048,12.25,12.31,12.05,12.15,45303905
2019/10/18,sh.600048,12.19,12.46,11.85,11.87,69496614
2019/10/21,sh.600048,11.97,12.39,11.94,12.23,84727967
2019/10/22,sh.600048,12.28,12.29,11.93,12.16,62113553
2019/10/23,sh.600048,12.09,12.11,11.79,11.87,57263152
2019/10/24,sh.600048,11.93,12.04,11.78,11.92,48181800
2019/10/25,sh.600048,11.98,12.08,11.80,12.04,48497355
2019/10/28,sh.600048,11.86,11.86,11.48,11.55,135174796
2019/10/29,sh.600048,11.53,11.53,11.32,11.39,81273447
2019/10/30,sh.600048,11.33,11.53,11.21,11.31,85584326
2019/10/31,sh.600048,11.31,11.39,11.07,11.17,74286984
2019/11/1,sh.600048,11.16,11.55,11.04,11.49,90355876
2019/11/4,sh.600048,11.51,11.54,11.30,11.46,74053962
2019/11/5,sh.600048,11.52,11.74,11.29,11.60,95030025
2019/11/6,sh.600048,11.55,11.55,11.35,11.37,67675075
2019/11/7,sh.600048,11.35,11.49,11.31,11.43,43325848
2019/11/8,sh.600048,11.49,11.53,11.32,11.33,51741682
2019/11/11,sh.600048,11.24,11.25,10.89,10.94,104941678
2019/11/12,sh.600048,11.00,11.06,10.88,10.98,46709936
2019/11/13,sh.600048,11.02,11.03,10.90,10.99,37401451
2019/11/14,sh.600048,11.01,11.04,10.92,10.96,38784019
2019/11/15,sh.600048,10.97,11.02,10.84,10.89,56253111
2019/11/18,sh.600048,10.87,11.09,10.73,10.96,85220538
2019/11/19,sh.600048,10.96,11.28,10.93,11.24,75773472
2019/11/20,sh.600048,11.18,11.32,11.11,11.13,51031430
2019/11/21,sh.600048,11.01,11.13,10.93,11.08,58366426
2019/11/22,sh.600048,11.08,11.18,10.95,11.14,54009033
2019/11/25,sh.600048,11.20,11.63,11.19,11.51,119458480
2019/11/26,sh.600048,11.55,11.56,11.34,11.45,64429776
2019/11/27,sh.600048,11.39,11.48,11.28,11.36,41354071
2019/11/28,sh.600048,11.37,11.40,11.08,11.16,41635809
2019/11/29,sh.600048,11.11,11.28,11.04,11.18,37102000
2019/12/2,sh.600048,11.24,11.65,11.24,11.60,103091500
2019/12/3,sh.600048,11.54,11.72,11.46,11.60,70181369
2019/12/4,sh.600048,11.54,11.58,11.41,11.53,45203624
2019/12/5,sh.600048,11.59,11.60,11.37,11.55,50157917
2019/12/6,sh.600048,11.53,11.61,11.44,11.61,37377431
2019/12/9,sh.600048,11.61,12.07,11.60,12.04,105230807
2019/12/10,sh.600048,11.92,12.07,11.84,11.99,55704906
2019/12/11,sh.600048,12.08,12.25,11.87,12.08,64224116
2019/12/12,sh.600048,12.08,12.17,11.80,11.90,55930294
2019/12/13,sh.600048,12.04,12.27,12.03,12.17,86499109
2019/12/16,sh.600048,12.09,12.18,11.89,12.16,89967785
2019/12/17,sh.600048,12.11,12.67,12.03,12.39,121468771
2019/12/18,sh.600048,12.36,12.48,12.23,12.29,59943766
2019/12/19,sh.600048,12.28,12.50,12.24,12.29,51777866
2019/12/20,sh.600048,12.32,12.52,12.28,12.40,63127248
2019/12/23,sh.600048,12.38,12.51,12.06,12.12,70098281
2019/12/24,sh.600048,12.12,12.18,11.86,11.94,68488119
2019/12/25,sh.600048,11.91,11.97,11.73,11.86,64419146
2019/12/26,sh.600048,11.94,12.39,11.92,12.33,99278326
2019/12/27,sh.600048,12.28,12.50,12.25,12.30,70806292
2019/12/30,sh.600048,12.53,12.61,12.29,12.61,78213134
2019/12/31,sh.600048,12.53,12.76,12.37,12.54,65668277
2020/1/2,sh.600048,12.75,13.01,12.58,12.60,100291514
2020/1/3,sh.600048,12.70,12.70,12.21,12.36,107482373
2020/1/6,sh.600048,12.25,12.25,12.05,12.15,126336546
2020/1/7,sh.600048,12.18,12.26,12.08,12.24,85522490
2020/1/8,sh.600048,12.09,12.11,11.94,12.03,88280529
2020/1/9,sh.600048,12.54,12.71,12.37,12.62,194617667
2020/1/10,sh.600048,12.63,12.66,12.32,12.42,95677137
2020/1/13,sh.600048,12.47,12.80,12.46,12.77,90169930
2020/1/14,sh.600048,12.79,12.86,12.61,12.67,59886642
2020/1/15,sh.600048,12.67,12.73,12.45,12.50,54985270
2020/1/16,sh.600048,12.53,12.62,12.39,12.42,62351564
2020/1/17,sh.600048,12.48,12.58,12.39,12.49,47033226
2020/1/20,sh.600048,12.49,12.53,12.25,12.39,58488755
2020/1/21,sh.600048,12.26,12.31,11.96,11.97,91010838
2020/1/22,sh.600048,11.97,12.33,11.84,12.30,96210885
2020/1/23,sh.600048,12.10,12.21,11.80,11.88,82177127
2020/2/3,sh.600048,10.77,11.04,10.70,10.84,182050954
2020/2/4,sh.600048,10.93,11.15,10.74,11.09,111986793
2020/2/5,sh.600048,11.01,11.33,10.91,11.22,116900955
2020/2/6,sh.600048,11.31,11.38,11.08,11.28,103926556
2020/2/7,sh.600048,11.14,11.24,11.01,11.16,68873215
2020/2/10,sh.600048,11.00,11.63,10.95,11.49,111229579
2020/2/11,sh.600048,11.40,11.82,11.39,11.60,84994830
2020/2/12,sh.600048,11.49,11.69,11.43,11.56,64811582
2020/2/13,sh.600048,11.72,12.08,11.71,11.93,109993538
2020/2/14,sh.600048,11.97,12.36,11.93,12.32,95305965
2020/2/17,sh.600048,12.42,12.48,12.04,12.20,98722390
2020/2/18,sh.600048,12.06,12.18,11.94,12.01,75872057
2020/2/19,sh.600048,11.98,12.12,11.87,12.00,58011333
2020/2/20,sh.600048,11.94,12.14,11.94,12.12,82978441
2020/2/21,sh.600048,12.09,12.12,11.78,11.88,84402343
2020/2/24,sh.600048,11.84,11.87,11.51,11.70,84240473
2020/2/25,sh.600048,11.66,12.04,11.65,11.83,95768234
2020/2/26,sh.600048,11.70,12.76,11.65,12.39,214158722
2020/2/27,sh.600048,12.43,12.52,12.18,12.27,99061490
2020/2/28,sh.600048,12.17,12.77,12.11,12.55,160963034
2020/3/2,sh.600048,12.72,13.18,12.71,12.94,179390473
2020/3/3,sh.600048,13.01,13.10,12.59,12.87,147133654
2020/3/4,sh.600048,12.98,13.45,12.72,13.03,160972054
2020/3/5,sh.600048,12.94,13.31,12.79,13.21,114883552
2020/3/6,sh.600048,13.03,13.10,12.71,12.78,87520562
2020/3/9,sh.600048,12.55,12.70,12.28,12.53,84757998
2020/3/10,sh.600048,12.63,12.87,12.36,12.70,71118841
2020/3/11,sh.600048,12.75,12.91,12.54,12.59,74638194
2020/3/12,sh.600048,12.49,12.82,12.35,12.70,70934634
2020/3/13,sh.600048,12.11,12.59,11.94,12.49,91755412
2020/3/16,sh.600048,12.45,12.46,11.80,11.85,100658885
2020/3/17,sh.600048,11.82,12.08,11.53,11.70,87532699
2020/3/18,sh.600048,11.67,11.79,11.16,11.18,91866719
2020/3/19,sh.600048,11.02,11.24,10.39,10.85,104088956
2020/3/20,sh.600048,10.99,11.32,10.77,11.23,64316724
2020/3/23,sh.600048,10.84,11.04,10.70,10.91,52340293
2020/3/24,sh.600048,11.09,11.36,11.01,11.25,54728523
2020/3/25,sh.600048,11.45,11.84,11.27,11.76,91658679
2020/3/26,sh.600048,11.51,11.84,11.49,11.72,60870443
2020/3/27,sh.600048,11.88,12.01,11.70,11.82,70991398
2020/3/30,sh.600048,11.70,11.99,11.60,11.78,78898556
2020/3/31,sh.600048,11.86,11.90,11.39,11.53,69537191
2020/4/1,sh.600048,11.55,11.88,11.46,11.60,58373596
2020/4/2,sh.600048,11.55,11.70,11.49,11.70,39451319
2020/4/3,sh.600048,11.60,11.75,11.56,11.65,33392200
2020/4/7,sh.600048,11.86,11.87,11.66,11.75,64231644
2020/4/8,sh.600048,11.70,11.81,11.60,11.76,41813635
2020/4/9,sh.600048,11.77,11.77,11.50,11.58,38659332
2020/4/10,sh.600048,11.55,11.76,11.30,11.39,66553781
2020/4/13,sh.600048,11.39,11.74,11.32,11.68,47921493
2020/4/14,sh.600048,11.78,12.27,11.72,12.08,82433918
2020/4/15,sh.600048,12.01,12.10,11.79,11.86,44248546
2020/4/16,sh.600048,12.09,12.35,11.98,12.22,83885351
2020/4/17,sh.600048,12.31,12.32,12.15,12.26,51105847
2020/4/20,sh.600048,12.26,12.34,11.88,12.31,66933120
2020/4/21,sh.600048,12.32,12.53,12.18,12.35,72101092
2020/4/22,sh.600048,12.28,12.36,12.09,12.36,45900468
2020/4/23,sh.600048,12.36,12.43,12.15,12.32,50066863
2020/4/24,sh.600048,12.29,12.32,12.18,12.28,34260795
2020/4/27,sh.600048,12.28,12.59,12.26,12.33,43557259
2020/4/28,sh.600048,12.38,12.67,12.35,12.52,51766641
2020/4/29,sh.600048,12.48,12.91,12.48,12.80,50707404
2020/4/30,sh.600048,12.80,12.82,12.52,12.59,59730409
2020/5/6,sh.600048,12.41,12.49,12.15,12.30,91552625
2020/5/7,sh.600048,12.22,12.34,12.15,12.18,49295884
2020/5/8,sh.600048,12.28,12.35,12.16,12.32,63756063
2020/5/11,sh.600048,12.31,12.37,12.18,12.21,58748185
2020/5/12,sh.600048,12.22,12.27,12.13,12.20,43994849
2020/5/13,sh.600048,12.18,12.21,12.03,12.16,45708229
2020/5/14,sh.600048,12.10,12.16,11.84,11.90,57264222
2020/5/15,sh.600048,11.94,11.98,11.70,11.83,55022106
2020/5/18,sh.600048,11.87,12.06,11.83,11.98,51225936
2020/5/19,sh.600048,12.17,12.17,11.86,11.90,42413865
2020/5/20,sh.600048,11.87,11.97,11.74,11.84,37692299
2020/5/21,sh.600048,11.91,11.92,11.62,11.66,38327899
2020/5/22,sh.600048,11.69,11.69,11.43,11.43,48662611
2020/5/25,sh.600048,11.55,11.83,11.49,11.82,52135701
2020/5/26,sh.600048,11.92,11.93,11.75,11.87,33127875
2020/5/27,sh.600048,11.87,11.97,11.80,11.93,35544329
2020/5/28,sh.600048,11.93,12.21,11.91,12.01,72571273
2020/5/29,sh.600048,12.07,12.09,11.69,11.75,59572753
2020/6/1,sh.600048,11.85,12.15,11.79,12.11,52476735
2020/6/2,sh.600048,12.03,12.51,12.01,12.45,72298412
2020/6/3,sh.600048,12.55,12.91,12.47,12.48,77345602
2020/6/4,sh.600048,12.62,12.66,12.24,12.35,48221400
2020/6/5,sh.600048,12.35,12.35,12.01,12.16,63714681
2020/6/8,sh.600048,12.20,12.39,12.12,12.20,62910505
2020/6/9,sh.600048,12.20,12.42,12.16,12.24,54881519
2020/6/10,sh.600048,12.24,12.24,11.93,11.97,68570468
2020/6/11,sh.600048,11.95,11.97,11.71,11.74,64919191
2020/6/12,sh.600048,11.62,11.84,11.58,11.78,58645660
2020/6/15,sh.600048,11.65,11.91,11.63,11.74,48510773
2020/6/16,sh.600048,11.90,11.96,11.81,11.89,43103082
2020/6/17,sh.600048,11.85,11.89,11.66,11.75,49270294
2020/6/18,sh.600048,11.84,12.00,11.81,11.96,57945119
2020/6/19,sh.600048,11.96,11.96,11.76,11.92,90211582
2020/6/22,sh.600048,11.83,11.92,11.78,11.82,59073258
2020/6/23,sh.600048,11.78,11.85,11.68,11.71,54277371
2020/6/24,sh.600048,11.76,12.07,11.73,12.06,104266987
2020/6/29,sh.600048,12.00,12.01,11.76,11.89,56053508
2020/6/30,sh.600048,11.92,12.10,11.85,12.10,61162772
2020/7/1,sh.600048,12.12,13.31,12.04,13.01,215227405
2020/7/2,sh.600048,13.11,13.58,13.05,13.40,182054250
2020/7/3,sh.600048,13.44,13.82,13.04,13.38,167075967
2020/7/6,sh.600048,13.69,14.72,13.69,14.72,221836541
2020/7/7,sh.600048,15.12,15.30,14.36,14.45,166157546
2020/7/8,sh.600048,14.49,14.80,14.24,14.56,124796969
2020/7/9,sh.600048,14.72,14.89,14.22,14.84,132133590
2020/7/10,sh.600048,14.51,14.71,14.11,14.27,131841829
2020/7/13,sh.600048,14.16,14.41,13.79,14.17,123497190
2020/7/14,sh.600048,14.08,14.24,13.57,13.86,136288392
2020/7/15,sh.600048,13.96,14.10,13.44,13.46,108990452
2020/7/16,sh.600048,13.57,13.77,13.19,13.21,120763344
2020/7/17,sh.600048,13.30,13.44,12.93,13.15,99975212
2020/7/20,sh.600048,13.28,13.97,13.18,13.81,134174045
2020/7/21,sh.600048,13.79,13.86,13.46,13.59,97163255
2020/7/22,sh.600048,13.51,13.82,13.45,13.54,104729978
2020/7/23,sh.600048,13.36,13.49,13.06,13.30,82322286
2020/7/24,sh.600048,13.27,13.54,12.85,12.99,93323392
2020/7/27,sh.600048,13.11,13.14,12.57,12.70,91823481
2020/7/28,sh.600048,12.81,12.91,12.62,12.85,92207107
2020/7/29,sh.600048,12.78,12.99,12.61,12.93,89848619
2020/7/30,sh.600048,12.92,12.92,12.68,12.70,101517589
2020/7/31,sh.600048,12.64,12.95,12.60,12.77,97628429
2020/8/3,sh.600048,12.89,13.18,12.86,13.00,128899231
2020/8/4,sh.600048,13.01,13.38,12.87,13.28,148955836
2020/8/5,sh.600048,13.14,13.14,12.85,12.92,139764934
2020/8/6,sh.600048,12.93,13.05,12.76,13.01,78621326
2020/8/7,sh.600048,12.91,13.00,12.77,12.91,73189364
2020/8/10,sh.600048,12.85,13.46,12.82,13.32,146659435
2020/8/11,sh.600048,13.35,13.66,13.25,13.30,127885510
2020/8/12,sh.600048,13.34,13.62,13.26,13.54,97631939
2020/8/13,sh.600048,13.51,13.61,13.38,13.52,62409308
2020/8/14,sh.600048,13.51,14.00,13.41,13.93,122190794
2020/8/17,sh.600048,13.95,14.55,13.79,14.25,138952924
2020/8/18,sh.600048,14.23,14.31,13.72,13.88,116566540
2020/8/19,sh.600048,13.86,13.86,13.57,13.68,85473104
2020/8/20,sh.600048,13.63,13.70,13.46,13.63,68285894
2020/8/21,sh.600048,13.72,13.75,13.45,13.55,57690937
2020/8/24,sh.600048,13.67,13.78,13.46,13.49,63564072
2020/8/25,sh.600048,13.49,13.62,13.38,13.54,68046452
2020/8/26,sh.600048,13.54,13.85,13.46,13.62,88109061
2020/8/27,sh.600048,13.59,13.59,13.09,13.26,113887484
2020/8/28,sh.600048,13.18,13.54,13.15,13.48,92934193
2020/8/31,sh.600048,13.58,13.72,13.15,13.18,99898622
2020/9/1,sh.600048,13.20,13.30,13.12,13.27,68400387
2020/9/2,sh.600048,13.19,13.46,13.14,13.32,86810278
2020/9/3,sh.600048,13.32,13.53,13.23,13.42,87621731
2020/9/4,sh.600048,13.30,13.50,13.16,13.48,72699272
2020/9/7,sh.600048,13.36,14.01,13.35,13.59,120236610
2020/9/8,sh.600048,13.65,13.81,13.46,13.59,74992880
2020/9/9,sh.600048,13.46,13.59,13.27,13.42,61264061
2020/9/10,sh.600048,13.59,14.16,13.59,13.72,128660598
2020/9/11,sh.600048,13.74,13.81,13.46,13.57,77167910
2020/9/14,sh.600048,13.59,13.69,13.39,13.54,58519133
2020/9/15,sh.600048,13.50,13.73,13.36,13.63,64890107
2020/9/16,sh.600048,13.57,13.89,13.49,13.78,78509632
2020/9/17,sh.600048,13.72,13.82,13.59,13.62,57441074
2020/9/18,sh.600048,13.62,14.20,13.59,14.20,140870075
2020/9/21,sh.600048,14.21,14.22,13.94,13.97,75074277
2020/9/22,sh.600048,13.88,13.96,13.70,13.78,57205592
2020/9/23,sh.600048,13.79,13.82,13.61,13.65,53094169
2020/9/24,sh.600048,13.63,13.64,13.36,13.40,64752055
2020/9/25,sh.600048,13.36,13.46,12.92,13.00,93486243
2020/9/28,sh.600048,13.09,13.27,13.01,13.22,72570253
2020/9/29,sh.600048,13.19,13.24,13.12,13.15,49830932
2020/9/30,sh.600048,13.26,13.30,12.87,13.00,67589199
2020/10/9,sh.600048,13.09,13.18,12.99,13.14,54671938
2020/10/12,sh.600048,13.21,13.45,13.18,13.45,81152180
2020/10/13,sh.600048,13.36,13.37,13.14,13.27,65703037
2020/10/14,sh.600048,13.19,13.24,13.10,13.19,43485147
2020/10/15,sh.600048,13.19,13.35,13.17,13.19,42923645
2020/10/16,sh.600048,13.20,13.32,13.16,13.27,51472911
2020/10/19,sh.600048,13.36,13.72,13.25,13.33,88006705
2020/10/20,sh.600048,13.27,13.31,13.12,13.22,53602838
2020/10/21,sh.600048,13.23,13.32,13.09,13.27,55498359
2020/10/22,sh.600048,13.26,13.50,13.22,13.34,68195909
2020/10/23,sh.600048,13.31,13.55,13.24,13.42,77728683
2020/10/26,sh.600048,13.50,13.60,13.34,13.45,59443899
2020/10/27,sh.600048,13.41,13.45,13.09,13.14,86912428
2020/10/28,sh.600048,13.14,13.16,12.75,12.87,79566925
2020/10/29,sh.600048,12.75,13.00,12.72,12.90,54463620
2020/10/30,sh.600048,12.84,13.09,12.46,12.57,103910723
2020/11/2,sh.600048,12.61,12.78,12.57,12.68,52432235
2020/11/3,sh.600048,12.69,12.78,12.55,12.74,56036919
2020/11/4,sh.600048,12.68,12.82,12.65,12.72,40054153
2020/11/5,sh.600048,12.78,13.13,12.78,13.03,82603458
2020/11/6,sh.600048,13.08,13.32,13.01,13.23,82879002
2020/11/9,sh.600048,13.34,13.40,13.14,13.25,77143557
2020/11/10,sh.600048,13.31,13.47,13.14,13.19,58562829
2020/11/11,sh.600048,13.19,13.50,13.14,13.42,99105024
2020/11/12,sh.600048,13.33,13.44,13.24,13.32,50339875
2020/11/13,sh.600048,13.23,13.24,12.85,12.91,78733125
2020/11/16,sh.600048,12.93,13.14,12.87,13.09,65890484
2020/11/17,sh.600048,13.09,13.59,13.06,13.55,156810978
2020/11/18,sh.600048,13.57,13.96,13.30,13.69,148960700
2020/11/19,sh.600048,13.74,13.99,13.65,13.90,121050845
2020/11/20,sh.600048,13.98,13.98,13.65,13.88,63629087
2020/11/23,sh.600048,13.95,14.01,13.73,13.88,72772049
2020/11/24,sh.600048,13.79,13.95,13.67,13.73,60614933
2020/11/25,sh.600048,13.82,14.01,13.69,13.77,70508144
2020/11/26,sh.600048,13.81,13.86,13.57,13.82,54977497
2020/11/27,sh.600048,13.86,14.25,13.83,14.24,99585427
2020/11/30,sh.600048,14.26,14.74,14.09,14.09,132145433
2020/12/1,sh.600048,14.08,14.16,13.64,14.12,101651427
2020/12/2,sh.600048,14.12,14.53,13.95,14.22,83731286
2020/12/3,sh.600048,14.22,14.30,14.00,14.13,51263411
2020/12/4,sh.600048,14.13,14.16,13.77,13.88,56576610
2020/12/7,sh.600048,13.83,13.88,13.49,13.54,63418742
2020/12/8,sh.600048,13.57,13.61,13.39,13.47,48396951
2020/12/9,sh.600048,13.50,13.54,13.28,13.33,59508659
2020/12/10,sh.600048,13.32,13.44,13.16,13.27,47426545
2020/12/11,sh.600048,13.34,13.34,13.02,13.08,53568750
2020/12/14,sh.600048,13.26,13.32,13.09,13.27,56305982
2020/12/15,sh.600048,13.24,13.26,13.01,13.11,48340704
2020/12/16,sh.600048,13.15,13.34,13.05,13.18,49582101
2020/12/17,sh.600048,13.16,13.28,13.05,13.23,53639387
2020/12/18,sh.600048,13.18,13.23,12.96,13.14,97168615
2020/12/21,sh.600048,13.05,13.07,12.84,13.02,67563920
2020/12/22,sh.600048,13.00,13.33,12.88,13.05,82822876
2020/12/23,sh.600048,13.08,13.10,12.73,12.81,90858242
2020/12/24,sh.600048,12.82,12.91,12.67,12.77,47985492
2020/12/25,sh.600048,12.87,12.87,12.69,12.87,35181324
2020/12/28,sh.600048,12.85,12.91,12.58,12.82,69506487
2020/12/29,sh.600048,12.85,13.01,12.83,12.90,60610686
2020/12/30,sh.600048,12.88,12.93,12.72,12.77,55300050
2020/12/31,sh.600048,12.78,12.98,12.72,12.95,72241786
2021/1/4,sh.600048,12.83,12.83,12.42,12.51,123298817
2021/1/5,sh.600048,12.43,12.44,12.01,12.36,132655847
2021/1/6,sh.600048,12.29,12.50,12.24,12.46,103979670
2021/1/7,sh.600048,12.47,12.64,12.12,12.33,100355191
2021/1/8,sh.600048,12.26,12.49,12.21,12.43,77412566
2021/1/11,sh.600048,12.43,12.64,12.24,12.31,123693474
2021/1/12,sh.600048,12.32,12.43,12.16,12.42,86881886
2021/1/13,sh.600048,12.48,12.83,12.37,12.64,120570979
2021/1/14,sh.600048,12.63,12.96,12.59,12.66,98063340
2021/1/15,sh.600048,12.61,12.89,12.61,12.70,85835087
2021/1/18,sh.600048,12.76,13.13,12.60,13.06,127787610
2021/1/19,sh.600048,12.89,13.42,12.77,13.18,182193556
2021/1/20,sh.600048,13.07,13.08,12.69,12.83,95879054
2021/1/21,sh.600048,12.77,12.82,12.46,12.54,134581587
2021/1/22,sh.600048,12.41,12.42,12.14,12.14,120563606
2021/1/25,sh.600048,12.08,12.08,11.75,11.97,143084553
2021/1/26,sh.600048,11.94,12.10,11.87,11.95,80402047
2021/1/27,sh.600048,11.96,12.08,11.66,11.76,94181990
2021/1/28,sh.600048,11.63,11.63,11.40,11.50,91456666
2021/1/29,sh.600048,11.53,11.58,11.27,11.30,72071290
2021/2/1,sh.600048,11.31,11.42,11.11,11.31,64637481
2021/2/2,sh.600048,11.31,11.51,11.24,11.46,73421321
2021/2/3,sh.600048,11.50,11.50,11.21,11.26,54348435
2021/2/4,sh.600048,11.24,11.24,10.89,10.95,97634543
2021/2/5,sh.600048,10.95,11.38,10.92,11.25,88379379
2021/2/8,sh.600048,11.44,11.64,11.29,11.42,84510315
2021/2/9,sh.600048,11.42,11.49,11.23,11.36,62771958
2021/2/10,sh.600048,11.35,11.47,11.27,11.32,54345683
2021/2/18,sh.600048,11.38,11.78,11.38,11.75,92524355
2021/2/19,sh.600048,11.68,11.87,11.60,11.79,64012114
2021/2/22,sh.600048,11.80,12.12,11.70,12.03,90458256
2021/2/23,sh.600048,11.92,12.13,11.89,11.99,49177708
2021/2/24,sh.600048,12.00,12.27,11.96,12.13,96124774
2021/2/25,sh.600048,12.32,13.34,12.27,13.15,386495594
2021/2/26,sh.600048,12.83,13.14,12.52,12.72,179897461
2021/3/1,sh.600048,12.84,13.32,12.61,13.16,142536044
2021/3/2,sh.600048,13.14,13.62,13.01,13.11,129691037
2021/3/3,sh.600048,12.98,13.35,12.91,13.16,89475113
2021/3/4,sh.600048,13.08,13.32,12.69,12.78,112271783
2021/3/5,sh.600048,12.68,12.91,12.37,12.55,98639401
2021/3/8,sh.600048,12.68,12.77,12.42,12.42,65010774
2021/3/9,sh.600048,12.49,12.67,12.28,12.33,78823485
2021/3/10,sh.600048,12.42,12.49,12.13,12.19,66935872
2021/3/11,sh.600048,12.23,12.46,12.19,12.28,61152835
2021/3/12,sh.600048,12.29,12.77,12.06,12.42,79003668
2021/3/15,sh.600048,12.47,12.51,12.16,12.26,77100176
2021/3/16,sh.600048,12.28,12.81,12.19,12.75,89605159
2021/3/17,sh.600048,12.60,12.84,12.48,12.54,57941866
2021/3/18,sh.600048,12.57,12.63,12.42,12.48,46258005
2021/3/19,sh.600048,12.37,12.39,11.92,12.00,77913581
2021/3/22,sh.600048,11.87,12.07,11.85,12.01,40023885
2021/3/23,sh.600048,12.01,12.08,11.83,11.87,47757153
2021/3/24,sh.600048,11.85,11.90,11.66,11.72,49966688
2021/3/25,sh.600048,11.73,11.82,11.64,11.74,30644557
2021/3/26,sh.600048,11.74,11.83,11.70,11.74,39281911
2021/3/29,sh.600048,11.71,11.81,11.60,11.75,48836266
2021/3/30,sh.600048,11.70,11.91,11.66,11.78,44133028
2021/3/31,sh.600048,11.76,11.77,11.53,11.65,45418711
2021/4/1,sh.600048,11.65,11.69,11.50,11.58,33386490
2021/4/2,sh.600048,11.60,11.68,11.53,11.62,32698273
2021/4/6,sh.600048,11.66,11.69,11.60,11.62,27195249
2021/4/7,sh.600048,11.62,11.70,11.56,11.68,33541454
2021/4/8,sh.600048,11.60,11.61,11.52,11.58,34502765
2021/4/9,sh.600048,11.57,11.58,11.38,11.45,46172274
2021/4/12,sh.600048,11.46,11.71,11.42,11.69,58483237
2021/4/13,sh.600048,11.68,11.77,11.56,11.73,42521839
2021/4/14,sh.600048,11.73,11.79,11.66,11.74,37603869
2021/4/15,sh.600048,11.74,11.80,11.66,11.73,31165260
2021/4/16,sh.600048,11.78,11.88,11.71,11.86,37953301
2021/4/19,sh.600048,11.87,11.93,11.78,11.92,35640107
2021/4/20,sh.600048,11.78,11.80,11.52,11.56,86469697
2021/4/21,sh.600048,11.55,11.60,11.44,11.59,42992030
2021/4/22,sh.600048,11.60,11.70,11.56,11.63,41482471
2021/4/23,sh.600048,11.59,11.61,11.42,11.56,66423963
2021/4/26,sh.600048,11.51,11.58,11.44,11.46,50747404
2021/4/27,sh.600048,11.46,11.60,11.38,11.56,44975962
2021/4/28,sh.600048,11.60,11.60,11.50,11.56,33443765
2021/4/29,sh.600048,11.60,11.61,11.51,11.60,33910573
2021/4/30,sh.600048,11.54,11.60,11.38,11.46,51401574
2021/5/6,sh.600048,11.40,11.51,11.38,11.42,32663204
2021/5/7,sh.600048,11.38,11.48,11.34,11.38,35914102
2021/5/10,sh.600048,11.36,11.38,11.11,11.24,49324635
2021/5/11,sh.600048,11.16,11.33,11.12,11.29,30236546
2021/5/12,sh.600048,11.22,11.24,10.96,11.03,70503609
2021/5/13,sh.600048,10.96,11.03,10.93,11.00,34465009
2021/5/14,sh.600048,11.01,11.17,10.94,11.15,44218622
2021/5/17,sh.600048,11.11,11.25,11.06,11.19,40865789
2021/5/18,sh.600048,11.17,11.33,11.10,11.24,40769856
2021/5/19,sh.600048,11.24,11.25,11.00,11.04,41639118
2021/5/20,sh.600048,11.06,11.06,10.96,11.04,32441344
2021/5/21,sh.600048,11.03,11.08,10.85,10.85,53319514
2021/5/24,sh.600048,10.83,10.83,10.68,10.70,52027282
2021/5/25,sh.600048,10.70,11.04,10.66,11.02,64366060
2021/5/26,sh.600048,11.02,11.51,11.02,11.23,107427796
2021/5/27,sh.600048,11.24,11.43,11.17,11.26,55342103
2021/5/28,sh.600048,11.29,11.33,11.03,11.11,46885045
2021/5/31,sh.600048,11.12,11.18,10.97,11.06,42499343
2021/6/1,sh.600048,11.09,11.15,10.90,10.93,42721770
2021/6/2,sh.600048,10.93,11.09,10.85,11.02,41839004
2021/6/3,sh.600048,11.01,11.11,10.95,10.96,33721015
2021/6/4,sh.600048,10.95,11.06,10.90,10.98,39479591
2021/6/7,sh.600048,10.91,10.91,10.65,10.72,66262465
2021/6/8,sh.600048,10.76,10.82,10.69,10.72,39036857
2021/6/9,sh.600048,10.75,10.79,10.72,10.76,35700878
2021/6/10,sh.600048,10.76,10.79,10.68,10.68,35590081
2021/6/11,sh.600048,10.68,10.75,10.62,10.70,45237805
2021/6/15,sh.600048,10.69,10.69,10.38,10.38,55571749
2021/6/16,sh.600048,10.31,10.63,10.28,10.55,46024364
2021/6/17,sh.600048,10.52,10.60,10.43,10.55,37088795
2021/6/18,sh.600048,10.52,10.53,10.33,10.45,39879241
2021/6/21,sh.600048,10.43,10.44,10.21,10.25,41477637
2021/6/22,sh.600048,10.25,10.35,10.03,10.07,59046742
2021/6/23,sh.600048,10.08,10.21,10.06,10.16,51398614
2021/6/24,sh.600048,10.15,10.25,10.09,10.15,39710672
2021/6/25,sh.600048,10.16,10.23,10.12,10.21,36342555
2021/6/28,sh.600048,10.21,10.22,9.89,9.93,63618040
2021/6/29,sh.600048,9.93,9.98,9.80,9.82,52143370
2021/6/30,sh.600048,9.85,9.90,9.80,9.85,36109105
2021/7/1,sh.600048,9.88,10.31,9.83,10.26,92740005
2021/7/2,sh.600048,10.21,10.22,9.87,9.89,56449667
2021/7/5,sh.600048,9.89,9.92,9.64,9.72,60937817
2021/7/6,sh.600048,9.71,10.21,9.67,10.07,82571120
2021/7/7,sh.600048,10.01,10.13,9.92,9.96,38598696
2021/7/8,sh.600048,9.97,10.01,9.75,9.92,52880177
2021/7/9,sh.600048,9.88,10.03,9.85,9.97,35368699
2021/7/12,sh.600048,10.05,10.05,9.83,9.84,47959190
2021/7/13,sh.600048,9.85,10.03,9.80,9.85,37467975
2021/7/14,sh.600048,9.86,9.86,9.62,9.65,48894855
2021/7/15,sh.600048,9.62,9.73,9.53,9.66,48378335
2021/7/16,sh.600048,9.61,9.76,9.61,9.65,36420226
2021/7/19,sh.600048,9.64,9.67,9.31,9.36,75538399
2021/7/20,sh.600048,9.30,9.39,9.17,9.34,64710358
2021/7/21,sh.600048,9.33,9.39,9.15,9.17,64577767
2021/7/22,sh.600048,9.17,9.31,9.11,9.24,58534000
2021/7/23,sh.600048,9.20,9.21,9.08,9.13,51065064
2021/7/26,sh.600048,8.99,8.99,8.48,8.52,117645552
2021/7/27,sh.600048,8.51,8.52,8.16,8.18,143979405
2021/7/28,sh.600048,8.18,8.36,8.11,8.22,111989516
2021/7/29,sh.600048,8.32,8.34,8.04,8.20,95725750
2021/7/30,sh.600048,8.07,8.24,8.00,8.19,69539153
2021/8/2,sh.600048,8.14,8.45,7.99,8.34,105807578
2021/8/3,sh.600048,8.29,8.37,8.23,8.26,54982012
2021/8/4,sh.600048,8.26,8.26,8.14,8.18,51074095
2021/8/5,sh.600048,8.35,8.87,8.35,8.58,178431811
2021/8/6,sh.600048,8.45,8.85,8.38,8.80,116746898
2021/8/9,sh.600048,8.72,9.68,8.70,9.46,213128043
2021/8/10,sh.600048,9.50,9.59,9.17,9.51,132944393
2021/8/11,sh.600048,9.81,10.46,9.81,10.30,281697338
2021/8/12,sh.600048,10.07,10.50,10.04,10.16,123086017
2021/8/13,sh.600048,10.13,10.20,9.80,9.84,154420411
2021/8/16,sh.600048,10.01,10.51,9.84,10.32,151958154
2021/8/17,sh.600048,10.27,10.82,10.15,10.63,171845343
2021/8/18,sh.600048,10.53,10.87,10.35,10.64,123659480
2021/8/19,sh.600048,10.54,10.56,10.16,10.28,107600718
2021/8/20,sh.600048,10.39,10.69,10.29,10.56,109310131
2021/8/23,sh.600048,10.50,10.61,10.35,10.39,57385093
2021/8/24,sh.600048,10.41,10.54,10.12,10.26,82394286
2021/8/25,sh.600048,10.34,10.35,9.93,10.01,80802681
2021/8/26,sh.600048,10.01,10.33,9.87,9.93,76349389
2021/8/27,sh.600048,9.91,9.97,9.66,9.76,77151567
2021/8/30,sh.600048,9.67,9.67,9.22,9.45,109461003
2021/8/31,sh.600048,9.45,10.00,9.42,9.92,113972897
2021/9/1,sh.600048,9.83,10.66,9.83,10.58,148956564
2021/9/2,sh.600048,10.67,11.22,10.56,10.83,147911568
2021/9/3,sh.600048,10.72,11.02,10.53,10.70,102746748
2021/9/6,sh.600048,10.62,10.80,10.46,10.49,61354690
2021/9/7,sh.600048,10.52,10.57,10.30,10.50,60454038
2021/9/8,sh.600048,10.54,10.58,10.33,10.39,39702681
2021/9/9,sh.600048,10.39,10.61,10.23,10.53,70781954
2021/9/10,sh.600048,10.54,10.91,10.53,10.86,104509998
2021/9/13,sh.600048,10.89,11.61,10.77,11.46,173386145
2021/9/14,sh.600048,11.43,11.69,11.22,11.32,104282547
2021/9/15,sh.600048,11.23,11.45,10.76,11.00,113189595
2021/9/16,sh.600048,11.14,11.17,10.59,10.70,100226369
2021/9/17,sh.600048,10.71,11.40,10.60,11.30,89852064
2021/9/22,sh.600048,10.98,12.16,10.92,11.95,189957248
2021/9/23,sh.600048,12.02,12.39,11.81,11.92,129499405
2021/9/24,sh.600048,11.92,12.35,11.59,11.69,107414329
2021/9/27,sh.600048,11.76,11.81,11.14,11.25,85140661
2021/9/28,sh.600048,11.85,12.29,11.84,11.88,171011901
2021/9/29,sh.600048,12.20,12.24,11.83,12.03,111188490
2021/9/30,sh.600048,12.20,12.68,12.13,12.22,113213409
2021/10/8,sh.600048,12.37,12.43,11.74,11.81,71247483
2021/10/11,sh.600048,11.85,12.48,11.85,12.10,91732920
2021/10/12,sh.600048,12.09,12.70,11.99,12.28,146352980
2021/10/13,sh.600048,12.32,12.49,11.92,12.12,86955996
2021/10/14,sh.600048,11.95,12.18,11.57,11.76,111395796
2021/10/15,sh.600048,11.76,12.11,11.66,12.02,85913757
2021/10/18,sh.600048,11.88,12.02,11.05,11.59,133138239
2021/10/19,sh.600048,11.50,11.53,10.98,11.23,128594055
2021/10/20,sh.600048,11.23,11.31,10.98,11.12,74032456
2021/10/21,sh.600048,11.11,11.79,11.07,11.73,122692421
2021/10/22,sh.600048,11.92,12.67,11.79,11.95,165525459
2021/10/25,sh.600048,11.60,12.42,11.59,11.75,115747512
2021/10/26,sh.600048,11.76,11.89,11.29,11.37,93811799
2021/10/27,sh.600048,11.48,11.57,11.15,11.34,77747833
2021/10/28,sh.600048,11.49,11.49,11.00,11.27,70161484
2021/10/29,sh.600048,11.28,11.28,10.67,10.94,113996225
2021/11/1,sh.600048,10.94,11.11,10.59,10.67,79104865
2021/11/2,sh.600048,10.72,10.98,10.48,10.66,72865594
2021/11/3,sh.600048,10.64,11.37,10.56,11.25,106914414
2021/11/4,sh.600048,11.18,11.21,10.77,11.00,72618078
2021/11/5,sh.600048,10.89,10.93,10.65,10.66,67089448
2021/11/8,sh.600048,10.79,10.98,10.65,10.96,58672053
2021/11/9,sh.600048,10.90,11.08,10.73,10.93,52389141
2021/11/10,sh.600048,11.10,11.85,10.79,11.76,158448825
2021/11/11,sh.600048,11.92,12.94,11.90,12.94,286946810
2021/11/12,sh.600048,13.07,13.18,12.67,12.96,215369855
2021/11/15,sh.600048,12.95,12.96,12.29,12.63,100785033
2021/11/16,sh.600048,12.57,12.88,12.54,12.56,70186249
2021/11/17,sh.600048,12.68,12.69,12.29,12.48,56945674
2021/11/18,sh.600048,12.56,12.67,12.08,12.20,61789570
2021/11/19,sh.600048,12.12,13.24,11.98,13.09,145806518
2021/11/22,sh.600048,13.14,13.16,12.17,12.29,152213651
2021/11/23,sh.600048,12.35,12.79,12.21,12.55,74526821
2021/11/24,sh.600048,12.57,13.11,12.47,12.68,97709599
2021/11/25,sh.600048,12.53,12.76,12.33,12.42,54533770
2021/11/26,sh.600048,12.37,12.40,12.10,12.25,53543807
2021/11/29,sh.600048,12.13,12.31,12.02,12.15,47124877
2021/11/30,sh.600048,12.08,12.32,11.98,12.07,53548036
2021/12/1,sh.600048,11.98,12.53,11.97,12.28,69465990
2021/12/2,sh.600048,12.20,12.82,12.04,12.59,67792349
2021/12/3,sh.600048,12.53,12.92,12.42,12.84,79508373
2021/12/6,sh.600048,13.30,13.82,12.98,13.12,144010566
2021/12/7,sh.600048,13.55,13.72,12.81,12.98,132413033
2021/12/8,sh.600048,12.98,13.13,12.53,12.99,87449575
2021/12/9,sh.600048,12.94,13.59,12.90,13.28,93506724
2021/12/10,sh.600048,13.20,13.31,12.74,13.04,86788369
2021/12/13,sh.600048,12.94,13.04,12.59,12.63,96220117
2021/12/14,sh.600048,12.55,12.55,12.11,12.18,107761271
2021/12/15,sh.600048,12.15,12.61,12.09,12.43,61736026
2021/12/16,sh.600048,12.38,12.66,12.31,12.61,54042655
2021/12/17,sh.600048,12.63,12.94,12.52,12.57,58744033
2021/12/20,sh.600048,12.61,13.02,12.55,12.81,69738081
2021/12/21,sh.600048,12.81,13.55,12.81,13.45,116055640
2021/12/22,sh.600048,13.46,13.60,13.24,13.49,82877221
2021/12/23,sh.600048,13.44,13.71,13.25,13.59,62812477
2021/12/24,sh.600048,13.49,13.78,13.18,13.60,60705054
2021/12/27,sh.600048,13.77,13.96,13.23,13.32,88947152
2021/12/28,sh.600048,13.24,13.36,12.96,13.24,60228833
2021/12/29,sh.600048,13.26,13.34,13.07,13.11,47067829
2021/12/30,sh.600048,13.08,13.37,13.01,13.16,44142856
2021/12/31,sh.600048,13.12,13.84,13.11,13.62,65405240
2022/1/4,sh.600048,13.51,13.85,13.37,13.77,64521384
2022/1/5,sh.600048,13.63,14.29,13.61,13.94,117339835
2022/1/6,sh.600048,13.92,14.08,13.42,13.51,81091467
2022/1/7,sh.600048,13.72,14.24,13.59,14.07,95015827
2022/1/10,sh.600048,13.75,14.46,13.70,14.35,122431885
2022/1/11,sh.600048,14.29,14.88,13.95,14.08,135641920
2022/1/12,sh.600048,14.01,14.12,13.63,13.94,72931700
2022/1/13,sh.600048,13.93,14.26,13.51,13.55,63388983
2022/1/14,sh.600048,13.55,13.58,12.97,13.03,98322555
2022/1/17,sh.600048,12.99,13.66,12.99,13.39,78332075
2022/1/18,sh.600048,13.42,14.18,13.25,14.07,82854191
2022/1/19,sh.600048,14.18,14.64,13.85,14.02,71045292
2022/1/20,sh.600048,14.29,14.36,13.44,13.51,123311348
2022/1/21,sh.600048,13.51,13.76,13.29,13.49,63986013
2022/1/24,sh.600048,13.45,14.11,13.33,13.93,84994496
2022/1/25,sh.600048,13.84,14.00,13.51,13.54,42176253
2022/1/26,sh.600048,13.75,13.76,13.38,13.55,44827716
2022/1/27,sh.600048,13.55,14.00,13.24,13.64,57709984
2022/1/28,sh.600048,13.72,14.05,13.56,13.68,78806455
2022/2/7,sh.600048,13.70,14.05,13.33,13.91,81531265
2022/2/8,sh.600048,13.78,14.05,13.65,13.77,83074343
2022/2/9,sh.600048,13.82,14.38,13.48,13.58,113007580
2022/2/10,sh.600048,13.42,14.36,13.17,13.96,134878319
2022/2/11,sh.600048,13.91,14.34,13.68,13.72,96845190
2022/2/14,sh.600048,13.57,13.74,13.24,13.34,76202615
2022/2/15,sh.600048,13.34,13.44,13.23,13.35,51019976
2022/2/16,sh.600048,13.37,13.97,13.24,13.80,70872806
2022/2/17,sh.600048,13.83,13.83,13.31,13.50,68250513
2022/2/18,sh.600048,13.51,14.25,13.51,14.23,129348761
2022/2/21,sh.600048,14.25,14.33,13.99,14.24,76247061
2022/2/22,sh.600048,14.24,14.59,14.03,14.33,69813733
2022/2/23,sh.600048,14.31,14.36,13.85,14.01,60743583
2022/2/24,sh.600048,13.96,14.22,13.80,13.91,50313089
2022/2/25,sh.600048,13.90,14.25,13.70,13.78,65615988
2022/2/28,sh.600048,13.71,13.92,13.51,13.78,47529468
2022/3/1,sh.600048,13.78,14.31,13.71,14.25,70649863
2022/3/2,sh.600048,14.32,14.81,14.26,14.42,84178168
2022/3/3,sh.600048,14.46,15.01,14.46,14.91,102837225
2022/3/4,sh.600048,14.82,14.94,14.51,14.83,67775365
2022/3/7,sh.600048,14.81,15.34,14.72,14.95,105960775
2022/3/8,sh.600048,14.90,15.05,14.56,14.64,59747333
2022/3/9,sh.600048,14.71,14.89,13.63,14.13,140779891
2022/3/10,sh.600048,14.29,14.36,13.81,14.08,73760806
2022/3/11,sh.600048,13.94,14.16,13.69,14.14,50499051
2022/3/14,sh.600048,13.86,14.88,13.77,14.24,105490794
2022/3/15,sh.600048,14.12,14.20,12.82,12.82,121610771
2022/3/16,sh.600048,12.63,13.33,11.87,13.06,169020017
2022/3/17,sh.600048,13.60,13.71,13.28,13.45,129218516
2022/3/18,sh.600048,13.24,14.79,13.16,14.79,125161541
2022/3/21,sh.600048,14.65,14.70,14.09,14.52,108437971
2022/3/22,sh.600048,14.27,15.32,14.18,15.00,130366567
2022/3/23,sh.600048,15.00,15.36,14.54,15.01,119340295
2022/3/24,sh.600048,14.74,15.07,14.70,14.87,50558623
2022/3/25,sh.600048,14.73,15.01,14.55,14.61,69102617
2022/3/28,sh.600048,14.56,15.07,14.39,14.76,94549955
2022/3/29,sh.600048,14.54,14.88,14.43,14.64,62039351
2022/3/30,sh.600048,14.73,15.68,14.57,15.44,124715837
2022/3/31,sh.600048,15.42,15.84,15.16,15.42,100208898
2022/4/1,sh.600048,15.27,16.01,14.94,15.87,139203381
2022/4/6,sh.600048,15.95,16.45,15.71,15.95,131341856
2022/4/7,sh.600048,15.72,15.89,15.29,15.35,89658284
2022/4/8,sh.600048,15.27,16.04,15.07,15.87,99137412
2022/4/11,sh.600048,15.63,15.95,15.26,15.62,83538301
2022/4/12,sh.600048,15.69,15.86,14.71,14.94,99722530
2022/4/13,sh.600048,14.94,16.03,14.61,15.49,113907117
2022/4/14,sh.600048,15.45,16.80,15.31,16.49,145651051
2022/4/15,sh.600048,16.22,17.32,16.19,16.83,127974203
2022/4/18,sh.600048,16.45,16.83,15.84,16.02,103160551
2022/4/19,sh.600048,16.12,16.22,15.60,16.01,99924221
2022/4/20,sh.600048,16.03,16.03,14.74,15.19,183960925
2022/4/21,sh.600048,15.07,15.58,14.91,15.26,96725458
2022/4/22,sh.600048,15.03,15.86,14.61,15.49,118177410
2022/4/25,sh.600048,15.24,15.86,14.77,14.80,116221690
2022/4/26,sh.600048,14.86,15.71,14.74,15.31,105910310
2022/4/27,sh.600048,15.20,15.61,14.29,14.62,148897182
2022/4/28,sh.600048,14.77,15.67,14.58,15.51,123607051
2022/4/29,sh.600048,15.34,16.10,14.99,15.79,150898117
2022/5/5,sh.600048,15.84,15.99,14.79,15.28,131606283
2022/5/6,sh.600048,14.84,15.13,14.10,14.28,111159480
2022/5/9,sh.600048,14.11,14.50,13.91,14.18,80208749
2022/5/10,sh.600048,13.91,14.54,13.43,14.33,158581816
2022/5/11,sh.600048,14.18,14.34,13.65,13.79,163302606
2022/5/12,sh.600048,13.85,13.98,13.28,13.59,123863208
2022/5/13,sh.600048,13.84,14.48,13.64,14.46,159042351
2022/5/16,sh.600048,14.95,15.10,14.10,14.76,158329561
2022/5/17,sh.600048,14.54,14.99,14.40,14.77,79985339
2022/5/18,sh.600048,14.70,14.92,14.29,14.61,78778495
2022/5/19,sh.600048,14.39,15.20,14.35,14.98,91725625
2022/5/20,sh.600048,15.25,15.29,14.64,14.85,93127533
2022/5/23,sh.600048,14.81,14.85,13.94,14.02,158866762
2022/5/24,sh.600048,13.95,14.29,13.89,14.10,94995186
2022/5/25,sh.600048,14.10,14.25,13.80,14.13,55838908
2022/5/26,sh.600048,14.12,14.54,13.96,14.32,81757244
2022/5/27,sh.600048,14.25,14.37,14.01,14.21,66963241
2022/5/30,sh.600048,14.09,14.27,13.67,13.82,89455268
2022/5/31,sh.600048,13.74,13.87,13.42,13.51,151488636
2022/6/1,sh.600048,13.51,13.85,13.51,13.72,83786344
2022/6/2,sh.600048,13.59,13.72,13.16,13.33,121057390
2022/6/6,sh.600048,13.17,13.22,12.63,13.01,217377133
2022/6/7,sh.600048,12.91,13.38,12.88,13.31,113209307
2022/6/8,sh.600048,13.29,13.34,13.01,13.14,129157632
2022/6/9,sh.600048,13.11,13.79,13.08,13.58,157765040
2022/6/10,sh.600048,13.51,13.71,13.38,13.53,92501318
2022/6/13,sh.600048,13.37,13.49,12.83,12.92,119307644
2022/6/14,sh.600048,12.85,13.25,12.84,13.19,93407709
2022/6/15,sh.600048,13.18,14.21,13.02,13.83,186892973
2022/6/16,sh.600048,13.84,14.32,13.49,13.58,100086938
2022/6/17,sh.600048,13.53,13.74,13.44,13.58,75075208
2022/6/20,sh.600048,13.73,14.27,13.64,13.99,147984736
2022/6/21,sh.600048,14.05,14.76,13.94,14.18,149826442
2022/6/22,sh.600048,14.18,14.44,13.91,13.98,72054212
2022/6/23,sh.600048,13.98,14.52,13.89,14.44,82941569
2022/6/24,sh.600048,14.38,14.59,13.96,14.14,97251158
2022/6/27,sh.600048,14.16,14.72,14.03,14.46,114602008
2022/6/28,sh.600048,14.34,14.47,13.98,14.08,101896852
2022/6/29,sh.600048,14.09,15.39,14.02,15.07,188964944
2022/6/30,sh.600048,15.25,15.49,14.81,15.21,115083921
2022/7/1,sh.600048,15.22,15.75,15.10,15.27,119170068
2022/7/4,sh.600048,15.20,15.42,14.92,15.18,101925795
2022/7/5,sh.600048,15.05,15.17,14.46,14.82,163822120
2022/7/6,sh.600048,14.83,14.88,14.43,14.61,73271444
2022/7/7,sh.600048,14.82,14.87,14.41,14.51,67123731
2022/7/8,sh.600048,14.52,14.81,14.35,14.63,67820648
2022/7/11,sh.600048,14.45,14.75,14.18,14.33,71485543
2022/7/12,sh.600048,14.35,14.81,14.33,14.62,74262085
2022/7/13,sh.600048,14.78,15.47,14.70,14.97,104677518
2022/7/14,sh.600048,14.86,15.38,14.73,14.99,119129710
2022/7/15,sh.600048,15.15,15.19,13.96,14.23,155117824
2022/7/18,sh.600048,14.24,14.93,14.14,14.88,111311842
2022/7/19,sh.600048,14.76,14.96,14.39,14.88,82693643
2022/7/20,sh.600048,14.85,15.02,14.62,14.75,48970419
2022/7/21,sh.600048,14.72,14.72,14.16,14.23,96478690
2022/7/22,sh.600048,14.28,14.47,14.02,14.10,59828100
2022/7/25,sh.600048,14.25,14.65,14.17,14.52,81977781
2022/7/26,sh.600048,14.45,15.44,14.43,15.36,124677787
2022/7/27,sh.600048,15.25,15.68,14.97,15.53,95065522
2022/7/28,sh.600048,15.41,15.75,15.14,15.32,70871730
2022/7/29,sh.600048,15.21,15.41,14.88,15.04,73736359
2022/8/1,sh.600048,15.03,15.04,14.40,14.66,127824955
2022/8/2,sh.600048,14.51,14.62,14.25,14.47,96233391
2022/8/3,sh.600048,14.46,14.60,13.75,13.88,106262195
2022/8/4,sh.600048,13.86,14.02,13.56,13.83,70999264
2022/8/5,sh.600048,13.83,13.92,13.61,13.86,61210031
2022/8/8,sh.600048,13.86,14.21,13.56,13.63,82752806
2022/8/9,sh.600048,13.59,13.87,13.40,13.65,51360206
2022/8/10,sh.600048,13.62,13.74,13.38,13.46,55725804
2022/8/11,sh.600048,13.52,13.85,13.50,13.78,62848743
2022/8/12,sh.600048,13.71,14.11,13.68,14.03,62887057
2022/8/15,sh.600048,13.92,14.53,13.92,14.11,81158243
2022/8/16,sh.600048,14.23,14.53,14.11,14.19,51557132
2022/8/17,sh.600048,14.19,15.03,14.08,14.76,105522866
2022/8/18,sh.600048,14.77,15.01,14.48,14.62,48033412
2022/8/19,sh.600048,14.63,15.28,14.60,15.16,94345158
2022/8/22,sh.600048,15.13,15.30,14.93,15.06,59256007
2022/8/23,sh.600048,15.06,15.18,14.71,14.85,63278069
2022/8/24,sh.600048,14.86,15.19,14.73,14.81,59016270
2022/8/25,sh.600048,14.97,15.28,14.89,15.24,72281102
2022/8/26,sh.600048,15.20,15.24,14.84,15.05,44132343
2022/8/29,sh.600048,14.87,15.14,14.62,14.98,42669509
2022/8/30,sh.600048,15.02,15.43,14.97,15.29,53528444
2022/8/31,sh.600048,15.29,15.71,15.20,15.61,81799948
2022/9/1,sh.600048,15.57,15.94,15.43,15.61,65175770
2022/9/2,sh.600048,15.65,15.71,15.11,15.35,64745410
2022/9/5,sh.600048,15.43,15.63,15.20,15.53,61591579
2022/9/6,sh.600048,15.52,16.08,15.43,15.90,94606439
2022/9/7,sh.600048,15.83,15.99,15.61,15.83,48841741
2022/9/8,sh.600048,15.86,15.98,15.43,15.86,54482642
2022/9/9,sh.600048,15.78,16.74,15.71,16.66,135894728
2022/9/13,sh.600048,16.53,16.64,16.21,16.32,74176065
2022/9/14,sh.600048,16.24,16.85,16.17,16.36,69783211
2022/9/15,sh.600048,16.51,17.18,16.51,17.00,102620933
2022/9/16,sh.600048,16.96,17.10,16.21,16.28,130683407
2022/9/19,sh.600048,16.22,16.71,16.11,16.63,84459012
2022/9/20,sh.600048,16.68,16.72,15.71,15.91,111987445
2022/9/21,sh.600048,15.91,16.30,15.72,16.08,63082863
2022/9/22,sh.600048,16.10,16.15,15.43,15.80,82828679
2022/9/23,sh.600048,15.73,16.26,15.73,15.83,55743649
2022/9/26,sh.600048,16.06,16.35,15.90,15.96,64511812
2022/9/27,sh.600048,15.98,16.09,15.49,15.94,61943813
2022/9/28,sh.600048,15.86,16.11,15.61,15.80,46144373
2022/9/29,sh.600048,15.81,15.91,15.49,15.59,57323504
2022/9/30,sh.600048,15.93,16.48,15.70,16.24,95922773
2022/10/10,sh.600048,16.06,17.14,16.02,16.53,111218669
2022/10/11,sh.600048,16.53,16.59,16.04,16.14,58419050
2022/10/12,sh.600048,16.05,16.63,16.01,16.35,58654457
2022/10/13,sh.600048,16.24,16.35,15.34,15.95,96483595
2022/10/14,sh.600048,15.95,16.35,15.39,15.56,107860698
2022/10/17,sh.600048,15.35,15.57,14.75,15.42,87959171
2022/10/18,sh.600048,15.42,15.55,14.97,15.15,65715455
2022/10/19,sh.600048,15.13,15.46,15.06,15.22,55477775
2022/10/20,sh.600048,15.21,15.34,14.81,14.97,63761203
2022/10/21,sh.600048,15.06,15.67,15.04,15.13,79140560
2022/10/24,sh.600048,14.89,14.98,14.55,14.65,92217743
2022/10/25,sh.600048,14.68,14.82,14.43,14.57,71084776
2022/10/26,sh.600048,14.52,14.61,13.89,13.97,112106569
2022/10/27,sh.600048,14.00,14.35,13.97,14.16,68581357
2022/10/28,sh.600048,14.16,14.32,13.76,13.83,63443926
2022/10/31,sh.600048,13.40,13.49,12.45,12.45,178893845
2022/11/1,sh.600048,12.32,12.51,11.62,12.28,253097055
2022/11/2,sh.600048,12.08,12.75,11.91,12.60,151775672
2022/11/3,sh.600048,12.39,12.70,12.16,12.32,94977072
2022/11/4,sh.600048,12.29,12.93,12.27,12.68,105120186
2022/11/7,sh.600048,12.66,12.77,12.42,12.67,80104810
2022/11/8,sh.600048,12.67,12.94,12.49,12.63,91300757
2022/11/9,sh.600048,12.84,13.42,12.84,12.94,137000898
2022/11/10,sh.600048,12.88,13.11,12.55,12.98,65859165
2022/11/11,sh.600048,13.27,14.28,13.25,14.28,187957281
2022/11/14,sh.600048,14.99,15.34,14.31,14.69,222712123
2022/11/15,sh.600048,14.56,14.98,14.31,14.52,135178671
2022/11/16,sh.600048,14.44,14.49,13.89,14.12,105183404
2022/11/17,sh.600048,14.05,14.27,13.88,14.16,65819514
2022/11/18,sh.600048,14.14,14.19,13.80,14.05,76556200
2022/11/21,sh.600048,13.85,14.13,13.45,14.11,97689638
2022/11/22,sh.600048,14.17,14.45,13.99,14.18,76355977
2022/11/23,sh.600048,14.06,14.41,14.05,14.27,50129013
2022/11/24,sh.600048,14.54,14.71,14.05,14.37,77013411
2022/11/25,sh.600048,14.41,15.33,14.41,15.19,153603163
2022/11/28,sh.600048,14.79,15.01,14.66,14.73,75194996
2022/11/29,sh.600048,15.29,16.20,15.08,16.15,201163768
2022/11/30,sh.600048,15.78,16.11,14.90,15.02,204498463
2022/12/1,sh.600048,15.11,15.21,14.80,14.95,123655918
2022/12/2,sh.600048,14.79,14.79,14.21,14.57,146643999
2022/12/5,sh.600048,14.58,14.97,14.58,14.70,124572882
2022/12/6,sh.600048,14.57,14.61,14.27,14.51,93138070
2022/12/7,sh.600048,14.42,14.49,13.94,14.16,102778267
2022/12/8,sh.600048,14.16,14.51,14.12,14.39,91757660
2022/12/9,sh.600048,14.51,14.99,14.45,14.84,123904153
2022/12/12,sh.600048,14.67,14.67,14.16,14.21,75755438
2022/12/13,sh.600048,14.18,14.55,14.11,14.40,64274707
2022/12/14,sh.600048,14.38,14.38,14.14,14.23,52922235
2022/12/15,sh.600048,14.07,14.27,13.62,14.18,103822286
2022/12/16,sh.600048,14.31,14.62,14.12,14.45,86215703
2022/12/19,sh.600048,14.40,14.70,14.07,14.23,78765362
2022/12/20,sh.600048,14.00,14.14,13.78,13.88,50168653
2022/12/21,sh.600048,13.86,14.01,13.77,13.87,36860094
2022/12/22,sh.600048,14.00,14.12,13.85,13.95,34293420
2022/12/23,sh.600048,13.85,14.23,13.81,14.13,45452930
2022/12/26,sh.600048,14.13,14.25,13.59,13.65,74652176
2022/12/27,sh.600048,13.69,14.01,13.61,13.77,50159406
2022/12/28,sh.600048,13.71,14.01,13.60,13.86,50644352
2022/12/29,sh.600048,13.78,13.81,13.40,13.54,62666763
2022/12/30,sh.600048,13.52,13.71,13.33,13.65,61480590
2023/1/3,sh.600048,13.85,14.42,13.74,13.91,147963618
2023/1/4,sh.600048,13.91,14.66,13.85,14.45,133505716
2023/1/5,sh.600048,14.47,14.88,14.35,14.76,94350450
2023/1/6,sh.600048,14.75,15.00,14.50,14.55,91212459
2023/1/9,sh.600048,14.58,14.68,14.17,14.29,76247511
2023/1/10,sh.600048,14.32,14.41,14.12,14.34,51323235
2023/1/11,sh.600048,14.36,14.99,14.30,14.69,91614713
2023/1/12,sh.600048,14.69,14.78,14.29,14.34,48816524
2023/1/13,sh.600048,14.26,14.41,14.14,14.28,64292119
2023/1/16,sh.600048,14.28,14.45,14.09,14.40,69908401
2023/1/17,sh.600048,14.42,14.56,14.19,14.48,54977549
2023/1/18,sh.600048,14.48,14.57,14.14,14.20,62720190
2023/1/19,sh.600048,14.08,14.16,13.85,14.16,67401909
2023/1/20,sh.600048,14.11,14.32,14.04,14.25,56208263
2023/1/30,sh.600048,14.37,14.42,13.89,14.00,98867272
2023/1/31,sh.600048,13.94,14.22,13.87,14.19,59475252
2023/2/1,sh.600048,14.16,14.26,13.83,14.06,85834729
2023/2/2,sh.600048,14.05,14.14,13.86,14.12,80259898
2023/2/3,sh.600048,14.03,14.04,13.71,13.83,77895915
2023/2/6,sh.600048,13.66,13.75,13.51,13.55,73288637
2023/2/7,sh.600048,13.55,13.92,13.53,13.78,62102282
2023/2/8,sh.600048,13.77,14.12,13.73,14.02,85331953
2023/2/9,sh.600048,14.02,14.30,13.95,14.14,55839328
2023/2/10,sh.600048,14.16,14.39,14.05,14.23,47252902
2023/2/13,sh.600048,14.25,14.31,13.97,14.05,65895088
2023/2/14,sh.600048,14.06,14.22,13.87,14.07,52963185
2023/2/15,sh.600048,14.00,14.01,13.55,13.64,105880608
2023/2/16,sh.600048,13.62,13.93,13.46,13.58,87776045
2023/2/17,sh.600048,13.57,13.67,13.49,13.53,42467914
2023/2/20,sh.600048,13.50,13.80,13.47,13.77,68215209
2023/2/21,sh.600048,13.89,13.98,13.68,13.85,62819201
2023/2/22,sh.600048,13.72,13.79,13.63,13.70,34101236
2023/2/23,sh.600048,13.71,13.86,13.68,13.74,37866644
2023/2/24,sh.600048,13.71,13.74,13.36,13.46,93680773
2023/2/27,sh.600048,13.43,13.65,13.43,13.55,50802372
2023/2/28,sh.600048,13.53,13.62,13.28,13.61,81069385
2023/3/1,sh.600048,13.60,13.68,13.51,13.65,66865490
2023/3/2,sh.600048,13.61,13.75,13.42,13.46,92755739
2023/3/3,sh.600048,13.48,13.62,13.31,13.59,83108485
2023/3/6,sh.600048,13.55,13.59,13.17,13.31,104892076
2023/3/7,sh.600048,13.29,13.32,13.09,13.12,67546927
2023/3/8,sh.600048,13.08,13.21,12.97,13.17,43424426
2023/3/9,sh.600048,13.16,13.22,13.03,13.03,38832475
2023/3/10,sh.600048,12.94,12.98,12.80,12.89,41463236
2023/3/13,sh.600048,12.85,12.94,12.63,12.74,55928619
2023/3/14,sh.600048,12.70,12.95,12.58,12.76,50910951
2023/3/15,sh.600048,12.80,13.03,12.78,12.94,38005455
2023/3/16,sh.600048,12.87,13.08,12.78,12.92,39312408
2023/3/17,sh.600048,12.99,13.20,12.94,13.00,57599274
2023/3/20,sh.600048,13.06,13.22,12.87,12.93,43767769
2023/3/21,sh.600048,12.92,13.01,12.74,12.78,44418999
2023/3/22,sh.600048,12.79,13.13,12.76,13.07,55601164
2023/3/23,sh.600048,13.03,13.11,12.85,13.02,46067706
2023/3/24,sh.600048,12.99,13.02,12.76,12.94,57908911
2023/3/27,sh.600048,12.90,12.94,12.72,12.76,39965274
2023/3/28,sh.600048,12.80,12.87,12.56,12.60,48218119
2023/3/29,sh.600048,12.63,12.94,12.63,12.74,70289691
2023/3/30,sh.600048,12.75,13.01,12.63,13.00,55771059
2023/3/31,sh.600048,12.99,13.08,12.67,12.75,61811187
2023/4/3,sh.600048,12.79,13.29,12.69,13.19,120663767
2023/4/4,sh.600048,13.17,13.27,13.07,13.22,49960223
2023/4/6,sh.600048,13.20,13.29,13.08,13.18,40656101
2023/4/7,sh.600048,13.22,13.76,13.22,13.63,111195971
2023/4/10,sh.600048,13.59,13.80,13.40,13.67,62409758
2023/4/11,sh.600048,13.68,13.78,13.47,13.77,80803902
2023/4/12,sh.600048,13.80,13.84,13.56,13.70,48055562
2023/4/13,sh.600048,13.67,13.77,13.50,13.68,44491338
2023/4/14,sh.600048,13.68,13.77,13.57,13.59,37762018
2023/4/17,sh.600048,13.40,13.40,13.10,13.40,84491112
2023/4/18,sh.600048,13.39,13.52,13.22,13.28,59287336
2023/4/19,sh.600048,13.30,13.31,12.93,12.97,61222806
2023/4/20,sh.600048,13.00,13.03,12.72,12.87,54204920
2023/4/21,sh.600048,12.94,13.16,12.91,12.96,70208080
2023/4/24,sh.600048,12.90,12.96,12.67,12.72,59336727
2023/4/25,sh.600048,12.76,12.79,12.48,12.67,42115091
2023/4/26,sh.600048,12.52,12.58,12.37,12.53,47416438
2023/4/27,sh.600048,12.48,12.57,12.38,12.52,50016744
2023/4/28,sh.600048,12.50,12.55,12.32,12.55,55250566
2023/5/4,sh.600048,12.36,12.45,12.07,12.37,87964834
2023/5/5,sh.600048,12.33,12.97,12.30,12.86,99108512
2023/5/8,sh.600048,12.72,13.20,12.50,13.11,107348276
2023/5/9,sh.600048,13.01,13.71,12.96,13.31,133742990
2023/5/10,sh.600048,13.34,13.40,12.98,13.06,66462137
2023/5/11,sh.600048,13.06,13.07,12.82,12.90,41679915
2023/5/12,sh.600048,12.91,13.00,12.75,12.76,36803180
2023/5/15,sh.600048,12.77,12.84,12.57,12.70,52401006
2023/5/16,sh.600048,12.70,12.76,12.54,12.59,37434867
2023/5/17,sh.600048,12.58,12.66,12.38,12.50,46838538
2023/5/18,sh.600048,12.50,12.58,12.38,12.44,33304588
2023/5/19,sh.600048,12.37,12.40,12.10,12.22,60203407
2023/5/22,sh.600048,12.13,12.25,12.09,12.21,43075210
2023/5/23,sh.600048,12.18,12.25,12.07,12.07,45849216
2023/5/24,sh.600048,12.04,12.05,11.62,11.62,72792905
2023/5/25,sh.600048,11.55,11.73,11.46,11.57,49127768
2023/5/26,sh.600048,11.56,11.84,11.44,11.82,47534008
2023/5/29,sh.600048,11.74,11.82,11.64,11.67,38219085
2023/5/30,sh.600048,11.65,11.72,11.09,11.68,100431403
2023/5/31,sh.600048,11.64,11.87,11.48,11.49,63669608
2023/6/1,sh.600048,11.46,11.61,11.26,11.56,50692228
2023/6/2,sh.600048,11.61,12.36,11.58,12.25,118117405
2023/6/5,sh.600048,12.09,12.27,11.93,12.20,71355402
2023/6/6,sh.600048,12.21,12.51,12.16,12.21,67858933
2023/6/7,sh.600048,12.30,12.57,12.25,12.32,66828274
2023/6/8,sh.600048,12.30,12.76,12.18,12.64,90653246
2023/6/9,sh.600048,12.64,12.72,12.42,12.48,69326727
2023/6/12,sh.600048,12.56,12.70,12.46,12.53,53407999
2023/6/13,sh.600048,12.58,12.95,12.50,12.65,67156990
2023/6/14,sh.600048,12.72,12.78,12.48,12.50,60599712
2023/6/15,sh.600048,12.49,12.67,12.47,12.57,49481041
2023/6/16,sh.600048,12.58,12.75,12.52,12.63,58442413
2023/6/19,sh.600048,12.66,12.68,12.40,12.52,61914903
2023/6/20,sh.600048,12.53,12.56,12.17,12.26,71800461
2023/6/21,sh.600048,12.19,12.42,12.18,12.23,41458894
2023/6/26,sh.600048,12.12,12.22,11.96,12.13,51717807
2023/6/27,sh.600048,12.14,12.63,11.97,12.52,72390380
2023/6/28,sh.600048,12.54,12.58,12.32,12.49,36472622
2023/6/29,sh.600048,12.48,12.54,12.21,12.29,31905172
2023/6/30,sh.600048,12.28,12.45,12.13,12.14,46454646
2023/7/3,sh.600048,12.12,12.27,12.05,12.23,45745818
2023/7/4,sh.600048,12.18,12.19,11.72,11.86,107490368
2023/7/5,sh.600048,11.82,11.87,11.69,11.78,66936981
2023/7/6,sh.600048,11.77,12.05,11.70,11.97,58425169
2023/7/7,sh.600048,12.11,12.17,11.80,11.93,52459602
2023/7/10,sh.600048,11.95,12.04,11.80,11.84,37466400
2023/7/11,sh.600048,11.98,12.07,11.81,11.87,41251224
2023/7/12,sh.600048,11.80,11.83,11.50,11.59,85400926
2023/7/13,sh.600048,11.61,11.74,11.58,11.72,46314158
2023/7/14,sh.600048,11.69,11.86,11.58,11.74,48877319
2023/7/17,sh.600048,11.72,11.72,11.56,11.61,27967777
2023/7/18,sh.600048,11.58,11.79,11.52,11.72,46441681
2023/7/19,sh.600048,11.67,11.97,11.66,11.88,55315243
2023/7/20,sh.600048,11.88,12.06,11.80,11.89,58596110
2023/7/21,sh.600048,11.86,12.08,11.85,12.00,60041980
2023/7/24,sh.600048,12.03,12.08,11.63,11.75,55235954
2023/7/25,sh.600048,12.16,12.80,12.16,12.78,211799737
2023/7/26,sh.600048,12.76,12.89,12.63,12.81,93175310
2023/7/27,sh.600048,12.73,12.95,12.52,12.78,79362576
2023/7/28,sh.600048,12.97,13.53,12.82,13.41,155523851
2023/7/31,sh.600048,13.47,13.77,13.21,13.26,146364726
2023/8/1,sh.600048,13.16,13.56,13.09,13.24,105124978
2023/8/2,sh.600048,13.23,13.49,13.17,13.22,66935234
2023/8/3,sh.600048,13.14,13.50,13.03,13.46,89968724
2023/8/4,sh.600048,13.69,13.76,13.31,13.42,112856617
2023/8/7,sh.600048,13.26,13.28,12.88,12.97,86388168
2023/8/8,sh.600048,12.91,13.10,12.81,12.82,59206730
2023/8/9,sh.600048,12.82,13.14,12.73,13.05,58980843
2023/8/10,sh.600048,13.01,13.31,12.98,13.17,48486526
2023/8/11,sh.600048,13.24,13.32,12.88,13.01,57751907
2023/8/14,sh.600048,12.77,13.19,12.58,13.06,72494323
2023/8/15,sh.600048,12.97,13.23,12.86,13.03,43363625
2023/8/16,sh.600048,13.06,13.51,12.95,13.28,102740457
2023/8/17,sh.600048,13.15,13.38,13.10,13.28,55051048
2023/8/18,sh.600048,13.40,13.56,13.20,13.20,72070706
2023/8/21,sh.600048,13.16,13.23,12.87,12.95,59475036
2023/8/22,sh.600048,12.96,13.08,12.83,12.95,45061426
2023/8/23,sh.600048,12.93,13.06,12.77,12.77,44647672
2023/8/24,sh.600048,12.80,12.94,12.52,12.65,46121344
2023/8/25,sh.600048,12.70,13.37,12.65,13.03,85067263
2023/8/28,sh.600048,13.87,13.88,13.26,13.38,162257831
2023/8/29,sh.600048,13.39,13.62,13.21,13.51,115741384
2023/8/30,sh.600048,13.56,13.77,13.48,13.75,110823204
2023/8/31,sh.600048,13.66,13.74,12.95,13.03,98623790
2023/9/1,sh.600048,13.24,13.34,13.00,13.28,104343111
2023/9/4,sh.600048,13.43,13.63,13.16,13.18,110229362
2023/9/5,sh.600048,13.18,13.18,12.79,12.87,82866504
2023/9/6,sh.600048,12.83,13.17,12.68,13.13,103002353
2023/9/7,sh.600048,13.04,13.28,12.92,13.09,50648540
2023/9/8,sh.600048,13.02,13.12,12.88,13.02,30181494
2023/9/11,sh.600048,13.01,13.06,12.65,12.81,72548133
2023/9/12,sh.600048,12.75,12.79,12.63,12.68,51395625
2023/9/13,sh.600048,12.67,12.83,12.62,12.68,49025245
2023/9/14,sh.600048,12.66,12.70,12.52,12.63,47815137
2023/9/15,sh.600048,12.68,12.71,12.40,12.45,64346327
2023/9/18,sh.600048,12.40,12.41,12.14,12.24,80881510
2023/9/19,sh.600048,12.29,12.30,12.14,12.20,46331788
2023/9/20,sh.600048,12.18,12.43,12.13,12.30,40408052
2023/9/21,sh.600048,12.45,12.63,12.33,12.36,51310343
2023/9/22,sh.600048,12.30,12.48,12.27,12.44,44356824
2023/9/25,sh.600048,12.38,12.40,11.99,12.02,93165204
2023/9/26,sh.600048,12.02,12.10,11.91,11.97,37125796
2023/9/27,sh.600048,11.94,11.99,11.85,11.91,45378661
2023/9/28,sh.600048,11.94,12.02,11.83,11.87,34515985
2023/10/9,sh.600048,11.79,11.81,11.61,11.72,55882838
2023/10/10,sh.600048,11.72,11.79,11.61,11.64,43852848
2023/10/11,sh.600048,11.66,11.70,11.47,11.58,56603133
2023/10/12,sh.600048,11.60,11.72,11.53,11.71,41324224
2023/10/13,sh.600048,11.60,11.72,11.54,11.60,33329340
2023/10/16,sh.600048,11.58,11.66,11.22,11.28,64568777
2023/10/17,sh.600048,11.28,11.37,11.03,11.20,58952211
2023/10/18,sh.600048,11.16,11.22,11.06,11.17,42657227
2023/10/19,sh.600048,11.11,11.16,10.81,10.84,53254012
2023/10/20,sh.600048,10.84,10.91,10.62,10.75,77825466
2023/10/23,sh.600048,10.67,10.81,10.51,10.63,56083231
2023/10/24,sh.600048,10.65,10.80,10.59,10.67,51151621
2023/10/25,sh.600048,10.77,10.86,10.60,10.62,66079061
2023/10/26,sh.600048,10.54,10.58,10.36,10.48,45056340
2023/10/27,sh.600048,10.44,10.55,10.21,10.47,70982640
2023/10/30,sh.600048,10.30,10.33,9.97,10.16,151798638
2023/10/31,sh.600048,10.11,10.30,10.08,10.27,81833348
2023/11/1,sh.600048,10.25,10.37,10.16,10.20,66712991
2023/11/2,sh.600048,10.20,10.29,10.13,10.15,54641863
2023/11/3,sh.600048,10.17,10.20,10.04,10.07,57176101
2023/11/6,sh.600048,10.09,10.45,10.08,10.36,97800646
2023/11/7,sh.600048,10.40,10.48,10.29,10.35,72399475
2023/11/8,sh.600048,10.29,10.55,10.27,10.40,74289691
2023/11/9,sh.600048,10.41,10.57,10.35,10.44,53423399
2023/11/10,sh.600048,10.39,10.40,10.21,10.35,46779376
2023/11/13,sh.600048,10.35,10.40,10.18,10.28,43655516
2023/11/14,sh.600048,10.28,10.41,10.27,10.35,43640427
2023/11/15,sh.600048,10.43,10.46,10.26,10.28,59752883
2023/11/16,sh.600048,10.25,10.25,10.03,10.20,58798388
2023/11/17,sh.600048,10.16,10.21,10.05,10.10,49673801
2023/11/20,sh.600048,10.12,10.21,10.01,10.05,59794084
2023/11/21,sh.600048,10.11,10.39,10.10,10.22,105301806
2023/11/22,sh.600048,10.16,10.31,10.11,10.11,52488973
2023/11/23,sh.600048,10.14,10.49,10.00,10.44,103809938
2023/11/24,sh.600048,10.48,10.62,10.38,10.43,66810022
2023/11/27,sh.600048,10.36,10.37,10.07,10.17,67696898
2023/11/28,sh.600048,10.17,10.17,9.99,10.04,55312293
2023/11/29,sh.600048,10.02,10.05,9.62,9.65,89660363
2023/11/30,sh.600048,9.62,9.75,9.55,9.56,58276290
2023/12/1,sh.600048,9.56,9.61,9.47,9.55,56758266
2023/12/4,sh.600048,9.53,9.54,9.21,9.28,100457725
2023/12/5,sh.600048,9.24,9.29,8.98,9.00,76203761
2023/12/6,sh.600048,8.98,9.24,8.88,9.18,77451654
2023/12/7,sh.600048,9.14,9.25,9.07,9.19,51491903
2023/12/8,sh.600048,9.17,9.18,9.02,9.11,72154581
2023/12/11,sh.600048,9.04,9.04,8.74,8.96,85070853
2023/12/12,sh.600048,9.41,9.79,9.24,9.64,237733891
2023/12/13,sh.600048,9.39,9.53,9.30,9.43,163072847
2023/12/14,sh.600048,9.45,9.59,9.25,9.25,108115281
2023/12/15,sh.600048,9.45,9.65,9.38,9.49,155517213
2023/12/18,sh.600048,9.38,9.90,9.34,9.55,151375466
2023/12/19,sh.600048,9.51,9.63,9.29,9.41,91170339
2023/12/20,sh.600048,9.37,9.39,9.17,9.19,89795980
2023/12/21,sh.600048,9.12,9.27,9.08,9.23,83691466
2023/12/22,sh.600048,9.21,9.21,9.00,9.18,83563699
2023/12/25,sh.600048,9.11,9.22,9.06,9.07,49929920
2023/12/26,sh.600048,9.05,9.08,8.85,8.89,69533808
2023/12/27,sh.600048,8.87,8.96,8.81,8.84,57060925
2023/12/28,sh.600048,8.82,9.31,8.71,9.27,113066107
2023/12/29,sh.600048,9.23,9.39,9.15,9.23,75486072
2024/1/2,sh.600048,9.18,9.21,8.78,8.79,117278568
2024/1/3,sh.600048,8.77,8.93,8.69,8.77,89972552
2024/1/4,sh.600048,8.74,8.76,8.43,8.53,105095748
2024/1/5,sh.600048,8.50,8.73,8.44,8.55,101885181
2024/1/8,sh.600048,8.55,8.61,8.43,8.44,67455132
2024/1/9,sh.600048,8.44,8.56,8.33,8.50,68893095
2024/1/10,sh.600048,8.44,8.55,8.39,8.45,51969457
2024/1/11,sh.600048,8.41,8.54,8.30,8.49,71558960
2024/1/12,sh.600048,8.43,8.66,8.42,8.52,76036361
2024/1/15,sh.600048,8.46,8.54,8.30,8.41,84444184
2024/1/16,sh.600048,8.35,8.43,8.18,8.31,100238746
2024/1/17,sh.600048,8.25,8.29,8.08,8.08,86415702
2024/1/18,sh.600048,8.02,8.26,8.00,8.24,103959172
2024/1/19,sh.600048,8.18,8.32,8.15,8.27,74915499
2024/1/22,sh.600048,8.16,8.32,7.95,8.13,128307357
2024/1/23,sh.600048,8.09,8.20,7.99,8.16,96584697
2024/1/24,sh.600048,8.18,8.38,8.06,8.37,111058871
2024/1/25,sh.600048,8.41,9.01,8.40,8.95,199988601
2024/1/26,sh.600048,9.06,9.31,8.98,9.24,203976409
2024/1/29,sh.600048,9.49,9.55,9.25,9.31,181764073
2024/1/30,sh.600048,9.20,9.39,9.05,9.11,119850835
2024/1/31,sh.600048,8.99,9.12,8.74,8.89,141040055
2024/2/1,sh.600048,8.80,8.85,8.57,8.61,101926779
2024/2/2,sh.600048,8.61,8.98,8.43,8.73,113036837
2024/2/5,sh.600048,8.68,8.84,8.42,8.65,121548929
2024/2/6,sh.600048,8.51,8.91,8.43,8.80,117364710
2024/2/7,sh.600048,8.81,8.87,8.63,8.84,117328754
2024/2/8,sh.600048,8.91,9.30,8.87,9.29,119349623
2024/2/19,sh.600048,9.22,9.22,8.88,9.14,135705186
2024/2/20,sh.600048,9.27,9.59,9.09,9.19,123091380
2024/2/21,sh.600048,9.10,9.65,8.98,9.40,161754255
2024/2/22,sh.600048,9.31,9.38,9.24,9.31,87880116
2024/2/23,sh.600048,9.30,9.39,9.24,9.32,75513625
2024/2/26,sh.600048,9.27,9.28,9.09,9.15,95531260
2024/2/27,sh.600048,9.06,9.20,9.06,9.20,81233180
2024/2/28,sh.600048,9.20,9.26,9.04,9.06,113688426
2024/2/29,sh.600048,8.95,9.15,8.95,9.11,94462457
2024/3/1,sh.600048,9.07,9.15,8.83,8.93,119933549
2024/3/4,sh.600048,8.84,8.86,8.52,8.60,148476532
2024/3/5,sh.600048,8.54,8.80,8.50,8.74,120313653
2024/3/6,sh.600048,8.68,8.70,8.52,8.57,85587236
2024/3/7,sh.600048,8.57,8.63,8.50,8.51,78459787
2024/3/8,sh.600048,8.50,8.53,8.37,8.43,73372824
2024/3/11,sh.600048,8.46,8.83,8.44,8.83,156967764
2024/3/12,sh.600048,8.78,9.37,8.74,9.28,196806525
2024/3/13,sh.600048,9.19,9.25,8.99,9.01,100685049
2024/3/14,sh.600048,8.98,9.25,8.95,9.11,97057249
2024/3/15,sh.600048,9.04,9.20,8.96,9.03,69642441
2024/3/18,sh.600048,8.99,9.03,8.79,8.85,102065393
2024/3/19,sh.600048,8.82,8.84,8.68,8.69,73823723
2024/3/20,sh.600048,8.66,8.77,8.61,8.68,65605947
2024/3/21,sh.600048,8.66,8.91,8.65,8.84,110357807
2024/3/22,sh.600048,8.78,8.81,8.57,8.73,89065179
2024/3/25,sh.600048,8.70,9.15,8.68,9.01,149773756
2024/3/26,sh.600048,8.99,9.12,8.89,9.05,94172750
2024/3/27,sh.600048,9.01,9.03,8.73,8.80,90819683
2024/3/28,sh.600048,8.77,8.84,8.68,8.71,88695335
2024/3/29,sh.600048,8.59,8.69,8.40,8.51,132412001
2024/4/1,sh.600048,8.47,8.70,8.41,8.47,160034341
2024/4/2,sh.600048,8.46,8.46,8.16,8.22,182232792
2024/4/3,sh.600048,8.15,8.26,8.12,8.17,88244292
2024/4/8,sh.600048,8.13,8.14,7.97,7.99,108869112
2024/4/9,sh.600048,8.02,8.04,7.87,7.91,100796363
2024/4/10,sh.600048,7.88,7.89,7.52,7.58,153914143
2024/4/11,sh.600048,7.47,7.63,7.34,7.61,114306441
2024/4/12,sh.600048,7.54,7.61,7.35,7.36,108050724
2024/4/15,sh.600048,7.33,7.53,7.28,7.39,99012354
2024/4/16,sh.600048,7.33,7.57,7.21,7.46,118582880
2024/4/17,sh.600048,7.38,7.60,7.37,7.53,97690097
2024/4/18,sh.600048,7.48,7.70,7.41,7.62,107271999
2024/4/19,sh.600048,7.56,7.68,7.52,7.55,60457791
2024/4/22,sh.600048,7.52,7.65,7.46,7.54,70118017
2024/4/23,sh.600048,7.58,7.61,7.47,7.49,65243496
2024/4/24,sh.600048,7.47,7.55,7.41,7.46,68630843
2024/4/25,sh.600048,7.46,7.58,7.38,7.46,91547330
2024/4/26,sh.600048,7.45,8.09,7.40,8.05,248730684
2024/4/29,sh.600048,7.97,8.71,7.93,8.65,336604050
2024/4/30,sh.600048,8.56,8.57,8.20,8.30,226192124
2024/5/6,sh.600048,8.51,8.64,8.20,8.23,248827245
2024/5/7,sh.600048,8.16,8.70,8.14,8.64,255107517
2024/5/8,sh.600048,8.53,8.56,8.37,8.37,108856807
2024/5/9,sh.600048,8.50,8.80,8.42,8.58,166240409
2024/5/10,sh.600048,8.70,9.07,8.60,9.06,301184746
2024/5/13,sh.600048,8.87,9.03,8.82,8.89,148275480
2024/5/14,sh.600048,8.85,9.05,8.80,8.93,127201311
2024/5/15,sh.600048,8.89,9.59,8.88,9.20,275073251
2024/5/16,sh.600048,9.20,9.68,9.14,9.49,261188114
2024/5/17,sh.600048,9.59,10.44,9.30,10.44,427243517
2024/5/20,sh.600048,10.39,10.90,10.07,10.33,367057809
2024/5/21,sh.600048,10.23,10.60,10.15,10.43,173633661
2024/5/22,sh.600048,10.38,11.08,10.31,10.51,247197658
2024/5/23,sh.600048,10.28,10.38,10.00,10.17,217841695
2024/5/24,sh.600048,10.07,10.11,9.83,9.90,135430113
2024/5/27,sh.600048,9.91,9.96,9.53,9.85,155667975
2024/5/28,sh.600048,9.96,10.07,9.58,9.66,150052970
2024/5/29,sh.600048,9.71,9.88,9.66,9.73,91861758
2024/5/30,sh.600048,9.62,9.78,9.44,9.53,102270274
2024/5/31,sh.600048,9.55,9.73,9.48,9.53,104722262
2024/6/3,sh.600048,9.40,9.64,9.39,9.54,81721038
2024/6/4,sh.600048,9.55,9.90,9.47,9.84,154242525
2024/6/5,sh.600048,9.80,9.84,9.62,9.63,65891254
2024/6/6,sh.600048,9.62,9.70,9.49,9.59,62070086
2024/6/7,sh.600048,9.58,9.80,9.57,9.71,74112292
2024/6/11,sh.600048,9.62,9.93,9.49,9.53,113982333
2024/6/12,sh.600048,9.50,9.60,9.37,9.42,71183641
2024/6/13,sh.600048,9.52,9.53,9.13,9.19,107552726
2024/6/14,sh.600048,9.14,9.49,9.08,9.32,83224294
2024/6/17,sh.600048,9.21,9.29,9.02,9.13,87343632
2024/6/18,sh.600048,9.12,9.21,8.98,8.99,69952038
2024/6/19,sh.600048,9.01,9.10,8.85,8.98,56966118
2024/6/20,sh.600048,8.98,8.99,8.70,8.75,72314189
2024/6/21,sh.600048,8.81,8.87,8.74,8.80,49416965
2024/6/24,sh.600048,8.74,8.76,8.58,8.64,73073835
2024/6/25,sh.600048,8.67,8.94,8.51,8.74,85511851
2024/6/26,sh.600048,8.67,8.68,8.50,8.61,70976545
2024/6/27,sh.600048,8.62,8.69,8.35,8.36,96669533
2024/6/28,sh.600048,8.33,8.44,8.11,8.16,133076302
2024/7/1,sh.600048,8.22,8.84,8.18,8.68,198704883
2024/7/2,sh.600048,8.67,8.83,8.37,8.42,124240541
2024/7/3,sh.600048,8.43,8.66,8.19,8.50,126050395
2024/7/4,sh.600048,8.46,8.51,8.22,8.25,93580847
2024/7/5,sh.600048,8.28,8.41,8.13,8.20,84808854
2024/7/8,sh.600048,8.17,8.18,7.90,7.97,106650850
2024/7/9,sh.600048,7.98,8.04,7.81,7.98,99854042
2024/7/10,sh.600048,7.88,8.06,7.71,7.94,74183402
2024/7/11,sh.600048,8.03,8.19,7.94,8.10,95413884
2024/7/12,sh.600048,8.34,8.64,8.25,8.41,176903894
2024/7/15,sh.600048,8.26,8.53,8.22,8.39,94554230
2024/7/16,sh.600048,8.37,8.62,8.27,8.48,97281176
2024/7/17,sh.600048,8.50,8.84,8.46,8.71,136243883
2024/7/18,sh.600048,8.68,8.87,8.56,8.84,115643347
2024/7/19,sh.600048,8.73,8.78,8.46,8.57,121299834
2024/7/22,sh.600048,8.57,8.58,8.34,8.52,85710809
2024/7/23,sh.600048,8.54,8.61,8.38,8.40,71549390
2024/7/24,sh.600048,8.40,8.49,8.09,8.14,74584725
2024/7/25,sh.600048,8.14,8.39,8.10,8.21,79538967
2024/7/26,sh.600048,8.23,8.49,8.20,8.31,80313172
2024/7/29,sh.600048,8.30,8.31,7.97,8.01,102817352
2024/7/30,sh.600048,8.03,8.23,7.98,8.15,92874949
2024/7/31,sh.600048,8.17,8.65,8.00,8.63,133453117
2024/8/1,sh.600048,8.59,8.67,8.25,8.28,125515963
2024/8/2,sh.600048,8.17,8.24,8.08,8.11,97749193
2024/8/5,sh.600048,8.00,8.40,7.98,8.08,130110300
2024/8/6,sh.600048,8.15,8.47,8.12,8.40,126006744
2024/8/7,sh.600048,8.35,8.37,8.19,8.29,65836443
2024/8/8,sh.600048,8.34,8.63,8.16,8.30,125731602
2024/8/9,sh.600048,8.24,8.67,8.23,8.37,179518000
2024/8/12,sh.600048,8.31,8.34,8.05,8.08,113705586
2024/8/13,sh.600048,8.07,8.09,7.97,8.05,61758939
2024/8/14,sh.600048,8.04,8.07,7.95,7.99,50998610
2024/8/15,sh.600048,7.95,8.14,7.91,8.04,109362816
2024/8/16,sh.600048,8.01,8.06,7.90,8.01,78135610
2024/8/19,sh.600048,7.97,8.13,7.91,8.01,81333000
2024/8/20,sh.600048,8.01,8.06,7.83,7.87,79206663
2024/8/21,sh.600048,7.81,7.84,7.62,7.70,113839398
2024/8/22,sh.600048,7.71,7.89,7.68,7.79,123616189
2024/8/23,sh.600048,7.73,7.91,7.68,7.74,94657088
2024/8/26,sh.600048,7.74,8.01,7.64,7.85,117185902
2024/8/27,sh.600048,7.83,7.84,7.60,7.63,86970603
2024/8/28,sh.600048,7.62,7.65,7.53,7.55,64101509
2024/8/29,sh.600048,7.54,7.61,7.47,7.55,60312484
2024/8/30,sh.600048,7.57,8.30,7.54,7.95,295664365
2024/9/2,sh.600048,7.84,7.87,7.66,7.68,129416403
2024/9/3,sh.600048,7.66,7.85,7.56,7.72,122521167
2024/9/4,sh.600048,7.65,7.82,7.52,7.54,139823949
2024/9/5,sh.600048,7.61,7.69,7.56,7.62,91529365
2024/9/6,sh.600048,7.58,7.59,7.52,7.53,70593544
2024/9/9,sh.600048,7.46,7.47,7.30,7.38,74544200
2024/9/10,sh.600048,7.36,7.40,7.14,7.29,94511171
2024/9/11,sh.600048,7.26,7.45,7.22,7.35,69862242
2024/9/12,sh.600048,7.34,7.49,7.31,7.33,50465503
2024/9/13,sh.600048,7.37,7.44,7.31,7.32,65166901
2024/9/18,sh.600048,7.35,7.58,7.21,7.47,122346305
2024/9/19,sh.600048,7.54,7.89,7.51,7.74,202320078
2024/9/20,sh.600048,7.55,7.90,7.53,7.88,184298619
2024/9/23,sh.600048,7.79,8.03,7.76,7.91,135316631
2024/9/24,sh.600048,8.07,8.18,7.73,8.00,279252468
2024/9/25,sh.600048,8.06,8.51,8.04,8.11,274756687
2024/9/26,sh.600048,8.04,8.93,8.04,8.93,349978064
2024/9/27,sh.600048,9.40,9.82,9.37,9.82,446630714
2024/9/30,sh.600048,10.80,10.80,10.03,10.80,635977736
2024/10/8,sh.600048,11.87,11.87,10.14,10.76,686120756
2024/10/9,sh.600048,10.37,10.37,9.68,9.68,395132044
2024/10/10,sh.600048,9.41,10.13,9.30,9.82,332952272
2024/10/11,sh.600048,9.75,10.18,9.55,10.03,282175686
2024/10/14,sh.600048,10.36,10.91,10.19,10.56,363826860
2024/10/15,sh.600048,10.36,10.96,10.25,10.70,290089419
2024/10/16,sh.600048,10.90,11.31,10.65,11.15,409158138
2024/10/17,sh.600048,11.11,11.11,10.08,10.10,380881709
2024/10/18,sh.600048,9.89,10.51,9.69,10.25,290448063
2024/10/21,sh.600048,10.25,10.58,10.01,10.53,233811713
2024/10/22,sh.600048,10.47,10.81,10.40,10.73,171052467
2024/10/23,sh.600048,10.68,10.88,10.62,10.71,147606018
2024/10/24,sh.600048,10.63,10.75,10.43,10.49,112316218
2024/10/25,sh.600048,10.47,10.74,10.44,10.48,115332666
2024/10/28,sh.600048,10.43,10.75,10.42,10.68,122909611
2024/10/29,sh.600048,10.53,10.85,10.38,10.39,124956084
2024/10/30,sh.600048,10.39,10.64,10.30,10.44,149861928
2024/10/31,sh.600048,10.37,10.91,10.30,10.57,182883554
2024/11/1,sh.600048,10.67,11.07,10.62,10.71,211500237
2024/11/4,sh.600048,10.80,10.81,10.45,10.65,141514511
2024/11/5,sh.600048,10.59,11.01,10.52,10.90,168047408
2024/11/6,sh.600048,10.88,11.32,10.57,11.10,256923810
2024/11/7,sh.600048,10.92,11.45,10.82,11.40,300394705
2024/11/8,sh.600048,11.54,11.57,10.86,10.94,260312637
2024/11/11,sh.600048,10.70,10.82,10.46,10.68,196476715
2024/11/12,sh.600048,10.63,10.83,10.52,10.59,130569187
2024/11/13,sh.600048,10.53,10.62,10.31,10.40,129420247
2024/11/14,sh.600048,10.60,10.61,10.16,10.16,156719226
2024/11/15,sh.600048,10.09,10.19,9.89,9.89,124318433
2024/11/18,sh.600048,9.98,10.26,9.90,9.96,158410414
2024/11/19,sh.600048,9.99,10.03,9.74,9.96,126835497
2024/11/20,sh.600048,9.89,9.99,9.81,9.93,85730371
2024/11/21,sh.600048,9.89,9.96,9.77,9.85,76674816
2024/11/22,sh.600048,9.84,9.89,9.50,9.52,110615055
2024/11/25,sh.600048,9.52,9.65,9.43,9.53,91711377
2024/11/26,sh.600048,9.51,9.78,9.46,9.64,96042645
2024/11/27,sh.600048,9.62,9.82,9.51,9.79,121033522
2024/11/28,sh.600048,9.77,9.90,9.72,9.82,106864014
2024/11/29,sh.600048,9.82,10.21,9.79,10.02,166431467
2024/12/2,sh.600048,9.93,10.11,9.83,10.02,132940371
2024/12/3,sh.600048,9.99,10.19,9.93,10.09,107875846
2024/12/4,sh.600048,10.04,10.10,9.86,9.89,80468570
2024/12/5,sh.600048,9.87,9.90,9.75,9.84,63666087
2024/12/6,sh.600048,9.83,10.02,9.78,9.93,83919300
2024/12/9,sh.600048,9.93,9.95,9.63,9.66,128951124
2024/12/10,sh.600048,10.23,10.23,9.82,9.82,219481173
2024/12/11,sh.600048,9.80,10.02,9.75,9.94,131202115
2024/12/12,sh.600048,9.94,10.04,9.82,9.99,101663590
2024/12/13,sh.600048,9.91,9.92,9.59,9.63,181411783
2024/12/16,sh.600048,9.64,9.69,9.26,9.30,147861024
2024/12/17,sh.600048,9.30,9.31,9.18,9.21,80713586
2024/12/18,sh.600048,9.26,9.34,9.17,9.20,75090262
2024/12/19,sh.600048,9.05,9.19,9.02,9.19,74350864
2024/12/20,sh.600048,9.15,9.21,9.02,9.14,98549043
2024/12/23,sh.600048,9.11,9.23,8.99,9.02,95041784
2024/12/24,sh.600048,9.00,9.08,8.97,9.04,92218778
2024/12/25,sh.600048,9.02,9.05,8.87,8.99,109407910
2024/12/26,sh.600048,8.97,9.00,8.85,8.89,104338724
2024/12/27,sh.600048,8.88,8.98,8.84,8.94,86901308
2024/12/30,sh.600048,8.89,8.96,8.76,8.80,124194080
2024/12/31,sh.600048,8.80,8.93,8.65,8.67,116544551
2025/1/2,sh.600048,8.65,8.79,8.43,8.50,127331073
2025/1/3,sh.600048,8.50,8.56,8.31,8.36,107856731
2025/1/6,sh.600048,8.35,8.36,8.19,8.36,101029297
2025/1/7,sh.600048,8.33,8.51,8.22,8.49,104231899
2025/1/8,sh.600048,8.43,8.49,8.31,8.42,84375984
2025/1/9,sh.600048,8.41,8.50,8.34,8.46,67124707
2025/1/10,sh.600048,8.44,8.57,8.28,8.29,73884718
2025/1/13,sh.600048,8.22,8.45,8.15,8.45,87119016
2025/1/14,sh.600048,8.42,8.59,8.42,8.58,97104212
2025/1/15,sh.600048,8.56,8.60,8.42,8.54,69014560
2025/1/16,sh.600048,8.55,8.65,8.37,8.48,97005356
2025/1/17,sh.600048,8.27,8.58,8.26,8.48,106514789
2025/1/20,sh.600048,8.46,8.54,8.25,8.42,124404388
2025/1/21,sh.600048,8.43,8.84,8.38,8.51,237014463
2025/1/22,sh.600048,8.39,8.40,8.12,8.12,171908113
2025/1/23,sh.600048,8.20,8.41,8.17,8.21,162010676
2025/1/24,sh.600048,8.21,8.30,8.14,8.24,101235950
2025/1/27,sh.600048,8.25,8.39,8.14,8.14,102810382
2025/2/5,sh.600048,8.17,8.20,8.00,8.05,94153067
2025/2/6,sh.600048,8.05,8.20,8.04,8.11,93014686
2025/2/7,sh.600048,8.09,8.36,8.05,8.27,153273377
2025/2/10,sh.600048,8.22,8.34,8.21,8.29,91745328
2025/2/11,sh.600048,8.32,8.34,8.09,8.11,109561782
2025/2/12,sh.600048,8.13,8.45,8.00,8.41,183500830
2025/2/13,sh.600048,8.30,8.53,8.25,8.41,225634441
2025/2/14,sh.600048,8.37,8.42,8.23,8.34,117362254
2025/2/17,sh.600048,8.34,8.42,8.28,8.30,130835785
2025/2/18,sh.600048,8.30,8.30,8.09,8.14,104591945
2025/2/19,sh.600048,8.12,8.21,8.07,8.15,96786971
2025/2/20,sh.600048,8.11,8.14,8.02,8.03,102229921
2025/2/21,sh.600048,8.03,8.09,7.99,8.03,114791025
2025/2/24,sh.600048,8.03,8.25,7.99,8.17,168454035
2025/2/25,sh.600048,8.11,8.25,8.07,8.16,133669461
2025/2/26,sh.600048,8.25,8.53,8.24,8.45,222484977
2025/2/27,sh.600048,8.49,8.67,8.46,8.62,216075723
2025/2/28,sh.600048,8.63,8.76,8.51,8.51,217380800
2025/3/3,sh.600048,8.58,8.76,8.51,8.55,156304205
2025/3/4,sh.600048,8.50,8.57,8.36,8.56,115279662
2025/3/5,sh.600048,8.54,8.58,8.37,8.43,116443630
2025/3/6,sh.600048,8.48,8.71,8.44,8.71,186307833
2025/3/7,sh.600048,8.63,8.65,8.52,8.61,127714204
2025/3/10,sh.600048,8.65,8.71,8.46,8.51,92552287
2025/3/11,sh.600048,8.44,8.46,8.34,8.45,98547083
2025/3/12,sh.600048,8.43,8.43,8.32,8.36,96697994
2025/3/13,sh.600048,8.34,8.39,8.25,8.32,73001858
2025/3/14,sh.600048,8.31,8.51,8.31,8.51,191830598
2025/3/17,sh.600048,8.51,8.63,8.51,8.56,99853113
2025/3/18,sh.600048,8.56,8.63,8.49,8.52,78795801
2025/3/19,sh.600048,8.52,8.53,8.43,8.46,67672292
2025/3/20,sh.600048,8.46,8.51,8.40,8.43,66608201
2025/3/21,sh.600048,8.41,8.44,8.28,8.35,95905375
2025/3/24,sh.600048,8.33,8.34,8.23,8.28,67626173
2025/3/25,sh.600048,8.27,8.40,8.23,8.34,68233554
2025/3/26,sh.600048,8.33,8.45,8.29,8.33,73571168
2025/3/27,sh.600048,8.32,8.35,8.25,8.29,56925490
2025/3/28,sh.600048,8.30,8.32,8.22,8.27,53956965
2025/3/31,sh.600048,8.24,8.25,8.05,8.08,75291040
2025/4/1,sh.600048,8.10,8.12,8.04,8.06,69463364
2025/4/2,sh.600048,8.05,8.13,8.03,8.11,71208015
2025/4/3,sh.600048,8.06,8.38,8.05,8.21,138055075
2025/4/7,sh.600048,7.97,8.03,7.54,7.76,193665728
2025/4/8,sh.600048,7.77,8.37,7.76,8.32,243871437
2025/4/9,sh.600048,8.28,8.73,8.19,8.73,256082161
2025/4/10,sh.600048,8.61,8.79,8.42,8.79,181545130
2025/4/11,sh.600048,8.69,8.69,8.49,8.54,118488292
2025/4/14,sh.600048,8.45,8.54,8.43,8.49,70063401
2025/4/15,sh.600048,8.46,8.49,8.37,8.48,63694511
2025/4/16,sh.600048,8.47,8.64,8.45,8.64,130831067
2025/4/17,sh.600048,8.61,9.12,8.57,9.00,275559566
2025/4/18,sh.600048,8.91,9.04,8.83,9.00,110891856
2025/4/21,sh.600048,8.95,8.96,8.85,8.87,80660205
2025/4/22,sh.600048,8.86,8.91,8.78,8.82,65184536
2025/4/23,sh.600048,8.81,8.84,8.62,8.65,96991845
2025/4/24,sh.600048,8.64,8.79,8.56,8.67,82257172
2025/4/25,sh.600048,8.69,8.95,8.50,8.57,194337467
2025/4/28,sh.600048,8.43,8.47,8.10,8.13,187845010
2025/4/29,sh.600048,8.17,8.23,8.13,8.15,63072456
2025/4/30,sh.600048,8.13,8.32,8.11,8.19,86990865
2025/5/6,sh.600048,8.20,8.23,8.16,8.17,108429769
2025/5/7,sh.600048,8.47,8.52,8.25,8.32,160077028
2025/5/8,sh.600048,8.26,8.31,8.25,8.26,74845518
2025/5/9,sh.600048,8.27,8.28,8.05,8.07,116704000
2025/5/12,sh.600048,8.09,8.13,8.06,8.12,79853735
2025/5/13,sh.600048,8.15,8.18,8.10,8.12,61724600
2025/5/14,sh.600048,8.11,8.24,8.05,8.17,101344343
2025/5/15,sh.600048,8.13,8.20,8.06,8.07,71194947
2025/5/16,sh.600048,8.08,8.11,8.02,8.09,74657810
2025/5/19,sh.600048,8.08,8.14,8.04,8.10,64889747
2025/5/20,sh.600048,8.10,8.11,8.06,8.08,47951549
2025/5/21,sh.600048,8.08,8.09,8.03,8.05,65293089
2025/5/22,sh.600048,8.04,8.05,7.98,8.00,65422362
2025/5/23,sh.600048,7.99,8.05,7.92,7.92,63255116
2025/5/26,sh.600048,7.90,7.95,7.85,7.90,55179055
2025/5/27,sh.600048,7.90,7.97,7.89,7.93,41007494
2025/5/28,sh.600048,7.95,7.96,7.90,7.91,28336258
2025/5/29,sh.600048,7.92,7.97,7.89,7.94,55153127
2025/5/30,sh.600048,7.94,7.97,7.91,7.96,52873541
2025/6/3,sh.600048,7.90,7.96,7.88,7.94,47752025
2025/6/4,sh.600048,7.94,8.01,7.93,8.00,53255823
2025/6/5,sh.600048,8.01,8.07,7.99,8.02,63575462
2025/6/6,sh.600048,8.02,8.04,7.96,7.99,48275465
2025/6/9,sh.600048,8.00,8.01,7.96,7.99,59400946
2025/6/10,sh.600048,7.99,8.06,7.90,7.95,75473239
2025/6/11,sh.600048,7.95,8.01,7.93,7.99,55466948
2025/6/12,sh.600048,7.99,8.00,7.94,7.97,49935600
2025/6/13,sh.600048,7.95,7.96,7.88,7.89,74994565
2025/6/16,sh.600048,7.93,8.10,7.91,8.06,131241902
2025/6/17,sh.600048,8.04,8.05,7.94,7.95,70854029
2025/6/18,sh.600048,7.95,7.96,7.81,7.84,94716646
2025/6/19,sh.600048,7.83,7.84,7.63,7.71,91496219
2025/6/20,sh.600048,7.71,7.75,7.65,7.72,58369335
2025/6/23,sh.600048,7.66,7.73,7.61,7.71,51221756
2025/6/24,sh.600048,7.73,7.80,7.70,7.80,69721928
2025/6/25,sh.600048,7.79,7.89,7.75,7.88,79252471
2025/6/26,sh.600048,7.88,7.90,7.85,7.87,66668050
2025/6/27,sh.600048,7.87,8.03,7.86,7.88,95197560
2025/6/30,sh.600048,7.89,8.00,7.86,7.93,62953381
2025/7/1,sh.600048,7.94,7.95,7.82,7.85,91430793
2025/7/2,sh.600048,7.86,7.93,7.83,7.91,82613610
2025/7/3,sh.600048,7.92,8.00,7.90,7.94,82263441
2025/7/4,sh.600048,7.93,7.96,7.89,7.90,83667605
2025/7/7,sh.600048,7.88,8.03,7.87,7.99,118421200
2025/7/8,sh.600048,7.98,8.05,7.95,8.05,94873807
2025/7/9,sh.600048,8.04,8.08,7.97,7.98,129853810
2025/7/10,sh.600048,7.98,8.25,7.97,8.16,225925590
2025/7/11,sh.600048,8.16,8.20,8.08,8.08,144120627
2025/7/14,sh.600048,8.07,8.12,7.96,7.97,140926898
2025/7/15,sh.600048,7.94,7.96,7.78,7.84,172667019
2025/7/16,sh.600048,7.82,7.87,7.78,7.81,91855387
2025/7/17,sh.600048,7.81,7.84,7.78,7.82,66262787
2025/7/18,sh.600048,7.83,7.85,7.81,7.85,74775872
2025/7/21,sh.600048,7.85,7.89,7.83,7.88,98304955
2025/7/22,sh.600048,7.89,8.05,7.82,8.03,201934509
2025/7/23,sh.600048,8.03,8.17,8.00,8.03,196546305
2025/7/24,sh.600048,8.01,8.20,8.01,8.16,216083409
2025/7/25,sh.600048,8.15,8.29,8.12,8.20,180213331
2025/7/28,sh.600048,8.20,8.37,8.07,8.31,189697254
2025/7/29,sh.600048,8.30,8.33,8.19,8.24,133682997
2025/7/30,sh.600048,8.22,8.34,8.13,8.14,165038835
2025/7/31,sh.600048,8.10,8.13,7.78,7.81,286959825
2025/8/1,sh.600048,7.80,7.84,7.75,7.78,111441292
2025/8/4,sh.600048,7.82,7.82,7.76,7.82,89911883
2025/8/5,sh.600048,7.82,7.88,7.80,7.87,100854527
2025/8/6,sh.600048,7.86,7.86,7.80,7.84,79003224
2025/8/7,sh.600048,7.83,7.88,7.78,7.87,113334525
2025/8/8,sh.600048,7.85,7.87,7.81,7.84,74432362
2025/8/11,sh.600048,7.87,7.92,7.86,7.86,112944649
2025/8/12,sh.600048,7.86,7.90,7.84,7.85,97401443
2025/8/13,sh.600048,7.87,7.88,7.81,7.83,107251058
2025/8/14,sh.600048,7.84,7.96,7.82,7.84,192971875
2025/8/15,sh.600048,7.84,8.02,7.82,7.98,263836630
2025/8/18,sh.600048,7.99,8.01,7.86,7.86,224015573
2025/8/19,sh.600048,7.89,7.95,7.81,7.82,266059421
2025/8/20,sh.600048,7.83,7.93,7.77,7.87,172426623
2025/8/21,sh.600048,7.88,7.98,7.85,7.93,175059733
2025/8/22,sh.600048,7.92,7.97,7.87,7.96,140611753
2025/8/25,sh.600048,8.00,8.55,7.99,8.30,524658268
2025/8/26,sh.600048,8.26,8.27,8.18,8.22,187156670
2025/8/27,sh.600048,8.20,8.22,7.97,7.98,261176653
2025/8/28,sh.600048,7.99,8.04,7.86,7.96,200020991
2025/8/29,sh.600048,8.05,8.10,7.92,7.96,307803522
2025/9/1,sh.600048,7.96,8.01,7.86,7.89,256017481
2025/9/2,sh.600048,7.87,7.91,7.77,7.82,221099231
2025/9/3,sh.600048,7.83,7.85,7.68,7.73,176382386
2025/9/4,sh.600048,7.72,7.76,7.68,7.72,128539301
2025/9/5,sh.600048,7.72,7.75,7.69,7.74,136911327
2025/9/8,sh.600048,7.78,7.83,7.73,7.76,236123083
2025/9/9,sh.600048,7.78,7.89,7.75,7.88,284201696
2025/9/10,sh.600048,7.85,7.85,7.79,7.83,145072006
2025/9/11,sh.600048,7.80,7.82,7.75,7.82,159568744
2025/9/12,sh.600048,7.83,8.00,7.83,7.87,292658891
2025/9/15,sh.600048,7.86,7.97,7.81,7.96,247235797
2025/9/16,sh.600048,7.94,8.01,7.88,7.98,190679653
2025/9/17,sh.600048,7.96,8.03,7.90,8.00,203985378
2025/9/18,sh.600048,7.95,7.96,7.73,7.76,260694783
2025/9/19,sh.600048,7.77,7.95,7.69,7.93,261128175
2025/9/22,sh.600048,7.86,7.89,7.78,7.82,174040579
2025/9/23,sh.600048,7.76,7.78,7.58,7.62,194020300
2025/9/24,sh.600048,7.58,7.78,7.57,7.66,146177628
2025/9/25,sh.600048,7.64,7.69,7.59,7.66,142392293
2025/9/26,sh.600048,7.63,7.90,7.62,7.72,215922863
2025/9/29,sh.600048,7.70,7.78,7.61,7.72,162946345
2025/9/30,sh.600048,7.70,7.88,7.69,7.86,250893219
2025/10/9,sh.600048,7.82,7.89,7.62,7.88,274502587
2025/10/10,sh.600048,7.79,8.00,7.78,7.93,232527851
2025/10/13,sh.600048,7.78,7.96,7.71,7.89,238758212
2025/10/14,sh.600048,7.88,7.99,7.84,7.88,188776577
2025/10/15,sh.600048,7.86,7.92,7.78,7.87,137128713
2025/10/16,sh.600048,7.84,7.87,7.77,7.82,131681820
2025/10/17,sh.600048,7.81,7.91,7.74,7.75,179760804
2025/10/20,sh.600048,7.78,7.80,7.69,7.71,118655815
2025/10/21,sh.600048,7.71,7.77,7.68,7.72,128550186
2025/10/22,sh.600048,7.64,7.71,7.56,7.58,251663627
2025/10/23,sh.600048,7.58,7.59,7.44,7.51,161392323
2025/10/24,sh.600048,7.50,7.52,7.47,7.49,86630223
2025/10/27,sh.600048,7.50,7.51,7.47,7.48,105048850
2025/10/28,sh.600048,7.48,7.49,7.41,7.42,116844651
2025/10/29,sh.600048,7.42,7.44,7.36,7.44,116082370
2025/10/30,sh.600048,7.42,7.44,7.32,7.33,154201400
2025/10/31,sh.600048,7.33,7.35,7.31,7.33,92004060
2025/11/3,sh.600048,7.35,7.35,7.27,7.30,90224231
2025/11/4,sh.600048,7.28,7.29,7.19,7.21,141893065
2025/11/5,sh.600048,7.15,7.21,7.13,7.18,81714927
2025/11/6,sh.600048,7.16,7.19,7.15,7.17,84661262
2025/11/7,sh.600048,7.15,7.23,7.15,7.18,82669344
2025/11/10,sh.600048,7.21,7.28,7.19,7.27,123597163
2025/11/11,sh.600048,7.28,7.32,7.25,7.29,102921703
2025/11/12,sh.600048,7.30,7.31,7.26,7.27,79832772
2025/11/13,sh.600048,7.26,7.29,7.21,7.28,83074570
2025/11/14,sh.600048,7.26,7.31,7.25,7.25,101066144
2025/11/17,sh.600048,7.24,7.27,7.23,7.25,72601260
2025/11/18,sh.600048,7.24,7.25,7.08,7.08,155128810
2025/11/19,sh.600048,7.08,7.09,6.93,6.95,151027509
2025/11/20,sh.600048,6.95,7.18,6.86,7.07,248897336
2025/11/21,sh.600048,6.99,7.07,6.93,6.93,126738095
2025/11/24,sh.600048,6.93,7.06,6.93,7.00,109507754
2025/11/25,sh.600048,6.99,7.03,6.95,6.98,84410192
2025/11/26,sh.600048,6.98,6.99,6.87,6.87,106039305
2025/11/27,sh.600048,6.77,6.83,6.66,6.77,129022053
2025/11/28,sh.600048,6.75,6.78,6.68,6.76,98394984
2025/12/1,sh.600048,6.72,6.75,6.61,6.62,169290928
2025/12/2,sh.600048,6.62,6.65,6.58,6.59,95153412
2025/12/3,sh.600048,6.59,6.61,6.45,6.46,139391720
2025/12/4,sh.600048,6.46,6.59,6.45,6.48,114628874
2025/12/5,sh.600048,6.46,6.54,6.38,6.53,166957678
2025/12/8,sh.600048,6.49,6.57,6.49,6.51,103998342
2025/12/9,sh.600048,6.49,6.50,6.34,6.35,144994040
2025/12/10,sh.600048,6.34,6.82,6.28,6.68,299773707
2025/12/11,sh.600048,6.58,6.58,6.41,6.42,189509622
2025/12/12,sh.600048,6.46,6.53,6.40,6.42,161917428
2025/12/15,sh.600048,6.32,6.38,6.26,6.27,163874913
2025/12/16,sh.600048,6.27,6.35,6.25,6.28,125496127
2025/12/17,sh.600048,6.27,6.31,6.19,6.28,120152970
2025/12/18,sh.600048,6.25,6.29,6.23,6.25,94118234
2025/12/19,sh.600048,6.24,6.35,6.23,6.33,134527857
2025/12/22,sh.600048,6.31,6.37,6.27,6.34,106653695
2025/12/23,sh.600048,6.31,6.32,6.26,6.27,81466117
2025/12/24,sh.600048,6.27,6.30,6.23,6.26,105848211
2025/12/25,sh.600048,6.28,6.31,6.24,6.28,65935549
2025/12/26,sh.600048,6.26,6.30,6.25,6.26,71982286
2025/12/29,sh.600048,6.26,6.29,6.18,6.19,120408077
2025/12/30,sh.600048,6.18,6.18,6.09,6.09,114675553
2025/12/31,sh.600048,6.13,6.15,6.08,6.10,82620724
2026/1/5,sh.600048,6.11,6.38,6.10,6.32,251858719
2026/1/6,sh.600048,6.30,6.55,6.28,6.48,248151525
2026/1/7,sh.600048,6.47,6.51,6.38,6.39,142852922
2026/1/8,sh.600048,6.38,6.64,6.34,6.59,225580415
2026/1/9,sh.600048,6.57,6.63,6.49,6.57,171997221
2026/1/12,sh.600048,6.52,6.58,6.49,6.51,149782242
2026/1/13,sh.600048,6.51,6.61,6.46,6.47,169011206
2026/1/14,sh.600048,6.45,6.53,6.27,6.29,254157348
2026/1/15,sh.600048,6.33,6.52,6.32,6.39,222547330
2026/1/16,sh.600048,6.42,6.44,6.21,6.23,195001296
2026/1/19,sh.600048,6.21,6.30,6.16,6.26,120088421
2026/1/20,sh.600048,6.29,6.68,6.28,6.53,420305377
2026/1/21,sh.600048,6.51,6.57,6.43,6.50,210906391
2026/1/22,sh.600048,6.51,6.65,6.42,6.58,520200411
2026/1/23,sh.600048,6.56,6.74,6.51,6.71,368266073
2026/1/26,sh.600048,6.66,6.76,6.62,6.65,240396199
2026/1/27,sh.600048,6.66,6.70,6.54,6.60,193873529
2026/1/28,sh.600048,6.66,6.90,6.64,6.80,358121802
2026/1/29,sh.600048,6.79,7.20,6.76,7.11,438362691
2026/1/30,sh.600048,7.05,7.08,6.79,6.81,321733736
2026/2/2,sh.600048,6.70,6.87,6.62,6.63,222322400
2026/2/3,sh.600048,6.70,6.81,6.67,6.80,167439385
2026/2/4,sh.600048,6.76,7.22,6.75,7.19,397289994
2026/2/5,sh.600048,7.14,7.25,7.11,7.17,190935006
2026/2/6,sh.600048,7.11,7.15,6.97,6.98,190975679
2026/2/9,sh.600048,7.01,7.29,6.99,7.08,233919168
2026/2/10,sh.600048,7.06,7.08,6.88,6.89,184071088
2026/2/11,sh.600048,6.87,6.92,6.82,6.88,97494623
2026/2/12,sh.600048,6.89,6.97,6.81,6.81,106589667
2026/2/13,sh.600048,6.83,6.85,6.71,6.74,114321623
2026/2/24,sh.600048,6.75,6.82,6.71,6.79,109356222
2026/2/25,sh.600048,6.80,7.11,6.80,6.96,247466030
2026/2/26,sh.600048,6.93,6.95,6.74,6.77,184826675
2026/2/27,sh.600048,6.77,6.82,6.74,6.80,87067521
2026/3/2,sh.600048,6.72,6.90,6.70,6.79,151949718
2026/3/3,sh.600048,6.78,6.84,6.67,6.68,144782030
2026/3/4,sh.600048,6.66,6.70,6.52,6.59,169397856
2026/3/5,sh.600048,6.65,6.68,6.54,6.57,106723059
2026/3/6,sh.600048,6.55,6.58,6.41,6.53,154413258
2026/3/9,sh.600048,6.42,6.44,6.28,6.35,174962443
2026/3/10,sh.600048,6.38,6.40,6.31,6.35,99120331
2026/3/11,sh.600048,6.34,6.43,6.32,6.39,95373043
2026/3/12,sh.600048,6.38,6.45,6.35,6.39,109730924
2026/3/13,sh.600048,6.43,6.65,6.43,6.46,205645825
2026/3/16,sh.600048,6.50,6.61,6.45,6.46,125586917
2026/3/17,sh.600048,6.48,6.64,6.47,6.50,184780561
2026/3/18,sh.600048,6.50,6.51,6.34,6.36,138933839
2026/3/19,sh.600048,6.31,6.35,6.22,6.24,102131709
2026/3/20,sh.600048,6.25,6.28,6.16,6.16,77075252
2026/3/23,sh.600048,6.11,6.11,5.90,5.92,154343392
2026/3/24,sh.600048,5.97,6.00,5.88,5.97,97085144
2026/3/25,sh.600048,5.97,6.03,5.95,6.01,90829309
2026/3/26,sh.600048,6.01,6.03,5.88,5.88,82054257
2026/3/27,sh.600048,5.83,5.90,5.81,5.89,67267070
2026/3/30,sh.600048,5.82,5.86,5.77,5.84,75140683
2026/3/31,sh.600048,5.85,5.93,5.79,5.82,82156948
2026/4/1,sh.600048,5.88,5.91,5.83,5.89,69500465
2026/4/2,sh.600048,5.87,5.87,5.68,5.70,125861948
2026/4/3,sh.600048,5.71,5.73,5.50,5.51,123636393
2026/4/7,sh.600048,5.51,5.55,5.47,5.50,66534437
2026/4/8,sh.600048,5.59,5.70,5.59,5.70,112129864
2026/4/9,sh.600048,5.65,5.66,5.53,5.57,108841016
2026/4/10,sh.600048,5.58,5.65,5.57,5.60,83815448
2026/4/13,sh.600048,5.55,5.77,5.54,5.73,146171562
2026/4/14,sh.600048,5.78,5.96,5.74,5.95,178158601
2026/4/15,sh.600048,5.95,6.09,5.86,5.94,149630133
2026/4/16,sh.600048,5.93,6.03,5.91,5.97,70092281
2026/4/17,sh.600048,5.98,6.16,5.96,6.07,141425564
2026/4/20,sh.600048,6.06,6.06,5.88,5.94,110657910
2026/4/21,sh.600048,5.93,6.00,5.91,5.97,71136104
2026/4/22,sh.600048,5.94,6.00,5.90,5.93,67225501
2026/4/23,sh.600048,5.93,5.93,5.85,5.87,64080571
2026/4/24,sh.600048,5.84,5.86,5.69,5.74,101028485
2026/4/27,sh.600048,5.75,5.80,5.71,5.78,68359812
2026/4/28,sh.600048,5.86,6.09,5.85,6.03,214819991
2026/4/29,sh.600048,5.99,6.17,5.99,6.14,150412225
2026/4/30,sh.600048,6.11,6.20,6.04,6.14,117567446
2026/5/6,sh.600048,6.19,6.48,6.16,6.40,232720458
2026/5/7,sh.600048,6.40,6.45,6.35,6.40,136794202
2026/5/8,sh.600048,6.38,6.50,6.33,6.43,135449192
2026/5/11,sh.600048,6.43,6.86,6.40,6.64,324231402
2026/5/12,sh.600048,6.64,6.72,6.55,6.62,220667845
2026/5/13,sh.600048,6.58,6.59,6.44,6.51,166734007
2026/5/14,sh.600048,6.56,6.59,6.29,6.32,132724967
2026/5/15,sh.600048,6.32,6.34,6.16,6.21,98413697
2026/5/18,sh.600048,6.19,6.20,6.00,6.05,136196748
2026/5/19,sh.600048,6.05,6.20,6.05,6.17,107233168
2026/5/20,sh.600048,6.15,6.16,6.01,6.08,82137423
2026/5/21,sh.600048,6.09,6.15,5.85,5.87,131829129
2026/5/22,sh.600048,5.90,5.91,5.80,5.82,93367022
2026/5/25,sh.600048,5.79,5.96,5.79,5.87,80232962
2026/5/26,sh.600048,5.85,5.88,5.76,5.85,107676304
2026/5/27,sh.600048,5.83,5.84,5.61,5.67,119410073
2026/5/28,sh.600048,5.65,5.79,5.58,5.61,111099827
2026/5/29,sh.600048,5.64,6.02,5.63,5.77,266939583
2026/6/1,sh.600048,5.72,5.84,5.66,5.74,160288800
2026/6/2,sh.600048,5.74,5.78,5.56,5.60,173085389
2026/6/3,sh.600048,5.58,5.58,5.43,5.50,161641216
2026/6/4,sh.600048,5.48,5.52,5.31,5.38,172212217
2026/6/5,sh.600048,5.40,5.51,5.35,5.36,110133413
