date,code,open,high,low,close,volume
1993/8/27,sh.600600,8.06,8.22,7.23,7.52,16822600
1993/8/30,sh.600600,7.36,7.36,7.08,7.12,3293700
1993/8/31,sh.600600,7.08,7.18,6.88,6.93,3106200
1993/9/1,sh.600600,6.90,6.96,6.89,6.94,2427800
1993/9/2,sh.600600,6.98,7.04,6.93,7.00,1281700
1993/9/3,sh.600600,7.04,7.07,6.98,7.03,1950000
1993/9/6,sh.600600,7.07,7.09,6.81,7.03,2337400
1993/9/7,sh.600600,7.02,7.02,6.75,6.77,804700
1993/9/8,sh.600600,6.77,6.85,6.51,6.58,1053300
1993/9/9,sh.600600,6.59,6.62,6.29,6.37,1738000
1993/9/10,sh.600600,6.37,6.41,6.28,6.38,964600
1993/9/13,sh.600600,6.23,6.32,5.91,6.02,1577600
1993/9/14,sh.600600,6.02,6.02,5.90,5.99,1037000
1993/9/15,sh.600600,5.99,5.99,5.94,5.94,785000
1993/9/16,sh.600600,5.94,5.95,5.83,5.83,958100
1993/9/17,sh.600600,5.83,5.83,5.50,5.72,1228700
1993/9/20,sh.600600,5.66,5.66,5.53,5.63,849200
1993/9/21,sh.600600,5.64,6.20,5.64,6.10,2348100
1993/9/22,sh.600600,6.14,6.16,5.95,5.99,1115000
1993/9/23,sh.600600,6.06,6.07,5.96,6.02,773700
1993/9/24,sh.600600,5.90,6.22,5.70,5.87,1663200
1993/9/27,sh.600600,5.75,5.91,5.75,5.85,522900
1993/9/28,sh.600600,5.88,5.90,5.80,5.87,636900
1993/9/29,sh.600600,6.04,6.05,5.83,5.84,656800
1993/9/30,sh.600600,5.80,5.88,5.71,5.83,626500
1993/10/4,sh.600600,5.86,5.88,5.75,5.76,530900
1993/10/5,sh.600600,5.76,5.84,5.72,5.75,544100
1993/10/6,sh.600600,5.78,5.78,5.38,5.60,941500
1993/10/7,sh.600600,5.63,6.13,5.58,5.64,1847400
1993/10/8,sh.600600,5.64,5.74,5.43,5.43,1261300
1993/10/11,sh.600600,5.54,5.64,5.46,5.52,1306400
1993/10/12,sh.600600,5.53,5.63,5.47,5.59,886800
1993/10/13,sh.600600,5.64,5.83,5.46,5.48,1777100
1993/10/14,sh.600600,5.52,5.67,5.48,5.51,708800
1993/10/15,sh.600600,5.53,5.59,5.49,5.51,455900
1993/10/18,sh.600600,5.48,5.51,5.19,5.31,858000
1993/10/19,sh.600600,5.32,5.40,5.27,5.32,647700
1993/10/20,sh.600600,5.32,5.37,5.27,5.32,629700
1993/10/21,sh.600600,5.32,5.32,5.18,5.20,543900
1993/10/22,sh.600600,5.20,5.20,4.97,5.02,1152300
1993/10/25,sh.600600,4.88,4.88,4.30,4.73,1275100
1993/10/26,sh.600600,4.72,4.78,4.61,4.66,934200
1993/10/27,sh.600600,4.66,4.73,4.53,4.72,837800
1993/10/28,sh.600600,4.73,5.32,4.62,5.08,1036100
1993/10/29,sh.600600,5.16,5.18,4.84,4.93,1006500
1993/11/1,sh.600600,4.94,4.94,4.84,4.87,454200
1993/11/2,sh.600600,4.89,4.89,4.77,4.81,434000
1993/11/3,sh.600600,4.74,4.80,4.72,4.74,571600
1993/11/4,sh.600600,4.73,4.75,4.62,4.65,815300
1993/11/5,sh.600600,4.65,4.84,4.65,4.78,451100
1993/11/8,sh.600600,4.84,4.93,4.78,4.78,486400
1993/11/9,sh.600600,4.93,4.93,4.78,4.80,352400
1993/11/10,sh.600600,4.80,4.88,3.87,4.66,792800
1993/11/11,sh.600600,4.66,4.82,4.65,4.68,712600
1993/11/12,sh.600600,4.70,4.78,4.69,4.73,538700
1993/11/15,sh.600600,4.78,4.92,4.75,4.86,1571100
1993/11/16,sh.600600,4.89,4.92,4.62,4.72,889000
1993/11/17,sh.600600,4.73,4.86,4.68,4.75,641400
1993/11/18,sh.600600,4.78,4.93,4.75,4.92,2127800
1993/11/19,sh.600600,4.94,4.94,4.86,4.88,1249900
1993/11/22,sh.600600,4.94,5.10,4.90,4.96,1970600
1993/11/23,sh.600600,5.00,5.02,4.84,4.87,1630400
1993/11/24,sh.600600,4.87,4.87,4.73,4.77,1003300
1993/11/25,sh.600600,4.78,5.03,4.73,4.78,1847600
1993/11/26,sh.600600,4.92,5.00,4.79,4.80,2178200
1993/11/29,sh.600600,4.83,4.89,4.73,4.75,1015100
1993/11/30,sh.600600,4.81,5.08,4.77,4.85,2148000
1993/12/1,sh.600600,4.89,4.92,4.78,4.79,845900
1993/12/2,sh.600600,4.84,4.84,4.73,4.77,1059200
1993/12/3,sh.600600,4.81,4.84,4.73,4.78,990000
1993/12/6,sh.600600,4.91,5.31,4.88,5.15,7418200
1993/12/7,sh.600600,5.27,5.29,4.89,4.93,3251100
1993/12/8,sh.600600,5.00,5.08,4.86,4.91,1975700
1993/12/9,sh.600600,5.00,5.02,4.77,4.92,2011600
1993/12/10,sh.600600,4.98,5.29,4.94,5.18,7666700
1993/12/13,sh.600600,5.37,5.58,5.22,5.30,12470200
1993/12/14,sh.600600,5.32,5.42,4.98,5.00,4817000
1993/12/15,sh.600600,4.97,5.05,4.87,4.94,2573100
1993/12/16,sh.600600,4.88,4.94,4.63,4.77,2341400
1993/12/17,sh.600600,4.39,4.72,4.39,4.55,2434200
1993/12/20,sh.600600,4.19,4.30,3.77,4.06,2332600
1993/12/21,sh.600600,4.13,4.39,4.13,4.39,1898300
1993/12/22,sh.600600,4.39,4.51,4.24,4.30,2042500
1993/12/23,sh.600600,4.30,4.46,4.30,4.35,1023500
1993/12/24,sh.600600,4.38,4.45,4.30,4.35,621000
1993/12/27,sh.600600,4.33,4.49,4.33,4.41,1000800
1993/12/28,sh.600600,4.41,4.42,4.26,4.31,745700
1993/12/29,sh.600600,4.30,4.34,4.09,4.12,1160700
1993/12/30,sh.600600,4.11,4.43,4.11,4.28,1658000
1993/12/31,sh.600600,4.34,4.37,4.19,4.24,753500
1994/1/3,sh.600600,4.30,4.35,4.25,4.27,333200
1994/1/4,sh.600600,4.30,4.35,4.27,4.28,428900
1994/1/5,sh.600600,4.31,4.33,4.23,4.28,484800
1994/1/6,sh.600600,4.31,4.31,4.23,4.24,728700
1994/1/7,sh.600600,4.27,4.35,4.27,4.29,1061900
1994/1/10,sh.600600,4.34,4.43,4.33,4.36,1008000
1994/1/11,sh.600600,4.38,4.41,4.24,4.27,692900
1994/1/12,sh.600600,4.30,4.42,4.22,4.27,707000
1994/1/13,sh.600600,4.30,4.37,4.19,4.30,1290100
1994/1/14,sh.600600,4.31,4.32,3.78,4.08,1597000
1994/1/17,sh.600600,4.18,4.22,4.11,4.12,548500
1994/1/18,sh.600600,4.14,4.14,3.86,4.08,547600
1994/1/19,sh.600600,3.98,4.00,3.87,3.92,493800
1994/1/20,sh.600600,3.87,3.92,3.81,3.92,479200
1994/1/21,sh.600600,3.87,3.95,3.84,3.95,484100
1994/1/24,sh.600600,3.98,4.08,3.95,4.08,409600
1994/1/25,sh.600600,4.08,4.16,3.98,3.98,439700
1994/1/26,sh.600600,3.98,4.08,3.98,4.06,317500
1994/1/27,sh.600600,4.05,4.08,4.02,4.02,169400
1994/1/28,sh.600600,4.03,4.06,3.87,3.92,274100
1994/1/31,sh.600600,3.90,3.92,3.80,3.86,400400
1994/2/1,sh.600600,3.84,3.86,3.79,3.81,192100
1994/2/2,sh.600600,3.81,3.92,3.80,3.92,193300
1994/2/3,sh.600600,3.92,4.00,3.90,3.93,493400
1994/2/4,sh.600600,3.98,4.01,3.87,4.01,439500
1994/2/14,sh.600600,4.06,4.08,3.87,3.90,221800
1994/2/15,sh.600600,3.87,3.98,3.87,3.95,223500
1994/2/16,sh.600600,3.98,3.98,3.92,3.94,95400
1994/2/17,sh.600600,3.92,3.95,3.88,3.90,139800
1994/2/18,sh.600600,3.88,3.92,3.87,3.91,137200
1994/2/21,sh.600600,3.90,3.90,3.84,3.86,207400
1994/2/22,sh.600600,3.84,4.03,3.79,3.93,534400
1994/2/23,sh.600600,3.92,3.93,3.86,3.88,227300
1994/2/24,sh.600600,3.90,3.92,3.81,3.88,175300
1994/2/25,sh.600600,3.92,3.97,3.85,3.91,337800
1994/2/28,sh.600600,3.92,3.92,3.81,3.84,626000
1994/3/1,sh.600600,3.81,3.87,3.78,3.78,279700
1994/3/2,sh.600600,3.79,3.81,3.72,3.75,332900
1994/3/3,sh.600600,3.73,3.75,3.68,3.71,300600
1994/3/4,sh.600600,3.73,3.73,3.63,3.63,313600
1994/3/7,sh.600600,3.61,3.65,3.55,3.58,48300
1994/3/8,sh.600600,3.66,3.76,3.58,3.68,507000
1994/3/9,sh.600600,3.77,3.81,3.70,3.81,1324400
1994/3/10,sh.600600,3.80,3.80,3.49,3.60,718500
1994/3/11,sh.600600,3.65,3.68,3.57,3.66,435800
1994/3/14,sh.600600,3.76,4.02,3.71,3.95,1752600
1994/3/15,sh.600600,4.03,4.07,3.79,3.81,1247900
1994/3/16,sh.600600,3.70,3.81,3.70,3.78,507700
1994/3/17,sh.600600,3.84,3.84,3.71,3.73,624000
1994/3/18,sh.600600,3.76,3.92,3.73,3.87,2255000
1994/3/21,sh.600600,3.87,3.87,3.61,3.63,787700
1994/3/22,sh.600600,3.65,3.69,3.57,3.63,356400
1994/3/23,sh.600600,3.63,3.65,3.57,3.59,417000
1994/3/24,sh.600600,3.59,3.62,3.55,3.57,338600
1994/3/25,sh.600600,3.57,3.60,3.54,3.57,485500
1994/3/28,sh.600600,3.38,3.54,3.37,3.47,372400
1994/3/29,sh.600600,3.47,3.49,3.44,3.48,278200
1994/3/30,sh.600600,3.50,3.54,3.47,3.48,316700
1994/3/31,sh.600600,3.49,3.50,3.43,3.44,347200
1994/4/1,sh.600600,3.43,3.44,3.36,3.44,342300
1994/4/4,sh.600600,3.42,3.42,3.33,3.33,374100
1994/4/5,sh.600600,3.32,3.34,3.22,3.23,345400
1994/4/6,sh.600600,3.22,3.23,3.17,3.19,363500
1994/4/7,sh.600600,3.17,3.44,2.96,3.43,3213400
1994/4/8,sh.600600,3.36,3.41,3.28,3.36,1390300
1994/4/11,sh.600600,3.36,3.40,3.22,3.33,806600
1994/4/12,sh.600600,3.25,3.33,3.21,3.28,273100
1994/4/13,sh.600600,3.33,3.33,3.01,3.07,2984900
1994/4/14,sh.600600,3.06,3.15,3.00,3.06,837400
1994/4/15,sh.600600,3.01,3.06,2.81,2.99,749500
1994/4/18,sh.600600,2.98,2.98,2.80,2.82,516000
1994/4/19,sh.600600,2.74,2.82,2.69,2.70,429300
1994/4/20,sh.600600,2.68,2.68,2.41,2.51,663100
1994/4/21,sh.600600,2.42,2.80,2.36,2.74,1059600
1994/4/22,sh.600600,2.75,2.78,2.54,2.60,1403300
1994/4/25,sh.600600,2.51,2.67,2.51,2.62,384400
1994/4/26,sh.600600,2.64,2.74,2.63,2.71,411300
1994/4/27,sh.600600,2.74,2.74,2.71,2.74,691500
1994/4/28,sh.600600,2.74,2.74,2.74,2.74,INVALID
1994/4/29,sh.600600,2.86,3.16,2.86,3.05,4756200
1994/5/3,sh.600600,3.06,3.14,2.96,3.12,2457000
1994/5/4,sh.600600,3.11,3.18,3.09,3.18,3069700
1994/5/5,sh.600600,3.17,3.20,3.00,3.15,2330700
1994/5/6,sh.600600,3.22,3.23,3.01,3.06,1422100
1994/5/9,sh.600600,3.05,3.05,2.93,2.94,336400
1994/5/10,sh.600600,2.98,3.05,2.96,3.02,487300
1994/5/11,sh.600600,3.02,3.07,2.96,3.01,542800
1994/5/12,sh.600600,2.94,2.98,2.84,2.92,335800
1994/5/13,sh.600600,2.90,2.91,2.79,2.90,324000
1994/5/16,sh.600600,2.93,2.96,2.90,2.93,145200
1994/5/17,sh.600600,2.90,2.93,2.85,2.89,71700
1994/5/18,sh.600600,2.89,2.90,2.85,2.85,107500
1994/5/19,sh.600600,2.86,2.87,2.80,2.85,176800
1994/5/20,sh.600600,2.90,2.90,2.85,2.87,104200
1994/5/23,sh.600600,2.87,2.89,2.83,2.83,115500
1994/5/24,sh.600600,2.82,2.85,2.80,2.82,85100
1994/5/25,sh.600600,2.83,2.94,2.83,2.89,138100
1994/5/26,sh.600600,2.90,2.90,2.84,2.84,155700
1994/5/27,sh.600600,2.80,2.89,2.74,2.89,258600
1994/5/30,sh.600600,2.79,2.79,2.63,2.70,238900
1994/5/31,sh.600600,2.68,2.73,2.63,2.73,271800
1994/6/1,sh.600600,2.71,2.73,2.71,2.71,132800
1994/6/2,sh.600600,2.69,2.71,2.68,2.69,159100
1994/6/3,sh.600600,2.70,2.72,2.69,2.69,168900
1994/6/6,sh.600600,2.79,2.79,2.64,2.68,103700
1994/6/7,sh.600600,2.68,2.68,2.57,2.60,130500
1994/6/8,sh.600600,2.58,2.62,2.55,2.61,158600
1994/6/9,sh.600600,2.61,2.68,2.55,2.60,120000
1994/6/10,sh.600600,2.55,2.58,2.51,2.53,184100
1994/6/13,sh.600600,2.48,2.50,2.26,2.39,154000
1994/6/14,sh.600600,2.39,2.42,2.37,2.40,164900
1994/6/15,sh.600600,2.79,2.79,2.51,2.70,1946300
1994/6/16,sh.600600,2.70,2.70,2.70,2.70,INVALID
1994/6/17,sh.600600,2.58,2.78,2.58,2.73,985300
1994/6/20,sh.600600,2.69,2.71,2.53,2.55,646100
1994/6/21,sh.600600,2.53,2.54,2.49,2.53,245100
1994/6/22,sh.600600,2.53,2.56,2.51,2.54,157600
1994/6/23,sh.600600,2.53,2.55,2.53,2.54,172300
1994/6/24,sh.600600,2.54,2.54,2.48,2.49,306500
1994/6/27,sh.600600,2.40,2.40,2.29,2.33,472800
1994/6/28,sh.600600,2.33,2.34,2.30,2.33,204900
1994/6/29,sh.600600,2.32,2.34,2.31,2.33,156200
1994/6/30,sh.600600,2.30,2.37,2.30,2.35,166900
1994/7/1,sh.600600,2.36,2.39,2.32,2.34,175900
1994/7/4,sh.600600,2.24,2.29,2.24,2.26,133500
1994/7/5,sh.600600,2.26,2.29,2.26,2.29,99400
1994/7/6,sh.600600,2.29,2.31,2.26,2.26,102800
1994/7/7,sh.600600,2.26,2.28,2.23,2.25,117700
1994/7/8,sh.600600,2.27,2.29,2.24,2.28,148600
1994/7/11,sh.600600,2.31,2.31,2.25,2.28,136400
1994/7/12,sh.600600,2.28,2.34,2.26,2.28,219600
1994/7/13,sh.600600,2.30,2.32,2.29,2.30,110900
1994/7/14,sh.600600,2.30,2.33,2.27,2.28,213300
1994/7/15,sh.600600,2.28,2.28,2.22,2.23,288600
1994/7/18,sh.600600,2.17,2.20,2.16,2.16,144100
1994/7/19,sh.600600,2.18,2.19,2.14,2.19,164200
1994/7/20,sh.600600,2.19,2.19,2.12,2.13,125000
1994/7/21,sh.600600,2.12,2.12,2.01,2.05,247000
1994/7/22,sh.600600,2.06,2.06,1.90,1.95,357500
1994/7/25,sh.600600,1.94,1.97,1.85,1.97,399500
1994/7/26,sh.600600,2.00,2.04,1.94,2.03,524500
1994/7/27,sh.600600,2.01,2.06,1.90,1.91,454700
1994/7/28,sh.600600,1.91,1.94,1.71,1.77,367400
1994/7/29,sh.600600,1.75,1.77,1.70,1.72,368300
1994/8/1,sh.600600,2.18,2.37,1.90,2.29,2489100
1994/8/2,sh.600600,2.34,2.57,2.02,2.02,2619500
1994/8/3,sh.600600,2.23,2.79,2.15,2.79,4595600
1994/8/4,sh.600600,2.96,3.18,2.82,2.96,7768900
1994/8/5,sh.600600,3.08,3.82,3.02,3.80,11981600
1994/8/8,sh.600600,3.97,4.74,3.68,4.10,12573700
1994/8/9,sh.600600,4.10,4.10,3.35,3.45,6589600
1994/8/10,sh.600600,3.49,4.18,3.29,4.13,9949800
1994/8/11,sh.600600,4.31,4.38,3.74,3.84,11347800
1994/8/12,sh.600600,3.74,4.00,3.64,3.74,3413800
1994/8/15,sh.600600,3.63,3.67,3.41,3.49,2879500
1994/8/16,sh.600600,3.37,3.82,3.37,3.67,3211100
1994/8/17,sh.600600,3.79,3.79,3.57,3.74,5104400
1994/8/18,sh.600600,3.90,4.28,3.86,3.95,6219400
1994/8/19,sh.600600,3.95,3.99,3.63,3.71,4906300
1994/8/22,sh.600600,3.51,3.63,3.50,3.56,2073600
1994/8/23,sh.600600,3.52,3.66,3.50,3.66,1280700
1994/8/24,sh.600600,3.71,3.71,3.57,3.57,1362400
1994/8/25,sh.600600,3.52,3.61,3.52,3.52,903300
1994/8/26,sh.600600,3.57,3.65,3.49,3.51,1673500
1994/8/29,sh.600600,3.51,3.57,3.40,3.43,863700
1994/8/30,sh.600600,3.43,3.82,3.43,3.60,3411200
1994/8/31,sh.600600,3.69,3.99,3.63,3.79,9833200
1994/9/1,sh.600600,3.91,3.96,3.71,3.71,4381600
1994/9/2,sh.600600,3.79,3.88,3.66,3.79,2959100
1994/9/5,sh.600600,3.96,4.18,3.87,4.16,12674000
1994/9/6,sh.600600,4.29,4.35,4.03,4.23,11291200
1994/9/7,sh.600600,4.13,4.31,3.65,3.79,6104800
1994/9/8,sh.600600,3.90,3.95,3.76,3.79,2703400
1994/9/9,sh.600600,3.80,3.88,3.60,3.69,2984000
1994/9/12,sh.600600,3.90,3.95,3.79,3.89,3519600
1994/9/13,sh.600600,3.96,4.29,3.96,4.13,14195400
1994/9/14,sh.600600,4.33,4.60,4.02,4.18,23728400
1994/9/15,sh.600600,4.45,4.45,3.89,4.13,8135400
1994/9/16,sh.600600,4.24,4.26,3.92,4.02,3757800
1994/9/19,sh.600600,3.73,3.97,3.73,3.78,2199800
1994/9/20,sh.600600,3.73,3.83,3.63,3.65,1975700
1994/9/21,sh.600600,3.68,3.79,3.68,3.78,2180700
1994/9/22,sh.600600,3.84,3.84,3.49,3.51,1965100
1994/9/23,sh.600600,3.58,3.58,3.29,3.29,3194100
1994/9/26,sh.600600,3.30,3.40,3.26,3.37,1714400
1994/9/27,sh.600600,3.40,3.47,3.35,3.37,1501000
1994/9/28,sh.600600,3.40,3.56,3.40,3.46,1799600
1994/9/29,sh.600600,3.57,3.57,3.01,3.15,1605500
1994/9/30,sh.600600,3.01,3.23,2.96,3.04,2005800
1994/10/5,sh.600600,2.98,2.98,2.57,2.68,1564100
1994/10/6,sh.600600,2.79,2.84,2.51,2.51,1129100
1994/10/7,sh.600600,2.51,2.87,2.16,2.73,3302700
1994/10/10,sh.600600,2.51,2.65,2.35,2.54,1683200
1994/10/11,sh.600600,2.57,2.64,2.51,2.57,697500
1994/10/12,sh.600600,2.59,2.63,2.55,2.56,814100
1994/10/13,sh.600600,2.54,2.57,2.29,2.36,966400
1994/10/14,sh.600600,2.24,2.43,2.24,2.40,1794500
1994/10/17,sh.600600,2.26,2.36,2.26,2.34,776300
1994/10/18,sh.600600,2.39,2.39,2.32,2.36,322000
1994/10/19,sh.600600,2.38,2.50,2.37,2.46,1192300
1994/10/20,sh.600600,2.50,2.67,2.46,2.65,1591400
1994/10/21,sh.600600,2.68,2.68,2.52,2.54,1708400
1994/10/24,sh.600600,2.62,2.76,2.58,2.76,2556100
1994/10/25,sh.600600,2.82,2.94,2.59,2.68,7326000
1994/10/26,sh.600600,2.60,2.61,2.43,2.43,2062800
1994/10/27,sh.600600,2.44,2.53,2.43,2.50,893000
1994/10/28,sh.600600,2.48,2.55,2.45,2.49,1165500
1994/10/31,sh.600600,2.45,2.48,2.37,2.44,859000
1994/11/1,sh.600600,2.47,2.51,2.43,2.48,438400
1994/11/2,sh.600600,2.43,2.53,2.43,2.50,702800
1994/11/3,sh.600600,2.53,2.64,2.51,2.62,2167000
1994/11/4,sh.600600,2.62,2.62,2.43,2.47,1170100
1994/11/7,sh.600600,2.43,2.50,2.40,2.47,435200
1994/11/8,sh.600600,2.51,2.68,2.49,2.52,1602400
1994/11/9,sh.600600,2.45,2.54,2.43,2.54,959000
1994/11/10,sh.600600,2.62,2.62,2.45,2.48,889500
1994/11/11,sh.600600,2.54,2.54,2.47,2.52,333500
1994/11/14,sh.600600,2.55,2.57,2.50,2.54,626900
1994/11/15,sh.600600,2.51,2.53,2.44,2.45,675300
1994/11/16,sh.600600,2.45,2.51,2.45,2.45,274700
1994/11/17,sh.600600,2.48,2.48,2.43,2.45,332500
1994/11/18,sh.600600,2.43,2.45,2.43,2.44,292700
1994/11/21,sh.600600,2.48,2.48,2.44,2.47,116900
1994/11/22,sh.600600,2.47,2.49,2.44,2.45,179200
1994/11/23,sh.600600,2.45,2.45,2.42,2.42,196500
1994/11/24,sh.600600,2.44,2.44,2.34,2.40,248900
1994/11/25,sh.600600,2.48,2.49,2.40,2.43,251000
1994/11/28,sh.600600,2.43,2.43,2.40,2.41,75100
1994/11/29,sh.600600,2.40,2.43,2.35,2.43,197500
1994/11/30,sh.600600,2.40,2.43,2.40,2.41,72900
1994/12/1,sh.600600,2.41,2.43,2.41,2.41,59100
1994/12/2,sh.600600,2.40,2.43,2.40,2.40,97900
1994/12/5,sh.600600,2.41,2.41,2.31,2.31,176200
1994/12/6,sh.600600,2.30,2.36,2.29,2.31,283300
1994/12/7,sh.600600,2.30,2.34,2.30,2.31,75200
1994/12/8,sh.600600,2.33,2.33,2.29,2.30,203400
1994/12/9,sh.600600,2.29,2.32,2.28,2.29,136400
1994/12/12,sh.600600,2.28,2.31,2.24,2.25,237600
1994/12/13,sh.600600,2.29,2.34,2.25,2.29,186400
1994/12/14,sh.600600,2.29,2.30,2.28,2.29,97500
1994/12/15,sh.600600,2.29,2.45,2.29,2.43,256900
1994/12/16,sh.600600,2.42,2.50,2.39,2.44,827000
1994/12/19,sh.600600,2.34,2.47,2.33,2.33,240500
1994/12/20,sh.600600,2.33,2.43,2.31,2.33,215000
1994/12/21,sh.600600,2.34,2.37,2.33,2.33,418800
1994/12/22,sh.600600,2.33,2.34,2.26,2.29,550800
1994/12/23,sh.600600,2.29,2.32,2.25,2.28,758600
1994/12/26,sh.600600,2.31,2.33,2.28,2.29,292300
1994/12/27,sh.600600,2.26,2.31,2.26,2.28,324700
1994/12/28,sh.600600,2.31,2.33,2.25,2.26,424000
1994/12/29,sh.600600,2.28,2.29,2.26,2.27,319000
1994/12/30,sh.600600,2.28,2.29,2.26,2.28,153200
1995/1/3,sh.600600,2.26,2.27,2.26,2.26,80500
1995/1/4,sh.600600,2.23,2.30,2.23,2.29,110900
1995/1/5,sh.600600,2.28,2.30,2.26,2.26,81200
1995/1/6,sh.600600,2.26,2.26,2.24,2.26,109500
1995/1/9,sh.600600,2.25,2.30,2.20,2.29,375400
1995/1/10,sh.600600,2.23,2.26,2.20,2.23,206900
1995/1/11,sh.600600,2.23,2.23,2.21,2.22,132400
1995/1/12,sh.600600,2.20,2.23,2.20,2.20,143900
1995/1/13,sh.600600,2.20,2.20,2.18,2.19,157500
1995/1/16,sh.600600,2.18,2.18,2.12,2.12,163800
1995/1/17,sh.600600,2.17,2.17,2.12,2.14,144200
1995/1/18,sh.600600,2.12,2.15,2.09,2.12,187300
1995/1/19,sh.600600,2.14,2.15,2.06,2.06,231700
1995/1/20,sh.600600,2.06,2.09,2.04,2.07,260300
1995/1/23,sh.600600,2.03,2.07,2.01,2.04,240400
1995/1/24,sh.600600,2.06,2.06,1.99,2.02,180000
1995/1/25,sh.600600,2.02,2.12,2.01,2.02,340700
1995/1/26,sh.600600,2.06,2.06,2.01,2.05,256300
1995/1/27,sh.600600,2.06,2.12,2.05,2.11,338600
1995/2/6,sh.600600,2.06,2.11,2.05,2.06,103200
1995/2/7,sh.600600,2.01,2.06,2.01,2.06,124900
1995/2/8,sh.600600,2.06,2.07,2.06,2.07,127700
1995/2/9,sh.600600,2.07,2.14,2.07,2.12,116900
1995/2/10,sh.600600,2.12,2.14,2.09,2.11,238900
1995/2/13,sh.600600,2.12,2.12,2.09,2.11,86200
1995/2/14,sh.600600,2.11,2.12,2.11,2.12,92600
1995/2/15,sh.600600,2.12,2.12,2.09,2.11,76600
1995/2/16,sh.600600,2.11,2.12,2.10,2.11,76800
1995/2/17,sh.600600,2.06,2.12,1.96,2.10,109600
1995/2/20,sh.600600,2.11,2.12,2.10,2.10,80800
1995/2/21,sh.600600,2.12,2.12,2.10,2.11,51200
1995/2/22,sh.600600,2.12,2.30,2.12,2.28,522000
1995/2/23,sh.600600,2.23,2.31,2.13,2.17,444400
1995/2/24,sh.600600,2.25,2.25,2.11,2.12,220300
1995/2/27,sh.600600,2.18,2.23,2.08,2.11,230300
1995/2/28,sh.600600,2.07,2.12,2.07,2.10,122300
1995/3/1,sh.600600,2.11,2.11,2.09,2.11,81900
1995/3/2,sh.600600,2.09,2.13,2.09,2.10,137000
1995/3/3,sh.600600,2.10,2.13,2.10,2.12,226000
1995/3/6,sh.600600,2.15,2.21,2.15,2.21,396800
1995/3/7,sh.600600,2.20,2.23,2.16,2.22,724100
1995/3/8,sh.600600,2.23,2.51,2.23,2.29,2174800
1995/3/9,sh.600600,2.26,2.31,2.18,2.18,661600
1995/3/10,sh.600600,2.21,2.21,2.12,2.13,344900
1995/3/13,sh.600600,2.15,2.20,2.13,2.15,196100
1995/3/14,sh.600600,2.15,2.18,2.15,2.15,144000
1995/3/15,sh.600600,2.16,2.17,2.11,2.12,140400
1995/3/16,sh.600600,2.07,2.12,2.07,2.12,81000
1995/3/17,sh.600600,2.12,2.15,2.09,2.15,167200
1995/3/20,sh.600600,2.15,2.18,2.11,2.12,201300
1995/3/21,sh.600600,2.11,2.15,2.10,2.13,106300
1995/3/22,sh.600600,2.18,2.21,2.14,2.20,322800
1995/3/23,sh.600600,2.23,2.24,2.18,2.20,346400
1995/3/24,sh.600600,2.20,2.20,2.15,2.18,177300
1995/3/27,sh.600600,2.19,2.24,2.19,2.21,437000
1995/3/28,sh.600600,2.23,2.23,2.20,2.21,171000
1995/3/29,sh.600600,2.21,2.23,2.12,2.22,164800
1995/3/30,sh.600600,2.24,2.25,2.17,2.17,249500
1995/3/31,sh.600600,2.18,2.22,2.18,2.21,426200
1995/4/3,sh.600600,2.23,2.23,2.21,2.23,488300
1995/4/4,sh.600600,2.23,2.23,2.21,2.23,264000
1995/4/5,sh.600600,2.23,2.25,2.19,2.23,459000
1995/4/6,sh.600600,2.22,2.26,2.19,2.24,511100
1995/4/7,sh.600600,2.26,2.34,2.24,2.30,1455000
1995/4/10,sh.600600,2.32,2.38,2.29,2.30,938200
1995/4/11,sh.600600,2.28,2.28,2.28,2.28,1000
1995/4/12,sh.600600,2.18,2.23,2.16,2.19,502700
1995/4/13,sh.600600,2.19,2.21,2.16,2.16,271000
1995/4/14,sh.600600,2.15,2.16,2.13,2.16,236500
1995/4/17,sh.600600,2.16,2.20,2.15,2.15,117900
1995/4/18,sh.600600,2.16,2.16,2.13,2.14,169000
1995/4/19,sh.600600,2.16,2.16,2.13,2.16,140700
1995/4/20,sh.600600,2.16,2.18,2.15,2.18,206200
1995/4/21,sh.600600,2.18,2.23,2.15,2.17,363400
1995/4/24,sh.600600,2.16,2.17,2.13,2.13,250100
1995/4/25,sh.600600,2.13,2.15,2.12,2.13,60100
1995/4/26,sh.600600,2.09,2.11,2.06,2.06,187500
1995/4/27,sh.600600,2.01,2.02,1.90,1.95,514900
1995/4/28,sh.600600,1.95,2.00,1.95,2.00,329700
1995/5/2,sh.600600,2.00,2.01,1.98,2.00,103800
1995/5/3,sh.600600,2.01,2.04,2.01,2.01,125300
1995/5/4,sh.600600,2.01,2.01,1.98,1.98,93500
1995/5/5,sh.600600,1.98,2.01,1.98,2.01,143400
1995/5/8,sh.600600,1.96,2.00,1.96,1.99,35100
1995/5/9,sh.600600,2.00,2.04,2.00,2.00,82600
1995/5/10,sh.600600,1.99,2.01,1.97,1.99,75300
1995/5/11,sh.600600,1.99,1.99,1.93,1.93,56800
1995/5/12,sh.600600,1.95,2.00,1.95,1.98,79300
1995/5/15,sh.600600,2.00,2.01,1.96,2.00,61100
1995/5/16,sh.600600,1.96,2.00,1.96,1.98,25400
1995/5/17,sh.600600,1.98,2.00,1.97,1.98,26200
1995/5/18,sh.600600,2.62,2.68,2.16,2.43,3027200
1995/5/19,sh.600600,2.40,2.70,2.39,2.68,4987000
1995/5/22,sh.600600,3.07,3.23,2.81,2.99,6584000
1995/5/23,sh.600600,2.63,2.73,2.34,2.34,3160800
1995/5/24,sh.600600,2.45,2.45,2.26,2.28,1265800
1995/5/25,sh.600600,2.33,2.33,2.19,2.20,891100
1995/5/26,sh.600600,2.12,2.38,2.07,2.24,1249000
1995/5/29,sh.600600,2.25,2.27,2.16,2.25,804000
1995/5/30,sh.600600,2.23,2.28,2.16,2.23,505800
1995/5/31,sh.600600,2.22,2.23,2.12,2.17,279400
1995/6/1,sh.600600,2.20,2.21,2.15,2.21,267100
1995/6/2,sh.600600,2.23,2.28,2.21,2.26,578500
1995/6/5,sh.600600,2.25,2.25,2.16,2.16,262500
1995/6/6,sh.600600,2.12,2.16,2.12,2.15,293700
1995/6/7,sh.600600,2.20,2.24,2.16,2.24,268100
1995/6/8,sh.600600,2.25,2.28,2.16,2.19,400900
1995/6/9,sh.600600,2.20,2.22,2.18,2.20,169100
1995/6/12,sh.600600,2.18,2.26,2.18,2.23,463300
1995/6/13,sh.600600,2.24,2.26,2.21,2.25,967700
1995/6/14,sh.600600,2.23,2.26,2.18,2.20,269300
1995/6/15,sh.600600,2.20,2.20,2.20,2.20,INVALID
1995/6/16,sh.600600,2.06,2.15,2.00,2.10,426200
1995/6/19,sh.600600,2.09,2.10,2.06,2.07,227200
1995/6/20,sh.600600,2.07,2.10,2.06,2.07,174900
1995/6/21,sh.600600,2.07,2.11,2.07,2.09,122500
1995/6/22,sh.600600,2.11,2.11,2.06,2.07,275000
1995/6/23,sh.600600,2.11,2.11,2.06,2.09,236000
1995/6/26,sh.600600,2.09,2.11,2.09,2.11,187900
1995/6/27,sh.600600,2.11,2.14,2.11,2.12,269100
1995/6/28,sh.600600,2.12,2.13,2.10,2.11,105800
1995/6/29,sh.600600,2.11,2.13,2.10,2.10,113300
1995/6/30,sh.600600,2.10,2.13,2.01,2.06,266700
1995/7/3,sh.600600,2.03,2.04,1.98,1.99,348000
1995/7/4,sh.600600,1.99,2.00,1.98,2.00,232000
1995/7/5,sh.600600,2.01,2.03,2.01,2.03,136700
1995/7/6,sh.600600,2.11,2.11,2.03,2.06,443800
1995/7/7,sh.600600,2.03,2.17,2.02,2.17,533900
1995/7/10,sh.600600,2.17,2.17,2.12,2.15,464500
1995/7/11,sh.600600,2.17,2.17,2.10,2.10,482800
1995/7/12,sh.600600,2.09,2.09,2.06,2.08,166500
1995/7/13,sh.600600,2.10,2.11,2.06,2.10,154900
1995/7/14,sh.600600,2.11,2.15,2.09,2.13,406500
1995/7/17,sh.600600,2.13,2.28,2.00,2.23,1469000
1995/7/18,sh.600600,2.24,2.50,2.19,2.50,6319800
1995/7/19,sh.600600,2.46,2.50,2.23,2.26,3760300
1995/7/20,sh.600600,2.22,2.29,2.20,2.24,1006100
1995/7/21,sh.600600,2.25,2.30,2.22,2.26,872300
1995/7/24,sh.600600,2.29,2.47,2.28,2.40,4640400
1995/7/25,sh.600600,2.43,2.46,2.34,2.35,2376700
1995/7/26,sh.600600,2.35,2.39,2.24,2.25,1293900
1995/7/27,sh.600600,2.24,2.31,2.24,2.31,427100
1995/7/28,sh.600600,2.31,2.33,2.27,2.29,880800
1995/7/31,sh.600600,2.31,2.33,2.25,2.30,450000
1995/8/1,sh.600600,2.30,2.35,2.26,2.34,758600
1995/8/2,sh.600600,2.34,2.37,2.24,2.24,1035500
1995/8/3,sh.600600,2.25,2.31,2.25,2.27,397300
1995/8/4,sh.600600,2.29,2.33,2.29,2.31,751000
1995/8/7,sh.600600,2.31,2.39,2.31,2.37,1637400
1995/8/8,sh.600600,2.41,2.44,2.36,2.39,2687800
1995/8/9,sh.600600,2.37,2.38,2.33,2.37,1541200
1995/8/10,sh.600600,2.38,2.52,2.37,2.48,4603000
1995/8/11,sh.600600,2.49,2.57,2.44,2.57,6143500
1995/8/14,sh.600600,2.65,2.79,2.57,2.62,9573700
1995/8/15,sh.600600,2.54,2.64,2.50,2.53,3447600
1995/8/16,sh.600600,2.57,2.91,2.56,2.81,11382500
1995/8/17,sh.600600,2.86,2.94,2.69,2.74,4810600
1995/8/18,sh.600600,2.77,2.78,2.58,2.67,3134700
1995/8/21,sh.600600,2.56,2.66,2.49,2.54,1885000
1995/8/22,sh.600600,2.54,2.57,2.47,2.50,1130300
1995/8/23,sh.600600,2.51,2.55,2.45,2.46,940500
1995/8/24,sh.600600,2.44,2.49,2.34,2.46,1068300
1995/8/25,sh.600600,2.46,2.51,2.40,2.44,880000
1995/8/28,sh.600600,2.46,2.51,2.43,2.47,843300
1995/8/29,sh.600600,2.51,2.52,2.43,2.44,516600
1995/8/30,sh.600600,2.46,2.47,2.40,2.42,492100
1995/8/31,sh.600600,2.43,2.49,2.38,2.49,625000
1995/9/1,sh.600600,2.46,2.55,2.42,2.54,1108700
1995/9/4,sh.600600,2.57,2.57,2.47,2.54,1153600
1995/9/5,sh.600600,2.54,2.55,2.47,2.49,688500
1995/9/6,sh.600600,2.49,2.62,2.46,2.61,1719700
1995/9/7,sh.600600,2.67,2.94,2.67,2.82,14735100
1995/9/8,sh.600600,2.85,2.92,2.75,2.81,5932200
1995/9/11,sh.600600,2.86,2.91,2.79,2.91,4828300
1995/9/12,sh.600600,2.97,3.19,2.96,3.02,13955200
1995/9/13,sh.600600,3.02,3.03,2.90,2.93,5307100
1995/9/14,sh.600600,2.97,2.98,2.86,2.88,3299200
1995/9/15,sh.600600,2.86,2.88,2.77,2.86,2480700
1995/9/18,sh.600600,2.83,2.85,2.77,2.81,1536000
1995/9/19,sh.600600,2.85,2.94,2.74,2.77,3156000
1995/9/20,sh.600600,2.74,2.77,2.65,2.72,1697300
1995/9/21,sh.600600,2.72,2.76,2.71,2.75,737800
1995/9/22,sh.600600,2.77,2.78,2.72,2.75,859200
1995/9/25,sh.600600,2.73,2.83,2.71,2.83,1122500
1995/9/26,sh.600600,2.83,2.87,2.79,2.81,1382200
1995/9/27,sh.600600,2.85,2.87,2.67,2.70,2476100
1995/9/28,sh.600600,2.69,2.77,2.66,2.73,1328900
1995/9/29,sh.600600,2.76,2.77,2.70,2.77,1234600
1995/10/4,sh.600600,2.81,2.81,2.74,2.79,461300
1995/10/5,sh.600600,2.77,2.79,2.75,2.79,416700
1995/10/6,sh.600600,2.81,2.82,2.73,2.74,1064100
1995/10/9,sh.600600,2.69,2.71,2.65,2.66,1112200
1995/10/10,sh.600600,2.63,2.97,2.63,2.70,1990400
1995/10/11,sh.600600,2.60,2.70,2.60,2.67,1350600
1995/10/12,sh.600600,2.69,2.72,2.63,2.65,1933900
1995/10/13,sh.600600,2.63,2.70,2.60,2.66,1387600
1995/10/16,sh.600600,2.62,2.66,2.61,2.62,846100
1995/10/17,sh.600600,2.62,2.65,2.60,2.64,743900
1995/10/18,sh.600600,2.62,2.70,2.62,2.70,1284100
1995/10/19,sh.600600,2.74,2.74,2.59,2.61,1034000
1995/10/20,sh.600600,2.61,2.71,2.59,2.67,973000
1995/10/23,sh.600600,2.69,2.76,2.61,2.75,2568600
1995/10/24,sh.600600,2.77,2.84,2.73,2.80,3995000
1995/10/25,sh.600600,2.97,3.14,2.83,3.06,17156900
1995/10/26,sh.600600,3.03,3.09,2.86,2.86,7590200
1995/10/27,sh.600600,2.91,2.97,2.79,2.83,4777700
1995/10/30,sh.600600,2.84,2.86,2.81,2.83,1201400
1995/10/31,sh.600600,2.85,2.85,2.73,2.76,2202100
1995/11/1,sh.600600,2.74,2.85,2.73,2.81,1595300
1995/11/2,sh.600600,2.80,2.86,2.79,2.81,771700
1995/11/3,sh.600600,2.79,2.83,2.76,2.81,851800
1995/11/6,sh.600600,2.81,2.89,2.80,2.87,1538300
1995/11/7,sh.600600,2.86,2.86,2.81,2.82,913400
1995/11/8,sh.600600,2.79,2.80,2.71,2.72,1277400
1995/11/9,sh.600600,2.71,2.74,2.66,2.72,1113700
1995/11/10,sh.600600,2.73,2.73,2.70,2.72,610200
1995/11/13,sh.600600,2.67,2.69,2.61,2.62,927000
1995/11/14,sh.600600,2.57,2.63,2.57,2.61,1118300
1995/11/15,sh.600600,2.60,2.63,2.57,2.63,778100
1995/11/16,sh.600600,2.61,2.66,2.58,2.59,576700
1995/11/17,sh.600600,2.57,2.62,2.56,2.57,635900
1995/11/20,sh.600600,2.54,2.55,2.53,2.53,621500
1995/11/21,sh.600600,2.61,2.61,2.52,2.55,346600
1995/11/22,sh.600600,2.55,2.57,2.46,2.48,571900
1995/11/23,sh.600600,2.46,2.49,2.43,2.45,665600
1995/11/24,sh.600600,2.45,2.50,2.43,2.47,436000
1995/11/27,sh.600600,2.47,2.48,2.38,2.39,425600
1995/11/28,sh.600600,2.39,2.45,2.37,2.45,363200
1995/11/29,sh.600600,2.45,2.45,2.37,2.39,313300
1995/11/30,sh.600600,2.39,2.43,2.34,2.37,322800
1995/12/1,sh.600600,2.33,2.39,2.33,2.36,305600
1995/12/4,sh.600600,2.36,2.38,2.34,2.37,122000
1995/12/5,sh.600600,2.39,2.39,2.36,2.38,164100
1995/12/6,sh.600600,2.36,2.38,2.29,2.29,224200
1995/12/7,sh.600600,2.34,2.34,2.30,2.33,187400
1995/12/8,sh.600600,2.35,2.38,2.33,2.33,769700
1995/12/11,sh.600600,2.38,2.38,2.27,2.27,388000
1995/12/12,sh.600600,2.26,2.31,2.23,2.30,542600
1995/12/13,sh.600600,2.29,2.29,2.22,2.24,470600
1995/12/14,sh.600600,2.26,2.33,2.26,2.29,406800
1995/12/15,sh.600600,2.27,2.29,2.23,2.25,313600
1995/12/18,sh.600600,2.23,2.26,2.20,2.22,197000
1995/12/19,sh.600600,2.24,2.26,2.22,2.23,78700
1995/12/20,sh.600600,2.25,2.27,2.23,2.26,239100
1995/12/21,sh.600600,2.26,2.29,2.24,2.25,316500
1995/12/22,sh.600600,2.26,2.31,2.25,2.27,260100
1995/12/25,sh.600600,2.26,2.29,2.18,2.18,364700
1995/12/26,sh.600600,2.18,2.20,2.15,2.17,257600
1995/12/27,sh.600600,2.17,2.17,2.09,2.14,317600
1995/12/28,sh.600600,2.14,2.14,2.06,2.06,393500
1995/12/29,sh.600600,2.03,2.11,2.03,2.07,480700
1996/1/2,sh.600600,2.05,2.05,2.01,2.01,201900
1996/1/3,sh.600600,2.01,2.05,2.00,2.05,226400
1996/1/4,sh.600600,2.09,2.11,2.03,2.11,275300
1996/1/5,sh.600600,2.11,2.11,2.02,2.02,386800
1996/1/8,sh.600600,2.02,2.06,1.97,2.05,374300
1996/1/9,sh.600600,2.09,2.13,2.06,2.13,565500
1996/1/10,sh.600600,2.09,2.09,2.03,2.07,323300
1996/1/11,sh.600600,2.09,2.10,2.05,2.06,231700
1996/1/12,sh.600600,2.07,2.07,2.05,2.06,225300
1996/1/15,sh.600600,2.07,2.08,2.03,2.07,327000
1996/1/16,sh.600600,2.07,2.12,2.07,2.07,160800
1996/1/17,sh.600600,2.07,2.09,2.00,2.00,280300
1996/1/18,sh.600600,2.00,2.01,1.93,1.94,648600
1996/1/19,sh.600600,1.95,2.00,1.95,2.00,343300
1996/1/22,sh.600600,1.97,2.00,1.94,1.97,230100
1996/1/23,sh.600600,1.95,2.00,1.95,1.98,100700
1996/1/24,sh.600600,1.99,2.00,1.99,1.99,196000
1996/1/25,sh.600600,1.99,2.10,1.99,1.99,341700
1996/1/26,sh.600600,1.97,2.03,1.96,2.01,221700
1996/1/29,sh.600600,2.01,2.06,2.01,2.03,116400
1996/1/30,sh.600600,2.03,2.06,2.02,2.05,272000
1996/1/31,sh.600600,2.05,2.09,2.05,2.09,679000
1996/2/1,sh.600600,2.09,2.09,2.05,2.07,202300
1996/2/2,sh.600600,2.06,2.07,2.02,2.05,181200
1996/2/5,sh.600600,2.03,2.06,2.00,2.00,192700
1996/2/6,sh.600600,1.98,2.02,1.96,2.00,278500
1996/2/7,sh.600600,2.00,2.03,2.00,2.02,97000
1996/2/8,sh.600600,2.02,2.03,2.01,2.01,58000
1996/2/9,sh.600600,2.03,2.03,2.00,2.02,65500
1996/2/12,sh.600600,2.02,2.02,2.00,2.02,129200
1996/2/13,sh.600600,2.02,2.03,2.01,2.03,123300
1996/2/14,sh.600600,2.06,2.06,2.03,2.03,118300
1996/2/15,sh.600600,2.06,2.06,2.03,2.06,153300
1996/2/16,sh.600600,2.06,2.10,2.06,2.10,392000
1996/3/4,sh.600600,2.16,2.28,2.14,2.27,1302600
1996/3/5,sh.600600,2.23,2.30,2.18,2.21,1251300
1996/3/6,sh.600600,2.20,2.26,2.13,2.14,861800
1996/3/7,sh.600600,2.16,2.20,2.14,2.15,303100
1996/3/8,sh.600600,2.15,2.19,2.11,2.15,406200
1996/3/11,sh.600600,2.15,2.17,2.13,2.15,215300
1996/3/12,sh.600600,2.14,2.14,2.09,2.11,292800
1996/3/13,sh.600600,2.09,2.14,2.08,2.12,210500
1996/3/14,sh.600600,2.14,2.14,2.11,2.11,97100
1996/3/15,sh.600600,2.11,2.14,2.10,2.13,149300
1996/3/18,sh.600600,2.13,2.15,2.12,2.14,143200
1996/3/19,sh.600600,2.15,2.16,2.13,2.14,165900
1996/3/20,sh.600600,2.11,2.15,2.10,2.14,97400
1996/3/21,sh.600600,2.17,2.18,2.14,2.17,242900
1996/3/22,sh.600600,2.17,2.17,2.13,2.16,133300
1996/3/25,sh.600600,2.13,2.18,2.12,2.16,105500
1996/3/26,sh.600600,2.17,2.17,2.14,2.14,169700
1996/3/27,sh.600600,2.14,2.14,2.10,2.11,276900
1996/3/28,sh.600600,2.11,2.14,2.09,2.09,199700
1996/3/29,sh.600600,2.09,2.10,2.06,2.10,147400
1996/4/1,sh.600600,2.17,2.17,2.11,2.13,219800
1996/4/2,sh.600600,2.11,2.13,2.07,2.09,130300
1996/4/3,sh.600600,2.10,2.14,2.09,2.10,68900
1996/4/4,sh.600600,2.09,2.11,2.09,2.11,110400
1996/4/5,sh.600600,2.14,2.16,2.11,2.15,161700
1996/4/8,sh.600600,2.17,2.19,2.11,2.15,403400
1996/4/9,sh.600600,2.14,2.16,2.14,2.15,112900
1996/4/10,sh.600600,2.13,2.15,2.12,2.14,220200
1996/4/11,sh.600600,2.12,2.15,2.11,2.14,162300
1996/4/12,sh.600600,2.14,2.17,2.14,2.14,358700
1996/4/15,sh.600600,2.14,2.16,2.13,2.14,144500
1996/4/16,sh.600600,2.14,2.17,2.14,2.16,251800
1996/4/17,sh.600600,2.10,2.17,2.10,2.16,353300
1996/4/18,sh.600600,2.16,2.19,2.14,2.19,407100
1996/4/19,sh.600600,2.22,2.24,2.19,2.22,1294900
1996/4/22,sh.600600,2.27,2.29,2.22,2.24,1560200
1996/4/23,sh.600600,2.22,2.27,2.21,2.27,830000
1996/4/24,sh.600600,2.29,2.43,2.29,2.43,2792500
1996/4/25,sh.600600,2.47,2.56,2.35,2.38,2845200
1996/4/26,sh.600600,2.40,2.61,2.40,2.54,4090600
1996/4/29,sh.600600,2.55,2.69,2.54,2.66,3684000
1996/4/30,sh.600600,2.66,2.68,2.46,2.49,2427600
1996/5/2,sh.600600,2.57,2.62,2.35,2.35,1517100
1996/5/3,sh.600600,2.34,2.38,2.29,2.31,885500
1996/5/6,sh.600600,2.34,2.46,2.34,2.43,989600
1996/5/7,sh.600600,2.49,2.49,2.38,2.40,830500
1996/5/8,sh.600600,2.37,2.40,2.35,2.39,598600
1996/5/9,sh.600600,2.40,2.43,2.38,2.39,599700
1996/5/10,sh.600600,2.20,2.40,2.20,2.39,500900
1996/5/13,sh.600600,2.40,2.51,2.40,2.51,1592800
1996/5/14,sh.600600,2.51,2.56,2.45,2.49,1552700
1996/5/15,sh.600600,2.46,2.51,2.45,2.50,649200
1996/5/16,sh.600600,2.51,2.56,2.49,2.50,1963300
1996/5/17,sh.600600,2.49,2.54,2.49,2.54,992500
1996/5/20,sh.600600,2.56,2.61,2.49,2.49,1727200
1996/5/21,sh.600600,2.49,2.51,2.35,2.35,735700
1996/5/22,sh.600600,2.37,2.42,2.36,2.38,573200
1996/5/23,sh.600600,2.38,2.42,2.28,2.29,958000
1996/5/24,sh.600600,2.28,2.34,2.26,2.30,679000
1996/5/27,sh.600600,2.30,2.31,2.27,2.29,292400
1996/5/28,sh.600600,2.29,2.33,2.29,2.30,294400
1996/5/29,sh.600600,2.31,2.32,2.30,2.30,318800
1996/5/30,sh.600600,2.31,2.33,2.27,2.28,345400
1996/5/31,sh.600600,2.29,2.34,2.27,2.33,905700
1996/6/3,sh.600600,2.31,2.34,2.27,2.30,708900
1996/6/4,sh.600600,2.30,2.34,2.29,2.30,446200
1996/6/5,sh.600600,2.31,2.51,2.29,2.51,2028200
1996/6/6,sh.600600,2.55,3.10,2.51,2.96,23975300
1996/6/7,sh.600600,3.06,3.19,2.87,2.94,17619500
1996/6/10,sh.600600,3.03,3.25,2.96,3.23,14032800
1996/6/11,sh.600600,3.26,3.27,3.06,3.09,7253700
1996/6/12,sh.600600,3.15,3.19,2.94,2.98,7380100
1996/6/13,sh.600600,3.03,3.13,2.90,3.10,6010500
1996/6/14,sh.600600,3.21,3.40,3.20,3.31,13996500
1996/6/17,sh.600600,3.37,3.38,3.14,3.14,6426700
1996/6/18,sh.600600,3.14,3.34,3.10,3.33,5605100
1996/6/19,sh.600600,3.34,3.41,3.20,3.26,4599700
1996/6/20,sh.600600,3.25,3.35,3.15,3.31,3651400
1996/6/21,sh.600600,3.33,3.39,3.23,3.27,2814100
1996/6/24,sh.600600,3.27,3.27,3.27,3.27,INVALID
1996/6/25,sh.600600,3.15,3.23,3.10,3.14,2104600
1996/6/26,sh.600600,3.13,3.22,3.10,3.21,2303200
1996/6/27,sh.600600,3.26,3.31,3.15,3.20,2767700
1996/6/28,sh.600600,3.25,3.31,3.18,3.25,2583800
1996/7/1,sh.600600,3.42,3.62,3.31,3.31,12456900
1996/7/2,sh.600600,3.30,3.39,3.22,3.25,3389100
1996/7/3,sh.600600,3.25,3.42,3.25,3.40,4802500
1996/7/4,sh.600600,3.46,3.76,3.40,3.75,14080700
1996/7/5,sh.600600,3.75,3.77,3.58,3.64,10134200
1996/7/8,sh.600600,3.64,3.82,3.62,3.80,7605800
1996/7/9,sh.600600,3.86,3.99,3.80,3.92,8630000
1996/7/10,sh.600600,3.98,3.98,3.77,3.86,6186700
1996/7/11,sh.600600,3.86,3.88,3.59,3.64,5454600
1996/7/12,sh.600600,3.54,3.71,3.53,3.68,3571100
1996/7/15,sh.600600,3.65,3.66,3.54,3.57,1836300
1996/7/16,sh.600600,3.59,3.79,3.59,3.78,2800700
1996/7/17,sh.600600,3.83,3.84,3.65,3.66,3541600
1996/7/18,sh.600600,3.66,3.76,3.66,3.72,2107100
1996/7/19,sh.600600,3.78,4.40,3.72,4.24,17746100
1996/7/22,sh.600600,4.23,4.37,4.06,4.25,9594600
1996/7/23,sh.600600,4.26,4.32,4.17,4.26,4382000
1996/7/24,sh.600600,4.26,4.46,4.26,4.38,4023200
1996/7/25,sh.600600,4.40,4.42,4.23,4.26,3575000
1996/7/26,sh.600600,4.23,4.26,4.05,4.08,3507900
1996/7/29,sh.600600,4.06,4.26,3.94,4.16,2361400
1996/7/30,sh.600600,4.23,4.30,4.03,4.06,1879200
1996/7/31,sh.600600,4.07,4.16,3.95,3.97,1965500
1996/8/1,sh.600600,3.97,4.01,3.88,3.95,1647600
1996/8/2,sh.600600,4.03,4.17,3.90,3.98,2010900
1996/8/5,sh.600600,4.03,4.06,3.95,4.03,809800
1996/8/6,sh.600600,4.05,4.06,3.95,3.98,1027100
1996/8/7,sh.600600,4.00,4.08,3.99,4.04,1323000
1996/8/8,sh.600600,4.05,4.06,3.94,4.00,903200
1996/8/9,sh.600600,3.94,3.97,3.83,3.92,1495900
1996/8/12,sh.600600,3.88,4.05,3.88,3.96,1042300
1996/8/13,sh.600600,3.94,3.98,3.85,3.88,1378200
1996/8/14,sh.600600,3.88,3.94,3.83,3.88,1178100
1996/8/15,sh.600600,3.94,3.97,3.84,3.86,1539400
1996/8/16,sh.600600,3.83,3.86,3.65,3.74,3090200
1996/8/19,sh.600600,3.71,3.74,3.57,3.58,973400
1996/8/20,sh.600600,3.54,3.57,3.43,3.45,1267200
1996/8/21,sh.600600,3.42,3.57,3.42,3.51,1107500
1996/8/22,sh.600600,3.57,3.59,3.37,3.42,969700
1996/8/23,sh.600600,3.19,3.36,3.03,3.29,908500
1996/8/26,sh.600600,3.25,3.25,2.93,3.03,1399300
1996/8/27,sh.600600,2.96,3.00,2.92,2.97,2410300
1996/8/28,sh.600600,3.07,3.16,3.02,3.08,2682600
1996/8/29,sh.600600,3.14,3.14,2.99,3.04,1701500
1996/8/30,sh.600600,3.07,3.17,2.96,3.13,6180000
1996/9/2,sh.600600,3.19,3.32,3.12,3.29,5620100
1996/9/3,sh.600600,3.31,3.51,3.29,3.32,5441000
1996/9/4,sh.600600,3.32,3.36,3.24,3.32,2265500
1996/9/5,sh.600600,3.36,3.50,3.31,3.32,3316400
1996/9/6,sh.600600,3.31,3.34,3.16,3.20,1789900
1996/9/9,sh.600600,3.19,3.19,3.07,3.11,1270100
1996/9/10,sh.600600,3.06,3.10,2.99,3.00,1584300
1996/9/11,sh.600600,2.99,3.08,2.97,3.06,874300
1996/9/12,sh.600600,3.06,3.11,2.93,2.97,1137500
1996/9/13,sh.600600,2.96,3.10,2.93,3.07,871300
1996/9/16,sh.600600,3.07,3.13,3.04,3.07,835800
1996/9/17,sh.600600,3.08,3.13,3.03,3.04,715300
1996/9/18,sh.600600,3.05,3.07,2.95,2.95,708100
1996/9/19,sh.600600,2.95,3.01,2.92,3.00,576700
1996/9/20,sh.600600,3.04,3.28,2.99,3.24,2218900
1996/9/23,sh.600600,3.24,3.51,3.19,3.47,6282000
1996/9/24,sh.600600,3.48,3.48,3.31,3.33,3542900
1996/9/25,sh.600600,3.33,3.39,3.16,3.23,1778900
1996/9/26,sh.600600,3.21,3.29,3.19,3.25,1914900
1996/9/27,sh.600600,3.28,3.32,3.24,3.26,1747600
1996/10/3,sh.600600,3.37,3.47,3.20,3.20,1861600
1996/10/4,sh.600600,3.22,3.28,3.19,3.21,1078100
1996/10/7,sh.600600,3.22,3.31,3.18,3.22,792500
1996/10/8,sh.600600,3.24,3.36,3.22,3.31,1820600
1996/10/9,sh.600600,3.33,3.33,3.19,3.24,1141400
1996/10/10,sh.600600,3.25,3.42,3.25,3.39,4400300
1996/10/11,sh.600600,3.43,3.65,3.35,3.64,7864700
1996/10/14,sh.600600,3.70,3.72,3.57,3.62,6462600
1996/10/15,sh.600600,3.64,3.64,3.46,3.48,3387800
1996/10/16,sh.600600,3.48,3.58,3.36,3.39,2764000
1996/10/17,sh.600600,3.39,3.52,3.35,3.48,2689200
1996/10/18,sh.600600,3.53,3.69,3.36,3.42,5962000
1996/10/21,sh.600600,3.47,3.51,3.41,3.48,2351500
1996/10/22,sh.600600,3.48,3.65,3.42,3.61,4263600
1996/10/23,sh.600600,3.77,4.09,3.71,3.97,16802500
1996/10/24,sh.600600,3.97,4.05,3.80,3.94,8509200
1996/10/25,sh.600600,3.97,3.98,3.86,3.87,3832100
1996/10/28,sh.600600,3.83,3.94,3.80,3.90,3628200
1996/10/29,sh.600600,3.90,4.11,3.83,3.87,5305300
1996/10/30,sh.600600,3.86,3.88,3.49,3.53,4173600
1996/10/31,sh.600600,3.59,3.66,3.49,3.56,2723800
1996/11/1,sh.600600,3.53,3.56,3.30,3.38,4831900
1996/11/4,sh.600600,3.39,3.45,3.33,3.40,1507000
1996/11/5,sh.600600,3.47,3.47,3.29,3.31,1996900
1996/11/6,sh.600600,3.33,3.36,3.19,3.27,1145800
1996/11/7,sh.600600,3.31,3.36,3.28,3.35,728700
1996/11/8,sh.600600,3.33,3.35,3.29,3.31,647800
1996/11/11,sh.600600,3.31,3.41,3.31,3.39,957600
1996/11/12,sh.600600,3.42,3.54,3.35,3.47,1772900
1996/11/13,sh.600600,3.47,3.50,3.33,3.42,1150100
1996/11/14,sh.600600,3.45,3.58,3.36,3.58,2540100
1996/11/15,sh.600600,3.57,3.57,3.46,3.51,1898500
1996/11/18,sh.600600,3.48,3.74,3.43,3.72,2711400
1996/11/19,sh.600600,3.77,3.93,3.62,3.74,5990500
1996/11/20,sh.600600,3.72,3.73,3.48,3.62,2329700
1996/11/21,sh.600600,3.64,3.69,3.31,3.36,3127500
1996/11/22,sh.600600,3.28,3.41,3.22,3.39,1658800
1996/11/25,sh.600600,3.36,3.44,3.33,3.43,1333000
1996/11/26,sh.600600,3.45,3.49,3.36,3.44,1372800
1996/11/27,sh.600600,3.41,3.57,3.41,3.53,1946600
1996/11/28,sh.600600,3.48,3.59,3.47,3.53,1960300
1996/11/29,sh.600600,3.54,3.74,3.54,3.71,4187500
1996/12/2,sh.600600,3.82,4.38,3.78,4.38,17893000
1996/12/3,sh.600600,4.49,4.99,4.36,4.58,23986000
1996/12/4,sh.600600,4.58,4.81,4.46,4.80,13081500
1996/12/5,sh.600600,4.94,5.04,4.69,4.75,12838700
1996/12/6,sh.600600,4.75,4.92,4.69,4.80,8288600
1996/12/9,sh.600600,4.87,5.44,4.75,5.44,12692200
1996/12/10,sh.600600,5.38,5.60,5.10,5.51,19308000
1996/12/11,sh.600600,5.51,5.85,5.39,5.39,13191500
1996/12/12,sh.600600,5.38,5.62,5.04,5.10,11061500
1996/12/13,sh.600600,5.10,5.21,4.61,4.70,7244100
1996/12/16,sh.600600,4.23,4.23,4.23,4.23,1606500
1996/12/17,sh.600600,3.80,4.20,3.80,3.80,6896300
1996/12/18,sh.600600,3.66,4.19,3.48,4.17,8157200
1996/12/19,sh.600600,4.06,4.16,3.76,3.76,6481900
1996/12/20,sh.600600,3.51,3.77,3.41,3.55,4817600
1996/12/23,sh.600600,3.61,3.73,3.55,3.68,2470000
1996/12/24,sh.600600,3.70,3.70,3.43,3.45,1884700
1996/12/25,sh.600600,3.42,3.62,3.36,3.58,2145300
1996/12/26,sh.600600,3.64,3.77,3.55,3.76,2945100
1996/12/27,sh.600600,3.77,3.77,3.59,3.72,2282000
1996/12/30,sh.600600,3.72,3.77,3.62,3.75,3970600
1996/12/31,sh.600600,3.76,3.76,3.55,3.59,2422300
1997/1/2,sh.600600,3.54,3.62,3.53,3.57,1701000
1997/1/3,sh.600600,3.59,3.61,3.48,3.50,2136200
1997/1/6,sh.600600,3.48,3.54,3.42,3.43,1223400
1997/1/7,sh.600600,3.37,3.59,3.37,3.51,1065400
1997/1/8,sh.600600,3.53,3.57,3.42,3.49,664500
1997/1/9,sh.600600,3.48,3.55,3.48,3.51,702200
1997/1/10,sh.600600,3.53,3.55,3.48,3.54,900600
1997/1/13,sh.600600,3.59,3.75,3.57,3.71,2917100
1997/1/14,sh.600600,3.71,3.72,3.54,3.56,1188200
1997/1/15,sh.600600,3.53,3.62,3.52,3.59,703900
1997/1/16,sh.600600,3.58,3.59,3.51,3.57,723300
1997/1/17,sh.600600,3.57,3.58,3.51,3.54,745300
1997/1/20,sh.600600,3.55,3.61,3.54,3.59,941100
1997/1/21,sh.600600,3.62,3.68,3.58,3.62,1333400
1997/1/22,sh.600600,3.62,3.65,3.57,3.64,1534300
1997/1/23,sh.600600,3.65,3.66,3.58,3.59,1554500
1997/1/24,sh.600600,3.60,3.64,3.55,3.62,1232500
1997/1/27,sh.600600,3.65,3.80,3.65,3.72,2586300
1997/1/28,sh.600600,3.72,3.74,3.66,3.67,1117400
1997/1/29,sh.600600,3.66,3.74,3.64,3.74,2392400
1997/1/30,sh.600600,3.74,3.80,3.69,3.71,2934600
1997/1/31,sh.600600,3.74,3.77,3.64,3.66,2519900
1997/2/17,sh.600600,3.71,3.74,3.53,3.71,2256700
1997/2/18,sh.600600,3.71,3.76,3.33,3.36,5349400
1997/2/19,sh.600600,3.48,3.65,3.48,3.64,3560000
1997/2/20,sh.600600,3.27,3.77,3.27,3.70,5979700
1997/2/21,sh.600600,3.74,4.07,3.64,4.07,13946200
1997/2/24,sh.600600,4.17,4.31,4.06,4.15,12293200
1997/2/25,sh.600600,4.16,4.23,4.09,4.12,5411200
1997/2/26,sh.600600,4.13,4.16,4.07,4.13,3678500
1997/2/27,sh.600600,4.16,4.23,4.00,4.05,3962000
1997/2/28,sh.600600,4.04,4.15,3.83,4.11,5638200
1997/3/3,sh.600600,4.11,4.17,4.08,4.15,4094700
1997/3/4,sh.600600,4.15,4.40,4.09,4.29,7082800
1997/3/5,sh.600600,4.29,4.29,4.06,4.06,3650500
1997/3/6,sh.600600,4.12,4.29,4.12,4.26,5970100
1997/3/7,sh.600600,4.29,4.29,4.16,4.19,2897800
1997/3/10,sh.600600,4.19,4.26,4.19,4.22,3238300
1997/3/11,sh.600600,4.22,4.25,4.17,4.22,3500100
1997/3/12,sh.600600,4.23,4.39,4.15,4.35,7216400
1997/3/13,sh.600600,4.35,4.35,4.20,4.23,3340500
1997/3/14,sh.600600,4.23,4.23,4.09,4.21,3029900
1997/3/17,sh.600600,4.24,4.49,4.24,4.40,10045500
1997/3/18,sh.600600,4.41,4.49,4.28,4.35,7358400
1997/3/19,sh.600600,4.41,4.41,4.22,4.29,4518300
1997/3/20,sh.600600,4.30,4.46,4.20,4.23,5727100
1997/3/21,sh.600600,4.24,4.45,4.18,4.42,5184200
1997/3/24,sh.600600,4.49,4.84,4.40,4.71,14305500
1997/3/25,sh.600600,4.69,4.84,4.64,4.71,9243000
1997/3/26,sh.600600,4.75,4.82,4.69,4.72,6268200
1997/3/27,sh.600600,4.84,5.09,4.75,4.85,8118800
1997/3/28,sh.600600,4.81,4.87,4.66,4.73,4449500
1997/3/31,sh.600600,4.75,4.93,4.74,4.86,3242400
1997/4/1,sh.600600,4.93,4.93,4.80,4.84,3057600
1997/4/2,sh.600600,4.84,4.92,4.80,4.82,2955200
1997/4/3,sh.600600,4.80,4.82,4.65,4.77,2842400
1997/4/4,sh.600600,4.87,4.87,4.69,4.74,3179200
1997/4/7,sh.600600,4.74,4.74,4.46,4.73,4037000
1997/4/8,sh.600600,4.73,4.73,4.57,4.58,2174700
1997/4/9,sh.600600,4.58,4.70,4.55,4.66,2863600
1997/4/10,sh.600600,4.70,4.87,4.62,4.73,4933900
1997/4/11,sh.600600,4.74,4.80,4.58,4.64,3194200
1997/4/14,sh.600600,4.72,5.04,4.70,4.93,9736700
1997/4/15,sh.600600,4.96,4.97,4.78,4.90,4660200
1997/4/16,sh.600600,4.93,4.93,4.78,4.81,3019500
1997/4/17,sh.600600,4.82,4.85,4.77,4.81,2080000
1997/4/18,sh.600600,4.80,4.85,4.71,4.84,2794300
1997/4/21,sh.600600,4.96,5.15,4.90,5.03,8476100
1997/4/22,sh.600600,5.10,5.42,5.07,5.32,14228300
1997/4/23,sh.600600,5.31,5.54,5.22,5.33,12669500
1997/4/24,sh.600600,5.32,5.36,5.18,5.28,5725500
1997/4/25,sh.600600,4.75,4.99,4.75,4.80,7906000
1997/4/28,sh.600600,4.77,4.77,4.45,4.53,4894300
1997/4/29,sh.600600,4.52,4.80,4.41,4.64,4690200
1997/4/30,sh.600600,4.67,4.87,4.67,4.82,3168100
1997/5/5,sh.600600,4.87,4.99,4.81,4.98,4225200
1997/5/6,sh.600600,4.98,4.99,4.75,4.81,4322400
1997/5/7,sh.600600,4.81,5.10,4.64,4.84,3449700
1997/5/8,sh.600600,4.84,4.84,4.47,4.53,3805600
1997/5/9,sh.600600,4.64,4.73,4.49,4.67,4842400
1997/5/12,sh.600600,4.70,5.03,4.64,5.00,7678200
1997/5/13,sh.600600,5.03,5.07,4.61,4.75,5084400
1997/5/14,sh.600600,4.70,4.72,4.46,4.51,3560200
1997/5/15,sh.600600,4.49,4.67,4.47,4.64,1716400
1997/5/16,sh.600600,4.17,4.74,4.17,4.31,3588300
1997/5/19,sh.600600,4.41,4.63,4.35,4.61,2156000
1997/5/20,sh.600600,4.61,4.64,4.52,4.60,1581300
1997/5/21,sh.600600,4.64,4.64,4.35,4.46,1176100
1997/5/22,sh.600600,4.06,4.35,4.04,4.06,2404700
1997/5/23,sh.600600,4.06,4.20,4.06,4.17,1202600
1997/5/26,sh.600600,4.23,4.29,4.09,4.17,843500
1997/5/27,sh.600600,4.27,4.28,4.13,4.23,1135500
1997/5/28,sh.600600,4.20,4.26,4.15,4.16,1081900
1997/5/29,sh.600600,4.17,4.24,4.16,4.18,968500
1997/5/30,sh.600600,4.18,4.23,4.16,4.19,854500
1997/6/2,sh.600600,4.23,4.44,4.23,4.34,1122500
1997/6/3,sh.600600,4.35,4.40,4.22,4.27,893200
1997/6/4,sh.600600,4.35,4.46,4.29,4.40,1757600
1997/6/5,sh.600600,4.34,4.41,4.29,4.31,1005500
1997/6/6,sh.600600,3.94,4.22,3.90,4.09,1587100
1997/6/9,sh.600600,4.09,4.12,4.00,4.04,724100
1997/6/10,sh.600600,4.09,4.20,4.03,4.05,647700
1997/6/11,sh.600600,4.06,4.06,3.84,3.95,623500
1997/6/12,sh.600600,3.94,4.00,3.91,3.93,566000
1997/6/13,sh.600600,3.76,4.05,3.71,4.00,679800
1997/6/16,sh.600600,4.05,4.15,4.03,4.08,593300
1997/6/17,sh.600600,4.08,4.09,3.98,4.00,533200
1997/6/18,sh.600600,4.00,4.03,3.93,3.94,494000
1997/6/19,sh.600600,3.97,4.00,3.86,3.88,640800
1997/6/20,sh.600600,3.91,4.06,3.91,4.06,1229200
1997/6/23,sh.600600,4.06,4.15,3.94,3.97,1172600
1997/6/24,sh.600600,3.97,3.97,3.97,3.97,INVALID
1997/6/25,sh.600600,4.00,4.12,3.93,3.97,702300
1997/6/26,sh.600600,3.97,4.11,3.97,4.01,926200
1997/6/27,sh.600600,4.12,4.13,3.91,3.94,765400
1997/7/2,sh.600600,4.00,4.05,3.58,3.71,573400
1997/7/3,sh.600600,3.71,3.71,3.58,3.59,751900
1997/7/4,sh.600600,3.54,3.62,3.48,3.59,578300
1997/7/7,sh.600600,3.62,3.83,3.57,3.59,1312000
1997/7/8,sh.600600,3.64,3.83,3.62,3.76,1120100
1997/7/9,sh.600600,3.79,3.97,3.71,3.88,956800
1997/7/10,sh.600600,3.88,4.20,3.88,4.08,2667500
1997/7/11,sh.600600,4.06,4.20,4.03,4.19,2246400
1997/7/14,sh.600600,4.33,4.34,4.11,4.15,1532200
1997/7/15,sh.600600,4.15,4.17,4.01,4.11,1304800
1997/7/16,sh.600600,4.12,4.13,4.01,4.06,888700
1997/7/17,sh.600600,4.23,4.46,4.17,4.46,8146400
1997/7/18,sh.600600,4.46,4.63,4.35,4.46,4051000
1997/7/21,sh.600600,4.46,4.73,4.38,4.62,3812100
1997/7/22,sh.600600,4.64,4.71,4.50,4.62,3147200
1997/7/23,sh.600600,4.67,4.80,4.58,4.63,3370200
1997/7/24,sh.600600,4.64,4.67,4.44,4.45,1860500
1997/7/25,sh.600600,4.44,4.44,4.20,4.28,1943200
1997/7/28,sh.600600,4.26,4.39,4.16,4.17,1042900
1997/7/29,sh.600600,4.16,4.37,4.12,4.35,1102500
1997/7/30,sh.600600,4.43,4.43,4.29,4.41,913800
1997/7/31,sh.600600,4.48,4.51,4.23,4.44,904400
1997/8/1,sh.600600,4.44,4.44,4.30,4.35,794600
1997/8/4,sh.600600,4.34,4.62,4.34,4.56,1993200
1997/8/5,sh.600600,4.62,4.62,4.46,4.52,819000
1997/8/6,sh.600600,4.53,4.55,4.38,4.42,850900
1997/8/7,sh.600600,4.38,4.73,4.38,4.70,4319200
1997/8/8,sh.600600,4.70,4.86,4.57,4.60,8062200
1997/8/11,sh.600600,4.58,4.69,4.44,4.45,2641900
1997/8/12,sh.600600,4.46,4.56,4.35,4.39,1633200
1997/8/13,sh.600600,4.35,4.49,4.19,4.22,1667500
1997/8/14,sh.600600,4.21,4.35,4.21,4.35,1580500
1997/8/15,sh.600600,4.38,4.40,4.15,4.16,1400000
1997/8/18,sh.600600,4.17,4.26,4.09,4.24,1246000
1997/8/19,sh.600600,4.23,4.25,4.14,4.16,525400
1997/8/20,sh.600600,4.17,4.20,4.03,4.11,1131500
1997/8/21,sh.600600,4.12,4.28,4.10,4.21,1057300
1997/8/22,sh.600600,4.21,4.35,4.11,4.26,1211700
1997/8/25,sh.600600,4.29,4.40,4.29,4.40,1758100
1997/8/26,sh.600600,4.42,4.45,4.23,4.28,1685900
1997/8/27,sh.600600,4.49,4.52,4.17,4.35,1435300
1997/8/28,sh.600600,4.34,4.66,4.27,4.59,3816300
1997/8/29,sh.600600,4.59,4.63,4.49,4.55,3231400
1997/9/1,sh.600600,4.55,4.73,4.55,4.58,2808800
1997/9/2,sh.600600,4.60,4.62,4.41,4.46,1960200
1997/9/3,sh.600600,4.45,4.52,4.42,4.46,1278400
1997/9/4,sh.600600,4.51,4.52,4.41,4.44,1198300
1997/9/5,sh.600600,4.44,4.67,4.41,4.63,1888400
1997/9/8,sh.600600,4.64,4.92,4.64,4.85,10812600
1997/9/9,sh.600600,4.87,5.00,4.69,4.70,6968800
1997/9/10,sh.600600,4.73,5.03,4.73,4.93,6672700
1997/9/11,sh.600600,4.99,5.00,4.57,4.60,6874200
1997/9/12,sh.600600,4.62,4.75,4.49,4.51,3201100
1997/9/15,sh.600600,4.52,4.58,4.35,4.38,1746200
1997/9/16,sh.600600,4.41,4.46,4.38,4.44,1100800
1997/9/17,sh.600600,4.44,4.45,4.20,4.23,1430200
1997/9/18,sh.600600,4.18,4.34,4.18,4.24,844900
1997/9/19,sh.600600,4.26,4.35,4.23,4.32,934400
1997/9/22,sh.600600,4.36,4.36,3.97,4.00,1754300
1997/9/23,sh.600600,3.97,4.08,3.70,3.84,1672800
1997/9/24,sh.600600,3.94,4.12,3.87,4.11,1901000
1997/9/25,sh.600600,4.15,4.16,3.96,4.06,1923200
1997/9/26,sh.600600,4.06,4.10,3.94,4.00,863400
1997/9/29,sh.600600,4.00,4.00,3.86,3.88,821000
1997/9/30,sh.600600,3.88,3.94,3.83,3.88,523400
1997/10/6,sh.600600,3.87,3.95,3.83,3.90,361000
1997/10/7,sh.600600,3.84,4.06,3.83,3.97,519200
1997/10/8,sh.600600,4.00,4.15,3.98,4.11,1001300
1997/10/9,sh.600600,4.15,4.15,4.04,4.05,537100
1997/10/10,sh.600600,4.01,4.07,4.00,4.05,404800
1997/10/13,sh.600600,4.09,4.12,4.03,4.04,410200
1997/10/14,sh.600600,4.02,4.05,3.90,3.99,282200
1997/10/15,sh.600600,4.00,4.05,3.98,4.05,319700
1997/10/16,sh.600600,4.06,4.09,4.03,4.08,774400
1997/10/17,sh.600600,4.06,4.11,3.99,4.06,1577900
1997/10/20,sh.600600,4.06,4.14,4.01,4.12,1578000
1997/10/21,sh.600600,4.13,4.20,4.09,4.15,1618600
1997/10/22,sh.600600,4.09,4.16,3.97,4.00,1421300
1997/10/23,sh.600600,4.00,4.06,3.90,3.92,1153500
1997/10/24,sh.600600,3.91,3.98,3.86,3.98,1510800
1997/10/27,sh.600600,3.94,4.12,3.94,4.06,1491000
1997/10/28,sh.600600,4.06,4.12,3.86,3.88,1376500
1997/10/29,sh.600600,3.86,3.96,3.86,3.89,1004900
1997/10/30,sh.600600,3.94,3.97,3.82,3.86,1157900
1997/10/31,sh.600600,3.83,3.91,3.80,3.87,749500
1997/11/3,sh.600600,3.86,3.98,3.82,3.91,672300
1997/11/4,sh.600600,3.93,3.94,3.86,3.88,394900
1997/11/5,sh.600600,3.88,3.91,3.83,3.84,858300
1997/11/6,sh.600600,3.84,3.88,3.80,3.80,809600
1997/11/7,sh.600600,3.84,4.07,3.79,3.94,773800
1997/11/10,sh.600600,3.91,3.92,3.80,3.81,759600
1997/11/11,sh.600600,3.81,3.88,3.80,3.83,525000
1997/11/12,sh.600600,3.86,3.86,3.75,3.78,605500
1997/11/13,sh.600600,3.76,3.77,3.70,3.75,730700
1997/11/14,sh.600600,3.77,3.84,3.76,3.77,762700
1997/11/17,sh.600600,3.84,3.84,3.68,3.72,579300
1997/11/18,sh.600600,3.72,3.72,3.59,3.63,1013600
1997/11/19,sh.600600,3.67,3.71,3.57,3.71,626100
1997/11/20,sh.600600,3.71,3.77,3.59,3.61,828800
1997/11/21,sh.600600,3.65,3.65,3.58,3.59,574900
1997/11/24,sh.600600,3.59,3.61,3.43,3.48,981400
1997/11/25,sh.600600,3.49,3.51,3.45,3.48,575400
1997/11/26,sh.600600,3.51,3.71,3.51,3.71,674900
1997/11/27,sh.600600,3.68,3.68,3.58,3.59,494400
1997/11/28,sh.600600,3.54,3.67,3.54,3.63,268400
1997/12/1,sh.600600,3.62,3.62,3.48,3.57,202200
1997/12/2,sh.600600,3.58,3.59,3.54,3.55,135100
1997/12/3,sh.600600,3.55,3.55,3.48,3.51,351400
1997/12/4,sh.600600,3.50,3.54,3.48,3.51,604300
1997/12/5,sh.600600,3.58,3.58,3.50,3.50,399300
1997/12/8,sh.600600,3.58,3.59,3.48,3.48,257300
1997/12/9,sh.600600,3.51,3.53,3.47,3.50,465000
1997/12/10,sh.600600,3.51,3.53,3.48,3.51,487400
1997/12/11,sh.600600,3.51,3.57,3.47,3.53,449000
1997/12/12,sh.600600,3.54,3.54,3.48,3.51,403400
1997/12/15,sh.600600,3.53,3.53,3.46,3.50,493600
1997/12/16,sh.600600,3.48,3.49,3.42,3.46,666200
1997/12/17,sh.600600,3.48,3.61,3.47,3.53,1153200
1997/12/18,sh.600600,3.54,3.58,3.48,3.49,529100
1997/12/19,sh.600600,3.49,3.56,3.48,3.51,504100
1997/12/22,sh.600600,3.53,3.53,3.42,3.46,682600
1997/12/23,sh.600600,3.46,3.46,3.34,3.42,947900
1997/12/24,sh.600600,3.42,3.44,3.36,3.39,436400
1997/12/25,sh.600600,3.36,3.39,3.36,3.39,505000
1997/12/26,sh.600600,3.39,3.48,3.36,3.44,729200
1997/12/29,sh.600600,3.45,3.56,3.42,3.53,1189300
1997/12/30,sh.600600,3.48,3.56,3.48,3.54,997900
1997/12/31,sh.600600,3.54,3.57,3.43,3.44,1001100
1998/1/5,sh.600600,3.52,3.73,3.51,3.70,2435500
1998/1/6,sh.600600,3.72,3.81,3.69,3.77,3028100
1998/1/7,sh.600600,3.78,3.91,3.74,3.76,2138300
1998/1/8,sh.600600,3.76,3.77,3.67,3.69,805700
1998/1/9,sh.600600,3.69,3.83,3.64,3.65,885300
1998/1/12,sh.600600,3.65,3.71,3.59,3.60,827800
1998/1/13,sh.600600,3.59,3.59,3.24,3.43,1268700
1998/1/14,sh.600600,3.48,3.58,3.44,3.53,797000
1998/1/15,sh.600600,3.53,3.64,3.53,3.58,540600
1998/1/16,sh.600600,3.63,3.86,3.63,3.68,1544900
1998/1/19,sh.600600,3.68,3.68,3.54,3.57,583300
1998/1/20,sh.600600,3.54,3.59,3.52,3.54,517100
1998/1/21,sh.600600,3.57,3.59,3.51,3.53,397600
1998/1/22,sh.600600,3.50,3.56,3.50,3.53,478700
1998/1/23,sh.600600,3.53,3.59,3.53,3.58,413000
1998/2/9,sh.600600,3.83,3.83,3.65,3.71,931300
1998/2/10,sh.600600,3.71,3.72,3.62,3.65,476000
1998/2/11,sh.600600,3.66,3.84,3.66,3.83,1758500
1998/2/12,sh.600600,3.83,3.84,3.70,3.71,890100
1998/2/13,sh.600600,3.71,3.79,3.66,3.72,541300
1998/2/16,sh.600600,3.71,3.72,3.59,3.62,742600
1998/2/17,sh.600600,3.63,3.68,3.59,3.65,524200
1998/2/18,sh.600600,3.65,3.66,3.60,3.63,368500
1998/2/19,sh.600600,3.61,3.65,3.60,3.62,318400
1998/2/20,sh.600600,3.62,3.62,3.58,3.60,469600
1998/2/23,sh.600600,3.59,3.59,3.51,3.53,609800
1998/2/24,sh.600600,3.54,3.62,3.54,3.55,370000
1998/2/25,sh.600600,3.57,3.59,3.51,3.53,614200
1998/2/26,sh.600600,3.65,3.65,3.54,3.58,318600
1998/2/27,sh.600600,3.60,3.62,3.54,3.58,332200
1998/3/2,sh.600600,3.57,3.88,3.48,3.65,787400
1998/3/3,sh.600600,3.65,3.73,3.62,3.65,710300
1998/3/4,sh.600600,3.62,3.71,3.62,3.67,430800
1998/3/5,sh.600600,3.68,3.70,3.61,3.63,241000
1998/3/6,sh.600600,3.63,3.65,3.59,3.61,207300
1998/3/9,sh.600600,3.61,3.61,3.53,3.54,436500
1998/3/10,sh.600600,3.54,3.57,3.53,3.57,328800
1998/3/11,sh.600600,3.54,3.57,3.51,3.53,461500
1998/3/12,sh.600600,3.51,3.54,3.49,3.50,335100
1998/3/13,sh.600600,3.50,3.53,3.50,3.53,272500
1998/3/16,sh.600600,3.51,3.53,3.50,3.52,290800
1998/3/17,sh.600600,3.61,3.61,3.48,3.57,355100
1998/3/18,sh.600600,3.59,3.59,3.52,3.54,259000
1998/3/19,sh.600600,3.53,3.55,3.51,3.52,198900
1998/3/20,sh.600600,3.52,3.53,3.50,3.50,300900
1998/3/23,sh.600600,3.51,3.51,3.46,3.47,436800
1998/3/24,sh.600600,3.48,3.48,3.44,3.48,373700
1998/3/25,sh.600600,3.59,3.59,3.48,3.49,322100
1998/3/26,sh.600600,3.49,3.51,3.45,3.48,527700
1998/3/27,sh.600600,3.48,3.59,3.45,3.57,971300
1998/3/30,sh.600600,3.58,3.58,3.48,3.56,857600
1998/3/31,sh.600600,3.56,3.65,3.54,3.59,805100
1998/4/1,sh.600600,3.58,3.58,3.51,3.54,433900
1998/4/2,sh.600600,3.55,3.69,3.51,3.65,1748400
1998/4/3,sh.600600,3.62,3.68,3.59,3.66,845300
1998/4/6,sh.600600,3.72,3.91,3.71,3.86,4262400
1998/4/7,sh.600600,3.88,3.88,3.76,3.77,1648300
1998/4/8,sh.600600,3.77,3.88,3.71,3.86,2639400
1998/4/9,sh.600600,3.88,3.97,3.81,3.83,3267900
1998/4/10,sh.600600,3.82,3.93,3.76,3.88,1938000
1998/4/13,sh.600600,3.90,4.16,3.90,4.04,5788000
1998/4/14,sh.600600,4.03,4.03,3.91,3.94,1988900
1998/4/15,sh.600600,3.94,4.00,3.88,3.92,1902600
1998/4/16,sh.600600,3.95,4.09,3.91,3.99,1901200
1998/4/17,sh.600600,3.99,4.05,3.88,3.91,1319500
1998/4/20,sh.600600,3.91,3.97,3.83,3.86,931400
1998/4/21,sh.600600,3.83,3.91,3.72,3.82,1122700
1998/4/22,sh.600600,3.82,4.09,3.82,4.05,3771300
1998/4/23,sh.600600,4.13,4.41,4.06,4.24,8617500
1998/4/24,sh.600600,4.24,4.34,4.17,4.20,3083000
1998/4/27,sh.600600,4.20,4.30,4.12,4.17,2062100
1998/4/28,sh.600600,4.23,4.32,4.16,4.23,2330200
1998/4/29,sh.600600,4.23,4.24,4.08,4.13,1344100
1998/4/30,sh.600600,4.13,4.17,4.08,4.10,1351800
1998/5/4,sh.600600,4.10,4.20,4.05,4.09,1481600
1998/5/5,sh.600600,4.09,4.12,4.00,4.03,1512200
1998/5/6,sh.600600,4.02,4.20,4.00,4.08,1718100
1998/5/7,sh.600600,4.08,4.13,3.98,3.98,1175900
1998/5/8,sh.600600,3.99,4.12,3.95,4.09,1426000
1998/5/11,sh.600600,4.10,4.16,3.97,4.12,2237500
1998/5/12,sh.600600,4.12,4.29,4.06,4.20,4423000
1998/5/13,sh.600600,4.27,4.28,4.13,4.17,1940700
1998/5/14,sh.600600,4.20,4.22,4.08,4.12,1557100
1998/5/15,sh.600600,4.12,4.14,4.03,4.06,1589300
1998/5/18,sh.600600,4.06,4.14,4.05,4.06,1062000
1998/5/19,sh.600600,4.09,4.11,4.04,4.06,701800
1998/5/20,sh.600600,4.06,4.15,4.00,4.01,705200
1998/5/21,sh.600600,4.01,4.04,3.94,4.02,760100
1998/5/22,sh.600600,4.06,4.12,3.94,4.00,922600
1998/5/25,sh.600600,4.00,4.12,3.97,4.08,1802400
1998/5/26,sh.600600,4.09,4.09,3.97,4.06,1618000
1998/5/27,sh.600600,4.06,4.23,4.01,4.22,3303200
1998/5/28,sh.600600,4.23,4.27,4.13,4.16,1865500
1998/5/29,sh.600600,4.17,4.22,4.11,4.13,1476000
1998/6/1,sh.600600,4.16,4.26,4.15,4.20,2217600
1998/6/2,sh.600600,4.22,4.25,4.12,4.15,1163600
1998/6/3,sh.600600,4.16,4.52,4.15,4.44,7973900
1998/6/4,sh.600600,4.44,4.49,4.31,4.34,3116000
1998/6/5,sh.600600,4.35,4.38,4.21,4.30,2048900
1998/6/8,sh.600600,4.30,4.41,4.20,4.24,1949300
1998/6/9,sh.600600,4.24,4.24,4.05,4.09,2126800
1998/6/10,sh.600600,4.06,4.12,4.05,4.12,903700
1998/6/11,sh.600600,4.14,4.14,4.06,4.06,583300
1998/6/12,sh.600600,4.12,4.20,4.06,4.16,903900
1998/6/15,sh.600600,4.29,4.30,4.12,4.15,704000
1998/6/16,sh.600600,4.15,4.17,4.00,4.11,986600
1998/6/17,sh.600600,4.09,4.15,4.08,4.09,493800
1998/6/18,sh.600600,4.12,4.22,4.08,4.17,1006000
1998/6/19,sh.600600,4.20,4.23,4.12,4.16,1017700
1998/6/22,sh.600600,4.16,4.23,4.13,4.21,1092700
1998/6/23,sh.600600,4.24,4.26,4.12,4.19,834700
1998/6/24,sh.600600,4.17,4.32,4.12,4.20,1439800
1998/6/25,sh.600600,4.23,4.23,4.09,4.12,828600
1998/6/26,sh.600600,4.12,4.20,4.11,4.14,639100
1998/6/29,sh.600600,4.14,4.14,4.14,4.14,INVALID
1998/6/30,sh.600600,4.12,4.12,3.83,3.97,536000
1998/7/1,sh.600600,4.00,4.06,3.88,3.88,721000
1998/7/2,sh.600600,3.88,3.91,3.77,3.91,728700
1998/7/3,sh.600600,3.92,3.97,3.88,3.94,676400
1998/7/6,sh.600600,3.94,4.05,3.91,3.98,780900
1998/7/7,sh.600600,3.95,3.97,3.86,3.97,351300
1998/7/8,sh.600600,4.03,4.03,3.91,3.94,344300
1998/7/9,sh.600600,3.94,3.97,3.88,3.94,468700
1998/7/10,sh.600600,3.95,4.02,3.94,3.97,328300
1998/7/13,sh.600600,3.96,4.00,3.92,3.94,601900
1998/7/14,sh.600600,3.93,3.93,3.77,3.77,1265000
1998/7/15,sh.600600,3.77,3.87,3.77,3.83,592500
1998/7/16,sh.600600,3.83,3.83,3.75,3.76,639400
1998/7/17,sh.600600,3.77,3.77,3.61,3.64,829900
1998/7/20,sh.600600,3.68,3.68,3.54,3.58,1281500
1998/7/21,sh.600600,3.59,3.64,3.58,3.64,275600
1998/7/22,sh.600600,3.63,3.65,3.58,3.59,233000
1998/7/23,sh.600600,3.59,3.65,3.58,3.64,332100
1998/7/24,sh.600600,3.64,3.66,3.62,3.65,349700
1998/7/27,sh.600600,3.71,3.86,3.67,3.82,816900
1998/7/28,sh.600600,3.79,3.81,3.72,3.73,236400
1998/7/29,sh.600600,3.71,3.78,3.68,3.73,232700
1998/7/30,sh.600600,3.74,3.77,3.72,3.73,179000
1998/7/31,sh.600600,3.73,3.77,3.69,3.71,230300
1998/8/3,sh.600600,3.71,3.74,3.67,3.67,317400
1998/8/4,sh.600600,3.67,3.67,3.57,3.60,380800
1998/8/5,sh.600600,3.59,3.66,3.59,3.66,323300
1998/8/6,sh.600600,3.71,3.71,3.61,3.62,202500
1998/8/7,sh.600600,3.62,3.64,3.58,3.61,280400
1998/8/10,sh.600600,3.59,3.59,3.53,3.55,379300
1998/8/11,sh.600600,3.54,3.55,3.47,3.48,404900
1998/8/12,sh.600600,3.48,3.48,3.31,3.42,428900
1998/8/13,sh.600600,3.43,3.47,3.40,3.44,198400
1998/8/14,sh.600600,3.44,3.44,3.35,3.36,259100
1998/8/17,sh.600600,3.31,3.31,3.02,3.02,458900
1998/8/18,sh.600600,2.99,3.07,2.90,2.96,467300
1998/8/19,sh.600600,2.96,3.13,2.96,3.13,518000
1998/8/20,sh.600600,3.13,3.22,3.07,3.22,500700
1998/8/21,sh.600600,3.19,3.28,3.16,3.27,390100
1998/8/24,sh.600600,3.25,3.41,3.25,3.31,592800
1998/8/25,sh.600600,3.31,3.31,3.19,3.29,343600
1998/8/26,sh.600600,3.28,3.28,3.19,3.20,366300
1998/8/27,sh.600600,3.17,3.25,3.17,3.18,274800
1998/8/28,sh.600600,3.16,3.16,3.01,3.07,356700
1998/8/31,sh.600600,3.00,3.08,2.91,3.08,474500
1998/9/1,sh.600600,3.07,3.21,3.00,3.11,454900
1998/9/2,sh.600600,3.10,3.21,3.07,3.15,412800
1998/9/3,sh.600600,3.13,3.16,3.12,3.13,203200
1998/9/4,sh.600600,3.13,3.16,3.13,3.14,326200
1998/9/7,sh.600600,3.16,3.17,3.11,3.16,313300
1998/9/8,sh.600600,3.19,3.21,3.14,3.14,284800
1998/9/9,sh.600600,3.13,3.16,3.10,3.16,359600
1998/9/10,sh.600600,3.17,3.26,3.16,3.24,748400
1998/9/11,sh.600600,3.19,3.24,3.19,3.22,536400
1998/9/14,sh.600600,3.22,3.36,3.21,3.31,828300
1998/9/15,sh.600600,3.33,3.33,3.25,3.25,544400
1998/9/16,sh.600600,3.22,3.31,3.21,3.28,520000
1998/9/17,sh.600600,3.31,3.31,3.16,3.19,694900
1998/9/18,sh.600600,3.19,3.19,3.10,3.11,555100
1998/9/21,sh.600600,3.11,3.16,3.06,3.14,415600
1998/9/22,sh.600600,3.14,3.22,3.13,3.19,461500
1998/9/23,sh.600600,3.21,3.29,3.21,3.25,701800
1998/9/24,sh.600600,3.26,3.31,3.13,3.14,398900
1998/9/25,sh.600600,3.14,3.24,3.12,3.22,337400
1998/9/28,sh.600600,3.24,3.47,3.19,3.38,1896900
1998/9/29,sh.600600,3.38,3.38,3.25,3.29,833000
1998/9/30,sh.600600,3.31,3.37,3.29,3.32,514600
1998/10/5,sh.600600,3.31,3.31,3.24,3.24,346000
1998/10/6,sh.600600,3.25,3.25,3.16,3.16,454100
1998/10/7,sh.600600,3.16,3.19,3.13,3.16,321600
1998/10/8,sh.600600,3.16,3.19,3.13,3.16,437700
1998/10/9,sh.600600,3.18,3.27,3.15,3.22,618100
1998/10/12,sh.600600,3.22,3.24,3.16,3.21,412300
1998/10/13,sh.600600,3.21,3.28,3.18,3.19,613000
1998/10/14,sh.600600,3.19,3.20,3.13,3.16,637800
1998/10/15,sh.600600,3.16,3.19,3.13,3.13,558900
1998/10/16,sh.600600,3.15,3.22,3.15,3.17,383100
1998/10/19,sh.600600,3.23,3.23,3.16,3.19,387100
1998/10/20,sh.600600,3.19,3.20,3.14,3.17,296000
1998/10/21,sh.600600,3.14,3.17,3.06,3.09,615300
1998/10/22,sh.600600,3.06,3.12,3.01,3.10,630100
1998/10/23,sh.600600,3.10,3.10,3.02,3.02,435700
1998/10/26,sh.600600,3.03,3.10,3.02,3.03,532300
1998/10/27,sh.600600,3.02,3.08,3.01,3.06,336700
1998/10/28,sh.600600,3.06,3.22,3.06,3.15,586200
1998/10/29,sh.600600,3.16,3.18,3.07,3.08,262000
1998/10/30,sh.600600,3.08,3.16,3.06,3.11,293700
1998/11/2,sh.600600,3.13,3.13,3.05,3.07,266400
1998/11/3,sh.600600,3.10,3.10,3.06,3.08,226300
1998/11/4,sh.600600,3.07,3.14,3.07,3.10,405700
1998/11/5,sh.600600,3.12,3.12,3.07,3.10,434900
1998/11/6,sh.600600,3.11,3.21,3.11,3.17,674400
1998/11/9,sh.600600,3.20,3.39,3.17,3.36,2777700
1998/11/10,sh.600600,3.36,3.65,3.36,3.56,4690400
1998/11/11,sh.600600,3.56,3.61,3.48,3.51,2034900
1998/11/12,sh.600600,3.51,3.65,3.51,3.54,1546000
1998/11/13,sh.600600,3.55,3.59,3.41,3.46,992500
1998/11/16,sh.600600,3.48,3.48,3.40,3.41,736800
1998/11/17,sh.600600,3.48,3.52,3.42,3.47,709700
1998/11/18,sh.600600,3.47,3.52,3.39,3.40,724700
1998/11/19,sh.600600,3.42,3.42,3.33,3.34,740100
1998/11/20,sh.600600,3.34,3.37,3.32,3.35,417500
1998/11/23,sh.600600,3.34,3.34,3.29,3.31,378000
1998/11/24,sh.600600,3.31,3.44,3.31,3.41,546400
1998/11/25,sh.600600,3.42,3.44,3.33,3.36,262400
1998/11/26,sh.600600,3.36,3.36,3.26,3.29,339000
1998/11/27,sh.600600,3.28,3.29,3.25,3.26,391400
1998/11/30,sh.600600,3.27,3.31,3.25,3.29,371300
1998/12/1,sh.600600,3.31,3.33,3.25,3.26,169700
1998/12/2,sh.600600,3.27,3.27,3.19,3.22,418100
1998/12/3,sh.600600,3.22,3.26,3.21,3.22,210200
1998/12/4,sh.600600,3.22,3.24,3.22,3.22,245000
1998/12/7,sh.600600,3.25,3.33,3.17,3.17,194000
1998/12/8,sh.600600,3.19,3.26,3.18,3.25,287200
1998/12/9,sh.600600,3.25,3.30,3.25,3.30,204700
1998/12/10,sh.600600,3.31,3.31,3.19,3.22,135900
1998/12/11,sh.600600,3.19,3.25,3.19,3.25,109500
1998/12/14,sh.600600,3.28,3.28,3.21,3.22,167300
1998/12/15,sh.600600,3.20,3.22,3.17,3.19,158100
1998/12/16,sh.600600,3.19,3.24,3.18,3.19,134200
1998/12/17,sh.600600,3.17,3.18,3.11,3.12,270900
1998/12/18,sh.600600,3.12,3.17,3.11,3.13,184700
1998/12/21,sh.600600,3.11,3.16,3.08,3.11,259700
1998/12/22,sh.600600,3.13,3.19,3.11,3.19,177600
1998/12/23,sh.600600,3.19,3.19,3.12,3.14,148500
1998/12/24,sh.600600,3.14,3.41,3.12,3.19,206900
1998/12/25,sh.600600,3.25,3.27,3.18,3.22,126600
1998/12/28,sh.600600,3.25,3.27,3.17,3.18,156500
1998/12/29,sh.600600,3.18,3.19,3.13,3.13,195200
1998/12/30,sh.600600,3.12,3.16,3.08,3.13,176100
1998/12/31,sh.600600,3.13,3.21,3.13,3.14,126500
1999/1/4,sh.600600,3.14,3.15,3.11,3.11,104200
1999/1/5,sh.600600,3.11,3.11,3.08,3.11,116900
1999/1/6,sh.600600,3.13,3.16,3.08,3.15,113000
1999/1/7,sh.600600,3.19,3.19,3.09,3.13,130200
1999/1/8,sh.600600,3.13,3.19,3.12,3.19,203700
1999/1/11,sh.600600,3.19,3.28,3.15,3.26,709600
1999/1/12,sh.600600,3.25,3.26,3.17,3.18,224200
1999/1/13,sh.600600,3.14,3.24,3.13,3.14,207100
1999/1/14,sh.600600,3.19,3.19,3.12,3.15,174600
1999/1/15,sh.600600,3.19,3.19,3.10,3.11,214400
1999/1/18,sh.600600,3.10,3.18,3.10,3.18,255400
1999/1/19,sh.600600,3.20,3.20,3.12,3.16,161600
1999/1/20,sh.600600,3.14,3.24,3.13,3.22,462400
1999/1/21,sh.600600,3.22,3.28,3.18,3.26,601000
1999/1/22,sh.600600,3.28,3.36,3.24,3.26,515200
1999/1/25,sh.600600,3.26,3.28,3.21,3.22,240900
1999/1/26,sh.600600,3.25,3.35,3.21,3.34,995300
1999/1/27,sh.600600,3.33,3.35,3.21,3.25,566200
1999/1/28,sh.600600,3.26,3.30,3.22,3.24,285800
1999/1/29,sh.600600,3.22,3.25,3.19,3.19,305500
1999/2/1,sh.600600,3.17,3.21,3.13,3.15,277700
1999/2/2,sh.600600,3.17,3.19,3.13,3.14,193300
1999/2/3,sh.600600,3.14,3.15,3.12,3.13,163300
1999/2/4,sh.600600,3.09,3.13,3.09,3.11,295000
1999/2/5,sh.600600,3.10,3.13,3.10,3.10,230000
1999/2/8,sh.600600,3.10,3.13,3.03,3.03,427100
1999/2/9,sh.600600,3.03,3.14,3.03,3.13,192800
1999/3/1,sh.600600,3.13,3.22,3.07,3.20,275100
1999/3/2,sh.600600,3.19,3.24,3.13,3.24,292600
1999/3/3,sh.600600,3.24,3.30,3.21,3.25,511100
1999/3/4,sh.600600,3.25,3.26,3.06,3.22,363900
1999/3/5,sh.600600,3.19,3.25,3.19,3.21,293000
1999/3/8,sh.600600,3.23,3.31,3.19,3.31,702400
1999/3/9,sh.600600,3.64,3.64,3.33,3.37,1930800
1999/3/10,sh.600600,3.36,3.36,3.28,3.28,590500
1999/3/11,sh.600600,3.28,3.36,3.26,3.31,722600
1999/3/12,sh.600600,3.32,3.47,3.28,3.41,1033500
1999/3/15,sh.600600,3.51,3.59,3.43,3.48,1649700
1999/3/16,sh.600600,3.48,3.48,3.36,3.42,657300
1999/3/17,sh.600600,3.42,3.48,3.39,3.40,607500
1999/3/18,sh.600600,3.39,3.42,3.32,3.34,507300
1999/3/19,sh.600600,3.34,3.40,3.31,3.40,495000
1999/3/22,sh.600600,3.39,3.45,3.36,3.37,441700
1999/3/23,sh.600600,3.37,3.37,3.31,3.33,476800
1999/3/24,sh.600600,3.35,3.36,3.31,3.33,351300
1999/3/25,sh.600600,3.35,3.35,3.30,3.31,277300
1999/3/26,sh.600600,3.31,3.31,3.29,3.30,282300
1999/3/29,sh.600600,3.28,3.36,3.28,3.34,228000
1999/3/30,sh.600600,3.34,3.36,3.29,3.29,237100
1999/3/31,sh.600600,3.28,3.33,3.28,3.32,185900
1999/4/1,sh.600600,3.32,3.47,3.32,3.41,608800
1999/4/2,sh.600600,3.43,3.44,3.36,3.40,518200
1999/4/5,sh.600600,3.43,3.47,3.40,3.47,882000
1999/4/6,sh.600600,3.48,3.50,3.40,3.44,530100
1999/4/7,sh.600600,3.45,3.64,3.40,3.51,1990100
1999/4/8,sh.600600,3.49,3.59,3.48,3.55,1220300
1999/4/9,sh.600600,3.57,3.82,3.50,3.76,5040900
1999/4/12,sh.600600,3.77,3.97,3.76,3.83,5716600
1999/4/13,sh.600600,3.81,3.90,3.71,3.77,2627800
1999/4/14,sh.600600,3.77,3.77,3.65,3.69,1152300
1999/4/15,sh.600600,3.68,3.73,3.62,3.64,1078300
1999/4/16,sh.600600,3.62,3.68,3.52,3.55,1167700
1999/4/19,sh.600600,3.54,3.59,3.51,3.57,542800
1999/4/20,sh.600600,3.58,3.68,3.57,3.68,880300
1999/4/21,sh.600600,3.68,3.71,3.53,3.53,1259900
1999/4/22,sh.600600,3.44,3.50,3.33,3.48,980500
1999/4/23,sh.600600,3.50,3.55,3.39,3.50,747200
1999/4/26,sh.600600,3.51,3.53,3.40,3.41,634200
1999/4/27,sh.600600,3.41,3.45,3.36,3.37,407200
1999/4/28,sh.600600,3.36,3.42,3.28,3.29,674700
1999/4/29,sh.600600,3.29,3.40,3.29,3.37,350100
1999/4/30,sh.600600,3.42,3.42,3.32,3.35,340100
1999/5/4,sh.600600,3.35,3.47,3.35,3.44,353700
1999/5/5,sh.600600,3.44,3.55,3.42,3.54,667600
1999/5/6,sh.600600,3.49,3.54,3.48,3.49,291200
1999/5/7,sh.600600,3.51,3.57,3.50,3.51,350800
1999/5/10,sh.600600,3.42,3.47,3.31,3.33,696200
1999/5/11,sh.600600,3.33,3.44,3.32,3.43,224100
1999/5/12,sh.600600,3.37,3.46,3.37,3.44,286100
1999/5/13,sh.600600,3.43,3.47,3.40,3.40,184500
1999/5/14,sh.600600,3.40,3.40,3.26,3.31,390700
1999/5/17,sh.600600,3.32,3.35,3.25,3.28,328900
1999/5/18,sh.600600,3.25,3.31,3.25,3.27,207000
1999/5/19,sh.600600,3.33,3.39,3.28,3.39,392300
1999/5/20,sh.600600,3.39,3.54,3.36,3.50,630600
1999/5/21,sh.600600,3.51,3.54,3.42,3.47,823500
1999/5/24,sh.600600,3.46,3.70,3.42,3.62,1896200
1999/5/25,sh.600600,3.62,3.68,3.47,3.48,2328700
1999/5/26,sh.600600,3.48,3.63,3.46,3.63,1732600
1999/5/27,sh.600600,3.65,3.77,3.58,3.75,3355700
1999/5/28,sh.600600,3.77,3.80,3.56,3.58,2143100
1999/5/31,sh.600600,3.59,3.67,3.51,3.55,1431500
1999/6/1,sh.600600,3.56,3.76,3.53,3.72,2245200
1999/6/2,sh.600600,3.74,3.76,3.57,3.58,2054900
1999/6/3,sh.600600,3.55,3.65,3.51,3.53,841800
1999/6/4,sh.600600,3.51,3.68,3.51,3.57,835900
1999/6/7,sh.600600,3.58,3.86,3.57,3.75,4370700
1999/6/8,sh.600600,3.77,3.79,3.59,3.65,1834100
1999/6/9,sh.600600,3.65,3.75,3.61,3.66,1232800
1999/6/10,sh.600600,3.75,4.02,3.71,3.91,10990300
1999/6/11,sh.600600,3.88,3.96,3.86,3.90,2739000
1999/6/14,sh.600600,3.94,4.16,3.94,4.12,3796800
1999/6/15,sh.600600,4.23,4.53,4.09,4.15,13549700
1999/6/16,sh.600600,4.20,4.55,4.20,4.52,7139700
1999/6/17,sh.600600,4.64,4.65,4.37,4.51,5297700
1999/6/18,sh.600600,4.52,4.52,4.35,4.39,3288100
1999/6/21,sh.600600,4.41,4.52,4.34,4.46,3620800
1999/6/22,sh.600600,4.52,4.61,4.42,4.55,4020500
1999/6/23,sh.600600,4.56,5.01,4.56,4.86,7879400
1999/6/24,sh.600600,4.86,4.86,4.86,4.86,INVALID
1999/6/25,sh.600600,4.92,5.22,4.57,4.58,5406100
1999/6/28,sh.600600,4.58,4.92,4.58,4.90,4783200
1999/6/29,sh.600600,4.92,5.28,4.64,5.16,13324900
1999/6/30,sh.600600,5.19,5.22,4.75,4.81,4639500
1999/7/1,sh.600600,4.71,4.79,4.33,4.38,5212500
1999/7/2,sh.600600,4.46,4.70,4.40,4.58,4639300
1999/7/5,sh.600600,4.64,4.67,4.46,4.52,1636900
1999/7/6,sh.600600,4.46,4.51,4.21,4.26,1266500
1999/7/7,sh.600600,4.29,4.44,4.24,4.42,1133500
1999/7/8,sh.600600,4.45,4.55,4.35,4.43,1131400
1999/7/9,sh.600600,4.44,4.73,4.41,4.63,2790600
1999/7/12,sh.600600,4.64,4.74,4.56,4.63,1647600
1999/7/13,sh.600600,4.57,4.86,4.54,4.71,3028100
1999/7/14,sh.600600,4.75,4.85,4.63,4.77,1802700
1999/7/15,sh.600600,4.80,4.84,4.65,4.67,1272200
1999/7/16,sh.600600,4.64,4.67,4.45,4.50,1505900
1999/7/19,sh.600600,4.38,4.46,4.29,4.34,1432100
1999/7/20,sh.600600,4.32,4.61,4.30,4.58,1352200
1999/7/21,sh.600600,4.69,4.80,4.52,4.66,2840400
1999/7/22,sh.600600,4.66,4.81,4.58,4.71,3309800
1999/7/23,sh.600600,4.78,4.97,4.75,4.91,4686300
1999/7/26,sh.600600,4.96,5.19,4.93,5.10,6974900
1999/7/27,sh.600600,5.10,5.15,4.80,4.87,2812500
1999/7/28,sh.600600,4.87,4.98,4.81,4.84,1888500
1999/7/29,sh.600600,4.93,4.97,4.75,4.87,1560800
1999/7/30,sh.600600,4.93,5.09,4.90,4.93,2305200
1999/8/2,sh.600600,4.97,5.42,4.87,5.42,15223700
1999/8/3,sh.600600,5.51,5.84,5.38,5.62,28292800
1999/8/4,sh.600600,5.68,5.89,5.62,5.76,14427400
1999/8/5,sh.600600,5.79,6.34,5.62,6.34,15269500
1999/8/6,sh.600600,6.38,6.81,6.23,6.52,18070600
1999/8/9,sh.600600,6.44,6.49,6.12,6.12,8998800
1999/8/10,sh.600600,6.03,6.19,5.87,5.97,7224500
1999/8/11,sh.600600,5.94,6.26,5.91,6.08,5226400
1999/8/12,sh.600600,6.09,6.15,5.75,5.80,4197100
1999/8/13,sh.600600,5.83,5.97,5.62,5.62,3752900
1999/8/16,sh.600600,5.57,5.87,5.57,5.80,3510000
1999/8/17,sh.600600,5.83,5.98,5.73,5.76,3145600
1999/8/18,sh.600600,5.74,6.06,5.71,6.06,3453800
1999/8/19,sh.600600,6.09,6.23,5.97,6.09,5487500
1999/8/20,sh.600600,6.11,6.27,5.91,5.95,3446900
1999/8/23,sh.600600,5.97,6.04,5.80,5.89,3205500
1999/8/24,sh.600600,5.97,6.08,5.71,5.78,3221500
1999/8/25,sh.600600,5.78,6.11,5.74,6.02,4044100
1999/8/26,sh.600600,6.05,6.06,5.86,5.98,1598400
1999/8/27,sh.600600,5.97,6.10,5.88,5.90,1736000
1999/8/30,sh.600600,5.95,6.00,5.74,5.79,1981400
1999/8/31,sh.600600,5.80,5.87,5.62,5.76,1998700
1999/9/1,sh.600600,5.76,5.87,5.45,5.50,2623500
1999/9/2,sh.600600,5.50,5.61,5.28,5.52,2483100
1999/9/3,sh.600600,5.52,5.54,5.31,5.33,2017200
1999/9/6,sh.600600,5.24,5.31,5.04,5.07,2206500
1999/9/7,sh.600600,5.04,5.22,5.03,5.09,1490500
1999/9/8,sh.600600,5.09,5.31,5.09,5.18,1309100
1999/9/9,sh.600600,5.32,5.69,5.28,5.69,3339300
1999/9/10,sh.600600,5.79,5.93,5.62,5.62,3866700
1999/9/13,sh.600600,5.62,5.62,5.48,5.59,1845300
1999/9/14,sh.600600,5.62,5.68,5.49,5.49,1412200
1999/9/15,sh.600600,5.54,5.57,5.42,5.45,1137400
1999/9/16,sh.600600,5.45,5.51,5.38,5.42,885500
1999/9/17,sh.600600,5.31,5.50,5.31,5.44,796600
1999/9/20,sh.600600,5.44,5.45,5.31,5.33,562600
1999/9/21,sh.600600,5.32,5.32,5.22,5.24,745800
1999/9/22,sh.600600,5.25,5.32,5.22,5.28,405900
1999/9/23,sh.600600,5.31,5.31,5.22,5.22,633900
1999/9/24,sh.600600,5.28,5.42,5.25,5.35,474200
1999/9/27,sh.600600,5.39,5.46,5.26,5.26,413200
1999/9/28,sh.600600,5.32,5.57,5.27,5.47,2307700
1999/9/29,sh.600600,5.55,5.57,5.29,5.31,840800
1999/9/30,sh.600600,5.31,5.40,5.22,5.25,676500
1999/10/8,sh.600600,5.28,5.28,5.10,5.13,470500
1999/10/11,sh.600600,5.11,5.11,4.94,4.95,578400
1999/10/12,sh.600600,4.96,5.04,4.95,4.99,317600
1999/10/13,sh.600600,5.02,5.05,4.87,4.89,371300
1999/10/14,sh.600600,4.89,5.10,4.78,4.84,486400
1999/10/15,sh.600600,4.98,5.02,4.87,4.97,664300
1999/10/18,sh.600600,4.98,4.98,4.76,4.81,496300
1999/10/19,sh.600600,4.74,4.74,4.66,4.67,647900
1999/10/20,sh.600600,4.67,4.78,4.64,4.71,504200
1999/10/21,sh.600600,4.74,4.74,4.52,4.56,672100
1999/10/22,sh.600600,4.56,5.02,4.50,4.82,1577100
1999/10/25,sh.600600,4.81,4.82,4.67,4.67,514800
1999/10/26,sh.600600,4.67,4.84,4.67,4.76,448400
1999/10/27,sh.600600,4.96,5.24,4.96,5.24,2763300
1999/10/28,sh.600600,5.51,5.74,5.44,5.56,11855100
1999/10/29,sh.600600,5.56,5.65,5.29,5.34,4219200
1999/11/1,sh.600600,5.33,5.33,5.11,5.13,2055400
1999/11/2,sh.600600,5.12,5.22,5.03,5.05,1220900
1999/11/3,sh.600600,5.06,5.44,5.02,5.38,2485100
1999/11/4,sh.600600,5.38,5.43,5.22,5.28,2018000
1999/11/5,sh.600600,5.27,5.42,5.22,5.33,1093100
1999/11/8,sh.600600,5.33,5.50,5.28,5.44,1899800
1999/11/9,sh.600600,5.45,5.49,5.25,5.28,1210300
1999/11/10,sh.600600,5.25,5.28,5.08,5.16,1450400
1999/11/11,sh.600600,5.15,5.28,5.09,5.23,808300
1999/11/12,sh.600600,5.22,5.22,5.12,5.13,426600
1999/11/15,sh.600600,5.10,5.28,5.10,5.28,543900
1999/11/16,sh.600600,5.39,5.42,5.11,5.20,494000
1999/11/17,sh.600600,5.19,5.39,5.16,5.36,954300
1999/11/18,sh.600600,5.40,5.65,5.30,5.43,3348800
1999/11/19,sh.600600,5.42,5.50,5.34,5.35,1116400
1999/11/22,sh.600600,5.45,5.45,5.28,5.41,618900
1999/11/23,sh.600600,5.37,5.53,5.37,5.46,867800
1999/11/24,sh.600600,5.45,5.72,5.39,5.61,3933200
1999/11/25,sh.600600,5.57,5.60,5.50,5.54,1184100
1999/11/26,sh.600600,5.54,5.54,5.40,5.40,985200
1999/11/29,sh.600600,5.38,5.44,5.28,5.29,1173800
1999/11/30,sh.600600,5.25,5.32,5.24,5.31,669200
1999/12/1,sh.600600,5.30,5.31,5.22,5.28,759300
1999/12/2,sh.600600,5.29,5.36,5.10,5.10,1471100
1999/12/3,sh.600600,5.09,5.19,4.99,5.08,1795400
1999/12/6,sh.600600,5.07,5.07,4.96,4.99,818500
1999/12/7,sh.600600,4.99,5.10,4.97,5.04,451500
1999/12/8,sh.600600,5.10,5.11,4.99,5.02,405500
1999/12/9,sh.600600,5.02,5.09,4.99,5.04,224200
1999/12/10,sh.600600,5.05,5.07,4.91,5.02,585900
1999/12/13,sh.600600,4.93,5.02,4.88,4.89,643600
1999/12/14,sh.600600,4.89,4.89,4.89,4.89,INVALID
1999/12/15,sh.600600,5.02,5.21,5.01,5.06,793400
1999/12/16,sh.600600,5.05,5.06,4.91,4.92,783800
1999/12/17,sh.600600,4.98,4.98,4.79,4.82,708300
1999/12/21,sh.600600,4.82,4.86,4.63,4.75,653700
1999/12/22,sh.600600,4.65,4.78,4.64,4.75,324400
1999/12/23,sh.600600,4.74,4.74,4.64,4.67,383411
1999/12/24,sh.600600,4.64,4.73,4.64,4.67,279800
1999/12/27,sh.600600,4.65,4.69,4.53,4.55,497000
1999/12/28,sh.600600,4.56,4.69,4.53,4.57,386800
1999/12/29,sh.600600,4.64,4.75,4.60,4.69,349300
1999/12/30,sh.600600,4.70,4.77,4.69,4.74,293600
2000/1/4,sh.600600,4.75,4.81,4.70,4.81,557100
2000/1/5,sh.600600,4.81,5.00,4.76,4.83,864800
2000/1/6,sh.600600,4.81,5.10,4.76,5.07,1321000
2000/1/7,sh.600600,5.10,5.32,5.09,5.28,3757900
2000/1/10,sh.600600,5.31,5.45,5.10,5.36,3712500
2000/1/11,sh.600600,5.38,5.39,4.96,5.04,1774500
2000/1/12,sh.600600,5.04,5.15,4.85,4.91,1575100
2000/1/13,sh.600600,4.93,4.96,4.84,4.84,453400
2000/1/14,sh.600600,4.84,4.92,4.69,4.72,792900
2000/1/17,sh.600600,4.70,4.78,4.64,4.78,821200
2000/1/18,sh.600600,4.78,4.80,4.67,4.69,710000
2000/1/19,sh.600600,4.71,4.73,4.67,4.70,724800
2000/1/20,sh.600600,4.78,5.16,4.78,4.93,1197600
2000/1/21,sh.600600,4.93,4.95,4.74,4.80,1675900
2000/1/24,sh.600600,4.78,4.82,4.67,4.81,1434600
2000/1/25,sh.600600,4.84,4.88,4.73,4.80,915700
2000/1/26,sh.600600,4.82,5.04,4.78,4.88,935500
2000/1/27,sh.600600,4.93,4.96,4.73,4.79,1565000
2000/1/28,sh.600600,4.81,4.86,4.70,4.81,1948000
2000/2/14,sh.600600,4.93,5.28,4.84,5.22,3679300
2000/2/15,sh.600600,5.22,5.31,4.96,4.99,4274200
2000/2/16,sh.600600,4.93,5.14,4.81,5.06,3781700
2000/2/17,sh.600600,5.07,5.51,4.99,5.22,7219100
2000/2/18,sh.600600,5.19,5.21,4.91,4.96,2718700
2000/2/21,sh.600600,4.94,5.22,4.94,5.09,2427000
2000/2/22,sh.600600,5.10,5.22,4.93,4.95,1834100
2000/2/23,sh.600600,4.93,5.07,4.91,4.99,1294100
2000/2/24,sh.600600,5.00,5.03,4.90,4.97,938100
2000/2/25,sh.600600,4.93,5.02,4.82,4.90,1946400
2000/2/28,sh.600600,4.93,4.97,4.82,4.95,1992000
2000/2/29,sh.600600,5.02,5.44,5.02,5.44,9533300
2000/3/1,sh.600600,5.44,5.45,5.10,5.13,5552800
2000/3/2,sh.600600,5.10,5.19,4.96,5.07,2649200
2000/3/3,sh.600600,5.07,5.26,5.01,5.16,2041500
2000/3/6,sh.600600,5.22,5.28,5.06,5.11,2852000
2000/3/7,sh.600600,5.07,5.35,5.04,5.27,2831800
2000/3/8,sh.600600,5.26,5.32,5.14,5.19,1754900
2000/3/9,sh.600600,5.19,5.25,5.09,5.13,1460500
2000/3/10,sh.600600,5.14,5.16,5.00,5.02,1459300
2000/3/13,sh.600600,4.99,5.13,4.96,5.07,993200
2000/3/14,sh.600600,5.02,5.04,4.87,4.96,1771500
2000/3/15,sh.600600,5.00,5.26,5.00,5.15,3385300
2000/3/16,sh.600600,5.22,5.22,4.92,5.04,2470000
2000/3/17,sh.600600,5.02,5.33,5.00,5.22,6408700
2000/3/20,sh.600600,5.22,5.65,5.19,5.47,9948300
2000/3/21,sh.600600,5.47,5.47,5.26,5.33,2257600
2000/3/22,sh.600600,5.33,5.45,5.22,5.33,1563800
2000/3/23,sh.600600,5.32,5.37,5.22,5.36,1604800
2000/3/24,sh.600600,5.39,5.44,5.26,5.26,2221300
2000/3/27,sh.600600,5.26,5.38,5.24,5.33,1654400
2000/3/28,sh.600600,5.35,5.61,5.35,5.57,4873500
2000/3/29,sh.600600,5.60,5.65,5.28,5.46,2147900
2000/3/30,sh.600600,5.50,5.80,5.42,5.68,9374200
2000/3/31,sh.600600,5.68,5.69,5.56,5.64,2705900
2000/4/3,sh.600600,5.68,5.94,5.60,5.69,7461100
2000/4/4,sh.600600,5.68,5.68,5.40,5.43,2901200
2000/4/5,sh.600600,5.38,5.51,5.38,5.47,1444300
2000/4/6,sh.600600,5.48,5.60,5.48,5.58,1434100
2000/4/7,sh.600600,5.64,5.80,5.57,5.62,1888400
2000/4/10,sh.600600,5.65,5.68,5.55,5.68,1503100
2000/4/11,sh.600600,5.68,5.74,5.51,5.53,1897300
2000/4/12,sh.600600,5.53,5.57,5.40,5.50,1807100
2000/4/13,sh.600600,5.51,5.68,5.50,5.65,1812600
2000/4/14,sh.600600,5.68,5.86,5.62,5.68,6287800
2000/4/17,sh.600600,5.67,5.81,5.57,5.74,2925000
2000/4/18,sh.600600,5.74,5.79,5.57,5.61,1733600
2000/4/19,sh.600600,5.61,5.68,5.51,5.60,1848100
2000/4/20,sh.600600,5.64,5.71,5.55,5.59,1439100
2000/4/21,sh.600600,5.59,5.62,5.44,5.50,2572900
2000/4/24,sh.600600,5.50,5.51,5.38,5.42,2097500
2000/4/25,sh.600600,5.42,5.51,5.32,5.48,1462400
2000/4/26,sh.600600,5.50,5.55,5.35,5.38,1005900
2000/4/27,sh.600600,5.38,5.40,5.24,5.26,2087300
2000/4/28,sh.600600,5.25,5.33,5.24,5.29,1325900
2000/5/8,sh.600600,5.29,5.33,5.17,5.25,940600
2000/5/9,sh.600600,5.24,5.24,5.09,5.12,1313700
2000/5/10,sh.600600,5.10,5.10,4.99,5.03,924700
2000/5/11,sh.600600,5.03,5.11,5.02,5.04,619700
2000/5/12,sh.600600,5.02,5.11,5.02,5.07,487800
2000/5/15,sh.600600,5.16,5.16,4.99,5.00,374400
2000/5/16,sh.600600,5.00,5.07,4.99,5.06,385800
2000/5/17,sh.600600,5.07,5.13,5.06,5.09,279400
2000/5/18,sh.600600,5.09,5.13,4.99,5.11,740900
2000/5/19,sh.600600,5.11,5.14,4.99,5.11,1872700
2000/5/22,sh.600600,5.14,5.25,5.07,5.21,1566800
2000/5/23,sh.600600,5.21,5.24,5.09,5.18,917700
2000/5/24,sh.600600,5.22,5.27,5.17,5.21,1140000
2000/5/25,sh.600600,5.24,5.33,5.22,5.28,1223400
2000/5/26,sh.600600,5.28,5.31,5.22,5.24,1084200
2000/5/29,sh.600600,5.28,5.28,5.21,5.24,1193300
2000/5/30,sh.600600,5.28,5.44,5.24,5.31,1544200
2000/5/31,sh.600600,5.28,5.31,5.25,5.29,813900
2000/6/1,sh.600600,5.31,5.36,5.25,5.28,730100
2000/6/2,sh.600600,5.30,5.42,5.24,5.37,1514800
2000/6/5,sh.600600,5.39,5.53,5.31,5.33,1785700
2000/6/6,sh.600600,5.31,5.40,5.22,5.39,1778800
2000/6/7,sh.600600,5.43,5.65,5.31,5.60,5529300
2000/6/8,sh.600600,5.62,5.62,5.45,5.45,1957400
2000/6/9,sh.600600,5.45,5.50,5.30,5.31,1339200
2000/6/12,sh.600600,5.31,5.39,5.25,5.32,812900
2000/6/13,sh.600600,5.33,5.39,5.31,5.37,838600
2000/6/14,sh.600600,5.42,5.60,5.38,5.47,2256700
2000/6/15,sh.600600,5.46,5.46,5.40,5.43,771400
2000/6/16,sh.600600,5.43,5.51,5.36,5.38,1244100
2000/6/19,sh.600600,5.37,5.46,5.31,5.36,942800
2000/6/20,sh.600600,5.37,5.40,5.28,5.30,641900
2000/6/21,sh.600600,5.32,5.38,5.31,5.35,571900
2000/6/22,sh.600600,5.36,5.36,5.28,5.31,693100
2000/6/23,sh.600600,5.31,5.33,5.28,5.33,689400
2000/6/26,sh.600600,5.33,5.43,5.33,5.41,1016800
2000/6/27,sh.600600,5.41,5.41,5.41,5.41,INVALID
2000/6/28,sh.600600,5.45,5.62,5.36,5.45,2635600
2000/6/29,sh.600600,5.45,5.68,5.45,5.60,7696400
2000/6/30,sh.600600,5.60,5.63,5.48,5.51,2098300
2000/7/3,sh.600600,5.54,5.54,5.39,5.40,1154600
2000/7/4,sh.600600,5.40,5.49,5.39,5.49,660900
2000/7/5,sh.600600,5.51,5.54,5.44,5.45,680900
2000/7/6,sh.600600,5.50,5.51,5.39,5.39,803400
2000/7/7,sh.600600,5.39,5.53,5.39,5.47,817700
2000/7/10,sh.600600,5.48,5.65,5.47,5.62,2519800
2000/7/11,sh.600600,5.62,5.74,5.55,5.72,3574900
2000/7/12,sh.600600,5.77,5.79,5.67,5.71,2403500
2000/7/13,sh.600600,5.71,5.76,5.60,5.60,2144400
2000/7/14,sh.600600,5.60,5.77,5.57,5.73,2511200
2000/7/17,sh.600600,5.79,6.08,5.73,5.89,7983600
2000/7/18,sh.600600,5.89,6.05,5.83,5.91,3504100
2000/7/19,sh.600600,5.97,6.00,5.81,5.86,2357000
2000/7/20,sh.600600,5.86,5.95,5.75,5.82,2829500
2000/7/21,sh.600600,5.83,5.89,5.77,5.83,1412500
2000/7/24,sh.600600,5.85,5.98,5.83,5.98,2525300
2000/7/25,sh.600600,6.02,6.06,5.93,6.01,2166300
2000/7/26,sh.600600,6.03,6.05,5.93,6.00,1749800
2000/7/27,sh.600600,6.03,6.20,5.96,6.02,3042400
2000/7/28,sh.600600,6.04,6.29,6.04,6.23,6525600
2000/7/31,sh.600600,6.31,6.43,6.25,6.33,5485500
2000/8/1,sh.600600,6.37,6.38,6.23,6.26,2653900
2000/8/2,sh.600600,6.26,6.42,6.26,6.41,3259200
2000/8/3,sh.600600,6.41,6.44,6.32,6.35,1846100
2000/8/4,sh.600600,6.35,6.35,6.02,6.08,4381100
2000/8/7,sh.600600,6.03,6.16,5.93,6.07,1907700
2000/8/8,sh.600600,6.09,6.15,6.00,6.04,1489000
2000/8/9,sh.600600,6.06,6.16,6.06,6.08,1829100
2000/8/10,sh.600600,6.18,6.68,6.14,6.47,7106000
2000/8/11,sh.600600,6.49,6.58,6.32,6.33,4577600
2000/8/14,sh.600600,6.38,6.49,6.35,6.44,2372000
2000/8/15,sh.600600,6.48,6.53,6.26,6.36,2336100
2000/8/16,sh.600600,6.38,6.40,6.26,6.33,1488400
2000/8/17,sh.600600,6.33,6.49,6.29,6.48,1849500
2000/8/18,sh.600600,6.48,6.52,6.41,6.42,1814200
2000/8/21,sh.600600,6.70,6.71,6.54,6.58,2712100
2000/8/22,sh.600600,6.60,6.64,6.38,6.38,2850400
2000/8/23,sh.600600,6.32,6.41,5.91,6.26,3989000
2000/8/24,sh.600600,6.35,6.35,6.15,6.27,1755200
2000/8/25,sh.600600,6.31,6.44,6.15,6.41,1921300
2000/8/28,sh.600600,6.44,6.65,6.44,6.58,3396500
2000/8/29,sh.600600,6.67,6.67,6.50,6.52,1681400
2000/8/30,sh.600600,6.52,6.56,6.36,6.37,1676800
2000/8/31,sh.600600,6.25,6.43,6.15,6.20,1679500
2000/9/1,sh.600600,6.16,6.26,6.03,6.03,2053400
2000/9/4,sh.600600,6.03,6.09,6.00,6.09,1314600
2000/9/5,sh.600600,6.10,6.23,5.84,5.88,1355700
2000/9/6,sh.600600,5.87,5.91,5.62,5.64,1548600
2000/9/7,sh.600600,5.65,5.82,5.65,5.71,965600
2000/9/8,sh.600600,5.72,5.78,5.64,5.71,684200
2000/9/11,sh.600600,5.76,5.88,5.71,5.85,709300
2000/9/12,sh.600600,5.94,6.14,5.94,6.00,1724600
2000/9/13,sh.600600,6.07,6.07,5.91,5.98,779700
2000/9/14,sh.600600,5.98,6.00,5.82,5.86,703900
2000/9/15,sh.600600,5.85,5.91,5.78,5.86,681100
2000/9/18,sh.600600,5.91,5.91,5.71,5.74,469900
2000/9/19,sh.600600,5.72,5.72,5.44,5.50,1065500
2000/9/20,sh.600600,5.57,5.65,5.41,5.59,354100
2000/9/21,sh.600600,5.59,5.62,5.48,5.48,461600
2000/9/22,sh.600600,5.46,5.46,5.34,5.37,776600
2000/9/25,sh.600600,5.37,5.41,5.34,5.38,311100
2000/9/26,sh.600600,5.39,5.50,5.39,5.44,224200
2000/9/27,sh.600600,5.49,5.50,5.44,5.50,201500
2000/9/28,sh.600600,5.50,5.53,5.38,5.38,332500
2000/9/29,sh.600600,5.38,5.44,5.38,5.44,316100
2000/10/9,sh.600600,5.44,5.48,5.33,5.44,307800
2000/10/10,sh.600600,5.44,5.57,5.43,5.55,413900
2000/10/11,sh.600600,5.55,5.56,5.44,5.47,441500
2000/10/12,sh.600600,5.48,5.56,5.41,5.51,647200
2000/10/13,sh.600600,5.55,5.56,5.44,5.45,519700
2000/10/16,sh.600600,5.41,5.44,5.33,5.34,502100
2000/10/17,sh.600600,5.38,5.41,5.33,5.36,347500
2000/10/18,sh.600600,5.38,5.47,5.34,5.47,318300
2000/10/19,sh.600600,5.47,5.55,5.45,5.49,446600
2000/10/20,sh.600600,5.41,5.55,5.41,5.50,465600
2000/10/23,sh.600600,5.51,5.61,5.50,5.57,655400
2000/10/24,sh.600600,5.61,5.71,5.56,5.69,1119700
2000/10/25,sh.600600,5.71,5.72,5.62,5.68,772700
2000/10/26,sh.600600,5.68,5.74,5.55,5.56,530500
2000/10/27,sh.600600,5.57,5.68,5.52,5.62,743200
2000/10/30,sh.600600,5.74,5.82,5.68,5.77,1438700
2000/10/31,sh.600600,5.81,5.81,5.62,5.65,769400
2000/11/1,sh.600600,5.62,5.71,5.61,5.67,538400
2000/11/2,sh.600600,5.69,5.71,5.64,5.67,561900
2000/11/3,sh.600600,5.68,5.70,5.61,5.62,467900
2000/11/6,sh.600600,5.62,5.62,5.62,5.62,INVALID
2000/11/7,sh.600600,5.68,5.79,5.61,5.79,631900
2000/11/8,sh.600600,5.79,6.37,5.74,6.37,3271800
2000/11/9,sh.600600,6.15,6.65,6.07,6.50,12846100
2000/11/10,sh.600600,6.50,6.77,6.38,6.57,12274100
2000/11/13,sh.600600,6.58,6.72,6.50,6.64,5332800
2000/11/14,sh.600600,6.61,6.64,6.38,6.48,4935700
2000/11/15,sh.600600,6.50,6.61,6.40,6.57,3743800
2000/11/16,sh.600600,6.55,6.74,6.50,6.55,4496500
2000/11/17,sh.600600,6.55,7.02,6.54,6.85,7124800
2000/11/20,sh.600600,6.85,7.12,6.76,7.03,6754138
2000/11/21,sh.600600,7.03,7.09,6.82,6.84,3949450
2000/11/22,sh.600600,6.85,6.92,6.72,6.85,3105608
2000/11/23,sh.600600,6.88,6.90,6.76,6.81,2437642
2000/11/24,sh.600600,6.85,6.85,6.31,6.36,5121285
2000/11/27,sh.600600,6.35,6.44,6.26,6.36,2188670
2000/11/28,sh.600600,6.37,6.47,6.37,6.46,1246991
2000/11/29,sh.600600,6.50,6.57,6.32,6.40,1584835
2000/11/30,sh.600600,6.35,6.41,6.27,6.32,1157475
2000/12/1,sh.600600,6.35,6.47,6.30,6.41,1043267
2000/12/4,sh.600600,6.40,6.48,6.32,6.48,890021
2000/12/5,sh.600600,6.51,6.54,6.32,6.34,1237057
2000/12/6,sh.600600,6.34,6.41,6.15,6.19,1534300
2000/12/7,sh.600600,6.19,6.22,6.03,6.10,1795965
2000/12/8,sh.600600,6.10,6.27,6.10,6.18,763014
2000/12/11,sh.600600,6.17,6.18,6.04,6.07,668150
2000/12/12,sh.600600,6.09,6.16,6.02,6.15,619890
2000/12/13,sh.600600,6.19,6.27,6.10,6.23,487024
2000/12/14,sh.600600,6.23,6.25,6.10,6.12,432352
2000/12/15,sh.600600,6.12,6.15,6.03,6.06,561666
2000/12/18,sh.600600,6.05,6.20,6.02,6.19,458687
2000/12/19,sh.600600,6.20,6.24,6.15,6.20,443580
2000/12/20,sh.600600,6.20,6.24,6.08,6.19,604575
2000/12/21,sh.600600,6.21,6.32,6.20,6.25,769427
2000/12/22,sh.600600,6.26,6.40,6.23,6.37,1060749
2000/12/25,sh.600600,6.38,6.43,6.30,6.31,830280
2000/12/26,sh.600600,6.37,6.39,6.28,6.31,739108
2000/12/27,sh.600600,6.32,6.36,6.20,6.20,725963
2000/12/28,sh.600600,6.17,6.24,6.09,6.19,460260
2000/12/29,sh.600600,6.32,6.32,6.21,6.24,323648
2001/1/2,sh.600600,6.30,6.41,6.20,6.37,861109
2001/1/3,sh.600600,6.38,6.48,6.27,6.48,1619944
2001/1/4,sh.600600,6.51,6.53,6.39,6.41,1328282
2001/1/5,sh.600600,6.38,6.47,6.32,6.46,1316048
2001/1/8,sh.600600,6.44,6.50,6.35,6.37,1152460
2001/1/9,sh.600600,6.31,6.39,6.28,6.39,904537
2001/1/10,sh.600600,6.40,6.60,6.40,6.55,2320584
2001/1/11,sh.600600,6.60,6.70,6.53,6.65,2670241
2001/1/12,sh.600600,6.65,6.65,6.50,6.55,1195865
2001/1/15,sh.600600,6.54,6.54,6.29,6.29,1223800
2001/1/16,sh.600600,6.20,6.35,6.13,6.27,997569
2001/1/17,sh.600600,6.29,6.38,6.25,6.26,629780
2001/1/18,sh.600600,6.23,6.32,6.20,6.24,586679
2001/1/19,sh.600600,6.25,6.34,6.25,6.31,660280
2001/2/5,sh.600600,6.20,6.31,5.74,5.88,1228025
2001/2/6,sh.600600,5.85,5.92,5.74,5.91,1127511
2001/2/7,sh.600600,6.00,6.00,5.85,5.85,747087
2001/2/8,sh.600600,5.88,5.88,5.55,5.57,2475326
2001/2/9,sh.600600,5.56,5.74,5.56,5.65,866801
2001/2/12,sh.600600,5.65,5.68,5.56,5.67,671208
2001/2/13,sh.600600,5.67,5.68,5.42,5.48,1981300
2001/2/14,sh.600600,5.48,5.48,5.48,5.48,INVALID
2001/2/15,sh.600600,5.48,5.48,5.48,5.48,INVALID
2001/2/16,sh.600600,5.48,5.48,5.48,5.48,INVALID
2001/2/19,sh.600600,5.48,5.48,5.48,5.48,INVALID
2001/2/20,sh.600600,5.48,5.48,5.48,5.48,INVALID
2001/2/21,sh.600600,5.27,5.39,5.16,5.29,1421423
2001/2/22,sh.600600,5.28,5.28,5.21,5.22,539229
2001/2/23,sh.600600,5.22,5.38,5.22,5.38,497953
2001/2/26,sh.600600,5.40,5.68,5.39,5.64,1446350
2001/2/27,sh.600600,5.66,5.69,5.61,5.65,838291
2001/2/28,sh.600600,5.65,5.68,5.59,5.62,453070
2001/3/1,sh.600600,5.62,5.65,5.61,5.65,412360
2001/3/2,sh.600600,5.64,5.75,5.51,5.56,810830
2001/3/5,sh.600600,5.56,5.57,5.41,5.55,1034702
2001/3/6,sh.600600,5.52,5.52,5.43,5.44,1232768
2001/3/7,sh.600600,5.25,5.48,5.15,5.36,35207730
2001/3/8,sh.600600,5.35,5.38,5.31,5.33,6103606
2001/3/9,sh.600600,5.34,5.36,5.28,5.33,5356952
2001/3/12,sh.600600,5.35,5.44,5.32,5.44,4082028
2001/3/13,sh.600600,5.43,5.45,5.36,5.42,2980775
2001/3/14,sh.600600,5.41,5.60,5.38,5.58,5544128
2001/3/15,sh.600600,5.63,6.11,5.63,5.97,26460205
2001/3/16,sh.600600,5.97,6.09,5.88,6.02,12931248
2001/3/19,sh.600600,6.02,6.12,5.96,6.08,6810787
2001/3/20,sh.600600,6.09,6.13,6.00,6.04,4465701
2001/3/21,sh.600600,6.04,6.07,5.97,6.06,4431898
2001/3/22,sh.600600,6.06,6.12,6.02,6.12,5500392
2001/3/23,sh.600600,6.12,6.17,5.94,5.96,5469765
2001/3/26,sh.600600,5.94,6.10,5.92,6.09,3197243
2001/3/27,sh.600600,6.11,6.28,6.06,6.19,5153729
2001/3/28,sh.600600,6.19,6.22,6.09,6.16,2569873
2001/3/29,sh.600600,6.16,6.20,6.08,6.09,2793172
2001/3/30,sh.600600,6.09,6.12,6.02,6.10,2298613
2001/4/2,sh.600600,6.11,6.16,6.05,6.07,2272111
2001/4/3,sh.600600,6.07,6.09,5.97,6.01,3369900
2001/4/4,sh.600600,6.01,6.12,5.98,6.00,2605626
2001/4/5,sh.600600,5.96,6.09,5.96,6.09,1799668
2001/4/6,sh.600600,6.09,6.11,6.00,6.04,1768576
2001/4/9,sh.600600,6.04,6.30,6.04,6.26,6941147
2001/4/10,sh.600600,6.29,6.31,6.17,6.26,2860558
2001/4/11,sh.600600,6.26,6.28,6.21,6.23,2222634
2001/4/12,sh.600600,6.22,6.23,6.12,6.16,2242335
2001/4/13,sh.600600,6.18,6.24,6.15,6.20,2075040
2001/4/16,sh.600600,6.20,6.24,6.14,6.17,2264131
2001/4/17,sh.600600,6.18,6.30,6.15,6.24,3495822
2001/4/18,sh.600600,6.24,6.24,6.11,6.13,2193310
2001/4/19,sh.600600,6.09,6.12,5.82,6.05,2778090
2001/4/20,sh.600600,6.06,6.09,5.98,6.00,4661928
2001/4/23,sh.600600,5.99,6.00,5.88,5.92,3104328
2001/4/24,sh.600600,5.92,6.05,5.91,5.99,1417488
2001/4/25,sh.600600,6.00,6.10,5.92,5.96,2679471
2001/4/26,sh.600600,5.91,6.00,5.90,5.92,1371301
2001/4/27,sh.600600,5.89,5.95,5.89,5.92,1058323
2001/4/30,sh.600600,5.92,5.94,5.82,5.87,1477206
2001/5/8,sh.600600,5.89,5.91,5.84,5.86,888601
2001/5/9,sh.600600,5.86,5.88,5.76,5.79,1563600
2001/5/10,sh.600600,5.78,6.04,5.76,5.97,2756456
2001/5/11,sh.600600,5.97,6.02,5.87,5.93,826276
2001/5/14,sh.600600,5.93,6.00,5.88,5.99,1274669
2001/5/15,sh.600600,6.00,6.11,5.97,6.11,3574444
2001/5/16,sh.600600,6.17,6.24,6.11,6.14,6100084
2001/5/17,sh.600600,6.14,6.14,6.02,6.03,1856690
2001/5/18,sh.600600,6.02,6.06,5.97,6.05,1263713
2001/5/21,sh.600600,6.06,6.09,6.00,6.03,1235843
2001/5/22,sh.600600,6.03,6.05,5.99,6.01,1218213
2001/5/23,sh.600600,6.00,6.12,6.00,6.11,2805639
2001/5/24,sh.600600,6.12,6.23,6.09,6.15,3860486
2001/5/25,sh.600600,6.15,6.26,6.06,6.25,5349163
2001/5/28,sh.600600,6.33,6.57,6.31,6.45,22025719
2001/5/29,sh.600600,6.46,6.48,6.36,6.38,4853977
2001/5/30,sh.600600,6.38,6.47,6.33,6.41,3490366
2001/5/31,sh.600600,6.42,6.51,6.37,6.45,3467489
2001/6/1,sh.600600,6.45,6.70,6.45,6.54,10366785
2001/6/4,sh.600600,6.59,6.75,6.54,6.64,9008916
2001/6/5,sh.600600,6.64,6.65,6.42,6.44,5934988
2001/6/6,sh.600600,6.42,6.49,6.32,6.40,4020394
2001/6/7,sh.600600,6.39,6.47,6.30,6.37,3196954
2001/6/8,sh.600600,6.37,6.37,6.37,6.37,INVALID
2001/6/11,sh.600600,6.33,6.42,6.27,6.32,1803067
2001/6/12,sh.600600,6.32,6.42,6.28,6.37,1971586
2001/6/13,sh.600600,6.38,6.48,6.36,6.41,2025019
2001/6/14,sh.600600,6.40,6.41,6.26,6.27,2489317
2001/6/15,sh.600600,6.24,6.30,6.13,6.17,2657583
2001/6/18,sh.600600,6.17,6.22,6.06,6.08,2135780
2001/6/19,sh.600600,6.08,6.12,6.05,6.11,1119381
2001/6/20,sh.600600,6.11,6.13,6.06,6.08,1034130
2001/6/21,sh.600600,6.11,6.23,6.09,6.19,792783
2001/6/22,sh.600600,6.20,6.30,6.15,6.26,1098860
2001/6/25,sh.600600,6.30,6.39,6.20,6.37,1901550
2001/6/26,sh.600600,6.44,6.47,6.36,6.37,2638756
2001/6/27,sh.600600,6.39,6.42,6.30,6.32,1278256
2001/6/28,sh.600600,6.32,6.36,6.21,6.23,1325270
2001/6/29,sh.600600,6.30,6.33,6.10,6.23,1240178
2001/7/2,sh.600600,6.24,6.30,6.15,6.17,906044
2001/7/3,sh.600600,6.19,6.29,6.05,6.28,1681577
2001/7/4,sh.600600,6.30,6.32,6.18,6.23,744967
2001/7/5,sh.600600,6.24,6.27,6.12,6.13,959299
2001/7/6,sh.600600,6.13,6.14,6.08,6.11,789891
2001/7/9,sh.600600,6.09,6.15,6.07,6.12,560756
2001/7/10,sh.600600,6.15,6.24,6.12,6.23,1561398
2001/7/11,sh.600600,6.23,6.24,6.12,6.13,480649
2001/7/12,sh.600600,6.12,6.14,6.09,6.11,535625
2001/7/13,sh.600600,6.11,6.15,6.10,6.10,672848
2001/7/16,sh.600600,6.19,6.23,6.06,6.08,976764
2001/7/17,sh.600600,6.08,6.08,5.97,6.03,1254523
2001/7/18,sh.600600,6.03,6.05,6.00,6.02,727762
2001/7/19,sh.600600,6.03,6.11,6.02,6.05,581441
2001/7/20,sh.600600,6.07,6.15,6.05,6.13,1011952
2001/7/23,sh.600600,6.14,6.19,6.09,6.14,766893
2001/7/24,sh.600600,6.12,6.12,5.99,6.00,1601544
2001/7/25,sh.600600,6.00,6.06,5.99,6.03,813293
2001/7/26,sh.600600,6.03,6.06,5.82,5.91,1361972
2001/7/27,sh.600600,5.92,5.97,5.76,5.79,1779122
2001/7/30,sh.600600,5.80,5.81,5.48,5.50,1077756
2001/7/31,sh.600600,5.41,5.58,5.38,5.46,1060252
2001/8/1,sh.600600,5.53,5.69,5.53,5.67,864544
2001/8/2,sh.600600,5.67,5.71,5.46,5.56,919928
2001/8/3,sh.600600,5.53,5.61,5.47,5.56,383211
2001/8/6,sh.600600,5.56,5.56,5.02,5.15,1720660
2001/8/7,sh.600600,5.13,5.31,5.04,5.27,923637
2001/8/8,sh.600600,5.31,5.36,5.23,5.26,793073
2001/8/9,sh.600600,5.28,5.36,5.26,5.32,753029
2001/8/10,sh.600600,5.34,5.44,5.34,5.43,966416
2001/8/13,sh.600600,5.46,5.48,5.38,5.47,691887
2001/8/14,sh.600600,5.47,5.50,5.34,5.39,669365
2001/8/15,sh.600600,5.40,5.46,5.37,5.45,352133
2001/8/16,sh.600600,5.46,5.47,5.35,5.37,354632
2001/8/17,sh.600600,5.37,5.37,5.22,5.31,551754
2001/8/20,sh.600600,5.33,5.45,5.30,5.40,237480
2001/8/21,sh.600600,5.43,5.44,5.39,5.39,244130
2001/8/22,sh.600600,5.44,5.44,5.28,5.32,456360
2001/8/23,sh.600600,5.31,5.31,5.22,5.27,363579
2001/8/24,sh.600600,5.28,5.31,5.25,5.25,273386
2001/8/27,sh.600600,5.22,5.22,4.97,5.04,898239
2001/8/28,sh.600600,4.97,5.10,4.93,5.07,732649
2001/8/29,sh.600600,5.14,5.14,4.99,5.06,452159
2001/8/30,sh.600600,5.07,5.07,4.97,5.01,195350
2001/8/31,sh.600600,5.10,5.28,5.04,5.20,1163119
2001/9/3,sh.600600,5.19,5.19,5.10,5.11,376321
2001/9/4,sh.600600,5.11,5.25,5.10,5.23,364805
2001/9/5,sh.600600,5.25,5.31,5.17,5.18,573550
2001/9/6,sh.600600,5.19,5.25,5.14,5.17,243512
2001/9/7,sh.600600,5.16,5.21,5.02,5.02,578508
2001/9/10,sh.600600,4.97,5.16,4.88,5.15,416478
2001/9/11,sh.600600,5.16,5.22,5.07,5.11,477571
2001/9/12,sh.600600,5.10,5.10,4.93,5.04,702211
2001/9/13,sh.600600,5.04,5.09,5.00,5.01,314510
2001/9/14,sh.600600,5.04,5.07,4.97,4.99,407135
2001/9/17,sh.600600,4.97,4.99,4.90,4.90,545100
2001/9/18,sh.600600,4.90,4.97,4.90,4.94,323660
2001/9/19,sh.600600,4.94,4.97,4.90,4.97,296111
2001/9/20,sh.600600,5.02,5.05,4.97,5.00,318471
2001/9/21,sh.600600,5.00,5.02,4.93,4.94,239040
2001/9/24,sh.600600,4.91,4.96,4.91,4.92,211610
2001/9/25,sh.600600,4.92,4.99,4.92,4.94,227789
2001/9/26,sh.600600,4.94,4.94,4.90,4.91,286313
2001/9/27,sh.600600,4.91,4.96,4.85,4.90,327301
2001/9/28,sh.600600,4.91,4.94,4.87,4.90,275425
2001/10/8,sh.600600,4.90,4.97,4.79,4.80,333500
2001/10/9,sh.600600,4.79,4.87,4.49,4.84,892496
2001/10/10,sh.600600,4.82,4.82,4.60,4.61,409660
2001/10/11,sh.600600,4.59,4.64,4.45,4.45,563530
2001/10/12,sh.600600,4.47,4.76,4.37,4.70,863751
2001/10/15,sh.600600,4.67,4.73,4.60,4.66,452243
2001/10/16,sh.600600,4.67,4.68,4.51,4.55,332001
2001/10/17,sh.600600,4.55,4.57,4.41,4.42,523329
2001/10/18,sh.600600,4.46,4.52,4.36,4.37,560300
2001/10/19,sh.600600,4.28,4.37,4.17,4.25,1375698
2001/10/22,sh.600600,4.19,4.25,4.13,4.13,423619
2001/10/23,sh.600600,4.54,4.54,4.37,4.54,1649424
2001/10/24,sh.600600,4.77,4.77,4.61,4.64,2951596
2001/10/25,sh.600600,4.62,4.62,4.49,4.50,822105
2001/10/26,sh.600600,4.43,4.55,4.43,4.51,500948
2001/10/29,sh.600600,4.52,4.58,4.52,4.57,457175
2001/10/30,sh.600600,4.57,4.61,4.52,4.52,286580
2001/10/31,sh.600600,4.52,4.52,4.43,4.50,387996
2001/11/1,sh.600600,4.48,4.62,4.48,4.60,725735
2001/11/2,sh.600600,4.61,4.65,4.56,4.59,663971
2001/11/5,sh.600600,4.60,4.65,4.50,4.61,371830
2001/11/6,sh.600600,4.61,4.64,4.60,4.62,322050
2001/11/7,sh.600600,4.61,4.61,4.36,4.37,631600
2001/11/8,sh.600600,4.30,4.46,4.19,4.34,796885
2001/11/9,sh.600600,4.36,4.54,4.31,4.43,534626
2001/11/12,sh.600600,4.43,4.48,4.37,4.47,300200
2001/11/13,sh.600600,4.45,4.53,4.38,4.50,426993
2001/11/14,sh.600600,4.53,4.85,4.53,4.64,3736626
2001/11/15,sh.600600,4.65,4.68,4.56,4.63,683221
2001/11/16,sh.600600,4.85,5.07,4.62,4.64,2365641
2001/11/19,sh.600600,4.61,4.74,4.61,4.73,597125
2001/11/20,sh.600600,4.76,4.80,4.71,4.78,1104065
2001/11/21,sh.600600,4.78,4.80,4.71,4.73,903728
2001/11/22,sh.600600,4.73,4.79,4.72,4.76,802005
2001/11/23,sh.600600,4.76,4.77,4.70,4.75,686533
2001/11/26,sh.600600,4.74,4.76,4.69,4.74,571520
2001/11/27,sh.600600,4.74,4.88,4.73,4.85,1311636
2001/11/28,sh.600600,4.85,4.94,4.83,4.90,1520278
2001/11/29,sh.600600,4.90,4.91,4.82,4.84,1259322
2001/11/30,sh.600600,4.82,4.88,4.82,4.88,965873
2001/12/3,sh.600600,4.88,4.91,4.87,4.90,1327089
2001/12/4,sh.600600,4.90,4.99,4.85,4.98,2529655
2001/12/5,sh.600600,5.03,5.15,5.00,5.00,6303225
2001/12/6,sh.600600,5.00,5.05,4.94,5.02,1667547
2001/12/7,sh.600600,5.04,5.07,4.96,4.96,896990
2001/12/10,sh.600600,4.92,4.94,4.88,4.93,629791
2001/12/11,sh.600600,4.93,4.93,4.85,4.85,574590
2001/12/12,sh.600600,4.85,4.85,4.79,4.80,566384
2001/12/13,sh.600600,4.80,4.80,4.71,4.72,635220
2001/12/14,sh.600600,4.70,4.73,4.66,4.68,607604
2001/12/17,sh.600600,4.66,4.71,4.65,4.67,323383
2001/12/18,sh.600600,4.70,4.73,4.61,4.73,350443
2001/12/19,sh.600600,4.76,4.76,4.70,4.70,331250
2001/12/20,sh.600600,4.67,4.70,4.58,4.62,690650
2001/12/21,sh.600600,4.61,4.63,4.57,4.63,309142
2001/12/24,sh.600600,4.63,4.67,4.53,4.54,313300
2001/12/25,sh.600600,4.52,4.55,4.44,4.51,321572
2001/12/26,sh.600600,4.50,4.59,4.48,4.59,257536
2001/12/27,sh.600600,4.61,4.63,4.56,4.62,379080
2001/12/28,sh.600600,4.62,4.65,4.56,4.62,281416
2001/12/31,sh.600600,4.62,4.65,4.61,4.64,253800
2002/1/4,sh.600600,4.65,4.65,4.50,4.53,219000
2002/1/7,sh.600600,4.46,4.46,4.40,4.43,324003
2002/1/8,sh.600600,4.43,4.50,4.42,4.43,183860
2002/1/9,sh.600600,4.43,4.43,4.34,4.36,335927
2002/1/10,sh.600600,4.37,4.47,4.30,4.46,1000478
2002/1/11,sh.600600,4.45,4.45,4.37,4.42,359175
2002/1/14,sh.600600,4.40,4.40,4.30,4.30,615350
2002/1/15,sh.600600,4.25,4.31,4.19,4.24,453359
2002/1/16,sh.600600,4.24,4.38,4.22,4.34,482926
2002/1/17,sh.600600,4.33,4.33,4.19,4.19,502860
2002/1/18,sh.600600,4.17,4.25,4.03,4.19,836134
2002/1/21,sh.600600,4.17,4.17,3.99,4.00,793419
2002/1/22,sh.600600,3.99,4.11,3.91,3.96,580630
2002/1/23,sh.600600,3.96,4.26,3.93,4.25,840914
2002/1/24,sh.600600,4.25,4.34,4.09,4.31,1254510
2002/1/25,sh.600600,4.28,4.32,4.22,4.26,573398
2002/1/28,sh.600600,4.23,4.25,4.00,4.02,719733
2002/1/29,sh.600600,4.00,4.14,3.94,4.12,517360
2002/1/30,sh.600600,4.09,4.18,4.08,4.13,386660
2002/1/31,sh.600600,4.49,4.54,4.31,4.34,2649092
2002/2/1,sh.600600,4.34,4.38,4.26,4.28,1904816
2002/2/4,sh.600600,4.31,4.37,4.25,4.36,1173653
2002/2/5,sh.600600,4.37,4.43,4.34,4.42,1196617
2002/2/6,sh.600600,4.42,4.42,4.33,4.37,1116826
2002/2/7,sh.600600,4.34,4.46,4.31,4.43,1489649
2002/2/8,sh.600600,4.55,4.61,4.46,4.47,3996569
2002/2/25,sh.600600,4.60,4.61,4.46,4.48,1222370
2002/2/26,sh.600600,4.49,4.49,4.38,4.44,700292
2002/2/27,sh.600600,4.43,4.47,4.40,4.46,675300
2002/2/28,sh.600600,4.49,4.49,4.42,4.43,560809
2002/3/1,sh.600600,4.42,4.42,4.34,4.34,588700
2002/3/4,sh.600600,4.32,4.38,4.30,4.37,517899
2002/3/5,sh.600600,4.38,4.52,4.38,4.47,1176513
2002/3/6,sh.600600,4.49,4.62,4.47,4.61,3080038
2002/3/7,sh.600600,4.74,4.93,4.73,4.80,6709478
2002/3/8,sh.600600,4.80,4.82,4.73,4.79,3605255
2002/3/11,sh.600600,4.79,4.94,4.74,4.91,3370762
2002/3/12,sh.600600,4.91,4.93,4.78,4.79,2277060
2002/3/13,sh.600600,4.76,5.02,4.73,4.78,2879680
2002/3/14,sh.600600,4.74,4.85,4.68,4.84,1549905
2002/3/15,sh.600600,4.85,4.88,4.67,4.68,1552428
2002/3/18,sh.600600,4.73,4.79,4.61,4.67,1058058
2002/3/19,sh.600600,4.67,4.76,4.64,4.75,957237
2002/3/20,sh.600600,4.75,4.87,4.73,4.81,2272195
2002/3/21,sh.600600,4.84,4.89,4.79,4.85,1833888
2002/3/22,sh.600600,4.89,4.91,4.77,4.79,1133706
2002/3/25,sh.600600,4.73,4.82,4.73,4.78,694229
2002/3/26,sh.600600,4.75,4.77,4.71,4.73,902000
2002/3/27,sh.600600,4.73,4.77,4.67,4.72,761582
2002/3/28,sh.600600,4.72,4.76,4.68,4.71,578479
2002/3/29,sh.600600,4.70,4.70,4.55,4.57,1165557
2002/4/1,sh.600600,4.56,4.64,4.55,4.58,436560
2002/4/2,sh.600600,4.58,4.60,4.50,4.50,587942
2002/4/3,sh.600600,4.50,4.55,4.50,4.51,451584
2002/4/4,sh.600600,4.31,4.65,4.31,4.60,461660
2002/4/5,sh.600600,4.62,4.82,4.62,4.71,1261888
2002/4/8,sh.600600,4.82,4.82,4.71,4.73,379358
2002/4/9,sh.600600,4.76,4.79,4.71,4.77,885445
2002/4/10,sh.600600,4.78,4.82,4.74,4.78,649341
2002/4/11,sh.600600,4.79,4.81,4.67,4.67,601346
2002/4/12,sh.600600,4.67,4.73,4.66,4.71,496680
2002/4/15,sh.600600,4.73,4.73,4.61,4.66,570596
2002/4/16,sh.600600,4.67,4.68,4.61,4.63,296404
2002/4/17,sh.600600,4.63,4.68,4.62,4.66,350887
2002/4/18,sh.600600,4.67,4.67,4.61,4.64,408890
2002/4/19,sh.600600,4.64,4.69,4.55,4.68,615415
2002/4/22,sh.600600,4.67,4.67,4.61,4.62,302880
2002/4/23,sh.600600,4.64,4.76,4.64,4.73,733972
2002/4/24,sh.600600,4.70,4.74,4.61,4.64,335040
2002/4/25,sh.600600,4.65,4.67,4.57,4.61,281194
2002/4/26,sh.600600,4.62,4.70,4.62,4.67,411612
2002/4/29,sh.600600,4.67,4.77,4.67,4.74,899335
2002/4/30,sh.600600,4.84,4.87,4.73,4.74,556158
2002/5/8,sh.600600,4.74,4.79,4.73,4.77,482448
2002/5/9,sh.600600,4.76,4.82,4.70,4.82,903980
2002/5/10,sh.600600,4.82,4.82,4.76,4.76,645074
2002/5/13,sh.600600,4.78,4.78,4.67,4.73,802254
2002/5/14,sh.600600,4.73,4.75,4.69,4.70,406380
2002/5/15,sh.600600,4.68,4.70,4.65,4.66,436430
2002/5/16,sh.600600,4.62,4.66,4.49,4.50,854497
2002/5/17,sh.600600,4.50,4.58,4.49,4.54,740482
2002/5/20,sh.600600,4.54,4.54,4.43,4.49,591582
2002/5/21,sh.600600,4.56,4.65,4.54,4.63,925023
2002/5/22,sh.600600,4.64,4.76,4.54,4.71,1193131
2002/5/23,sh.600600,4.69,4.79,4.67,4.71,1271869
2002/5/24,sh.600600,4.68,4.70,4.57,4.65,637450
2002/5/27,sh.600600,4.67,4.70,4.62,4.66,181430
2002/5/28,sh.600600,4.66,4.71,4.62,4.65,690283
2002/5/29,sh.600600,4.64,4.65,4.52,4.53,591592
2002/5/30,sh.600600,4.53,4.57,4.48,4.52,464140
2002/5/31,sh.600600,4.55,4.60,4.53,4.56,365515
2002/6/3,sh.600600,4.55,4.55,4.43,4.48,665107
2002/6/4,sh.600600,4.48,4.54,4.46,4.50,372383
2002/6/5,sh.600600,4.50,4.50,4.35,4.36,550572
2002/6/6,sh.600600,4.32,4.59,4.28,4.52,776856
2002/6/7,sh.600600,4.54,4.56,4.47,4.52,638838
2002/6/10,sh.600600,4.52,4.52,4.42,4.47,369470
2002/6/11,sh.600600,4.46,4.53,4.43,4.50,317894
2002/6/12,sh.600600,4.50,4.53,4.47,4.48,223549
2002/6/13,sh.600600,4.48,4.55,4.47,4.47,408130
2002/6/14,sh.600600,4.47,4.51,4.43,4.44,252860
2002/6/17,sh.600600,4.43,4.43,4.39,4.43,200616
2002/6/18,sh.600600,4.42,4.51,4.42,4.48,270613
2002/6/19,sh.600600,4.49,4.49,4.42,4.43,281757
2002/6/20,sh.600600,4.37,4.50,4.37,4.44,309426
2002/6/21,sh.600600,4.44,4.67,4.44,4.58,1243950
2002/6/24,sh.600600,4.58,4.58,4.58,4.58,INVALID
2002/6/25,sh.600600,5.04,5.04,5.00,5.04,13914004
2002/6/26,sh.600600,5.07,5.17,4.94,5.04,8206590
2002/6/27,sh.600600,5.04,5.15,5.04,5.11,3417028
2002/6/28,sh.600600,5.13,5.28,5.08,5.19,6024636
2002/7/1,sh.600600,5.22,5.24,5.12,5.17,3425294
2002/7/2,sh.600600,5.16,5.16,5.07,5.14,1641296
2002/7/3,sh.600600,5.13,5.16,5.08,5.12,941422
2002/7/4,sh.600600,5.13,5.17,5.09,5.10,917401
2002/7/5,sh.600600,5.09,5.11,5.08,5.10,867141
2002/7/8,sh.600600,5.13,5.17,5.11,5.16,948493
2002/7/9,sh.600600,5.17,5.21,5.14,5.17,1631544
2002/7/10,sh.600600,5.19,5.19,5.04,5.07,1658403
2002/7/11,sh.600600,5.08,5.16,5.08,5.13,1170971
2002/7/12,sh.600600,5.11,5.19,5.10,5.13,1138052
2002/7/15,sh.600600,5.13,5.14,5.07,5.10,572609
2002/7/16,sh.600600,5.10,5.36,5.07,5.21,5487489
2002/7/17,sh.600600,5.19,5.27,5.17,5.26,2132097
2002/7/18,sh.600600,5.27,5.35,5.25,5.29,4724691
2002/7/19,sh.600600,5.31,5.37,5.26,5.36,4696227
2002/7/22,sh.600600,5.39,5.39,5.19,5.23,3505436
2002/7/23,sh.600600,5.16,5.22,5.13,5.14,1916216
2002/7/24,sh.600600,5.14,5.22,5.14,5.16,1019844
2002/7/25,sh.600600,5.16,5.22,5.08,5.11,1240078
2002/7/26,sh.600600,5.11,5.19,5.10,5.10,694434
2002/7/29,sh.600600,5.11,5.19,5.10,5.19,691814
2002/7/30,sh.600600,5.22,5.37,5.22,5.34,5975397
2002/7/31,sh.600600,5.45,5.51,5.28,5.34,4494036
2002/8/1,sh.600600,5.34,5.39,5.28,5.39,2366655
2002/8/2,sh.600600,5.39,5.54,5.36,5.52,6654312
2002/8/5,sh.600600,5.57,5.61,5.52,5.53,6666492
2002/8/6,sh.600600,5.53,5.55,5.45,5.52,3974517
2002/8/7,sh.600600,5.52,5.57,5.50,5.53,1698020
2002/8/8,sh.600600,5.55,5.58,5.46,5.48,1889323
2002/8/9,sh.600600,5.47,5.48,5.34,5.39,2584299
2002/8/12,sh.600600,5.37,5.43,5.34,5.36,1267415
2002/8/13,sh.600600,5.41,5.43,5.36,5.39,730982
2002/8/14,sh.600600,5.46,5.47,5.41,5.44,766160
2002/8/15,sh.600600,5.46,5.46,5.41,5.42,706371
2002/8/16,sh.600600,5.41,5.46,5.32,5.44,1353038
2002/8/19,sh.600600,5.43,5.45,5.36,5.41,894743
2002/8/20,sh.600600,5.43,5.57,5.42,5.54,2670998
2002/8/21,sh.600600,5.57,5.58,5.52,5.54,1425809
2002/8/22,sh.600600,5.54,5.58,5.52,5.55,1883509
2002/8/23,sh.600600,5.56,5.58,5.52,5.52,1746950
2002/8/26,sh.600600,5.50,5.50,5.45,5.48,994874
2002/8/27,sh.600600,5.46,5.49,5.44,5.47,1828741
2002/8/28,sh.600600,5.46,5.51,5.44,5.47,595860
2002/8/29,sh.600600,5.45,5.48,5.36,5.39,902730
2002/8/30,sh.600600,5.39,5.41,5.36,5.37,789090
2002/9/2,sh.600600,5.37,5.44,5.37,5.41,421909
2002/9/3,sh.600600,5.44,5.49,5.42,5.43,959547
2002/9/4,sh.600600,5.43,5.43,5.32,5.34,1085526
2002/9/5,sh.600600,5.34,5.34,5.25,5.28,1215024
2002/9/6,sh.600600,5.23,5.27,5.20,5.21,1404734
2002/9/9,sh.600600,5.19,5.20,5.13,5.15,738336
2002/9/10,sh.600600,5.15,5.20,5.15,5.17,445961
2002/9/11,sh.600600,5.19,5.19,5.07,5.12,761743
2002/9/12,sh.600600,5.10,5.21,5.09,5.16,525210
2002/9/13,sh.600600,5.16,5.18,5.13,5.17,321752
2002/9/16,sh.600600,5.19,5.19,5.05,5.10,469190
2002/9/17,sh.600600,5.13,5.15,5.07,5.12,470534
2002/9/18,sh.600600,5.12,5.12,5.05,5.07,522974
2002/9/19,sh.600600,5.07,5.17,5.01,5.16,535090
2002/9/20,sh.600600,5.17,5.18,5.10,5.15,302600
2002/9/23,sh.600600,5.15,5.23,5.09,5.21,468216
2002/9/24,sh.600600,5.17,5.23,5.17,5.20,341544
2002/9/25,sh.600600,5.20,5.26,5.17,5.26,570930
2002/9/26,sh.600600,5.25,5.25,5.17,5.17,395860
2002/9/27,sh.600600,5.15,5.20,5.15,5.17,572041
2002/10/8,sh.600600,5.15,5.18,5.11,5.12,326320
2002/10/9,sh.600600,5.11,5.15,4.96,4.98,1295250
2002/10/10,sh.600600,4.96,5.00,4.85,4.87,1077945
2002/10/11,sh.600600,4.88,4.90,4.83,4.85,405202
2002/10/14,sh.600600,4.88,4.91,4.85,4.88,638948
2002/10/15,sh.600600,4.91,4.95,4.89,4.91,784368
2002/10/16,sh.600600,4.91,4.98,4.89,4.90,503897
2002/10/17,sh.600600,4.89,4.92,4.88,4.90,384780
2002/10/18,sh.600600,4.87,4.96,4.87,4.94,670033
2002/10/21,sh.600600,4.98,4.98,4.91,4.97,196240
2002/10/22,sh.600600,4.97,4.97,4.97,4.97,INVALID
2002/10/23,sh.600600,4.97,4.97,4.97,4.97,INVALID
2002/10/24,sh.600600,5.27,5.34,5.09,5.15,5401268
2002/10/25,sh.600600,5.15,5.19,5.07,5.10,1782610
2002/10/28,sh.600600,5.09,5.10,5.04,5.07,586380
2002/10/29,sh.600600,5.04,5.11,4.99,5.11,1241594
2002/10/30,sh.600600,5.17,5.18,5.09,5.11,651072
2002/10/31,sh.600600,5.09,5.18,5.09,5.13,932130
2002/11/1,sh.600600,5.13,5.15,5.07,5.12,550510
2002/11/4,sh.600600,5.16,5.26,5.15,5.25,1575526
2002/11/5,sh.600600,5.27,5.37,5.23,5.29,3343054
2002/11/6,sh.600600,5.28,5.34,5.25,5.31,2347426
2002/11/7,sh.600600,5.31,5.38,5.30,5.34,1846204
2002/11/8,sh.600600,5.41,5.44,5.22,5.25,2153805
2002/11/11,sh.600600,5.25,5.28,5.18,5.20,712707
2002/11/12,sh.600600,5.21,5.26,5.14,5.17,1246716
2002/11/13,sh.600600,5.17,5.24,5.09,5.23,1400931
2002/11/14,sh.600600,5.16,5.24,5.12,5.17,1093048
2002/11/15,sh.600600,5.16,5.28,5.14,5.19,1053454
2002/11/18,sh.600600,5.21,5.21,5.09,5.20,1353377
2002/11/19,sh.600600,5.21,5.23,5.14,5.22,540385
2002/11/20,sh.600600,5.24,5.24,5.12,5.13,1104003
2002/11/21,sh.600600,5.10,5.10,5.01,5.01,1892709
2002/11/22,sh.600600,5.01,5.09,4.95,5.01,819571
2002/11/25,sh.600600,5.01,5.05,4.98,5.04,464736
2002/11/26,sh.600600,5.04,5.07,4.94,4.95,650619
2002/11/27,sh.600600,4.88,4.96,4.86,4.96,843007
2002/11/28,sh.600600,4.96,5.09,4.96,5.07,545841
2002/11/29,sh.600600,5.13,5.16,5.05,5.11,1226417
2002/12/2,sh.600600,5.11,5.11,4.97,4.98,517150
2002/12/3,sh.600600,4.91,5.01,4.89,4.99,348935
2002/12/4,sh.600600,5.04,5.07,4.96,4.97,503095
2002/12/5,sh.600600,4.98,5.01,4.91,4.95,439020
2002/12/6,sh.600600,4.98,4.98,4.93,4.95,256982
2002/12/9,sh.600600,5.04,5.04,4.96,4.96,203100
2002/12/10,sh.600600,4.98,5.00,4.90,4.91,539700
2002/12/11,sh.600600,4.91,4.93,4.88,4.93,379490
2002/12/12,sh.600600,4.94,5.02,4.93,4.93,304440
2002/12/13,sh.600600,4.92,5.00,4.88,4.97,287501
2002/12/16,sh.600600,4.97,5.01,4.93,4.99,498084
2002/12/17,sh.600600,4.99,5.09,4.99,5.09,825450
2002/12/18,sh.600600,5.10,5.15,5.01,5.01,914490
2002/12/19,sh.600600,5.04,5.04,4.98,5.02,356392
2002/12/20,sh.600600,5.04,5.07,4.99,5.06,295877
2002/12/23,sh.600600,5.04,5.09,5.01,5.07,503263
2002/12/24,sh.600600,5.10,5.11,5.02,5.05,550569
2002/12/25,sh.600600,5.06,5.08,5.02,5.02,309535
2002/12/26,sh.600600,4.99,5.01,4.89,4.91,796045
2002/12/27,sh.600600,4.90,4.93,4.85,4.88,683020
2002/12/30,sh.600600,4.87,4.88,4.82,4.82,622503
2002/12/31,sh.600600,4.81,4.85,4.73,4.75,558000
2003/1/2,sh.600600,4.75,4.76,4.61,4.62,448500
2003/1/3,sh.600600,4.62,4.64,4.61,4.64,406434
2003/1/6,sh.600600,4.62,4.70,4.55,4.69,308451
2003/1/7,sh.600600,4.70,4.71,4.66,4.67,448300
2003/1/8,sh.600600,4.65,4.85,4.63,4.80,501006
2003/1/9,sh.600600,4.81,4.86,4.75,4.85,695786
2003/1/10,sh.600600,4.83,4.90,4.79,4.82,653120
2003/1/13,sh.600600,4.79,4.87,4.78,4.87,508620
2003/1/14,sh.600600,4.87,5.22,4.85,5.12,2827385
2003/1/15,sh.600600,5.16,5.17,5.09,5.09,1749500
2003/1/16,sh.600600,5.07,5.22,5.03,5.20,1690506
2003/1/17,sh.600600,5.20,5.23,5.13,5.22,1948657
2003/1/20,sh.600600,5.22,5.23,5.16,5.21,1156522
2003/1/21,sh.600600,5.25,5.27,5.18,5.18,1514606
2003/1/22,sh.600600,5.16,5.19,5.10,5.15,762238
2003/1/23,sh.600600,5.15,5.15,5.15,5.15,INVALID
2003/1/24,sh.600600,5.15,5.26,5.13,5.22,900934
2003/1/27,sh.600600,5.31,5.32,5.23,5.28,797340
2003/1/28,sh.600600,5.29,5.29,5.22,5.25,490726
2003/1/29,sh.600600,5.22,5.38,5.22,5.34,1582196
2003/2/10,sh.600600,5.39,5.47,5.35,5.37,2006288
2003/2/11,sh.600600,5.34,5.38,5.31,5.36,648423
2003/2/12,sh.600600,5.34,5.41,5.32,5.41,613101
2003/2/13,sh.600600,5.41,5.43,5.33,5.33,599362
2003/2/14,sh.600600,5.33,5.37,5.31,5.35,587985
2003/2/17,sh.600600,5.36,5.36,5.22,5.25,1056478
2003/2/18,sh.600600,5.23,5.32,5.22,5.31,542952
2003/2/19,sh.600600,5.31,5.34,5.23,5.33,517011
2003/2/20,sh.600600,5.34,5.34,5.31,5.32,464738
2003/2/21,sh.600600,5.32,5.32,5.21,5.22,1447896
2003/2/24,sh.600600,5.21,5.24,5.21,5.21,339706
2003/2/25,sh.600600,5.21,5.31,5.19,5.28,410924
2003/2/26,sh.600600,5.28,5.33,5.25,5.31,511061
2003/2/27,sh.600600,5.31,5.35,5.28,5.31,434189
2003/2/28,sh.600600,5.31,5.32,5.26,5.29,230690
2003/3/3,sh.600600,5.27,5.39,5.27,5.38,656099
2003/3/4,sh.600600,5.38,5.39,5.32,5.38,507466
2003/3/5,sh.600600,5.34,5.36,5.28,5.35,377416
2003/3/6,sh.600600,5.34,5.35,5.28,5.28,371042
2003/3/7,sh.600600,5.26,5.29,5.23,5.25,298700
2003/3/10,sh.600600,5.23,5.23,5.21,5.23,619021
2003/3/11,sh.600600,5.22,5.22,5.18,5.19,470511
2003/3/12,sh.600600,5.18,5.24,5.17,5.23,372712
2003/3/13,sh.600600,5.23,5.25,5.18,5.22,277702
2003/3/14,sh.600600,5.22,5.25,5.19,5.22,569528
2003/3/17,sh.600600,5.22,5.25,5.19,5.24,364836
2003/3/18,sh.600600,5.25,5.30,5.22,5.22,326860
2003/3/19,sh.600600,5.23,5.25,5.19,5.21,331069
2003/3/20,sh.600600,5.25,5.34,5.22,5.31,1020503
2003/3/21,sh.600600,5.31,5.39,5.27,5.36,920496
2003/3/24,sh.600600,5.40,5.43,5.35,5.38,1145840
2003/3/25,sh.600600,5.38,5.42,5.34,5.39,1389579
2003/3/26,sh.600600,5.35,5.40,5.28,5.33,844718
2003/3/27,sh.600600,5.31,5.54,5.29,5.47,3480960
2003/3/28,sh.600600,5.52,5.58,5.46,5.48,2719251
2003/3/31,sh.600600,5.49,5.63,5.49,5.60,2469645
2003/4/1,sh.600600,5.61,5.63,5.56,5.60,1863141
2003/4/2,sh.600600,5.60,5.66,5.55,5.61,4043321
2003/4/3,sh.600600,5.58,5.65,5.44,5.46,2645010
2003/4/4,sh.600600,5.46,5.56,5.46,5.53,1423767
2003/4/7,sh.600600,5.53,5.64,5.44,5.51,1393960
2003/4/8,sh.600600,5.51,5.57,5.46,5.55,1176782
2003/4/9,sh.600600,5.56,5.84,5.53,5.79,5303011
2003/4/10,sh.600600,5.79,5.84,5.74,5.79,3805643
2003/4/11,sh.600600,5.79,6.01,5.77,5.90,4830339
2003/4/14,sh.600600,5.91,5.99,5.84,5.97,5006040
2003/4/15,sh.600600,5.97,6.00,5.84,5.93,2716906
2003/4/16,sh.600600,5.93,5.96,5.75,5.77,4925616
2003/4/17,sh.600600,5.77,5.85,5.64,5.73,2809449
2003/4/18,sh.600600,5.76,5.91,5.74,5.79,3294579
2003/4/21,sh.600600,5.79,5.79,5.58,5.68,1730807
2003/4/22,sh.600600,5.68,5.69,5.60,5.64,783368
2003/4/23,sh.600600,5.63,5.64,5.53,5.54,1607821
2003/4/24,sh.600600,5.52,5.55,5.36,5.41,2000603
2003/4/25,sh.600600,5.41,5.45,5.33,5.35,1146364
2003/4/28,sh.600600,5.31,5.55,5.27,5.52,1574159
2003/4/29,sh.600600,5.50,5.50,5.33,5.36,1029755
2003/4/30,sh.600600,5.52,5.61,5.41,5.54,1624414
2003/5/12,sh.600600,5.46,5.50,5.36,5.38,1655413
2003/5/13,sh.600600,5.38,5.41,5.10,5.25,2323089
2003/5/14,sh.600600,5.26,5.39,5.22,5.31,1141673
2003/5/15,sh.600600,5.38,5.47,5.31,5.46,4409664
2003/5/16,sh.600600,5.50,5.53,5.41,5.50,3430400
2003/5/19,sh.600600,5.48,5.49,5.39,5.46,1487812
2003/5/20,sh.600600,5.46,5.46,5.46,5.46,INVALID
2003/5/21,sh.600600,5.40,5.44,5.32,5.34,770291
2003/5/22,sh.600600,5.34,5.38,5.22,5.37,1100916
2003/5/23,sh.600600,5.41,5.48,5.31,5.45,1649431
2003/5/26,sh.600600,5.45,5.71,5.38,5.71,6083537
2003/5/27,sh.600600,5.74,5.76,5.63,5.74,4155142
2003/5/28,sh.600600,5.73,5.77,5.63,5.64,2292092
2003/5/29,sh.600600,5.64,5.76,5.61,5.74,3058274
2003/5/30,sh.600600,5.75,5.89,5.68,5.72,2283494
2003/6/2,sh.600600,5.71,5.74,5.60,5.63,1202204
2003/6/3,sh.600600,5.61,5.70,5.61,5.65,783545
2003/6/4,sh.600600,5.65,5.68,5.58,5.67,1190773
2003/6/5,sh.600600,5.65,5.77,5.53,5.53,2104960
2003/6/6,sh.600600,5.53,5.57,5.46,5.47,1735533
2003/6/9,sh.600600,5.46,5.47,5.41,5.41,729400
2003/6/10,sh.600600,5.41,5.47,5.41,5.42,436953
2003/6/11,sh.600600,5.41,5.53,5.41,5.50,594708
2003/6/12,sh.600600,5.53,5.58,5.47,5.57,1072267
2003/6/13,sh.600600,5.57,5.63,5.56,5.59,1253730
2003/6/16,sh.600600,5.59,5.60,5.51,5.53,736704
2003/6/17,sh.600600,5.53,5.54,5.47,5.51,702450
2003/6/18,sh.600600,5.51,5.56,5.41,5.41,1128485
2003/6/19,sh.600600,5.41,5.44,5.36,5.38,900498
2003/6/20,sh.600600,5.38,5.40,5.28,5.39,907465
2003/6/23,sh.600600,5.38,5.44,5.34,5.40,553832
2003/6/24,sh.600600,5.40,5.44,5.36,5.43,353845
2003/6/25,sh.600600,5.43,5.47,5.39,5.41,579203
2003/6/26,sh.600600,5.39,5.49,5.33,5.48,1269016
2003/6/27,sh.600600,5.48,5.49,5.39,5.47,875433
2003/6/30,sh.600600,5.47,5.51,5.39,5.39,662900
2003/7/1,sh.600600,5.41,5.47,5.39,5.39,384300
2003/7/2,sh.600600,5.40,5.51,5.35,5.49,642884
2003/7/3,sh.600600,5.49,5.54,5.47,5.52,1082222
2003/7/4,sh.600600,5.49,5.56,5.48,5.48,646650
2003/7/7,sh.600600,5.52,5.59,5.50,5.57,991521
2003/7/8,sh.600600,5.54,5.62,5.52,5.59,1151490
2003/7/9,sh.600600,5.60,5.61,5.55,5.56,462940
2003/7/10,sh.600600,5.57,5.76,5.56,5.72,2254190
2003/7/11,sh.600600,5.70,5.79,5.68,5.73,1518489
2003/7/14,sh.600600,5.71,5.74,5.65,5.69,534951
2003/7/15,sh.600600,5.69,5.75,5.69,5.71,904337
2003/7/16,sh.600600,5.62,5.76,5.62,5.73,641068
2003/7/17,sh.600600,5.76,5.95,5.76,5.89,4075974
2003/7/18,sh.600600,5.89,5.92,5.67,5.69,1793255
2003/7/21,sh.600600,5.67,5.76,5.61,5.72,1970501
2003/7/22,sh.600600,5.73,5.92,5.73,5.86,2285810
2003/7/23,sh.600600,5.86,5.90,5.82,5.87,2327070
2003/7/24,sh.600600,5.88,5.88,5.78,5.79,700000
2003/7/25,sh.600600,5.74,5.83,5.67,5.76,1524046
2003/7/28,sh.600600,5.73,5.91,5.68,5.87,2121772
2003/7/29,sh.600600,5.87,5.91,5.85,5.89,957091
2003/7/30,sh.600600,5.88,5.98,5.85,5.86,1462710
2003/7/31,sh.600600,5.86,5.89,5.78,5.82,733229
2003/8/1,sh.600600,5.80,5.86,5.78,5.84,687350
2003/8/4,sh.600600,5.91,5.91,5.83,5.86,2158288
2003/8/5,sh.600600,5.86,5.93,5.85,5.88,819038
2003/8/6,sh.600600,5.88,5.91,5.77,5.78,1454050
2003/8/7,sh.600600,5.77,5.79,5.73,5.76,1264110
2003/8/8,sh.600600,5.74,5.76,5.73,5.74,857820
2003/8/11,sh.600600,5.73,5.79,5.64,5.77,1011111
2003/8/12,sh.600600,5.73,5.78,5.73,5.74,629140
2003/8/13,sh.600600,5.74,5.74,5.74,5.74,INVALID
2003/8/14,sh.600600,5.67,5.74,5.64,5.64,1111288
2003/8/15,sh.600600,5.62,5.64,5.52,5.55,1263548
2003/8/18,sh.600600,5.61,5.61,5.51,5.57,353463
2003/8/19,sh.600600,5.58,5.61,5.56,5.59,550440
2003/8/20,sh.600600,5.54,5.58,5.53,5.56,496320
2003/8/21,sh.600600,5.54,5.59,5.54,5.57,299090
2003/8/22,sh.600600,5.55,5.64,5.55,5.61,397920
2003/8/25,sh.600600,5.61,5.64,5.59,5.61,475030
2003/8/26,sh.600600,5.59,5.61,5.48,5.53,516140
2003/8/27,sh.600600,5.52,5.57,5.49,5.53,448060
2003/8/28,sh.600600,5.48,5.56,5.48,5.51,598873
2003/8/29,sh.600600,5.51,5.57,5.49,5.57,589043
2003/9/1,sh.600600,5.57,5.67,5.54,5.66,442660
2003/9/2,sh.600600,5.61,5.70,5.57,5.66,535685
2003/9/3,sh.600600,5.59,5.66,5.57,5.61,536882
2003/9/4,sh.600600,5.61,5.66,5.59,5.64,666702
2003/9/5,sh.600600,5.63,5.63,5.54,5.61,672786
2003/9/8,sh.600600,5.61,5.61,5.49,5.49,412684
2003/9/9,sh.600600,5.49,5.49,5.34,5.35,1059610
2003/9/10,sh.600600,5.35,5.39,5.26,5.37,540695
2003/9/11,sh.600600,5.38,5.40,5.33,5.35,305230
2003/9/12,sh.600600,5.35,5.36,5.31,5.32,284899
2003/9/15,sh.600600,5.32,5.32,5.28,5.31,326871
2003/9/16,sh.600600,5.31,5.37,5.27,5.35,388840
2003/9/17,sh.600600,5.37,5.39,5.27,5.39,327210
2003/9/18,sh.600600,5.35,5.46,5.32,5.42,343619
2003/9/19,sh.600600,5.42,5.45,5.39,5.41,398739
2003/9/22,sh.600600,5.41,5.50,5.39,5.49,529812
2003/9/23,sh.600600,5.48,5.50,5.45,5.47,239817
2003/9/24,sh.600600,5.45,5.51,5.45,5.50,483909
2003/9/25,sh.600600,5.42,5.50,5.42,5.45,277668
2003/9/26,sh.600600,5.42,5.49,5.42,5.47,471089
2003/9/29,sh.600600,5.47,5.57,5.47,5.57,1166771
2003/9/30,sh.600600,5.56,5.64,5.54,5.60,1063080
2003/10/8,sh.600600,5.57,5.66,5.57,5.63,862464
2003/10/9,sh.600600,5.74,6.02,5.72,5.74,3781287
2003/10/10,sh.600600,5.73,5.95,5.67,5.91,4540391
2003/10/13,sh.600600,5.93,5.93,5.78,5.83,2438574
2003/10/14,sh.600600,5.82,5.91,5.76,5.90,2300931
2003/10/15,sh.600600,5.89,5.93,5.76,5.78,1555340
2003/10/16,sh.600600,5.74,5.79,5.65,5.66,1241802
2003/10/17,sh.600600,5.61,5.76,5.61,5.72,825636
2003/10/20,sh.600600,5.73,5.75,5.61,5.67,555830
2003/10/21,sh.600600,5.65,5.73,5.59,5.71,800723
2003/10/22,sh.600600,5.76,5.86,5.71,5.85,1704705
2003/10/23,sh.600600,5.86,5.90,5.69,5.69,990917
2003/10/24,sh.600600,5.69,5.73,5.51,5.56,1881200
2003/10/27,sh.600600,5.55,5.61,5.51,5.59,783819
2003/10/28,sh.600600,5.61,5.91,5.54,5.90,4159460
2003/10/29,sh.600600,5.89,5.91,5.67,5.90,2536918
2003/10/30,sh.600600,5.91,6.01,5.83,5.90,5148325
2003/10/31,sh.600600,5.87,5.97,5.79,5.93,2822772
2003/11/3,sh.600600,5.93,6.06,5.90,6.00,3898229
2003/11/4,sh.600600,6.06,6.20,5.94,5.96,7261603
2003/11/5,sh.600600,5.98,6.02,5.85,5.93,2861550
2003/11/6,sh.600600,5.95,6.02,5.73,5.75,4543965
2003/11/7,sh.600600,5.75,5.79,5.61,5.67,3912331
2003/11/10,sh.600600,5.63,5.76,5.61,5.75,876445
2003/11/11,sh.600600,5.75,5.78,5.52,5.67,2893558
2003/11/12,sh.600600,5.67,5.67,5.54,5.59,835769
2003/11/13,sh.600600,5.56,5.66,5.53,5.60,1010470
2003/11/14,sh.600600,5.57,5.61,5.53,5.57,685243
2003/11/17,sh.600600,5.57,5.64,5.51,5.53,914800
2003/11/18,sh.600600,5.53,5.54,5.33,5.34,2072847
2003/11/19,sh.600600,5.32,5.44,5.31,5.40,688723
2003/11/20,sh.600600,5.40,5.53,5.37,5.52,936038
2003/11/21,sh.600600,5.53,5.59,5.42,5.43,1554830
2003/11/24,sh.600600,5.43,5.57,5.39,5.54,1223455
2003/11/25,sh.600600,5.54,5.64,5.54,5.57,1385505
2003/11/26,sh.600600,5.57,5.64,5.54,5.61,1314035
2003/11/27,sh.600600,5.61,5.61,5.44,5.54,1609646
2003/11/28,sh.600600,5.57,5.70,5.50,5.67,3501424
2003/12/1,sh.600600,5.67,5.73,5.57,5.73,4854075
2003/12/2,sh.600600,5.72,5.73,5.59,5.66,3777306
2003/12/3,sh.600600,5.66,5.69,5.57,5.64,2274718
2003/12/4,sh.600600,5.64,5.64,5.56,5.58,1750647
2003/12/5,sh.600600,5.58,5.64,5.58,5.64,1606287
2003/12/8,sh.600600,5.63,5.73,5.63,5.73,3029180
2003/12/9,sh.600600,5.73,5.73,5.62,5.67,990946
2003/12/10,sh.600600,5.67,5.78,5.67,5.76,2586254
2003/12/11,sh.600600,5.77,5.79,5.67,5.72,1560590
2003/12/12,sh.600600,5.76,5.77,5.61,5.64,1533261
2003/12/15,sh.600600,5.62,5.71,5.61,5.67,1129302
2003/12/16,sh.600600,5.67,5.67,5.54,5.54,1726899
2003/12/17,sh.600600,5.55,5.64,5.51,5.52,2102530
2003/12/18,sh.600600,5.52,5.52,5.42,5.46,1812744
2003/12/19,sh.600600,5.45,5.62,5.44,5.57,2778284
2003/12/22,sh.600600,5.57,5.57,5.40,5.51,3430426
2003/12/23,sh.600600,5.53,5.74,5.52,5.71,3445688
2003/12/24,sh.600600,5.71,5.87,5.69,5.79,3697723
2003/12/25,sh.600600,5.83,5.83,5.70,5.81,2395874
2003/12/26,sh.600600,5.78,5.95,5.72,5.86,3776270
2003/12/29,sh.600600,5.83,5.83,5.71,5.73,1542872
2003/12/30,sh.600600,5.73,5.81,5.73,5.75,1128885
2003/12/31,sh.600600,5.75,5.89,5.75,5.79,3505614
2004/1/2,sh.600600,5.79,5.95,5.76,5.89,3984980
2004/1/5,sh.600600,5.89,6.23,5.89,6.12,8928694
2004/1/6,sh.600600,6.12,6.25,6.05,6.17,5002641
2004/1/7,sh.600600,6.17,6.30,6.07,6.25,6477442
2004/1/8,sh.600600,6.24,6.25,6.11,6.20,3650860
2004/1/9,sh.600600,6.19,6.20,5.98,5.98,3745394
2004/1/12,sh.600600,5.99,6.03,5.91,6.02,3853322
2004/1/13,sh.600600,6.08,6.08,5.87,5.91,4243527
2004/1/14,sh.600600,5.91,6.00,5.88,5.93,2181490
2004/1/15,sh.600600,5.98,6.02,5.89,5.98,2196576
2004/1/16,sh.600600,5.98,6.06,5.93,6.00,1860036
2004/1/29,sh.600600,5.96,6.24,5.93,6.22,3009382
2004/1/30,sh.600600,6.22,6.46,6.10,6.38,9536874
2004/2/2,sh.600600,7.02,7.02,6.46,6.61,15700750
2004/2/3,sh.600600,6.62,6.70,6.46,6.60,4334219
2004/2/4,sh.600600,6.60,6.79,6.52,6.65,4618970
2004/2/5,sh.600600,6.63,6.68,6.41,6.48,4866622
2004/2/6,sh.600600,6.47,6.65,6.37,6.49,4416593
2004/2/9,sh.600600,6.52,6.79,6.48,6.78,6326294
2004/2/10,sh.600600,6.78,6.79,6.63,6.68,4597291
2004/2/11,sh.600600,6.68,6.71,6.53,6.59,2283436
2004/2/12,sh.600600,6.60,6.73,6.53,6.62,3729688
2004/2/13,sh.600600,6.62,6.68,6.54,6.62,2380513
2004/2/16,sh.600600,6.63,6.87,6.62,6.81,4399686
2004/2/17,sh.600600,6.83,6.92,6.74,6.90,4946005
2004/2/18,sh.600600,6.90,6.90,6.78,6.83,3113113
2004/2/19,sh.600600,6.83,6.96,6.80,6.93,3742286
2004/2/20,sh.600600,6.92,6.95,6.77,6.81,2703486
2004/2/23,sh.600600,6.80,6.80,6.52,6.53,4145261
2004/2/24,sh.600600,6.49,6.53,6.29,6.39,3273619
2004/2/25,sh.600600,6.39,6.49,6.20,6.25,3287731
2004/2/26,sh.600600,6.22,6.32,6.16,6.29,2234341
2004/2/27,sh.600600,6.30,6.36,6.26,6.29,2430755
2004/3/1,sh.600600,6.35,6.42,6.27,6.40,2184438
2004/3/2,sh.600600,6.42,6.44,6.27,6.31,1518232
2004/3/3,sh.600600,6.30,6.42,6.25,6.38,1755988
2004/3/4,sh.600600,6.36,6.36,6.24,6.33,1370656
2004/3/5,sh.600600,6.35,6.46,6.25,6.41,1980345
2004/3/8,sh.600600,6.39,6.40,6.21,6.21,2013985
2004/3/9,sh.600600,6.20,6.25,6.08,6.10,2011229
2004/3/10,sh.600600,6.08,6.20,6.08,6.20,1079725
2004/3/11,sh.600600,6.22,6.34,6.18,6.25,1252221
2004/3/12,sh.600600,6.25,6.29,6.19,6.22,1381365
2004/3/15,sh.600600,6.20,6.47,6.20,6.46,3275291
2004/3/16,sh.600600,6.46,6.58,6.41,6.49,2079726
2004/3/17,sh.600600,6.49,6.68,6.46,6.63,4147244
2004/3/18,sh.600600,6.62,6.66,6.50,6.51,2455662
2004/3/19,sh.600600,6.49,6.63,6.46,6.60,1779334
2004/3/22,sh.600600,6.63,6.67,6.55,6.63,1292934
2004/3/23,sh.600600,6.64,6.83,6.58,6.75,3928637
2004/3/24,sh.600600,6.74,6.83,6.68,6.77,2620220
2004/3/25,sh.600600,6.78,6.95,6.78,6.81,4928299
2004/3/26,sh.600600,6.81,6.83,6.68,6.78,2016448
2004/3/29,sh.600600,6.75,6.83,6.70,6.70,1750050
2004/3/30,sh.600600,6.65,6.71,6.64,6.66,1620492
2004/3/31,sh.600600,6.66,6.85,6.63,6.79,1969611
2004/4/1,sh.600600,6.77,7.12,6.77,7.04,18288848
2004/4/2,sh.600600,6.73,7.19,6.73,7.12,8465283
2004/4/5,sh.600600,7.12,7.20,7.05,7.20,4837769
2004/4/6,sh.600600,7.18,7.38,7.14,7.26,3871098
2004/4/7,sh.600600,7.24,7.32,7.15,7.19,2489788
2004/4/8,sh.600600,7.19,7.34,7.12,7.27,3251494
2004/4/9,sh.600600,7.24,7.31,6.88,6.97,3432750
2004/4/12,sh.600600,6.92,6.96,6.74,6.83,1638890
2004/4/13,sh.600600,6.80,7.00,6.72,6.87,1870839
2004/4/14,sh.600600,6.85,6.90,6.70,6.81,1209449
2004/4/15,sh.600600,6.80,6.89,6.77,6.80,1016342
2004/4/16,sh.600600,6.77,6.85,6.56,6.82,1660392
2004/4/19,sh.600600,6.82,6.87,6.66,6.67,1067805
2004/4/20,sh.600600,6.66,6.74,6.60,6.61,1148174
2004/4/21,sh.600600,6.66,6.68,6.49,6.59,861261
2004/4/22,sh.600600,6.58,6.75,6.58,6.73,665374
2004/4/23,sh.600600,6.74,6.81,6.66,6.74,811016
2004/4/26,sh.600600,6.74,6.85,6.71,6.85,878591
2004/4/27,sh.600600,6.86,6.90,6.66,6.76,1078925
2004/4/28,sh.600600,6.75,6.79,6.29,6.32,2791122
2004/4/29,sh.600600,6.29,6.42,6.14,6.15,1822550
2004/4/30,sh.600600,6.17,6.42,6.11,6.39,1056973
2004/5/10,sh.600600,6.42,6.44,6.23,6.29,556000
2004/5/11,sh.600600,6.27,6.40,6.24,6.40,399758
2004/5/12,sh.600600,6.39,6.47,6.35,6.46,734721
2004/5/13,sh.600600,6.44,6.46,6.29,6.33,550914
2004/5/14,sh.600600,6.33,6.39,6.24,6.29,649060
2004/5/17,sh.600600,6.27,6.31,6.11,6.18,541391
2004/5/18,sh.600600,6.17,6.24,6.05,6.22,898860
2004/5/19,sh.600600,6.24,6.24,6.13,6.18,1153650
2004/5/20,sh.600600,6.19,6.28,6.12,6.20,552450
2004/5/21,sh.600600,6.22,6.23,6.11,6.22,372920
2004/5/24,sh.600600,6.22,6.23,6.12,6.19,362110
2004/5/25,sh.600600,6.17,6.19,5.95,5.95,1205633
2004/5/26,sh.600600,5.95,6.01,5.88,5.92,940680
2004/5/27,sh.600600,5.92,5.98,5.76,5.87,1653179
2004/5/28,sh.600600,5.88,5.99,5.86,5.95,761820
2004/5/31,sh.600600,5.95,5.98,5.87,5.95,321210
2004/6/1,sh.600600,5.97,6.12,5.97,6.08,846848
2004/6/2,sh.600600,6.11,6.18,6.05,6.15,1689081
2004/6/3,sh.600600,6.14,6.14,5.98,6.05,678200
2004/6/4,sh.600600,6.03,6.16,6.02,6.14,463046
2004/6/7,sh.600600,6.13,6.13,6.02,6.08,315680
2004/6/8,sh.600600,6.08,6.08,6.08,6.08,INVALID
2004/6/9,sh.600600,6.04,6.04,5.84,5.85,482600
2004/6/10,sh.600600,5.86,5.93,5.79,5.84,354964
2004/6/11,sh.600600,5.85,6.06,5.84,5.86,496775
2004/6/14,sh.600600,5.86,5.93,5.71,5.76,442450
2004/6/15,sh.600600,5.76,6.05,5.74,5.90,654630
2004/6/16,sh.600600,5.86,5.95,5.84,5.90,412356
2004/6/17,sh.600600,5.86,5.91,5.66,5.68,614450
2004/6/18,sh.600600,5.69,5.76,5.46,5.53,611518
2004/6/21,sh.600600,5.42,5.59,5.42,5.57,344353
2004/6/22,sh.600600,5.57,5.71,5.54,5.71,393788
2004/6/23,sh.600600,5.71,5.83,5.57,5.67,274102
2004/6/24,sh.600600,5.70,5.78,5.52,5.54,346700
2004/6/25,sh.600600,5.55,5.60,5.44,5.47,348638
2004/6/28,sh.600600,5.48,5.59,5.45,5.51,246042
2004/6/29,sh.600600,5.54,5.59,5.42,5.54,814371
2004/6/30,sh.600600,5.52,5.70,5.49,5.67,1072114
2004/7/1,sh.600600,5.67,5.87,5.61,5.87,915586
2004/7/2,sh.600600,5.89,5.91,5.79,5.85,700160
2004/7/5,sh.600600,5.85,5.85,5.74,5.84,333870
2004/7/6,sh.600600,5.85,5.95,5.81,5.88,885368
2004/7/7,sh.600600,5.88,5.88,5.78,5.86,345300
2004/7/8,sh.600600,5.85,5.95,5.78,5.93,268051
2004/7/9,sh.600600,5.88,5.95,5.85,5.85,116230
2004/7/12,sh.600600,5.88,5.91,5.66,5.73,363200
2004/7/13,sh.600600,5.72,5.82,5.64,5.67,229708
2004/7/14,sh.600600,5.67,5.73,5.54,5.62,742974
2004/7/15,sh.600600,5.62,5.98,5.62,5.67,901610
2004/7/16,sh.600600,5.76,5.86,5.66,5.83,2451061
2004/7/19,sh.600600,5.82,5.89,5.74,5.86,1133054
2004/7/20,sh.600600,5.86,6.01,5.79,5.98,4283456
2004/7/21,sh.600600,5.97,6.07,5.91,6.05,1881618
2004/7/22,sh.600600,6.03,6.10,5.88,5.92,2183150
2004/7/23,sh.600600,5.91,6.06,5.83,6.02,1119874
2004/7/26,sh.600600,6.02,6.08,5.96,6.01,435699
2004/7/27,sh.600600,5.98,6.04,5.89,5.98,253500
2004/7/28,sh.600600,5.98,6.13,5.96,6.12,1319839
2004/7/29,sh.600600,6.12,6.24,6.08,6.24,674327
2004/7/30,sh.600600,6.24,6.24,6.09,6.12,259600
2004/8/2,sh.600600,6.10,6.14,6.05,6.14,320500
2004/8/3,sh.600600,6.14,6.14,6.02,6.07,404308
2004/8/4,sh.600600,6.00,6.21,6.00,6.15,468821
2004/8/5,sh.600600,6.11,6.16,6.08,6.08,484469
2004/8/6,sh.600600,6.08,6.15,5.98,6.07,603560
2004/8/9,sh.600600,6.05,6.05,5.91,5.92,556220
2004/8/10,sh.600600,5.92,6.03,5.91,6.03,191000
2004/8/11,sh.600600,6.05,6.06,5.87,5.91,446260
2004/8/12,sh.600600,5.91,5.96,5.89,5.93,262915
2004/8/13,sh.600600,5.96,6.03,5.95,6.03,500488
2004/8/16,sh.600600,6.03,6.11,5.98,6.11,816359
2004/8/17,sh.600600,6.05,6.15,6.05,6.14,826097
2004/8/18,sh.600600,6.13,6.15,6.12,6.12,323020
2004/8/19,sh.600600,6.11,6.12,5.99,6.03,761983
2004/8/20,sh.600600,6.02,6.11,5.82,6.00,709335
2004/8/23,sh.600600,6.00,6.00,5.89,5.96,227580
2004/8/24,sh.600600,5.89,5.96,5.84,5.90,467870
2004/8/25,sh.600600,5.91,5.97,5.85,5.94,258587
2004/8/26,sh.600600,5.97,5.97,5.89,5.89,694700
2004/8/27,sh.600600,5.92,5.92,5.80,5.83,532720
2004/8/30,sh.600600,5.82,5.96,5.79,5.95,566661
2004/8/31,sh.600600,5.98,6.11,5.98,6.09,631117
2004/9/1,sh.600600,6.01,6.08,5.98,6.01,648400
2004/9/2,sh.600600,5.96,6.07,5.96,6.05,328949
2004/9/3,sh.600600,6.04,6.09,5.98,6.08,592966
2004/9/6,sh.600600,6.07,6.07,5.99,6.03,223242
2004/9/7,sh.600600,5.99,6.07,5.98,6.07,632804
2004/9/8,sh.600600,6.06,6.12,6.02,6.11,741400
2004/9/9,sh.600600,6.08,6.16,6.05,6.08,778571
2004/9/10,sh.600600,6.10,6.12,5.96,6.11,856191
2004/9/13,sh.600600,6.08,6.11,6.03,6.07,1292114
2004/9/14,sh.600600,6.02,6.21,6.02,6.14,742710
2004/9/15,sh.600600,6.14,6.47,6.13,6.36,2109756
2004/9/16,sh.600600,6.36,6.52,6.30,6.52,2644272
2004/9/17,sh.600600,6.52,6.65,6.43,6.59,2770464
2004/9/20,sh.600600,6.59,6.69,6.50,6.68,2999839
2004/9/21,sh.600600,6.67,6.68,6.48,6.54,1402450
2004/9/22,sh.600600,6.53,6.86,6.46,6.48,1149959
2004/9/23,sh.600600,6.47,6.85,6.43,6.80,1498342
2004/9/24,sh.600600,6.80,6.96,6.65,6.69,4558367
2004/9/27,sh.600600,6.71,6.79,6.59,6.62,927676
2004/9/28,sh.600600,6.62,6.96,6.59,6.95,5993117
2004/9/29,sh.600600,6.95,7.06,6.92,6.95,3564116
2004/9/30,sh.600600,6.94,6.94,6.84,6.88,2112875
2004/10/8,sh.600600,6.95,7.00,6.77,6.96,1973217
2004/10/11,sh.600600,6.96,7.04,6.79,6.84,2806690
2004/10/12,sh.600600,6.82,6.83,6.66,6.70,1351201
2004/10/13,sh.600600,6.70,6.78,6.66,6.68,962658
2004/10/14,sh.600600,6.66,6.70,6.62,6.64,2159225
2004/10/15,sh.600600,6.63,6.83,6.63,6.68,2196158
2004/10/18,sh.600600,6.72,6.79,6.53,6.73,692328
2004/10/19,sh.600600,6.75,6.83,6.61,6.76,1866091
2004/10/20,sh.600600,6.73,6.79,6.66,6.78,395775
2004/10/21,sh.600600,6.79,6.86,6.75,6.84,1452466
2004/10/22,sh.600600,6.82,7.08,6.82,7.04,4018812
2004/10/25,sh.600600,7.06,7.06,6.88,6.95,2895154
2004/10/26,sh.600600,6.95,7.02,6.81,7.01,1357252
2004/10/27,sh.600600,6.97,7.00,6.68,6.72,4148669
2004/10/28,sh.600600,6.72,6.82,6.61,6.63,1594750
2004/10/29,sh.600600,6.56,6.72,6.40,6.59,1627486
2004/11/1,sh.600600,6.56,6.65,6.44,6.50,688012
2004/11/2,sh.600600,6.50,6.50,6.26,6.39,1685616
2004/11/3,sh.600600,6.38,6.63,6.31,6.56,922687
2004/11/4,sh.600600,6.56,6.59,6.49,6.50,1450000
2004/11/5,sh.600600,6.43,6.68,6.43,6.68,1629958
2004/11/8,sh.600600,6.67,6.67,6.58,6.63,883579
2004/11/9,sh.600600,6.56,6.63,6.52,6.52,195300
2004/11/10,sh.600600,6.56,6.72,6.51,6.65,721480
2004/11/11,sh.600600,6.66,6.72,6.57,6.57,760195
2004/11/12,sh.600600,6.56,6.56,6.37,6.55,1237313
2004/11/15,sh.600600,6.43,6.55,6.30,6.37,1636480
2004/11/16,sh.600600,6.39,6.42,6.30,6.38,1677173
2004/11/17,sh.600600,6.38,6.38,6.26,6.27,734400
2004/11/18,sh.600600,6.29,6.40,6.29,6.35,850657
2004/11/19,sh.600600,6.40,6.46,6.37,6.38,852909
2004/11/22,sh.600600,6.43,6.43,6.30,6.36,674142
2004/11/23,sh.600600,6.36,6.41,6.30,6.36,1709454
2004/11/24,sh.600600,6.37,6.39,6.21,6.23,1172434
2004/11/25,sh.600600,6.20,6.27,6.14,6.21,996365
2004/11/26,sh.600600,6.24,6.25,6.16,6.21,563075
2004/11/29,sh.600600,6.19,6.19,6.03,6.10,605445
2004/11/30,sh.600600,6.10,6.10,6.01,6.08,429596
2004/12/1,sh.600600,6.03,6.08,6.02,6.07,563018
2004/12/2,sh.600600,6.05,6.12,6.01,6.10,425587
2004/12/3,sh.600600,6.08,6.16,6.05,6.13,515426
2004/12/6,sh.600600,6.14,6.23,6.14,6.20,526033
2004/12/7,sh.600600,6.20,6.20,6.12,6.14,259558
2004/12/8,sh.600600,6.14,6.21,6.10,6.15,404790
2004/12/9,sh.600600,6.15,6.15,6.09,6.12,1020825
2004/12/10,sh.600600,6.12,6.12,5.98,6.00,911331
2004/12/13,sh.600600,5.97,6.03,5.96,6.00,831700
2004/12/14,sh.600600,6.01,6.05,5.96,5.98,413426
2004/12/15,sh.600600,6.05,6.17,5.96,6.11,505110
2004/12/16,sh.600600,6.12,6.14,6.10,6.12,456129
2004/12/17,sh.600600,6.10,6.15,6.05,6.11,222649
2004/12/20,sh.600600,6.11,6.11,5.98,6.07,207320
2004/12/21,sh.600600,6.07,6.10,6.00,6.10,494082
2004/12/22,sh.600600,6.09,6.18,6.08,6.18,230519
2004/12/23,sh.600600,6.14,6.14,6.11,6.13,220801
2004/12/24,sh.600600,6.11,6.20,6.05,6.19,335980
2004/12/27,sh.600600,6.14,6.18,6.10,6.16,503368
2004/12/28,sh.600600,6.14,6.23,6.14,6.22,567650
2004/12/29,sh.600600,6.14,6.24,6.14,6.19,707461
2004/12/30,sh.600600,5.87,6.23,5.87,6.21,965508
2004/12/31,sh.600600,6.21,6.27,6.16,6.23,603126
2005/1/4,sh.600600,6.27,6.27,6.11,6.13,349199
2005/1/5,sh.600600,6.11,6.12,6.05,6.10,187723
2005/1/6,sh.600600,6.10,6.12,6.05,6.11,274838
2005/1/7,sh.600600,6.10,6.12,6.05,6.05,354280
2005/1/10,sh.600600,6.05,6.05,5.80,6.02,592157
2005/1/11,sh.600600,6.02,6.02,5.92,5.94,158586
2005/1/12,sh.600600,5.92,6.01,5.92,5.96,99575
2005/1/13,sh.600600,5.96,5.96,5.91,5.94,168800
2005/1/14,sh.600600,5.92,6.01,5.92,5.98,83779
2005/1/17,sh.600600,5.98,5.98,5.83,5.85,290210
2005/1/18,sh.600600,5.85,5.95,5.85,5.89,271511
2005/1/19,sh.600600,5.80,5.91,5.80,5.87,77304
2005/1/20,sh.600600,5.81,5.89,5.81,5.88,241060
2005/1/21,sh.600600,5.84,6.01,5.79,5.97,1978651
2005/1/24,sh.600600,6.16,6.16,5.93,6.14,3053661
2005/1/25,sh.600600,6.08,6.11,5.98,6.10,297650
2005/1/26,sh.600600,6.05,6.11,6.01,6.08,187053
2005/1/27,sh.600600,6.03,6.07,5.98,6.05,463071
2005/1/28,sh.600600,6.07,6.07,6.01,6.03,102310
2005/1/31,sh.600600,5.96,6.13,5.92,6.08,334050
2005/2/1,sh.600600,6.05,6.25,6.05,6.21,1168875
2005/2/2,sh.600600,6.18,6.48,6.11,6.43,1637763
2005/2/3,sh.600600,6.43,6.43,6.31,6.34,637250
2005/2/4,sh.600600,6.32,6.43,6.30,6.41,1088981
2005/2/16,sh.600600,6.43,6.55,6.37,6.52,2698048
2005/2/17,sh.600600,6.53,6.53,6.42,6.50,1189625
2005/2/18,sh.600600,6.50,6.50,6.27,6.27,1387700
2005/2/21,sh.600600,6.25,6.34,6.23,6.27,652195
2005/2/22,sh.600600,6.30,6.36,6.23,6.35,2203702
2005/2/23,sh.600600,6.36,6.36,6.27,6.30,893898
2005/2/24,sh.600600,6.30,6.30,6.15,6.28,1440476
2005/2/25,sh.600600,6.29,6.35,6.23,6.32,2225925
2005/2/28,sh.600600,6.30,6.30,6.15,6.18,1040357
2005/3/1,sh.600600,6.18,6.23,6.14,6.16,588058
2005/3/2,sh.600600,6.18,6.23,6.11,6.12,791239
2005/3/3,sh.600600,6.11,6.19,6.11,6.18,1016622
2005/3/4,sh.600600,6.15,6.23,6.12,6.20,310509
2005/3/7,sh.600600,6.20,6.27,6.19,6.23,1024064
2005/3/8,sh.600600,6.29,6.29,6.18,6.23,1008400
2005/3/9,sh.600600,6.25,6.29,6.20,6.21,879257
2005/3/10,sh.600600,6.21,6.21,6.05,6.10,1807450
2005/3/11,sh.600600,6.05,6.17,6.05,6.16,3382304
2005/3/14,sh.600600,6.16,6.18,6.01,6.05,2631203
2005/3/15,sh.600600,6.03,6.05,5.87,5.91,1849290
2005/3/16,sh.600600,5.91,5.95,5.79,5.95,1163970
2005/3/17,sh.600600,5.92,6.00,5.91,5.93,1028801
2005/3/18,sh.600600,5.93,5.93,5.85,5.89,498806
2005/3/21,sh.600600,5.85,5.89,5.81,5.84,645301
2005/3/22,sh.600600,5.84,5.97,5.82,5.96,490977
2005/3/23,sh.600600,5.96,5.97,5.85,5.92,1374772
2005/3/24,sh.600600,5.92,6.04,5.85,6.03,405069
2005/3/25,sh.600600,6.01,6.01,5.96,5.98,209914
2005/3/28,sh.600600,5.97,5.97,5.82,5.91,985124
2005/3/29,sh.600600,5.91,5.91,5.85,5.88,371300
2005/3/30,sh.600600,5.86,5.91,5.76,5.76,1153830
2005/3/31,sh.600600,5.76,5.79,5.66,5.78,759626
2005/4/1,sh.600600,5.76,5.92,5.67,5.89,1618234
2005/4/4,sh.600600,5.89,5.89,5.68,5.71,637204
2005/4/5,sh.600600,5.71,5.76,5.56,5.60,1215098
2005/4/6,sh.600600,5.60,5.64,5.52,5.61,1560904
2005/4/7,sh.600600,5.60,5.79,5.60,5.68,1848128
2005/4/8,sh.600600,5.68,5.77,5.60,5.69,1639342
2005/4/11,sh.600600,5.70,5.96,5.70,5.89,3607148
2005/4/12,sh.600600,5.71,5.88,5.70,5.85,1838884
2005/4/13,sh.600600,5.89,5.98,5.81,5.85,1362428
2005/4/14,sh.600600,5.98,6.00,5.76,5.79,840777
2005/4/15,sh.600600,5.74,5.85,5.73,5.76,1393597
2005/4/18,sh.600600,5.72,5.73,5.57,5.65,629440
2005/4/19,sh.600600,5.66,5.67,5.56,5.61,366318
2005/4/20,sh.600600,5.61,5.61,5.49,5.51,370678
2005/4/21,sh.600600,5.53,5.54,5.02,5.29,4100623
2005/4/22,sh.600600,5.21,5.48,5.20,5.47,2164475
2005/4/25,sh.600600,5.50,5.52,5.33,5.35,1157692
2005/4/26,sh.600600,5.35,5.35,5.21,5.29,1248922
2005/4/27,sh.600600,5.28,5.56,5.28,5.55,1968091
2005/4/28,sh.600600,5.55,5.72,5.52,5.71,1340342
2005/4/29,sh.600600,5.71,5.78,5.63,5.76,1428677
2005/5/9,sh.600600,5.84,5.94,5.76,5.87,3307221
2005/5/10,sh.600600,5.79,5.92,5.76,5.92,834353
2005/5/11,sh.600600,5.92,5.92,5.84,5.87,601949
2005/5/12,sh.600600,5.87,5.87,5.78,5.85,761729
2005/5/13,sh.600600,5.85,5.85,5.76,5.79,1521400
2005/5/16,sh.600600,5.76,5.82,5.73,5.79,417581
2005/5/17,sh.600600,5.78,5.92,5.77,5.85,410450
2005/5/18,sh.600600,5.85,5.89,5.82,5.86,945364
2005/5/19,sh.600600,5.85,5.85,5.78,5.80,268422
2005/5/20,sh.600600,5.80,5.94,5.79,5.91,574631
2005/5/23,sh.600600,5.89,5.92,5.73,5.79,842692
2005/5/24,sh.600600,5.73,5.84,5.73,5.83,458060
2005/5/25,sh.600600,5.80,5.80,5.73,5.78,477896
2005/5/26,sh.600600,5.78,5.85,5.46,5.57,1222742
2005/5/27,sh.600600,5.47,5.63,5.47,5.56,192709
2005/5/30,sh.600600,5.53,5.72,5.53,5.71,808633
2005/5/31,sh.600600,5.71,5.76,5.58,5.62,391564
2005/6/1,sh.600600,5.66,5.66,5.55,5.56,125800
2005/6/2,sh.600600,5.52,5.60,5.41,5.59,213186
2005/6/3,sh.600600,5.47,5.56,5.47,5.52,256930
2005/6/6,sh.600600,5.47,5.59,5.44,5.53,476765
2005/6/7,sh.600600,5.53,5.69,5.50,5.65,608821
2005/6/8,sh.600600,5.65,6.01,5.53,6.01,3075466
2005/6/9,sh.600600,5.98,5.98,5.78,5.87,1626945
2005/6/10,sh.600600,5.84,5.85,5.74,5.79,1686914
2005/6/13,sh.600600,5.79,5.82,5.74,5.75,600323
2005/6/14,sh.600600,5.75,5.82,5.73,5.78,760259
2005/6/15,sh.600600,5.73,5.82,5.73,5.74,155400
2005/6/16,sh.600600,5.74,5.74,5.65,5.68,246122
2005/6/17,sh.600600,5.78,5.78,5.66,5.76,138399
2005/6/20,sh.600600,5.71,5.85,5.62,5.62,2952560
2005/6/21,sh.600600,5.63,5.63,5.53,5.56,833700
2005/6/22,sh.600600,5.50,5.65,5.50,5.60,220754
2005/6/23,sh.600600,5.60,5.60,5.60,5.60,INVALID
2005/6/24,sh.600600,5.56,5.62,5.53,5.60,575300
2005/6/27,sh.600600,5.60,5.78,5.60,5.72,1233450
2005/6/28,sh.600600,5.69,5.76,5.60,5.73,653109
2005/6/29,sh.600600,5.73,5.85,5.66,5.81,892300
2005/6/30,sh.600600,5.77,5.85,5.63,5.78,354866
2005/7/1,sh.600600,5.64,5.76,5.64,5.72,258801
2005/7/4,sh.600600,5.72,5.72,5.53,5.65,179450
2005/7/5,sh.600600,5.61,5.61,5.55,5.58,75815
2005/7/6,sh.600600,5.58,5.60,5.55,5.57,79390
2005/7/7,sh.600600,5.58,5.67,5.57,5.67,166264
2005/7/8,sh.600600,5.63,5.73,5.55,5.67,459106
2005/7/11,sh.600600,5.58,5.73,5.58,5.61,103000
2005/7/12,sh.600600,5.66,5.71,5.60,5.67,221311
2005/7/13,sh.600600,5.64,5.67,5.52,5.55,814410
2005/7/14,sh.600600,5.55,5.65,5.47,5.56,537746
2005/7/15,sh.600600,5.56,5.56,5.49,5.51,827800
2005/7/18,sh.600600,5.49,5.51,5.40,5.46,814150
2005/7/19,sh.600600,5.44,5.47,5.39,5.47,223329
2005/7/20,sh.600600,5.47,5.55,5.44,5.52,188650
2005/7/21,sh.600600,5.52,5.54,5.47,5.52,276497
2005/7/22,sh.600600,5.56,5.63,5.52,5.56,547079
2005/7/25,sh.600600,5.62,5.71,5.58,5.70,519674
2005/7/26,sh.600600,5.69,5.83,5.62,5.79,1798631
2005/7/27,sh.600600,5.81,5.88,5.75,5.84,1369104
2005/7/28,sh.600600,5.79,5.84,5.77,5.82,372599
2005/7/29,sh.600600,5.81,5.81,5.73,5.75,471590
2005/8/1,sh.600600,5.70,5.83,5.68,5.73,532716
2005/8/2,sh.600600,5.74,5.77,5.69,5.77,1226200
2005/8/3,sh.600600,5.77,5.89,5.72,5.88,2909977
2005/8/4,sh.600600,5.81,5.86,5.75,5.75,330126
2005/8/5,sh.600600,5.75,5.83,5.73,5.78,2410898
2005/8/8,sh.600600,5.79,5.82,5.70,5.74,793351
2005/8/9,sh.600600,5.74,5.75,5.70,5.75,526384
2005/8/10,sh.600600,5.76,5.83,5.75,5.83,1533298
2005/8/11,sh.600600,5.85,6.22,5.82,6.06,3976863
2005/8/12,sh.600600,6.15,6.21,5.83,5.87,1718174
2005/8/15,sh.600600,5.88,6.15,5.87,6.14,2271038
2005/8/16,sh.600600,6.14,6.22,6.04,6.19,2730705
2005/8/17,sh.600600,6.18,6.18,6.06,6.15,791305
2005/8/18,sh.600600,6.16,6.22,5.92,5.92,1487594
2005/8/19,sh.600600,5.89,5.98,5.89,5.97,410835
2005/8/22,sh.600600,5.97,6.15,5.92,6.12,599481
2005/8/23,sh.600600,6.09,6.09,5.96,6.00,448751
2005/8/24,sh.600600,6.04,6.04,5.94,6.01,183047
2005/8/25,sh.600600,5.96,6.01,5.83,5.88,643500
2005/8/26,sh.600600,5.87,5.89,5.79,5.84,464773
2005/8/29,sh.600600,5.84,5.89,5.77,5.82,424151
2005/8/30,sh.600600,5.83,5.88,5.79,5.88,501419
2005/8/31,sh.600600,5.88,5.94,5.83,5.92,415120
2005/9/1,sh.600600,5.91,5.99,5.88,5.94,1886543
2005/9/2,sh.600600,5.95,5.95,5.89,5.92,374475
2005/9/5,sh.600600,5.92,5.95,5.89,5.92,407669
2005/9/6,sh.600600,5.92,5.92,5.81,5.82,515900
2005/9/7,sh.600600,5.79,5.88,5.77,5.85,241311
2005/9/8,sh.600600,5.85,5.89,5.80,5.83,938879
2005/9/9,sh.600600,5.84,5.85,5.75,5.77,545135
2005/9/12,sh.600600,5.76,5.81,5.76,5.80,147499
2005/9/13,sh.600600,5.86,5.89,5.76,5.82,816566
2005/9/14,sh.600600,5.86,5.87,5.79,5.84,914123
2005/9/15,sh.600600,5.86,5.86,5.76,5.79,794059
2005/9/16,sh.600600,5.76,5.83,5.76,5.82,494507
2005/9/19,sh.600600,5.83,6.08,5.76,6.02,6852132
2005/9/20,sh.600600,6.07,6.11,5.99,6.02,7871837
2005/9/21,sh.600600,6.02,6.02,5.81,5.83,2306254
2005/9/22,sh.600600,5.76,5.83,5.63,5.68,1677177
2005/9/23,sh.600600,5.68,5.75,5.63,5.64,941257
2005/9/26,sh.600600,5.56,5.67,5.56,5.64,776435
2005/9/27,sh.600600,5.64,5.64,5.50,5.61,1852683
2005/9/28,sh.600600,5.60,5.60,5.47,5.54,1427239
2005/9/29,sh.600600,5.54,5.56,5.38,5.43,1991203
2005/9/30,sh.600600,5.45,5.56,5.45,5.46,1137100
2005/10/10,sh.600600,5.46,5.49,5.37,5.37,515170
2005/10/11,sh.600600,5.37,5.50,5.18,5.47,2191567
2005/10/12,sh.600600,5.53,5.55,5.43,5.47,1443689
2005/10/13,sh.600600,5.43,5.43,5.37,5.39,554000
2005/10/14,sh.600600,5.37,5.43,5.24,5.29,520598
2005/10/17,sh.600600,5.28,5.31,5.14,5.19,640941
2005/10/18,sh.600600,5.17,5.23,5.15,5.22,611075
2005/10/19,sh.600600,5.22,5.22,5.07,5.07,1418900
2005/10/20,sh.600600,5.06,5.07,4.88,4.94,1773655
2005/10/21,sh.600600,4.94,5.07,4.94,5.06,1293119
2005/10/24,sh.600600,5.05,5.14,4.96,5.12,1198660
2005/10/25,sh.600600,5.11,5.12,4.98,5.00,575200
2005/10/26,sh.600600,4.98,5.00,4.89,4.89,841500
2005/10/27,sh.600600,4.88,4.98,4.88,4.95,362145
2005/10/28,sh.600600,4.97,5.13,4.96,4.99,1489152
2005/10/31,sh.600600,4.99,5.13,4.99,5.11,1937788
2005/11/1,sh.600600,5.08,5.13,5.01,5.03,1292195
2005/11/2,sh.600600,5.03,5.12,5.03,5.09,487110
2005/11/3,sh.600600,5.09,5.09,4.94,4.99,1022547
2005/11/4,sh.600600,4.99,5.00,4.88,4.94,1771872
2005/11/7,sh.600600,4.91,5.00,4.90,4.99,629190
2005/11/8,sh.600600,4.99,5.07,4.96,5.07,1681620
2005/11/9,sh.600600,5.09,5.11,5.01,5.03,421580
2005/11/10,sh.600600,5.02,5.05,4.99,5.00,1066094
2005/11/11,sh.600600,5.02,5.02,4.96,4.99,782100
2005/11/14,sh.600600,4.96,5.03,4.93,5.03,405634
2005/11/15,sh.600600,5.01,5.05,4.94,4.97,329853
2005/11/16,sh.600600,4.97,5.07,4.92,5.06,536300
2005/11/17,sh.600600,5.06,5.11,5.02,5.05,343280
2005/11/18,sh.600600,5.02,5.18,5.01,5.08,1907282
2005/11/21,sh.600600,5.11,5.26,5.09,5.20,2184631
2005/11/22,sh.600600,5.20,5.24,5.15,5.15,741700
2005/11/23,sh.600600,5.15,5.17,5.07,5.11,1035632
2005/11/24,sh.600600,5.09,5.20,5.07,5.19,2897685
2005/11/25,sh.600600,5.17,5.34,5.13,5.21,991366
2005/11/28,sh.600600,5.19,5.19,5.07,5.11,1160612
2005/11/29,sh.600600,5.08,5.11,5.03,5.05,256800
2005/11/30,sh.600600,5.03,5.05,4.98,5.00,727700
2005/12/1,sh.600600,5.00,5.04,4.97,4.98,1269240
2005/12/2,sh.600600,4.98,5.06,4.98,5.04,1570040
2005/12/5,sh.600600,5.04,5.04,4.93,4.98,466500
2005/12/6,sh.600600,4.98,5.00,4.90,4.99,929255
2005/12/7,sh.600600,4.96,5.07,4.96,5.04,776160
2005/12/8,sh.600600,5.05,5.06,5.01,5.04,952010
2005/12/9,sh.600600,5.04,5.04,4.98,5.03,1380660
2005/12/12,sh.600600,5.03,5.03,4.94,4.96,1111840
2005/12/13,sh.600600,4.96,4.96,4.90,4.92,2631303
2005/12/14,sh.600600,4.92,5.03,4.92,4.98,2015464
2005/12/15,sh.600600,5.01,5.30,5.01,5.17,10860593
2005/12/16,sh.600600,5.17,5.19,5.10,5.17,6153779
2005/12/19,sh.600600,5.15,5.20,5.11,5.18,735690
2005/12/20,sh.600600,5.13,5.18,5.11,5.17,1047600
2005/12/21,sh.600600,5.16,5.20,5.10,5.13,1226060
2005/12/22,sh.600600,5.11,5.31,5.11,5.29,4223235
2005/12/23,sh.600600,5.31,5.41,5.24,5.38,3120549
2005/12/26,sh.600600,5.40,5.50,5.38,5.45,3059423
2005/12/27,sh.600600,5.43,5.47,5.38,5.44,2441087
2005/12/28,sh.600600,5.43,5.55,5.40,5.53,1817715
2005/12/29,sh.600600,5.50,5.55,5.43,5.54,1465429
2005/12/30,sh.600600,5.54,5.56,5.36,5.45,3445600
2006/1/4,sh.600600,5.45,5.47,5.36,5.43,3181147
2006/1/5,sh.600600,5.44,5.58,5.44,5.57,3059880
2006/1/6,sh.600600,5.56,5.62,5.50,5.58,1164565
2006/1/9,sh.600600,5.58,5.77,5.55,5.75,6196977
2006/1/10,sh.600600,5.75,5.75,5.62,5.68,5992676
2006/1/11,sh.600600,5.66,5.66,5.53,5.54,2251465
2006/1/12,sh.600600,5.51,5.62,5.50,5.56,4732998
2006/1/13,sh.600600,5.55,5.62,5.52,5.54,1394410
2006/1/16,sh.600600,5.56,5.63,5.43,5.43,1864213
2006/1/17,sh.600600,5.42,5.50,5.36,5.39,3234279
2006/1/18,sh.600600,5.39,5.48,5.34,5.40,4896387
2006/1/19,sh.600600,5.43,5.50,5.37,5.47,5570218
2006/1/20,sh.600600,5.49,5.60,5.48,5.58,3930188
2006/1/23,sh.600600,5.60,5.73,5.59,5.60,3381210
2006/1/24,sh.600600,5.60,5.70,5.56,5.61,1801691
2006/1/25,sh.600600,5.60,5.98,5.60,5.90,6438879
2006/2/6,sh.600600,6.08,6.47,6.08,6.44,6751110
2006/2/7,sh.600600,6.44,6.52,6.28,6.40,3904114
2006/2/8,sh.600600,6.28,6.55,6.28,6.35,6504824
2006/2/9,sh.600600,6.35,6.38,6.11,6.13,3647608
2006/2/10,sh.600600,6.14,6.28,6.11,6.27,3290988
2006/2/13,sh.600600,6.18,6.25,6.04,6.14,3553078
2006/2/14,sh.600600,6.16,6.58,6.16,6.44,5454543
2006/2/15,sh.600600,6.48,6.53,6.28,6.38,4362944
2006/2/16,sh.600600,6.38,6.46,6.25,6.30,2847434
2006/2/17,sh.600600,6.32,6.44,6.25,6.30,2438389
2006/2/20,sh.600600,6.25,6.50,6.25,6.35,3782310
2006/2/21,sh.600600,6.35,6.44,6.30,6.41,1195104
2006/2/22,sh.600600,6.42,6.48,6.36,6.42,4183903
2006/2/23,sh.600600,6.42,6.42,6.23,6.28,2156314
2006/2/24,sh.600600,6.30,6.38,6.27,6.37,1809560
2006/2/27,sh.600600,6.28,6.58,6.28,6.46,4764652
2006/2/28,sh.600600,6.46,6.47,6.35,6.42,1464932
2006/3/1,sh.600600,6.42,6.47,6.36,6.44,2719926
2006/3/2,sh.600600,6.48,6.58,6.40,6.43,5234785
2006/3/3,sh.600600,6.44,6.47,6.14,6.27,3063550
2006/3/6,sh.600600,6.20,6.21,6.04,6.11,3077817
2006/3/7,sh.600600,6.10,6.11,5.87,5.87,2112963
2006/3/8,sh.600600,5.86,5.97,5.81,5.89,1616567
2006/3/9,sh.600600,5.86,5.94,5.85,5.89,702769
2006/3/10,sh.600600,5.90,5.98,5.89,5.94,443920
2006/3/13,sh.600600,5.96,6.01,5.92,6.00,891889
2006/3/14,sh.600600,5.99,5.99,5.91,5.95,363547
2006/3/15,sh.600600,5.95,6.04,5.91,6.00,773520
2006/3/16,sh.600600,6.00,6.13,5.99,5.99,1522072
2006/3/17,sh.600600,6.00,6.00,5.96,5.97,733106
2006/3/20,sh.600600,5.98,6.10,5.96,6.09,992297
2006/3/21,sh.600600,6.09,6.09,6.00,6.02,1544108
2006/3/22,sh.600600,6.03,6.04,5.94,5.97,1781272
2006/3/23,sh.600600,5.98,5.98,5.83,5.91,1889140
2006/3/24,sh.600600,5.89,5.98,5.89,5.92,1341043
2006/3/27,sh.600600,5.93,5.95,5.88,5.93,1444871
2006/3/28,sh.600600,5.94,6.04,5.91,6.02,1128175
2006/3/29,sh.600600,6.01,6.22,6.01,6.17,2432277
2006/3/30,sh.600600,6.15,6.37,6.13,6.22,4025306
2006/3/31,sh.600600,6.23,6.38,6.23,6.32,2717335
2006/4/3,sh.600600,6.32,6.52,6.27,6.47,4374404
2006/4/4,sh.600600,6.47,6.47,6.18,6.36,4819936
2006/4/5,sh.600600,6.35,6.35,6.22,6.30,4201084
2006/4/6,sh.600600,6.29,6.46,6.23,6.31,5037408
2006/4/7,sh.600600,6.31,6.34,6.09,6.17,3064859
2006/4/10,sh.600600,6.16,6.30,6.08,6.23,4415666
2006/4/11,sh.600600,6.23,6.25,6.14,6.21,3060861
2006/4/12,sh.600600,6.21,6.39,6.21,6.35,4349473
2006/4/13,sh.600600,6.35,6.40,6.13,6.20,2682559
2006/4/14,sh.600600,6.21,6.28,6.10,6.26,1891797
2006/4/17,sh.600600,6.23,6.32,6.10,6.27,2552758
2006/4/18,sh.600600,6.27,6.71,6.25,6.52,8913605
2006/4/19,sh.600600,6.52,6.52,6.23,6.38,4886169
2006/4/20,sh.600600,6.36,6.44,6.30,6.36,2790686
2006/4/21,sh.600600,6.42,6.63,6.40,6.53,6989612
2006/4/24,sh.600600,6.55,6.61,6.30,6.34,3553648
2006/4/25,sh.600600,6.31,6.31,5.98,6.06,5732742
2006/4/26,sh.600600,6.04,6.27,6.02,6.17,3373940
2006/4/27,sh.600600,6.09,6.23,6.09,6.15,1932877
2006/4/28,sh.600600,6.14,6.45,6.02,6.32,3709195
2006/5/8,sh.600600,6.34,6.96,6.34,6.96,13900837
2006/5/9,sh.600600,6.94,7.40,6.87,7.19,12552778
2006/5/10,sh.600600,7.17,7.63,7.01,7.33,8891770
2006/5/11,sh.600600,7.27,8.06,7.15,7.64,10489541
2006/5/12,sh.600600,7.59,8.41,7.52,8.41,11115327
2006/5/15,sh.600600,8.84,9.24,8.64,9.24,13208802
2006/5/16,sh.600600,9.26,9.82,8.38,8.57,12721071
2006/5/17,sh.600600,8.58,9.00,8.41,8.71,9027425
2006/5/18,sh.600600,8.52,8.58,8.05,8.33,5907629
2006/5/19,sh.600600,8.33,8.71,8.25,8.64,5732558
2006/5/22,sh.600600,8.65,9.01,8.58,8.60,5569646
2006/5/23,sh.600600,8.51,8.51,7.95,7.99,5709763
2006/5/24,sh.600600,7.99,8.25,7.59,7.74,5009791
2006/5/25,sh.600600,7.73,8.02,7.73,7.94,3023368
2006/5/26,sh.600600,7.95,8.04,7.90,7.97,3288407
2006/5/29,sh.600600,8.07,8.77,7.96,8.77,5858387
2006/5/30,sh.600600,8.84,9.06,8.58,8.67,7489246
2006/5/31,sh.600600,8.74,8.76,8.26,8.37,4456250
2006/6/1,sh.600600,8.37,8.84,8.25,8.72,6570566
2006/6/2,sh.600600,8.77,8.78,8.33,8.44,4948056
2006/6/5,sh.600600,8.44,8.44,8.09,8.35,3556776
2006/6/6,sh.600600,8.35,8.48,8.20,8.37,3204174
2006/6/7,sh.600600,8.41,8.41,7.68,7.72,5221866
2006/6/8,sh.600600,7.53,7.84,7.40,7.74,3046799
2006/6/9,sh.600600,7.74,7.86,7.57,7.59,1853210
2006/6/12,sh.600600,7.52,7.58,7.27,7.52,1766300
2006/6/13,sh.600600,7.46,7.73,7.45,7.53,2199162
2006/6/14,sh.600600,7.47,7.53,7.32,7.44,2176272
2006/6/15,sh.600600,7.44,7.58,7.40,7.45,1806179
2006/6/16,sh.600600,7.48,7.77,7.48,7.73,2625927
2006/6/19,sh.600600,7.71,8.02,7.60,7.93,3583811
2006/6/20,sh.600600,7.87,7.99,7.69,7.77,2921060
2006/6/21,sh.600600,7.77,7.77,7.50,7.64,3613549
2006/6/22,sh.600600,7.66,7.84,7.65,7.71,2356086
2006/6/23,sh.600600,7.66,7.78,7.64,7.76,2927678
2006/6/26,sh.600600,7.66,7.97,7.66,7.89,3434514
2006/6/27,sh.600600,7.89,8.31,7.86,8.18,5181917
2006/6/28,sh.600600,8.19,8.22,7.97,7.99,2773314
2006/6/29,sh.600600,7.99,7.99,7.99,7.99,INVALID
2006/6/30,sh.600600,8.18,8.24,7.97,8.10,5754726
2006/7/3,sh.600600,8.10,8.35,8.07,8.30,3432223
2006/7/4,sh.600600,8.31,8.37,8.05,8.18,3780160
2006/7/5,sh.600600,8.28,8.48,8.10,8.43,7446452
2006/7/6,sh.600600,8.48,8.67,8.39,8.59,6510076
2006/7/7,sh.600600,8.64,8.69,8.50,8.54,4411419
2006/7/10,sh.600600,8.58,8.64,8.40,8.46,3103896
2006/7/11,sh.600600,8.43,8.50,8.22,8.36,3872567
2006/7/12,sh.600600,8.37,8.37,8.15,8.25,3591236
2006/7/13,sh.600600,8.19,8.44,7.69,7.86,5114981
2006/7/14,sh.600600,7.97,8.22,7.73,8.06,3838194
2006/7/17,sh.600600,8.03,8.03,7.84,7.92,2335121
2006/7/18,sh.600600,7.89,8.00,7.84,7.98,1798278
2006/7/19,sh.600600,7.92,7.95,7.66,7.66,2209654
2006/7/20,sh.600600,7.66,7.81,7.53,7.66,2682378
2006/7/21,sh.600600,7.67,7.80,7.60,7.74,1760457
2006/7/24,sh.600600,7.65,7.73,7.53,7.71,2194033
2006/7/25,sh.600600,7.73,7.86,7.71,7.84,4022635
2006/7/26,sh.600600,7.84,7.90,7.75,7.88,2147176
2006/7/27,sh.600600,7.85,7.97,7.69,7.74,3126497
2006/7/28,sh.600600,7.75,7.78,7.54,7.62,2091301
2006/7/31,sh.600600,7.59,7.59,7.14,7.27,1863177
2006/8/1,sh.600600,7.30,7.38,7.18,7.29,1148847
2006/8/2,sh.600600,7.30,7.35,7.10,7.18,1106983
2006/8/3,sh.600600,7.18,7.29,7.04,7.14,1244635
2006/8/4,sh.600600,7.14,7.20,6.76,6.78,3112199
2006/8/7,sh.600600,6.68,6.74,6.51,6.63,1375160
2006/8/8,sh.600600,6.61,6.83,6.61,6.82,1463395
2006/8/9,sh.600600,6.85,6.91,6.78,6.89,1018563
2006/8/10,sh.600600,6.93,6.99,6.85,6.93,1023721
2006/8/11,sh.600600,6.94,6.99,6.82,6.89,1300331
2006/8/14,sh.600600,6.86,6.94,6.68,6.71,1061369
2006/8/15,sh.600600,6.71,6.96,6.68,6.95,1089082
2006/8/16,sh.600600,6.99,7.27,6.88,7.16,2148000
2006/8/17,sh.600600,7.16,7.18,7.04,7.12,864289
2006/8/18,sh.600600,7.11,7.21,6.98,7.12,879264
2006/8/21,sh.600600,6.91,7.01,6.81,6.99,1081313
2006/8/22,sh.600600,7.03,7.23,6.98,7.12,963250
2006/8/23,sh.600600,7.17,7.24,7.12,7.14,1183049
2006/8/24,sh.600600,7.12,7.23,7.03,7.15,1331723
2006/8/25,sh.600600,7.16,7.19,7.10,7.15,1056206
2006/8/28,sh.600600,7.16,7.55,7.16,7.51,2536445
2006/8/29,sh.600600,7.51,7.51,7.51,7.51,INVALID
2006/8/30,sh.600600,7.51,7.51,7.51,7.51,INVALID
2006/8/31,sh.600600,7.51,7.51,7.51,7.51,INVALID
2006/9/1,sh.600600,7.51,7.51,7.51,7.51,INVALID
2006/9/4,sh.600600,7.51,7.51,7.51,7.51,INVALID
2006/9/5,sh.600600,7.51,7.51,7.51,7.51,INVALID
2006/9/6,sh.600600,7.51,7.51,7.51,7.51,INVALID
2006/9/7,sh.600600,7.51,7.51,7.51,7.51,INVALID
2006/9/8,sh.600600,7.51,7.51,7.51,7.51,INVALID
2006/9/11,sh.600600,7.51,7.51,7.51,7.51,INVALID
2006/9/12,sh.600600,7.51,7.51,7.51,7.51,INVALID
2006/9/13,sh.600600,7.51,7.51,7.51,7.51,INVALID
2006/9/14,sh.600600,7.51,7.51,7.51,7.51,INVALID
2006/9/15,sh.600600,7.51,7.51,7.51,7.51,INVALID
2006/9/18,sh.600600,7.51,7.51,7.51,7.51,INVALID
2006/9/19,sh.600600,7.51,7.51,7.51,7.51,INVALID
2006/9/20,sh.600600,7.51,7.51,7.51,7.51,INVALID
2006/9/21,sh.600600,7.64,8.27,7.63,8.27,9720117
2006/9/22,sh.600600,8.46,8.46,8.17,8.19,5169015
2006/9/25,sh.600600,8.29,8.29,7.89,8.08,2496895
2006/9/26,sh.600600,8.01,8.13,7.90,7.98,1646742
2006/9/27,sh.600600,8.10,8.21,7.98,8.14,1590842
2006/9/28,sh.600600,8.10,8.30,8.03,8.23,5556011
2006/9/29,sh.600600,8.23,8.23,8.23,8.23,INVALID
2006/10/9,sh.600600,8.23,8.23,8.23,8.23,INVALID
2006/10/10,sh.600600,8.23,8.23,8.23,8.23,INVALID
2006/10/11,sh.600600,8.23,8.23,8.23,8.23,INVALID
2006/10/12,sh.600600,8.23,8.23,8.23,8.23,INVALID
2006/10/13,sh.600600,8.23,8.23,8.23,8.23,INVALID
2006/10/16,sh.600600,8.23,8.23,8.23,8.23,INVALID
2006/10/17,sh.600600,8.23,8.23,8.23,8.23,INVALID
2006/10/18,sh.600600,8.23,8.23,8.23,8.23,INVALID
2006/10/19,sh.600600,8.23,8.23,8.23,8.23,INVALID
2006/10/20,sh.600600,8.23,8.23,8.23,8.23,INVALID
2006/10/23,sh.600600,8.23,8.23,8.23,8.23,INVALID
2006/10/24,sh.600600,8.23,8.23,8.23,8.23,INVALID
2006/10/25,sh.600600,8.23,8.23,8.23,8.23,INVALID
2006/10/26,sh.600600,8.23,8.23,8.23,8.23,INVALID
2006/10/27,sh.600600,8.23,8.23,8.23,8.23,INVALID
2006/10/30,sh.600600,8.23,8.23,8.23,8.23,INVALID
2006/10/31,sh.600600,8.23,8.23,8.23,8.23,INVALID
2006/11/1,sh.600600,8.23,8.23,8.23,8.23,INVALID
2006/11/2,sh.600600,8.23,8.23,8.23,8.23,INVALID
2006/11/3,sh.600600,8.23,8.23,8.23,8.23,INVALID
2006/11/6,sh.600600,8.23,8.23,8.23,8.23,INVALID
2006/11/7,sh.600600,8.23,8.23,8.23,8.23,INVALID
2006/11/8,sh.600600,8.23,8.23,8.23,8.23,INVALID
2006/11/9,sh.600600,8.23,8.23,8.23,8.23,INVALID
2006/11/10,sh.600600,8.23,8.23,8.23,8.23,INVALID
2006/11/13,sh.600600,8.23,8.23,8.23,8.23,INVALID
2006/11/14,sh.600600,8.23,8.23,8.23,8.23,INVALID
2006/11/15,sh.600600,8.23,8.23,8.23,8.23,INVALID
2006/11/16,sh.600600,8.23,8.23,8.23,8.23,INVALID
2006/11/17,sh.600600,8.23,8.23,8.23,8.23,INVALID
2006/11/20,sh.600600,8.23,8.23,8.23,8.23,INVALID
2006/11/21,sh.600600,8.23,8.23,8.23,8.23,INVALID
2006/11/22,sh.600600,8.23,8.23,8.23,8.23,INVALID
2006/11/23,sh.600600,8.23,8.23,8.23,8.23,INVALID
2006/11/24,sh.600600,8.23,8.23,8.23,8.23,INVALID
2006/11/27,sh.600600,8.23,8.23,8.23,8.23,INVALID
2006/11/28,sh.600600,8.23,8.23,8.23,8.23,INVALID
2006/11/29,sh.600600,8.23,8.23,8.23,8.23,INVALID
2006/11/30,sh.600600,8.23,8.23,8.23,8.23,INVALID
2006/12/1,sh.600600,8.23,8.23,8.23,8.23,INVALID
2006/12/4,sh.600600,8.23,8.23,8.23,8.23,INVALID
2006/12/5,sh.600600,8.23,8.23,8.23,8.23,INVALID
2006/12/6,sh.600600,8.23,8.23,8.23,8.23,INVALID
2006/12/7,sh.600600,8.23,8.23,8.23,8.23,INVALID
2006/12/8,sh.600600,8.23,8.23,8.23,8.23,INVALID
2006/12/11,sh.600600,8.23,8.23,8.23,8.23,INVALID
2006/12/12,sh.600600,8.23,8.23,8.23,8.23,INVALID
2006/12/13,sh.600600,8.23,8.23,8.23,8.23,INVALID
2006/12/14,sh.600600,8.23,8.23,8.23,8.23,INVALID
2006/12/15,sh.600600,8.23,8.23,8.23,8.23,INVALID
2006/12/18,sh.600600,8.23,8.23,8.23,8.23,INVALID
2006/12/19,sh.600600,8.23,8.23,8.23,8.23,INVALID
2006/12/20,sh.600600,11.20,13.18,11.14,12.13,43207511
2006/12/21,sh.600600,12.13,12.25,11.30,11.32,17267622
2006/12/22,sh.600600,11.10,11.31,10.69,10.90,14988141
2006/12/25,sh.600600,10.85,11.29,10.77,11.10,9344498
2006/12/26,sh.600600,11.02,11.42,10.94,11.18,7276124
2006/12/27,sh.600600,10.95,11.34,10.94,11.22,5847172
2006/12/28,sh.600600,11.18,11.30,10.78,10.82,4903937
2006/12/29,sh.600600,10.78,11.36,10.70,11.10,9165105
2007/1/4,sh.600600,11.22,12.09,11.18,11.65,12117821
2007/1/5,sh.600600,11.66,12.82,11.66,12.80,12112790
2007/1/8,sh.600600,12.78,13.70,12.46,13.26,11369570
2007/1/9,sh.600600,13.26,13.84,13.20,13.68,7665537
2007/1/10,sh.600600,13.68,13.68,13.10,13.45,8629025
2007/1/11,sh.600600,13.45,14.50,13.26,14.02,10399576
2007/1/12,sh.600600,14.02,14.52,13.88,14.19,5442140
2007/1/15,sh.600600,14.19,15.61,13.91,15.61,8646906
2007/1/16,sh.600600,16.21,16.73,15.66,16.23,6081715
2007/1/17,sh.600600,16.38,17.46,15.82,16.46,10600705
2007/1/18,sh.600600,16.38,17.24,15.82,16.58,7825146
2007/1/19,sh.600600,16.46,16.97,16.22,16.54,6972611
2007/1/22,sh.600600,16.69,17.20,16.46,16.77,10335776
2007/1/23,sh.600600,16.76,16.92,15.66,15.96,5983046
2007/1/24,sh.600600,15.74,16.19,15.30,15.75,3157202
2007/1/25,sh.600600,15.72,15.72,14.70,14.79,3206757
2007/1/26,sh.600600,14.58,15.24,14.38,15.22,6854435
2007/1/29,sh.600600,15.25,15.98,15.25,15.75,4404748
2007/1/30,sh.600600,15.66,15.89,14.94,15.42,5505452
2007/1/31,sh.600600,15.26,15.26,13.88,13.88,4499189
2007/2/1,sh.600600,13.34,13.86,12.84,13.48,6875621
2007/2/2,sh.600600,13.49,13.56,12.38,12.71,5310355
2007/2/5,sh.600600,12.39,13.26,12.38,12.72,4682786
2007/2/6,sh.600600,12.78,13.18,12.58,13.13,4691872
2007/2/7,sh.600600,13.24,13.65,13.09,13.13,5120228
2007/2/8,sh.600600,13.07,13.66,13.07,13.48,2974928
2007/2/9,sh.600600,13.52,14.11,13.36,13.58,4825327
2007/2/12,sh.600600,13.58,13.88,13.54,13.86,7163854
2007/2/13,sh.600600,14.06,14.18,13.82,13.98,4147737
2007/2/14,sh.600600,14.04,14.54,13.94,14.33,3216961
2007/2/15,sh.600600,14.30,14.82,14.28,14.79,3892193
2007/2/16,sh.600600,14.90,15.17,14.80,14.87,3507112
2007/2/26,sh.600600,14.91,15.50,14.90,15.49,5343684
2007/2/27,sh.600600,15.50,15.81,13.94,13.94,9231662
2007/2/28,sh.600600,13.51,14.28,13.19,13.96,5567759
2007/3/1,sh.600600,13.98,13.98,12.70,13.00,3869143
2007/3/2,sh.600600,13.10,13.34,13.01,13.17,4064767
2007/3/5,sh.600600,13.18,13.26,11.98,12.50,8649931
2007/3/6,sh.600600,12.46,12.67,12.14,12.62,6233522
2007/3/7,sh.600600,12.65,13.18,12.63,13.06,5044848
2007/3/8,sh.600600,13.18,13.54,13.07,13.51,4032191
2007/3/9,sh.600600,13.52,13.56,13.04,13.24,3682583
2007/3/12,sh.600600,13.24,13.24,12.83,13.12,3906590
2007/3/13,sh.600600,13.18,14.05,13.18,13.84,8121065
2007/3/14,sh.600600,13.58,13.84,13.10,13.78,5460607
2007/3/15,sh.600600,13.67,13.76,13.42,13.61,3911137
2007/3/16,sh.600600,13.63,13.74,13.08,13.10,4724245
2007/3/19,sh.600600,12.30,13.32,12.25,13.12,4170220
2007/3/20,sh.600600,13.22,13.22,12.76,12.95,7862358
2007/3/21,sh.600600,13.02,13.14,12.76,12.91,6756729
2007/3/22,sh.600600,13.02,13.28,12.99,13.09,9578051
2007/3/23,sh.600600,13.03,13.09,12.68,12.97,9229942
2007/3/26,sh.600600,13.07,13.65,12.95,13.61,14721566
2007/3/27,sh.600600,13.66,14.22,13.44,13.77,10097627
2007/3/28,sh.600600,13.78,13.85,13.11,13.56,9738833
2007/3/29,sh.600600,13.48,13.56,13.13,13.45,11667847
2007/3/30,sh.600600,13.38,13.80,13.18,13.62,10993798
2007/4/2,sh.600600,13.66,13.97,13.51,13.91,8650660
2007/4/3,sh.600600,13.98,14.05,13.78,13.96,8661668
2007/4/4,sh.600600,13.96,14.63,13.86,14.40,12376542
2007/4/5,sh.600600,14.38,15.42,14.18,15.14,15975808
2007/4/6,sh.600600,14.94,15.50,14.70,15.02,8040776
2007/4/9,sh.600600,14.94,15.18,14.79,14.99,7546368
2007/4/10,sh.600600,15.03,15.14,14.22,14.61,8728987
2007/4/11,sh.600600,14.60,14.60,14.20,14.46,10140528
2007/4/12,sh.600600,14.44,14.96,14.38,14.87,8882858
2007/4/13,sh.600600,14.86,15.39,14.71,15.04,11701958
2007/4/16,sh.600600,15.04,15.55,15.04,15.32,11350173
2007/4/17,sh.600600,15.34,15.46,14.74,15.18,9307759
2007/4/18,sh.600600,15.18,15.20,14.84,15.07,8218077
2007/4/19,sh.600600,15.19,15.74,14.24,14.91,19189170
2007/4/20,sh.600600,15.34,15.70,15.18,15.36,15213724
2007/4/23,sh.600600,15.66,16.18,15.66,15.98,14819636
2007/4/24,sh.600600,16.02,16.65,15.67,16.17,12311384
2007/4/25,sh.600600,16.14,16.14,15.50,15.70,7993696
2007/4/26,sh.600600,15.70,15.92,15.54,15.68,6246149
2007/4/27,sh.600600,15.70,15.78,15.30,15.33,6619393
2007/4/30,sh.600600,15.18,15.50,15.08,15.46,8653204
2007/5/8,sh.600600,15.65,15.96,15.54,15.80,10966376
2007/5/9,sh.600600,15.74,15.74,14.90,15.20,10271073
2007/5/10,sh.600600,15.20,15.54,15.02,15.46,8468144
2007/5/11,sh.600600,15.33,15.33,14.80,15.03,7270495
2007/5/14,sh.600600,14.78,15.14,14.62,14.93,7957185
2007/5/15,sh.600600,14.93,15.29,14.70,14.76,8108696
2007/5/16,sh.600600,14.74,15.34,14.38,15.34,9272359
2007/5/17,sh.600600,15.47,16.18,15.42,16.04,18485818
2007/5/18,sh.600600,15.98,16.50,15.74,15.94,11195411
2007/5/21,sh.600600,15.33,16.77,15.19,16.50,12638169
2007/5/22,sh.600600,16.61,17.57,16.61,17.00,13115014
2007/5/23,sh.600600,17.01,17.62,16.61,17.19,10181985
2007/5/24,sh.600600,17.17,17.25,16.42,16.57,12091186
2007/5/25,sh.600600,16.46,17.18,16.22,17.15,8994479
2007/5/28,sh.600600,17.57,18.87,17.37,18.87,13081720
2007/5/29,sh.600600,19.21,19.94,18.85,19.36,12474632
2007/5/30,sh.600600,17.89,20.53,17.58,18.33,14838229
2007/5/31,sh.600600,18.54,20.17,17.45,20.15,20006182
2007/6/1,sh.600600,20.13,21.54,19.57,20.26,15085998
2007/6/4,sh.600600,19.82,19.88,18.23,18.23,9376942
2007/6/5,sh.600600,16.44,19.17,16.44,19.03,12557968
2007/6/6,sh.600600,19.17,19.65,18.37,19.20,6820514
2007/6/7,sh.600600,19.20,19.97,19.16,19.55,6784161
2007/6/8,sh.600600,19.55,19.55,19.55,19.55,INVALID
2007/6/11,sh.600600,20.01,21.41,20.01,21.38,8387720
2007/6/12,sh.600600,21.48,21.89,20.13,21.39,8952777
2007/6/13,sh.600600,21.17,21.97,21.17,21.46,9571599
2007/6/14,sh.600600,21.33,23.60,20.78,22.99,12360769
2007/6/15,sh.600600,22.69,23.88,22.21,22.86,7630492
2007/6/18,sh.600600,23.32,23.56,22.77,23.11,4882776
2007/6/19,sh.600600,23.07,23.17,22.38,23.07,4158591
2007/6/20,sh.600600,23.01,25.32,22.70,22.84,6959316
2007/6/21,sh.600600,22.37,23.16,21.85,22.28,5979332
2007/6/22,sh.600600,22.33,22.33,20.66,21.11,6014357
2007/6/25,sh.600600,21.19,22.18,20.97,21.22,7253738
2007/6/26,sh.600600,21.01,21.93,20.77,21.90,4603329
2007/6/27,sh.600600,22.25,23.17,21.81,22.86,6089193
2007/6/28,sh.600600,22.53,22.99,21.29,21.57,5354319
2007/6/29,sh.600600,21.17,21.49,20.53,20.68,5342406
2007/7/2,sh.600600,20.76,21.13,19.82,20.57,6085727
2007/7/3,sh.600600,20.61,21.49,20.61,21.31,2575727
2007/7/4,sh.600600,21.28,21.67,20.91,21.02,3204414
2007/7/5,sh.600600,20.75,21.03,19.73,19.75,4536306
2007/7/6,sh.600600,19.74,20.51,18.54,20.47,2921138
2007/7/9,sh.600600,20.71,21.09,20.35,20.86,3767885
2007/7/10,sh.600600,20.65,21.57,20.46,20.55,5816636
2007/7/11,sh.600600,20.13,20.58,19.97,20.23,3365306
2007/7/12,sh.600600,20.21,20.37,20.05,20.19,1017664
2007/7/13,sh.600600,20.23,20.29,19.65,20.15,1058182
2007/7/16,sh.600600,20.17,20.77,19.97,20.07,1663622
2007/7/17,sh.600600,20.06,20.25,19.65,20.20,1911113
2007/7/18,sh.600600,20.20,20.99,20.13,20.53,3123063
2007/7/19,sh.600600,20.53,21.49,20.21,21.18,4466049
2007/7/20,sh.600600,21.33,22.61,21.22,21.93,4606833
2007/7/23,sh.600600,21.82,22.45,21.82,22.36,5338684
2007/7/24,sh.600600,22.46,22.52,21.89,22.02,3819698
2007/7/25,sh.600600,21.97,22.10,21.34,21.97,5360792
2007/7/26,sh.600600,22.05,22.40,21.34,21.73,10861329
2007/7/27,sh.600600,21.72,21.96,21.25,21.54,4711653
2007/7/30,sh.600600,21.48,22.17,21.48,22.13,8615099
2007/7/31,sh.600600,22.25,23.72,22.25,23.52,12502035
2007/8/1,sh.600600,23.72,23.89,21.73,22.00,7696094
2007/8/2,sh.600600,22.00,22.78,22.00,22.37,5156663
2007/8/3,sh.600600,22.74,22.94,22.14,22.71,5060900
2007/8/6,sh.600600,22.80,23.89,22.80,23.75,8644612
2007/8/7,sh.600600,23.71,23.71,22.98,23.15,3886933
2007/8/8,sh.600600,23.12,23.46,21.73,22.08,6449598
2007/8/9,sh.600600,22.01,22.74,22.01,22.62,4636358
2007/8/10,sh.600600,22.57,22.59,21.79,22.16,3249419
2007/8/13,sh.600600,22.16,22.50,21.79,21.93,4051590
2007/8/14,sh.600600,21.94,22.53,21.94,22.35,2038498
2007/8/15,sh.600600,22.38,22.93,22.13,22.73,4803021
2007/8/16,sh.600600,22.74,22.74,21.82,21.96,4815580
2007/8/17,sh.600600,21.93,22.37,21.41,21.74,4516604
2007/8/20,sh.600600,22.05,22.62,22.05,22.57,4249421
2007/8/21,sh.600600,22.87,22.89,22.25,22.34,4185836
2007/8/22,sh.600600,22.01,22.93,21.97,22.46,5084175
2007/8/23,sh.600600,22.53,23.75,22.53,23.48,7966359
2007/8/24,sh.600600,23.66,23.73,23.02,23.19,3738014
2007/8/27,sh.600600,23.34,24.71,23.27,24.69,9249090
2007/8/28,sh.600600,24.78,27.16,24.14,27.16,11572800
2007/8/29,sh.600600,26.91,28.95,25.35,27.35,10403361
2007/8/30,sh.600600,27.52,28.81,27.03,27.18,7368826
2007/8/31,sh.600600,27.22,28.32,27.20,27.78,6872889
2007/9/3,sh.600600,28.10,28.57,27.46,28.08,3687783
2007/9/4,sh.600600,28.08,28.08,26.40,26.57,8150868
2007/9/5,sh.600600,26.56,27.56,26.16,26.89,5128756
2007/9/6,sh.600600,26.89,27.46,26.72,27.37,3648865
2007/9/7,sh.600600,26.74,27.73,26.72,27.31,3309378
2007/9/10,sh.600600,27.04,27.52,25.36,27.22,2286157
2007/9/11,sh.600600,26.96,27.67,25.11,25.18,2713319
2007/9/12,sh.600600,25.20,26.27,24.22,25.21,2358932
2007/9/13,sh.600600,25.23,26.20,25.23,26.00,2226774
2007/9/14,sh.600600,26.01,28.59,25.67,28.59,7086108
2007/9/17,sh.600600,28.66,30.42,28.65,29.43,6039304
2007/9/18,sh.600600,29.68,30.20,28.97,29.27,2573848
2007/9/19,sh.600600,29.27,29.90,28.29,29.13,4052645
2007/9/20,sh.600600,28.89,30.18,28.85,29.68,3014444
2007/9/21,sh.600600,29.68,32.18,29.62,31.92,6156531
2007/9/24,sh.600600,31.76,33.51,30.30,32.05,3878547
2007/9/25,sh.600600,32.03,32.43,30.45,31.80,1756400
2007/9/26,sh.600600,31.49,34.57,31.45,33.75,3784309
2007/9/27,sh.600600,33.65,34.07,32.43,33.83,3164337
2007/9/28,sh.600600,33.83,35.34,33.83,34.84,1963183
2007/10/8,sh.600600,35.81,37.21,33.79,34.02,2566842
2007/10/9,sh.600600,33.80,34.18,31.87,33.23,3725496
2007/10/10,sh.600600,33.22,33.67,32.23,33.01,3268748
2007/10/11,sh.600600,33.00,33.00,31.07,31.39,5233308
2007/10/12,sh.600600,32.11,32.19,30.18,31.78,3852284
2007/10/15,sh.600600,31.79,32.35,30.55,31.79,3788346
2007/10/16,sh.600600,31.79,31.91,30.57,31.19,7627565
2007/10/17,sh.600600,31.70,31.91,30.70,30.82,3883746
2007/10/18,sh.600600,30.82,31.51,29.86,29.90,2398237
2007/10/19,sh.600600,29.82,30.34,29.02,29.78,2865519
2007/10/22,sh.600600,30.01,30.17,28.97,29.70,3450818
2007/10/23,sh.600600,30.17,30.17,27.36,28.35,4400861
2007/10/24,sh.600600,29.17,29.70,28.53,28.97,3711011
2007/10/25,sh.600600,29.03,29.37,27.69,28.54,4543941
2007/10/26,sh.600600,28.57,28.97,28.02,28.84,3050615
2007/10/29,sh.600600,29.31,29.31,28.01,28.97,1567831
2007/10/30,sh.600600,28.93,29.30,28.11,28.80,4116188
2007/10/31,sh.600600,29.21,30.58,28.97,30.54,4460068
2007/11/1,sh.600600,30.58,30.58,28.97,29.21,2848223
2007/11/2,sh.600600,28.73,28.73,26.95,27.19,4126067
2007/11/5,sh.600600,27.11,27.28,25.58,27.09,3774113
2007/11/6,sh.600600,27.12,27.12,25.83,26.49,2357582
2007/11/7,sh.600600,26.54,26.80,25.74,26.15,2892469
2007/11/8,sh.600600,26.20,26.23,23.74,23.79,3125595
2007/11/9,sh.600600,23.79,23.79,23.79,23.79,INVALID
2007/11/12,sh.600600,23.47,24.79,22.62,24.24,2679844
2007/11/13,sh.600600,24.40,25.75,24.40,24.69,2975304
2007/11/14,sh.600600,24.69,26.64,24.69,26.61,2965372
2007/11/15,sh.600600,26.61,26.72,25.76,26.24,3337862
2007/11/16,sh.600600,26.04,26.64,25.38,26.53,2022190
2007/11/19,sh.600600,26.49,27.36,26.40,26.97,1898971
2007/11/20,sh.600600,26.97,27.36,26.43,26.88,1130719
2007/11/21,sh.600600,26.62,27.16,25.91,25.96,1014431
2007/11/22,sh.600600,25.43,25.83,24.99,25.35,1031477
2007/11/23,sh.600600,25.35,26.24,24.47,26.21,617553
2007/11/26,sh.600600,26.25,27.04,25.96,26.90,1937983
2007/11/27,sh.600600,26.84,27.22,26.32,26.87,1675315
2007/11/28,sh.600600,26.95,27.28,26.40,26.88,1945483
2007/11/29,sh.600600,26.92,27.27,26.16,26.95,2095252
2007/11/30,sh.600600,26.99,27.04,26.37,26.90,1406902
2007/12/3,sh.600600,26.72,26.72,26.14,26.49,633477
2007/12/4,sh.600600,26.56,26.71,25.59,25.75,1458556
2007/12/5,sh.600600,25.75,26.80,25.61,26.75,801219
2007/12/6,sh.600600,26.76,26.93,26.48,26.59,969935
2007/12/7,sh.600600,26.64,27.89,26.48,27.64,1393102
2007/12/10,sh.600600,27.59,28.57,26.96,28.31,1400098
2007/12/11,sh.600600,28.33,29.38,28.02,29.27,2828388
2007/12/12,sh.600600,29.34,29.79,28.89,29.30,1749816
2007/12/13,sh.600600,29.28,29.28,27.67,27.69,1374236
2007/12/14,sh.600600,27.36,29.37,27.11,29.25,1568054
2007/12/17,sh.600600,29.44,30.82,28.57,28.79,6076618
2007/12/18,sh.600600,28.55,29.27,28.21,28.67,1152761
2007/12/19,sh.600600,28.97,29.94,28.82,29.76,2045005
2007/12/20,sh.600600,29.86,30.14,29.58,29.69,2170841
2007/12/21,sh.600600,29.58,29.98,29.21,29.67,2088148
2007/12/24,sh.600600,29.77,31.11,29.77,30.51,4587731
2007/12/25,sh.600600,30.58,30.99,30.24,30.66,3575861
2007/12/26,sh.600600,30.74,31.03,30.31,30.91,3187330
2007/12/27,sh.600600,30.91,30.91,30.91,30.91,INVALID
2007/12/28,sh.600600,30.91,31.88,30.74,31.50,2638265
2008/1/2,sh.600600,31.65,34.12,31.65,32.84,5533104
2008/1/3,sh.600600,33.36,34.20,32.43,32.64,11928677
2008/1/4,sh.600600,32.64,34.35,31.34,33.75,8491649
2008/1/7,sh.600600,33.76,33.96,33.00,33.89,8319012
2008/1/8,sh.600600,33.89,34.07,32.61,32.71,4695317
2008/1/9,sh.600600,32.19,33.04,32.15,33.03,2669758
2008/1/10,sh.600600,34.11,34.25,33.08,33.13,3362015
2008/1/11,sh.600600,33.00,33.00,32.19,32.47,2599590
2008/1/14,sh.600600,32.59,33.08,32.19,32.47,4830368
2008/1/15,sh.600600,32.20,32.83,31.76,31.93,4036848
2008/1/16,sh.600600,31.79,32.47,31.47,31.80,3341816
2008/1/17,sh.600600,31.71,32.11,29.50,30.66,3343292
2008/1/18,sh.600600,30.66,31.14,30.16,30.90,2120722
2008/1/21,sh.600600,31.03,31.15,29.21,29.61,2401683
2008/1/22,sh.600600,28.97,29.94,26.96,27.77,4812629
2008/1/23,sh.600600,28.57,29.78,27.12,29.75,4209653
2008/1/24,sh.600600,30.18,31.31,29.38,31.03,3481794
2008/1/25,sh.600600,30.96,31.07,30.18,30.36,1604891
2008/1/28,sh.600600,30.45,30.58,27.87,29.21,2183163
2008/1/29,sh.600600,29.21,29.68,28.25,29.17,859329
2008/1/30,sh.600600,29.25,29.60,28.41,29.32,1174666
2008/1/31,sh.600600,28.89,29.57,28.49,28.91,3287876
2008/2/1,sh.600600,28.77,29.66,28.06,28.59,1661543
2008/2/4,sh.600600,29.05,31.34,29.05,31.16,3148257
2008/2/5,sh.600600,30.58,31.16,30.04,30.53,1373640
2008/2/13,sh.600600,30.50,30.50,29.31,29.54,604800
2008/2/14,sh.600600,29.78,30.18,29.54,29.91,846983
2008/2/15,sh.600600,29.60,29.78,28.89,29.02,1075084
2008/2/18,sh.600600,29.21,29.90,29.14,29.80,1181902
2008/2/19,sh.600600,29.82,30.74,29.33,30.22,1108619
2008/2/20,sh.600600,30.30,30.74,29.30,29.38,1586185
2008/2/21,sh.600600,29.37,29.38,28.81,29.09,1265730
2008/2/22,sh.600600,28.88,28.88,27.77,28.14,1744979
2008/2/25,sh.600600,28.10,28.17,26.56,27.13,2674906
2008/2/26,sh.600600,27.36,28.10,25.36,26.52,1179758
2008/2/27,sh.600600,26.60,27.49,26.57,27.48,784597
2008/2/28,sh.600600,27.60,28.17,27.22,27.52,704987
2008/2/29,sh.600600,27.51,28.14,27.24,27.69,821547
2008/3/3,sh.600600,27.36,28.57,27.12,28.54,1695807
2008/3/4,sh.600600,28.76,28.76,28.18,28.57,2824065
2008/3/5,sh.600600,28.53,29.13,28.02,28.64,2568710
2008/3/6,sh.600600,28.65,29.13,28.17,28.94,2035252
2008/3/7,sh.600600,28.85,28.85,27.93,28.57,1457298
2008/3/10,sh.600600,28.01,28.09,26.24,26.56,1675980
2008/3/11,sh.600600,26.16,26.21,25.37,26.18,1539173
2008/3/12,sh.600600,26.72,26.96,24.79,24.85,1803083
2008/3/13,sh.600600,24.83,24.83,23.10,23.25,3065538
2008/3/14,sh.600600,22.94,24.31,22.94,23.70,1699226
2008/3/17,sh.600600,23.70,23.70,23.70,23.70,INVALID
2008/3/18,sh.600600,22.05,22.93,21.34,21.36,4514719
2008/3/19,sh.600600,21.66,22.13,20.35,20.84,12153745
2008/3/20,sh.600600,20.64,21.87,19.06,21.05,12643634
2008/3/21,sh.600600,21.24,22.92,21.23,22.49,7208860
2008/3/24,sh.600600,22.86,23.10,21.41,21.52,4045248
2008/3/25,sh.600600,20.81,21.88,20.37,21.71,3025592
2008/3/26,sh.600600,21.81,22.53,21.07,21.51,4427723
2008/3/27,sh.600600,21.17,21.17,20.28,20.36,4502989
2008/3/28,sh.600600,20.11,21.49,19.71,21.32,2857672
2008/3/31,sh.600600,21.65,21.89,19.56,20.60,1362107
2008/4/1,sh.600600,20.62,20.92,19.48,19.59,3742767
2008/4/2,sh.600600,19.59,19.59,19.59,19.59,INVALID
2008/4/3,sh.600600,18.53,19.48,18.43,19.45,5193669
2008/4/7,sh.600600,19.20,21.07,18.83,20.97,3576470
2008/4/8,sh.600600,21.01,21.25,20.66,21.19,2733079
2008/4/9,sh.600600,20.93,21.45,20.00,20.04,2464681
2008/4/10,sh.600600,19.85,20.36,19.49,20.27,1909573
2008/4/11,sh.600600,20.60,20.80,20.11,20.48,1679549
2008/4/14,sh.600600,20.10,20.10,19.15,19.16,2759877
2008/4/15,sh.600600,19.16,19.52,18.51,19.40,3052056
2008/4/16,sh.600600,18.91,19.47,18.83,19.06,2457910
2008/4/17,sh.600600,19.15,19.28,18.42,18.45,1573898
2008/4/18,sh.600600,18.43,18.43,17.27,17.57,3070283
2008/4/21,sh.600600,19.32,19.32,17.31,17.72,2918358
2008/4/22,sh.600600,16.12,18.23,16.12,18.02,1312626
2008/4/23,sh.600600,18.03,18.87,17.71,18.67,1195061
2008/4/24,sh.600600,20.36,20.54,19.81,20.54,7532539
2008/4/25,sh.600600,20.52,21.57,19.98,20.95,3927394
2008/4/28,sh.600600,20.95,21.31,20.44,20.94,1985502
2008/4/29,sh.600600,20.93,21.52,20.88,21.30,1443845
2008/4/30,sh.600600,21.52,22.57,21.52,22.57,3773539
2008/5/5,sh.600600,23.00,24.06,22.99,23.93,4961709
2008/5/6,sh.600600,23.74,24.10,22.94,23.52,3567885
2008/5/7,sh.600600,23.53,23.81,21.73,22.01,3675576
2008/5/8,sh.600600,21.50,23.16,21.45,22.99,2115019
2008/5/9,sh.600600,23.19,23.44,22.54,22.90,1981922
2008/5/12,sh.600600,22.66,23.73,21.97,23.27,2105913
2008/5/13,sh.600600,22.53,23.18,22.29,22.70,3064059
2008/5/14,sh.600600,22.53,24.55,22.49,24.32,4286650
2008/5/15,sh.600600,24.33,24.53,23.75,23.77,2650496
2008/5/16,sh.600600,23.73,23.98,23.02,23.23,1395755
2008/5/19,sh.600600,23.00,23.42,22.94,23.09,782049
2008/5/20,sh.600600,23.06,23.30,21.73,21.83,1653981
2008/5/21,sh.600600,21.79,22.62,20.68,22.30,1835496
2008/5/22,sh.600600,22.13,22.33,21.41,21.48,884479
2008/5/23,sh.600600,21.47,22.17,20.94,21.89,1591219
2008/5/26,sh.600600,21.62,21.73,21.21,21.32,778443
2008/5/27,sh.600600,21.07,21.32,20.35,20.39,3528891
2008/5/28,sh.600600,20.40,20.93,20.04,20.89,1921001
2008/5/29,sh.600600,20.76,20.81,19.96,20.17,2208897
2008/5/30,sh.600600,20.28,20.40,20.00,20.21,1609248
2008/6/2,sh.600600,20.25,20.80,20.20,20.40,1043582
2008/6/3,sh.600600,20.48,20.63,20.12,20.34,1170945
2008/6/4,sh.600600,20.44,20.52,19.73,20.08,1562986
2008/6/5,sh.600600,20.07,20.07,19.48,19.73,1210584
2008/6/6,sh.600600,19.73,20.04,19.65,19.87,958371
2008/6/10,sh.600600,19.87,19.87,19.87,19.87,INVALID
2008/6/11,sh.600600,17.88,18.41,17.88,18.07,4387484
2008/6/12,sh.600600,17.94,18.01,17.39,17.91,2099585
2008/6/13,sh.600600,17.91,17.92,16.72,17.05,2262930
2008/6/16,sh.600600,17.05,17.05,15.76,16.27,1785002
2008/6/17,sh.600600,16.26,16.58,15.73,15.97,1309829
2008/6/18,sh.600600,16.00,17.10,15.48,16.80,1934466
2008/6/19,sh.600600,16.66,16.66,15.13,15.61,1856006
2008/6/20,sh.600600,15.61,16.50,14.91,15.85,3057258
2008/6/23,sh.600600,15.76,16.10,14.95,15.17,1436882
2008/6/24,sh.600600,15.61,15.74,14.97,15.53,1948295
2008/6/25,sh.600600,15.37,17.07,15.22,16.97,3525734
2008/6/26,sh.600600,16.97,17.22,16.58,16.89,2348958
2008/6/27,sh.600600,16.10,16.34,15.29,15.89,1953381
2008/6/30,sh.600600,15.84,16.56,15.70,16.16,1571838
2008/7/1,sh.600600,16.02,16.22,15.52,15.81,1223503
2008/7/2,sh.600600,15.90,16.26,15.46,16.14,1508876
2008/7/3,sh.600600,16.02,17.73,15.69,17.48,3251301
2008/7/4,sh.600600,17.35,18.35,17.16,18.24,5225988
2008/7/7,sh.600600,18.21,19.32,18.21,18.91,6188489
2008/7/8,sh.600600,18.87,19.48,18.66,19.00,6645184
2008/7/9,sh.600600,19.06,19.60,18.93,19.13,5579316
2008/7/10,sh.600600,18.99,19.62,18.74,18.79,6834341
2008/7/11,sh.600600,18.62,19.29,18.12,18.74,2800533
2008/7/14,sh.600600,18.51,19.11,18.39,19.11,1677618
2008/7/15,sh.600600,19.30,19.56,18.79,19.31,3660192
2008/7/16,sh.600600,19.15,19.48,18.25,19.23,4951419
2008/7/17,sh.600600,19.41,20.20,19.07,19.19,5179587
2008/7/18,sh.600600,19.19,19.44,17.67,19.11,4470740
2008/7/21,sh.600600,18.96,19.66,18.35,19.61,4689456
2008/7/22,sh.600600,19.72,20.00,19.28,19.42,4085164
2008/7/23,sh.600600,19.73,19.88,18.88,19.16,3700743
2008/7/24,sh.600600,19.50,19.90,18.91,19.76,3966419
2008/7/25,sh.600600,19.50,20.55,19.11,20.35,5441568
2008/7/28,sh.600600,20.51,20.87,19.49,20.18,7814453
2008/7/29,sh.600600,19.65,19.77,19.15,19.57,2784866
2008/7/30,sh.600600,19.89,19.91,19.09,19.39,2693437
2008/7/31,sh.600600,19.11,19.56,19.11,19.22,5806240
2008/8/1,sh.600600,18.81,19.66,18.78,19.64,3835985
2008/8/4,sh.600600,19.63,19.89,19.26,19.46,2271095
2008/8/5,sh.600600,19.46,19.63,19.09,19.24,952804
2008/8/6,sh.600600,19.34,19.65,19.22,19.41,1526517
2008/8/7,sh.600600,19.66,20.30,19.43,20.26,6086877
2008/8/8,sh.600600,20.31,20.36,18.24,18.24,3837204
2008/8/11,sh.600600,17.87,17.87,16.56,16.67,4821598
2008/8/12,sh.600600,16.57,17.54,15.44,17.33,1584320
2008/8/13,sh.600600,17.05,17.46,16.68,17.16,1208363
2008/8/14,sh.600600,17.16,17.38,16.77,16.81,655500
2008/8/15,sh.600600,16.82,17.04,16.64,16.91,683290
2008/8/18,sh.600600,16.81,16.91,15.60,16.26,1913080
2008/8/19,sh.600600,15.92,16.45,15.92,16.22,663745
2008/8/20,sh.600600,16.22,17.42,15.76,17.37,2014088
2008/8/21,sh.600600,16.90,17.37,16.80,17.13,1467616
2008/8/22,sh.600600,17.53,17.53,16.86,17.20,1619561
2008/8/25,sh.600600,17.42,17.59,17.30,17.51,1047950
2008/8/26,sh.600600,16.88,17.33,16.25,16.57,1054149
2008/8/27,sh.600600,16.91,16.91,15.52,16.21,1479468
2008/8/28,sh.600600,16.25,16.41,15.85,16.18,314399
2008/8/29,sh.600600,16.20,16.68,16.12,16.58,1226805
2008/9/1,sh.600600,16.65,16.65,16.01,16.08,515139
2008/9/2,sh.600600,15.86,16.23,15.69,16.02,211450
2008/9/3,sh.600600,16.00,16.25,15.35,16.05,1533156
2008/9/4,sh.600600,16.04,16.04,14.44,14.55,5493131
2008/9/5,sh.600600,14.34,14.34,13.40,13.81,2700861
2008/9/8,sh.600600,13.81,13.85,13.40,13.66,1817631
2008/9/9,sh.600600,13.89,13.89,13.46,13.76,2568948
2008/9/10,sh.600600,13.73,13.85,12.96,13.66,4707612
2008/9/11,sh.600600,13.40,13.61,13.00,13.57,2479418
2008/9/12,sh.600600,13.57,13.84,13.40,13.69,732502
2008/9/16,sh.600600,13.60,13.86,13.00,13.57,1080807
2008/9/17,sh.600600,13.44,13.65,12.76,12.88,1160941
2008/9/18,sh.600600,12.83,12.89,11.84,12.81,1329980
2008/9/19,sh.600600,13.81,14.09,13.79,14.09,4319591
2008/9/22,sh.600600,14.78,15.34,13.57,14.00,5832836
2008/9/23,sh.600600,13.65,13.66,12.61,12.61,8089099
2008/9/24,sh.600600,11.99,12.56,11.70,12.31,3837407
2008/9/25,sh.600600,12.59,12.99,12.59,12.91,7507900
2008/9/26,sh.600600,13.28,13.97,13.26,13.67,5246439
2008/10/6,sh.600600,13.57,13.57,12.71,13.01,2113193
2008/10/7,sh.600600,12.51,13.44,12.17,13.32,2022787
2008/10/8,sh.600600,13.00,13.63,12.75,13.60,4776721
2008/10/9,sh.600600,13.73,13.93,13.32,13.40,2018677
2008/10/10,sh.600600,13.09,13.24,12.67,13.18,1362849
2008/10/13,sh.600600,13.16,13.32,12.78,13.32,2329251
2008/10/14,sh.600600,13.61,13.89,13.16,13.20,1429278
2008/10/15,sh.600600,13.00,13.48,12.87,13.27,1143750
2008/10/16,sh.600600,13.00,13.16,12.79,12.81,1301843
2008/10/17,sh.600600,13.00,13.13,12.59,12.88,482102
2008/10/20,sh.600600,12.88,13.22,12.71,13.20,692393
2008/10/21,sh.600600,13.24,13.48,13.21,13.23,745652
2008/10/22,sh.600600,13.00,13.45,12.88,13.32,1260182
2008/10/23,sh.600600,13.00,13.44,13.00,13.40,1839877
2008/10/24,sh.600600,13.40,13.50,13.32,13.48,670229
2008/10/27,sh.600600,13.40,13.40,12.59,12.88,1999062
2008/10/28,sh.600600,12.83,13.18,12.49,13.15,450202
2008/10/29,sh.600600,13.16,13.20,13.05,13.09,749720
2008/10/30,sh.600600,13.16,13.32,12.75,13.29,1087991
2008/10/31,sh.600600,13.29,13.81,12.92,13.31,1222901
2008/11/3,sh.600600,13.38,13.38,12.72,12.77,1044041
2008/11/4,sh.600600,12.78,13.00,12.59,12.89,735420
2008/11/5,sh.600600,12.89,13.19,12.80,13.16,892013
2008/11/6,sh.600600,12.87,13.19,12.83,13.15,722330
2008/11/7,sh.600600,13.00,13.24,12.88,13.22,605652
2008/11/10,sh.600600,13.50,13.89,12.92,13.84,8223844
2008/11/11,sh.600600,13.48,13.65,13.08,13.40,7435620
2008/11/12,sh.600600,13.15,13.61,13.12,13.34,4203303
2008/11/13,sh.600600,13.31,13.93,13.12,13.59,5948746
2008/11/14,sh.600600,13.57,14.93,13.57,14.77,5660328
2008/11/17,sh.600600,14.81,15.26,14.40,14.85,3675559
2008/11/18,sh.600600,14.76,14.87,13.82,13.99,3830002
2008/11/19,sh.600600,13.81,14.62,13.45,14.56,5093483
2008/11/20,sh.600600,14.20,15.43,14.06,14.46,5176034
2008/11/21,sh.600600,14.09,14.74,13.73,14.45,3801949
2008/11/24,sh.600600,14.47,15.15,14.42,14.48,4893250
2008/11/25,sh.600600,14.77,14.91,14.36,14.62,3326228
2008/11/26,sh.600600,14.69,14.69,14.24,14.34,1613400
2008/11/27,sh.600600,15.07,15.31,14.54,14.71,5412679
2008/11/28,sh.600600,14.74,14.83,13.99,14.21,3159814
2008/12/1,sh.600600,14.21,14.64,14.04,14.51,1833249
2008/12/2,sh.600600,14.24,15.15,14.22,15.11,5072288
2008/12/3,sh.600600,15.17,16.25,15.03,15.78,5052621
2008/12/4,sh.600600,15.99,16.40,15.76,15.78,3692076
2008/12/5,sh.600600,15.66,16.07,15.60,15.91,1092369
2008/12/8,sh.600600,15.91,16.98,15.91,16.55,2351818
2008/12/9,sh.600600,16.57,16.57,16.17,16.19,2236989
2008/12/10,sh.600600,16.17,16.49,15.92,16.41,2100173
2008/12/11,sh.600600,16.25,16.49,16.21,16.22,778989
2008/12/12,sh.600600,16.20,16.29,15.43,15.77,1629227
2008/12/15,sh.600600,16.01,16.17,15.61,15.73,365163
2008/12/16,sh.600600,15.73,15.96,15.21,15.93,963543
2008/12/17,sh.600600,15.96,16.30,15.84,16.15,809164
2008/12/18,sh.600600,16.25,16.31,16.08,16.22,777930
2008/12/19,sh.600600,16.73,16.91,16.25,16.60,1690055
2008/12/22,sh.600600,16.56,16.96,16.56,16.68,1356172
2008/12/23,sh.600600,16.73,16.83,16.25,16.29,1197869
2008/12/24,sh.600600,16.25,16.25,15.60,15.82,618085
2008/12/25,sh.600600,15.70,16.26,15.70,16.10,1156344
2008/12/26,sh.600600,16.25,16.29,15.93,16.16,710985
2008/12/29,sh.600600,16.17,16.21,15.61,16.19,429951
2008/12/30,sh.600600,16.17,16.51,15.93,16.17,701798
2008/12/31,sh.600600,16.18,16.43,15.95,16.24,1126161
2009/1/5,sh.600600,16.25,16.68,16.25,16.55,1069547
2009/1/6,sh.600600,16.65,16.67,16.25,16.66,1380701
2009/1/7,sh.600600,16.63,16.64,15.94,16.17,1995924
2009/1/8,sh.600600,15.86,16.00,15.77,15.78,1101518
2009/1/9,sh.600600,15.80,15.99,15.47,15.52,3049087
2009/1/12,sh.600600,15.59,15.60,15.34,15.40,3299685
2009/1/13,sh.600600,15.26,15.26,14.87,14.87,5264865
2009/1/14,sh.600600,14.89,15.26,14.62,14.95,5494323
2009/1/15,sh.600600,15.03,15.33,14.89,15.15,6572074
2009/1/16,sh.600600,15.19,15.67,15.05,15.34,5922982
2009/1/19,sh.600600,15.43,15.64,14.95,15.11,6460334
2009/1/20,sh.600600,15.13,15.26,14.94,15.11,3252913
2009/1/21,sh.600600,15.07,15.15,14.75,14.78,3389441
2009/1/22,sh.600600,14.80,14.93,14.61,14.91,4051017
2009/1/23,sh.600600,14.85,15.02,14.65,14.98,2384501
2009/2/2,sh.600600,15.11,15.56,15.00,15.47,4382311
2009/2/3,sh.600600,15.43,15.52,15.16,15.50,7980904
2009/2/4,sh.600600,15.47,15.50,15.27,15.43,6126912
2009/2/5,sh.600600,15.43,15.59,15.19,15.36,5540796
2009/2/6,sh.600600,15.37,16.06,15.37,16.01,8799497
2009/2/9,sh.600600,16.25,16.57,16.05,16.53,9649248
2009/2/10,sh.600600,16.49,16.49,16.10,16.37,4305020
2009/2/11,sh.600600,16.21,17.46,16.15,16.98,7974754
2009/2/12,sh.600600,16.98,17.95,16.81,17.71,10842652
2009/2/13,sh.600600,17.63,18.24,17.48,18.09,5769744
2009/2/16,sh.600600,18.36,18.40,17.69,17.94,3570733
2009/2/17,sh.600600,18.03,18.03,17.18,17.46,6579541
2009/2/18,sh.600600,17.06,17.71,16.98,17.14,5173557
2009/2/19,sh.600600,17.30,17.38,16.90,17.16,1776329
2009/2/20,sh.600600,17.16,17.73,16.94,17.61,2004039
2009/2/23,sh.600600,17.39,17.95,17.08,17.75,3881011
2009/2/24,sh.600600,17.68,17.68,16.53,16.73,5176262
2009/2/25,sh.600600,16.74,16.99,15.77,16.23,4019237
2009/2/26,sh.600600,16.12,16.61,15.43,15.60,4685261
2009/2/27,sh.600600,15.60,16.24,15.10,15.35,9910981
2009/3/2,sh.600600,15.42,15.83,15.42,15.76,2144113
2009/3/3,sh.600600,15.68,15.80,15.34,15.75,1567773
2009/3/4,sh.600600,15.76,16.45,15.66,16.41,3322275
2009/3/5,sh.600600,16.65,16.66,15.92,16.25,3470592
2009/3/6,sh.600600,16.12,16.35,15.92,16.17,3032855
2009/3/9,sh.600600,16.25,16.30,15.56,15.82,1295695
2009/3/10,sh.600600,15.80,16.25,15.52,16.07,2314746
2009/3/11,sh.600600,16.24,16.33,16.00,16.01,929075
2009/3/12,sh.600600,15.98,16.18,15.80,16.13,1724879
2009/3/13,sh.600600,16.25,16.37,16.13,16.27,2651301
2009/3/16,sh.600600,16.64,16.64,16.13,16.37,1069124
2009/3/17,sh.600600,16.56,16.65,16.26,16.59,3129593
2009/3/18,sh.600600,16.60,16.77,16.46,16.59,2803225
2009/3/19,sh.600600,16.64,16.89,16.57,16.81,1604399
2009/3/20,sh.600600,16.79,16.86,16.47,16.79,1961910
2009/3/23,sh.600600,16.74,17.04,16.65,16.99,2443810
2009/3/24,sh.600600,17.30,17.38,16.86,16.98,1979997
2009/3/25,sh.600600,16.90,16.90,16.41,16.46,1742110
2009/3/26,sh.600600,16.42,16.72,16.21,16.66,2189784
2009/3/27,sh.600600,16.90,16.94,16.58,16.68,2005876
2009/3/30,sh.600600,16.68,16.90,16.53,16.68,1114386
2009/3/31,sh.600600,16.56,16.77,16.29,16.73,1053816
2009/4/1,sh.600600,16.75,17.27,16.75,17.16,2519248
2009/4/2,sh.600600,17.18,17.75,17.18,17.32,2302391
2009/4/3,sh.600600,17.34,17.55,16.99,17.51,2851567
2009/4/7,sh.600600,17.51,17.68,17.33,17.55,1712229
2009/4/8,sh.600600,17.51,17.51,16.94,17.01,2289599
2009/4/9,sh.600600,16.99,18.34,16.85,18.28,9507115
2009/4/10,sh.600600,18.36,18.56,17.95,18.49,4973022
2009/4/13,sh.600600,18.40,19.11,18.40,18.82,6379074
2009/4/14,sh.600600,18.86,19.61,18.55,19.10,5361459
2009/4/15,sh.600600,18.93,20.43,18.93,19.76,4449265
2009/4/16,sh.600600,19.84,20.47,19.84,20.02,6794440
2009/4/17,sh.600600,19.50,20.76,19.50,20.55,6412753
2009/4/20,sh.600600,20.35,20.89,19.74,20.46,4250346
2009/4/21,sh.600600,20.22,20.66,19.62,20.22,3133917
2009/4/22,sh.600600,20.25,20.31,19.66,19.77,2205544
2009/4/23,sh.600600,19.64,19.94,19.51,19.92,1174684
2009/4/24,sh.600600,19.98,21.02,19.83,20.10,3140150
2009/4/27,sh.600600,20.10,20.15,19.24,19.34,5237440
2009/4/28,sh.600600,19.18,19.25,18.78,18.94,2276644
2009/4/29,sh.600600,18.93,19.74,18.76,19.43,2338558
2009/4/30,sh.600600,19.58,20.02,19.58,19.60,2841310
2009/5/4,sh.600600,19.90,20.33,19.71,20.06,3554095
2009/5/5,sh.600600,19.91,20.19,19.66,19.86,2516548
2009/5/6,sh.600600,19.83,20.23,19.66,20.22,2691056
2009/5/7,sh.600600,20.75,22.22,20.54,21.34,7437341
2009/5/8,sh.600600,20.96,21.53,20.32,20.84,3269528
2009/5/11,sh.600600,20.92,21.01,20.21,20.50,2857289
2009/5/12,sh.600600,20.47,20.70,20.23,20.44,2291488
2009/5/13,sh.600600,20.47,21.01,20.30,20.50,3240434
2009/5/14,sh.600600,20.47,20.47,19.89,20.25,3260528
2009/5/15,sh.600600,20.21,20.33,19.89,20.09,2855845
2009/5/18,sh.600600,20.05,20.30,19.82,20.19,2161148
2009/5/19,sh.600600,20.21,20.61,20.15,20.26,2726585
2009/5/20,sh.600600,20.39,20.39,19.98,20.00,1571426
2009/5/21,sh.600600,20.00,20.00,19.07,19.25,5231216
2009/5/22,sh.600600,19.17,19.58,19.02,19.21,2932446
2009/5/25,sh.600600,19.24,19.44,18.92,19.38,2387196
2009/5/26,sh.600600,19.47,19.82,19.47,19.55,1934001
2009/5/27,sh.600600,19.75,19.76,19.53,19.71,1550315
2009/6/1,sh.600600,19.76,19.97,19.67,19.94,2967478
2009/6/2,sh.600600,20.10,20.54,19.97,20.34,4264640
2009/6/3,sh.600600,20.39,20.44,20.17,20.36,2664146
2009/6/4,sh.600600,20.36,20.88,20.06,20.68,5290358
2009/6/5,sh.600600,21.12,21.12,20.47,20.98,5508001
2009/6/8,sh.600600,21.16,21.36,20.80,20.84,3917373
2009/6/9,sh.600600,20.80,21.81,20.26,21.78,7483794
2009/6/10,sh.600600,21.78,22.14,21.37,21.94,6108605
2009/6/11,sh.600600,21.93,22.03,21.23,21.67,3531930
2009/6/12,sh.600600,21.69,21.69,20.54,20.72,3860241
2009/6/15,sh.600600,20.72,21.45,20.71,21.19,2003352
2009/6/16,sh.600600,21.19,21.19,21.19,21.19,INVALID
2009/6/17,sh.600600,21.21,21.61,20.96,21.32,2286449
2009/6/18,sh.600600,21.21,21.58,21.19,21.54,2585513
2009/6/19,sh.600600,21.54,22.18,21.54,21.79,2670766
2009/6/22,sh.600600,21.83,22.62,21.83,22.04,3668288
2009/6/23,sh.600600,21.98,22.22,21.53,21.84,2542367
2009/6/24,sh.600600,21.84,22.22,21.62,22.12,1909849
2009/6/25,sh.600600,22.14,22.30,21.69,21.80,2429363
2009/6/26,sh.600600,21.92,21.92,21.49,21.57,2086688
2009/6/29,sh.600600,21.57,21.97,21.53,21.61,3052402
2009/6/30,sh.600600,21.81,22.04,21.53,21.60,2110604
2009/7/1,sh.600600,21.57,21.92,21.53,21.71,1814261
2009/7/2,sh.600600,21.84,22.12,21.69,22.00,3511713
2009/7/3,sh.600600,22.01,23.15,21.93,22.73,4477194
2009/7/6,sh.600600,22.73,22.74,22.07,22.51,7607510
2009/7/7,sh.600600,22.52,22.91,22.30,22.75,4654887
2009/7/8,sh.600600,22.66,23.06,22.44,22.71,2631954
2009/7/9,sh.600600,22.71,23.72,22.58,23.59,8326903
2009/7/10,sh.600600,23.76,24.21,23.72,23.82,3503479
2009/7/13,sh.600600,23.72,24.29,23.71,23.91,5139887
2009/7/14,sh.600600,24.21,24.34,23.64,24.00,6051894
2009/7/15,sh.600600,24.21,24.29,23.76,23.87,5069373
2009/7/16,sh.600600,23.96,23.96,23.31,23.52,5932542
2009/7/17,sh.600600,23.48,23.63,22.92,23.17,3655869
2009/7/20,sh.600600,23.26,23.38,23.11,23.31,8277254
2009/7/21,sh.600600,23.31,23.54,23.14,23.26,6034669
2009/7/22,sh.600600,23.15,23.36,22.98,23.28,4006238
2009/7/23,sh.600600,23.60,23.60,22.95,23.24,5801348
2009/7/24,sh.600600,23.36,23.44,23.03,23.26,5302637
2009/7/27,sh.600600,23.36,23.45,23.20,23.44,2867377
2009/7/28,sh.600600,23.45,23.63,23.27,23.44,5307183
2009/7/29,sh.600600,23.49,23.60,21.31,22.08,5953627
2009/7/30,sh.600600,22.08,22.62,21.80,22.27,3798153
2009/7/31,sh.600600,22.45,22.70,22.19,22.68,3718734
2009/8/3,sh.600600,22.70,22.85,22.54,22.81,4550717
2009/8/4,sh.600600,22.95,22.95,22.21,22.71,5911560
2009/8/5,sh.600600,22.67,23.50,22.45,23.48,7975111
2009/8/6,sh.600600,23.31,23.49,22.82,23.34,4902680
2009/8/7,sh.600600,23.52,23.76,23.09,23.54,8808385
2009/8/10,sh.600600,23.60,24.55,23.31,23.76,10891568
2009/8/11,sh.600600,23.81,24.58,23.61,24.44,9333545
2009/8/12,sh.600600,24.45,24.50,22.85,22.99,6806014
2009/8/13,sh.600600,22.86,23.20,22.30,23.05,4409622
2009/8/14,sh.600600,23.09,23.17,22.13,22.30,4276888
2009/8/17,sh.600600,22.13,22.62,21.35,21.67,4038173
2009/8/18,sh.600600,21.55,21.95,21.36,21.90,1912590
2009/8/19,sh.600600,21.90,22.55,21.72,22.26,5990171
2009/8/20,sh.600600,21.80,22.78,21.80,22.59,3710545
2009/8/21,sh.600600,22.54,22.94,22.11,22.78,3086335
2009/8/24,sh.600600,22.78,23.20,22.54,23.08,3465756
2009/8/25,sh.600600,23.08,24.16,22.78,23.16,5363519
2009/8/26,sh.600600,23.02,23.66,22.97,23.48,3567467
2009/8/27,sh.600600,23.49,24.19,23.21,24.02,5567361
2009/8/28,sh.600600,24.01,24.17,23.44,23.49,3559290
2009/8/31,sh.600600,23.27,23.27,22.35,22.53,4957974
2009/9/1,sh.600600,22.67,23.03,22.44,22.99,3205879
2009/9/2,sh.600600,22.85,23.15,22.58,22.93,2587476
2009/9/3,sh.600600,23.10,23.78,22.79,23.76,3044459
2009/9/4,sh.600600,23.88,23.99,23.58,23.63,2639223
2009/9/7,sh.600600,23.67,24.72,23.67,24.55,5950973
2009/9/8,sh.600600,24.55,25.12,24.17,24.84,3976933
2009/9/9,sh.600600,24.60,24.90,24.28,24.57,2260966
2009/9/10,sh.600600,24.57,24.57,23.77,24.22,1726887
2009/9/11,sh.600600,24.17,24.54,23.87,24.34,1504284
2009/9/14,sh.600600,24.49,24.79,24.16,24.74,1909811
2009/9/15,sh.600600,24.75,24.83,24.24,24.78,2401920
2009/9/16,sh.600600,24.51,24.83,23.93,23.94,3438354
2009/9/17,sh.600600,23.98,24.46,23.91,24.39,4301631
2009/9/18,sh.600600,24.37,25.08,23.91,24.49,4579736
2009/9/21,sh.600600,24.38,24.48,23.43,24.36,3607883
2009/9/22,sh.600600,24.13,25.12,24.08,24.78,5316323
2009/9/23,sh.600600,24.53,25.20,24.26,24.82,3555125
2009/9/24,sh.600600,24.87,24.87,23.97,24.00,2890360
2009/9/25,sh.600600,24.01,24.49,23.67,24.13,3737967
2009/9/28,sh.600600,24.17,24.38,22.96,23.43,1974171
2009/9/29,sh.600600,23.48,23.51,22.67,22.77,2691247
2009/9/30,sh.600600,22.95,24.67,22.95,24.11,4246545
2009/10/9,sh.600600,24.58,24.63,24.01,24.49,4260405
2009/10/12,sh.600600,25.13,25.65,24.44,24.53,7562725
2009/10/13,sh.600600,24.58,24.58,23.64,23.77,5866641
2009/10/14,sh.600600,23.36,24.05,23.36,23.56,9149397
2009/10/15,sh.600600,23.53,23.77,23.34,23.40,8453893
2009/10/16,sh.600600,23.35,23.50,22.92,23.19,7572914
2009/10/19,sh.600600,23.03,23.71,22.78,23.49,14431121
2009/10/20,sh.600600,23.42,24.30,23.25,24.27,13973152
2009/10/21,sh.600600,24.26,24.26,23.72,23.86,6258879
2009/10/22,sh.600600,23.76,23.91,23.48,23.86,4541987
2009/10/23,sh.600600,23.85,24.38,23.77,24.08,6526783
2009/10/26,sh.600600,24.14,24.99,23.94,24.84,9995557
2009/10/27,sh.600600,24.83,25.11,24.35,24.60,5688117
2009/10/28,sh.600600,24.58,25.49,24.50,25.37,7922493
2009/10/29,sh.600600,24.99,25.81,24.90,25.03,5979309
2009/10/30,sh.600600,25.49,26.71,25.49,26.33,10464395
2009/11/2,sh.600600,26.33,26.33,26.33,26.33,INVALID
2009/11/3,sh.600600,27.17,27.35,26.49,26.57,8135016
2009/11/4,sh.600600,26.47,28.76,26.47,28.44,8126808
2009/11/5,sh.600600,28.35,28.82,28.03,28.57,3409601
2009/11/6,sh.600600,28.59,29.38,27.95,28.09,5122851
2009/11/9,sh.600600,28.08,28.39,27.38,28.05,3108800
2009/11/10,sh.600600,28.03,28.88,28.03,28.41,4292060
2009/11/11,sh.600600,28.61,28.68,28.03,28.41,2438764
2009/11/12,sh.600600,28.41,29.62,28.39,28.72,6155792
2009/11/13,sh.600600,29.38,29.81,28.85,29.71,4913553
2009/11/16,sh.600600,29.99,30.24,29.28,29.48,6132870
2009/11/17,sh.600600,29.42,29.99,29.13,29.77,2654794
2009/11/18,sh.600600,29.91,29.91,29.34,29.50,2761913
2009/11/19,sh.600600,29.51,29.58,28.82,29.21,4973284
2009/11/20,sh.600600,29.21,29.53,28.93,29.00,3183755
2009/11/23,sh.600600,29.00,29.57,28.71,29.47,4818945
2009/11/24,sh.600600,29.49,29.75,28.68,29.04,4303288
2009/11/25,sh.600600,28.97,29.17,28.52,29.03,6781158
2009/11/26,sh.600600,29.02,29.30,28.56,28.62,3280844
2009/11/27,sh.600600,28.27,29.42,27.94,28.39,4984262
2009/11/30,sh.600600,28.56,29.71,28.39,29.49,3867355
2009/12/1,sh.600600,29.51,30.07,29.05,29.91,3599331
2009/12/2,sh.600600,29.99,30.47,29.50,30.16,2633555
2009/12/3,sh.600600,30.15,30.16,29.34,29.73,2082088
2009/12/4,sh.600600,29.88,29.89,28.52,29.15,3837778
2009/12/7,sh.600600,28.83,29.44,28.83,29.06,1858792
2009/12/8,sh.600600,29.06,29.65,28.76,29.45,1493882
2009/12/9,sh.600600,29.26,29.26,28.44,28.61,2525806
2009/12/10,sh.600600,28.68,29.03,28.68,28.98,1283045
2009/12/11,sh.600600,29.12,29.49,28.76,29.00,1868616
2009/12/14,sh.600600,28.96,29.13,28.52,29.01,2393794
2009/12/15,sh.600600,28.93,29.03,28.58,28.82,4059669
2009/12/16,sh.600600,28.68,29.07,28.61,29.00,1454811
2009/12/17,sh.600600,29.00,29.04,28.11,28.80,1653686
2009/12/18,sh.600600,28.68,28.68,27.35,27.44,2176370
2009/12/21,sh.600600,27.53,28.35,27.53,28.25,1637451
2009/12/22,sh.600600,28.25,28.53,27.62,28.19,1536321
2009/12/23,sh.600600,28.01,28.81,28.01,28.62,1322033
2009/12/24,sh.600600,28.68,29.30,28.68,28.98,3725142
2009/12/25,sh.600600,29.01,29.48,28.68,29.39,1443697
2009/12/28,sh.600600,29.45,29.63,29.10,29.48,2304743
2009/12/29,sh.600600,29.50,29.89,29.09,29.87,3154271
2009/12/30,sh.600600,29.79,30.21,29.26,29.99,3909574
2009/12/31,sh.600600,30.06,30.94,29.64,30.82,4038927
2010/1/4,sh.600600,30.81,30.97,29.89,30.25,2738285
2010/1/5,sh.600600,30.20,30.48,29.50,30.28,2734529
2010/1/6,sh.600600,30.07,30.32,29.58,29.70,1996479
2010/1/7,sh.600600,29.75,29.75,28.66,29.04,3234308
2010/1/8,sh.600600,29.04,29.31,28.50,29.28,2509121
2010/1/11,sh.600600,29.50,29.50,28.59,29.12,2180799
2010/1/12,sh.600600,28.76,29.58,28.62,29.52,2354346
2010/1/13,sh.600600,28.85,30.32,28.70,30.09,3855378
2010/1/14,sh.600600,30.09,30.83,29.99,30.64,3509462
2010/1/15,sh.600600,30.69,30.78,30.16,30.62,2115404
2010/1/18,sh.600600,30.61,31.96,30.61,31.49,3137968
2010/1/19,sh.600600,31.80,31.94,31.30,31.62,3217922
2010/1/20,sh.600600,31.80,31.87,30.32,30.36,2659055
2010/1/21,sh.600600,30.39,31.10,30.39,30.70,2345977
2010/1/22,sh.600600,30.60,30.60,28.68,29.39,4319228
2010/1/25,sh.600600,29.22,29.49,28.70,29.11,1742939
2010/1/26,sh.600600,29.30,29.36,27.80,27.98,2341047
2010/1/27,sh.600600,28.01,28.26,27.45,27.46,2699968
2010/1/28,sh.600600,27.46,28.52,27.45,28.17,2518279
2010/1/29,sh.600600,28.35,29.54,28.32,28.63,3662144
2010/2/1,sh.600600,28.67,29.09,27.86,28.39,1427814
2010/2/2,sh.600600,28.39,28.77,27.78,27.98,1389124
2010/2/3,sh.600600,27.86,28.35,27.41,27.96,1871291
2010/2/4,sh.600600,27.98,28.33,27.86,28.04,1273908
2010/2/5,sh.600600,27.83,27.85,27.12,27.79,2412525
2010/2/8,sh.600600,27.44,27.94,27.37,27.43,789838
2010/2/9,sh.600600,27.39,27.61,26.92,27.22,1450458
2010/2/10,sh.600600,27.36,27.94,27.36,27.87,1514717
2010/2/11,sh.600600,27.90,28.32,27.76,28.30,2629325
2010/2/12,sh.600600,28.26,28.94,28.11,28.94,1497752
2010/2/22,sh.600600,28.60,28.83,28.38,28.47,974927
2010/2/23,sh.600600,28.47,28.47,27.85,28.12,1825333
2010/2/24,sh.600600,28.11,28.76,27.99,28.57,1716496
2010/2/25,sh.600600,28.46,28.94,28.46,28.91,1412914
2010/2/26,sh.600600,28.91,29.30,28.68,28.91,1521841
2010/3/1,sh.600600,28.91,28.99,28.40,28.57,2753280
2010/3/2,sh.600600,28.60,28.68,28.44,28.46,1034088
2010/3/3,sh.600600,28.46,28.83,28.32,28.63,919476
2010/3/4,sh.600600,28.65,28.85,27.83,28.00,1420591
2010/3/5,sh.600600,28.01,28.27,27.78,28.10,584768
2010/3/8,sh.600600,28.11,28.39,27.96,28.37,1313973
2010/3/9,sh.600600,28.44,28.57,28.03,28.55,1196165
2010/3/10,sh.600600,28.56,28.59,28.26,28.54,1219460
2010/3/11,sh.600600,28.36,28.53,28.17,28.24,1586438
2010/3/12,sh.600600,28.27,28.34,27.60,27.86,1429019
2010/3/15,sh.600600,27.86,28.01,26.88,27.09,1521413
2010/3/16,sh.600600,27.04,27.21,26.80,26.94,1328160
2010/3/17,sh.600600,26.96,27.76,26.96,27.65,1448521
2010/3/18,sh.600600,27.66,27.74,27.37,27.53,1779279
2010/3/19,sh.600600,27.54,27.66,27.29,27.47,914352
2010/3/22,sh.600600,27.50,27.56,27.00,27.35,2644300
2010/3/23,sh.600600,27.37,27.43,27.04,27.14,1842554
2010/3/24,sh.600600,27.13,27.55,27.01,27.28,2053096
2010/3/25,sh.600600,27.32,27.32,26.80,27.03,1103046
2010/3/26,sh.600600,27.22,27.48,26.78,27.34,1740271
2010/3/29,sh.600600,27.32,27.72,27.20,27.54,6077845
2010/3/30,sh.600600,27.66,28.13,27.66,28.02,4078044
2010/3/31,sh.600600,28.30,28.30,27.71,27.93,1325157
2010/4/1,sh.600600,27.92,28.32,27.68,28.21,3015611
2010/4/2,sh.600600,28.28,28.52,27.86,28.01,3146645
2010/4/6,sh.600600,28.12,28.15,27.70,27.85,1821384
2010/4/7,sh.600600,27.96,28.26,27.72,28.25,2620056
2010/4/8,sh.600600,28.24,28.50,28.08,28.23,1914031
2010/4/9,sh.600600,28.11,28.93,27.86,28.75,4965187
2010/4/12,sh.600600,28.83,28.97,28.20,28.28,4019018
2010/4/13,sh.600600,28.29,28.73,27.94,28.57,2948630
2010/4/14,sh.600600,28.57,29.42,28.48,29.26,4750446
2010/4/15,sh.600600,29.26,29.62,28.97,29.28,3492026
2010/4/16,sh.600600,29.28,29.50,28.76,29.29,2147597
2010/4/19,sh.600600,29.26,29.28,28.66,28.98,4450116
2010/4/20,sh.600600,28.73,30.40,28.01,30.20,7106327
2010/4/21,sh.600600,30.24,31.62,30.22,31.01,8026380
2010/4/22,sh.600600,30.73,31.19,30.64,31.00,3558167
2010/4/23,sh.600600,31.07,31.45,30.49,31.28,4502226
2010/4/26,sh.600600,31.25,31.80,30.49,30.62,3502992
2010/4/27,sh.600600,30.17,30.53,29.16,29.66,3205283
2010/4/28,sh.600600,29.61,29.91,28.60,29.53,2179623
2010/4/29,sh.600600,29.58,29.93,28.44,29.00,1741444
2010/4/30,sh.600600,28.93,29.31,28.68,29.24,2890749
2010/5/4,sh.600600,28.99,30.47,28.68,29.92,3887528
2010/5/5,sh.600600,29.66,30.59,29.66,30.17,5806751
2010/5/6,sh.600600,30.16,30.31,29.23,29.29,2322368
2010/5/7,sh.600600,28.93,30.03,28.70,29.49,3772185
2010/5/10,sh.600600,29.12,29.66,28.67,29.61,1712584
2010/5/11,sh.600600,29.66,30.55,29.24,29.50,3105946
2010/5/12,sh.600600,29.32,29.32,27.58,28.68,3870421
2010/5/13,sh.600600,28.36,28.97,27.79,28.56,1828789
2010/5/14,sh.600600,28.44,29.09,28.19,29.07,2447555
2010/5/17,sh.600600,28.76,28.80,27.86,28.01,1294888
2010/5/18,sh.600600,27.84,28.58,27.80,28.00,1335564
2010/5/19,sh.600600,27.86,28.97,27.85,28.79,1635985
2010/5/20,sh.600600,28.67,29.17,27.53,27.99,2177574
2010/5/21,sh.600600,27.04,27.78,26.67,27.47,2347551
2010/5/24,sh.600600,27.62,28.35,27.62,28.14,2112386
2010/5/25,sh.600600,28.14,28.14,27.19,27.52,2068753
2010/5/26,sh.600600,27.49,27.49,26.88,27.06,2675115
2010/5/27,sh.600600,27.09,28.26,26.96,28.13,3622653
2010/5/28,sh.600600,28.15,28.75,28.14,28.32,2552137
2010/5/31,sh.600600,28.19,28.83,28.07,28.31,1889267
2010/6/1,sh.600600,28.11,28.76,27.88,28.61,2380811
2010/6/2,sh.600600,28.63,28.78,27.71,28.35,1849904
2010/6/3,sh.600600,28.60,28.68,28.11,28.36,2339691
2010/6/4,sh.600600,28.35,28.80,28.19,28.59,3651045
2010/6/7,sh.600600,28.07,29.34,27.94,29.16,6076546
2010/6/8,sh.600600,29.21,29.57,28.89,29.50,3935688
2010/6/9,sh.600600,29.62,29.79,29.30,29.79,5959098
2010/6/10,sh.600600,29.71,30.40,29.64,29.80,4295411
2010/6/11,sh.600600,30.30,30.98,29.60,29.76,5356277
2010/6/17,sh.600600,29.76,29.76,29.76,29.76,INVALID
2010/6/18,sh.600600,28.68,29.34,27.70,28.51,3777309
2010/6/21,sh.600600,28.27,28.56,27.62,28.54,2428021
2010/6/22,sh.600600,28.27,29.19,28.27,28.76,2411630
2010/6/23,sh.600600,28.76,29.06,28.35,28.55,2119488
2010/6/24,sh.600600,28.39,28.63,28.12,28.32,2542480
2010/6/25,sh.600600,28.44,28.44,27.70,27.93,3271533
2010/6/28,sh.600600,27.86,28.19,27.31,27.53,2633242
2010/6/29,sh.600600,27.58,27.62,26.43,26.62,4027518
2010/6/30,sh.600600,26.36,27.21,26.06,27.06,2718155
2010/7/1,sh.600600,27.08,27.12,26.08,26.21,2576027
2010/7/2,sh.600600,26.30,26.45,25.25,25.58,2678074
2010/7/5,sh.600600,25.40,25.50,24.47,24.99,2963524
2010/7/6,sh.600600,24.81,26.38,24.81,26.14,3436837
2010/7/7,sh.600600,26.09,26.59,25.81,25.97,6960387
2010/7/8,sh.600600,26.08,26.21,25.77,26.07,2613048
2010/7/9,sh.600600,25.95,27.22,25.95,26.78,8715965
2010/7/12,sh.600600,26.78,27.04,26.40,26.80,4065540
2010/7/13,sh.600600,26.80,26.80,26.09,26.19,3373634
2010/7/14,sh.600600,26.15,26.63,26.05,26.21,2629468
2010/7/15,sh.600600,26.22,26.36,25.57,25.73,2536921
2010/7/16,sh.600600,25.69,25.69,25.21,25.54,2542943
2010/7/19,sh.600600,25.52,26.05,25.25,26.00,1711554
2010/7/20,sh.600600,26.03,26.59,26.02,26.58,4597684
2010/7/21,sh.600600,26.58,27.12,26.22,26.39,5905257
2010/7/22,sh.600600,26.40,26.93,26.40,26.72,4726814
2010/7/23,sh.600600,26.70,26.92,26.64,26.76,3997524
2010/7/26,sh.600600,26.80,27.60,26.80,27.24,2969753
2010/7/27,sh.600600,27.37,28.70,27.30,28.38,7672377
2010/7/28,sh.600600,28.78,28.90,28.49,28.65,5211383
2010/7/29,sh.600600,28.65,28.65,28.02,28.40,2525704
2010/7/30,sh.600600,28.40,28.56,28.12,28.53,1274942
2010/8/2,sh.600600,28.65,29.20,28.40,28.95,2645946
2010/8/3,sh.600600,28.81,29.06,28.12,28.16,2296501
2010/8/4,sh.600600,28.16,28.53,27.81,28.16,2194969
2010/8/5,sh.600600,28.12,29.13,27.99,28.84,5468362
2010/8/6,sh.600600,28.72,29.28,28.66,29.23,4616007
2010/8/9,sh.600600,29.23,29.56,29.06,29.36,4501102
2010/8/10,sh.600600,29.46,29.50,27.97,28.19,4060643
2010/8/11,sh.600600,28.29,28.43,27.91,28.32,2486477
2010/8/12,sh.600600,28.12,28.44,27.97,28.41,2955073
2010/8/13,sh.600600,28.43,29.68,28.41,29.49,4990325
2010/8/16,sh.600600,29.48,29.68,29.09,29.66,3594494
2010/8/17,sh.600600,29.68,30.02,29.19,29.59,3141704
2010/8/18,sh.600600,29.59,29.80,29.39,29.45,3121363
2010/8/19,sh.600600,29.34,30.04,29.01,29.14,3490477
2010/8/20,sh.600600,29.06,29.06,28.42,28.51,2128336
2010/8/23,sh.600600,28.52,28.94,28.39,28.57,2599736
2010/8/24,sh.600600,28.56,28.86,28.07,28.83,2510741
2010/8/25,sh.600600,28.70,29.80,28.63,28.90,3134952
2010/8/26,sh.600600,28.84,29.19,28.72,28.88,1702318
2010/8/27,sh.600600,28.90,29.05,28.65,28.98,1185927
2010/8/30,sh.600600,29.02,30.23,29.02,30.18,6035284
2010/8/31,sh.600600,30.13,30.32,29.85,30.30,2823637
2010/9/1,sh.600600,30.21,30.57,29.61,30.27,3744077
2010/9/2,sh.600600,30.26,30.86,29.82,30.48,2807442
2010/9/3,sh.600600,30.63,30.71,30.13,30.67,2307440
2010/9/6,sh.600600,30.77,30.87,29.88,29.93,3785875
2010/9/7,sh.600600,30.21,30.40,29.64,29.88,2685514
2010/9/8,sh.600600,29.73,30.26,29.57,29.88,1862565
2010/9/9,sh.600600,29.87,30.58,29.54,30.26,4781048
2010/9/10,sh.600600,30.28,30.54,29.88,30.48,3573511
2010/9/13,sh.600600,30.54,31.27,30.54,31.21,3432883
2010/9/14,sh.600600,31.21,31.26,30.83,31.21,2847496
2010/9/15,sh.600600,31.12,31.12,30.26,30.32,2344342
2010/9/16,sh.600600,30.38,30.46,29.47,29.68,1937021
2010/9/17,sh.600600,29.64,31.52,29.64,31.32,4658902
2010/9/20,sh.600600,31.35,33.26,31.35,32.93,8346580
2010/9/21,sh.600600,32.90,32.92,31.94,32.32,2645258
2010/9/27,sh.600600,32.32,33.50,32.01,33.48,2940862
2010/9/28,sh.600600,33.39,33.63,33.02,33.35,3488447
2010/9/29,sh.600600,33.23,34.00,32.85,32.87,3194535
2010/9/30,sh.600600,32.60,32.85,31.61,32.76,9650103
2010/10/8,sh.600600,32.61,32.82,32.11,32.55,7135229
2010/10/11,sh.600600,32.51,32.51,30.69,31.30,23747203
2010/10/12,sh.600600,31.03,31.78,30.46,31.70,14282863
2010/10/13,sh.600600,31.37,31.37,30.13,30.44,12116768
2010/10/14,sh.600600,30.40,30.54,29.65,29.71,9738507
2010/10/15,sh.600600,29.80,30.21,29.23,29.37,8103777
2010/10/18,sh.600600,29.39,29.95,28.32,29.84,11023004
2010/10/19,sh.600600,29.62,30.36,29.33,30.09,5862350
2010/10/20,sh.600600,29.88,31.15,29.56,30.45,11010976
2010/10/21,sh.600600,30.67,30.79,29.52,29.66,8653180
2010/10/22,sh.600600,29.77,30.42,29.69,29.88,5486547
2010/10/25,sh.600600,30.26,30.79,30.13,30.51,10615163
2010/10/26,sh.600600,30.69,30.69,30.12,30.26,5195384
2010/10/27,sh.600600,30.27,30.53,29.84,29.92,4972074
2010/10/28,sh.600600,29.88,30.16,29.32,29.45,4501133
2010/10/29,sh.600600,29.64,29.71,28.99,29.70,5619388
2010/11/1,sh.600600,29.76,30.21,29.65,30.14,6816359
2010/11/2,sh.600600,30.15,30.15,29.44,29.47,7660508
2010/11/3,sh.600600,29.50,30.56,29.31,30.24,10098977
2010/11/4,sh.600600,30.31,30.44,29.83,30.12,7727756
2010/11/5,sh.600600,30.32,30.38,30.03,30.22,6442879
2010/11/8,sh.600600,30.41,30.69,30.21,30.46,7706006
2010/11/9,sh.600600,30.63,31.27,30.61,31.15,11291138
2010/11/10,sh.600600,31.16,32.29,30.71,31.32,14155560
2010/11/11,sh.600600,31.22,31.47,30.55,30.58,10385814
2010/11/12,sh.600600,30.52,30.68,28.57,28.73,7862600
2010/11/15,sh.600600,28.82,29.68,28.82,29.67,4492690
2010/11/16,sh.600600,29.79,29.85,28.65,29.12,4926832
2010/11/17,sh.600600,28.88,29.87,28.56,28.78,6699397
2010/11/18,sh.600600,28.64,28.98,27.99,28.71,3874276
2010/11/19,sh.600600,28.78,28.96,28.16,28.96,3133804
2010/11/22,sh.600600,28.72,29.39,28.58,29.14,3729045
2010/11/23,sh.600600,29.14,29.18,28.22,28.67,3313393
2010/11/24,sh.600600,28.59,29.82,28.40,29.76,5119691
2010/11/25,sh.600600,29.86,30.27,29.47,29.74,4782696
2010/11/26,sh.600600,29.80,30.07,29.39,29.95,4751111
2010/11/29,sh.600600,29.95,30.13,29.56,29.71,5264193
2010/11/30,sh.600600,29.72,29.84,28.24,29.07,6214151
2010/12/1,sh.600600,28.84,28.94,28.48,28.88,1812175
2010/12/2,sh.600600,28.98,29.37,28.57,28.70,2809682
2010/12/3,sh.600600,28.69,28.80,28.32,28.51,2020445
2010/12/6,sh.600600,28.59,28.73,27.87,28.04,2446205
2010/12/7,sh.600600,28.04,28.04,28.04,28.04,INVALID
2010/12/8,sh.600600,29.64,30.05,29.05,29.65,13780347
2010/12/9,sh.600600,29.51,29.88,29.05,29.33,5112207
2010/12/10,sh.600600,29.09,29.64,29.06,29.59,3014654
2010/12/13,sh.600600,29.50,30.22,29.46,30.07,6107110
2010/12/14,sh.600600,30.13,30.87,29.97,30.36,5435104
2010/12/15,sh.600600,30.35,31.00,30.02,30.11,4782558
2010/12/16,sh.600600,30.09,30.36,29.64,29.66,3337129
2010/12/17,sh.600600,29.56,29.80,29.52,29.60,2029490
2010/12/20,sh.600600,29.68,30.09,28.98,29.32,2648080
2010/12/21,sh.600600,29.27,30.19,29.27,30.05,3183619
2010/12/22,sh.600600,30.05,30.13,29.39,29.46,2692395
2010/12/23,sh.600600,29.43,29.43,28.57,28.64,4814910
2010/12/24,sh.600600,28.65,28.98,28.24,28.39,2404111
2010/12/27,sh.600600,28.44,28.79,27.83,28.21,3006454
2010/12/28,sh.600600,28.07,28.25,27.58,27.79,3261171
2010/12/29,sh.600600,27.51,27.81,27.41,27.73,2328782
2010/12/30,sh.600600,27.79,28.20,27.66,27.82,1939363
2010/12/31,sh.600600,27.82,28.66,27.82,28.55,2683083
2011/1/4,sh.600600,28.65,28.96,28.08,28.84,4335044
2011/1/5,sh.600600,28.81,28.81,28.08,28.31,5837224
2011/1/6,sh.600600,28.25,28.73,28.24,28.38,2392069
2011/1/7,sh.600600,28.57,28.99,28.40,28.86,4482403
2011/1/10,sh.600600,28.88,29.03,27.96,27.98,3405748
2011/1/11,sh.600600,27.83,28.11,27.41,27.87,1927058
2011/1/12,sh.600600,27.87,28.07,27.18,27.49,2102425
2011/1/13,sh.600600,27.58,27.74,27.26,27.69,2738982
2011/1/14,sh.600600,27.65,27.65,26.88,27.30,2316697
2011/1/17,sh.600600,27.17,27.30,26.16,26.35,1603111
2011/1/18,sh.600600,26.34,26.76,26.08,26.52,1088678
2011/1/19,sh.600600,26.56,26.82,26.34,26.62,1953789
2011/1/20,sh.600600,26.73,26.73,25.34,25.40,3745575
2011/1/21,sh.600600,25.32,25.84,25.09,25.19,2620873
2011/1/24,sh.600600,25.15,25.44,24.90,25.17,1252187
2011/1/25,sh.600600,25.23,25.36,25.19,25.29,840176
2011/1/26,sh.600600,25.32,25.77,25.32,25.69,2232494
2011/1/27,sh.600600,25.52,25.89,25.36,25.69,1263871
2011/1/28,sh.600600,25.69,25.85,25.52,25.67,1536627
2011/1/31,sh.600600,25.69,27.28,25.27,26.76,5548288
2011/2/1,sh.600600,26.54,27.21,26.34,27.00,3564378
2011/2/9,sh.600600,26.59,27.17,26.34,26.43,1882373
2011/2/10,sh.600600,26.43,26.60,26.09,26.58,2601687
2011/2/11,sh.600600,26.58,26.73,26.34,26.58,2424269
2011/2/14,sh.600600,26.62,27.31,26.57,27.22,3071877
2011/2/15,sh.600600,27.32,27.47,27.00,27.05,2999741
2011/2/16,sh.600600,27.08,27.09,26.63,26.90,3163534
2011/2/17,sh.600600,26.91,27.07,26.33,26.62,3611787
2011/2/18,sh.600600,26.62,26.62,26.62,26.62,INVALID
2011/2/21,sh.600600,26.81,26.99,26.32,26.96,6546939
2011/2/22,sh.600600,26.96,26.96,26.35,26.37,5869568
2011/2/23,sh.600600,26.34,26.72,26.34,26.53,2770788
2011/2/24,sh.600600,26.53,26.53,26.26,26.37,3854180
2011/2/25,sh.600600,26.49,26.54,26.16,26.40,5740694
2011/2/28,sh.600600,26.50,26.91,26.29,26.86,4974204
2011/3/1,sh.600600,26.86,27.27,26.77,27.03,4425355
2011/3/2,sh.600600,27.03,27.17,26.76,27.06,5102977
2011/3/3,sh.600600,27.16,27.32,26.72,26.73,4696701
2011/3/4,sh.600600,26.70,26.82,26.33,26.81,5475731
2011/3/7,sh.600600,26.81,27.14,26.79,27.09,4630119
2011/3/8,sh.600600,27.17,27.57,27.01,27.49,6322775
2011/3/9,sh.600600,27.58,27.62,27.25,27.41,3821818
2011/3/10,sh.600600,27.38,28.02,27.18,27.81,6413625
2011/3/11,sh.600600,27.65,28.63,27.58,28.21,6916159
2011/3/14,sh.600600,27.99,28.44,27.83,28.32,3846171
2011/3/15,sh.600600,28.31,28.31,27.17,27.89,4748845
2011/3/16,sh.600600,27.93,27.94,27.50,27.81,5312627
2011/3/17,sh.600600,27.59,28.02,27.32,27.99,3601673
2011/3/18,sh.600600,27.99,28.65,27.65,28.25,4690931
2011/3/21,sh.600600,28.35,28.48,27.55,27.58,4294592
2011/3/22,sh.600600,27.58,27.74,26.99,27.04,3593146
2011/3/23,sh.600600,27.07,27.20,26.84,27.17,3861384
2011/3/24,sh.600600,27.29,27.29,26.97,27.00,2873840
2011/3/25,sh.600600,27.13,27.16,26.82,27.03,4700281
2011/3/28,sh.600600,27.17,27.17,26.43,26.58,6708178
2011/3/29,sh.600600,26.51,26.51,26.08,26.34,6644257
2011/3/30,sh.600600,26.34,26.47,25.92,26.29,5472013
2011/3/31,sh.600600,26.30,26.34,25.69,25.78,6114747
2011/4/1,sh.600600,25.81,25.97,25.48,25.71,6438089
2011/4/6,sh.600600,25.67,26.10,25.60,26.03,5350250
2011/4/7,sh.600600,26.07,26.43,25.94,26.40,4616456
2011/4/8,sh.600600,26.44,26.87,26.22,26.83,6645578
2011/4/11,sh.600600,27.00,27.32,26.66,26.97,7007484
2011/4/12,sh.600600,27.00,27.22,26.77,26.99,4043136
2011/4/13,sh.600600,26.97,27.15,26.82,27.14,3235399
2011/4/14,sh.600600,27.15,27.29,27.00,27.18,4826585
2011/4/15,sh.600600,27.09,27.18,26.42,26.76,4327183
2011/4/18,sh.600600,26.67,26.67,26.16,26.47,3654922
2011/4/19,sh.600600,26.43,26.62,26.16,26.48,2550382
2011/4/20,sh.600600,26.43,26.63,26.35,26.41,2193964
2011/4/21,sh.600600,26.39,26.80,26.39,26.62,2167053
2011/4/22,sh.600600,26.68,26.98,26.59,26.91,2956699
2011/4/25,sh.600600,26.76,27.41,26.66,27.37,8136490
2011/4/26,sh.600600,27.63,28.35,27.63,27.98,15165800
2011/4/27,sh.600600,27.91,28.09,27.44,28.00,4860148
2011/4/28,sh.600600,28.00,28.00,27.13,27.14,3012392
2011/4/29,sh.600600,27.29,28.20,27.29,27.79,5112394
2011/5/3,sh.600600,27.94,28.39,27.70,28.27,6619945
2011/5/4,sh.600600,28.36,28.99,28.07,28.31,10476999
2011/5/5,sh.600600,28.16,28.86,28.08,28.85,6138402
2011/5/6,sh.600600,28.63,29.38,28.54,29.12,8023012
2011/5/9,sh.600600,29.06,29.19,28.74,29.04,5182239
2011/5/10,sh.600600,28.91,29.11,28.41,28.98,3857181
2011/5/11,sh.600600,28.92,28.92,28.44,28.58,3493564
2011/5/12,sh.600600,28.40,29.19,28.14,28.78,4760736
2011/5/13,sh.600600,28.80,29.05,28.33,28.81,1833104
2011/5/16,sh.600600,28.81,29.29,28.64,29.24,3140867
2011/5/17,sh.600600,29.02,29.46,28.47,28.57,4594240
2011/5/18,sh.600600,28.58,29.33,28.46,28.81,4359654
2011/5/19,sh.600600,28.94,29.68,28.90,29.34,6399054
2011/5/20,sh.600600,29.27,29.79,29.06,29.25,3971515
2011/5/23,sh.600600,29.39,29.69,27.94,28.07,6371294
2011/5/24,sh.600600,27.97,28.25,27.58,28.11,4925862
2011/5/25,sh.600600,28.07,28.16,27.58,27.74,2513582
2011/5/26,sh.600600,27.99,28.03,27.70,27.84,1461809
2011/5/27,sh.600600,27.96,28.24,27.67,27.96,2101845
2011/5/30,sh.600600,27.90,28.72,27.74,28.49,3090051
2011/5/31,sh.600600,28.48,29.25,28.36,28.50,3734013
2011/6/1,sh.600600,28.58,28.81,28.07,28.36,3083852
2011/6/2,sh.600600,28.06,28.40,27.83,28.23,4381432
2011/6/3,sh.600600,28.24,28.69,27.88,28.67,2631502
2011/6/7,sh.600600,28.47,28.94,28.38,28.81,2482313
2011/6/8,sh.600600,28.84,29.28,28.67,29.16,3696132
2011/6/9,sh.600600,29.15,29.25,28.73,28.82,2771092
2011/6/10,sh.600600,28.79,29.39,28.67,29.18,5962705
2011/6/13,sh.600600,28.96,28.96,27.92,28.20,3347154
2011/6/14,sh.600600,27.96,28.39,27.96,28.35,2926652
2011/6/15,sh.600600,28.35,28.39,27.93,28.05,2191787
2011/6/16,sh.600600,28.05,28.05,28.05,28.05,INVALID
2011/6/17,sh.600600,27.70,27.70,27.09,27.19,2931142
2011/6/20,sh.600600,27.14,27.44,26.72,27.22,3055473
2011/6/21,sh.600600,27.37,27.58,26.84,27.53,1766780
2011/6/22,sh.600600,27.55,27.99,27.32,27.70,1402388
2011/6/23,sh.600600,27.58,27.83,27.17,27.74,1356067
2011/6/24,sh.600600,27.74,28.53,27.48,28.39,2448616
2011/6/27,sh.600600,28.41,28.62,28.20,28.37,1316986
2011/6/28,sh.600600,28.32,28.53,28.16,28.31,1393881
2011/6/29,sh.600600,28.29,28.39,27.63,27.82,2143078
2011/6/30,sh.600600,27.51,28.28,27.51,28.11,2072820
2011/7/1,sh.600600,28.27,28.27,27.73,28.00,4861709
2011/7/4,sh.600600,28.09,28.99,27.99,28.84,3383421
2011/7/5,sh.600600,28.90,29.23,28.81,29.05,2592725
2011/7/6,sh.600600,29.05,29.11,28.73,29.09,2323172
2011/7/7,sh.600600,29.05,29.42,28.79,29.14,3390578
2011/7/8,sh.600600,29.14,29.38,28.81,29.12,1986773
2011/7/11,sh.600600,29.12,29.37,28.72,29.34,2424469
2011/7/12,sh.600600,28.93,29.42,28.78,28.84,2630682
2011/7/13,sh.600600,28.82,29.87,28.72,29.73,5702200
2011/7/14,sh.600600,29.60,30.38,29.47,30.16,4974928
2011/7/15,sh.600600,30.09,30.46,29.77,30.26,2710448
2011/7/18,sh.600600,30.21,30.98,30.09,30.62,6151969
2011/7/19,sh.600600,30.50,31.12,30.38,30.93,3729281
2011/7/20,sh.600600,30.91,31.94,30.87,31.11,7233129
2011/7/21,sh.600600,31.14,31.82,29.65,30.54,6961448
2011/7/22,sh.600600,30.71,31.53,30.22,31.09,4175922
2011/7/25,sh.600600,30.71,31.05,30.05,30.61,4786398
2011/7/26,sh.600600,30.57,30.68,29.92,30.26,2983265
2011/7/27,sh.600600,30.27,31.85,29.78,31.82,4325041
2011/7/28,sh.600600,31.45,31.77,31.13,31.33,3364238
2011/7/29,sh.600600,31.34,31.56,31.02,31.44,3571788
2011/8/1,sh.600600,31.44,31.49,30.87,30.90,2067381
2011/8/2,sh.600600,30.73,30.73,30.01,30.49,2428953
2011/8/3,sh.600600,30.11,30.90,30.04,30.77,2302672
2011/8/4,sh.600600,30.76,30.97,30.29,30.78,1357176
2011/8/5,sh.600600,29.96,30.65,29.45,30.57,1951393
2011/8/8,sh.600600,29.78,30.43,29.23,30.14,4163251
2011/8/9,sh.600600,29.78,31.44,29.29,30.86,5367203
2011/8/10,sh.600600,31.02,31.86,30.67,31.55,5950027
2011/8/11,sh.600600,31.26,32.35,31.11,32.13,5601071
2011/8/12,sh.600600,32.26,32.55,31.83,32.07,4634058
2011/8/15,sh.600600,31.68,32.74,31.68,31.97,5669004
2011/8/16,sh.600600,31.97,32.02,30.73,31.07,6315675
2011/8/17,sh.600600,30.98,31.25,30.53,30.66,4512478
2011/8/18,sh.600600,30.60,30.98,30.50,30.73,2058816
2011/8/19,sh.600600,30.53,30.61,29.72,30.58,4222627
2011/8/22,sh.600600,30.33,30.53,29.37,29.73,2964805
2011/8/23,sh.600600,29.73,30.03,29.70,30.00,1776821
2011/8/24,sh.600600,30.01,30.20,29.68,29.84,3166220
2011/8/25,sh.600600,29.73,30.28,29.26,29.86,3028463
2011/8/26,sh.600600,29.82,30.11,29.62,29.95,1928804
2011/8/29,sh.600600,29.95,30.08,29.43,30.00,1791027
2011/8/30,sh.600600,30.02,30.65,29.72,29.74,2063663
2011/8/31,sh.600600,29.77,30.08,29.31,29.58,2108828
2011/9/1,sh.600600,29.58,29.58,28.58,28.84,3040467
2011/9/2,sh.600600,28.84,28.91,28.09,28.27,1842112
2011/9/5,sh.600600,28.04,28.42,27.80,28.29,1638846
2011/9/6,sh.600600,28.09,28.55,28.06,28.28,2295538
2011/9/7,sh.600600,28.38,28.76,28.13,28.68,2330968
2011/9/8,sh.600600,28.68,28.95,28.55,28.62,1786971
2011/9/9,sh.600600,28.95,29.11,28.38,28.46,1841230
2011/9/13,sh.600600,28.29,28.95,27.64,28.12,1283395
2011/9/14,sh.600600,28.25,28.47,28.00,28.39,1558655
2011/9/15,sh.600600,28.52,28.52,28.25,28.35,589502
2011/9/16,sh.600600,28.46,28.60,28.29,28.41,610763
2011/9/19,sh.600600,28.42,28.59,27.80,28.21,583115
2011/9/20,sh.600600,28.08,28.29,27.92,28.04,801387
2011/9/21,sh.600600,27.89,28.55,27.86,28.29,1199031
2011/9/22,sh.600600,28.21,28.21,27.28,27.31,2749165
2011/9/23,sh.600600,26.89,27.17,26.19,26.55,4060022
2011/9/26,sh.600600,26.45,26.55,26.21,26.35,1452936
2011/9/27,sh.600600,26.56,26.93,26.23,26.88,2052857
2011/9/28,sh.600600,26.80,26.94,26.47,26.72,786469
2011/9/29,sh.600600,26.39,26.97,26.39,26.73,866440
2011/9/30,sh.600600,26.68,27.37,26.50,27.35,2454740
2011/10/10,sh.600600,27.13,27.77,26.85,27.54,1851968
2011/10/11,sh.600600,27.78,27.96,26.19,26.61,2951640
2011/10/12,sh.600600,26.61,27.18,26.15,27.09,2189897
2011/10/13,sh.600600,27.00,27.80,26.72,27.75,3018437
2011/10/14,sh.600600,27.75,28.04,27.39,27.97,1934508
2011/10/17,sh.600600,28.07,28.45,27.66,27.71,1672763
2011/10/18,sh.600600,27.71,28.21,27.15,27.23,2721715
2011/10/19,sh.600600,27.15,27.55,26.97,27.26,1194420
2011/10/20,sh.600600,26.90,27.28,26.47,26.99,955436
2011/10/21,sh.600600,26.72,27.38,26.72,27.16,1507802
2011/10/24,sh.600600,27.29,27.66,26.85,27.20,1421315
2011/10/25,sh.600600,27.03,28.54,27.03,28.29,2633048
2011/10/26,sh.600600,28.28,28.52,28.13,28.31,752530
2011/10/27,sh.600600,28.33,28.62,28.25,28.28,1146894
2011/10/28,sh.600600,28.13,28.52,27.43,27.76,7149077
2011/10/31,sh.600600,27.71,28.13,27.47,27.87,2932114
2011/11/1,sh.600600,27.60,27.99,27.57,27.62,2434604
2011/11/2,sh.600600,27.47,28.35,27.30,28.33,2256353
2011/11/3,sh.600600,28.29,28.45,27.99,28.17,2684712
2011/11/4,sh.600600,28.36,28.75,28.09,28.23,3804707
2011/11/7,sh.600600,28.21,29.03,28.13,28.76,3337844
2011/11/8,sh.600600,28.71,29.36,28.47,29.10,2407640
2011/11/9,sh.600600,29.27,29.54,28.96,29.48,2629855
2011/11/10,sh.600600,29.10,30.02,29.08,29.32,3395756
2011/11/11,sh.600600,29.45,29.88,29.10,29.67,1898765
2011/11/14,sh.600600,29.78,30.20,29.60,29.77,1409985
2011/11/15,sh.600600,29.66,29.89,29.54,29.56,1052109
2011/11/16,sh.600600,29.50,29.76,28.79,29.05,2528401
2011/11/17,sh.600600,29.12,29.34,29.04,29.08,753278
2011/11/18,sh.600600,28.87,29.34,28.51,28.97,1400525
2011/11/21,sh.600600,29.00,30.10,29.00,29.86,1401280
2011/11/22,sh.600600,29.77,30.16,29.61,30.13,1699390
2011/11/23,sh.600600,30.13,30.43,29.53,30.00,1105424
2011/11/24,sh.600600,29.70,30.61,29.70,30.08,1356456
2011/11/25,sh.600600,29.87,30.34,29.35,29.37,1643705
2011/11/28,sh.600600,29.45,30.16,29.08,30.08,1135896
2011/11/29,sh.600600,30.10,30.44,29.62,29.77,1765075
2011/11/30,sh.600600,29.65,29.85,28.85,29.43,1757566
2011/12/1,sh.600600,29.78,30.01,28.61,29.38,2894410
2011/12/2,sh.600600,29.12,29.64,28.96,29.43,1107629
2011/12/5,sh.600600,29.62,29.86,29.08,29.66,2389578
2011/12/6,sh.600600,29.62,29.78,28.63,28.95,1752988
2011/12/7,sh.600600,28.89,29.10,28.52,28.95,1466042
2011/12/8,sh.600600,28.79,29.24,28.60,28.84,1257307
2011/12/9,sh.600600,28.83,28.91,26.72,28.23,6442319
2011/12/12,sh.600600,27.80,27.82,27.15,27.29,2639508
2011/12/13,sh.600600,27.13,27.25,26.39,26.41,2501419
2011/12/14,sh.600600,25.80,27.28,25.80,26.99,1516501
2011/12/15,sh.600600,26.58,27.66,26.58,27.45,1059933
2011/12/16,sh.600600,27.38,27.71,27.05,27.44,1176164
2011/12/19,sh.600600,27.05,28.05,26.47,27.80,1489588
2011/12/20,sh.600600,27.66,28.08,27.55,27.86,1132648
2011/12/21,sh.600600,28.09,28.12,27.16,27.61,1472373
2011/12/22,sh.600600,27.44,27.67,27.30,27.43,892313
2011/12/23,sh.600600,27.32,28.04,27.24,27.83,1812275
2011/12/26,sh.600600,27.48,27.65,26.67,27.29,1968126
2011/12/27,sh.600600,27.42,27.42,26.47,26.95,1825093
2011/12/28,sh.600600,26.88,26.94,26.40,26.82,1321207
2011/12/29,sh.600600,26.50,27.21,26.50,27.02,857039
2011/12/30,sh.600600,27.01,27.86,27.01,27.70,3597479
2012/1/4,sh.600600,27.73,27.81,25.98,26.21,3916414
2012/1/5,sh.600600,26.23,26.46,25.31,25.56,2401805
2012/1/6,sh.600600,25.47,25.93,24.74,25.57,2088303
2012/1/9,sh.600600,25.65,26.14,24.65,26.13,3356058
2012/1/10,sh.600600,26.13,27.05,25.60,26.83,3217244
2012/1/11,sh.600600,26.80,27.01,26.58,26.80,1004841
2012/1/12,sh.600600,26.72,26.88,26.40,26.43,1285584
2012/1/13,sh.600600,26.70,26.71,25.81,26.16,1031213
2012/1/16,sh.600600,25.77,26.06,25.23,25.59,1856938
2012/1/17,sh.600600,25.49,26.83,25.23,26.50,2308595
2012/1/18,sh.600600,26.46,26.66,25.81,26.14,1330113
2012/1/19,sh.600600,26.34,26.80,25.92,26.54,1513240
2012/1/20,sh.600600,26.64,26.85,26.32,26.64,1328052
2012/1/30,sh.600600,26.39,27.09,26.39,26.79,1953072
2012/1/31,sh.600600,26.88,26.88,26.14,26.22,949610
2012/2/1,sh.600600,26.22,26.52,25.89,25.99,636746
2012/2/2,sh.600600,26.19,26.32,25.77,26.18,687976
2012/2/3,sh.600600,25.98,26.46,25.95,26.37,1211694
2012/2/6,sh.600600,26.47,26.53,26.13,26.20,1900517
2012/2/7,sh.600600,26.18,26.32,25.63,25.80,1565759
2012/2/8,sh.600600,25.80,26.24,25.23,26.03,2709222
2012/2/9,sh.600600,25.85,26.20,25.56,26.13,3641161
2012/2/10,sh.600600,25.94,26.08,25.78,26.03,3825803
2012/2/13,sh.600600,25.92,26.74,25.84,26.70,3819295
2012/2/14,sh.600600,26.70,26.87,26.24,26.52,2103912
2012/2/15,sh.600600,26.39,26.75,26.22,26.55,4205661
2012/2/16,sh.600600,26.58,27.47,26.56,27.42,7106773
2012/2/17,sh.600600,27.32,27.72,27.18,27.67,3289031
2012/2/20,sh.600600,27.79,27.79,27.09,27.19,2711203
2012/2/21,sh.600600,27.30,27.42,26.94,27.33,1114286
2012/2/22,sh.600600,27.26,27.45,27.03,27.44,3630278
2012/2/23,sh.600600,27.39,27.47,27.05,27.44,2270156
2012/2/24,sh.600600,27.38,27.49,27.11,27.42,3608565
2012/2/27,sh.600600,27.47,28.54,27.47,28.08,6915216
2012/2/28,sh.600600,28.07,28.47,27.84,28.18,3796805
2012/2/29,sh.600600,28.28,28.56,28.03,28.04,1832947
2012/3/1,sh.600600,27.90,28.15,27.90,27.95,1105171
2012/3/2,sh.600600,28.03,28.42,28.03,28.29,1144497
2012/3/5,sh.600600,28.38,28.38,27.95,28.13,1996673
2012/3/6,sh.600600,28.13,28.27,27.54,27.81,1736700
2012/3/7,sh.600600,27.62,27.94,27.31,27.42,2609392
2012/3/8,sh.600600,27.51,27.68,27.30,27.63,2419765
2012/3/9,sh.600600,27.63,28.33,27.62,28.10,2834391
2012/3/12,sh.600600,28.25,28.51,27.88,28.14,1936926
2012/3/13,sh.600600,28.13,28.78,28.13,28.75,2195307
2012/3/14,sh.600600,28.80,29.11,27.96,28.15,4211632
2012/3/15,sh.600600,28.19,28.95,28.15,28.16,3167984
2012/3/16,sh.600600,28.15,29.31,28.04,29.26,3932230
2012/3/19,sh.600600,29.19,29.81,28.81,29.05,3417903
2012/3/20,sh.600600,28.87,29.29,28.44,28.92,2114271
2012/3/21,sh.600600,28.98,29.20,28.76,28.95,2308556
2012/3/22,sh.600600,28.95,29.11,28.04,28.12,1719600
2012/3/23,sh.600600,28.07,28.11,27.74,27.95,1097457
2012/3/26,sh.600600,27.95,28.19,27.60,28.07,1020298
2012/3/27,sh.600600,28.10,28.41,28.07,28.19,1768324
2012/3/28,sh.600600,28.09,28.29,27.13,27.20,1207842
2012/3/29,sh.600600,27.22,27.51,27.05,27.36,1948386
2012/3/30,sh.600600,27.13,27.42,26.80,26.94,808443
2012/4/5,sh.600600,26.95,27.74,26.80,27.61,2346033
2012/4/6,sh.600600,27.45,27.71,27.38,27.56,1239879
2012/4/9,sh.600600,27.58,27.89,27.42,27.79,1048265
2012/4/10,sh.600600,27.79,28.38,27.56,28.31,1788544
2012/4/11,sh.600600,28.04,28.75,27.97,28.29,1839332
2012/4/12,sh.600600,28.28,28.79,28.18,28.70,1187829
2012/4/13,sh.600600,28.70,28.85,28.40,28.45,2306350
2012/4/16,sh.600600,28.46,28.83,28.28,28.70,5976296
2012/4/17,sh.600600,28.65,28.76,28.29,28.50,3355771
2012/4/18,sh.600600,28.67,28.78,28.46,28.62,3412918
2012/4/19,sh.600600,28.57,28.66,28.08,28.18,2167745
2012/4/20,sh.600600,28.18,28.50,28.03,28.47,2493717
2012/4/23,sh.600600,28.45,28.59,28.09,28.13,1252922
2012/4/24,sh.600600,28.33,28.79,27.88,28.14,3141091
2012/4/25,sh.600600,28.13,28.31,27.95,28.16,1511940
2012/4/26,sh.600600,28.17,28.28,28.00,28.04,1998656
2012/4/27,sh.600600,28.13,28.79,28.05,28.76,3022520
2012/5/2,sh.600600,28.95,29.23,28.81,29.17,2413014
2012/5/3,sh.600600,29.14,29.37,28.89,29.00,1462671
2012/5/4,sh.600600,29.04,29.80,28.89,29.77,2688427
2012/5/7,sh.600600,29.43,30.11,29.43,29.82,2207203
2012/5/8,sh.600600,29.81,30.08,29.53,29.87,2513497
2012/5/9,sh.600600,29.70,29.93,29.29,29.61,1932969
2012/5/10,sh.600600,29.74,30.52,29.50,30.39,2298349
2012/5/11,sh.600600,30.44,30.53,29.77,30.05,1373503
2012/5/14,sh.600600,29.88,30.13,29.53,29.77,2730542
2012/5/15,sh.600600,29.62,30.82,29.62,30.78,2497439
2012/5/16,sh.600600,30.61,30.80,30.24,30.49,1826712
2012/5/17,sh.600600,30.53,30.87,30.00,30.41,1984603
2012/5/18,sh.600600,30.44,30.44,29.37,29.86,3137788
2012/5/21,sh.600600,29.79,30.76,29.79,30.41,1131292
2012/5/22,sh.600600,30.40,30.73,29.80,30.73,3124990
2012/5/23,sh.600600,30.52,30.82,30.28,30.61,2290985
2012/5/24,sh.600600,30.76,30.76,30.28,30.52,1324668
2012/5/25,sh.600600,30.45,30.68,30.28,30.31,924401
2012/5/28,sh.600600,30.27,30.67,30.07,30.47,852073
2012/5/29,sh.600600,30.51,31.10,30.14,31.07,3391204
2012/5/30,sh.600600,30.98,31.07,30.66,30.97,1478933
2012/5/31,sh.600600,30.70,31.19,30.61,31.10,2764671
2012/6/1,sh.600600,31.01,31.27,30.70,30.92,1479388
2012/6/4,sh.600600,30.69,31.40,30.49,31.25,2626019
2012/6/5,sh.600600,31.18,32.20,31.18,31.70,2501116
2012/6/6,sh.600600,31.93,32.11,31.01,31.39,2093049
2012/6/7,sh.600600,31.54,32.13,31.06,31.92,4115665
2012/6/8,sh.600600,31.92,31.97,31.34,31.51,4081558
2012/6/11,sh.600600,31.42,31.93,31.20,31.92,3225758
2012/6/12,sh.600600,31.93,32.59,31.70,32.48,3283459
2012/6/13,sh.600600,32.43,33.67,32.24,33.50,8757595
2012/6/14,sh.600600,33.59,33.59,33.00,33.05,2532614
2012/6/15,sh.600600,33.05,33.34,32.63,33.28,5169261
2012/6/18,sh.600600,33.07,33.67,32.94,32.98,2404443
2012/6/19,sh.600600,32.43,32.55,31.25,32.22,10371599
2012/6/20,sh.600600,31.99,32.43,31.78,32.18,2387299
2012/6/21,sh.600600,32.11,32.14,31.52,32.10,3144201
2012/6/25,sh.600600,31.83,32.16,31.36,31.38,2805401
2012/6/26,sh.600600,31.19,31.68,30.56,30.57,1762456
2012/6/27,sh.600600,30.57,30.57,30.57,30.57,INVALID
2012/6/28,sh.600600,30.57,30.57,30.57,30.57,INVALID
2012/6/29,sh.600600,30.08,31.85,30.03,31.59,6230721
2012/7/2,sh.600600,31.68,31.68,30.77,31.44,5307162
2012/7/3,sh.600600,31.16,32.18,31.04,31.63,3679759
2012/7/4,sh.600600,31.50,32.25,31.50,32.02,2271547
2012/7/5,sh.600600,31.78,32.68,31.76,32.04,1719412
2012/7/6,sh.600600,31.89,32.79,31.87,32.62,2351473
2012/7/9,sh.600600,32.55,32.55,31.56,32.19,2303033
2012/7/10,sh.600600,32.03,32.43,31.93,32.04,1321823
2012/7/11,sh.600600,31.88,32.55,31.45,32.21,1686118
2012/7/12,sh.600600,32.19,32.35,31.62,32.20,2841880
2012/7/13,sh.600600,31.93,32.17,31.40,31.78,3014889
2012/7/16,sh.600600,31.68,31.79,30.87,31.20,1888005
2012/7/17,sh.600600,31.17,31.44,30.55,30.97,1349452
2012/7/18,sh.600600,30.97,30.97,29.81,30.44,2567285
2012/7/19,sh.600600,30.28,30.77,30.11,30.26,1041973
2012/7/20,sh.600600,30.25,30.71,29.95,30.24,1381270
2012/7/23,sh.600600,30.14,30.23,29.77,30.06,1400462
2012/7/24,sh.600600,30.17,30.20,29.95,30.05,1734068
2012/7/25,sh.600600,30.15,30.17,29.66,29.77,1410717
2012/7/26,sh.600600,29.94,30.17,29.75,29.97,1046898
2012/7/27,sh.600600,29.88,30.20,29.26,29.96,2013450
2012/7/30,sh.600600,29.84,30.04,29.68,29.92,952124
2012/7/31,sh.600600,29.92,30.33,29.92,30.23,1449397
2012/8/1,sh.600600,30.23,30.42,30.00,30.02,1338120
2012/8/2,sh.600600,29.83,29.92,28.17,28.83,6765961
2012/8/3,sh.600600,28.72,28.72,27.83,28.36,7978756
2012/8/6,sh.600600,28.12,28.58,27.59,28.46,6484377
2012/8/7,sh.600600,28.44,28.58,28.17,28.52,2951355
2012/8/8,sh.600600,28.52,28.73,28.30,28.33,1885857
2012/8/9,sh.600600,28.30,28.91,28.02,28.89,2491877
2012/8/10,sh.600600,28.90,29.44,28.62,29.09,2143361
2012/8/13,sh.600600,28.98,29.42,28.72,29.12,2171014
2012/8/14,sh.600600,29.23,29.23,28.58,28.90,1586164
2012/8/15,sh.600600,28.83,28.98,28.69,28.73,602464
2012/8/16,sh.600600,28.33,28.33,27.42,27.58,5726480
2012/8/17,sh.600600,27.60,27.83,27.00,27.45,2191412
2012/8/20,sh.600600,27.22,27.82,26.89,27.74,1275225
2012/8/21,sh.600600,27.71,27.96,27.37,27.76,928800
2012/8/22,sh.600600,27.76,27.96,27.07,27.42,1209604
2012/8/23,sh.600600,27.50,27.50,27.26,27.40,701504
2012/8/24,sh.600600,27.25,27.47,27.08,27.36,613196
2012/8/27,sh.600600,27.33,27.39,26.97,27.33,863404
2012/8/28,sh.600600,27.17,27.45,27.08,27.20,708214
2012/8/29,sh.600600,27.08,27.42,27.08,27.29,610240
2012/8/30,sh.600600,27.40,27.76,27.11,27.19,996699
2012/8/31,sh.600600,27.08,27.46,27.00,27.16,687897
2012/9/3,sh.600600,27.15,27.91,27.04,27.65,1363559
2012/9/4,sh.600600,27.57,27.67,27.38,27.51,909734
2012/9/5,sh.600600,27.52,27.88,27.50,27.77,1404340
2012/9/6,sh.600600,27.91,27.92,27.48,27.79,599786
2012/9/7,sh.600600,27.81,28.80,27.67,28.42,2140133
2012/9/10,sh.600600,28.42,28.62,28.17,28.21,1056700
2012/9/11,sh.600600,28.10,28.20,27.76,27.95,1227607
2012/9/12,sh.600600,28.16,28.42,27.92,28.03,807556
2012/9/13,sh.600600,28.03,28.04,27.37,27.38,1716651
2012/9/14,sh.600600,27.47,27.70,27.33,27.62,1299132
2012/9/17,sh.600600,27.69,27.69,26.97,27.16,1526024
2012/9/18,sh.600600,27.07,27.08,26.44,26.50,2823108
2012/9/19,sh.600600,26.57,26.58,26.25,26.49,1780172
2012/9/20,sh.600600,26.26,26.66,26.25,26.57,1162428
2012/9/21,sh.600600,26.44,26.88,26.30,26.62,933744
2012/9/24,sh.600600,26.35,26.81,26.30,26.76,1268363
2012/9/25,sh.600600,26.72,26.73,26.32,26.49,1517671
2012/9/26,sh.600600,26.57,26.58,26.04,26.20,1696519
2012/9/27,sh.600600,26.20,26.93,26.00,26.44,2337376
2012/9/28,sh.600600,26.32,27.23,26.31,27.08,2742205
2012/10/8,sh.600600,27.00,27.41,26.68,27.22,1752130
2012/10/9,sh.600600,27.43,27.82,27.33,27.49,2613972
2012/10/10,sh.600600,27.47,27.47,27.13,27.17,1513624
2012/10/11,sh.600600,27.08,27.60,26.89,27.46,1818189
2012/10/12,sh.600600,27.42,27.66,27.20,27.60,1226368
2012/10/15,sh.600600,27.63,27.72,27.22,27.59,1198856
2012/10/16,sh.600600,27.59,27.64,27.24,27.32,1161036
2012/10/17,sh.600600,27.42,27.42,26.97,26.98,1236721
2012/10/18,sh.600600,27.21,27.22,26.67,26.78,2169401
2012/10/19,sh.600600,26.82,26.88,26.48,26.58,1809894
2012/10/22,sh.600600,26.53,26.77,26.34,26.76,1724001
2012/10/23,sh.600600,26.81,26.92,26.45,26.51,1430369
2012/10/24,sh.600600,26.56,26.62,26.31,26.32,1387197
2012/10/25,sh.600600,26.32,26.52,26.07,26.31,1138633
2012/10/26,sh.600600,26.25,26.39,25.97,25.99,814693
2012/10/29,sh.600600,25.99,26.07,25.56,25.82,1411338
2012/10/30,sh.600600,25.82,25.98,25.27,25.57,2126162
2012/10/31,sh.600600,25.42,26.20,25.42,26.07,2938904
2012/11/1,sh.600600,26.07,26.72,25.87,26.67,2152879
2012/11/2,sh.600600,26.57,26.71,26.22,26.40,2459578
2012/11/5,sh.600600,26.17,26.62,26.16,26.46,1352448
2012/11/6,sh.600600,26.46,26.50,26.01,26.13,960686
2012/11/7,sh.600600,26.13,26.31,25.88,26.22,754594
2012/11/8,sh.600600,26.00,26.17,25.42,25.72,759387
2012/11/9,sh.600600,25.82,26.02,25.60,25.77,700599
2012/11/12,sh.600600,25.77,25.97,25.71,25.75,728125
2012/11/13,sh.600600,25.82,25.82,25.26,25.55,970684
2012/11/14,sh.600600,25.52,25.67,25.31,25.52,765607
2012/11/15,sh.600600,25.37,25.67,25.28,25.46,480647
2012/11/16,sh.600600,25.46,25.46,25.00,25.33,1281132
2012/11/19,sh.600600,25.33,25.33,24.82,25.06,1447643
2012/11/20,sh.600600,24.92,25.25,24.90,25.16,1002441
2012/11/21,sh.600600,25.16,25.45,24.83,25.17,1442357
2012/11/22,sh.600600,25.08,25.24,24.82,25.00,1274314
2012/11/23,sh.600600,25.14,25.50,25.08,25.49,829576
2012/11/26,sh.600600,25.49,25.67,25.32,25.34,560132
2012/11/27,sh.600600,25.27,25.34,25.14,25.22,678800
2012/11/28,sh.600600,25.22,25.37,23.86,24.41,2090066
2012/11/29,sh.600600,24.39,24.66,24.33,24.52,1435887
2012/11/30,sh.600600,24.63,24.96,24.39,24.92,1899026
2012/12/3,sh.600600,24.88,24.92,24.52,24.69,1210294
2012/12/4,sh.600600,24.71,24.96,23.96,24.79,2691664
2012/12/5,sh.600600,24.77,25.32,24.36,25.26,3752947
2012/12/6,sh.600600,25.26,25.36,24.92,25.17,1689817
2012/12/7,sh.600600,25.02,25.37,24.96,25.29,1984795
2012/12/10,sh.600600,25.29,25.47,25.04,25.32,2378170
2012/12/11,sh.600600,25.08,25.37,24.96,25.25,1165989
2012/12/12,sh.600600,25.32,25.45,25.17,25.43,1444267
2012/12/13,sh.600600,25.38,25.88,25.17,25.72,2346662
2012/12/14,sh.600600,25.70,26.62,25.52,26.52,2774783
2012/12/17,sh.600600,26.40,26.81,26.07,26.66,1801655
2012/12/18,sh.600600,26.67,26.83,26.42,26.61,1551876
2012/12/19,sh.600600,26.62,26.84,26.46,26.68,1852154
2012/12/20,sh.600600,26.67,26.87,26.03,26.44,2148455
2012/12/21,sh.600600,26.32,26.66,26.16,26.45,2656537
2012/12/24,sh.600600,26.59,26.66,26.25,26.32,2463877
2012/12/25,sh.600600,26.33,27.26,26.25,27.20,3783605
2012/12/26,sh.600600,27.12,27.49,26.94,27.42,3095187
2012/12/27,sh.600600,27.60,27.65,27.13,27.30,1764729
2012/12/28,sh.600600,27.29,27.66,27.10,27.26,2049529
2012/12/31,sh.600600,27.34,27.71,27.07,27.55,3707660
2013/1/4,sh.600600,27.56,27.80,27.34,27.65,1932775
2013/1/7,sh.600600,27.50,27.75,27.10,27.32,1358325
2013/1/8,sh.600600,27.32,27.92,27.17,27.75,1892452
2013/1/9,sh.600600,27.78,28.21,27.75,28.17,1807986
2013/1/10,sh.600600,28.00,28.29,27.67,27.75,1916307
2013/1/11,sh.600600,27.75,28.11,27.33,27.74,1150432
2013/1/14,sh.600600,27.74,28.32,27.67,28.25,1640738
2013/1/15,sh.600600,28.22,28.22,27.74,27.87,2435851
2013/1/16,sh.600600,27.91,28.09,27.45,27.94,2048206
2013/1/17,sh.600600,27.71,28.17,27.49,27.93,4364576
2013/1/18,sh.600600,27.91,28.62,27.58,28.53,3019570
2013/1/21,sh.600600,28.49,28.49,27.97,28.27,1870427
2013/1/22,sh.600600,28.12,28.12,27.73,27.94,1662694
2013/1/23,sh.600600,27.83,27.93,27.50,27.87,1301585
2013/1/24,sh.600600,27.78,27.99,27.33,27.77,2488303
2013/1/25,sh.600600,27.87,27.94,27.42,27.85,2207423
2013/1/28,sh.600600,27.86,27.92,27.26,27.71,3484068
2013/1/29,sh.600600,27.58,27.59,26.64,26.67,5406115
2013/1/30,sh.600600,26.67,27.16,26.42,27.06,3990775
2013/1/31,sh.600600,27.09,27.17,26.83,27.10,1167406
2013/2/1,sh.600600,26.96,27.49,26.61,27.35,4278851
2013/2/4,sh.600600,27.29,28.32,26.82,28.12,5422514
2013/2/5,sh.600600,27.93,29.32,27.92,28.82,7149371
2013/2/6,sh.600600,28.95,28.97,27.92,28.00,2198165
2013/2/7,sh.600600,28.16,28.47,28.02,28.35,1877702
2013/2/8,sh.600600,28.34,29.46,28.18,29.17,3076699
2013/2/18,sh.600600,29.18,29.74,28.70,29.32,3103947
2013/2/19,sh.600600,29.29,30.03,29.16,29.82,4328411
2013/2/20,sh.600600,29.87,30.33,29.59,30.25,2108906
2013/2/21,sh.600600,29.84,30.23,28.97,29.53,2483341
2013/2/22,sh.600600,29.58,29.99,29.37,29.71,2473975
2013/2/25,sh.600600,29.92,30.17,29.04,29.71,1967811
2013/2/26,sh.600600,29.48,29.62,28.58,29.01,2069521
2013/2/27,sh.600600,28.97,29.26,28.00,28.36,2106781
2013/2/28,sh.600600,28.33,29.17,28.04,29.12,2827235
2013/3/1,sh.600600,29.16,29.33,28.33,29.22,1679367
2013/3/4,sh.600600,29.18,30.12,28.97,29.30,2789270
2013/3/5,sh.600600,30.01,31.00,29.83,30.67,9438187
2013/3/6,sh.600600,30.67,31.08,30.27,30.93,3169037
2013/3/7,sh.600600,30.36,31.75,30.35,30.99,3186994
2013/3/8,sh.600600,30.99,31.05,30.51,30.85,883168
2013/3/11,sh.600600,30.67,30.67,30.13,30.32,436575
2013/3/12,sh.600600,30.19,31.12,29.92,30.04,2125337
2013/3/13,sh.600600,29.90,30.32,29.46,29.97,1362969
2013/3/14,sh.600600,29.62,30.15,29.42,29.84,792206
2013/3/15,sh.600600,29.75,30.58,29.63,29.95,1269817
2013/3/18,sh.600600,29.87,30.24,29.17,29.31,1549284
2013/3/19,sh.600600,29.31,29.57,29.17,29.37,1133620
2013/3/20,sh.600600,29.29,29.77,29.07,29.35,1452419
2013/3/21,sh.600600,29.42,30.11,29.32,29.82,3489222
2013/3/22,sh.600600,29.85,30.12,29.57,29.79,1335197
2013/3/25,sh.600600,29.92,30.37,29.73,30.01,2719753
2013/3/26,sh.600600,30.01,30.28,29.02,29.46,2602090
2013/3/27,sh.600600,29.42,30.24,29.19,30.22,2396620
2013/3/28,sh.600600,29.85,31.33,29.62,31.01,7485422
2013/3/29,sh.600600,30.83,31.19,30.50,30.72,2630873
2013/4/1,sh.600600,30.12,32.00,30.01,31.69,3284081
2013/4/2,sh.600600,31.57,31.67,30.60,31.32,3180591
2013/4/3,sh.600600,31.32,31.50,30.38,30.44,1575155
2013/4/8,sh.600600,30.25,31.46,30.02,31.24,2943063
2013/4/9,sh.600600,31.32,31.37,30.12,30.61,3672760
2013/4/10,sh.600600,30.32,31.57,30.32,31.12,4110166
2013/4/11,sh.600600,31.29,31.43,31.02,31.08,2344110
2013/4/12,sh.600600,30.91,31.05,30.35,30.66,2625303
2013/4/15,sh.600600,30.77,31.38,30.64,31.32,3553762
2013/4/16,sh.600600,31.39,32.08,30.92,31.10,4066167
2013/4/17,sh.600600,31.03,31.50,30.73,31.45,2136184
2013/4/18,sh.600600,31.33,32.03,31.12,31.75,2156826
2013/4/19,sh.600600,31.63,32.36,31.52,32.08,1956610
2013/4/22,sh.600600,32.15,32.45,31.59,32.30,1556613
2013/4/23,sh.600600,32.29,32.29,31.42,31.47,1585646
2013/4/24,sh.600600,31.49,32.14,31.47,31.82,1812851
2013/4/25,sh.600600,31.65,32.12,31.25,31.51,2801192
2013/4/26,sh.600600,31.97,31.98,30.83,31.48,2264961
2013/5/2,sh.600600,30.92,31.38,30.48,30.82,2723493
2013/5/3,sh.600600,30.79,31.41,30.75,31.14,1749094
2013/5/6,sh.600600,31.19,31.40,31.08,31.19,1549681
2013/5/7,sh.600600,30.94,31.50,30.94,31.31,1280840
2013/5/8,sh.600600,31.56,31.67,31.15,31.30,1869986
2013/5/9,sh.600600,31.17,31.57,30.75,30.97,1459562
2013/5/10,sh.600600,30.67,31.34,30.67,31.05,790822
2013/5/13,sh.600600,31.07,31.50,30.77,31.17,1055035
2013/5/14,sh.600600,30.92,31.25,30.05,30.17,2176588
2013/5/15,sh.600600,30.19,30.50,30.03,30.45,1217126
2013/5/16,sh.600600,30.42,30.74,30.09,30.50,952702
2013/5/17,sh.600600,30.42,31.73,30.30,31.62,3183107
2013/5/20,sh.600600,31.62,32.40,31.32,32.22,2636678
2013/5/21,sh.600600,32.23,32.51,32.05,32.22,2601064
2013/5/22,sh.600600,32.22,32.62,31.47,32.32,2763615
2013/5/23,sh.600600,31.92,32.45,31.48,31.92,1793859
2013/5/24,sh.600600,32.14,32.22,31.42,31.88,1202098
2013/5/27,sh.600600,31.72,32.08,31.54,32.01,1346034
2013/5/28,sh.600600,31.83,32.55,31.66,32.44,1574645
2013/5/29,sh.600600,32.48,33.29,32.37,33.22,4097042
2013/5/30,sh.600600,33.12,33.75,32.75,33.09,2054354
2013/5/31,sh.600600,33.14,33.32,32.33,32.42,1100788
2013/6/3,sh.600600,32.54,32.98,32.00,32.36,1968529
2013/6/4,sh.600600,32.17,32.51,31.88,32.27,1532720
2013/6/5,sh.600600,32.22,32.45,32.09,32.37,1179414
2013/6/6,sh.600600,32.37,32.92,32.07,32.28,1249285
2013/6/7,sh.600600,32.28,32.75,31.69,31.90,1689241
2013/6/13,sh.600600,31.51,31.67,30.67,31.37,2192992
2013/6/14,sh.600600,31.37,31.83,30.87,31.77,1748911
2013/6/17,sh.600600,31.84,32.04,31.37,31.44,1072609
2013/6/18,sh.600600,31.62,31.73,30.92,31.29,1346153
2013/6/19,sh.600600,31.29,32.43,30.66,32.17,2227622
2013/6/20,sh.600600,31.94,32.50,31.67,31.96,2304457
2013/6/21,sh.600600,31.75,31.75,31.11,31.66,2196059
2013/6/24,sh.600600,31.17,31.57,29.42,30.20,2693810
2013/6/25,sh.600600,29.17,30.49,28.76,30.42,3290611
2013/6/26,sh.600600,30.18,30.65,29.83,30.34,3149430
2013/6/27,sh.600600,30.50,30.77,30.07,30.48,2057855
2013/6/28,sh.600600,30.48,32.08,30.17,31.65,2931735
2013/7/1,sh.600600,31.62,32.57,31.25,32.46,2302931
2013/7/2,sh.600600,32.42,33.02,32.17,32.30,3320477
2013/7/3,sh.600600,32.17,32.71,31.87,32.39,2081331
2013/7/4,sh.600600,32.42,32.98,32.12,32.77,1744810
2013/7/5,sh.600600,32.82,33.14,32.52,32.58,896318
2013/7/8,sh.600600,32.50,33.05,31.87,32.85,1727810
2013/7/9,sh.600600,32.57,33.32,32.38,32.95,1631705
2013/7/10,sh.600600,32.73,33.17,32.58,32.97,1194765
2013/7/11,sh.600600,32.97,33.57,32.80,33.32,2428039
2013/7/12,sh.600600,33.25,33.79,32.93,33.13,2887543
2013/7/15,sh.600600,33.02,33.90,33.02,33.67,2700500
2013/7/16,sh.600600,33.55,33.77,33.37,33.46,1484848
2013/7/17,sh.600600,33.66,33.66,32.20,32.33,2006072
2013/7/18,sh.600600,32.22,32.82,31.77,32.63,1422469
2013/7/19,sh.600600,32.58,32.87,32.09,32.26,1444595
2013/7/22,sh.600600,32.11,32.92,31.98,32.87,749467
2013/7/23,sh.600600,32.96,33.66,32.63,33.50,1421014
2013/7/24,sh.600600,33.50,33.75,32.82,33.43,1616112
2013/7/25,sh.600600,33.32,36.77,33.32,35.17,5278101
2013/7/26,sh.600600,35.42,35.55,34.51,34.73,2225487
2013/7/29,sh.600600,34.64,35.47,34.03,35.17,2045635
2013/7/30,sh.600600,35.17,35.70,34.66,34.83,2122661
2013/7/31,sh.600600,34.84,35.41,34.24,34.32,1833468
2013/8/1,sh.600600,34.70,35.33,33.83,34.95,2416014
2013/8/2,sh.600600,35.17,35.38,34.71,35.29,1686569
2013/8/5,sh.600600,35.32,37.01,35.17,36.07,2359455
2013/8/6,sh.600600,36.07,36.30,35.59,35.82,2326135
2013/8/7,sh.600600,35.60,35.82,34.91,35.08,3184499
2013/8/8,sh.600600,35.27,36.17,35.10,35.87,1929895
2013/8/9,sh.600600,35.98,36.56,35.82,36.34,3329562
2013/8/12,sh.600600,36.70,37.17,36.35,37.13,3586485
2013/8/13,sh.600600,37.14,37.27,36.43,36.65,2338818
2013/8/14,sh.600600,36.85,37.14,36.15,36.23,2239344
2013/8/15,sh.600600,36.34,36.54,35.60,35.68,1978051
2013/8/16,sh.600600,35.88,37.84,34.51,34.55,2556653
2013/8/19,sh.600600,34.95,35.25,34.31,34.74,1692860
2013/8/20,sh.600600,34.76,35.29,34.32,34.49,2684261
2013/8/21,sh.600600,34.91,34.91,34.49,34.83,1179002
2013/8/22,sh.600600,34.83,35.17,34.08,34.53,2066462
2013/8/23,sh.600600,34.64,34.64,32.98,33.82,2089454
2013/8/26,sh.600600,33.82,34.48,33.42,34.37,1510388
2013/8/27,sh.600600,34.34,34.36,33.65,34.05,1886481
2013/8/28,sh.600600,33.86,34.12,33.03,33.77,1748263
2013/8/29,sh.600600,33.77,34.05,33.24,33.34,1325863
2013/8/30,sh.600600,34.00,34.53,33.48,33.78,3105294
2013/9/2,sh.600600,33.86,35.75,33.74,34.91,3008673
2013/9/3,sh.600600,35.31,35.33,34.85,34.91,1518634
2013/9/4,sh.600600,34.84,35.27,34.46,34.92,1774961
2013/9/5,sh.600600,35.00,35.35,34.21,35.25,2435713
2013/9/6,sh.600600,35.02,35.63,34.91,34.93,2356857
2013/9/9,sh.600600,34.82,35.63,34.24,35.47,1639132
2013/9/10,sh.600600,35.47,36.16,35.01,35.63,1824726
2013/9/11,sh.600600,35.98,36.11,35.15,35.29,1968736
2013/9/12,sh.600600,34.83,35.71,34.83,35.05,1318107
2013/9/13,sh.600600,35.33,35.49,34.74,35.02,1699158
2013/9/16,sh.600600,35.02,35.41,34.16,34.19,3546922
2013/9/17,sh.600600,34.19,34.48,33.90,34.30,1523946
2013/9/18,sh.600600,34.24,34.72,34.11,34.27,1146301
2013/9/23,sh.600600,34.19,34.86,33.90,34.21,1872520
2013/9/24,sh.600600,34.21,35.49,33.66,34.88,2705257
2013/9/25,sh.600600,34.74,35.67,34.66,35.42,2677483
2013/9/26,sh.600600,35.09,35.96,35.09,35.31,2504738
2013/9/27,sh.600600,35.00,37.07,35.00,36.54,4065120
2013/9/30,sh.600600,36.35,36.60,35.93,36.05,1094945
2013/10/8,sh.600600,35.84,36.17,35.59,35.88,1467413
2013/10/9,sh.600600,35.80,35.96,35.42,35.60,1346098
2013/10/10,sh.600600,35.48,36.17,35.24,35.25,3128296
2013/10/11,sh.600600,35.38,37.44,35.38,36.56,6261863
2013/10/14,sh.600600,36.75,40.22,36.75,39.43,11444340
2013/10/15,sh.600600,39.50,40.70,38.68,39.49,5183741
2013/10/16,sh.600600,39.38,40.54,38.70,39.45,4330380
2013/10/17,sh.600600,39.44,39.94,38.45,39.07,1844266
2013/10/18,sh.600600,38.93,40.47,38.40,39.47,2505949
2013/10/21,sh.600600,39.15,41.41,39.12,41.13,2253651
2013/10/22,sh.600600,41.10,41.31,39.83,40.02,2050681
2013/10/23,sh.600600,40.37,40.94,38.61,39.14,1732122
2013/10/24,sh.600600,39.11,39.64,38.33,38.87,1199881
2013/10/25,sh.600600,38.63,39.08,37.86,38.29,924537
2013/10/28,sh.600600,38.29,40.38,37.88,39.86,1949724
2013/10/29,sh.600600,39.86,40.46,38.29,39.65,2420762
2013/10/30,sh.600600,39.54,39.94,38.50,38.93,1572702
2013/10/31,sh.600600,38.70,38.84,37.86,38.27,3223686
2013/11/1,sh.600600,38.15,39.34,37.23,38.86,1955894
2013/11/4,sh.600600,38.87,39.09,37.67,38.35,1304966
2013/11/5,sh.600600,37.92,38.24,36.85,37.29,2572114
2013/11/6,sh.600600,37.02,37.29,36.11,36.29,2753729
2013/11/7,sh.600600,36.39,36.59,35.50,36.18,2457550
2013/11/8,sh.600600,35.96,36.28,35.85,36.08,554785
2013/11/11,sh.600600,35.76,36.80,35.76,36.23,1554446
2013/11/12,sh.600600,36.23,37.03,36.17,36.58,2355003
2013/11/13,sh.600600,35.82,36.48,35.69,35.99,2202254
2013/11/14,sh.600600,35.97,37.27,35.92,36.66,2988316
2013/11/15,sh.600600,36.60,38.24,36.60,37.66,3761678
2013/11/18,sh.600600,37.69,39.12,37.69,38.43,2250915
2013/11/19,sh.600600,38.43,38.84,37.57,37.91,1389912
2013/11/20,sh.600600,38.36,39.08,37.86,39.05,1312461
2013/11/21,sh.600600,38.95,39.12,38.55,39.02,1185782
2013/11/22,sh.600600,39.14,39.37,38.30,38.88,1174647
2013/11/25,sh.600600,38.29,38.87,36.17,37.51,1768226
2013/11/26,sh.600600,37.29,37.60,37.06,37.37,1213200
2013/11/27,sh.600600,37.19,37.89,37.19,37.66,1081062
2013/11/28,sh.600600,37.67,38.57,37.66,38.18,1259093
2013/11/29,sh.600600,38.24,38.24,37.86,38.17,726721
2013/12/2,sh.600600,38.12,38.24,36.54,36.83,1632032
2013/12/3,sh.600600,36.83,38.36,36.74,38.14,1328919
2013/12/4,sh.600600,37.90,38.56,37.52,37.96,2118913
2013/12/5,sh.600600,37.86,39.39,37.85,39.02,1069636
2013/12/6,sh.600600,38.83,39.12,38.50,38.88,559386
2013/12/9,sh.600600,38.87,39.12,38.72,39.06,1336914
2013/12/10,sh.600600,38.91,39.29,38.71,39.07,814528
2013/12/11,sh.600600,38.56,38.87,37.99,38.07,784581
2013/12/12,sh.600600,38.19,38.27,37.76,37.84,730817
2013/12/13,sh.600600,37.54,38.59,37.54,38.40,1108162
2013/12/16,sh.600600,38.29,39.75,38.28,39.13,2878273
2013/12/17,sh.600600,39.08,39.25,37.96,38.31,1884028
2013/12/18,sh.600600,38.07,38.51,37.65,37.73,1259457
2013/12/19,sh.600600,37.87,38.57,37.52,38.00,2046061
2013/12/20,sh.600600,37.87,38.35,37.53,37.82,2242911
2013/12/23,sh.600600,38.07,38.07,37.02,37.84,939862
2013/12/24,sh.600600,37.84,38.60,37.62,38.24,1602553
2013/12/25,sh.600600,38.44,39.96,38.07,39.87,2046540
2013/12/26,sh.600600,39.54,40.38,39.05,39.09,1613319
2013/12/27,sh.600600,39.09,40.28,38.97,39.87,1076589
2013/12/30,sh.600600,39.71,41.98,39.70,41.87,3309187
2013/12/31,sh.600600,41.45,41.71,40.87,41.18,2283288
2014/1/2,sh.600600,41.05,41.21,39.46,40.22,2592821
2014/1/3,sh.600600,40.04,40.70,39.55,40.04,1560755
2014/1/6,sh.600600,40.07,40.20,39.22,39.29,1860941
2014/1/7,sh.600600,39.10,39.67,38.26,39.13,2934457
2014/1/8,sh.600600,39.09,39.44,38.70,39.13,1800400
2014/1/9,sh.600600,38.95,39.60,38.18,38.23,3760966
2014/1/10,sh.600600,38.11,38.63,37.68,37.80,2071843
2014/1/13,sh.600600,37.89,38.43,37.02,37.43,3995546
2014/1/14,sh.600600,37.02,37.52,36.60,37.07,5494041
2014/1/15,sh.600600,37.01,37.60,36.65,37.00,2974737
2014/1/16,sh.600600,36.93,38.15,36.76,37.98,3260049
2014/1/17,sh.600600,37.85,37.85,36.57,36.96,2192639
2014/1/20,sh.600600,37.16,37.18,35.75,36.20,1861409
2014/1/21,sh.600600,36.33,36.76,35.96,36.27,1867852
2014/1/22,sh.600600,36.27,36.83,36.18,36.80,2126299
2014/1/23,sh.600600,36.67,36.93,36.60,36.63,2370889
2014/1/24,sh.600600,36.64,36.84,35.91,36.22,2325644
2014/1/27,sh.600600,36.09,36.17,34.66,35.33,3715611
2014/1/28,sh.600600,35.25,35.59,34.20,34.46,3777133
2014/1/29,sh.600600,34.24,35.31,33.86,33.95,4211690
2014/1/30,sh.600600,33.99,35.80,33.99,35.32,4024078
2014/2/7,sh.600600,34.91,35.64,34.64,35.27,1422484
2014/2/10,sh.600600,35.98,35.98,35.17,35.80,1748003
2014/2/11,sh.600600,35.71,36.60,35.43,36.52,1925556
2014/2/12,sh.600600,36.49,36.76,35.45,35.65,2071131
2014/2/13,sh.600600,35.74,36.39,35.14,35.29,2062120
2014/2/14,sh.600600,35.25,35.49,34.89,35.18,2087109
2014/2/17,sh.600600,35.63,35.63,33.98,34.92,8543835
2014/2/18,sh.600600,34.58,34.66,33.99,34.11,5049812
2014/2/19,sh.600600,34.24,34.35,33.87,34.10,4922533
2014/2/20,sh.600600,34.18,35.13,34.18,34.80,7545164
2014/2/21,sh.600600,34.79,35.07,34.19,34.32,2990511
2014/2/24,sh.600600,34.08,34.08,32.73,33.37,5633910
2014/2/25,sh.600600,33.39,33.72,32.81,33.64,3185371
2014/2/26,sh.600600,33.23,33.68,33.03,33.66,1583522
2014/2/27,sh.600600,33.67,33.74,32.96,33.32,1885413
2014/2/28,sh.600600,33.32,34.52,32.89,34.34,3257242
2014/3/3,sh.600600,34.34,34.66,33.84,34.50,2363626
2014/3/4,sh.600600,34.49,34.49,33.63,34.13,1611578
2014/3/5,sh.600600,34.11,34.12,32.94,33.48,2312289
2014/3/6,sh.600600,33.23,33.72,32.92,33.40,2372571
2014/3/7,sh.600600,33.31,34.64,33.31,34.27,2897718
2014/3/10,sh.600600,34.04,35.00,33.69,34.27,2521191
2014/3/11,sh.600600,34.48,35.59,34.07,35.33,3547694
2014/3/12,sh.600600,35.26,35.49,35.00,35.39,2433608
2014/3/13,sh.600600,35.30,35.56,34.90,35.19,2175861
2014/3/14,sh.600600,34.92,35.16,32.98,33.34,5444829
2014/3/17,sh.600600,33.40,33.50,32.89,33.26,4883557
2014/3/18,sh.600600,33.38,33.55,33.05,33.15,5356580
2014/3/19,sh.600600,33.05,33.05,32.23,32.62,4079953
2014/3/20,sh.600600,32.68,32.94,32.22,32.63,2884334
2014/3/21,sh.600600,32.26,33.05,32.24,32.96,2954017
2014/3/24,sh.600600,32.81,33.38,32.81,33.26,2697824
2014/3/25,sh.600600,33.22,33.43,32.98,33.33,1185142
2014/3/26,sh.600600,33.15,33.15,32.35,32.50,4567427
2014/3/27,sh.600600,32.44,32.46,31.88,31.95,2976724
2014/3/28,sh.600600,31.83,32.30,31.75,32.12,2137637
2014/3/31,sh.600600,32.25,32.46,31.99,32.15,1378317
2014/4/1,sh.600600,32.15,32.46,31.97,32.22,1779589
2014/4/2,sh.600600,32.39,32.64,32.21,32.56,2534572
2014/4/3,sh.600600,32.66,32.89,31.80,31.93,3480481
2014/4/4,sh.600600,31.92,32.47,31.87,32.46,2962484
2014/4/8,sh.600600,32.39,32.99,32.32,32.94,2570470
2014/4/9,sh.600600,32.94,33.64,32.94,33.19,1720031
2014/4/10,sh.600600,33.23,35.66,32.80,35.17,8276155
2014/4/11,sh.600600,35.08,36.24,34.17,34.44,6291589
2014/4/14,sh.600600,34.46,34.65,33.58,34.06,2651542
2014/4/15,sh.600600,33.64,34.11,33.46,34.08,2258959
2014/4/16,sh.600600,33.89,34.32,33.66,33.97,1768632
2014/4/17,sh.600600,33.99,34.42,33.67,34.03,1766883
2014/4/18,sh.600600,33.75,34.81,33.68,34.63,2383395
2014/4/21,sh.600600,34.27,34.59,33.66,33.72,1210907
2014/4/22,sh.600600,33.69,34.01,33.61,33.82,1221332
2014/4/23,sh.600600,33.72,33.94,33.64,33.76,1317419
2014/4/24,sh.600600,33.83,33.83,33.10,33.34,1585361
2014/4/25,sh.600600,33.60,33.60,32.60,32.71,1547676
2014/4/28,sh.600600,33.05,33.05,32.05,32.23,1352725
2014/4/29,sh.600600,32.43,33.52,32.20,33.18,973994
2014/4/30,sh.600600,33.33,34.03,33.23,33.75,3532202
2014/5/5,sh.600600,33.48,33.91,32.98,33.89,2429540
2014/5/6,sh.600600,33.89,34.03,33.13,33.41,2512886
2014/5/7,sh.600600,33.23,33.56,32.99,33.26,1122537
2014/5/8,sh.600600,33.10,33.65,33.10,33.61,1606537
2014/5/9,sh.600600,33.80,33.81,32.99,33.31,955058
2014/5/12,sh.600600,33.36,34.26,33.35,34.22,1865931
2014/5/13,sh.600600,34.23,34.48,34.08,34.25,1590049
2014/5/14,sh.600600,34.25,34.70,34.00,34.53,2872164
2014/5/15,sh.600600,34.54,34.57,33.30,33.57,1823255
2014/5/16,sh.600600,33.64,34.27,33.48,34.26,1469476
2014/5/19,sh.600600,34.49,35.04,33.74,34.74,3499493
2014/5/20,sh.600600,35.04,35.42,34.76,35.01,2903117
2014/5/21,sh.600600,34.91,35.98,34.69,35.92,4163220
2014/5/22,sh.600600,35.89,36.67,35.82,36.00,3119699
2014/5/23,sh.600600,35.79,36.39,35.75,36.33,2068022
2014/5/26,sh.600600,36.68,36.89,35.84,36.06,2302432
2014/5/27,sh.600600,36.11,36.13,35.28,35.43,2443773
2014/5/28,sh.600600,35.46,36.07,35.40,36.06,2411688
2014/5/29,sh.600600,36.16,36.33,35.42,35.43,1461988
2014/5/30,sh.600600,35.74,36.17,35.43,35.75,2146809
2014/6/3,sh.600600,35.67,36.07,35.17,35.38,2582742
2014/6/4,sh.600600,35.16,35.33,34.52,34.98,2863280
2014/6/5,sh.600600,34.75,35.05,34.49,35.00,1835382
2014/6/6,sh.600600,35.00,35.00,34.32,34.90,1300914
2014/6/9,sh.600600,34.98,35.52,34.79,35.03,2676548
2014/6/10,sh.600600,35.16,35.23,34.58,35.01,2391764
2014/6/11,sh.600600,35.00,35.36,34.75,35.32,3230733
2014/6/12,sh.600600,35.33,35.48,34.75,34.85,2192883
2014/6/13,sh.600600,34.77,34.99,34.05,34.34,7374640
2014/6/16,sh.600600,34.32,34.56,34.04,34.41,4227577
2014/6/17,sh.600600,34.16,34.48,34.00,34.07,2316159
2014/6/18,sh.600600,34.06,34.40,34.02,34.34,2505723
2014/6/19,sh.600600,34.31,34.31,33.70,33.90,1879800
2014/6/20,sh.600600,33.74,33.94,33.50,33.75,3171806
2014/6/23,sh.600600,33.78,34.07,33.54,33.66,2056019
2014/6/24,sh.600600,33.58,33.74,33.22,33.39,2078800
2014/6/25,sh.600600,33.31,33.82,33.15,33.65,2380920
2014/6/26,sh.600600,33.66,33.82,33.54,33.73,1156747
2014/6/27,sh.600600,33.65,33.77,33.32,33.65,1848099
2014/6/30,sh.600600,33.67,33.82,33.49,33.70,2980445
2014/7/1,sh.600600,33.71,33.83,33.31,33.43,2607557
2014/7/2,sh.600600,33.44,33.68,33.33,33.62,2259196
2014/7/3,sh.600600,33.57,33.73,33.31,33.44,2498937
2014/7/4,sh.600600,33.42,33.45,33.23,33.44,3126931
2014/7/7,sh.600600,33.45,33.54,33.22,33.49,1790284
2014/7/8,sh.600600,33.41,33.68,33.25,33.64,1394425
2014/7/9,sh.600600,33.65,33.72,32.49,32.81,4421485
2014/7/10,sh.600600,32.66,32.76,32.35,32.48,3340794
2014/7/11,sh.600600,32.52,32.84,32.27,32.77,2114081
2014/7/14,sh.600600,32.78,33.05,32.43,33.04,2067164
2014/7/15,sh.600600,32.98,33.64,32.82,33.46,3544859
2014/7/16,sh.600600,33.48,33.68,33.10,33.44,2642941
2014/7/17,sh.600600,33.37,33.52,33.07,33.49,1942936
2014/7/18,sh.600600,33.45,33.78,33.27,33.77,2369436
2014/7/21,sh.600600,33.74,33.86,33.48,33.63,1478123
2014/7/22,sh.600600,33.57,34.01,33.48,33.91,2317183
2014/7/23,sh.600600,33.91,34.06,33.74,33.81,1265024
2014/7/24,sh.600600,33.81,34.53,33.81,34.42,2896720
2014/7/25,sh.600600,34.43,34.64,33.89,34.44,2803072
2014/7/28,sh.600600,34.49,35.46,34.48,35.26,4942685
2014/7/29,sh.600600,35.30,35.46,35.01,35.40,3060743
2014/7/30,sh.600600,35.30,35.59,35.12,35.52,2095840
2014/7/31,sh.600600,35.66,35.66,34.90,35.50,2014223
2014/8/1,sh.600600,35.54,35.74,35.26,35.59,2865910
2014/8/4,sh.600600,35.50,36.06,35.42,35.96,2106174
2014/8/5,sh.600600,35.97,36.02,35.45,35.54,2464046
2014/8/6,sh.600600,35.29,35.61,35.12,35.60,2469009
2014/8/7,sh.600600,35.54,35.61,34.01,34.16,6698101
2014/8/8,sh.600600,34.27,34.29,34.02,34.28,2032177
2014/8/11,sh.600600,34.39,34.73,34.37,34.63,2158725
2014/8/12,sh.600600,34.63,34.64,34.09,34.29,2682915
2014/8/13,sh.600600,34.26,34.26,33.90,34.05,3145935
2014/8/14,sh.600600,34.06,34.09,33.85,34.06,2428845
2014/8/15,sh.600600,34.01,34.18,33.91,34.11,3128589
2014/8/18,sh.600600,34.12,34.32,34.01,34.16,4195494
2014/8/19,sh.600600,34.16,34.19,33.76,33.89,4866732
2014/8/20,sh.600600,33.84,34.06,33.72,34.02,2616358
2014/8/21,sh.600600,34.02,34.06,33.72,33.95,1727351
2014/8/22,sh.600600,33.93,33.95,33.57,33.88,5650778
2014/8/25,sh.600600,33.89,33.91,33.63,33.66,1532863
2014/8/26,sh.600600,33.68,33.74,32.93,33.13,2792311
2014/8/27,sh.600600,33.01,33.38,32.99,33.10,2140774
2014/8/28,sh.600600,33.05,33.10,32.78,32.88,2333480
2014/8/29,sh.600600,33.16,34.01,33.16,33.73,3501621
2014/9/1,sh.600600,33.93,34.06,33.59,33.84,2207195
2014/9/2,sh.600600,33.89,34.06,33.61,34.03,2247358
2014/9/3,sh.600600,34.05,34.30,33.95,34.23,3979299
2014/9/4,sh.600600,34.34,34.48,34.16,34.35,3040189
2014/9/5,sh.600600,34.48,34.68,34.48,34.61,2722035
2014/9/9,sh.600600,34.69,34.72,34.44,34.49,1940941
2014/9/10,sh.600600,34.49,34.49,34.10,34.29,1644612
2014/9/11,sh.600600,34.27,34.44,33.88,33.93,2899772
2014/9/12,sh.600600,33.86,34.06,33.78,34.05,1987078
2014/9/15,sh.600600,33.92,34.09,33.50,33.71,4553048
2014/9/16,sh.600600,33.59,33.72,33.46,33.50,3594788
2014/9/17,sh.600600,33.66,33.67,33.22,33.62,2587338
2014/9/18,sh.600600,33.50,33.74,33.36,33.57,2573624
2014/9/19,sh.600600,33.57,33.62,33.21,33.57,2880795
2014/9/22,sh.600600,33.46,33.47,33.10,33.19,2253912
2014/9/23,sh.600600,33.20,33.41,33.16,33.32,1448875
2014/9/24,sh.600600,33.24,33.64,33.12,33.61,2873125
2014/9/25,sh.600600,33.61,33.76,33.33,33.44,3041230
2014/9/26,sh.600600,33.39,33.49,33.08,33.16,3248077
2014/9/29,sh.600600,33.30,33.41,33.04,33.22,3229564
2014/9/30,sh.600600,33.23,33.27,33.08,33.27,3177510
2014/10/8,sh.600600,33.32,33.72,33.17,33.63,5634522
2014/10/9,sh.600600,33.68,34.06,33.59,33.87,4089630
2014/10/10,sh.600600,33.76,33.85,33.21,33.43,5030894
2014/10/13,sh.600600,33.38,33.38,32.82,33.10,3937021
2014/10/14,sh.600600,33.04,33.18,32.91,32.97,3081090
2014/10/15,sh.600600,32.95,33.15,32.83,33.14,1682830
2014/10/16,sh.600600,33.01,33.27,32.93,33.06,2477406
2014/10/17,sh.600600,33.06,33.33,32.92,33.26,3284183
2014/10/20,sh.600600,33.27,33.54,33.25,33.43,2584873
2014/10/21,sh.600600,33.49,33.49,33.02,33.12,2009735
2014/10/22,sh.600600,33.07,33.22,32.99,32.99,1608752
2014/10/23,sh.600600,32.95,33.11,32.37,32.52,2796003
2014/10/24,sh.600600,32.55,32.61,32.31,32.47,1559289
2014/10/27,sh.600600,32.33,32.36,31.70,31.79,3036137
2014/10/28,sh.600600,31.90,32.34,31.82,32.30,2481055
2014/10/29,sh.600600,32.39,32.79,32.17,32.77,3639830
2014/10/30,sh.600600,32.72,33.20,32.47,33.12,5557554
2014/10/31,sh.600600,32.98,33.38,32.70,33.10,3559285
2014/11/3,sh.600600,33.10,33.10,32.40,32.68,5400797
2014/11/4,sh.600600,32.63,32.63,32.25,32.43,5475539
2014/11/5,sh.600600,32.43,32.48,32.14,32.24,2471155
2014/11/6,sh.600600,32.36,32.75,32.00,32.52,2576646
2014/11/7,sh.600600,32.46,32.83,32.46,32.59,3746947
2014/11/10,sh.600600,32.74,33.04,32.49,32.98,4151070
2014/11/11,sh.600600,32.98,33.42,32.66,33.06,5512799
2014/11/12,sh.600600,32.96,33.32,32.78,33.26,3720208
2014/11/13,sh.600600,33.32,33.34,33.04,33.25,3087053
2014/11/14,sh.600600,33.26,33.76,33.26,33.73,4998238
2014/11/17,sh.600600,34.77,34.78,33.44,33.45,5549057
2014/11/18,sh.600600,33.36,33.36,32.74,33.04,3797503
2014/11/19,sh.600600,33.10,33.18,32.70,32.77,2161726
2014/11/20,sh.600600,32.70,32.85,32.49,32.76,1500527
2014/11/21,sh.600600,32.76,32.89,32.48,32.78,2301996
2014/11/24,sh.600600,32.91,33.16,32.66,33.04,4180788
2014/11/25,sh.600600,33.00,33.54,32.92,33.49,5275955
2014/11/26,sh.600600,33.54,33.76,33.40,33.66,4151523
2014/11/27,sh.600600,33.76,33.78,33.25,33.49,4476888
2014/11/28,sh.600600,33.42,33.44,33.00,33.29,3800457
2014/12/1,sh.600600,33.19,33.58,33.15,33.47,3968422
2014/12/2,sh.600600,33.49,34.47,33.42,34.23,8031764
2014/12/3,sh.600600,34.23,35.46,34.10,35.29,11296891
2014/12/4,sh.600600,35.20,35.70,35.03,35.55,5046974
2014/12/5,sh.600600,35.64,36.23,34.58,35.12,5885825
2014/12/8,sh.600600,35.09,35.65,34.40,35.54,5316704
2014/12/9,sh.600600,35.46,36.38,35.14,35.54,9916271
2014/12/10,sh.600600,35.54,37.36,33.66,36.94,10449457
2014/12/11,sh.600600,36.40,36.40,35.59,35.76,4732393
2014/12/12,sh.600600,35.96,36.56,35.37,36.33,5999742
2014/12/15,sh.600600,35.99,36.31,35.69,35.88,5571794
2014/12/16,sh.600600,35.54,35.71,35.04,35.42,4625356
2014/12/17,sh.600600,35.29,35.37,34.70,34.80,7458746
2014/12/18,sh.600600,34.80,35.28,34.76,34.86,3732696
2014/12/19,sh.600600,34.95,35.00,34.29,34.57,3535291
2014/12/22,sh.600600,34.48,34.52,33.72,34.00,4298559
2014/12/23,sh.600600,33.96,34.58,33.81,34.16,4620329
2014/12/24,sh.600600,34.16,34.74,33.79,34.54,3610620
2014/12/25,sh.600600,34.35,34.80,34.23,34.54,4089848
2014/12/26,sh.600600,34.53,34.91,34.03,34.86,2785584
2014/12/29,sh.600600,34.86,35.17,34.27,34.51,4936726
2014/12/30,sh.600600,34.53,34.70,33.83,34.50,4202948
2014/12/31,sh.600600,34.27,35.71,34.15,35.53,7914542
2015/1/5,sh.600600,35.48,36.73,34.95,36.11,8006046
2015/1/6,sh.600600,35.73,36.56,35.50,36.34,6777491
2015/1/7,sh.600600,36.20,36.20,35.55,35.83,3104111
2015/1/8,sh.600600,35.80,35.95,35.32,35.66,2783322
2015/1/9,sh.600600,35.56,36.53,35.29,35.31,5178216
2015/1/12,sh.600600,35.29,35.29,34.54,34.91,3051286
2015/1/13,sh.600600,34.95,35.36,34.54,34.83,3693848
2015/1/14,sh.600600,34.84,35.71,34.70,35.28,3703588
2015/1/15,sh.600600,35.29,35.59,34.95,35.33,2175721
2015/1/16,sh.600600,35.34,35.59,35.01,35.47,2860868
2015/1/19,sh.600600,34.80,35.54,34.01,34.34,3537050
2015/1/20,sh.600600,34.23,35.09,34.23,34.62,4439667
2015/1/21,sh.600600,34.82,35.07,34.46,35.02,5292947
2015/1/22,sh.600600,35.03,35.25,34.92,35.14,4717261
2015/1/23,sh.600600,35.14,35.33,34.62,34.76,3852941
2015/1/26,sh.600600,34.86,35.14,34.63,35.03,3677410
2015/1/27,sh.600600,35.24,36.22,35.08,36.06,9760137
2015/1/28,sh.600600,36.08,36.08,35.46,35.62,3535195
2015/1/29,sh.600600,35.20,35.36,34.86,34.98,3344157
2015/1/30,sh.600600,35.08,35.44,34.96,35.09,3813904
2015/2/2,sh.600600,34.86,35.09,34.71,34.91,2523516
2015/2/3,sh.600600,35.03,35.25,34.48,34.75,4316205
2015/2/4,sh.600600,34.74,34.88,34.03,34.15,3860020
2015/2/5,sh.600600,34.32,34.40,33.76,33.84,4653620
2015/2/6,sh.600600,33.73,34.01,33.28,33.61,2822256
2015/2/9,sh.600600,33.72,33.92,33.42,33.66,2207119
2015/2/10,sh.600600,33.74,34.24,33.66,34.10,2620164
2015/2/11,sh.600600,34.09,34.24,33.96,34.15,1758528
2015/2/12,sh.600600,34.14,34.15,33.76,33.87,2295165
2015/2/13,sh.600600,33.92,34.32,33.92,34.02,3525392
2015/2/16,sh.600600,34.02,34.28,34.01,34.09,3118819
2015/2/17,sh.600600,34.12,34.29,33.95,33.99,2749965
2015/2/25,sh.600600,33.88,34.29,33.67,34.27,4209475
2015/2/26,sh.600600,34.23,34.29,33.90,34.27,2486202
2015/2/27,sh.600600,34.28,34.39,34.02,34.06,3656301
2015/3/2,sh.600600,34.11,34.26,33.84,34.13,5960612
2015/3/3,sh.600600,34.13,34.43,34.06,34.23,6526638
2015/3/4,sh.600600,34.23,34.70,34.19,34.69,5427002
2015/3/5,sh.600600,34.44,34.52,34.04,34.23,4325181
2015/3/6,sh.600600,34.23,34.23,33.88,34.10,4359625
2015/3/9,sh.600600,33.99,34.12,33.42,34.08,4365896
2015/3/10,sh.600600,33.96,34.13,33.84,34.01,2787946
2015/3/11,sh.600600,34.01,34.25,33.76,33.83,4055248
2015/3/12,sh.600600,33.97,34.01,33.50,33.74,4079299
2015/3/13,sh.600600,33.76,34.35,33.69,34.26,5015788
2015/3/16,sh.600600,34.23,35.01,34.04,34.91,6929018
2015/3/17,sh.600600,34.93,35.27,34.69,34.84,8229388
2015/3/18,sh.600600,34.91,35.67,34.82,35.63,9156549
2015/3/19,sh.600600,35.54,35.79,34.86,35.23,12868414
2015/3/20,sh.600600,35.03,35.20,34.86,35.14,9844838
2015/3/23,sh.600600,35.29,35.82,35.29,35.77,8387652
2015/3/24,sh.600600,35.85,35.90,35.21,35.45,8280991
2015/3/25,sh.600600,35.37,36.06,35.19,35.82,10633276
2015/3/26,sh.600600,35.71,36.96,35.57,36.59,10582200
2015/3/27,sh.600600,36.56,36.63,36.14,36.39,4954266
2015/3/30,sh.600600,36.40,37.56,36.40,37.07,9057898
2015/3/31,sh.600600,36.82,37.06,36.05,36.17,10136940
2015/4/1,sh.600600,36.17,36.83,36.17,36.49,7446701
2015/4/2,sh.600600,36.46,37.31,36.03,36.56,10061633
2015/4/3,sh.600600,36.56,36.94,36.40,36.84,6948651
2015/4/7,sh.600600,36.84,38.11,36.56,37.93,12709935
2015/4/8,sh.600600,37.91,38.13,37.11,37.61,9452349
2015/4/9,sh.600600,37.41,39.88,37.24,39.64,18412719
2015/4/10,sh.600600,39.12,39.69,38.33,39.38,11243037
2015/4/13,sh.600600,39.16,40.22,38.83,39.95,8902115
2015/4/14,sh.600600,39.63,39.94,39.01,39.19,8357770
2015/4/15,sh.600600,39.20,39.70,38.42,38.60,8968962
2015/4/16,sh.600600,38.52,40.48,37.89,39.60,7684703
2015/4/17,sh.600600,39.46,40.97,38.92,40.48,8700854
2015/4/20,sh.600600,39.97,40.88,39.50,39.52,8828509
2015/4/21,sh.600600,39.33,40.14,38.95,39.74,16993665
2015/4/22,sh.600600,39.75,40.05,39.52,39.95,11151138
2015/4/23,sh.600600,39.96,40.22,39.12,39.45,9849166
2015/4/24,sh.600600,39.12,39.57,38.90,39.13,9013115
2015/4/27,sh.600600,39.16,39.52,38.67,39.27,8988935
2015/4/28,sh.600600,39.26,39.26,37.41,37.51,11536956
2015/4/29,sh.600600,37.42,38.00,37.37,37.80,6943078
2015/4/30,sh.600600,37.79,37.86,37.33,37.41,7524545
2015/5/4,sh.600600,37.41,38.01,37.34,37.92,5934144
2015/5/5,sh.600600,37.84,37.88,36.60,36.91,7701650
2015/5/6,sh.600600,37.13,37.37,36.39,36.68,6000803
2015/5/7,sh.600600,36.81,37.18,36.56,37.02,6512914
2015/5/8,sh.600600,37.06,37.56,36.80,37.49,5244694
2015/5/11,sh.600600,37.74,37.79,37.24,37.69,9811236
2015/5/12,sh.600600,37.71,37.76,37.31,37.70,6856809
2015/5/13,sh.600600,37.63,38.66,37.53,38.38,9797895
2015/5/14,sh.600600,38.39,38.52,37.78,38.16,5898888
2015/5/15,sh.600600,38.09,38.15,37.33,37.98,6616414
2015/5/18,sh.600600,37.76,37.98,37.44,37.86,4892980
2015/5/19,sh.600600,37.66,38.48,37.47,38.29,5963455
2015/5/20,sh.600600,38.29,38.94,38.10,38.23,8440919
2015/5/21,sh.600600,38.45,38.62,38.06,38.43,5670343
2015/5/22,sh.600600,38.54,39.20,38.54,39.13,10870628
2015/5/25,sh.600600,38.78,41.24,38.75,40.30,17888419
2015/5/26,sh.600600,40.56,44.33,40.31,44.33,37156854
2015/5/27,sh.600600,44.97,45.66,43.72,45.45,23918072
2015/5/28,sh.600600,45.07,45.54,42.52,42.65,16412731
2015/5/29,sh.600600,42.52,43.86,41.04,41.92,14562463
2015/6/1,sh.600600,42.09,44.60,42.09,44.23,15954807
2015/6/2,sh.600600,44.63,48.65,43.79,48.65,21462038
2015/6/3,sh.600600,49.07,51.20,47.28,48.51,23482023
2015/6/4,sh.600600,48.47,50.33,44.11,48.79,17016260
2015/6/5,sh.600600,49.12,50.39,47.28,47.89,21913652
2015/6/8,sh.600600,47.87,48.54,46.43,48.32,15750253
2015/6/9,sh.600600,47.62,48.10,46.61,47.20,10216266
2015/6/10,sh.600600,47.08,47.62,45.66,46.76,10522935
2015/6/11,sh.600600,46.76,48.48,46.26,47.50,13469702
2015/6/12,sh.600600,47.62,48.04,46.68,46.99,12156396
2015/6/15,sh.600600,47.14,47.33,45.49,45.53,12210086
2015/6/16,sh.600600,45.07,45.57,43.28,43.54,10226351
2015/6/17,sh.600600,43.79,44.64,42.43,44.29,8540130
2015/6/18,sh.600600,44.22,44.86,42.66,43.09,6599218
2015/6/19,sh.600600,42.41,43.32,40.31,40.60,9769617
2015/6/23,sh.600600,40.88,43.72,39.95,43.34,12233481
2015/6/24,sh.600600,43.71,44.52,42.85,44.05,10793692
2015/6/25,sh.600600,44.06,44.19,41.68,41.98,9768209
2015/6/26,sh.600600,41.09,41.12,37.78,37.78,18045336
2015/6/29,sh.600600,38.84,39.03,34.02,37.61,15444376
2015/6/30,sh.600600,37.31,39.63,35.03,39.62,14315911
2015/7/1,sh.600600,38.35,40.78,37.88,38.33,12725430
2015/7/2,sh.600600,37.68,38.68,34.69,35.50,12973028
2015/7/3,sh.600600,35.26,36.31,31.96,33.01,15983302
2015/7/6,sh.600600,35.97,35.97,31.46,33.20,16044493
2015/7/7,sh.600600,31.59,34.61,31.50,33.68,23291526
2015/7/8,sh.600600,31.04,32.64,30.31,30.31,26610898
2015/7/9,sh.600600,30.31,33.35,30.27,33.35,17608528
2015/7/10,sh.600600,33.71,36.68,33.62,36.68,20816690
2015/7/13,sh.600600,36.73,39.68,36.14,38.32,25371796
2015/7/14,sh.600600,36.76,37.74,35.42,35.57,18224595
2015/7/15,sh.600600,34.91,34.92,32.42,33.15,11349690
2015/7/16,sh.600600,33.15,34.17,31.82,33.67,8926957
2015/7/17,sh.600600,33.91,35.52,33.72,35.03,11588238
2015/7/20,sh.600600,34.86,35.53,33.92,34.68,8493632
2015/7/21,sh.600600,34.03,34.77,33.85,34.43,6697959
2015/7/22,sh.600600,34.44,34.83,33.67,34.06,7832457
2015/7/23,sh.600600,34.10,35.43,33.84,35.19,10811575
2015/7/24,sh.600600,35.17,35.69,34.35,34.47,11589289
2015/7/27,sh.600600,33.92,34.39,31.03,31.04,11283658
2015/7/28,sh.600600,30.57,32.73,29.71,32.25,17468707
2015/7/29,sh.600600,32.04,32.78,31.12,32.71,18555577
2015/7/30,sh.600600,32.27,32.30,31.37,31.43,15540247
2015/7/31,sh.600600,31.18,32.04,30.82,31.99,8288249
2015/8/3,sh.600600,31.68,32.78,31.43,32.77,17460455
2015/8/4,sh.600600,32.75,33.55,31.94,33.45,7563321
2015/8/5,sh.600600,33.14,33.30,32.25,32.54,6482149
2015/8/6,sh.600600,32.02,32.38,31.86,32.01,3385786
2015/8/7,sh.600600,32.01,32.67,32.01,32.38,6451825
2015/8/10,sh.600600,32.53,33.79,32.29,33.62,12555386
2015/8/11,sh.600600,33.40,34.22,32.99,33.55,9794405
2015/8/12,sh.600600,33.09,33.92,32.71,33.24,8938088
2015/8/13,sh.600600,33.05,34.17,32.95,34.04,9727748
2015/8/14,sh.600600,34.11,34.20,33.57,33.74,6881198
2015/8/17,sh.600600,33.63,33.63,32.71,33.25,6380505
2015/8/18,sh.600600,33.23,33.46,31.02,31.49,9132001
2015/8/19,sh.600600,31.08,31.92,30.32,31.82,6507088
2015/8/20,sh.600600,31.20,31.68,31.00,31.08,3781957
2015/8/21,sh.600600,30.81,31.40,29.71,29.79,6057352
2015/8/24,sh.600600,29.11,29.17,26.81,26.81,10509872
2015/8/25,sh.600600,25.81,27.44,24.96,25.43,10115177
2015/8/26,sh.600600,25.89,27.03,25.49,25.95,6235335
2015/8/27,sh.600600,26.67,28.54,26.43,28.51,8661352
2015/8/28,sh.600600,28.84,29.74,27.93,29.37,8677607
2015/8/31,sh.600600,28.80,28.91,27.61,28.88,6488114
2015/9/1,sh.600600,28.45,28.90,27.37,28.89,8316937
2015/9/2,sh.600600,27.98,29.43,27.63,29.34,10166265
2015/9/7,sh.600600,28.98,30.13,28.15,28.26,2509506
2015/9/8,sh.600600,27.76,28.64,27.44,28.35,3137621
2015/9/9,sh.600600,28.41,29.01,28.15,28.82,3864322
2015/9/10,sh.600600,28.41,28.68,28.06,28.16,2241349
2015/9/11,sh.600600,28.06,28.38,27.55,27.73,2382074
2015/9/14,sh.600600,27.87,27.87,26.43,26.85,3531510
2015/9/15,sh.600600,26.69,26.78,25.89,26.44,4072602
2015/9/16,sh.600600,26.46,28.64,26.09,27.84,5487944
2015/9/17,sh.600600,27.55,29.49,27.12,28.19,7444762
2015/9/18,sh.600600,28.15,28.32,27.49,27.74,2482135
2015/9/21,sh.600600,27.45,28.08,27.19,27.78,2606884
2015/9/22,sh.600600,27.81,27.96,27.63,27.79,3006487
2015/9/23,sh.600600,27.46,27.71,27.14,27.35,2526379
2015/9/24,sh.600600,27.37,27.59,27.29,27.44,1979404
2015/9/25,sh.600600,27.40,27.58,26.91,27.08,1945791
2015/9/28,sh.600600,27.12,27.59,26.99,27.52,1451511
2015/9/29,sh.600600,27.34,27.86,27.20,27.49,1765082
2015/9/30,sh.600600,27.44,27.80,27.34,27.67,1502834
2015/10/8,sh.600600,28.33,28.41,27.81,27.91,3647185
2015/10/9,sh.600600,27.83,28.23,27.75,27.93,2874058
2015/10/12,sh.600600,28.06,29.05,28.05,28.89,8250379
2015/10/13,sh.600600,28.64,29.22,28.49,28.92,4452322
2015/10/14,sh.600600,28.91,29.08,28.54,28.85,4700859
2015/10/15,sh.600600,28.79,29.19,28.61,29.11,4711366
2015/10/16,sh.600600,29.26,29.47,28.89,28.97,2665533
2015/10/19,sh.600600,29.32,29.70,28.98,29.30,5637844
2015/10/20,sh.600600,29.00,29.35,28.82,29.31,3362534
2015/10/21,sh.600600,29.35,29.48,28.08,28.24,4315145
2015/10/22,sh.600600,28.05,28.53,27.85,28.49,2560081
2015/10/23,sh.600600,28.76,29.51,28.51,29.22,4105064
2015/10/26,sh.600600,29.66,29.73,29.03,29.71,5589745
2015/10/27,sh.600600,29.59,29.81,28.98,29.72,4049477
2015/10/28,sh.600600,29.53,29.63,29.10,29.14,3435016
2015/10/29,sh.600600,29.22,29.35,29.05,29.19,1916616
2015/10/30,sh.600600,29.09,29.96,29.01,29.17,4045158
2015/11/2,sh.600600,28.92,29.49,28.75,28.84,1927182
2015/11/3,sh.600600,28.93,29.17,28.67,28.89,1499502
2015/11/4,sh.600600,28.89,29.86,28.73,29.82,5085768
2015/11/5,sh.600600,29.83,30.21,29.34,29.90,9541711
2015/11/6,sh.600600,29.78,30.38,29.71,30.32,6719224
2015/11/9,sh.600600,30.13,30.61,29.99,30.39,5636956
2015/11/10,sh.600600,30.15,30.43,29.96,30.13,3596481
2015/11/11,sh.600600,30.11,30.12,29.68,30.02,4242561
2015/11/12,sh.600600,29.86,29.97,29.57,29.91,4422830
2015/11/13,sh.600600,29.74,29.76,29.35,29.44,2794419
2015/11/16,sh.600600,29.17,29.34,28.99,29.26,4738636
2015/11/17,sh.600600,29.40,29.61,29.16,29.21,5143742
2015/11/18,sh.600600,29.24,29.33,28.96,28.98,2754527
2015/11/19,sh.600600,29.03,29.14,28.82,29.08,4379892
2015/11/20,sh.600600,29.18,29.18,28.97,29.05,3486910
2015/11/23,sh.600600,29.06,29.12,28.91,28.95,3106381
2015/11/24,sh.600600,28.97,28.97,28.83,28.85,2878629
2015/11/25,sh.600600,28.88,29.21,28.88,29.13,3854053
2015/11/26,sh.600600,29.19,29.20,28.96,28.99,2703326
2015/11/27,sh.600600,28.98,28.99,27.43,27.48,4013185
2015/11/30,sh.600600,27.50,27.63,26.43,27.23,4655707
2015/12/1,sh.600600,27.16,27.58,27.04,27.56,4156269
2015/12/2,sh.600600,27.55,28.08,27.21,28.02,4631315
2015/12/3,sh.600600,27.98,28.04,27.71,28.00,4238807
2015/12/4,sh.600600,27.79,27.87,27.46,27.55,3840928
2015/12/7,sh.600600,27.53,27.92,27.46,27.83,2933993
2015/12/8,sh.600600,27.74,27.74,27.14,27.23,2204197
2015/12/9,sh.600600,27.12,27.36,26.78,26.81,3363761
2015/12/10,sh.600600,26.86,26.95,26.67,26.70,3131497
2015/12/11,sh.600600,26.70,26.95,26.61,26.90,2231513
2015/12/14,sh.600600,26.70,27.18,26.63,27.14,4186251
2015/12/15,sh.600600,27.16,27.29,26.97,27.12,3447040
2015/12/16,sh.600600,27.13,27.28,27.06,27.12,1965329
2015/12/17,sh.600600,27.21,27.59,27.21,27.49,4468112
2015/12/18,sh.600600,27.47,27.74,27.31,27.72,4157359
2015/12/21,sh.600600,27.69,30.30,27.60,29.69,17008347
2015/12/22,sh.600600,29.90,29.91,28.92,29.15,7360758
2015/12/23,sh.600600,29.22,30.09,29.02,29.18,8145185
2015/12/24,sh.600600,29.03,29.37,28.58,28.89,3931064
2015/12/25,sh.600600,28.90,29.06,28.67,29.05,3383371
2015/12/28,sh.600600,29.26,29.26,28.17,28.18,4299205
2015/12/29,sh.600600,28.18,28.61,27.89,28.35,3608677
2015/12/30,sh.600600,28.33,28.76,28.12,28.74,3736087
2015/12/31,sh.600600,28.67,29.01,28.43,28.58,4671014
2016/1/4,sh.600600,28.51,28.71,26.69,26.71,3820266
2016/1/5,sh.600600,26.26,27.19,25.84,26.55,4667944
2016/1/6,sh.600600,26.68,27.10,26.55,27.07,3128692
2016/1/7,sh.600600,26.86,26.86,25.40,25.63,825300
2016/1/8,sh.600600,26.00,26.48,25.65,26.24,4890701
2016/1/11,sh.600600,25.88,26.20,25.45,25.56,4474513
2016/1/12,sh.600600,25.36,25.80,24.96,25.25,4027360
2016/1/13,sh.600600,25.39,25.54,24.83,24.86,2822510
2016/1/14,sh.600600,24.52,25.10,24.13,25.00,4015740
2016/1/15,sh.600600,24.91,24.96,24.02,24.11,3869390
2016/1/18,sh.600600,23.90,24.23,23.68,24.05,2330599
2016/1/19,sh.600600,24.01,24.77,24.00,24.71,3621515
2016/1/20,sh.600600,24.53,24.71,24.03,24.17,2662228
2016/1/21,sh.600600,23.86,24.45,23.84,23.89,2410072
2016/1/22,sh.600600,24.08,24.43,23.94,24.26,2541354
2016/1/25,sh.600600,24.39,24.48,24.11,24.28,1513587
2016/1/26,sh.600600,24.03,24.21,22.77,22.80,2754101
2016/1/27,sh.600600,22.73,23.11,22.29,22.89,2851488
2016/1/28,sh.600600,22.81,23.59,22.68,23.24,3650959
2016/1/29,sh.600600,23.25,23.90,23.10,23.66,2052103
2016/2/1,sh.600600,23.67,23.76,23.16,23.19,1095930
2016/2/2,sh.600600,23.19,23.83,23.11,23.46,2594480
2016/2/3,sh.600600,23.34,23.34,22.71,23.04,3157962
2016/2/4,sh.600600,23.12,23.41,23.07,23.29,2208156
2016/2/5,sh.600600,23.29,23.39,23.06,23.15,1208546
2016/2/15,sh.600600,22.51,22.98,22.42,22.89,1401514
2016/2/16,sh.600600,22.92,23.65,22.92,23.47,2779393
2016/2/17,sh.600600,23.41,23.55,23.35,23.50,2653386
2016/2/18,sh.600600,23.55,23.72,23.45,23.53,2810666
2016/2/19,sh.600600,23.50,23.60,23.29,23.47,1988605
2016/2/22,sh.600600,23.63,24.07,23.60,23.96,3689490
2016/2/23,sh.600600,23.97,24.33,23.76,24.06,3599338
2016/2/24,sh.600600,23.98,24.22,23.76,24.11,2478692
2016/2/25,sh.600600,24.02,24.09,22.73,22.85,3018975
2016/2/26,sh.600600,22.98,23.16,22.48,23.00,2211021
2016/2/29,sh.600600,23.55,23.81,22.42,22.85,3356561
2016/3/1,sh.600600,22.73,23.10,22.40,22.97,2322431
2016/3/2,sh.600600,23.24,24.04,22.99,23.92,3634828
2016/3/3,sh.600600,23.98,23.98,23.64,23.90,4301720
2016/3/4,sh.600600,23.90,23.90,23.14,23.72,3368039
2016/3/7,sh.600600,23.74,24.21,23.74,24.14,5115792
2016/3/8,sh.600600,24.09,24.09,23.30,23.94,3271526
2016/3/9,sh.600600,23.57,23.67,23.35,23.53,1793525
2016/3/10,sh.600600,23.50,23.81,23.42,23.47,2692967
2016/3/11,sh.600600,23.23,23.54,23.09,23.35,1521937
2016/3/14,sh.600600,23.50,24.03,23.46,23.78,2675111
2016/3/15,sh.600600,23.78,24.09,23.48,24.05,3551890
2016/3/16,sh.600600,23.96,24.18,23.60,23.73,2220616
2016/3/17,sh.600600,23.69,24.14,23.69,24.09,3437927
2016/3/18,sh.600600,24.17,24.67,24.03,24.57,6206958
2016/3/21,sh.600600,24.66,24.87,24.43,24.85,6650050
2016/3/22,sh.600600,24.68,24.81,24.59,24.71,3775928
2016/3/23,sh.600600,24.70,24.76,24.37,24.56,2719045
2016/3/24,sh.600600,24.46,24.53,24.28,24.34,2334379
2016/3/25,sh.600600,24.29,24.48,24.23,24.40,1521374
2016/3/28,sh.600600,24.40,25.11,24.40,24.75,5362708
2016/3/29,sh.600600,24.60,24.60,24.09,24.17,4366583
2016/3/30,sh.600600,24.23,24.79,24.23,24.74,3796000
2016/3/31,sh.600600,24.71,24.78,24.58,24.71,2767779
2016/4/1,sh.600600,24.71,24.75,24.36,24.74,2219239
2016/4/5,sh.600600,24.65,25.23,24.52,25.06,4954860
2016/4/6,sh.600600,25.00,25.10,24.83,25.09,1942483
2016/4/7,sh.600600,25.13,25.19,24.54,24.58,3074965
2016/4/8,sh.600600,24.49,24.56,24.19,24.23,1806236
2016/4/11,sh.600600,24.28,24.89,24.28,24.77,2852598
2016/4/12,sh.600600,24.79,24.93,24.59,24.83,1516769
2016/4/13,sh.600600,24.89,25.15,24.77,24.92,2757088
2016/4/14,sh.600600,24.99,25.13,24.86,24.96,1801633
2016/4/15,sh.600600,24.94,25.14,24.71,24.89,2636216
2016/4/18,sh.600600,24.86,24.86,24.46,24.49,1798388
2016/4/19,sh.600600,24.58,24.67,24.45,24.57,1755286
2016/4/20,sh.600600,24.66,24.66,23.42,23.90,2875593
2016/4/21,sh.600600,23.92,24.13,23.72,23.85,1206130
2016/4/22,sh.600600,23.85,24.01,23.72,24.00,1215802
2016/4/25,sh.600600,24.00,24.00,23.62,23.84,929770
2016/4/26,sh.600600,23.85,24.19,23.85,24.18,1387171
2016/4/27,sh.600600,24.13,24.38,24.10,24.18,1501512
2016/4/28,sh.600600,24.19,24.41,24.02,24.34,1233762
2016/4/29,sh.600600,24.45,25.58,24.28,25.01,5365136
2016/5/3,sh.600600,25.00,26.08,24.75,25.95,11774549
2016/5/4,sh.600600,25.78,25.88,25.44,25.56,5410543
2016/5/5,sh.600600,25.51,25.65,25.44,25.57,2967057
2016/5/6,sh.600600,25.57,25.68,24.66,24.70,4714249
2016/5/9,sh.600600,24.66,25.22,24.23,24.87,5032502
2016/5/10,sh.600600,25.20,25.70,24.68,25.42,5727878
2016/5/11,sh.600600,25.55,27.86,25.27,26.36,23024056
2016/5/12,sh.600600,25.95,26.23,25.39,26.19,8431418
2016/5/13,sh.600600,26.02,26.79,25.67,25.96,6884601
2016/5/16,sh.600600,25.70,26.09,24.98,26.07,5442142
2016/5/17,sh.600600,26.04,26.07,25.55,25.57,4260732
2016/5/18,sh.600600,25.39,25.71,24.83,25.28,4038308
2016/5/19,sh.600600,25.20,25.44,24.95,25.09,3880011
2016/5/20,sh.600600,24.96,25.25,24.67,25.16,3014855
2016/5/23,sh.600600,25.22,25.27,24.96,25.14,4510688
2016/5/24,sh.600600,25.14,25.14,24.71,24.84,2425987
2016/5/25,sh.600600,24.93,25.18,24.72,25.09,2878079
2016/5/26,sh.600600,25.05,25.18,24.26,24.65,5668443
2016/5/27,sh.600600,24.54,24.88,24.36,24.73,3543022
2016/5/30,sh.600600,24.58,24.71,24.32,24.42,2717114
2016/5/31,sh.600600,24.42,25.64,24.42,25.51,8016138
2016/6/1,sh.600600,25.48,25.66,25.27,25.38,6227651
2016/6/2,sh.600600,25.38,25.47,25.14,25.35,3413245
2016/6/3,sh.600600,25.30,26.00,25.20,25.73,9645972
2016/6/6,sh.600600,25.70,25.78,25.45,25.65,5830362
2016/6/7,sh.600600,25.58,25.99,25.58,25.80,6354579
2016/6/8,sh.600600,25.82,25.82,25.41,25.57,4070937
2016/6/13,sh.600600,25.51,26.42,25.38,25.56,9785684
2016/6/14,sh.600600,25.38,25.38,24.71,25.14,6459065
2016/6/15,sh.600600,24.79,25.47,24.69,25.39,6500179
2016/6/16,sh.600600,25.45,25.45,24.99,25.08,4032000
2016/6/17,sh.600600,25.02,25.39,25.02,25.13,4766120
2016/6/20,sh.600600,25.14,25.19,24.79,25.03,3741785
2016/6/21,sh.600600,25.08,25.14,24.69,24.75,3590676
2016/6/22,sh.600600,24.77,24.89,24.58,24.88,2869487
2016/6/23,sh.600600,24.92,24.92,24.71,24.79,2267881
2016/6/24,sh.600600,24.81,24.94,23.84,24.32,3897408
2016/6/27,sh.600600,24.17,25.05,24.11,24.94,3867198
2016/6/28,sh.600600,24.79,24.93,24.61,24.90,6040205
2016/6/29,sh.600600,24.96,25.07,24.82,25.04,4116103
2016/6/30,sh.600600,25.04,25.23,24.89,25.02,3118736
2016/7/1,sh.600600,25.05,25.11,24.85,24.89,1990566
2016/7/4,sh.600600,24.80,25.39,24.72,25.22,3465045
2016/7/5,sh.600600,25.27,25.67,25.14,25.48,5550845
2016/7/6,sh.600600,25.48,25.88,25.35,25.86,6380423
2016/7/7,sh.600600,25.86,25.91,25.57,25.62,5299007
2016/7/8,sh.600600,25.58,25.79,25.40,25.56,3462837
2016/7/11,sh.600600,25.56,26.59,25.51,26.06,12583861
2016/7/12,sh.600600,26.26,26.67,25.93,26.63,10944795
2016/7/13,sh.600600,26.73,26.89,26.26,26.61,7508546
2016/7/14,sh.600600,26.52,26.61,26.34,26.43,4475253
2016/7/15,sh.600600,26.37,26.51,26.25,26.37,3826682
2016/7/18,sh.600600,26.39,26.39,26.07,26.11,3058245
2016/7/19,sh.600600,26.11,26.15,25.84,26.01,2723777
2016/7/20,sh.600600,25.92,26.09,25.92,26.00,2022842
2016/7/21,sh.600600,26.00,26.47,25.93,26.22,3146624
2016/7/22,sh.600600,26.22,26.22,25.83,25.86,2172260
2016/7/25,sh.600600,25.99,26.07,25.83,25.96,1392709
2016/7/26,sh.600600,25.99,26.25,25.90,26.24,2794584
2016/7/27,sh.600600,26.26,26.40,25.73,25.93,7037462
2016/7/28,sh.600600,25.94,26.73,25.90,26.65,6634169
2016/7/29,sh.600600,26.53,26.99,26.23,26.30,5612511
2016/8/1,sh.600600,26.16,26.28,25.29,25.49,3891124
2016/8/2,sh.600600,25.45,25.62,25.33,25.53,2503040
2016/8/3,sh.600600,25.46,25.62,25.38,25.52,2068447
2016/8/4,sh.600600,25.55,25.71,25.31,25.70,1805994
2016/8/5,sh.600600,25.65,26.07,25.65,25.87,3840358
2016/8/8,sh.600600,25.80,26.03,25.53,25.90,1726245
2016/8/9,sh.600600,25.97,26.07,25.80,26.00,2028998
2016/8/10,sh.600600,26.00,26.00,25.82,25.87,1345687
2016/8/11,sh.600600,25.81,25.96,25.70,25.72,1393512
2016/8/12,sh.600600,25.65,26.34,25.55,25.98,2473512
2016/8/15,sh.600600,26.02,26.55,25.95,26.45,5851001
2016/8/16,sh.600600,26.45,26.62,26.28,26.34,2743362
2016/8/17,sh.600600,26.47,26.60,26.35,26.48,2366762
2016/8/18,sh.600600,26.48,26.59,26.31,26.32,2301898
2016/8/19,sh.600600,26.38,26.43,25.70,26.09,2392113
2016/8/22,sh.600600,26.08,26.20,25.79,25.89,2395245
2016/8/23,sh.600600,25.96,26.12,25.88,26.00,1602439
2016/8/24,sh.600600,26.04,26.16,25.83,25.89,1227511
2016/8/25,sh.600600,25.81,26.00,25.68,25.90,2037382
2016/8/26,sh.600600,25.95,26.03,25.79,25.84,1340429
2016/8/29,sh.600600,25.83,25.93,25.73,25.90,1179933
2016/8/30,sh.600600,25.89,25.96,25.83,25.93,852551
2016/8/31,sh.600600,25.87,25.94,25.73,25.86,1276790
2016/9/1,sh.600600,25.85,25.93,25.64,25.82,2073384
2016/9/2,sh.600600,25.80,25.82,25.65,25.69,1201481
2016/9/5,sh.600600,25.79,26.07,25.73,26.05,2684433
2016/9/6,sh.600600,26.06,26.83,26.03,26.82,7335543
2016/9/7,sh.600600,26.77,26.96,26.54,26.82,4153228
2016/9/8,sh.600600,26.99,27.11,26.69,26.99,2683716
2016/9/9,sh.600600,27.21,27.24,26.80,26.81,2922783
2016/9/12,sh.600600,26.40,26.68,26.21,26.55,2899975
2016/9/13,sh.600600,26.62,27.24,26.60,27.22,3668789
2016/9/14,sh.600600,27.15,27.30,26.70,27.06,2665028
2016/9/19,sh.600600,27.06,27.87,27.06,27.78,3758839
2016/9/20,sh.600600,27.73,28.76,27.49,28.26,4832509
2016/9/21,sh.600600,28.26,28.68,27.95,28.11,3433671
2016/9/22,sh.600600,27.96,28.30,27.93,28.04,1542581
2016/9/23,sh.600600,28.02,28.19,27.74,27.78,1033234
2016/9/26,sh.600600,27.82,28.06,27.39,27.74,1550080
2016/9/27,sh.600600,27.71,27.71,27.23,27.50,1414761
2016/9/28,sh.600600,27.77,28.05,27.51,27.97,1626901
2016/9/29,sh.600600,27.88,28.25,27.51,27.68,1850775
2016/9/30,sh.600600,27.71,28.15,27.71,27.74,1338118
2016/10/10,sh.600600,27.78,28.15,27.71,28.05,1200867
2016/10/11,sh.600600,27.92,28.45,27.86,28.13,1685821
2016/10/12,sh.600600,28.08,28.43,28.02,28.12,979866
2016/10/13,sh.600600,28.08,28.78,27.91,28.39,2164560
2016/10/14,sh.600600,28.35,28.56,28.05,28.26,1245538
2016/10/17,sh.600600,28.29,28.31,27.55,27.59,1468662
2016/10/18,sh.600600,27.59,27.91,27.38,27.77,1184816
2016/10/19,sh.600600,27.80,28.33,27.47,28.09,1312490
2016/10/20,sh.600600,28.04,28.12,27.67,27.75,761959
2016/10/21,sh.600600,27.83,27.83,27.37,27.55,969074
2016/10/24,sh.600600,27.52,27.99,27.47,27.65,1003015
2016/10/25,sh.600600,27.90,27.90,27.61,27.63,551830
2016/10/26,sh.600600,27.63,27.95,27.63,27.64,1353585
2016/10/27,sh.600600,27.77,27.77,27.16,27.21,2024979
2016/10/28,sh.600600,27.29,27.43,27.07,27.09,1287100
2016/10/31,sh.600600,27.21,27.28,26.96,27.16,1212444
2016/11/1,sh.600600,27.14,27.64,27.14,27.49,1638491
2016/11/2,sh.600600,27.50,27.56,27.26,27.33,989302
2016/11/3,sh.600600,27.37,27.69,27.30,27.57,1521195
2016/11/4,sh.600600,27.40,27.64,27.38,27.61,1429029
2016/11/7,sh.600600,27.61,27.74,27.22,27.42,1979546
2016/11/8,sh.600600,27.49,27.59,27.38,27.44,1237532
2016/11/9,sh.600600,27.47,27.61,27.34,27.41,1738486
2016/11/10,sh.600600,27.43,27.90,27.43,27.53,2150083
2016/11/11,sh.600600,27.54,27.57,27.01,27.25,4384573
2016/11/14,sh.600600,27.25,27.45,27.09,27.16,1892804
2016/11/15,sh.600600,27.14,27.25,27.03,27.11,1326541
2016/11/16,sh.600600,27.10,27.23,27.04,27.11,1436617
2016/11/17,sh.600600,27.10,27.16,26.82,26.86,1754850
2016/11/18,sh.600600,26.86,27.01,26.82,26.89,1184845
2016/11/21,sh.600600,26.91,27.13,26.82,27.03,1455403
2016/11/22,sh.600600,27.03,27.16,26.86,26.96,4517449
2016/11/23,sh.600600,27.00,27.26,26.86,27.15,4276119
2016/11/24,sh.600600,27.16,27.16,26.94,27.12,3415728
2016/11/25,sh.600600,27.07,27.16,26.88,27.12,2202976
2016/11/28,sh.600600,27.14,27.37,27.00,27.28,2499938
2016/11/29,sh.600600,27.26,27.84,27.05,27.30,6137051
2016/11/30,sh.600600,27.31,27.37,26.89,26.93,2689015
2016/12/1,sh.600600,26.93,27.37,26.93,27.35,3853390
2016/12/2,sh.600600,27.30,27.37,27.01,27.04,3132835
2016/12/5,sh.600600,26.86,27.30,26.86,27.09,2348701
2016/12/6,sh.600600,27.21,27.24,26.93,27.15,1829396
2016/12/7,sh.600600,27.12,27.13,26.65,26.94,2782506
2016/12/8,sh.600600,26.90,27.03,26.70,26.72,1695185
2016/12/9,sh.600600,26.68,26.94,26.55,26.61,2802290
2016/12/12,sh.600600,26.66,26.79,25.85,25.91,3477116
2016/12/13,sh.600600,25.93,26.16,25.60,26.04,2457777
2016/12/14,sh.600600,26.03,26.93,25.94,25.97,2251360
2016/12/15,sh.600600,25.91,26.12,25.73,25.93,2090134
2016/12/16,sh.600600,25.81,26.09,25.74,26.00,1059026
2016/12/19,sh.600600,26.07,26.10,25.80,25.90,1869816
2016/12/20,sh.600600,25.89,25.89,25.12,25.38,3097807
2016/12/21,sh.600600,25.38,25.59,25.29,25.36,2341412
2016/12/22,sh.600600,25.40,25.53,25.33,25.53,1345573
2016/12/23,sh.600600,25.53,25.60,25.25,25.26,1030967
2016/12/26,sh.600600,25.29,25.48,25.12,25.44,1281562
2016/12/27,sh.600600,25.45,25.54,25.38,25.47,1006818
2016/12/28,sh.600600,25.51,25.59,25.40,25.53,906229
2016/12/29,sh.600600,25.53,25.68,25.37,25.50,1143929
2016/12/30,sh.600600,25.55,25.83,25.51,25.67,1655151
2017/1/3,sh.600600,25.73,25.99,25.53,25.87,2537523
2017/1/4,sh.600600,25.86,25.96,25.73,25.88,1693037
2017/1/5,sh.600600,25.88,26.01,25.77,25.81,2588437
2017/1/6,sh.600600,25.83,25.89,25.64,25.66,1541846
2017/1/9,sh.600600,25.70,25.98,25.70,25.94,1890527
2017/1/10,sh.600600,26.03,26.03,25.69,25.76,1219484
2017/1/11,sh.600600,25.73,25.88,25.66,25.71,746190
2017/1/12,sh.600600,25.79,25.79,25.57,25.59,728409
2017/1/13,sh.600600,25.55,26.14,25.34,26.02,2760422
2017/1/16,sh.600600,25.88,26.57,25.62,26.51,8032022
2017/1/17,sh.600600,26.23,26.29,25.88,26.04,2588302
2017/1/18,sh.600600,26.03,26.29,25.87,26.07,2087836
2017/1/19,sh.600600,25.99,26.07,25.84,25.87,1095268
2017/1/20,sh.600600,25.99,26.48,25.99,26.41,2328611
2017/1/23,sh.600600,26.30,26.77,26.27,26.75,1823917
2017/1/24,sh.600600,26.77,26.92,26.53,26.72,1542426
2017/1/25,sh.600600,26.77,27.19,26.56,27.02,2605899
2017/1/26,sh.600600,27.03,27.99,27.03,27.90,4113424
2017/2/3,sh.600600,27.83,28.56,27.37,28.14,3731708
2017/2/6,sh.600600,28.11,28.82,27.99,28.52,4977191
2017/2/7,sh.600600,28.52,28.52,27.72,28.35,4032078
2017/2/8,sh.600600,28.21,29.02,28.01,28.98,2748799
2017/2/9,sh.600600,29.07,29.88,28.75,29.34,6876512
2017/2/10,sh.600600,29.05,29.25,28.76,29.02,2618430
2017/2/13,sh.600600,28.93,29.20,28.56,28.67,4213432
2017/2/14,sh.600600,28.63,28.95,28.56,28.76,1596414
2017/2/15,sh.600600,28.61,28.86,28.25,28.58,2995533
2017/2/16,sh.600600,28.47,28.67,28.29,28.55,1279133
2017/2/17,sh.600600,28.55,28.73,28.18,28.68,1599493
2017/2/20,sh.600600,28.68,29.30,28.59,29.16,3401416
2017/2/21,sh.600600,29.17,29.52,29.09,29.14,1992561
2017/2/22,sh.600600,29.16,29.34,28.77,29.29,2607805
2017/2/23,sh.600600,29.34,29.47,29.14,29.28,983971
2017/2/24,sh.600600,29.20,29.27,28.66,28.85,1889073
2017/2/27,sh.600600,28.87,28.99,28.60,28.70,1194500
2017/2/28,sh.600600,28.70,28.94,28.60,28.86,1025300
2017/3/1,sh.600600,28.72,29.25,28.72,29.02,2938480
2017/3/2,sh.600600,29.05,29.08,28.62,28.69,914188
2017/3/3,sh.600600,28.68,28.90,28.52,28.73,1093577
2017/3/6,sh.600600,28.72,29.39,28.50,28.68,2092345
2017/3/7,sh.600600,28.60,28.75,28.38,28.66,1248279
2017/3/8,sh.600600,28.65,28.85,28.46,28.81,1302746
2017/3/9,sh.600600,28.77,28.77,28.35,28.56,1509249
2017/3/10,sh.600600,28.50,29.08,28.39,28.94,1457465
2017/3/13,sh.600600,29.08,29.34,28.93,29.16,2608645
2017/3/14,sh.600600,29.14,29.29,28.59,28.79,1708839
2017/3/15,sh.600600,28.78,28.85,28.25,28.60,2675309
2017/3/16,sh.600600,28.62,28.78,28.42,28.48,2351989
2017/3/17,sh.600600,28.56,28.62,28.35,28.40,2147212
2017/3/20,sh.600600,28.36,28.67,28.34,28.54,1780816
2017/3/21,sh.600600,28.55,29.53,28.48,29.39,3572722
2017/3/22,sh.600600,28.60,29.21,28.60,29.18,3503325
2017/3/23,sh.600600,29.02,29.17,28.85,29.03,2097738
2017/3/24,sh.600600,29.09,29.75,28.73,29.68,3894738
2017/3/27,sh.600600,29.66,30.23,29.48,29.91,5262708
2017/3/28,sh.600600,29.82,29.91,29.52,29.64,1537834
2017/3/29,sh.600600,29.60,29.67,29.21,29.27,1260471
2017/3/30,sh.600600,29.29,29.39,28.46,28.63,1594427
2017/3/31,sh.600600,28.52,28.92,28.52,28.57,1298170
2017/4/5,sh.600600,28.56,28.87,28.37,28.68,1730932
2017/4/6,sh.600600,28.52,28.68,28.29,28.34,1611319
2017/4/7,sh.600600,28.30,28.51,28.18,28.39,1961714
2017/4/10,sh.600600,28.41,28.41,27.87,27.88,1671612
2017/4/11,sh.600600,27.88,28.08,27.48,27.98,1553966
2017/4/12,sh.600600,27.91,28.12,27.59,28.08,1633561
2017/4/13,sh.600600,28.08,28.71,28.00,28.65,2029870
2017/4/14,sh.600600,28.66,28.69,28.28,28.53,1012597
2017/4/17,sh.600600,28.53,28.75,28.27,28.46,745145
2017/4/18,sh.600600,28.54,28.88,28.35,28.78,1799422
2017/4/19,sh.600600,28.75,28.78,27.82,28.52,1293776
2017/4/20,sh.600600,28.43,29.07,28.34,28.92,2489891
2017/4/21,sh.600600,28.87,29.26,28.52,29.25,2782061
2017/4/24,sh.600600,29.25,29.28,28.10,28.77,1919415
2017/4/25,sh.600600,28.59,29.21,28.27,29.18,2241134
2017/4/26,sh.600600,29.08,29.30,28.34,28.56,2101917
2017/4/27,sh.600600,28.36,28.44,27.65,28.10,2421131
2017/4/28,sh.600600,27.98,28.18,27.69,27.90,2049288
2017/5/2,sh.600600,27.93,28.08,27.73,27.92,1009920
2017/5/3,sh.600600,27.83,27.91,27.15,27.18,1930942
2017/5/4,sh.600600,27.24,27.69,27.11,27.36,2119259
2017/5/5,sh.600600,27.32,27.69,27.32,27.43,1451965
2017/5/8,sh.600600,27.43,27.60,27.28,27.39,803814
2017/5/9,sh.600600,27.39,27.53,26.95,27.20,591993
2017/5/10,sh.600600,27.25,27.52,27.17,27.27,756436
2017/5/11,sh.600600,27.26,27.43,26.99,27.39,1172654
2017/5/12,sh.600600,27.38,27.51,27.16,27.47,565936
2017/5/15,sh.600600,27.50,27.84,27.38,27.78,920998
2017/5/16,sh.600600,27.78,27.86,27.54,27.78,1281941
2017/5/17,sh.600600,27.81,27.96,27.60,27.80,819360
2017/5/18,sh.600600,27.72,28.25,27.48,27.97,1043991
2017/5/19,sh.600600,27.78,28.19,27.78,28.10,770455
2017/5/22,sh.600600,28.04,28.89,27.91,28.50,2192258
2017/5/23,sh.600600,28.60,28.69,28.25,28.28,1828925
2017/5/24,sh.600600,28.17,28.25,27.31,27.81,1027450
2017/5/25,sh.600600,27.68,30.00,27.66,29.98,4294436
2017/5/26,sh.600600,29.91,29.92,29.23,29.28,3073808
2017/5/31,sh.600600,29.53,29.53,28.50,28.93,3389658
2017/6/1,sh.600600,28.78,29.21,28.56,28.90,2274194
2017/6/2,sh.600600,28.70,29.12,28.56,28.74,2192554
2017/6/5,sh.600600,28.74,29.48,28.70,29.34,2502349
2017/6/6,sh.600600,29.21,29.26,28.57,28.90,1878216
2017/6/7,sh.600600,28.80,29.17,28.76,29.16,2264266
2017/6/8,sh.600600,29.17,29.91,28.98,29.89,4041297
2017/6/9,sh.600600,29.75,30.77,29.66,30.67,8096156
2017/6/12,sh.600600,30.50,31.22,30.23,30.35,5779440
2017/6/13,sh.600600,30.25,30.48,29.96,30.16,3609158
2017/6/14,sh.600600,30.18,30.43,29.81,29.92,2646832
2017/6/15,sh.600600,29.79,30.20,29.79,30.17,1538011
2017/6/16,sh.600600,30.17,30.22,29.48,29.63,2052223
2017/6/19,sh.600600,29.65,29.81,29.41,29.57,2900156
2017/6/20,sh.600600,29.63,29.76,29.47,29.62,1859604
2017/6/21,sh.600600,29.74,30.24,29.28,30.23,3397266
2017/6/22,sh.600600,30.09,30.13,29.53,29.60,3574666
2017/6/23,sh.600600,29.62,29.91,29.20,29.82,2939429
2017/6/26,sh.600600,29.82,30.68,29.82,30.30,5298730
2017/6/27,sh.600600,30.25,30.48,30.07,30.43,4023090
2017/6/28,sh.600600,30.35,30.42,29.89,30.02,2131211
2017/6/29,sh.600600,30.02,30.65,30.00,30.51,3463458
2017/6/30,sh.600600,30.45,30.77,30.09,30.61,3404457
2017/7/3,sh.600600,30.63,30.64,30.13,30.34,3056909
2017/7/4,sh.600600,30.28,30.28,29.57,29.62,3590356
2017/7/5,sh.600600,29.41,29.71,29.33,29.62,2450876
2017/7/6,sh.600600,29.63,29.66,29.04,29.27,3320618
2017/7/7,sh.600600,29.26,29.37,29.07,29.30,1686501
2017/7/10,sh.600600,29.36,29.42,29.11,29.37,1793381
2017/7/11,sh.600600,29.37,29.73,29.28,29.43,2689266
2017/7/12,sh.600600,29.54,29.54,28.87,29.11,2447921
2017/7/13,sh.600600,29.11,29.21,28.95,29.01,1909642
2017/7/14,sh.600600,29.05,29.28,28.91,29.10,2345301
2017/7/17,sh.600600,29.01,29.07,28.00,28.01,3267344
2017/7/18,sh.600600,27.99,28.25,27.91,28.20,2229770
2017/7/19,sh.600600,28.25,28.90,28.22,28.86,4063087
2017/7/20,sh.600600,28.77,28.94,28.60,28.73,2450740
2017/7/21,sh.600600,28.67,28.72,28.48,28.64,1641752
2017/7/24,sh.600600,28.52,29.08,28.52,28.86,2370828
2017/7/25,sh.600600,29.21,29.21,28.74,28.87,2271932
2017/7/26,sh.600600,28.94,29.08,28.80,29.05,2597804
2017/7/27,sh.600600,29.00,29.27,28.93,29.23,1985369
2017/7/28,sh.600600,29.08,29.45,28.99,29.18,1614947
2017/7/31,sh.600600,29.21,29.47,28.88,29.43,3197825
2017/8/1,sh.600600,29.39,29.39,29.10,29.32,2329121
2017/8/2,sh.600600,29.35,29.37,28.87,28.88,2204365
2017/8/3,sh.600600,28.83,29.02,28.60,28.69,1074974
2017/8/4,sh.600600,28.71,28.92,28.65,28.67,816055
2017/8/7,sh.600600,28.68,28.87,28.43,28.87,1154432
2017/8/8,sh.600600,28.84,28.90,28.63,28.70,1075805
2017/8/9,sh.600600,28.71,29.15,28.56,29.10,2225781
2017/8/10,sh.600600,29.08,29.59,28.70,28.77,3803986
2017/8/11,sh.600600,28.68,28.68,28.06,28.09,2270274
2017/8/14,sh.600600,28.08,28.48,28.07,28.27,1327629
2017/8/15,sh.600600,28.46,28.55,28.16,28.24,1171230
2017/8/16,sh.600600,28.13,28.40,28.13,28.32,923300
2017/8/17,sh.600600,28.38,28.47,28.29,28.45,1044413
2017/8/18,sh.600600,28.44,28.62,28.29,28.57,1124392
2017/8/21,sh.600600,28.47,28.63,28.46,28.51,1112436
2017/8/22,sh.600600,28.51,28.61,28.21,28.60,1674402
2017/8/23,sh.600600,28.45,28.58,28.24,28.29,1010000
2017/8/24,sh.600600,28.28,28.35,28.12,28.14,740700
2017/8/25,sh.600600,28.20,28.44,28.13,28.35,1101415
2017/8/28,sh.600600,28.38,28.56,28.28,28.51,1472737
2017/8/29,sh.600600,28.44,28.71,28.42,28.50,1129742
2017/8/30,sh.600600,28.46,28.63,28.46,28.50,924222
2017/8/31,sh.600600,28.64,28.64,28.12,28.25,1803547
2017/9/1,sh.600600,28.24,28.34,28.14,28.29,1336246
2017/9/4,sh.600600,28.30,28.31,28.12,28.21,1453030
2017/9/5,sh.600600,28.21,28.30,28.02,28.23,1635435
2017/9/6,sh.600600,28.23,28.29,28.10,28.27,818334
2017/9/7,sh.600600,28.27,28.34,28.06,28.10,1148100
2017/9/8,sh.600600,28.13,28.17,28.00,28.04,1035632
2017/9/11,sh.600600,28.07,28.09,27.85,27.91,1575829
2017/9/12,sh.600600,27.70,27.87,27.69,27.75,1407821
2017/9/13,sh.600600,27.75,27.97,27.72,27.85,1368526
2017/9/14,sh.600600,27.85,27.86,27.65,27.67,1413300
2017/9/15,sh.600600,27.76,27.76,27.50,27.56,1615320
2017/9/18,sh.600600,27.52,27.87,27.50,27.87,2078305
2017/9/19,sh.600600,27.84,27.87,27.57,27.58,2105417
2017/9/20,sh.600600,27.57,27.85,27.57,27.73,3089090
2017/9/21,sh.600600,27.75,27.75,27.28,27.30,2743009
2017/9/22,sh.600600,27.31,27.38,26.97,27.13,2221919
2017/9/25,sh.600600,27.12,27.12,26.93,26.96,2034658
2017/9/26,sh.600600,26.96,27.05,26.80,26.89,1262982
2017/9/27,sh.600600,26.83,27.00,26.76,26.93,1358162
2017/9/28,sh.600600,26.93,27.05,26.79,26.96,1587502
2017/9/29,sh.600600,26.96,27.19,26.89,27.15,1481043
2017/10/9,sh.600600,27.24,27.55,27.24,27.41,3348845
2017/10/10,sh.600600,27.47,27.57,27.41,27.49,2515434
2017/10/11,sh.600600,27.48,27.94,27.42,27.71,3522687
2017/10/12,sh.600600,27.54,27.89,27.46,27.57,2898935
2017/10/13,sh.600600,28.20,29.61,28.20,28.95,14528190
2017/10/16,sh.600600,28.80,29.07,28.38,28.73,5013359
2017/10/17,sh.600600,28.71,28.71,28.21,28.29,2596825
2017/10/18,sh.600600,28.32,28.51,28.14,28.23,2328884
2017/10/19,sh.600600,28.28,29.11,27.94,28.77,4456166
2017/10/20,sh.600600,28.61,28.69,28.09,28.39,2041876
2017/10/23,sh.600600,28.30,28.68,28.27,28.57,2085032
2017/10/24,sh.600600,28.68,28.91,28.34,28.62,1918022
2017/10/25,sh.600600,28.62,28.69,28.24,28.46,2194224
2017/10/26,sh.600600,28.51,28.99,28.51,28.59,2900114
2017/10/27,sh.600600,28.64,28.95,28.42,28.91,3311885
2017/10/30,sh.600600,28.90,29.59,28.42,29.53,5751223
2017/10/31,sh.600600,29.21,30.63,29.09,30.47,7772719
2017/11/1,sh.600600,30.30,30.74,29.79,30.08,5760980
2017/11/2,sh.600600,29.85,30.12,29.68,29.91,2003989
2017/11/3,sh.600600,29.95,30.37,29.37,29.48,2889695
2017/11/6,sh.600600,29.55,29.95,28.98,29.92,5367772
2017/11/7,sh.600600,29.70,31.11,29.70,30.91,7375042
2017/11/8,sh.600600,30.74,30.90,30.23,30.38,3656951
2017/11/9,sh.600600,30.38,30.74,29.88,30.66,3193813
2017/11/10,sh.600600,30.51,31.37,30.32,31.34,7362503
2017/11/13,sh.600600,31.20,31.55,30.93,31.06,3851292
2017/11/14,sh.600600,31.07,31.11,30.40,30.55,3234209
2017/11/15,sh.600600,30.41,30.65,29.80,30.14,3147481
2017/11/16,sh.600600,30.11,30.72,29.96,30.57,3158575
2017/11/17,sh.600600,30.48,30.48,28.14,28.88,4534250
2017/11/20,sh.600600,29.04,29.60,28.46,29.25,4936855
2017/11/21,sh.600600,29.16,29.85,29.12,29.65,4135803
2017/11/22,sh.600600,29.83,30.01,29.26,29.39,3659554
2017/11/23,sh.600600,29.35,29.52,28.37,28.42,3430340
2017/11/24,sh.600600,28.34,28.51,27.98,28.22,1988082
2017/11/27,sh.600600,28.11,28.35,27.32,27.47,3938157
2017/11/28,sh.600600,27.45,27.58,27.22,27.50,3483799
2017/11/29,sh.600600,27.42,27.58,27.04,27.22,3524293
2017/11/30,sh.600600,27.22,27.35,26.97,27.04,2116173
2017/12/1,sh.600600,27.06,27.28,27.06,27.13,2600515
2017/12/4,sh.600600,27.27,27.79,27.27,27.54,3716442
2017/12/5,sh.600600,27.58,27.82,27.19,27.23,3546567
2017/12/6,sh.600600,27.27,27.52,27.10,27.50,2216594
2017/12/7,sh.600600,27.41,27.65,27.33,27.50,2606151
2017/12/8,sh.600600,27.57,27.88,27.52,27.86,2849938
2017/12/11,sh.600600,27.87,28.36,27.83,28.33,4030530
2017/12/12,sh.600600,28.33,28.57,28.03,28.19,2939534
2017/12/13,sh.600600,28.17,30.56,28.17,30.30,9662347
2017/12/14,sh.600600,30.49,31.72,30.34,31.04,13036377
2017/12/15,sh.600600,31.21,31.88,30.94,31.47,11112785
2017/12/18,sh.600600,31.44,31.78,30.72,31.37,5547104
2017/12/19,sh.600600,31.33,31.50,31.13,31.37,5705502
2017/12/20,sh.600600,31.49,32.75,31.17,32.21,12192802
2017/12/21,sh.600600,31.28,32.03,30.94,31.73,11038574
2017/12/22,sh.600600,31.50,34.81,31.36,34.18,12759865
2017/12/25,sh.600600,34.18,37.19,34.18,35.94,12984079
2017/12/26,sh.600600,36.21,36.48,34.97,36.13,10294392
2017/12/27,sh.600600,35.70,36.04,34.73,35.08,8843266
2017/12/28,sh.600600,34.87,35.69,34.72,35.03,7996384
2017/12/29,sh.600600,35.06,35.40,34.42,34.66,6628172
2018/1/2,sh.600600,34.81,35.16,34.32,34.93,6256685
2018/1/3,sh.600600,35.00,35.03,34.06,34.71,9427267
2018/1/4,sh.600600,34.58,35.29,34.28,35.12,11635894
2018/1/5,sh.600600,37.32,38.63,37.32,38.63,22175695
2018/1/8,sh.600600,37.67,38.07,36.57,37.03,14288611
2018/1/9,sh.600600,37.00,38.33,36.67,37.52,10786210
2018/1/10,sh.600600,37.19,38.33,36.48,37.73,8491406
2018/1/11,sh.600600,37.37,38.05,36.88,37.48,5226086
2018/1/12,sh.600600,37.36,37.36,36.60,37.21,4747525
2018/1/15,sh.600600,37.12,38.60,37.12,37.72,8598716
2018/1/16,sh.600600,38.07,40.73,38.07,38.98,13801039
2018/1/17,sh.600600,38.78,38.86,37.28,38.06,8361139
2018/1/18,sh.600600,37.87,38.47,37.28,37.96,7122958
2018/1/19,sh.600600,37.57,37.87,35.65,36.70,13077192
2018/1/22,sh.600600,36.35,36.70,36.02,36.56,9848055
2018/1/23,sh.600600,36.60,36.91,35.69,36.13,10143433
2018/1/24,sh.600600,36.03,36.66,35.74,36.19,8579907
2018/1/25,sh.600600,36.04,36.37,35.51,35.96,6171401
2018/1/26,sh.600600,36.03,36.99,35.83,36.20,9653237
2018/1/29,sh.600600,36.23,36.52,34.22,34.60,8992349
2018/1/30,sh.600600,34.32,34.70,34.02,34.32,5073292
2018/1/31,sh.600600,34.39,35.34,34.32,35.15,6446493
2018/2/1,sh.600600,34.85,35.12,33.05,33.75,7053444
2018/2/2,sh.600600,33.73,35.66,33.18,35.39,6104380
2018/2/5,sh.600600,34.50,35.03,33.75,34.92,8759720
2018/2/6,sh.600600,33.95,34.26,32.61,33.51,7764072
2018/2/7,sh.600600,34.07,34.19,32.90,32.97,5781486
2018/2/8,sh.600600,32.61,33.31,32.29,33.03,4438518
2018/2/9,sh.600600,32.07,32.29,30.91,31.50,6105094
2018/2/12,sh.600600,31.72,32.58,31.60,32.39,3295634
2018/2/13,sh.600600,32.63,33.58,32.63,32.89,3505706
2018/2/14,sh.600600,32.91,33.44,32.69,33.33,1732576
2018/2/22,sh.600600,33.81,34.17,33.52,33.87,4764176
2018/2/23,sh.600600,33.88,34.09,33.54,34.04,2664284
2018/2/26,sh.600600,34.14,34.57,33.71,34.40,3721965
2018/2/27,sh.600600,34.32,34.36,33.22,33.60,4103654
2018/2/28,sh.600600,33.32,33.63,32.34,33.60,4420148
2018/3/1,sh.600600,33.28,33.90,33.06,33.71,3386758
2018/3/2,sh.600600,33.21,33.68,32.95,33.05,3128880
2018/3/5,sh.600600,33.05,33.38,32.41,32.57,3580367
2018/3/6,sh.600600,32.71,33.17,32.43,32.99,4122206
2018/3/7,sh.600600,33.05,33.56,32.39,32.60,5142692
2018/3/8,sh.600600,32.47,33.04,32.25,32.95,3287529
2018/3/9,sh.600600,33.49,34.71,33.49,34.29,9522475
2018/3/12,sh.600600,34.99,36.26,34.99,36.05,11200954
2018/3/13,sh.600600,35.96,36.54,35.44,35.94,7782228
2018/3/14,sh.600600,35.74,36.19,35.52,35.98,4479442
2018/3/15,sh.600600,35.85,37.20,35.69,36.33,7975698
2018/3/16,sh.600600,36.33,36.76,35.27,35.48,6851504
2018/3/19,sh.600600,35.47,36.01,34.89,35.68,4513009
2018/3/20,sh.600600,35.25,35.68,35.01,35.48,3733838
2018/3/21,sh.600600,35.56,36.30,34.77,34.97,5039598
2018/3/22,sh.600600,34.97,35.56,34.40,34.75,4975029
2018/3/23,sh.600600,33.20,34.20,32.65,33.52,6938919
2018/3/26,sh.600600,33.21,35.55,33.05,35.44,5862439
2018/3/27,sh.600600,35.56,35.95,35.02,35.81,6288552
2018/3/28,sh.600600,35.07,35.14,34.12,34.51,6572036
2018/3/29,sh.600600,34.52,35.33,33.51,35.24,5758640
2018/3/30,sh.600600,35.25,36.00,35.04,35.63,5469584
2018/4/2,sh.600600,35.43,37.00,35.43,35.98,5955601
2018/4/3,sh.600600,35.56,37.21,35.47,37.07,7831465
2018/4/4,sh.600600,37.47,38.31,36.74,37.44,8214281
2018/4/9,sh.600600,36.75,37.89,36.20,37.00,6182906
2018/4/10,sh.600600,37.00,38.11,36.36,37.97,6696156
2018/4/11,sh.600600,37.93,39.17,37.67,38.55,8591649
2018/4/12,sh.600600,38.53,39.35,38.23,38.43,4930294
2018/4/13,sh.600600,38.43,39.00,37.26,37.49,5205826
2018/4/16,sh.600600,37.72,39.39,37.53,38.52,8193151
2018/4/17,sh.600600,38.55,38.73,37.27,37.66,5010235
2018/4/18,sh.600600,37.74,38.11,36.13,36.92,6657916
2018/4/19,sh.600600,36.91,38.05,36.46,37.83,6616466
2018/4/20,sh.600600,37.83,38.47,36.76,36.80,4962446
2018/4/23,sh.600600,36.80,38.33,36.57,37.66,6193319
2018/4/24,sh.600600,37.89,38.94,37.63,38.19,6721515
2018/4/25,sh.600600,38.77,38.77,37.59,38.06,5308998
2018/4/26,sh.600600,37.78,38.04,35.71,36.06,8625025
2018/4/27,sh.600600,36.06,36.66,34.77,35.86,6487003
2018/5/2,sh.600600,36.12,37.09,35.80,37.06,6526435
2018/5/3,sh.600600,36.97,37.30,36.37,36.99,4560889
2018/5/4,sh.600600,36.48,38.05,36.48,37.85,7161568
2018/5/7,sh.600600,37.81,41.64,37.79,41.64,15191093
2018/5/8,sh.600600,42.28,43.20,41.87,42.95,12844845
2018/5/9,sh.600600,42.92,43.42,42.46,43.19,8354584
2018/5/10,sh.600600,43.27,44.77,42.48,43.30,9485431
2018/5/11,sh.600600,43.13,43.62,42.42,43.17,6325094
2018/5/14,sh.600600,43.13,44.71,42.65,43.62,8025044
2018/5/15,sh.600600,43.45,45.72,42.79,45.39,9808144
2018/5/16,sh.600600,44.90,47.22,44.46,45.94,13835067
2018/5/17,sh.600600,45.83,45.83,44.73,45.29,6519211
2018/5/18,sh.600600,44.95,45.99,44.39,45.70,6555830
2018/5/21,sh.600600,45.71,46.25,44.77,46.20,6647509
2018/5/22,sh.600600,45.83,46.90,45.51,46.27,5033446
2018/5/23,sh.600600,46.11,46.49,45.08,45.23,5415591
2018/5/24,sh.600600,45.22,45.47,44.07,44.50,7002508
2018/5/25,sh.600600,45.17,46.87,44.72,46.18,11594015
2018/5/28,sh.600600,46.22,50.21,46.22,49.69,13658175
2018/5/29,sh.600600,47.59,50.13,47.17,47.46,13388921
2018/5/30,sh.600600,46.72,47.91,44.50,46.90,9429891
2018/5/31,sh.600600,47.23,48.43,46.38,46.68,13495269
2018/6/1,sh.600600,46.60,47.23,43.27,44.47,13035885
2018/6/4,sh.600600,44.47,45.48,43.96,44.71,9648338
2018/6/5,sh.600600,44.82,45.23,44.26,45.16,8395586
2018/6/6,sh.600600,44.94,45.39,44.06,44.95,11546968
2018/6/7,sh.600600,44.86,44.86,43.68,43.99,9299749
2018/6/8,sh.600600,43.96,44.45,42.37,43.35,10202578
2018/6/11,sh.600600,43.33,43.80,41.37,42.20,12544250
2018/6/12,sh.600600,42.27,43.16,41.86,42.94,11477247
2018/6/13,sh.600600,43.13,43.15,41.91,41.95,7888425
2018/6/14,sh.600600,42.18,43.65,42.18,42.79,10970350
2018/6/15,sh.600600,42.79,42.98,40.36,40.96,11288307
2018/6/19,sh.600600,40.54,40.96,37.89,39.04,9209108
2018/6/20,sh.600600,39.04,40.40,38.78,40.07,8390958
2018/6/21,sh.600600,40.34,41.10,39.44,39.63,7432960
2018/6/22,sh.600600,39.22,40.68,39.07,40.52,5854394
2018/6/25,sh.600600,40.89,41.70,40.56,41.19,7600301
2018/6/26,sh.600600,40.63,41.11,39.64,40.01,6539039
2018/6/27,sh.600600,40.01,40.48,38.33,38.94,7506266
2018/6/28,sh.600600,38.42,38.79,36.63,37.03,6472038
2018/6/29,sh.600600,37.53,39.26,37.19,38.63,8867560
2018/7/2,sh.600600,39.00,40.09,38.56,39.14,6904990
2018/7/3,sh.600600,39.13,39.65,38.20,39.11,4683394
2018/7/4,sh.600600,38.95,39.04,37.89,38.38,3931644
2018/7/5,sh.600600,38.14,39.08,37.47,38.48,5033343
2018/7/6,sh.600600,38.59,38.59,35.87,37.18,7600319
2018/7/9,sh.600600,36.86,39.20,36.84,39.08,7045195
2018/7/10,sh.600600,39.18,39.66,38.60,39.36,4193611
2018/7/11,sh.600600,38.68,39.54,37.96,39.22,3897723
2018/7/12,sh.600600,38.96,40.73,38.96,40.71,5825924
2018/7/13,sh.600600,40.91,41.24,40.19,41.00,3854754
2018/7/16,sh.600600,41.13,41.50,39.66,40.38,3989130
2018/7/17,sh.600600,40.49,40.49,39.12,40.19,3509795
2018/7/18,sh.600600,40.24,42.30,40.02,41.99,8806972
2018/7/19,sh.600600,42.09,42.12,40.99,41.22,3654828
2018/7/20,sh.600600,41.08,42.34,40.89,41.89,5040703
2018/7/23,sh.600600,41.80,41.81,40.56,40.91,3892210
2018/7/24,sh.600600,40.91,41.33,40.11,40.98,4992088
2018/7/25,sh.600600,41.15,41.15,40.36,40.56,2990916
2018/7/26,sh.600600,40.41,41.32,40.40,40.64,3854223
2018/7/27,sh.600600,40.93,41.02,39.39,39.82,3161046
2018/7/30,sh.600600,40.11,40.32,39.13,39.80,2768806
2018/7/31,sh.600600,39.92,39.98,38.86,39.09,2604634
2018/8/1,sh.600600,39.09,39.57,37.79,38.07,4152025
2018/8/2,sh.600600,38.07,38.07,36.01,37.48,4435255
2018/8/3,sh.600600,37.92,38.00,34.72,34.90,6738678
2018/8/6,sh.600600,34.88,34.98,33.11,33.82,7089512
2018/8/7,sh.600600,33.89,34.61,33.35,34.57,6721447
2018/8/8,sh.600600,34.53,34.61,33.44,33.46,5206636
2018/8/9,sh.600600,33.21,34.94,33.21,34.48,5200876
2018/8/10,sh.600600,34.44,35.33,34.44,34.85,2992295
2018/8/13,sh.600600,34.62,34.62,33.64,34.44,3838494
2018/8/14,sh.600600,34.45,35.15,34.25,34.42,2668030
2018/8/15,sh.600600,34.53,34.62,32.93,33.03,4364289
2018/8/16,sh.600600,32.35,32.90,31.90,32.25,5499637
2018/8/17,sh.600600,32.44,32.62,31.86,32.16,3469263
2018/8/20,sh.600600,32.02,32.13,30.56,31.21,5227620
2018/8/21,sh.600600,31.41,31.90,31.19,31.60,6605707
2018/8/22,sh.600600,31.60,31.86,30.78,30.85,3931747
2018/8/23,sh.600600,30.96,31.74,30.88,31.33,4137981
2018/8/24,sh.600600,31.57,32.04,31.20,31.77,3799864
2018/8/27,sh.600600,32.13,32.74,31.52,32.49,6319670
2018/8/28,sh.600600,32.56,32.65,32.06,32.32,3825296
2018/8/29,sh.600600,31.91,31.91,30.80,31.14,7156866
2018/8/30,sh.600600,31.19,31.34,30.94,31.14,4047071
2018/8/31,sh.600600,31.04,31.04,30.27,30.44,3642794
2018/9/3,sh.600600,30.44,30.66,30.14,30.59,2709089
2018/9/4,sh.600600,30.51,30.70,29.97,30.63,2856364
2018/9/5,sh.600600,30.62,30.63,30.19,30.32,2604733
2018/9/6,sh.600600,30.06,30.25,29.02,29.46,4628677
2018/9/7,sh.600600,29.32,29.82,29.07,29.53,3503671
2018/9/10,sh.600600,29.59,29.63,29.01,29.42,2035601
2018/9/11,sh.600600,29.43,29.45,28.49,28.59,4641436
2018/9/12,sh.600600,28.50,28.84,28.33,28.39,3592272
2018/9/13,sh.600600,28.66,28.91,27.88,28.48,3475310
2018/9/14,sh.600600,28.64,28.84,28.04,28.69,4493944
2018/9/17,sh.600600,28.14,28.29,27.66,27.72,4757157
2018/9/18,sh.600600,27.66,28.94,27.48,28.74,5650948
2018/9/19,sh.600600,28.66,30.40,28.50,30.14,8754166
2018/9/20,sh.600600,30.07,30.23,29.56,29.77,4484014
2018/9/21,sh.600600,29.95,30.66,29.78,30.48,6032426
2018/9/25,sh.600600,30.01,30.62,29.91,30.61,3199853
2018/9/26,sh.600600,30.51,31.86,30.44,31.46,6734621
2018/9/27,sh.600600,31.42,31.42,30.80,30.88,3633532
2018/9/28,sh.600600,30.91,31.39,30.67,30.95,4190926
2018/10/8,sh.600600,30.17,30.62,29.96,30.10,4021229
2018/10/9,sh.600600,29.95,30.22,28.89,29.35,4174341
2018/10/10,sh.600600,29.44,30.04,29.44,29.99,4220299
2018/10/11,sh.600600,28.93,30.50,28.75,29.16,6060984
2018/10/12,sh.600600,29.02,29.28,27.86,28.53,4285162
2018/10/15,sh.600600,28.53,29.34,28.05,28.53,3756224
2018/10/16,sh.600600,28.13,28.79,27.77,27.90,2920533
2018/10/17,sh.600600,28.14,28.39,27.16,27.90,2601362
2018/10/18,sh.600600,27.87,27.87,26.75,27.26,4232393
2018/10/19,sh.600600,26.86,28.47,26.75,28.39,3683275
2018/10/22,sh.600600,28.79,30.26,28.73,29.37,6659185
2018/10/23,sh.600600,29.63,29.63,28.21,28.39,4151980
2018/10/24,sh.600600,28.39,28.55,27.51,27.93,3038703
2018/10/25,sh.600600,27.24,27.40,26.79,27.32,3529472
2018/10/26,sh.600600,27.58,27.91,26.72,26.88,3165029
2018/10/29,sh.600600,26.64,26.64,25.38,25.54,6115239
2018/10/30,sh.600600,25.62,26.24,25.28,25.89,6166807
2018/10/31,sh.600600,25.87,27.01,25.87,26.88,6334521
2018/11/1,sh.600600,27.38,28.19,27.06,27.80,6084201
2018/11/2,sh.600600,28.19,29.34,28.14,29.15,5453332
2018/11/5,sh.600600,28.97,29.56,28.91,29.30,3655392
2018/11/6,sh.600600,29.30,29.51,28.74,29.26,1929287
2018/11/7,sh.600600,29.41,29.68,29.19,29.33,2558853
2018/11/8,sh.600600,29.59,29.70,28.94,29.08,2594273
2018/11/9,sh.600600,29.28,29.28,28.52,29.10,2585297
2018/11/12,sh.600600,29.10,29.62,28.89,29.34,2504973
2018/11/13,sh.600600,28.86,29.51,28.68,29.33,3000539
2018/11/14,sh.600600,29.19,29.28,28.63,28.73,2721614
2018/11/15,sh.600600,28.75,29.02,28.60,28.83,2171833
2018/11/16,sh.600600,28.91,29.28,28.46,29.26,3086096
2018/11/19,sh.600600,29.24,29.24,28.66,28.79,4060597
2018/11/20,sh.600600,28.71,28.71,27.48,27.62,4746164
2018/11/21,sh.600600,27.01,27.58,27.01,27.46,2133963
2018/11/22,sh.600600,27.48,27.81,27.22,27.46,2236592
2018/11/23,sh.600600,27.48,27.50,26.50,26.67,3245533
2018/11/26,sh.600600,26.70,27.05,26.70,26.83,1906955
2018/11/27,sh.600600,26.95,27.03,26.73,26.86,1247137
2018/11/28,sh.600600,26.79,27.32,26.76,27.28,1868441
2018/11/29,sh.600600,27.34,27.64,26.94,27.01,2137186
2018/11/30,sh.600600,27.01,27.44,26.91,27.44,1668029
2018/12/3,sh.600600,28.13,28.63,27.72,28.21,5577650
2018/12/4,sh.600600,28.10,28.46,27.94,28.41,3050186
2018/12/5,sh.600600,27.87,28.54,27.87,28.29,2963349
2018/12/6,sh.600600,28.21,28.28,27.64,27.67,2486919
2018/12/7,sh.600600,27.75,28.56,27.75,28.37,4157724
2018/12/10,sh.600600,28.20,28.84,28.09,28.63,4471347
2018/12/11,sh.600600,28.48,29.82,28.23,29.67,6555798
2018/12/12,sh.600600,29.82,31.44,29.77,31.37,9328249
2018/12/13,sh.600600,31.38,32.47,31.15,31.71,6868180
2018/12/14,sh.600600,31.60,32.65,31.43,32.03,7609409
2018/12/17,sh.600600,32.04,32.13,31.02,31.47,5346569
2018/12/18,sh.600600,31.32,31.91,30.98,31.39,4952980
2018/12/19,sh.600600,31.66,32.40,31.04,31.45,5607625
2018/12/20,sh.600600,31.24,32.00,30.44,31.70,4946919
2018/12/21,sh.600600,31.90,32.20,30.75,31.24,3981289
2018/12/24,sh.600600,31.33,32.90,30.84,32.84,4653272
2018/12/25,sh.600600,32.20,32.36,31.15,32.16,4963945
2018/12/26,sh.600600,32.10,32.13,30.99,31.25,3045001
2018/12/27,sh.600600,31.54,31.74,31.15,31.20,2947050
2018/12/28,sh.600600,31.20,31.47,30.71,31.03,2662070
2019/1/2,sh.600600,31.07,31.76,30.37,30.71,2866826
2019/1/3,sh.600600,30.97,31.05,29.31,29.64,3137838
2019/1/4,sh.600600,28.65,30.20,28.65,29.73,2816908
2019/1/7,sh.600600,29.81,31.31,29.46,31.03,4165242
2019/1/8,sh.600600,30.90,30.90,29.55,29.81,4465646
2019/1/9,sh.600600,29.83,30.87,29.62,30.04,4591794
2019/1/10,sh.600600,30.02,30.02,29.26,29.53,4342328
2019/1/11,sh.600600,29.55,29.91,29.28,29.56,3027414
2019/1/14,sh.600600,29.60,29.62,29.06,29.45,2502931
2019/1/15,sh.600600,29.35,32.40,29.22,32.40,10810126
2019/1/16,sh.600600,32.04,32.82,31.92,32.13,6596757
2019/1/17,sh.600600,32.49,32.49,31.86,31.86,4330457
2019/1/18,sh.600600,32.04,32.46,31.83,32.21,4685634
2019/1/21,sh.600600,32.19,34.50,32.12,32.74,7439315
2019/1/22,sh.600600,32.49,32.70,31.86,32.19,2824918
2019/1/23,sh.600600,32.04,32.65,31.87,32.31,2863203
2019/1/24,sh.600600,32.24,32.76,32.08,32.56,2333696
2019/1/25,sh.600600,32.55,33.43,32.18,32.78,3176591
2019/1/28,sh.600600,32.93,33.77,32.58,32.90,4363808
2019/1/29,sh.600600,32.75,34.16,32.13,33.94,4956990
2019/1/30,sh.600600,33.41,34.43,33.07,33.10,3985083
2019/1/31,sh.600600,32.98,33.93,32.98,33.58,2556359
2019/2/1,sh.600600,33.62,34.00,33.38,33.91,3193602
2019/2/11,sh.600600,33.91,34.71,33.38,34.44,4417674
2019/2/12,sh.600600,34.42,34.44,33.91,34.22,4249343
2019/2/13,sh.600600,34.18,34.44,34.04,34.31,3804185
2019/2/14,sh.600600,34.25,35.82,34.16,35.12,4301795
2019/2/15,sh.600600,35.06,35.06,34.00,34.12,3445361
2019/2/18,sh.600600,34.16,35.17,34.13,34.77,3449336
2019/2/19,sh.600600,34.84,35.04,33.42,34.00,5970855
2019/2/20,sh.600600,34.01,34.33,33.56,33.74,3501712
2019/2/21,sh.600600,34.00,34.25,33.48,33.82,4059383
2019/2/22,sh.600600,33.65,33.81,33.20,33.74,5863946
2019/2/25,sh.600600,33.81,34.87,33.63,34.80,8145494
2019/2/26,sh.600600,34.71,36.26,34.17,35.33,8844006
2019/2/27,sh.600600,35.16,36.36,34.25,34.66,9633296
2019/2/28,sh.600600,34.18,34.49,33.84,34.07,4823934
2019/3/1,sh.600600,34.15,34.97,34.15,34.92,8174414
2019/3/4,sh.600600,34.98,36.12,34.40,35.86,9415014
2019/3/5,sh.600600,36.05,36.31,35.20,35.56,7731621
2019/3/6,sh.600600,35.60,35.74,34.86,35.40,7332867
2019/3/7,sh.600600,35.37,36.04,34.67,34.96,7290536
2019/3/8,sh.600600,34.61,34.66,33.29,33.39,8072114
2019/3/11,sh.600600,33.39,33.90,33.38,33.77,5023421
2019/3/12,sh.600600,33.96,34.34,33.65,33.99,5594394
2019/3/13,sh.600600,33.82,34.16,33.39,33.45,4625254
2019/3/14,sh.600600,33.47,34.67,33.38,34.65,8514560
2019/3/15,sh.600600,34.70,35.42,34.28,34.66,9920701
2019/3/18,sh.600600,34.99,37.63,34.71,36.98,17480448
2019/3/19,sh.600600,37.11,37.55,36.28,36.47,9660080
2019/3/20,sh.600600,36.48,37.20,35.96,36.32,8124307
2019/3/21,sh.600600,36.40,36.55,35.65,35.87,8157032
2019/3/22,sh.600600,35.90,36.36,35.42,35.77,8479924
2019/3/25,sh.600600,34.89,35.59,34.52,34.85,7605420
2019/3/26,sh.600600,34.94,35.09,33.71,34.02,8348762
2019/3/27,sh.600600,34.09,36.75,34.09,36.09,17153443
2019/3/28,sh.600600,36.05,36.84,35.74,36.61,9762907
2019/3/29,sh.600600,35.94,39.34,35.87,38.42,18443559
2019/4/1,sh.600600,38.28,41.39,38.28,41.08,16149715
2019/4/2,sh.600600,41.08,42.05,40.17,41.08,9179787
2019/4/3,sh.600600,41.39,44.91,41.16,43.26,12668527
2019/4/4,sh.600600,43.74,44.67,42.87,43.70,10294498
2019/4/8,sh.600600,43.75,44.95,42.64,43.17,9016188
2019/4/9,sh.600600,42.99,43.41,41.58,43.08,7261999
2019/4/10,sh.600600,43.13,43.83,42.29,43.22,7682525
2019/4/11,sh.600600,43.51,43.56,42.19,42.54,7428645
2019/4/12,sh.600600,42.37,45.11,42.37,43.43,9656892
2019/4/15,sh.600600,44.04,44.50,41.84,41.99,9979407
2019/4/16,sh.600600,41.99,42.65,41.65,42.54,5652769
2019/4/17,sh.600600,42.81,43.00,42.10,42.59,4696670
2019/4/18,sh.600600,42.59,46.25,42.37,45.21,13387274
2019/4/19,sh.600600,44.68,45.10,43.79,44.50,6264432
2019/4/22,sh.600600,44.50,45.21,43.66,44.01,4458910
2019/4/23,sh.600600,44.06,44.96,43.31,43.94,5856347
2019/4/24,sh.600600,44.05,44.37,43.02,43.88,5934229
2019/4/25,sh.600600,43.79,44.04,42.80,42.80,4189177
2019/4/26,sh.600600,42.80,43.38,42.44,43.25,4469597
2019/4/29,sh.600600,42.86,43.08,41.39,41.92,6779516
2019/4/30,sh.600600,43.00,45.76,43.00,45.39,10976403
2019/5/6,sh.600600,44.50,46.77,43.61,44.50,14915054
2019/5/7,sh.600600,44.86,46.75,44.86,46.42,11157443
2019/5/8,sh.600600,45.21,47.39,44.77,45.13,9021058
2019/5/9,sh.600600,44.23,44.24,41.94,42.62,10519113
2019/5/10,sh.600600,43.02,45.50,43.02,45.49,9350148
2019/5/13,sh.600600,45.39,47.73,44.69,46.87,10139575
2019/5/14,sh.600600,45.93,46.99,45.71,46.45,5667847
2019/5/15,sh.600600,46.59,48.07,45.97,47.99,8812772
2019/5/16,sh.600600,47.48,48.48,47.17,48.33,7268310
2019/5/17,sh.600600,48.51,48.90,46.13,46.53,9175286
2019/5/20,sh.600600,46.28,46.53,44.26,46.27,7651941
2019/5/21,sh.600600,45.75,46.44,44.50,45.97,5022808
2019/5/22,sh.600600,45.98,46.59,44.80,45.26,4345451
2019/5/23,sh.600600,45.04,45.30,43.46,43.56,5754430
2019/5/24,sh.600600,43.83,44.49,42.90,44.06,5599733
2019/5/27,sh.600600,43.79,44.22,42.88,43.97,6999172
2019/5/28,sh.600600,43.88,44.22,42.87,44.06,10158655
2019/5/29,sh.600600,43.42,44.19,43.06,43.30,8161006
2019/5/30,sh.600600,42.90,43.62,42.90,43.51,4924731
2019/5/31,sh.600600,43.51,43.79,42.82,43.27,4966803
2019/6/3,sh.600600,43.42,43.57,41.65,42.12,8348762
2019/6/4,sh.600600,42.23,42.30,40.55,40.85,8255835
2019/6/5,sh.600600,41.57,41.58,39.79,40.18,9766281
2019/6/6,sh.600600,40.53,41.39,39.96,40.14,9557421
2019/6/10,sh.600600,40.43,41.65,39.87,41.21,8432418
2019/6/11,sh.600600,41.37,43.51,41.37,43.44,10362317
2019/6/12,sh.600600,43.15,43.25,42.19,42.56,7514691
2019/6/13,sh.600600,42.56,42.80,41.88,42.21,5167900
2019/6/14,sh.600600,42.31,42.62,41.20,42.01,7471203
2019/6/17,sh.600600,41.81,41.81,39.94,40.50,9805083
2019/6/18,sh.600600,40.44,41.16,39.83,40.95,8247538
2019/6/19,sh.600600,42.26,42.36,41.61,42.00,9167598
2019/6/20,sh.600600,42.00,43.42,41.73,43.30,9475673
2019/6/21,sh.600600,43.24,43.60,42.21,42.46,12426567
2019/6/24,sh.600600,42.47,43.38,42.16,42.82,8371475
2019/6/25,sh.600600,42.79,43.03,41.93,42.53,5729982
2019/6/26,sh.600600,42.12,42.72,42.12,42.55,3906127
2019/6/27,sh.600600,42.63,44.80,42.53,44.55,13966233
2019/6/28,sh.600600,44.46,44.46,43.51,44.44,7282171
2019/7/1,sh.600600,44.84,46.26,44.54,45.20,11974556
2019/7/2,sh.600600,45.41,45.68,44.50,44.90,7480694
2019/7/3,sh.600600,44.86,45.39,43.17,43.91,12934376
2019/7/4,sh.600600,43.78,44.00,42.37,42.62,9747800
2019/7/5,sh.600600,42.77,43.13,42.37,43.00,6377600
2019/7/8,sh.600600,42.98,43.19,41.86,42.35,5875808
2019/7/9,sh.600600,42.58,42.81,41.83,42.57,5096451
2019/7/10,sh.600600,42.47,42.78,42.19,42.31,2964798
2019/7/11,sh.600600,42.61,42.69,41.15,41.62,7516982
2019/7/12,sh.600600,41.74,41.89,41.21,41.78,5467832
2019/7/15,sh.600600,41.78,42.01,40.76,41.82,5569035
2019/7/16,sh.600600,41.73,41.88,40.94,41.16,5042883
2019/7/17,sh.600600,41.16,41.95,40.85,41.89,6137843
2019/7/18,sh.600600,41.81,42.41,41.42,42.05,4994065
2019/7/19,sh.600600,42.10,42.35,41.74,41.92,3448933
2019/7/22,sh.600600,41.83,41.83,40.85,41.46,3580235
2019/7/23,sh.600600,41.39,42.33,41.24,42.29,5334899
2019/7/24,sh.600600,42.36,42.75,41.93,42.05,4953140
2019/7/25,sh.600600,41.90,42.05,41.16,41.49,6222841
2019/7/26,sh.600600,41.46,41.48,40.87,41.03,6469652
2019/7/29,sh.600600,41.27,41.37,41.02,41.30,6414891
2019/7/30,sh.600600,41.42,41.46,40.87,41.04,5682543
2019/7/31,sh.600600,40.99,41.21,40.23,40.33,6687083
2019/8/1,sh.600600,40.45,40.45,39.17,39.62,7800320
2019/8/2,sh.600600,38.63,38.96,38.49,38.74,5280431
2019/8/5,sh.600600,38.70,38.79,37.88,38.16,4585610
2019/8/6,sh.600600,37.71,38.06,36.48,37.88,8648172
2019/8/7,sh.600600,37.91,38.67,37.88,38.01,3776965
2019/8/8,sh.600600,38.18,39.98,38.16,39.83,8895133
2019/8/9,sh.600600,40.00,40.50,39.42,40.15,6268191
2019/8/12,sh.600600,40.05,41.22,40.05,41.13,6906814
2019/8/13,sh.600600,40.79,41.55,40.59,41.49,6044013
2019/8/14,sh.600600,41.94,41.97,41.50,41.63,4935741
2019/8/15,sh.600600,41.16,41.85,40.69,41.44,6236138
2019/8/16,sh.600600,43.67,45.59,43.51,45.59,19481856
2019/8/19,sh.600600,45.90,47.44,45.90,46.48,21091778
2019/8/20,sh.600600,45.99,47.14,45.99,46.53,9645438
2019/8/21,sh.600600,46.64,47.14,46.08,46.42,5625308
2019/8/22,sh.600600,46.64,48.27,46.64,47.32,10678382
2019/8/23,sh.600600,47.34,47.61,46.98,47.43,4980820
2019/8/26,sh.600600,46.89,47.25,45.92,46.89,5953193
2019/8/27,sh.600600,47.15,47.59,46.62,46.87,5746955
2019/8/28,sh.600600,46.90,47.56,46.39,46.98,4758132
2019/8/29,sh.600600,47.18,49.08,46.72,48.87,10337832
2019/8/30,sh.600600,48.87,48.88,47.29,47.54,8646939
2019/9/2,sh.600600,47.51,48.15,46.89,47.59,5842673
2019/9/3,sh.600600,47.57,47.88,46.62,46.99,5564245
2019/9/4,sh.600600,46.89,47.43,46.06,46.80,7526004
2019/9/5,sh.600600,47.07,47.20,45.90,46.00,8527347
2019/9/6,sh.600600,46.13,46.30,45.27,45.64,7197988
2019/9/9,sh.600600,45.89,46.17,44.69,45.01,10417936
2019/9/10,sh.600600,45.36,45.44,44.75,44.97,8969909
2019/9/11,sh.600600,44.91,44.97,43.47,44.51,9391850
2019/9/12,sh.600600,44.52,45.07,44.12,44.73,7347056
2019/9/16,sh.600600,44.69,45.69,44.38,45.35,10562653
2019/9/17,sh.600600,45.27,45.27,43.96,44.07,7825905
2019/9/18,sh.600600,44.10,46.08,44.10,45.34,9950622
2019/9/19,sh.600600,45.45,45.57,44.40,44.81,5359717
2019/9/20,sh.600600,44.91,45.45,44.55,45.03,6451864
2019/9/23,sh.600600,45.03,45.16,43.99,44.62,4587718
2019/9/24,sh.600600,44.89,44.97,44.01,44.19,5303613
2019/9/25,sh.600600,44.50,44.54,43.87,44.22,4778806
2019/9/26,sh.600600,44.49,45.30,43.52,43.97,5468577
2019/9/27,sh.600600,44.13,44.31,42.30,43.87,4584313
2019/9/30,sh.600600,44.10,44.10,43.22,43.65,2352745
2019/10/8,sh.600600,43.76,44.92,43.39,44.43,4490702
2019/10/9,sh.600600,44.47,44.59,43.56,44.49,3117873
2019/10/10,sh.600600,44.14,45.56,43.96,45.22,5292706
2019/10/11,sh.600600,45.33,46.26,44.41,44.56,6049909
2019/10/14,sh.600600,44.85,44.85,43.29,43.49,10699663
2019/10/15,sh.600600,43.36,43.64,42.89,42.95,4885764
2019/10/16,sh.600600,43.11,43.13,42.47,43.02,3665820
2019/10/17,sh.600600,43.04,43.04,42.58,42.75,2815464
2019/10/18,sh.600600,42.84,43.15,42.30,42.64,2944902
2019/10/21,sh.600600,42.41,42.79,42.04,42.42,3288244
2019/10/22,sh.600600,42.64,42.64,42.06,42.21,4017005
2019/10/23,sh.600600,42.12,42.42,41.49,41.85,3786737
2019/10/24,sh.600600,41.66,41.91,41.41,41.46,2959650
2019/10/25,sh.600600,41.41,42.39,41.16,42.16,3628619
2019/10/28,sh.600600,42.02,43.20,41.86,43.11,5113770
2019/10/29,sh.600600,43.33,44.67,42.76,43.92,9194420
2019/10/30,sh.600600,43.55,43.75,42.75,42.93,5582241
2019/10/31,sh.600600,43.01,43.02,41.89,42.30,4723763
2019/11/1,sh.600600,42.25,43.48,41.97,43.05,4847970
2019/11/4,sh.600600,43.08,43.98,43.02,43.49,4787668
2019/11/5,sh.600600,43.65,44.01,43.03,43.56,5100289
2019/11/6,sh.600600,43.82,44.28,42.77,42.99,4444692
2019/11/7,sh.600600,43.04,43.20,42.50,42.72,5264099
2019/11/8,sh.600600,43.07,44.81,42.99,44.03,12040936
2019/11/11,sh.600600,44.28,45.45,43.33,44.28,8080354
2019/11/12,sh.600600,44.42,46.34,44.42,46.15,14330116
2019/11/13,sh.600600,47.70,49.96,47.25,49.54,20068725
2019/11/14,sh.600600,49.42,50.76,48.47,49.67,9833893
2019/11/15,sh.600600,48.92,50.67,48.92,49.52,8474000
2019/11/18,sh.600600,49.61,49.95,48.28,49.05,7602063
2019/11/19,sh.600600,49.59,49.71,47.70,48.45,10157909
2019/11/20,sh.600600,48.61,49.02,47.65,47.76,6583575
2019/11/21,sh.600600,48.03,48.05,47.29,47.57,4693694
2019/11/22,sh.600600,47.84,47.88,46.15,46.75,7106291
2019/11/25,sh.600600,46.80,46.93,45.90,46.75,4856174
2019/11/26,sh.600600,46.80,47.21,46.19,47.16,4249802
2019/11/27,sh.600600,46.62,46.62,45.59,46.00,5739234
2019/11/28,sh.600600,46.06,46.60,45.82,46.21,4159792
2019/11/29,sh.600600,46.08,46.08,44.96,45.62,4393549
2019/12/2,sh.600600,45.54,45.91,45.18,45.54,2727628
2019/12/3,sh.600600,45.61,46.12,44.94,45.84,3501072
2019/12/4,sh.600600,45.99,46.09,45.45,45.84,2652156
2019/12/5,sh.600600,45.95,46.78,45.54,46.67,4217503
2019/12/6,sh.600600,46.69,47.05,46.35,46.89,4105715
2019/12/9,sh.600600,46.79,47.31,46.21,46.22,3924687
2019/12/10,sh.600600,46.21,46.21,45.55,45.70,3725105
2019/12/11,sh.600600,45.76,46.25,45.30,45.48,3624872
2019/12/12,sh.600600,45.49,46.75,45.18,46.56,5756335
2019/12/13,sh.600600,47.16,48.05,46.48,47.81,6613072
2019/12/16,sh.600600,47.83,48.18,46.21,46.80,8605861
2019/12/17,sh.600600,46.80,46.80,45.79,46.51,8360736
2019/12/18,sh.600600,46.37,46.48,45.99,46.10,3999464
2019/12/19,sh.600600,46.10,46.18,45.54,45.81,3910277
2019/12/20,sh.600600,45.76,46.24,45.54,45.84,3750513
2019/12/23,sh.600600,45.81,45.84,45.03,45.15,3927713
2019/12/24,sh.600600,45.26,45.41,44.37,45.27,4683254
2019/12/25,sh.600600,45.16,45.21,44.64,44.85,2775352
2019/12/26,sh.600600,44.98,45.40,44.71,45.33,2572523
2019/12/27,sh.600600,45.23,46.07,45.23,45.40,4625746
2019/12/30,sh.600600,45.47,46.05,45.10,45.98,4976722
2019/12/31,sh.600600,45.98,46.26,45.69,45.90,3756177
2020/1/2,sh.600600,46.35,46.39,45.75,46.00,5194119
2020/1/3,sh.600600,46.19,46.25,45.93,46.12,4111222
2020/1/6,sh.600600,45.75,45.76,44.85,45.01,5969399
2020/1/7,sh.600600,45.18,45.36,44.55,45.27,4081070
2020/1/8,sh.600600,45.03,45.29,44.81,45.02,2907607
2020/1/9,sh.600600,45.24,45.92,45.09,45.76,5766115
2020/1/10,sh.600600,45.84,46.45,45.30,46.19,6447369
2020/1/13,sh.600600,46.46,46.46,45.63,45.85,6851688
2020/1/14,sh.600600,45.92,45.92,45.09,45.32,7995660
2020/1/15,sh.600600,45.10,45.62,44.99,45.45,4296515
2020/1/16,sh.600600,45.52,45.86,45.27,45.63,4491350
2020/1/17,sh.600600,45.84,46.14,45.63,46.12,5037928
2020/1/20,sh.600600,46.05,47.21,45.92,46.71,7398451
2020/1/21,sh.600600,46.74,46.74,44.41,44.82,10284747
2020/1/22,sh.600600,44.19,44.86,43.02,44.76,8020483
2020/1/23,sh.600600,43.56,44.26,43.06,43.50,6416079
2020/2/3,sh.600600,39.15,39.57,39.15,39.15,6580826
2020/2/4,sh.600600,38.43,40.83,38.25,40.54,9519635
2020/2/5,sh.600600,40.54,41.01,40.10,40.33,6169770
2020/2/6,sh.600600,40.34,40.68,39.78,40.57,4797751
2020/2/7,sh.600600,40.23,41.82,40.16,41.05,6752182
2020/2/10,sh.600600,40.77,40.95,40.32,40.60,6472994
2020/2/11,sh.600600,40.66,41.38,40.49,40.99,7487211
2020/2/12,sh.600600,40.95,41.44,40.78,41.16,4598723
2020/2/13,sh.600600,41.15,41.29,40.48,40.48,4348342
2020/2/14,sh.600600,40.46,40.80,40.34,40.50,3901331
2020/2/17,sh.600600,40.50,41.00,40.41,40.95,6091517
2020/2/18,sh.600600,40.93,41.04,40.53,40.95,5413033
2020/2/19,sh.600600,40.99,41.56,40.86,40.98,8723353
2020/2/20,sh.600600,40.97,42.35,40.96,41.85,13290326
2020/2/21,sh.600600,41.85,42.03,41.48,41.60,8056730
2020/2/24,sh.600600,41.40,41.40,40.59,40.68,10226995
2020/2/25,sh.600600,40.03,40.31,39.49,39.81,9245599
2020/2/26,sh.600600,39.47,40.31,38.70,38.72,12963410
2020/2/27,sh.600600,39.03,39.73,38.92,39.36,7186009
2020/2/28,sh.600600,38.73,39.04,37.85,38.43,14327244
2020/3/2,sh.600600,38.34,39.55,38.34,38.97,11000908
2020/3/3,sh.600600,39.49,39.54,38.75,38.88,9062126
2020/3/4,sh.600600,38.84,39.82,38.46,39.82,8726793
2020/3/5,sh.600600,39.91,41.42,39.90,41.21,15243810
2020/3/6,sh.600600,40.50,41.44,40.32,40.77,7775242
2020/3/9,sh.600600,40.16,40.17,38.70,39.30,9955498
2020/3/10,sh.600600,38.71,40.23,38.70,40.01,7836904
2020/3/11,sh.600600,40.00,40.95,39.87,40.25,8081172
2020/3/12,sh.600600,40.18,40.18,38.98,39.31,5864813
2020/3/13,sh.600600,36.92,38.97,36.91,38.70,5306768
2020/3/16,sh.600600,38.75,38.94,35.99,36.09,8023935
2020/3/17,sh.600600,35.89,36.66,34.14,34.42,10884024
2020/3/18,sh.600600,34.74,35.30,34.30,34.30,8697309
2020/3/19,sh.600600,34.30,34.41,32.76,33.91,8921342
2020/3/20,sh.600600,33.91,35.28,33.91,35.28,6940303
2020/3/23,sh.600600,34.34,35.95,34.20,35.40,7367814
2020/3/24,sh.600600,37.17,38.94,36.91,38.94,20531020
2020/3/25,sh.600600,40.03,40.75,38.88,40.39,15631882
2020/3/26,sh.600600,40.03,40.84,39.51,39.70,8824933
2020/3/27,sh.600600,40.05,41.13,39.82,40.00,8652543
2020/3/30,sh.600600,39.90,41.99,39.37,41.49,13679442
2020/3/31,sh.600600,41.44,41.83,40.82,41.14,7356151
2020/4/1,sh.600600,41.15,41.58,40.11,40.81,6064829
2020/4/2,sh.600600,40.35,40.51,39.56,40.51,6805330
2020/4/3,sh.600600,40.33,41.56,40.30,40.83,7231079
2020/4/7,sh.600600,40.95,42.25,40.95,41.88,7303716
2020/4/8,sh.600600,41.63,42.10,41.06,41.23,4028261
2020/4/9,sh.600600,41.50,42.20,40.87,42.05,6292124
2020/4/10,sh.600600,42.06,43.77,41.85,42.34,10053722
2020/4/13,sh.600600,42.24,43.92,41.58,43.11,8330847
2020/4/14,sh.600600,43.02,43.05,42.12,42.52,6535753
2020/4/15,sh.600600,42.51,42.89,41.50,41.52,5609171
2020/4/16,sh.600600,41.38,42.07,40.50,41.89,5787289
2020/4/17,sh.600600,42.11,42.57,41.33,41.89,5541683
2020/4/20,sh.600600,42.15,42.31,41.33,42.20,5155496
2020/4/21,sh.600600,42.00,42.16,40.77,41.10,4125287
2020/4/22,sh.600600,40.83,42.24,40.61,42.11,5184194
2020/4/23,sh.600600,42.11,42.98,42.05,42.55,4920640
2020/4/24,sh.600600,42.60,44.52,42.21,43.94,12280425
2020/4/27,sh.600600,43.95,45.09,43.51,44.67,7940910
2020/4/28,sh.600600,44.58,45.90,43.99,45.00,8273175
2020/4/29,sh.600600,44.91,45.97,43.99,45.94,10153422
2020/4/30,sh.600600,47.34,49.05,46.15,47.47,14110123
2020/5/6,sh.600600,47.86,49.73,47.86,49.73,14577926
2020/5/7,sh.600600,49.82,50.28,48.71,49.95,8661669
2020/5/8,sh.600600,49.84,51.30,49.23,49.82,11177269
2020/5/11,sh.600600,49.32,50.09,49.18,49.31,6948794
2020/5/12,sh.600600,49.80,51.09,49.16,50.34,6516078
2020/5/13,sh.600600,50.33,53.97,49.99,53.51,10129365
2020/5/14,sh.600600,53.28,56.13,52.60,54.29,13773045
2020/5/15,sh.600600,54.89,55.35,54.02,54.61,5904217
2020/5/18,sh.600600,54.27,55.50,53.64,55.12,5442372
2020/5/19,sh.600600,54.90,54.98,52.66,54.63,8074509
2020/5/20,sh.600600,54.00,55.17,53.28,54.73,6411724
2020/5/21,sh.600600,54.72,55.06,53.47,53.89,7775540
2020/5/22,sh.600600,54.32,54.32,52.38,52.72,7607673
2020/5/25,sh.600600,52.81,54.27,50.90,53.62,7043245
2020/5/26,sh.600600,54.15,55.77,54.15,54.94,6039971
2020/5/27,sh.600600,54.94,56.94,54.57,54.94,5195202
2020/5/28,sh.600600,54.74,55.90,54.16,55.71,4752861
2020/5/29,sh.600600,55.71,57.31,55.15,56.96,5011419
2020/6/1,sh.600600,57.15,58.50,56.60,57.92,7531539
2020/6/2,sh.600600,57.69,57.69,55.08,55.58,9191940
2020/6/3,sh.600600,56.06,57.15,54.69,56.97,6558092
2020/6/4,sh.600600,57.18,60.57,57.18,60.57,12506294
2020/6/5,sh.600600,60.66,60.66,57.22,58.98,13608013
2020/6/8,sh.600600,58.47,58.62,56.73,58.04,7802160
2020/6/9,sh.600600,58.04,58.36,57.58,58.00,4345758
2020/6/10,sh.600600,57.81,58.72,57.69,58.49,4565383
2020/6/11,sh.600600,58.44,58.47,56.26,56.47,7755030
2020/6/12,sh.600600,55.08,58.55,54.89,57.91,6846300
2020/6/15,sh.600600,57.91,59.40,57.36,57.37,6480173
2020/6/16,sh.600600,58.26,58.95,57.51,58.30,5397702
2020/6/17,sh.600600,58.28,58.45,57.51,58.05,3782767
2020/6/18,sh.600600,57.72,60.57,57.51,59.38,5950327
2020/6/19,sh.600600,59.68,63.60,59.68,63.27,8049663
2020/6/22,sh.600600,63.18,63.27,61.38,61.98,8362365
2020/6/23,sh.600600,62.03,66.20,61.82,65.43,9360161
2020/6/24,sh.600600,65.40,65.75,62.83,65.47,8907205
2020/6/29,sh.600600,63.93,66.65,63.12,65.24,5811889
2020/6/30,sh.600600,65.24,71.51,65.24,69.37,8488427
2020/7/1,sh.600600,68.93,74.31,68.19,72.87,8351078
2020/7/2,sh.600600,72.55,73.62,70.73,71.48,8517580
2020/7/3,sh.600600,70.62,71.35,67.74,71.22,8556856
2020/7/6,sh.600600,70.71,70.80,68.98,70.06,10825778
2020/7/7,sh.600600,70.07,72.75,68.47,72.21,10260580
2020/7/8,sh.600600,71.46,71.68,69.83,71.09,7940175
2020/7/9,sh.600600,70.73,71.02,69.84,70.73,9024466
2020/7/10,sh.600600,70.73,73.03,69.98,70.96,7855925
2020/7/13,sh.600600,70.73,74.22,69.81,73.32,9770916
2020/7/14,sh.600600,73.32,76.94,72.55,75.21,8653135
2020/7/15,sh.600600,75.21,81.04,75.21,78.53,10198763
2020/7/16,sh.600600,78.52,78.53,70.83,71.01,11418736
2020/7/17,sh.600600,69.83,75.44,69.37,73.92,7156158
2020/7/20,sh.600600,73.92,75.26,70.74,72.63,8503323
2020/7/21,sh.600600,72.54,75.64,71.23,74.15,5442478
2020/7/22,sh.600600,73.17,78.59,72.96,75.80,7481528
2020/7/23,sh.600600,75.27,77.53,73.83,77.12,6395349
2020/7/24,sh.600600,76.85,77.51,71.64,72.85,7323570
2020/7/27,sh.600600,72.76,74.70,71.44,72.98,4569034
2020/7/28,sh.600600,73.45,76.72,72.77,75.58,6848414
2020/7/29,sh.600600,75.47,76.26,73.91,76.22,5634129
2020/7/30,sh.600600,76.16,78.89,74.91,76.70,7219204
2020/7/31,sh.600600,76.69,77.08,74.10,75.27,8923213
2020/8/3,sh.600600,75.27,75.58,72.73,74.68,10281507
2020/8/4,sh.600600,74.36,75.29,72.91,73.48,7665117
2020/8/5,sh.600600,72.66,74.08,71.88,73.55,6122946
2020/8/6,sh.600600,73.55,73.77,70.91,71.46,8645314
2020/8/7,sh.600600,71.82,72.08,67.57,69.78,8996945
2020/8/10,sh.600600,71.19,71.19,68.10,69.67,5358330
2020/8/11,sh.600600,70.28,71.32,69.32,69.32,5945915
2020/8/12,sh.600600,69.83,69.95,66.80,67.74,5338021
2020/8/13,sh.600600,67.79,68.38,67.11,67.66,2709074
2020/8/14,sh.600600,67.63,68.19,66.83,67.92,3899000
2020/8/17,sh.600600,69.63,71.61,68.54,70.01,9507594
2020/8/18,sh.600600,69.10,73.07,68.93,72.05,8470947
2020/8/19,sh.600600,72.51,74.36,71.03,73.09,10260812
2020/8/20,sh.600600,72.55,72.55,69.93,70.18,5799265
2020/8/21,sh.600600,70.99,75.09,70.56,74.36,10334170
2020/8/24,sh.600600,74.50,76.06,73.59,74.36,7141571
2020/8/25,sh.600600,74.38,76.19,73.91,74.53,5131647
2020/8/26,sh.600600,74.39,76.17,73.60,74.90,6264119
2020/8/27,sh.600600,75.00,80.80,74.90,79.46,11965046
2020/8/28,sh.600600,78.98,83.42,76.60,82.52,11347130
2020/8/31,sh.600600,86.55,90.23,79.22,79.22,16336429
2020/9/1,sh.600600,79.22,79.49,74.81,78.26,12650742
2020/9/2,sh.600600,77.33,78.56,75.95,76.58,7235267
2020/9/3,sh.600600,76.58,78.77,75.77,77.39,6967213
2020/9/4,sh.600600,75.72,75.77,72.19,73.91,9595196
2020/9/7,sh.600600,73.06,73.73,70.19,71.10,7119585
2020/9/8,sh.600600,71.53,71.90,67.60,69.84,8062892
2020/9/9,sh.600600,68.81,69.09,66.83,67.99,4712071
2020/9/10,sh.600600,68.92,69.82,67.80,68.23,5188079
2020/9/11,sh.600600,67.72,69.93,66.94,69.62,4146573
2020/9/14,sh.600600,70.28,72.62,69.72,70.69,7192602
2020/9/15,sh.600600,70.52,72.09,69.13,71.50,4127403
2020/9/16,sh.600600,71.32,72.70,70.43,71.32,3399733
2020/9/17,sh.600600,70.73,70.73,68.46,68.83,5078531
2020/9/18,sh.600600,68.71,69.11,67.34,69.11,4966692
2020/9/21,sh.600600,69.10,69.10,67.36,67.94,4789182
2020/9/22,sh.600600,67.11,68.00,66.65,67.38,3666905
2020/9/23,sh.600600,67.38,67.69,66.53,67.24,3852423
2020/9/24,sh.600600,67.24,67.42,64.75,65.66,5948893
2020/9/25,sh.600600,65.66,66.81,63.48,66.66,6215862
2020/9/28,sh.600600,66.20,66.65,64.54,64.83,5088792
2020/9/29,sh.600600,65.27,65.75,64.54,65.36,4640643
2020/9/30,sh.600600,65.75,68.99,65.48,68.11,8449161
2020/10/9,sh.600600,68.76,69.65,67.44,67.67,6983298
2020/10/12,sh.600600,67.56,68.18,66.35,68.10,8951159
2020/10/13,sh.600600,67.88,69.55,67.18,69.36,7075436
2020/10/14,sh.600600,68.37,69.33,66.16,67.24,9407050
2020/10/15,sh.600600,67.24,69.46,66.53,68.92,6741385
2020/10/16,sh.600600,68.41,69.72,68.03,68.38,4823905
2020/10/19,sh.600600,69.06,69.06,67.11,67.59,3630250
2020/10/20,sh.600600,67.20,69.37,66.92,68.65,3614112
2020/10/21,sh.600600,68.92,71.88,68.37,70.64,8318679
2020/10/22,sh.600600,70.46,71.83,68.93,71.37,5738629
2020/10/23,sh.600600,70.73,75.10,70.56,73.43,9845064
2020/10/26,sh.600600,72.55,73.73,70.46,71.64,6253158
2020/10/27,sh.600600,70.92,72.17,69.98,72.17,4422424
2020/10/28,sh.600600,71.74,76.43,71.46,75.45,8960019
2020/10/29,sh.600600,74.81,79.94,74.09,79.35,10448521
2020/10/30,sh.600600,77.08,77.08,71.41,71.84,17121112
2020/11/2,sh.600600,71.64,73.71,70.91,72.65,6226467
2020/11/3,sh.600600,73.33,73.36,70.50,72.04,6983743
2020/11/4,sh.600600,71.19,73.99,69.97,73.05,7573420
2020/11/5,sh.600600,73.43,74.86,72.56,74.09,6402342
2020/11/6,sh.600600,73.45,74.04,72.10,73.10,5248887
2020/11/9,sh.600600,72.96,74.52,71.65,73.84,7577179
2020/11/10,sh.600600,73.79,77.55,73.46,76.08,8923901
2020/11/11,sh.600600,76.02,78.59,75.37,76.12,6734125
2020/11/12,sh.600600,74.65,79.44,73.91,78.49,7606304
2020/11/13,sh.600600,77.33,77.99,75.27,77.04,5450460
2020/11/16,sh.600600,76.98,78.57,75.63,78.55,5817531
2020/11/17,sh.600600,78.63,78.89,76.93,77.69,4952009
2020/11/18,sh.600600,76.80,77.99,76.19,76.87,4630572
2020/11/19,sh.600600,76.00,80.25,75.28,78.92,7248126
2020/11/20,sh.600600,78.85,84.27,78.69,82.66,9807916
2020/11/23,sh.600600,81.70,86.15,80.98,84.43,8806883
2020/11/24,sh.600600,84.38,86.15,82.34,85.24,4953663
2020/11/25,sh.600600,87.51,87.78,78.12,79.61,11109308
2020/11/26,sh.600600,79.12,81.07,76.13,79.74,7326593
2020/11/27,sh.600600,80.09,81.96,78.09,80.88,4504309
2020/11/30,sh.600600,81.61,82.61,79.19,82.52,5978267
2020/12/1,sh.600600,80.71,82.74,80.26,82.61,6111194
2020/12/2,sh.600600,82.19,83.41,81.51,82.50,3579754
2020/12/3,sh.600600,82.17,85.54,81.69,84.53,3647532
2020/12/4,sh.600600,84.63,88.00,83.83,87.26,5512825
2020/12/7,sh.600600,87.06,90.18,86.93,89.34,6135673
2020/12/8,sh.600600,89.03,90.10,86.17,89.05,4933668
2020/12/9,sh.600600,88.48,90.17,88.46,88.95,4878031
2020/12/10,sh.600600,88.86,89.75,87.47,89.49,4066098
2020/12/11,sh.600600,89.32,94.76,88.96,91.72,9533057
2020/12/14,sh.600600,92.31,97.70,88.51,97.50,7425187
2020/12/15,sh.600600,95.72,97.94,93.74,96.82,5083099
2020/12/16,sh.600600,96.19,98.71,95.63,97.08,3920735
2020/12/17,sh.600600,96.12,97.03,92.77,94.22,7034557
2020/12/18,sh.600600,94.27,95.06,90.23,91.59,9144270
2020/12/21,sh.600600,91.50,92.82,89.30,90.52,8641384
2020/12/22,sh.600600,89.62,93.40,89.61,91.23,7731220
2020/12/23,sh.600600,91.23,93.68,88.25,90.50,9883691
2020/12/24,sh.600600,89.64,90.96,87.06,88.80,5834298
2020/12/25,sh.600600,87.96,90.06,86.06,88.87,5055119
2020/12/28,sh.600600,89.69,90.68,87.31,88.96,6589093
2020/12/29,sh.600600,89.23,90.30,86.24,89.89,6747758
2020/12/30,sh.600600,89.32,91.03,88.85,90.37,6458485
2020/12/31,sh.600600,89.42,91.33,89.32,90.14,7050407
2021/1/4,sh.600600,90.11,95.10,89.50,92.93,8366918
2021/1/5,sh.600600,92.93,98.65,92.32,97.94,7857777
2021/1/6,sh.600600,97.58,98.90,95.04,98.80,7223313
2021/1/7,sh.600600,98.81,100.39,97.04,99.40,6623496
2021/1/8,sh.600600,98.87,100.02,94.22,96.58,8237799
2021/1/11,sh.600600,96.21,96.62,92.41,94.76,6782876
2021/1/12,sh.600600,94.25,97.61,94.05,94.75,6345229
2021/1/13,sh.600600,96.55,96.58,90.66,91.14,8328958
2021/1/14,sh.600600,91.90,92.03,86.87,87.94,7909675
2021/1/15,sh.600600,86.61,86.65,82.52,84.45,10616243
2021/1/18,sh.600600,84.34,85.67,82.35,83.38,8105412
2021/1/19,sh.600600,83.37,84.29,79.51,79.80,12086451
2021/1/20,sh.600600,79.80,83.43,78.44,82.22,14667711
2021/1/21,sh.600600,82.22,82.85,80.10,82.23,13486059
2021/1/22,sh.600600,82.23,86.51,82.21,84.73,10272634
2021/1/25,sh.600600,84.73,88.47,84.34,87.96,8684473
2021/1/26,sh.600600,87.97,88.37,84.92,87.20,6611922
2021/1/27,sh.600600,85.94,86.50,81.98,84.18,9243184
2021/1/28,sh.600600,82.50,83.44,79.96,80.27,9046846
2021/1/29,sh.600600,80.77,83.23,79.80,80.52,7809773
2021/2/1,sh.600600,80.92,85.79,80.92,85.70,8648686
2021/2/2,sh.600600,86.04,88.28,84.79,87.87,6947293
2021/2/3,sh.600600,87.42,90.42,87.16,87.96,6349398
2021/2/4,sh.600600,86.69,89.22,84.95,86.18,7478619
2021/2/5,sh.600600,86.45,90.50,84.52,88.63,9840068
2021/2/8,sh.600600,88.60,89.10,84.05,85.41,11509785
2021/2/9,sh.600600,84.34,89.25,83.75,88.02,7683823
2021/2/10,sh.600600,88.26,88.74,86.13,86.86,10214324
2021/2/18,sh.600600,87.76,87.76,82.79,83.36,9324369
2021/2/19,sh.600600,83.45,84.23,79.86,82.52,8199051
2021/2/22,sh.600600,82.61,82.70,79.90,80.89,9806420
2021/2/23,sh.600600,79.80,80.06,77.42,79.08,10842772
2021/2/24,sh.600600,79.44,79.68,74.45,76.43,13900698
2021/2/25,sh.600600,76.08,76.94,74.16,74.25,9094710
2021/2/26,sh.600600,73.25,73.25,70.19,72.21,10286125
2021/3/1,sh.600600,72.53,72.82,70.55,71.81,10770510
2021/3/2,sh.600600,72.54,73.82,70.46,70.80,11546444
2021/3/3,sh.600600,70.70,71.50,69.92,71.37,9760110
2021/3/4,sh.600600,70.73,70.73,68.45,68.89,9596383
2021/3/5,sh.600600,67.79,70.52,66.20,69.74,7025857
2021/3/8,sh.600600,71.17,72.69,68.92,69.05,12870801
2021/3/9,sh.600600,69.10,70.08,65.71,68.03,9383538
2021/3/10,sh.600600,70.29,70.37,67.14,67.79,7892723
2021/3/11,sh.600600,67.53,71.62,66.65,71.15,10092273
2021/3/12,sh.600600,71.28,71.55,68.01,69.83,6671168
2021/3/15,sh.600600,69.52,69.59,66.45,67.21,7361922
2021/3/16,sh.600600,67.40,68.64,66.82,68.16,6363072
2021/3/17,sh.600600,68.10,71.16,67.20,70.91,9058324
2021/3/18,sh.600600,70.62,74.36,70.37,73.23,10598569
2021/3/19,sh.600600,71.81,74.18,71.68,72.29,5902755
2021/3/22,sh.600600,72.26,73.45,70.52,71.47,5127130
2021/3/23,sh.600600,71.24,73.25,70.43,72.37,6207585
2021/3/24,sh.600600,72.09,73.53,71.16,71.59,6768964
2021/3/25,sh.600600,70.69,73.23,69.54,72.50,5056748
2021/3/26,sh.600600,72.55,75.16,72.27,73.91,8545686
2021/3/29,sh.600600,74.18,77.54,73.45,75.99,10473265
2021/3/30,sh.600600,75.90,77.69,75.17,75.99,6324783
2021/3/31,sh.600600,75.63,76.87,74.37,76.75,5682311
2021/4/1,sh.600600,76.75,76.95,75.60,76.56,3439557
2021/4/2,sh.600600,76.99,77.61,76.08,76.56,3889543
2021/4/6,sh.600600,76.76,77.20,74.95,76.13,4506130
2021/4/7,sh.600600,76.02,76.51,73.40,74.94,5734920
2021/4/8,sh.600600,74.73,78.45,73.92,77.69,9780548
2021/4/9,sh.600600,77.49,78.89,76.52,77.99,4676363
2021/4/12,sh.600600,77.99,79.87,76.72,77.54,5546550
2021/4/13,sh.600600,77.54,79.87,77.35,78.90,5410945
2021/4/14,sh.600600,79.11,81.65,78.53,80.13,5425876
2021/4/15,sh.600600,79.67,80.34,78.03,78.85,4463399
2021/4/16,sh.600600,78.86,80.18,78.15,79.71,4456205
2021/4/19,sh.600600,79.70,81.61,78.44,79.88,6314188
2021/4/20,sh.600600,78.44,82.34,78.44,81.61,7884051
2021/4/21,sh.600600,81.16,84.61,80.89,84.59,9831265
2021/4/22,sh.600600,84.24,85.59,82.98,85.51,6731174
2021/4/23,sh.600600,87.33,89.22,83.16,83.97,14012239
2021/4/26,sh.600600,84.79,86.61,83.17,83.43,10748963
2021/4/27,sh.600600,81.86,84.45,81.75,84.17,8463843
2021/4/28,sh.600600,84.51,85.21,83.46,84.25,5760554
2021/4/29,sh.600600,84.02,84.96,81.90,83.89,5892357
2021/4/30,sh.600600,83.05,83.33,80.60,82.53,9705977
2021/5/6,sh.600600,81.61,82.87,80.73,82.02,5534145
2021/5/7,sh.600600,80.98,83.98,80.60,82.70,7036518
2021/5/10,sh.600600,82.52,87.60,82.26,84.33,12569041
2021/5/11,sh.600600,84.33,86.92,83.98,85.60,7107713
2021/5/12,sh.600600,85.35,86.52,84.49,85.79,4866950
2021/5/13,sh.600600,85.70,90.10,85.07,90.10,11845353
2021/5/14,sh.600600,90.08,95.09,88.13,92.40,15406511
2021/5/17,sh.600600,92.40,93.86,90.73,92.41,8836345
2021/5/18,sh.600600,92.39,95.62,91.92,93.40,6787749
2021/5/19,sh.600600,91.59,93.40,90.08,90.76,6815939
2021/5/20,sh.600600,90.68,92.55,90.68,91.96,6372541
2021/5/21,sh.600600,91.58,93.38,90.34,92.32,7059331
2021/5/24,sh.600600,92.39,94.79,91.18,94.79,10767494
2021/5/25,sh.600600,93.93,95.75,92.70,95.22,7982134
2021/5/26,sh.600600,94.77,95.67,92.72,94.55,6167196
2021/5/27,sh.600600,94.31,95.04,92.86,94.04,6224423
2021/5/28,sh.600600,94.25,95.72,93.15,95.10,5446252
2021/5/31,sh.600600,95.22,96.31,92.32,95.16,7237184
2021/6/1,sh.600600,95.13,95.13,90.39,92.28,12097527
2021/6/2,sh.600600,92.13,93.29,91.41,92.53,7421106
2021/6/3,sh.600600,92.66,93.02,90.59,91.05,7837796
2021/6/4,sh.600600,90.68,94.00,90.50,93.27,8138755
2021/6/7,sh.600600,93.87,102.60,93.87,100.75,20771224
2021/6/8,sh.600600,100.79,106.63,98.82,99.92,17149602
2021/6/9,sh.600600,102.62,102.93,97.46,100.52,9094458
2021/6/10,sh.600600,100.32,102.36,98.71,99.36,7691993
2021/6/11,sh.600600,99.72,99.92,95.33,97.56,6458520
2021/6/15,sh.600600,97.66,99.75,97.11,98.09,5933940
2021/6/16,sh.600600,97.94,98.09,93.41,95.22,6991834
2021/6/17,sh.600600,95.32,99.75,95.32,97.83,8930430
2021/6/18,sh.600600,98.14,102.05,97.03,98.87,10415699
2021/6/21,sh.600600,97.03,97.85,94.39,96.40,8484367
2021/6/22,sh.600600,96.02,98.44,94.76,98.21,6590752
2021/6/23,sh.600600,98.16,99.14,96.14,97.66,5449441
2021/6/24,sh.600600,97.03,97.65,94.60,95.49,4894396
2021/6/25,sh.600600,95.39,100.52,94.75,100.37,7720907
2021/6/28,sh.600600,99.60,103.27,98.56,101.79,6853740
2021/6/29,sh.600600,102.18,105.81,101.12,105.02,7529517
2021/6/30,sh.600600,105.02,107.11,102.62,104.88,4936385
2021/7/1,sh.600600,106.63,106.63,101.82,104.29,3470935
2021/7/2,sh.600600,103.69,103.69,97.78,98.57,6331636
2021/7/5,sh.600600,98.39,99.64,95.39,98.93,6602661
2021/7/6,sh.600600,98.84,98.84,92.49,96.22,9134054
2021/7/7,sh.600600,95.41,97.03,93.40,96.56,5914791
2021/7/8,sh.600600,96.37,96.37,89.00,90.21,13326859
2021/7/9,sh.600600,90.22,90.64,85.82,87.65,12120465
2021/7/12,sh.600600,87.65,88.53,84.05,88.27,14584649
2021/7/13,sh.600600,88.27,91.93,87.66,90.67,9797907
2021/7/14,sh.600600,90.08,90.08,87.44,89.00,7185914
2021/7/15,sh.600600,89.03,93.90,88.04,92.14,10273064
2021/7/16,sh.600600,91.66,92.14,88.33,89.24,10546558
2021/7/19,sh.600600,88.87,91.05,87.38,90.46,8651909
2021/7/20,sh.600600,89.15,93.33,89.15,92.32,7849859
2021/7/21,sh.600600,91.95,93.41,91.14,92.30,7461376
2021/7/22,sh.600600,91.86,92.13,89.96,90.08,7547199
2021/7/23,sh.600600,89.67,90.08,87.40,88.04,5909336
2021/7/26,sh.600600,87.06,87.06,82.24,84.08,11200887
2021/7/27,sh.600600,83.64,86.87,81.64,81.68,7872035
2021/7/28,sh.600600,78.77,82.24,78.33,82.01,8379578
2021/7/29,sh.600600,83.45,83.88,78.66,79.80,10042726
2021/7/30,sh.600600,78.44,78.44,72.55,72.80,15413975
2021/8/2,sh.600600,71.64,76.75,70.11,75.88,17470220
2021/8/3,sh.600600,75.85,80.60,73.50,78.80,17428594
2021/8/4,sh.600600,78.80,80.07,76.16,76.65,9867354
2021/8/5,sh.600600,75.21,77.99,74.61,76.14,7457990
2021/8/6,sh.600600,75.91,75.98,74.00,74.43,6286666
2021/8/9,sh.600600,75.22,80.43,75.22,79.08,12886860
2021/8/10,sh.600600,79.12,82.59,78.69,82.04,14343404
2021/8/11,sh.600600,82.19,82.40,79.32,79.75,7850878
2021/8/12,sh.600600,79.29,80.60,78.39,79.17,5094625
2021/8/13,sh.600600,79.12,80.12,78.48,79.56,4106391
2021/8/16,sh.600600,79.12,81.92,78.93,81.11,5638457
2021/8/17,sh.600600,81.32,81.76,79.21,79.47,5614317
2021/8/18,sh.600600,79.45,87.42,79.26,87.42,16520299
2021/8/19,sh.600600,85.62,88.27,81.02,82.60,14550218
2021/8/20,sh.600600,81.39,82.21,76.99,78.19,8457292
2021/8/23,sh.600600,78.12,80.39,77.79,79.30,6072559
2021/8/24,sh.600600,79.25,83.60,78.67,82.05,7504843
2021/8/25,sh.600600,81.49,83.37,80.31,81.52,6312155
2021/8/26,sh.600600,82.58,84.95,81.30,82.04,6547382
2021/8/27,sh.600600,82.08,84.66,80.23,80.45,8197286
2021/8/30,sh.600600,81.30,81.30,76.23,77.34,9175400
2021/8/31,sh.600600,78.13,80.73,77.35,78.96,8160982
2021/9/1,sh.600600,78.98,81.43,76.39,79.66,9443358
2021/9/2,sh.600600,79.27,82.17,77.94,78.69,7446356
2021/9/3,sh.600600,77.96,79.55,76.61,78.81,6335788
2021/9/6,sh.600600,78.64,84.34,77.75,82.51,10354418
2021/9/7,sh.600600,82.13,82.85,80.71,82.04,5278823
2021/9/8,sh.600600,82.32,82.32,80.38,80.95,4710689
2021/9/9,sh.600600,80.48,81.23,79.94,80.49,3509743
2021/9/10,sh.600600,80.39,81.91,79.59,80.13,5023070
2021/9/13,sh.600600,79.58,81.41,78.76,79.13,4639499
2021/9/14,sh.600600,79.62,79.94,78.11,78.45,4708057
2021/9/15,sh.600600,77.75,77.96,74.82,75.37,7881825
2021/9/16,sh.600600,75.37,76.38,72.44,73.63,8686160
2021/9/17,sh.600600,73.72,75.61,71.62,74.95,6831165
2021/9/22,sh.600600,73.51,73.51,71.55,72.44,7017547
2021/9/23,sh.600600,72.54,73.38,71.70,72.24,7390730
2021/9/24,sh.600600,72.17,73.38,71.42,72.31,8387473
2021/9/27,sh.600600,72.79,77.70,72.75,76.13,12569434
2021/9/28,sh.600600,75.09,76.03,72.26,74.91,7893788
2021/9/29,sh.600600,74.10,75.46,73.09,73.36,4613418
2021/9/30,sh.600600,73.17,74.82,72.86,73.66,4692874
2021/10/8,sh.600600,74.09,77.53,73.18,76.65,8889974
2021/10/11,sh.600600,76.64,78.66,75.86,76.19,5791245
2021/10/12,sh.600600,75.92,76.63,74.64,75.78,4569112
2021/10/13,sh.600600,75.92,80.53,75.92,79.57,9612552
2021/10/14,sh.600600,79.46,80.48,77.30,77.75,6273638
2021/10/15,sh.600600,77.47,78.49,75.89,76.93,4642168
2021/10/18,sh.600600,76.45,76.80,72.95,73.45,7611919
2021/10/19,sh.600600,73.45,74.20,72.98,73.87,5029041
2021/10/20,sh.600600,74.09,74.43,72.39,72.55,5122720
2021/10/21,sh.600600,72.55,72.85,71.13,71.70,5997256
2021/10/22,sh.600600,71.71,73.78,70.91,73.22,7252368
2021/10/25,sh.600600,73.13,76.93,72.08,76.39,11946236
2021/10/26,sh.600600,78.30,84.02,78.30,84.02,23899981
2021/10/27,sh.600600,83.51,84.77,81.88,84.15,15843207
2021/10/28,sh.600600,84.15,87.09,83.84,86.71,14025524
2021/10/29,sh.600600,86.71,95.38,86.71,95.38,19296068
2021/11/1,sh.600600,95.09,95.09,86.28,86.56,15291617
2021/11/2,sh.600600,86.92,91.20,85.37,89.70,11536975
2021/11/3,sh.600600,89.35,91.49,87.82,89.05,5144730
2021/11/4,sh.600600,89.84,91.70,86.96,90.73,7838344
2021/11/5,sh.600600,89.00,91.33,88.87,89.33,5399569
2021/11/8,sh.600600,89.34,90.55,87.26,88.29,3661866
2021/11/9,sh.600600,88.90,89.56,86.16,87.50,5087208
2021/11/10,sh.600600,88.73,88.73,84.96,85.71,3813799
2021/11/11,sh.600600,85.71,86.63,83.73,84.89,4790196
2021/11/12,sh.600600,84.85,87.05,83.33,85.72,6736199
2021/11/15,sh.600600,86.21,92.00,85.98,89.27,8161830
2021/11/16,sh.600600,90.15,91.32,88.16,89.53,3924929
2021/11/17,sh.600600,88.46,89.85,87.54,89.28,3601081
2021/11/18,sh.600600,89.31,90.45,88.18,90.03,2928472
2021/11/19,sh.600600,91.01,91.01,88.54,90.12,3053651
2021/11/22,sh.600600,89.98,91.01,88.34,88.54,5716840
2021/11/23,sh.600600,87.86,92.08,87.81,91.41,6050456
2021/11/24,sh.600600,91.10,95.93,90.03,93.76,7181836
2021/11/25,sh.600600,94.21,95.99,91.10,94.95,5528462
2021/11/26,sh.600600,93.78,94.94,92.20,93.57,3083067
2021/11/29,sh.600600,91.47,93.53,90.75,92.29,2989791
2021/11/30,sh.600600,92.20,92.48,89.37,90.34,3405774
2021/12/1,sh.600600,91.47,91.67,88.73,90.19,2555905
2021/12/2,sh.600600,90.19,90.37,88.02,88.97,2400994
2021/12/3,sh.600600,89.19,93.82,88.45,92.19,5784551
2021/12/6,sh.600600,92.09,95.43,90.11,92.48,6160865
2021/12/7,sh.600600,93.92,96.39,92.40,93.67,5351462
2021/12/8,sh.600600,93.62,97.37,92.98,96.68,5909449
2021/12/9,sh.600600,98.51,99.09,96.04,96.84,6516379
2021/12/10,sh.600600,95.81,97.87,95.14,96.90,3993599
2021/12/13,sh.600600,96.04,99.24,95.59,96.23,5024526
2021/12/14,sh.600600,95.57,96.59,94.20,94.92,4509315
2021/12/15,sh.600600,95.13,96.27,92.27,93.18,5017607
2021/12/16,sh.600600,93.21,93.60,90.74,93.09,4293376
2021/12/17,sh.600600,92.75,93.04,89.64,91.20,4522530
2021/12/20,sh.600600,91.20,92.27,90.30,90.60,2503213
2021/12/21,sh.600600,90.83,94.45,90.56,93.55,4266396
2021/12/22,sh.600600,93.55,94.75,92.68,93.34,2222692
2021/12/23,sh.600600,93.30,95.31,91.29,92.79,3565783
2021/12/24,sh.600600,93.69,96.91,92.67,96.13,4503099
2021/12/27,sh.600600,95.93,97.42,92.38,93.44,4123385
2021/12/28,sh.600600,93.30,95.89,92.63,95.13,3141756
2021/12/29,sh.600600,95.68,96.41,91.30,91.93,5064219
2021/12/30,sh.600600,91.47,92.29,90.92,91.94,4737085
2021/12/31,sh.600600,92.08,92.84,89.81,90.56,5077933
2022/1/4,sh.600600,90.56,91.52,88.10,91.16,5200069
2022/1/5,sh.600600,90.59,94.21,90.11,92.38,5484453
2022/1/6,sh.600600,92.00,92.92,88.27,89.52,5385287
2022/1/7,sh.600600,88.99,90.24,88.27,88.45,3060971
2022/1/10,sh.600600,87.50,87.70,83.58,87.02,11660921
2022/1/11,sh.600600,86.72,86.72,81.87,82.25,10472001
2022/1/12,sh.600600,82.25,83.48,80.57,83.00,8357131
2022/1/13,sh.600600,82.42,83.59,81.20,81.62,4369640
2022/1/14,sh.600600,80.68,83.97,80.68,82.53,7694371
2022/1/17,sh.600600,83.24,83.24,81.07,81.57,4671463
2022/1/18,sh.600600,81.53,82.61,80.93,81.82,4812954
2022/1/19,sh.600600,81.41,82.14,79.61,81.14,4261636
2022/1/20,sh.600600,81.64,83.72,81.15,83.18,6090779
2022/1/21,sh.600600,83.44,87.47,82.49,85.19,8015134
2022/1/24,sh.600600,84.84,88.16,84.22,87.23,6833522
2022/1/25,sh.600600,87.23,87.92,85.53,85.98,3746135
2022/1/26,sh.600600,85.67,87.03,84.58,85.96,3358935
2022/1/27,sh.600600,85.84,86.26,84.45,85.04,2361620
2022/1/28,sh.600600,85.23,87.50,83.69,84.34,3234033
2022/2/7,sh.600600,85.00,87.35,83.13,83.82,4443387
2022/2/8,sh.600600,83.82,83.92,80.82,81.94,4780381
2022/2/9,sh.600600,81.59,84.92,81.53,83.48,6054319
2022/2/10,sh.600600,83.42,83.42,80.69,81.87,7107572
2022/2/11,sh.600600,81.41,83.86,81.21,82.33,4201012
2022/2/14,sh.600600,82.41,87.00,82.33,86.80,8656740
2022/2/15,sh.600600,86.26,88.68,86.24,87.47,4885716
2022/2/16,sh.600600,87.47,89.17,86.66,88.37,3980971
2022/2/17,sh.600600,89.18,89.18,87.13,88.17,3195923
2022/2/18,sh.600600,87.70,89.20,86.53,88.09,2974703
2022/2/21,sh.600600,88.73,88.91,86.48,87.10,2366397
2022/2/22,sh.600600,86.90,87.29,85.49,86.90,2323801
2022/2/23,sh.600600,86.58,87.35,84.79,86.53,2701178
2022/2/24,sh.600600,86.06,86.80,84.21,85.25,3518247
2022/2/25,sh.600600,85.18,85.87,84.65,85.61,2796925
2022/2/28,sh.600600,84.80,85.95,84.67,85.79,3183472
2022/3/1,sh.600600,88.69,94.37,88.36,92.92,13020752
2022/3/2,sh.600600,92.00,92.57,89.47,91.00,7454001
2022/3/3,sh.600600,91.01,92.56,89.65,90.82,5581765
2022/3/4,sh.600600,89.76,91.37,89.05,89.66,5040463
2022/3/7,sh.600600,88.50,88.50,83.16,83.51,8831387
2022/3/8,sh.600600,83.51,85.52,81.95,82.79,5853497
2022/3/9,sh.600600,82.84,83.42,77.57,81.26,7861668
2022/3/10,sh.600600,82.78,86.79,81.65,86.26,9616479
2022/3/11,sh.600600,84.88,86.21,82.73,85.03,5056915
2022/3/14,sh.600600,82.32,83.24,78.53,78.66,9302784
2022/3/15,sh.600600,77.75,77.75,74.09,75.36,7064458
2022/3/16,sh.600600,77.11,79.58,75.65,79.05,6634004
2022/3/17,sh.600600,80.33,81.03,77.87,79.32,6599339
2022/3/18,sh.600600,78.73,79.29,77.57,78.56,6465835
2022/3/21,sh.600600,77.98,78.86,77.00,78.66,5157753
2022/3/22,sh.600600,77.81,78.30,76.38,76.88,5900370
2022/3/23,sh.600600,76.94,77.76,75.75,77.31,5318806
2022/3/24,sh.600600,76.74,76.74,74.83,75.32,6546471
2022/3/25,sh.600600,75.09,75.19,72.60,73.26,7554880
2022/3/28,sh.600600,72.08,72.56,69.88,71.35,7948183
2022/3/29,sh.600600,71.67,72.47,69.56,69.88,7773330
2022/3/30,sh.600600,70.25,73.51,70.16,72.79,11586682
2022/3/31,sh.600600,72.20,72.90,71.53,72.27,5105145
2022/4/1,sh.600600,71.68,75.37,71.40,74.73,10047416
2022/4/6,sh.600600,74.00,74.00,72.38,72.93,8409432
2022/4/7,sh.600600,73.19,74.04,71.62,72.00,5755933
2022/4/8,sh.600600,71.58,72.35,70.67,71.16,4663127
2022/4/11,sh.600600,70.70,70.72,66.77,67.38,9949659
2022/4/12,sh.600600,67.32,74.12,66.97,73.80,13222272
2022/4/13,sh.600600,72.54,76.54,71.12,74.80,16052089
2022/4/14,sh.600600,75.28,78.99,75.28,77.69,12364439
2022/4/15,sh.600600,76.37,78.94,75.93,76.90,8190196
2022/4/18,sh.600600,76.19,77.49,75.01,77.24,5441438
2022/4/19,sh.600600,77.33,78.62,76.66,77.34,4574458
2022/4/20,sh.600600,76.83,80.49,75.46,78.46,8441202
2022/4/21,sh.600600,77.80,78.57,75.90,76.82,6010566
2022/4/22,sh.600600,76.18,77.70,75.10,77.46,4833658
2022/4/25,sh.600600,75.74,77.07,73.17,74.46,8335393
2022/4/26,sh.600600,74.65,77.20,74.57,75.53,7715483
2022/4/27,sh.600600,75.01,76.93,73.86,76.55,7086534
2022/4/28,sh.600600,75.46,77.89,75.20,75.83,6224969
2022/4/29,sh.600600,76.36,80.04,76.36,78.94,13548995
2022/5/5,sh.600600,79.58,80.37,78.01,78.88,7802448
2022/5/6,sh.600600,77.38,77.38,73.63,74.09,9931112
2022/5/9,sh.600600,71.97,73.95,70.07,72.90,5611740
2022/5/10,sh.600600,71.35,75.78,70.89,75.40,7630177
2022/5/11,sh.600600,75.41,79.51,75.40,77.66,11031328
2022/5/12,sh.600600,76.93,79.68,76.93,78.30,5687491
2022/5/13,sh.600600,78.29,79.12,77.38,77.85,3555191
2022/5/16,sh.600600,78.94,80.95,77.29,78.44,6233111
2022/5/17,sh.600600,78.64,79.12,77.78,78.65,3343490
2022/5/18,sh.600600,78.65,78.83,77.29,77.61,4040019
2022/5/19,sh.600600,76.29,78.08,75.92,76.74,3701814
2022/5/20,sh.600600,77.26,79.48,76.80,78.64,6828209
2022/5/23,sh.600600,78.87,78.88,77.19,78.09,4979545
2022/5/24,sh.600600,78.12,78.41,76.66,76.87,4207746
2022/5/25,sh.600600,76.71,77.51,76.47,76.86,4115154
2022/5/26,sh.600600,77.38,79.67,76.27,78.68,7485618
2022/5/27,sh.600600,79.01,79.67,77.47,77.91,5097054
2022/5/30,sh.600600,81.04,85.71,81.04,83.15,16027256
2022/5/31,sh.600600,83.24,85.52,82.66,84.84,10955621
2022/6/1,sh.600600,84.06,85.34,83.11,83.80,6922160
2022/6/2,sh.600600,82.43,83.51,81.86,82.28,5560207
2022/6/6,sh.600600,82.83,85.66,81.20,85.07,7751811
2022/6/7,sh.600600,84.98,86.44,83.45,85.12,6443620
2022/6/8,sh.600600,84.61,87.63,84.21,86.40,7188317
2022/6/9,sh.600600,85.98,86.44,83.66,84.15,5050274
2022/6/10,sh.600600,83.69,84.24,82.35,84.24,5176928
2022/6/13,sh.600600,83.24,83.69,80.78,82.83,8521560
2022/6/14,sh.600600,81.41,85.07,81.30,84.11,6461031
2022/6/15,sh.600600,83.99,84.96,82.70,83.73,8003450
2022/6/16,sh.600600,83.79,84.75,81.42,82.46,7347602
2022/6/17,sh.600600,81.58,84.11,81.47,83.75,6568122
2022/6/20,sh.600600,84.28,86.90,84.28,85.96,8496334
2022/6/21,sh.600600,85.98,87.09,84.50,85.80,5795046
2022/6/22,sh.600600,85.80,86.80,84.91,84.95,4303411
2022/6/23,sh.600600,84.95,85.52,84.39,85.31,4685044
2022/6/24,sh.600600,85.34,88.73,85.07,87.44,7470383
2022/6/27,sh.600600,88.73,93.21,88.73,91.15,10207043
2022/6/28,sh.600600,90.37,92.44,88.73,91.47,6045206
2022/6/29,sh.600600,91.36,95.11,91.20,93.56,8978008
2022/6/30,sh.600600,94.21,98.21,94.21,95.06,8977393
2022/7/1,sh.600600,94.56,95.58,92.38,93.83,4483004
2022/7/4,sh.600600,92.92,95.93,92.70,95.28,4783159
2022/7/5,sh.600600,95.28,95.58,90.56,92.86,6982890
2022/7/6,sh.600600,92.09,92.57,88.73,89.81,7292147
2022/7/7,sh.600600,89.64,91.29,86.93,90.49,6090591
2022/7/8,sh.600600,90.48,91.34,89.64,90.30,3151035
2022/7/11,sh.600600,88.73,89.64,87.45,88.44,4357324
2022/7/12,sh.600600,88.27,88.95,87.00,87.51,2779060
2022/7/13,sh.600600,87.79,90.45,87.63,88.63,5780368
2022/7/14,sh.600600,88.20,88.56,86.35,87.81,5133153
2022/7/15,sh.600600,87.67,91.45,87.26,88.58,5629272
2022/7/18,sh.600600,88.58,89.18,84.76,88.10,6604781
2022/7/19,sh.600600,87.63,88.81,86.29,88.00,4410948
2022/7/20,sh.600600,88.09,89.94,87.51,88.42,4287280
2022/7/21,sh.600600,87.44,90.45,87.44,89.76,6047531
2022/7/22,sh.600600,89.76,90.20,88.55,89.02,3599721
2022/7/25,sh.600600,88.18,93.45,86.97,92.70,8279054
2022/7/26,sh.600600,92.50,94.84,92.08,92.98,4657965
2022/7/27,sh.600600,93.93,96.11,92.43,92.53,4218233
2022/7/28,sh.600600,92.62,95.29,91.29,92.97,4782936
2022/7/29,sh.600600,92.61,92.97,90.69,91.15,7087947
2022/8/1,sh.600600,92.53,100.26,91.83,99.98,15706285
2022/8/2,sh.600600,99.40,100.78,97.89,98.34,7244319
2022/8/3,sh.600600,98.24,98.99,94.84,95.27,5449307
2022/8/4,sh.600600,96.12,96.35,94.15,95.84,4347621
2022/8/5,sh.600600,95.76,97.32,95.12,95.34,4407684
2022/8/8,sh.600600,93.47,97.94,92.64,96.22,6492645
2022/8/9,sh.600600,96.25,101.78,95.41,101.32,6666168
2022/8/10,sh.600600,101.13,101.13,95.79,97.19,6939572
2022/8/11,sh.600600,97.25,98.97,95.09,98.52,4280106
2022/8/12,sh.600600,98.07,98.89,95.92,96.69,2993242
2022/8/15,sh.600600,95.91,97.27,95.30,95.91,2775499
2022/8/16,sh.600600,95.92,96.23,94.27,95.27,3198302
2022/8/17,sh.600600,94.84,98.08,92.71,96.89,4982503
2022/8/18,sh.600600,96.63,98.63,95.97,97.13,4900450
2022/8/19,sh.600600,97.12,98.63,95.39,95.78,2638184
2022/8/22,sh.600600,95.64,96.66,94.19,95.27,2848300
2022/8/23,sh.600600,94.55,95.11,92.52,93.05,4981921
2022/8/24,sh.600600,92.65,92.98,91.14,91.57,3617746
2022/8/25,sh.600600,91.60,94.38,91.58,93.01,3751488
2022/8/26,sh.600600,96.23,101.96,96.23,99.93,14481965
2022/8/29,sh.600600,99.89,101.32,97.55,100.39,6687955
2022/8/30,sh.600600,100.29,102.08,99.00,100.37,5231097
2022/8/31,sh.600600,99.64,101.46,99.31,99.93,4133416
2022/9/1,sh.600600,99.33,99.92,97.71,98.05,4641432
2022/9/2,sh.600600,97.80,98.54,93.50,94.38,6860480
2022/9/5,sh.600600,94.19,94.19,89.75,91.60,7968259
2022/9/6,sh.600600,91.68,92.83,89.65,91.30,5632275
2022/9/7,sh.600600,91.15,91.23,89.58,90.02,4779950
2022/9/8,sh.600600,90.67,91.48,89.75,89.94,4216761
2022/9/9,sh.600600,89.95,90.24,88.83,89.45,4480626
2022/9/13,sh.600600,90.00,93.59,89.61,92.57,7573559
2022/9/14,sh.600600,91.16,93.45,90.95,92.76,4083546
2022/9/15,sh.600600,92.33,96.74,92.33,94.65,5771272
2022/9/16,sh.600600,93.99,96.23,92.76,93.56,4368757
2022/9/19,sh.600600,93.98,94.84,91.14,94.28,5637806
2022/9/20,sh.600600,94.74,95.49,92.65,94.75,3066330
2022/9/21,sh.600600,94.43,96.15,93.60,94.27,3787298
2022/9/22,sh.600600,93.86,93.86,91.26,92.47,4628998
2022/9/23,sh.600600,92.87,96.02,92.60,94.65,5939175
2022/9/26,sh.600600,93.45,97.62,93.45,96.09,4912261
2022/9/27,sh.600600,96.36,99.04,94.58,98.96,6767430
2022/9/28,sh.600600,98.28,99.74,97.52,98.15,3940863
2022/9/29,sh.600600,98.98,99.90,96.42,97.38,4933346
2022/9/30,sh.600600,97.67,100.21,97.38,98.26,5336277
2022/10/10,sh.600600,98.08,98.08,94.38,94.80,5906760
2022/10/11,sh.600600,94.90,97.13,94.28,96.28,4133202
2022/10/12,sh.600600,96.23,96.69,92.80,96.01,5165617
2022/10/13,sh.600600,96.01,96.01,92.53,93.01,4727985
2022/10/14,sh.600600,93.50,96.63,92.90,95.54,4903283
2022/10/17,sh.600600,94.84,95.57,92.80,93.64,3953506
2022/10/18,sh.600600,93.97,94.82,91.51,92.01,4688994
2022/10/19,sh.600600,92.25,92.25,89.45,90.10,6004569
2022/10/20,sh.600600,90.12,91.60,88.16,89.71,4438705
2022/10/21,sh.600600,89.73,90.03,87.62,89.45,4209033
2022/10/24,sh.600600,89.16,89.16,85.31,85.49,4475932
2022/10/25,sh.600600,84.21,86.86,83.63,86.33,4573495
2022/10/26,sh.600600,87.06,88.83,85.77,87.71,5104691
2022/10/27,sh.600600,85.86,85.86,79.57,80.04,13194279
2022/10/28,sh.600600,79.57,80.28,77.47,78.09,7767599
2022/10/31,sh.600600,77.75,77.75,74.84,75.69,9634623
2022/11/1,sh.600600,75.90,81.28,75.90,81.27,10664114
2022/11/2,sh.600600,81.01,88.25,80.47,86.43,12160638
2022/11/3,sh.600600,85.20,85.82,83.92,85.23,5529066
2022/11/4,sh.600600,85.23,93.64,84.81,91.79,10425227
2022/11/7,sh.600600,91.30,93.45,90.13,92.54,6722838
2022/11/8,sh.600600,92.16,94.20,90.68,91.67,4117537
2022/11/9,sh.600600,91.17,92.06,89.35,89.57,4139286
2022/11/10,sh.600600,89.61,91.86,88.99,91.00,4364935
2022/11/11,sh.600600,94.38,96.00,91.60,93.77,8043677
2022/11/14,sh.600600,94.37,95.76,89.66,90.31,6878689
2022/11/15,sh.600600,90.51,92.56,89.97,91.80,3863617
2022/11/16,sh.600600,92.34,94.82,91.49,93.55,4148876
2022/11/17,sh.600600,93.23,93.91,90.56,91.38,4656258
2022/11/18,sh.600600,91.38,92.77,90.77,91.42,4403267
2022/11/21,sh.600600,91.03,91.03,86.97,88.65,5205618
2022/11/22,sh.600600,88.44,89.71,87.71,88.96,3705487
2022/11/23,sh.600600,88.54,88.64,86.24,87.00,5508139
2022/11/24,sh.600600,86.96,87.87,85.15,87.05,3738613
2022/11/25,sh.600600,87.10,87.34,85.74,86.42,3035562
2022/11/28,sh.600600,84.38,88.83,82.91,88.09,5814777
2022/11/29,sh.600600,89.02,93.53,88.69,93.09,9517074
2022/11/30,sh.600600,92.14,95.30,92.14,93.73,6189096
2022/12/1,sh.600600,96.28,100.85,96.02,96.78,9043670
2022/12/2,sh.600600,96.26,97.68,94.56,95.30,4773353
2022/12/5,sh.600600,96.20,98.08,95.49,96.82,5303652
2022/12/6,sh.600600,96.24,104.18,96.24,103.02,8945580
2022/12/7,sh.600600,102.31,102.69,99.48,100.53,6343333
2022/12/8,sh.600600,100.53,101.77,97.83,101.03,4443040
2022/12/9,sh.600600,101.08,102.98,100.19,102.67,5443209
2022/12/12,sh.600600,100.54,102.39,99.89,100.23,3720028
2022/12/13,sh.600600,100.67,101.37,99.42,100.30,3978360
2022/12/14,sh.600600,100.95,101.80,98.91,100.39,4170174
2022/12/15,sh.600600,100.56,101.39,98.08,98.52,4198861
2022/12/16,sh.600600,98.02,100.21,97.90,99.95,3725121
2022/12/19,sh.600600,99.78,100.74,97.66,98.92,2474092
2022/12/20,sh.600600,98.03,98.82,95.49,96.14,3754546
2022/12/21,sh.600600,97.13,99.00,96.24,97.57,3009456
2022/12/22,sh.600600,98.03,99.64,96.38,98.69,2937191
2022/12/23,sh.600600,97.76,101.42,96.69,101.42,3759268
2022/12/26,sh.600600,99.84,100.84,98.26,98.43,3656636
2022/12/27,sh.600600,99.47,102.81,98.68,100.70,3514170
2022/12/28,sh.600600,100.51,101.67,99.65,100.63,2162453
2022/12/29,sh.600600,99.79,100.11,98.44,99.14,3113875
2022/12/30,sh.600600,100.15,100.38,97.52,99.47,3856559
2023/1/3,sh.600600,99.92,99.92,95.29,97.31,4976161
2023/1/4,sh.600600,97.79,99.29,96.60,97.62,3974362
2023/1/5,sh.600600,97.91,100.50,97.15,99.92,3470850
2023/1/6,sh.600600,99.93,99.97,96.84,98.36,4058719
2023/1/9,sh.600600,98.73,99.27,97.16,98.42,4827185
2023/1/10,sh.600600,98.61,99.47,97.33,98.90,3618971
2023/1/11,sh.600600,99.25,99.81,96.59,98.03,4210109
2023/1/12,sh.600600,97.50,98.57,95.86,96.16,3175077
2023/1/13,sh.600600,96.89,101.88,96.29,101.06,5715755
2023/1/16,sh.600600,101.68,103.76,100.86,101.58,5698851
2023/1/17,sh.600600,101.06,102.05,99.51,101.16,3467781
2023/1/18,sh.600600,101.06,101.50,97.95,98.23,4107253
2023/1/19,sh.600600,97.86,98.22,96.69,97.43,3068708
2023/1/20,sh.600600,97.43,98.34,96.56,97.30,2923225
2023/1/30,sh.600600,97.99,98.65,96.04,96.49,5684824
2023/1/31,sh.600600,96.85,96.85,93.45,93.49,4814718
2023/2/1,sh.600600,93.49,96.69,93.49,96.22,5064869
2023/2/2,sh.600600,96.23,97.98,95.86,97.32,4281247
2023/2/3,sh.600600,96.76,97.41,94.40,96.31,3229174
2023/2/6,sh.600600,95.16,95.96,94.24,94.31,4289562
2023/2/7,sh.600600,94.84,95.76,94.08,94.57,2578396
2023/2/8,sh.600600,95.04,95.43,92.60,93.20,3424892
2023/2/9,sh.600600,93.24,95.70,93.24,94.21,4640946
2023/2/10,sh.600600,94.28,95.17,93.31,94.64,3384894
2023/2/13,sh.600600,94.19,98.87,93.76,96.78,9054855
2023/2/14,sh.600600,96.77,98.50,95.92,97.56,3818035
2023/2/15,sh.600600,97.56,100.48,97.19,97.87,5234999
2023/2/16,sh.600600,98.08,102.65,97.43,100.44,8428858
2023/2/17,sh.600600,99.63,101.32,98.82,99.22,3694263
2023/2/20,sh.600600,98.46,100.38,97.15,99.65,4588165
2023/2/21,sh.600600,99.93,100.30,97.66,98.59,3675815
2023/2/22,sh.600600,98.36,99.84,97.48,98.75,3017032
2023/2/23,sh.600600,98.83,99.56,97.02,97.78,3078885
2023/2/24,sh.600600,97.18,97.32,94.84,95.59,4322922
2023/2/27,sh.600600,95.68,100.76,94.38,100.10,7647492
2023/2/28,sh.600600,99.81,103.83,98.80,103.15,9902212
2023/3/1,sh.600600,104.68,105.16,101.90,103.91,7078852
2023/3/2,sh.600600,104.41,105.89,103.66,104.44,5063326
2023/3/3,sh.600600,104.55,106.85,103.63,104.74,4890401
2023/3/6,sh.600600,105.29,106.41,103.26,105.56,4290447
2023/3/7,sh.600600,105.48,107.96,105.30,106.31,7064690
2023/3/8,sh.600600,105.66,106.03,103.61,105.20,3896825
2023/3/9,sh.600600,105.20,105.97,102.33,103.63,5476746
2023/3/10,sh.600600,103.12,104.09,101.95,102.26,3127879
2023/3/13,sh.600600,102.48,105.67,101.79,104.95,4007015
2023/3/14,sh.600600,105.30,106.36,104.65,104.96,4113900
2023/3/15,sh.600600,105.60,106.01,103.52,104.02,4614390
2023/3/16,sh.600600,103.72,104.23,101.91,102.67,3466855
2023/3/17,sh.600600,103.25,103.44,100.02,100.20,3691163
2023/3/20,sh.600600,100.66,100.67,96.69,98.08,5992717
2023/3/21,sh.600600,98.75,100.55,98.14,99.45,4763817
2023/3/22,sh.600600,99.67,102.95,99.43,100.57,3848487
2023/3/23,sh.600600,102.69,102.98,98.74,101.80,5616547
2023/3/24,sh.600600,102.81,105.20,101.22,103.92,6308113
2023/3/27,sh.600600,103.92,104.39,101.44,102.53,3204225
2023/3/28,sh.600600,103.02,104.44,102.48,104.27,4541411
2023/3/29,sh.600600,104.54,107.84,103.64,107.32,5952091
2023/3/30,sh.600600,106.67,111.66,106.51,110.85,7296042
2023/3/31,sh.600600,111.11,113.29,110.58,111.59,5853529
2023/4/3,sh.600600,111.01,111.26,108.86,109.91,5629869
2023/4/4,sh.600600,109.90,113.97,109.35,112.91,6627759
2023/4/6,sh.600600,112.90,113.81,111.31,112.93,3090476
2023/4/7,sh.600600,112.93,115.28,111.74,112.97,3274670
2023/4/10,sh.600600,112.42,116.26,109.69,115.04,4605597
2023/4/11,sh.600600,113.12,113.84,109.85,110.93,5963452
2023/4/12,sh.600600,110.99,111.49,106.53,107.21,6723478
2023/4/13,sh.600600,107.32,109.74,107.22,108.58,4537125
2023/4/14,sh.600600,109.19,110.85,106.54,107.22,4165852
2023/4/17,sh.600600,107.61,109.60,107.13,107.75,3687777
2023/4/18,sh.600600,108.26,109.46,107.13,108.89,3982272
2023/4/19,sh.600600,109.09,109.09,107.24,107.89,3308994
2023/4/20,sh.600600,107.89,108.67,104.49,105.51,7270786
2023/4/21,sh.600600,106.19,107.63,105.07,105.80,3992018
2023/4/24,sh.600600,105.39,105.94,103.72,105.02,4525962
2023/4/25,sh.600600,107.51,109.43,106.11,108.29,8920622
2023/4/26,sh.600600,107.69,110.68,105.58,110.05,6791836
2023/4/27,sh.600600,109.18,109.18,105.85,107.90,5769195
2023/4/28,sh.600600,107.89,108.34,106.51,108.07,5191906
2023/5/4,sh.600600,108.07,108.84,102.70,103.41,9080808
2023/5/5,sh.600600,102.80,104.36,100.57,103.77,6278265
2023/5/8,sh.600600,103.26,103.77,99.35,100.04,8479528
2023/5/9,sh.600600,100.05,101.04,98.12,99.27,5587949
2023/5/10,sh.600600,99.08,99.45,96.77,97.87,4571361
2023/5/11,sh.600600,97.86,98.42,96.51,97.10,3333464
2023/5/12,sh.600600,97.14,97.89,95.39,95.91,4585107
2023/5/15,sh.600600,96.08,98.86,94.84,98.62,6912515
2023/5/16,sh.600600,98.08,99.47,96.64,97.36,6018163
2023/5/17,sh.600600,97.15,97.15,94.02,95.35,6520650
2023/5/18,sh.600600,95.30,96.03,94.65,95.95,3914634
2023/5/19,sh.600600,95.67,101.59,94.65,99.41,7758788
2023/5/22,sh.600600,98.50,101.26,97.18,99.74,6846034
2023/5/23,sh.600600,99.34,99.73,96.91,97.33,4708209
2023/5/24,sh.600600,96.63,96.69,94.49,94.53,5315500
2023/5/25,sh.600600,94.01,94.89,92.76,93.64,5696156
2023/5/26,sh.600600,93.35,94.11,91.87,92.37,4509919
2023/5/29,sh.600600,92.38,92.79,90.84,92.30,6121321
2023/5/30,sh.600600,91.80,91.97,88.61,89.70,8845639
2023/5/31,sh.600600,90.35,90.58,87.72,88.09,4844090
2023/6/1,sh.600600,88.42,90.19,87.89,88.83,6142303
2023/6/2,sh.600600,88.85,92.51,88.85,91.59,8563690
2023/6/5,sh.600600,91.51,92.26,90.29,91.66,4741632
2023/6/6,sh.600600,91.14,93.45,90.86,92.06,5170381
2023/6/7,sh.600600,92.06,92.89,90.37,90.68,4863122
2023/6/8,sh.600600,90.28,91.60,89.57,90.53,3726871
2023/6/9,sh.600600,90.80,91.69,90.10,91.43,3747750
2023/6/12,sh.600600,91.43,96.23,91.31,95.64,10162488
2023/6/13,sh.600600,95.02,96.25,93.50,95.07,5048864
2023/6/14,sh.600600,95.48,96.88,95.12,95.28,6531921
2023/6/15,sh.600600,95.49,97.46,93.98,97.12,9051718
2023/6/16,sh.600600,97.62,98.43,96.75,98.00,5657670
2023/6/19,sh.600600,97.76,98.43,95.39,96.30,6815246
2023/6/20,sh.600600,95.77,97.06,94.84,96.26,4371202
2023/6/21,sh.600600,95.16,96.23,94.65,95.02,3692045
2023/6/26,sh.600600,94.40,95.24,93.00,94.65,3791388
2023/6/27,sh.600600,94.39,95.33,93.45,94.39,3697388
2023/6/28,sh.600600,94.55,96.24,93.86,94.80,4038622
2023/6/29,sh.600600,94.80,95.19,93.66,94.05,3044055
2023/6/30,sh.600600,94.07,96.08,93.77,95.89,5134876
2023/7/3,sh.600600,96.39,98.22,95.59,97.71,5556157
2023/7/4,sh.600600,98.08,98.40,96.77,97.94,3135000
2023/7/5,sh.600600,97.71,97.71,95.65,96.48,3184010
2023/7/6,sh.600600,95.76,96.31,93.17,93.41,5213647
2023/7/7,sh.600600,93.18,93.84,92.53,92.84,2517345
2023/7/10,sh.600600,93.91,95.17,92.97,94.23,2709980
2023/7/11,sh.600600,94.22,94.67,93.04,94.38,2560281
2023/7/12,sh.600600,94.28,95.18,93.91,94.09,2078552
2023/7/13,sh.600600,94.12,96.91,94.12,96.70,4833653
2023/7/14,sh.600600,96.99,96.99,94.71,95.45,3604406
2023/7/17,sh.600600,95.45,95.45,93.41,94.17,2554925
2023/7/18,sh.600600,94.32,94.43,93.23,94.32,1684758
2023/7/19,sh.600600,94.33,94.33,87.93,88.89,12632678
2023/7/20,sh.600600,88.69,92.27,88.51,90.38,8319591
2023/7/21,sh.600600,90.84,92.55,90.38,91.27,5855358
2023/7/24,sh.600600,91.27,91.28,89.63,90.07,4649837
2023/7/25,sh.600600,91.12,94.34,91.12,93.16,8129974
2023/7/26,sh.600600,93.11,93.30,92.34,93.03,2700412
2023/7/27,sh.600600,92.94,93.86,92.44,92.72,3292177
2023/7/28,sh.600600,92.24,94.43,92.07,94.28,3780277
2023/7/31,sh.600600,95.37,97.21,92.36,92.89,8761113
2023/8/1,sh.600600,90.38,91.79,89.28,90.98,7809716
2023/8/2,sh.600600,90.84,91.19,89.44,89.75,6355890
2023/8/3,sh.600600,89.60,90.94,89.25,90.81,4479389
2023/8/4,sh.600600,91.23,94.15,91.14,93.25,9939000
2023/8/7,sh.600600,92.80,93.86,92.31,92.81,4109451
2023/8/8,sh.600600,92.55,93.09,91.33,92.53,2786761
2023/8/9,sh.600600,91.98,92.59,91.79,92.45,2478343
2023/8/10,sh.600600,92.56,92.56,90.55,91.19,4449228
2023/8/11,sh.600600,91.41,91.48,89.87,89.96,3104812
2023/8/14,sh.600600,89.44,89.77,87.75,89.44,4552721
2023/8/15,sh.600600,89.47,89.77,88.04,88.54,3148755
2023/8/16,sh.600600,87.92,88.49,86.99,87.07,4686940
2023/8/17,sh.600600,86.63,91.01,86.41,90.94,10332469
2023/8/18,sh.600600,90.94,91.12,88.76,88.76,3440530
2023/8/21,sh.600600,88.32,89.33,87.32,87.63,3007809
2023/8/22,sh.600600,87.70,88.12,86.33,87.63,3758691
2023/8/23,sh.600600,87.44,87.44,86.28,86.33,2610947
2023/8/24,sh.600600,86.40,92.13,86.40,91.31,8905360
2023/8/25,sh.600600,90.84,90.85,88.97,90.10,4150137
2023/8/28,sh.600600,93.76,94.14,88.50,88.93,7985778
2023/8/29,sh.600600,88.96,89.85,87.98,89.13,4636541
2023/8/30,sh.600600,89.13,89.51,88.22,88.50,3649441
2023/8/31,sh.600600,87.56,88.11,85.20,85.77,6713380
2023/9/1,sh.600600,86.67,87.98,86.57,86.79,3902772
2023/9/4,sh.600600,87.12,89.53,87.12,88.78,6650164
2023/9/5,sh.600600,88.76,89.87,88.22,88.93,3777650
2023/9/6,sh.600600,88.92,88.92,86.80,87.17,3705502
2023/9/7,sh.600600,87.09,87.24,86.44,86.58,2844942
2023/9/8,sh.600600,86.58,86.58,85.43,85.87,2806198
2023/9/11,sh.600600,85.67,86.99,85.33,86.53,2788226
2023/9/12,sh.600600,86.52,86.73,85.67,86.50,1976717
2023/9/13,sh.600600,86.62,87.09,85.51,85.93,2565146
2023/9/14,sh.600600,85.67,85.91,84.09,84.85,3875605
2023/9/15,sh.600600,84.85,85.03,83.98,84.12,3006741
2023/9/18,sh.600600,84.12,85.40,83.81,84.84,3918821
2023/9/19,sh.600600,84.54,84.64,83.33,84.41,2390609
2023/9/20,sh.600600,84.40,84.40,83.10,83.39,2558920
2023/9/21,sh.600600,83.12,83.38,82.01,82.29,3534054
2023/9/22,sh.600600,81.92,84.10,81.92,83.87,3377034
2023/9/25,sh.600600,83.79,84.62,83.43,84.21,2662102
2023/9/26,sh.600600,84.21,85.96,83.81,85.21,3716060
2023/9/27,sh.600600,85.05,85.32,83.06,83.44,3751213
2023/9/28,sh.600600,83.70,83.93,82.15,82.34,3411336
2023/10/9,sh.600600,82.34,82.72,80.58,82.37,3628198
2023/10/10,sh.600600,82.36,84.21,81.45,81.67,2937249
2023/10/11,sh.600600,82.00,82.00,80.81,81.33,3252069
2023/10/12,sh.600600,81.71,82.00,80.51,80.70,3827849
2023/10/13,sh.600600,80.12,80.34,78.36,78.89,5045998
2023/10/16,sh.600600,78.89,79.35,78.17,78.38,2935917
2023/10/17,sh.600600,78.17,78.36,77.46,77.86,2321756
2023/10/18,sh.600600,77.85,78.24,77.11,77.38,2284418
2023/10/19,sh.600600,77.07,77.30,75.92,76.34,3201821
2023/10/20,sh.600600,76.18,77.08,76.03,76.34,2600884
2023/10/23,sh.600600,71.18,76.73,70.61,76.06,15375922
2023/10/24,sh.600600,74.55,74.82,72.69,73.91,10440663
2023/10/25,sh.600600,74.09,75.98,74.09,75.53,6263561
2023/10/26,sh.600600,74.78,77.19,74.75,77.11,4217582
2023/10/27,sh.600600,76.73,79.79,76.46,79.46,6204675
2023/10/30,sh.600600,78.90,80.95,78.73,78.90,8488171
2023/10/31,sh.600600,78.90,79.08,77.30,78.68,4107601
2023/11/1,sh.600600,79.56,79.82,77.75,77.84,3386400
2023/11/2,sh.600600,77.48,77.65,75.88,76.09,4247776
2023/11/3,sh.600600,76.00,76.24,74.88,75.33,5457862
2023/11/6,sh.600600,75.84,75.94,74.89,75.93,5504903
2023/11/7,sh.600600,75.88,75.88,75.13,75.21,2781730
2023/11/8,sh.600600,75.21,75.66,74.67,75.10,3253184
2023/11/9,sh.600600,75.08,76.28,74.85,76.18,4477752
2023/11/10,sh.600600,75.79,76.52,74.67,76.02,5006810
2023/11/13,sh.600600,76.02,76.69,75.06,75.28,2664981
2023/11/14,sh.600600,75.32,75.72,73.98,74.35,5103948
2023/11/15,sh.600600,74.65,75.64,74.65,75.18,4589935
2023/11/16,sh.600600,75.10,75.15,74.06,74.26,3249415
2023/11/17,sh.600600,74.07,74.27,73.64,73.87,2575100
2023/11/20,sh.600600,73.82,74.15,73.15,73.44,4271752
2023/11/21,sh.600600,73.38,74.27,73.38,73.60,4693389
2023/11/22,sh.600600,73.40,73.60,72.84,73.02,2699716
2023/11/23,sh.600600,73.02,73.13,71.69,72.39,4350446
2023/11/24,sh.600600,72.38,72.82,71.89,72.02,2944505
2023/11/27,sh.600600,71.74,71.92,70.71,71.14,3301200
2023/11/28,sh.600600,71.14,71.36,70.62,70.87,2814805
2023/11/29,sh.600600,70.62,70.71,69.45,70.22,4256856
2023/11/30,sh.600600,69.84,70.53,69.44,70.20,3430281
2023/12/1,sh.600600,70.09,70.10,68.78,69.75,3969845
2023/12/4,sh.600600,69.56,69.58,67.97,68.02,5156514
2023/12/5,sh.600600,67.60,68.42,66.92,66.98,3826787
2023/12/6,sh.600600,66.99,68.27,66.75,67.60,3861735
2023/12/7,sh.600600,67.49,67.56,66.01,67.41,5081716
2023/12/8,sh.600600,67.38,68.33,67.14,67.46,3951046
2023/12/11,sh.600600,67.11,67.62,65.41,67.30,4836574
2023/12/12,sh.600600,67.30,68.73,66.76,68.59,3995171
2023/12/13,sh.600600,68.24,68.41,66.36,66.37,4842572
2023/12/14,sh.600600,66.84,67.11,65.23,65.57,4154191
2023/12/15,sh.600600,65.68,66.74,65.59,65.72,3344393
2023/12/18,sh.600600,65.24,65.71,64.85,65.19,2064310
2023/12/19,sh.600600,65.19,65.53,64.49,65.06,2843517
2023/12/20,sh.600600,65.07,65.07,64.21,64.35,2892800
2023/12/21,sh.600600,64.21,67.34,64.03,66.91,6365667
2023/12/22,sh.600600,66.75,67.77,66.45,66.91,4406203
2023/12/25,sh.600600,67.33,68.81,67.06,68.49,4496627
2023/12/26,sh.600600,68.26,68.26,67.16,68.13,2725576
2023/12/27,sh.600600,68.16,68.34,67.41,67.97,3234738
2023/12/28,sh.600600,67.79,71.27,67.61,70.92,6896023
2023/12/29,sh.600600,70.91,71.51,69.91,70.38,4454692
2024/1/2,sh.600600,70.33,70.33,67.59,67.74,5589846
2024/1/3,sh.600600,67.74,68.29,67.36,67.67,3198078
2024/1/4,sh.600600,67.66,67.67,66.04,66.47,3644600
2024/1/5,sh.600600,66.04,66.86,65.43,65.90,3131056
2024/1/8,sh.600600,65.97,65.99,64.31,64.61,3462824
2024/1/9,sh.600600,64.78,65.48,63.96,64.88,3581523
2024/1/10,sh.600600,64.68,66.66,64.04,65.62,3804599
2024/1/11,sh.600600,65.63,68.30,65.34,68.12,5871804
2024/1/12,sh.600600,68.12,68.60,67.28,67.95,3088429
2024/1/15,sh.600600,67.32,67.94,66.72,67.01,2481093
2024/1/16,sh.600600,66.89,68.20,66.54,67.81,3850799
2024/1/17,sh.600600,67.51,67.78,65.68,65.68,3237574
2024/1/18,sh.600600,65.08,67.22,64.77,67.03,4403461
2024/1/19,sh.600600,66.50,67.49,66.06,66.80,3291734
2024/1/22,sh.600600,67.02,67.02,64.66,65.25,4285192
2024/1/23,sh.600600,64.90,65.58,63.64,65.03,4949758
2024/1/24,sh.600600,65.21,65.43,63.61,65.14,3851721
2024/1/25,sh.600600,64.96,68.54,64.82,68.46,7149740
2024/1/26,sh.600600,68.17,68.78,67.17,67.98,4055107
2024/1/29,sh.600600,67.98,70.80,67.69,69.75,7888666
2024/1/30,sh.600600,69.32,69.32,67.80,67.80,5117314
2024/1/31,sh.600600,67.41,67.91,65.58,65.58,5131478
2024/2/1,sh.600600,65.56,67.46,64.73,66.38,4670941
2024/2/2,sh.600600,66.63,68.45,65.72,67.85,7473793
2024/2/5,sh.600600,66.95,69.76,65.91,68.92,6433662
2024/2/6,sh.600600,68.82,72.19,68.32,72.01,9561884
2024/2/7,sh.600600,72.01,72.39,70.61,72.29,7068760
2024/2/8,sh.600600,72.49,74.00,70.82,73.55,7184682
2024/2/19,sh.600600,73.96,74.27,71.74,72.12,5864131
2024/2/20,sh.600600,72.11,72.65,71.23,71.68,5026874
2024/2/21,sh.600600,71.55,75.77,70.99,74.68,8444264
2024/2/22,sh.600600,74.06,77.20,73.79,76.92,7243945
2024/2/23,sh.600600,76.73,79.91,76.08,78.14,6946702
2024/2/26,sh.600600,78.12,78.61,76.45,76.66,3968132
2024/2/27,sh.600600,76.26,77.10,75.23,76.99,4913640
2024/2/28,sh.600600,76.34,76.54,74.26,75.02,8852355
2024/2/29,sh.600600,74.37,75.57,74.14,75.54,4856362
2024/3/1,sh.600600,75.32,76.33,74.83,75.70,4788381
2024/3/4,sh.600600,75.92,76.13,74.86,75.05,3317316
2024/3/5,sh.600600,75.04,76.98,74.57,76.51,6322905
2024/3/6,sh.600600,76.51,76.88,75.23,75.77,3223661
2024/3/7,sh.600600,75.78,76.15,74.89,75.28,2938204
2024/3/8,sh.600600,75.26,75.39,73.32,73.82,4785044
2024/3/11,sh.600600,73.80,76.31,73.79,76.18,6190164
2024/3/12,sh.600600,76.34,79.56,76.25,78.99,10746147
2024/3/13,sh.600600,79.00,80.83,78.53,80.29,7691137
2024/3/14,sh.600600,80.11,81.11,79.12,79.33,3603586
2024/3/15,sh.600600,79.08,80.02,78.24,78.89,2985146
2024/3/18,sh.600600,78.90,79.74,77.93,79.17,3668506
2024/3/19,sh.600600,79.16,80.65,78.29,79.61,4179415
2024/3/20,sh.600600,79.60,80.78,78.97,80.32,3405726
2024/3/21,sh.600600,80.29,80.97,80.12,80.77,2600284
2024/3/22,sh.600600,80.75,80.75,78.61,79.13,3002948
2024/3/25,sh.600600,79.08,79.08,77.47,77.95,5162995
2024/3/26,sh.600600,78.07,80.10,77.76,80.10,5259120
2024/3/27,sh.600600,79.08,80.18,78.26,78.86,4882627
2024/3/28,sh.600600,78.86,80.31,78.14,79.22,3192694
2024/3/29,sh.600600,79.50,79.50,77.67,78.49,4375183
2024/4/1,sh.600600,78.49,79.55,77.21,78.11,6791928
2024/4/2,sh.600600,77.72,77.95,76.02,76.27,7333070
2024/4/3,sh.600600,76.35,77.00,75.60,76.07,3771481
2024/4/8,sh.600600,76.07,76.07,72.92,73.39,10052863
2024/4/9,sh.600600,73.50,73.91,72.70,73.86,4949254
2024/4/10,sh.600600,73.70,73.71,71.83,72.21,5607167
2024/4/11,sh.600600,71.83,71.99,70.34,71.67,6654838
2024/4/12,sh.600600,71.46,72.08,69.91,70.03,5318406
2024/4/15,sh.600600,69.90,72.76,69.74,72.61,8245822
2024/4/16,sh.600600,72.12,73.08,71.51,72.51,5665925
2024/4/17,sh.600600,72.40,73.97,71.67,73.44,5995039
2024/4/18,sh.600600,73.34,74.57,72.90,73.75,4788146
2024/4/19,sh.600600,73.44,73.67,72.12,72.32,4187412
2024/4/22,sh.600600,72.13,75.13,72.12,74.25,7444365
2024/4/23,sh.600600,74.25,74.99,73.76,74.25,4867887
2024/4/24,sh.600600,74.38,74.42,73.25,74.21,3459855
2024/4/25,sh.600600,74.06,74.45,73.25,74.02,3109526
2024/4/26,sh.600600,73.93,75.51,73.72,74.38,6696110
2024/4/29,sh.600600,74.16,75.32,74.12,74.67,7918631
2024/4/30,sh.600600,76.26,78.03,75.81,77.16,11309881
2024/5/6,sh.600600,77.92,82.13,77.92,82.02,15334493
2024/5/7,sh.600600,82.00,82.48,81.36,81.64,6211345
2024/5/8,sh.600600,81.59,82.58,81.34,81.72,4848724
2024/5/9,sh.600600,81.66,82.29,81.28,81.73,4310369
2024/5/10,sh.600600,82.09,82.87,81.11,81.44,3933438
2024/5/13,sh.600600,80.89,80.89,79.65,80.26,7302627
2024/5/14,sh.600600,80.23,81.24,80.17,80.61,3713443
2024/5/15,sh.600600,80.39,81.87,80.17,81.13,3527112
2024/5/16,sh.600600,81.13,81.51,79.80,80.94,4248442
2024/5/17,sh.600600,80.50,81.65,80.27,81.00,3178352
2024/5/20,sh.600600,81.54,82.50,80.78,81.39,4892879
2024/5/21,sh.600600,81.11,81.63,80.59,81.35,2830700
2024/5/22,sh.600600,81.39,81.58,80.67,80.93,2940198
2024/5/23,sh.600600,80.59,81.30,79.43,79.73,3063683
2024/5/24,sh.600600,79.59,79.84,78.14,78.27,3846603
2024/5/27,sh.600600,78.76,78.86,77.59,78.53,4565062
2024/5/28,sh.600600,78.68,78.75,76.54,76.82,6624719
2024/5/29,sh.600600,76.78,77.25,75.58,75.89,5850525
2024/5/30,sh.600600,75.78,75.78,72.64,72.83,13209809
2024/5/31,sh.600600,72.92,73.53,72.61,73.09,8001069
2024/6/3,sh.600600,72.96,74.42,72.11,74.11,7665998
2024/6/4,sh.600600,74.08,75.48,73.67,75.22,7289142
2024/6/5,sh.600600,74.89,75.60,74.64,74.74,4055730
2024/6/6,sh.600600,74.63,75.56,74.33,75.21,5922420
2024/6/7,sh.600600,75.06,75.57,73.63,74.85,5726485
2024/6/11,sh.600600,74.82,74.82,73.59,73.99,4246340
2024/6/12,sh.600600,73.80,74.85,73.72,74.57,4023070
2024/6/13,sh.600600,74.46,74.46,72.97,73.46,4872705
2024/6/14,sh.600600,73.30,73.45,71.41,72.95,7957334
2024/6/17,sh.600600,71.88,73.92,71.88,73.63,7804975
2024/6/18,sh.600600,73.44,74.07,71.55,71.99,9001436
2024/6/19,sh.600600,71.84,72.77,71.44,71.76,4340613
2024/6/20,sh.600600,71.76,72.00,70.33,70.52,6504225
2024/6/21,sh.600600,70.40,70.40,67.81,68.93,9053066
2024/6/24,sh.600600,68.17,69.84,67.05,69.29,6248603
2024/6/25,sh.600600,69.10,69.86,68.89,69.34,4157676
2024/6/26,sh.600600,68.92,69.56,68.74,69.42,3163199
2024/6/27,sh.600600,69.37,69.37,68.27,68.33,3095171
2024/6/28,sh.600600,68.32,68.96,67.70,68.51,5560375
2024/7/1,sh.600600,68.54,68.69,65.54,66.53,8017060
2024/7/2,sh.600600,66.25,67.75,65.54,66.80,6873213
2024/7/3,sh.600600,66.49,66.75,65.72,65.98,4659650
2024/7/4,sh.600600,65.74,66.18,64.07,64.67,7003329
2024/7/5,sh.600600,64.67,64.87,63.74,64.01,4864614
2024/7/8,sh.600600,63.93,63.97,62.14,62.25,6395296
2024/7/9,sh.600600,62.50,62.80,61.46,62.66,6659619
2024/7/10,sh.600600,62.48,63.97,62.21,62.76,5970031
2024/7/11,sh.600600,63.55,65.58,63.15,65.26,8771392
2024/7/12,sh.600600,65.67,66.72,64.77,66.27,10717345
2024/7/15,sh.600600,65.79,66.41,65.09,65.70,5058780
2024/7/16,sh.600600,65.71,65.93,64.94,65.79,4332277
2024/7/17,sh.600600,65.79,67.36,65.31,67.09,6440018
2024/7/18,sh.600600,67.05,67.72,66.54,67.46,5699455
2024/7/19,sh.600600,67.47,68.32,66.98,68.29,5419418
2024/7/22,sh.600600,68.00,68.49,66.86,67.56,5052245
2024/7/23,sh.600600,67.46,67.46,65.59,65.61,5390291
2024/7/24,sh.600600,64.94,65.59,63.40,63.66,6182856
2024/7/25,sh.600600,63.27,64.10,62.53,62.73,5701187
2024/7/26,sh.600600,62.74,63.84,62.40,62.93,4808011
2024/7/29,sh.600600,62.89,65.31,61.55,64.10,9027082
2024/7/30,sh.600600,63.64,64.50,62.67,64.48,5220926
2024/7/31,sh.600600,63.97,66.84,63.78,66.58,8041648
2024/8/1,sh.600600,66.56,66.56,65.13,65.13,4776596
2024/8/2,sh.600600,64.92,65.52,64.56,64.62,3207234
2024/8/5,sh.600600,64.61,66.01,64.29,64.46,6034316
2024/8/6,sh.600600,64.93,65.37,64.47,65.23,3676341
2024/8/7,sh.600600,65.17,65.68,64.78,64.99,2710252
2024/8/8,sh.600600,64.89,67.64,64.59,66.19,8748213
2024/8/9,sh.600600,66.78,67.34,65.62,65.63,3597090
2024/8/12,sh.600600,65.24,65.57,64.61,64.66,3336283
2024/8/13,sh.600600,64.66,64.96,63.01,63.34,5087116
2024/8/14,sh.600600,63.29,63.53,62.67,62.68,3105441
2024/8/15,sh.600600,62.59,63.24,61.88,62.82,3979262
2024/8/16,sh.600600,62.87,63.00,62.03,62.30,4281038
2024/8/19,sh.600600,62.13,62.54,61.61,61.89,4862480
2024/8/20,sh.600600,61.64,61.84,58.65,58.83,11304155
2024/8/21,sh.600600,58.74,58.91,57.22,57.37,7829776
2024/8/22,sh.600600,57.46,57.62,55.40,56.13,9402287
2024/8/23,sh.600600,56.13,56.51,55.64,56.27,5148991
2024/8/26,sh.600600,56.46,57.21,55.78,56.02,4508063
2024/8/27,sh.600600,55.54,55.95,54.63,55.77,5827209
2024/8/28,sh.600600,55.67,55.76,54.78,55.62,3896598
2024/8/29,sh.600600,55.42,56.27,55.13,56.12,4581541
2024/8/30,sh.600600,55.83,57.83,54.87,57.62,9936318
2024/9/2,sh.600600,57.04,57.04,55.18,55.30,6098636
2024/9/3,sh.600600,55.33,56.56,55.14,56.05,4342309
2024/9/4,sh.600600,55.67,56.39,55.34,55.40,3200400
2024/9/5,sh.600600,55.26,55.86,55.26,55.79,2813507
2024/9/6,sh.600600,55.79,55.81,55.10,55.11,3038899
2024/9/9,sh.600600,54.54,54.96,54.08,54.25,3582259
2024/9/10,sh.600600,54.26,54.95,53.82,54.35,4230423
2024/9/11,sh.600600,54.08,55.07,53.82,54.88,3362379
2024/9/12,sh.600600,54.88,55.23,53.70,53.77,3524627
2024/9/13,sh.600600,53.70,53.99,52.28,52.30,5746670
2024/9/18,sh.600600,52.15,52.86,51.56,52.79,5123619
2024/9/19,sh.600600,52.79,55.10,52.47,54.68,9427014
2024/9/20,sh.600600,54.77,55.96,54.13,55.76,7329708
2024/9/23,sh.600600,55.68,56.74,55.14,55.16,4381527
2024/9/24,sh.600600,56.03,57.63,55.19,57.63,8554197
2024/9/25,sh.600600,58.35,59.61,57.65,57.74,9108656
2024/9/26,sh.600600,57.75,63.52,57.57,63.52,19069592
2024/9/27,sh.600600,66.39,69.06,65.85,69.04,15322251
2024/9/30,sh.600600,72.69,75.94,71.73,75.94,22507211
2024/10/8,sh.600600,83.53,83.53,72.49,75.12,27892612
2024/10/9,sh.600600,75.12,75.12,68.08,68.83,15893633
2024/10/10,sh.600600,68.47,72.20,68.47,70.85,10864041
2024/10/11,sh.600600,70.85,71.00,67.61,68.48,6435483
2024/10/14,sh.600600,68.34,69.84,67.69,69.83,8155871
2024/10/15,sh.600600,70.17,70.23,66.88,66.88,6977114
2024/10/16,sh.600600,66.39,67.43,65.62,65.97,6818575
2024/10/17,sh.600600,66.06,66.72,64.96,64.96,5198651
2024/10/18,sh.600600,64.89,67.85,64.10,66.39,9029700
2024/10/21,sh.600600,66.39,67.17,65.54,66.60,8115959
2024/10/22,sh.600600,66.01,67.70,66.01,67.29,6361190
2024/10/23,sh.600600,67.27,68.71,66.75,67.85,7238319
2024/10/24,sh.600600,67.37,67.83,66.33,66.61,4253828
2024/10/25,sh.600600,66.61,67.46,66.45,67.20,4198172
2024/10/28,sh.600600,67.43,68.58,66.69,68.39,6009410
2024/10/29,sh.600600,68.39,68.99,66.30,66.40,6888713
2024/10/30,sh.600600,66.38,66.78,64.22,64.97,7950299
2024/10/31,sh.600600,64.89,65.69,64.31,65.07,4858053
2024/11/1,sh.600600,64.91,65.86,64.61,64.94,4454586
2024/11/4,sh.600600,65.05,66.06,64.99,65.72,4394715
2024/11/5,sh.600600,65.50,67.40,64.96,67.34,7357860
2024/11/6,sh.600600,67.75,68.58,66.88,67.45,6519987
2024/11/7,sh.600600,67.17,73.67,66.93,73.26,17763638
2024/11/8,sh.600600,73.42,74.00,71.03,71.28,11425393
2024/11/11,sh.600600,70.28,73.04,69.38,72.79,9733625
2024/11/12,sh.600600,72.63,74.15,71.49,71.84,8088613
2024/11/13,sh.600600,71.35,72.37,71.05,71.65,3868853
2024/11/14,sh.600600,71.24,73.30,70.76,70.76,4992396
2024/11/15,sh.600600,70.76,72.97,69.92,71.10,5889121
2024/11/18,sh.600600,71.09,71.66,69.40,69.65,4395611
2024/11/19,sh.600600,69.68,70.16,68.62,69.88,4525234
2024/11/20,sh.600600,69.61,70.50,69.50,70.27,3319937
2024/11/21,sh.600600,70.29,70.54,69.21,69.77,3404273
2024/11/22,sh.600600,69.78,70.10,67.64,67.68,4378607
2024/11/25,sh.600600,67.69,68.58,67.02,67.80,4042922
2024/11/26,sh.600600,67.79,69.59,67.68,68.25,4198907
2024/11/27,sh.600600,67.88,69.88,67.78,69.41,4375054
2024/11/28,sh.600600,69.41,69.88,68.10,68.12,3831448
2024/11/29,sh.600600,68.51,71.05,68.39,70.74,7032808
2024/12/2,sh.600600,70.08,72.11,70.08,70.79,5393975
2024/12/3,sh.600600,70.79,71.54,70.38,71.13,3491073
2024/12/4,sh.600600,70.77,71.17,69.72,70.06,4246982
2024/12/5,sh.600600,69.60,70.07,69.30,69.70,2252544
2024/12/6,sh.600600,70.15,71.82,70.15,71.57,5911389
2024/12/9,sh.600600,71.67,72.08,70.61,71.22,3549525
2024/12/10,sh.600600,74.00,74.82,71.80,71.92,9779753
2024/12/11,sh.600600,71.92,75.26,71.73,74.59,11582118
2024/12/12,sh.600600,74.63,77.54,74.26,77.45,11822981
2024/12/13,sh.600600,76.57,78.03,75.50,76.57,12241197
2024/12/16,sh.600600,76.57,78.14,75.22,75.60,8575310
2024/12/17,sh.600600,75.83,77.16,75.31,75.61,6390528
2024/12/18,sh.600600,75.68,76.25,74.48,74.63,4627216
2024/12/19,sh.600600,74.15,74.89,73.87,74.34,2990120
2024/12/20,sh.600600,74.03,76.28,73.98,75.55,4603078
2024/12/23,sh.600600,75.38,76.42,75.20,75.76,4774962
2024/12/24,sh.600600,75.41,77.05,75.41,76.80,3835767
2024/12/25,sh.600600,76.90,76.90,75.67,75.83,3284306
2024/12/26,sh.600600,75.87,77.65,75.75,77.42,4250873
2024/12/27,sh.600600,77.41,77.93,76.45,77.30,3979029
2024/12/30,sh.600600,76.80,78.32,76.57,76.57,3176088
2024/12/31,sh.600600,76.60,79.96,76.59,78.43,8083863
2025/1/2,sh.600600,78.51,79.38,76.67,77.25,6587504
2025/1/3,sh.600600,77.25,77.55,75.12,75.69,6081401
2025/1/6,sh.600600,74.97,75.78,72.76,73.28,5787095
2025/1/7,sh.600600,74.25,74.77,73.54,74.19,2984429
2025/1/8,sh.600600,74.08,74.93,73.21,74.05,3114383
2025/1/9,sh.600600,73.61,74.92,73.15,73.33,2850357
2025/1/10,sh.600600,73.06,73.53,71.91,71.94,2648142
2025/1/13,sh.600600,71.68,72.75,71.55,72.21,2349812
2025/1/14,sh.600600,72.31,73.86,71.86,73.63,3323566
2025/1/15,sh.600600,73.35,73.60,72.21,72.52,2450820
2025/1/16,sh.600600,72.72,74.05,71.77,72.40,3184117
2025/1/17,sh.600600,72.21,73.06,71.93,72.68,2029532
2025/1/20,sh.600600,73.11,73.42,71.63,71.69,4375133
2025/1/21,sh.600600,71.69,72.02,67.95,68.06,12338095
2025/1/22,sh.600600,68.12,68.41,67.24,67.57,4622696
2025/1/23,sh.600600,68.11,68.62,67.32,67.43,4416465
2025/1/24,sh.600600,67.25,68.01,66.98,67.70,4200509
2025/1/27,sh.600600,67.70,68.04,67.36,67.38,2641639
2025/2/5,sh.600600,67.40,67.85,65.10,65.43,6327383
2025/2/6,sh.600600,65.43,66.08,64.95,66.07,4200363
2025/2/7,sh.600600,66.03,66.86,65.62,66.73,7543594
2025/2/10,sh.600600,66.86,67.99,66.30,67.23,4418205
2025/2/11,sh.600600,67.50,67.50,66.10,66.48,4238573
2025/2/12,sh.600600,66.22,67.25,66.11,67.17,3066675
2025/2/13,sh.600600,67.36,69.01,67.01,68.58,7259123
2025/2/14,sh.600600,68.35,68.68,67.85,68.33,3768161
2025/2/17,sh.600600,68.38,68.59,67.56,67.84,3800952
2025/2/18,sh.600600,67.85,68.30,67.24,67.53,3526723
2025/2/19,sh.600600,67.31,67.61,66.69,67.07,4936009
2025/2/20,sh.600600,66.76,67.34,66.57,66.73,3061626
2025/2/21,sh.600600,66.85,66.97,65.43,65.83,9112177
2025/2/24,sh.600600,65.76,66.67,65.38,66.56,7077403
2025/2/25,sh.600600,66.25,66.35,65.11,65.23,6282586
2025/2/26,sh.600600,65.18,66.51,65.13,66.49,7245389
2025/2/27,sh.600600,66.30,67.99,66.30,67.33,8330672
2025/2/28,sh.600600,67.32,69.39,67.17,67.54,9430270
2025/3/3,sh.600600,67.84,69.00,67.19,67.57,6623279
2025/3/4,sh.600600,67.24,68.18,66.62,68.03,4645468
2025/3/5,sh.600600,68.00,68.24,67.44,67.71,3230494
2025/3/6,sh.600600,67.85,68.69,67.36,68.48,5719571
2025/3/7,sh.600600,68.24,68.60,67.56,68.30,4581342
2025/3/10,sh.600600,68.24,68.56,67.66,67.87,4021396
2025/3/11,sh.600600,67.36,70.75,67.29,70.72,11367565
2025/3/12,sh.600600,70.81,72.69,69.79,69.79,6206866
2025/3/13,sh.600600,69.79,70.52,69.45,69.79,4526528
2025/3/14,sh.600600,69.89,72.60,69.89,71.92,10889150
2025/3/17,sh.600600,72.45,72.99,71.42,72.00,8213345
2025/3/18,sh.600600,72.01,72.03,70.86,71.61,4708807
2025/3/19,sh.600600,71.73,72.68,71.34,72.21,4949633
2025/3/20,sh.600600,72.45,72.45,70.55,70.61,5149980
2025/3/21,sh.600600,70.60,71.73,70.28,70.44,4884964
2025/3/24,sh.600600,70.47,71.97,70.17,71.76,5710144
2025/3/25,sh.600600,72.21,75.08,72.16,73.95,9347806
2025/3/26,sh.600600,73.63,74.30,72.84,73.45,5393812
2025/3/27,sh.600600,73.18,75.36,73.18,75.19,6932567
2025/3/28,sh.600600,75.19,75.19,73.68,74.18,4868967
2025/3/31,sh.600600,73.57,75.41,73.26,73.92,5698589
2025/4/1,sh.600600,74.15,76.50,74.15,76.09,7621879
2025/4/2,sh.600600,76.25,76.72,75.70,76.10,3487088
2025/4/3,sh.600600,75.66,77.53,75.61,77.27,5939352
2025/4/7,sh.600600,75.91,77.52,73.05,75.79,14700491
2025/4/8,sh.600600,76.11,77.06,74.63,76.86,12484210
2025/4/9,sh.600600,76.07,79.36,75.27,79.16,10577133
2025/4/10,sh.600600,79.29,79.29,77.15,77.83,10738314
2025/4/11,sh.600600,77.90,77.93,76.26,77.18,7137415
2025/4/14,sh.600600,77.18,77.18,75.31,75.72,7653610
2025/4/15,sh.600600,75.72,77.16,74.98,76.07,5877162
2025/4/16,sh.600600,76.04,77.01,75.22,76.86,4836337
2025/4/17,sh.600600,76.57,77.49,76.15,77.43,4311721
2025/4/18,sh.600600,77.21,77.21,75.87,77.15,2944500
2025/4/21,sh.600600,76.40,76.84,75.69,75.84,3005400
2025/4/22,sh.600600,75.52,76.18,75.22,75.36,3563236
2025/4/23,sh.600600,75.72,75.84,74.67,74.84,3810186
2025/4/24,sh.600600,74.74,75.52,74.74,75.26,2985750
2025/4/25,sh.600600,75.23,76.02,74.93,75.03,2754463
2025/4/28,sh.600600,75.05,76.41,74.72,74.89,3255428
2025/4/29,sh.600600,74.90,75.32,71.74,72.61,8569786
2025/4/30,sh.600600,72.60,72.93,71.93,72.11,5159253
2025/5/6,sh.600600,72.11,72.80,72.11,72.57,6144974
2025/5/7,sh.600600,73.18,73.24,71.83,72.28,5874387
2025/5/8,sh.600600,72.68,72.68,71.45,72.09,4500223
2025/5/9,sh.600600,72.08,72.53,71.53,71.89,4277024
2025/5/12,sh.600600,71.92,72.10,71.45,71.97,4244547
2025/5/13,sh.600600,72.47,72.47,71.48,71.68,4603161
2025/5/14,sh.600600,71.64,72.50,71.08,72.12,7302709
2025/5/15,sh.600600,72.11,72.21,70.80,70.82,7424716
2025/5/16,sh.600600,70.86,70.98,69.89,70.30,5977981
2025/5/19,sh.600600,70.37,70.46,69.72,70.11,5564735
2025/5/20,sh.600600,70.11,70.94,70.11,70.62,6894165
2025/5/21,sh.600600,70.79,71.33,70.70,71.01,4625313
2025/5/22,sh.600600,70.77,70.87,70.14,70.17,4117665
2025/5/23,sh.600600,70.27,70.74,69.73,69.76,4449493
2025/5/26,sh.600600,69.77,70.06,69.11,69.98,4712860
2025/5/27,sh.600600,69.92,71.70,69.88,71.48,10195533
2025/5/28,sh.600600,71.48,73.95,70.78,73.66,16538700
2025/5/29,sh.600600,73.45,73.65,72.55,72.88,6685756
2025/5/30,sh.600600,72.69,73.64,71.89,71.89,5983085
2025/6/3,sh.600600,72.02,74.59,72.02,74.48,11022782
2025/6/4,sh.600600,74.20,75.52,73.48,74.60,9107969
2025/6/5,sh.600600,74.49,74.63,72.63,72.65,8680063
2025/6/6,sh.600600,72.21,72.68,71.36,71.50,7783536
2025/6/9,sh.600600,71.50,71.50,70.72,70.94,7233497
2025/6/10,sh.600600,70.95,71.30,70.45,70.79,5732693
2025/6/11,sh.600600,70.64,70.95,70.53,70.89,5197894
2025/6/12,sh.600600,70.64,70.72,68.82,69.11,14295751
2025/6/13,sh.600600,68.72,68.72,66.97,67.54,12516027
2025/6/16,sh.600600,67.25,68.03,66.88,68.03,6217613
2025/6/17,sh.600600,68.04,68.32,67.81,67.90,3884209
2025/6/18,sh.600600,68.43,69.84,68.43,68.88,6392701
2025/6/19,sh.600600,68.84,68.90,67.66,68.18,5313014
2025/6/20,sh.600600,68.30,69.67,68.28,68.92,6795497
2025/6/23,sh.600600,68.61,68.61,67.78,68.25,4289064
2025/6/24,sh.600600,68.26,68.78,68.10,68.59,5427642
2025/6/25,sh.600600,68.64,69.13,68.31,69.10,6686121
2025/6/26,sh.600600,68.96,69.51,68.81,69.37,5112583
2025/6/27,sh.600600,69.69,69.71,68.74,69.27,4464743
2025/6/30,sh.600600,69.27,69.50,69.05,69.46,4508502
2025/7/1,sh.600600,69.16,69.45,69.16,69.39,3125722
2025/7/2,sh.600600,69.38,69.41,68.25,68.42,7299150
2025/7/3,sh.600600,68.44,68.62,68.21,68.34,4639025
2025/7/4,sh.600600,68.45,68.49,68.00,68.35,5103532
2025/7/7,sh.600600,68.34,68.46,68.08,68.27,2940200
2025/7/8,sh.600600,68.47,68.96,68.28,68.79,5267604
2025/7/9,sh.600600,68.90,69.29,68.76,68.92,5564066
2025/7/10,sh.600600,68.70,68.99,68.43,68.63,4647055
2025/7/11,sh.600600,68.63,69.29,68.63,68.81,5927180
2025/7/14,sh.600600,68.88,68.96,68.56,68.81,5038442
2025/7/15,sh.600600,68.81,68.96,68.19,68.33,6129210
2025/7/16,sh.600600,68.10,68.32,67.97,68.24,4868620
2025/7/17,sh.600600,68.32,68.58,68.14,68.30,5881348
2025/7/18,sh.600600,68.31,68.74,68.31,68.72,5976547
2025/7/21,sh.600600,68.73,68.89,68.60,68.85,5315944
2025/7/22,sh.600600,68.85,69.85,68.68,69.81,10959420
2025/7/23,sh.600600,69.90,70.08,69.21,69.33,7521770
2025/7/24,sh.600600,69.60,69.79,69.17,69.70,6804054
2025/7/25,sh.600600,69.72,70.30,69.40,69.50,7349170
2025/7/28,sh.600600,69.50,69.50,68.69,69.00,5326070
2025/7/29,sh.600600,69.00,69.13,68.40,68.68,5208031
2025/7/30,sh.600600,68.52,69.64,68.51,69.14,7542487
2025/7/31,sh.600600,68.99,68.99,67.80,67.92,10187159
2025/8/1,sh.600600,67.86,68.09,67.82,68.05,3235059
2025/8/4,sh.600600,67.81,68.14,67.71,67.85,4454889
2025/8/5,sh.600600,67.85,67.97,67.73,67.90,4629779
2025/8/6,sh.600600,68.00,68.10,67.76,67.90,3976236
2025/8/7,sh.600600,67.87,68.23,67.76,68.10,4445421
2025/8/8,sh.600600,68.02,68.08,67.73,67.76,4521622
2025/8/11,sh.600600,67.70,68.10,67.49,67.97,4768290
2025/8/12,sh.600600,67.88,68.26,67.82,67.95,5124634
2025/8/13,sh.600600,68.02,68.10,67.78,67.87,5210031
2025/8/14,sh.600600,67.92,68.15,67.68,67.77,6256174
2025/8/15,sh.600600,67.68,67.77,67.35,67.60,6530182
2025/8/18,sh.600600,67.61,68.01,67.59,67.90,7346088
2025/8/19,sh.600600,67.91,68.25,67.85,67.94,7407526
2025/8/20,sh.600600,67.93,68.93,67.56,68.81,12590215
2025/8/21,sh.600600,68.73,69.00,68.37,68.57,9241401
2025/8/22,sh.600600,68.55,68.65,68.21,68.57,8191047
2025/8/25,sh.600600,68.81,69.92,68.60,69.69,15345367
2025/8/26,sh.600600,69.72,70.23,69.25,69.78,12132435
2025/8/27,sh.600600,70.10,70.10,68.87,68.98,11491255
2025/8/28,sh.600600,68.93,69.14,67.70,68.41,10891429
2025/8/29,sh.600600,68.51,70.20,68.50,69.50,13129675
2025/9/1,sh.600600,69.53,69.98,69.04,69.44,8490014
2025/9/2,sh.600600,69.44,70.10,68.93,69.04,9835621
2025/9/3,sh.600600,69.20,69.83,67.74,68.07,10695165
2025/9/4,sh.600600,67.93,67.96,67.07,67.70,8131465
2025/9/5,sh.600600,67.71,67.96,67.34,67.93,5998660
2025/9/8,sh.600600,67.92,68.38,67.51,68.30,6575615
2025/9/9,sh.600600,68.25,68.44,67.86,68.39,5059379
2025/9/10,sh.600600,68.30,68.46,68.01,68.18,3370925
2025/9/11,sh.600600,68.02,68.26,67.82,68.25,4898218
2025/9/12,sh.600600,68.26,68.48,67.88,67.90,5239133
2025/9/15,sh.600600,67.71,67.82,67.40,67.61,5231820
2025/9/16,sh.600600,67.90,68.16,67.66,67.72,5132426
2025/9/17,sh.600600,67.80,67.97,67.45,67.59,4924068
2025/9/18,sh.600600,67.59,67.59,67.07,67.15,6417770
2025/9/19,sh.600600,67.10,67.45,66.80,67.45,4587059
2025/9/22,sh.600600,67.39,67.39,66.80,66.88,3845458
2025/9/23,sh.600600,66.80,66.82,65.80,65.99,5473089
2025/9/24,sh.600600,65.70,66.55,65.65,66.47,3221039
2025/9/25,sh.600600,66.28,66.39,65.85,66.00,4105756
2025/9/26,sh.600600,65.93,66.61,65.80,66.56,4116947
2025/9/29,sh.600600,66.60,66.70,65.85,66.56,4084542
2025/9/30,sh.600600,66.46,66.50,65.91,65.92,5121746
2025/10/9,sh.600600,65.92,66.58,65.31,66.58,5844658
2025/10/10,sh.600600,66.38,67.77,66.32,67.43,7924937
2025/10/13,sh.600600,66.20,67.40,66.19,67.20,4926647
2025/10/14,sh.600600,67.55,67.85,66.93,67.71,6431301
2025/10/15,sh.600600,67.71,68.60,67.30,68.12,7734356
2025/10/16,sh.600600,68.12,68.55,67.92,68.14,5030697
2025/10/17,sh.600600,68.14,68.50,67.50,67.60,5292277
2025/10/20,sh.600600,67.38,67.88,67.15,67.71,3516325
2025/10/21,sh.600600,67.70,67.70,67.14,67.18,3877733
2025/10/22,sh.600600,67.01,67.31,66.75,66.77,2545968
2025/10/23,sh.600600,66.67,66.96,66.02,66.44,4026985
2025/10/24,sh.600600,66.45,66.58,66.04,66.09,4311267
2025/10/27,sh.600600,66.09,66.10,65.70,65.96,5612425
2025/10/28,sh.600600,65.80,65.87,65.18,65.28,7403752
2025/10/29,sh.600600,65.32,65.57,65.10,65.57,3552511
2025/10/30,sh.600600,65.52,65.96,65.38,65.70,4757660
2025/10/31,sh.600600,65.72,65.95,65.51,65.71,3969273
2025/11/3,sh.600600,65.72,65.84,65.42,65.61,3151158
2025/11/4,sh.600600,65.70,65.70,65.10,65.24,3540392
2025/11/5,sh.600600,65.04,65.25,64.75,65.25,3830680
2025/11/6,sh.600600,65.01,65.15,64.84,65.15,3106108
2025/11/7,sh.600600,65.15,65.27,64.84,64.93,3951034
2025/11/10,sh.600600,64.93,66.18,64.86,66.16,8340425
2025/11/11,sh.600600,66.06,66.25,65.68,66.16,4734560
2025/11/12,sh.600600,66.05,66.59,65.97,66.48,5193355
2025/11/13,sh.600600,66.49,67.10,66.01,66.67,6102717
2025/11/14,sh.600600,66.46,67.15,66.23,66.24,3660200
2025/11/17,sh.600600,66.24,66.26,65.46,65.72,3501573
2025/11/18,sh.600600,65.72,66.30,65.34,65.49,3996883
2025/11/19,sh.600600,65.32,65.57,65.13,65.19,2384496
2025/11/20,sh.600600,65.19,65.80,65.06,65.27,3202896
2025/11/21,sh.600600,65.12,65.49,64.20,64.49,4767351
2025/11/24,sh.600600,64.50,64.88,64.27,64.43,3400404
2025/11/25,sh.600600,64.66,64.82,64.25,64.35,3916499
2025/11/26,sh.600600,64.28,64.55,64.22,64.40,2417500
2025/11/27,sh.600600,64.38,64.46,64.19,64.24,2707232
2025/11/28,sh.600600,64.21,64.21,63.44,63.55,5763136
2025/12/1,sh.600600,63.50,64.22,63.47,64.05,4297324
2025/12/2,sh.600600,63.88,64.47,63.85,64.20,2621409
2025/12/3,sh.600600,64.01,64.19,63.84,64.10,2207678
2025/12/4,sh.600600,64.09,64.09,63.58,63.62,2014484
2025/12/5,sh.600600,63.58,63.72,62.67,63.12,5528410
2025/12/8,sh.600600,63.12,63.19,62.57,62.58,5630644
2025/12/9,sh.600600,62.58,62.61,61.48,61.59,6769679
2025/12/10,sh.600600,61.50,62.09,61.18,62.02,3961631
2025/12/11,sh.600600,62.03,62.05,61.60,61.70,2753220
2025/12/12,sh.600600,61.80,62.26,61.63,62.09,3426877
2025/12/15,sh.600600,62.10,62.51,62.10,62.21,3524554
2025/12/16,sh.600600,62.00,62.48,62.00,62.20,2573195
2025/12/17,sh.600600,62.30,62.40,61.80,62.24,3191743
2025/12/18,sh.600600,62.15,62.45,62.13,62.32,1912615
2025/12/19,sh.600600,62.31,62.62,62.19,62.48,3119816
2025/12/22,sh.600600,62.48,62.58,62.17,62.29,3007110
2025/12/23,sh.600600,62.34,62.39,61.92,62.10,2577198
2025/12/24,sh.600600,61.96,62.05,61.73,61.89,2168816
2025/12/25,sh.600600,61.96,62.17,61.83,62.03,2136236
2025/12/26,sh.600600,62.00,62.08,61.80,61.89,2135430
2025/12/29,sh.600600,61.82,61.87,61.27,61.36,3435374
2025/12/30,sh.600600,61.28,61.38,61.12,61.27,2329128
2025/12/31,sh.600600,61.26,61.34,61.12,61.20,2098994
2026/1/5,sh.600600,61.24,61.84,61.23,61.75,4401649
2026/1/6,sh.600600,61.78,62.19,61.62,62.16,4496003
2026/1/7,sh.600600,62.23,62.28,61.72,61.82,3450892
2026/1/8,sh.600600,61.81,61.95,61.66,61.90,2968897
2026/1/9,sh.600600,61.94,62.25,61.88,62.18,3727902
2026/1/12,sh.600600,62.20,63.15,62.10,63.09,6192723
2026/1/13,sh.600600,63.15,63.47,62.38,62.66,5001311
2026/1/14,sh.600600,62.63,62.86,62.06,62.38,4763368
2026/1/15,sh.600600,62.30,62.50,61.81,61.85,4161977
2026/1/16,sh.600600,61.88,62.00,61.24,61.45,4946774
2026/1/19,sh.600600,61.30,62.36,61.26,62.24,5046167
2026/1/20,sh.600600,62.25,62.61,62.00,62.54,4391272
2026/1/21,sh.600600,62.54,62.54,61.70,61.85,5366901
2026/1/22,sh.600600,61.96,62.10,61.67,61.95,3654840
2026/1/23,sh.600600,61.97,62.14,61.71,61.79,4798062
2026/1/26,sh.600600,61.80,62.10,61.30,61.89,6801013
2026/1/27,sh.600600,61.90,61.95,61.18,61.18,5322619
2026/1/28,sh.600600,61.05,61.19,60.00,60.26,7994124
2026/1/29,sh.600600,60.21,63.57,60.15,63.57,15550022
2026/1/30,sh.600600,63.30,63.30,60.08,60.08,10017771
2026/2/2,sh.600600,60.50,62.85,60.50,61.53,7961920
2026/2/3,sh.600600,61.20,62.17,61.20,61.86,5179226
2026/2/4,sh.600600,61.74,62.50,61.44,62.35,6877998
2026/2/5,sh.600600,62.50,63.57,62.22,63.33,10496852
2026/2/6,sh.600600,63.10,63.60,62.61,63.05,6250679
2026/2/9,sh.600600,63.10,63.31,62.70,62.90,4304289
2026/2/10,sh.600600,62.83,62.89,62.30,62.57,3424585
2026/2/11,sh.600600,62.70,62.74,62.28,62.33,3308138
2026/2/12,sh.600600,62.33,62.33,61.59,61.64,4371431
2026/2/13,sh.600600,61.68,62.03,61.51,61.54,2911510
2026/2/24,sh.600600,61.83,62.28,61.51,61.65,2865701
2026/2/25,sh.600600,61.77,62.29,61.69,61.86,4250363
2026/2/26,sh.600600,62.00,62.60,61.80,62.52,4470629
2026/2/27,sh.600600,62.53,62.78,62.30,62.47,4371602
2026/3/2,sh.600600,61.61,62.31,61.36,61.97,6120813
2026/3/3,sh.600600,61.81,62.99,61.70,62.10,6767245
2026/3/4,sh.600600,61.85,62.10,61.01,61.42,5409320
2026/3/5,sh.600600,61.49,62.17,61.31,61.40,3537396
2026/3/6,sh.600600,61.20,62.48,61.10,62.46,5047764
2026/3/9,sh.600600,61.99,62.80,61.73,62.26,5444706
2026/3/10,sh.600600,62.32,63.08,62.30,62.95,5107971
2026/3/11,sh.600600,62.92,63.16,62.48,63.09,4732725
2026/3/12,sh.600600,63.08,63.30,62.79,63.21,4979918
2026/3/13,sh.600600,62.96,63.89,62.96,63.42,6374216
2026/3/16,sh.600600,63.46,64.23,63.46,63.83,7331885
2026/3/17,sh.600600,63.82,64.52,63.53,63.80,7882461
2026/3/18,sh.600600,63.57,63.80,62.78,63.17,5606024
2026/3/19,sh.600600,62.83,63.40,62.78,62.88,4014300
2026/3/20,sh.600600,62.87,63.31,62.52,62.56,4870561
2026/3/23,sh.600600,62.07,62.10,60.58,60.79,9388660
2026/3/24,sh.600600,61.20,62.30,60.20,62.30,6541200
2026/3/25,sh.600600,62.20,62.70,61.87,62.67,5860866
2026/3/26,sh.600600,62.58,62.88,62.12,62.20,4312746
2026/3/27,sh.600600,61.50,62.62,61.37,62.47,5017844
2026/3/30,sh.600600,62.00,62.76,61.78,62.18,4409737
2026/3/31,sh.600600,62.57,62.94,61.85,61.86,4982346
2026/4/1,sh.600600,62.15,63.30,62.11,63.30,7417020
2026/4/2,sh.600600,63.02,64.10,63.00,63.99,8361537
2026/4/3,sh.600600,64.16,64.56,63.00,63.11,5338632
2026/4/7,sh.600600,63.07,63.45,62.51,63.01,4659502
2026/4/8,sh.600600,63.50,63.66,63.00,63.45,6427663
2026/4/9,sh.600600,63.03,63.30,62.50,62.54,4788289
2026/4/10,sh.600600,62.70,62.70,62.30,62.38,5691737
2026/4/13,sh.600600,62.13,62.29,61.85,62.26,3398190
2026/4/14,sh.600600,62.35,62.45,61.75,61.92,4840205
2026/4/15,sh.600600,61.90,62.22,61.86,62.00,3163668
2026/4/16,sh.600600,62.01,62.25,61.83,62.06,4024247
2026/4/17,sh.600600,61.88,62.05,61.75,61.95,3015493
2026/4/20,sh.600600,61.91,62.06,61.62,61.91,3123763
2026/4/21,sh.600600,61.99,62.22,61.61,62.02,3177122
2026/4/22,sh.600600,62.02,62.11,61.76,61.86,3043833
2026/4/23,sh.600600,61.89,62.30,61.80,61.99,4339155
2026/4/24,sh.600600,61.92,61.98,61.56,61.68,3193919
2026/4/27,sh.600600,61.80,62.20,61.75,61.90,4006556
2026/4/28,sh.600600,62.42,63.30,62.15,63.15,8835441
2026/4/29,sh.600600,63.20,63.38,62.88,63.21,6546097
2026/4/30,sh.600600,63.21,63.83,62.93,63.41,7865025
2026/5/6,sh.600600,63.59,63.64,62.65,62.89,9067634
2026/5/7,sh.600600,62.87,63.00,62.35,62.45,6457535
2026/5/8,sh.600600,62.32,62.64,62.20,62.46,5179770
2026/5/11,sh.600600,62.47,63.26,62.19,62.78,8208969
2026/5/12,sh.600600,62.78,63.15,62.46,62.76,5937701
2026/5/13,sh.600600,62.75,62.81,62.06,62.15,5539302
2026/5/14,sh.600600,62.10,63.19,61.81,62.15,7028579
2026/5/15,sh.600600,62.15,62.19,61.41,61.76,6242324
2026/5/18,sh.600600,62.10,62.36,61.59,61.70,5184232
2026/5/19,sh.600600,61.66,61.92,61.51,61.69,3527390
2026/5/20,sh.600600,61.70,62.10,61.62,61.81,4924608
2026/5/21,sh.600600,61.72,61.82,61.18,61.21,5573250
2026/5/22,sh.600600,61.21,61.23,60.68,60.83,4130095
2026/5/25,sh.600600,60.84,61.00,60.00,60.26,6831212
2026/5/26,sh.600600,60.12,60.51,59.02,60.43,7240923
2026/5/27,sh.600600,59.82,60.84,59.20,60.60,7803690
2026/5/28,sh.600600,60.60,60.75,59.80,59.90,4745790
2026/5/29,sh.600600,59.90,61.65,59.51,61.14,11145508
2026/6/1,sh.600600,61.30,61.59,60.88,61.47,7951387
2026/6/2,sh.600600,61.37,61.63,60.80,61.01,6263132
2026/6/3,sh.600600,60.80,60.83,59.65,59.82,7777495
2026/6/4,sh.600600,59.70,60.12,59.30,59.43,4518905
2026/6/5,sh.600600,59.90,59.99,59.50,59.70,4616084
