date,code,open,high,low,close,volume
2013/12/19,sh.600023,4.25,4.70,4.18,4.44,277465911
2013/12/20,sh.600023,4.00,4.09,4.00,4.00,33114584
2013/12/23,sh.600023,3.60,3.91,3.60,3.70,151465265
2013/12/24,sh.600023,3.65,3.80,3.56,3.77,120782281
2013/12/25,sh.600023,3.69,3.78,3.64,3.67,84249835
2013/12/26,sh.600023,3.63,3.74,3.56,3.61,70219364
2013/12/27,sh.600023,3.57,3.72,3.56,3.64,66838696
2013/12/30,sh.600023,3.66,3.68,3.44,3.46,85897675
2013/12/31,sh.600023,3.40,3.44,3.33,3.38,61696743
2014/1/2,sh.600023,3.38,3.45,3.37,3.41,44545195
2014/1/3,sh.600023,3.39,3.41,3.27,3.37,60690350
2014/1/6,sh.600023,3.35,3.48,3.33,3.39,56959661
2014/1/7,sh.600023,3.37,3.38,3.29,3.34,31335026
2014/1/8,sh.600023,3.33,3.46,3.31,3.37,46937432
2014/1/9,sh.600023,3.34,3.38,3.24,3.27,43098091
2014/1/10,sh.600023,3.25,3.29,3.17,3.20,39336363
2014/1/13,sh.600023,3.21,3.23,3.04,3.06,42398794
2014/1/14,sh.600023,3.05,3.09,3.01,3.07,33816201
2014/1/15,sh.600023,3.08,3.08,3.01,3.03,29126895
2014/1/16,sh.600023,3.03,3.33,3.02,3.23,93288084
2014/1/17,sh.600023,3.17,3.21,3.06,3.08,52563516
2014/1/20,sh.600023,3.05,3.12,3.03,3.07,23158026
2014/1/21,sh.600023,3.06,3.20,3.06,3.13,36766176
2014/1/22,sh.600023,3.10,3.24,3.09,3.20,47070950
2014/1/23,sh.600023,3.19,3.19,3.13,3.15,37107905
2014/1/24,sh.600023,3.14,3.22,3.12,3.19,40057669
2014/1/27,sh.600023,3.16,3.17,3.07,3.08,35813151
2014/1/28,sh.600023,3.12,3.29,3.10,3.19,59511011
2014/1/29,sh.600023,3.17,3.20,3.12,3.16,33505642
2014/1/30,sh.600023,3.15,3.15,3.08,3.10,17136556
2014/2/7,sh.600023,3.08,3.10,3.03,3.10,17430811
2014/2/10,sh.600023,3.12,3.19,3.09,3.18,34701538
2014/2/11,sh.600023,3.17,3.22,3.13,3.19,47089328
2014/2/12,sh.600023,3.19,3.29,3.16,3.25,55137211
2014/2/13,sh.600023,3.21,3.24,3.14,3.15,39224578
2014/2/14,sh.600023,3.15,3.20,3.13,3.19,23735626
2014/2/17,sh.600023,3.22,3.33,3.21,3.31,55163791
2014/2/18,sh.600023,3.30,3.48,3.25,3.39,88834149
2014/2/19,sh.600023,3.35,3.44,3.30,3.35,49107024
2014/2/20,sh.600023,3.35,3.48,3.34,3.37,50919039
2014/2/21,sh.600023,3.36,3.36,3.25,3.29,36988196
2014/2/24,sh.600023,3.27,3.28,3.19,3.23,23048144
2014/2/25,sh.600023,3.24,3.28,3.06,3.11,30086238
2014/2/26,sh.600023,3.10,3.12,3.05,3.12,19446652
2014/2/27,sh.600023,3.12,3.29,3.08,3.24,43377245
2014/2/28,sh.600023,3.21,3.28,3.19,3.27,31918321
2014/3/3,sh.600023,3.26,3.37,3.24,3.29,33758039
2014/3/4,sh.600023,3.26,3.32,3.21,3.27,24688024
2014/3/5,sh.600023,3.28,3.35,3.22,3.30,32369363
2014/3/6,sh.600023,3.27,3.29,3.23,3.26,20295722
2014/3/7,sh.600023,3.26,3.30,3.15,3.17,22742979
2014/3/10,sh.600023,3.13,3.13,3.05,3.05,20940918
2014/3/11,sh.600023,3.03,3.09,3.01,3.07,13893554
2014/3/12,sh.600023,3.09,3.09,3.02,3.06,11603616
2014/3/13,sh.600023,3.07,3.14,3.07,3.11,16649636
2014/3/14,sh.600023,3.08,3.09,3.05,3.07,9865921
2014/3/17,sh.600023,3.07,3.09,3.06,3.09,9543364
2014/3/18,sh.600023,3.09,3.15,3.08,3.12,16265209
2014/3/19,sh.600023,3.12,3.12,3.07,3.10,11722143
2014/3/20,sh.600023,3.10,3.11,3.02,3.02,15186249
2014/3/21,sh.600023,3.01,3.11,3.00,3.10,15585277
2014/3/24,sh.600023,3.13,3.15,3.09,3.12,16749069
2014/3/25,sh.600023,3.12,3.22,3.10,3.16,29101599
2014/3/26,sh.600023,3.14,3.17,3.11,3.12,14585043
2014/3/27,sh.600023,3.12,3.12,3.07,3.08,13038990
2014/3/28,sh.600023,3.09,3.11,3.06,3.08,9807180
2014/3/31,sh.600023,3.11,3.16,3.10,3.11,18158024
2014/4/1,sh.600023,3.11,3.15,3.09,3.13,10630983
2014/4/2,sh.600023,3.14,3.14,3.11,3.13,11751760
2014/4/3,sh.600023,3.13,3.13,3.09,3.10,10537275
2014/4/4,sh.600023,3.09,3.12,3.09,3.12,8052124
2014/4/8,sh.600023,3.11,3.16,3.11,3.16,18258310
2014/4/9,sh.600023,3.16,3.17,3.13,3.15,13986160
2014/4/10,sh.600023,3.15,3.19,3.13,3.18,21010806
2014/4/11,sh.600023,3.17,3.25,3.16,3.19,27570439
2014/4/14,sh.600023,3.19,3.25,3.19,3.23,18317329
2014/4/15,sh.600023,3.24,3.24,3.17,3.18,15969891
2014/4/16,sh.600023,3.17,3.19,3.15,3.18,11348405
2014/4/17,sh.600023,3.18,3.20,3.15,3.15,9971252
2014/4/18,sh.600023,3.15,3.16,3.12,3.14,11387286
2014/4/21,sh.600023,3.14,3.18,3.12,3.13,11335624
2014/4/22,sh.600023,3.12,3.14,3.09,3.13,9167576
2014/4/23,sh.600023,3.12,3.14,3.11,3.12,4835370
2014/4/24,sh.600023,3.11,3.13,3.10,3.11,5437743
2014/4/25,sh.600023,3.12,3.12,3.05,3.05,8365965
2014/4/28,sh.600023,3.05,3.06,3.01,3.02,10244094
2014/4/29,sh.600023,3.01,3.04,3.01,3.04,5969247
2014/4/30,sh.600023,3.03,3.05,3.03,3.04,6472960
2014/5/5,sh.600023,3.05,3.06,3.03,3.06,5536225
2014/5/6,sh.600023,3.06,3.07,3.05,3.07,5454621
2014/5/7,sh.600023,3.06,3.07,3.03,3.03,6466742
2014/5/8,sh.600023,3.03,3.06,3.01,3.03,5545143
2014/5/9,sh.600023,3.03,3.04,3.01,3.03,6003394
2014/5/12,sh.600023,3.04,3.12,3.03,3.11,16010649
2014/5/13,sh.600023,3.10,3.12,3.07,3.09,9321991
2014/5/14,sh.600023,3.08,3.09,3.07,3.08,5671205
2014/5/15,sh.600023,3.08,3.09,3.04,3.04,8104372
2014/5/16,sh.600023,3.04,3.07,3.03,3.06,5540878
2014/5/19,sh.600023,3.06,3.06,3.02,3.04,5180514
2014/5/20,sh.600023,3.05,3.08,3.04,3.05,5846166
2014/5/21,sh.600023,3.04,3.06,3.02,3.06,5595927
2014/5/22,sh.600023,3.06,3.08,3.04,3.04,7923977
2014/5/23,sh.600023,3.05,3.06,3.04,3.05,4174406
2014/5/26,sh.600023,3.06,3.07,3.05,3.06,5543163
2014/5/27,sh.600023,3.06,3.07,3.05,3.05,4690507
2014/5/28,sh.600023,3.06,3.07,3.05,3.07,5889397
2014/5/29,sh.600023,3.08,3.08,3.05,3.05,5406384
2014/5/30,sh.600023,3.05,3.07,3.04,3.06,5493619
2014/6/3,sh.600023,3.06,3.07,3.05,3.07,5473467
2014/6/4,sh.600023,3.07,3.08,3.04,3.07,6412252
2014/6/5,sh.600023,3.06,3.09,3.05,3.09,8443063
2014/6/6,sh.600023,3.09,3.12,3.07,3.10,12428301
2014/6/9,sh.600023,3.09,3.10,3.07,3.08,6893755
2014/6/10,sh.600023,3.08,3.09,3.05,3.09,6415641
2014/6/11,sh.600023,3.07,3.10,3.07,3.10,7002505
2014/6/12,sh.600023,3.09,3.12,3.08,3.10,10246883
2014/6/13,sh.600023,3.12,3.16,3.10,3.15,22106205
2014/6/16,sh.600023,3.18,3.25,3.18,3.19,21235183
2014/6/17,sh.600023,3.21,3.23,3.16,3.20,17979608
2014/6/18,sh.600023,3.19,3.21,3.14,3.14,13955456
2014/6/19,sh.600023,3.14,3.15,3.05,3.08,9174952
2014/6/20,sh.600023,3.05,3.06,3.01,3.05,10130941
2014/6/23,sh.600023,3.03,3.06,3.03,3.03,8263108
2014/6/24,sh.600023,3.03,3.05,3.01,3.05,9210888
2014/6/25,sh.600023,3.04,3.04,2.99,3.01,8953899
2014/6/26,sh.600023,3.01,3.07,3.01,3.05,14138033
2014/6/27,sh.600023,3.04,3.09,3.04,3.05,12034582
2014/6/30,sh.600023,3.05,3.07,3.03,3.03,10711498
2014/7/1,sh.600023,3.03,3.05,3.03,3.05,8965446
2014/7/2,sh.600023,3.04,3.05,3.02,3.05,11547131
2014/7/3,sh.600023,3.05,3.05,3.03,3.04,10895864
2014/7/4,sh.600023,3.04,3.05,3.03,3.04,11015084
2014/7/7,sh.600023,3.04,3.04,3.01,3.03,11290664
2014/7/8,sh.600023,3.03,3.05,3.01,3.05,10853137
2014/7/9,sh.600023,3.04,3.05,3.00,3.00,11943455
2014/7/10,sh.600023,3.01,3.05,3.00,3.04,15385427
2014/7/11,sh.600023,3.05,3.05,3.03,3.04,12990065
2014/7/14,sh.600023,3.04,3.05,3.03,3.05,14701945
2014/7/15,sh.600023,3.05,3.06,3.04,3.05,13439962
2014/7/16,sh.600023,3.05,3.12,3.04,3.11,33319068
2014/7/17,sh.600023,3.11,3.11,3.05,3.07,16533703
2014/7/18,sh.600023,3.05,3.09,3.05,3.06,11634548
2014/7/21,sh.600023,3.06,3.07,3.03,3.03,9976869
2014/7/22,sh.600023,3.02,3.05,3.02,3.05,10255027
2014/7/23,sh.600023,3.05,3.05,3.03,3.03,11467905
2014/7/24,sh.600023,3.03,3.14,3.03,3.08,32756247
2014/7/25,sh.600023,3.08,3.11,3.07,3.11,22551508
2014/7/28,sh.600023,3.11,3.24,3.11,3.20,43994914
2014/7/29,sh.600023,3.19,3.20,3.16,3.18,27347226
2014/7/30,sh.600023,3.18,3.19,3.16,3.18,22512633
2014/7/31,sh.600023,3.17,3.21,3.17,3.21,20755343
2014/8/1,sh.600023,3.21,3.26,3.16,3.17,30259965
2014/8/4,sh.600023,3.16,3.21,3.16,3.20,23136636
2014/8/5,sh.600023,3.20,3.22,3.18,3.22,20529709
2014/8/6,sh.600023,3.22,3.23,3.18,3.21,17380537
2014/8/7,sh.600023,3.20,3.27,3.20,3.22,30831324
2014/8/8,sh.600023,3.21,3.22,3.18,3.19,17759492
2014/8/11,sh.600023,3.20,3.22,3.18,3.22,17793716
2014/8/12,sh.600023,3.21,3.22,3.19,3.20,13591601
2014/8/13,sh.600023,3.20,3.28,3.20,3.25,30848397
2014/8/14,sh.600023,3.24,3.25,3.19,3.20,19406325
2014/8/15,sh.600023,3.22,3.22,3.18,3.21,16248144
2014/8/18,sh.600023,3.21,3.24,3.20,3.23,19657769
2014/8/19,sh.600023,3.23,3.24,3.20,3.22,17247349
2014/8/20,sh.600023,3.22,3.32,3.20,3.29,45766750
2014/8/21,sh.600023,3.28,3.30,3.24,3.26,22845386
2014/8/22,sh.600023,3.26,3.59,3.25,3.59,88477460
2014/8/25,sh.600023,3.66,3.95,3.61,3.79,194904260
2014/8/26,sh.600023,3.69,3.75,3.60,3.64,88590949
2014/8/27,sh.600023,3.60,3.70,3.52,3.55,57496777
2014/8/28,sh.600023,3.55,3.57,3.48,3.54,36957125
2014/8/29,sh.600023,3.53,3.65,3.49,3.64,42049725
2014/9/1,sh.600023,3.63,3.69,3.60,3.62,33854025
2014/9/2,sh.600023,3.63,3.68,3.58,3.65,40626953
2014/9/3,sh.600023,3.65,3.84,3.61,3.77,70866459
2014/9/4,sh.600023,3.73,3.77,3.71,3.73,38946450
2014/9/5,sh.600023,3.73,3.78,3.70,3.73,33359230
2014/9/9,sh.600023,3.73,3.73,3.64,3.66,37200461
2014/9/10,sh.600023,3.64,3.69,3.60,3.67,27769436
2014/9/11,sh.600023,3.65,3.71,3.61,3.63,39376753
2014/9/12,sh.600023,3.62,3.69,3.56,3.67,31934693
2014/9/15,sh.600023,3.68,3.69,3.64,3.67,27797745
2014/9/16,sh.600023,3.68,3.87,3.63,3.63,66691826
2014/9/17,sh.600023,3.63,3.65,3.53,3.59,37004012
2014/9/18,sh.600023,3.58,3.62,3.56,3.60,18352713
2014/9/19,sh.600023,3.60,3.63,3.57,3.61,17646065
2014/9/22,sh.600023,3.61,3.67,3.58,3.60,23679038
2014/9/23,sh.600023,3.61,3.65,3.57,3.63,20006558
2014/9/24,sh.600023,3.62,3.73,3.61,3.71,38182053
2014/9/25,sh.600023,3.73,3.91,3.71,3.78,81576181
2014/9/26,sh.600023,3.79,3.81,3.74,3.79,31094729
2014/9/29,sh.600023,3.80,3.86,3.76,3.81,34078799
2014/9/30,sh.600023,3.82,3.85,3.77,3.79,24864807
2014/10/8,sh.600023,3.80,3.81,3.73,3.78,29968350
2014/10/9,sh.600023,3.83,3.88,3.77,3.85,49201746
2014/10/10,sh.600023,3.83,3.84,3.76,3.79,30632000
2014/10/13,sh.600023,3.79,3.79,3.68,3.73,27093906
2014/10/14,sh.600023,3.73,3.76,3.69,3.72,19979901
2014/10/15,sh.600023,3.73,3.74,3.67,3.73,21700654
2014/10/16,sh.600023,3.71,3.81,3.69,3.73,33507718
2014/10/17,sh.600023,3.72,3.75,3.58,3.62,34517063
2014/10/20,sh.600023,3.63,3.67,3.61,3.65,14911390
2014/10/21,sh.600023,3.69,4.01,3.69,4.01,117472602
2014/10/22,sh.600023,4.03,4.09,3.85,3.90,131462379
2014/10/23,sh.600023,3.81,3.90,3.80,3.85,57402218
2014/10/24,sh.600023,3.88,3.91,3.75,3.76,49078010
2014/10/27,sh.600023,3.73,3.84,3.71,3.78,31669870
2014/10/28,sh.600023,3.79,3.88,3.79,3.87,53874797
2014/10/29,sh.600023,3.90,4.13,3.86,4.04,119818842
2014/10/30,sh.600023,3.98,4.26,3.95,4.12,117781486
2014/10/31,sh.600023,4.10,4.14,4.01,4.08,74016892
2014/11/3,sh.600023,4.09,4.13,4.05,4.10,51794961
2014/11/4,sh.600023,4.08,4.10,3.99,4.05,50393771
2014/11/5,sh.600023,4.07,4.24,4.05,4.06,64862185
2014/11/6,sh.600023,4.03,4.23,4.00,4.17,63239140
2014/11/7,sh.600023,4.18,4.26,4.09,4.10,72676229
2014/11/10,sh.600023,4.10,4.28,4.07,4.26,67352701
2014/11/11,sh.600023,4.26,4.28,4.01,4.04,71435356
2014/11/12,sh.600023,4.03,4.12,3.99,4.11,35478319
2014/11/13,sh.600023,4.11,4.11,3.99,4.02,34136761
2014/11/14,sh.600023,4.00,4.00,3.89,3.93,34108720
2014/11/17,sh.600023,3.95,3.99,3.90,3.95,23899089
2014/11/18,sh.600023,3.97,3.97,3.90,3.92,20013518
2014/11/19,sh.600023,3.93,4.00,3.91,3.97,21877478
2014/11/20,sh.600023,3.96,4.01,3.93,3.97,18059571
2014/11/21,sh.600023,3.97,4.02,3.93,4.01,24962337
2014/11/24,sh.600023,4.05,4.14,4.01,4.10,46594762
2014/11/25,sh.600023,4.10,4.17,4.08,4.12,45112184
2014/11/26,sh.600023,4.14,4.20,4.04,4.13,46716854
2014/11/27,sh.600023,4.13,4.14,4.06,4.10,36810313
2014/11/28,sh.600023,4.10,4.10,4.03,4.07,36810027
2014/12/1,sh.600023,4.07,4.15,4.04,4.08,35982735
2014/12/2,sh.600023,4.08,4.20,4.07,4.17,54985202
2014/12/3,sh.600023,4.17,4.36,4.15,4.24,80553226
2014/12/4,sh.600023,4.28,4.36,4.22,4.32,72097824
2014/12/5,sh.600023,4.40,4.47,4.10,4.16,77368872
2014/12/8,sh.600023,4.12,4.46,4.07,4.40,98360646
2014/12/9,sh.600023,4.34,4.66,4.20,4.24,115581691
2014/12/10,sh.600023,4.24,4.40,4.18,4.38,52694976
2014/12/11,sh.600023,4.36,4.52,4.32,4.48,57960129
2014/12/12,sh.600023,4.48,4.53,4.39,4.51,48273029
2014/12/15,sh.600023,4.51,4.53,4.40,4.50,40082324
2014/12/16,sh.600023,4.50,4.53,4.36,4.48,57920393
2014/12/17,sh.600023,4.46,4.50,4.38,4.49,53515195
2014/12/18,sh.600023,4.48,4.67,4.46,4.57,67595682
2014/12/19,sh.600023,4.54,4.83,4.39,4.75,95524162
2014/12/22,sh.600023,4.77,5.22,4.77,5.01,117378397
2014/12/23,sh.600023,5.03,5.03,4.58,4.64,70017278
2014/12/24,sh.600023,4.61,4.83,4.54,4.59,61835226
2014/12/25,sh.600023,4.61,4.80,4.52,4.79,50530942
2014/12/26,sh.600023,4.77,4.89,4.71,4.83,56527224
2014/12/29,sh.600023,4.86,4.97,4.75,4.79,57538271
2014/12/30,sh.600023,4.76,4.81,4.59,4.66,45372773
2014/12/31,sh.600023,4.63,4.87,4.62,4.81,44343965
2015/1/5,sh.600023,4.81,5.01,4.77,4.95,69838529
2015/1/6,sh.600023,4.89,4.91,4.80,4.87,41493957
2015/1/7,sh.600023,4.84,5.05,4.81,5.02,65052352
2015/1/8,sh.600023,4.99,5.06,4.87,4.89,44316192
2015/1/9,sh.600023,4.87,4.94,4.76,4.77,43741101
2015/1/12,sh.600023,4.73,4.74,4.40,4.42,56683127
2015/1/13,sh.600023,4.41,4.56,4.40,4.48,29743740
2015/1/14,sh.600023,4.54,4.59,4.44,4.51,26766848
2015/1/15,sh.600023,4.53,4.58,4.49,4.58,28405181
2015/1/16,sh.600023,4.67,4.73,4.58,4.60,35383969
2015/1/19,sh.600023,4.40,4.49,4.14,4.22,45827277
2015/1/20,sh.600023,4.24,4.33,4.22,4.30,26640841
2015/1/21,sh.600023,4.32,4.45,4.28,4.43,35323097
2015/1/22,sh.600023,4.46,4.47,4.40,4.45,25130795
2015/1/23,sh.600023,4.46,4.54,4.43,4.45,38836304
2015/1/26,sh.600023,4.45,4.53,4.41,4.53,27143363
2015/1/27,sh.600023,4.53,4.55,4.40,4.48,34097867
2015/1/28,sh.600023,4.47,4.52,4.41,4.47,21933410
2015/1/29,sh.600023,4.47,4.63,4.44,4.61,56870015
2015/1/30,sh.600023,4.65,4.75,4.57,4.59,57131827
2015/2/2,sh.600023,4.50,4.50,4.38,4.42,25819039
2015/2/3,sh.600023,4.44,4.47,4.40,4.46,20499287
2015/2/4,sh.600023,4.50,4.51,4.44,4.45,22351932
2015/2/5,sh.600023,4.50,4.51,4.32,4.32,24631255
2015/2/6,sh.600023,4.32,4.32,4.15,4.18,24018503
2015/2/9,sh.600023,4.20,4.22,4.15,4.16,11605602
2015/2/10,sh.600023,4.17,4.22,4.16,4.22,11886672
2015/2/11,sh.600023,4.22,4.25,4.20,4.22,9058754
2015/2/12,sh.600023,4.23,4.27,4.21,4.24,10943576
2015/2/13,sh.600023,4.27,4.33,4.27,4.29,15903705
2015/2/16,sh.600023,4.29,4.33,4.28,4.32,13066505
2015/2/17,sh.600023,4.34,4.40,4.31,4.34,19183165
2015/2/25,sh.600023,4.34,4.40,4.31,4.35,16050387
2015/2/26,sh.600023,4.34,4.42,4.32,4.42,21430548
2015/2/27,sh.600023,4.41,4.46,4.39,4.43,20017350
2015/3/2,sh.600023,4.45,4.54,4.43,4.52,30973490
2015/3/3,sh.600023,4.48,4.54,4.45,4.46,29754098
2015/3/4,sh.600023,4.43,4.50,4.42,4.49,22235305
2015/3/5,sh.600023,4.48,4.50,4.38,4.42,20591474
2015/3/6,sh.600023,4.41,4.44,4.37,4.40,14232221
2015/3/9,sh.600023,4.38,4.43,4.30,4.43,24016113
2015/3/10,sh.600023,4.42,4.48,4.40,4.46,20228140
2015/3/11,sh.600023,4.46,4.50,4.41,4.43,18013765
2015/3/12,sh.600023,4.46,4.50,4.41,4.50,27568531
2015/3/13,sh.600023,4.53,4.53,4.47,4.51,24037989
2015/3/16,sh.600023,4.52,4.65,4.50,4.62,37184797
2015/3/17,sh.600023,4.63,4.73,4.61,4.67,42832432
2015/3/18,sh.600023,4.67,4.78,4.67,4.77,43637052
2015/3/19,sh.600023,4.73,4.83,4.70,4.83,51985120
2015/3/20,sh.600023,4.83,4.92,4.79,4.81,43489750
2015/3/23,sh.600023,4.86,4.94,4.85,4.91,45363228
2015/3/24,sh.600023,4.91,5.01,4.77,4.89,58751834
2015/3/25,sh.600023,4.87,4.87,4.77,4.78,41649807
2015/3/26,sh.600023,4.76,4.84,4.74,4.79,36426616
2015/3/27,sh.600023,4.79,4.88,4.78,4.84,31847248
2015/3/30,sh.600023,4.88,5.03,4.87,5.02,59676236
2015/3/31,sh.600023,5.08,5.13,4.89,4.91,50897898
2015/4/1,sh.600023,4.91,5.40,4.91,5.40,86290038
2015/4/2,sh.600023,5.42,5.42,5.26,5.36,100769043
2015/4/3,sh.600023,5.30,5.68,5.28,5.56,93355938
2015/4/7,sh.600023,5.57,5.83,5.55,5.63,73798134
2015/4/8,sh.600023,5.64,5.66,5.38,5.50,56565517
2015/4/9,sh.600023,5.53,5.53,5.24,5.36,58956647
2015/4/10,sh.600023,5.35,5.48,5.29,5.47,46940690
2015/4/13,sh.600023,5.52,5.61,5.47,5.55,55167826
2015/4/14,sh.600023,5.48,5.97,5.46,5.74,128239883
2015/4/15,sh.600023,5.63,5.65,5.37,5.38,99293220
2015/4/16,sh.600023,5.34,5.63,5.28,5.51,97920354
2015/4/17,sh.600023,5.56,5.73,5.53,5.63,224170692
2015/4/20,sh.600023,5.50,5.66,5.40,5.44,155418895
2015/4/21,sh.600023,5.47,5.60,5.42,5.59,97129967
2015/4/22,sh.600023,5.73,6.15,5.73,6.15,191953625
2015/4/23,sh.600023,6.30,6.51,6.18,6.46,431053566
2015/4/24,sh.600023,6.31,6.38,6.10,6.21,205842783
2015/4/27,sh.600023,6.22,6.34,6.15,6.29,180115263
2015/4/28,sh.600023,6.32,6.32,5.88,5.93,172376148
2015/4/29,sh.600023,5.89,6.06,5.75,5.99,104944757
2015/4/30,sh.600023,6.08,6.28,6.01,6.03,123132884
2015/5/4,sh.600023,6.04,6.34,5.87,6.34,228284169
2015/5/5,sh.600023,6.27,6.30,5.81,5.87,174461918
2015/5/6,sh.600023,5.84,5.91,5.44,5.57,153134560
2015/5/7,sh.600023,5.50,5.53,5.19,5.20,106701565
2015/5/8,sh.600023,5.25,5.34,5.18,5.33,85993183
2015/5/11,sh.600023,5.44,5.50,5.32,5.49,127423141
2015/5/12,sh.600023,5.48,5.64,5.44,5.61,170449241
2015/5/13,sh.600023,5.57,5.57,5.44,5.46,124906248
2015/5/14,sh.600023,5.49,5.67,5.45,5.56,137592261
2015/5/15,sh.600023,5.54,5.54,5.30,5.37,116518782
2015/5/18,sh.600023,5.33,5.40,5.30,5.32,84518899
2015/5/19,sh.600023,5.30,5.49,5.29,5.48,129574418
2015/5/20,sh.600023,5.50,5.60,5.44,5.51,199722576
2015/5/21,sh.600023,5.45,5.53,5.37,5.52,174533723
2015/5/22,sh.600023,5.59,5.70,5.51,5.69,277176650
2015/5/25,sh.600023,5.68,6.22,5.65,6.18,438664365
2015/5/26,sh.600023,6.23,6.34,6.05,6.31,398005298
2015/5/27,sh.600023,6.37,6.94,6.28,6.94,383928627
2015/5/28,sh.600023,7.35,7.63,7.19,7.28,482398822
2015/5/29,sh.600023,7.63,8.02,6.85,8.02,707299945
2015/6/1,sh.600023,8.39,8.81,8.19,8.81,178142225
2015/6/2,sh.600023,9.69,9.69,9.69,9.69,25008996
2015/6/3,sh.600023,10.07,10.33,8.80,9.06,822338957
2015/6/4,sh.600023,9.06,9.27,8.16,8.80,466095699
2015/6/5,sh.600023,8.93,9.28,8.56,8.92,411821356
2015/6/8,sh.600023,8.98,9.30,8.49,9.12,406201704
2015/6/9,sh.600023,9.17,10.03,8.85,10.03,545552303
2015/6/10,sh.600023,9.37,9.73,9.10,9.28,476047338
2015/6/11,sh.600023,9.13,9.16,8.76,8.87,314896548
2015/6/12,sh.600023,8.84,8.96,8.76,8.85,218765427
2015/6/15,sh.600023,8.90,8.94,8.46,8.57,244721144
2015/6/16,sh.600023,8.63,8.85,8.26,8.38,210933504
2015/6/17,sh.600023,8.26,8.57,7.66,8.47,258324139
2015/6/18,sh.600023,8.32,8.32,7.92,7.96,191242996
2015/6/19,sh.600023,7.74,7.95,7.16,7.19,170499283
2015/6/23,sh.600023,7.29,7.46,6.78,7.44,175988684
2015/6/24,sh.600023,7.55,8.15,7.44,7.88,272988013
2015/6/25,sh.600023,7.88,7.89,7.22,7.36,205785274
2015/6/26,sh.600023,7.11,7.16,6.63,6.66,215789622
2015/6/29,sh.600023,6.91,6.93,5.99,6.41,247290593
2015/6/30,sh.600023,6.41,6.85,5.91,6.82,235355082
2015/7/1,sh.600023,6.74,7.29,6.53,6.60,266244589
2015/7/2,sh.600023,6.63,6.70,5.94,5.95,214741663
2015/7/3,sh.600023,5.78,6.04,5.35,5.35,215574289
2015/7/6,sh.600023,5.89,5.89,4.91,5.33,275334487
2015/7/7,sh.600023,5.02,5.56,4.81,5.47,361153544
2015/7/8,sh.600023,4.96,5.16,4.92,4.92,194866818
2015/7/9,sh.600023,4.92,5.42,4.47,5.42,269252526
2015/7/10,sh.600023,5.62,5.96,5.49,5.96,247588876
2015/7/13,sh.600023,6.19,6.56,5.97,6.56,349678263
2015/7/14,sh.600023,6.39,6.77,6.14,6.20,338867674
2015/7/15,sh.600023,6.05,6.06,5.58,5.58,168525620
2015/7/16,sh.600023,5.58,5.89,5.16,5.64,174687181
2015/7/17,sh.600023,5.66,6.08,5.60,5.95,180396226
2015/7/20,sh.600023,5.96,6.15,5.80,6.06,206057066
2015/7/21,sh.600023,5.91,6.30,5.82,6.12,213321126
2015/7/22,sh.600023,6.07,6.26,5.84,6.14,211209788
2015/7/23,sh.600023,6.12,6.43,6.06,6.36,251640941
2015/7/24,sh.600023,6.37,6.79,6.23,6.36,324821837
2015/7/27,sh.600023,6.17,6.30,5.73,5.73,209758462
2015/7/28,sh.600023,5.26,5.73,5.16,5.44,195370002
2015/7/29,sh.600023,5.53,5.81,5.39,5.76,134684535
2015/7/30,sh.600023,5.75,6.01,5.60,5.64,163052577
2015/7/31,sh.600023,5.53,5.69,5.52,5.67,122517291
2015/8/3,sh.600023,5.57,5.86,5.55,5.85,133613934
2015/8/4,sh.600023,5.86,6.16,5.82,6.10,133881585
2015/8/5,sh.600023,6.05,6.15,5.82,5.87,111125415
2015/8/6,sh.600023,5.72,5.97,5.62,5.79,77667664
2015/8/7,sh.600023,5.86,5.98,5.80,5.97,111485618
2015/8/10,sh.600023,6.05,6.38,5.99,6.32,202108243
2015/8/11,sh.600023,6.26,6.32,6.15,6.21,185498937
2015/8/12,sh.600023,6.11,6.27,6.06,6.08,105795415
2015/8/13,sh.600023,6.15,6.68,6.15,6.68,409747019
2015/8/14,sh.600023,6.81,7.20,6.81,6.94,489597872
2015/8/17,sh.600023,6.82,7.38,6.67,7.13,349740858
2015/8/18,sh.600023,7.02,7.11,6.42,6.42,252286099
2015/8/19,sh.600023,6.10,6.61,5.80,6.51,203253388
2015/8/20,sh.600023,6.35,7.01,6.19,6.56,230189789
2015/8/21,sh.600023,6.53,6.74,6.10,6.26,198903383
2015/8/24,sh.600023,5.90,6.01,5.63,5.63,144456818
2015/8/25,sh.600023,5.09,5.35,5.07,5.07,156453592
2015/8/26,sh.600023,5.11,5.27,4.60,4.65,179001222
2015/8/27,sh.600023,4.85,4.95,4.49,4.95,137159361
2015/8/28,sh.600023,5.02,5.35,4.96,5.32,162502011
2015/8/31,sh.600023,5.28,5.38,4.96,5.35,149973697
2015/9/1,sh.600023,5.22,5.55,5.00,5.45,212356443
2015/9/2,sh.600023,5.19,5.95,5.16,5.78,238036383
2015/9/7,sh.600023,5.75,6.04,5.31,5.36,181971943
2015/9/8,sh.600023,5.22,5.64,5.22,5.62,89995943
2015/9/9,sh.600023,5.61,5.78,5.55,5.66,126782467
2015/9/10,sh.600023,5.54,5.75,5.50,5.55,85703337
2015/9/11,sh.600023,5.52,5.64,5.46,5.51,54127276
2015/9/14,sh.600023,5.60,5.62,4.96,5.28,101927600
2015/9/15,sh.600023,5.10,5.22,4.83,4.91,58217782
2015/9/16,sh.600023,4.94,5.40,4.89,5.31,71323774
2015/9/17,sh.600023,5.35,5.55,5.14,5.16,94352797
2015/9/18,sh.600023,5.25,5.33,5.08,5.22,69776396
2015/9/21,sh.600023,5.13,5.40,5.09,5.36,53816423
2015/9/22,sh.600023,5.38,5.47,5.33,5.37,55153254
2015/9/23,sh.600023,5.29,5.34,5.15,5.16,48592935
2015/9/24,sh.600023,5.22,5.29,5.14,5.25,40686292
2015/9/25,sh.600023,5.20,5.25,4.96,5.00,44092929
2015/9/28,sh.600023,5.02,5.12,5.02,5.08,21682643
2015/9/29,sh.600023,4.96,5.00,4.88,4.94,31786114
2015/9/30,sh.600023,4.98,5.08,4.95,4.98,29061416
2015/10/8,sh.600023,5.18,5.29,5.12,5.18,54965928
2015/10/9,sh.600023,5.16,5.24,5.16,5.20,39356634
2015/10/12,sh.600023,5.24,5.55,5.22,5.44,74365290
2015/10/13,sh.600023,5.40,5.53,5.37,5.47,66850626
2015/10/14,sh.600023,5.46,5.51,5.34,5.35,52762053
2015/10/15,sh.600023,5.33,5.53,5.31,5.51,69283021
2015/10/16,sh.600023,5.57,5.60,5.49,5.57,82117252
2015/10/19,sh.600023,5.63,5.71,5.51,5.59,88825883
2015/10/20,sh.600023,5.58,5.66,5.52,5.65,67212839
2015/10/21,sh.600023,5.66,5.73,5.22,5.25,92271944
2015/10/22,sh.600023,5.25,5.39,5.18,5.37,58374317
2015/10/23,sh.600023,5.42,5.45,5.30,5.42,66647432
2015/10/26,sh.600023,5.51,5.53,5.41,5.44,64314122
2015/10/27,sh.600023,5.42,5.44,5.18,5.38,50949838
2015/10/28,sh.600023,5.35,5.41,5.26,5.29,45424353
2015/10/29,sh.600023,5.38,5.40,5.29,5.34,47210541
2015/10/30,sh.600023,5.33,5.38,5.22,5.32,37841365
2015/11/2,sh.600023,5.25,5.39,5.24,5.27,35510063
2015/11/3,sh.600023,5.29,5.31,5.20,5.26,28127512
2015/11/4,sh.600023,5.46,5.79,5.43,5.79,89336718
2015/11/5,sh.600023,6.05,6.08,5.85,5.88,239359207
2015/11/6,sh.600023,5.87,6.01,5.82,5.93,116771497
2015/11/9,sh.600023,5.91,6.10,5.86,5.99,127499993
2015/11/10,sh.600023,5.91,5.98,5.82,5.90,86092049
2015/11/11,sh.600023,5.91,5.93,5.85,5.91,65125680
2015/11/12,sh.600023,5.93,6.24,5.88,6.15,158098382
2015/11/13,sh.600023,6.11,6.44,6.01,6.07,166702289
2015/11/16,sh.600023,5.90,6.01,5.84,6.01,74476508
2015/11/17,sh.600023,6.08,6.12,5.90,5.92,87103758
2015/11/18,sh.600023,5.97,5.99,5.85,5.86,51228527
2015/11/19,sh.600023,5.88,5.96,5.85,5.93,42671865
2015/11/20,sh.600023,5.93,5.95,5.86,5.92,55173512
2015/11/23,sh.600023,5.90,5.94,5.82,5.84,48964588
2015/11/24,sh.600023,5.84,5.84,5.73,5.84,44537007
2015/11/25,sh.600023,5.84,5.96,5.79,5.91,46086856
2015/11/26,sh.600023,5.93,5.95,5.83,5.86,49392681
2015/11/27,sh.600023,5.83,5.88,5.29,5.37,73754033
2015/11/30,sh.600023,5.28,5.46,5.22,5.40,49812754
2015/12/1,sh.600023,5.36,5.46,5.34,5.41,34303748
2015/12/2,sh.600023,5.41,5.54,5.35,5.53,45980176
2015/12/3,sh.600023,5.50,5.56,5.48,5.54,43134918
2015/12/4,sh.600023,5.50,5.52,5.40,5.40,38487226
2015/12/7,sh.600023,5.43,5.44,5.36,5.40,26561554
2015/12/8,sh.600023,5.38,5.38,5.23,5.24,33630677
2015/12/9,sh.600023,5.23,5.28,5.20,5.23,23639120
2015/12/10,sh.600023,5.24,5.27,5.16,5.17,27630867
2015/12/11,sh.600023,5.17,5.18,5.07,5.11,25121642
2015/12/14,sh.600023,5.07,5.28,5.05,5.27,31842127
2015/12/15,sh.600023,5.27,5.33,5.22,5.24,24095297
2015/12/16,sh.600023,5.26,5.29,5.21,5.24,19411699
2015/12/17,sh.600023,5.29,5.40,5.28,5.35,37951577
2015/12/18,sh.600023,5.37,5.38,5.28,5.31,29380048
2015/12/21,sh.600023,5.29,5.43,5.27,5.41,43517575
2015/12/22,sh.600023,5.41,5.46,5.36,5.42,34902793
2015/12/23,sh.600023,5.42,5.43,5.33,5.35,34241214
2015/12/24,sh.600023,5.32,5.34,5.21,5.25,29378944
2015/12/25,sh.600023,5.25,5.29,5.23,5.27,17973969
2015/12/28,sh.600023,5.27,5.27,5.14,5.15,40356123
2015/12/29,sh.600023,5.14,5.16,5.08,5.16,26646916
2015/12/30,sh.600023,5.14,5.18,5.11,5.15,21510177
2015/12/31,sh.600023,5.14,5.18,5.12,5.15,17688486
2016/1/4,sh.600023,5.15,5.16,4.70,4.74,25410283
2016/1/5,sh.600023,4.66,4.90,4.61,4.78,35667736
2016/1/6,sh.600023,4.79,4.89,4.79,4.88,44600375
2016/1/7,sh.600023,4.83,4.83,4.43,4.46,7940400
2016/1/8,sh.600023,4.64,4.65,4.34,4.56,42068883
2016/1/11,sh.600023,4.45,4.54,4.30,4.30,37549781
2016/1/12,sh.600023,4.36,4.39,4.28,4.36,25643288
2016/1/13,sh.600023,4.40,4.45,4.25,4.25,24111378
2016/1/14,sh.600023,4.19,4.34,4.11,4.34,35096981
2016/1/15,sh.600023,4.30,4.31,4.12,4.14,34469235
2016/1/18,sh.600023,4.08,4.20,4.05,4.13,22040559
2016/1/19,sh.600023,4.10,4.29,4.10,4.25,29569799
2016/1/20,sh.600023,4.25,4.45,4.14,4.29,51805367
2016/1/21,sh.600023,4.21,4.25,4.12,4.13,30611525
2016/1/22,sh.600023,4.17,4.19,4.10,4.17,17774099
2016/1/25,sh.600023,4.17,4.21,4.15,4.18,15784434
2016/1/26,sh.600023,4.14,4.14,3.78,3.80,33550865
2016/1/27,sh.600023,3.85,3.85,3.51,3.62,45818788
2016/1/28,sh.600023,3.57,3.67,3.44,3.46,28829588
2016/1/29,sh.600023,3.47,3.59,3.46,3.58,28409218
2016/2/1,sh.600023,3.57,3.61,3.46,3.50,21606522
2016/2/2,sh.600023,3.51,3.62,3.50,3.59,24707225
2016/2/3,sh.600023,3.55,3.59,3.51,3.59,20378092
2016/2/4,sh.600023,3.59,3.67,3.59,3.66,29058274
2016/2/5,sh.600023,3.67,3.68,3.61,3.62,20988316
2016/2/15,sh.600023,3.51,3.61,3.49,3.58,16188722
2016/2/16,sh.600023,3.61,3.82,3.60,3.81,43359345
2016/2/17,sh.600023,3.78,3.81,3.74,3.79,32235102
2016/2/18,sh.600023,3.81,3.88,3.78,3.81,38582833
2016/2/19,sh.600023,3.79,3.81,3.75,3.79,22460035
2016/2/22,sh.600023,3.83,3.88,3.80,3.86,36759190
2016/2/23,sh.600023,3.87,3.88,3.78,3.83,28721555
2016/2/24,sh.600023,3.79,3.97,3.79,3.94,57245326
2016/2/25,sh.600023,3.90,3.91,3.55,3.57,56247269
2016/2/26,sh.600023,3.64,3.67,3.56,3.64,27984350
2016/2/29,sh.600023,3.63,3.64,3.44,3.53,30188643
2016/3/1,sh.600023,3.55,3.60,3.50,3.59,23078362
2016/3/2,sh.600023,3.59,3.81,3.59,3.76,45630540
2016/3/3,sh.600023,3.77,3.82,3.74,3.78,43244837
2016/3/4,sh.600023,3.76,3.88,3.70,3.84,63059981
2016/3/7,sh.600023,3.88,3.91,3.81,3.86,31154093
2016/3/8,sh.600023,3.84,3.84,3.66,3.81,32222298
2016/3/9,sh.600023,3.72,3.76,3.67,3.75,25040019
2016/3/10,sh.600023,3.73,3.75,3.65,3.66,16745207
2016/3/11,sh.600023,3.64,3.68,3.60,3.66,13300724
2016/3/14,sh.600023,3.68,3.79,3.68,3.75,27024493
2016/3/15,sh.600023,3.75,3.77,3.68,3.74,19408792
2016/3/16,sh.600023,3.74,3.81,3.73,3.77,39764062
2016/3/17,sh.600023,3.79,3.83,3.74,3.80,35655817
2016/3/18,sh.600023,3.84,3.89,3.80,3.86,104675172
2016/3/21,sh.600023,3.88,3.93,3.86,3.92,76709831
2016/3/22,sh.600023,3.90,3.92,3.86,3.88,49501239
2016/3/23,sh.600023,3.87,3.89,3.84,3.88,34031515
2016/3/24,sh.600023,3.85,3.90,3.79,3.80,48566629
2016/3/25,sh.600023,3.79,3.84,3.78,3.82,30185430
2016/3/28,sh.600023,3.83,3.86,3.77,3.79,31247762
2016/3/29,sh.600023,3.79,3.80,3.69,3.70,28447981
2016/3/30,sh.600023,3.73,3.79,3.73,3.79,34083528
2016/3/31,sh.600023,3.81,3.86,3.79,3.84,44190016
2016/4/1,sh.600023,3.83,3.84,3.75,3.83,33583675
2016/4/5,sh.600023,3.83,3.90,3.79,3.90,67340328
2016/4/6,sh.600023,3.88,3.92,3.86,3.89,48050310
2016/4/7,sh.600023,3.91,3.94,3.85,3.88,66552379
2016/4/8,sh.600023,3.85,3.86,3.79,3.84,37262669
2016/4/11,sh.600023,3.86,3.92,3.85,3.92,70208943
2016/4/12,sh.600023,3.90,3.91,3.84,3.88,44314788
2016/4/13,sh.600023,3.90,4.01,3.89,3.95,96987499
2016/4/14,sh.600023,3.97,4.00,3.94,3.97,41170743
2016/4/15,sh.600023,3.97,3.98,3.92,3.93,39511301
2016/4/18,sh.600023,3.91,3.91,3.84,3.86,32040928
2016/4/19,sh.600023,3.88,3.89,3.84,3.86,22242432
2016/4/20,sh.600023,3.87,3.88,3.66,3.75,54496946
2016/4/21,sh.600023,3.73,3.76,3.70,3.71,22841838
2016/4/22,sh.600023,3.69,3.73,3.68,3.73,14335519
2016/4/25,sh.600023,3.73,3.73,3.68,3.70,14006802
2016/4/26,sh.600023,3.68,3.73,3.68,3.73,12095985
2016/4/27,sh.600023,3.73,3.75,3.71,3.72,15147304
2016/4/28,sh.600023,3.73,3.74,3.67,3.71,19823897
2016/4/29,sh.600023,3.71,3.75,3.70,3.73,17806617
2016/5/3,sh.600023,3.73,3.81,3.71,3.80,31488800
2016/5/4,sh.600023,3.79,3.81,3.77,3.79,23835015
2016/5/5,sh.600023,3.79,3.79,3.76,3.79,18364416
2016/5/6,sh.600023,3.79,3.79,3.68,3.68,32560115
2016/5/9,sh.600023,3.66,3.68,3.57,3.58,29166874
2016/5/10,sh.600023,3.59,3.61,3.55,3.57,19279424
2016/5/11,sh.600023,3.59,3.60,3.55,3.57,18170143
2016/5/12,sh.600023,3.56,3.70,3.52,3.64,44920564
2016/5/13,sh.600023,3.62,3.64,3.57,3.59,23381313
2016/5/16,sh.600023,3.59,3.61,3.56,3.61,14060005
2016/5/17,sh.600023,3.60,3.62,3.58,3.60,14066834
2016/5/18,sh.600023,3.58,3.58,3.51,3.56,22320562
2016/5/19,sh.600023,3.56,3.59,3.53,3.55,12874418
2016/5/20,sh.600023,3.55,3.57,3.54,3.57,10550177
2016/5/23,sh.600023,3.57,3.59,3.57,3.59,13385339
2016/5/24,sh.600023,3.58,3.59,3.55,3.57,13749797
2016/5/25,sh.600023,3.58,3.59,3.55,3.56,10719590
2016/5/26,sh.600023,3.56,3.57,3.52,3.57,14197359
2016/5/27,sh.600023,3.56,3.57,3.55,3.56,10640067
2016/5/30,sh.600023,3.56,3.57,3.54,3.55,10151141
2016/5/31,sh.600023,3.55,3.66,3.55,3.66,35409114
2016/6/1,sh.600023,3.65,3.67,3.63,3.64,24633776
2016/6/2,sh.600023,3.64,3.66,3.63,3.65,17159617
2016/6/3,sh.600023,3.66,3.69,3.64,3.68,26471965
2016/6/6,sh.600023,3.68,3.69,3.66,3.68,20325337
2016/6/7,sh.600023,3.68,3.68,3.66,3.68,14504343
2016/6/8,sh.600023,3.66,3.68,3.64,3.66,23217725
2016/6/13,sh.600023,3.63,3.69,3.61,3.62,29366392
2016/6/14,sh.600023,3.61,3.65,3.59,3.64,15549541
2016/6/15,sh.600023,3.60,3.70,3.60,3.68,23763078
2016/6/16,sh.600023,3.69,3.83,3.67,3.76,59459495
2016/6/17,sh.600023,3.75,3.79,3.73,3.77,35102764
2016/6/20,sh.600023,3.78,3.79,3.75,3.77,21422716
2016/6/21,sh.600023,3.77,3.79,3.75,3.77,25511632
2016/6/22,sh.600023,3.77,3.79,3.77,3.79,27960003
2016/6/23,sh.600023,3.78,3.78,3.69,3.71,32152966
2016/6/24,sh.600023,3.71,3.72,3.59,3.64,24188527
2016/6/27,sh.600023,3.62,3.67,3.61,3.66,22420558
2016/6/28,sh.600023,3.65,3.67,3.64,3.67,23881069
2016/6/29,sh.600023,3.67,3.70,3.66,3.69,22271240
2016/6/30,sh.600023,3.69,3.70,3.66,3.68,16303027
2016/7/1,sh.600023,3.69,3.69,3.66,3.66,13925223
2016/7/4,sh.600023,3.66,3.74,3.65,3.73,38231991
2016/7/5,sh.600023,3.72,3.80,3.72,3.76,46713201
2016/7/6,sh.600023,3.75,3.75,3.72,3.74,24243322
2016/7/7,sh.600023,3.74,3.76,3.72,3.75,23127956
2016/7/8,sh.600023,3.74,3.75,3.72,3.73,15616100
2016/7/11,sh.600023,3.73,3.75,3.72,3.72,22602370
2016/7/12,sh.600023,3.72,3.78,3.72,3.78,47582325
2016/7/13,sh.600023,3.79,3.85,3.78,3.81,60191570
2016/7/14,sh.600023,3.79,3.81,3.78,3.80,28496943
2016/7/15,sh.600023,3.80,3.82,3.79,3.80,21715638
2016/7/18,sh.600023,3.80,3.82,3.78,3.79,27012871
2016/7/19,sh.600023,3.79,3.87,3.79,3.82,45253066
2016/7/20,sh.600023,3.82,3.83,3.78,3.78,25597402
2016/7/21,sh.600023,3.79,3.80,3.77,3.77,21266416
2016/7/22,sh.600023,3.77,3.79,3.74,3.75,19153135
2016/7/25,sh.600023,3.76,3.77,3.74,3.76,14195451
2016/7/26,sh.600023,3.75,3.79,3.74,3.78,19878245
2016/7/27,sh.600023,3.78,3.80,3.63,3.74,47437074
2016/7/28,sh.600023,3.70,3.77,3.69,3.76,30198353
2016/7/29,sh.600023,3.77,3.77,3.72,3.74,20413864
2016/8/1,sh.600023,3.72,3.76,3.69,3.76,26684772
2016/8/2,sh.600023,3.75,3.77,3.72,3.75,15598489
2016/8/3,sh.600023,3.74,3.75,3.72,3.74,13281402
2016/8/4,sh.600023,3.74,3.76,3.72,3.75,13453278
2016/8/5,sh.600023,3.74,3.76,3.73,3.74,13497174
2016/8/8,sh.600023,3.74,3.77,3.72,3.76,17786482
2016/8/9,sh.600023,3.76,3.80,3.75,3.79,29715658
2016/8/10,sh.600023,3.79,3.79,3.77,3.77,15317846
2016/8/11,sh.600023,3.77,3.78,3.74,3.74,19196204
2016/8/12,sh.600023,3.74,3.82,3.74,3.80,35828927
2016/8/15,sh.600023,3.82,3.95,3.80,3.91,93534214
2016/8/16,sh.600023,3.92,3.98,3.90,3.92,60949293
2016/8/17,sh.600023,3.90,3.95,3.88,3.95,45234674
2016/8/18,sh.600023,3.95,4.00,3.93,3.96,46455931
2016/8/19,sh.600023,3.95,3.96,3.88,3.93,43089825
2016/8/22,sh.600023,3.93,3.95,3.90,3.91,24147783
2016/8/23,sh.600023,3.90,3.94,3.88,3.90,23946545
2016/8/24,sh.600023,3.90,3.92,3.88,3.89,18090317
2016/8/25,sh.600023,3.88,3.89,3.84,3.86,25844094
2016/8/26,sh.600023,3.85,3.87,3.85,3.86,16632909
2016/8/29,sh.600023,3.87,3.89,3.85,3.87,17346209
2016/8/30,sh.600023,3.87,3.88,3.86,3.87,15603046
2016/8/31,sh.600023,3.87,3.87,3.84,3.87,16525037
2016/9/1,sh.600023,3.87,3.89,3.85,3.85,21746983
2016/9/2,sh.600023,3.85,3.90,3.83,3.89,29082828
2016/9/5,sh.600023,3.90,3.93,3.87,3.90,24307767
2016/9/6,sh.600023,3.90,3.92,3.86,3.90,21066816
2016/9/7,sh.600023,3.90,3.92,3.89,3.90,25631300
2016/9/8,sh.600023,3.90,3.91,3.87,3.89,14583441
2016/9/9,sh.600023,3.89,3.91,3.86,3.86,19779005
2016/9/12,sh.600023,3.82,3.89,3.75,3.88,46237368
2016/9/13,sh.600023,3.85,3.87,3.82,3.87,20711358
2016/9/14,sh.600023,3.85,3.85,3.82,3.83,11816741
2016/9/19,sh.600023,3.83,3.88,3.82,3.86,15863591
2016/9/20,sh.600023,3.87,3.87,3.85,3.85,11379419
2016/9/21,sh.600023,3.86,3.90,3.85,3.87,14873564
2016/9/22,sh.600023,3.88,3.90,3.85,3.86,17263300
2016/9/23,sh.600023,3.87,3.87,3.84,3.84,9381128
2016/9/26,sh.600023,3.84,3.85,3.77,3.78,16975475
2016/9/27,sh.600023,3.78,3.79,3.77,3.79,11413052
2016/9/28,sh.600023,3.81,3.81,3.77,3.77,9429785
2016/9/29,sh.600023,3.77,3.79,3.77,3.78,9791349
2016/9/30,sh.600023,3.78,3.79,3.77,3.79,9056872
2016/10/10,sh.600023,3.79,3.83,3.79,3.83,15317396
2016/10/11,sh.600023,3.83,3.85,3.82,3.85,15631510
2016/10/12,sh.600023,3.85,3.85,3.82,3.84,12582607
2016/10/13,sh.600023,3.84,3.85,3.82,3.84,12520444
2016/10/14,sh.600023,3.82,3.84,3.80,3.83,13002207
2016/10/17,sh.600023,3.82,3.85,3.79,3.80,15305985
2016/10/18,sh.600023,3.80,3.87,3.79,3.87,28588974
2016/10/19,sh.600023,3.88,3.92,3.85,3.87,39173345
2016/10/20,sh.600023,3.86,3.88,3.85,3.86,18326616
2016/10/21,sh.600023,3.87,3.91,3.85,3.88,27749526
2016/10/24,sh.600023,3.88,3.96,3.87,3.94,51086064
2016/10/25,sh.600023,3.95,3.95,3.90,3.93,27654105
2016/10/26,sh.600023,3.93,3.95,3.90,3.92,19123193
2016/10/27,sh.600023,3.91,3.92,3.88,3.90,18339075
2016/10/28,sh.600023,3.90,3.92,3.87,3.88,20293641
2016/10/31,sh.600023,3.87,3.89,3.85,3.88,13407615
2016/11/1,sh.600023,3.88,3.89,3.87,3.89,14188525
2016/11/2,sh.600023,3.89,3.89,3.84,3.85,20732340
2016/11/3,sh.600023,3.83,3.89,3.83,3.86,24805322
2016/11/4,sh.600023,3.86,3.88,3.85,3.85,13700824
2016/11/7,sh.600023,3.86,3.88,3.85,3.86,18917525
2016/11/8,sh.600023,3.87,3.89,3.86,3.87,21621213
2016/11/9,sh.600023,3.87,3.87,3.83,3.85,22971257
2016/11/10,sh.600023,3.86,3.92,3.86,3.90,41256753
2016/11/11,sh.600023,3.90,3.94,3.90,3.92,40417649
2016/11/14,sh.600023,3.92,3.97,3.91,3.95,45714071
2016/11/15,sh.600023,3.97,3.98,3.92,3.95,31742788
2016/11/16,sh.600023,3.95,4.08,3.94,4.02,78060449
2016/11/17,sh.600023,4.01,4.04,3.98,4.03,44014283
2016/11/18,sh.600023,4.03,4.05,3.96,3.97,41320346
2016/11/21,sh.600023,3.97,4.11,3.96,4.05,64947905
2016/11/22,sh.600023,4.05,4.07,4.03,4.04,59694966
2016/11/23,sh.600023,4.05,4.08,4.00,4.01,49570701
2016/11/24,sh.600023,4.00,4.03,3.98,4.00,34532946
2016/11/25,sh.600023,4.00,4.03,3.97,4.03,35313526
2016/11/28,sh.600023,4.04,4.17,4.04,4.10,117875002
2016/11/29,sh.600023,4.09,4.22,4.06,4.17,123430821
2016/11/30,sh.600023,4.16,4.18,4.10,4.12,59767380
2016/12/1,sh.600023,4.13,4.13,4.09,4.13,47954391
2016/12/2,sh.600023,4.13,4.21,4.08,4.11,73911870
2016/12/5,sh.600023,4.08,4.12,4.04,4.09,49802469
2016/12/6,sh.600023,4.08,4.10,4.03,4.03,26134972
2016/12/7,sh.600023,4.04,4.05,4.00,4.05,31425063
2016/12/8,sh.600023,4.03,4.05,4.00,4.01,26314028
2016/12/9,sh.600023,4.00,4.04,4.00,4.02,21903880
2016/12/12,sh.600023,4.03,4.05,3.88,3.95,63459252
2016/12/13,sh.600023,3.92,3.95,3.88,3.93,24295834
2016/12/14,sh.600023,3.92,3.93,3.87,3.88,26156419
2016/12/15,sh.600023,3.88,3.92,3.87,3.89,20151044
2016/12/16,sh.600023,3.88,3.90,3.87,3.89,18090354
2016/12/19,sh.600023,3.89,3.90,3.83,3.87,36814717
2016/12/20,sh.600023,3.85,3.89,3.85,3.87,18343816
2016/12/21,sh.600023,3.89,3.97,3.88,3.95,42739094
2016/12/22,sh.600023,3.94,4.01,3.94,3.97,52218734
2016/12/23,sh.600023,3.99,4.00,3.89,3.93,45423183
2016/12/26,sh.600023,3.90,3.95,3.87,3.94,22612390
2016/12/27,sh.600023,3.93,3.94,3.90,3.90,21547925
2016/12/28,sh.600023,3.90,3.92,3.88,3.90,16222812
2016/12/29,sh.600023,3.89,3.92,3.87,3.90,14342259
2016/12/30,sh.600023,3.90,3.93,3.87,3.92,20116315
2017/1/3,sh.600023,3.92,3.98,3.92,3.98,32410990
2017/1/4,sh.600023,3.98,4.01,3.95,3.99,34206395
2017/1/5,sh.600023,3.99,4.15,3.96,4.11,89434401
2017/1/6,sh.600023,4.10,4.14,4.06,4.08,66265543
2017/1/9,sh.600023,4.06,4.24,4.06,4.16,72155606
2017/1/10,sh.600023,4.17,4.17,4.08,4.09,45949500
2017/1/11,sh.600023,4.08,4.16,4.07,4.10,39378788
2017/1/12,sh.600023,4.09,4.11,4.04,4.04,28785466
2017/1/13,sh.600023,4.03,4.08,4.02,4.07,36751024
2017/1/16,sh.600023,4.08,4.16,4.02,4.13,90663678
2017/1/17,sh.600023,4.10,4.14,4.08,4.13,34477681
2017/1/18,sh.600023,4.13,4.16,4.07,4.08,40317949
2017/1/19,sh.600023,4.08,4.10,4.06,4.09,19886069
2017/1/20,sh.600023,4.08,4.16,4.07,4.14,38253849
2017/1/23,sh.600023,4.13,4.17,4.11,4.14,36131253
2017/1/24,sh.600023,4.13,4.21,4.13,4.17,54096165
2017/1/25,sh.600023,4.16,4.20,4.14,4.15,33006320
2017/1/26,sh.600023,4.16,4.17,4.09,4.11,42990818
2017/2/3,sh.600023,4.11,4.14,4.10,4.13,21380040
2017/2/6,sh.600023,4.13,4.14,4.09,4.10,40140472
2017/2/7,sh.600023,4.10,4.17,4.08,4.16,50283807
2017/2/8,sh.600023,4.14,4.16,4.11,4.15,35312836
2017/2/9,sh.600023,4.15,4.16,4.10,4.16,72897660
2017/2/10,sh.600023,4.14,4.27,4.13,4.23,97120997
2017/2/13,sh.600023,4.24,4.24,4.20,4.24,63560117
2017/2/14,sh.600023,4.24,4.25,4.17,4.21,63093877
2017/2/15,sh.600023,4.21,4.29,4.19,4.20,96618168
2017/2/16,sh.600023,4.19,4.27,4.18,4.26,65467430
2017/2/17,sh.600023,4.25,4.26,4.18,4.21,55341823
2017/2/20,sh.600023,4.21,4.26,4.18,4.26,46347041
2017/2/21,sh.600023,4.26,4.30,4.25,4.27,45489817
2017/2/22,sh.600023,4.27,4.29,4.24,4.28,43559881
2017/2/23,sh.600023,4.29,4.29,4.21,4.24,36921267
2017/2/24,sh.600023,4.23,4.26,4.20,4.25,29743709
2017/2/27,sh.600023,4.24,4.26,4.21,4.22,32535663
2017/2/28,sh.600023,4.21,4.23,4.20,4.22,19767142
2017/3/1,sh.600023,4.21,4.23,4.20,4.21,25254758
2017/3/2,sh.600023,4.21,4.21,4.13,4.13,43439901
2017/3/3,sh.600023,4.13,4.15,4.11,4.14,23553924
2017/3/6,sh.600023,4.14,4.19,4.14,4.17,22067149
2017/3/7,sh.600023,4.17,4.18,4.15,4.16,17284326
2017/3/8,sh.600023,4.16,4.17,4.12,4.14,20925070
2017/3/9,sh.600023,4.13,4.15,4.10,4.14,22009607
2017/3/10,sh.600023,4.12,4.14,4.11,4.12,12798700
2017/3/13,sh.600023,4.11,4.14,4.08,4.13,16060975
2017/3/14,sh.600023,4.13,4.16,4.10,4.12,22044070
2017/3/15,sh.600023,4.11,4.13,4.08,4.12,32854288
2017/3/16,sh.600023,4.11,4.16,4.11,4.13,38857363
2017/3/17,sh.600023,4.13,4.14,4.09,4.11,24922113
2017/3/20,sh.600023,4.11,4.13,4.09,4.12,22994586
2017/3/21,sh.600023,4.13,4.13,4.10,4.11,18202582
2017/3/22,sh.600023,4.10,4.11,4.04,4.05,33359647
2017/3/23,sh.600023,4.04,4.06,4.00,4.03,28403430
2017/3/24,sh.600023,4.03,4.08,4.03,4.06,22396884
2017/3/27,sh.600023,4.06,4.09,4.05,4.08,18118042
2017/3/28,sh.600023,4.08,4.08,4.05,4.08,16160825
2017/3/29,sh.600023,4.08,4.08,4.03,4.07,19504541
2017/3/30,sh.600023,4.05,4.13,4.02,4.11,45469129
2017/3/31,sh.600023,4.10,4.16,4.08,4.12,34173017
2017/4/5,sh.600023,4.11,4.18,4.09,4.16,38756342
2017/4/6,sh.600023,4.15,4.18,4.13,4.16,27981093
2017/4/7,sh.600023,4.16,4.18,4.13,4.16,33275193
2017/4/10,sh.600023,4.13,4.16,4.11,4.11,36207346
2017/4/11,sh.600023,4.11,4.13,4.06,4.13,32570883
2017/4/12,sh.600023,4.13,4.22,4.11,4.19,75648747
2017/4/13,sh.600023,4.17,4.23,4.16,4.19,41514601
2017/4/14,sh.600023,4.20,4.23,4.13,4.18,37189644
2017/4/17,sh.600023,4.16,4.20,4.13,4.19,26488973
2017/4/18,sh.600023,4.18,4.21,4.12,4.13,28600729
2017/4/19,sh.600023,4.11,4.13,4.05,4.13,32207549
2017/4/20,sh.600023,4.11,4.14,4.08,4.13,25816725
2017/4/21,sh.600023,4.12,4.18,4.11,4.16,21355889
2017/4/24,sh.600023,4.16,4.20,4.09,4.18,42336575
2017/4/25,sh.600023,4.17,4.18,4.15,4.16,22045355
2017/4/26,sh.600023,4.13,4.14,3.98,4.00,65885436
2017/4/27,sh.600023,3.98,3.98,3.90,3.95,32753555
2017/4/28,sh.600023,3.94,3.96,3.91,3.95,21752128
2017/5/2,sh.600023,3.94,3.95,3.92,3.92,13729610
2017/5/3,sh.600023,3.92,3.94,3.86,3.88,23681807
2017/5/4,sh.600023,3.87,3.91,3.85,3.88,22437817
2017/5/5,sh.600023,3.88,3.90,3.83,3.90,25808675
2017/5/8,sh.600023,3.87,3.98,3.86,3.96,34798301
2017/5/9,sh.600023,3.94,4.02,3.93,3.98,23857926
2017/5/10,sh.600023,3.98,4.00,3.95,3.97,23107259
2017/5/11,sh.600023,3.95,4.04,3.93,4.02,45725124
2017/5/12,sh.600023,4.03,4.03,4.00,4.00,7989914
2017/5/15,sh.600023,4.00,4.05,4.00,4.03,16715089
2017/5/16,sh.600023,4.03,4.05,3.98,4.04,15449025
2017/5/17,sh.600023,4.04,4.05,3.96,3.97,23992311
2017/5/18,sh.600023,3.96,4.00,3.95,4.00,14108418
2017/5/19,sh.600023,3.99,4.01,3.97,4.01,12426038
2017/5/22,sh.600023,4.00,4.05,3.92,4.04,27564870
2017/5/23,sh.600023,4.00,4.09,3.98,4.08,40919504
2017/5/24,sh.600023,4.05,4.10,4.03,4.09,19355446
2017/5/25,sh.600023,4.07,4.10,4.05,4.08,11009205
2017/5/26,sh.600023,4.08,4.13,4.07,4.09,15272148
2017/5/31,sh.600023,4.09,4.16,4.08,4.13,26177040
2017/6/1,sh.600023,4.13,4.19,4.08,4.18,49263119
2017/6/2,sh.600023,4.16,4.20,4.16,4.17,16501753
2017/6/5,sh.600023,4.16,4.18,4.13,4.15,14723027
2017/6/6,sh.600023,4.15,4.16,4.11,4.12,17032632
2017/6/7,sh.600023,4.12,4.13,4.07,4.13,39915876
2017/6/8,sh.600023,4.11,4.11,4.09,4.11,13477403
2017/6/9,sh.600023,4.12,4.13,4.10,4.11,15511429
2017/6/12,sh.600023,4.12,4.16,4.11,4.13,16197864
2017/6/13,sh.600023,4.12,4.14,4.11,4.13,11412376
2017/6/14,sh.600023,4.13,4.17,4.12,4.16,25244570
2017/6/15,sh.600023,4.14,4.15,4.09,4.10,25622991
2017/6/16,sh.600023,4.10,4.11,4.07,4.08,12223063
2017/6/19,sh.600023,4.08,4.10,4.07,4.10,8497706
2017/6/20,sh.600023,4.10,4.10,4.07,4.07,8890546
2017/6/21,sh.600023,4.09,4.10,4.07,4.10,10957231
2017/6/22,sh.600023,4.10,4.13,4.09,4.11,20809193
2017/6/23,sh.600023,4.10,4.13,4.07,4.13,18341102
2017/6/26,sh.600023,4.13,4.14,4.10,4.13,14416447
2017/6/27,sh.600023,4.13,4.14,4.10,4.10,16925434
2017/6/28,sh.600023,4.10,4.12,4.08,4.08,19718001
2017/6/29,sh.600023,4.08,4.10,4.07,4.09,9748089
2017/6/30,sh.600023,4.09,4.12,4.07,4.11,18098708
2017/7/3,sh.600023,4.11,4.12,4.08,4.10,14013587
2017/7/4,sh.600023,4.10,4.10,4.07,4.08,13594416
2017/7/5,sh.600023,4.07,4.09,4.06,4.09,14307161
2017/7/6,sh.600023,4.08,4.10,4.06,4.09,16376242
2017/7/7,sh.600023,4.08,4.10,4.07,4.10,15118280
2017/7/10,sh.600023,4.09,4.10,4.07,4.08,12595485
2017/7/11,sh.600023,4.08,4.12,4.07,4.10,20362556
2017/7/12,sh.600023,4.10,4.10,4.07,4.08,14888058
2017/7/13,sh.600023,4.08,4.09,4.07,4.09,9532585
2017/7/14,sh.600023,4.08,4.12,4.07,4.11,21223864
2017/7/17,sh.600023,4.10,4.13,4.01,4.11,34649386
2017/7/18,sh.600023,4.09,4.11,4.07,4.10,15407815
2017/7/19,sh.600023,4.10,4.16,4.08,4.16,28807166
2017/7/20,sh.600023,4.16,4.22,4.13,4.20,43990255
2017/7/21,sh.600023,4.21,4.23,4.18,4.18,22758687
2017/7/24,sh.600023,4.19,4.21,4.17,4.19,19454902
2017/7/25,sh.600023,4.19,4.21,4.16,4.18,16365111
2017/7/26,sh.600023,4.18,4.19,4.16,4.18,13746089
2017/7/27,sh.600023,4.18,4.21,4.16,4.17,20509590
2017/7/28,sh.600023,4.16,4.20,4.16,4.16,16431143
2017/7/31,sh.600023,4.16,4.18,4.16,4.17,16394378
2017/8/1,sh.600023,4.18,4.18,4.16,4.17,14481753
2017/8/2,sh.600023,4.17,4.17,4.10,4.10,26903851
2017/8/3,sh.600023,4.09,4.12,4.07,4.10,22649794
2017/8/4,sh.600023,4.10,4.12,4.09,4.09,14550416
2017/8/7,sh.600023,4.08,4.12,4.08,4.11,15395622
2017/8/8,sh.600023,4.10,4.10,4.08,4.09,14015200
2017/8/9,sh.600023,4.09,4.10,4.08,4.09,12433367
2017/8/10,sh.600023,4.09,4.10,4.06,4.07,19304072
2017/8/11,sh.600023,4.07,4.11,4.02,4.04,26115231
2017/8/14,sh.600023,4.04,4.06,4.03,4.05,16721778
2017/8/15,sh.600023,4.05,4.06,4.04,4.04,13075237
2017/8/16,sh.600023,4.04,4.05,4.02,4.03,16051590
2017/8/17,sh.600023,4.03,4.07,4.03,4.07,15366656
2017/8/18,sh.600023,4.06,4.09,4.04,4.06,16410917
2017/8/21,sh.600023,4.10,4.14,4.09,4.12,28601891
2017/8/22,sh.600023,4.12,4.13,4.10,4.10,15492673
2017/8/23,sh.600023,4.11,4.11,4.08,4.10,11187254
2017/8/24,sh.600023,4.11,4.11,4.05,4.07,12939177
2017/8/25,sh.600023,4.08,4.11,4.07,4.10,14248476
2017/8/28,sh.600023,4.10,4.14,4.10,4.13,22227029
2017/8/29,sh.600023,4.13,4.20,4.13,4.16,28944762
2017/8/30,sh.600023,4.16,4.16,4.13,4.13,15105100
2017/8/31,sh.600023,4.13,4.14,4.10,4.12,13996008
2017/9/1,sh.600023,4.13,4.18,4.13,4.16,27145170
2017/9/4,sh.600023,4.16,4.16,4.12,4.13,17854547
2017/9/5,sh.600023,4.13,4.13,4.12,4.12,13419373
2017/9/6,sh.600023,4.12,4.13,4.11,4.13,13395099
2017/9/7,sh.600023,4.13,4.15,4.12,4.13,15998680
2017/9/8,sh.600023,4.12,4.14,4.11,4.12,15112248
2017/9/11,sh.600023,4.12,4.13,4.10,4.11,12441203
2017/9/12,sh.600023,4.12,4.13,4.10,4.11,18010024
2017/9/13,sh.600023,4.11,4.11,4.09,4.10,9199442
2017/9/14,sh.600023,4.09,4.10,4.08,4.08,9061200
2017/9/15,sh.600023,4.08,4.10,4.07,4.09,7816853
2017/9/18,sh.600023,4.09,4.10,4.08,4.10,11657702
2017/9/19,sh.600023,4.10,4.10,4.07,4.08,11086738
2017/9/20,sh.600023,4.08,4.09,4.07,4.08,9521968
2017/9/21,sh.600023,4.07,4.08,4.04,4.05,16034713
2017/9/22,sh.600023,4.06,4.06,4.04,4.04,8938769
2017/9/25,sh.600023,4.04,4.05,4.02,4.03,11445004
2017/9/26,sh.600023,4.03,4.04,4.02,4.04,8812320
2017/9/27,sh.600023,4.03,4.04,4.02,4.03,7980336
2017/9/28,sh.600023,4.02,4.03,4.01,4.01,9641908
2017/9/29,sh.600023,4.01,4.04,4.01,4.03,8187563
2017/10/9,sh.600023,4.05,4.06,4.02,4.04,13983678
2017/10/10,sh.600023,4.04,4.04,4.01,4.04,14887965
2017/10/11,sh.600023,4.04,4.06,4.03,4.04,14979031
2017/10/12,sh.600023,4.04,4.07,4.01,4.07,19596379
2017/10/13,sh.600023,4.06,4.06,4.04,4.05,10678674
2017/10/16,sh.600023,4.04,4.04,4.01,4.01,15535197
2017/10/17,sh.600023,4.02,4.03,4.01,4.02,6984588
2017/10/18,sh.600023,4.02,4.03,4.00,4.01,8318237
2017/10/19,sh.600023,4.01,4.01,3.97,3.97,12637743
2017/10/20,sh.600023,3.97,3.99,3.96,3.99,8435407
2017/10/23,sh.600023,3.98,4.01,3.98,3.99,7443953
2017/10/24,sh.600023,4.00,4.06,3.98,4.04,23628883
2017/10/25,sh.600023,4.04,4.06,4.04,4.05,7947345
2017/10/26,sh.600023,4.04,4.05,4.03,4.04,7810448
2017/10/27,sh.600023,4.05,4.05,4.02,4.03,7103987
2017/10/30,sh.600023,4.03,4.06,3.99,4.04,17054367
2017/10/31,sh.600023,4.04,4.04,4.01,4.03,8069457
2017/11/1,sh.600023,4.03,4.04,4.01,4.01,8667420
2017/11/2,sh.600023,4.01,4.04,3.99,4.04,12049818
2017/11/3,sh.600023,4.03,4.06,3.99,4.04,19127097
2017/11/6,sh.600023,4.03,4.04,4.01,4.03,12287775
2017/11/7,sh.600023,4.02,4.04,4.01,4.04,12204363
2017/11/8,sh.600023,4.04,4.08,4.02,4.07,19247765
2017/11/9,sh.600023,4.07,4.07,4.04,4.06,16110397
2017/11/10,sh.600023,4.05,4.06,4.03,4.04,13620923
2017/11/13,sh.600023,4.04,4.06,4.04,4.04,11277676
2017/11/14,sh.600023,4.04,4.04,3.99,4.00,15669273
2017/11/15,sh.600023,4.00,4.01,3.98,4.00,12545444
2017/11/16,sh.600023,4.00,4.00,3.98,3.99,8197934
2017/11/17,sh.600023,3.99,4.10,3.96,4.08,51935844
2017/11/20,sh.600023,4.07,4.09,4.04,4.08,19482526
2017/11/21,sh.600023,4.07,4.10,4.06,4.10,21353575
2017/11/22,sh.600023,4.09,4.11,4.09,4.10,16474074
2017/11/23,sh.600023,4.10,4.10,4.04,4.08,18976129
2017/11/24,sh.600023,4.06,4.10,4.04,4.09,15509465
2017/11/27,sh.600023,4.08,4.10,4.05,4.10,17407096
2017/11/28,sh.600023,4.09,4.09,4.04,4.04,19595708
2017/11/29,sh.600023,4.05,4.06,4.00,4.02,15646769
2017/11/30,sh.600023,4.01,4.03,3.99,4.02,13165638
2017/12/1,sh.600023,4.02,4.03,4.00,4.03,12705369
2017/12/4,sh.600023,4.01,4.04,4.00,4.04,13721762
2017/12/5,sh.600023,4.04,4.15,4.03,4.13,63752489
2017/12/6,sh.600023,4.13,4.14,4.10,4.13,20050798
2017/12/7,sh.600023,4.13,4.17,4.11,4.16,22075681
2017/12/8,sh.600023,4.14,4.16,4.10,4.12,17166555
2017/12/11,sh.600023,4.10,4.12,4.09,4.12,17710078
2017/12/12,sh.600023,4.11,4.12,4.07,4.08,11767890
2017/12/13,sh.600023,4.09,4.11,4.08,4.10,10528041
2017/12/14,sh.600023,4.10,4.11,4.07,4.09,12612426
2017/12/15,sh.600023,4.08,4.09,4.01,4.06,24250443
2017/12/18,sh.600023,4.04,4.07,4.01,4.06,15235115
2017/12/19,sh.600023,4.04,4.06,4.03,4.05,7562383
2017/12/20,sh.600023,4.04,4.08,4.03,4.06,13739745
2017/12/21,sh.600023,4.06,4.07,4.04,4.04,10042610
2017/12/22,sh.600023,4.04,4.07,4.03,4.06,9771845
2017/12/25,sh.600023,4.06,4.07,4.04,4.06,8922657
2017/12/26,sh.600023,4.06,4.06,4.02,4.03,12564259
2017/12/27,sh.600023,4.03,4.04,4.01,4.03,11062828
2017/12/28,sh.600023,4.02,4.03,4.01,4.02,8773645
2017/12/29,sh.600023,4.02,4.02,4.01,4.01,6916180
2018/1/2,sh.600023,4.01,4.05,4.01,4.04,14498473
2018/1/3,sh.600023,4.04,4.07,4.04,4.06,13246013
2018/1/4,sh.600023,4.07,4.07,4.04,4.04,16822160
2018/1/5,sh.600023,4.04,4.07,4.03,4.07,21004471
2018/1/8,sh.600023,4.07,4.11,4.05,4.10,23067082
2018/1/9,sh.600023,4.10,4.13,4.08,4.10,15907742
2018/1/10,sh.600023,4.11,4.14,4.09,4.10,19442340
2018/1/11,sh.600023,4.10,4.12,4.08,4.11,17944749
2018/1/12,sh.600023,4.11,4.19,4.11,4.16,35155960
2018/1/15,sh.600023,4.16,4.21,4.11,4.11,23822075
2018/1/16,sh.600023,4.10,4.20,4.10,4.19,26968744
2018/1/17,sh.600023,4.19,4.25,4.16,4.23,31733760
2018/1/18,sh.600023,4.23,4.25,4.19,4.22,22974799
2018/1/19,sh.600023,4.21,4.22,4.16,4.17,24365255
2018/1/22,sh.600023,4.17,4.53,4.17,4.45,92445123
2018/1/23,sh.600023,4.46,4.50,4.40,4.43,59651509
2018/1/24,sh.600023,4.43,4.46,4.37,4.43,51590374
2018/1/25,sh.600023,4.41,4.63,4.40,4.46,82006380
2018/1/26,sh.600023,4.46,4.54,4.42,4.49,40468063
2018/1/29,sh.600023,4.49,4.58,4.40,4.43,44360659
2018/1/30,sh.600023,4.43,4.46,4.39,4.44,22783853
2018/1/31,sh.600023,4.42,4.43,4.31,4.37,33961050
2018/2/1,sh.600023,4.35,4.45,4.31,4.44,52508380
2018/2/2,sh.600023,4.40,4.45,4.34,4.43,31652827
2018/2/5,sh.600023,4.40,4.52,4.37,4.49,36848798
2018/2/6,sh.600023,4.42,4.54,4.40,4.49,65289915
2018/2/7,sh.600023,4.52,4.55,4.38,4.50,56108401
2018/2/8,sh.600023,4.47,4.48,4.19,4.29,63216561
2018/2/9,sh.600023,4.18,4.30,4.04,4.28,55731184
2018/2/12,sh.600023,4.19,4.25,4.19,4.21,19388069
2018/2/13,sh.600023,4.22,4.24,4.19,4.19,15585298
2018/2/14,sh.600023,4.19,4.21,4.14,4.15,14714724
2018/2/22,sh.600023,4.17,4.21,4.16,4.20,14184844
2018/2/23,sh.600023,4.21,4.22,4.19,4.22,15438638
2018/2/26,sh.600023,4.22,4.25,4.20,4.25,20233425
2018/2/27,sh.600023,4.24,4.25,4.19,4.24,19601913
2018/2/28,sh.600023,4.22,4.23,4.19,4.19,14834400
2018/3/1,sh.600023,4.16,4.19,4.14,4.17,16236181
2018/3/2,sh.600023,4.16,4.20,4.14,4.17,11950389
2018/3/5,sh.600023,4.16,4.25,4.16,4.23,16411540
2018/3/6,sh.600023,4.23,4.27,4.21,4.25,16130286
2018/3/7,sh.600023,4.26,4.37,4.24,4.31,28685148
2018/3/8,sh.600023,4.29,4.38,4.28,4.33,25022689
2018/3/9,sh.600023,4.33,4.33,4.29,4.31,16235990
2018/3/12,sh.600023,4.31,4.34,4.28,4.33,19810995
2018/3/13,sh.600023,4.33,4.33,4.27,4.30,13831835
2018/3/14,sh.600023,4.29,4.31,4.26,4.27,8715416
2018/3/15,sh.600023,4.25,4.37,4.25,4.37,26374479
2018/3/16,sh.600023,4.38,4.40,4.33,4.36,20845899
2018/3/19,sh.600023,4.35,4.42,4.33,4.35,18308147
2018/3/20,sh.600023,4.34,4.37,4.31,4.35,10285677
2018/3/21,sh.600023,4.36,4.38,4.28,4.34,18277608
2018/3/22,sh.600023,4.31,4.33,4.25,4.27,20108516
2018/3/23,sh.600023,4.20,4.25,4.08,4.11,30821240
2018/3/26,sh.600023,4.07,4.13,4.04,4.13,13626273
2018/3/27,sh.600023,4.15,4.19,4.14,4.16,11527762
2018/3/28,sh.600023,4.13,4.16,4.12,4.14,8439501
2018/3/29,sh.600023,4.13,4.19,4.13,4.16,10702505
2018/3/30,sh.600023,4.17,4.19,4.15,4.16,10731900
2018/4/2,sh.600023,4.15,4.19,4.13,4.16,11112466
2018/4/3,sh.600023,4.14,4.15,4.09,4.10,12344035
2018/4/4,sh.600023,4.12,4.13,4.10,4.10,8871515
2018/4/9,sh.600023,4.10,4.11,4.07,4.09,10028772
2018/4/10,sh.600023,4.08,4.12,4.08,4.12,7599473
2018/4/11,sh.600023,4.10,4.14,4.10,4.13,10982553
2018/4/12,sh.600023,4.11,4.13,4.10,4.11,8420240
2018/4/13,sh.600023,4.13,4.13,4.08,4.08,8021779
2018/4/16,sh.600023,4.07,4.11,4.07,4.07,7970037
2018/4/17,sh.600023,4.07,4.10,4.04,4.04,8494118
2018/4/18,sh.600023,4.07,4.07,3.89,3.92,29683210
2018/4/19,sh.600023,3.92,3.93,3.89,3.92,14631967
2018/4/20,sh.600023,3.92,3.92,3.81,3.82,15199964
2018/4/23,sh.600023,3.82,3.85,3.79,3.85,12530292
2018/4/24,sh.600023,3.84,3.92,3.84,3.91,12687431
2018/4/25,sh.600023,3.91,3.93,3.90,3.92,8799989
2018/4/26,sh.600023,3.89,3.89,3.80,3.81,14664351
2018/4/27,sh.600023,3.81,3.85,3.79,3.84,9277705
2018/5/2,sh.600023,3.82,3.89,3.82,3.88,11002208
2018/5/3,sh.600023,3.88,3.89,3.83,3.87,7078807
2018/5/4,sh.600023,3.87,3.90,3.84,3.88,8081232
2018/5/7,sh.600023,3.88,3.90,3.86,3.89,8828792
2018/5/8,sh.600023,3.89,3.90,3.86,3.89,8383639
2018/5/9,sh.600023,3.89,3.89,3.85,3.88,7243792
2018/5/10,sh.600023,3.88,3.89,3.85,3.88,6417881
2018/5/11,sh.600023,3.88,3.89,3.84,3.85,5841614
2018/5/14,sh.600023,3.85,3.89,3.85,3.89,9366541
2018/5/15,sh.600023,3.89,3.90,3.88,3.90,8756516
2018/5/16,sh.600023,3.89,3.93,3.88,3.92,9216075
2018/5/17,sh.600023,3.92,3.92,3.89,3.91,6173965
2018/5/18,sh.600023,3.90,3.92,3.88,3.92,7431481
2018/5/21,sh.600023,3.91,3.96,3.91,3.95,9804997
2018/5/22,sh.600023,3.95,3.97,3.93,3.96,8524051
2018/5/23,sh.600023,3.97,4.04,3.95,4.02,21176097
2018/5/24,sh.600023,4.01,4.05,4.00,4.02,13367814
2018/5/25,sh.600023,4.02,4.03,3.96,3.99,8738732
2018/5/28,sh.600023,3.97,3.99,3.92,3.95,7958615
2018/5/29,sh.600023,3.94,3.97,3.92,3.93,6420700
2018/5/30,sh.600023,3.92,3.93,3.86,3.90,10798277
2018/5/31,sh.600023,3.90,3.97,3.90,3.93,11700655
2018/6/1,sh.600023,3.95,4.01,3.94,3.98,10204867
2018/6/4,sh.600023,3.98,3.98,3.90,3.92,9270979
2018/6/5,sh.600023,3.92,3.98,3.90,3.98,11377635
2018/6/6,sh.600023,3.98,3.98,3.95,3.96,4940359
2018/6/7,sh.600023,3.98,3.98,3.91,3.92,5951278
2018/6/8,sh.600023,3.91,3.91,3.82,3.85,10983417
2018/6/11,sh.600023,3.84,3.85,3.81,3.85,7874482
2018/6/12,sh.600023,3.84,3.84,3.81,3.83,7161702
2018/6/13,sh.600023,3.82,3.83,3.81,3.82,5788107
2018/6/14,sh.600023,3.82,3.82,3.78,3.79,8658358
2018/6/15,sh.600023,3.79,3.79,3.73,3.76,8004991
2018/6/19,sh.600023,3.74,3.74,3.46,3.55,15420621
2018/6/20,sh.600023,3.54,3.59,3.52,3.56,7313230
2018/6/21,sh.600023,3.56,3.58,3.45,3.46,10517863
2018/6/22,sh.600023,3.46,3.49,3.40,3.47,8223832
2018/6/25,sh.600023,3.50,3.51,3.42,3.46,7269516
2018/6/26,sh.600023,3.43,3.45,3.35,3.43,10777861
2018/6/27,sh.600023,3.41,3.49,3.40,3.45,8109906
2018/6/28,sh.600023,3.43,3.50,3.42,3.46,5986113
2018/6/29,sh.600023,3.46,3.52,3.44,3.51,9298367
2018/7/2,sh.600023,3.49,3.52,3.47,3.50,8753990
2018/7/3,sh.600023,3.49,3.58,3.48,3.58,9513271
2018/7/4,sh.600023,3.55,3.60,3.55,3.56,7170546
2018/7/5,sh.600023,3.56,3.59,3.54,3.57,7041748
2018/7/6,sh.600023,3.55,3.58,3.46,3.53,7842084
2018/7/9,sh.600023,3.55,3.59,3.54,3.58,6896723
2018/7/10,sh.600023,3.59,3.61,3.56,3.59,5588908
2018/7/11,sh.600023,3.56,3.58,3.53,3.55,4891734
2018/7/12,sh.600023,3.56,3.61,3.55,3.59,6133021
2018/7/13,sh.600023,3.58,3.61,3.56,3.58,5054390
2018/7/16,sh.600023,3.61,3.64,3.55,3.56,6617996
2018/7/17,sh.600023,3.58,3.59,3.55,3.57,5401397
2018/7/18,sh.600023,3.59,3.76,3.58,3.70,21878226
2018/7/19,sh.600023,3.71,3.75,3.69,3.70,10777361
2018/7/20,sh.600023,3.70,3.97,3.68,3.93,35215680
2018/7/23,sh.600023,3.92,3.92,3.86,3.90,11165282
2018/7/24,sh.600023,3.88,3.90,3.85,3.87,15259224
2018/7/25,sh.600023,3.87,3.91,3.82,3.90,10099015
2018/7/26,sh.600023,3.89,3.92,3.87,3.91,9421563
2018/7/27,sh.600023,3.91,3.95,3.86,3.88,7013591
2018/7/30,sh.600023,3.88,4.02,3.88,3.93,16380791
2018/7/31,sh.600023,3.95,3.96,3.88,3.92,8757618
2018/8/1,sh.600023,3.91,3.93,3.84,3.84,12556861
2018/8/2,sh.600023,3.88,3.88,3.75,3.84,11733406
2018/8/3,sh.600023,3.84,4.06,3.80,3.94,15785108
2018/8/6,sh.600023,3.91,3.93,3.80,3.81,11728900
2018/8/7,sh.600023,3.86,3.86,3.76,3.84,10771548
2018/8/8,sh.600023,3.81,3.85,3.78,3.82,9630423
2018/8/9,sh.600023,3.80,3.84,3.79,3.82,10288005
2018/8/10,sh.600023,3.80,3.81,3.58,3.62,37340661
2018/8/13,sh.600023,3.58,3.60,3.53,3.57,16142443
2018/8/14,sh.600023,3.57,3.61,3.55,3.60,9702521
2018/8/15,sh.600023,3.60,3.60,3.55,3.56,7368612
2018/8/16,sh.600023,3.54,3.56,3.51,3.53,5315151
2018/8/17,sh.600023,3.53,3.56,3.52,3.53,5163082
2018/8/20,sh.600023,3.54,3.55,3.49,3.53,5507021
2018/8/21,sh.600023,3.53,3.56,3.52,3.54,5302671
2018/8/22,sh.600023,3.55,3.55,3.49,3.51,4137276
2018/8/23,sh.600023,3.53,3.57,3.52,3.56,9727431
2018/8/24,sh.600023,3.56,3.63,3.54,3.61,8906193
2018/8/27,sh.600023,3.62,3.67,3.61,3.67,13857031
2018/8/28,sh.600023,3.67,3.74,3.67,3.71,11844379
2018/8/29,sh.600023,3.70,3.75,3.70,3.71,6353034
2018/8/30,sh.600023,3.74,3.84,3.70,3.79,11780168
2018/8/31,sh.600023,3.80,3.83,3.74,3.80,11202839
2018/9/3,sh.600023,3.81,3.82,3.74,3.80,9647323
2018/9/4,sh.600023,3.81,3.88,3.80,3.86,14579214
2018/9/5,sh.600023,3.85,3.90,3.84,3.87,9192110
2018/9/6,sh.600023,3.84,3.90,3.84,3.86,10379614
2018/9/7,sh.600023,3.86,3.91,3.81,3.83,10890801
2018/9/10,sh.600023,3.84,3.92,3.83,3.88,13752042
2018/9/11,sh.600023,3.88,3.92,3.83,3.88,11725404
2018/9/12,sh.600023,3.87,3.91,3.81,3.83,10889802
2018/9/13,sh.600023,3.84,3.93,3.84,3.93,14114279
2018/9/14,sh.600023,3.93,3.97,3.88,3.89,7402340
2018/9/17,sh.600023,3.91,3.91,3.81,3.85,10502490
2018/9/18,sh.600023,3.84,3.94,3.84,3.94,11859094
2018/9/19,sh.600023,3.95,3.97,3.91,3.92,9325619
2018/9/20,sh.600023,3.92,3.95,3.87,3.90,8850309
2018/9/21,sh.600023,3.90,3.94,3.88,3.92,7561400
2018/9/25,sh.600023,3.91,3.95,3.90,3.94,8410759
2018/9/26,sh.600023,3.94,3.95,3.83,3.84,11771709
2018/9/27,sh.600023,3.86,4.00,3.86,3.98,21117998
2018/9/28,sh.600023,3.99,4.01,3.94,3.95,11959515
2018/10/8,sh.600023,3.93,3.98,3.91,3.95,13088647
2018/10/9,sh.600023,3.92,3.94,3.74,3.75,19589535
2018/10/10,sh.600023,3.74,3.83,3.74,3.82,9438953
2018/10/11,sh.600023,3.77,3.81,3.61,3.68,13654604
2018/10/12,sh.600023,3.67,3.69,3.54,3.63,14573889
2018/10/15,sh.600023,3.63,3.66,3.60,3.63,7531406
2018/10/16,sh.600023,3.62,3.67,3.60,3.63,11834764
2018/10/17,sh.600023,3.69,3.73,3.63,3.70,10395136
2018/10/18,sh.600023,3.70,3.70,3.58,3.59,9467601
2018/10/19,sh.600023,3.59,3.69,3.54,3.69,10705393
2018/10/22,sh.600023,3.70,3.81,3.68,3.75,12242929
2018/10/23,sh.600023,3.74,3.77,3.69,3.74,8023895
2018/10/24,sh.600023,3.72,3.77,3.70,3.70,9668241
2018/10/25,sh.600023,3.66,3.81,3.64,3.81,10298836
2018/10/26,sh.600023,3.80,3.85,3.75,3.76,6708601
2018/10/29,sh.600023,3.76,3.78,3.66,3.68,8312510
2018/10/30,sh.600023,3.68,3.74,3.65,3.69,9785305
2018/10/31,sh.600023,3.68,3.72,3.65,3.68,7832389
2018/11/1,sh.600023,3.70,3.72,3.66,3.66,12461794
2018/11/2,sh.600023,3.68,3.71,3.66,3.71,14902882
2018/11/5,sh.600023,3.70,3.71,3.63,3.67,13500131
2018/11/6,sh.600023,3.66,3.70,3.66,3.67,8458625
2018/11/7,sh.600023,3.68,3.70,3.63,3.65,11606883
2018/11/8,sh.600023,3.66,3.67,3.64,3.65,7530769
2018/11/9,sh.600023,3.66,3.66,3.58,3.60,10208687
2018/11/12,sh.600023,3.60,3.65,3.58,3.65,9807107
2018/11/13,sh.600023,3.62,3.68,3.61,3.67,11297489
2018/11/14,sh.600023,3.67,3.74,3.66,3.70,21343829
2018/11/15,sh.600023,3.71,3.74,3.70,3.73,16881712
2018/11/16,sh.600023,3.73,3.75,3.71,3.72,9692395
2018/11/19,sh.600023,3.71,3.73,3.70,3.73,12598948
2018/11/20,sh.600023,3.72,3.72,3.63,3.63,16499772
2018/11/21,sh.600023,3.62,3.63,3.60,3.62,11876978
2018/11/22,sh.600023,3.63,3.63,3.60,3.60,9148803
2018/11/23,sh.600023,3.61,3.61,3.51,3.52,14953431
2018/11/26,sh.600023,3.53,3.55,3.49,3.49,10191149
2018/11/27,sh.600023,3.51,3.53,3.49,3.50,7649109
2018/11/28,sh.600023,3.51,3.52,3.46,3.51,7907445
2018/11/29,sh.600023,3.52,3.55,3.49,3.49,9199326
2018/11/30,sh.600023,3.49,3.52,3.48,3.49,7123254
2018/12/3,sh.600023,3.53,3.59,3.53,3.58,12081977
2018/12/4,sh.600023,3.57,3.60,3.55,3.59,8058991
2018/12/5,sh.600023,3.56,3.60,3.54,3.58,7980964
2018/12/6,sh.600023,3.56,3.59,3.53,3.55,7534187
2018/12/7,sh.600023,3.56,3.58,3.52,3.58,8070140
2018/12/10,sh.600023,3.57,3.58,3.56,3.56,7016138
2018/12/11,sh.600023,3.57,3.60,3.56,3.58,5128205
2018/12/12,sh.600023,3.58,3.60,3.56,3.60,5132267
2018/12/13,sh.600023,3.60,3.63,3.57,3.61,7369169
2018/12/14,sh.600023,3.61,3.61,3.55,3.55,9747600
2018/12/17,sh.600023,3.54,3.60,3.51,3.59,12536653
2018/12/18,sh.600023,3.56,3.62,3.56,3.59,13528748
2018/12/19,sh.600023,3.60,3.63,3.60,3.60,12385522
2018/12/20,sh.600023,3.60,3.63,3.59,3.61,12526719
2018/12/21,sh.600023,3.62,3.66,3.61,3.64,16018968
2018/12/24,sh.600023,3.63,3.63,3.60,3.60,8649389
2018/12/25,sh.600023,3.61,3.61,3.53,3.59,8033065
2018/12/26,sh.600023,3.60,3.63,3.56,3.61,11681900
2018/12/27,sh.600023,3.63,3.67,3.61,3.64,14989435
2018/12/28,sh.600023,3.63,3.68,3.63,3.68,11502025
2019/1/2,sh.600023,3.68,3.69,3.57,3.62,12930416
2019/1/3,sh.600023,3.60,3.63,3.57,3.61,5745347
2019/1/4,sh.600023,3.59,3.64,3.57,3.63,8736014
2019/1/7,sh.600023,3.63,3.63,3.60,3.63,10490968
2019/1/8,sh.600023,3.62,3.63,3.59,3.60,10509152
2019/1/9,sh.600023,3.60,3.63,3.57,3.60,12495304
2019/1/10,sh.600023,3.60,3.62,3.56,3.56,11978706
2019/1/11,sh.600023,3.56,3.60,3.55,3.57,7509963
2019/1/14,sh.600023,3.57,3.59,3.54,3.56,7927130
2019/1/15,sh.600023,3.56,3.58,3.54,3.58,9379909
2019/1/16,sh.600023,3.56,3.57,3.53,3.55,12425966
2019/1/17,sh.600023,3.55,3.55,3.51,3.52,12769468
2019/1/18,sh.600023,3.53,3.54,3.49,3.53,15834894
2019/1/21,sh.600023,3.53,3.56,3.52,3.53,13942242
2019/1/22,sh.600023,3.53,3.54,3.51,3.53,8639194
2019/1/23,sh.600023,3.52,3.53,3.47,3.49,12488657
2019/1/24,sh.600023,3.49,3.50,3.45,3.47,12958005
2019/1/25,sh.600023,3.47,3.48,3.43,3.45,17851840
2019/1/28,sh.600023,3.46,3.48,3.45,3.47,16168385
2019/1/29,sh.600023,3.47,3.49,3.45,3.49,14788019
2019/1/30,sh.600023,3.49,3.50,3.46,3.48,10723978
2019/1/31,sh.600023,3.49,3.51,3.47,3.49,10374072
2019/2/1,sh.600023,3.49,3.50,3.47,3.50,10483252
2019/2/11,sh.600023,3.50,3.53,3.49,3.51,17273877
2019/2/12,sh.600023,3.50,3.54,3.50,3.53,12156861
2019/2/13,sh.600023,3.53,3.58,3.53,3.56,17076723
2019/2/14,sh.600023,3.57,3.58,3.55,3.57,14368948
2019/2/15,sh.600023,3.56,3.60,3.55,3.56,13950924
2019/2/18,sh.600023,3.57,3.61,3.56,3.61,20024686
2019/2/19,sh.600023,3.61,3.62,3.58,3.59,16333397
2019/2/20,sh.600023,3.60,3.60,3.57,3.60,10977090
2019/2/21,sh.600023,3.60,3.60,3.56,3.56,13342342
2019/2/22,sh.600023,3.57,3.61,3.55,3.60,14191697
2019/2/25,sh.600023,3.61,3.73,3.60,3.71,40381993
2019/2/26,sh.600023,3.74,3.81,3.70,3.73,47567200
2019/2/27,sh.600023,3.73,3.77,3.70,3.74,28822538
2019/2/28,sh.600023,3.73,3.74,3.71,3.72,17519206
2019/3/1,sh.600023,3.74,3.75,3.70,3.74,18803731
2019/3/4,sh.600023,3.75,3.84,3.74,3.79,39164374
2019/3/5,sh.600023,3.78,3.81,3.76,3.80,22708630
2019/3/6,sh.600023,3.80,3.91,3.79,3.88,34730638
2019/3/7,sh.600023,3.86,3.91,3.82,3.85,41560456
2019/3/8,sh.600023,3.81,3.82,3.70,3.70,35678545
2019/3/11,sh.600023,3.69,3.78,3.69,3.77,32076139
2019/3/12,sh.600023,3.80,3.93,3.78,3.82,53865602
2019/3/13,sh.600023,3.82,3.83,3.76,3.77,28106928
2019/3/14,sh.600023,3.78,3.80,3.72,3.75,25866226
2019/3/15,sh.600023,3.76,3.80,3.75,3.77,23515669
2019/3/18,sh.600023,3.77,3.82,3.74,3.82,31886735
2019/3/19,sh.600023,3.85,3.94,3.82,3.85,45448317
2019/3/20,sh.600023,3.83,3.85,3.78,3.84,27382273
2019/3/21,sh.600023,3.84,3.86,3.82,3.84,30991989
2019/3/22,sh.600023,3.84,3.84,3.79,3.84,27296982
2019/3/25,sh.600023,3.81,3.91,3.79,3.84,48526617
2019/3/26,sh.600023,3.85,3.87,3.78,3.80,26410716
2019/3/27,sh.600023,3.81,3.83,3.76,3.79,19258096
2019/3/28,sh.600023,3.80,3.80,3.73,3.74,22983295
2019/3/29,sh.600023,3.74,3.80,3.70,3.79,28868285
2019/4/1,sh.600023,3.80,3.91,3.79,3.87,47116702
2019/4/2,sh.600023,3.88,3.89,3.84,3.87,30588531
2019/4/3,sh.600023,3.85,3.88,3.84,3.88,30864374
2019/4/4,sh.600023,3.89,3.95,3.88,3.90,41704879
2019/4/8,sh.600023,3.93,3.95,3.86,3.91,37740856
2019/4/9,sh.600023,3.90,3.91,3.87,3.88,24565288
2019/4/10,sh.600023,3.88,3.90,3.84,3.88,23601501
2019/4/11,sh.600023,3.89,3.93,3.87,3.87,29306520
2019/4/12,sh.600023,3.87,3.94,3.86,3.94,37854338
2019/4/15,sh.600023,3.96,3.98,3.92,3.92,38648152
2019/4/16,sh.600023,3.89,3.94,3.85,3.94,35232433
2019/4/17,sh.600023,3.92,3.94,3.89,3.91,25634035
2019/4/18,sh.600023,3.90,3.91,3.86,3.87,24017464
2019/4/19,sh.600023,3.88,3.89,3.83,3.88,23355637
2019/4/22,sh.600023,3.88,3.89,3.81,3.83,23139380
2019/4/23,sh.600023,3.84,3.84,3.77,3.77,22086344
2019/4/24,sh.600023,3.78,3.80,3.74,3.78,16159010
2019/4/25,sh.600023,3.77,3.78,3.70,3.70,21419623
2019/4/26,sh.600023,3.70,3.71,3.66,3.67,22701675
2019/4/29,sh.600023,3.69,3.70,3.64,3.66,20107014
2019/4/30,sh.600023,3.65,3.70,3.65,3.69,15563160
2019/5/6,sh.600023,3.65,3.65,3.54,3.57,26786944
2019/5/7,sh.600023,3.57,3.61,3.56,3.61,19502527
2019/5/8,sh.600023,3.57,3.62,3.56,3.60,12932924
2019/5/9,sh.600023,3.58,3.60,3.56,3.56,12067391
2019/5/10,sh.600023,3.58,3.63,3.56,3.62,15480988
2019/5/13,sh.600023,3.60,3.61,3.57,3.59,10700361
2019/5/14,sh.600023,3.56,3.59,3.56,3.58,11696513
2019/5/15,sh.600023,3.58,3.62,3.58,3.60,12902167
2019/5/16,sh.600023,3.60,3.63,3.60,3.61,11250466
2019/5/17,sh.600023,3.62,3.63,3.56,3.56,10536275
2019/5/20,sh.600023,3.56,3.58,3.53,3.56,8823085
2019/5/21,sh.600023,3.56,3.60,3.55,3.60,8591995
2019/5/22,sh.600023,3.59,3.60,3.57,3.58,10602128
2019/5/23,sh.600023,3.57,3.57,3.53,3.53,10841836
2019/5/24,sh.600023,3.53,3.55,3.51,3.52,9436049
2019/5/27,sh.600023,3.53,3.58,3.52,3.56,9154377
2019/5/28,sh.600023,3.59,3.67,3.55,3.67,32649127
2019/5/29,sh.600023,3.63,3.64,3.60,3.61,12038645
2019/5/30,sh.600023,3.60,3.63,3.58,3.62,9137469
2019/5/31,sh.600023,3.63,3.64,3.60,3.63,9775442
2019/6/3,sh.600023,3.63,3.65,3.60,3.63,15515375
2019/6/4,sh.600023,3.62,3.63,3.60,3.63,8704220
2019/6/5,sh.600023,3.63,3.66,3.63,3.63,10799901
2019/6/6,sh.600023,3.63,3.64,3.60,3.60,8160349
2019/6/10,sh.600023,3.60,3.63,3.60,3.62,10826251
2019/6/11,sh.600023,3.62,3.70,3.62,3.69,17689712
2019/6/12,sh.600023,3.69,3.69,3.66,3.67,12898173
2019/6/13,sh.600023,3.66,3.67,3.63,3.64,16606654
2019/6/14,sh.600023,3.63,3.64,3.52,3.53,37823419
2019/6/17,sh.600023,3.55,3.58,3.54,3.56,20784109
2019/6/18,sh.600023,3.56,3.60,3.52,3.53,18104011
2019/6/19,sh.600023,3.57,3.60,3.55,3.56,20452753
2019/6/20,sh.600023,3.56,3.61,3.55,3.60,23584868
2019/6/21,sh.600023,3.61,3.62,3.59,3.60,20421265
2019/6/24,sh.600023,3.61,3.61,3.58,3.61,12040104
2019/6/25,sh.600023,3.60,3.61,3.56,3.57,13150838
2019/6/26,sh.600023,3.57,3.61,3.57,3.60,9954653
2019/6/27,sh.600023,3.60,3.61,3.58,3.58,11700182
2019/6/28,sh.600023,3.59,3.61,3.56,3.58,13533945
2019/7/1,sh.600023,3.61,3.63,3.59,3.63,21028502
2019/7/2,sh.600023,3.61,3.61,3.58,3.60,18342035
2019/7/3,sh.600023,3.61,3.66,3.59,3.65,27449125
2019/7/4,sh.600023,3.64,3.65,3.61,3.63,15029487
2019/7/5,sh.600023,3.62,3.63,3.61,3.61,8485526
2019/7/8,sh.600023,3.61,3.62,3.53,3.54,25107923
2019/7/9,sh.600023,3.54,3.55,3.44,3.48,22321303
2019/7/10,sh.600023,3.47,3.48,3.46,3.47,8295575
2019/7/11,sh.600023,3.47,3.49,3.45,3.47,6494391
2019/7/12,sh.600023,3.47,3.48,3.45,3.47,5327607
2019/7/15,sh.600023,3.46,3.48,3.44,3.48,10931012
2019/7/16,sh.600023,3.48,3.49,3.47,3.48,8578886
2019/7/17,sh.600023,3.49,3.49,3.47,3.48,9760213
2019/7/18,sh.600023,3.48,3.48,3.45,3.45,7162400
2019/7/19,sh.600023,3.47,3.51,3.46,3.47,12622355
2019/7/22,sh.600023,3.48,3.49,3.45,3.46,9380559
2019/7/23,sh.600023,3.47,3.50,3.46,3.48,11571554
2019/7/24,sh.600023,3.49,3.51,3.48,3.49,10817773
2019/7/25,sh.600023,3.48,3.50,3.48,3.50,6349904
2019/7/26,sh.600023,3.49,3.51,3.48,3.49,6640552
2019/7/29,sh.600023,3.49,3.51,3.48,3.50,10129132
2019/7/30,sh.600023,3.49,3.52,3.49,3.51,10610483
2019/7/31,sh.600023,3.51,3.52,3.48,3.50,11271768
2019/8/1,sh.600023,3.49,3.52,3.48,3.49,15318697
2019/8/2,sh.600023,3.48,3.48,3.33,3.38,34089256
2019/8/5,sh.600023,3.36,3.39,3.35,3.36,19511681
2019/8/6,sh.600023,3.32,3.33,3.24,3.26,26031305
2019/8/7,sh.600023,3.27,3.31,3.26,3.27,15718250
2019/8/8,sh.600023,3.28,3.30,3.27,3.28,8544763
2019/8/9,sh.600023,3.29,3.29,3.26,3.27,10563670
2019/8/12,sh.600023,3.27,3.30,3.27,3.30,11337258
2019/8/13,sh.600023,3.28,3.29,3.26,3.29,9815713
2019/8/14,sh.600023,3.31,3.31,3.28,3.28,10758600
2019/8/15,sh.600023,3.25,3.30,3.23,3.27,11707513
2019/8/16,sh.600023,3.27,3.30,3.27,3.27,10873941
2019/8/19,sh.600023,3.28,3.33,3.27,3.33,18769632
2019/8/20,sh.600023,3.32,3.34,3.31,3.31,15053600
2019/8/21,sh.600023,3.31,3.32,3.30,3.31,9814508
2019/8/22,sh.600023,3.32,3.32,3.29,3.31,9866081
2019/8/23,sh.600023,3.30,3.31,3.28,3.29,11563411
2019/8/26,sh.600023,3.25,3.26,3.24,3.26,15475567
2019/8/27,sh.600023,3.27,3.30,3.26,3.29,17777750
2019/8/28,sh.600023,3.28,3.28,3.26,3.27,19908705
2019/8/29,sh.600023,3.27,3.27,3.25,3.26,17537892
2019/8/30,sh.600023,3.26,3.28,3.23,3.24,20606687
2019/9/2,sh.600023,3.23,3.26,3.22,3.26,28416141
2019/9/3,sh.600023,3.25,3.26,3.22,3.23,23868849
2019/9/4,sh.600023,3.22,3.26,3.22,3.26,25025063
2019/9/5,sh.600023,3.26,3.31,3.26,3.29,32448534
2019/9/6,sh.600023,3.29,3.30,3.26,3.28,24049425
2019/9/9,sh.600023,3.30,3.31,3.28,3.30,26319288
2019/9/10,sh.600023,3.30,3.31,3.29,3.31,29834168
2019/9/11,sh.600023,3.31,3.32,3.29,3.30,20300552
2019/9/12,sh.600023,3.31,3.35,3.29,3.32,30504835
2019/9/16,sh.600023,3.33,3.34,3.31,3.31,27340953
2019/9/17,sh.600023,3.30,3.31,3.26,3.26,24193559
2019/9/18,sh.600023,3.26,3.28,3.26,3.26,13560831
2019/9/19,sh.600023,3.27,3.27,3.26,3.27,14967904
2019/9/20,sh.600023,3.26,3.27,3.26,3.26,14496298
2019/9/23,sh.600023,3.25,3.26,3.21,3.22,33969823
2019/9/24,sh.600023,3.22,3.24,3.22,3.22,16647822
2019/9/25,sh.600023,3.21,3.22,3.19,3.20,17253100
2019/9/26,sh.600023,3.21,3.21,3.17,3.18,17966740
2019/9/27,sh.600023,3.18,3.19,3.16,3.18,19110805
2019/9/30,sh.600023,3.18,3.18,3.16,3.16,13823686
2019/10/8,sh.600023,3.16,3.17,3.15,3.15,12194645
2019/10/9,sh.600023,3.15,3.18,3.14,3.17,13203760
2019/10/10,sh.600023,3.17,3.18,3.16,3.18,13641697
2019/10/11,sh.600023,3.18,3.19,3.16,3.18,14903146
2019/10/14,sh.600023,3.19,3.23,3.18,3.20,28235424
2019/10/15,sh.600023,3.20,3.21,3.18,3.19,14035000
2019/10/16,sh.600023,3.20,3.21,3.18,3.18,12209151
2019/10/17,sh.600023,3.18,3.19,3.18,3.18,9609307
2019/10/18,sh.600023,3.18,3.19,3.15,3.15,16919366
2019/10/21,sh.600023,3.15,3.15,3.14,3.15,11231048
2019/10/22,sh.600023,3.14,3.17,3.14,3.16,12872191
2019/10/23,sh.600023,3.17,3.18,3.15,3.18,12566877
2019/10/24,sh.600023,3.18,3.20,3.17,3.18,11189156
2019/10/25,sh.600023,3.19,3.19,3.17,3.18,9130247
2019/10/28,sh.600023,3.18,3.19,3.18,3.18,11425667
2019/10/29,sh.600023,3.19,3.19,3.17,3.17,9525671
2019/10/30,sh.600023,3.16,3.17,3.14,3.15,11339556
2019/10/31,sh.600023,3.15,3.15,3.13,3.14,12771000
2019/11/1,sh.600023,3.13,3.15,3.13,3.15,10722941
2019/11/4,sh.600023,3.15,3.16,3.14,3.15,11287628
2019/11/5,sh.600023,3.15,3.18,3.14,3.17,17957215
2019/11/6,sh.600023,3.17,3.17,3.15,3.16,10807699
2019/11/7,sh.600023,3.16,3.17,3.14,3.15,11199501
2019/11/8,sh.600023,3.16,3.16,3.14,3.15,9367811
2019/11/11,sh.600023,3.14,3.14,3.06,3.08,22342436
2019/11/12,sh.600023,3.08,3.09,3.06,3.07,8578936
2019/11/13,sh.600023,3.07,3.08,3.04,3.04,12219997
2019/11/14,sh.600023,3.04,3.05,3.03,3.04,9763680
2019/11/15,sh.600023,3.04,3.04,3.00,3.01,12096335
2019/11/18,sh.600023,3.01,3.02,2.99,3.02,7921625
2019/11/19,sh.600023,3.01,3.07,3.01,3.05,12816098
2019/11/20,sh.600023,3.05,3.06,3.04,3.04,7360601
2019/11/21,sh.600023,3.04,3.05,3.02,3.05,7882476
2019/11/22,sh.600023,3.04,3.09,3.04,3.08,15438203
2019/11/25,sh.600023,3.07,3.14,3.07,3.14,19391416
2019/11/26,sh.600023,3.13,3.14,3.10,3.11,11504996
2019/11/27,sh.600023,3.11,3.16,3.10,3.13,13947099
2019/11/28,sh.600023,3.14,3.15,3.12,3.13,11040429
2019/11/29,sh.600023,3.14,3.14,3.09,3.12,11780493
2019/12/2,sh.600023,3.12,3.17,3.12,3.16,15834653
2019/12/3,sh.600023,3.16,3.16,3.13,3.14,8216466
2019/12/4,sh.600023,3.14,3.14,3.11,3.12,7728600
2019/12/5,sh.600023,3.12,3.14,3.11,3.12,8270572
2019/12/6,sh.600023,3.12,3.13,3.10,3.12,5991325
2019/12/9,sh.600023,3.11,3.13,3.11,3.12,8177099
2019/12/10,sh.600023,3.11,3.13,3.10,3.12,8668400
2019/12/11,sh.600023,3.12,3.12,3.10,3.11,11548440
2019/12/12,sh.600023,3.12,3.12,3.08,3.10,10244292
2019/12/13,sh.600023,3.10,3.14,3.10,3.12,16417890
2019/12/16,sh.600023,3.13,3.15,3.12,3.14,15264201
2019/12/17,sh.600023,3.14,3.19,3.14,3.18,20357469
2019/12/18,sh.600023,3.18,3.20,3.17,3.18,18884043
2019/12/19,sh.600023,3.18,3.19,3.18,3.18,13490870
2019/12/20,sh.600023,3.18,3.22,3.18,3.20,23183100
2019/12/23,sh.600023,3.20,3.21,3.16,3.16,18757137
2019/12/24,sh.600023,3.17,3.18,3.16,3.18,9286773
2019/12/25,sh.600023,3.18,3.20,3.17,3.18,10363816
2019/12/26,sh.600023,3.18,3.19,3.16,3.18,11428190
2019/12/27,sh.600023,3.18,3.21,3.15,3.19,25722388
2019/12/30,sh.600023,3.18,3.20,3.16,3.19,16288348
2019/12/31,sh.600023,3.18,3.22,3.18,3.21,17105855
2020/1/2,sh.600023,3.22,3.24,3.21,3.22,23319446
2020/1/3,sh.600023,3.23,3.25,3.22,3.22,14196172
2020/1/6,sh.600023,3.21,3.23,3.20,3.22,17354967
2020/1/7,sh.600023,3.22,3.24,3.20,3.24,21710891
2020/1/8,sh.600023,3.22,3.23,3.18,3.18,23626000
2020/1/9,sh.600023,3.20,3.22,3.19,3.20,16191595
2020/1/10,sh.600023,3.20,3.22,3.14,3.18,16095390
2020/1/13,sh.600023,3.18,3.19,3.15,3.18,12016058
2020/1/14,sh.600023,3.18,3.22,3.18,3.21,14986818
2020/1/15,sh.600023,3.21,3.22,3.18,3.18,13242722
2020/1/16,sh.600023,3.19,3.19,3.16,3.17,13522466
2020/1/17,sh.600023,3.18,3.18,3.14,3.15,9460780
2020/1/20,sh.600023,3.14,3.16,3.14,3.15,10984501
2020/1/21,sh.600023,3.15,3.15,3.10,3.11,13075677
2020/1/22,sh.600023,3.11,3.12,3.07,3.10,10231594
2020/1/23,sh.600023,3.09,3.09,3.02,3.04,16775901
2020/2/3,sh.600023,2.79,2.85,2.74,2.74,50283125
2020/2/4,sh.600023,2.75,2.84,2.74,2.81,29266591
2020/2/5,sh.600023,2.81,2.87,2.81,2.86,21385555
2020/2/6,sh.600023,2.87,2.88,2.83,2.86,25651032
2020/2/7,sh.600023,2.86,2.86,2.84,2.85,14076843
2020/2/10,sh.600023,2.84,2.88,2.83,2.87,17918628
2020/2/11,sh.600023,2.87,2.89,2.85,2.88,14924053
2020/2/12,sh.600023,2.88,2.89,2.86,2.88,11267826
2020/2/13,sh.600023,2.88,2.89,2.85,2.86,13599613
2020/2/14,sh.600023,2.85,2.87,2.84,2.86,10394118
2020/2/17,sh.600023,2.86,2.92,2.85,2.91,20207018
2020/2/18,sh.600023,2.91,2.92,2.89,2.91,17731637
2020/2/19,sh.600023,2.90,2.92,2.88,2.88,13693508
2020/2/20,sh.600023,2.89,2.92,2.88,2.92,20247791
2020/2/21,sh.600023,2.92,2.95,2.91,2.92,19308111
2020/2/24,sh.600023,2.92,2.92,2.88,2.90,22972930
2020/2/25,sh.600023,2.87,2.88,2.84,2.86,23170583
2020/2/26,sh.600023,2.84,2.90,2.83,2.88,26441737
2020/2/27,sh.600023,2.87,2.89,2.86,2.87,19257563
2020/2/28,sh.600023,2.84,2.85,2.79,2.80,31498922
2020/3/2,sh.600023,2.80,2.85,2.80,2.85,31135901
2020/3/3,sh.600023,2.87,2.88,2.84,2.86,27834382
2020/3/4,sh.600023,2.84,2.87,2.84,2.87,18402059
2020/3/5,sh.600023,2.88,2.92,2.88,2.92,38437655
2020/3/6,sh.600023,2.90,2.91,2.88,2.89,23783555
2020/3/9,sh.600023,2.87,2.88,2.82,2.83,30337129
2020/3/10,sh.600023,2.80,2.86,2.80,2.85,21671017
2020/3/11,sh.600023,2.86,2.87,2.84,2.84,19496095
2020/3/12,sh.600023,2.82,2.83,2.80,2.81,17940642
2020/3/13,sh.600023,2.74,2.80,2.73,2.79,23901009
2020/3/16,sh.600023,2.79,2.80,2.75,2.75,20881306
2020/3/17,sh.600023,2.75,2.77,2.73,2.76,20304812
2020/3/18,sh.600023,2.77,2.78,2.75,2.75,18254740
2020/3/19,sh.600023,2.74,2.75,2.70,2.72,21379454
2020/3/20,sh.600023,2.74,2.75,2.72,2.75,12057753
2020/3/23,sh.600023,2.71,2.72,2.71,2.71,13131544
2020/3/24,sh.600023,2.72,2.75,2.71,2.75,16589749
2020/3/25,sh.600023,2.79,2.80,2.75,2.78,15326095
2020/3/26,sh.600023,2.77,2.77,2.75,2.75,9295990
2020/3/27,sh.600023,2.77,2.80,2.76,2.77,13931316
2020/3/30,sh.600023,2.74,2.77,2.73,2.75,12640904
2020/3/31,sh.600023,2.76,2.77,2.75,2.75,7630652
2020/4/1,sh.600023,2.75,2.76,2.72,2.72,8907971
2020/4/2,sh.600023,2.72,2.75,2.71,2.75,10462956
2020/4/3,sh.600023,2.75,2.75,2.73,2.73,7276929
2020/4/7,sh.600023,2.75,2.77,2.75,2.76,11182832
2020/4/8,sh.600023,2.75,2.76,2.74,2.75,11465500
2020/4/9,sh.600023,2.76,2.78,2.75,2.76,10208041
2020/4/10,sh.600023,2.77,2.77,2.72,2.74,11185918
2020/4/13,sh.600023,2.74,2.75,2.72,2.74,8179767
2020/4/14,sh.600023,2.74,2.77,2.74,2.76,9792523
2020/4/15,sh.600023,2.75,2.77,2.75,2.76,6876251
2020/4/16,sh.600023,2.75,2.84,2.75,2.83,26049873
2020/4/17,sh.600023,2.81,2.83,2.80,2.80,16961128
2020/4/20,sh.600023,2.80,2.81,2.80,2.80,7659190
2020/4/21,sh.600023,2.80,2.80,2.74,2.76,15185507
2020/4/22,sh.600023,2.75,2.77,2.74,2.76,6884074
2020/4/23,sh.600023,2.77,2.79,2.75,2.75,12514539
2020/4/24,sh.600023,2.75,2.76,2.74,2.75,9276930
2020/4/27,sh.600023,2.75,2.79,2.73,2.78,12804462
2020/4/28,sh.600023,2.80,2.81,2.76,2.78,14972049
2020/4/29,sh.600023,2.78,2.80,2.77,2.80,9633104
2020/4/30,sh.600023,2.80,2.84,2.80,2.83,14475999
2020/5/6,sh.600023,2.81,2.85,2.80,2.84,12493418
2020/5/7,sh.600023,2.84,2.86,2.83,2.84,11350874
2020/5/8,sh.600023,2.85,2.86,2.84,2.84,11874508
2020/5/11,sh.600023,2.84,2.84,2.81,2.82,11959185
2020/5/12,sh.600023,2.82,2.84,2.81,2.82,10301561
2020/5/13,sh.600023,2.82,2.84,2.81,2.84,8982472
2020/5/14,sh.600023,2.82,2.83,2.81,2.82,9142974
2020/5/15,sh.600023,2.83,2.83,2.80,2.81,6456757
2020/5/18,sh.600023,2.82,2.82,2.79,2.80,10384218
2020/5/19,sh.600023,2.81,2.81,2.80,2.80,7373308
2020/5/20,sh.600023,2.80,2.83,2.79,2.82,11495655
2020/5/21,sh.600023,2.82,2.88,2.80,2.87,33807041
2020/5/22,sh.600023,2.87,2.89,2.84,2.85,21096378
2020/5/25,sh.600023,2.85,2.86,2.84,2.86,8873820
2020/5/26,sh.600023,2.85,2.87,2.83,2.84,14202431
2020/5/27,sh.600023,2.84,2.86,2.83,2.86,9868328
2020/5/28,sh.600023,2.86,2.87,2.84,2.85,8153175
2020/5/29,sh.600023,2.85,2.85,2.80,2.81,23949041
2020/6/1,sh.600023,2.81,2.84,2.80,2.84,23175600
2020/6/2,sh.600023,2.83,2.86,2.82,2.84,14647376
2020/6/3,sh.600023,2.84,2.87,2.84,2.85,14561796
2020/6/4,sh.600023,2.86,2.86,2.84,2.84,9203652
2020/6/5,sh.600023,2.84,2.86,2.84,2.85,10352525
2020/6/8,sh.600023,2.86,2.87,2.84,2.85,14885619
2020/6/9,sh.600023,2.85,2.92,2.85,2.91,38956248
2020/6/10,sh.600023,2.91,2.91,2.87,2.88,16986128
2020/6/11,sh.600023,2.88,2.88,2.84,2.86,19211826
2020/6/12,sh.600023,2.84,2.87,2.80,2.82,39161335
2020/6/15,sh.600023,2.82,2.84,2.80,2.81,26182628
2020/6/16,sh.600023,2.82,2.84,2.81,2.83,17683401
2020/6/17,sh.600023,2.83,2.84,2.82,2.84,9809940
2020/6/18,sh.600023,2.84,2.88,2.82,2.87,16923804
2020/6/19,sh.600023,2.86,2.88,2.85,2.88,11780799
2020/6/22,sh.600023,2.87,2.88,2.85,2.86,8415542
2020/6/23,sh.600023,2.86,2.88,2.85,2.87,8007187
2020/6/24,sh.600023,2.87,2.88,2.85,2.86,9520290
2020/6/29,sh.600023,2.85,2.86,2.83,2.83,10524982
2020/6/30,sh.600023,2.84,2.85,2.83,2.84,9976313
2020/7/1,sh.600023,2.86,2.88,2.84,2.88,12942041
2020/7/2,sh.600023,2.88,2.92,2.87,2.91,19835393
2020/7/3,sh.600023,2.92,2.94,2.92,2.94,25620045
2020/7/6,sh.600023,2.95,3.14,2.95,3.11,53959683
2020/7/7,sh.600023,3.16,3.16,3.09,3.09,51256600
2020/7/8,sh.600023,3.08,3.13,3.04,3.12,39192212
2020/7/9,sh.600023,3.11,3.15,3.09,3.15,35323445
2020/7/10,sh.600023,3.14,3.15,3.09,3.10,26112068
2020/7/13,sh.600023,3.10,3.15,3.09,3.15,27930188
2020/7/14,sh.600023,3.16,3.19,3.09,3.13,28566432
2020/7/15,sh.600023,3.13,3.15,3.09,3.09,16445198
2020/7/16,sh.600023,3.09,3.14,3.02,3.03,23734844
2020/7/17,sh.600023,3.03,3.05,3.00,3.02,15444359
2020/7/20,sh.600023,3.03,3.11,3.02,3.11,18816873
2020/7/21,sh.600023,3.11,3.11,3.07,3.09,14440236
2020/7/22,sh.600023,3.09,3.11,3.07,3.07,15498431
2020/7/23,sh.600023,3.06,3.07,3.00,3.07,22889546
2020/7/24,sh.600023,3.05,3.08,3.00,3.01,21373176
2020/7/27,sh.600023,3.01,3.02,2.97,2.99,7567438
2020/7/28,sh.600023,3.01,3.02,2.99,3.00,7409161
2020/7/29,sh.600023,3.00,3.03,2.98,3.02,7496890
2020/7/30,sh.600023,3.02,3.03,3.00,3.01,11109639
2020/7/31,sh.600023,3.00,3.03,2.98,3.02,16042955
2020/8/3,sh.600023,3.02,3.05,3.01,3.04,17383666
2020/8/4,sh.600023,3.03,3.06,3.02,3.03,18427872
2020/8/5,sh.600023,3.03,3.03,3.00,3.02,10499599
2020/8/6,sh.600023,3.03,3.03,3.00,3.02,12433718
2020/8/7,sh.600023,3.02,3.02,2.95,2.98,15457198
2020/8/10,sh.600023,2.98,3.03,2.97,3.02,11792851
2020/8/11,sh.600023,3.01,3.04,2.99,3.00,14592347
2020/8/12,sh.600023,2.99,3.00,2.96,3.00,13004491
2020/8/13,sh.600023,3.00,3.03,2.99,3.03,12880947
2020/8/14,sh.600023,3.03,3.03,3.01,3.03,7870150
2020/8/17,sh.600023,3.03,3.08,3.02,3.08,23564607
2020/8/18,sh.600023,3.07,3.08,3.05,3.07,14988725
2020/8/19,sh.600023,3.06,3.20,3.06,3.12,63216561
2020/8/20,sh.600023,3.12,3.15,3.09,3.10,27257572
2020/8/21,sh.600023,3.10,3.13,3.09,3.10,15210616
2020/8/24,sh.600023,3.10,3.12,3.09,3.09,10053376
2020/8/25,sh.600023,3.10,3.11,3.05,3.08,11649446
2020/8/26,sh.600023,3.14,3.17,3.09,3.11,48056581
2020/8/27,sh.600023,3.12,3.21,3.11,3.19,50340196
2020/8/28,sh.600023,3.18,3.29,3.17,3.26,56723111
2020/8/31,sh.600023,3.29,3.32,3.23,3.25,30344236
2020/9/1,sh.600023,3.24,3.35,3.23,3.32,41939157
2020/9/2,sh.600023,3.33,3.34,3.25,3.30,35439298
2020/9/3,sh.600023,3.34,3.39,3.31,3.34,40603924
2020/9/4,sh.600023,3.32,3.34,3.28,3.32,25157929
2020/9/7,sh.600023,3.32,3.32,3.25,3.26,20435736
2020/9/8,sh.600023,3.25,3.38,3.25,3.37,26010971
2020/9/9,sh.600023,3.34,3.38,3.29,3.31,22234731
2020/9/10,sh.600023,3.36,3.37,3.26,3.28,23377739
2020/9/11,sh.600023,3.29,3.31,3.26,3.26,14573951
2020/9/14,sh.600023,3.29,3.37,3.26,3.30,19765704
2020/9/15,sh.600023,3.32,3.32,3.26,3.30,12431614
2020/9/16,sh.600023,3.31,3.35,3.27,3.28,11950364
2020/9/17,sh.600023,3.27,3.32,3.26,3.30,13482232
2020/9/18,sh.600023,3.30,3.36,3.30,3.35,14858444
2020/9/21,sh.600023,3.35,3.37,3.31,3.31,12430895
2020/9/22,sh.600023,3.31,3.31,3.25,3.26,14061631
2020/9/23,sh.600023,3.26,3.27,3.20,3.21,14221262
2020/9/24,sh.600023,3.21,3.21,3.12,3.16,17618203
2020/9/25,sh.600023,3.15,3.17,3.13,3.15,10334288
2020/9/28,sh.600023,3.14,3.18,3.12,3.15,16229322
2020/9/29,sh.600023,3.15,3.19,3.14,3.18,16541804
2020/9/30,sh.600023,3.17,3.18,3.09,3.10,16194991
2020/10/9,sh.600023,3.13,3.23,3.11,3.21,22439833
2020/10/12,sh.600023,3.20,3.22,3.18,3.21,17232296
2020/10/13,sh.600023,3.21,3.22,3.19,3.21,10520624
2020/10/14,sh.600023,3.21,3.22,3.18,3.21,12765072
2020/10/15,sh.600023,3.20,3.20,3.15,3.16,13966855
2020/10/16,sh.600023,3.17,3.18,3.15,3.17,9011415
2020/10/19,sh.600023,3.17,3.20,3.13,3.15,16208772
2020/10/20,sh.600023,3.14,3.14,3.09,3.12,13168919
2020/10/21,sh.600023,3.11,3.13,3.09,3.11,10141176
2020/10/22,sh.600023,3.11,3.15,3.09,3.14,13620948
2020/10/23,sh.600023,3.13,3.15,3.10,3.11,11513070
2020/10/26,sh.600023,3.11,3.12,3.08,3.09,13882909
2020/10/27,sh.600023,3.08,3.09,3.07,3.09,6781149
2020/10/28,sh.600023,3.08,3.09,3.07,3.09,9598668
2020/10/29,sh.600023,3.07,3.07,3.03,3.06,16258433
2020/10/30,sh.600023,3.09,3.10,3.06,3.07,19609688
2020/11/2,sh.600023,3.07,3.13,3.07,3.11,18931649
2020/11/3,sh.600023,3.13,3.15,3.11,3.12,17123361
2020/11/4,sh.600023,3.12,3.14,3.09,3.12,12267542
2020/11/5,sh.600023,3.13,3.15,3.12,3.15,14038330
2020/11/6,sh.600023,3.15,3.15,3.13,3.15,12679756
2020/11/9,sh.600023,3.15,3.19,3.15,3.17,18540940
2020/11/10,sh.600023,3.18,3.21,3.13,3.15,18249503
2020/11/11,sh.600023,3.15,3.18,3.15,3.16,13341800
2020/11/12,sh.600023,3.16,3.21,3.15,3.19,17505214
2020/11/13,sh.600023,3.18,3.19,3.13,3.15,16400776
2020/11/16,sh.600023,3.16,3.23,3.15,3.23,23293969
2020/11/17,sh.600023,3.23,3.23,3.20,3.21,16630950
2020/11/18,sh.600023,3.22,3.26,3.21,3.22,14252631
2020/11/19,sh.600023,3.22,3.26,3.21,3.22,15537947
2020/11/20,sh.600023,3.24,3.25,3.21,3.24,14783072
2020/11/23,sh.600023,3.24,3.26,3.21,3.25,20503227
2020/11/24,sh.600023,3.24,3.26,3.22,3.23,15854399
2020/11/25,sh.600023,3.24,3.26,3.21,3.21,16909100
2020/11/26,sh.600023,3.22,3.27,3.21,3.26,24519100
2020/11/27,sh.600023,3.25,3.27,3.21,3.24,21648290
2020/11/30,sh.600023,3.24,3.27,3.22,3.22,30202609
2020/12/1,sh.600023,3.21,3.22,3.17,3.20,31371086
2020/12/2,sh.600023,3.19,3.21,3.15,3.17,49330217
2020/12/3,sh.600023,3.16,3.18,3.12,3.14,43300420
2020/12/4,sh.600023,3.15,3.15,3.09,3.12,40855596
2020/12/7,sh.600023,3.12,3.12,3.09,3.09,33334929
2020/12/8,sh.600023,3.09,3.11,3.08,3.10,18335749
2020/12/9,sh.600023,3.10,3.12,3.09,3.09,21047298
2020/12/10,sh.600023,3.09,3.10,3.06,3.09,19906421
2020/12/11,sh.600023,3.09,3.14,3.07,3.14,33160145
2020/12/14,sh.600023,3.11,3.12,3.08,3.09,29993915
2020/12/15,sh.600023,3.09,3.09,3.07,3.09,14489230
2020/12/16,sh.600023,3.09,3.10,3.07,3.09,15955151
2020/12/17,sh.600023,3.09,3.15,3.08,3.15,27385258
2020/12/18,sh.600023,3.16,3.23,3.15,3.20,49633582
2020/12/21,sh.600023,3.18,3.19,3.15,3.17,30675867
2020/12/22,sh.600023,3.16,3.17,3.09,3.10,23620313
2020/12/23,sh.600023,3.10,3.14,3.09,3.13,24651604
2020/12/24,sh.600023,3.13,3.13,3.07,3.08,21639219
2020/12/25,sh.600023,3.08,3.22,3.08,3.10,80218621
2020/12/28,sh.600023,3.12,3.26,3.11,3.21,81215721
2020/12/29,sh.600023,3.21,3.22,3.10,3.11,48617537
2020/12/30,sh.600023,3.10,3.15,3.09,3.11,34508100
2020/12/31,sh.600023,3.11,3.13,3.09,3.10,27655788
2021/1/4,sh.600023,3.10,3.11,3.08,3.09,32684843
2021/1/5,sh.600023,3.09,3.09,3.05,3.07,29142275
2021/1/6,sh.600023,3.07,3.09,3.04,3.09,23829976
2021/1/7,sh.600023,3.08,3.08,3.03,3.04,25953200
2021/1/8,sh.600023,3.03,3.06,3.02,3.06,17954860
2021/1/11,sh.600023,3.06,3.07,3.00,3.02,24534255
2021/1/12,sh.600023,3.02,3.03,3.01,3.02,13116596
2021/1/13,sh.600023,3.02,3.06,3.01,3.06,20596550
2021/1/14,sh.600023,3.04,3.08,3.04,3.07,19723662
2021/1/15,sh.600023,3.07,3.09,3.06,3.08,15245458
2021/1/18,sh.600023,3.08,3.09,3.06,3.07,17012895
2021/1/19,sh.600023,3.07,3.09,3.06,3.08,13538341
2021/1/20,sh.600023,3.08,3.09,3.07,3.07,9208134
2021/1/21,sh.600023,3.07,3.08,3.05,3.06,12924078
2021/1/22,sh.600023,3.07,3.08,3.03,3.03,14649464
2021/1/25,sh.600023,3.03,3.04,3.00,3.02,15376051
2021/1/26,sh.600023,3.01,3.03,3.01,3.03,8811996
2021/1/27,sh.600023,3.02,3.06,3.02,3.05,13179090
2021/1/28,sh.600023,3.04,3.05,3.01,3.02,9665473
2021/1/29,sh.600023,3.02,3.03,2.97,2.99,13921612
2021/2/1,sh.600023,3.00,3.00,2.95,2.97,16871247
2021/2/2,sh.600023,2.96,2.97,2.96,2.97,8915967
2021/2/3,sh.600023,2.97,2.97,2.92,2.92,16553115
2021/2/4,sh.600023,2.91,2.93,2.89,2.91,11121000
2021/2/5,sh.600023,2.91,2.95,2.91,2.93,10766860
2021/2/8,sh.600023,2.94,2.97,2.92,2.94,25128442
2021/2/9,sh.600023,2.94,2.96,2.92,2.94,10461931
2021/2/10,sh.600023,2.95,2.97,2.94,2.97,10443741
2021/2/18,sh.600023,2.98,2.99,2.96,2.97,37091055
2021/2/19,sh.600023,2.97,3.02,2.96,3.01,22909452
2021/2/22,sh.600023,3.02,3.07,3.02,3.04,29502017
2021/2/23,sh.600023,3.03,3.05,3.02,3.03,14521500
2021/2/24,sh.600023,3.03,3.05,3.01,3.03,17570214
2021/2/25,sh.600023,3.03,3.04,3.01,3.03,28573887
2021/2/26,sh.600023,3.02,3.02,2.98,2.99,18956999
2021/3/1,sh.600023,3.00,3.02,2.98,2.99,27589704
2021/3/2,sh.600023,3.00,3.02,2.97,3.00,22894542
2021/3/3,sh.600023,3.00,3.03,2.99,3.00,56122710
2021/3/4,sh.600023,3.00,3.04,2.98,3.03,42260355
2021/3/5,sh.600023,3.03,3.03,3.00,3.03,35922895
2021/3/8,sh.600023,3.04,3.08,3.02,3.04,105928687
2021/3/9,sh.600023,3.03,3.03,2.97,3.00,53501898
2021/3/10,sh.600023,3.01,3.03,2.98,2.99,37620100
2021/3/11,sh.600023,3.00,3.06,2.98,3.05,58921862
2021/3/12,sh.600023,3.04,3.21,3.03,3.14,123421015
2021/3/15,sh.600023,3.11,3.15,3.10,3.15,69689562
2021/3/16,sh.600023,3.14,3.17,3.13,3.16,40781216
2021/3/17,sh.600023,3.16,3.17,3.10,3.11,34044976
2021/3/18,sh.600023,3.10,3.21,3.09,3.16,58434929
2021/3/19,sh.600023,3.14,3.22,3.11,3.19,73454098
2021/3/22,sh.600023,3.21,3.37,3.20,3.32,118488110
2021/3/23,sh.600023,3.32,3.32,3.21,3.24,77102682
2021/3/24,sh.600023,3.23,3.30,3.21,3.26,73703991
2021/3/25,sh.600023,3.23,3.24,3.15,3.15,52643923
2021/3/26,sh.600023,3.16,3.28,3.15,3.16,136591627
2021/3/29,sh.600023,3.17,3.38,3.15,3.29,127201147
2021/3/30,sh.600023,3.26,3.30,3.18,3.27,86172245
2021/3/31,sh.600023,3.26,3.44,3.24,3.39,156120531
2021/4/1,sh.600023,3.35,3.45,3.31,3.39,110085786
2021/4/2,sh.600023,3.36,3.39,3.29,3.32,79172237
2021/4/6,sh.600023,3.32,3.35,3.28,3.31,53433513
2021/4/7,sh.600023,3.29,3.36,3.29,3.32,50092260
2021/4/8,sh.600023,3.30,3.31,3.24,3.24,48056742
2021/4/9,sh.600023,3.24,3.28,3.22,3.25,37322462
2021/4/12,sh.600023,3.24,3.35,3.22,3.26,55079728
2021/4/13,sh.600023,3.26,3.26,3.19,3.21,49312900
2021/4/14,sh.600023,3.20,3.21,3.15,3.20,37380345
2021/4/15,sh.600023,3.19,3.19,3.15,3.15,31900271
2021/4/16,sh.600023,3.16,3.18,3.15,3.18,26441403
2021/4/19,sh.600023,3.18,3.20,3.15,3.18,44137420
2021/4/20,sh.600023,3.17,3.19,3.15,3.16,23970163
2021/4/21,sh.600023,3.15,3.17,3.14,3.17,25355034
2021/4/22,sh.600023,3.16,3.18,3.15,3.16,22034453
2021/4/23,sh.600023,3.15,3.17,3.14,3.14,17143205
2021/4/26,sh.600023,3.14,3.20,3.13,3.15,22594380
2021/4/27,sh.600023,3.15,3.15,3.10,3.13,25216721
2021/4/28,sh.600023,3.15,3.18,3.14,3.15,26925999
2021/4/29,sh.600023,3.15,3.15,3.09,3.09,45018677
2021/4/30,sh.600023,3.09,3.09,3.04,3.06,34053541
2021/5/6,sh.600023,3.05,3.09,3.04,3.09,23472732
2021/5/7,sh.600023,3.09,3.13,3.07,3.12,26986039
2021/5/10,sh.600023,3.13,3.15,3.10,3.12,31907629
2021/5/11,sh.600023,3.12,3.15,3.11,3.13,27731334
2021/5/12,sh.600023,3.12,3.13,3.10,3.12,22251846
2021/5/13,sh.600023,3.10,3.13,3.09,3.10,21017382
2021/5/14,sh.600023,3.11,3.12,3.09,3.10,40069614
2021/5/17,sh.600023,3.10,3.13,3.09,3.10,50828317
2021/5/18,sh.600023,3.10,3.11,3.09,3.10,27249932
2021/5/19,sh.600023,3.10,3.10,3.09,3.09,20628118
2021/5/20,sh.600023,3.09,3.09,3.07,3.08,25446408
2021/5/21,sh.600023,3.09,3.11,3.08,3.10,30519767
2021/5/24,sh.600023,3.09,3.14,3.09,3.10,31264119
2021/5/25,sh.600023,3.09,3.12,3.08,3.11,30670997
2021/5/26,sh.600023,3.11,3.13,3.10,3.11,24455685
2021/5/27,sh.600023,3.11,3.14,3.10,3.11,26211478
2021/5/28,sh.600023,3.11,3.15,3.11,3.13,35543219
2021/5/31,sh.600023,3.13,3.14,3.10,3.12,24087300
2021/6/1,sh.600023,3.11,3.12,3.09,3.10,18476748
2021/6/2,sh.600023,3.10,3.12,3.09,3.11,18959010
2021/6/3,sh.600023,3.11,3.14,3.10,3.12,27141575
2021/6/4,sh.600023,3.11,3.12,3.10,3.11,14508339
2021/6/7,sh.600023,3.10,3.11,3.10,3.10,13554853
2021/6/8,sh.600023,3.10,3.11,3.09,3.10,12014142
2021/6/9,sh.600023,3.11,3.12,3.09,3.10,15283252
2021/6/10,sh.600023,3.10,3.12,3.10,3.11,14186238
2021/6/11,sh.600023,3.13,3.18,3.12,3.13,62012543
2021/6/15,sh.600023,3.14,3.15,3.10,3.10,32539793
2021/6/16,sh.600023,3.10,3.11,3.09,3.09,23126026
2021/6/17,sh.600023,3.09,3.10,3.09,3.09,15025236
2021/6/18,sh.600023,3.09,3.09,3.07,3.08,19423449
2021/6/21,sh.600023,3.08,3.09,3.07,3.09,14596423
2021/6/22,sh.600023,3.09,3.09,3.08,3.09,17382878
2021/6/23,sh.600023,3.08,3.09,3.07,3.09,15853178
2021/6/24,sh.600023,3.09,3.10,3.07,3.09,20706388
2021/6/25,sh.600023,3.09,3.10,3.08,3.09,21115430
2021/6/28,sh.600023,3.12,3.17,3.11,3.14,52156126
2021/6/29,sh.600023,3.12,3.13,3.09,3.10,29514249
2021/6/30,sh.600023,3.11,3.14,3.11,3.14,24077960
2021/7/1,sh.600023,3.14,3.15,3.12,3.12,27758367
2021/7/2,sh.600023,3.12,3.14,3.11,3.13,23222904
2021/7/5,sh.600023,3.14,3.15,3.12,3.13,32531890
2021/7/6,sh.600023,3.13,3.14,3.11,3.12,35581382
2021/7/7,sh.600023,3.12,3.12,3.07,3.09,25990008
2021/7/8,sh.600023,3.10,3.11,3.07,3.08,21022038
2021/7/9,sh.600023,3.08,3.09,3.06,3.07,20548012
2021/7/12,sh.600023,3.08,3.09,3.06,3.07,20331669
2021/7/13,sh.600023,3.06,3.07,3.06,3.07,26227284
2021/7/14,sh.600023,3.07,3.07,3.05,3.06,26465728
2021/7/15,sh.600023,3.06,3.06,3.02,3.03,25065185
2021/7/16,sh.600023,3.03,3.04,3.02,3.02,19054561
2021/7/19,sh.600023,3.02,3.02,2.97,2.98,32534988
2021/7/20,sh.600023,2.97,2.98,2.96,2.96,18893018
2021/7/21,sh.600023,2.96,2.98,2.96,2.97,15201158
2021/7/22,sh.600023,2.97,2.99,2.96,2.98,21837178
2021/7/23,sh.600023,2.98,2.98,2.96,2.96,19380202
2021/7/26,sh.600023,2.96,2.97,2.95,2.96,23185736
2021/7/27,sh.600023,2.96,2.97,2.96,2.96,18839974
2021/7/28,sh.600023,2.96,2.96,2.89,2.94,31064993
2021/7/29,sh.600023,2.94,2.96,2.92,2.94,15529906
2021/7/30,sh.600023,2.94,2.98,2.92,2.97,21114726
2021/8/2,sh.600023,2.97,3.01,2.96,2.97,43266483
2021/8/3,sh.600023,2.97,2.99,2.96,2.98,17518598
2021/8/4,sh.600023,2.97,2.99,2.96,2.97,16604004
2021/8/5,sh.600023,3.05,3.12,3.02,3.05,65893090
2021/8/6,sh.600023,3.04,3.08,3.00,3.04,42961683
2021/8/9,sh.600023,3.04,3.09,3.03,3.05,57984905
2021/8/10,sh.600023,3.05,3.06,3.03,3.04,21757730
2021/8/11,sh.600023,3.03,3.05,3.03,3.03,24828918
2021/8/12,sh.600023,3.04,3.05,3.01,3.02,31256023
2021/8/13,sh.600023,3.01,3.03,3.00,3.00,23115965
2021/8/16,sh.600023,3.01,3.06,3.00,3.04,30683571
2021/8/17,sh.600023,3.04,3.06,3.01,3.02,33750562
2021/8/18,sh.600023,3.01,3.05,3.01,3.04,26613722
2021/8/19,sh.600023,3.03,3.06,3.02,3.06,34757896
2021/8/20,sh.600023,3.05,3.07,3.03,3.05,31797940
2021/8/23,sh.600023,3.05,3.12,3.04,3.08,94670190
2021/8/24,sh.600023,3.09,3.12,3.07,3.08,61964868
2021/8/25,sh.600023,3.08,3.14,3.08,3.13,53547887
2021/8/26,sh.600023,3.12,3.18,3.12,3.16,58439786
2021/8/27,sh.600023,3.16,3.20,3.13,3.16,41057803
2021/8/30,sh.600023,3.14,3.14,3.09,3.11,51054492
2021/8/31,sh.600023,3.11,3.16,3.09,3.15,34386876
2021/9/1,sh.600023,3.17,3.20,3.14,3.17,49834442
2021/9/2,sh.600023,3.17,3.27,3.15,3.27,81623838
2021/9/3,sh.600023,3.28,3.36,3.26,3.33,134667986
2021/9/6,sh.600023,3.37,3.46,3.32,3.33,133094063
2021/9/7,sh.600023,3.34,3.39,3.32,3.34,77769352
2021/9/8,sh.600023,3.35,3.67,3.34,3.67,231634121
2021/9/9,sh.600023,3.74,3.92,3.59,3.85,282568629
2021/9/10,sh.600023,3.76,3.92,3.65,3.65,176442851
2021/9/13,sh.600023,3.65,3.77,3.61,3.73,103935218
2021/9/14,sh.600023,3.73,3.76,3.55,3.56,107915520
2021/9/15,sh.600023,3.56,3.61,3.54,3.58,67008424
2021/9/16,sh.600023,3.58,3.61,3.47,3.47,80137251
2021/9/17,sh.600023,3.47,3.64,3.46,3.58,104148024
2021/9/22,sh.600023,3.56,3.93,3.54,3.81,227990604
2021/9/23,sh.600023,3.86,3.96,3.74,3.80,181007091
2021/9/24,sh.600023,3.76,3.81,3.68,3.71,107323485
2021/9/27,sh.600023,3.81,3.88,3.53,3.60,119108378
2021/9/28,sh.600023,3.56,3.84,3.56,3.82,144405143
2021/9/29,sh.600023,3.77,3.83,3.61,3.63,119069905
2021/9/30,sh.600023,3.64,3.79,3.62,3.74,111657675
2021/10/8,sh.600023,3.76,3.84,3.57,3.59,109325739
2021/10/11,sh.600023,3.66,3.70,3.50,3.58,107226782
2021/10/12,sh.600023,3.54,3.58,3.38,3.46,98433597
2021/10/13,sh.600023,3.43,3.44,3.28,3.31,89162617
2021/10/14,sh.600023,3.28,3.34,3.24,3.29,48235204
2021/10/15,sh.600023,3.28,3.31,3.24,3.24,54720550
2021/10/18,sh.600023,3.23,3.30,3.21,3.27,48976787
2021/10/19,sh.600023,3.26,3.30,3.24,3.28,36261494
2021/10/20,sh.600023,3.31,3.51,3.29,3.45,110619266
2021/10/21,sh.600023,3.46,3.46,3.36,3.38,57183521
2021/10/22,sh.600023,3.36,3.37,3.27,3.29,48057367
2021/10/25,sh.600023,3.28,3.35,3.27,3.32,33984295
2021/10/26,sh.600023,3.31,3.36,3.27,3.29,32256092
2021/10/27,sh.600023,3.29,3.47,3.26,3.42,110563671
2021/10/28,sh.600023,3.43,3.62,3.41,3.47,123870988
2021/10/29,sh.600023,3.43,3.49,3.34,3.44,77599689
2021/11/1,sh.600023,3.42,3.50,3.38,3.45,46464142
2021/11/2,sh.600023,3.46,3.47,3.38,3.40,51818315
2021/11/3,sh.600023,3.39,3.46,3.38,3.43,25533345
2021/11/4,sh.600023,3.42,3.54,3.41,3.51,45937201
2021/11/5,sh.600023,3.48,3.51,3.40,3.40,42040000
2021/11/8,sh.600023,3.40,3.42,3.36,3.36,28646416
2021/11/9,sh.600023,3.38,3.43,3.37,3.39,20663159
2021/11/10,sh.600023,3.36,3.36,3.27,3.31,37856755
2021/11/11,sh.600023,3.31,3.35,3.28,3.29,27724358
2021/11/12,sh.600023,3.29,3.35,3.29,3.31,24487030
2021/11/15,sh.600023,3.31,3.39,3.29,3.39,25709756
2021/11/16,sh.600023,3.39,3.41,3.34,3.35,19972613
2021/11/17,sh.600023,3.35,3.39,3.34,3.37,12986969
2021/11/18,sh.600023,3.37,3.41,3.36,3.37,20241567
2021/11/19,sh.600023,3.37,3.38,3.34,3.36,19101645
2021/11/22,sh.600023,3.36,3.39,3.35,3.36,21699198
2021/11/23,sh.600023,3.36,3.39,3.36,3.38,18221345
2021/11/24,sh.600023,3.38,3.42,3.35,3.37,32738673
2021/11/25,sh.600023,3.37,3.45,3.36,3.38,34494787
2021/11/26,sh.600023,3.36,3.37,3.34,3.35,25213321
2021/11/29,sh.600023,3.31,3.44,3.30,3.42,41579713
2021/11/30,sh.600023,3.41,3.44,3.36,3.37,24245602
2021/12/1,sh.600023,3.37,3.43,3.36,3.42,25230002
2021/12/2,sh.600023,3.41,3.43,3.37,3.38,23084171
2021/12/3,sh.600023,3.38,3.46,3.37,3.46,49286831
2021/12/6,sh.600023,3.46,3.52,3.38,3.40,47081897
2021/12/7,sh.600023,3.41,3.51,3.40,3.50,65625139
2021/12/8,sh.600023,3.50,3.51,3.46,3.50,39642035
2021/12/9,sh.600023,3.49,3.53,3.46,3.50,50260251
2021/12/10,sh.600023,3.50,3.57,3.44,3.44,59465050
2021/12/13,sh.600023,3.46,3.53,3.46,3.52,65735576
2021/12/14,sh.600023,3.51,3.56,3.47,3.55,41960524
2021/12/15,sh.600023,3.53,3.69,3.53,3.66,91788178
2021/12/16,sh.600023,3.65,3.74,3.63,3.70,61396769
2021/12/17,sh.600023,3.70,3.75,3.66,3.67,57715887
2021/12/20,sh.600023,3.66,3.69,3.56,3.59,55222942
2021/12/21,sh.600023,3.59,3.62,3.56,3.61,30695528
2021/12/22,sh.600023,3.62,3.63,3.56,3.58,30457028
2021/12/23,sh.600023,3.58,3.70,3.56,3.69,56926842
2021/12/24,sh.600023,3.69,3.80,3.66,3.71,75629567
2021/12/27,sh.600023,3.71,3.82,3.69,3.76,61278080
2021/12/28,sh.600023,3.76,3.77,3.66,3.67,35829855
2021/12/29,sh.600023,3.66,3.66,3.56,3.57,40151005
2021/12/30,sh.600023,3.58,3.65,3.56,3.61,27190256
2021/12/31,sh.600023,3.61,3.73,3.60,3.67,41744906
2022/1/4,sh.600023,3.68,3.70,3.63,3.64,38098920
2022/1/5,sh.600023,3.64,3.64,3.56,3.57,37208607
2022/1/6,sh.600023,3.56,3.60,3.55,3.57,31704848
2022/1/7,sh.600023,3.57,3.59,3.54,3.55,23777396
2022/1/10,sh.600023,3.46,3.56,3.36,3.51,84580762
2022/1/11,sh.600023,3.50,3.66,3.49,3.55,74371211
2022/1/12,sh.600023,3.54,3.57,3.51,3.52,46098527
2022/1/13,sh.600023,3.53,3.53,3.46,3.46,29494423
2022/1/14,sh.600023,3.46,3.47,3.39,3.39,29743455
2022/1/17,sh.600023,3.39,3.42,3.38,3.40,13850766
2022/1/18,sh.600023,3.39,3.47,3.37,3.44,32965334
2022/1/19,sh.600023,3.43,3.45,3.41,3.43,12655061
2022/1/20,sh.600023,3.44,3.49,3.41,3.46,20580925
2022/1/21,sh.600023,3.45,3.48,3.40,3.41,24356062
2022/1/24,sh.600023,3.39,3.40,3.32,3.32,34125398
2022/1/25,sh.600023,3.32,3.34,3.26,3.27,23843465
2022/1/26,sh.600023,3.27,3.32,3.26,3.27,19079448
2022/1/27,sh.600023,3.27,3.32,3.25,3.27,18151551
2022/1/28,sh.600023,3.27,3.31,3.27,3.29,29031632
2022/2/7,sh.600023,3.33,3.36,3.31,3.35,28282516
2022/2/8,sh.600023,3.35,3.39,3.33,3.38,24131515
2022/2/9,sh.600023,3.38,3.46,3.36,3.44,34479589
2022/2/10,sh.600023,3.44,3.52,3.43,3.49,35130744
2022/2/11,sh.600023,3.51,3.53,3.47,3.48,23099967
2022/2/14,sh.600023,3.48,3.48,3.39,3.40,21456409
2022/2/15,sh.600023,3.40,3.42,3.36,3.37,15983100
2022/2/16,sh.600023,3.39,3.43,3.38,3.40,12343067
2022/2/17,sh.600023,3.41,3.42,3.37,3.38,14958134
2022/2/18,sh.600023,3.38,3.42,3.36,3.38,27653032
2022/2/21,sh.600023,3.37,3.39,3.35,3.38,15536026
2022/2/22,sh.600023,3.37,3.39,3.33,3.36,16852718
2022/2/23,sh.600023,3.35,3.37,3.34,3.36,11556522
2022/2/24,sh.600023,3.37,3.38,3.29,3.32,32648538
2022/2/25,sh.600023,3.33,3.49,3.32,3.44,58952841
2022/2/28,sh.600023,3.43,3.46,3.36,3.39,46194077
2022/3/1,sh.600023,3.39,3.40,3.36,3.36,22852022
2022/3/2,sh.600023,3.36,3.38,3.34,3.36,25771775
2022/3/3,sh.600023,3.36,3.41,3.36,3.40,28431780
2022/3/4,sh.600023,3.40,3.40,3.34,3.36,34168100
2022/3/7,sh.600023,3.36,3.38,3.32,3.33,24110751
2022/3/8,sh.600023,3.32,3.33,3.23,3.24,31823725
2022/3/9,sh.600023,3.25,3.28,3.12,3.19,29477378
2022/3/10,sh.600023,3.23,3.27,3.20,3.22,18240597
2022/3/11,sh.600023,3.20,3.23,3.15,3.21,17872920
2022/3/14,sh.600023,3.19,3.22,3.16,3.16,11969600
2022/3/15,sh.600023,3.15,3.16,3.00,3.01,34965750
2022/3/16,sh.600023,3.04,3.09,2.98,3.08,23137525
2022/3/17,sh.600023,3.10,3.12,3.05,3.06,18168138
2022/3/18,sh.600023,3.05,3.12,3.04,3.11,19514891
2022/3/21,sh.600023,3.12,3.13,3.07,3.09,16039757
2022/3/22,sh.600023,3.09,3.15,3.07,3.12,17269030
2022/3/23,sh.600023,3.12,3.16,3.12,3.14,16844234
2022/3/24,sh.600023,3.12,3.13,3.08,3.09,11102896
2022/3/25,sh.600023,3.09,3.09,3.06,3.07,9915034
2022/3/28,sh.600023,3.06,3.10,3.04,3.08,13803026
2022/3/29,sh.600023,3.09,3.10,3.06,3.07,10224400
2022/3/30,sh.600023,3.08,3.11,3.07,3.09,11359271
2022/3/31,sh.600023,3.08,3.10,3.07,3.08,13000190
2022/4/1,sh.600023,3.07,3.11,3.06,3.10,12048669
2022/4/6,sh.600023,3.10,3.17,3.09,3.16,27139429
2022/4/7,sh.600023,3.16,3.17,3.13,3.13,16087063
2022/4/8,sh.600023,3.13,3.16,3.12,3.15,13951053
2022/4/11,sh.600023,3.15,3.18,3.13,3.13,25171040
2022/4/12,sh.600023,3.13,3.15,3.06,3.14,20152700
2022/4/13,sh.600023,3.13,3.14,3.10,3.11,15951289
2022/4/14,sh.600023,3.12,3.13,3.08,3.10,12368838
2022/4/15,sh.600023,3.10,3.14,3.07,3.12,17616630
2022/4/18,sh.600023,3.10,3.12,3.06,3.11,14857537
2022/4/19,sh.600023,3.11,3.16,3.10,3.15,16219100
2022/4/20,sh.600023,3.16,3.16,3.10,3.12,16533175
2022/4/21,sh.600023,3.15,3.15,3.03,3.06,22212784
2022/4/22,sh.600023,3.04,3.13,3.00,3.11,25999134
2022/4/25,sh.600023,3.07,3.10,2.96,2.96,27558287
2022/4/26,sh.600023,2.96,3.01,2.90,2.90,28018941
2022/4/27,sh.600023,2.90,2.99,2.88,2.99,19117922
2022/4/28,sh.600023,2.99,3.18,2.96,3.10,44422725
2022/4/29,sh.600023,3.12,3.20,3.10,3.12,35579205
2022/5/5,sh.600023,3.11,3.14,3.09,3.12,16124281
2022/5/6,sh.600023,3.06,3.11,3.06,3.10,15723483
2022/5/9,sh.600023,3.09,3.14,3.08,3.14,16269637
2022/5/10,sh.600023,3.12,3.18,3.09,3.17,23354331
2022/5/11,sh.600023,3.16,3.19,3.14,3.15,21559951
2022/5/12,sh.600023,3.16,3.21,3.12,3.16,19413795
2022/5/13,sh.600023,3.17,3.20,3.16,3.19,16692602
2022/5/16,sh.600023,3.18,3.19,3.15,3.17,15792592
2022/5/17,sh.600023,3.17,3.18,3.11,3.13,13998955
2022/5/18,sh.600023,3.13,3.16,3.11,3.14,14158857
2022/5/19,sh.600023,3.10,3.11,3.05,3.10,24369874
2022/5/20,sh.600023,3.10,3.13,3.08,3.11,18500557
2022/5/23,sh.600023,3.12,3.12,3.08,3.10,13755008
2022/5/24,sh.600023,3.10,3.12,3.02,3.03,17832232
2022/5/25,sh.600023,3.03,3.09,3.01,3.09,16125088
2022/5/26,sh.600023,3.08,3.15,3.07,3.11,18230193
2022/5/27,sh.600023,3.10,3.12,3.07,3.10,17871399
2022/5/30,sh.600023,3.12,3.19,3.10,3.18,37511129
2022/5/31,sh.600023,3.19,3.21,3.16,3.18,18494087
2022/6/1,sh.600023,3.17,3.18,3.11,3.15,26982522
2022/6/2,sh.600023,3.13,3.16,3.11,3.14,14223300
2022/6/6,sh.600023,3.13,3.14,3.11,3.13,17610904
2022/6/7,sh.600023,3.13,3.15,3.09,3.11,20459000
2022/6/8,sh.600023,3.15,3.42,3.15,3.36,164838701
2022/6/9,sh.600023,3.30,3.33,3.20,3.20,100519461
2022/6/10,sh.600023,3.18,3.25,3.16,3.21,51740107
2022/6/13,sh.600023,3.20,3.21,3.12,3.15,46457445
2022/6/14,sh.600023,3.13,3.19,3.10,3.19,41130557
2022/6/15,sh.600023,3.18,3.22,3.16,3.17,35981327
2022/6/16,sh.600023,3.17,3.18,3.13,3.14,31617540
2022/6/17,sh.600023,3.12,3.16,3.11,3.15,25640026
2022/6/20,sh.600023,3.15,3.23,3.12,3.21,46798382
2022/6/21,sh.600023,3.21,3.26,3.20,3.23,39958424
2022/6/22,sh.600023,3.23,3.24,3.16,3.16,24022469
2022/6/23,sh.600023,3.16,3.18,3.13,3.18,17876251
2022/6/24,sh.600023,3.18,3.19,3.15,3.19,23349355
2022/6/27,sh.600023,3.19,3.21,3.16,3.18,22842883
2022/6/28,sh.600023,3.19,3.22,3.18,3.20,23145598
2022/6/29,sh.600023,3.20,3.20,3.16,3.16,22015129
2022/6/30,sh.600023,3.17,3.19,3.16,3.16,25957222
2022/7/1,sh.600023,3.16,3.21,3.16,3.18,33613532
2022/7/4,sh.600023,3.17,3.36,3.16,3.28,72416004
2022/7/5,sh.600023,3.29,3.36,3.26,3.31,64352861
2022/7/6,sh.600023,3.30,3.36,3.26,3.30,41390904
2022/7/7,sh.600023,3.34,3.43,3.32,3.37,62221544
2022/7/8,sh.600023,3.37,3.46,3.35,3.43,55503280
2022/7/11,sh.600023,3.46,3.58,3.44,3.46,90046069
2022/7/12,sh.600023,3.46,3.51,3.40,3.48,63320088
2022/7/13,sh.600023,3.47,3.52,3.44,3.51,51224812
2022/7/14,sh.600023,3.45,3.46,3.34,3.36,71533055
2022/7/15,sh.600023,3.34,3.38,3.28,3.28,48099351
2022/7/18,sh.600023,3.30,3.42,3.29,3.39,55222247
2022/7/19,sh.600023,3.41,3.43,3.31,3.33,37930412
2022/7/20,sh.600023,3.35,3.35,3.27,3.30,34818239
2022/7/21,sh.600023,3.30,3.30,3.25,3.25,30630202
2022/7/22,sh.600023,3.25,3.28,3.23,3.26,23344600
2022/7/25,sh.600023,3.26,3.26,3.18,3.19,28506087
2022/7/26,sh.600023,3.20,3.20,3.16,3.17,24786938
2022/7/27,sh.600023,3.16,3.21,3.16,3.18,21296336
2022/7/28,sh.600023,3.18,3.20,3.16,3.17,23535627
2022/7/29,sh.600023,3.17,3.21,3.16,3.16,24435293
2022/8/1,sh.600023,3.16,3.16,3.11,3.14,33276466
2022/8/2,sh.600023,3.12,3.12,3.03,3.08,36518937
2022/8/3,sh.600023,3.07,3.11,3.05,3.05,20424025
2022/8/4,sh.600023,3.06,3.08,3.05,3.07,14154530
2022/8/5,sh.600023,3.07,3.12,3.06,3.11,16224026
2022/8/8,sh.600023,3.11,3.24,3.09,3.19,44398581
2022/8/9,sh.600023,3.20,3.20,3.16,3.16,13119221
2022/8/10,sh.600023,3.16,3.16,3.13,3.15,11853400
2022/8/11,sh.600023,3.15,3.19,3.15,3.18,14918643
2022/8/12,sh.600023,3.18,3.23,3.16,3.21,22130527
2022/8/15,sh.600023,3.21,3.26,3.19,3.26,31895099
2022/8/16,sh.600023,3.26,3.30,3.24,3.28,29293530
2022/8/17,sh.600023,3.30,3.33,3.28,3.31,30869723
2022/8/18,sh.600023,3.31,3.33,3.26,3.28,34310100
2022/8/19,sh.600023,3.27,3.38,3.26,3.35,59731373
2022/8/22,sh.600023,3.36,3.38,3.31,3.34,38305861
2022/8/23,sh.600023,3.32,3.37,3.29,3.36,32232051
2022/8/24,sh.600023,3.36,3.36,3.26,3.26,28655278
2022/8/25,sh.600023,3.28,3.31,3.24,3.29,23668655
2022/8/26,sh.600023,3.29,3.38,3.26,3.32,32032750
2022/8/29,sh.600023,3.30,3.30,3.26,3.27,23659277
2022/8/30,sh.600023,3.28,3.31,3.26,3.28,21608312
2022/8/31,sh.600023,3.26,3.27,3.20,3.20,22266773
2022/9/1,sh.600023,3.21,3.23,3.16,3.17,21087104
2022/9/2,sh.600023,3.16,3.24,3.16,3.24,24384173
2022/9/5,sh.600023,3.23,3.29,3.22,3.28,23335612
2022/9/6,sh.600023,3.28,3.37,3.27,3.36,34723417
2022/9/7,sh.600023,3.36,3.50,3.34,3.43,66098210
2022/9/8,sh.600023,3.46,3.57,3.44,3.47,80590653
2022/9/9,sh.600023,3.46,3.48,3.40,3.43,43275009
2022/9/13,sh.600023,3.44,3.45,3.34,3.36,33899057
2022/9/14,sh.600023,3.34,3.35,3.23,3.26,50236984
2022/9/15,sh.600023,3.27,3.28,3.19,3.22,30430300
2022/9/16,sh.600023,3.22,3.23,3.10,3.11,48568500
2022/9/19,sh.600023,3.02,3.08,2.81,2.91,120804526
2022/9/20,sh.600023,2.92,2.95,2.89,2.89,36769326
2022/9/21,sh.600023,2.89,3.01,2.87,2.97,42793011
2022/9/22,sh.600023,2.96,2.98,2.94,2.96,22978319
2022/9/23,sh.600023,2.96,3.05,2.96,2.98,35942982
2022/9/26,sh.600023,2.97,2.97,2.86,2.87,40031955
2022/9/27,sh.600023,2.87,2.92,2.86,2.91,25636814
2022/9/28,sh.600023,2.90,2.93,2.87,2.89,20977899
2022/9/29,sh.600023,2.90,2.91,2.83,2.86,23657474
2022/9/30,sh.600023,2.86,2.90,2.86,2.88,15575659
2022/10/10,sh.600023,2.89,2.92,2.86,2.89,15651475
2022/10/11,sh.600023,2.88,2.97,2.87,2.96,28243636
2022/10/12,sh.600023,2.96,2.97,2.89,2.97,20350589
2022/10/13,sh.600023,2.96,3.10,2.96,3.08,45987811
2022/10/14,sh.600023,3.09,3.10,3.06,3.07,24600346
2022/10/17,sh.600023,3.07,3.10,3.01,3.09,19316962
2022/10/18,sh.600023,3.09,3.10,3.05,3.06,15990150
2022/10/19,sh.600023,3.05,3.05,2.98,3.00,23475041
2022/10/20,sh.600023,2.99,3.08,2.98,3.06,23998146
2022/10/21,sh.600023,3.04,3.09,3.04,3.05,18921781
2022/10/24,sh.600023,3.05,3.12,3.03,3.08,46491859
2022/10/25,sh.600023,3.07,3.12,3.05,3.09,18809702
2022/10/26,sh.600023,3.09,3.10,3.06,3.08,15090865
2022/10/27,sh.600023,3.09,3.09,3.02,3.04,16402386
2022/10/28,sh.600023,3.05,3.06,2.96,2.97,19387135
2022/10/31,sh.600023,2.97,3.04,2.97,3.04,17410336
2022/11/1,sh.600023,3.04,3.09,3.03,3.08,13857630
2022/11/2,sh.600023,3.08,3.08,3.05,3.07,18295140
2022/11/3,sh.600023,3.06,3.06,3.04,3.06,8766925
2022/11/4,sh.600023,3.06,3.10,3.06,3.09,17399490
2022/11/7,sh.600023,3.08,3.15,3.07,3.13,21639019
2022/11/8,sh.600023,3.13,3.15,3.09,3.14,17739740
2022/11/9,sh.600023,3.12,3.14,3.11,3.12,10075501
2022/11/10,sh.600023,3.12,3.16,3.08,3.13,14393200
2022/11/11,sh.600023,3.21,3.24,3.14,3.15,20363770
2022/11/14,sh.600023,3.15,3.16,3.09,3.10,15965764
2022/11/15,sh.600023,3.11,3.13,3.09,3.13,13290947
2022/11/16,sh.600023,3.13,3.18,3.12,3.15,18294627
2022/11/17,sh.600023,3.14,3.16,3.12,3.12,12301182
2022/11/18,sh.600023,3.14,3.18,3.12,3.16,23372108
2022/11/21,sh.600023,3.16,3.21,3.14,3.20,25567260
2022/11/22,sh.600023,3.20,3.22,3.17,3.19,13788929
2022/11/23,sh.600023,3.19,3.22,3.18,3.21,14242142
2022/11/24,sh.600023,3.21,3.27,3.20,3.26,28382511
2022/11/25,sh.600023,3.25,3.26,3.22,3.25,17201500
2022/11/28,sh.600023,3.22,3.26,3.19,3.25,21566692
2022/11/29,sh.600023,3.26,3.27,3.23,3.25,29792351
2022/11/30,sh.600023,3.24,3.26,3.19,3.21,35249471
2022/12/1,sh.600023,3.22,3.25,3.19,3.20,25428017
2022/12/2,sh.600023,3.19,3.21,3.16,3.17,25392790
2022/12/5,sh.600023,3.18,3.25,3.18,3.25,30029267
2022/12/6,sh.600023,3.25,3.25,3.16,3.17,29009968
2022/12/7,sh.600023,3.16,3.19,3.13,3.17,30928150
2022/12/8,sh.600023,3.17,3.17,3.14,3.15,29775033
2022/12/9,sh.600023,3.16,3.21,3.13,3.21,48983557
2022/12/12,sh.600023,3.18,3.19,3.04,3.06,74076618
2022/12/13,sh.600023,3.06,3.08,3.05,3.08,24372937
2022/12/14,sh.600023,3.08,3.08,3.05,3.06,14658076
2022/12/15,sh.600023,3.06,3.06,3.04,3.05,12996800
2022/12/16,sh.600023,3.04,3.09,3.04,3.06,26857603
2022/12/19,sh.600023,3.06,3.08,2.99,3.00,18925694
2022/12/20,sh.600023,3.00,3.03,2.98,3.02,11564594
2022/12/21,sh.600023,3.02,3.06,3.01,3.03,12800081
2022/12/22,sh.600023,3.03,3.05,2.98,2.99,14383834
2022/12/23,sh.600023,2.98,3.06,2.98,3.01,14911352
2022/12/26,sh.600023,3.01,3.02,2.96,3.00,26089660
2022/12/27,sh.600023,3.00,3.05,2.99,3.04,20954764
2022/12/28,sh.600023,3.02,3.12,3.01,3.09,30430438
2022/12/29,sh.600023,3.08,3.10,3.06,3.08,14646293
2022/12/30,sh.600023,3.08,3.20,3.07,3.17,43864327
2023/1/3,sh.600023,3.17,3.25,3.16,3.23,39556379
2023/1/4,sh.600023,3.23,3.30,3.20,3.23,35678434
2023/1/5,sh.600023,3.24,3.28,3.21,3.26,29698334
2023/1/6,sh.600023,3.26,3.28,3.23,3.26,23177524
2023/1/9,sh.600023,3.26,3.30,3.22,3.28,34825352
2023/1/10,sh.600023,3.28,3.28,3.21,3.22,17764243
2023/1/11,sh.600023,3.23,3.24,3.18,3.19,13809206
2023/1/12,sh.600023,3.20,3.21,3.16,3.20,14177300
2023/1/13,sh.600023,3.19,3.21,3.16,3.19,25854385
2023/1/16,sh.600023,3.19,3.21,3.16,3.19,18659052
2023/1/17,sh.600023,3.19,3.20,3.16,3.18,10316000
2023/1/18,sh.600023,3.18,3.19,3.16,3.17,16113951
2023/1/19,sh.600023,3.17,3.18,3.16,3.18,11738295
2023/1/20,sh.600023,3.17,3.30,3.17,3.27,38756140
2023/1/30,sh.600023,3.25,3.27,3.18,3.25,60074465
2023/1/31,sh.600023,3.23,3.25,3.20,3.22,44616769
2023/2/1,sh.600023,3.22,3.23,3.19,3.21,25469088
2023/2/2,sh.600023,3.20,3.29,3.18,3.27,42834219
2023/2/3,sh.600023,3.26,3.27,3.23,3.26,20130814
2023/2/6,sh.600023,3.26,3.27,3.24,3.26,10591988
2023/2/7,sh.600023,3.27,3.38,3.26,3.37,49736680
2023/2/8,sh.600023,3.36,3.41,3.31,3.34,37026795
2023/2/9,sh.600023,3.33,3.34,3.29,3.33,20367001
2023/2/10,sh.600023,3.32,3.41,3.31,3.40,36949408
2023/2/13,sh.600023,3.40,3.48,3.38,3.46,67024306
2023/2/14,sh.600023,3.45,3.48,3.42,3.45,28074809
2023/2/15,sh.600023,3.46,3.46,3.41,3.43,18609482
2023/2/16,sh.600023,3.42,3.46,3.34,3.36,25555306
2023/2/17,sh.600023,3.37,3.39,3.34,3.36,25301718
2023/2/20,sh.600023,3.36,3.43,3.34,3.40,18460778
2023/2/21,sh.600023,3.41,3.45,3.39,3.44,16877243
2023/2/22,sh.600023,3.45,3.46,3.38,3.40,16179223
2023/2/23,sh.600023,3.40,3.41,3.33,3.40,24396020
2023/2/24,sh.600023,3.40,3.42,3.36,3.40,15569575
2023/2/27,sh.600023,3.40,3.40,3.35,3.38,20109600
2023/2/28,sh.600023,3.38,3.46,3.36,3.43,19191580
2023/3/1,sh.600023,3.45,3.46,3.42,3.44,16257306
2023/3/2,sh.600023,3.44,3.47,3.41,3.46,22902307
2023/3/3,sh.600023,3.46,3.53,3.45,3.52,37102530
2023/3/6,sh.600023,3.53,3.61,3.51,3.59,37155919
2023/3/7,sh.600023,3.59,3.64,3.53,3.54,41615348
2023/3/8,sh.600023,3.54,3.56,3.49,3.52,24355385
2023/3/9,sh.600023,3.53,3.54,3.47,3.50,13970752
2023/3/10,sh.600023,3.48,3.49,3.44,3.47,19904200
2023/3/13,sh.600023,3.46,3.51,3.46,3.47,14466200
2023/3/14,sh.600023,3.47,3.51,3.41,3.44,30663736
2023/3/15,sh.600023,3.46,3.53,3.37,3.51,33396436
2023/3/16,sh.600023,3.51,3.63,3.43,3.56,66722618
2023/3/17,sh.600023,3.57,3.63,3.53,3.57,47398356
2023/3/20,sh.600023,3.57,3.61,3.49,3.49,26153134
2023/3/21,sh.600023,3.50,3.53,3.47,3.49,19286782
2023/3/22,sh.600023,3.51,3.51,3.43,3.46,27488275
2023/3/23,sh.600023,3.45,3.46,3.41,3.42,20490242
2023/3/24,sh.600023,3.44,3.45,3.38,3.39,17820505
2023/3/27,sh.600023,3.40,3.41,3.30,3.31,40357361
2023/3/28,sh.600023,3.33,3.34,3.27,3.28,21419356
2023/3/29,sh.600023,3.28,3.31,3.27,3.29,28449937
2023/3/30,sh.600023,3.29,3.35,3.27,3.28,28828531
2023/3/31,sh.600023,3.28,3.31,3.26,3.26,19182401
2023/4/3,sh.600023,3.26,3.28,3.24,3.26,28252368
2023/4/4,sh.600023,3.27,3.36,3.26,3.29,81917233
2023/4/6,sh.600023,3.28,3.29,3.25,3.27,23061270
2023/4/7,sh.600023,3.26,3.28,3.24,3.25,27394389
2023/4/10,sh.600023,3.24,3.44,3.24,3.42,117622453
2023/4/11,sh.600023,3.41,3.44,3.36,3.39,40859704
2023/4/12,sh.600023,3.38,3.42,3.35,3.37,32531956
2023/4/13,sh.600023,3.36,3.54,3.36,3.51,54685982
2023/4/14,sh.600023,3.58,3.86,3.58,3.86,176107127
2023/4/17,sh.600023,3.91,3.96,3.82,3.87,154782863
2023/4/18,sh.600023,3.86,3.91,3.76,3.79,83132908
2023/4/19,sh.600023,3.79,3.86,3.77,3.82,55469333
2023/4/20,sh.600023,3.84,3.97,3.79,3.95,74371267
2023/4/21,sh.600023,3.94,3.99,3.85,3.86,52601221
2023/4/24,sh.600023,3.87,3.96,3.84,3.91,51341112
2023/4/25,sh.600023,3.91,4.06,3.85,3.91,62671367
2023/4/26,sh.600023,3.95,4.16,3.93,4.08,110551578
2023/4/27,sh.600023,4.05,4.09,3.95,4.08,80296060
2023/4/28,sh.600023,4.00,4.12,3.98,4.08,86567260
2023/5/4,sh.600023,4.08,4.32,4.06,4.26,110846503
2023/5/5,sh.600023,4.30,4.40,4.23,4.35,90713809
2023/5/8,sh.600023,4.33,4.50,4.24,4.30,117240717
2023/5/9,sh.600023,4.32,4.45,4.25,4.27,100930905
2023/5/10,sh.600023,4.27,4.28,4.15,4.18,75953073
2023/5/11,sh.600023,4.19,4.34,4.17,4.26,56782829
2023/5/12,sh.600023,4.27,4.61,4.26,4.38,104997328
2023/5/15,sh.600023,4.46,4.56,4.25,4.33,160936410
2023/5/16,sh.600023,4.32,4.41,4.26,4.35,72131118
2023/5/17,sh.600023,4.30,4.39,4.24,4.36,51000477
2023/5/18,sh.600023,4.36,4.46,4.33,4.39,51960611
2023/5/19,sh.600023,4.40,4.42,4.29,4.34,35992323
2023/5/22,sh.600023,4.33,4.62,4.33,4.42,93765694
2023/5/23,sh.600023,4.42,4.45,4.28,4.30,52056886
2023/5/24,sh.600023,4.28,4.37,4.27,4.29,38814143
2023/5/25,sh.600023,4.28,4.41,4.25,4.32,39638398
2023/5/26,sh.600023,4.36,4.59,4.36,4.53,94026710
2023/5/29,sh.600023,4.53,4.76,4.53,4.71,112934923
2023/5/30,sh.600023,4.67,4.68,4.55,4.65,73701942
2023/5/31,sh.600023,4.62,4.73,4.60,4.73,116831234
2023/6/1,sh.600023,4.68,4.71,4.41,4.48,156651342
2023/6/2,sh.600023,4.47,4.56,4.42,4.49,65107783
2023/6/5,sh.600023,4.55,4.79,4.51,4.71,97986758
2023/6/6,sh.600023,4.73,4.76,4.46,4.49,81889858
2023/6/7,sh.600023,4.51,4.58,4.44,4.52,39037550
2023/6/8,sh.600023,4.49,4.60,4.48,4.58,36446700
2023/6/9,sh.600023,4.59,4.76,4.55,4.71,57532543
2023/6/12,sh.600023,4.70,4.76,4.52,4.55,61485569
2023/6/13,sh.600023,4.56,4.59,4.50,4.55,27361798
2023/6/14,sh.600023,4.55,4.56,4.23,4.31,130179141
2023/6/15,sh.600023,4.32,4.43,4.26,4.42,69092398
2023/6/16,sh.600023,4.40,4.40,4.26,4.31,53846793
2023/6/19,sh.600023,4.32,4.38,4.26,4.34,48397401
2023/6/20,sh.600023,4.34,4.40,4.28,4.33,36996162
2023/6/21,sh.600023,4.34,4.62,4.31,4.50,80190885
2023/6/26,sh.600023,4.55,4.84,4.51,4.70,127773926
2023/6/27,sh.600023,4.66,4.72,4.47,4.66,98062386
2023/6/28,sh.600023,4.64,4.76,4.61,4.73,71686466
2023/6/29,sh.600023,4.76,4.76,4.65,4.68,52164990
2023/6/30,sh.600023,4.67,4.72,4.59,4.61,40686586
2023/7/3,sh.600023,4.64,4.74,4.58,4.67,57772991
2023/7/4,sh.600023,4.71,4.72,4.60,4.62,37170744
2023/7/5,sh.600023,4.62,4.67,4.58,4.61,32770811
2023/7/6,sh.600023,4.58,4.66,4.58,4.63,26273523
2023/7/7,sh.600023,4.60,4.68,4.58,4.67,33681999
2023/7/10,sh.600023,4.75,4.83,4.67,4.76,68499825
2023/7/11,sh.600023,4.73,4.76,4.58,4.63,47460132
2023/7/12,sh.600023,4.64,4.65,4.56,4.58,37274900
2023/7/13,sh.600023,4.59,4.65,4.57,4.63,34463810
2023/7/14,sh.600023,4.61,4.64,4.49,4.53,64763202
2023/7/17,sh.600023,4.58,4.65,4.51,4.52,46275756
2023/7/18,sh.600023,4.53,4.54,4.46,4.48,37973319
2023/7/19,sh.600023,4.49,4.50,4.40,4.46,45876121
2023/7/20,sh.600023,4.46,4.46,4.35,4.36,25679122
2023/7/21,sh.600023,4.36,4.47,4.34,4.47,31707776
2023/7/24,sh.600023,4.46,4.61,4.36,4.58,46272078
2023/7/25,sh.600023,4.58,4.60,4.30,4.35,100853645
2023/7/26,sh.600023,4.32,4.35,4.26,4.31,46454140
2023/7/27,sh.600023,4.31,4.45,4.27,4.35,55463217
2023/7/28,sh.600023,4.36,4.39,4.29,4.35,35662113
2023/7/31,sh.600023,4.36,4.41,4.30,4.38,42294981
2023/8/1,sh.600023,4.37,4.61,4.36,4.59,82813949
2023/8/2,sh.600023,4.56,4.58,4.41,4.48,49624553
2023/8/3,sh.600023,4.46,4.49,4.41,4.47,29132960
2023/8/4,sh.600023,4.45,4.49,4.36,4.37,49803323
2023/8/7,sh.600023,4.36,4.39,4.33,4.38,28607847
2023/8/8,sh.600023,4.35,4.45,4.35,4.37,23717781
2023/8/9,sh.600023,4.37,4.37,4.26,4.27,36261152
2023/8/10,sh.600023,4.27,4.31,4.25,4.26,20433953
2023/8/11,sh.600023,4.26,4.30,4.19,4.21,34674201
2023/8/14,sh.600023,4.19,4.35,4.14,4.32,47652404
2023/8/15,sh.600023,4.32,4.45,4.30,4.40,56196834
2023/8/16,sh.600023,4.39,4.39,4.28,4.35,28488400
2023/8/17,sh.600023,4.35,4.36,4.22,4.27,29896649
2023/8/18,sh.600023,4.27,4.36,4.26,4.28,26798627
2023/8/21,sh.600023,4.25,4.29,4.21,4.21,23805676
2023/8/22,sh.600023,4.24,4.25,4.14,4.20,30672915
2023/8/23,sh.600023,4.21,4.22,4.12,4.13,26270588
2023/8/24,sh.600023,4.13,4.17,4.05,4.06,33982909
2023/8/25,sh.600023,4.05,4.24,4.04,4.15,38882122
2023/8/28,sh.600023,4.34,4.35,4.02,4.05,66775900
2023/8/29,sh.600023,4.05,4.08,4.03,4.06,36897178
2023/8/30,sh.600023,4.07,4.16,3.97,4.00,58322680
2023/8/31,sh.600023,3.99,4.05,3.98,4.01,40833947
2023/9/1,sh.600023,4.00,4.04,3.95,3.98,36607124
2023/9/4,sh.600023,3.97,4.00,3.89,3.99,53951618
2023/9/5,sh.600023,3.96,4.06,3.95,4.01,47291559
2023/9/6,sh.600023,4.01,4.03,3.95,3.96,33653181
2023/9/7,sh.600023,3.96,3.98,3.90,3.90,43216777
2023/9/8,sh.600023,3.90,4.08,3.89,4.06,78262788
2023/9/11,sh.600023,4.05,4.08,3.96,3.97,48406380
2023/9/12,sh.600023,3.99,4.09,3.96,4.04,44639624
2023/9/13,sh.600023,4.02,4.10,4.01,4.07,41660766
2023/9/14,sh.600023,4.07,4.14,4.05,4.08,39910765
2023/9/15,sh.600023,4.09,4.09,3.99,4.04,53130768
2023/9/18,sh.600023,4.01,4.02,3.90,3.95,48822822
2023/9/19,sh.600023,3.95,3.99,3.92,3.98,38585090
2023/9/20,sh.600023,4.00,4.02,3.94,3.95,31819769
2023/9/21,sh.600023,3.96,4.06,3.96,4.00,48240085
2023/9/22,sh.600023,4.03,4.07,3.91,3.94,55336636
2023/9/25,sh.600023,3.94,3.99,3.90,3.94,46563975
2023/9/26,sh.600023,3.94,3.98,3.90,3.91,29500601
2023/9/27,sh.600023,3.93,3.94,3.86,3.86,36959038
2023/9/28,sh.600023,3.86,3.89,3.86,3.86,22680136
2023/10/9,sh.600023,3.85,3.90,3.84,3.88,26792404
2023/10/10,sh.600023,3.87,3.89,3.80,3.83,32072480
2023/10/11,sh.600023,3.81,3.90,3.80,3.81,38752972
2023/10/12,sh.600023,3.81,3.86,3.80,3.84,19098016
2023/10/13,sh.600023,4.06,4.14,3.88,3.90,142835471
2023/10/16,sh.600023,3.90,3.95,3.83,3.84,78559903
2023/10/17,sh.600023,3.86,3.98,3.84,3.95,59343583
2023/10/18,sh.600023,3.93,3.96,3.81,3.81,54859174
2023/10/19,sh.600023,3.79,3.85,3.72,3.83,54821995
2023/10/20,sh.600023,3.81,3.91,3.75,3.86,44230698
2023/10/23,sh.600023,3.86,3.86,3.73,3.75,37182321
2023/10/24,sh.600023,3.75,3.79,3.72,3.76,36549394
2023/10/25,sh.600023,3.78,3.86,3.76,3.83,50130635
2023/10/26,sh.600023,3.79,4.12,3.79,4.08,92746085
2023/10/27,sh.600023,4.03,4.13,4.02,4.10,60242465
2023/10/30,sh.600023,4.16,4.22,4.10,4.14,72471332
2023/10/31,sh.600023,4.13,4.17,4.08,4.15,36897509
2023/11/1,sh.600023,4.13,4.14,4.04,4.07,36923707
2023/11/2,sh.600023,4.08,4.13,4.06,4.08,26739657
2023/11/3,sh.600023,4.08,4.16,4.06,4.12,33815403
2023/11/6,sh.600023,4.13,4.14,4.04,4.06,56399907
2023/11/7,sh.600023,4.05,4.06,3.96,3.98,37828600
2023/11/8,sh.600023,3.99,4.02,3.96,3.98,29947659
2023/11/9,sh.600023,3.98,4.09,3.97,4.06,48049659
2023/11/10,sh.600023,4.05,4.12,3.95,4.07,49148752
2023/11/13,sh.600023,4.12,4.20,4.06,4.16,71127913
2023/11/14,sh.600023,4.14,4.19,4.10,4.13,33147295
2023/11/15,sh.600023,4.14,4.15,4.09,4.11,29071021
2023/11/16,sh.600023,4.12,4.14,4.08,4.10,20701500
2023/11/17,sh.600023,4.10,4.16,4.07,4.16,32800300
2023/11/20,sh.600023,4.16,4.29,4.16,4.19,47547447
2023/11/21,sh.600023,4.23,4.24,4.17,4.19,26144839
2023/11/22,sh.600023,4.18,4.21,4.13,4.13,22250074
2023/11/23,sh.600023,4.13,4.19,4.12,4.18,22103115
2023/11/24,sh.600023,4.18,4.20,4.14,4.15,14903918
2023/11/27,sh.600023,4.16,4.20,4.13,4.18,29964465
2023/11/28,sh.600023,4.19,4.19,4.07,4.13,43675851
2023/11/29,sh.600023,4.13,4.18,4.10,4.14,30272989
2023/11/30,sh.600023,4.16,4.23,4.14,4.22,37278756
2023/12/1,sh.600023,4.23,4.25,4.16,4.22,30914671
2023/12/4,sh.600023,4.22,4.30,4.19,4.26,34976638
2023/12/5,sh.600023,4.26,4.35,4.26,4.27,37825948
2023/12/6,sh.600023,4.26,4.28,4.20,4.26,32182497
2023/12/7,sh.600023,4.26,4.36,4.26,4.35,59074569
2023/12/8,sh.600023,4.33,4.42,4.28,4.40,99853963
2023/12/11,sh.600023,4.37,4.37,4.26,4.36,51246411
2023/12/12,sh.600023,4.34,4.36,4.29,4.34,31222722
2023/12/13,sh.600023,4.34,4.39,4.31,4.32,34438874
2023/12/14,sh.600023,4.33,4.36,4.26,4.32,29389000
2023/12/15,sh.600023,4.34,4.38,4.25,4.26,32809223
2023/12/18,sh.600023,4.28,4.29,4.21,4.25,28777434
2023/12/19,sh.600023,4.26,4.26,4.17,4.22,33117767
2023/12/20,sh.600023,4.25,4.36,4.16,4.17,89522218
2023/12/21,sh.600023,4.15,4.15,4.06,4.12,52924539
2023/12/22,sh.600023,4.11,4.15,4.02,4.03,63298459
2023/12/25,sh.600023,4.03,4.06,3.91,4.03,43777173
2023/12/26,sh.600023,4.02,4.08,4.01,4.03,34957811
2023/12/27,sh.600023,4.03,4.15,4.02,4.13,39000429
2023/12/28,sh.600023,4.12,4.16,4.10,4.13,50728420
2023/12/29,sh.600023,4.12,4.22,4.09,4.19,45462242
2024/1/2,sh.600023,4.20,4.53,4.19,4.46,101980272
2024/1/3,sh.600023,4.45,4.61,4.41,4.56,95007925
2024/1/4,sh.600023,4.57,4.59,4.52,4.58,50234379
2024/1/5,sh.600023,4.58,4.70,4.56,4.59,75942004
2024/1/8,sh.600023,4.58,4.64,4.51,4.55,64541828
2024/1/9,sh.600023,4.54,4.57,4.46,4.56,59046213
2024/1/10,sh.600023,4.55,4.66,4.49,4.60,53083415
2024/1/11,sh.600023,4.62,4.65,4.51,4.53,66464635
2024/1/12,sh.600023,4.53,4.61,4.51,4.59,43446092
2024/1/15,sh.600023,4.56,4.69,4.56,4.67,58413876
2024/1/16,sh.600023,4.66,4.72,4.63,4.70,48310020
2024/1/17,sh.600023,4.71,4.76,4.64,4.64,37168089
2024/1/18,sh.600023,4.64,4.65,4.46,4.60,66001318
2024/1/19,sh.600023,4.60,4.64,4.51,4.56,48477595
2024/1/22,sh.600023,4.46,4.57,4.36,4.42,68708512
2024/1/23,sh.600023,4.41,4.49,4.34,4.46,63469713
2024/1/24,sh.600023,4.46,4.56,4.44,4.55,59296654
2024/1/25,sh.600023,4.59,4.70,4.50,4.68,75985550
2024/1/26,sh.600023,4.66,4.80,4.65,4.76,61321170
2024/1/29,sh.600023,4.75,4.98,4.74,4.87,81291787
2024/1/30,sh.600023,4.85,4.99,4.78,4.85,71405044
2024/1/31,sh.600023,4.81,5.03,4.78,4.89,86659128
2024/2/1,sh.600023,4.82,5.03,4.78,4.92,78149547
2024/2/2,sh.600023,4.92,5.04,4.82,4.92,72676343
2024/2/5,sh.600023,4.89,5.05,4.88,4.94,81375482
2024/2/6,sh.600023,4.91,5.01,4.86,4.96,79298302
2024/2/7,sh.600023,4.96,4.96,4.75,4.89,90360475
2024/2/8,sh.600023,4.89,4.97,4.65,4.91,90311822
2024/2/19,sh.600023,4.88,5.23,4.86,5.23,75565159
2024/2/20,sh.600023,5.21,5.26,5.06,5.14,85200975
2024/2/21,sh.600023,5.09,5.12,4.97,5.00,88830066
2024/2/22,sh.600023,4.95,5.05,4.94,5.03,65768518
2024/2/23,sh.600023,5.03,5.09,4.97,5.00,64001944
2024/2/26,sh.600023,4.97,4.98,4.84,4.88,61161506
2024/2/27,sh.600023,4.85,4.91,4.80,4.85,56836765
2024/2/28,sh.600023,4.82,5.00,4.81,4.87,70460156
2024/2/29,sh.600023,4.85,4.89,4.81,4.89,49836871
2024/3/1,sh.600023,4.88,4.93,4.77,4.78,60208191
2024/3/4,sh.600023,4.77,5.01,4.75,5.00,85690821
2024/3/5,sh.600023,4.98,5.11,4.96,5.09,77335939
2024/3/6,sh.600023,5.10,5.28,5.09,5.17,69425769
2024/3/7,sh.600023,5.18,5.30,5.09,5.27,65123265
2024/3/8,sh.600023,5.25,5.39,5.24,5.36,52228450
2024/3/11,sh.600023,5.41,5.46,5.29,5.43,64080573
2024/3/12,sh.600023,5.40,5.43,5.07,5.09,86904255
2024/3/13,sh.600023,5.10,5.25,5.05,5.20,53552913
2024/3/14,sh.600023,5.20,5.38,5.13,5.35,61155223
2024/3/15,sh.600023,5.38,5.55,5.35,5.46,78277746
2024/3/18,sh.600023,5.45,5.77,5.43,5.67,79174595
2024/3/19,sh.600023,5.66,5.73,5.53,5.54,44450418
2024/3/20,sh.600023,5.56,5.59,5.45,5.54,40643200
2024/3/21,sh.600023,5.52,5.58,5.47,5.52,32528341
2024/3/22,sh.600023,5.54,5.59,5.47,5.53,27003675
2024/3/25,sh.600023,5.55,5.77,5.54,5.66,50082928
2024/3/26,sh.600023,5.65,5.77,5.58,5.77,47536857
2024/3/27,sh.600023,5.78,5.98,5.76,5.87,73828127
2024/3/28,sh.600023,5.87,5.96,5.75,5.92,41909427
2024/3/29,sh.600023,5.91,6.09,5.89,6.07,48535389
2024/4/1,sh.600023,6.09,6.16,5.87,5.98,65342409
2024/4/2,sh.600023,6.01,6.12,5.91,6.03,55522033
2024/4/3,sh.600023,5.99,6.13,5.93,6.09,40246877
2024/4/8,sh.600023,6.06,6.27,6.04,6.07,77707754
2024/4/9,sh.600023,6.09,6.16,5.97,6.07,42328034
2024/4/10,sh.600023,6.04,6.14,5.97,6.02,49667579
2024/4/11,sh.600023,5.96,6.21,5.95,6.10,49296415
2024/4/12,sh.600023,6.09,6.16,6.02,6.05,36435063
2024/4/15,sh.600023,6.05,6.15,5.96,6.14,61735047
2024/4/16,sh.600023,6.11,6.17,5.95,6.01,56162312
2024/4/17,sh.600023,6.00,6.07,5.92,6.06,47460264
2024/4/18,sh.600023,6.07,6.17,5.80,5.84,109653130
2024/4/19,sh.600023,5.78,5.97,5.77,5.88,64244886
2024/4/22,sh.600023,5.87,6.01,5.84,5.87,56257066
2024/4/23,sh.600023,5.87,5.89,5.64,5.67,71339131
2024/4/24,sh.600023,5.73,5.90,5.69,5.84,64661487
2024/4/25,sh.600023,5.81,5.88,5.77,5.85,26935636
2024/4/26,sh.600023,5.85,5.90,5.65,5.74,64978204
2024/4/29,sh.600023,5.71,5.74,5.57,5.63,94049055
2024/4/30,sh.600023,5.62,5.69,5.43,5.67,109793613
2024/5/6,sh.600023,5.67,5.79,5.53,5.78,93167267
2024/5/7,sh.600023,5.76,5.84,5.61,5.66,75755457
2024/5/8,sh.600023,5.66,5.73,5.57,5.58,62248664
2024/5/9,sh.600023,5.57,5.61,5.51,5.60,74589075
2024/5/10,sh.600023,5.61,5.73,5.58,5.72,100194846
2024/5/13,sh.600023,5.75,5.89,5.67,5.81,118293421
2024/5/14,sh.600023,5.78,6.04,5.72,5.99,135611925
2024/5/15,sh.600023,5.97,6.03,5.78,5.83,67087828
2024/5/16,sh.600023,5.82,5.84,5.60,5.64,88467711
2024/5/17,sh.600023,5.61,5.68,5.53,5.55,67080323
2024/5/20,sh.600023,5.55,5.70,5.53,5.66,64108251
2024/5/21,sh.600023,5.68,5.81,5.64,5.77,71944784
2024/5/22,sh.600023,5.79,5.84,5.67,5.69,54703823
2024/5/23,sh.600023,5.68,5.75,5.62,5.64,58269632
2024/5/24,sh.600023,5.67,6.00,5.66,5.93,122186492
2024/5/27,sh.600023,5.93,6.28,5.92,6.27,128506087
2024/5/28,sh.600023,6.27,6.35,6.17,6.19,87936185
2024/5/29,sh.600023,6.23,6.26,6.05,6.18,60555549
2024/5/30,sh.600023,6.14,6.21,5.96,6.00,69900269
2024/5/31,sh.600023,6.01,6.17,5.93,6.09,79261075
2024/6/3,sh.600023,6.07,6.18,6.06,6.13,49942528
2024/6/4,sh.600023,6.12,6.25,6.02,6.21,59648123
2024/6/5,sh.600023,6.22,6.25,6.15,6.21,39640092
2024/6/6,sh.600023,6.17,6.40,6.14,6.22,61653873
2024/6/7,sh.600023,6.23,6.32,6.17,6.27,48941321
2024/6/11,sh.600023,6.33,6.42,6.13,6.25,69982044
2024/6/12,sh.600023,6.23,6.36,6.14,6.33,49548399
2024/6/13,sh.600023,6.32,6.39,6.28,6.37,40103784
2024/6/14,sh.600023,6.34,6.41,6.20,6.26,65219597
2024/6/17,sh.600023,6.21,6.29,6.10,6.14,54314500
2024/6/18,sh.600023,6.13,6.22,6.07,6.21,34432700
2024/6/19,sh.600023,6.21,6.30,6.17,6.21,25649814
2024/6/20,sh.600023,6.20,6.35,6.18,6.31,41779945
2024/6/21,sh.600023,6.29,6.40,6.25,6.38,37362829
2024/6/24,sh.600023,6.37,6.52,6.34,6.41,45320808
2024/6/25,sh.600023,6.42,6.42,6.30,6.33,39808554
2024/6/26,sh.600023,6.35,6.37,6.17,6.27,35133530
2024/6/27,sh.600023,6.23,6.36,6.23,6.24,31642529
2024/6/28,sh.600023,6.24,6.52,6.18,6.47,43546423
2024/7/1,sh.600023,6.47,6.82,6.44,6.77,60298171
2024/7/2,sh.600023,6.75,6.88,6.66,6.82,50759847
2024/7/3,sh.600023,6.87,6.95,6.81,6.92,57805334
2024/7/4,sh.600023,6.94,6.97,6.85,6.93,31915956
2024/7/5,sh.600023,6.93,6.99,6.77,6.94,43055557
2024/7/8,sh.600023,6.94,7.14,6.87,7.07,43699319
2024/7/9,sh.600023,7.13,7.19,7.00,7.17,40136179
2024/7/10,sh.600023,7.22,7.22,6.86,7.07,56513877
2024/7/11,sh.600023,6.98,7.00,6.67,6.87,114835296
2024/7/12,sh.600023,6.86,6.88,6.75,6.84,41426502
2024/7/15,sh.600023,6.81,6.93,6.68,6.88,46645266
2024/7/16,sh.600023,6.88,6.91,6.76,6.85,37785138
2024/7/17,sh.600023,6.80,6.85,6.49,6.56,73435125
2024/7/18,sh.600023,6.52,6.69,6.46,6.66,52853706
2024/7/19,sh.600023,6.66,6.68,6.55,6.62,47665310
2024/7/22,sh.600023,6.59,6.59,6.31,6.36,74700221
2024/7/23,sh.600023,6.34,6.38,6.14,6.16,61487395
2024/7/24,sh.600023,6.14,6.44,6.12,6.36,68398942
2024/7/25,sh.600023,6.38,6.41,6.11,6.23,48156537
2024/7/26,sh.600023,6.26,6.30,6.15,6.26,46252097
2024/7/29,sh.600023,6.23,6.47,6.21,6.39,46036507
2024/7/30,sh.600023,6.39,6.42,6.18,6.22,35057172
2024/7/31,sh.600023,6.18,6.24,6.00,6.23,58920732
2024/8/1,sh.600023,6.22,6.31,6.16,6.24,37336740
2024/8/2,sh.600023,6.23,6.27,6.08,6.13,31077360
2024/8/5,sh.600023,6.15,6.15,6.01,6.01,37314464
2024/8/6,sh.600023,6.06,6.13,5.95,6.02,34950806
2024/8/7,sh.600023,6.02,6.20,6.01,6.14,35461028
2024/8/8,sh.600023,6.17,6.17,6.05,6.09,27520828
2024/8/9,sh.600023,6.08,6.13,6.00,6.06,21415188
2024/8/12,sh.600023,6.09,6.18,6.02,6.14,28044816
2024/8/13,sh.600023,6.15,6.16,6.03,6.11,17973307
2024/8/14,sh.600023,6.14,6.30,6.07,6.22,35692928
2024/8/15,sh.600023,6.21,6.37,6.17,6.29,37070217
2024/8/16,sh.600023,6.30,6.31,6.15,6.18,29824387
2024/8/19,sh.600023,6.23,6.33,6.17,6.29,31083809
2024/8/20,sh.600023,6.30,6.36,6.12,6.21,27647150
2024/8/21,sh.600023,6.18,6.20,6.07,6.14,19295281
2024/8/22,sh.600023,6.15,6.28,6.13,6.24,35240817
2024/8/23,sh.600023,6.22,6.25,6.09,6.18,27211985
2024/8/26,sh.600023,6.16,6.20,6.08,6.14,22126182
2024/8/27,sh.600023,6.14,6.17,6.09,6.13,14886394
2024/8/28,sh.600023,6.09,6.22,6.08,6.14,20537178
2024/8/29,sh.600023,6.12,6.17,6.00,6.03,28494100
2024/8/30,sh.600023,6.02,6.07,5.73,5.82,77300650
2024/9/2,sh.600023,5.81,5.98,5.76,5.91,52950502
2024/9/3,sh.600023,5.90,5.98,5.75,5.82,38553648
2024/9/4,sh.600023,5.83,5.83,5.69,5.74,28192887
2024/9/5,sh.600023,5.75,5.81,5.66,5.69,28612565
2024/9/6,sh.600023,5.69,5.74,5.62,5.66,31804081
2024/9/9,sh.600023,5.65,5.68,5.54,5.58,37275287
2024/9/10,sh.600023,5.58,5.65,5.48,5.55,30892847
2024/9/11,sh.600023,5.52,5.56,5.27,5.30,61150118
2024/9/12,sh.600023,5.28,5.38,5.24,5.32,33683107
2024/9/13,sh.600023,5.34,5.39,5.28,5.36,23270873
2024/9/18,sh.600023,5.36,5.39,5.28,5.35,20587303
2024/9/19,sh.600023,5.35,5.37,5.21,5.33,27944858
2024/9/20,sh.600023,5.35,5.36,5.27,5.34,22747631
2024/9/23,sh.600023,5.34,5.67,5.33,5.58,60439972
2024/9/24,sh.600023,5.58,5.92,5.49,5.89,69684153
2024/9/25,sh.600023,5.97,6.02,5.85,5.97,60511964
2024/9/26,sh.600023,5.93,5.98,5.71,5.91,77139651
2024/9/27,sh.600023,5.92,6.00,5.79,5.96,63920210
2024/9/30,sh.600023,5.98,6.44,5.94,6.32,144669711
2024/10/8,sh.600023,6.90,6.93,6.05,6.24,154474607
2024/10/9,sh.600023,6.15,6.15,5.83,5.83,90412184
2024/10/10,sh.600023,5.83,6.14,5.83,6.00,77700779
2024/10/11,sh.600023,6.03,6.13,5.91,6.00,50613159
2024/10/14,sh.600023,6.01,6.07,5.87,5.98,63368253
2024/10/15,sh.600023,5.98,6.08,5.76,5.77,48556106
2024/10/16,sh.600023,5.75,5.89,5.74,5.79,42436315
2024/10/17,sh.600023,5.81,5.91,5.76,5.76,38657110
2024/10/18,sh.600023,5.76,5.88,5.66,5.81,54116700
2024/10/21,sh.600023,5.83,5.85,5.68,5.75,44530592
2024/10/22,sh.600023,5.75,5.86,5.72,5.83,36112289
2024/10/23,sh.600023,5.89,5.93,5.79,5.82,47547160
2024/10/24,sh.600023,5.80,5.83,5.76,5.77,24922672
2024/10/25,sh.600023,5.78,5.79,5.61,5.66,47193914
2024/10/28,sh.600023,5.67,5.69,5.62,5.66,51968164
2024/10/29,sh.600023,5.66,5.68,5.50,5.52,68053840
2024/10/30,sh.600023,5.52,5.53,5.31,5.40,68848537
2024/10/31,sh.600023,5.42,5.53,5.38,5.52,68808054
2024/11/1,sh.600023,5.50,5.52,5.43,5.43,55035038
2024/11/4,sh.600023,5.45,5.52,5.36,5.51,41234689
2024/11/5,sh.600023,5.48,5.53,5.45,5.51,67144324
2024/11/6,sh.600023,5.51,5.51,5.40,5.45,74362875
2024/11/7,sh.600023,5.43,5.59,5.39,5.58,72079721
2024/11/8,sh.600023,5.58,5.70,5.50,5.52,72522487
2024/11/11,sh.600023,5.54,5.65,5.47,5.61,57073122
2024/11/12,sh.600023,5.61,5.61,5.46,5.48,72968746
2024/11/13,sh.600023,5.48,5.54,5.44,5.52,51320984
2024/11/14,sh.600023,5.50,5.60,5.40,5.41,62497849
2024/11/15,sh.600023,5.40,5.49,5.37,5.40,40402492
2024/11/18,sh.600023,5.41,5.52,5.39,5.42,63250344
2024/11/19,sh.600023,5.42,5.44,5.32,5.40,55359645
2024/11/20,sh.600023,5.38,5.39,5.34,5.36,43196666
2024/11/21,sh.600023,5.37,5.42,5.36,5.40,37685576
2024/11/22,sh.600023,5.39,5.47,5.19,5.19,72677884
2024/11/25,sh.600023,5.20,5.22,5.08,5.12,51216913
2024/11/26,sh.600023,5.12,5.16,5.05,5.10,30355917
2024/11/27,sh.600023,5.11,5.18,5.05,5.17,33408044
2024/11/28,sh.600023,5.16,5.17,5.05,5.06,55135737
2024/11/29,sh.600023,5.05,5.11,5.05,5.06,52486030
2024/12/2,sh.600023,5.06,5.15,5.03,5.14,70766889
2024/12/3,sh.600023,5.12,5.25,5.09,5.22,57713108
2024/12/4,sh.600023,5.23,5.28,5.20,5.23,45631234
2024/12/5,sh.600023,5.23,5.36,5.20,5.23,56574910
2024/12/6,sh.600023,5.23,5.32,5.22,5.31,49555101
2024/12/9,sh.600023,5.31,5.41,5.28,5.37,55818939
2024/12/10,sh.600023,5.43,5.46,5.31,5.33,60952520
2024/12/11,sh.600023,5.35,5.42,5.33,5.41,66968185
2024/12/12,sh.600023,5.41,5.49,5.37,5.43,59127801
2024/12/13,sh.600023,5.43,5.50,5.38,5.39,51673334
2024/12/16,sh.600023,5.39,5.53,5.39,5.53,68295438
2024/12/17,sh.600023,5.52,5.59,5.48,5.51,55989303
2024/12/18,sh.600023,5.52,5.65,5.48,5.51,81775528
2024/12/19,sh.600023,5.48,5.55,5.41,5.43,65337705
2024/12/20,sh.600023,5.43,5.47,5.36,5.37,54705309
2024/12/23,sh.600023,5.39,5.57,5.38,5.52,75854895
2024/12/24,sh.600023,5.50,5.58,5.49,5.56,41313710
2024/12/25,sh.600023,5.58,5.60,5.50,5.56,28103502
2024/12/26,sh.600023,5.53,5.56,5.36,5.36,77004046
2024/12/27,sh.600023,5.37,5.40,5.25,5.36,69710585
2024/12/30,sh.600023,5.34,5.39,5.31,5.36,45132620
2024/12/31,sh.600023,5.36,5.42,5.31,5.32,50898884
2025/1/2,sh.600023,5.31,5.34,5.13,5.15,49656401
2025/1/3,sh.600023,5.17,5.20,5.09,5.12,47429928
2025/1/6,sh.600023,5.13,5.13,5.02,5.06,50156461
2025/1/7,sh.600023,5.06,5.07,4.94,4.98,43226830
2025/1/8,sh.600023,4.99,5.07,4.93,5.04,49855629
2025/1/9,sh.600023,5.04,5.04,4.92,4.93,36099259
2025/1/10,sh.600023,4.92,4.94,4.86,4.88,36660109
2025/1/13,sh.600023,4.84,4.89,4.77,4.83,34680859
2025/1/14,sh.600023,4.85,4.99,4.83,4.98,43179739
2025/1/15,sh.600023,4.98,5.04,4.95,5.01,28230564
2025/1/16,sh.600023,5.01,5.05,4.97,5.00,26705028
2025/1/17,sh.600023,4.99,5.01,4.92,4.95,26200935
2025/1/20,sh.600023,4.98,5.02,4.89,4.90,41914679
2025/1/21,sh.600023,4.91,4.95,4.88,4.92,21258907
2025/1/22,sh.600023,4.91,4.97,4.88,4.92,22530499
2025/1/23,sh.600023,4.93,5.03,4.93,4.98,27989205
2025/1/24,sh.600023,4.97,4.98,4.90,4.93,33057359
2025/1/27,sh.600023,4.93,5.06,4.92,5.04,46124708
2025/2/5,sh.600023,5.04,5.05,4.94,4.96,32318190
2025/2/6,sh.600023,4.98,5.00,4.94,5.00,24634413
2025/2/7,sh.600023,4.97,5.03,4.94,5.01,35955413
2025/2/10,sh.600023,5.00,5.03,4.94,4.98,47324582
2025/2/11,sh.600023,4.98,5.01,4.93,4.95,40013225
2025/2/12,sh.600023,4.96,4.97,4.92,4.96,27467140
2025/2/13,sh.600023,4.96,5.02,4.95,4.98,38010177
2025/2/14,sh.600023,5.00,5.03,4.95,4.99,33570613
2025/2/17,sh.600023,5.00,5.18,4.95,5.18,84842766
2025/2/18,sh.600023,5.21,5.28,5.13,5.22,77021693
2025/2/19,sh.600023,5.20,5.35,5.20,5.35,68967336
2025/2/20,sh.600023,5.34,5.35,5.25,5.26,45151467
2025/2/21,sh.600023,5.28,5.31,5.18,5.19,63388937
2025/2/24,sh.600023,5.18,5.26,5.15,5.19,45477822
2025/2/25,sh.600023,5.15,5.21,5.09,5.13,52029732
2025/2/26,sh.600023,5.15,5.18,5.10,5.16,38206140
2025/2/27,sh.600023,5.14,5.19,5.09,5.18,41551436
2025/2/28,sh.600023,5.16,5.21,5.12,5.16,39968956
2025/3/3,sh.600023,5.22,5.29,5.09,5.16,102052147
2025/3/4,sh.600023,5.14,5.19,5.10,5.18,50975490
2025/3/5,sh.600023,5.18,5.28,5.14,5.22,64254654
2025/3/6,sh.600023,5.21,5.23,5.11,5.12,99505170
2025/3/7,sh.600023,5.11,5.11,5.04,5.05,57563962
2025/3/10,sh.600023,5.04,5.05,5.01,5.03,33886439
2025/3/11,sh.600023,5.01,5.06,4.99,5.06,44684054
2025/3/12,sh.600023,5.05,5.10,5.01,5.07,39065773
2025/3/13,sh.600023,5.06,5.25,5.05,5.24,110993587
2025/3/14,sh.600023,5.20,5.27,5.20,5.22,59219298
2025/3/17,sh.600023,5.21,5.29,5.20,5.23,46807058
2025/3/18,sh.600023,5.24,5.26,5.19,5.20,39649326
2025/3/19,sh.600023,5.20,5.29,5.18,5.27,58836575
2025/3/20,sh.600023,5.27,5.32,5.25,5.27,43628734
2025/3/21,sh.600023,5.27,5.36,5.25,5.30,60966823
2025/3/24,sh.600023,5.29,5.34,5.26,5.30,43857752
2025/3/25,sh.600023,5.31,5.54,5.26,5.44,132821078
2025/3/26,sh.600023,5.41,5.45,5.35,5.40,96113599
2025/3/27,sh.600023,5.40,5.42,5.25,5.26,74927336
2025/3/28,sh.600023,5.27,5.32,5.23,5.27,50987700
2025/3/31,sh.600023,5.29,5.45,5.28,5.36,86771722
2025/4/1,sh.600023,5.36,5.52,5.33,5.50,85351169
2025/4/2,sh.600023,5.47,5.48,5.37,5.41,73661936
2025/4/3,sh.600023,5.38,5.51,5.37,5.44,70187118
2025/4/7,sh.600023,5.26,5.35,5.04,5.21,123544986
2025/4/8,sh.600023,5.19,5.31,5.15,5.24,105485391
2025/4/9,sh.600023,5.17,5.27,5.09,5.27,104046749
2025/4/10,sh.600023,5.29,5.32,5.22,5.24,77085736
2025/4/11,sh.600023,5.26,5.28,5.16,5.20,58039243
2025/4/14,sh.600023,5.22,5.32,5.18,5.31,65806946
2025/4/15,sh.600023,5.31,5.35,5.23,5.35,53843938
2025/4/16,sh.600023,5.33,5.39,5.28,5.35,58677527
2025/4/17,sh.600023,5.31,5.36,5.27,5.35,44885477
2025/4/18,sh.600023,5.33,5.33,5.24,5.26,47517039
2025/4/21,sh.600023,5.26,5.43,5.25,5.40,82454793
2025/4/22,sh.600023,5.38,5.43,5.35,5.35,39729315
2025/4/23,sh.600023,5.36,5.36,5.31,5.31,48983489
2025/4/24,sh.600023,5.32,5.42,5.31,5.40,63369848
2025/4/25,sh.600023,5.41,5.48,5.37,5.46,63845930
2025/4/28,sh.600023,5.52,5.53,5.36,5.49,96318145
2025/4/29,sh.600023,5.17,5.21,4.95,5.00,202157902
2025/4/30,sh.600023,4.99,5.00,4.92,4.93,89243384
2025/5/6,sh.600023,4.94,4.99,4.92,4.99,67665550
2025/5/7,sh.600023,5.02,5.03,4.98,5.00,49708553
2025/5/8,sh.600023,4.98,5.02,4.97,5.01,40102059
2025/5/9,sh.600023,5.01,5.05,4.99,4.99,50165511
2025/5/12,sh.600023,4.99,5.01,4.96,4.98,46123865
2025/5/13,sh.600023,5.00,5.00,4.97,4.99,36296352
2025/5/14,sh.600023,5.00,5.03,4.97,5.02,49159315
2025/5/15,sh.600023,5.02,5.09,5.01,5.04,58795953
2025/5/16,sh.600023,5.04,5.05,5.01,5.01,40128075
2025/5/19,sh.600023,5.01,5.05,5.00,5.03,27697816
2025/5/20,sh.600023,5.04,5.09,5.03,5.08,47436649
2025/5/21,sh.600023,5.08,5.18,5.07,5.10,75335116
2025/5/22,sh.600023,5.11,5.11,5.06,5.08,36245945
2025/5/23,sh.600023,5.07,5.09,5.01,5.02,40706763
2025/5/26,sh.600023,5.02,5.08,5.02,5.07,44276756
2025/5/27,sh.600023,5.06,5.08,5.02,5.04,34332681
2025/5/28,sh.600023,5.04,5.05,5.00,5.00,38737071
2025/5/29,sh.600023,5.01,5.05,5.00,5.04,30241351
2025/5/30,sh.600023,5.04,5.06,5.02,5.03,33557207
2025/6/3,sh.600023,5.02,5.02,4.96,4.99,58838943
2025/6/4,sh.600023,4.99,5.00,4.98,4.99,27102234
2025/6/5,sh.600023,4.99,5.02,4.99,5.01,24420932
2025/6/6,sh.600023,5.01,5.03,4.99,5.02,28610535
2025/6/9,sh.600023,5.02,5.05,5.00,5.04,38315341
2025/6/10,sh.600023,5.03,5.07,5.01,5.03,53195988
2025/6/11,sh.600023,5.03,5.05,5.01,5.04,29562019
2025/6/12,sh.600023,5.04,5.05,5.01,5.03,26254052
2025/6/13,sh.600023,5.03,5.08,5.02,5.05,54872924
2025/6/16,sh.600023,5.05,5.05,5.01,5.02,40396658
2025/6/17,sh.600023,5.03,5.07,5.01,5.06,49966413
2025/6/18,sh.600023,5.06,5.10,5.04,5.05,39956742
2025/6/19,sh.600023,5.05,5.05,4.98,4.98,49013448
2025/6/20,sh.600023,4.98,5.01,4.97,4.97,26153089
2025/6/23,sh.600023,4.97,4.98,4.93,4.97,34190350
2025/6/24,sh.600023,4.97,5.00,4.96,4.99,33677231
2025/6/25,sh.600023,4.99,5.01,4.97,5.01,37226315
2025/6/26,sh.600023,5.01,5.03,4.99,4.99,33289407
2025/6/27,sh.600023,5.00,5.02,4.97,4.98,40868133
2025/6/30,sh.600023,4.99,5.00,4.97,4.98,28296400
2025/7/1,sh.600023,4.98,5.03,4.97,5.02,41981346
2025/7/2,sh.600023,5.01,5.05,5.01,5.04,37443341
2025/7/3,sh.600023,5.05,5.13,5.04,5.12,77171131
2025/7/4,sh.600023,5.14,5.25,5.12,5.24,96473835
2025/7/7,sh.600023,5.29,5.33,5.23,5.28,82267156
2025/7/8,sh.600023,5.29,5.31,5.23,5.30,68754208
2025/7/9,sh.600023,5.28,5.33,5.16,5.17,105395429
2025/7/10,sh.600023,5.19,5.21,5.12,5.13,94636609
2025/7/11,sh.600023,5.13,5.15,5.07,5.08,98055515
2025/7/14,sh.600023,5.09,5.15,5.08,5.11,70806466
2025/7/15,sh.600023,5.12,5.13,5.02,5.05,75729685
2025/7/16,sh.600023,5.05,5.07,5.03,5.04,40263820
2025/7/17,sh.600023,5.06,5.07,5.03,5.06,40419242
2025/7/18,sh.600023,5.06,5.10,5.05,5.09,52350083
2025/7/21,sh.600023,5.09,5.12,5.09,5.12,48820596
2025/7/22,sh.600023,5.12,5.18,5.10,5.18,81840823
2025/7/23,sh.600023,5.70,5.70,5.28,5.34,270544380
2025/7/24,sh.600023,5.29,5.32,5.21,5.31,122969484
2025/7/25,sh.600023,5.31,5.32,5.19,5.20,93488423
2025/7/28,sh.600023,5.20,5.21,5.17,5.17,44953381
2025/7/29,sh.600023,5.16,5.19,5.12,5.15,52961166
2025/7/30,sh.600023,5.15,5.22,5.15,5.19,60311467
2025/7/31,sh.600023,5.18,5.19,5.13,5.14,52185004
2025/8/1,sh.600023,5.13,5.19,5.13,5.15,39347404
2025/8/4,sh.600023,5.14,5.19,5.13,5.18,32878307
2025/8/5,sh.600023,5.18,5.20,5.16,5.20,28269406
2025/8/6,sh.600023,5.20,5.21,5.17,5.19,30706253
2025/8/7,sh.600023,5.19,5.20,5.17,5.19,25989166
2025/8/8,sh.600023,5.19,5.22,5.18,5.21,40854071
2025/8/11,sh.600023,5.20,5.21,5.16,5.17,32772855
2025/8/12,sh.600023,5.18,5.18,5.15,5.16,34635776
2025/8/13,sh.600023,5.16,5.16,5.13,5.14,37976839
2025/8/14,sh.600023,5.15,5.15,5.10,5.10,33014855
2025/8/15,sh.600023,5.10,5.14,5.09,5.13,30621876
2025/8/18,sh.600023,5.13,5.15,5.12,5.14,43632098
2025/8/19,sh.600023,5.14,5.15,5.12,5.12,30973235
2025/8/20,sh.600023,5.12,5.13,5.10,5.13,29120199
2025/8/21,sh.600023,5.13,5.17,5.12,5.15,48742784
2025/8/22,sh.600023,5.16,5.17,5.11,5.15,44330165
2025/8/25,sh.600023,5.16,5.19,5.15,5.19,65965491
2025/8/26,sh.600023,5.20,5.22,5.17,5.22,49450191
2025/8/27,sh.600023,5.22,5.28,5.11,5.11,102756969
2025/8/28,sh.600023,5.12,5.14,5.05,5.09,65445382
2025/8/29,sh.600023,5.11,5.21,5.02,5.03,216202072
2025/9/1,sh.600023,5.04,5.09,5.02,5.04,110793508
2025/9/2,sh.600023,5.04,5.11,5.04,5.10,95146342
2025/9/3,sh.600023,5.10,5.13,5.03,5.07,54462300
2025/9/4,sh.600023,5.05,5.06,5.01,5.05,63611041
2025/9/5,sh.600023,5.05,5.06,5.02,5.05,43028927
2025/9/8,sh.600023,5.06,5.14,5.06,5.10,96816284
2025/9/9,sh.600023,5.10,5.12,5.07,5.10,67002110
2025/9/10,sh.600023,5.10,5.11,5.06,5.09,36787065
2025/9/11,sh.600023,5.08,5.12,5.07,5.11,52610788
2025/9/12,sh.600023,5.11,5.14,5.06,5.08,114566020
2025/9/15,sh.600023,5.08,5.09,5.04,5.06,46990458
2025/9/16,sh.600023,5.07,5.07,5.02,5.04,56201765
2025/9/17,sh.600023,5.04,5.07,5.02,5.05,44202451
2025/9/18,sh.600023,5.05,5.06,4.95,4.97,109684342
2025/9/19,sh.600023,4.97,4.98,4.92,4.94,52377472
2025/9/22,sh.600023,4.94,4.95,4.89,4.92,51879011
2025/9/23,sh.600023,4.91,4.92,4.86,4.91,55318297
2025/9/24,sh.600023,4.89,4.92,4.88,4.90,39005807
2025/9/25,sh.600023,4.91,4.91,4.87,4.89,39148703
2025/9/26,sh.600023,4.88,4.92,4.88,4.91,47815257
2025/9/29,sh.600023,4.91,4.97,4.88,4.91,67574679
2025/9/30,sh.600023,4.91,4.92,4.89,4.90,49197516
2025/10/9,sh.600023,4.95,5.11,4.94,5.11,181682896
2025/10/10,sh.600023,5.11,5.16,5.07,5.16,131514726
2025/10/13,sh.600023,5.10,5.15,5.05,5.13,91044362
2025/10/14,sh.600023,5.13,5.20,5.12,5.18,106558791
2025/10/15,sh.600023,5.18,5.23,5.13,5.19,95672392
2025/10/16,sh.600023,5.18,5.21,5.14,5.19,76882214
2025/10/17,sh.600023,5.20,5.24,5.17,5.18,75090775
2025/10/20,sh.600023,5.19,5.20,5.08,5.16,81322194
2025/10/21,sh.600023,5.16,5.21,5.14,5.17,51194350
2025/10/22,sh.600023,5.15,5.19,5.15,5.17,39020940
2025/10/23,sh.600023,5.16,5.23,5.15,5.22,65761449
2025/10/24,sh.600023,5.22,5.23,5.16,5.18,53665400
2025/10/27,sh.600023,5.20,5.36,5.18,5.30,127368252
2025/10/28,sh.600023,5.31,5.32,5.23,5.25,67397338
2025/10/29,sh.600023,5.30,5.37,5.25,5.35,86419748
2025/10/30,sh.600023,5.25,5.31,5.18,5.28,118072390
2025/10/31,sh.600023,5.26,5.28,5.16,5.16,101033675
2025/11/3,sh.600023,5.18,5.25,5.17,5.22,75736283
2025/11/4,sh.600023,5.22,5.28,5.20,5.25,64614118
2025/11/5,sh.600023,5.23,5.31,5.20,5.29,70094968
2025/11/6,sh.600023,5.30,5.41,5.30,5.38,93459460
2025/11/7,sh.600023,5.37,5.43,5.32,5.33,66479474
2025/11/10,sh.600023,5.35,5.38,5.33,5.36,51656494
2025/11/11,sh.600023,5.36,5.37,5.31,5.33,41417757
2025/11/12,sh.600023,5.34,5.35,5.29,5.30,44778168
2025/11/13,sh.600023,5.31,5.32,5.23,5.26,62038082
2025/11/14,sh.600023,5.25,5.27,5.20,5.21,52291772
2025/11/17,sh.600023,5.21,5.22,5.13,5.15,68121676
2025/11/18,sh.600023,5.14,5.16,5.08,5.08,59974903
2025/11/19,sh.600023,5.09,5.14,5.08,5.12,48351360
2025/11/20,sh.600023,5.12,5.16,5.11,5.12,49339872
2025/11/21,sh.600023,5.12,5.12,5.03,5.04,61092028
2025/11/24,sh.600023,5.06,5.08,5.01,5.01,65961445
2025/11/25,sh.600023,5.02,5.04,5.01,5.03,49151760
2025/11/26,sh.600023,5.04,5.07,5.02,5.03,34523286
2025/11/27,sh.600023,5.04,5.07,5.02,5.06,34511729
2025/11/28,sh.600023,5.05,5.06,5.02,5.03,34114250
2025/12/1,sh.600023,5.04,5.08,5.02,5.07,38763682
2025/12/2,sh.600023,5.06,5.11,5.06,5.11,39510814
2025/12/3,sh.600023,5.11,5.19,5.10,5.16,64305969
2025/12/4,sh.600023,5.16,5.18,5.13,5.17,38211866
2025/12/5,sh.600023,5.17,5.18,5.13,5.16,34523331
2025/12/8,sh.600023,5.15,5.17,5.11,5.12,45655828
2025/12/9,sh.600023,5.13,5.16,5.11,5.11,28839995
2025/12/10,sh.600023,5.11,5.15,5.10,5.14,33743424
2025/12/11,sh.600023,5.14,5.18,5.13,5.14,36977100
2025/12/12,sh.600023,5.14,5.17,5.12,5.16,47334393
2025/12/15,sh.600023,5.16,5.18,5.14,5.17,34071306
2025/12/16,sh.600023,5.17,5.17,5.10,5.11,40181818
2025/12/17,sh.600023,5.12,5.15,5.09,5.13,36259426
2025/12/18,sh.600023,5.13,5.16,5.11,5.16,28518572
2025/12/19,sh.600023,5.16,5.18,5.15,5.16,42708137
2025/12/22,sh.600023,5.16,5.17,5.12,5.12,40266024
2025/12/23,sh.600023,5.13,5.19,5.12,5.14,52660666
2025/12/24,sh.600023,5.14,5.15,5.10,5.13,43869244
2025/12/25,sh.600023,5.14,5.16,5.11,5.15,34135402
2025/12/26,sh.600023,5.15,5.16,5.12,5.15,34626624
2025/12/29,sh.600023,5.14,5.15,5.02,5.02,117506483
2025/12/30,sh.600023,5.01,5.02,4.95,4.95,84387399
2025/12/31,sh.600023,4.95,4.97,4.92,4.95,45910500
2026/1/5,sh.600023,4.94,4.96,4.92,4.96,53501627
2026/1/6,sh.600023,4.96,4.99,4.95,4.98,52109983
2026/1/7,sh.600023,4.98,5.03,4.96,5.00,54583774
2026/1/8,sh.600023,5.01,5.06,4.99,5.03,48889910
2026/1/9,sh.600023,5.03,5.03,5.01,5.02,40846671
2026/1/12,sh.600023,5.03,5.09,5.01,5.08,71647728
2026/1/13,sh.600023,5.08,5.08,5.03,5.05,56280510
2026/1/14,sh.600023,5.06,5.07,4.94,4.96,138483870
2026/1/15,sh.600023,4.97,4.98,4.94,4.95,54542168
2026/1/16,sh.600023,4.98,5.03,4.90,4.91,153310797
2026/1/19,sh.600023,4.91,4.98,4.89,4.98,79142617
2026/1/20,sh.600023,5.00,5.04,4.98,5.03,93299473
2026/1/21,sh.600023,5.03,5.04,4.97,4.98,63884371
2026/1/22,sh.600023,4.99,5.01,4.93,4.95,119158639
2026/1/23,sh.600023,4.95,4.97,4.94,4.95,69549361
2026/1/26,sh.600023,4.96,5.03,4.95,5.00,112541074
2026/1/27,sh.600023,5.02,5.02,4.94,4.96,81074824
2026/1/28,sh.600023,4.95,5.00,4.94,4.97,76351656
2026/1/29,sh.600023,4.97,4.99,4.94,4.99,84746987
2026/1/30,sh.600023,4.98,5.01,4.95,4.95,96651056
2026/2/2,sh.600023,4.97,5.03,4.94,4.94,120528524
2026/2/3,sh.600023,4.96,4.98,4.89,4.92,121823636
2026/2/4,sh.600023,4.91,4.98,4.91,4.97,75598378
2026/2/5,sh.600023,4.97,4.98,4.94,4.95,41605563
2026/2/6,sh.600023,4.95,4.98,4.94,4.96,50218296
2026/2/9,sh.600023,4.97,4.99,4.96,4.98,41872630
2026/2/10,sh.600023,4.98,4.98,4.96,4.97,32797211
2026/2/11,sh.600023,4.98,4.99,4.97,4.98,35024993
2026/2/12,sh.600023,4.99,5.03,4.98,5.01,64765677
2026/2/13,sh.600023,5.01,5.01,4.95,4.96,60120755
2026/2/24,sh.600023,4.97,5.06,4.97,5.05,91082935
2026/2/25,sh.600023,5.05,5.14,5.05,5.10,100163584
2026/2/26,sh.600023,5.12,5.19,5.10,5.19,107940602
2026/2/27,sh.600023,5.20,5.33,5.19,5.33,139241991
2026/3/2,sh.600023,5.30,5.44,5.26,5.43,168893047
2026/3/3,sh.600023,5.43,5.49,5.37,5.40,166979023
2026/3/4,sh.600023,5.37,5.44,5.31,5.41,136743964
2026/3/5,sh.600023,5.45,5.52,5.42,5.49,109397152
2026/3/6,sh.600023,5.49,5.51,5.43,5.48,82385310
2026/3/9,sh.600023,5.47,5.57,5.45,5.50,114641163
2026/3/10,sh.600023,5.50,5.52,5.41,5.46,77161461
2026/3/11,sh.600023,5.45,5.53,5.34,5.53,86178121
2026/3/12,sh.600023,5.53,5.68,5.50,5.65,126824397
2026/3/13,sh.600023,5.68,5.68,5.54,5.57,91004562
2026/3/16,sh.600023,5.57,5.61,5.46,5.48,76798119
2026/3/17,sh.600023,5.47,5.55,5.43,5.44,67142021
2026/3/18,sh.600023,5.46,5.52,5.40,5.46,65662414
2026/3/19,sh.600023,5.43,5.54,5.42,5.46,55088265
2026/3/20,sh.600023,5.45,5.55,5.39,5.43,71537924
2026/3/23,sh.600023,5.38,5.41,5.22,5.25,102242877
2026/3/24,sh.600023,5.30,5.38,5.25,5.37,84007403
2026/3/25,sh.600023,5.38,5.58,5.32,5.51,121933194
2026/3/26,sh.600023,5.50,5.72,5.48,5.66,197304877
2026/3/27,sh.600023,5.60,5.73,5.51,5.71,134510571
2026/3/30,sh.600023,5.65,5.65,5.40,5.50,130404390
2026/3/31,sh.600023,5.46,5.54,5.40,5.43,79211972
2026/4/1,sh.600023,5.47,5.52,5.41,5.47,74441165
2026/4/2,sh.600023,5.47,5.55,5.43,5.51,74296809
2026/4/3,sh.600023,5.51,5.52,5.39,5.41,60004483
2026/4/7,sh.600023,5.40,5.44,5.35,5.42,48705846
2026/4/8,sh.600023,5.45,5.48,5.39,5.48,63686853
2026/4/9,sh.600023,5.46,5.49,5.43,5.45,49691894
2026/4/10,sh.600023,5.48,5.52,5.44,5.47,50050764
2026/4/13,sh.600023,5.45,5.48,5.41,5.48,58174400
2026/4/14,sh.600023,5.48,5.55,5.47,5.52,53554980
2026/4/15,sh.600023,5.54,5.57,5.44,5.54,60832214
2026/4/16,sh.600023,5.53,5.56,5.50,5.54,40347600
2026/4/17,sh.600023,5.53,5.56,5.48,5.51,37069440
2026/4/20,sh.600023,5.50,5.62,5.48,5.61,69376498
2026/4/21,sh.600023,5.64,5.80,5.63,5.72,77301605
2026/4/22,sh.600023,5.72,5.80,5.70,5.76,68790541
2026/4/23,sh.600023,5.75,5.83,5.68,5.80,74876939
2026/4/24,sh.600023,5.79,5.87,5.75,5.80,63640205
2026/4/27,sh.600023,5.77,5.86,5.70,5.78,72265175
2026/4/28,sh.600023,5.66,5.91,5.60,5.89,138982395
2026/4/29,sh.600023,5.84,5.84,5.67,5.72,101205252
2026/4/30,sh.600023,5.69,5.75,5.62,5.70,58360406
2026/5/6,sh.600023,5.70,5.78,5.67,5.76,83691986
2026/5/7,sh.600023,5.78,5.89,5.75,5.84,72104241
2026/5/8,sh.600023,5.83,5.98,5.80,5.86,63539285
2026/5/11,sh.600023,5.90,5.97,5.81,5.92,57786961
2026/5/12,sh.600023,5.92,6.03,5.90,5.97,65401347
2026/5/13,sh.600023,5.99,6.11,5.96,6.00,96294720
2026/5/14,sh.600023,6.01,6.18,5.97,6.03,101218877
2026/5/15,sh.600023,6.00,6.11,5.92,6.07,95363379
2026/5/18,sh.600023,6.08,6.20,6.04,6.15,102933453
2026/5/19,sh.600023,6.15,6.77,6.10,6.70,270652601
2026/5/20,sh.600023,6.47,6.52,6.03,6.03,218295697
2026/5/21,sh.600023,5.90,5.95,5.71,5.71,162302256
2026/5/22,sh.600023,5.69,5.81,5.64,5.75,91279789
2026/5/25,sh.600023,5.72,5.95,5.66,5.91,101532156
2026/5/26,sh.600023,5.89,6.15,5.85,6.08,105092864
2026/5/27,sh.600023,6.03,6.11,5.96,6.00,90752441
2026/5/28,sh.600023,6.00,6.20,5.95,6.10,116405423
2026/5/29,sh.600023,6.10,6.60,6.06,6.47,205421621
2026/6/1,sh.600023,6.55,6.73,6.28,6.70,180562412
2026/6/2,sh.600023,6.60,6.60,6.37,6.39,123316536
2026/6/3,sh.600023,6.32,6.44,6.22,6.42,115845010
2026/6/4,sh.600023,6.33,6.42,6.21,6.24,80150974
2026/6/5,sh.600023,6.22,6.34,5.97,5.99,96207308
