date,code,open,high,low,close,volume
1990/12/19,sh.000001,96.05,100.00,95.79,100.00,126000
1990/12/20,sh.000001,104.30,104.39,99.98,104.39,19700
1990/12/21,sh.000001,109.07,109.13,103.73,109.13,2800
1990/12/24,sh.000001,113.57,114.55,109.13,114.55,3200
1990/12/25,sh.000001,120.09,120.25,114.55,120.25,1500
1990/12/26,sh.000001,125.27,125.27,120.25,125.27,10000
1990/12/27,sh.000001,125.27,125.28,125.27,125.28,6600
1990/12/28,sh.000001,126.39,126.45,125.28,126.45,10800
1990/12/31,sh.000001,126.56,127.61,126.48,127.61,7800
1991/1/2,sh.000001,127.61,128.84,127.61,128.84,9100
1991/1/3,sh.000001,128.84,130.14,128.84,130.14,14100
1991/1/4,sh.000001,131.27,131.44,130.14,131.44,42000
1991/1/7,sh.000001,131.99,132.06,131.45,132.06,21700
1991/1/8,sh.000001,132.62,132.68,132.06,132.68,292600
1991/1/9,sh.000001,133.30,133.34,132.68,133.34,560300
1991/1/10,sh.000001,133.93,133.97,133.34,133.97,999000
1991/1/11,sh.000001,134.61,134.61,134.51,134.60,1332700
1991/1/14,sh.000001,134.11,135.19,134.11,134.67,1253000
1991/1/15,sh.000001,134.21,134.74,134.19,134.74,144600
1991/1/16,sh.000001,134.19,134.74,134.14,134.24,50900
1991/1/17,sh.000001,133.67,134.25,133.65,134.25,65800
1991/1/18,sh.000001,133.70,134.25,133.67,134.24,300400
1991/1/21,sh.000001,133.70,134.24,133.66,134.24,205100
1991/1/22,sh.000001,133.72,134.24,133.66,133.72,35400
1991/1/23,sh.000001,133.17,133.72,133.14,133.17,109500
1991/1/24,sh.000001,132.61,133.17,132.57,132.61,185700
1991/1/25,sh.000001,132.05,132.07,132.03,132.05,344700
1991/1/28,sh.000001,131.46,131.55,131.46,131.46,510700
1991/1/29,sh.000001,130.95,130.97,130.95,130.95,138700
1991/1/30,sh.000001,130.44,130.95,130.41,130.44,52700
1991/1/31,sh.000001,129.93,130.46,129.93,129.97,51000
1991/2/1,sh.000001,129.50,129.97,129.45,129.51,34500
1991/2/4,sh.000001,129.05,129.58,129.05,129.05,55300
1991/2/5,sh.000001,128.56,128.58,128.53,128.58,856200
1991/2/6,sh.000001,129.13,129.15,128.06,129.14,664100
1991/2/7,sh.000001,129.74,129.79,129.14,129.79,213300
1991/2/8,sh.000001,130.36,130.39,129.79,130.38,123400
1991/2/11,sh.000001,130.92,130.97,130.39,130.97,931700
1991/2/12,sh.000001,131.54,131.56,130.97,131.35,377400
1991/2/13,sh.000001,131.93,131.93,131.35,131.92,115200
1991/2/14,sh.000001,132.53,132.53,132.30,132.53,362400
1991/2/19,sh.000001,133.12,133.14,133.08,133.13,174800
1991/2/20,sh.000001,133.63,133.67,133.13,133.67,87600
1991/2/21,sh.000001,134.24,134.28,133.67,134.28,322000
1991/2/22,sh.000001,134.85,134.87,134.28,134.87,342700
1991/2/25,sh.000001,134.37,134.87,134.33,134.40,81000
1991/2/26,sh.000001,133.90,134.44,133.90,133.93,109400
1991/2/27,sh.000001,133.44,133.98,133.44,133.47,21400
1991/2/28,sh.000001,132.99,133.52,132.98,133.01,225800
1991/3/1,sh.000001,132.53,132.53,132.47,132.53,712400
1991/3/4,sh.000001,132.09,132.09,131.98,131.99,251800
1991/3/5,sh.000001,131.42,131.99,131.41,131.46,98200
1991/3/6,sh.000001,130.89,130.95,130.89,130.94,71900
1991/3/7,sh.000001,130.41,130.94,130.41,130.41,56800
1991/3/8,sh.000001,129.84,130.41,129.84,129.89,93300
1991/3/11,sh.000001,129.30,129.89,129.30,129.31,51400
1991/3/12,sh.000001,128.73,129.31,128.73,128.77,95700
1991/3/13,sh.000001,126.13,128.77,126.13,126.15,49800
1991/3/14,sh.000001,125.61,126.15,125.61,125.63,32600
1991/3/15,sh.000001,125.08,125.62,125.08,125.17,79000
1991/3/18,sh.000001,124.70,125.17,124.69,124.71,125000
1991/3/19,sh.000001,124.23,124.71,124.22,124.22,89200
1991/3/20,sh.000001,123.66,124.21,123.63,123.66,67800
1991/3/21,sh.000001,123.14,123.66,123.12,123.12,15100
1991/3/22,sh.000001,122.62,123.12,122.62,122.62,20700
1991/3/25,sh.000001,122.12,122.62,122.10,122.12,44300
1991/3/26,sh.000001,121.62,122.14,121.62,121.62,116400
1991/3/27,sh.000001,121.12,121.64,121.12,121.12,66800
1991/3/28,sh.000001,120.65,121.15,120.61,120.61,96100
1991/3/29,sh.000001,120.16,120.61,120.11,120.19,218500
1991/4/1,sh.000001,120.69,120.73,119.68,120.73,1199900
1991/4/2,sh.000001,121.21,121.29,120.73,121.21,81600
1991/4/3,sh.000001,121.71,121.71,121.21,121.71,206300
1991/4/4,sh.000001,122.20,122.20,121.24,121.72,1051700
1991/4/5,sh.000001,121.07,121.73,121.03,121.54,1158900
1991/4/8,sh.000001,121.11,121.11,121.05,121.09,186200
1991/4/9,sh.000001,120.60,121.10,120.60,120.62,32000
1991/4/10,sh.000001,120.15,120.62,120.09,120.16,46600
1991/4/11,sh.000001,119.64,120.16,119.62,119.64,23900
1991/4/12,sh.000001,119.20,119.65,119.15,119.21,39900
1991/4/15,sh.000001,118.73,119.22,118.72,118.77,30100
1991/4/16,sh.000001,118.36,118.77,118.34,118.34,10500
1991/4/17,sh.000001,117.92,118.34,117.89,117.90,20100
1991/4/18,sh.000001,117.45,117.93,117.45,117.45,17800
1991/4/19,sh.000001,117.08,117.50,117.05,117.08,64600
1991/4/22,sh.000001,116.63,117.08,116.58,116.63,43000
1991/4/23,sh.000001,116.21,116.63,116.15,116.19,28200
1991/4/24,sh.000001,115.70,116.19,115.70,115.79,14800
1991/4/25,sh.000001,115.38,115.79,115.33,115.36,149500
1991/4/26,sh.000001,116.31,116.31,114.52,115.56,1335400
1991/4/29,sh.000001,114.86,116.29,114.75,114.75,841100
1991/4/30,sh.000001,113.89,114.87,113.89,113.94,485000
1991/5/2,sh.000001,113.04,113.20,113.03,113.16,146500
1991/5/3,sh.000001,112.46,113.17,112.30,112.41,423000
1991/5/6,sh.000001,111.65,112.41,111.57,111.61,276400
1991/5/7,sh.000001,110.80,110.90,110.80,110.82,187500
1991/5/8,sh.000001,110.16,110.82,110.00,110.03,42300
1991/5/9,sh.000001,109.36,110.12,109.29,109.29,226600
1991/5/10,sh.000001,108.61,109.40,108.53,108.53,24900
1991/5/13,sh.000001,107.88,107.88,107.74,107.84,23500
1991/5/14,sh.000001,107.21,107.84,107.06,107.19,26700
1991/5/15,sh.000001,106.56,106.60,106.42,106.57,39000
1991/5/16,sh.000001,105.83,105.86,105.69,105.77,310800
1991/5/17,sh.000001,105.12,106.75,104.96,106.75,2019200
1991/5/20,sh.000001,107.76,107.82,106.71,107.82,86300
1991/5/21,sh.000001,108.89,108.89,108.62,108.81,77100
1991/5/22,sh.000001,109.71,109.82,108.11,108.25,1867700
1991/5/23,sh.000001,107.52,109.16,107.35,109.08,560900
1991/5/24,sh.000001,110.07,110.08,109.82,110.08,102400
1991/5/27,sh.000001,111.05,111.07,109.47,110.66,861900
1991/5/28,sh.000001,111.61,111.68,111.36,111.68,163000
1991/5/29,sh.000001,112.75,112.75,111.67,112.75,53000
1991/5/30,sh.000001,113.74,113.82,112.77,113.82,38800
1991/5/31,sh.000001,114.83,114.83,113.84,114.83,121100
1991/6/3,sh.000001,115.90,115.97,114.89,115.97,95400
1991/6/4,sh.000001,117.12,117.12,116.83,117.12,360300
1991/6/5,sh.000001,118.17,118.17,117.14,118.17,30800
1991/6/6,sh.000001,119.26,119.35,118.17,119.35,26600
1991/6/7,sh.000001,120.46,120.47,119.35,120.47,10000
1991/6/10,sh.000001,121.65,121.67,120.47,121.67,40000
1991/6/11,sh.000001,122.89,122.89,121.67,122.89,54300
1991/6/12,sh.000001,123.90,124.11,122.89,124.11,137200
1991/6/13,sh.000001,125.33,125.34,123.65,125.34,2086800
1991/6/14,sh.000001,124.47,126.34,124.47,124.53,663300
1991/6/17,sh.000001,125.63,125.77,123.54,125.77,693300
1991/6/18,sh.000001,127.03,127.03,126.67,127.03,203000
1991/6/19,sh.000001,128.12,128.29,127.03,128.29,148100
1991/6/20,sh.000001,129.55,129.57,129.21,129.57,229900
1991/6/21,sh.000001,130.72,130.86,128.81,130.86,1361300
1991/6/24,sh.000001,132.10,132.17,131.80,132.17,196000
1991/6/25,sh.000001,133.48,133.49,132.17,133.49,162400
1991/6/26,sh.000001,134.83,134.83,133.49,134.83,340900
1991/6/27,sh.000001,136.04,136.19,134.83,136.19,449700
1991/6/28,sh.000001,137.41,137.56,136.19,137.56,493500
1991/7/1,sh.000001,136.64,138.62,136.56,136.85,2294000
1991/7/2,sh.000001,135.91,135.96,135.69,135.96,283800
1991/7/3,sh.000001,135.28,135.96,134.98,135.27,271500
1991/7/4,sh.000001,136.63,136.63,134.19,136.63,1339400
1991/7/5,sh.000001,136.01,137.68,135.90,135.96,1454000
1991/7/8,sh.000001,135.26,135.28,134.93,135.28,587400
1991/7/9,sh.000001,136.56,136.57,134.31,134.64,844200
1991/7/10,sh.000001,134.40,135.60,133.72,133.99,602300
1991/7/11,sh.000001,133.22,133.99,133.13,133.38,507300
1991/7/12,sh.000001,132.80,133.38,132.42,132.80,314400
1991/7/15,sh.000001,133.90,134.10,131.87,133.14,1193800
1991/7/16,sh.000001,134.39,134.47,133.14,134.47,279600
1991/7/17,sh.000001,135.81,135.81,135.39,135.81,66000
1991/7/18,sh.000001,137.17,137.17,135.81,137.17,84700
1991/7/19,sh.000001,137.66,138.54,136.66,136.70,1082300
1991/7/22,sh.000001,138.07,138.07,136.70,138.07,276400
1991/7/23,sh.000001,139.35,139.39,138.07,139.39,724100
1991/7/24,sh.000001,140.66,140.74,138.69,140.68,598800
1991/7/25,sh.000001,140.20,141.01,139.99,140.19,839000
1991/7/26,sh.000001,140.11,141.46,139.27,140.66,927900
1991/7/29,sh.000001,141.22,141.72,140.81,141.52,477100
1991/7/30,sh.000001,142.39,142.45,141.39,142.39,560100
1991/7/31,sh.000001,143.72,143.80,142.39,143.80,405100
1991/8/1,sh.000001,145.12,145.24,143.80,145.24,473100
1991/8/2,sh.000001,146.49,146.68,145.44,146.68,1174400
1991/8/5,sh.000001,148.06,148.15,146.68,148.15,512600
1991/8/6,sh.000001,149.62,149.62,148.15,149.62,200100
1991/8/7,sh.000001,150.93,151.12,149.62,151.12,110700
1991/8/8,sh.000001,152.57,152.61,151.12,152.61,195100
1991/8/9,sh.000001,153.90,154.10,152.61,154.10,371500
1991/8/12,sh.000001,155.34,155.54,154.10,155.54,391900
1991/8/13,sh.000001,156.87,157.07,155.54,157.07,2003900
1991/8/14,sh.000001,158.30,158.63,158.11,158.63,548000
1991/8/15,sh.000001,159.92,160.21,158.63,160.21,153700
1991/8/16,sh.000001,161.56,161.60,160.21,161.60,98400
1991/8/19,sh.000001,163.21,163.21,161.60,163.21,98500
1991/8/20,sh.000001,164.74,164.84,163.21,164.84,57300
1991/8/21,sh.000001,166.49,166.49,164.84,166.49,341100
1991/8/22,sh.000001,167.81,168.16,166.49,168.16,129600
1991/8/23,sh.000001,169.81,169.81,168.16,169.81,60500
1991/8/26,sh.000001,171.51,171.51,169.81,171.51,64300
1991/8/27,sh.000001,173.06,173.19,171.51,173.19,79600
1991/8/28,sh.000001,174.82,174.92,173.19,174.92,80400
1991/8/29,sh.000001,176.53,176.66,174.92,176.66,260800
1991/8/30,sh.000001,178.20,178.43,176.66,178.43,675900
1991/9/2,sh.000001,180.08,180.22,178.43,180.22,140800
1991/9/3,sh.000001,181.71,181.97,180.22,181.97,147500
1991/9/4,sh.000001,183.66,183.69,181.97,183.69,65000
1991/9/5,sh.000001,185.48,185.51,183.69,185.51,151400
1991/9/6,sh.000001,187.09,187.36,185.51,187.36,276500
1991/9/9,sh.000001,189.10,189.24,187.36,189.24,355200
1991/9/10,sh.000001,190.98,190.98,188.19,188.33,3343400
1991/9/11,sh.000001,187.29,187.29,186.86,187.22,2139200
1991/9/12,sh.000001,186.22,187.40,186.07,186.22,1969900
1991/9/13,sh.000001,188.00,188.04,185.01,187.79,3743400
1991/9/16,sh.000001,189.55,189.66,187.79,189.66,993300
1991/9/17,sh.000001,191.16,191.18,188.28,188.65,2882900
1991/9/18,sh.000001,187.26,188.59,187.18,187.63,1582200
1991/9/19,sh.000001,187.65,189.21,186.49,186.88,2343900
1991/9/20,sh.000001,185.77,187.21,185.66,185.92,1207500
1991/9/23,sh.000001,185.00,185.92,184.71,185.00,403400
1991/9/24,sh.000001,183.96,185.04,183.69,184.08,142600
1991/9/25,sh.000001,182.80,184.08,182.80,183.19,138900
1991/9/26,sh.000001,182.21,183.19,181.93,182.33,654100
1991/9/27,sh.000001,183.12,183.89,181.19,181.82,3372800
1991/9/30,sh.000001,180.28,181.95,180.27,180.92,2559400
1991/10/3,sh.000001,181.55,182.48,179.80,182.48,1874100
1991/10/4,sh.000001,184.29,184.29,183.59,184.29,736000
1991/10/7,sh.000001,185.95,186.00,185.41,186.00,1136900
1991/10/8,sh.000001,187.59,187.61,186.00,187.49,2374500
1991/10/9,sh.000001,188.49,189.12,186.31,189.12,2098900
1991/10/10,sh.000001,190.71,191.01,189.12,191.01,663800
1991/10/11,sh.000001,192.84,192.88,191.01,192.85,1098100
1991/10/14,sh.000001,194.06,194.69,192.32,194.67,2149300
1991/10/15,sh.000001,196.58,196.61,194.67,196.61,1100200
1991/10/16,sh.000001,198.51,198.57,196.61,198.57,956200
1991/10/17,sh.000001,200.50,200.51,198.57,200.51,607700
1991/10/18,sh.000001,202.50,202.51,200.51,202.51,296800
1991/10/21,sh.000001,204.53,204.53,202.51,204.53,353700
1991/10/22,sh.000001,206.06,206.53,204.53,206.53,212800
1991/10/23,sh.000001,208.06,208.25,206.53,208.25,262300
1991/10/24,sh.000001,210.20,210.20,208.25,210.07,1935700
1991/10/25,sh.000001,210.34,211.97,209.71,211.86,3265000
1991/10/28,sh.000001,213.50,213.98,211.86,213.98,321700
1991/10/29,sh.000001,215.63,215.78,213.98,215.78,269700
1991/10/30,sh.000001,216.37,216.43,215.78,216.43,238000
1991/10/31,sh.000001,218.59,218.60,216.43,218.60,392900
1991/11/1,sh.000001,220.71,220.72,218.60,220.72,590600
1991/11/4,sh.000001,222.77,222.77,220.79,222.77,447400
1991/11/5,sh.000001,224.44,224.65,222.77,224.65,280500
1991/11/6,sh.000001,226.83,226.88,224.65,226.88,284800
1991/11/7,sh.000001,228.93,228.93,226.88,228.93,483300
1991/11/8,sh.000001,230.99,231.22,228.93,231.22,1440600
1991/11/11,sh.000001,233.48,233.55,231.22,233.55,247400
1991/11/12,sh.000001,235.75,235.80,233.55,235.80,89500
1991/11/13,sh.000001,236.51,236.67,235.80,236.67,79900
1991/11/14,sh.000001,237.39,237.45,236.67,237.45,86200
1991/11/15,sh.000001,238.25,238.25,237.45,238.25,205800
1991/11/18,sh.000001,240.04,240.62,238.25,240.62,188500
1991/11/19,sh.000001,242.24,242.24,240.62,242.24,231000
1991/11/20,sh.000001,244.50,244.50,242.24,244.50,232500
1991/11/21,sh.000001,246.26,246.31,244.50,246.31,215500
1991/11/22,sh.000001,248.24,248.53,246.31,248.53,213300
1991/11/25,sh.000001,250.84,250.85,248.53,250.85,233100
1991/11/26,sh.000001,252.90,252.97,250.85,252.97,245400
1991/11/27,sh.000001,255.27,255.45,252.97,255.45,212000
1991/11/28,sh.000001,257.28,257.35,255.45,257.35,250200
1991/11/29,sh.000001,259.68,259.85,257.35,259.60,3369500
1991/12/2,sh.000001,261.78,262.19,259.67,262.19,1912800
1991/12/3,sh.000001,264.64,264.81,262.19,264.81,110100
1991/12/4,sh.000001,265.53,265.77,264.81,265.77,74200
1991/12/5,sh.000001,266.48,266.66,265.77,266.66,205000
1991/12/6,sh.000001,269.34,269.35,266.66,269.35,161300
1991/12/9,sh.000001,270.27,270.27,269.35,270.27,163100
1991/12/10,sh.000001,270.27,272.91,270.27,272.91,51600
1991/12/11,sh.000001,273.53,273.71,272.91,273.71,66900
1991/12/12,sh.000001,274.41,274.41,273.71,274.41,157700
1991/12/13,sh.000001,276.81,277.00,274.41,277.00,74600
1991/12/16,sh.000001,277.53,277.85,277.00,277.85,58000
1991/12/17,sh.000001,278.67,278.68,277.85,278.68,49300
1991/12/18,sh.000001,279.32,279.51,278.68,279.51,76000
1991/12/19,sh.000001,279.98,280.17,279.51,280.17,109400
1991/12/20,sh.000001,282.83,282.83,280.63,282.83,439300
1991/12/23,sh.000001,285.65,285.65,282.83,285.65,104600
1991/12/24,sh.000001,285.74,286.22,285.65,286.22,48600
1991/12/25,sh.000001,287.09,287.15,286.22,287.15,57300
1991/12/26,sh.000001,288.03,288.03,287.15,288.03,116800
1991/12/27,sh.000001,290.65,290.85,288.03,290.85,155100
1991/12/30,sh.000001,291.71,291.71,290.85,291.71,116500
1991/12/31,sh.000001,292.48,292.75,291.71,292.75,58400
1992/1/2,sh.000001,293.74,293.75,292.76,293.75,92800
1992/1/3,sh.000001,296.24,296.52,293.75,296.52,143600
1992/1/6,sh.000001,297.68,297.68,296.52,297.68,340000
1992/1/7,sh.000001,298.54,298.77,297.68,298.77,89200
1992/1/8,sh.000001,299.65,299.66,298.77,299.66,65900
1992/1/9,sh.000001,300.61,300.62,299.66,300.62,94300
1992/1/10,sh.000001,301.82,301.83,300.62,301.83,160500
1992/1/13,sh.000001,302.83,303.06,302.00,303.06,72500
1992/1/14,sh.000001,304.77,305.74,303.06,305.74,63200
1992/1/15,sh.000001,306.62,306.63,305.74,306.63,25900
1992/1/16,sh.000001,306.85,306.85,306.63,306.85,37800
1992/1/17,sh.000001,307.37,307.38,306.85,307.38,25000
1992/1/20,sh.000001,307.38,307.39,307.38,307.39,44500
1992/1/21,sh.000001,307.87,307.87,307.39,307.87,53400
1992/1/22,sh.000001,307.95,307.95,307.87,307.95,31200
1992/1/23,sh.000001,308.53,308.53,307.95,308.53,41300
1992/1/24,sh.000001,309.05,309.05,308.53,309.05,72200
1992/1/27,sh.000001,311.60,311.61,309.05,311.61,56200
1992/1/28,sh.000001,311.67,311.84,311.61,311.84,66400
1992/1/29,sh.000001,312.41,312.58,311.84,312.42,40100
1992/1/30,sh.000001,312.73,312.73,312.42,312.73,39100
1992/1/31,sh.000001,313.24,313.24,312.73,313.24,35400
1992/2/3,sh.000001,314.18,314.18,313.24,314.18,30500
1992/2/7,sh.000001,314.72,314.72,314.18,314.72,32700
1992/2/10,sh.000001,315.55,315.56,314.72,315.56,35400
1992/2/11,sh.000001,316.12,316.43,315.56,316.43,29600
1992/2/12,sh.000001,316.43,316.44,316.43,316.44,27000
1992/2/13,sh.000001,317.24,317.57,317.04,317.04,102000
1992/2/14,sh.000001,319.45,319.68,317.04,319.68,45700
1992/2/17,sh.000001,319.77,319.77,319.68,319.77,636900
1992/2/18,sh.000001,338.98,339.16,319.77,337.11,740700
1992/2/19,sh.000001,340.50,342.41,337.11,342.41,940100
1992/2/20,sh.000001,345.22,348.01,342.41,347.99,1034100
1992/2/21,sh.000001,358.91,359.93,347.99,359.59,1158200
1992/2/24,sh.000001,361.11,361.62,359.59,360.50,3015700
1992/2/25,sh.000001,359.66,361.29,357.07,360.37,486200
1992/2/26,sh.000001,359.85,360.76,359.27,360.10,575300
1992/2/27,sh.000001,361.00,363.03,360.10,362.45,952400
1992/2/28,sh.000001,364.15,364.67,362.45,364.66,986200
1992/3/2,sh.000001,365.15,365.39,364.66,365.39,340500
1992/3/3,sh.000001,366.79,367.25,365.39,367.00,298900
1992/3/4,sh.000001,367.56,368.32,366.95,368.32,561400
1992/3/5,sh.000001,369.31,369.88,368.11,369.76,836000
1992/3/6,sh.000001,370.79,371.76,369.76,371.76,523700
1992/3/9,sh.000001,372.26,374.06,371.88,373.53,2096800
1992/3/10,sh.000001,374.48,375.23,373.53,375.23,501100
1992/3/11,sh.000001,375.87,376.25,374.98,376.14,400100
1992/3/12,sh.000001,377.55,377.57,376.14,376.92,1032600
1992/3/13,sh.000001,376.58,377.19,376.38,376.38,252700
1992/3/16,sh.000001,377.00,377.42,376.38,377.05,264600
1992/3/17,sh.000001,377.50,377.84,377.03,377.49,89000
1992/3/18,sh.000001,377.94,378.32,377.49,377.66,402800
1992/3/19,sh.000001,377.26,377.96,376.21,377.31,1362800
1992/3/20,sh.000001,377.91,378.03,377.31,377.99,316000
1992/3/23,sh.000001,378.61,379.04,377.45,378.89,1029000
1992/3/24,sh.000001,378.53,379.50,378.05,378.69,437800
1992/3/25,sh.000001,378.33,379.02,378.12,378.12,1182000
1992/3/26,sh.000001,379.29,379.34,377.64,379.13,1022500
1992/3/27,sh.000001,379.65,380.79,379.13,380.77,189200
1992/3/30,sh.000001,381.54,381.56,380.76,381.44,1265500
1992/3/31,sh.000001,381.87,382.06,381.24,381.24,1739100
1992/4/1,sh.000001,381.55,381.85,381.01,381.01,406500
1992/4/2,sh.000001,381.47,381.58,381.01,381.12,167300
1992/4/3,sh.000001,381.44,381.57,381.12,381.33,170000
1992/4/6,sh.000001,381.97,382.08,381.33,381.47,529800
1992/4/7,sh.000001,381.95,382.10,381.47,381.93,1061300
1992/4/8,sh.000001,382.53,382.59,381.92,382.43,186600
1992/4/9,sh.000001,381.93,382.88,381.65,381.65,316800
1992/4/10,sh.000001,381.52,382.04,381.20,382.03,706600
1992/4/13,sh.000001,387.27,392.28,382.03,391.11,2059300
1992/4/14,sh.000001,393.10,400.61,391.10,400.61,941500
1992/4/15,sh.000001,400.35,406.72,398.23,406.72,1056600
1992/4/16,sh.000001,404.07,410.61,403.52,410.55,3921100
1992/4/17,sh.000001,408.56,414.42,406.19,414.42,1567800
1992/4/20,sh.000001,417.19,420.99,413.64,413.85,1017000
1992/4/21,sh.000001,417.99,421.55,402.89,410.06,5125700
1992/4/22,sh.000001,400.12,410.06,399.87,399.88,5059600
1992/4/23,sh.000001,407.13,408.86,394.60,407.25,5471800
1992/4/24,sh.000001,405.88,415.05,397.74,414.40,3470600
1992/4/27,sh.000001,422.45,424.92,413.47,424.58,3725700
1992/4/28,sh.000001,434.90,436.31,424.58,436.09,4239200
1992/4/29,sh.000001,445.25,446.12,436.09,444.16,5289900
1992/4/30,sh.000001,435.73,448.94,433.66,445.38,4570400
1992/5/4,sh.000001,454.86,456.24,445.38,453.62,6436200
1992/5/5,sh.000001,447.42,455.36,439.96,449.21,4935900
1992/5/6,sh.000001,449.78,454.08,446.39,449.96,3368700
1992/5/7,sh.000001,452.86,457.05,449.55,454.65,3441400
1992/5/8,sh.000001,461.05,468.42,454.65,468.11,4863400
1992/5/11,sh.000001,483.29,491.50,468.11,491.50,3095000
1992/5/12,sh.000001,502.80,506.68,491.50,506.53,3327800
1992/5/13,sh.000001,505.27,517.86,499.40,514.04,3389700
1992/5/14,sh.000001,514.48,523.50,511.91,523.36,3301000
1992/5/15,sh.000001,529.39,544.56,523.36,544.35,6328300
1992/5/18,sh.000001,560.09,571.85,544.35,571.82,2999200
1992/5/19,sh.000001,590.41,598.11,571.82,598.11,4779000
1992/5/20,sh.000001,617.28,623.88,598.11,616.99,6564600
1992/5/21,sh.000001,1260.32,1334.98,604.01,1266.49,8965700
1992/5/22,sh.000001,1306.37,1349.71,1262.44,1339.99,9372500
1992/5/25,sh.000001,1411.98,1428.79,1339.99,1421.57,8896900
1992/5/26,sh.000001,1332.39,1429.01,1291.00,1301.35,6812800
1992/5/27,sh.000001,1250.56,1285.61,823.36,1193.17,6452800
1992/5/28,sh.000001,1123.04,1184.18,1114.94,1160.17,4838900
1992/5/29,sh.000001,1243.65,1253.37,1154.01,1234.71,5161500
1992/6/1,sh.000001,1175.69,1249.58,1129.28,1183.24,3939400
1992/6/2,sh.000001,1155.88,1184.28,1138.58,1141.02,3403300
1992/6/3,sh.000001,1075.90,1141.02,1033.47,1059.07,4100200
1992/6/4,sh.000001,1087.49,1118.93,1050.45,1104.46,4318400
1992/6/5,sh.000001,1125.01,1143.07,1099.91,1105.76,4400700
1992/6/8,sh.000001,1092.07,1121.41,1085.19,1093.46,2874700
1992/6/9,sh.000001,1116.92,1144.39,1079.65,1126.62,3510000
1992/6/10,sh.000001,1199.23,1206.51,1134.73,1187.02,5873200
1992/6/11,sh.000001,1179.28,1188.68,1172.09,1178.30,3489700
1992/6/12,sh.000001,1164.12,1178.30,1153.97,1171.71,4720200
1992/6/15,sh.000001,1174.41,1181.86,1152.69,1171.85,3774700
1992/6/16,sh.000001,1171.75,1171.75,1164.24,1166.70,3515800
1992/6/17,sh.000001,1171.29,1186.59,1166.26,1169.57,3475500
1992/6/18,sh.000001,1167.16,1172.86,1158.32,1168.43,2910100
1992/6/19,sh.000001,1169.97,1171.94,1161.80,1171.94,2514600
1992/6/22,sh.000001,1173.68,1180.21,1165.74,1169.90,2792400
1992/6/23,sh.000001,1162.83,1172.46,1154.62,1158.17,1949000
1992/6/24,sh.000001,1150.89,1158.17,1144.46,1151.06,1697500
1992/6/25,sh.000001,1153.48,1160.23,1148.02,1160.23,1984600
1992/6/26,sh.000001,1164.29,1207.82,1160.23,1164.67,2906100
1992/6/29,sh.000001,1168.89,1173.49,1156.68,1169.51,5361000
1992/6/30,sh.000001,1186.62,1193.16,1169.51,1191.19,5897600
1992/7/1,sh.000001,1199.54,1215.13,1182.05,1194.18,5833000
1992/7/2,sh.000001,1187.30,1198.66,1179.86,1187.48,4651200
1992/7/3,sh.000001,1189.09,1193.39,1183.96,1189.16,7524500
1992/7/6,sh.000001,1197.76,1215.24,1190.27,1201.01,6378200
1992/7/7,sh.000001,1201.01,1206.91,1195.81,1206.46,6882600
1992/7/8,sh.000001,1192.37,1211.27,1182.72,1185.50,6804300
1992/7/9,sh.000001,1172.44,1187.18,1168.78,1178.53,5321600
1992/7/10,sh.000001,1175.14,1192.98,1166.45,1188.62,5814900
1992/7/13,sh.000001,1156.83,1198.90,1131.21,1136.33,5159500
1992/7/14,sh.000001,1124.65,1139.96,1110.19,1114.05,4446200
1992/7/15,sh.000001,1107.18,1135.57,1100.16,1107.69,4481200
1992/7/16,sh.000001,1114.13,1214.83,1108.23,1124.64,5046400
1992/7/17,sh.000001,1121.49,1134.32,1116.14,1125.56,6267100
1992/7/20,sh.000001,1100.60,1126.96,1094.81,1098.82,3169900
1992/7/21,sh.000001,1087.61,1096.49,1079.75,1082.39,3591200
1992/7/22,sh.000001,1059.22,1081.81,1034.91,1035.66,4734700
1992/7/23,sh.000001,1020.07,1033.75,961.61,1014.57,7701400
1992/7/24,sh.000001,1165.89,1178.90,1014.08,1142.02,5715500
1992/7/27,sh.000001,1169.42,1178.81,1108.05,1149.33,5956000
1992/7/28,sh.000001,1126.88,1148.63,1102.02,1105.95,7838700
1992/7/29,sh.000001,1078.31,1108.06,1047.03,1087.12,6898700
1992/7/30,sh.000001,1067.45,1087.36,1043.79,1057.40,9910800
1992/7/31,sh.000001,1045.67,1052.07,1032.54,1052.07,8714900
1992/8/3,sh.000001,1034.70,1060.36,1026.83,1031.55,6010300
1992/8/4,sh.000001,1018.30,1036.33,1016.16,1035.63,5247200
1992/8/5,sh.000001,1015.76,1038.30,1011.66,1012.55,6114600
1992/8/6,sh.000001,988.38,1010.76,983.22,1002.17,7255500
1992/8/7,sh.000001,1003.22,1006.11,995.71,1005.23,7825600
1992/8/10,sh.000001,992.73,1006.64,956.55,964.09,8178100
1992/8/11,sh.000001,926.81,961.61,797.60,863.41,10699900
1992/8/12,sh.000001,675.00,843.30,627.36,781.21,14483100
1992/8/13,sh.000001,797.17,890.06,745.62,850.94,11559400
1992/8/14,sh.000001,857.10,900.51,818.12,858.38,10440700
1992/8/17,sh.000001,898.66,940.76,858.38,939.46,11335700
1992/8/18,sh.000001,954.89,999.69,921.98,933.44,14849400
1992/8/19,sh.000001,920.66,951.16,888.23,939.51,7595200
1992/8/20,sh.000001,930.70,946.73,918.65,932.32,16056500
1992/8/21,sh.000001,916.99,938.37,912.89,916.25,17056700
1992/8/24,sh.000001,888.95,920.85,881.33,884.10,9934700
1992/8/25,sh.000001,868.10,887.49,848.05,849.57,8466200
1992/8/26,sh.000001,841.42,877.25,827.36,877.25,12615300
1992/8/27,sh.000001,874.75,880.02,861.64,863.77,5425800
1992/8/28,sh.000001,851.60,866.98,825.01,848.20,7488400
1992/8/31,sh.000001,833.50,848.40,823.02,823.27,5429600
1992/9/1,sh.000001,826.96,832.84,807.37,824.96,7869400
1992/9/2,sh.000001,803.83,826.68,783.96,787.67,9392400
1992/9/3,sh.000001,749.22,781.33,742.74,764.11,16373000
1992/9/4,sh.000001,759.54,776.18,749.46,753.58,9877200
1992/9/7,sh.000001,745.69,788.15,700.79,702.83,8710500
1992/9/8,sh.000001,653.36,702.83,595.42,640.12,10063400
1992/9/9,sh.000001,613.44,643.77,608.06,635.74,11190800
1992/9/10,sh.000001,643.21,695.18,622.01,692.78,11310900
1992/9/11,sh.000001,773.22,789.18,719.39,776.29,11729400
1992/9/14,sh.000001,762.82,793.36,714.93,734.98,13727000
1992/9/15,sh.000001,727.11,751.22,694.32,738.16,11937300
1992/9/16,sh.000001,762.29,776.68,738.16,769.04,14392600
1992/9/17,sh.000001,770.65,779.56,751.08,761.72,9418100
1992/9/18,sh.000001,715.89,761.72,715.89,754.40,6170700
1992/9/21,sh.000001,740.97,760.13,730.30,733.44,8172800
1992/9/22,sh.000001,730.71,736.90,716.23,722.70,6955200
1992/9/23,sh.000001,719.41,725.59,708.50,712.37,6559000
1992/9/24,sh.000001,720.51,735.49,709.63,730.57,7778700
1992/9/25,sh.000001,730.28,735.75,723.56,729.79,7653600
1992/9/28,sh.000001,724.45,729.79,721.19,724.70,4255700
1992/9/29,sh.000001,719.99,728.42,707.82,710.63,6483000
1992/9/30,sh.000001,703.63,710.63,698.91,702.32,8977800
1992/10/5,sh.000001,676.47,702.32,668.90,679.62,9411600
1992/10/6,sh.000001,682.92,692.62,664.27,674.24,7161300
1992/10/7,sh.000001,676.56,676.84,664.43,665.26,5383000
1992/10/8,sh.000001,648.96,671.67,640.22,643.69,8453200
1992/10/9,sh.000001,664.44,668.73,643.68,660.29,9394700
1992/10/12,sh.000001,687.45,713.77,661.99,690.57,11075200
1992/10/13,sh.000001,694.10,701.30,669.56,673.99,11223800
1992/10/14,sh.000001,661.07,673.94,648.84,663.75,10552500
1992/10/15,sh.000001,654.33,667.00,650.92,663.53,7575800
1992/10/16,sh.000001,664.00,668.57,661.20,664.75,6885100
1992/10/19,sh.000001,643.80,667.46,632.40,632.40,8103900
1992/10/20,sh.000001,634.43,663.65,604.50,616.29,9460900
1992/10/21,sh.000001,597.15,616.29,577.23,585.70,9192700
1992/10/22,sh.000001,557.03,584.91,535.79,539.80,13872800
1992/10/23,sh.000001,534.41,577.52,524.07,559.73,11498100
1992/10/26,sh.000001,539.50,561.50,504.81,506.94,12565700
1992/10/27,sh.000001,465.75,506.28,448.28,450.28,14138800
1992/10/28,sh.000001,466.73,470.98,447.93,463.21,11631100
1992/10/29,sh.000001,468.72,484.51,455.22,484.25,12405900
1992/10/30,sh.000001,494.66,507.25,484.45,507.25,14651000
1992/11/2,sh.000001,471.18,508.81,465.55,477.61,12622600
1992/11/3,sh.000001,481.34,487.07,465.60,479.81,12554300
1992/11/4,sh.000001,474.82,481.60,465.09,469.90,12859000
1992/11/5,sh.000001,460.96,470.89,457.03,462.63,9546400
1992/11/6,sh.000001,460.54,468.59,455.73,457.05,7379100
1992/11/9,sh.000001,439.81,459.04,424.68,428.61,9562200
1992/11/10,sh.000001,404.49,428.34,391.17,400.53,12466100
1992/11/11,sh.000001,402.79,410.16,388.32,410.16,10491400
1992/11/12,sh.000001,408.42,416.22,402.33,415.79,12112000
1992/11/13,sh.000001,418.49,421.67,413.30,414.09,11676300
1992/11/16,sh.000001,402.02,415.64,397.63,399.32,10707400
1992/11/17,sh.000001,390.09,399.08,386.85,393.52,10076200
1992/11/18,sh.000001,400.01,407.61,389.59,407.61,9328500
1992/11/19,sh.000001,409.61,412.23,395.16,398.95,11503000
1992/11/20,sh.000001,394.90,401.44,394.31,401.44,8647700
1992/11/23,sh.000001,404.05,410.57,401.82,410.39,13331400
1992/11/24,sh.000001,414.84,448.44,410.81,440.04,17509500
1992/11/25,sh.000001,485.16,571.63,441.54,571.63,30292800
1992/11/26,sh.000001,674.74,752.32,562.01,562.01,38763300
1992/11/27,sh.000001,593.68,682.40,490.54,637.67,26691500
1992/11/30,sh.000001,682.08,727.13,637.67,724.60,37065500
1992/12/1,sh.000001,718.99,749.89,713.85,716.74,21540400
1992/12/2,sh.000001,694.88,722.20,690.63,722.20,18142100
1992/12/3,sh.000001,760.65,826.06,739.03,808.20,30101400
1992/12/4,sh.000001,833.23,841.02,807.02,807.02,30575300
1992/12/7,sh.000001,765.87,803.12,757.34,793.25,25074200
1992/12/8,sh.000001,796.63,811.57,743.90,753.94,43366000
1992/12/9,sh.000001,737.94,752.89,661.66,676.45,27620400
1992/12/10,sh.000001,668.46,693.41,592.78,625.23,22743900
1992/12/11,sh.000001,664.61,735.62,628.91,722.28,30749000
1992/12/14,sh.000001,741.06,748.19,668.07,705.07,18814100
1992/12/15,sh.000001,699.83,713.90,682.24,682.24,14170300
1992/12/16,sh.000001,671.45,690.25,663.17,685.82,12133100
1992/12/17,sh.000001,689.14,707.82,685.65,707.82,11680200
1992/12/18,sh.000001,715.72,721.26,690.45,698.13,10233600
1992/12/21,sh.000001,709.87,731.68,697.70,731.68,27703700
1992/12/22,sh.000001,731.58,731.90,724.74,725.78,18332200
1992/12/23,sh.000001,723.84,736.27,721.44,732.05,11315900
1992/12/24,sh.000001,731.55,758.59,731.31,758.59,16675200
1992/12/25,sh.000001,768.68,781.36,761.89,764.28,26168700
1992/12/28,sh.000001,764.43,772.29,756.89,757.31,15216700
1992/12/29,sh.000001,759.54,769.61,754.54,768.91,14986400
1992/12/30,sh.000001,775.07,777.43,767.07,767.52,15273500
1992/12/31,sh.000001,765.86,784.03,765.41,780.39,13551100
1993/1/4,sh.000001,784.13,816.64,777.16,814.04,18385000
1993/1/5,sh.000001,813.34,859.19,813.34,858.72,34009800
1993/1/6,sh.000001,881.00,883.42,843.16,847.44,40287100
1993/1/7,sh.000001,855.80,868.97,849.53,868.97,26844700
1993/1/8,sh.000001,882.57,893.86,878.33,889.47,37343200
1993/1/11,sh.000001,913.44,977.42,901.47,977.42,63885100
1993/1/12,sh.000001,1001.93,1028.43,982.15,987.26,62439900
1993/1/13,sh.000001,996.41,1024.05,973.30,1024.05,39530700
1993/1/14,sh.000001,1053.91,1088.60,1036.03,1086.43,63840400
1993/1/15,sh.000001,1083.60,1099.83,1054.46,1063.76,46630300
1993/1/18,sh.000001,1067.98,1078.03,1052.80,1055.32,33836900
1993/1/19,sh.000001,1053.52,1064.08,991.83,991.83,33261000
1993/1/20,sh.000001,990.09,1050.11,984.74,1043.31,25837600
1993/1/21,sh.000001,1051.60,1077.82,1046.18,1074.26,30186400
1993/1/22,sh.000001,1074.36,1109.59,1073.64,1100.31,32564300
1993/1/27,sh.000001,1126.37,1162.44,1113.57,1162.44,47263200
1993/1/28,sh.000001,1182.39,1186.21,1146.90,1150.37,46010100
1993/1/29,sh.000001,1156.84,1198.48,1140.24,1198.48,52009700
1993/2/1,sh.000001,1242.35,1278.50,1222.18,1278.50,68344100
1993/2/2,sh.000001,1292.40,1325.24,1291.99,1310.58,61441300
1993/2/3,sh.000001,1321.63,1326.19,1265.70,1300.56,56056600
1993/2/4,sh.000001,1323.13,1371.58,1297.46,1371.58,55691600
1993/2/5,sh.000001,1371.34,1404.64,1325.85,1332.96,65156400
1993/2/8,sh.000001,1339.59,1393.34,1334.19,1393.17,62254100
1993/2/9,sh.000001,1427.33,1483.52,1426.48,1474.92,76479200
1993/2/10,sh.000001,1500.52,1528.51,1448.07,1454.46,78879600
1993/2/11,sh.000001,1495.92,1497.01,1364.67,1397.38,73165800
1993/2/12,sh.000001,1378.20,1458.76,1352.27,1458.76,85377900
1993/2/15,sh.000001,1544.10,1544.10,1499.10,1536.82,71643700
1993/2/16,sh.000001,1555.15,1558.95,1504.36,1513.48,49370700
1993/2/17,sh.000001,1515.25,1533.58,1502.88,1504.00,37401700
1993/2/18,sh.000001,1503.72,1538.61,1497.79,1508.22,44231600
1993/2/19,sh.000001,1471.56,1514.46,1441.07,1499.74,50456900
1993/2/22,sh.000001,1487.84,1527.13,1453.31,1456.29,47799900
1993/2/23,sh.000001,1420.63,1466.07,1346.15,1367.36,47146300
1993/2/24,sh.000001,1310.04,1346.48,1196.47,1264.96,72096000
1993/2/25,sh.000001,1271.20,1421.35,1261.76,1410.36,59558300
1993/2/26,sh.000001,1436.99,1444.05,1320.89,1339.88,65026200
1993/3/1,sh.000001,1328.22,1339.10,1199.73,1199.73,42590100
1993/3/2,sh.000001,1207.57,1285.17,1186.34,1245.11,39995600
1993/3/3,sh.000001,1263.74,1267.54,1220.03,1231.77,19353900
1993/3/4,sh.000001,1231.92,1244.65,1131.29,1159.13,27796700
1993/3/5,sh.000001,1116.41,1180.58,1026.18,1109.54,48499200
1993/3/8,sh.000001,1133.52,1325.49,1133.46,1209.65,75931400
1993/3/9,sh.000001,1160.13,1209.66,1129.81,1137.79,39165800
1993/3/10,sh.000001,1099.52,1190.33,1089.36,1188.97,30179000
1993/3/11,sh.000001,1219.47,1261.80,1196.25,1261.80,44817800
1993/3/12,sh.000001,1280.37,1286.07,1231.39,1236.37,40211000
1993/3/15,sh.000001,1226.66,1241.04,1171.73,1171.73,25675500
1993/3/16,sh.000001,1167.91,1222.55,1155.10,1222.55,24317400
1993/3/17,sh.000001,1238.80,1239.33,1193.59,1202.85,16570700
1993/3/18,sh.000001,1203.20,1206.59,1171.43,1184.48,17671500
1993/3/19,sh.000001,1188.37,1207.56,1171.73,1174.99,26366300
1993/3/22,sh.000001,1148.29,1179.05,1036.92,1036.92,37713800
1993/3/23,sh.000001,1035.60,1035.63,958.42,971.25,35024800
1993/3/24,sh.000001,965.58,996.58,956.97,956.97,22016900
1993/3/25,sh.000001,963.53,965.96,913.74,945.42,21946500
1993/3/26,sh.000001,969.24,1039.76,945.93,1039.76,51256800
1993/3/29,sh.000001,1008.40,1047.88,961.49,970.45,24421700
1993/3/30,sh.000001,973.08,992.11,958.05,958.05,27161600
1993/3/31,sh.000001,953.29,957.94,918.40,925.91,23505600
1993/4/1,sh.000001,921.59,949.77,915.59,947.23,13829400
1993/4/2,sh.000001,953.51,968.05,940.55,944.01,18497800
1993/4/5,sh.000001,945.58,947.90,924.49,947.87,18006000
1993/4/6,sh.000001,949.81,1064.87,949.05,1059.62,53894300
1993/4/7,sh.000001,1108.64,1158.74,1076.45,1099.62,101968400
1993/4/8,sh.000001,1099.62,1238.87,1099.62,1238.87,104426900
1993/4/9,sh.000001,1322.07,1340.91,1236.46,1243.02,106908500
1993/4/12,sh.000001,1254.62,1276.41,1195.57,1203.54,63895800
1993/4/13,sh.000001,1204.75,1297.84,1201.07,1297.36,66812100
1993/4/14,sh.000001,1304.33,1341.19,1247.83,1272.39,88080900
1993/4/15,sh.000001,1265.30,1298.34,1255.94,1278.84,59730500
1993/4/16,sh.000001,1282.79,1287.08,1211.83,1214.75,65147000
1993/4/19,sh.000001,1203.85,1241.86,1185.76,1223.22,47857700
1993/4/20,sh.000001,1257.10,1257.10,1233.72,1235.52,45007400
1993/4/21,sh.000001,1234.71,1243.47,1220.09,1222.56,28027500
1993/4/22,sh.000001,1227.10,1267.35,1220.27,1267.35,34489200
1993/4/23,sh.000001,1288.51,1295.76,1255.87,1260.25,55684900
1993/4/26,sh.000001,1298.92,1345.73,1282.54,1345.61,77438500
1993/4/27,sh.000001,1379.43,1391.42,1360.83,1363.44,91152800
1993/4/28,sh.000001,1371.10,1382.83,1357.91,1372.50,68809400
1993/4/29,sh.000001,1377.04,1392.62,1348.38,1349.68,50255400
1993/4/30,sh.000001,1341.54,1363.11,1336.59,1358.78,39949000
1993/5/3,sh.000001,1365.15,1380.50,1349.98,1352.24,59518900
1993/5/4,sh.000001,1352.08,1365.92,1234.55,1241.16,71292400
1993/5/5,sh.000001,1232.65,1273.13,1204.06,1246.82,46009600
1993/5/6,sh.000001,1250.39,1250.39,1151.49,1162.92,46567800
1993/5/7,sh.000001,1194.26,1210.78,1159.16,1199.81,43220800
1993/5/10,sh.000001,1216.72,1221.98,1110.94,1128.29,39738100
1993/5/11,sh.000001,1124.85,1138.49,1107.66,1136.74,24142100
1993/5/12,sh.000001,1138.52,1160.51,1133.93,1140.19,24862900
1993/5/13,sh.000001,1140.21,1177.28,1140.21,1177.28,19331600
1993/5/14,sh.000001,1180.46,1201.44,1161.19,1167.47,25702500
1993/5/17,sh.000001,1162.07,1162.07,1097.61,1140.04,19483200
1993/5/18,sh.000001,1140.04,1148.34,1128.75,1130.26,19490200
1993/5/19,sh.000001,1129.10,1147.22,1127.43,1147.22,11736200
1993/5/20,sh.000001,1148.56,1175.20,1148.56,1165.40,24387900
1993/5/21,sh.000001,1177.30,1178.54,1133.20,1143.97,15356400
1993/5/24,sh.000001,1136.29,1143.97,1024.69,1026.13,38697200
1993/5/25,sh.000001,1020.32,1020.32,965.29,997.95,30106400
1993/5/26,sh.000001,1003.89,1008.55,992.94,995.45,20256500
1993/5/27,sh.000001,1001.19,1001.63,942.21,963.61,25302200
1993/5/28,sh.000001,962.21,980.96,959.25,972.77,21841900
1993/5/31,sh.000001,975.05,980.03,930.64,935.48,34190800
1993/6/1,sh.000001,935.90,935.90,859.48,928.58,27585800
1993/6/2,sh.000001,958.61,1081.20,904.32,1081.20,99884600
1993/6/3,sh.000001,1102.08,1177.91,961.32,1018.29,110374800
1993/6/4,sh.000001,1024.74,1031.03,981.89,1004.30,50104000
1993/6/7,sh.000001,1006.26,1068.84,982.03,1064.98,44956300
1993/6/8,sh.000001,1094.11,1101.69,1054.31,1074.58,101236300
1993/6/9,sh.000001,1071.33,1081.18,1053.32,1065.19,45470500
1993/6/10,sh.000001,1069.36,1070.06,1040.38,1044.44,32304400
1993/6/11,sh.000001,1043.94,1052.56,1024.20,1047.00,27958200
1993/6/14,sh.000001,1046.07,1046.07,990.16,1000.43,42187200
1993/6/15,sh.000001,998.70,1002.96,981.84,1001.61,23373500
1993/6/16,sh.000001,1004.40,1013.81,997.33,1004.24,15029700
1993/6/17,sh.000001,998.21,1016.23,998.00,998.00,13433400
1993/6/18,sh.000001,994.20,1007.25,989.21,1005.98,14863400
1993/6/21,sh.000001,1003.98,1003.98,967.74,977.61,17526600
1993/6/22,sh.000001,972.10,987.07,971.63,981.13,16305300
1993/6/23,sh.000001,981.40,991.21,980.53,986.02,13603400
1993/6/24,sh.000001,985.62,993.80,974.17,980.17,13740500
1993/6/25,sh.000001,979.93,1041.22,979.93,1006.64,22439600
1993/6/28,sh.000001,1006.63,1010.52,983.97,1002.42,32836400
1993/6/29,sh.000001,1008.23,1037.49,1002.61,1028.44,83242800
1993/6/30,sh.000001,1037.89,1043.05,1003.86,1007.05,58065100
1993/7/1,sh.000001,1000.80,1009.89,980.05,997.53,39904300
1993/7/2,sh.000001,995.70,1002.87,986.98,986.98,26405000
1993/7/5,sh.000001,976.67,980.92,946.87,952.31,28641700
1993/7/6,sh.000001,938.42,938.42,895.69,897.64,32622400
1993/7/7,sh.000001,897.22,909.93,869.65,903.79,23399600
1993/7/8,sh.000001,904.46,909.11,895.62,896.16,12023600
1993/7/9,sh.000001,896.16,896.24,865.31,868.57,17493600
1993/7/12,sh.000001,855.50,855.50,828.55,845.52,43384900
1993/7/13,sh.000001,853.66,870.05,853.66,870.05,28432600
1993/7/14,sh.000001,870.05,870.05,833.08,836.39,30815700
1993/7/15,sh.000001,833.89,847.30,830.61,838.70,17923400
1993/7/16,sh.000001,841.62,849.66,839.28,846.87,19016300
1993/7/19,sh.000001,846.87,849.04,836.71,836.98,33605800
1993/7/20,sh.000001,835.79,838.34,803.22,808.21,19428100
1993/7/21,sh.000001,809.53,820.07,808.20,811.74,16293700
1993/7/22,sh.000001,812.10,815.53,804.10,815.53,14895900
1993/7/23,sh.000001,816.08,818.55,811.47,813.54,20272400
1993/7/26,sh.000001,810.07,810.07,787.80,787.81,24545900
1993/7/27,sh.000001,788.19,798.85,777.73,791.62,14811000
1993/7/28,sh.000001,792.88,818.06,791.23,798.33,43947300
1993/7/29,sh.000001,801.16,810.63,801.16,806.67,25966700
1993/7/30,sh.000001,810.09,901.12,810.09,881.07,122213600
1993/8/2,sh.000001,885.31,913.15,842.35,843.27,132710100
1993/8/3,sh.000001,842.29,853.35,830.67,832.72,30748000
1993/8/4,sh.000001,833.40,855.86,823.00,850.54,34327800
1993/8/5,sh.000001,853.71,863.94,842.72,849.30,53832900
1993/8/6,sh.000001,841.39,860.73,841.39,855.52,52406900
1993/8/9,sh.000001,866.65,887.45,861.34,885.27,108823500
1993/8/10,sh.000001,897.46,911.77,861.19,862.08,143881100
1993/8/11,sh.000001,862.40,883.02,861.78,883.02,43553100
1993/8/12,sh.000001,896.74,917.96,893.51,917.04,101568900
1993/8/13,sh.000001,929.42,947.26,922.52,947.26,133246700
1993/8/16,sh.000001,969.90,1023.87,967.35,1023.87,143288200
1993/8/17,sh.000001,1042.42,1042.47,973.48,974.11,154271900
1993/8/18,sh.000001,974.11,988.14,947.93,947.93,64282800
1993/8/19,sh.000001,944.58,980.43,944.47,968.51,44829700
1993/8/20,sh.000001,973.00,977.39,937.99,946.54,45125600
1993/8/23,sh.000001,933.72,937.30,888.68,893.23,49770400
1993/8/24,sh.000001,878.09,902.30,873.13,894.44,34221300
1993/8/25,sh.000001,904.74,921.21,904.74,911.40,28567300
1993/8/26,sh.000001,913.27,914.15,896.00,903.91,17018100
1993/8/27,sh.000001,903.47,903.77,886.30,894.59,41133200
1993/8/30,sh.000001,901.09,911.18,884.51,899.27,23177000
1993/8/31,sh.000001,895.76,909.72,893.99,895.68,16909200
1993/9/1,sh.000001,898.01,900.18,886.57,893.97,24555300
1993/9/2,sh.000001,894.27,901.39,893.00,901.39,17155500
1993/9/3,sh.000001,907.89,926.11,905.71,922.69,32316800
1993/9/6,sh.000001,940.46,947.53,933.74,947.53,49780900
1993/9/7,sh.000001,947.12,947.12,908.29,909.04,34594400
1993/9/8,sh.000001,907.98,918.26,896.56,909.13,26397800
1993/9/9,sh.000001,911.95,914.79,900.82,901.66,23705200
1993/9/10,sh.000001,887.83,908.91,887.65,903.56,17150400
1993/9/13,sh.000001,895.62,895.62,873.55,879.24,29506100
1993/9/14,sh.000001,875.14,879.93,865.61,876.62,13893600
1993/9/15,sh.000001,876.38,903.24,876.25,880.78,10019100
1993/9/16,sh.000001,885.02,885.79,874.35,875.08,11453800
1993/9/17,sh.000001,874.51,883.17,868.74,881.41,14235900
1993/9/20,sh.000001,875.97,878.23,865.74,875.00,17712200
1993/9/21,sh.000001,875.13,896.68,875.13,890.23,26600000
1993/9/22,sh.000001,891.05,892.32,881.04,881.24,17943200
1993/9/23,sh.000001,882.68,888.82,881.68,884.02,17234900
1993/9/24,sh.000001,873.16,915.06,864.38,875.81,46708500
1993/9/27,sh.000001,876.61,884.30,876.39,880.98,31215800
1993/9/28,sh.000001,886.11,898.15,883.92,898.15,55959100
1993/9/29,sh.000001,904.76,909.84,885.46,886.12,48869400
1993/9/30,sh.000001,887.13,896.58,883.55,890.27,52482900
1993/10/4,sh.000001,895.69,901.37,891.33,892.55,56342800
1993/10/5,sh.000001,894.37,896.00,885.04,885.86,35740200
1993/10/6,sh.000001,886.33,891.13,879.42,885.04,43647800
1993/10/7,sh.000001,887.00,934.40,880.99,887.62,161861500
1993/10/8,sh.000001,897.72,898.90,874.28,874.76,119502900
1993/10/11,sh.000001,872.95,879.68,866.93,868.38,63513000
1993/10/12,sh.000001,868.48,875.62,866.85,871.42,55400900
1993/10/13,sh.000001,874.36,879.29,854.79,859.70,60754500
1993/10/14,sh.000001,858.33,859.48,848.53,855.04,41746600
1993/10/15,sh.000001,855.67,862.54,854.97,856.92,26842600
1993/10/18,sh.000001,852.82,852.82,835.25,835.25,55446500
1993/10/19,sh.000001,839.20,846.39,836.77,839.60,57658300
1993/10/20,sh.000001,843.58,846.78,837.97,843.85,69159100
1993/10/21,sh.000001,846.25,846.43,831.87,832.25,74261100
1993/10/22,sh.000001,827.75,844.50,818.81,818.81,105635000
1993/10/25,sh.000001,792.78,797.48,774.54,784.97,81370700
1993/10/26,sh.000001,789.25,792.43,781.13,783.23,99552100
1993/10/27,sh.000001,787.79,789.41,776.41,778.38,90103100
1993/10/28,sh.000001,779.64,829.10,778.27,824.66,116073400
1993/10/29,sh.000001,834.51,834.79,809.80,814.82,99924000
1993/11/1,sh.000001,801.86,823.25,801.86,816.71,64697100
1993/11/2,sh.000001,821.85,824.49,810.81,812.67,54900300
1993/11/3,sh.000001,812.63,814.74,804.73,805.71,57187400
1993/11/4,sh.000001,804.66,806.66,793.32,804.26,50440200
1993/11/5,sh.000001,804.26,816.40,803.03,814.39,51853100
1993/11/8,sh.000001,833.26,836.99,819.09,836.99,81818500
1993/11/9,sh.000001,840.89,846.15,834.75,846.15,67988100
1993/11/10,sh.000001,848.45,856.77,828.66,833.17,116909000
1993/11/11,sh.000001,836.55,851.44,836.55,848.27,111497300
1993/11/12,sh.000001,858.20,868.91,858.20,865.97,98310900
1993/11/15,sh.000001,875.80,893.42,875.80,890.46,135435800
1993/11/16,sh.000001,890.92,891.43,876.61,880.33,127861400
1993/11/17,sh.000001,881.93,894.96,881.93,887.65,106297500
1993/11/18,sh.000001,895.69,903.28,892.41,903.07,87749300
1993/11/19,sh.000001,907.41,924.67,904.60,924.67,162073100
1993/11/22,sh.000001,924.67,954.35,898.49,949.77,188434100
1993/11/23,sh.000001,955.82,971.46,949.82,957.95,213569100
1993/11/24,sh.000001,955.24,963.62,945.43,953.23,189382200
1993/11/25,sh.000001,959.90,992.89,959.90,986.69,235481800
1993/11/26,sh.000001,986.69,1011.76,963.46,965.39,191899300
1993/11/29,sh.000001,968.44,974.85,956.34,972.96,138663700
1993/11/30,sh.000001,984.54,990.40,979.08,984.93,160317700
1993/12/1,sh.000001,993.67,993.74,971.49,974.80,121788100
1993/12/2,sh.000001,974.35,980.94,964.43,972.80,77822800
1993/12/3,sh.000001,975.65,982.10,970.10,980.67,80622900
1993/12/6,sh.000001,986.12,1004.01,979.72,995.72,206296800
1993/12/7,sh.000001,1006.70,1022.34,1006.70,1022.34,240283500
1993/12/8,sh.000001,1044.85,1044.85,1004.02,1009.67,222364300
1993/12/9,sh.000001,1016.78,1016.78,969.95,984.90,124642100
1993/12/10,sh.000001,986.02,994.48,957.65,978.57,128458300
1993/12/13,sh.000001,982.38,982.38,947.83,950.77,98669900
1993/12/14,sh.000001,942.01,953.67,914.95,925.20,92058400
1993/12/15,sh.000001,926.05,940.61,903.82,940.61,98840700
1993/12/16,sh.000001,941.43,948.36,908.08,908.08,97996900
1993/12/17,sh.000001,884.47,913.33,884.47,901.70,90274400
1993/12/20,sh.000001,823.77,836.04,750.46,783.79,131958100
1993/12/21,sh.000001,786.82,840.34,778.93,840.34,123916500
1993/12/22,sh.000001,837.54,852.63,819.68,821.19,206019600
1993/12/23,sh.000001,820.54,839.41,820.54,833.77,103124700
1993/12/24,sh.000001,841.66,845.07,828.81,834.39,91848100
1993/12/27,sh.000001,841.49,843.97,837.83,839.90,100494000
1993/12/28,sh.000001,851.38,854.65,836.17,839.57,143802600
1993/12/29,sh.000001,839.56,839.56,820.06,821.16,93701200
1993/12/30,sh.000001,819.14,835.21,816.36,826.23,73974700
1993/12/31,sh.000001,829.16,834.86,825.46,833.80,69706300
1994/1/3,sh.000001,837.70,840.65,831.66,833.90,101005600
1994/1/4,sh.000001,835.97,836.97,829.89,832.69,65274300
1994/1/5,sh.000001,829.30,847.05,823.10,846.98,89412100
1994/1/6,sh.000001,850.78,869.33,850.78,869.33,184511700
1994/1/7,sh.000001,875.18,883.99,873.01,879.64,168688400
1994/1/10,sh.000001,891.99,900.30,889.73,900.30,187595100
1994/1/11,sh.000001,903.54,907.09,884.00,891.79,136850000
1994/1/12,sh.000001,891.83,900.23,885.88,888.04,127429900
1994/1/13,sh.000001,889.02,899.14,888.80,897.46,80792100
1994/1/14,sh.000001,900.13,900.99,842.62,849.23,242925400
1994/1/17,sh.000001,861.34,868.88,856.50,859.28,108350100
1994/1/18,sh.000001,859.30,859.30,826.01,835.06,95269400
1994/1/19,sh.000001,835.08,835.08,794.17,807.50,96166000
1994/1/20,sh.000001,791.00,804.25,777.83,802.61,89765000
1994/1/21,sh.000001,800.55,815.75,794.97,812.88,83184300
1994/1/24,sh.000001,830.16,839.20,824.42,839.20,125290700
1994/1/25,sh.000001,838.06,842.04,815.23,815.89,139728600
1994/1/26,sh.000001,828.34,828.40,810.32,812.41,85449200
1994/1/27,sh.000001,813.54,819.79,813.54,818.60,38743700
1994/1/28,sh.000001,818.32,818.34,795.07,799.26,96816300
1994/1/31,sh.000001,781.54,781.74,760.78,770.25,81296000
1994/2/1,sh.000001,770.25,770.28,750.61,755.15,49170200
1994/2/2,sh.000001,753.10,772.20,753.10,772.20,58287900
1994/2/3,sh.000001,775.20,792.52,775.20,780.17,106685300
1994/2/4,sh.000001,784.06,797.88,782.34,797.86,141953800
1994/2/14,sh.000001,813.95,818.57,779.09,779.91,114907800
1994/2/15,sh.000001,775.85,777.42,761.64,772.76,64344100
1994/2/16,sh.000001,775.14,779.25,773.13,776.10,53894500
1994/2/17,sh.000001,773.67,774.48,763.81,768.57,51481800
1994/2/18,sh.000001,768.13,771.80,768.13,769.18,49271200
1994/2/21,sh.000001,769.94,769.94,752.62,754.41,44985500
1994/2/22,sh.000001,751.68,772.82,749.74,768.17,64710300
1994/2/23,sh.000001,768.52,769.96,757.24,759.71,40209600
1994/2/24,sh.000001,761.41,761.41,749.63,758.84,147241800
1994/2/25,sh.000001,767.57,787.67,765.45,787.42,234751600
1994/2/28,sh.000001,785.82,795.20,770.98,770.98,285003400
1994/3/1,sh.000001,771.52,775.68,756.63,757.29,122736700
1994/3/2,sh.000001,755.53,760.44,740.63,742.06,129117800
1994/3/3,sh.000001,739.39,745.71,727.99,734.45,100225800
1994/3/4,sh.000001,729.14,735.97,724.33,726.30,113528500
1994/3/7,sh.000001,718.35,718.79,714.05,718.40,30782400
1994/3/8,sh.000001,721.65,728.76,705.65,711.27,171244800
1994/3/9,sh.000001,715.87,722.04,710.00,716.11,269506600
1994/3/10,sh.000001,717.72,741.44,694.03,698.89,294027900
1994/3/11,sh.000001,700.32,717.95,694.32,717.38,316906900
1994/3/14,sh.000001,774.77,788.42,751.20,788.42,482718100
1994/3/15,sh.000001,800.76,800.94,766.60,772.76,468774600
1994/3/16,sh.000001,767.66,793.87,766.65,793.87,369946300
1994/3/17,sh.000001,805.41,807.52,772.09,776.04,345537200
1994/3/18,sh.000001,777.05,781.18,753.06,765.22,256618500
1994/3/21,sh.000001,755.86,757.55,731.05,731.62,167903700
1994/3/22,sh.000001,726.16,739.32,724.38,739.31,130998800
1994/3/23,sh.000001,739.38,740.38,723.89,725.21,198650700
1994/3/24,sh.000001,725.20,735.49,719.82,724.30,282521600
1994/3/25,sh.000001,732.61,737.16,714.59,719.05,231490400
1994/3/28,sh.000001,702.42,709.19,696.52,702.23,198621800
1994/3/29,sh.000001,706.37,711.48,700.52,706.91,220198000
1994/3/30,sh.000001,710.35,714.10,703.99,706.34,202356800
1994/3/31,sh.000001,709.91,713.60,701.46,704.46,249675300
1994/4/1,sh.000001,704.93,705.41,691.86,698.84,165498700
1994/4/4,sh.000001,698.19,700.21,692.51,694.38,218142100
1994/4/5,sh.000001,695.20,698.59,681.02,682.75,150353900
1994/4/6,sh.000001,682.23,683.48,675.57,679.74,109768700
1994/4/7,sh.000001,678.11,684.55,674.72,677.31,118822000
1994/4/8,sh.000001,678.13,680.57,675.25,678.85,91426600
1994/4/11,sh.000001,668.85,670.27,657.10,659.05,117308600
1994/4/12,sh.000001,655.34,665.81,652.56,665.61,107818500
1994/4/13,sh.000001,673.60,674.50,654.94,656.79,154842600
1994/4/14,sh.000001,651.82,654.57,634.58,636.08,163072000
1994/4/15,sh.000001,630.57,630.83,592.31,626.79,236934500
1994/4/18,sh.000001,619.51,619.53,597.73,604.15,158792100
1994/4/19,sh.000001,597.78,600.66,571.44,572.73,171016200
1994/4/20,sh.000001,560.79,563.24,536.87,540.24,181445000
1994/4/21,sh.000001,536.34,588.00,536.34,582.43,219199000
1994/4/22,sh.000001,586.83,599.01,563.79,566.07,321306000
1994/4/25,sh.000001,566.63,572.39,555.76,560.80,193155600
1994/4/26,sh.000001,565.47,579.91,565.47,579.72,142388900
1994/4/27,sh.000001,590.99,598.58,583.29,598.50,291695600
1994/4/28,sh.000001,605.98,616.09,593.81,599.63,357968600
1994/4/29,sh.000001,598.35,610.95,585.77,592.56,260483500
1994/5/3,sh.000001,593.94,605.77,588.95,605.77,140076100
1994/5/4,sh.000001,615.81,620.94,610.38,619.58,238000300
1994/5/5,sh.000001,608.36,609.85,585.23,590.87,190767900
1994/5/6,sh.000001,589.23,592.75,575.25,585.80,177620400
1994/5/9,sh.000001,587.94,588.38,576.94,581.70,174904300
1994/5/10,sh.000001,584.77,595.42,584.54,595.38,171604100
1994/5/11,sh.000001,603.27,606.73,589.64,591.18,254872000
1994/5/12,sh.000001,586.15,593.70,580.39,582.16,184433600
1994/5/13,sh.000001,582.51,590.40,575.28,590.39,146681000
1994/5/16,sh.000001,597.12,597.12,588.48,592.57,265397500
1994/5/17,sh.000001,592.29,594.98,589.53,592.02,163743500
1994/5/18,sh.000001,590.32,591.61,581.73,583.32,194516600
1994/5/19,sh.000001,578.80,590.63,576.85,590.54,123194900
1994/5/20,sh.000001,592.38,597.72,588.37,594.22,205730400
1994/5/23,sh.000001,594.52,597.15,586.39,587.65,158567000
1994/5/24,sh.000001,586.50,590.52,586.50,590.46,104712400
1994/5/25,sh.000001,591.23,592.85,585.15,586.76,107663400
1994/5/26,sh.000001,586.09,587.16,575.93,577.46,109949100
1994/5/27,sh.000001,572.97,574.78,566.37,573.36,129910700
1994/5/30,sh.000001,565.63,565.87,543.19,544.26,641294000
1994/5/31,sh.000001,538.45,556.28,537.78,556.26,310822800
1994/6/1,sh.000001,554.08,556.90,543.88,545.05,225002400
1994/6/2,sh.000001,543.30,548.12,543.10,546.58,183576300
1994/6/3,sh.000001,547.21,555.39,547.15,548.75,175766600
1994/6/6,sh.000001,549.03,549.66,540.99,542.97,116955000
1994/6/7,sh.000001,541.16,541.25,527.93,529.76,58625300
1994/6/8,sh.000001,526.40,535.52,522.85,533.56,80504300
1994/6/9,sh.000001,534.24,536.89,521.02,523.00,93166900
1994/6/10,sh.000001,519.84,521.84,512.03,514.54,78470300
1994/6/13,sh.000001,505.54,505.68,491.61,492.03,70764400
1994/6/14,sh.000001,492.45,497.80,487.26,490.75,75173900
1994/6/15,sh.000001,492.84,498.71,491.18,496.11,82989700
1994/6/16,sh.000001,498.11,506.40,494.94,506.36,79772400
1994/6/17,sh.000001,509.09,528.45,504.13,527.85,184202200
1994/6/20,sh.000001,523.37,531.11,500.46,502.43,185821300
1994/6/21,sh.000001,498.56,501.24,494.81,498.07,63665600
1994/6/22,sh.000001,499.14,509.19,499.14,505.18,55608700
1994/6/23,sh.000001,507.03,507.92,498.57,500.39,62463800
1994/6/24,sh.000001,499.91,500.50,490.68,492.33,59950500
1994/6/27,sh.000001,483.45,483.90,471.03,472.10,66136700
1994/6/28,sh.000001,470.54,472.95,468.77,469.95,38783300
1994/6/29,sh.000001,472.48,475.38,466.97,468.20,34303800
1994/6/30,sh.000001,466.35,471.18,458.74,469.29,47517300
1994/7/1,sh.000001,469.27,469.43,457.51,458.37,52899500
1994/7/4,sh.000001,446.23,446.86,438.12,438.58,51969900
1994/7/5,sh.000001,437.64,443.86,436.22,443.61,43898900
1994/7/6,sh.000001,444.59,445.05,430.77,431.71,56253700
1994/7/7,sh.000001,428.30,430.58,423.03,425.98,44138200
1994/7/8,sh.000001,426.25,438.06,425.90,437.75,59650200
1994/7/11,sh.000001,436.54,436.54,427.08,428.15,66075300
1994/7/12,sh.000001,427.62,431.15,427.23,429.21,32247700
1994/7/13,sh.000001,430.55,437.66,430.40,437.62,46165200
1994/7/14,sh.000001,437.53,440.59,430.57,431.80,79063600
1994/7/15,sh.000001,431.01,431.05,413.00,413.93,69611800
1994/7/18,sh.000001,405.61,406.64,397.47,398.96,45004000
1994/7/19,sh.000001,398.90,403.49,393.06,400.48,38863900
1994/7/20,sh.000001,401.98,402.59,393.14,393.87,33460500
1994/7/21,sh.000001,390.94,390.99,380.72,380.90,51974700
1994/7/22,sh.000001,378.19,378.23,362.29,363.73,78275100
1994/7/25,sh.000001,357.40,375.39,354.50,375.39,94069100
1994/7/26,sh.000001,376.76,388.80,372.11,388.75,169389300
1994/7/27,sh.000001,387.81,392.17,369.04,371.10,183464600
1994/7/28,sh.000001,366.55,367.72,339.04,339.81,128077400
1994/7/29,sh.000001,335.45,338.96,325.89,333.92,118338800
1994/8/1,sh.000001,394.87,448.91,377.97,445.64,620399100
1994/8/2,sh.000001,451.18,494.81,431.58,432.61,918894900
1994/8/3,sh.000001,438.52,523.03,434.11,522.98,834483700
1994/8/4,sh.000001,558.69,592.98,522.98,562.77,1757599500
1994/8/5,sh.000001,579.47,683.04,579.47,683.04,1773058600
1994/8/8,sh.000001,720.48,754.67,671.67,711.80,1587678200
1994/8/9,sh.000001,715.54,715.54,608.68,621.58,962050000
1994/8/10,sh.000001,619.34,739.66,597.26,739.66,1428387000
1994/8/11,sh.000001,765.32,768.08,684.53,689.31,1692973800
1994/8/12,sh.000001,676.07,731.02,675.28,689.66,725485700
1994/8/15,sh.000001,671.10,691.22,654.22,665.88,455125900
1994/8/16,sh.000001,670.00,713.90,668.00,693.01,720002800
1994/8/17,sh.000001,703.88,725.04,693.02,725.04,541875800
1994/8/18,sh.000001,734.84,772.32,726.09,748.56,1324072400
1994/8/19,sh.000001,750.67,760.27,707.02,713.85,842797200
1994/8/22,sh.000001,680.07,697.55,668.72,681.80,468926000
1994/8/23,sh.000001,694.71,714.62,673.67,714.61,409911300
1994/8/24,sh.000001,718.61,727.41,704.67,705.71,510421900
1994/8/25,sh.000001,704.47,724.15,704.47,722.23,402222100
1994/8/26,sh.000001,728.26,728.76,707.41,707.41,494975600
1994/8/29,sh.000001,716.87,717.95,706.52,710.68,375391700
1994/8/30,sh.000001,715.45,763.07,715.45,756.20,811989500
1994/8/31,sh.000001,771.33,787.22,761.93,785.33,1073481900
1994/9/1,sh.000001,785.61,813.42,785.56,790.19,863573700
1994/9/2,sh.000001,796.69,830.20,796.69,830.18,668555700
1994/9/5,sh.000001,871.16,940.76,868.15,940.61,1838426400
1994/9/6,sh.000001,973.28,1008.01,936.81,1004.92,1431395300
1994/9/7,sh.000001,977.30,1016.38,919.84,931.57,1186730800
1994/9/8,sh.000001,967.90,998.55,937.26,972.84,792154500
1994/9/9,sh.000001,982.43,997.67,950.81,962.52,883381800
1994/9/12,sh.000001,996.68,1023.30,981.81,1019.97,808749600
1994/9/13,sh.000001,1036.84,1052.94,1025.10,1033.47,1020450000
1994/9/14,sh.000001,1040.95,1041.43,970.69,974.86,806262000
1994/9/15,sh.000001,985.33,991.12,930.62,972.54,464150400
1994/9/16,sh.000001,983.79,992.39,953.99,978.99,523797400
1994/9/19,sh.000001,944.25,970.06,925.83,927.62,414198200
1994/9/20,sh.000001,922.80,933.28,897.38,914.39,332653900
1994/9/21,sh.000001,928.75,969.03,928.75,969.03,353678400
1994/9/22,sh.000001,974.21,974.25,913.94,918.44,456040000
1994/9/23,sh.000001,908.75,912.95,865.93,867.65,416642400
1994/9/26,sh.000001,856.17,884.27,844.32,880.60,276586600
1994/9/27,sh.000001,880.69,886.96,865.24,870.15,236606100
1994/9/28,sh.000001,881.14,913.29,881.14,912.38,371989500
1994/9/29,sh.000001,921.81,922.29,823.05,839.37,362412800
1994/9/30,sh.000001,811.83,835.50,789.64,791.15,366876900
1994/10/5,sh.000001,770.90,775.85,681.87,706.42,326109800
1994/10/6,sh.000001,731.65,736.29,659.89,660.50,283702900
1994/10/7,sh.000001,638.32,759.80,546.79,738.03,634306900
1994/10/10,sh.000001,678.02,727.47,665.74,698.93,521678600
1994/10/11,sh.000001,712.03,721.66,700.02,705.07,228405500
1994/10/12,sh.000001,712.39,725.67,706.56,711.01,213653300
1994/10/13,sh.000001,706.76,706.76,634.67,635.38,363897700
1994/10/14,sh.000001,608.07,666.92,593.05,663.75,327002700
1994/10/17,sh.000001,617.90,633.16,615.50,616.34,135071000
1994/10/18,sh.000001,625.49,630.16,619.11,624.52,89863900
1994/10/19,sh.000001,631.34,654.06,631.24,652.89,193432100
1994/10/20,sh.000001,663.31,718.99,663.31,718.99,476211600
1994/10/21,sh.000001,730.97,746.90,706.41,712.71,654928100
1994/10/24,sh.000001,741.05,785.95,734.93,785.85,603152400
1994/10/25,sh.000001,794.57,794.85,744.52,744.52,565951800
1994/10/26,sh.000001,725.94,730.80,683.40,686.31,334793100
1994/10/27,sh.000001,682.02,703.62,678.18,703.62,190522800
1994/10/28,sh.000001,695.66,702.92,675.65,677.45,259866400
1994/10/31,sh.000001,648.24,665.10,642.86,654.98,155162400
1994/11/1,sh.000001,667.66,675.66,657.27,673.79,119961500
1994/11/2,sh.000001,667.05,672.12,663.77,667.86,100864900
1994/11/3,sh.000001,675.32,722.60,675.04,717.36,341127400
1994/11/4,sh.000001,717.61,717.65,664.69,666.77,277774100
1994/11/7,sh.000001,649.14,678.45,648.68,674.67,121308800
1994/11/8,sh.000001,707.27,735.83,697.82,709.69,427139600
1994/11/9,sh.000001,691.98,724.72,691.98,723.91,251096700
1994/11/10,sh.000001,738.00,743.22,710.01,711.68,291438800
1994/11/11,sh.000001,725.88,731.16,708.00,731.16,198248000
1994/11/14,sh.000001,731.63,739.56,725.53,733.39,243435700
1994/11/15,sh.000001,717.30,724.39,704.89,705.43,181359900
1994/11/16,sh.000001,704.94,712.38,694.26,706.63,113513600
1994/11/17,sh.000001,707.16,709.89,696.88,697.17,91213400
1994/11/18,sh.000001,690.66,698.82,685.62,698.81,70666200
1994/11/21,sh.000001,695.75,703.59,693.94,699.10,34582500
1994/11/22,sh.000001,702.04,705.25,690.05,692.39,72410300
1994/11/23,sh.000001,690.98,691.61,676.50,679.61,69029700
1994/11/24,sh.000001,676.16,684.02,674.65,678.02,58381600
1994/11/25,sh.000001,697.09,701.31,684.00,685.33,66279700
1994/11/28,sh.000001,683.83,683.94,677.96,681.49,30718100
1994/11/29,sh.000001,671.70,687.56,670.61,687.56,39397900
1994/11/30,sh.000001,687.04,689.96,682.80,683.59,38725200
1994/12/1,sh.000001,684.02,684.72,680.00,682.30,26898100
1994/12/2,sh.000001,684.18,685.47,677.60,677.91,33807200
1994/12/5,sh.000001,674.54,675.42,662.72,663.13,39217200
1994/12/6,sh.000001,658.94,658.94,648.72,653.98,41069800
1994/12/7,sh.000001,655.14,658.57,651.37,652.85,25290000
1994/12/8,sh.000001,653.83,654.65,643.27,643.86,27627000
1994/12/9,sh.000001,639.75,647.84,635.78,640.67,40199200
1994/12/12,sh.000001,636.35,636.35,620.47,620.47,34402700
1994/12/13,sh.000001,632.69,640.13,621.78,636.68,43938100
1994/12/14,sh.000001,633.06,633.06,624.36,625.21,30680800
1994/12/15,sh.000001,626.44,671.01,626.42,666.68,102353900
1994/12/16,sh.000001,661.38,693.76,657.86,680.23,209518600
1994/12/19,sh.000001,684.62,685.47,653.31,653.37,97739100
1994/12/20,sh.000001,660.26,674.80,654.88,667.94,118634500
1994/12/21,sh.000001,665.79,691.81,665.51,672.47,256822500
1994/12/22,sh.000001,670.17,676.13,658.12,673.48,159147000
1994/12/23,sh.000001,675.94,695.22,675.91,677.84,302371700
1994/12/26,sh.000001,684.81,689.13,674.90,675.88,161015400
1994/12/27,sh.000001,679.18,681.30,659.34,660.88,163803400
1994/12/28,sh.000001,660.72,662.95,648.23,649.59,98284800
1994/12/29,sh.000001,651.33,658.29,642.26,645.06,82812200
1994/12/30,sh.000001,648.04,651.35,643.06,647.87,67770900
1995/1/3,sh.000001,637.72,647.71,630.53,639.88,23451800
1995/1/4,sh.000001,641.90,655.51,638.86,653.81,42222000
1995/1/5,sh.000001,656.20,657.45,645.81,646.89,43012300
1995/1/6,sh.000001,642.75,643.89,636.33,640.76,48748200
1995/1/9,sh.000001,637.52,637.55,625.04,625.97,50985100
1995/1/10,sh.000001,616.16,617.60,607.06,610.30,60692500
1995/1/11,sh.000001,610.30,615.21,606.92,613.13,36268200
1995/1/12,sh.000001,612.79,615.47,601.17,602.12,33819500
1995/1/13,sh.000001,597.32,601.07,583.81,597.84,42152300
1995/1/16,sh.000001,591.06,591.32,584.88,588.81,37365100
1995/1/17,sh.000001,591.81,595.02,586.60,587.94,35000100
1995/1/18,sh.000001,588.53,593.65,586.99,593.64,31566300
1995/1/19,sh.000001,589.70,593.10,571.36,571.72,41755800
1995/1/20,sh.000001,566.81,578.53,559.65,571.24,43580300
1995/1/23,sh.000001,564.86,565.04,553.11,553.44,37217700
1995/1/24,sh.000001,552.78,559.34,547.38,547.57,39115000
1995/1/25,sh.000001,550.27,558.58,550.27,555.77,37848000
1995/1/26,sh.000001,553.91,555.26,551.14,553.10,32339100
1995/1/27,sh.000001,552.95,564.51,552.93,562.59,55862700
1995/2/6,sh.000001,559.78,559.84,532.91,533.72,30000000
1995/2/7,sh.000001,532.11,536.63,524.42,532.49,27000000
1995/2/8,sh.000001,533.09,537.54,531.22,533.75,27000000
1995/2/9,sh.000001,533.79,553.36,533.14,553.35,59000000
1995/2/10,sh.000001,548.77,558.95,540.63,541.38,63000000
1995/2/13,sh.000001,537.95,550.26,537.05,548.84,43559200
1995/2/14,sh.000001,549.76,552.85,542.18,548.11,33478100
1995/2/15,sh.000001,547.83,548.59,542.50,542.84,23211600
1995/2/16,sh.000001,542.25,542.82,537.21,538.37,32218100
1995/2/17,sh.000001,537.87,537.91,532.67,533.76,38568700
1995/2/20,sh.000001,534.57,540.86,534.51,534.96,25310500
1995/2/21,sh.000001,536.07,541.14,535.97,541.14,26340100
1995/2/22,sh.000001,541.21,594.81,541.21,594.64,144003300
1995/2/23,sh.000001,583.43,608.58,573.40,589.12,192289200
1995/2/24,sh.000001,591.91,594.92,555.20,558.43,124565300
1995/2/27,sh.000001,584.02,591.43,559.04,561.27,99764500
1995/2/28,sh.000001,558.42,558.42,544.06,549.26,49528500
1995/3/1,sh.000001,548.91,559.48,545.72,556.95,40751600
1995/3/2,sh.000001,557.50,564.64,553.52,560.85,46652700
1995/3/3,sh.000001,562.30,580.39,562.30,577.22,106918400
1995/3/6,sh.000001,585.24,616.76,582.55,616.30,203140700
1995/3/7,sh.000001,614.73,635.24,597.20,632.96,321071000
1995/3/8,sh.000001,632.95,639.01,616.77,620.80,305092400
1995/3/9,sh.000001,617.22,624.25,604.79,605.59,162393900
1995/3/10,sh.000001,600.45,600.51,583.72,586.29,125051700
1995/3/13,sh.000001,596.64,597.18,583.38,586.23,71822100
1995/3/14,sh.000001,588.18,599.90,586.19,588.24,71949500
1995/3/15,sh.000001,588.78,591.49,568.60,572.60,66866300
1995/3/16,sh.000001,570.51,579.88,569.17,579.88,48940300
1995/3/17,sh.000001,579.62,593.97,577.91,593.52,79819600
1995/3/20,sh.000001,597.84,604.96,585.15,585.45,108432300
1995/3/21,sh.000001,581.80,593.16,581.33,591.95,60310200
1995/3/22,sh.000001,595.32,613.76,594.41,613.70,134616500
1995/3/23,sh.000001,617.54,620.34,609.15,611.13,190779600
1995/3/24,sh.000001,609.90,613.59,600.56,611.77,97954500
1995/3/27,sh.000001,618.47,631.70,618.47,629.36,171900100
1995/3/28,sh.000001,625.57,631.83,624.39,626.55,124665600
1995/3/29,sh.000001,624.84,637.35,615.44,637.15,103042500
1995/3/30,sh.000001,641.36,645.32,630.05,630.93,168492900
1995/3/31,sh.000001,629.93,648.04,627.23,646.92,126596300
1995/4/3,sh.000001,651.04,660.61,647.43,656.88,211416000
1995/4/4,sh.000001,652.43,660.79,650.82,660.16,152095300
1995/4/5,sh.000001,658.44,664.95,649.30,649.70,140374100
1995/4/6,sh.000001,645.14,659.09,641.83,659.06,186029200
1995/4/7,sh.000001,663.45,677.66,662.74,673.72,344107800
1995/4/10,sh.000001,678.74,681.15,665.11,667.39,264618100
1995/4/11,sh.000001,661.01,665.04,640.35,641.08,354151500
1995/4/12,sh.000001,633.82,649.21,632.77,644.74,161981200
1995/4/13,sh.000001,647.21,651.02,632.41,632.76,143620300
1995/4/14,sh.000001,630.72,640.56,627.04,640.04,102212500
1995/4/17,sh.000001,640.17,642.82,628.44,631.26,68672900
1995/4/18,sh.000001,629.87,634.15,625.13,625.52,57637400
1995/4/19,sh.000001,625.24,631.59,625.11,631.51,70813000
1995/4/20,sh.000001,634.04,645.35,634.04,645.20,109239900
1995/4/21,sh.000001,646.90,649.22,635.73,635.99,134057300
1995/4/24,sh.000001,627.39,630.26,618.13,619.73,97712300
1995/4/25,sh.000001,617.01,621.53,615.35,619.84,61098500
1995/4/26,sh.000001,621.12,622.83,601.76,601.83,94140900
1995/4/27,sh.000001,579.64,598.62,547.21,573.31,190599600
1995/4/28,sh.000001,577.43,582.02,572.32,579.93,93814400
1995/5/2,sh.000001,576.69,580.28,574.90,579.04,80734300
1995/5/3,sh.000001,580.79,586.25,580.13,580.38,48247200
1995/5/4,sh.000001,579.51,580.46,567.93,571.20,48050600
1995/5/5,sh.000001,569.53,577.45,569.53,574.17,41884500
1995/5/8,sh.000001,573.12,575.10,568.70,571.51,30023900
1995/5/9,sh.000001,572.10,579.56,572.10,578.50,36364800
1995/5/10,sh.000001,577.76,580.75,564.86,565.14,54807700
1995/5/11,sh.000001,568.75,572.34,566.42,568.06,34902400
1995/5/12,sh.000001,569.35,593.50,567.89,584.84,10644500
1995/5/15,sh.000001,583.19,583.40,578.60,582.04,41069500
1995/5/16,sh.000001,583.17,584.41,578.18,578.85,33258300
1995/5/17,sh.000001,578.84,582.96,577.14,582.89,24231100
1995/5/18,sh.000001,741.81,770.82,682.01,763.51,1007610100
1995/5/19,sh.000001,768.82,855.81,761.38,855.81,1085526700
1995/5/22,sh.000001,919.75,926.41,870.79,897.42,1207091700
1995/5/23,sh.000001,791.74,833.69,749.83,750.30,840916100
1995/5/24,sh.000001,761.16,770.14,720.97,741.93,415347300
1995/5/25,sh.000001,747.06,748.23,696.44,696.85,315144800
1995/5/26,sh.000001,681.37,781.34,672.37,727.62,390133900
1995/5/29,sh.000001,719.64,724.01,698.77,710.59,150588500
1995/5/30,sh.000001,712.26,725.80,704.40,711.00,126918200
1995/5/31,sh.000001,701.22,706.48,690.71,700.51,109235600
1995/6/1,sh.000001,703.72,708.67,702.08,708.67,90697400
1995/6/2,sh.000001,710.82,722.30,710.50,716.82,145328900
1995/6/5,sh.000001,718.14,718.41,691.01,691.64,118700200
1995/6/6,sh.000001,678.37,690.65,675.65,689.13,93259700
1995/6/7,sh.000001,688.86,716.54,686.88,716.45,117363700
1995/6/8,sh.000001,711.18,722.17,693.34,695.93,214323000
1995/6/9,sh.000001,695.70,709.02,695.62,702.62,133747500
1995/6/12,sh.000001,696.65,702.17,690.40,698.72,194417300
1995/6/13,sh.000001,697.89,702.97,696.83,698.95,118839600
1995/6/14,sh.000001,699.32,701.85,684.85,689.22,110360700
1995/6/15,sh.000001,685.45,685.46,640.37,646.85,231709100
1995/6/16,sh.000001,638.30,655.34,636.13,646.54,98291200
1995/6/19,sh.000001,637.58,641.69,634.81,638.96,71411400
1995/6/20,sh.000001,641.41,647.37,639.49,640.66,77950000
1995/6/21,sh.000001,640.88,651.81,639.88,651.81,85903500
1995/6/22,sh.000001,650.85,653.92,642.60,644.47,106360700
1995/6/23,sh.000001,643.68,650.82,643.68,650.14,85588600
1995/6/26,sh.000001,650.91,654.78,647.81,653.40,82060600
1995/6/27,sh.000001,655.96,659.78,648.84,649.93,138607800
1995/6/28,sh.000001,649.28,649.48,643.52,647.64,79209400
1995/6/29,sh.000001,647.82,650.82,641.57,643.92,79952400
1995/6/30,sh.000001,641.60,641.60,625.70,630.58,191774000
1995/7/3,sh.000001,623.14,623.19,612.92,613.18,126025600
1995/7/4,sh.000001,612.24,620.62,610.33,620.62,90839900
1995/7/5,sh.000001,624.02,637.40,623.98,636.03,115741400
1995/7/6,sh.000001,638.03,650.71,631.24,637.77,204092200
1995/7/7,sh.000001,637.48,666.85,636.84,666.78,306610800
1995/7/10,sh.000001,669.06,669.06,660.05,666.24,340945900
1995/7/11,sh.000001,668.77,669.77,648.62,649.19,224597600
1995/7/12,sh.000001,645.85,652.84,645.83,648.91,113428900
1995/7/13,sh.000001,649.53,656.15,649.43,656.15,158822800
1995/7/14,sh.000001,658.92,662.55,652.36,652.80,176640200
1995/7/17,sh.000001,651.95,700.77,651.67,695.45,461882900
1995/7/18,sh.000001,693.97,715.47,686.91,715.47,669229000
1995/7/19,sh.000001,717.47,723.68,688.93,690.98,669834500
1995/7/20,sh.000001,686.56,696.93,681.37,690.30,276321500
1995/7/21,sh.000001,694.10,699.19,686.64,693.56,287602900
1995/7/24,sh.000001,699.84,716.22,699.84,709.92,858844800
1995/7/25,sh.000001,709.72,712.28,699.60,703.58,467742500
1995/7/26,sh.000001,703.29,713.04,690.36,691.12,370540100
1995/7/27,sh.000001,686.90,697.72,686.76,697.72,224699300
1995/7/28,sh.000001,699.85,702.97,692.88,695.42,323092500
1995/7/31,sh.000001,699.61,702.44,692.48,695.55,232412500
1995/8/1,sh.000001,697.22,718.24,688.65,715.40,319420100
1995/8/2,sh.000001,721.15,733.86,699.45,699.99,454482800
1995/8/3,sh.000001,699.41,706.65,698.59,703.44,181712300
1995/8/4,sh.000001,707.19,712.54,706.55,709.88,257034100
1995/8/7,sh.000001,708.27,718.54,707.37,718.08,268904300
1995/8/8,sh.000001,724.79,728.51,709.24,712.53,356622600
1995/8/9,sh.000001,711.80,717.55,704.87,717.46,362322000
1995/8/10,sh.000001,718.75,741.32,714.62,735.15,855836600
1995/8/11,sh.000001,736.64,749.53,734.52,744.99,905935700
1995/8/14,sh.000001,759.12,788.16,752.98,776.13,1183522500
1995/8/15,sh.000001,773.74,773.74,749.54,751.48,727862700
1995/8/16,sh.000001,752.41,767.71,752.39,767.66,780019000
1995/8/17,sh.000001,775.80,783.22,763.25,769.45,696710800
1995/8/18,sh.000001,772.57,773.23,753.28,757.43,495351800
1995/8/21,sh.000001,752.06,755.44,735.12,739.06,411319900
1995/8/22,sh.000001,738.94,742.92,734.41,739.86,243088700
1995/8/23,sh.000001,741.72,744.39,724.69,729.89,251578600
1995/8/24,sh.000001,728.76,735.42,718.05,733.85,259630700
1995/8/25,sh.000001,733.19,734.51,723.90,727.58,220727700
1995/8/28,sh.000001,724.10,728.68,722.53,725.62,147884900
1995/8/29,sh.000001,728.11,741.65,719.87,722.08,256824000
1995/8/30,sh.000001,721.75,725.87,714.04,715.73,179381700
1995/8/31,sh.000001,715.56,723.87,711.11,723.87,188234200
1995/9/1,sh.000001,726.05,728.85,720.99,728.84,203653300
1995/9/4,sh.000001,731.42,737.94,728.99,737.89,286588300
1995/9/5,sh.000001,743.21,751.58,736.22,739.53,269862400
1995/9/6,sh.000001,738.99,754.20,738.27,753.75,381750200
1995/9/7,sh.000001,758.29,766.03,753.01,753.84,619018000
1995/9/8,sh.000001,753.28,758.18,747.06,751.08,305147800
1995/9/11,sh.000001,756.68,775.45,755.62,775.45,421379400
1995/9/12,sh.000001,791.36,792.54,760.76,763.69,461111700
1995/9/13,sh.000001,764.91,767.12,755.00,763.18,342601500
1995/9/14,sh.000001,765.14,766.06,754.47,758.13,544840500
1995/9/15,sh.000001,756.65,757.89,749.89,755.93,269183300
1995/9/18,sh.000001,757.99,758.18,751.31,757.40,241800200
1995/9/19,sh.000001,761.17,762.18,735.21,736.74,315408300
1995/9/20,sh.000001,730.28,731.54,721.00,726.14,202767400
1995/9/21,sh.000001,726.32,731.89,726.25,731.17,136701500
1995/9/22,sh.000001,732.07,733.81,727.37,730.01,107483000
1995/9/25,sh.000001,730.01,730.01,717.43,723.35,121079200
1995/9/26,sh.000001,723.22,729.29,721.79,728.86,102287100
1995/9/27,sh.000001,727.47,728.21,707.61,708.46,260865500
1995/9/28,sh.000001,705.02,711.19,699.10,711.19,206893700
1995/9/29,sh.000001,711.91,722.43,711.91,722.43,192206100
1995/10/4,sh.000001,724.04,725.20,716.07,717.79,122204500
1995/10/5,sh.000001,718.00,724.92,715.64,724.88,102040100
1995/10/6,sh.000001,724.88,729.54,718.93,719.96,232343100
1995/10/9,sh.000001,717.99,717.99,704.41,706.29,234576000
1995/10/10,sh.000001,704.55,720.43,703.34,708.63,399519400
1995/10/11,sh.000001,705.56,710.89,700.69,710.89,413923000
1995/10/12,sh.000001,713.25,714.86,703.80,704.40,548718400
1995/10/13,sh.000001,702.49,711.53,693.86,702.98,392921000
1995/10/16,sh.000001,702.13,706.40,696.79,701.34,259195300
1995/10/17,sh.000001,700.86,705.60,698.48,702.40,188829900
1995/10/18,sh.000001,705.72,716.83,705.72,716.83,427305400
1995/10/19,sh.000001,719.76,720.75,700.83,702.79,452719700
1995/10/20,sh.000001,700.33,726.29,697.56,726.29,322121200
1995/10/23,sh.000001,729.76,729.97,718.44,723.09,387799400
1995/10/24,sh.000001,724.79,727.40,720.23,723.57,311609700
1995/10/25,sh.000001,765.21,765.48,740.74,760.41,804644100
1995/10/26,sh.000001,757.11,759.73,731.14,731.47,637761800
1995/10/27,sh.000001,730.96,735.06,721.47,722.37,357931900
1995/10/30,sh.000001,722.86,724.57,719.24,722.78,251325400
1995/10/31,sh.000001,723.43,726.49,715.40,717.32,273356700
1995/11/1,sh.000001,716.46,727.50,712.27,723.39,303568700
1995/11/2,sh.000001,723.96,728.35,719.14,721.70,205036500
1995/11/3,sh.000001,720.77,727.79,720.77,727.78,315530800
1995/11/6,sh.000001,729.04,736.15,728.99,736.15,247745500
1995/11/7,sh.000001,736.90,736.91,728.05,729.69,203449800
1995/11/8,sh.000001,725.33,725.33,708.58,711.61,255337500
1995/11/9,sh.000001,708.58,714.53,700.82,711.20,205113400
1995/11/10,sh.000001,710.75,712.19,708.00,708.76,132863600
1995/11/13,sh.000001,705.89,705.92,686.43,688.70,168168100
1995/11/14,sh.000001,687.06,691.25,684.47,688.87,129028100
1995/11/15,sh.000001,688.50,692.20,680.68,692.20,170547400
1995/11/16,sh.000001,690.11,691.09,681.25,682.44,265830600
1995/11/17,sh.000001,680.08,682.23,675.37,676.19,123332200
1995/11/20,sh.000001,671.80,677.11,668.63,674.74,82851300
1995/11/21,sh.000001,675.18,678.86,675.18,678.42,117392800
1995/11/22,sh.000001,678.64,679.34,662.86,663.32,91495500
1995/11/23,sh.000001,662.61,664.86,657.64,658.37,101738700
1995/11/24,sh.000001,656.96,662.05,654.09,659.37,76356300
1995/11/27,sh.000001,658.08,658.32,644.56,645.03,85662000
1995/11/28,sh.000001,643.73,652.57,638.31,652.57,95965500
1995/11/29,sh.000001,652.10,652.10,640.55,641.59,73242800
1995/11/30,sh.000001,639.51,652.62,632.03,641.14,92361600
1995/12/1,sh.000001,631.55,639.49,624.93,633.81,92195100
1995/12/4,sh.000001,632.72,635.73,632.24,634.92,41221800
1995/12/5,sh.000001,636.43,638.76,635.59,637.22,46021200
1995/12/6,sh.000001,637.30,637.32,627.85,628.43,64182100
1995/12/7,sh.000001,628.63,632.37,627.06,631.84,50083200
1995/12/8,sh.000001,631.95,643.36,631.84,636.78,145822100
1995/12/11,sh.000001,636.82,639.29,618.08,619.26,113772900
1995/12/12,sh.000001,616.34,633.93,605.09,629.45,147649300
1995/12/13,sh.000001,629.84,631.02,613.19,613.80,143350600
1995/12/14,sh.000001,613.07,617.86,611.49,614.75,76643700
1995/12/15,sh.000001,612.60,612.61,601.02,603.89,99369600
1995/12/18,sh.000001,600.65,600.65,591.51,592.14,80970000
1995/12/19,sh.000001,592.72,596.35,590.90,592.06,63900300
1995/12/20,sh.000001,593.51,601.10,593.51,601.04,66590100
1995/12/21,sh.000001,601.91,606.69,597.23,597.43,95768000
1995/12/22,sh.000001,596.26,599.71,591.37,594.24,69686700
1995/12/25,sh.000001,590.76,590.76,579.26,580.03,70979200
1995/12/26,sh.000001,578.79,580.38,571.43,572.22,54895200
1995/12/27,sh.000001,571.68,573.87,562.33,570.40,80912300
1995/12/28,sh.000001,568.77,569.19,555.66,556.82,80937200
1995/12/29,sh.000001,555.74,561.61,552.84,555.29,82233700
1996/1/2,sh.000001,550.26,550.26,537.38,537.87,48247800
1996/1/3,sh.000001,535.23,542.74,530.79,542.42,55619200
1996/1/4,sh.000001,541.94,558.94,539.76,558.76,110591300
1996/1/5,sh.000001,559.03,561.36,536.12,536.37,138637100
1996/1/8,sh.000001,533.33,540.04,527.91,539.17,69620700
1996/1/9,sh.000001,541.35,559.64,540.99,558.62,189474200
1996/1/10,sh.000001,552.30,552.31,540.59,547.62,153153500
1996/1/11,sh.000001,547.46,552.56,543.12,545.64,115774400
1996/1/12,sh.000001,545.23,549.76,541.67,547.11,96742900
1996/1/15,sh.000001,545.05,551.91,543.83,551.04,91936100
1996/1/16,sh.000001,551.82,554.90,545.49,547.76,85291100
1996/1/17,sh.000001,546.21,548.57,535.24,537.31,98115300
1996/1/18,sh.000001,533.38,533.41,517.30,517.63,126754900
1996/1/19,sh.000001,515.00,523.59,512.83,523.51,86391200
1996/1/22,sh.000001,520.95,521.00,514.16,516.46,68262400
1996/1/23,sh.000001,515.48,522.41,515.48,519.60,55634000
1996/1/24,sh.000001,519.94,524.33,519.94,522.63,77997700
1996/1/25,sh.000001,523.75,538.96,520.74,521.37,230732000
1996/1/26,sh.000001,516.44,527.07,515.37,525.57,96733000
1996/1/29,sh.000001,526.20,530.17,525.49,529.14,109830000
1996/1/30,sh.000001,531.30,532.65,525.60,532.57,115375600
1996/1/31,sh.000001,531.46,538.11,530.12,537.35,196473200
1996/2/1,sh.000001,536.24,537.17,532.61,536.68,96221700
1996/2/2,sh.000001,535.12,536.04,528.57,536.04,99307000
1996/2/5,sh.000001,537.23,537.27,522.48,522.85,122087600
1996/2/6,sh.000001,520.08,522.67,518.18,520.69,77620400
1996/2/7,sh.000001,520.37,524.72,519.65,524.30,67355500
1996/2/8,sh.000001,523.74,524.65,521.13,521.86,37869400
1996/2/9,sh.000001,522.00,525.43,521.11,525.41,32965800
1996/2/12,sh.000001,523.57,524.06,523.57,523.85,36464200
1996/2/13,sh.000001,525.14,530.75,524.96,529.58,47176200
1996/2/14,sh.000001,530.09,534.18,528.71,529.25,49788200
1996/2/15,sh.000001,529.32,538.35,528.50,536.98,83097900
1996/2/16,sh.000001,537.13,553.83,537.13,552.94,187061000
1996/3/4,sh.000001,583.38,601.98,572.91,601.98,448092300
1996/3/5,sh.000001,600.46,606.51,582.73,587.06,428967200
1996/3/6,sh.000001,582.37,583.33,558.69,559.70,251425700
1996/3/7,sh.000001,558.12,569.33,558.04,569.33,114842000
1996/3/8,sh.000001,566.89,574.78,559.18,573.13,133441200
1996/3/11,sh.000001,574.19,575.47,565.53,568.12,115724600
1996/3/12,sh.000001,566.30,566.30,556.41,563.88,116622500
1996/3/13,sh.000001,562.77,566.13,561.03,563.20,66170200
1996/3/14,sh.000001,562.98,564.73,561.50,562.30,59266700
1996/3/15,sh.000001,561.44,563.50,557.54,562.39,59779500
1996/3/18,sh.000001,561.81,568.02,561.09,567.87,98070400
1996/3/19,sh.000001,568.14,571.13,565.34,566.55,76332200
1996/3/20,sh.000001,566.28,570.48,566.24,569.67,80307100
1996/3/21,sh.000001,570.22,574.01,569.31,569.76,111847900
1996/3/22,sh.000001,569.51,571.33,566.52,570.18,88493500
1996/3/25,sh.000001,570.77,572.75,569.37,570.24,96236100
1996/3/26,sh.000001,570.25,570.74,562.97,563.52,89045500
1996/3/27,sh.000001,562.73,562.98,557.32,562.35,68452200
1996/3/28,sh.000001,562.31,562.44,553.89,554.04,106069700
1996/3/29,sh.000001,553.79,557.33,549.72,556.39,108585600
1996/4/1,sh.000001,566.21,573.95,561.95,566.19,137165400
1996/4/2,sh.000001,564.94,564.99,556.91,557.21,67606800
1996/4/3,sh.000001,557.56,562.28,556.23,560.98,48423900
1996/4/4,sh.000001,561.19,564.47,559.82,563.19,53691000
1996/4/5,sh.000001,563.67,584.18,563.67,582.53,115715900
1996/4/8,sh.000001,583.63,587.60,578.32,581.38,189963000
1996/4/9,sh.000001,580.63,580.94,576.61,578.07,85930500
1996/4/10,sh.000001,578.37,582.30,577.73,579.82,100459600
1996/4/11,sh.000001,579.51,583.38,576.99,583.38,99855400
1996/4/12,sh.000001,584.39,593.73,584.39,586.96,154845800
1996/4/15,sh.000001,585.95,587.92,583.32,584.67,82784900
1996/4/16,sh.000001,584.27,591.42,584.22,590.85,135067200
1996/4/17,sh.000001,594.15,597.77,591.89,593.38,174049200
1996/4/18,sh.000001,592.81,600.28,589.80,600.28,165678900
1996/4/19,sh.000001,602.15,618.27,602.15,618.12,412333900
1996/4/22,sh.000001,624.93,627.65,613.94,613.97,531217400
1996/4/23,sh.000001,611.37,623.77,609.89,623.77,288155500
1996/4/24,sh.000001,633.80,664.65,633.80,664.65,718455300
1996/4/25,sh.000001,674.47,686.38,650.82,652.67,668921300
1996/4/26,sh.000001,660.14,714.56,660.14,707.61,1007137600
1996/4/29,sh.000001,722.57,739.29,710.00,738.62,878022200
1996/4/30,sh.000001,728.39,738.50,679.45,681.16,723560400
1996/5/2,sh.000001,715.97,721.66,652.76,654.43,517900100
1996/5/3,sh.000001,654.43,660.27,645.01,650.04,296082700
1996/5/6,sh.000001,648.23,672.85,648.23,671.28,576648800
1996/5/7,sh.000001,677.44,682.62,660.02,661.16,493371500
1996/5/8,sh.000001,659.70,666.86,653.12,661.27,311917000
1996/5/9,sh.000001,659.40,669.80,654.82,656.90,267248100
1996/5/10,sh.000001,656.33,661.47,648.00,661.47,222507400
1996/5/13,sh.000001,665.49,672.76,663.68,666.10,383160500
1996/5/14,sh.000001,668.58,672.44,663.34,665.41,281169900
1996/5/15,sh.000001,665.75,682.05,664.99,682.05,278265100
1996/5/16,sh.000001,687.51,698.37,682.27,683.07,588904700
1996/5/17,sh.000001,685.21,712.05,682.41,711.93,432081000
1996/5/20,sh.000001,719.19,725.16,699.37,703.08,662809700
1996/5/21,sh.000001,701.96,707.06,660.93,661.85,471554900
1996/5/22,sh.000001,658.15,672.61,657.43,668.62,366383700
1996/5/23,sh.000001,668.70,670.25,641.57,642.67,329240100
1996/5/24,sh.000001,638.76,644.92,630.42,639.80,251911000
1996/5/27,sh.000001,639.51,642.11,635.02,637.96,120722300
1996/5/28,sh.000001,638.57,647.06,638.18,646.91,193418800
1996/5/29,sh.000001,648.55,652.28,646.84,650.56,141789900
1996/5/30,sh.000001,650.61,650.90,634.02,636.36,168118300
1996/5/31,sh.000001,633.92,653.22,632.22,643.65,241609900
1996/6/3,sh.000001,643.96,652.52,636.46,641.09,323304400
1996/6/4,sh.000001,642.06,656.59,642.00,651.51,318367500
1996/6/5,sh.000001,654.78,696.97,654.04,696.97,599126300
1996/6/6,sh.000001,703.03,715.58,691.49,702.64,777663300
1996/6/7,sh.000001,720.44,739.44,716.54,727.34,1069187000
1996/6/10,sh.000001,740.11,764.63,736.99,764.39,1064045100
1996/6/11,sh.000001,765.33,765.35,742.40,752.26,770569800
1996/6/12,sh.000001,761.39,774.01,751.34,755.77,805835100
1996/6/13,sh.000001,758.22,769.30,745.53,768.68,692963900
1996/6/14,sh.000001,781.98,790.32,772.39,777.28,1017219300
1996/6/17,sh.000001,779.71,780.35,750.04,752.00,602104200
1996/6/18,sh.000001,749.30,793.60,748.56,793.56,539872900
1996/6/19,sh.000001,801.10,814.20,787.37,796.91,734585600
1996/6/20,sh.000001,788.92,802.61,783.47,793.59,397506400
1996/6/21,sh.000001,797.90,806.10,793.42,796.11,377321300
1996/6/24,sh.000001,797.87,799.03,789.09,793.34,339144200
1996/6/25,sh.000001,764.66,788.69,762.13,780.65,366814800
1996/6/26,sh.000001,782.15,802.04,782.15,801.46,389447400
1996/6/27,sh.000001,811.51,819.84,801.74,806.46,573174400
1996/6/28,sh.000001,809.60,811.88,798.04,804.25,436406200
1996/7/1,sh.000001,800.91,801.05,755.32,761.12,602765200
1996/7/2,sh.000001,758.47,766.07,753.64,759.71,361340700
1996/7/3,sh.000001,767.11,786.16,766.43,786.13,543638900
1996/7/4,sh.000001,790.28,794.85,774.07,785.43,618188500
1996/7/5,sh.000001,788.10,797.15,783.86,785.38,713511700
1996/7/8,sh.000001,794.13,807.89,790.09,807.34,727434700
1996/7/9,sh.000001,815.02,822.51,807.43,817.61,767306400
1996/7/10,sh.000001,821.10,825.39,809.35,820.05,657426200
1996/7/11,sh.000001,822.18,822.39,790.57,792.07,539523000
1996/7/12,sh.000001,784.26,796.41,778.87,796.41,380190500
1996/7/15,sh.000001,794.88,796.25,780.15,789.16,366584000
1996/7/16,sh.000001,796.76,823.77,793.69,823.08,568110200
1996/7/17,sh.000001,830.65,841.41,808.50,808.99,719264700
1996/7/18,sh.000001,808.09,819.56,808.09,818.04,381463500
1996/7/19,sh.000001,824.01,857.08,820.66,856.93,860225700
1996/7/22,sh.000001,871.48,887.07,870.22,884.94,1082827000
1996/7/23,sh.000001,888.92,889.41,864.51,871.49,684744700
1996/7/24,sh.000001,874.97,894.73,874.97,887.60,776747000
1996/7/25,sh.000001,887.25,894.21,867.09,868.16,822468900
1996/7/26,sh.000001,868.28,872.27,840.21,845.12,653036400
1996/7/29,sh.000001,846.19,855.50,837.20,855.42,416855800
1996/7/30,sh.000001,861.72,865.50,834.87,836.93,409372700
1996/7/31,sh.000001,836.67,841.72,820.85,822.48,356860200
1996/8/1,sh.000001,823.17,843.01,814.89,835.11,371330400
1996/8/2,sh.000001,842.40,850.59,828.66,838.88,391827200
1996/8/5,sh.000001,846.03,853.20,838.60,853.19,325265800
1996/8/6,sh.000001,854.78,862.43,848.36,862.22,376433100
1996/8/7,sh.000001,865.49,873.03,862.61,867.27,511448200
1996/8/8,sh.000001,871.03,877.92,869.55,876.00,446744900
1996/8/9,sh.000001,875.19,880.31,857.74,871.60,543428800
1996/8/12,sh.000001,880.13,894.86,880.13,886.05,529240600
1996/8/13,sh.000001,885.89,887.35,872.40,874.81,338046300
1996/8/14,sh.000001,875.79,879.09,868.74,871.65,306699800
1996/8/15,sh.000001,872.83,878.57,864.77,865.83,370310300
1996/8/16,sh.000001,862.68,862.88,838.42,853.87,392755900
1996/8/19,sh.000001,852.34,852.35,834.85,835.21,253243000
1996/8/20,sh.000001,834.73,837.58,820.77,822.44,271578000
1996/8/21,sh.000001,825.69,842.68,825.61,833.61,353354900
1996/8/22,sh.000001,838.20,842.46,816.05,818.20,300231100
1996/8/23,sh.000001,824.89,824.89,786.44,803.69,350852700
1996/8/26,sh.000001,789.15,800.53,770.85,773.07,294132200
1996/8/27,sh.000001,769.79,787.48,766.70,787.47,259649100
1996/8/28,sh.000001,790.72,806.36,789.06,796.84,349927500
1996/8/29,sh.000001,797.31,797.98,783.96,788.73,314290700
1996/8/30,sh.000001,791.39,809.97,791.39,809.94,466421900
1996/9/2,sh.000001,812.94,813.57,803.13,804.78,362917600
1996/9/3,sh.000001,805.53,818.88,799.01,800.22,363471600
1996/9/4,sh.000001,797.90,813.46,795.07,812.02,371796900
1996/9/5,sh.000001,817.37,838.67,812.93,814.38,705552700
1996/9/6,sh.000001,813.59,818.36,796.17,801.23,361496500
1996/9/9,sh.000001,798.60,799.98,791.63,793.59,360370900
1996/9/10,sh.000001,793.22,793.22,763.15,764.45,357919100
1996/9/11,sh.000001,762.81,773.60,754.59,769.25,290259500
1996/9/12,sh.000001,780.32,784.18,754.11,757.09,495112500
1996/9/13,sh.000001,756.39,779.07,752.68,779.07,329442500
1996/9/16,sh.000001,779.85,784.48,771.80,778.29,310575900
1996/9/17,sh.000001,777.73,785.11,774.15,776.48,282571200
1996/9/18,sh.000001,781.34,782.73,757.94,760.76,296064700
1996/9/19,sh.000001,756.11,769.13,754.28,769.10,204782700
1996/9/20,sh.000001,772.29,805.54,770.04,805.54,363256800
1996/9/23,sh.000001,812.94,852.04,812.31,851.99,875020900
1996/9/24,sh.000001,857.42,865.49,845.39,849.92,761911600
1996/9/25,sh.000001,855.35,858.60,830.25,835.18,526965300
1996/9/26,sh.000001,837.68,857.44,837.68,854.66,552870500
1996/9/27,sh.000001,861.62,875.53,855.75,875.53,677971100
1996/10/3,sh.000001,887.85,891.71,864.67,865.49,585527500
1996/10/4,sh.000001,864.19,869.65,855.79,863.46,384919800
1996/10/7,sh.000001,866.07,869.87,852.83,864.66,440136700
1996/10/8,sh.000001,869.08,882.09,865.42,877.61,536293200
1996/10/9,sh.000001,882.19,883.62,865.57,874.01,510722900
1996/10/10,sh.000001,878.05,904.14,877.34,904.10,974568300
1996/10/11,sh.000001,909.06,912.01,898.72,909.89,1125254200
1996/10/14,sh.000001,919.70,943.55,919.70,940.79,1250236200
1996/10/15,sh.000001,943.81,944.94,925.66,937.29,865586700
1996/10/16,sh.000001,944.35,953.40,921.15,933.88,849945500
1996/10/17,sh.000001,931.11,952.45,928.08,952.32,833141600
1996/10/18,sh.000001,960.55,968.22,937.77,939.93,996399000
1996/10/21,sh.000001,943.03,964.44,943.03,964.39,740976100
1996/10/22,sh.000001,952.93,978.98,943.03,976.47,1011405700
1996/10/23,sh.000001,989.32,1011.13,986.72,1010.83,1426261100
1996/10/24,sh.000001,1017.46,1020.97,1004.37,1007.91,1116509600
1996/10/25,sh.000001,1006.30,1016.91,994.82,1012.67,1127398700
1996/10/28,sh.000001,1001.23,1026.84,1000.07,1022.86,1029549400
1996/10/29,sh.000001,1032.61,1038.81,1013.49,1017.52,1114288800
1996/10/30,sh.000001,1017.06,1022.02,955.23,958.94,891342200
1996/10/31,sh.000001,972.17,983.23,949.59,976.71,718393000
1996/11/1,sh.000001,935.17,962.11,906.96,930.79,797474700
1996/11/4,sh.000001,931.00,947.88,929.73,945.12,562850200
1996/11/5,sh.000001,947.44,950.36,922.67,928.03,503855500
1996/11/6,sh.000001,925.76,928.47,896.88,915.05,397199800
1996/11/7,sh.000001,919.95,931.60,915.62,928.14,349476100
1996/11/8,sh.000001,927.24,927.39,911.92,919.67,305442000
1996/11/11,sh.000001,923.37,933.97,922.20,933.97,363143200
1996/11/12,sh.000001,937.70,949.25,928.98,943.00,493715800
1996/11/13,sh.000001,945.98,951.09,932.93,940.52,452026000
1996/11/14,sh.000001,944.46,957.61,943.61,953.19,553915200
1996/11/15,sh.000001,951.51,958.62,943.80,950.83,550985700
1996/11/18,sh.000001,952.73,1004.95,948.82,1004.69,827896200
1996/11/19,sh.000001,1019.62,1047.39,1008.23,1015.96,1289000700
1996/11/20,sh.000001,1010.81,1018.89,992.27,1014.93,854193500
1996/11/21,sh.000001,1018.05,1025.58,937.84,940.77,871465700
1996/11/22,sh.000001,928.52,952.03,919.61,951.83,636231700
1996/11/25,sh.000001,948.59,976.55,938.81,976.55,644017800
1996/11/26,sh.000001,981.47,985.13,957.81,967.59,620120700
1996/11/27,sh.000001,966.94,987.18,960.46,980.38,547605600
1996/11/28,sh.000001,983.01,1002.54,978.51,992.64,751075500
1996/11/29,sh.000001,997.85,1037.16,997.84,1032.95,1313048700
1996/12/2,sh.000001,1056.68,1134.90,1056.68,1134.52,2041152800
1996/12/3,sh.000001,1157.13,1177.68,1118.83,1122.99,2148567500
1996/12/4,sh.000001,1117.03,1170.60,1115.27,1169.92,1482844100
1996/12/5,sh.000001,1199.38,1215.25,1180.21,1212.08,1968710700
1996/12/6,sh.000001,1207.30,1220.31,1194.77,1212.89,1443051800
1996/12/9,sh.000001,1227.48,1250.56,1227.48,1247.66,1560320100
1996/12/10,sh.000001,1244.11,1244.11,1202.28,1230.25,1296336700
1996/12/11,sh.000001,1225.39,1258.69,1220.41,1244.90,1268027600
1996/12/12,sh.000001,1248.14,1254.30,1167.98,1177.14,1120406100
1996/12/13,sh.000001,1164.34,1175.44,1108.29,1110.04,974248600
1996/12/16,sh.000001,1005.01,1005.12,999.63,1000.02,143300300
1996/12/17,sh.000001,907.65,943.37,903.85,905.58,601468400
1996/12/18,sh.000001,872.36,975.96,869.02,972.73,1012433400
1996/12/19,sh.000001,971.15,983.24,893.47,902.42,890830000
1996/12/20,sh.000001,881.09,898.92,864.26,885.24,619893000
1996/12/23,sh.000001,900.32,911.59,890.84,902.01,443724000
1996/12/24,sh.000001,907.63,911.12,864.15,865.58,366522400
1996/12/25,sh.000001,870.44,897.45,855.85,895.18,415918500
1996/12/26,sh.000001,904.02,924.33,890.41,924.24,552219100
1996/12/27,sh.000001,925.80,927.10,903.82,922.35,550900400
1996/12/30,sh.000001,929.72,938.55,923.95,934.21,571750500
1996/12/31,sh.000001,935.91,935.97,912.97,917.02,472143300
1997/1/2,sh.000001,914.06,920.19,909.46,919.44,265303700
1997/1/3,sh.000001,921.10,922.39,896.99,899.61,342916500
1997/1/6,sh.000001,890.98,892.02,875.89,876.50,241608800
1997/1/7,sh.000001,872.81,903.00,871.78,898.17,251824800
1997/1/8,sh.000001,899.83,902.53,887.23,896.41,231369000
1997/1/9,sh.000001,897.99,914.33,897.94,906.98,252650100
1997/1/10,sh.000001,908.56,918.51,906.55,918.40,333721700
1997/1/13,sh.000001,923.55,931.44,922.74,929.52,388141300
1997/1/14,sh.000001,929.55,929.59,903.62,907.85,304393900
1997/1/15,sh.000001,905.48,919.42,905.06,916.72,193795700
1997/1/16,sh.000001,917.48,922.10,908.26,915.01,194014700
1997/1/17,sh.000001,916.11,921.14,912.66,919.85,223666800
1997/1/20,sh.000001,922.47,933.36,922.06,933.28,274933100
1997/1/21,sh.000001,937.04,939.02,926.09,929.11,339361800
1997/1/22,sh.000001,929.36,942.73,929.01,942.44,334241400
1997/1/23,sh.000001,945.59,947.55,940.50,945.80,396901200
1997/1/24,sh.000001,945.53,954.30,934.64,953.92,373787000
1997/1/27,sh.000001,957.25,959.87,952.40,959.06,479914900
1997/1/28,sh.000001,957.88,957.88,947.91,956.31,328674400
1997/1/29,sh.000001,955.96,964.02,955.10,962.10,413085900
1997/1/30,sh.000001,960.49,962.97,955.47,960.17,352383100
1997/1/31,sh.000001,960.26,967.90,960.08,964.74,408801600
1997/2/17,sh.000001,969.53,985.21,959.75,982.40,361696600
1997/2/18,sh.000001,980.48,999.23,893.75,894.85,727384800
1997/2/19,sh.000001,911.58,962.69,911.58,962.69,540728200
1997/2/20,sh.000001,870.18,971.51,870.18,965.08,953084600
1997/2/21,sh.000001,967.68,1017.32,967.49,1017.13,1380838400
1997/2/24,sh.000001,1028.35,1032.70,1004.62,1009.56,1112275900
1997/2/25,sh.000001,1009.05,1028.34,1009.03,1017.96,712574700
1997/2/26,sh.000001,1019.86,1031.51,1015.39,1031.51,616762100
1997/2/27,sh.000001,1035.32,1038.49,1020.34,1025.30,660077500
1997/2/28,sh.000001,1023.37,1040.33,1010.27,1040.27,669806600
1997/3/3,sh.000001,1044.61,1063.05,1043.93,1063.05,900594500
1997/3/4,sh.000001,1063.29,1070.22,1048.44,1068.16,913979100
1997/3/5,sh.000001,1067.58,1072.46,1051.52,1052.15,788703100
1997/3/6,sh.000001,1045.89,1079.13,1044.24,1079.13,870056000
1997/3/7,sh.000001,1083.01,1086.64,1070.86,1077.72,814057300
1997/3/10,sh.000001,1085.91,1100.51,1085.89,1099.68,863186800
1997/3/11,sh.000001,1103.43,1109.95,1092.72,1109.73,833230300
1997/3/12,sh.000001,1112.71,1126.42,1109.47,1126.16,962785300
1997/3/13,sh.000001,1128.71,1131.74,1108.89,1117.28,913994900
1997/3/14,sh.000001,1114.74,1125.82,1092.70,1125.80,818859300
1997/3/17,sh.000001,1138.28,1159.54,1138.28,1158.48,1128487000
1997/3/18,sh.000001,1164.96,1177.02,1148.08,1162.63,1050779400
1997/3/19,sh.000001,1167.04,1170.40,1156.19,1161.27,807192900
1997/3/20,sh.000001,1162.26,1168.49,1119.67,1120.72,757637400
1997/3/21,sh.000001,1116.72,1167.21,1116.59,1167.17,738373900
1997/3/24,sh.000001,1186.95,1196.64,1181.33,1191.73,1088861800
1997/3/25,sh.000001,1198.16,1201.62,1180.88,1197.84,900646900
1997/3/26,sh.000001,1204.21,1215.47,1201.17,1215.31,887276600
1997/3/27,sh.000001,1220.55,1228.24,1202.77,1214.26,968773700
1997/3/28,sh.000001,1213.81,1219.04,1199.53,1202.67,753268100
1997/3/31,sh.000001,1210.02,1234.96,1210.00,1234.62,850575000
1997/4/1,sh.000001,1243.87,1246.31,1234.25,1241.03,836788800
1997/4/2,sh.000001,1246.41,1249.57,1232.31,1233.85,758324100
1997/4/3,sh.000001,1233.82,1246.18,1222.56,1246.03,689152300
1997/4/4,sh.000001,1258.07,1269.74,1251.60,1260.96,1016185200
1997/4/7,sh.000001,1259.59,1276.57,1252.75,1276.41,1009888500
1997/4/8,sh.000001,1277.06,1278.30,1246.72,1247.26,805377500
1997/4/9,sh.000001,1251.57,1286.91,1251.56,1286.85,960450400
1997/4/10,sh.000001,1293.26,1299.74,1279.49,1281.89,1086132900
1997/4/11,sh.000001,1279.34,1283.56,1251.01,1278.53,922372300
1997/4/14,sh.000001,1293.98,1325.67,1293.98,1316.92,1411947400
1997/4/15,sh.000001,1318.57,1326.38,1298.18,1324.96,1032030300
1997/4/16,sh.000001,1334.31,1338.42,1318.16,1327.78,969708500
1997/4/17,sh.000001,1323.42,1331.18,1319.76,1323.37,780300400
1997/4/18,sh.000001,1325.23,1338.85,1305.96,1338.03,880109800
1997/4/21,sh.000001,1355.56,1365.22,1350.80,1362.08,1237789000
1997/4/22,sh.000001,1362.98,1368.88,1354.45,1365.50,1085772100
1997/4/23,sh.000001,1370.05,1380.36,1368.65,1378.84,1052266200
1997/4/24,sh.000001,1370.17,1386.52,1356.52,1380.28,1003540600
1997/4/25,sh.000001,1382.93,1386.27,1363.98,1364.98,1044457100
1997/4/28,sh.000001,1372.26,1381.56,1346.26,1352.00,922612100
1997/4/29,sh.000001,1354.00,1376.82,1335.76,1376.77,834953300
1997/4/30,sh.000001,1385.30,1396.48,1376.46,1393.75,833159900
1997/5/5,sh.000001,1398.14,1448.99,1398.05,1448.93,1028834700
1997/5/6,sh.000001,1462.03,1483.50,1459.68,1482.99,1158537300
1997/5/7,sh.000001,1495.22,1499.62,1464.86,1495.46,1144278900
1997/5/8,sh.000001,1496.98,1504.26,1401.59,1405.18,1144965400
1997/5/9,sh.000001,1412.90,1469.08,1394.42,1467.23,960198400
1997/5/12,sh.000001,1490.78,1510.18,1486.45,1500.40,1316287900
1997/5/13,sh.000001,1501.25,1501.25,1436.21,1464.28,1080846100
1997/5/14,sh.000001,1447.61,1447.67,1378.03,1379.22,807545900
1997/5/15,sh.000001,1371.19,1425.30,1360.23,1417.67,674249300
1997/5/16,sh.000001,1309.60,1394.21,1287.07,1315.92,976828400
1997/5/19,sh.000001,1330.79,1350.58,1316.13,1344.61,561368400
1997/5/20,sh.000001,1351.66,1386.37,1351.23,1381.12,535449900
1997/5/21,sh.000001,1386.85,1389.60,1340.29,1354.88,565277700
1997/5/22,sh.000001,1248.97,1300.98,1232.20,1235.22,667319500
1997/5/23,sh.000001,1238.69,1263.52,1225.80,1254.27,539099000
1997/5/26,sh.000001,1268.59,1275.30,1213.24,1251.55,586391800
1997/5/27,sh.000001,1258.38,1281.75,1253.25,1281.74,537760900
1997/5/28,sh.000001,1283.00,1288.74,1265.57,1270.35,480878200
1997/5/29,sh.000001,1267.52,1282.85,1262.57,1263.35,466189800
1997/5/30,sh.000001,1261.29,1285.39,1254.62,1285.18,393774700
1997/6/2,sh.000001,1302.82,1336.42,1302.16,1336.28,634405900
1997/6/3,sh.000001,1341.68,1344.64,1313.46,1338.76,705919600
1997/6/4,sh.000001,1345.38,1363.71,1344.59,1361.19,716713700
1997/6/5,sh.000001,1362.19,1369.51,1346.97,1360.23,602559400
1997/6/6,sh.000001,1271.31,1314.73,1254.27,1275.30,921891500
1997/6/9,sh.000001,1275.25,1282.75,1255.67,1274.92,348236600
1997/6/10,sh.000001,1278.99,1285.04,1239.86,1241.74,275090100
1997/6/11,sh.000001,1239.50,1244.01,1175.71,1220.40,367009900
1997/6/12,sh.000001,1224.47,1229.64,1211.80,1212.77,291234600
1997/6/13,sh.000001,1154.98,1244.24,1154.97,1243.98,454499700
1997/6/16,sh.000001,1255.77,1269.63,1255.77,1261.47,484055200
1997/6/17,sh.000001,1260.41,1263.90,1245.34,1245.93,360459600
1997/6/18,sh.000001,1252.02,1254.90,1230.30,1232.68,328471900
1997/6/19,sh.000001,1233.68,1250.64,1227.25,1230.74,308720700
1997/6/20,sh.000001,1244.00,1292.32,1244.00,1291.20,484067000
1997/6/23,sh.000001,1313.24,1322.98,1265.18,1283.50,621643800
1997/6/24,sh.000001,1287.19,1304.05,1283.72,1303.93,414551200
1997/6/25,sh.000001,1309.34,1311.20,1293.35,1297.59,444195700
1997/6/26,sh.000001,1295.11,1295.15,1280.85,1284.46,410607900
1997/6/27,sh.000001,1287.92,1291.98,1246.93,1250.27,563251100
1997/7/2,sh.000001,1255.91,1261.57,1147.33,1199.06,392386100
1997/7/3,sh.000001,1194.68,1194.68,1149.94,1150.62,373727100
1997/7/4,sh.000001,1138.92,1163.25,1124.78,1159.34,444542000
1997/7/7,sh.000001,1161.71,1163.45,1085.57,1096.82,352613300
1997/7/8,sh.000001,1092.80,1115.43,1066.04,1109.67,367520200
1997/7/9,sh.000001,1113.64,1122.67,1104.09,1120.84,321446600
1997/7/10,sh.000001,1121.26,1137.87,1115.21,1120.15,335419000
1997/7/11,sh.000001,1116.42,1155.06,1114.40,1154.79,396597400
1997/7/14,sh.000001,1163.29,1185.78,1158.45,1185.72,557316500
1997/7/15,sh.000001,1189.47,1201.21,1180.19,1200.11,572759600
1997/7/16,sh.000001,1201.60,1204.86,1184.45,1190.83,527363000
1997/7/17,sh.000001,1188.27,1203.50,1180.93,1197.23,457871800
1997/7/18,sh.000001,1199.40,1210.44,1191.29,1209.86,476596400
1997/7/21,sh.000001,1215.84,1218.48,1188.88,1193.53,494028000
1997/7/22,sh.000001,1189.12,1208.26,1163.47,1208.25,455263000
1997/7/23,sh.000001,1219.06,1223.82,1194.70,1198.86,480842400
1997/7/24,sh.000001,1194.71,1200.31,1172.37,1174.22,332595700
1997/7/25,sh.000001,1166.57,1177.65,1158.14,1170.86,311225300
1997/7/28,sh.000001,1167.81,1167.88,1138.48,1141.78,305953800
1997/7/29,sh.000001,1137.32,1161.20,1133.18,1153.23,303311300
1997/7/30,sh.000001,1157.09,1179.48,1157.00,1179.42,365235100
1997/7/31,sh.000001,1184.94,1192.20,1179.72,1189.76,376326600
1997/8/1,sh.000001,1191.65,1194.03,1182.22,1192.83,328647800
1997/8/4,sh.000001,1196.25,1201.92,1188.68,1200.33,432669100
1997/8/5,sh.000001,1203.36,1207.23,1193.70,1196.27,359745700
1997/8/6,sh.000001,1196.04,1197.45,1170.27,1171.94,297232100
1997/8/7,sh.000001,1167.93,1199.24,1161.63,1199.24,344869900
1997/8/8,sh.000001,1205.95,1216.56,1201.36,1206.05,703374100
1997/8/11,sh.000001,1206.46,1206.76,1182.45,1184.08,503650800
1997/8/12,sh.000001,1177.26,1183.44,1145.75,1146.81,393690100
1997/8/13,sh.000001,1139.25,1153.50,1118.20,1120.13,346081500
1997/8/14,sh.000001,1120.47,1168.34,1120.25,1168.11,395297100
1997/8/15,sh.000001,1174.18,1174.88,1133.89,1143.06,476761400
1997/8/18,sh.000001,1139.61,1139.61,1116.15,1134.63,335746400
1997/8/19,sh.000001,1134.62,1143.20,1128.11,1132.91,257198100
1997/8/20,sh.000001,1135.05,1144.65,1133.74,1144.64,250738300
1997/8/21,sh.000001,1148.39,1165.22,1147.82,1164.55,400722400
1997/8/22,sh.000001,1159.39,1174.49,1156.83,1171.83,433739900
1997/8/25,sh.000001,1175.45,1184.33,1175.38,1184.10,453960300
1997/8/26,sh.000001,1186.07,1194.13,1181.24,1194.04,554979200
1997/8/27,sh.000001,1195.43,1199.47,1188.33,1198.51,543372000
1997/8/28,sh.000001,1201.06,1216.08,1194.68,1213.89,694265700
1997/8/29,sh.000001,1214.31,1223.07,1209.48,1221.06,731864300
1997/9/1,sh.000001,1224.18,1230.07,1219.10,1229.87,679821600
1997/9/2,sh.000001,1228.48,1232.69,1215.92,1226.30,589620600
1997/9/3,sh.000001,1223.62,1243.33,1223.46,1240.82,575803800
1997/9/4,sh.000001,1245.78,1253.15,1245.64,1251.30,544704900
1997/9/5,sh.000001,1250.60,1253.35,1241.22,1251.55,472278000
1997/9/8,sh.000001,1253.15,1257.55,1245.74,1255.23,548425400
1997/9/9,sh.000001,1255.18,1257.93,1230.44,1231.03,454445300
1997/9/10,sh.000001,1230.43,1256.04,1227.64,1256.04,539072300
1997/9/11,sh.000001,1260.52,1264.49,1236.11,1242.71,713364100
1997/9/12,sh.000001,1240.50,1247.91,1207.83,1208.70,431066600
1997/9/15,sh.000001,1205.90,1211.68,1175.95,1179.29,357837300
1997/9/16,sh.000001,1182.76,1193.85,1181.17,1187.22,265195400
1997/9/17,sh.000001,1188.89,1191.30,1162.24,1167.56,242595300
1997/9/18,sh.000001,1169.67,1181.75,1164.65,1172.37,230095600
1997/9/19,sh.000001,1174.77,1185.09,1168.87,1184.52,201843700
1997/9/22,sh.000001,1184.49,1185.10,1102.62,1103.97,306264300
1997/9/23,sh.000001,1096.19,1105.28,1025.13,1041.97,429958900
1997/9/24,sh.000001,1064.66,1110.11,1064.66,1110.01,496402700
1997/9/25,sh.000001,1118.37,1130.13,1106.25,1117.01,433633300
1997/9/26,sh.000001,1118.69,1118.94,1094.42,1109.63,274170600
1997/9/29,sh.000001,1106.34,1106.34,1079.34,1084.07,243615400
1997/9/30,sh.000001,1083.41,1100.39,1083.23,1097.38,204530000
1997/10/6,sh.000001,1100.70,1105.41,1091.15,1098.90,156593300
1997/10/7,sh.000001,1098.29,1102.71,1087.02,1102.57,176238400
1997/10/8,sh.000001,1122.97,1140.94,1116.71,1134.87,293382300
1997/10/9,sh.000001,1134.59,1138.66,1120.09,1122.47,202503100
1997/10/10,sh.000001,1121.34,1131.57,1120.51,1130.79,195193100
1997/10/13,sh.000001,1136.43,1138.40,1117.39,1119.82,189929300
1997/10/14,sh.000001,1116.30,1118.02,1105.70,1117.93,153806000
1997/10/15,sh.000001,1119.11,1129.65,1116.43,1125.78,214522800
1997/10/16,sh.000001,1131.40,1151.39,1131.39,1150.31,338623400
1997/10/17,sh.000001,1155.42,1180.22,1153.90,1176.49,459994200
1997/10/20,sh.000001,1183.74,1191.04,1173.56,1187.37,460895600
1997/10/21,sh.000001,1190.50,1192.34,1179.57,1191.87,423214600
1997/10/22,sh.000001,1193.70,1203.02,1168.45,1177.52,608287100
1997/10/23,sh.000001,1178.98,1186.07,1170.23,1173.36,415478700
1997/10/24,sh.000001,1172.88,1179.81,1164.06,1178.31,377592200
1997/10/27,sh.000001,1183.65,1235.95,1183.65,1235.83,656390300
1997/10/28,sh.000001,1239.59,1241.83,1172.89,1177.92,524823900
1997/10/29,sh.000001,1168.23,1188.80,1162.98,1184.09,359100300
1997/10/30,sh.000001,1189.27,1207.97,1173.65,1174.85,481737800
1997/10/31,sh.000001,1164.91,1181.51,1158.74,1180.39,305033800
1997/11/3,sh.000001,1181.16,1185.07,1176.55,1180.85,256218200
1997/11/4,sh.000001,1180.87,1190.47,1180.87,1184.70,236232800
1997/11/5,sh.000001,1186.10,1194.67,1179.35,1194.04,491968000
1997/11/6,sh.000001,1198.66,1203.09,1179.58,1181.12,428156100
1997/11/7,sh.000001,1181.78,1195.74,1177.63,1195.14,362750100
1997/11/10,sh.000001,1199.37,1202.58,1178.63,1185.78,399657400
1997/11/11,sh.000001,1183.42,1187.74,1168.48,1186.63,299653700
1997/11/12,sh.000001,1190.01,1193.53,1171.56,1174.19,294910300
1997/11/13,sh.000001,1169.70,1185.28,1157.29,1185.02,298194600
1997/11/14,sh.000001,1187.35,1208.84,1181.69,1197.83,389376600
1997/11/17,sh.000001,1210.68,1213.23,1190.43,1191.33,272294300
1997/11/18,sh.000001,1190.26,1193.31,1182.61,1183.35,256370500
1997/11/19,sh.000001,1185.10,1191.96,1175.78,1181.63,265686000
1997/11/20,sh.000001,1182.74,1189.50,1169.10,1172.43,324575100
1997/11/21,sh.000001,1168.97,1169.11,1152.01,1158.56,292730100
1997/11/24,sh.000001,1150.42,1150.56,1122.94,1124.94,296675400
1997/11/25,sh.000001,1120.86,1131.13,1114.14,1125.53,358424300
1997/11/26,sh.000001,1126.60,1143.82,1124.48,1143.82,234727800
1997/11/27,sh.000001,1141.77,1141.97,1120.52,1122.52,251261900
1997/11/28,sh.000001,1117.57,1139.64,1114.43,1139.63,265787000
1997/12/1,sh.000001,1137.59,1139.29,1130.45,1133.09,231287500
1997/12/2,sh.000001,1133.59,1139.60,1128.50,1130.17,187537400
1997/12/3,sh.000001,1129.78,1130.32,1121.59,1122.55,191799300
1997/12/4,sh.000001,1121.80,1137.01,1119.20,1135.87,229065800
1997/12/5,sh.000001,1139.48,1144.22,1134.93,1136.20,239665200
1997/12/8,sh.000001,1140.55,1143.08,1136.58,1139.36,209640300
1997/12/9,sh.000001,1139.81,1148.17,1137.32,1148.17,214626700
1997/12/10,sh.000001,1150.48,1158.99,1149.33,1157.84,236871600
1997/12/11,sh.000001,1159.05,1159.75,1145.55,1159.17,231763600
1997/12/12,sh.000001,1160.22,1165.81,1153.43,1153.84,257110100
1997/12/15,sh.000001,1155.72,1168.06,1155.60,1168.03,316617600
1997/12/16,sh.000001,1170.46,1174.81,1165.60,1174.80,333919400
1997/12/17,sh.000001,1169.64,1169.74,1145.89,1146.52,332345800
1997/12/18,sh.000001,1142.10,1159.11,1138.40,1154.17,304900900
1997/12/19,sh.000001,1154.70,1161.88,1151.14,1160.77,324467000
1997/12/22,sh.000001,1162.68,1169.03,1153.44,1169.01,423341500
1997/12/23,sh.000001,1171.90,1176.92,1165.06,1171.25,331363400
1997/12/24,sh.000001,1171.74,1173.54,1164.86,1169.66,317898800
1997/12/25,sh.000001,1170.56,1181.48,1169.99,1181.28,359840100
1997/12/26,sh.000001,1187.75,1194.24,1186.53,1191.92,419291800
1997/12/29,sh.000001,1196.30,1198.97,1185.66,1186.61,367021000
1997/12/30,sh.000001,1186.14,1193.62,1179.56,1181.14,279294000
1997/12/31,sh.000001,1182.25,1195.05,1182.25,1194.10,309325000
1998/1/5,sh.000001,1200.95,1220.50,1200.22,1220.47,437153200
1998/1/6,sh.000001,1223.73,1233.64,1215.41,1233.62,514866400
1998/1/7,sh.000001,1233.96,1244.10,1231.15,1244.07,575655700
1998/1/8,sh.000001,1243.12,1250.01,1235.89,1237.16,406947200
1998/1/9,sh.000001,1233.70,1245.00,1221.30,1239.90,535709600
1998/1/12,sh.000001,1242.21,1246.65,1226.40,1226.97,573968900
1998/1/13,sh.000001,1211.88,1211.88,1110.09,1167.65,719443500
1998/1/14,sh.000001,1170.35,1203.25,1170.32,1202.22,570380000
1998/1/15,sh.000001,1210.42,1217.86,1196.15,1215.43,553925500
1998/1/16,sh.000001,1215.82,1220.97,1207.92,1213.96,412032600
1998/1/19,sh.000001,1215.41,1216.99,1205.48,1213.13,326203800
1998/1/20,sh.000001,1211.28,1215.57,1195.38,1203.72,312937800
1998/1/21,sh.000001,1201.99,1209.69,1198.23,1200.20,303297200
1998/1/22,sh.000001,1200.52,1207.45,1194.38,1204.43,436125400
1998/1/23,sh.000001,1206.50,1224.12,1206.45,1222.91,358068400
1998/2/9,sh.000001,1258.00,1262.62,1244.43,1248.04,435858400
1998/2/10,sh.000001,1248.60,1248.60,1233.70,1236.51,532456300
1998/2/11,sh.000001,1234.18,1251.45,1233.53,1250.24,481552000
1998/2/12,sh.000001,1253.39,1254.41,1242.00,1246.30,474907700
1998/2/13,sh.000001,1246.73,1251.91,1241.82,1245.91,409773500
1998/2/16,sh.000001,1246.80,1247.97,1230.92,1236.24,461535800
1998/2/17,sh.000001,1234.84,1240.58,1228.11,1238.50,352585900
1998/2/18,sh.000001,1239.63,1240.18,1225.50,1229.83,461406700
1998/2/19,sh.000001,1229.81,1235.49,1223.93,1232.58,330071400
1998/2/20,sh.000001,1234.60,1237.92,1224.58,1226.02,315923400
1998/2/23,sh.000001,1217.86,1217.86,1195.89,1208.60,380753300
1998/2/24,sh.000001,1206.93,1216.35,1206.09,1208.22,352668400
1998/2/25,sh.000001,1208.52,1209.49,1191.75,1194.67,342846700
1998/2/26,sh.000001,1193.00,1206.67,1189.52,1206.67,314777500
1998/2/27,sh.000001,1209.44,1213.73,1202.87,1206.53,358215000
1998/3/2,sh.000001,1196.74,1205.75,1182.61,1188.31,484315500
1998/3/3,sh.000001,1186.52,1201.80,1185.30,1201.79,356129700
1998/3/4,sh.000001,1204.95,1214.00,1201.25,1213.25,359514800
1998/3/5,sh.000001,1217.85,1219.28,1206.37,1207.54,322341900
1998/3/6,sh.000001,1208.75,1208.98,1202.12,1206.45,308502000
1998/3/9,sh.000001,1207.96,1208.62,1197.57,1200.83,309109400
1998/3/10,sh.000001,1199.63,1205.83,1186.55,1199.83,298064400
1998/3/11,sh.000001,1201.26,1210.53,1187.44,1190.04,365596600
1998/3/12,sh.000001,1187.54,1188.28,1175.55,1178.97,250410000
1998/3/13,sh.000001,1177.82,1184.96,1176.01,1184.96,233152800
1998/3/16,sh.000001,1186.19,1188.62,1179.44,1188.48,301891100
1998/3/17,sh.000001,1193.67,1202.84,1193.24,1202.84,373376000
1998/3/18,sh.000001,1204.10,1204.74,1191.91,1193.91,362260800
1998/3/19,sh.000001,1192.40,1195.83,1184.87,1188.72,335943800
1998/3/20,sh.000001,1188.60,1192.32,1183.25,1187.50,278982400
1998/3/23,sh.000001,1186.56,1186.86,1178.04,1179.87,361032200
1998/3/24,sh.000001,1180.09,1194.06,1179.97,1194.02,351972500
1998/3/25,sh.000001,1207.62,1209.77,1188.85,1191.55,412585500
1998/3/26,sh.000001,1191.00,1193.82,1186.22,1188.87,452050100
1998/3/27,sh.000001,1189.41,1223.93,1188.86,1223.57,682885500
1998/3/30,sh.000001,1230.94,1249.44,1228.30,1249.44,729618400
1998/3/31,sh.000001,1251.34,1252.24,1238.64,1243.02,609167600
1998/4/1,sh.000001,1243.37,1255.01,1240.06,1254.97,622217400
1998/4/2,sh.000001,1259.59,1285.03,1259.58,1269.02,1031202900
1998/4/3,sh.000001,1268.57,1286.11,1266.03,1286.08,791090100
1998/4/6,sh.000001,1291.61,1306.38,1286.43,1306.38,1020702600
1998/4/7,sh.000001,1308.56,1310.29,1296.54,1303.14,1627882600
1998/4/8,sh.000001,1303.41,1322.83,1302.41,1322.79,1413919300
1998/4/9,sh.000001,1326.44,1328.79,1288.89,1297.23,1511702200
1998/4/10,sh.000001,1294.62,1311.53,1293.59,1311.51,1462679900
1998/4/13,sh.000001,1319.95,1326.30,1311.83,1318.75,1214580900
1998/4/14,sh.000001,1318.27,1320.91,1304.38,1313.72,855311600
1998/4/15,sh.000001,1314.17,1324.71,1314.07,1324.71,955450300
1998/4/16,sh.000001,1324.04,1326.42,1312.57,1316.25,944117500
1998/4/17,sh.000001,1311.54,1311.73,1291.08,1298.11,878601400
1998/4/20,sh.000001,1292.16,1302.98,1286.59,1296.01,737714000
1998/4/21,sh.000001,1296.77,1307.86,1295.06,1305.22,656345500
1998/4/22,sh.000001,1307.83,1333.07,1307.83,1332.18,790204900
1998/4/23,sh.000001,1337.49,1340.25,1321.04,1324.56,1065313100
1998/4/24,sh.000001,1324.46,1331.86,1313.61,1315.17,970462200
1998/4/27,sh.000001,1314.35,1318.80,1303.48,1310.38,1106460600
1998/4/28,sh.000001,1315.35,1333.09,1315.33,1332.99,958932900
1998/4/29,sh.000001,1337.89,1341.58,1328.56,1332.50,827067300
1998/4/30,sh.000001,1336.01,1343.46,1335.55,1343.45,885859300
1998/5/4,sh.000001,1353.06,1355.52,1345.36,1352.93,1103649100
1998/5/5,sh.000001,1355.05,1356.06,1346.59,1352.52,801924500
1998/5/6,sh.000001,1352.72,1355.66,1341.81,1348.41,763829500
1998/5/7,sh.000001,1348.89,1352.55,1326.65,1327.87,795819500
1998/5/8,sh.000001,1324.74,1357.60,1324.72,1357.60,1686123300
1998/5/11,sh.000001,1367.24,1368.03,1351.59,1354.61,1342161500
1998/5/12,sh.000001,1358.96,1360.06,1342.73,1349.65,867969600
1998/5/13,sh.000001,1351.18,1369.30,1351.00,1369.26,1020086200
1998/5/14,sh.000001,1373.17,1376.30,1360.89,1367.13,1236781500
1998/5/15,sh.000001,1373.43,1379.13,1361.84,1368.09,1021641900
1998/5/18,sh.000001,1373.67,1376.38,1360.47,1368.18,826120400
1998/5/19,sh.000001,1370.68,1372.87,1355.54,1362.29,623135400
1998/5/20,sh.000001,1362.69,1365.10,1352.17,1357.43,672030000
1998/5/21,sh.000001,1356.96,1367.72,1350.26,1366.66,676192500
1998/5/22,sh.000001,1371.37,1379.89,1370.72,1375.82,800190200
1998/5/25,sh.000001,1380.13,1389.66,1376.20,1389.37,1070688500
1998/5/26,sh.000001,1392.75,1394.44,1383.76,1390.42,875233700
1998/5/27,sh.000001,1393.74,1399.54,1390.55,1399.54,882741600
1998/5/28,sh.000001,1402.85,1405.58,1392.90,1397.90,830878700
1998/5/29,sh.000001,1402.68,1411.35,1402.02,1411.21,950879600
1998/6/1,sh.000001,1418.35,1420.55,1411.06,1415.58,983990100
1998/6/2,sh.000001,1419.22,1419.58,1402.63,1413.08,795094200
1998/6/3,sh.000001,1415.02,1421.12,1413.11,1420.00,855816900
1998/6/4,sh.000001,1420.99,1422.98,1402.75,1406.30,763649000
1998/6/5,sh.000001,1404.08,1414.36,1390.63,1408.61,756791600
1998/6/8,sh.000001,1411.96,1415.18,1401.06,1403.73,668832500
1998/6/9,sh.000001,1400.35,1400.35,1357.47,1369.65,722689700
1998/6/10,sh.000001,1367.74,1377.83,1359.39,1368.30,535522100
1998/6/11,sh.000001,1367.56,1371.15,1346.07,1347.68,423951700
1998/6/12,sh.000001,1373.11,1383.47,1365.08,1383.39,542509700
1998/6/15,sh.000001,1385.33,1386.99,1359.88,1365.34,548843100
1998/6/16,sh.000001,1362.59,1362.59,1323.53,1348.59,592927500
1998/6/17,sh.000001,1349.00,1356.66,1344.44,1348.94,513160500
1998/6/18,sh.000001,1352.24,1372.12,1352.24,1370.69,524371700
1998/6/19,sh.000001,1376.19,1392.88,1376.19,1392.88,535910200
1998/6/22,sh.000001,1400.47,1401.51,1392.06,1399.36,643384400
1998/6/23,sh.000001,1398.24,1398.71,1385.45,1397.96,639347300
1998/6/24,sh.000001,1399.71,1402.14,1390.86,1401.74,631530000
1998/6/25,sh.000001,1402.95,1404.05,1377.18,1382.04,506546100
1998/6/26,sh.000001,1383.29,1388.55,1376.41,1385.62,1017813500
1998/6/29,sh.000001,1387.02,1387.19,1356.22,1361.43,601549100
1998/6/30,sh.000001,1360.62,1363.59,1335.21,1339.20,381065600
1998/7/1,sh.000001,1363.27,1367.15,1315.18,1316.44,555041600
1998/7/2,sh.000001,1314.10,1331.65,1297.00,1331.65,484588900
1998/7/3,sh.000001,1335.84,1341.73,1327.80,1335.13,545063600
1998/7/6,sh.000001,1339.26,1339.68,1313.28,1315.28,462786300
1998/7/7,sh.000001,1313.65,1324.41,1307.91,1324.40,351522000
1998/7/8,sh.000001,1326.82,1339.16,1326.63,1338.98,345298400
1998/7/9,sh.000001,1341.35,1344.43,1336.66,1343.23,398818200
1998/7/10,sh.000001,1344.75,1360.64,1344.63,1360.62,529792500
1998/7/13,sh.000001,1362.69,1363.00,1352.16,1358.81,479518500
1998/7/14,sh.000001,1360.61,1361.19,1334.71,1336.56,515627500
1998/7/15,sh.000001,1332.41,1341.64,1326.32,1335.47,433596500
1998/7/16,sh.000001,1335.30,1337.64,1317.89,1325.63,435545200
1998/7/17,sh.000001,1325.88,1330.82,1311.75,1314.72,512615000
1998/7/20,sh.000001,1311.06,1311.15,1278.30,1287.07,485388700
1998/7/21,sh.000001,1285.79,1318.93,1284.80,1313.01,407716800
1998/7/22,sh.000001,1312.23,1312.37,1295.61,1299.15,349492400
1998/7/23,sh.000001,1299.22,1316.29,1299.15,1316.27,410816800
1998/7/24,sh.000001,1317.85,1330.49,1317.85,1326.82,410907600
1998/7/27,sh.000001,1328.34,1328.73,1314.73,1321.90,395497100
1998/7/28,sh.000001,1321.63,1324.27,1313.20,1317.95,340169100
1998/7/29,sh.000001,1317.93,1321.26,1308.26,1311.94,385013900
1998/7/30,sh.000001,1312.86,1318.02,1309.77,1315.30,986043100
1998/7/31,sh.000001,1316.31,1319.36,1312.38,1316.92,482576000
1998/8/3,sh.000001,1315.14,1315.47,1299.93,1302.10,462257500
1998/8/4,sh.000001,1299.73,1299.73,1283.20,1293.46,415988600
1998/8/5,sh.000001,1293.70,1307.48,1293.12,1307.44,568248300
1998/8/6,sh.000001,1310.30,1312.60,1292.39,1294.16,623644600
1998/8/7,sh.000001,1292.08,1292.31,1267.92,1271.07,567622700
1998/8/10,sh.000001,1262.01,1262.03,1227.47,1234.58,489010200
1998/8/11,sh.000001,1230.38,1241.78,1206.64,1207.67,362714000
1998/8/12,sh.000001,1204.36,1207.73,1158.79,1190.55,530602800
1998/8/13,sh.000001,1193.37,1205.86,1185.57,1204.18,421402100
1998/8/14,sh.000001,1202.38,1202.38,1165.87,1168.03,468920800
1998/8/17,sh.000001,1152.67,1152.67,1068.66,1070.41,536182000
1998/8/18,sh.000001,1054.18,1094.38,1043.02,1071.30,530912700
1998/8/19,sh.000001,1072.74,1126.08,1072.72,1126.08,719998500
1998/8/20,sh.000001,1128.75,1149.96,1113.86,1149.91,644039800
1998/8/21,sh.000001,1149.62,1178.74,1141.51,1177.62,717002300
1998/8/24,sh.000001,1178.55,1190.88,1166.14,1178.55,729280000
1998/8/25,sh.000001,1174.41,1179.11,1159.39,1179.07,636648500
1998/8/26,sh.000001,1174.85,1182.33,1159.52,1160.29,664454900
1998/8/27,sh.000001,1152.36,1154.69,1142.17,1145.22,468006300
1998/8/28,sh.000001,1139.82,1146.51,1125.20,1129.72,450418700
1998/8/31,sh.000001,1117.97,1150.23,1072.42,1150.22,561265700
1998/9/1,sh.000001,1142.50,1163.17,1123.64,1143.13,562208900
1998/9/2,sh.000001,1137.31,1149.27,1129.81,1136.89,405782600
1998/9/3,sh.000001,1136.44,1151.01,1136.14,1147.20,365684100
1998/9/4,sh.000001,1148.95,1169.47,1148.94,1163.53,527627500
1998/9/7,sh.000001,1168.37,1178.38,1163.21,1178.38,490753100
1998/9/8,sh.000001,1181.07,1185.10,1166.66,1167.60,602511800
1998/9/9,sh.000001,1165.66,1190.74,1162.47,1190.68,632013100
1998/9/10,sh.000001,1194.88,1219.80,1194.12,1213.67,1019077300
1998/9/11,sh.000001,1214.83,1225.14,1206.61,1218.01,868787000
1998/9/14,sh.000001,1219.32,1239.77,1214.44,1239.61,1252016500
1998/9/15,sh.000001,1240.94,1245.42,1228.88,1230.13,1059686600
1998/9/16,sh.000001,1226.90,1252.20,1225.29,1252.14,941914800
1998/9/17,sh.000001,1257.38,1264.40,1226.72,1233.70,1119136600
1998/9/18,sh.000001,1227.56,1233.40,1199.58,1207.00,888718200
1998/9/21,sh.000001,1199.17,1222.38,1193.82,1222.38,604194800
1998/9/22,sh.000001,1224.40,1229.62,1214.02,1222.63,532966200
1998/9/23,sh.000001,1223.99,1233.79,1222.36,1229.86,541309100
1998/9/24,sh.000001,1231.05,1232.28,1196.92,1199.06,716607800
1998/9/25,sh.000001,1194.31,1221.58,1192.08,1221.58,530918400
1998/9/28,sh.000001,1224.27,1239.80,1217.65,1230.21,699681500
1998/9/29,sh.000001,1231.90,1239.11,1226.84,1231.75,558441700
1998/9/30,sh.000001,1233.59,1242.94,1233.43,1242.90,561127200
1998/10/5,sh.000001,1245.74,1246.60,1231.40,1234.78,450409500
1998/10/6,sh.000001,1234.14,1237.84,1214.83,1217.46,501290800
1998/10/7,sh.000001,1214.36,1219.10,1207.93,1213.79,527452200
1998/10/8,sh.000001,1215.95,1228.73,1215.87,1228.71,487315000
1998/10/9,sh.000001,1231.94,1241.05,1229.85,1236.93,628463800
1998/10/12,sh.000001,1239.57,1247.24,1227.86,1247.15,703982000
1998/10/13,sh.000001,1250.68,1257.35,1239.77,1244.07,702796800
1998/10/14,sh.000001,1243.71,1247.66,1234.07,1240.60,532580600
1998/10/15,sh.000001,1243.20,1254.84,1241.26,1254.81,629901300
1998/10/16,sh.000001,1259.14,1263.71,1249.93,1251.53,701348300
1998/10/19,sh.000001,1255.05,1256.76,1240.45,1246.24,571347300
1998/10/20,sh.000001,1248.24,1251.43,1238.30,1243.65,545133800
1998/10/21,sh.000001,1243.54,1243.60,1206.12,1207.83,746523300
1998/10/22,sh.000001,1202.21,1216.17,1191.56,1216.09,636917100
1998/10/23,sh.000001,1217.13,1230.83,1215.47,1217.43,673113400
1998/10/26,sh.000001,1215.56,1215.56,1195.24,1208.27,672203300
1998/10/27,sh.000001,1207.20,1218.45,1204.74,1216.79,510306200
1998/10/28,sh.000001,1218.50,1226.11,1217.23,1225.93,524178200
1998/10/29,sh.000001,1226.92,1229.74,1214.92,1216.76,458066600
1998/10/30,sh.000001,1216.01,1225.64,1215.46,1217.32,469293500
1998/11/2,sh.000001,1217.34,1223.53,1210.85,1223.48,434854200
1998/11/3,sh.000001,1225.26,1236.97,1225.22,1236.87,474201700
1998/11/4,sh.000001,1239.50,1240.70,1232.78,1235.80,460459100
1998/11/5,sh.000001,1237.54,1253.31,1237.51,1253.28,691822900
1998/11/6,sh.000001,1258.70,1267.39,1257.17,1259.77,1010638200
1998/11/9,sh.000001,1263.96,1283.12,1263.96,1283.12,877811900
1998/11/10,sh.000001,1283.92,1288.74,1275.19,1286.56,789853600
1998/11/11,sh.000001,1287.42,1288.35,1278.47,1286.20,665748900
1998/11/12,sh.000001,1286.56,1295.06,1278.94,1282.99,674553400
1998/11/13,sh.000001,1281.99,1285.92,1271.32,1282.51,564045500
1998/11/16,sh.000001,1284.34,1293.76,1281.60,1293.74,582564600
1998/11/17,sh.000001,1296.63,1300.15,1285.02,1290.60,565521600
1998/11/18,sh.000001,1291.00,1292.93,1281.60,1285.50,545182200
1998/11/19,sh.000001,1283.96,1284.14,1274.09,1275.61,487167400
1998/11/20,sh.000001,1272.66,1279.38,1271.66,1275.37,450467300
1998/11/23,sh.000001,1275.90,1278.09,1269.10,1273.79,456403800
1998/11/24,sh.000001,1274.45,1282.93,1274.41,1278.92,671864100
1998/11/25,sh.000001,1280.27,1283.96,1262.23,1263.85,496680200
1998/11/26,sh.000001,1260.08,1262.78,1247.84,1252.82,435132600
1998/11/27,sh.000001,1252.37,1259.04,1242.57,1245.08,427589000
1998/11/30,sh.000001,1244.92,1247.42,1238.14,1247.42,404677800
1998/12/1,sh.000001,1249.01,1251.87,1232.00,1234.36,387952700
1998/12/2,sh.000001,1233.16,1236.97,1222.65,1236.97,342389000
1998/12/3,sh.000001,1238.29,1239.26,1229.85,1232.51,376711600
1998/12/4,sh.000001,1232.43,1234.63,1213.56,1219.20,370042000
1998/12/7,sh.000001,1234.76,1237.69,1207.76,1209.54,334439200
1998/12/8,sh.000001,1209.84,1223.34,1209.81,1223.26,297779700
1998/12/9,sh.000001,1224.36,1225.99,1219.01,1224.09,256750300
1998/12/10,sh.000001,1224.15,1224.93,1203.07,1204.64,351307700
1998/12/11,sh.000001,1201.85,1214.24,1194.07,1214.21,318344300
1998/12/14,sh.000001,1214.60,1214.67,1194.66,1196.30,282568800
1998/12/15,sh.000001,1193.64,1194.89,1173.92,1194.84,330883800
1998/12/16,sh.000001,1194.94,1195.55,1180.86,1183.06,239998400
1998/12/17,sh.000001,1180.17,1180.17,1158.51,1160.09,344884400
1998/12/18,sh.000001,1155.75,1167.64,1150.72,1155.92,285990900
1998/12/21,sh.000001,1153.66,1163.24,1150.39,1154.43,233872600
1998/12/22,sh.000001,1155.63,1185.98,1155.62,1185.97,352038800
1998/12/23,sh.000001,1186.98,1187.91,1170.16,1172.51,291759100
1998/12/24,sh.000001,1171.71,1171.71,1161.85,1168.98,265489600
1998/12/25,sh.000001,1169.60,1178.92,1169.54,1173.91,297707400
1998/12/28,sh.000001,1175.63,1179.00,1157.70,1159.94,336609600
1998/12/29,sh.000001,1157.48,1157.57,1139.99,1142.73,316623600
1998/12/30,sh.000001,1141.89,1151.72,1125.56,1148.26,371030100
1998/12/31,sh.000001,1149.83,1153.15,1140.36,1146.70,231784300
1999/1/4,sh.000001,1144.89,1144.89,1124.21,1125.82,233951700
1999/1/5,sh.000001,1123.70,1123.70,1104.50,1119.97,289192000
1999/1/6,sh.000001,1120.67,1137.21,1120.40,1132.59,325549100
1999/1/7,sh.000001,1133.17,1140.48,1125.67,1137.73,371507500
1999/1/8,sh.000001,1138.77,1168.84,1138.77,1168.81,443624000
1999/1/11,sh.000001,1169.91,1174.43,1158.54,1172.81,396265800
1999/1/12,sh.000001,1171.74,1171.87,1158.30,1158.87,462492100
1999/1/13,sh.000001,1153.29,1159.94,1144.45,1148.15,446164100
1999/1/14,sh.000001,1145.90,1153.10,1142.35,1148.66,323041200
1999/1/15,sh.000001,1149.78,1150.68,1136.30,1137.31,385468200
1999/1/18,sh.000001,1135.09,1153.42,1126.71,1153.12,447709700
1999/1/19,sh.000001,1154.16,1160.26,1149.37,1158.55,444296600
1999/1/20,sh.000001,1159.03,1162.98,1148.81,1151.37,406370500
1999/1/21,sh.000001,1150.30,1158.51,1145.30,1158.50,447494500
1999/1/22,sh.000001,1159.92,1168.18,1157.15,1162.35,553657600
1999/1/25,sh.000001,1161.98,1162.44,1146.97,1148.12,791312700
1999/1/26,sh.000001,1145.07,1146.12,1132.96,1138.21,620329300
1999/1/27,sh.000001,1137.69,1146.50,1134.13,1146.49,757097900
1999/1/28,sh.000001,1147.87,1150.58,1137.12,1140.98,625434500
1999/1/29,sh.000001,1139.84,1140.13,1130.33,1134.67,515158500
1999/2/1,sh.000001,1131.65,1131.66,1118.55,1120.53,508415200
1999/2/2,sh.000001,1119.78,1126.41,1114.79,1126.40,398997300
1999/2/3,sh.000001,1126.84,1127.27,1115.13,1116.87,371484100
1999/2/4,sh.000001,1114.65,1114.69,1102.49,1103.50,389106200
1999/2/5,sh.000001,1101.48,1101.48,1079.22,1081.44,408518000
1999/2/8,sh.000001,1076.82,1082.46,1064.17,1065.82,352380800
1999/2/9,sh.000001,1065.91,1090.17,1065.91,1090.09,327566200
1999/3/1,sh.000001,1092.15,1098.36,1084.16,1097.98,288540700
1999/3/2,sh.000001,1098.29,1103.25,1090.04,1100.92,404006400
1999/3/3,sh.000001,1101.13,1128.78,1101.07,1128.74,559034400
1999/3/4,sh.000001,1130.34,1133.73,1120.71,1128.95,495140000
1999/3/5,sh.000001,1128.62,1137.96,1124.09,1132.36,520194300
1999/3/8,sh.000001,1133.51,1142.15,1128.39,1142.11,563170200
1999/3/9,sh.000001,1143.10,1145.71,1135.37,1136.94,590019900
1999/3/10,sh.000001,1136.02,1136.08,1127.17,1132.74,532639000
1999/3/11,sh.000001,1133.29,1153.84,1133.15,1149.93,694161000
1999/3/12,sh.000001,1151.99,1158.71,1148.67,1158.70,706443700
1999/3/15,sh.000001,1161.49,1169.70,1159.15,1164.64,729591100
1999/3/16,sh.000001,1164.79,1166.97,1155.94,1166.93,659863700
1999/3/17,sh.000001,1167.72,1173.04,1158.59,1159.10,754877500
1999/3/18,sh.000001,1155.27,1160.68,1147.57,1151.99,592744900
1999/3/19,sh.000001,1150.61,1172.93,1150.34,1172.93,716593100
1999/3/22,sh.000001,1175.68,1179.65,1168.34,1172.74,769528500
1999/3/23,sh.000001,1172.98,1174.48,1163.28,1170.95,878444000
1999/3/24,sh.000001,1171.30,1177.34,1167.10,1169.03,613294700
1999/3/25,sh.000001,1167.86,1167.88,1155.01,1156.85,513376200
1999/3/26,sh.000001,1155.35,1162.42,1154.94,1161.12,515196400
1999/3/29,sh.000001,1160.58,1169.50,1158.09,1169.49,551824200
1999/3/30,sh.000001,1171.13,1173.66,1156.05,1157.51,514719200
1999/3/31,sh.000001,1156.37,1159.53,1150.82,1158.05,484239000
1999/4/1,sh.000001,1158.68,1168.53,1158.44,1168.50,620212400
1999/4/2,sh.000001,1170.76,1184.43,1170.31,1184.40,766553200
1999/4/5,sh.000001,1188.93,1194.51,1187.06,1194.47,807176900
1999/4/6,sh.000001,1195.95,1199.84,1191.58,1199.60,670936100
1999/4/7,sh.000001,1200.22,1202.32,1193.73,1201.63,814167500
1999/4/8,sh.000001,1203.02,1205.41,1192.46,1202.47,817610600
1999/4/9,sh.000001,1203.44,1210.10,1196.74,1205.14,980901100
1999/4/12,sh.000001,1205.32,1205.68,1193.66,1195.34,1020296100
1999/4/13,sh.000001,1192.15,1193.33,1174.14,1178.19,734821400
1999/4/14,sh.000001,1176.77,1184.18,1174.27,1181.52,532570400
1999/4/15,sh.000001,1182.20,1185.59,1168.59,1170.62,737036900
1999/4/16,sh.000001,1168.91,1175.03,1162.31,1166.24,724113800
1999/4/19,sh.000001,1164.62,1166.04,1156.61,1159.47,767199000
1999/4/20,sh.000001,1160.05,1171.60,1159.56,1171.60,1069139900
1999/4/21,sh.000001,1171.95,1173.53,1143.05,1144.07,952069000
1999/4/22,sh.000001,1137.91,1140.90,1110.65,1137.16,908942800
1999/4/23,sh.000001,1137.61,1144.78,1135.61,1140.00,675682200
1999/4/26,sh.000001,1139.65,1140.17,1112.00,1112.79,604176300
1999/4/27,sh.000001,1108.91,1108.91,1089.76,1091.70,562483500
1999/4/28,sh.000001,1090.87,1112.29,1087.79,1091.09,473206600
1999/4/29,sh.000001,1091.06,1116.42,1090.56,1116.41,504636200
1999/4/30,sh.000001,1116.11,1122.22,1114.18,1120.93,419609700
1999/5/4,sh.000001,1120.91,1121.91,1108.89,1111.76,408896600
1999/5/5,sh.000001,1110.94,1116.96,1105.35,1116.93,437463300
1999/5/6,sh.000001,1116.86,1128.90,1116.64,1128.22,639098200
1999/5/7,sh.000001,1129.53,1131.49,1117.94,1120.74,583332700
1999/5/10,sh.000001,1107.37,1107.37,1065.18,1071.93,688193300
1999/5/11,sh.000001,1072.04,1095.41,1072.04,1095.40,434819100
1999/5/12,sh.000001,1096.74,1104.81,1092.79,1100.00,396164700
1999/5/13,sh.000001,1100.86,1101.36,1086.46,1088.86,366073200
1999/5/14,sh.000001,1087.94,1088.00,1060.50,1063.28,485905600
1999/5/17,sh.000001,1057.49,1072.17,1047.83,1065.56,375362500
1999/5/18,sh.000001,1066.52,1075.65,1058.39,1059.87,400459200
1999/5/19,sh.000001,1058.70,1109.12,1057.72,1109.09,598795200
1999/5/20,sh.000001,1114.66,1147.73,1113.32,1147.71,1067059200
1999/5/21,sh.000001,1154.81,1170.14,1152.26,1168.72,1570595700
1999/5/24,sh.000001,1173.13,1215.22,1164.90,1213.65,2074116000
1999/5/25,sh.000001,1223.13,1244.84,1198.07,1202.89,2873759400
1999/5/26,sh.000001,1199.23,1236.14,1195.84,1236.05,1620577800
1999/5/27,sh.000001,1247.32,1283.03,1247.32,1283.02,2257634800
1999/5/28,sh.000001,1291.96,1294.64,1260.71,1277.15,3196835800
1999/5/31,sh.000001,1287.08,1303.48,1253.25,1279.33,2347326100
1999/6/1,sh.000001,1283.30,1311.60,1276.12,1311.59,1722944900
1999/6/2,sh.000001,1319.83,1330.28,1287.01,1287.93,2223250200
1999/6/3,sh.000001,1280.48,1286.91,1259.01,1268.32,1666148000
1999/6/4,sh.000001,1271.17,1288.00,1271.16,1285.58,1368480400
1999/6/7,sh.000001,1287.46,1326.61,1285.15,1326.52,1566229000
1999/6/8,sh.000001,1336.03,1341.64,1319.50,1333.64,1619835000
1999/6/9,sh.000001,1334.85,1350.14,1323.99,1348.61,1563229200
1999/6/10,sh.000001,1371.00,1382.07,1353.56,1364.35,2487743000
1999/6/11,sh.000001,1364.28,1376.78,1359.28,1370.39,1884119000
1999/6/14,sh.000001,1382.53,1427.77,1382.53,1427.71,2526166200
1999/6/15,sh.000001,1453.33,1477.14,1366.65,1387.59,3748467900
1999/6/16,sh.000001,1402.35,1460.17,1402.30,1460.17,2520722400
1999/6/17,sh.000001,1483.06,1501.02,1450.20,1501.01,3648613800
1999/6/18,sh.000001,1511.88,1516.13,1480.98,1498.92,3611750500
1999/6/21,sh.000001,1506.83,1546.61,1503.40,1546.41,3069874900
1999/6/22,sh.000001,1551.88,1564.45,1524.50,1564.44,3170865800
1999/6/23,sh.000001,1571.27,1606.50,1566.63,1606.50,3026881700
1999/6/24,sh.000001,1615.63,1654.55,1611.99,1654.11,3762046600
1999/6/25,sh.000001,1665.99,1705.21,1591.08,1593.86,5781329300
1999/6/28,sh.000001,1606.28,1693.16,1606.28,1693.16,4138804100
1999/6/29,sh.000001,1722.74,1742.15,1691.34,1739.21,4010595600
1999/6/30,sh.000001,1755.56,1756.18,1666.01,1689.43,4885793200
1999/7/1,sh.000001,1678.84,1678.84,1540.03,1560.79,3126123000
1999/7/2,sh.000001,1570.56,1620.54,1532.44,1613.53,3438451400
1999/7/5,sh.000001,1627.25,1630.38,1573.73,1581.82,2420693200
1999/7/6,sh.000001,1568.83,1580.23,1504.37,1517.25,1796851500
1999/7/7,sh.000001,1515.16,1568.67,1507.55,1568.65,1572137700
1999/7/8,sh.000001,1579.14,1591.13,1560.43,1577.99,1439775300
1999/7/9,sh.000001,1577.79,1594.58,1563.16,1584.75,1343695700
1999/7/12,sh.000001,1588.38,1589.90,1545.56,1559.73,1408962800
1999/7/13,sh.000001,1547.34,1547.34,1511.43,1524.82,1240941800
1999/7/14,sh.000001,1526.98,1559.66,1526.22,1559.52,1120753200
1999/7/15,sh.000001,1565.04,1567.83,1545.07,1549.34,1597420100
1999/7/16,sh.000001,1547.46,1547.61,1512.78,1519.74,1493488700
1999/7/19,sh.000001,1500.45,1509.99,1473.23,1479.08,1235493500
1999/7/20,sh.000001,1476.03,1574.75,1471.51,1574.60,1731110500
1999/7/21,sh.000001,1586.89,1626.95,1573.70,1609.81,2792592100
1999/7/22,sh.000001,1606.86,1606.86,1548.50,1550.73,1784447700
1999/7/23,sh.000001,1552.25,1597.18,1552.24,1585.98,1330113400
1999/7/26,sh.000001,1592.41,1607.07,1587.38,1602.03,1245123200
1999/7/27,sh.000001,1605.37,1607.05,1580.82,1590.71,1161682800
1999/7/28,sh.000001,1592.45,1609.79,1584.25,1597.20,1070165400
1999/7/29,sh.000001,1610.12,1615.75,1585.84,1595.86,874300100
1999/7/30,sh.000001,1599.94,1605.27,1587.34,1601.46,1456164300
1999/8/2,sh.000001,1607.06,1622.38,1603.37,1616.28,1165873700
1999/8/3,sh.000001,1622.30,1626.91,1609.12,1626.84,1262796200
1999/8/4,sh.000001,1630.99,1649.26,1630.99,1649.13,1528651100
1999/8/5,sh.000001,1654.53,1658.69,1641.86,1653.54,1462173900
1999/8/6,sh.000001,1655.31,1656.59,1601.84,1646.59,1921333600
1999/8/9,sh.000001,1650.28,1651.64,1624.72,1628.84,1348022400
1999/8/10,sh.000001,1622.97,1623.03,1597.22,1602.15,1244001900
1999/8/11,sh.000001,1598.02,1607.68,1574.71,1583.40,947012000
1999/8/12,sh.000001,1583.51,1594.89,1566.71,1575.64,743380000
1999/8/13,sh.000001,1581.23,1591.49,1569.30,1571.90,667683300
1999/8/16,sh.000001,1568.90,1570.21,1546.84,1560.07,726984600
1999/8/17,sh.000001,1562.56,1596.15,1562.56,1576.41,898064400
1999/8/18,sh.000001,1578.26,1582.02,1555.98,1581.93,682044800
1999/8/19,sh.000001,1587.90,1645.84,1587.87,1637.74,1547297600
1999/8/20,sh.000001,1645.54,1651.17,1627.04,1628.93,1181764400
1999/8/23,sh.000001,1631.44,1645.00,1626.95,1645.00,1064361600
1999/8/24,sh.000001,1650.54,1655.14,1638.96,1648.47,1096098100
1999/8/25,sh.000001,1649.61,1651.09,1618.54,1625.77,926788800
1999/8/26,sh.000001,1622.17,1638.23,1615.86,1638.23,823946700
1999/8/27,sh.000001,1642.06,1644.47,1627.26,1633.90,822311600
1999/8/30,sh.000001,1635.55,1637.31,1614.45,1619.04,895662600
1999/8/31,sh.000001,1622.88,1630.01,1609.80,1627.12,735498400
1999/9/1,sh.000001,1627.82,1629.08,1595.96,1599.55,685913700
1999/9/2,sh.000001,1591.58,1614.11,1572.42,1611.96,813446000
1999/9/3,sh.000001,1613.30,1614.41,1583.45,1587.89,685659700
1999/9/6,sh.000001,1577.51,1577.56,1556.83,1560.68,553917700
1999/9/7,sh.000001,1558.86,1574.65,1556.74,1562.79,467192000
1999/9/8,sh.000001,1563.62,1581.93,1563.61,1571.60,417984700
1999/9/9,sh.000001,1590.71,1675.26,1590.70,1675.12,1974242000
1999/9/10,sh.000001,1690.03,1695.64,1656.72,1659.93,1956852600
1999/9/13,sh.000001,1664.51,1671.64,1656.17,1670.14,1089322300
1999/9/14,sh.000001,1675.71,1681.85,1668.13,1672.89,955270800
1999/9/15,sh.000001,1675.19,1679.14,1657.79,1662.80,1049848900
1999/9/16,sh.000001,1662.46,1664.96,1643.98,1645.51,731690100
1999/9/17,sh.000001,1644.80,1662.17,1636.48,1648.56,707628500
1999/9/20,sh.000001,1649.12,1651.54,1628.89,1633.84,532812300
1999/9/21,sh.000001,1630.02,1630.27,1617.81,1625.59,472031400
1999/9/22,sh.000001,1625.17,1632.41,1613.58,1617.06,396418300
1999/9/23,sh.000001,1618.77,1622.67,1597.12,1604.20,548541900
1999/9/24,sh.000001,1609.83,1631.40,1609.83,1619.33,448213700
1999/9/27,sh.000001,1624.46,1629.19,1598.71,1602.16,409240600
1999/9/28,sh.000001,1602.79,1606.02,1586.55,1591.43,409781300
1999/9/29,sh.000001,1593.72,1608.60,1581.00,1584.95,474946400
1999/9/30,sh.000001,1588.99,1595.01,1567.72,1570.70,455507200
1999/10/8,sh.000001,1568.24,1568.38,1531.80,1534.52,331275400
1999/10/11,sh.000001,1529.22,1538.34,1516.62,1522.48,333523800
1999/10/12,sh.000001,1526.45,1538.28,1526.45,1537.80,233986100
1999/10/13,sh.000001,1540.60,1544.45,1504.39,1507.42,362642200
1999/10/14,sh.000001,1504.50,1535.24,1494.94,1508.73,403368800
1999/10/15,sh.000001,1515.91,1550.71,1515.91,1543.80,567080800
1999/10/18,sh.000001,1547.27,1549.37,1499.46,1501.67,560267400
1999/10/19,sh.000001,1493.47,1493.49,1468.10,1470.90,486167000
1999/10/20,sh.000001,1469.28,1490.76,1463.43,1485.83,431183500
1999/10/21,sh.000001,1486.93,1488.01,1452.71,1458.53,477268600
1999/10/22,sh.000001,1457.64,1512.93,1457.50,1497.46,784406400
1999/10/25,sh.000001,1499.14,1499.39,1465.14,1468.27,516785800
1999/10/26,sh.000001,1467.52,1496.45,1467.51,1482.67,755550800
1999/10/27,sh.000001,1509.64,1537.30,1504.99,1536.82,1614688500
1999/10/28,sh.000001,1541.29,1542.05,1507.79,1514.53,1328479400
1999/10/29,sh.000001,1515.18,1520.47,1494.71,1504.56,850592500
1999/11/1,sh.000001,1501.74,1506.99,1488.23,1493.10,619149400
1999/11/2,sh.000001,1491.76,1499.87,1481.57,1487.47,445031100
1999/11/3,sh.000001,1488.37,1492.31,1472.73,1475.68,484565900
1999/11/4,sh.000001,1474.14,1474.14,1457.14,1464.83,590695100
1999/11/5,sh.000001,1464.60,1478.83,1460.68,1465.23,560002600
1999/11/8,sh.000001,1464.49,1477.14,1458.65,1471.38,478786200
1999/11/9,sh.000001,1474.00,1479.83,1461.48,1464.03,440650000
1999/11/10,sh.000001,1463.69,1463.73,1436.74,1450.15,679121700
1999/11/11,sh.000001,1449.62,1459.45,1440.98,1443.91,467834900
1999/11/12,sh.000001,1446.26,1452.93,1444.13,1450.33,340813600
1999/11/15,sh.000001,1451.55,1454.09,1436.68,1451.54,808911400
1999/11/16,sh.000001,1463.34,1469.60,1428.75,1431.32,832157000
1999/11/17,sh.000001,1429.71,1462.85,1427.36,1462.79,652606900
1999/11/18,sh.000001,1466.49,1498.08,1454.47,1482.45,1014820400
1999/11/19,sh.000001,1485.05,1489.90,1466.35,1468.47,570549300
1999/11/22,sh.000001,1468.22,1468.94,1457.61,1464.59,615375400
1999/11/23,sh.000001,1464.93,1471.91,1461.38,1466.43,418801400
1999/11/24,sh.000001,1466.09,1467.84,1451.03,1454.58,420710900
1999/11/25,sh.000001,1451.88,1451.89,1439.94,1444.24,412350400
1999/11/26,sh.000001,1443.44,1449.03,1441.52,1444.51,710050100
1999/11/29,sh.000001,1444.01,1444.59,1432.96,1435.47,524671800
1999/11/30,sh.000001,1433.90,1439.61,1429.55,1434.97,491033600
1999/12/1,sh.000001,1434.98,1447.68,1432.95,1447.12,497560200
1999/12/2,sh.000001,1446.69,1447.81,1433.54,1435.84,533560400
1999/12/3,sh.000001,1436.02,1440.54,1430.66,1437.23,451732000
1999/12/6,sh.000001,1436.80,1437.18,1422.73,1427.00,510372600
1999/12/7,sh.000001,1426.69,1438.04,1424.76,1428.26,466255000
1999/12/8,sh.000001,1428.77,1430.98,1422.05,1424.85,469681900
1999/12/9,sh.000001,1424.91,1424.91,1413.63,1416.73,459280000
1999/12/10,sh.000001,1416.37,1429.01,1413.45,1428.94,478527100
1999/12/13,sh.000001,1429.19,1430.41,1415.29,1417.11,504221900
1999/12/14,sh.000001,1415.71,1422.36,1411.07,1422.26,455119900
1999/12/15,sh.000001,1423.76,1461.90,1423.74,1451.06,1093729000
1999/12/16,sh.000001,1451.73,1451.94,1432.83,1434.87,606275000
1999/12/17,sh.000001,1434.63,1438.23,1416.74,1419.55,512298200
1999/12/21,sh.000001,1416.50,1416.50,1388.06,1395.50,566058000
1999/12/22,sh.000001,1393.83,1397.17,1383.57,1387.51,493602500
1999/12/23,sh.000001,1386.79,1387.20,1364.92,1369.46,511264400
1999/12/24,sh.000001,1367.69,1375.92,1352.10,1355.37,429204900
1999/12/27,sh.000001,1353.53,1359.08,1341.05,1345.35,512089400
1999/12/28,sh.000001,1346.45,1368.25,1342.94,1348.82,489571200
1999/12/29,sh.000001,1350.27,1358.14,1341.93,1356.93,505356800
1999/12/30,sh.000001,1357.82,1366.68,1357.82,1366.58,401397100
2000/1/4,sh.000001,1368.69,1407.52,1361.21,1406.37,903402300
2000/1/5,sh.000001,1407.83,1433.78,1398.32,1409.68,1057998400
2000/1/6,sh.000001,1406.04,1463.96,1400.25,1463.94,1348051500
2000/1/7,sh.000001,1477.15,1522.83,1477.15,1516.60,3451569900
2000/1/10,sh.000001,1531.71,1546.72,1506.40,1545.11,3125353900
2000/1/11,sh.000001,1547.68,1547.71,1468.76,1479.78,2192455400
2000/1/12,sh.000001,1473.76,1489.28,1435.00,1438.02,1522286900
2000/1/13,sh.000001,1437.45,1444.07,1418.81,1424.44,861291200
2000/1/14,sh.000001,1426.22,1433.47,1401.71,1408.85,744701200
2000/1/17,sh.000001,1408.99,1433.38,1402.66,1433.33,764983100
2000/1/18,sh.000001,1436.89,1443.59,1421.64,1426.62,776712800
2000/1/19,sh.000001,1425.87,1443.67,1425.14,1440.72,800659600
2000/1/20,sh.000001,1443.09,1466.90,1443.09,1466.86,1007080200
2000/1/21,sh.000001,1471.91,1476.46,1458.93,1465.09,1505097300
2000/1/24,sh.000001,1465.86,1477.41,1449.47,1477.34,1624151500
2000/1/25,sh.000001,1483.03,1490.46,1467.44,1476.51,1363598700
2000/1/26,sh.000001,1477.30,1482.46,1469.98,1481.12,1038443700
2000/1/27,sh.000001,1490.45,1506.92,1485.23,1506.77,1898178600
2000/1/28,sh.000001,1514.56,1536.35,1510.75,1535.00,2938895600
2000/2/14,sh.000001,1591.45,1674.13,1587.82,1673.94,4358082000
2000/2/15,sh.000001,1709.22,1746.44,1663.01,1670.67,5254347200
2000/2/16,sh.000001,1674.94,1695.88,1649.70,1693.11,3743555000
2000/2/17,sh.000001,1734.27,1770.88,1615.63,1640.65,5143904700
2000/2/18,sh.000001,1623.96,1668.16,1583.58,1668.09,2679965100
2000/2/21,sh.000001,1681.36,1697.01,1652.48,1677.14,3105240800
2000/2/22,sh.000001,1681.30,1687.51,1627.47,1632.29,2425177800
2000/2/23,sh.000001,1618.01,1630.55,1586.63,1594.93,1918606000
2000/2/24,sh.000001,1593.95,1634.32,1593.93,1634.31,1393287800
2000/2/25,sh.000001,1639.92,1650.37,1618.18,1631.58,1705805500
2000/2/28,sh.000001,1639.80,1704.88,1639.70,1704.86,2612794300
2000/2/29,sh.000001,1728.14,1733.14,1678.35,1714.58,2868075700
2000/3/1,sh.000001,1720.60,1721.14,1692.51,1697.74,2248835500
2000/3/2,sh.000001,1697.56,1721.60,1682.54,1713.01,1959349600
2000/3/3,sh.000001,1728.36,1750.65,1721.71,1738.02,2481549000
2000/3/6,sh.000001,1756.31,1762.83,1678.74,1681.09,2650721500
2000/3/7,sh.000001,1661.95,1694.89,1654.44,1694.80,1768561500
2000/3/8,sh.000001,1699.46,1726.04,1690.12,1726.03,1974594100
2000/3/9,sh.000001,1734.77,1741.22,1714.92,1732.35,1787737800
2000/3/10,sh.000001,1731.94,1743.14,1701.79,1705.05,1587236200
2000/3/13,sh.000001,1706.77,1729.01,1706.35,1728.88,1982917200
2000/3/14,sh.000001,1690.65,1700.37,1636.89,1685.35,2287043000
2000/3/15,sh.000001,1680.30,1695.16,1676.54,1681.47,1678215400
2000/3/16,sh.000001,1671.10,1671.18,1596.07,1607.53,1979175900
2000/3/17,sh.000001,1602.36,1661.98,1602.34,1658.60,1533750900
2000/3/20,sh.000001,1646.31,1699.28,1641.77,1699.25,1817543400
2000/3/21,sh.000001,1704.09,1713.21,1692.68,1710.32,1635110000
2000/3/22,sh.000001,1713.24,1726.59,1711.16,1720.45,1465842100
2000/3/23,sh.000001,1724.19,1747.28,1711.41,1747.24,1674950200
2000/3/24,sh.000001,1761.44,1770.26,1729.48,1730.50,2203771900
2000/3/27,sh.000001,1736.70,1776.02,1736.70,1775.91,1992731300
2000/3/28,sh.000001,1788.83,1799.95,1774.48,1791.44,2448516600
2000/3/29,sh.000001,1797.88,1803.83,1763.62,1788.81,2302667700
2000/3/30,sh.000001,1793.68,1811.06,1790.85,1810.98,2930593700
2000/3/31,sh.000001,1810.55,1810.90,1780.41,1800.23,2334072500
2000/4/3,sh.000001,1799.58,1816.86,1798.25,1801.00,1886111200
2000/4/4,sh.000001,1795.16,1795.16,1755.98,1760.69,1712827700
2000/4/5,sh.000001,1756.30,1776.72,1746.30,1771.20,1360458100
2000/4/6,sh.000001,1775.78,1809.17,1775.68,1809.14,1500703400
2000/4/7,sh.000001,1816.79,1822.62,1807.54,1819.90,1608126000
2000/4/10,sh.000001,1826.61,1831.85,1815.99,1826.06,1680915800
2000/4/11,sh.000001,1826.40,1828.06,1812.01,1821.17,1424577900
2000/4/12,sh.000001,1822.40,1823.83,1785.33,1807.33,1364303300
2000/4/13,sh.000001,1807.84,1832.08,1807.71,1831.55,1654905700
2000/4/14,sh.000001,1835.86,1840.19,1820.67,1833.67,1790546600
2000/4/17,sh.000001,1829.62,1829.93,1778.88,1795.06,1984014200
2000/4/18,sh.000001,1794.34,1813.57,1779.29,1813.50,1320474100
2000/4/19,sh.000001,1819.08,1831.57,1817.21,1828.71,1276615900
2000/4/20,sh.000001,1831.66,1847.51,1831.49,1847.03,1653776000
2000/4/21,sh.000001,1851.31,1858.27,1834.85,1841.06,1624463400
2000/4/24,sh.000001,1844.70,1848.97,1827.17,1837.40,1616377600
2000/4/25,sh.000001,1838.05,1841.86,1815.63,1833.47,1077140000
2000/4/26,sh.000001,1835.67,1842.89,1826.39,1832.78,1016383800
2000/4/27,sh.000001,1835.60,1840.57,1803.58,1806.83,1233293900
2000/4/28,sh.000001,1805.50,1836.33,1797.71,1836.32,1097131100
2000/5/8,sh.000001,1848.17,1852.90,1828.10,1836.64,895912400
2000/5/9,sh.000001,1839.00,1839.29,1799.82,1806.64,913032000
2000/5/10,sh.000001,1801.43,1801.64,1750.01,1752.69,945267000
2000/5/11,sh.000001,1750.86,1762.13,1718.89,1724.05,843716900
2000/5/12,sh.000001,1725.87,1740.95,1715.06,1720.61,740418200
2000/5/15,sh.000001,1722.64,1726.72,1695.53,1704.59,709465600
2000/5/16,sh.000001,1706.73,1725.90,1706.73,1724.54,533545100
2000/5/17,sh.000001,1727.43,1736.27,1722.71,1725.40,525768000
2000/5/18,sh.000001,1725.60,1758.54,1719.84,1758.54,835413900
2000/5/19,sh.000001,1761.79,1777.98,1754.88,1777.83,955398600
2000/5/22,sh.000001,1785.89,1830.93,1783.30,1824.74,1471439200
2000/5/23,sh.000001,1834.44,1836.99,1811.58,1832.08,1246957100
2000/5/24,sh.000001,1835.56,1861.48,1831.84,1855.49,1586843900
2000/5/25,sh.000001,1866.56,1880.72,1860.78,1880.70,1680941900
2000/5/26,sh.000001,1885.75,1890.69,1860.92,1879.62,2068925600
2000/5/29,sh.000001,1885.55,1900.67,1882.74,1898.75,1804426200
2000/5/30,sh.000001,1903.53,1908.31,1868.61,1877.47,1651899000
2000/5/31,sh.000001,1875.46,1894.58,1869.34,1894.55,1576923500
2000/6/1,sh.000001,1900.53,1906.82,1890.00,1903.49,1465458300
2000/6/2,sh.000001,1906.16,1916.25,1897.71,1916.25,1784035200
2000/6/5,sh.000001,1921.97,1930.34,1889.82,1899.09,2921753600
2000/6/6,sh.000001,1898.59,1925.55,1891.67,1925.54,1719005100
2000/6/7,sh.000001,1934.38,1940.22,1921.38,1935.03,1557941700
2000/6/8,sh.000001,1937.20,1938.55,1913.37,1925.21,1632980400
2000/6/9,sh.000001,1926.15,1929.95,1896.06,1900.79,1493337000
2000/6/12,sh.000001,1896.43,1912.59,1884.62,1912.56,1204009400
2000/6/13,sh.000001,1918.19,1938.67,1917.19,1938.67,1442765300
2000/6/14,sh.000001,1944.44,1949.17,1929.71,1932.29,1615631700
2000/6/15,sh.000001,1933.06,1942.33,1925.91,1942.29,1411676000
2000/6/16,sh.000001,1945.70,1947.46,1919.40,1926.94,1470755200
2000/6/19,sh.000001,1924.69,1926.98,1910.47,1915.21,1188112600
2000/6/20,sh.000001,1913.07,1913.07,1888.08,1895.35,1013609600
2000/6/21,sh.000001,1894.78,1913.15,1894.63,1913.13,834891100
2000/6/22,sh.000001,1918.16,1921.15,1906.30,1913.90,905959200
2000/6/23,sh.000001,1915.31,1939.63,1913.65,1939.63,1199891800
2000/6/26,sh.000001,1946.70,1953.34,1943.25,1948.64,1406804400
2000/6/27,sh.000001,1949.78,1952.46,1938.14,1942.90,1198004700
2000/6/28,sh.000001,1943.98,1953.06,1940.05,1947.48,1123954100
2000/6/29,sh.000001,1949.85,1951.13,1924.47,1937.26,1191984200
2000/6/30,sh.000001,1937.84,1941.40,1924.97,1928.11,1246757800
2000/7/3,sh.000001,1917.44,1917.45,1890.53,1895.64,1578473600
2000/7/4,sh.000001,1891.21,1907.94,1888.25,1907.93,1440782000
2000/7/5,sh.000001,1910.42,1918.91,1904.47,1909.19,1302943400
2000/7/6,sh.000001,1909.24,1910.05,1896.66,1902.55,993114100
2000/7/7,sh.000001,1904.09,1932.83,1904.09,1932.79,1168290400
2000/7/10,sh.000001,1938.84,1948.06,1932.96,1948.02,1452462500
2000/7/11,sh.000001,1952.26,1960.60,1947.67,1960.54,1443839200
2000/7/12,sh.000001,1965.23,1974.41,1960.35,1973.37,1391952500
2000/7/13,sh.000001,1978.55,1984.07,1963.55,1979.20,1816211300
2000/7/14,sh.000001,1981.78,1987.22,1972.62,1987.19,1621586000
2000/7/17,sh.000001,1992.89,1997.94,1980.22,1982.48,1350878700
2000/7/18,sh.000001,1982.50,1993.99,1981.74,1993.99,878002300
2000/7/19,sh.000001,2000.33,2004.46,1987.42,1998.43,970837300
2000/7/20,sh.000001,1999.09,2003.80,1979.88,1991.56,928287700
2000/7/21,sh.000001,1994.42,1998.35,1991.84,1996.34,859313900
2000/7/24,sh.000001,1998.25,1999.90,1982.88,1989.24,927517800
2000/7/25,sh.000001,1990.15,1997.85,1989.09,1996.58,875170100
2000/7/26,sh.000001,1999.44,2012.40,1999.40,2012.32,951206800
2000/7/27,sh.000001,2017.46,2025.00,2004.55,2012.35,1198327300
2000/7/28,sh.000001,2014.11,2016.94,2006.17,2012.79,1094381500
2000/7/31,sh.000001,2016.14,2023.57,2008.64,2023.54,1230729200
2000/8/1,sh.000001,2027.01,2031.93,2023.45,2028.15,902065500
2000/8/2,sh.000001,2030.79,2033.19,2018.48,2030.68,897428600
2000/8/3,sh.000001,2032.94,2038.65,2030.10,2036.30,1097299000
2000/8/4,sh.000001,2037.47,2041.28,2013.45,2026.36,1173918600
2000/8/7,sh.000001,2025.18,2039.42,2017.90,2039.42,1071271400
2000/8/8,sh.000001,2042.75,2050.07,2040.78,2049.92,1086461200
2000/8/9,sh.000001,2051.65,2061.28,2048.49,2061.18,1226967100
2000/8/10,sh.000001,2065.31,2067.75,2053.86,2065.94,1322559300
2000/8/11,sh.000001,2067.78,2070.30,2055.20,2062.67,1136176000
2000/8/14,sh.000001,2065.94,2076.33,2065.94,2076.30,1080668500
2000/8/15,sh.000001,2079.07,2082.74,2066.16,2076.82,1034044800
2000/8/16,sh.000001,2078.49,2083.47,2072.98,2083.47,1064598200
2000/8/17,sh.000001,2086.81,2092.33,2086.56,2091.59,1111404800
2000/8/18,sh.000001,2093.63,2097.32,2086.75,2090.18,1034095500
2000/8/21,sh.000001,2095.38,2108.88,2093.42,2108.69,1351556100
2000/8/22,sh.000001,2112.02,2114.52,2074.52,2074.70,1316762200
2000/8/23,sh.000001,2064.05,2080.14,1980.35,2057.92,1889864800
2000/8/24,sh.000001,2058.53,2073.95,2043.21,2071.16,1374608400
2000/8/25,sh.000001,2073.72,2086.72,2066.33,2086.70,1023534200
2000/8/28,sh.000001,2092.12,2100.70,2085.60,2100.59,1121621900
2000/8/29,sh.000001,2103.03,2105.63,2094.61,2105.48,1003861200
2000/8/30,sh.000001,2107.02,2108.10,2075.16,2076.14,1004270200
2000/8/31,sh.000001,2062.84,2064.76,2019.45,2021.20,1122430800
2000/9/1,sh.000001,2009.15,2026.35,1997.72,1999.86,931539000
2000/9/4,sh.000001,1994.89,2010.60,1981.23,2010.60,763882000
2000/9/5,sh.000001,2015.06,2020.85,1959.59,1963.79,717958300
2000/9/6,sh.000001,1955.50,1964.27,1923.60,1925.91,720582700
2000/9/7,sh.000001,1929.30,1963.23,1929.30,1950.66,624957200
2000/9/8,sh.000001,1955.15,1963.89,1945.92,1959.31,572772000
2000/9/11,sh.000001,1963.27,1972.08,1956.08,1972.04,616319800
2000/9/12,sh.000001,1975.41,1979.32,1965.40,1979.10,543594200
2000/9/13,sh.000001,1980.53,1995.32,1975.13,1988.94,603444100
2000/9/14,sh.000001,1989.97,1992.37,1973.02,1979.51,510427700
2000/9/15,sh.000001,1978.04,1978.47,1966.88,1978.43,474006400
2000/9/18,sh.000001,1979.53,1981.13,1946.18,1946.75,517698500
2000/9/19,sh.000001,1937.32,1937.37,1895.49,1903.15,674231400
2000/9/20,sh.000001,1902.91,1922.30,1892.28,1922.29,510608300
2000/9/21,sh.000001,1924.83,1927.52,1905.65,1907.31,488490700
2000/9/22,sh.000001,1904.57,1904.57,1888.09,1891.98,518016000
2000/9/25,sh.000001,1889.90,1896.72,1874.21,1875.91,376553300
2000/9/26,sh.000001,1878.31,1890.67,1878.05,1887.83,344896700
2000/9/27,sh.000001,1889.88,1914.11,1889.87,1914.09,337982200
2000/9/28,sh.000001,1915.50,1917.06,1886.94,1889.29,381802700
2000/9/29,sh.000001,1888.20,1910.49,1888.07,1910.16,374559100
2000/10/9,sh.000001,1912.08,1915.50,1897.24,1915.35,516677600
2000/10/10,sh.000001,1917.90,1942.17,1917.68,1942.15,667750600
2000/10/11,sh.000001,1944.25,1948.01,1931.46,1933.73,725288900
2000/10/12,sh.000001,1933.14,1933.33,1918.47,1926.32,722605600
2000/10/13,sh.000001,1927.35,1932.32,1911.36,1918.16,664271900
2000/10/16,sh.000001,1917.45,1917.56,1897.91,1902.81,608503600
2000/10/17,sh.000001,1902.07,1909.49,1896.95,1909.49,417493600
2000/10/18,sh.000001,1911.71,1922.85,1911.71,1922.85,575503200
2000/10/19,sh.000001,1925.21,1927.37,1911.18,1913.42,596505800
2000/10/20,sh.000001,1913.16,1947.47,1912.38,1947.46,938766100
2000/10/23,sh.000001,1952.96,1960.86,1945.67,1958.94,857797400
2000/10/24,sh.000001,1960.37,1962.13,1945.53,1956.34,635728300
2000/10/25,sh.000001,1957.38,1978.99,1957.31,1977.25,1150654400
2000/10/26,sh.000001,1979.30,1980.63,1962.20,1967.67,1065276400
2000/10/27,sh.000001,1968.17,1971.79,1957.74,1967.41,903711100
2000/10/30,sh.000001,1967.65,1974.24,1962.81,1973.58,993944900
2000/10/31,sh.000001,1974.53,1979.99,1956.42,1961.29,909042200
2000/11/1,sh.000001,1961.08,1977.37,1959.72,1977.36,850194000
2000/11/2,sh.000001,1981.77,1992.86,1980.89,1984.26,893385100
2000/11/3,sh.000001,1984.99,1989.11,1977.21,1981.63,932081800
2000/11/6,sh.000001,1983.07,1992.88,1982.75,1991.17,999681900
2000/11/7,sh.000001,1993.45,1997.08,1990.06,1997.08,789874700
2000/11/8,sh.000001,1999.15,2012.99,1998.35,2012.91,925427200
2000/11/9,sh.000001,2016.22,2032.52,2014.84,2032.48,1405162800
2000/11/10,sh.000001,2037.08,2051.34,2033.63,2047.46,1396590000
2000/11/13,sh.000001,2054.48,2071.69,2053.44,2070.79,1440877700
2000/11/14,sh.000001,2072.79,2085.12,2055.21,2085.12,1244877700
2000/11/15,sh.000001,2087.28,2092.65,2074.38,2081.91,1333426700
2000/11/16,sh.000001,2081.14,2096.05,2080.61,2095.98,1282182000
2000/11/17,sh.000001,2098.89,2104.70,2084.90,2093.24,1180132600
2000/11/20,sh.000001,2092.59,2101.40,2078.28,2101.39,1310295900
2000/11/21,sh.000001,2104.07,2112.91,2095.58,2097.98,1247971900
2000/11/22,sh.000001,2097.28,2113.35,2091.62,2113.30,1214670700
2000/11/23,sh.000001,2119.16,2125.72,2109.22,2119.44,1249207700
2000/11/24,sh.000001,2119.01,2125.41,2045.51,2053.37,1649756100
2000/11/27,sh.000001,2041.16,2062.81,2031.93,2049.67,1058782600
2000/11/28,sh.000001,2052.78,2079.48,2052.78,2079.40,858896600
2000/11/29,sh.000001,2081.50,2082.90,2055.94,2067.50,994362900
2000/11/30,sh.000001,2067.07,2072.29,2057.04,2070.61,846555000
2000/12/1,sh.000001,2073.09,2082.03,2071.50,2081.84,1228528600
2000/12/4,sh.000001,2084.48,2092.32,2077.81,2092.14,1422885000
2000/12/5,sh.000001,2094.99,2097.29,2085.80,2091.67,1389586400
2000/12/6,sh.000001,2093.00,2095.44,2070.35,2075.63,1138332500
2000/12/7,sh.000001,2072.53,2078.14,2060.73,2075.04,968736100
2000/12/8,sh.000001,2074.57,2083.27,2069.66,2073.16,1158323500
2000/12/11,sh.000001,2072.28,2072.48,2039.00,2046.08,1198653400
2000/12/12,sh.000001,2045.17,2059.05,2037.90,2059.05,1099182900
2000/12/13,sh.000001,2057.38,2059.60,2050.18,2056.12,938510200
2000/12/14,sh.000001,2057.00,2059.27,2046.94,2051.08,1419281300
2000/12/15,sh.000001,2052.79,2055.61,2036.88,2039.36,1320590700
2000/12/18,sh.000001,2038.45,2044.56,2024.29,2044.55,1126258800
2000/12/19,sh.000001,2047.35,2056.76,2046.03,2049.03,1136818300
2000/12/20,sh.000001,2050.07,2071.31,2048.64,2071.27,1192071800
2000/12/21,sh.000001,2075.56,2086.94,2074.34,2076.89,1249834900
2000/12/22,sh.000001,2078.43,2079.97,2066.22,2069.77,1203266100
2000/12/25,sh.000001,2071.57,2075.21,2062.04,2068.17,1206101300
2000/12/26,sh.000001,2070.38,2076.41,2068.81,2076.27,1042805500
2000/12/27,sh.000001,2077.72,2079.76,2056.00,2058.24,1176163200
2000/12/28,sh.000001,2054.52,2061.05,2047.74,2053.70,1384240000
2000/12/29,sh.000001,2055.83,2073.88,2055.51,2073.48,1365868000
2001/1/2,sh.000001,2077.08,2103.54,2074.88,2103.47,1865074600
2001/1/3,sh.000001,2108.25,2123.90,2105.50,2123.90,1715767300
2001/1/4,sh.000001,2125.49,2127.42,2113.18,2117.41,1342354100
2001/1/5,sh.000001,2117.66,2125.38,2114.06,2125.30,1328817500
2001/1/8,sh.000001,2128.60,2131.98,2092.10,2102.06,1478708500
2001/1/9,sh.000001,2099.32,2111.10,2082.84,2101.14,1164933800
2001/1/10,sh.000001,2102.09,2125.67,2102.07,2125.62,1291688300
2001/1/11,sh.000001,2129.61,2131.37,2117.03,2119.14,1407220900
2001/1/12,sh.000001,2116.85,2117.73,2100.27,2104.75,1066088200
2001/1/15,sh.000001,2097.09,2097.09,2030.29,2032.44,1499858800
2001/1/16,sh.000001,2018.30,2045.95,2007.71,2045.89,1158372200
2001/1/17,sh.000001,2046.38,2048.70,2031.76,2034.58,732413400
2001/1/18,sh.000001,2033.69,2049.36,2033.58,2043.11,1034157100
2001/1/19,sh.000001,2046.58,2067.88,2046.54,2065.61,1183126400
2001/2/5,sh.000001,2069.86,2072.55,2005.68,2008.03,897424300
2001/2/6,sh.000001,1999.72,1999.73,1956.18,1995.32,952842700
2001/2/7,sh.000001,1995.60,1998.25,1978.60,1979.94,588222900
2001/2/8,sh.000001,1977.56,1986.90,1926.40,1930.14,888573700
2001/2/9,sh.000001,1935.19,1963.33,1935.19,1956.97,1123701900
2001/2/12,sh.000001,1958.66,1961.81,1935.59,1961.22,720307500
2001/2/13,sh.000001,1962.53,1974.00,1958.99,1963.53,540351400
2001/2/14,sh.000001,1962.74,1966.84,1956.42,1963.20,438215300
2001/2/15,sh.000001,1963.45,1966.92,1944.56,1946.48,450675600
2001/2/16,sh.000001,1942.05,1942.12,1911.87,1941.96,675020900
2001/2/19,sh.000001,1942.58,1969.35,1935.65,1967.55,584608300
2001/2/20,sh.000001,1969.78,1980.39,1947.26,1953.22,643593400
2001/2/21,sh.000001,1948.42,1948.42,1901.21,1909.33,761781700
2001/2/22,sh.000001,1901.99,1922.46,1893.78,1907.26,505473400
2001/2/23,sh.000001,1906.91,1936.63,1906.55,1936.35,620974000
2001/2/26,sh.000001,1940.77,1953.77,1935.55,1953.34,730281100
2001/2/27,sh.000001,1956.27,1962.28,1946.98,1962.04,739859300
2001/2/28,sh.000001,1964.36,1965.02,1950.93,1959.18,614135400
2001/3/1,sh.000001,1959.01,1968.36,1953.72,1965.12,1166736900
2001/3/2,sh.000001,1969.06,1987.39,1968.96,1985.11,1516357700
2001/3/5,sh.000001,1991.28,1993.81,1979.65,1984.20,1071935900
2001/3/6,sh.000001,1986.73,1990.06,1977.11,1990.06,2087223900
2001/3/7,sh.000001,1991.28,1996.85,1986.04,1991.18,1389005400
2001/3/8,sh.000001,1990.64,2002.25,1989.87,2000.90,1149040300
2001/3/9,sh.000001,2003.21,2015.50,1999.48,2011.66,1568103400
2001/3/12,sh.000001,2013.31,2015.60,2004.96,2012.55,1233348900
2001/3/13,sh.000001,2012.16,2012.77,1992.17,1998.70,1387481900
2001/3/14,sh.000001,1996.15,2018.62,1994.94,2018.62,1070314700
2001/3/15,sh.000001,2019.73,2027.33,2017.59,2022.60,1375851100
2001/3/16,sh.000001,2023.03,2024.28,2011.99,2020.24,1238652400
2001/3/19,sh.000001,2019.85,2036.63,2017.49,2036.62,1395060700
2001/3/20,sh.000001,2039.55,2045.94,2037.17,2045.79,1248026300
2001/3/21,sh.000001,2047.63,2066.39,2046.43,2066.39,1964284000
2001/3/22,sh.000001,2071.20,2087.53,2068.14,2087.53,2361955700
2001/3/23,sh.000001,2091.18,2093.95,2052.56,2053.54,2429779300
2001/3/26,sh.000001,2052.06,2089.99,2052.06,2089.88,2131132300
2001/3/27,sh.000001,2096.50,2107.30,2090.90,2107.26,1798430500
2001/3/28,sh.000001,2109.76,2112.88,2096.92,2106.87,1571755900
2001/3/29,sh.000001,2107.22,2111.73,2096.93,2101.66,1553537600
2001/3/30,sh.000001,2101.10,2112.83,2096.28,2112.78,2439539100
2001/4/2,sh.000001,2117.45,2126.97,2114.78,2125.08,2373835600
2001/4/3,sh.000001,2127.78,2129.83,2109.25,2123.05,2060855500
2001/4/4,sh.000001,2123.89,2128.16,2084.93,2090.72,2081239900
2001/4/5,sh.000001,2084.81,2112.62,2081.64,2112.60,2305954200
2001/4/6,sh.000001,2116.38,2122.22,2103.26,2108.61,3741648800
2001/4/9,sh.000001,2108.97,2117.41,2100.97,2117.37,2587892600
2001/4/10,sh.000001,2119.54,2128.55,2119.36,2128.48,2076245200
2001/4/11,sh.000001,2130.90,2134.51,2121.16,2131.40,1532366100
2001/4/12,sh.000001,2132.81,2141.92,2124.82,2134.80,1878638400
2001/4/13,sh.000001,2135.67,2145.44,2130.59,2145.40,1874717300
2001/4/16,sh.000001,2150.29,2168.08,2150.29,2168.06,3151184400
2001/4/17,sh.000001,2173.30,2177.16,2163.19,2176.68,2855257700
2001/4/18,sh.000001,2177.99,2179.74,2167.59,2172.56,2212785100
2001/4/19,sh.000001,2172.43,2175.58,2148.31,2172.87,2454431500
2001/4/20,sh.000001,2173.96,2179.57,2152.01,2152.34,2281270300
2001/4/23,sh.000001,2150.34,2157.51,2132.55,2150.43,2182788400
2001/4/24,sh.000001,2151.34,2166.19,2151.34,2166.17,1351537200
2001/4/25,sh.000001,2168.05,2170.39,2115.26,2119.18,1819485500
2001/4/26,sh.000001,2113.39,2125.79,2102.83,2105.06,1328548300
2001/4/27,sh.000001,2104.03,2120.84,2104.03,2115.11,1362535000
2001/4/30,sh.000001,2117.17,2122.50,2111.95,2119.18,1091178200
2001/5/8,sh.000001,2119.90,2138.04,2119.89,2137.99,848036700
2001/5/9,sh.000001,2140.55,2142.38,2127.32,2132.89,971903300
2001/5/10,sh.000001,2134.19,2147.34,2134.19,2147.28,985055800
2001/5/11,sh.000001,2150.32,2155.42,2144.76,2155.41,1380646300
2001/5/14,sh.000001,2161.61,2178.70,2160.12,2178.47,2525319900
2001/5/15,sh.000001,2184.79,2191.07,2176.79,2191.06,2465610100
2001/5/16,sh.000001,2195.37,2199.54,2187.41,2199.51,1894789000
2001/5/17,sh.000001,2201.98,2205.01,2187.84,2194.65,2791246900
2001/5/18,sh.000001,2194.62,2203.37,2186.65,2203.37,3200143200
2001/5/21,sh.000001,2207.78,2213.75,2202.74,2213.60,3365353800
2001/5/22,sh.000001,2215.78,2218.45,2205.25,2210.34,1525445000
2001/5/23,sh.000001,2210.85,2213.40,2175.28,2197.60,2026268600
2001/5/24,sh.000001,2198.01,2202.84,2192.17,2198.30,1432894800
2001/5/25,sh.000001,2199.66,2204.24,2181.25,2193.58,1358086100
2001/5/28,sh.000001,2194.45,2194.83,2171.68,2179.70,1494715000
2001/5/29,sh.000001,2177.65,2188.76,2176.56,2180.28,1206550900
2001/5/30,sh.000001,2180.62,2211.21,2180.53,2211.20,1902492800
2001/5/31,sh.000001,2217.87,2222.65,2208.88,2214.26,1857307800
2001/6/1,sh.000001,2216.56,2223.26,2212.16,2219.59,1780580700
2001/6/4,sh.000001,2223.91,2229.06,2222.23,2226.78,2563984100
2001/6/5,sh.000001,2229.25,2235.50,2226.82,2234.99,2403872300
2001/6/6,sh.000001,2237.99,2241.09,2224.30,2238.50,1687837800
2001/6/7,sh.000001,2241.01,2242.69,2223.41,2229.81,992404800
2001/6/8,sh.000001,2229.21,2229.41,2211.75,2223.07,896480600
2001/6/11,sh.000001,2223.80,2226.61,2206.64,2214.62,997664400
2001/6/12,sh.000001,2213.55,2223.30,2211.86,2222.96,1016416400
2001/6/13,sh.000001,2227.07,2242.42,2226.88,2242.42,1070147100
2001/6/14,sh.000001,2243.30,2245.44,2201.01,2202.40,1790119600
2001/6/15,sh.000001,2196.69,2212.09,2188.25,2210.97,1010032500
2001/6/18,sh.000001,2211.89,2214.11,2157.12,2167.65,1032772500
2001/6/19,sh.000001,2163.32,2174.21,2158.76,2170.45,689648300
2001/6/20,sh.000001,2171.01,2180.73,2157.40,2163.12,583817700
2001/6/21,sh.000001,2164.12,2189.23,2164.09,2189.15,557356400
2001/6/22,sh.000001,2191.36,2206.51,2188.94,2206.07,799200900
2001/6/25,sh.000001,2210.07,2230.22,2210.04,2230.20,1150047800
2001/6/26,sh.000001,2234.07,2236.78,2223.50,2233.59,1601655200
2001/6/27,sh.000001,2234.71,2237.52,2223.81,2229.83,966827600
2001/6/28,sh.000001,2231.37,2237.49,2213.58,2219.25,1336248300
2001/6/29,sh.000001,2218.57,2225.35,2214.16,2218.03,1723035100
2001/7/2,sh.000001,2220.42,2223.21,2201.59,2205.99,1208340700
2001/7/3,sh.000001,2206.85,2211.86,2191.68,2211.83,2036418500
2001/7/4,sh.000001,2212.97,2216.22,2199.63,2202.06,1437927400
2001/7/5,sh.000001,2202.30,2204.26,2176.75,2181.66,1283470800
2001/7/6,sh.000001,2179.81,2187.24,2168.78,2170.52,621797100
2001/7/9,sh.000001,2169.47,2175.17,2164.01,2169.66,510633300
2001/7/10,sh.000001,2172.61,2189.80,2172.59,2189.79,532441500
2001/7/11,sh.000001,2190.98,2192.52,2167.67,2168.74,489480700
2001/7/12,sh.000001,2164.92,2168.40,2153.68,2165.49,475334600
2001/7/13,sh.000001,2167.70,2178.02,2158.85,2161.34,505082700
2001/7/16,sh.000001,2176.34,2183.52,2142.08,2146.24,710879300
2001/7/17,sh.000001,2145.49,2146.03,2121.28,2140.98,580339500
2001/7/18,sh.000001,2142.01,2147.84,2137.41,2146.54,389623800
2001/7/19,sh.000001,2146.52,2150.27,2135.24,2150.27,545303300
2001/7/20,sh.000001,2153.24,2179.77,2153.14,2179.62,815507000
2001/7/23,sh.000001,2183.74,2185.86,2166.33,2169.01,973624100
2001/7/24,sh.000001,2162.75,2162.75,2129.18,2136.45,737440244
2001/7/25,sh.000001,2130.45,2140.50,2108.76,2112.26,621897206
2001/7/26,sh.000001,2109.92,2116.56,2086.08,2094.01,569391426
2001/7/27,sh.000001,2093.87,2101.15,2063.89,2065.73,585945321
2001/7/30,sh.000001,2056.76,2056.77,1955.97,1956.80,759273348
2001/7/31,sh.000001,1939.26,1978.10,1909.30,1920.32,712509425
2001/8/1,sh.000001,1925.24,1986.94,1925.24,1986.93,743892696
2001/8/2,sh.000001,1989.64,1990.70,1912.73,1957.02,649304481
2001/8/3,sh.000001,1956.54,1965.32,1948.90,1958.69,433033413
2001/8/6,sh.000001,1953.41,1953.45,1867.86,1882.13,670411344
2001/8/7,sh.000001,1872.67,1911.21,1861.78,1903.93,785885529
2001/8/8,sh.000001,1902.87,1907.95,1885.42,1895.17,1129547749
2001/8/9,sh.000001,1894.69,1924.65,1894.05,1924.59,799221833
2001/8/10,sh.000001,1929.96,1956.40,1929.69,1955.04,1470513900
2001/8/13,sh.000001,1956.93,1963.14,1942.07,1955.10,659646200
2001/8/14,sh.000001,1955.51,1960.95,1924.27,1939.54,564671400
2001/8/15,sh.000001,1938.54,1949.16,1935.39,1947.36,406760900
2001/8/16,sh.000001,1948.27,1950.46,1918.49,1919.65,451565900
2001/8/17,sh.000001,1916.84,1928.14,1909.67,1924.00,428334500
2001/8/20,sh.000001,1923.10,1937.16,1917.10,1934.49,599049700
2001/8/21,sh.000001,1936.06,1947.40,1935.77,1938.87,503048000
2001/8/22,sh.000001,1935.54,1935.56,1891.35,1903.45,666544400
2001/8/23,sh.000001,1892.37,1903.47,1869.49,1902.99,541883300
2001/8/24,sh.000001,1903.38,1912.19,1883.24,1886.80,778366900
2001/8/27,sh.000001,1881.31,1881.31,1824.88,1827.25,642240600
2001/8/28,sh.000001,1816.66,1843.44,1795.57,1843.39,579221600
2001/8/29,sh.000001,1846.82,1865.48,1837.94,1847.54,500775800
2001/8/30,sh.000001,1846.19,1846.54,1831.02,1839.63,333766700
2001/8/31,sh.000001,1838.21,1846.94,1831.52,1834.14,313606500
2001/9/3,sh.000001,1831.70,1831.80,1813.37,1817.19,375756500
2001/9/4,sh.000001,1815.27,1862.40,1814.92,1862.36,577675000
2001/9/5,sh.000001,1868.36,1888.90,1863.83,1868.27,576757800
2001/9/6,sh.000001,1867.63,1876.47,1853.29,1861.56,401022600
2001/9/7,sh.000001,1858.24,1858.24,1807.14,1808.84,534260600
2001/9/10,sh.000001,1790.21,1858.20,1774.83,1856.53,613546700
2001/9/11,sh.000001,1859.97,1871.13,1849.61,1863.78,518690000
2001/9/12,sh.000001,1822.13,1858.69,1815.59,1852.60,959051500
2001/9/13,sh.000001,1851.62,1857.86,1837.82,1839.91,388451200
2001/9/14,sh.000001,1838.67,1846.02,1814.74,1818.38,499779700
2001/9/17,sh.000001,1811.90,1816.26,1782.50,1784.61,528683500
2001/9/18,sh.000001,1784.59,1817.56,1780.05,1798.62,407328900
2001/9/19,sh.000001,1800.24,1822.97,1784.91,1822.70,396188900
2001/9/20,sh.000001,1826.42,1836.79,1814.46,1818.42,485792300
2001/9/21,sh.000001,1815.56,1821.34,1803.80,1807.02,357065300
2001/9/24,sh.000001,1804.89,1808.70,1791.62,1794.96,274467000
2001/9/25,sh.000001,1799.98,1813.31,1788.40,1793.88,289103000
2001/9/26,sh.000001,1793.65,1793.67,1765.17,1767.81,276968000
2001/9/27,sh.000001,1765.62,1779.13,1750.76,1764.93,317250100
2001/9/28,sh.000001,1766.13,1774.30,1751.72,1764.87,342117900
2001/10/8,sh.000001,1766.13,1773.80,1723.04,1726.53,271852300
2001/10/9,sh.000001,1724.17,1751.07,1722.22,1744.64,272097600
2001/10/10,sh.000001,1744.04,1744.64,1683.71,1686.61,393135100
2001/10/11,sh.000001,1682.32,1693.22,1634.21,1638.33,437030800
2001/10/12,sh.000001,1637.75,1700.71,1598.79,1691.33,723925600
2001/10/15,sh.000001,1692.17,1703.59,1670.27,1687.28,458875800
2001/10/16,sh.000001,1689.19,1691.65,1649.20,1655.90,338167600
2001/10/17,sh.000001,1654.93,1661.88,1635.92,1643.07,274360000
2001/10/18,sh.000001,1642.01,1651.11,1609.38,1615.58,329586800
2001/10/19,sh.000001,1610.45,1610.45,1550.91,1572.45,593012700
2001/10/22,sh.000001,1558.47,1563.40,1514.86,1520.67,423059800
2001/10/23,sh.000001,1642.22,1670.74,1625.15,1670.56,1421937900
2001/10/24,sh.000001,1733.64,1744.92,1685.72,1718.06,2034710100
2001/10/25,sh.000001,1708.03,1708.03,1673.05,1676.50,972533100
2001/10/26,sh.000001,1669.16,1681.90,1651.52,1677.88,648865100
2001/10/29,sh.000001,1678.73,1701.12,1678.73,1700.48,548875600
2001/10/30,sh.000001,1702.86,1704.48,1680.44,1682.77,399672300
2001/10/31,sh.000001,1678.93,1689.17,1655.89,1689.17,405136500
2001/11/1,sh.000001,1692.35,1717.74,1688.10,1707.75,631984900
2001/11/2,sh.000001,1703.92,1711.74,1688.57,1691.35,429508900
2001/11/5,sh.000001,1687.84,1688.31,1671.23,1679.57,347468000
2001/11/6,sh.000001,1678.17,1685.52,1668.66,1671.28,382768300
2001/11/7,sh.000001,1669.43,1669.46,1591.77,1594.05,594589300
2001/11/8,sh.000001,1566.52,1605.90,1550.47,1605.87,523931200
2001/11/9,sh.000001,1605.08,1637.90,1582.85,1630.36,579758800
2001/11/12,sh.000001,1631.80,1637.33,1619.11,1621.20,403858200
2001/11/13,sh.000001,1609.95,1623.45,1598.11,1615.93,344049600
2001/11/14,sh.000001,1615.75,1627.97,1614.59,1617.10,277397400
2001/11/15,sh.000001,1619.26,1624.81,1612.91,1621.34,251838700
2001/11/16,sh.000001,1725.45,1734.67,1644.61,1646.76,1103108000
2001/11/19,sh.000001,1645.09,1669.99,1644.82,1669.89,457446000
2001/11/20,sh.000001,1672.21,1703.74,1670.80,1699.73,917538700
2001/11/21,sh.000001,1700.66,1707.93,1690.23,1705.66,676450200
2001/11/22,sh.000001,1705.92,1715.93,1700.51,1715.81,695013400
2001/11/23,sh.000001,1715.65,1721.97,1704.14,1712.56,637081800
2001/11/26,sh.000001,1710.13,1710.13,1696.00,1705.89,469035000
2001/11/27,sh.000001,1705.51,1722.62,1704.85,1722.59,499150100
2001/11/28,sh.000001,1725.54,1741.67,1725.16,1735.00,753850100
2001/11/29,sh.000001,1735.38,1741.74,1728.89,1732.30,675296900
2001/11/30,sh.000001,1732.13,1748.00,1731.96,1747.99,731250700
2001/12/3,sh.000001,1751.05,1767.44,1750.92,1762.56,863915800
2001/12/4,sh.000001,1763.79,1770.36,1754.87,1769.68,737371600
2001/12/5,sh.000001,1765.56,1776.02,1745.11,1745.23,965188300
2001/12/6,sh.000001,1740.08,1754.77,1737.06,1751.18,779399400
2001/12/7,sh.000001,1752.02,1756.47,1743.33,1745.41,659657100
2001/12/10,sh.000001,1743.63,1748.97,1730.81,1748.68,590359500
2001/12/11,sh.000001,1748.02,1748.98,1726.69,1728.88,577456500
2001/12/12,sh.000001,1724.88,1728.83,1714.18,1715.17,563790800
2001/12/13,sh.000001,1713.78,1720.55,1687.09,1688.01,604061600
2001/12/14,sh.000001,1683.73,1692.91,1673.32,1675.51,478853800
2001/12/17,sh.000001,1673.24,1680.84,1662.68,1665.94,361941700
2001/12/18,sh.000001,1666.51,1687.77,1660.50,1687.29,510812700
2001/12/19,sh.000001,1688.92,1693.18,1671.94,1672.70,461815900
2001/12/20,sh.000001,1669.48,1669.48,1628.47,1631.54,578025200
2001/12/21,sh.000001,1627.44,1640.79,1624.50,1640.14,378326400
2001/12/24,sh.000001,1639.52,1640.14,1601.24,1606.10,422865800
2001/12/25,sh.000001,1604.67,1613.60,1593.03,1611.17,450774400
2001/12/26,sh.000001,1610.65,1634.33,1605.15,1633.64,479393500
2001/12/27,sh.000001,1635.46,1644.41,1625.46,1627.92,556916600
2001/12/28,sh.000001,1626.96,1639.85,1619.53,1639.48,512699400
2001/12/31,sh.000001,1641.43,1649.80,1638.32,1645.97,516915800
2002/1/4,sh.000001,1643.49,1643.50,1608.83,1611.39,302848200
2002/1/7,sh.000001,1605.74,1605.74,1584.66,1596.76,299697200
2002/1/8,sh.000001,1594.87,1607.72,1582.45,1583.46,348254100
2002/1/9,sh.000001,1580.71,1580.72,1552.56,1561.35,447451800
2002/1/10,sh.000001,1556.74,1580.01,1523.66,1576.44,558604200
2002/1/11,sh.000001,1574.26,1574.27,1535.28,1535.59,548349600
2002/1/14,sh.000001,1519.93,1519.93,1484.46,1485.11,592997800
2002/1/15,sh.000001,1475.34,1491.70,1458.02,1459.65,559817400
2002/1/16,sh.000001,1458.84,1482.18,1439.40,1479.62,637989900
2002/1/17,sh.000001,1476.36,1476.38,1416.30,1419.52,568212800
2002/1/18,sh.000001,1405.55,1434.97,1376.89,1415.44,780599300
2002/1/21,sh.000001,1407.00,1412.21,1362.62,1366.97,567697100
2002/1/22,sh.000001,1360.29,1400.76,1348.79,1358.69,705218900
2002/1/23,sh.000001,1355.86,1445.70,1346.17,1444.97,1051413500
2002/1/24,sh.000001,1435.32,1478.54,1400.35,1456.40,1367010300
2002/1/25,sh.000001,1449.88,1464.90,1442.94,1451.48,814877700
2002/1/28,sh.000001,1444.50,1448.60,1357.55,1359.55,1056280500
2002/1/29,sh.000001,1343.36,1396.11,1339.20,1392.78,730314500
2002/1/30,sh.000001,1392.95,1408.05,1381.01,1396.61,599350500
2002/1/31,sh.000001,1413.22,1501.33,1413.22,1491.67,1880069700
2002/2/1,sh.000001,1494.58,1507.64,1480.77,1485.77,1340407400
2002/2/4,sh.000001,1485.68,1513.67,1476.13,1511.33,842464200
2002/2/5,sh.000001,1510.57,1522.32,1502.09,1518.28,961651900
2002/2/6,sh.000001,1517.81,1521.56,1484.25,1485.80,832073100
2002/2/7,sh.000001,1482.36,1521.03,1481.07,1515.39,961296000
2002/2/8,sh.000001,1520.72,1530.13,1506.07,1506.62,710814900
2002/2/25,sh.000001,1540.49,1544.57,1521.66,1530.28,807031800
2002/2/26,sh.000001,1529.38,1531.72,1507.58,1531.43,663469900
2002/2/27,sh.000001,1531.32,1544.92,1524.69,1538.32,711387300
2002/2/28,sh.000001,1537.93,1544.39,1521.08,1524.70,647798900
2002/3/1,sh.000001,1521.53,1521.57,1501.56,1502.54,571162600
2002/3/4,sh.000001,1497.83,1527.40,1494.83,1526.80,552068500
2002/3/5,sh.000001,1529.30,1566.07,1529.30,1560.08,1174763800
2002/3/6,sh.000001,1564.69,1594.67,1563.92,1569.21,1609155000
2002/3/7,sh.000001,1569.17,1613.26,1569.07,1613.00,1633819800
2002/3/8,sh.000001,1622.87,1645.29,1611.23,1640.26,2317042000
2002/3/11,sh.000001,1643.59,1664.52,1632.62,1664.09,1947651900
2002/3/12,sh.000001,1665.24,1672.04,1641.58,1643.69,2101132800
2002/3/13,sh.000001,1636.95,1655.63,1621.80,1623.43,1500230400
2002/3/14,sh.000001,1621.08,1665.79,1621.08,1665.15,1195076200
2002/3/15,sh.000001,1671.83,1676.51,1620.56,1620.98,1402599100
2002/3/18,sh.000001,1641.43,1657.68,1610.99,1623.88,1288339400
2002/3/19,sh.000001,1624.32,1665.62,1624.29,1665.36,1331461600
2002/3/20,sh.000001,1673.27,1686.11,1664.37,1682.51,1801880000
2002/3/21,sh.000001,1686.95,1693.87,1675.25,1685.02,1343827900
2002/3/22,sh.000001,1684.07,1684.46,1659.52,1669.69,1025452900
2002/3/25,sh.000001,1667.85,1677.05,1663.40,1675.29,879264100
2002/3/26,sh.000001,1674.70,1675.21,1641.91,1649.48,925375800
2002/3/27,sh.000001,1646.68,1655.18,1635.82,1654.23,717040900
2002/3/28,sh.000001,1653.98,1666.52,1645.34,1650.67,793435400
2002/3/29,sh.000001,1648.09,1648.09,1596.25,1603.91,1200856100
2002/4/1,sh.000001,1598.03,1609.92,1589.41,1608.51,667969600
2002/4/2,sh.000001,1608.52,1610.73,1575.97,1582.88,771821100
2002/4/3,sh.000001,1582.74,1603.80,1582.67,1594.51,639965000
2002/4/4,sh.000001,1595.02,1643.54,1583.63,1641.70,910306600
2002/4/5,sh.000001,1650.50,1657.09,1628.55,1634.64,1015357900
2002/4/8,sh.000001,1633.83,1643.68,1631.07,1640.65,667485400
2002/4/9,sh.000001,1641.85,1671.86,1640.69,1667.52,1601633900
2002/4/10,sh.000001,1670.80,1677.94,1663.47,1677.66,1202041800
2002/4/11,sh.000001,1679.34,1680.30,1649.27,1649.53,944877800
2002/4/12,sh.000001,1648.45,1664.42,1648.45,1658.98,815681300
2002/4/15,sh.000001,1660.57,1664.52,1638.64,1649.50,726755600
2002/4/16,sh.000001,1647.51,1654.74,1635.75,1640.29,617537400
2002/4/17,sh.000001,1641.72,1649.43,1630.23,1644.40,584095400
2002/4/18,sh.000001,1644.15,1646.25,1626.03,1628.14,730470400
2002/4/19,sh.000001,1625.25,1635.53,1603.96,1635.17,865114500
2002/4/22,sh.000001,1633.64,1637.19,1619.16,1627.48,550123200
2002/4/23,sh.000001,1626.63,1634.86,1621.87,1624.55,499909700
2002/4/24,sh.000001,1623.47,1626.39,1609.21,1611.05,503065200
2002/4/25,sh.000001,1609.94,1616.76,1603.64,1615.92,468889600
2002/4/26,sh.000001,1615.52,1643.15,1615.52,1640.59,707019500
2002/4/29,sh.000001,1643.55,1667.16,1640.56,1665.81,1046037900
2002/4/30,sh.000001,1668.31,1673.75,1657.82,1667.75,970235100
2002/5/8,sh.000001,1669.87,1670.92,1651.69,1652.37,475011600
2002/5/9,sh.000001,1648.46,1659.25,1646.82,1650.58,557309600
2002/5/10,sh.000001,1650.91,1652.29,1636.86,1638.20,601488300
2002/5/13,sh.000001,1634.90,1634.92,1618.46,1623.94,567219600
2002/5/14,sh.000001,1622.33,1629.88,1613.55,1616.23,533427800
2002/5/15,sh.000001,1614.90,1618.14,1597.92,1598.35,603463400
2002/5/16,sh.000001,1592.24,1592.24,1546.94,1549.50,807654700
2002/5/17,sh.000001,1549.08,1570.15,1540.58,1567.50,716278400
2002/5/20,sh.000001,1564.97,1564.98,1529.35,1541.53,478270200
2002/5/21,sh.000001,1575.02,1599.11,1564.55,1588.11,971071000
2002/5/22,sh.000001,1590.79,1591.03,1563.16,1564.49,572943000
2002/5/23,sh.000001,1571.08,1585.74,1568.10,1571.61,819136100
2002/5/24,sh.000001,1572.94,1574.13,1544.42,1549.47,564800100
2002/5/27,sh.000001,1555.04,1562.63,1545.62,1555.05,382215600
2002/5/28,sh.000001,1557.62,1569.41,1557.23,1558.52,378071900
2002/5/29,sh.000001,1558.13,1558.15,1520.13,1524.81,516997400
2002/5/30,sh.000001,1524.22,1530.77,1506.54,1523.52,552689900
2002/5/31,sh.000001,1523.01,1532.03,1513.26,1515.73,421432000
2002/6/3,sh.000001,1510.25,1510.26,1480.09,1483.35,517919600
2002/6/4,sh.000001,1484.01,1498.05,1474.36,1490.51,457839500
2002/6/5,sh.000001,1491.07,1491.07,1460.48,1462.00,440838800
2002/6/6,sh.000001,1458.61,1532.74,1455.31,1521.26,877563600
2002/6/7,sh.000001,1522.88,1540.83,1508.43,1529.51,985853400
2002/6/10,sh.000001,1529.34,1529.38,1511.26,1517.23,448487000
2002/6/11,sh.000001,1515.99,1534.38,1515.75,1530.96,500336400
2002/6/12,sh.000001,1531.75,1531.75,1513.92,1524.84,381856600
2002/6/13,sh.000001,1524.77,1529.44,1511.22,1511.71,356452100
2002/6/14,sh.000001,1508.64,1508.65,1493.24,1494.25,391995100
2002/6/17,sh.000001,1489.14,1496.84,1481.25,1496.24,293316200
2002/6/18,sh.000001,1496.83,1527.77,1496.81,1524.07,536516100
2002/6/19,sh.000001,1523.95,1524.01,1506.43,1507.67,305287800
2002/6/20,sh.000001,1511.12,1528.36,1510.53,1516.15,397506100
2002/6/21,sh.000001,1517.28,1564.92,1517.26,1562.72,1254214400
2002/6/24,sh.000001,1704.70,1709.07,1647.50,1707.31,4851806200
2002/6/25,sh.000001,1718.23,1748.89,1690.61,1706.59,4223811800
2002/6/26,sh.000001,1698.11,1719.08,1684.91,1712.91,2430587200
2002/6/27,sh.000001,1714.74,1730.67,1706.14,1723.55,2199694900
2002/6/28,sh.000001,1724.73,1747.23,1711.00,1732.76,2973538300
2002/7/1,sh.000001,1736.29,1740.38,1712.77,1713.71,1551928300
2002/7/2,sh.000001,1707.45,1725.89,1698.83,1724.95,1337813400
2002/7/3,sh.000001,1727.09,1736.08,1719.62,1730.92,1394988300
2002/7/4,sh.000001,1731.90,1735.83,1710.29,1713.14,1389831000
2002/7/5,sh.000001,1709.84,1722.48,1704.19,1722.19,1140135600
2002/7/8,sh.000001,1723.58,1737.86,1721.12,1732.93,1085101600
2002/7/9,sh.000001,1733.83,1741.92,1724.39,1729.99,1053601600
2002/7/10,sh.000001,1728.52,1729.73,1698.83,1701.82,1223320300
2002/7/11,sh.000001,1698.21,1712.20,1689.22,1696.94,918741100
2002/7/12,sh.000001,1696.64,1706.44,1693.21,1698.30,808398700
2002/7/15,sh.000001,1696.81,1697.38,1685.54,1687.95,799983900
2002/7/16,sh.000001,1687.67,1704.77,1686.81,1691.62,705637800
2002/7/17,sh.000001,1692.45,1702.24,1680.20,1701.72,630034500
2002/7/18,sh.000001,1703.81,1711.69,1695.40,1704.91,816779400
2002/7/19,sh.000001,1706.36,1714.09,1703.38,1713.86,718323000
2002/7/22,sh.000001,1712.02,1712.33,1678.50,1681.01,833387200
2002/7/23,sh.000001,1676.90,1684.66,1670.38,1673.86,654092600
2002/7/24,sh.000001,1673.68,1679.66,1667.44,1672.40,524849200
2002/7/25,sh.000001,1675.47,1682.89,1662.38,1665.11,526820800
2002/7/26,sh.000001,1665.09,1670.23,1656.82,1657.50,507634400
2002/7/29,sh.000001,1654.93,1665.96,1647.27,1665.67,483198400
2002/7/30,sh.000001,1666.58,1672.12,1656.85,1669.00,588782900
2002/7/31,sh.000001,1667.62,1671.48,1649.01,1651.59,510307400
2002/8/1,sh.000001,1650.05,1659.97,1639.23,1653.01,482500800
2002/8/2,sh.000001,1653.64,1662.72,1653.17,1661.87,403184300
2002/8/5,sh.000001,1661.40,1661.58,1652.40,1653.96,380347300
2002/8/6,sh.000001,1652.94,1679.81,1649.89,1670.62,678117200
2002/8/7,sh.000001,1670.17,1670.81,1663.93,1668.07,349656200
2002/8/8,sh.000001,1668.51,1675.30,1657.47,1659.80,401309500
2002/8/9,sh.000001,1658.44,1658.77,1642.77,1647.05,463683900
2002/8/12,sh.000001,1642.48,1642.59,1633.09,1634.57,419616300
2002/8/13,sh.000001,1633.68,1642.41,1633.55,1636.63,292338700
2002/8/14,sh.000001,1636.89,1647.09,1635.29,1646.72,296337300
2002/8/15,sh.000001,1646.62,1647.07,1632.13,1634.37,320742400
2002/8/16,sh.000001,1632.96,1652.98,1624.05,1646.79,571630300
2002/8/19,sh.000001,1645.93,1650.09,1641.40,1644.30,354075100
2002/8/20,sh.000001,1644.62,1673.92,1644.25,1671.35,806275800
2002/8/21,sh.000001,1671.99,1677.95,1668.36,1673.55,624342700
2002/8/22,sh.000001,1672.70,1696.28,1672.43,1686.11,888265700
2002/8/23,sh.000001,1686.30,1688.12,1679.12,1683.21,549982300
2002/8/26,sh.000001,1682.14,1682.32,1668.82,1670.69,495181600
2002/8/27,sh.000001,1670.63,1680.06,1670.11,1679.69,613373100
2002/8/28,sh.000001,1680.75,1683.51,1675.53,1676.77,559888100
2002/8/29,sh.000001,1676.86,1680.17,1665.72,1667.32,435036400
2002/8/30,sh.000001,1666.98,1669.14,1664.82,1666.62,395075500
2002/9/2,sh.000001,1666.34,1669.91,1663.17,1668.77,344460800
2002/9/3,sh.000001,1669.59,1680.28,1669.58,1674.07,386772200
2002/9/4,sh.000001,1674.45,1675.97,1662.49,1663.97,395059800
2002/9/5,sh.000001,1662.89,1662.90,1639.82,1641.81,601619500
2002/9/6,sh.000001,1639.89,1644.80,1629.93,1631.38,539432300
2002/9/9,sh.000001,1628.45,1628.45,1617.01,1621.58,418260200
2002/9/10,sh.000001,1620.28,1627.35,1619.33,1625.11,351201600
2002/9/11,sh.000001,1625.33,1626.84,1605.98,1620.36,425757700
2002/9/12,sh.000001,1619.94,1631.67,1614.60,1624.56,342851900
2002/9/13,sh.000001,1624.50,1626.07,1621.42,1625.76,306182400
2002/9/16,sh.000001,1624.13,1624.14,1598.74,1604.08,443823200
2002/9/17,sh.000001,1603.46,1612.02,1593.98,1604.88,428533000
2002/9/18,sh.000001,1603.61,1605.22,1593.53,1594.58,342691600
2002/9/19,sh.000001,1593.57,1623.65,1585.07,1619.35,550508400
2002/9/20,sh.000001,1618.20,1618.20,1602.89,1604.91,348524600
2002/9/23,sh.000001,1602.28,1604.30,1597.29,1602.59,249711700
2002/9/24,sh.000001,1602.20,1602.29,1594.28,1596.73,317503300
2002/9/25,sh.000001,1595.81,1602.35,1590.49,1597.84,357656300
2002/9/26,sh.000001,1597.85,1599.98,1586.53,1587.65,405337800
2002/9/27,sh.000001,1587.24,1591.84,1577.53,1581.62,390558100
2002/10/8,sh.000001,1577.05,1577.05,1558.48,1562.99,262379200
2002/10/9,sh.000001,1570.65,1571.52,1534.91,1535.37,1693941100
2002/10/10,sh.000001,1532.18,1542.56,1528.35,1530.41,508701000
2002/10/11,sh.000001,1532.14,1536.87,1521.91,1524.05,610708600
2002/10/14,sh.000001,1522.87,1532.63,1509.14,1531.68,549646400
2002/10/15,sh.000001,1531.58,1534.58,1522.10,1524.73,374174600
2002/10/16,sh.000001,1524.91,1548.53,1524.91,1537.39,499620200
2002/10/17,sh.000001,1537.97,1538.79,1511.40,1513.10,416896200
2002/10/18,sh.000001,1511.18,1523.83,1500.54,1519.54,408733300
2002/10/21,sh.000001,1519.21,1525.26,1512.33,1524.93,345668300
2002/10/22,sh.000001,1525.08,1553.87,1525.07,1548.10,648189900
2002/10/23,sh.000001,1549.77,1550.09,1539.48,1548.97,472996400
2002/10/24,sh.000001,1549.79,1550.43,1535.90,1536.52,442275900
2002/10/25,sh.000001,1535.80,1542.59,1517.42,1520.31,529281200
2002/10/28,sh.000001,1518.09,1518.60,1500.01,1502.72,508270400
2002/10/29,sh.000001,1501.38,1511.77,1488.68,1510.88,464592900
2002/10/30,sh.000001,1511.11,1513.46,1498.45,1509.71,374856700
2002/10/31,sh.000001,1510.03,1521.87,1506.00,1507.50,357921800
2002/11/1,sh.000001,1507.38,1511.10,1498.21,1510.76,358179600
2002/11/4,sh.000001,1516.22,1532.23,1515.07,1531.84,490830500
2002/11/5,sh.000001,1533.81,1565.23,1532.29,1558.24,1190034500
2002/11/6,sh.000001,1558.91,1559.23,1548.73,1552.56,647949400
2002/11/7,sh.000001,1554.04,1559.82,1546.27,1554.24,640628200
2002/11/8,sh.000001,1570.00,1573.10,1517.39,1522.19,940124400
2002/11/11,sh.000001,1519.60,1526.13,1501.99,1504.40,439872700
2002/11/12,sh.000001,1504.58,1517.72,1481.16,1485.91,806370000
2002/11/13,sh.000001,1483.71,1491.24,1461.26,1490.46,640030700
2002/11/14,sh.000001,1488.91,1489.14,1459.71,1460.80,531664400
2002/11/15,sh.000001,1455.98,1481.22,1451.39,1463.69,600443900
2002/11/18,sh.000001,1463.72,1468.33,1447.49,1451.29,412223600
2002/11/19,sh.000001,1450.70,1464.76,1441.73,1462.17,422837700
2002/11/20,sh.000001,1459.21,1459.21,1423.80,1425.84,569387200
2002/11/21,sh.000001,1421.23,1421.23,1389.29,1390.63,682793700
2002/11/22,sh.000001,1392.57,1409.00,1375.54,1395.50,676739900
2002/11/25,sh.000001,1393.34,1403.51,1383.09,1398.44,445881400
2002/11/26,sh.000001,1398.44,1408.79,1371.01,1371.17,532251200
2002/11/27,sh.000001,1365.82,1384.00,1353.14,1378.75,725723600
2002/11/28,sh.000001,1378.14,1417.85,1372.38,1417.53,794634100
2002/11/29,sh.000001,1420.43,1450.19,1409.20,1434.18,1506471300
2002/12/2,sh.000001,1432.03,1432.03,1394.91,1395.68,669514300
2002/12/3,sh.000001,1391.72,1409.89,1388.51,1408.84,522009900
2002/12/4,sh.000001,1414.89,1432.90,1406.61,1414.45,769689200
2002/12/5,sh.000001,1411.89,1411.89,1395.08,1404.88,478247100
2002/12/6,sh.000001,1404.93,1417.00,1396.21,1405.53,381721100
2002/12/9,sh.000001,1404.51,1410.79,1395.93,1400.87,328326200
2002/12/10,sh.000001,1400.56,1406.90,1383.57,1383.84,517753400
2002/12/11,sh.000001,1381.40,1383.15,1367.31,1379.20,442720000
2002/12/12,sh.000001,1378.82,1399.77,1378.81,1383.91,437994400
2002/12/13,sh.000001,1375.78,1401.60,1367.93,1396.90,559802900
2002/12/16,sh.000001,1397.72,1409.94,1392.89,1408.52,649098600
2002/12/17,sh.000001,1409.17,1418.21,1403.58,1416.10,581891800
2002/12/18,sh.000001,1416.67,1424.48,1409.84,1411.72,635415800
2002/12/19,sh.000001,1411.28,1414.29,1402.64,1413.60,482584800
2002/12/20,sh.000001,1414.35,1431.36,1410.46,1427.94,634338700
2002/12/23,sh.000001,1429.95,1439.85,1429.29,1430.20,638550300
2002/12/24,sh.000001,1429.53,1431.12,1420.38,1430.83,530686500
2002/12/25,sh.000001,1431.59,1433.79,1420.93,1421.52,543468100
2002/12/26,sh.000001,1419.97,1420.00,1382.36,1384.15,865209900
2002/12/27,sh.000001,1379.33,1389.33,1367.85,1382.97,685798000
2002/12/30,sh.000001,1379.74,1379.75,1358.43,1366.36,634728300
2002/12/31,sh.000001,1364.97,1370.53,1348.71,1357.65,650583400
2003/1/2,sh.000001,1347.43,1351.34,1317.47,1320.63,506568900
2003/1/3,sh.000001,1317.58,1323.63,1312.80,1319.87,364926400
2003/1/6,sh.000001,1319.69,1334.89,1311.68,1334.68,585053900
2003/1/7,sh.000001,1335.63,1346.82,1326.19,1332.06,654707500
2003/1/8,sh.000001,1331.44,1373.12,1330.45,1372.07,847733800
2003/1/9,sh.000001,1374.62,1402.29,1365.37,1397.38,1618572600
2003/1/10,sh.000001,1398.38,1411.37,1384.63,1384.86,1463915600
2003/1/13,sh.000001,1381.87,1391.19,1378.65,1386.31,787615400
2003/1/14,sh.000001,1386.90,1476.91,1386.59,1466.85,3177711700
2003/1/15,sh.000001,1477.45,1485.80,1448.27,1459.92,3254010600
2003/1/16,sh.000001,1458.87,1486.06,1454.55,1485.62,2134331100
2003/1/17,sh.000001,1488.27,1492.72,1472.96,1478.68,1859338900
2003/1/20,sh.000001,1475.71,1482.94,1458.12,1482.68,1393607300
2003/1/21,sh.000001,1485.87,1489.55,1454.61,1454.89,1315773000
2003/1/22,sh.000001,1448.83,1463.94,1446.35,1460.53,1025818900
2003/1/23,sh.000001,1460.25,1470.33,1448.70,1450.62,976508700
2003/1/24,sh.000001,1449.50,1483.56,1448.01,1479.07,1313369000
2003/1/27,sh.000001,1481.61,1500.38,1480.97,1496.16,1197443200
2003/1/28,sh.000001,1497.10,1502.43,1489.17,1500.64,889204500
2003/1/29,sh.000001,1501.29,1508.59,1498.37,1499.82,990554100
2003/2/10,sh.000001,1499.17,1499.64,1477.52,1480.17,667252700
2003/2/11,sh.000001,1478.05,1492.89,1476.87,1492.76,537487400
2003/2/12,sh.000001,1493.25,1510.99,1486.31,1510.67,925605200
2003/2/13,sh.000001,1512.29,1519.29,1502.43,1504.34,1106329600
2003/2/14,sh.000001,1503.37,1515.26,1500.98,1510.95,817431100
2003/2/17,sh.000001,1510.64,1514.64,1490.92,1496.52,938417000
2003/2/18,sh.000001,1495.14,1500.29,1488.83,1496.47,659428100
2003/2/19,sh.000001,1496.65,1511.13,1490.02,1510.80,835274600
2003/2/20,sh.000001,1513.01,1517.77,1507.23,1509.49,813632700
2003/2/21,sh.000001,1508.08,1508.13,1476.42,1478.87,975142900
2003/2/24,sh.000001,1476.07,1488.07,1474.47,1481.94,639279100
2003/2/25,sh.000001,1481.11,1511.65,1481.11,1511.28,968951200
2003/2/26,sh.000001,1513.49,1515.46,1506.55,1513.18,690790900
2003/2/27,sh.000001,1514.02,1524.75,1508.75,1513.70,760375900
2003/2/28,sh.000001,1512.87,1514.50,1501.42,1511.93,646578200
2003/3/3,sh.000001,1511.59,1525.70,1511.05,1525.48,877537900
2003/3/4,sh.000001,1527.45,1529.75,1517.86,1524.30,795350300
2003/3/5,sh.000001,1524.08,1524.12,1508.25,1517.18,673754900
2003/3/6,sh.000001,1516.60,1517.35,1494.24,1498.34,845438400
2003/3/7,sh.000001,1495.69,1502.43,1489.38,1493.09,705580500
2003/3/10,sh.000001,1492.21,1496.16,1467.64,1468.92,747047300
2003/3/11,sh.000001,1467.55,1473.96,1463.58,1469.55,515564600
2003/3/12,sh.000001,1468.75,1475.29,1458.50,1475.01,529337300
2003/3/13,sh.000001,1475.04,1477.86,1463.33,1464.65,532861600
2003/3/14,sh.000001,1464.99,1471.50,1461.35,1466.04,484730100
2003/3/17,sh.000001,1465.14,1469.53,1453.37,1469.27,632370300
2003/3/18,sh.000001,1468.99,1479.00,1458.98,1459.89,597671000
2003/3/19,sh.000001,1458.58,1475.84,1452.59,1469.96,662217700
2003/3/20,sh.000001,1469.66,1477.25,1460.80,1464.54,675681400
2003/3/21,sh.000001,1464.18,1475.81,1461.92,1474.66,534064500
2003/3/24,sh.000001,1474.59,1477.97,1470.44,1477.77,472705400
2003/3/25,sh.000001,1478.05,1478.41,1461.75,1462.40,572231400
2003/3/26,sh.000001,1461.32,1465.43,1452.89,1456.27,558287800
2003/3/27,sh.000001,1455.44,1507.67,1447.01,1499.35,1349538100
2003/3/28,sh.000001,1498.46,1508.26,1488.60,1491.94,1316515300
2003/3/31,sh.000001,1491.39,1511.22,1490.99,1510.58,1050938600
2003/4/1,sh.000001,1513.00,1525.24,1508.84,1522.55,1333173800
2003/4/2,sh.000001,1522.49,1525.77,1516.79,1521.32,979096900
2003/4/3,sh.000001,1521.36,1522.67,1510.51,1511.73,829964200
2003/4/4,sh.000001,1510.22,1521.78,1509.61,1521.13,905401900
2003/4/7,sh.000001,1521.90,1530.37,1512.50,1515.13,1186576700
2003/4/8,sh.000001,1515.65,1523.95,1513.24,1520.55,1494193000
2003/4/9,sh.000001,1519.99,1545.34,1510.34,1543.67,2884448000
2003/4/10,sh.000001,1546.51,1559.87,1541.29,1551.18,3161716300
2003/4/11,sh.000001,1552.00,1581.70,1548.53,1576.86,2942231300
2003/4/14,sh.000001,1581.38,1616.65,1581.20,1616.07,3657240000
2003/4/15,sh.000001,1619.95,1632.09,1606.73,1631.47,3211677100
2003/4/16,sh.000001,1633.53,1649.60,1598.83,1606.24,3909912700
2003/4/17,sh.000001,1606.23,1621.23,1595.63,1613.60,2840057600
2003/4/18,sh.000001,1616.91,1620.81,1596.67,1603.08,2444729400
2003/4/21,sh.000001,1598.50,1598.58,1557.12,1571.71,2155321500
2003/4/22,sh.000001,1570.57,1575.80,1563.59,1568.69,1120284100
2003/4/23,sh.000001,1568.13,1569.79,1540.07,1541.96,1553742300
2003/4/24,sh.000001,1538.58,1542.11,1492.90,1503.59,1957435800
2003/4/25,sh.000001,1501.57,1513.33,1481.07,1487.15,1208538600
2003/4/28,sh.000001,1483.47,1538.59,1473.27,1537.69,2388194200
2003/4/29,sh.000001,1535.88,1535.88,1508.32,1509.31,1853942900
2003/4/30,sh.000001,1511.15,1539.57,1510.60,1521.44,1889841000
2003/5/12,sh.000001,1522.98,1536.89,1511.87,1531.87,1549740900
2003/5/13,sh.000001,1533.08,1534.80,1481.75,1485.31,2253950700
2003/5/14,sh.000001,1480.11,1523.32,1477.25,1522.92,1817606100
2003/5/15,sh.000001,1524.50,1555.56,1516.43,1555.29,2289862400
2003/5/16,sh.000001,1555.91,1560.72,1543.17,1554.45,1603548900
2003/5/19,sh.000001,1557.29,1563.11,1546.75,1555.45,1347765800
2003/5/20,sh.000001,1553.69,1553.85,1530.67,1535.52,1133097100
2003/5/21,sh.000001,1534.60,1547.31,1530.05,1533.48,908703200
2003/5/22,sh.000001,1532.19,1546.39,1522.19,1546.11,959390300
2003/5/23,sh.000001,1547.16,1571.69,1547.09,1560.96,1827109400
2003/5/26,sh.000001,1563.21,1574.39,1561.04,1569.51,1525362000
2003/5/27,sh.000001,1572.31,1575.63,1558.13,1568.34,1411905000
2003/5/28,sh.000001,1569.33,1576.62,1549.06,1551.81,1501550300
2003/5/29,sh.000001,1549.05,1568.54,1543.34,1568.16,1481431800
2003/5/30,sh.000001,1570.92,1581.61,1567.28,1576.26,1614687600
2003/6/2,sh.000001,1577.99,1578.87,1564.61,1576.53,1166830400
2003/6/3,sh.000001,1577.08,1582.41,1561.08,1562.24,1110301100
2003/6/4,sh.000001,1560.67,1574.77,1546.62,1574.11,1427534400
2003/6/5,sh.000001,1575.31,1575.64,1555.45,1556.25,1184987400
2003/6/6,sh.000001,1553.20,1557.76,1538.10,1538.92,1052004100
2003/6/9,sh.000001,1536.27,1548.14,1527.84,1530.22,982743800
2003/6/10,sh.000001,1529.53,1541.39,1529.52,1538.76,679068800
2003/6/11,sh.000001,1540.72,1566.90,1540.70,1565.84,1311754200
2003/6/12,sh.000001,1566.92,1569.13,1556.53,1562.11,820729700
2003/6/13,sh.000001,1562.61,1572.41,1560.30,1566.77,968125900
2003/6/16,sh.000001,1568.19,1569.55,1555.37,1559.71,804094100
2003/6/17,sh.000001,1559.12,1564.95,1552.43,1557.18,719165900
2003/6/18,sh.000001,1556.89,1565.92,1552.83,1553.88,872893200
2003/6/19,sh.000001,1554.02,1557.38,1530.38,1538.75,993741200
2003/6/20,sh.000001,1537.50,1542.42,1528.30,1529.47,664879500
2003/6/23,sh.000001,1524.58,1524.91,1509.43,1511.37,733954400
2003/6/24,sh.000001,1509.11,1515.84,1504.72,1512.43,636944900
2003/6/25,sh.000001,1512.49,1515.92,1498.96,1502.08,682232600
2003/6/26,sh.000001,1500.34,1517.21,1486.08,1515.38,930009900
2003/6/27,sh.000001,1516.81,1516.87,1494.45,1497.05,768706900
2003/6/30,sh.000001,1493.69,1500.97,1483.69,1486.02,578042000
2003/7/1,sh.000001,1485.52,1502.57,1482.82,1484.70,663315800
2003/7/2,sh.000001,1485.45,1499.97,1477.87,1499.68,674917600
2003/7/3,sh.000001,1501.90,1507.71,1497.74,1504.44,651391600
2003/7/4,sh.000001,1504.60,1510.17,1497.46,1502.35,631298900
2003/7/7,sh.000001,1500.85,1503.81,1490.97,1501.48,595119800
2003/7/8,sh.000001,1501.62,1513.55,1500.98,1512.02,651908200
2003/7/9,sh.000001,1512.34,1513.28,1499.34,1503.31,548126100
2003/7/10,sh.000001,1503.51,1532.19,1501.71,1531.93,1332922000
2003/7/11,sh.000001,1532.64,1535.98,1523.24,1528.85,874244400
2003/7/14,sh.000001,1528.39,1529.33,1519.12,1521.41,612011300
2003/7/15,sh.000001,1521.56,1531.00,1516.89,1525.44,711290100
2003/7/16,sh.000001,1525.50,1529.82,1520.41,1529.49,708517700
2003/7/17,sh.000001,1529.97,1540.19,1529.36,1539.36,1287354500
2003/7/18,sh.000001,1539.05,1539.06,1506.49,1507.16,1138017500
2003/7/21,sh.000001,1501.39,1504.71,1483.57,1495.89,1010918400
2003/7/22,sh.000001,1499.89,1510.31,1485.46,1498.49,885090500
2003/7/23,sh.000001,1499.31,1505.31,1491.66,1502.15,684621000
2003/7/24,sh.000001,1503.06,1503.38,1491.20,1493.45,649427800
2003/7/25,sh.000001,1494.58,1502.64,1471.29,1477.65,1445826400
2003/7/28,sh.000001,1474.74,1474.74,1464.87,1470.39,652274500
2003/7/29,sh.000001,1470.39,1480.58,1469.93,1477.30,549781400
2003/7/30,sh.000001,1477.41,1483.07,1468.82,1479.65,655208100
2003/7/31,sh.000001,1480.01,1482.60,1474.14,1476.74,556584900
2003/8/1,sh.000001,1476.47,1478.36,1464.98,1476.97,629808600
2003/8/4,sh.000001,1476.82,1494.42,1471.89,1494.37,745197000
2003/8/5,sh.000001,1494.49,1497.01,1488.97,1494.31,569134100
2003/8/6,sh.000001,1493.03,1493.39,1482.69,1486.25,550864900
2003/8/7,sh.000001,1485.74,1497.10,1485.06,1487.37,567216300
2003/8/8,sh.000001,1487.17,1487.41,1468.44,1471.27,713007800
2003/8/11,sh.000001,1469.26,1474.72,1462.72,1474.41,453311800
2003/8/12,sh.000001,1473.99,1484.59,1472.39,1479.28,407515700
2003/8/13,sh.000001,1479.67,1481.12,1465.06,1465.83,472249900
2003/8/14,sh.000001,1464.38,1475.02,1451.61,1455.90,706450400
2003/8/15,sh.000001,1454.68,1457.63,1447.11,1450.20,668251100
2003/8/18,sh.000001,1449.67,1451.67,1442.48,1445.09,499586800
2003/8/19,sh.000001,1444.66,1453.45,1444.23,1449.71,465854800
2003/8/20,sh.000001,1449.50,1450.47,1432.75,1441.66,556370400
2003/8/21,sh.000001,1441.78,1442.86,1434.31,1441.09,579425300
2003/8/22,sh.000001,1438.79,1446.28,1436.90,1438.88,511895100
2003/8/25,sh.000001,1434.21,1434.21,1419.26,1422.18,563205200
2003/8/26,sh.000001,1420.85,1428.41,1417.83,1425.21,492459300
2003/8/27,sh.000001,1425.15,1432.35,1420.35,1425.36,444661500
2003/8/28,sh.000001,1425.73,1428.35,1414.88,1415.69,474849500
2003/8/29,sh.000001,1414.41,1422.35,1406.68,1421.98,571402300
2003/9/1,sh.000001,1423.35,1450.04,1420.12,1449.82,898975000
2003/9/2,sh.000001,1450.51,1456.55,1442.01,1446.51,898159900
2003/9/3,sh.000001,1446.28,1451.23,1438.69,1447.85,737254400
2003/9/4,sh.000001,1447.77,1453.43,1443.38,1447.43,724587300
2003/9/5,sh.000001,1446.94,1446.98,1424.17,1431.53,809324900
2003/9/8,sh.000001,1429.46,1429.56,1421.14,1425.73,605604600
2003/9/9,sh.000001,1424.69,1429.71,1414.88,1420.07,625537500
2003/9/10,sh.000001,1419.52,1424.77,1415.72,1423.18,506455400
2003/9/11,sh.000001,1422.90,1429.56,1421.82,1423.96,437218200
2003/9/12,sh.000001,1426.34,1426.81,1407.95,1409.16,1006516700
2003/9/15,sh.000001,1407.81,1416.08,1394.27,1397.54,708665400
2003/9/16,sh.000001,1396.75,1406.72,1389.49,1406.10,666401800
2003/9/17,sh.000001,1406.25,1406.37,1386.78,1389.82,608860200
2003/9/18,sh.000001,1388.09,1395.20,1383.40,1390.49,580695400
2003/9/19,sh.000001,1390.84,1395.60,1383.72,1391.37,549841700
2003/9/22,sh.000001,1392.90,1395.07,1378.32,1381.44,488818700
2003/9/23,sh.000001,1380.85,1390.35,1372.85,1390.17,596893400
2003/9/24,sh.000001,1391.40,1396.95,1386.79,1394.23,591952200
2003/9/25,sh.000001,1394.49,1394.74,1374.79,1376.29,478096900
2003/9/26,sh.000001,1374.60,1377.87,1367.75,1370.84,454288900
2003/9/29,sh.000001,1369.44,1369.48,1353.25,1355.34,487950800
2003/9/30,sh.000001,1354.65,1371.07,1348.22,1367.16,605960700
2003/10/8,sh.000001,1366.20,1373.08,1359.50,1371.69,432480500
2003/10/9,sh.000001,1371.68,1379.99,1367.65,1369.17,556915900
2003/10/10,sh.000001,1369.00,1406.00,1367.11,1404.01,1261199200
2003/10/13,sh.000001,1405.33,1411.88,1397.69,1399.66,846499500
2003/10/14,sh.000001,1399.84,1400.75,1382.48,1388.17,636749000
2003/10/15,sh.000001,1388.25,1401.54,1380.81,1383.10,671017300
2003/10/16,sh.000001,1381.46,1382.53,1362.98,1365.51,585887500
2003/10/17,sh.000001,1365.31,1375.66,1362.42,1370.58,528554800
2003/10/20,sh.000001,1369.71,1370.49,1355.55,1359.50,535722900
2003/10/21,sh.000001,1359.51,1364.61,1350.21,1364.30,697888200
2003/10/22,sh.000001,1366.11,1403.10,1363.09,1398.01,1499177000
2003/10/23,sh.000001,1398.59,1407.39,1384.64,1386.65,1006761100
2003/10/24,sh.000001,1385.90,1389.88,1376.71,1381.83,880202200
2003/10/27,sh.000001,1381.84,1383.60,1361.19,1369.46,798650700
2003/10/28,sh.000001,1366.00,1382.60,1356.49,1369.33,1014426400
2003/10/29,sh.000001,1372.35,1375.91,1344.42,1361.49,1315907300
2003/10/30,sh.000001,1360.02,1360.07,1340.29,1344.63,878705900
2003/10/31,sh.000001,1341.50,1364.66,1334.78,1348.30,998747800
2003/11/3,sh.000001,1346.48,1367.34,1339.96,1364.06,1053793000
2003/11/4,sh.000001,1363.96,1412.91,1363.90,1389.55,2387840100
2003/11/5,sh.000001,1389.72,1396.86,1375.99,1385.11,1460498200
2003/11/6,sh.000001,1384.67,1385.84,1351.10,1356.79,1650521700
2003/11/7,sh.000001,1353.43,1353.45,1323.12,1335.21,1448425000
2003/11/10,sh.000001,1330.96,1340.87,1322.05,1340.10,830979000
2003/11/11,sh.000001,1340.32,1350.39,1331.12,1343.62,903908000
2003/11/12,sh.000001,1341.57,1341.58,1316.85,1317.79,951488700
2003/11/13,sh.000001,1313.93,1324.98,1307.40,1319.61,837039100
2003/11/14,sh.000001,1318.72,1331.42,1312.79,1331.05,750795400
2003/11/17,sh.000001,1330.49,1333.41,1323.68,1328.10,586150000
2003/11/18,sh.000001,1334.65,1336.10,1314.99,1316.56,1475535900
2003/11/19,sh.000001,1313.84,1341.56,1312.56,1338.87,1020800300
2003/11/20,sh.000001,1338.60,1377.12,1336.14,1376.51,2039041500
2003/11/21,sh.000001,1379.94,1394.57,1359.90,1361.56,2008834500
2003/11/24,sh.000001,1360.33,1404.25,1360.23,1404.01,1845059100
2003/11/25,sh.000001,1407.76,1423.58,1400.90,1408.42,2521353300
2003/11/26,sh.000001,1407.30,1413.77,1398.03,1411.91,1657454700
2003/11/27,sh.000001,1412.31,1415.74,1387.79,1389.10,1496134900
2003/11/28,sh.000001,1388.31,1401.46,1385.82,1397.23,1200490900
2003/12/1,sh.000001,1398.71,1432.82,1398.71,1432.70,1813416700
2003/12/2,sh.000001,1437.24,1444.57,1430.24,1435.31,1944654200
2003/12/3,sh.000001,1434.70,1462.07,1424.35,1445.03,2145655500
2003/12/4,sh.000001,1445.40,1454.32,1440.82,1452.81,1829545400
2003/12/5,sh.000001,1454.41,1456.87,1440.79,1451.12,1494675900
2003/12/8,sh.000001,1452.11,1459.48,1435.14,1436.66,1326591300
2003/12/9,sh.000001,1435.10,1443.61,1429.06,1443.37,1090227300
2003/12/10,sh.000001,1449.57,1469.71,1448.50,1469.42,1995047900
2003/12/11,sh.000001,1472.39,1475.38,1460.19,1470.02,1849237200
2003/12/12,sh.000001,1469.70,1472.86,1459.55,1470.79,1471202100
2003/12/15,sh.000001,1471.24,1474.67,1465.51,1470.36,1101623200
2003/12/16,sh.000001,1469.12,1469.12,1441.06,1466.34,1608147000
2003/12/17,sh.000001,1465.61,1480.43,1453.88,1454.00,1684690900
2003/12/18,sh.000001,1450.85,1458.67,1445.08,1457.30,1399933200
2003/12/19,sh.000001,1463.45,1470.21,1429.71,1446.29,2364808300
2003/12/22,sh.000001,1444.17,1493.54,1441.59,1492.96,2646977800
2003/12/23,sh.000001,1497.57,1507.04,1487.12,1500.64,2439581800
2003/12/24,sh.000001,1501.36,1514.32,1498.98,1513.83,2047378600
2003/12/25,sh.000001,1514.93,1525.30,1504.25,1512.60,2051674400
2003/12/26,sh.000001,1513.11,1516.48,1504.13,1514.78,1573738400
2003/12/29,sh.000001,1509.28,1512.98,1495.54,1496.43,1407303400
2003/12/30,sh.000001,1495.67,1513.73,1495.39,1511.69,1517657500
2003/12/31,sh.000001,1513.62,1516.52,1491.25,1497.04,1456238400
2004/1/2,sh.000001,1492.72,1526.24,1491.69,1517.19,1668052800
2004/1/5,sh.000001,1516.80,1568.82,1516.70,1568.35,2857300600
2004/1/6,sh.000001,1568.90,1589.08,1557.93,1574.52,3269822900
2004/1/7,sh.000001,1574.10,1595.00,1565.09,1587.20,3053040800
2004/1/8,sh.000001,1587.45,1616.58,1582.88,1610.13,2844059300
2004/1/9,sh.000001,1612.39,1618.76,1579.69,1581.47,3206866800
2004/1/12,sh.000001,1579.88,1619.09,1573.77,1618.52,2298414100
2004/1/13,sh.000001,1622.05,1627.49,1596.72,1612.68,2593363200
2004/1/14,sh.000001,1612.92,1613.15,1585.91,1592.42,2049987500
2004/1/15,sh.000001,1591.82,1601.41,1582.36,1586.49,1876196600
2004/1/16,sh.000001,1589.38,1604.76,1579.24,1600.43,2052893300
2004/1/29,sh.000001,1605.25,1629.18,1603.31,1628.84,1847930400
2004/1/30,sh.000001,1631.11,1634.41,1589.40,1590.73,2406213000
2004/2/2,sh.000001,1630.65,1650.29,1585.96,1623.88,3458830000
2004/2/3,sh.000001,1625.29,1650.24,1615.81,1649.28,2658422400
2004/2/4,sh.000001,1652.61,1685.77,1652.61,1685.16,3256490100
2004/2/5,sh.000001,1690.94,1693.90,1674.62,1693.43,3263004900
2004/2/6,sh.000001,1690.56,1705.91,1671.40,1679.19,3389595400
2004/2/9,sh.000001,1679.58,1703.77,1679.10,1703.53,2617974300
2004/2/10,sh.000001,1708.90,1715.46,1683.60,1691.01,2746535700
2004/2/11,sh.000001,1691.61,1692.90,1660.01,1677.76,2657791700
2004/2/12,sh.000001,1679.08,1693.01,1660.31,1663.83,2712235300
2004/2/13,sh.000001,1664.60,1672.44,1653.24,1658.54,2269776200
2004/2/16,sh.000001,1661.45,1697.26,1661.45,1696.83,2299110600
2004/2/17,sh.000001,1701.41,1710.86,1693.97,1703.77,2975420900
2004/2/18,sh.000001,1704.75,1719.89,1697.32,1717.10,2921837500
2004/2/19,sh.000001,1719.31,1728.02,1710.71,1717.02,2733878100
2004/2/20,sh.000001,1715.81,1722.57,1702.93,1721.75,2340915900
2004/2/23,sh.000001,1725.59,1730.28,1680.89,1681.65,2856297500
2004/2/24,sh.000001,1675.64,1683.04,1650.18,1682.30,2699938100
2004/2/25,sh.000001,1684.90,1700.50,1642.69,1647.38,2458620500
2004/2/26,sh.000001,1642.41,1655.30,1628.84,1654.90,2311168400
2004/2/27,sh.000001,1657.26,1675.32,1657.04,1675.07,1970836300
2004/3/1,sh.000001,1676.22,1690.07,1661.34,1689.76,1999017800
2004/3/2,sh.000001,1692.62,1694.82,1677.98,1687.28,2050750300
2004/3/3,sh.000001,1686.96,1688.94,1654.56,1661.81,1923997400
2004/3/4,sh.000001,1658.63,1670.16,1642.63,1668.87,1788542900
2004/3/5,sh.000001,1671.06,1675.03,1660.21,1662.10,1607556900
2004/3/8,sh.000001,1660.64,1665.73,1635.44,1637.14,1563918500
2004/3/9,sh.000001,1636.21,1659.65,1634.71,1637.10,1622245700
2004/3/10,sh.000001,1639.68,1678.40,1639.68,1678.07,1655457400
2004/3/11,sh.000001,1680.31,1698.78,1672.67,1691.64,1850337800
2004/3/12,sh.000001,1692.87,1699.25,1680.45,1694.74,1597543900
2004/3/15,sh.000001,1696.94,1738.98,1696.82,1736.22,2520017200
2004/3/16,sh.000001,1741.62,1747.98,1730.74,1745.54,2217625000
2004/3/17,sh.000001,1746.74,1750.71,1730.27,1745.10,1909061500
2004/3/18,sh.000001,1746.18,1755.10,1714.90,1717.26,2099120500
2004/3/19,sh.000001,1715.47,1748.19,1710.84,1747.87,1772125900
2004/3/22,sh.000001,1749.71,1760.08,1742.37,1755.69,1758586800
2004/3/23,sh.000001,1755.32,1755.33,1731.49,1741.70,1848360500
2004/3/24,sh.000001,1740.89,1752.42,1729.51,1740.05,1782155400
2004/3/25,sh.000001,1737.49,1751.81,1725.98,1736.48,1618544100
2004/3/26,sh.000001,1737.06,1741.57,1720.88,1734.05,1639196200
2004/3/29,sh.000001,1734.59,1740.31,1717.86,1719.67,1643088100
2004/3/30,sh.000001,1718.78,1727.18,1711.66,1724.28,1374627800
2004/3/31,sh.000001,1726.57,1745.70,1724.21,1741.62,1614404300
2004/4/1,sh.000001,1744.71,1758.98,1741.33,1758.15,1796814600
2004/4/2,sh.000001,1760.47,1771.67,1756.65,1768.65,2128540100
2004/4/5,sh.000001,1771.74,1774.12,1753.71,1766.48,2376120600
2004/4/6,sh.000001,1767.32,1777.74,1754.74,1777.52,2305570500
2004/4/7,sh.000001,1779.43,1783.01,1771.13,1774.55,2237267100
2004/4/8,sh.000001,1774.40,1778.10,1765.02,1770.28,2236884800
2004/4/9,sh.000001,1770.91,1778.22,1721.59,1727.35,2441406000
2004/4/12,sh.000001,1717.20,1729.62,1702.40,1722.99,1844341900
2004/4/13,sh.000001,1724.58,1734.92,1710.39,1715.14,1910027600
2004/4/14,sh.000001,1714.53,1716.82,1678.34,1697.16,1952741400
2004/4/15,sh.000001,1697.24,1705.02,1674.91,1679.08,1513868400
2004/4/16,sh.000001,1678.97,1694.56,1656.30,1693.86,1751544300
2004/4/19,sh.000001,1695.33,1698.69,1672.35,1675.89,1379201500
2004/4/20,sh.000001,1674.36,1682.05,1659.95,1669.42,1286166400
2004/4/21,sh.000001,1669.38,1675.36,1645.08,1651.58,1524723500
2004/4/22,sh.000001,1649.05,1659.79,1637.29,1657.79,1255046300
2004/4/23,sh.000001,1653.94,1653.99,1632.56,1635.50,1226155200
2004/4/26,sh.000001,1633.27,1644.50,1623.05,1635.50,1021256400
2004/4/27,sh.000001,1636.44,1640.70,1608.81,1611.86,1273921500
2004/4/28,sh.000001,1606.42,1615.14,1589.10,1606.80,1250021500
2004/4/29,sh.000001,1605.30,1613.56,1578.09,1579.45,1342574400
2004/4/30,sh.000001,1579.97,1599.56,1572.23,1595.59,1241838000
2004/5/10,sh.000001,1600.63,1603.07,1555.26,1560.22,818091400
2004/5/11,sh.000001,1556.72,1570.76,1545.63,1568.06,774439800
2004/5/12,sh.000001,1568.41,1604.42,1564.14,1603.77,1098557100
2004/5/13,sh.000001,1605.70,1606.07,1589.46,1597.57,886566200
2004/5/14,sh.000001,1596.73,1597.32,1558.54,1562.69,941145400
2004/5/17,sh.000001,1556.67,1562.39,1537.47,1539.96,840133900
2004/5/18,sh.000001,1537.34,1555.86,1526.24,1555.44,1205332000
2004/5/19,sh.000001,1559.26,1575.38,1548.16,1558.29,1248855400
2004/5/20,sh.000001,1556.69,1571.30,1542.22,1549.06,915000600
2004/5/21,sh.000001,1548.56,1559.86,1545.62,1558.33,843808600
2004/5/24,sh.000001,1559.55,1562.33,1547.36,1550.35,746034200
2004/5/25,sh.000001,1549.02,1549.59,1516.35,1518.05,918944800
2004/5/26,sh.000001,1515.16,1529.91,1508.65,1524.44,740656900
2004/5/27,sh.000001,1524.94,1559.55,1515.97,1557.18,1226855200
2004/5/28,sh.000001,1558.42,1561.00,1545.65,1548.72,852679000
2004/5/31,sh.000001,1549.03,1556.79,1544.71,1555.91,731838100
2004/6/1,sh.000001,1555.56,1579.82,1553.12,1579.66,1299153100
2004/6/2,sh.000001,1580.21,1580.57,1562.24,1567.07,1366455200
2004/6/3,sh.000001,1566.42,1566.83,1540.74,1543.53,1129777300
2004/6/4,sh.000001,1541.09,1549.50,1534.99,1542.09,1047602400
2004/6/7,sh.000001,1538.46,1538.50,1508.87,1517.15,912521700
2004/6/8,sh.000001,1514.78,1519.99,1488.63,1493.81,1001392800
2004/6/9,sh.000001,1492.20,1497.18,1464.16,1468.07,1131524000
2004/6/10,sh.000001,1465.56,1478.17,1456.32,1468.34,1025490000
2004/6/11,sh.000001,1471.69,1499.46,1469.54,1472.07,1037052500
2004/6/14,sh.000001,1471.45,1471.45,1431.31,1438.74,1037131600
2004/6/15,sh.000001,1436.08,1469.57,1433.03,1463.78,994754500
2004/6/16,sh.000001,1465.23,1491.69,1452.58,1475.42,1087080200
2004/6/17,sh.000001,1475.27,1478.49,1443.53,1445.50,922110200
2004/6/18,sh.000001,1442.48,1442.48,1411.03,1427.30,992642900
2004/6/21,sh.000001,1421.83,1434.20,1414.97,1433.47,760722200
2004/6/22,sh.000001,1434.42,1456.13,1430.96,1450.68,1066981900
2004/6/23,sh.000001,1450.07,1450.11,1428.80,1440.73,829368000
2004/6/24,sh.000001,1438.31,1447.39,1426.49,1427.75,911814000
2004/6/25,sh.000001,1426.55,1434.47,1399.39,1401.11,944282900
2004/6/28,sh.000001,1396.36,1397.52,1380.20,1385.18,794572500
2004/6/29,sh.000001,1384.64,1409.38,1376.22,1408.69,1021161800
2004/6/30,sh.000001,1408.27,1415.84,1394.68,1399.16,820082900
2004/7/1,sh.000001,1398.20,1445.10,1396.35,1441.07,1382216700
2004/7/2,sh.000001,1441.12,1447.61,1428.07,1441.19,1067266300
2004/7/5,sh.000001,1440.17,1444.93,1429.12,1444.59,814338200
2004/7/6,sh.000001,1445.40,1466.78,1445.32,1450.50,1208179300
2004/7/7,sh.000001,1448.95,1448.96,1434.29,1438.40,782462100
2004/7/8,sh.000001,1436.47,1440.64,1426.95,1439.78,690535000
2004/7/9,sh.000001,1439.74,1451.75,1429.14,1430.65,712697800
2004/7/12,sh.000001,1426.25,1426.25,1393.81,1397.15,838189200
2004/7/13,sh.000001,1395.35,1403.14,1389.16,1399.46,699480400
2004/7/14,sh.000001,1399.87,1408.99,1378.91,1403.76,1012078100
2004/7/15,sh.000001,1404.47,1422.26,1399.98,1421.54,1234654000
2004/7/16,sh.000001,1423.69,1458.39,1422.24,1456.13,2200264500
2004/7/19,sh.000001,1456.77,1465.84,1447.05,1457.54,1288418000
2004/7/20,sh.000001,1457.23,1457.29,1440.06,1447.94,1211994200
2004/7/21,sh.000001,1446.52,1452.86,1436.85,1448.04,931915300
2004/7/22,sh.000001,1448.13,1449.69,1404.54,1407.44,1278009400
2004/7/23,sh.000001,1403.36,1408.46,1387.26,1407.40,1047862200
2004/7/26,sh.000001,1401.84,1401.88,1381.91,1387.67,809887900
2004/7/27,sh.000001,1387.00,1395.31,1373.42,1384.13,896788500
2004/7/28,sh.000001,1385.50,1397.17,1366.50,1388.81,986495400
2004/7/29,sh.000001,1388.62,1407.36,1385.96,1407.33,1108007700
2004/7/30,sh.000001,1408.49,1409.12,1384.74,1386.20,899729500
2004/8/2,sh.000001,1381.88,1383.08,1370.50,1373.22,698313600
2004/8/3,sh.000001,1371.28,1378.20,1363.69,1366.26,760192300
2004/8/4,sh.000001,1365.67,1424.55,1364.01,1404.51,1709399000
2004/8/5,sh.000001,1402.37,1413.08,1387.55,1389.04,1070146800
2004/8/6,sh.000001,1388.07,1400.95,1380.32,1390.46,902472700
2004/8/9,sh.000001,1388.08,1397.59,1382.94,1395.85,795196700
2004/8/10,sh.000001,1396.62,1404.72,1390.94,1400.77,681690400
2004/8/11,sh.000001,1401.02,1401.25,1382.24,1384.96,756042700
2004/8/12,sh.000001,1378.79,1378.79,1357.08,1368.20,829560700
2004/8/13,sh.000001,1361.99,1377.82,1358.32,1368.45,826161700
2004/8/16,sh.000001,1366.52,1369.87,1350.84,1354.51,749038100
2004/8/17,sh.000001,1354.38,1364.41,1344.81,1360.20,692056400
2004/8/18,sh.000001,1359.87,1371.23,1357.03,1358.22,744763000
2004/8/19,sh.000001,1357.23,1357.27,1333.48,1340.45,809858700
2004/8/20,sh.000001,1338.31,1349.48,1327.77,1341.74,802886100
2004/8/23,sh.000001,1339.93,1339.94,1322.98,1325.41,619375000
2004/8/24,sh.000001,1323.79,1347.15,1317.56,1344.63,946483200
2004/8/25,sh.000001,1344.46,1346.97,1334.29,1339.78,656099400
2004/8/26,sh.000001,1339.62,1340.95,1330.22,1334.42,583103000
2004/8/27,sh.000001,1333.31,1337.73,1314.60,1320.61,675224600
2004/8/30,sh.000001,1318.32,1322.23,1310.02,1319.41,592105000
2004/8/31,sh.000001,1342.30,1360.75,1331.76,1342.06,1165273200
2004/9/1,sh.000001,1340.75,1340.77,1319.86,1321.46,624639400
2004/9/2,sh.000001,1319.07,1328.61,1303.19,1327.93,853306800
2004/9/3,sh.000001,1327.81,1333.22,1319.83,1327.12,747210200
2004/9/6,sh.000001,1326.46,1326.87,1315.96,1321.47,578730400
2004/9/7,sh.000001,1321.21,1325.68,1312.31,1324.29,565281300
2004/9/8,sh.000001,1322.84,1323.26,1302.11,1309.33,821318600
2004/9/9,sh.000001,1307.47,1307.47,1281.75,1284.31,808583700
2004/9/10,sh.000001,1281.58,1287.75,1270.94,1287.08,611111300
2004/9/13,sh.000001,1285.32,1285.32,1259.43,1260.32,686224000
2004/9/14,sh.000001,1266.23,1305.73,1266.23,1300.36,1261124700
2004/9/15,sh.000001,1303.29,1374.04,1301.38,1355.23,2931277200
2004/9/16,sh.000001,1364.25,1377.99,1354.20,1371.20,2302492000
2004/9/17,sh.000001,1373.50,1415.64,1368.54,1414.70,3108564000
2004/9/20,sh.000001,1423.97,1463.79,1422.90,1463.22,4188815500
2004/9/21,sh.000001,1466.20,1467.54,1436.51,1448.56,3477648500
2004/9/22,sh.000001,1444.25,1451.41,1414.70,1420.15,3018538200
2004/9/23,sh.000001,1417.39,1464.98,1408.61,1464.78,2235234200
2004/9/24,sh.000001,1475.09,1496.21,1434.31,1435.56,4085530500
2004/9/27,sh.000001,1452.51,1466.40,1419.31,1427.40,1974973800
2004/9/28,sh.000001,1430.22,1438.05,1416.60,1435.59,1412237000
2004/9/29,sh.000001,1436.71,1438.98,1417.83,1420.01,1317954400
2004/9/30,sh.000001,1418.11,1420.05,1390.68,1396.70,1295904900
2004/10/8,sh.000001,1395.67,1423.20,1373.93,1422.93,1381398400
2004/10/11,sh.000001,1424.23,1437.57,1409.22,1413.15,2321482900
2004/10/12,sh.000001,1410.61,1410.61,1380.69,1384.44,1708983700
2004/10/13,sh.000001,1382.36,1393.65,1372.06,1386.72,1428411100
2004/10/14,sh.000001,1386.86,1387.36,1331.13,1332.94,1724777100
2004/10/15,sh.000001,1328.47,1340.12,1312.55,1330.52,1354316800
2004/10/18,sh.000001,1332.52,1341.78,1316.32,1335.39,1011913600
2004/10/19,sh.000001,1339.06,1361.81,1334.47,1337.62,1304036900
2004/10/20,sh.000001,1337.71,1337.72,1311.88,1330.58,1186456100
2004/10/21,sh.000001,1331.22,1340.96,1304.54,1310.55,1643646900
2004/10/22,sh.000001,1310.85,1330.56,1294.04,1329.36,1792506100
2004/10/25,sh.000001,1337.25,1346.88,1308.89,1311.15,1756603300
2004/10/26,sh.000001,1309.62,1325.20,1289.87,1324.78,1706971200
2004/10/27,sh.000001,1326.92,1343.03,1314.87,1342.80,2076824200
2004/10/28,sh.000001,1340.82,1356.63,1336.75,1341.74,1959382900
2004/10/29,sh.000001,1316.60,1337.28,1304.07,1320.54,1790571500
2004/11/1,sh.000001,1317.66,1323.10,1304.29,1305.29,1196191500
2004/11/2,sh.000001,1303.88,1306.28,1290.99,1301.53,1096095500
2004/11/3,sh.000001,1304.58,1327.50,1301.32,1326.75,1328283500
2004/11/4,sh.000001,1328.12,1338.26,1301.36,1304.78,1397438400
2004/11/5,sh.000001,1308.65,1315.94,1298.71,1305.13,999636000
2004/11/8,sh.000001,1303.52,1307.62,1292.91,1304.23,737665600
2004/11/9,sh.000001,1304.37,1313.15,1299.94,1307.43,711164000
2004/11/10,sh.000001,1310.32,1360.71,1302.70,1354.39,2331973800
2004/11/11,sh.000001,1358.65,1379.86,1346.03,1347.07,2742989500
2004/11/12,sh.000001,1346.84,1360.33,1341.12,1352.22,1574410500
2004/11/15,sh.000001,1354.48,1370.62,1354.48,1370.05,1423053500
2004/11/16,sh.000001,1372.58,1376.19,1361.28,1370.39,1416560700
2004/11/17,sh.000001,1370.70,1370.79,1350.52,1356.14,1223426100
2004/11/18,sh.000001,1353.50,1368.06,1352.89,1367.83,1158909500
2004/11/19,sh.000001,1369.81,1380.08,1365.24,1379.96,1410790400
2004/11/22,sh.000001,1381.58,1387.34,1374.41,1383.02,1666743900
2004/11/23,sh.000001,1383.53,1383.79,1368.14,1371.24,1632852000
2004/11/24,sh.000001,1371.32,1380.77,1358.45,1359.13,1635543400
2004/11/25,sh.000001,1358.41,1362.16,1348.41,1358.33,1342533800
2004/11/26,sh.000001,1357.54,1362.49,1354.80,1356.73,1043493300
2004/11/29,sh.000001,1354.58,1354.58,1335.61,1337.43,1008315100
2004/11/30,sh.000001,1336.00,1341.48,1332.29,1340.77,927724500
2004/12/1,sh.000001,1340.92,1342.55,1332.97,1334.94,955342900
2004/12/2,sh.000001,1333.57,1334.06,1324.55,1333.09,1280448300
2004/12/3,sh.000001,1333.01,1343.71,1332.86,1337.20,1350501600
2004/12/6,sh.000001,1337.81,1342.83,1327.38,1339.64,1066478500
2004/12/7,sh.000001,1339.82,1340.88,1322.82,1323.75,1023680500
2004/12/8,sh.000001,1331.28,1337.87,1322.05,1326.44,859335800
2004/12/9,sh.000001,1326.74,1352.46,1318.47,1338.81,1525791100
2004/12/10,sh.000001,1336.63,1340.37,1316.64,1317.72,1107238600
2004/12/13,sh.000001,1312.61,1314.40,1299.80,1309.70,854945300
2004/12/14,sh.000001,1309.07,1315.89,1303.15,1307.55,804598200
2004/12/15,sh.000001,1307.34,1317.82,1291.86,1313.05,1140508900
2004/12/16,sh.000001,1311.03,1317.62,1302.49,1305.02,905880200
2004/12/17,sh.000001,1303.94,1303.94,1288.24,1290.49,766209900
2004/12/20,sh.000001,1286.07,1286.07,1272.15,1275.46,805310700
2004/12/21,sh.000001,1275.09,1285.71,1271.03,1275.17,699952900
2004/12/22,sh.000001,1277.18,1307.73,1275.06,1307.57,1333967500
2004/12/23,sh.000001,1308.58,1308.59,1280.72,1282.72,847608800
2004/12/24,sh.000001,1281.32,1290.66,1280.38,1285.04,718052100
2004/12/27,sh.000001,1285.41,1292.31,1276.73,1280.27,723114900
2004/12/28,sh.000001,1280.93,1283.63,1271.91,1278.94,775821200
2004/12/29,sh.000001,1278.69,1285.55,1270.89,1274.31,871398700
2004/12/30,sh.000001,1273.15,1280.57,1264.15,1273.71,881285700
2004/12/31,sh.000001,1275.39,1280.83,1264.49,1266.50,830394900
2005/1/4,sh.000001,1260.78,1260.78,1238.18,1242.77,816177000
2005/1/5,sh.000001,1241.68,1258.58,1235.75,1251.94,867865100
2005/1/6,sh.000001,1252.49,1252.74,1234.24,1239.43,792225400
2005/1/7,sh.000001,1239.32,1256.31,1235.51,1244.75,894087100
2005/1/10,sh.000001,1243.58,1252.72,1236.09,1252.40,723468300
2005/1/11,sh.000001,1252.71,1260.87,1247.84,1257.46,772557000
2005/1/12,sh.000001,1257.17,1257.19,1246.42,1256.92,676958500
2005/1/13,sh.000001,1255.72,1259.50,1251.02,1256.31,874670700
2005/1/14,sh.000001,1255.87,1268.86,1243.87,1245.62,989832700
2005/1/17,sh.000001,1235.57,1236.40,1214.07,1216.65,1002856500
2005/1/18,sh.000001,1215.78,1226.04,1207.05,1225.45,1019028800
2005/1/19,sh.000001,1225.08,1225.08,1214.64,1218.11,937719500
2005/1/20,sh.000001,1213.37,1213.96,1199.17,1204.39,1031028400
2005/1/21,sh.000001,1201.93,1237.91,1189.21,1234.48,1697008000
2005/1/24,sh.000001,1258.02,1265.95,1239.80,1255.78,1802020700
2005/1/25,sh.000001,1252.35,1254.87,1239.16,1254.23,1181392400
2005/1/26,sh.000001,1252.37,1254.23,1240.13,1241.96,964069100
2005/1/27,sh.000001,1239.58,1241.14,1223.88,1225.89,941282900
2005/1/28,sh.000001,1223.73,1226.30,1208.86,1213.67,817055700
2005/1/31,sh.000001,1210.76,1210.76,1190.17,1191.82,907806200
2005/2/1,sh.000001,1189.50,1203.07,1187.26,1188.93,934022200
2005/2/2,sh.000001,1189.50,1253.16,1189.50,1252.50,1905406200
2005/2/3,sh.000001,1253.81,1269.16,1236.18,1242.31,2041522500
2005/2/4,sh.000001,1238.61,1274.12,1235.64,1269.00,1702829300
2005/2/16,sh.000001,1276.02,1291.47,1270.32,1278.88,1444545500
2005/2/17,sh.000001,1280.03,1280.03,1263.71,1276.13,1121861200
2005/2/18,sh.000001,1275.66,1278.62,1258.56,1258.97,1068805000
2005/2/21,sh.000001,1259.53,1284.94,1259.51,1284.48,1253692200
2005/2/22,sh.000001,1285.63,1312.53,1282.78,1309.28,2260281500
2005/2/23,sh.000001,1309.62,1316.59,1299.15,1309.48,2418912700
2005/2/24,sh.000001,1307.04,1310.97,1296.98,1309.95,2011581500
2005/2/25,sh.000001,1311.37,1328.53,1311.21,1312.45,2406961000
2005/2/28,sh.000001,1311.44,1315.14,1298.93,1306.00,1765143200
2005/3/1,sh.000001,1305.25,1308.76,1295.64,1303.41,1398095200
2005/3/2,sh.000001,1303.31,1316.72,1285.92,1287.45,1862863500
2005/3/3,sh.000001,1285.20,1295.25,1276.88,1294.34,1282360900
2005/3/4,sh.000001,1294.16,1299.60,1286.48,1287.71,1104995800
2005/3/7,sh.000001,1288.41,1296.88,1287.74,1293.74,1076224600
2005/3/8,sh.000001,1298.25,1318.90,1296.91,1318.27,1798439800
2005/3/9,sh.000001,1321.21,1326.08,1310.24,1316.79,2056718700
2005/3/10,sh.000001,1316.90,1316.90,1282.53,1286.23,1789766900
2005/3/11,sh.000001,1284.51,1292.53,1278.15,1289.94,1499671400
2005/3/14,sh.000001,1288.99,1304.11,1271.51,1293.50,1869250200
2005/3/15,sh.000001,1293.13,1293.26,1266.64,1269.14,1564271900
2005/3/16,sh.000001,1267.05,1268.19,1247.89,1255.59,1366337300
2005/3/17,sh.000001,1255.99,1257.79,1242.51,1243.48,1289554300
2005/3/18,sh.000001,1242.45,1248.03,1223.62,1227.40,1245243200
2005/3/21,sh.000001,1226.14,1232.82,1220.82,1231.05,996368700
2005/3/22,sh.000001,1230.68,1231.68,1202.43,1206.92,1465330900
2005/3/23,sh.000001,1205.76,1218.01,1194.32,1201.65,1344060500
2005/3/24,sh.000001,1200.26,1208.61,1187.58,1208.19,1147719000
2005/3/25,sh.000001,1207.20,1211.16,1199.87,1205.63,952758900
2005/3/28,sh.000001,1204.85,1204.85,1185.46,1200.11,902323300
2005/3/29,sh.000001,1199.69,1209.23,1194.59,1195.02,923316000
2005/3/30,sh.000001,1192.45,1192.45,1171.81,1172.57,1138348100
2005/3/31,sh.000001,1168.83,1181.53,1162.03,1181.24,1043779000
2005/4/1,sh.000001,1180.37,1237.80,1173.54,1223.57,1966033200
2005/4/4,sh.000001,1212.12,1218.28,1196.95,1202.97,1379440100
2005/4/5,sh.000001,1200.69,1209.34,1189.26,1191.75,1158268400
2005/4/6,sh.000001,1191.20,1220.42,1183.91,1214.87,1672796600
2005/4/7,sh.000001,1216.73,1248.06,1213.65,1225.49,2427681400
2005/4/8,sh.000001,1225.05,1249.20,1218.76,1248.52,1776899800
2005/4/11,sh.000001,1248.15,1252.81,1235.36,1240.97,1930075700
2005/4/12,sh.000001,1239.13,1239.13,1218.51,1219.51,1307588100
2005/4/13,sh.000001,1228.97,1254.32,1228.97,1248.20,1954707100
2005/4/14,sh.000001,1252.21,1253.60,1233.24,1234.33,1561619800
2005/4/15,sh.000001,1229.68,1229.68,1213.20,1216.96,1426229800
2005/4/18,sh.000001,1212.39,1212.39,1190.98,1197.74,1167117600
2005/4/19,sh.000001,1196.28,1202.49,1191.23,1199.90,1095012600
2005/4/20,sh.000001,1198.96,1198.96,1178.64,1184.19,1118298400
2005/4/21,sh.000001,1182.21,1190.54,1167.99,1172.56,1326684400
2005/4/22,sh.000001,1171.03,1177.89,1163.40,1169.19,1357836300
2005/4/25,sh.000001,1166.34,1166.34,1146.41,1157.97,1354764800
2005/4/26,sh.000001,1155.64,1169.15,1151.64,1165.34,1397414100
2005/4/27,sh.000001,1165.10,1166.20,1148.14,1148.76,1361286500
2005/4/28,sh.000001,1145.75,1172.71,1135.73,1169.12,1741974300
2005/4/29,sh.000001,1168.33,1170.20,1155.99,1159.15,1410569600
2005/5/9,sh.000001,1160.62,1165.39,1130.41,1130.84,1086935000
2005/5/10,sh.000001,1126.82,1135.80,1108.42,1135.56,1316415400
2005/5/11,sh.000001,1134.60,1140.17,1121.87,1124.27,1099556900
2005/5/12,sh.000001,1122.18,1122.92,1099.84,1103.99,1235588300
2005/5/13,sh.000001,1101.61,1120.17,1093.28,1107.63,1347494700
2005/5/16,sh.000001,1105.40,1105.40,1082.14,1095.47,1022775900
2005/5/17,sh.000001,1091.26,1108.18,1083.94,1099.64,1156872700
2005/5/18,sh.000001,1099.74,1108.84,1090.30,1102.97,1037840800
2005/5/19,sh.000001,1101.75,1107.23,1083.12,1103.48,1065816600
2005/5/20,sh.000001,1100.49,1108.61,1094.67,1099.27,958404100
2005/5/23,sh.000001,1095.31,1095.31,1069.44,1070.84,953394500
2005/5/24,sh.000001,1066.00,1078.10,1057.54,1073.85,1102945400
2005/5/25,sh.000001,1072.52,1082.18,1064.88,1072.14,980759700
2005/5/26,sh.000001,1071.21,1077.44,1055.82,1058.87,949855600
2005/5/27,sh.000001,1056.32,1068.21,1050.06,1051.95,1014625100
2005/5/30,sh.000001,1049.72,1063.95,1043.28,1060.16,859981600
2005/5/31,sh.000001,1061.61,1070.50,1057.75,1060.74,923922400
2005/6/1,sh.000001,1059.61,1063.52,1035.71,1039.19,1006249000
2005/6/2,sh.000001,1036.73,1036.73,1008.75,1016.06,1146555600
2005/6/3,sh.000001,1013.90,1019.92,1000.52,1013.64,1001626800
2005/6/6,sh.000001,1010.38,1034.85,998.23,1034.38,1104359900
2005/6/7,sh.000001,1036.62,1055.63,1029.54,1030.94,1570305300
2005/6/8,sh.000001,1044.18,1118.69,1040.16,1115.58,4028285200
2005/6/9,sh.000001,1118.81,1146.42,1103.68,1131.05,4069092800
2005/6/10,sh.000001,1130.55,1130.55,1101.83,1108.29,2841080100
2005/6/13,sh.000001,1105.96,1112.10,1085.87,1106.29,1920377900
2005/6/14,sh.000001,1108.34,1119.68,1092.40,1093.46,1836825500
2005/6/15,sh.000001,1090.46,1090.46,1070.07,1072.84,1526763300
2005/6/16,sh.000001,1071.77,1086.35,1064.03,1086.01,1448308300
2005/6/17,sh.000001,1090.11,1094.67,1079.08,1085.61,1675256200
2005/6/20,sh.000001,1087.85,1115.86,1073.41,1115.62,2146861900
2005/6/21,sh.000001,1115.67,1115.67,1098.90,1101.49,1547809000
2005/6/22,sh.000001,1098.96,1103.25,1090.75,1102.03,1235145300
2005/6/23,sh.000001,1100.56,1106.75,1092.48,1093.70,1148488600
2005/6/24,sh.000001,1091.99,1102.23,1087.69,1101.88,1112107500
2005/6/27,sh.000001,1108.47,1129.96,1108.47,1124.64,2184238100
2005/6/28,sh.000001,1120.95,1120.95,1105.34,1108.59,1345843100
2005/6/29,sh.000001,1111.67,1113.52,1103.91,1104.99,1346937900
2005/6/30,sh.000001,1103.48,1103.48,1078.10,1080.94,1378595900
2005/7/1,sh.000001,1077.31,1077.31,1053.63,1055.59,1359781400
2005/7/4,sh.000001,1050.24,1050.24,1030.18,1047.28,1227595800
2005/7/5,sh.000001,1043.88,1047.82,1032.52,1039.04,1049488500
2005/7/6,sh.000001,1040.70,1044.78,1028.22,1033.55,919642800
2005/7/7,sh.000001,1033.22,1044.05,1030.50,1038.60,857042600
2005/7/8,sh.000001,1036.41,1036.41,1015.40,1017.98,1033736700
2005/7/11,sh.000001,1026.79,1043.21,1009.04,1011.50,1133036100
2005/7/12,sh.000001,1007.90,1048.92,1004.08,1046.16,1845780500
2005/7/13,sh.000001,1044.58,1045.94,1033.81,1037.39,1282197400
2005/7/14,sh.000001,1035.53,1049.88,1033.17,1040.42,1257109300
2005/7/15,sh.000001,1039.61,1046.36,1021.99,1026.12,1275051400
2005/7/18,sh.000001,1023.38,1023.38,1008.52,1012.10,1096484200
2005/7/19,sh.000001,1011.01,1020.68,1004.66,1014.36,988231600
2005/7/20,sh.000001,1013.98,1025.10,1008.68,1021.05,1056855900
2005/7/21,sh.000001,1020.69,1022.04,1009.99,1020.63,1114036000
2005/7/22,sh.000001,1026.13,1054.64,1024.00,1046.32,2548834900
2005/7/25,sh.000001,1045.27,1048.97,1040.59,1045.40,1413410800
2005/7/26,sh.000001,1046.54,1078.06,1046.54,1072.81,2557751000
2005/7/27,sh.000001,1072.56,1090.19,1068.50,1089.91,2381234800
2005/7/28,sh.000001,1090.11,1097.63,1083.36,1086.55,2469584700
2005/7/29,sh.000001,1084.97,1088.48,1077.12,1083.03,1768394400
2005/8/1,sh.000001,1082.80,1094.15,1081.12,1088.95,1473155100
2005/8/2,sh.000001,1089.53,1104.04,1084.80,1104.04,1901501900
2005/8/3,sh.000001,1106.32,1120.68,1103.90,1107.70,3143645400
2005/8/4,sh.000001,1104.91,1108.16,1099.13,1102.59,1943679800
2005/8/5,sh.000001,1102.62,1129.07,1102.60,1128.74,2709606900
2005/8/8,sh.000001,1131.80,1146.73,1131.80,1138.88,3023752600
2005/8/9,sh.000001,1139.12,1152.94,1130.59,1152.53,2715409100
2005/8/10,sh.000001,1153.21,1165.13,1144.95,1165.03,3142711500
2005/8/11,sh.000001,1165.44,1184.26,1164.10,1183.58,3696703700
2005/8/12,sh.000001,1185.27,1192.05,1161.79,1167.92,4047875500
2005/8/15,sh.000001,1167.03,1187.80,1163.85,1187.01,3031951900
2005/8/16,sh.000001,1188.02,1192.92,1170.11,1177.28,3315537900
2005/8/17,sh.000001,1175.18,1193.57,1160.08,1192.83,3230734100
2005/8/18,sh.000001,1194.44,1201.76,1146.56,1148.04,4920149600
2005/8/19,sh.000001,1144.46,1157.37,1132.87,1150.18,3150118500
2005/8/22,sh.000001,1148.97,1162.04,1142.68,1158.60,2403319800
2005/8/23,sh.000001,1158.83,1159.63,1139.24,1149.96,2184070800
2005/8/24,sh.000001,1151.45,1171.43,1151.45,1167.14,2267410900
2005/8/25,sh.000001,1168.00,1172.69,1157.18,1172.48,2423209800
2005/8/26,sh.000001,1173.01,1174.54,1163.99,1171.86,2429635600
2005/8/29,sh.000001,1172.00,1172.01,1147.93,1154.43,2433319500
2005/8/30,sh.000001,1151.62,1153.77,1145.27,1146.39,1855186200
2005/8/31,sh.000001,1145.81,1163.52,1140.10,1162.80,2167609900
2005/9/1,sh.000001,1163.70,1185.76,1160.05,1184.93,3383047500
2005/9/2,sh.000001,1187.06,1188.91,1179.11,1188.85,2892049000
2005/9/5,sh.000001,1189.07,1196.87,1184.01,1196.22,2670006600
2005/9/6,sh.000001,1197.23,1201.82,1172.06,1173.32,3368527300
2005/9/7,sh.000001,1170.77,1194.59,1168.58,1194.31,2860285100
2005/9/8,sh.000001,1196.27,1201.46,1184.79,1194.41,3052805600
2005/9/9,sh.000001,1194.50,1204.46,1184.42,1189.63,2215574600
2005/9/12,sh.000001,1189.75,1191.93,1181.43,1188.21,1709668900
2005/9/13,sh.000001,1188.25,1207.40,1186.22,1207.16,2591370500
2005/9/14,sh.000001,1209.27,1217.41,1204.55,1217.26,3224376100
2005/9/15,sh.000001,1217.52,1218.94,1210.72,1217.28,2721749200
2005/9/16,sh.000001,1217.42,1217.76,1208.56,1212.95,2239722500
2005/9/19,sh.000001,1213.49,1220.97,1210.19,1220.63,2465689300
2005/9/20,sh.000001,1222.26,1223.57,1204.87,1212.62,3230069200
2005/9/21,sh.000001,1210.85,1210.85,1186.98,1187.99,3179946400
2005/9/22,sh.000001,1185.69,1185.69,1147.19,1159.96,2860227400
2005/9/23,sh.000001,1157.30,1164.60,1149.75,1151.98,1877439400
2005/9/26,sh.000001,1150.93,1155.60,1147.27,1155.04,1453813300
2005/9/27,sh.000001,1155.05,1157.80,1132.53,1133.24,1809362900
2005/9/28,sh.000001,1131.32,1142.49,1129.05,1131.77,1475154300
2005/9/29,sh.000001,1134.44,1155.78,1134.44,1155.49,1853699200
2005/9/30,sh.000001,1156.77,1158.70,1150.63,1155.61,1449348100
2005/10/10,sh.000001,1153.67,1153.67,1137.29,1138.95,1172006500
2005/10/11,sh.000001,1137.95,1157.30,1133.90,1157.19,1342656000
2005/10/12,sh.000001,1157.49,1165.67,1152.25,1161.85,1846723100
2005/10/13,sh.000001,1162.02,1165.36,1152.09,1152.61,1690523900
2005/10/14,sh.000001,1152.37,1154.32,1135.51,1139.55,1514599900
2005/10/17,sh.000001,1138.38,1138.38,1121.97,1131.38,1513523800
2005/10/18,sh.000001,1131.26,1142.04,1129.67,1141.20,1892809000
2005/10/19,sh.000001,1141.05,1150.59,1132.48,1134.61,1890839900
2005/10/20,sh.000001,1133.45,1136.31,1119.38,1135.95,1737181700
2005/10/21,sh.000001,1135.61,1145.99,1132.36,1141.32,1801115400
2005/10/24,sh.000001,1141.33,1143.46,1133.92,1141.17,1727591300
2005/10/25,sh.000001,1140.17,1140.17,1121.29,1121.92,1692991400
2005/10/26,sh.000001,1119.43,1119.43,1094.57,1097.16,1921183500
2005/10/27,sh.000001,1093.93,1101.27,1087.48,1097.78,1720374200
2005/10/28,sh.000001,1097.59,1102.02,1067.41,1080.87,1797392900
2005/10/31,sh.000001,1079.04,1096.15,1078.29,1092.82,1483514200
2005/11/1,sh.000001,1091.68,1094.15,1074.30,1089.95,1398550100
2005/11/2,sh.000001,1090.00,1108.88,1090.00,1104.79,1876477900
2005/11/3,sh.000001,1104.59,1111.44,1090.82,1095.27,1686269400
2005/11/4,sh.000001,1094.26,1100.43,1087.85,1100.05,1278313800
2005/11/7,sh.000001,1099.53,1100.95,1089.83,1100.65,1208227900
2005/11/8,sh.000001,1099.94,1111.12,1092.54,1110.15,1531116400
2005/11/9,sh.000001,1110.55,1117.06,1107.64,1108.15,1672545300
2005/11/10,sh.000001,1106.94,1106.94,1086.10,1088.30,1615598500
2005/11/11,sh.000001,1085.69,1094.31,1078.58,1090.20,1256003200
2005/11/14,sh.000001,1089.56,1089.71,1083.02,1088.65,920268800
2005/11/15,sh.000001,1088.51,1099.03,1082.51,1087.51,1221575300
2005/11/16,sh.000001,1086.83,1096.30,1075.43,1095.89,1260864600
2005/11/17,sh.000001,1094.88,1098.68,1090.36,1095.31,1196180200
2005/11/18,sh.000001,1095.52,1122.61,1093.53,1117.00,2248062900
2005/11/21,sh.000001,1117.78,1122.88,1114.24,1119.94,1554390600
2005/11/22,sh.000001,1119.69,1119.69,1098.50,1098.66,1464680500
2005/11/23,sh.000001,1096.56,1106.48,1093.95,1105.75,1260191900
2005/11/24,sh.000001,1105.34,1117.94,1103.76,1113.37,1714095800
2005/11/25,sh.000001,1113.28,1115.08,1107.21,1114.92,1550915000
2005/11/28,sh.000001,1113.83,1119.35,1106.94,1110.82,1285240800
2005/11/29,sh.000001,1109.57,1110.31,1095.34,1096.99,1187993800
2005/11/30,sh.000001,1095.30,1099.58,1090.72,1099.26,1087597500
2005/12/1,sh.000001,1098.78,1104.56,1094.44,1098.75,893211900
2005/12/2,sh.000001,1099.76,1102.76,1089.56,1094.29,1063697400
2005/12/5,sh.000001,1093.10,1093.10,1077.41,1079.20,1122496500
2005/12/6,sh.000001,1077.58,1089.59,1074.01,1087.79,1105274500
2005/12/7,sh.000001,1087.74,1100.05,1086.73,1099.62,1038938300
2005/12/8,sh.000001,1100.69,1106.34,1092.99,1098.32,1039870900
2005/12/9,sh.000001,1097.52,1114.58,1094.74,1113.48,1348701000
2005/12/12,sh.000001,1115.75,1118.53,1109.08,1116.37,1194463700
2005/12/13,sh.000001,1115.77,1119.42,1106.75,1117.85,1137609200
2005/12/14,sh.000001,1117.47,1127.63,1110.21,1125.39,1502212400
2005/12/15,sh.000001,1125.67,1134.85,1121.56,1123.56,1682425900
2005/12/16,sh.000001,1122.73,1127.94,1118.94,1127.51,1261077700
2005/12/19,sh.000001,1127.84,1134.50,1123.50,1131.75,1222867800
2005/12/20,sh.000001,1131.80,1136.39,1126.99,1136.34,1171271000
2005/12/21,sh.000001,1135.98,1142.39,1128.94,1130.76,1229232200
2005/12/22,sh.000001,1129.56,1136.00,1125.95,1135.24,1112153900
2005/12/23,sh.000001,1135.71,1144.94,1135.07,1144.87,1447255300
2005/12/26,sh.000001,1145.77,1159.78,1145.34,1156.82,1865313300
2005/12/27,sh.000001,1157.49,1158.16,1149.85,1154.29,1567388300
2005/12/28,sh.000001,1155.12,1157.20,1149.27,1157.03,1468028600
2005/12/29,sh.000001,1157.51,1169.87,1157.51,1169.86,2180339900
2005/12/30,sh.000001,1171.58,1173.06,1158.97,1161.06,2002793400
2006/1/4,sh.000001,1163.88,1181.00,1161.91,1180.96,2325854200
2006/1/5,sh.000001,1183.31,1197.84,1180.45,1197.27,2948447900
2006/1/6,sh.000001,1198.81,1215.54,1191.61,1209.42,3434285600
2006/1/9,sh.000001,1210.32,1217.31,1205.25,1215.67,2870665700
2006/1/10,sh.000001,1215.85,1220.76,1203.65,1220.62,2679454700
2006/1/11,sh.000001,1219.81,1223.56,1204.04,1211.05,3063146400
2006/1/12,sh.000001,1208.77,1227.30,1205.28,1226.70,2701891600
2006/1/13,sh.000001,1228.16,1231.22,1214.88,1221.46,2770857800
2006/1/16,sh.000001,1221.11,1221.39,1202.59,1202.87,2527431800
2006/1/17,sh.000001,1200.26,1209.02,1198.84,1208.44,1972646200
2006/1/18,sh.000001,1207.53,1234.53,1206.36,1233.35,2666785400
2006/1/19,sh.000001,1235.08,1251.96,1230.85,1251.58,3361774900
2006/1/20,sh.000001,1251.41,1258.70,1247.21,1255.31,3320392300
2006/1/23,sh.000001,1254.78,1257.35,1244.27,1255.77,2902866000
2006/1/24,sh.000001,1256.01,1262.09,1247.01,1252.06,2967142100
2006/1/25,sh.000001,1251.27,1260.17,1245.92,1258.05,2655866000
2006/2/6,sh.000001,1263.00,1287.67,1263.00,1287.63,2917750700
2006/2/7,sh.000001,1289.45,1297.40,1270.40,1282.10,3840474100
2006/2/8,sh.000001,1282.12,1291.74,1276.02,1290.06,3285729900
2006/2/9,sh.000001,1288.97,1288.97,1266.81,1269.45,2907909100
2006/2/10,sh.000001,1269.54,1284.10,1266.23,1282.66,2631421100
2006/2/13,sh.000001,1283.78,1284.95,1267.56,1279.64,2613177200
2006/2/14,sh.000001,1279.63,1286.42,1275.85,1286.33,2254170400
2006/2/15,sh.000001,1289.14,1301.00,1288.64,1299.17,3014790400
2006/2/16,sh.000001,1298.50,1298.50,1268.56,1270.63,3235260700
2006/2/17,sh.000001,1269.40,1280.04,1265.14,1267.41,2590306700
2006/2/20,sh.000001,1268.11,1279.42,1265.38,1267.54,2154279700
2006/2/21,sh.000001,1266.65,1288.55,1256.81,1288.42,2665902100
2006/2/22,sh.000001,1288.85,1297.94,1282.91,1284.23,2851784100
2006/2/23,sh.000001,1284.13,1289.94,1273.94,1288.85,2287504700
2006/2/24,sh.000001,1289.43,1297.34,1286.96,1296.87,2357814800
2006/2/27,sh.000001,1297.69,1304.61,1293.47,1297.19,2681978500
2006/2/28,sh.000001,1294.81,1299.47,1277.74,1299.03,2364742200
2006/3/1,sh.000001,1299.15,1308.20,1297.76,1306.59,2364067400
2006/3/2,sh.000001,1306.59,1307.64,1281.57,1285.67,2844572900
2006/3/3,sh.000001,1284.61,1295.41,1275.62,1293.30,2492545800
2006/3/6,sh.000001,1292.75,1296.85,1286.64,1288.96,2032958200
2006/3/7,sh.000001,1288.26,1288.26,1257.54,1259.92,2265339500
2006/3/8,sh.000001,1256.69,1258.24,1238.16,1250.38,1984157400
2006/3/9,sh.000001,1247.46,1253.76,1242.68,1245.17,1538593400
2006/3/10,sh.000001,1245.19,1253.91,1240.75,1245.65,1409562600
2006/3/13,sh.000001,1245.30,1260.07,1245.30,1259.67,1377515300
2006/3/14,sh.000001,1260.42,1262.75,1250.28,1259.04,1487571200
2006/3/15,sh.000001,1259.23,1275.52,1258.15,1274.81,1845126900
2006/3/16,sh.000001,1274.62,1277.19,1270.83,1274.19,1832269900
2006/3/17,sh.000001,1273.01,1276.63,1265.61,1269.46,1875480400
2006/3/20,sh.000001,1269.58,1288.97,1264.41,1288.42,2029717400
2006/3/21,sh.000001,1288.56,1297.61,1285.43,1290.40,2434568700
2006/3/22,sh.000001,1289.46,1296.91,1281.13,1296.71,2233009000
2006/3/23,sh.000001,1296.19,1302.79,1289.53,1302.46,2546540800
2006/3/24,sh.000001,1302.14,1308.06,1293.30,1294.70,2442393600
2006/3/27,sh.000001,1296.07,1296.59,1283.68,1295.92,2061324600
2006/3/28,sh.000001,1295.76,1302.65,1293.00,1298.79,2501182600
2006/3/29,sh.000001,1299.38,1313.13,1296.59,1305.57,3415223600
2006/3/30,sh.000001,1305.84,1308.50,1293.83,1294.72,2603882700
2006/3/31,sh.000001,1291.52,1298.75,1285.74,1298.30,2663685800
2006/4/3,sh.000001,1298.68,1319.49,1298.68,1319.47,3280466900
2006/4/4,sh.000001,1319.84,1330.11,1315.33,1329.80,3713405000
2006/4/5,sh.000001,1330.56,1341.50,1326.53,1340.16,3776319800
2006/4/6,sh.000001,1341.74,1348.52,1336.14,1339.74,4171507500
2006/4/7,sh.000001,1340.65,1345.29,1330.51,1342.97,4066605500
2006/4/10,sh.000001,1344.24,1359.41,1339.52,1359.08,4141542800
2006/4/11,sh.000001,1360.98,1366.52,1350.32,1362.23,4387040800
2006/4/12,sh.000001,1361.74,1364.69,1355.66,1360.13,3712907200
2006/4/13,sh.000001,1359.28,1364.32,1331.68,1332.33,4129905500
2006/4/14,sh.000001,1330.10,1360.09,1328.44,1359.54,3787121900
2006/4/17,sh.000001,1360.64,1383.65,1353.40,1378.61,4221976100
2006/4/18,sh.000001,1379.81,1391.38,1370.15,1385.11,3678518100
2006/4/19,sh.000001,1389.13,1399.55,1378.80,1396.70,4057816300
2006/4/20,sh.000001,1398.10,1404.19,1376.96,1385.90,4330328800
2006/4/21,sh.000001,1385.92,1419.89,1383.45,1416.79,4556910300
2006/4/24,sh.000001,1423.41,1429.06,1402.27,1409.79,5201580300
2006/4/25,sh.000001,1405.90,1409.27,1386.13,1399.77,4324883600
2006/4/26,sh.000001,1399.07,1426.63,1397.35,1417.48,4841064900
2006/4/27,sh.000001,1418.90,1424.47,1407.14,1416.73,3760844400
2006/4/28,sh.000001,1403.52,1444.71,1389.35,1440.22,4456204300
2006/5/8,sh.000001,1446.99,1497.20,1446.99,1497.10,5162065500
2006/5/9,sh.000001,1503.24,1532.75,1497.99,1531.16,6468390400
2006/5/10,sh.000001,1537.56,1554.03,1518.34,1545.69,6271709600
2006/5/11,sh.000001,1547.56,1583.76,1536.29,1537.38,7321833500
2006/5/12,sh.000001,1532.88,1603.21,1531.23,1602.83,6839375200
2006/5/15,sh.000001,1616.26,1664.94,1606.57,1664.09,8772527000
2006/5/16,sh.000001,1658.69,1678.60,1604.78,1613.25,8827504000
2006/5/17,sh.000001,1613.23,1640.70,1592.19,1625.15,7098053400
2006/5/18,sh.000001,1611.66,1630.07,1582.96,1617.28,6058510700
2006/5/19,sh.000001,1620.21,1664.61,1610.04,1659.55,7708629100
2006/5/22,sh.000001,1656.75,1674.22,1646.68,1657.69,7725887300
2006/5/23,sh.000001,1647.96,1648.53,1597.10,1604.55,6990014500
2006/5/24,sh.000001,1609.74,1634.59,1562.39,1590.92,5727043200
2006/5/25,sh.000001,1585.47,1598.56,1563.86,1591.43,4104937200
2006/5/26,sh.000001,1596.57,1614.55,1593.09,1613.89,4372253200
2006/5/29,sh.000001,1622.11,1648.84,1609.01,1648.54,5171516800
2006/5/30,sh.000001,1654.98,1663.93,1634.90,1657.29,5308773300
2006/5/31,sh.000001,1656.28,1667.23,1628.68,1641.30,5701597900
2006/6/1,sh.000001,1639.67,1684.71,1635.75,1684.20,6784386400
2006/6/2,sh.000001,1688.78,1695.58,1659.14,1669.40,7814469100
2006/6/5,sh.000001,1669.24,1685.29,1639.68,1684.62,6729777100
2006/6/6,sh.000001,1681.22,1692.83,1672.81,1679.13,5842296000
2006/6/7,sh.000001,1678.24,1678.24,1588.97,1589.55,6508531600
2006/6/8,sh.000001,1576.44,1596.12,1540.93,1591.49,5457687300
2006/6/9,sh.000001,1583.96,1594.44,1550.20,1551.38,4700391700
2006/6/12,sh.000001,1540.22,1566.45,1529.50,1552.80,3149627400
2006/6/13,sh.000001,1552.10,1570.10,1532.06,1548.50,3245068300
2006/6/14,sh.000001,1540.64,1540.64,1512.52,1531.33,3243810300
2006/6/15,sh.000001,1531.25,1551.30,1528.23,1533.98,2847339800
2006/6/16,sh.000001,1540.19,1574.48,1540.19,1574.47,3357261200
2006/6/19,sh.000001,1559.99,1591.85,1544.93,1586.29,3556204700
2006/6/20,sh.000001,1583.87,1592.83,1572.58,1592.33,3553711100
2006/6/21,sh.000001,1590.61,1617.71,1570.08,1598.12,3970588000
2006/6/22,sh.000001,1593.10,1605.25,1587.80,1596.07,3246588800
2006/6/23,sh.000001,1594.50,1608.11,1582.02,1605.71,3502677800
2006/6/26,sh.000001,1607.79,1635.80,1607.79,1633.45,3949925000
2006/6/27,sh.000001,1636.70,1642.57,1627.59,1639.55,3645178400
2006/6/28,sh.000001,1638.23,1642.35,1627.07,1639.29,3322060100
2006/6/29,sh.000001,1641.93,1672.10,1641.93,1671.62,5179902800
2006/6/30,sh.000001,1679.72,1690.95,1662.28,1672.21,4983707600
2006/7/3,sh.000001,1677.31,1697.83,1670.02,1697.28,4863659200
2006/7/4,sh.000001,1700.32,1702.66,1670.13,1681.55,5431649200
2006/7/5,sh.000001,1755.22,1757.47,1703.59,1718.56,6072080600
2006/7/6,sh.000001,1715.28,1742.20,1711.65,1741.47,5006266900
2006/7/7,sh.000001,1746.52,1750.03,1724.68,1730.19,4943012700
2006/7/10,sh.000001,1730.70,1737.03,1715.83,1734.33,3904952600
2006/7/11,sh.000001,1736.99,1746.72,1725.23,1745.81,4008545000
2006/7/12,sh.000001,1745.88,1753.28,1738.00,1740.00,4878589100
2006/7/13,sh.000001,1736.21,1737.60,1654.49,1655.77,6747158900
2006/7/14,sh.000001,1641.14,1676.75,1633.90,1665.21,4158780400
2006/7/17,sh.000001,1662.05,1684.34,1653.60,1682.89,3220393300
2006/7/18,sh.000001,1682.36,1684.67,1666.31,1684.25,3140535400
2006/7/19,sh.000001,1681.77,1681.77,1637.49,1645.16,3505983000
2006/7/20,sh.000001,1642.62,1658.05,1636.26,1655.12,2866119700
2006/7/21,sh.000001,1653.81,1669.29,1653.51,1665.33,2996048900
2006/7/24,sh.000001,1648.75,1667.62,1632.69,1665.94,3118400800
2006/7/25,sh.000001,1668.14,1690.61,1668.14,1685.46,3423780100
2006/7/26,sh.000001,1688.54,1691.43,1675.66,1686.65,3116723100
2006/7/27,sh.000001,1685.35,1701.61,1665.39,1675.17,3620183100
2006/7/28,sh.000001,1674.43,1678.53,1646.35,1662.03,3326896800
2006/7/31,sh.000001,1659.54,1659.54,1611.16,1612.73,3365448600
2006/8/1,sh.000001,1619.64,1625.04,1596.66,1600.61,3231066000
2006/8/2,sh.000001,1598.76,1608.78,1577.90,1600.87,2786576300
2006/8/3,sh.000001,1599.75,1609.43,1587.12,1601.06,2082229300
2006/8/4,sh.000001,1601.61,1612.10,1567.25,1570.15,2586705400
2006/8/7,sh.000001,1561.80,1570.05,1541.41,1547.44,2409920600
2006/8/8,sh.000001,1547.91,1581.75,1547.91,1580.58,2338299800
2006/8/9,sh.000001,1581.80,1585.17,1571.71,1578.57,2163603600
2006/8/10,sh.000001,1578.35,1606.94,1577.86,1606.07,2632313600
2006/8/11,sh.000001,1605.60,1610.76,1596.22,1605.93,2345146700
2006/8/14,sh.000001,1605.20,1611.66,1566.72,1570.74,2565505000
2006/8/15,sh.000001,1568.27,1596.65,1564.40,1595.66,2025921400
2006/8/16,sh.000001,1596.06,1616.45,1591.86,1616.41,2856399800
2006/8/17,sh.000001,1612.41,1612.41,1592.85,1603.33,2339190400
2006/8/18,sh.000001,1601.57,1614.37,1596.56,1598.02,2397424800
2006/8/21,sh.000001,1565.46,1602.13,1558.10,1601.15,2337431800
2006/8/22,sh.000001,1601.52,1619.07,1598.78,1613.36,2670121100
2006/8/23,sh.000001,1614.39,1621.40,1608.74,1612.40,2721290700
2006/8/24,sh.000001,1612.70,1623.17,1601.89,1623.02,2506129700
2006/8/25,sh.000001,1622.48,1630.05,1619.74,1623.03,2782161400
2006/8/28,sh.000001,1627.12,1651.29,1624.28,1650.44,3934124300
2006/8/29,sh.000001,1652.67,1667.53,1649.59,1651.02,4805041100
2006/8/30,sh.000001,1648.35,1656.23,1640.28,1655.20,3144285800
2006/8/31,sh.000001,1655.90,1661.47,1650.00,1658.64,3513501600
2006/9/1,sh.000001,1658.66,1660.52,1634.03,1636.69,3595457500
2006/9/4,sh.000001,1635.33,1657.69,1635.12,1657.52,3309342600
2006/9/5,sh.000001,1659.74,1669.90,1657.05,1664.08,4053349300
2006/9/6,sh.000001,1665.13,1672.26,1656.86,1672.12,3357962300
2006/9/7,sh.000001,1683.78,1683.89,1655.41,1661.19,3152275400
2006/9/8,sh.000001,1659.70,1671.31,1658.67,1667.98,2655202800
2006/9/11,sh.000001,1668.16,1675.09,1653.01,1674.97,3059052900
2006/9/12,sh.000001,1675.20,1699.59,1673.44,1695.86,3739045300
2006/9/13,sh.000001,1695.35,1713.99,1687.05,1689.39,4304569100
2006/9/14,sh.000001,1689.63,1696.62,1672.88,1689.69,3388825800
2006/9/15,sh.000001,1689.61,1722.66,1689.51,1721.05,4703230700
2006/9/18,sh.000001,1727.92,1733.41,1719.16,1732.99,4484006200
2006/9/19,sh.000001,1735.30,1743.02,1728.29,1735.24,4345533000
2006/9/20,sh.000001,1733.64,1737.73,1720.84,1732.45,3883657100
2006/9/21,sh.000001,1731.59,1743.63,1731.22,1740.90,3953314600
2006/9/22,sh.000001,1744.61,1746.62,1724.10,1725.36,4477782800
2006/9/25,sh.000001,1722.74,1732.28,1709.77,1722.37,4016809300
2006/9/26,sh.000001,1720.78,1721.58,1704.77,1712.64,3313453000
2006/9/27,sh.000001,1711.51,1725.50,1709.77,1725.04,2924715800
2006/9/28,sh.000001,1725.52,1740.79,1722.22,1736.96,3397985800
2006/9/29,sh.000001,1740.06,1755.69,1740.06,1752.42,4123628500
2006/10/9,sh.000001,1768.14,1786.11,1763.11,1785.39,5293514300
2006/10/10,sh.000001,1784.22,1793.14,1771.86,1784.86,5513649300
2006/10/11,sh.000001,1784.52,1792.76,1771.02,1790.10,4928388200
2006/10/12,sh.000001,1790.63,1792.24,1774.14,1778.18,5316904600
2006/10/13,sh.000001,1776.51,1792.87,1773.23,1784.66,4253984200
2006/10/16,sh.000001,1787.70,1789.18,1766.31,1771.30,4676616000
2006/10/17,sh.000001,1768.63,1777.60,1758.31,1763.90,3926234400
2006/10/18,sh.000001,1762.40,1787.74,1760.88,1787.19,3681056300
2006/10/19,sh.000001,1788.58,1799.29,1784.35,1792.25,4149060700
2006/10/20,sh.000001,1792.60,1801.33,1786.34,1790.36,4146159900
2006/10/23,sh.000001,1789.65,1797.43,1753.49,1759.39,4444108500
2006/10/24,sh.000001,1756.46,1805.27,1756.46,1805.18,3991120600
2006/10/25,sh.000001,1807.03,1825.61,1789.91,1806.65,4451225900
2006/10/26,sh.000001,1804.89,1816.76,1791.95,1810.65,4873708200
2006/10/27,sh.000001,1836.21,1842.73,1803.22,1807.18,7374892300
2006/10/30,sh.000001,1804.37,1815.61,1788.29,1809.66,4533594400
2006/10/31,sh.000001,1811.47,1839.32,1811.47,1837.99,4655713500
2006/11/1,sh.000001,1838.68,1855.89,1833.20,1855.71,4778352600
2006/11/2,sh.000001,1856.92,1857.15,1834.84,1851.31,5174172500
2006/11/3,sh.000001,1851.40,1873.66,1850.15,1866.36,4986072000
2006/11/6,sh.000001,1853.19,1886.52,1846.01,1886.31,4954451700
2006/11/7,sh.000001,1889.53,1897.41,1862.93,1889.53,5484907400
2006/11/8,sh.000001,1885.86,1886.26,1865.22,1866.82,3777045400
2006/11/9,sh.000001,1860.95,1899.10,1858.60,1896.48,4409618200
2006/11/10,sh.000001,1896.93,1920.18,1870.96,1883.35,6280942700
2006/11/13,sh.000001,1878.70,1905.90,1852.10,1863.77,5001672900
2006/11/14,sh.000001,1868.17,1888.43,1841.82,1888.24,4318802800
2006/11/15,sh.000001,1888.54,1923.14,1878.70,1922.94,4668244100
2006/11/16,sh.000001,1930.93,1976.05,1926.72,1941.55,6398356600
2006/11/17,sh.000001,1934.64,1972.61,1925.15,1971.79,4941874000
2006/11/20,sh.000001,1977.53,2018.00,1977.53,2017.28,5914690100
2006/11/21,sh.000001,2013.07,2037.74,1988.93,2037.55,5389407600
2006/11/22,sh.000001,2031.30,2062.80,2010.79,2041.36,6488166900
2006/11/23,sh.000001,2045.08,2071.24,2042.15,2062.36,6072194500
2006/11/24,sh.000001,2051.47,2057.91,2022.63,2050.81,6123208000
2006/11/27,sh.000001,2042.19,2049.54,2022.38,2047.28,5784003100
2006/11/28,sh.000001,2042.38,2051.49,2016.47,2038.72,5507063800
2006/11/29,sh.000001,2005.99,2059.73,1992.54,2054.09,5600228000
2006/11/30,sh.000001,2058.77,2102.06,2058.77,2099.29,7277973100
2006/12/1,sh.000001,2106.30,2112.58,2087.60,2102.05,7617896400
2006/12/4,sh.000001,2103.82,2164.59,2100.56,2161.65,8723279000
2006/12/5,sh.000001,2167.36,2195.53,2159.32,2173.29,8815717100
2006/12/6,sh.000001,2175.38,2192.90,2097.42,2156.60,10434780700
2006/12/7,sh.000001,2152.59,2206.51,2145.79,2156.75,9927876600
2006/12/8,sh.000001,2133.36,2164.02,2090.40,2093.64,8088971900
2006/12/11,sh.000001,2085.06,2181.16,2084.27,2180.50,6267601700
2006/12/12,sh.000001,2189.69,2228.64,2180.37,2218.95,7019177600
2006/12/13,sh.000001,2224.43,2244.41,2195.64,2223.46,5749274900
2006/12/14,sh.000001,2226.00,2250.32,2212.91,2249.11,5843932000
2006/12/15,sh.000001,2255.24,2275.49,2241.20,2273.91,6061194900
2006/12/18,sh.000001,2277.28,2335.23,2277.28,2332.43,7825219300
2006/12/19,sh.000001,2342.18,2381.63,2315.99,2364.18,8705492800
2006/12/20,sh.000001,2356.26,2381.13,2332.93,2373.21,7829893500
2006/12/21,sh.000001,2372.46,2386.82,2339.91,2342.94,8318255100
2006/12/22,sh.000001,2334.27,2366.69,2321.92,2343.67,7048462000
2006/12/25,sh.000001,2350.13,2452.43,2350.13,2435.76,7393945000
2006/12/26,sh.000001,2437.85,2505.70,2424.94,2479.73,7226149200
2006/12/27,sh.000001,2478.06,2538.66,2461.07,2536.39,7211821800
2006/12/28,sh.000001,2538.95,2611.79,2530.33,2567.59,7871894100
2006/12/29,sh.000001,2585.42,2698.90,2585.42,2675.47,8676901200
2007/1/4,sh.000001,2728.19,2847.62,2684.82,2715.72,12015602100
2007/1/5,sh.000001,2668.58,2685.80,2617.02,2641.33,10615562500
2007/1/8,sh.000001,2621.07,2708.44,2620.63,2707.20,10681324400
2007/1/9,sh.000001,2711.05,2809.39,2691.36,2807.80,11075126700
2007/1/10,sh.000001,2838.11,2841.74,2770.99,2825.58,11176936500
2007/1/11,sh.000001,2819.37,2841.18,2763.89,2770.11,12159871700
2007/1/12,sh.000001,2745.32,2782.03,2652.58,2668.11,10730376800
2007/1/15,sh.000001,2660.07,2795.33,2658.88,2794.70,9176156100
2007/1/16,sh.000001,2818.66,2830.80,2757.21,2821.02,11117857400
2007/1/17,sh.000001,2828.40,2870.42,2742.59,2778.90,12737748000
2007/1/18,sh.000001,2760.94,2784.04,2679.71,2756.98,11231395600
2007/1/19,sh.000001,2761.89,2833.45,2761.89,2832.21,12206189400
2007/1/22,sh.000001,2857.90,2934.65,2857.90,2933.19,13857609000
2007/1/23,sh.000001,2964.69,2970.69,2851.92,2949.14,14279180300
2007/1/24,sh.000001,2955.42,2994.28,2927.72,2975.13,12205679000
2007/1/25,sh.000001,2946.50,2947.15,2853.82,2857.37,11719721500
2007/1/26,sh.000001,2805.96,2905.98,2720.83,2882.56,10959913100
2007/1/29,sh.000001,2897.25,2954.34,2885.86,2945.26,11206790600
2007/1/30,sh.000001,2959.40,2980.51,2901.76,2930.56,11193172100
2007/1/31,sh.000001,2926.08,2929.65,2766.75,2786.34,11426597000
2007/2/1,sh.000001,2744.81,2801.69,2706.29,2785.43,9344353100
2007/2/2,sh.000001,2791.49,2796.44,2666.86,2673.21,8544623600
2007/2/5,sh.000001,2658.07,2672.35,2610.33,2612.54,6922451200
2007/2/6,sh.000001,2612.84,2677.04,2541.53,2675.70,8662995000
2007/2/7,sh.000001,2688.96,2745.39,2681.33,2716.18,9488376400
2007/2/8,sh.000001,2725.14,2751.16,2691.27,2737.73,8843429500
2007/2/9,sh.000001,2741.48,2747.94,2704.37,2730.39,8087443800
2007/2/12,sh.000001,2729.84,2807.51,2728.78,2807.17,7900940300
2007/2/13,sh.000001,2819.14,2835.09,2801.31,2831.87,7900167100
2007/2/14,sh.000001,2836.82,2915.06,2823.38,2905.09,9404455500
2007/2/15,sh.000001,2923.67,2994.62,2923.67,2993.01,10883117700
2007/2/16,sh.000001,3018.18,3036.35,2975.83,2998.47,11792172200
2007/2/26,sh.000001,2999.09,3041.34,2960.75,3040.60,11205699200
2007/2/27,sh.000001,3048.83,3049.77,2763.40,2771.79,16137566300
2007/2/28,sh.000001,2734.60,2888.90,2732.88,2881.07,12147916800
2007/3/1,sh.000001,2877.20,2878.36,2760.91,2797.19,12736486000
2007/3/2,sh.000001,2792.94,2846.16,2777.80,2831.53,9394396500
2007/3/5,sh.000001,2827.68,2858.44,2723.07,2785.31,10691058400
2007/3/6,sh.000001,2776.17,2866.33,2756.96,2840.18,7704048600
2007/3/7,sh.000001,2851.75,2911.42,2849.65,2896.59,8791393000
2007/3/8,sh.000001,2904.19,2928.80,2871.46,2928.02,8895512300
2007/3/9,sh.000001,2934.49,2962.42,2891.81,2937.91,10713910500
2007/3/12,sh.000001,2945.92,2958.63,2904.74,2954.91,10154244400
2007/3/13,sh.000001,2958.10,2966.19,2932.23,2964.79,10718931600
2007/3/14,sh.000001,2933.68,2934.45,2868.81,2906.33,11373073900
2007/3/15,sh.000001,2905.98,2955.46,2905.98,2951.70,10174575400
2007/3/16,sh.000001,2964.09,2979.71,2899.03,2930.48,12268130800
2007/3/19,sh.000001,2864.26,3038.00,2852.86,3014.44,10997175200
2007/3/20,sh.000001,3024.78,3033.02,2998.80,3032.20,9276189000
2007/3/21,sh.000001,3042.10,3057.71,3020.95,3057.38,9919012700
2007/3/22,sh.000001,3080.60,3099.82,3059.38,3071.23,12606554500
2007/3/23,sh.000001,3071.81,3085.32,3008.15,3074.29,11868641700
2007/3/26,sh.000001,3083.94,3123.18,3069.47,3122.81,12266053700
2007/3/27,sh.000001,3126.03,3145.04,3103.78,3138.83,12457893100
2007/3/28,sh.000001,3140.68,3180.33,3052.08,3173.02,16726793900
2007/3/29,sh.000001,3179.80,3273.73,3176.53,3197.54,14953966100
2007/3/30,sh.000001,3178.50,3212.39,3157.03,3183.98,8942400600
2007/4/2,sh.000001,3196.59,3253.44,3196.59,3252.60,9735044600
2007/4/3,sh.000001,3265.68,3292.58,3251.52,3291.30,10860139100
2007/4/4,sh.000001,3295.98,3308.15,3266.56,3291.54,11261610700
2007/4/5,sh.000001,3286.16,3326.92,3259.63,3319.14,11452805100
2007/4/6,sh.000001,3287.68,3334.22,3273.86,3323.59,11964488100
2007/4/9,sh.000001,3333.42,3399.52,3333.26,3398.95,13731410400
2007/4/10,sh.000001,3405.23,3444.37,3351.11,3444.29,14780728400
2007/4/11,sh.000001,3454.42,3497.52,3428.78,3495.22,14757211400
2007/4/12,sh.000001,3503.23,3532.86,3488.08,3531.03,13538987900
2007/4/13,sh.000001,3537.22,3563.86,3504.16,3518.27,15069587600
2007/4/16,sh.000001,3523.22,3597.22,3523.22,3596.44,13103910100
2007/4/17,sh.000001,3611.63,3622.89,3510.50,3611.87,16066064600
2007/4/18,sh.000001,3614.68,3623.87,3564.23,3612.40,15048542400
2007/4/19,sh.000001,3610.02,3617.44,3358.93,3449.02,17272554100
2007/4/20,sh.000001,3460.90,3591.46,3460.90,3584.20,13888929200
2007/4/23,sh.000001,3615.79,3710.89,3615.79,3710.89,16349811600
2007/4/24,sh.000001,3736.15,3762.39,3689.13,3720.53,17438934100
2007/4/25,sh.000001,3708.57,3769.25,3653.99,3743.96,15176306100
2007/4/26,sh.000001,3766.48,3784.68,3732.60,3783.06,11725696800
2007/4/27,sh.000001,3788.75,3802.92,3720.60,3759.87,13217545600
2007/4/30,sh.000001,3784.27,3851.35,3759.48,3841.27,14652571300
2007/5/8,sh.000001,3937.94,3964.71,3901.33,3950.01,16056820000
2007/5/9,sh.000001,3961.10,4015.22,3875.38,4013.09,20839744900
2007/5/10,sh.000001,4021.42,4072.14,3991.48,4049.70,17111394000
2007/5/11,sh.000001,4024.42,4039.67,3949.37,4021.68,14063821000
2007/5/14,sh.000001,3970.66,4081.43,3940.36,4046.39,13932622100
2007/5/15,sh.000001,4055.83,4069.85,3891.36,3899.18,15667755300
2007/5/16,sh.000001,3890.81,3987.41,3845.23,3986.04,13171977400
2007/5/17,sh.000001,4002.49,4064.28,3983.00,4048.29,13927798800
2007/5/18,sh.000001,4041.39,4052.10,3999.17,4030.26,13075627400
2007/5/21,sh.000001,3902.35,4083.42,3892.98,4072.23,15617106200
2007/5/22,sh.000001,4091.14,4136.63,4086.83,4110.38,17356209000
2007/5/23,sh.000001,4125.43,4175.44,4093.92,4173.71,16139947800
2007/5/24,sh.000001,4188.68,4208.39,4089.39,4151.13,18098438800
2007/5/25,sh.000001,4133.19,4190.47,4111.26,4179.78,15419286000
2007/5/28,sh.000001,4221.58,4283.93,4215.24,4272.11,17861517400
2007/5/29,sh.000001,4288.98,4335.96,4262.02,4334.92,17209764200
2007/5/30,sh.000001,4087.41,4275.24,4015.51,4053.09,18559672900
2007/5/31,sh.000001,4006.28,4178.11,3858.04,4109.65,17311531200
2007/6/1,sh.000001,4120.63,4181.28,3966.98,4000.74,16093498500
2007/6/4,sh.000001,3981.82,3987.27,3659.09,3670.40,11485935700
2007/6/5,sh.000001,3564.43,3768.56,3404.15,3767.10,15713795900
2007/6/6,sh.000001,3781.38,3821.70,3682.79,3776.32,14587385200
2007/6/7,sh.000001,3787.70,3891.40,3779.50,3890.80,14236647500
2007/6/8,sh.000001,3900.03,3935.79,3852.05,3913.14,13587719200
2007/6/11,sh.000001,3942.01,4000.42,3930.74,3995.68,13384273900
2007/6/12,sh.000001,4011.68,4073.18,3910.00,4072.14,14947239800
2007/6/13,sh.000001,4110.74,4193.45,4102.04,4176.48,16694849900
2007/6/14,sh.000001,4162.21,4179.73,4085.79,4115.21,13838560400
2007/6/15,sh.000001,4085.66,4152.54,4067.36,4132.87,10866553200
2007/6/18,sh.000001,4195.39,4267.74,4193.31,4253.35,12897774800
2007/6/19,sh.000001,4247.75,4280.85,4209.58,4269.52,12458181400
2007/6/20,sh.000001,4269.46,4312.00,4164.28,4181.32,13521277500
2007/6/21,sh.000001,4170.89,4256.54,4147.05,4230.82,11291985600
2007/6/22,sh.000001,4230.97,4249.43,4024.49,4091.45,11969203700
2007/6/25,sh.000001,4102.79,4131.13,3912.42,3941.08,10160665500
2007/6/26,sh.000001,3863.25,3976.19,3818.85,3973.37,9381746900
2007/6/27,sh.000001,3985.72,4090.72,3948.29,4078.60,9511348100
2007/6/28,sh.000001,4080.19,4113.28,3912.81,3914.20,9783161000
2007/6/29,sh.000001,3824.29,3919.35,3779.81,3820.70,8609998500
2007/7/2,sh.000001,3800.23,3859.86,3724.19,3836.29,7425406000
2007/7/3,sh.000001,3854.72,3906.76,3821.46,3899.72,6974921700
2007/7/4,sh.000001,3906.01,3916.48,3800.28,3816.17,5647477700
2007/7/5,sh.000001,3769.64,3778.40,3614.53,3615.87,6340593600
2007/7/6,sh.000001,3599.82,3785.35,3563.54,3781.35,8073724100
2007/7/9,sh.000001,3809.67,3900.90,3782.73,3883.22,8348053900
2007/7/10,sh.000001,3895.91,3929.42,3841.80,3853.02,7656333400
2007/7/11,sh.000001,3837.80,3879.29,3812.14,3865.72,5135388000
2007/7/12,sh.000001,3874.04,3925.60,3861.04,3915.99,5515836300
2007/7/13,sh.000001,3920.83,3935.51,3878.18,3914.40,4602447100
2007/7/16,sh.000001,3920.65,3931.87,3820.57,3821.92,4761528000
2007/7/17,sh.000001,3809.56,3919.78,3767.22,3896.19,4871222300
2007/7/18,sh.000001,3880.85,3971.61,3861.91,3930.06,6287183400
2007/7/19,sh.000001,3918.54,3947.33,3887.59,3912.94,4873759500
2007/7/20,sh.000001,3918.41,4062.12,3918.41,4058.85,8311064600
2007/7/23,sh.000001,4091.24,4220.32,4091.24,4213.36,12166896400
2007/7/24,sh.000001,4238.32,4284.83,4192.72,4210.33,11098925200
2007/7/25,sh.000001,4212.95,4325.38,4212.23,4323.97,9395004300
2007/7/26,sh.000001,4347.78,4371.51,4304.19,4346.46,9921066900
2007/7/27,sh.000001,4315.37,4357.34,4268.79,4345.36,10024581300
2007/7/30,sh.000001,4348.61,4450.19,4345.79,4440.77,11258976800
2007/7/31,sh.000001,4432.27,4476.63,4379.20,4471.03,10856141000
2007/8/1,sh.000001,4488.77,4502.30,4284.87,4300.56,12629287400
2007/8/2,sh.000001,4316.57,4431.85,4290.81,4407.73,9827857800
2007/8/3,sh.000001,4440.98,4562.69,4438.96,4560.77,11511667200
2007/8/6,sh.000001,4600.12,4629.97,4564.31,4628.11,11170797900
2007/8/7,sh.000001,4642.01,4687.44,4581.29,4651.23,11618108500
2007/8/8,sh.000001,4614.59,4711.32,4568.70,4663.16,11890916300
2007/8/9,sh.000001,4658.59,4768.89,4658.59,4754.10,9766019800
2007/8/10,sh.000001,4745.18,4769.62,4640.77,4749.37,10186705800
2007/8/13,sh.000001,4768.62,4872.55,4728.89,4820.06,11418471400
2007/8/14,sh.000001,4820.15,4876.85,4789.90,4872.79,8856820800
2007/8/15,sh.000001,4875.51,4916.31,4762.72,4869.88,9050967500
2007/8/16,sh.000001,4845.02,4845.02,4710.31,4765.45,9053841100
2007/8/17,sh.000001,4733.14,4814.37,4646.43,4656.57,9115904800
2007/8/20,sh.000001,4773.83,4906.00,4758.40,4904.86,9915293700
2007/8/21,sh.000001,4944.21,4982.98,4917.82,4955.21,10420410900
2007/8/22,sh.000001,4876.35,4999.20,4861.27,4980.08,10811093800
2007/8/23,sh.000001,5002.84,5050.38,4968.33,5032.49,9930942800
2007/8/24,sh.000001,5070.65,5125.36,5052.24,5107.67,10899563600
2007/8/27,sh.000001,5144.82,5192.06,5092.08,5150.12,11615424400
2007/8/28,sh.000001,5134.14,5209.51,5058.45,5194.69,10543673900
2007/8/29,sh.000001,5147.71,5204.53,5063.41,5109.43,10082413900
2007/8/30,sh.000001,5144.11,5186.53,5109.66,5167.88,10121058400
2007/8/31,sh.000001,5184.09,5235.16,5158.37,5218.83,10355626100
2007/9/3,sh.000001,5257.78,5327.54,5257.78,5321.06,12577964900
2007/9/4,sh.000001,5333.40,5357.93,5265.00,5294.05,12042636800
2007/9/5,sh.000001,5296.07,5337.93,5223.67,5310.72,9624062400
2007/9/6,sh.000001,5336.67,5412.32,5314.34,5393.66,10698796600
2007/9/7,sh.000001,5381.19,5405.36,5269.25,5277.18,11984102900
2007/9/10,sh.000001,5208.32,5356.86,5169.91,5355.29,10236823500
2007/9/11,sh.000001,5362.94,5395.04,5093.92,5113.97,11005526200
2007/9/12,sh.000001,5092.58,5192.30,5025.34,5172.63,9705885500
2007/9/13,sh.000001,5193.41,5276.77,5178.87,5273.59,8655021600
2007/9/14,sh.000001,5290.26,5324.44,5201.85,5312.18,9467391200
2007/9/17,sh.000001,5309.06,5427.17,5307.77,5421.39,10563860900
2007/9/18,sh.000001,5446.73,5458.58,5339.92,5425.21,10269099400
2007/9/19,sh.000001,5439.02,5447.36,5336.07,5395.27,8972550000
2007/9/20,sh.000001,5408.48,5482.43,5396.11,5470.07,8654720500
2007/9/21,sh.000001,5482.51,5489.07,5363.35,5454.67,9283880900
2007/9/24,sh.000001,5469.84,5506.06,5404.42,5485.01,8179847100
2007/9/25,sh.000001,5500.27,5509.23,5396.48,5425.88,9650957900
2007/9/26,sh.000001,5407.83,5463.90,5320.02,5338.52,6360858500
2007/9/27,sh.000001,5338.11,5411.19,5306.82,5409.40,5888430000
2007/9/28,sh.000001,5461.58,5560.42,5461.58,5552.30,8063128500
2007/10/8,sh.000001,5683.31,5729.96,5620.00,5692.76,9598308300
2007/10/9,sh.000001,5678.91,5725.41,5628.35,5715.89,8328903000
2007/10/10,sh.000001,5742.65,5860.86,5727.24,5771.46,9244534400
2007/10/11,sh.000001,5798.39,5914.77,5755.99,5913.23,9470965700
2007/10/12,sh.000001,5950.90,5959.36,5658.81,5903.26,11914843200
2007/10/15,sh.000001,5934.78,6039.04,5866.13,6030.09,9870744200
2007/10/16,sh.000001,6056.95,6124.04,6040.71,6092.06,8815215900
2007/10/17,sh.000001,6057.43,6088.89,5982.20,6036.28,7131258800
2007/10/18,sh.000001,6031.92,6055.47,5804.97,5825.28,6980542500
2007/10/19,sh.000001,5869.12,5932.11,5766.86,5818.05,5522489200
2007/10/22,sh.000001,5742.79,5804.84,5654.91,5667.33,5443367400
2007/10/23,sh.000001,5660.07,5776.02,5574.84,5773.39,5845396800
2007/10/24,sh.000001,5804.02,5906.70,5793.56,5843.11,6029283100
2007/10/25,sh.000001,5794.22,5819.88,5546.04,5562.39,7171444800
2007/10/26,sh.000001,5498.86,5628.83,5462.01,5589.63,5151917500
2007/10/29,sh.000001,5641.98,5750.25,5617.98,5748.00,5016440200
2007/10/30,sh.000001,5769.20,5899.65,5701.34,5897.19,5427882000
2007/10/31,sh.000001,5984.71,6002.12,5871.48,5954.77,7102956400
2007/11/1,sh.000001,5978.94,6005.13,5912.50,5914.29,6488510300
2007/11/2,sh.000001,5812.47,5860.59,5740.40,5777.81,5954159600
2007/11/5,sh.000001,5748.18,5787.23,5603.47,5634.45,6413259700
2007/11/6,sh.000001,5593.35,5649.75,5510.16,5536.57,4506803900
2007/11/7,sh.000001,5565.65,5610.95,5469.76,5601.78,4273032800
2007/11/8,sh.000001,5559.15,5559.15,5328.20,5330.02,4892466200
2007/11/9,sh.000001,5276.01,5382.70,5217.63,5315.54,4734126200
2007/11/12,sh.000001,5181.18,5250.09,5032.58,5187.74,5258270300
2007/11/13,sh.000001,5239.34,5311.70,5085.44,5158.12,4923731600
2007/11/14,sh.000001,5246.57,5414.61,5165.06,5412.69,5099288000
2007/11/15,sh.000001,5391.02,5453.74,5338.91,5365.27,4781941900
2007/11/16,sh.000001,5273.08,5335.51,5224.31,5316.27,3738733100
2007/11/19,sh.000001,5325.30,5333.09,5240.42,5269.82,4109773100
2007/11/20,sh.000001,5230.74,5338.17,5158.54,5293.70,4905739800
2007/11/21,sh.000001,5307.79,5344.93,5206.57,5214.23,4123160900
2007/11/22,sh.000001,5113.88,5154.86,4969.89,4984.16,4037033000
2007/11/23,sh.000001,4946.26,5034.23,4896.99,5032.13,3087296200
2007/11/26,sh.000001,5102.53,5124.89,4952.43,4958.85,3675579700
2007/11/27,sh.000001,4919.91,4947.08,4857.04,4861.11,3083386400
2007/11/28,sh.000001,4870.84,4907.76,4778.73,4803.39,3275675700
2007/11/29,sh.000001,4870.86,5011.19,4814.78,5003.33,5007154500
2007/11/30,sh.000001,4993.74,4993.74,4861.86,4871.78,4331466200
2007/12/3,sh.000001,4838.56,4899.67,4798.01,4868.61,5375077500
2007/12/4,sh.000001,4882.15,4971.40,4882.15,4915.89,4283576600
2007/12/5,sh.000001,4917.37,5052.75,4893.32,5042.65,5429978600
2007/12/6,sh.000001,5055.84,5065.51,4995.47,5035.07,4315931100
2007/12/7,sh.000001,5038.48,5096.80,5021.37,5091.76,4996157400
2007/12/10,sh.000001,5010.83,5168.76,4990.72,5161.92,6881788900
2007/12/11,sh.000001,5180.54,5209.71,5103.75,5175.08,6684842700
2007/12/12,sh.000001,5148.25,5149.93,5054.57,5095.54,7215622700
2007/12/13,sh.000001,5078.18,5095.15,4954.36,4958.04,6728332400
2007/12/14,sh.000001,4899.75,5011.20,4860.16,5007.91,5305272700
2007/12/17,sh.000001,5007.29,5007.35,4874.62,4876.76,6354672200
2007/12/18,sh.000001,4856.47,4905.49,4812.16,4836.17,4055804700
2007/12/19,sh.000001,4878.07,4960.42,4868.35,4941.78,5627577500
2007/12/20,sh.000001,4965.29,5050.79,4923.30,5043.54,5774268900
2007/12/21,sh.000001,5017.20,5112.39,5013.76,5101.78,6614270500
2007/12/24,sh.000001,5132.91,5284.34,5104.65,5234.26,8508042200
2007/12/25,sh.000001,5233.18,5254.41,5178.80,5201.18,7102362400
2007/12/26,sh.000001,5209.04,5262.59,5158.76,5233.35,7445862800
2007/12/27,sh.000001,5248.22,5316.52,5203.50,5308.89,8732418400
2007/12/28,sh.000001,5320.01,5336.50,5248.69,5261.56,7718703800
2008/1/2,sh.000001,5265.00,5295.02,5201.89,5272.81,7656660900
2008/1/3,sh.000001,5269.80,5321.46,5211.05,5319.86,9851032300
2008/1/4,sh.000001,5328.41,5372.46,5318.46,5361.57,8087523800
2008/1/7,sh.000001,5357.45,5403.35,5332.60,5393.34,9193300100
2008/1/8,sh.000001,5414.56,5480.07,5344.65,5386.53,10247786300
2008/1/9,sh.000001,5365.22,5437.76,5346.85,5435.81,7680586200
2008/1/10,sh.000001,5449.16,5483.83,5407.31,5456.54,9655328500
2008/1/11,sh.000001,5471.39,5500.06,5423.81,5484.68,8772475000
2008/1/14,sh.000001,5507.58,5522.78,5456.93,5497.90,7871409000
2008/1/15,sh.000001,5503.93,5505.04,5405.60,5443.79,8071950600
2008/1/16,sh.000001,5395.28,5396.04,5288.77,5290.61,8927834100
2008/1/17,sh.000001,5235.91,5312.29,5039.79,5151.63,9894195200
2008/1/18,sh.000001,5141.37,5187.61,5093.13,5180.51,6863562500
2008/1/21,sh.000001,5188.80,5200.93,4891.29,4914.44,7564395800
2008/1/22,sh.000001,4818.00,4818.00,4511.95,4559.75,9249135100
2008/1/23,sh.000001,4572.90,4705.07,4510.50,4703.05,8796397300
2008/1/24,sh.000001,4753.45,4767.80,4625.46,4717.73,9003815800
2008/1/25,sh.000001,4716.98,4806.89,4657.71,4761.69,7792837000
2008/1/28,sh.000001,4720.56,4720.56,4409.08,4419.29,6935025700
2008/1/29,sh.000001,4426.27,4517.60,4389.52,4457.94,5035622000
2008/1/30,sh.000001,4505.64,4554.34,4330.70,4417.85,5508003700
2008/1/31,sh.000001,4408.02,4487.32,4368.30,4383.39,4514155800
2008/2/1,sh.000001,4388.25,4411.70,4195.75,4320.77,5930714200
2008/2/4,sh.000001,4415.02,4672.21,4415.02,4672.17,6337457800
2008/2/5,sh.000001,4622.54,4662.97,4550.43,4599.70,5261968400
2008/2/13,sh.000001,4525.03,4547.54,4454.64,4490.72,3691415100
2008/2/14,sh.000001,4527.05,4576.98,4507.94,4552.32,3491300500
2008/2/15,sh.000001,4523.79,4523.79,4431.46,4497.13,4138651600
2008/2/18,sh.000001,4546.75,4601.22,4517.60,4568.15,5582461000
2008/2/19,sh.000001,4582.28,4665.55,4544.94,4664.30,6066318800
2008/2/20,sh.000001,4682.59,4695.80,4556.81,4567.03,6647465300
2008/2/21,sh.000001,4534.17,4568.21,4452.68,4527.18,6130914800
2008/2/22,sh.000001,4500.39,4500.39,4333.03,4370.29,6760198300
2008/2/25,sh.000001,4370.19,4391.33,4182.77,4192.53,5881193500
2008/2/26,sh.000001,4302.74,4331.64,4123.31,4238.18,5568663100
2008/2/27,sh.000001,4256.53,4360.70,4222.46,4334.05,5052499100
2008/2/28,sh.000001,4343.28,4344.93,4265.50,4299.51,4792225300
2008/2/29,sh.000001,4293.53,4364.81,4275.90,4348.54,4783538300
2008/3/3,sh.000001,4323.70,4456.96,4279.35,4438.27,7851384000
2008/3/4,sh.000001,4454.18,4472.15,4321.27,4335.45,8695651500
2008/3/5,sh.000001,4316.25,4352.82,4210.96,4292.65,7410968000
2008/3/6,sh.000001,4310.35,4427.50,4260.79,4360.99,8493214500
2008/3/7,sh.000001,4315.81,4341.30,4265.83,4300.52,5674740200
2008/3/10,sh.000001,4265.61,4265.61,4120.53,4146.30,6568220500
2008/3/11,sh.000001,4121.65,4165.92,4063.47,4165.88,5133343900
2008/3/12,sh.000001,4254.67,4272.98,4068.78,4070.12,5722445800
2008/3/13,sh.000001,4033.32,4055.45,3902.25,3971.26,6365340000
2008/3/14,sh.000001,3956.75,4000.78,3891.70,3962.67,4140725700
2008/3/17,sh.000001,3941.26,3941.26,3813.00,3820.05,4910027300
2008/3/18,sh.000001,3789.57,3862.77,3607.25,3668.90,5786100100
2008/3/19,sh.000001,3746.05,3813.89,3677.82,3761.61,6158664300
2008/3/20,sh.000001,3721.50,3857.62,3516.33,3804.05,7326269400
2008/3/21,sh.000001,3790.11,3838.06,3746.40,3796.58,6509346400
2008/3/24,sh.000001,3830.35,3840.48,3624.94,3626.19,5895967800
2008/3/25,sh.000001,3559.94,3659.21,3521.53,3629.62,5276533600
2008/3/26,sh.000001,3644.13,3698.33,3591.11,3606.86,4625181800
2008/3/27,sh.000001,3541.28,3541.28,3407.90,3411.49,5506986600
2008/3/28,sh.000001,3378.63,3590.75,3357.23,3580.15,6329168400
2008/3/31,sh.000001,3465.91,3555.82,3445.56,3472.71,4711346900
2008/4/1,sh.000001,3461.09,3493.13,3308.90,3329.16,5483137600
2008/4/2,sh.000001,3370.60,3464.53,3283.64,3347.88,6548728600
2008/4/3,sh.000001,3323.43,3456.95,3271.29,3446.24,5088922400
2008/4/7,sh.000001,3418.52,3613.48,3386.51,3599.62,6099453700
2008/4/8,sh.000001,3604.26,3656.96,3563.85,3612.54,6548482300
2008/4/9,sh.000001,3585.85,3606.89,3413.07,3413.91,5985204900
2008/4/10,sh.000001,3378.14,3474.31,3344.87,3471.74,4545515000
2008/4/11,sh.000001,3498.56,3517.82,3462.14,3492.89,4328424400
2008/4/14,sh.000001,3419.05,3427.88,3285.30,3296.67,5031170600
2008/4/15,sh.000001,3282.57,3349.76,3212.15,3348.35,4466845700
2008/4/16,sh.000001,3349.93,3363.22,3283.08,3291.60,4009118400
2008/4/17,sh.000001,3286.41,3352.95,3180.20,3222.74,4584330500
2008/4/18,sh.000001,3200.57,3203.71,3078.17,3094.67,4366534300
2008/4/21,sh.000001,3305.15,3305.17,3073.56,3116.98,5995529300
2008/4/22,sh.000001,3076.72,3148.73,2990.79,3147.79,4878741300
2008/4/23,sh.000001,3116.41,3296.72,3089.89,3278.33,6623512500
2008/4/24,sh.000001,3539.87,3593.20,3461.64,3583.03,14206628700
2008/4/25,sh.000001,3572.55,3658.55,3527.84,3557.75,12962102100
2008/4/28,sh.000001,3497.38,3530.91,3460.26,3474.72,7574497500
2008/4/29,sh.000001,3457.35,3544.23,3453.28,3523.41,6717525000
2008/4/30,sh.000001,3545.57,3705.09,3543.02,3693.11,10761770800
2008/5/5,sh.000001,3739.80,3768.22,3696.70,3761.01,9969691600
2008/5/6,sh.000001,3735.85,3786.02,3680.99,3733.50,9893225000
2008/5/7,sh.000001,3716.45,3774.07,3577.99,3579.15,9049714300
2008/5/8,sh.000001,3538.92,3658.05,3523.03,3656.84,7517324200
2008/5/9,sh.000001,3682.96,3693.16,3552.47,3613.49,8789842500
2008/5/12,sh.000001,3548.61,3668.86,3521.88,3626.98,7989122000
2008/5/13,sh.000001,3515.71,3615.06,3508.32,3560.24,9074717700
2008/5/14,sh.000001,3549.67,3661.97,3549.67,3657.43,8859207800
2008/5/15,sh.000001,3676.84,3706.72,3636.22,3637.32,8395532200
2008/5/16,sh.000001,3637.64,3661.07,3582.50,3624.23,6481285300
2008/5/19,sh.000001,3615.59,3624.84,3563.61,3604.76,4845016500
2008/5/20,sh.000001,3601.55,3632.01,3432.38,3443.16,6637705300
2008/5/21,sh.000001,3414.34,3560.53,3355.08,3544.19,7364107600
2008/5/22,sh.000001,3493.07,3558.02,3469.79,3485.63,6850470300
2008/5/23,sh.000001,3473.80,3521.39,3435.84,3473.09,5995055900
2008/5/26,sh.000001,3442.29,3443.99,3361.99,3364.54,5277659600
2008/5/27,sh.000001,3355.11,3383.68,3333.95,3375.41,4249931100
2008/5/28,sh.000001,3382.77,3486.33,3354.25,3459.03,5247676000
2008/5/29,sh.000001,3447.77,3481.73,3400.77,3401.44,5143993300
2008/5/30,sh.000001,3414.25,3450.49,3390.88,3433.35,4849540700
2008/6/2,sh.000001,3426.20,3483.61,3400.72,3459.04,4918607800
2008/6/3,sh.000001,3456.58,3469.06,3409.23,3436.40,5664249400
2008/6/4,sh.000001,3424.04,3428.47,3341.74,3369.91,4803815600
2008/6/5,sh.000001,3355.93,3376.34,3326.54,3351.65,4183466300
2008/6/6,sh.000001,3362.01,3371.28,3312.72,3329.67,3476321700
2008/6/10,sh.000001,3202.11,3215.50,3045.06,3072.33,5090954600
2008/6/11,sh.000001,3042.16,3064.20,2992.35,3024.24,4693934500
2008/6/12,sh.000001,3011.56,3031.06,2900.12,2957.53,4953582400
2008/6/13,sh.000001,2960.91,2976.45,2865.50,2868.80,4106943000
2008/6/16,sh.000001,2876.29,2917.81,2811.72,2874.10,4038592400
2008/6/17,sh.000001,2873.13,2893.47,2769.12,2794.75,4329814700
2008/6/18,sh.000001,2772.37,2945.42,2729.71,2941.12,6634980300
2008/6/19,sh.000001,2921.72,2921.72,2742.15,2748.87,5679582700
2008/6/20,sh.000001,2811.08,2917.33,2695.63,2831.74,7415683000
2008/6/23,sh.000001,2780.15,2813.14,2741.19,2760.42,4067003200
2008/6/24,sh.000001,2747.32,2817.17,2728.83,2803.02,4838723100
2008/6/25,sh.000001,2794.04,2910.48,2784.42,2905.01,6481910500
2008/6/26,sh.000001,2904.09,2931.31,2851.12,2901.85,6551922800
2008/6/27,sh.000001,2809.31,2822.26,2723.16,2748.43,6052991900
2008/6/30,sh.000001,2724.40,2766.80,2693.40,2736.10,3851885400
2008/7/1,sh.000001,2743.16,2753.33,2644.78,2651.61,4068142300
2008/7/2,sh.000001,2656.04,2700.90,2627.90,2651.73,4018179300
2008/7/3,sh.000001,2610.82,2746.37,2566.53,2703.53,6814671700
2008/7/4,sh.000001,2691.21,2713.48,2645.83,2669.89,5729192800
2008/7/7,sh.000001,2673.55,2801.53,2673.55,2792.40,7740584800
2008/7/8,sh.000001,2805.61,2843.60,2754.62,2814.95,8020468000
2008/7/9,sh.000001,2838.86,2920.55,2838.86,2920.55,9702611900
2008/7/10,sh.000001,2879.62,2952.04,2862.06,2875.45,9090484100
2008/7/11,sh.000001,2863.81,2888.29,2821.31,2856.63,6482055300
2008/7/14,sh.000001,2837.50,2895.30,2828.24,2878.26,5446592300
2008/7/15,sh.000001,2886.11,2896.33,2769.91,2779.45,7091523400
2008/7/16,sh.000001,2753.90,2765.15,2656.61,2705.87,6004392200
2008/7/17,sh.000001,2747.95,2773.28,2676.15,2684.78,5084233300
2008/7/18,sh.000001,2711.74,2785.53,2665.91,2778.37,5787350000
2008/7/21,sh.000001,2759.88,2865.07,2745.64,2861.42,6648770000
2008/7/22,sh.000001,2852.44,2868.62,2830.77,2846.12,6151910700
2008/7/23,sh.000001,2870.93,2887.58,2831.11,2837.85,6149797500
2008/7/24,sh.000001,2861.81,2912.70,2849.10,2910.29,7250544500
2008/7/25,sh.000001,2875.77,2888.58,2851.93,2865.10,6253105900
2008/7/28,sh.000001,2883.76,2924.45,2883.76,2903.01,6231879200
2008/7/29,sh.000001,2868.01,2868.01,2827.70,2850.31,5863227800
2008/7/30,sh.000001,2884.59,2894.37,2822.19,2836.67,4894688400
2008/7/31,sh.000001,2844.65,2848.00,2774.10,2775.72,4453026900
2008/8/1,sh.000001,2751.02,2830.76,2721.95,2801.82,4921541900
2008/8/4,sh.000001,2782.99,2793.26,2738.85,2741.74,3717031800
2008/8/5,sh.000001,2751.20,2762.26,2684.73,2690.75,4237855200
2008/8/6,sh.000001,2711.60,2743.11,2678.86,2719.37,4060552500
2008/8/7,sh.000001,2717.50,2742.71,2691.36,2727.58,3949212100
2008/8/8,sh.000001,2724.43,2725.93,2595.92,2605.72,4850743700
2008/8/11,sh.000001,2595.90,2601.50,2453.71,2470.07,4716145000
2008/8/12,sh.000001,2445.22,2484.75,2430.85,2457.20,3663263200
2008/8/13,sh.000001,2440.53,2458.77,2370.74,2446.30,4100523100
2008/8/14,sh.000001,2432.20,2454.25,2409.01,2437.08,3130522600
2008/8/15,sh.000001,2434.41,2476.86,2414.57,2450.61,3129606800
2008/8/18,sh.000001,2451.78,2455.50,2318.93,2319.87,5365679600
2008/8/19,sh.000001,2297.25,2355.93,2284.59,2344.47,3859382100
2008/8/20,sh.000001,2332.48,2523.47,2306.66,2523.28,7373666300
2008/8/21,sh.000001,2484.49,2518.44,2431.05,2431.72,6133199000
2008/8/22,sh.000001,2414.46,2426.71,2362.09,2405.23,4628459300
2008/8/25,sh.000001,2408.10,2443.99,2382.29,2413.37,3375721700
2008/8/26,sh.000001,2384.95,2403.02,2327.22,2350.08,4097946600
2008/8/27,sh.000001,2343.88,2385.99,2310.46,2342.15,4095260400
2008/8/28,sh.000001,2341.96,2374.25,2333.03,2350.14,3475273400
2008/8/29,sh.000001,2361.05,2420.85,2352.10,2397.37,4640576800
2008/9/1,sh.000001,2380.47,2380.47,2311.73,2325.14,3626524000
2008/9/2,sh.000001,2312.10,2329.01,2284.92,2304.89,3419029100
2008/9/3,sh.000001,2301.94,2321.54,2248.07,2276.67,4225000600
2008/9/4,sh.000001,2270.52,2295.36,2249.12,2277.41,3416308900
2008/9/5,sh.000001,2224.53,2238.32,2199.37,2202.45,3860817100
2008/9/8,sh.000001,2210.34,2220.55,2135.38,2143.42,3766949700
2008/9/9,sh.000001,2152.28,2161.35,2114.50,2145.78,3072269100
2008/9/10,sh.000001,2131.80,2185.69,2102.91,2150.76,3901204200
2008/9/11,sh.000001,2143.40,2148.12,2070.43,2078.98,3644180300
2008/9/12,sh.000001,2077.55,2104.63,2064.29,2079.67,3031247500
2008/9/16,sh.000001,2049.81,2049.81,1974.39,1986.64,4622344500
2008/9/17,sh.000001,1971.94,1999.95,1922.68,1929.05,4585347200
2008/9/18,sh.000001,1876.12,1942.85,1802.33,1895.84,6633320200
2008/9/19,sh.000001,2067.64,2075.09,2043.32,2075.09,5843353600
2008/9/22,sh.000001,2241.72,2269.73,2164.80,2236.41,13993063600
2008/9/23,sh.000001,2209.12,2253.40,2181.96,2201.51,10016515200
2008/9/24,sh.000001,2133.10,2218.29,2116.96,2216.81,6454781800
2008/9/25,sh.000001,2214.58,2333.28,2211.45,2297.50,10123040400
2008/9/26,sh.000001,2304.12,2310.45,2246.28,2293.78,7825930700
2008/10/6,sh.000001,2267.39,2267.39,2172.57,2173.74,6093813700
2008/10/7,sh.000001,2101.09,2183.00,2072.90,2157.84,5690261100
2008/10/8,sh.000001,2095.91,2127.09,2059.09,2092.22,5075947300
2008/10/9,sh.000001,2125.57,2130.87,2063.41,2074.58,4507100100
2008/10/10,sh.000001,1995.96,2027.83,1963.18,2000.57,5407752700
2008/10/13,sh.000001,1978.56,2074.47,1931.47,2073.57,5663380600
2008/10/14,sh.000001,2139.07,2146.73,2016.18,2017.32,6804248300
2008/10/15,sh.000001,1995.89,2013.49,1963.10,1994.67,4081795700
2008/10/16,sh.000001,1916.13,1943.32,1901.50,1909.94,5067244700
2008/10/17,sh.000001,1921.84,1941.30,1902.60,1930.65,3864729800
2008/10/20,sh.000001,1924.18,1979.84,1890.92,1974.01,4456978500
2008/10/21,sh.000001,1978.67,1996.66,1956.11,1958.53,5409673900
2008/10/22,sh.000001,1932.68,1950.79,1894.31,1895.82,4831036700
2008/10/23,sh.000001,1851.26,1879.85,1828.31,1875.56,4783006500
2008/10/24,sh.000001,1875.63,1888.10,1825.53,1839.62,4624458000
2008/10/27,sh.000001,1809.23,1809.23,1721.60,1723.35,5053479700
2008/10/28,sh.000001,1671.40,1786.44,1664.93,1771.82,5984744100
2008/10/29,sh.000001,1786.20,1795.09,1719.34,1719.81,5218851800
2008/10/30,sh.000001,1732.77,1788.20,1710.73,1763.61,5356092000
2008/10/31,sh.000001,1754.21,1765.68,1721.59,1728.79,4021961900
2008/11/3,sh.000001,1713.76,1750.32,1702.98,1719.77,3585833300
2008/11/4,sh.000001,1707.93,1717.10,1678.96,1706.70,3925345700
2008/11/5,sh.000001,1716.22,1788.26,1716.22,1760.61,6031791100
2008/11/6,sh.000001,1720.42,1728.22,1703.10,1717.72,4568071200
2008/11/7,sh.000001,1686.52,1762.23,1680.60,1747.71,4680765800
2008/11/10,sh.000001,1782.31,1876.16,1782.31,1874.80,9127326300
2008/11/11,sh.000001,1872.07,1887.80,1840.92,1843.61,9087918500
2008/11/12,sh.000001,1820.44,1863.90,1815.08,1859.11,6587332100
2008/11/13,sh.000001,1837.27,1942.90,1825.88,1927.61,12106744100
2008/11/14,sh.000001,1943.96,1987.26,1921.84,1986.44,13043949300
2008/11/17,sh.000001,1981.26,2031.10,1963.85,2030.49,13684065600
2008/11/18,sh.000001,2020.99,2050.88,1889.87,1902.43,15669887900
2008/11/19,sh.000001,1889.35,2023.91,1883.84,2017.47,12880964500
2008/11/20,sh.000001,1977.21,2030.87,1956.73,1983.76,13084057800
2008/11/21,sh.000001,1932.60,2013.18,1893.15,1969.39,12712308400
2008/11/24,sh.000001,1961.21,1974.47,1893.34,1897.06,8451944400
2008/11/25,sh.000001,1925.25,1939.37,1858.17,1888.72,6954117400
2008/11/26,sh.000001,1890.33,1914.71,1873.18,1897.88,6514000300
2008/11/27,sh.000001,2012.69,2022.48,1916.47,1917.86,12233712600
2008/11/28,sh.000001,1901.68,1915.27,1856.29,1871.16,7772228100
2008/12/1,sh.000001,1865.74,1895.76,1838.10,1894.62,8189035300
2008/12/2,sh.000001,1856.97,1907.78,1846.53,1889.64,10428893400
2008/12/3,sh.000001,1903.43,1965.83,1902.94,1965.41,13491612400
2008/12/4,sh.000001,1992.72,2055.21,1985.20,2001.50,17595228000
2008/12/5,sh.000001,1984.26,2019.75,1975.71,2018.66,11849033600
2008/12/8,sh.000001,2049.16,2091.28,2038.19,2090.77,16497306100
2008/12/9,sh.000001,2100.77,2100.81,2036.89,2037.74,14533417900
2008/12/10,sh.000001,2025.03,2079.55,2005.56,2079.12,12825105000
2008/12/11,sh.000001,2072.58,2087.20,2028.73,2031.68,12169674400
2008/12/12,sh.000001,2014.58,2023.18,1932.27,1954.22,10814780800
2008/12/15,sh.000001,1977.03,1989.30,1936.56,1964.37,8153695100
2008/12/16,sh.000001,1948.86,1976.72,1907.83,1975.01,7832854400
2008/12/17,sh.000001,1983.84,2003.38,1971.82,1976.82,9724727800
2008/12/18,sh.000001,1978.97,2016.57,1958.98,2015.69,9216030400
2008/12/19,sh.000001,2006.21,2038.66,1997.12,2018.46,10218339200
2008/12/22,sh.000001,2016.45,2016.45,1965.35,1987.76,8682054800
2008/12/23,sh.000001,1990.05,1990.05,1895.18,1897.23,9898595500
2008/12/24,sh.000001,1873.58,1887.31,1850.86,1863.80,7449575600
2008/12/25,sh.000001,1865.72,1877.77,1832.36,1852.42,6456614700
2008/12/26,sh.000001,1852.91,1866.63,1840.19,1851.52,5325620100
2008/12/29,sh.000001,1846.30,1856.33,1815.41,1850.48,5502139900
2008/12/30,sh.000001,1851.91,1862.94,1826.98,1832.91,5646622100
2008/12/31,sh.000001,1834.95,1844.37,1814.75,1820.81,5039609900
2009/1/5,sh.000001,1849.02,1880.72,1844.09,1880.72,6713671500
2009/1/6,sh.000001,1878.83,1938.69,1871.97,1937.15,9906675600
2009/1/7,sh.000001,1938.97,1948.23,1920.52,1924.01,9236008600
2009/1/8,sh.000001,1890.24,1894.17,1862.26,1878.18,8037400000
2009/1/9,sh.000001,1875.16,1909.35,1875.16,1904.86,7122477900
2009/1/12,sh.000001,1897.70,1924.44,1886.83,1900.35,8364555700
2009/1/13,sh.000001,1880.87,1888.31,1861.81,1863.37,7383646000
2009/1/14,sh.000001,1862.31,1929.28,1862.31,1928.87,8791805100
2009/1/15,sh.000001,1912.77,1937.73,1902.54,1920.21,11598440900
2009/1/16,sh.000001,1928.92,1984.73,1928.92,1954.44,13297253800
2009/1/19,sh.000001,1971.00,2018.51,1966.19,1986.67,10940136100
2009/1/20,sh.000001,1981.15,1994.81,1956.10,1994.11,7456538900
2009/1/21,sh.000001,1965.94,2007.91,1960.53,1985.02,8728919800
2009/1/22,sh.000001,1996.09,2009.85,1980.44,2004.95,8828449500
2009/1/23,sh.000001,2001.17,2008.79,1986.35,1990.66,8596770600
2009/2/2,sh.000001,2008.13,2012.74,1987.13,2011.68,8476627200
2009/2/3,sh.000001,2011.77,2060.93,2005.02,2060.81,13440769400
2009/2/4,sh.000001,2068.09,2108.26,2067.79,2107.75,15178586700
2009/2/5,sh.000001,2106.84,2149.48,2082.60,2098.02,16535219700
2009/2/6,sh.000001,2102.08,2185.09,2102.08,2181.24,16086018900
2009/2/9,sh.000001,2211.32,2238.89,2196.71,2224.71,19231268600
2009/2/10,sh.000001,2218.49,2266.40,2197.01,2265.16,17258736100
2009/2/11,sh.000001,2230.49,2305.71,2218.30,2260.82,20932807400
2009/2/12,sh.000001,2265.79,2274.20,2191.89,2248.09,17397684800
2009/2/13,sh.000001,2249.19,2323.12,2236.18,2320.79,19971551200
2009/2/16,sh.000001,2338.76,2389.88,2328.18,2389.39,21142761000
2009/2/17,sh.000001,2387.35,2402.81,2316.93,2319.44,19811783600
2009/2/18,sh.000001,2271.26,2295.74,2206.06,2209.86,16246187900
2009/2/19,sh.000001,2224.49,2247.62,2190.47,2227.13,12984405000
2009/2/20,sh.000001,2234.37,2262.33,2206.21,2261.48,12893810500
2009/2/23,sh.000001,2249.29,2313.59,2219.71,2305.78,16028911800
2009/2/24,sh.000001,2273.76,2295.59,2193.27,2200.65,18385310600
2009/2/25,sh.000001,2222.51,2234.02,2142.60,2206.57,15237689800
2009/2/26,sh.000001,2201.67,2237.55,2102.35,2121.25,14863885200
2009/2/27,sh.000001,2100.06,2123.24,2064.92,2082.85,12290521000
2009/3/2,sh.000001,2066.23,2102.11,2052.99,2093.45,8746258700
2009/3/3,sh.000001,2047.21,2088.63,2037.02,2071.43,9778172800
2009/3/4,sh.000001,2076.62,2201.73,2076.62,2198.11,15481127500
2009/3/5,sh.000001,2220.15,2241.76,2173.49,2221.08,18244110500
2009/3/6,sh.000001,2180.79,2221.04,2171.67,2193.01,12386323300
2009/3/9,sh.000001,2205.75,2232.67,2116.45,2118.75,12430064700
2009/3/10,sh.000001,2097.14,2159.27,2088.16,2158.57,8394026200
2009/3/11,sh.000001,2199.98,2203.53,2133.14,2139.03,10372345300
2009/3/12,sh.000001,2127.73,2136.80,2086.02,2133.88,8721315100
2009/3/13,sh.000001,2148.42,2166.02,2124.98,2128.85,8350488700
2009/3/16,sh.000001,2122.41,2158.90,2108.61,2153.29,7338263500
2009/3/17,sh.000001,2156.77,2225.19,2151.78,2218.33,13080542300
2009/3/18,sh.000001,2227.98,2255.01,2221.59,2223.73,14699459900
2009/3/19,sh.000001,2227.34,2268.14,2220.16,2265.76,14582231900
2009/3/20,sh.000001,2272.44,2294.12,2250.41,2281.09,15052366400
2009/3/23,sh.000001,2286.25,2329.18,2276.81,2325.48,16006023500
2009/3/24,sh.000001,2359.68,2369.45,2327.43,2338.42,16272708100
2009/3/25,sh.000001,2333.16,2355.69,2291.36,2291.56,14484246900
2009/3/26,sh.000001,2296.05,2362.05,2274.90,2361.70,15855682200
2009/3/27,sh.000001,2380.63,2392.77,2361.09,2374.44,18652838900
2009/3/30,sh.000001,2377.96,2380.19,2348.53,2358.04,13988060600
2009/3/31,sh.000001,2313.88,2375.71,2299.16,2373.21,14269549800
2009/4/1,sh.000001,2380.98,2422.63,2380.98,2408.02,17985761900
2009/4/2,sh.000001,2417.22,2450.00,2417.11,2425.29,18838598300
2009/4/3,sh.000001,2446.12,2456.81,2406.50,2419.78,17025168400
2009/4/7,sh.000001,2422.10,2449.54,2407.51,2439.18,12420922300
2009/4/8,sh.000001,2429.88,2435.39,2346.54,2347.39,14680915700
2009/4/9,sh.000001,2345.01,2380.94,2331.88,2379.88,11323497600
2009/4/10,sh.000001,2400.01,2444.98,2392.80,2444.23,15749119600
2009/4/13,sh.000001,2468.08,2522.45,2464.06,2513.70,19134493200
2009/4/14,sh.000001,2512.01,2532.09,2495.34,2527.18,16518009300
2009/4/15,sh.000001,2514.59,2542.54,2485.93,2536.06,18108568800
2009/4/16,sh.000001,2542.34,2549.31,2497.12,2534.13,18616311900
2009/4/17,sh.000001,2524.63,2539.35,2481.90,2503.94,16159359500
2009/4/20,sh.000001,2500.17,2559.04,2497.32,2557.46,14790425100
2009/4/21,sh.000001,2523.26,2552.60,2499.60,2535.83,16462154200
2009/4/22,sh.000001,2548.11,2579.22,2449.90,2461.35,19398409600
2009/4/23,sh.000001,2440.68,2474.15,2422.79,2463.95,12611975600
2009/4/24,sh.000001,2477.16,2481.53,2445.66,2448.60,11379684500
2009/4/27,sh.000001,2443.44,2452.93,2393.16,2405.35,11300818300
2009/4/28,sh.000001,2382.88,2411.44,2372.34,2401.44,9481529600
2009/4/29,sh.000001,2401.66,2477.73,2395.48,2468.19,12653072200
2009/4/30,sh.000001,2477.93,2491.07,2461.37,2477.57,13115416800
2009/5/4,sh.000001,2486.69,2560.54,2486.23,2559.91,15336999000
2009/5/5,sh.000001,2577.43,2590.78,2552.39,2567.34,15842228300
2009/5/6,sh.000001,2563.56,2596.93,2552.63,2592.52,16070858300
2009/5/7,sh.000001,2612.12,2622.11,2566.12,2597.45,18181146000
2009/5/8,sh.000001,2586.76,2634.06,2574.57,2625.65,16192097600
2009/5/11,sh.000001,2646.29,2663.95,2579.75,2579.75,17824835900
2009/5/12,sh.000001,2562.36,2619.69,2558.96,2618.17,12300596000
2009/5/13,sh.000001,2629.03,2670.21,2608.32,2663.77,14583600600
2009/5/14,sh.000001,2631.45,2651.49,2610.22,2639.89,12476244200
2009/5/15,sh.000001,2646.89,2661.37,2623.36,2645.26,11089018200
2009/5/18,sh.000001,2632.57,2656.84,2589.61,2652.78,11904889400
2009/5/19,sh.000001,2679.40,2688.11,2660.56,2676.68,14746609700
2009/5/20,sh.000001,2680.55,2686.35,2651.01,2651.41,13824586100
2009/5/21,sh.000001,2639.14,2663.23,2598.87,2610.62,13892698100
2009/5/22,sh.000001,2595.99,2617.75,2578.59,2597.60,9914729800
2009/5/25,sh.000001,2555.34,2618.36,2538.62,2610.01,11200078500
2009/5/26,sh.000001,2615.01,2618.80,2585.91,2588.58,11451467000
2009/5/27,sh.000001,2601.24,2635.31,2592.79,2632.93,10316772000
2009/6/1,sh.000001,2668.40,2726.72,2668.40,2721.28,14795955100
2009/6/2,sh.000001,2739.44,2750.88,2713.47,2724.30,15635605800
2009/6/3,sh.000001,2722.27,2778.68,2717.86,2778.59,15568165800
2009/6/4,sh.000001,2753.25,2778.24,2728.20,2767.24,17087892100
2009/6/5,sh.000001,2783.86,2791.65,2750.38,2753.89,14664811300
2009/6/8,sh.000001,2753.35,2795.15,2729.03,2768.34,13323144700
2009/6/9,sh.000001,2766.51,2788.37,2721.85,2787.89,13260156700
2009/6/10,sh.000001,2796.90,2820.58,2790.00,2816.25,14526718800
2009/6/11,sh.000001,2812.28,2828.74,2787.45,2797.32,13411487700
2009/6/12,sh.000001,2793.97,2812.68,2722.22,2743.76,12769465100
2009/6/15,sh.000001,2743.03,2790.98,2727.74,2789.55,10622501300
2009/6/16,sh.000001,2762.74,2797.48,2753.69,2776.02,10338332700
2009/6/17,sh.000001,2771.52,2813.61,2744.22,2810.12,11078374200
2009/6/18,sh.000001,2812.99,2855.42,2810.85,2853.90,13884269400
2009/6/19,sh.000001,2861.18,2886.50,2847.36,2880.49,15302336200
2009/6/22,sh.000001,2900.57,2923.24,2884.13,2896.30,14697220000
2009/6/23,sh.000001,2853.49,2941.06,2841.90,2892.70,14446526700
2009/6/24,sh.000001,2889.05,2923.47,2880.29,2922.30,14057426000
2009/6/25,sh.000001,2926.62,2946.90,2909.09,2925.05,11961302000
2009/6/26,sh.000001,2930.50,2937.61,2910.35,2928.21,10956072000
2009/6/29,sh.000001,2930.31,2976.92,2918.39,2975.31,12854377400
2009/6/30,sh.000001,2990.12,2997.27,2953.36,2959.36,12581395800
2009/7/1,sh.000001,2950.17,3009.71,2947.69,3008.15,13825013300
2009/7/2,sh.000001,3015.08,3062.56,3015.08,3060.25,16196028400
2009/7/3,sh.000001,3035.81,3088.86,3029.55,3088.37,15946794600
2009/7/6,sh.000001,3091.48,3128.31,3090.10,3124.67,18323731600
2009/7/7,sh.000001,3118.27,3130.07,3077.48,3089.45,17877574100
2009/7/8,sh.000001,3057.46,3097.96,3011.21,3080.77,15548918100
2009/7/9,sh.000001,3073.52,3123.51,3064.21,3123.04,16728788200
2009/7/10,sh.000001,3124.79,3140.04,3099.99,3113.93,16116226900
2009/7/13,sh.000001,3098.96,3112.88,3076.30,3080.56,15661005700
2009/7/14,sh.000001,3088.58,3147.59,3088.58,3145.16,16168847900
2009/7/15,sh.000001,3156.63,3188.91,3156.63,3188.55,19591147900
2009/7/16,sh.000001,3209.78,3221.07,3175.96,3183.74,19123018400
2009/7/17,sh.000001,3181.06,3197.23,3158.57,3189.74,16469067200
2009/7/20,sh.000001,3203.89,3269.18,3192.90,3266.92,19887079500
2009/7/21,sh.000001,3275.67,3279.59,3207.50,3213.21,19756589700
2009/7/22,sh.000001,3207.99,3301.43,3207.26,3296.62,16821304300
2009/7/23,sh.000001,3301.10,3331.06,3289.22,3328.49,16639775200
2009/7/24,sh.000001,3343.76,3398.05,3306.91,3372.60,18973867600
2009/7/27,sh.000001,3377.72,3435.93,3376.29,3435.21,19762363400
2009/7/28,sh.000001,3434.32,3439.92,3392.43,3438.37,20424581900
2009/7/29,sh.000001,3419.99,3454.02,3174.21,3266.43,27580119700
2009/7/30,sh.000001,3281.20,3336.64,3215.75,3321.56,19801021300
2009/7/31,sh.000001,3354.68,3414.15,3333.72,3412.06,19371437500
2009/8/3,sh.000001,3429.69,3465.17,3398.45,3462.59,20081370600
2009/8/4,sh.000001,3477.11,3478.01,3404.82,3471.44,21149015400
2009/8/5,sh.000001,3467.05,3468.10,3385.42,3428.50,20250254300
2009/8/6,sh.000001,3401.48,3419.74,3309.61,3356.33,17482737400
2009/8/7,sh.000001,3352.66,3374.46,3244.10,3260.69,15316000700
2009/8/10,sh.000001,3287.76,3307.89,3201.06,3249.76,12668373800
2009/8/11,sh.000001,3261.41,3273.02,3222.71,3264.73,10375229700
2009/8/12,sh.000001,3255.99,3255.99,3104.57,3112.72,13444746300
2009/8/13,sh.000001,3112.57,3150.37,3060.12,3140.56,11693422600
2009/8/14,sh.000001,3138.15,3146.01,3039.31,3046.97,12581559200
2009/8/17,sh.000001,2994.87,3020.26,2867.39,2870.63,12505895900
2009/8/18,sh.000001,2845.34,2920.64,2827.11,2910.88,10625152600
2009/8/19,sh.000001,2916.10,2929.06,2761.40,2785.58,11446946400
2009/8/20,sh.000001,2798.37,2914.64,2798.37,2911.58,11003908600
2009/8/21,sh.000001,2905.05,2969.52,2883.27,2960.77,12679030100
2009/8/24,sh.000001,2982.19,3004.90,2944.92,2993.43,12287572100
2009/8/25,sh.000001,2980.10,2980.10,2823.64,2915.80,14523618000
2009/8/26,sh.000001,2889.74,2995.80,2872.26,2967.60,13042535400
2009/8/27,sh.000001,2947.83,2988.03,2909.89,2946.40,13674590400
2009/8/28,sh.000001,2938.42,2949.43,2843.11,2860.69,12304850000
2009/8/31,sh.000001,2817.63,2817.63,2663.00,2667.75,11824625000
2009/9/1,sh.000001,2649.17,2727.08,2639.76,2683.72,9804258500
2009/9/2,sh.000001,2681.33,2729.71,2669.22,2714.97,8393471400
2009/9/3,sh.000001,2722.31,2854.16,2715.62,2845.02,12989025100
2009/9/4,sh.000001,2841.17,2875.98,2827.58,2861.61,12888993600
2009/9/7,sh.000001,2877.62,2919.35,2860.00,2881.12,13118281200
2009/9/8,sh.000001,2865.70,2931.23,2831.85,2930.48,12792938400
2009/9/9,sh.000001,2944.17,2962.29,2900.11,2946.26,13075449400
2009/9/10,sh.000001,2934.96,2958.95,2911.21,2924.88,10589485700
2009/9/11,sh.000001,2917.19,2999.33,2915.90,2989.79,12324666600
2009/9/14,sh.000001,2990.93,3033.08,2984.84,3026.74,14371122500
2009/9/15,sh.000001,3029.10,3050.43,2999.43,3033.73,14446775500
2009/9/16,sh.000001,3027.51,3028.56,2960.59,2999.71,14741577800
2009/9/17,sh.000001,3015.59,3064.23,3015.59,3060.26,16074039100
2009/9/18,sh.000001,3063.31,3068.03,2940.83,2962.67,16807658400
2009/9/21,sh.000001,2937.93,2968.70,2871.65,2967.01,13623198000
2009/9/22,sh.000001,2956.13,2982.90,2896.94,2897.55,12407469900
2009/9/23,sh.000001,2897.81,2924.20,2825.86,2842.72,10762636200
2009/9/24,sh.000001,2824.58,2886.26,2783.11,2853.55,10254132600
2009/9/25,sh.000001,2836.70,2864.08,2812.92,2838.84,7516760100
2009/9/28,sh.000001,2844.37,2857.95,2752.77,2763.53,7187458600
2009/9/29,sh.000001,2763.76,2779.69,2712.30,2754.54,7356553900
2009/9/30,sh.000001,2772.57,2803.86,2763.71,2779.43,6483325400
2009/10/9,sh.000001,2840.13,2912.55,2834.62,2911.72,8554655500
2009/10/12,sh.000001,2927.02,2932.08,2893.57,2894.48,8818663100
2009/10/13,sh.000001,2889.79,2937.82,2886.96,2936.19,7999790400
2009/10/14,sh.000001,2945.67,3010.61,2943.74,2970.53,12963014800
2009/10/15,sh.000001,2994.89,3014.26,2967.11,2979.79,9861758700
2009/10/16,sh.000001,2992.75,3008.18,2931.92,2976.63,9222279900
2009/10/19,sh.000001,2974.64,3039.61,2962.31,3038.27,12061559800
2009/10/20,sh.000001,3062.55,3084.94,3053.64,3084.45,14365118700
2009/10/21,sh.000001,3080.52,3105.51,3062.56,3070.59,13548277000
2009/10/22,sh.000001,3068.68,3080.66,3045.03,3051.41,10303148800
2009/10/23,sh.000001,3057.39,3123.46,3057.39,3107.85,13860090200
2009/10/26,sh.000001,3114.29,3123.36,3083.18,3109.57,11482611800
2009/10/27,sh.000001,3086.09,3086.09,3020.49,3021.46,12088675700
2009/10/28,sh.000001,3014.18,3038.06,2974.26,3031.33,10097313800
2009/10/29,sh.000001,2975.20,2993.44,2952.01,2960.47,11028223400
2009/10/30,sh.000001,3007.25,3027.13,2983.93,2995.85,10479218700
2009/11/2,sh.000001,2933.82,3077.91,2923.53,3076.65,13728611000
2009/11/3,sh.000001,3085.74,3121.20,3078.94,3114.23,15055225800
2009/11/4,sh.000001,3119.31,3141.45,3096.35,3128.54,14537026800
2009/11/5,sh.000001,3133.51,3158.72,3122.52,3155.05,14546576600
2009/11/6,sh.000001,3176.14,3183.57,3156.99,3164.04,16349081400
2009/11/9,sh.000001,3162.15,3176.66,3141.77,3175.59,13918983500
2009/11/10,sh.000001,3203.17,3211.11,3176.26,3178.61,14244801900
2009/11/11,sh.000001,3176.31,3186.60,3149.07,3175.19,12682170100
2009/11/12,sh.000001,3181.46,3199.87,3163.08,3172.95,13803304700
2009/11/13,sh.000001,3164.65,3189.09,3127.50,3187.65,15114749400
2009/11/16,sh.000001,3206.43,3275.55,3206.43,3275.05,20037898100
2009/11/17,sh.000001,3291.04,3298.38,3275.31,3282.89,16603730500
2009/11/18,sh.000001,3287.27,3315.87,3274.21,3303.23,15866395200
2009/11/19,sh.000001,3311.19,3329.03,3285.81,3320.61,17461964800
2009/11/20,sh.000001,3309.38,3332.53,3280.18,3308.35,17607402500
2009/11/23,sh.000001,3312.97,3339.31,3305.50,3338.66,16953159000
2009/11/24,sh.000001,3352.22,3361.39,3214.03,3223.53,25021155400
2009/11/25,sh.000001,3214.82,3291.17,3188.02,3290.17,18902673700
2009/11/26,sh.000001,3296.01,3305.33,3160.35,3170.98,21797883800
2009/11/27,sh.000001,3137.30,3169.76,3080.89,3096.27,14880272700
2009/11/30,sh.000001,3114.29,3195.88,3114.29,3195.30,13886026300
2009/12/1,sh.000001,3191.06,3240.66,3173.42,3235.36,16527976700
2009/12/2,sh.000001,3252.98,3278.27,3245.96,3269.75,17505136300
2009/12/3,sh.000001,3268.00,3270.37,3227.77,3264.63,15921998800
2009/12/4,sh.000001,3256.61,3319.13,3214.84,3317.04,21594507200
2009/12/7,sh.000001,3313.06,3334.01,3302.13,3331.90,13987600100
2009/12/8,sh.000001,3330.33,3330.38,3260.67,3296.66,13706557300
2009/12/9,sh.000001,3258.00,3284.65,3228.20,3239.57,11509503000
2009/12/10,sh.000001,3258.35,3276.13,3225.56,3254.26,9430651600
2009/12/11,sh.000001,3260.45,3280.94,3242.37,3247.32,9154294500
2009/12/14,sh.000001,3246.95,3315.03,3178.23,3302.90,11824332100
2009/12/15,sh.000001,3283.60,3303.18,3267.94,3274.46,10148456700
2009/12/16,sh.000001,3262.86,3299.33,3246.61,3255.21,10387351300
2009/12/17,sh.000001,3261.61,3272.98,3176.63,3179.08,10564658600
2009/12/18,sh.000001,3154.82,3169.58,3108.03,3113.89,10186637600
2009/12/21,sh.000001,3108.07,3123.99,3088.00,3122.97,7456812600
2009/12/22,sh.000001,3126.62,3129.31,3039.86,3050.52,8508078700
2009/12/23,sh.000001,3048.20,3078.84,3041.35,3073.78,8005813400
2009/12/24,sh.000001,3080.87,3156.53,3075.11,3153.41,10240620400
2009/12/25,sh.000001,3149.23,3154.77,3128.15,3141.35,8454578300
2009/12/28,sh.000001,3148.86,3202.09,3148.86,3188.79,9121160800
2009/12/29,sh.000001,3190.17,3212.52,3166.76,3211.76,10261263700
2009/12/30,sh.000001,3211.83,3267.00,3206.22,3262.60,12945603900
2009/12/31,sh.000001,3265.00,3282.21,3250.03,3277.14,11652040200
2010/1/4,sh.000001,3289.75,3295.28,3243.32,3243.76,10944792700
2010/1/5,sh.000001,3254.47,3290.51,3221.46,3282.18,12611506600
2010/1/6,sh.000001,3277.52,3295.87,3253.04,3254.22,12365138400
2010/1/7,sh.000001,3253.99,3268.82,3176.71,3192.78,12865282700
2010/1/8,sh.000001,3177.26,3198.92,3149.02,3196.00,9837714700
2010/1/11,sh.000001,3301.61,3306.75,3197.33,3212.75,13632721600
2010/1/12,sh.000001,3205.71,3275.20,3180.09,3273.97,14065524100
2010/1/13,sh.000001,3204.98,3232.82,3165.49,3172.66,15834427800
2010/1/14,sh.000001,3183.38,3219.02,3165.60,3215.55,13595450400
2010/1/15,sh.000001,3217.19,3241.82,3197.22,3224.15,12054113500
2010/1/18,sh.000001,3213.64,3238.24,3202.21,3237.10,13506723800
2010/1/19,sh.000001,3242.22,3268.81,3236.84,3246.87,12994353200
2010/1/20,sh.000001,3252.04,3255.13,3148.33,3151.85,15824311200
2010/1/21,sh.000001,3154.19,3176.15,3126.90,3158.86,11433707900
2010/1/22,sh.000001,3118.72,3147.83,3062.63,3128.59,13775853800
2010/1/25,sh.000001,3103.32,3137.00,3092.93,3094.41,7836186200
2010/1/26,sh.000001,3094.85,3107.20,3001.96,3019.39,9350709200
2010/1/27,sh.000001,3020.54,3028.65,2972.63,2986.61,7655221400
2010/1/28,sh.000001,2985.21,3006.04,2963.89,2994.14,7336576700
2010/1/29,sh.000001,2979.74,3024.85,2968.45,2989.29,8047587500
2010/2/1,sh.000001,2981.37,2981.37,2912.89,2941.36,8814711400
2010/2/2,sh.000001,2955.75,2990.75,2930.56,2934.71,8248578900
2010/2/3,sh.000001,2945.03,3005.13,2890.02,3003.84,10102253700
2010/2/4,sh.000001,2983.05,3015.13,2968.68,2995.31,9991836400
2010/2/5,sh.000001,2936.20,2959.23,2918.91,2939.40,9727498900
2010/2/8,sh.000001,2936.45,2954.27,2922.19,2935.17,6329958200
2010/2/9,sh.000001,2932.09,2957.47,2929.21,2948.84,6228220700
2010/2/10,sh.000001,2967.14,2983.18,2958.22,2982.50,5558800500
2010/2/11,sh.000001,2985.08,3001.64,2976.08,2985.50,5664630500
2010/2/12,sh.000001,2996.09,3018.86,2993.44,3018.13,5609212400
2010/2/22,sh.000001,3016.70,3026.66,3002.81,3003.40,6850514300
2010/2/23,sh.000001,2998.91,2998.91,2938.75,2982.58,8039285800
2010/2/24,sh.000001,2964.98,3023.74,2955.07,3022.18,9291896200
2010/2/25,sh.000001,3026.66,3063.00,3022.37,3060.62,11967078100
2010/2/26,sh.000001,3053.50,3067.53,3041.69,3051.94,10129629100
2010/3/1,sh.000001,3057.01,3093.10,3054.55,3087.84,11103887800
2010/3/2,sh.000001,3089.71,3095.99,3060.96,3073.11,10532764700
2010/3/3,sh.000001,3074.10,3098.46,3061.47,3097.01,11715651900
2010/3/4,sh.000001,3098.07,3102.40,3016.22,3023.37,12638388900
2010/3/5,sh.000001,3026.64,3044.17,3011.09,3031.07,9225966500
2010/3/8,sh.000001,3036.42,3058.83,3030.91,3053.23,8101195000
2010/3/9,sh.000001,3053.26,3084.85,3028.69,3069.14,9238180300
2010/3/10,sh.000001,3067.15,3085.99,3034.74,3048.93,8461295300
2010/3/11,sh.000001,3050.64,3070.94,3025.31,3051.28,7987219500
2010/3/12,sh.000001,3051.47,3057.52,3011.97,3013.41,7141891200
2010/3/15,sh.000001,3010.72,3013.52,2963.49,2976.94,6374976800
2010/3/16,sh.000001,2974.49,2993.84,2963.44,2992.84,5962799100
2010/3/17,sh.000001,2999.82,3050.76,2994.89,3050.48,8708569900
2010/3/18,sh.000001,3053.16,3063.59,3035.02,3046.09,9137912400
2010/3/19,sh.000001,3046.75,3069.66,3031.02,3067.75,8848118900
2010/3/22,sh.000001,3069.66,3083.35,3061.76,3074.58,9649941100
2010/3/23,sh.000001,3076.96,3082.97,3051.21,3053.13,9286719000
2010/3/24,sh.000001,3058.93,3076.75,3052.21,3056.81,8926636500
2010/3/25,sh.000001,3051.36,3051.36,3012.31,3019.18,9019054200
2010/3/26,sh.000001,3017.22,3067.71,3009.91,3059.72,9307771600
2010/3/29,sh.000001,3076.05,3130.28,3071.69,3123.80,13189511400
2010/3/30,sh.000001,3123.83,3132.58,3113.77,3128.47,10243151500
2010/3/31,sh.000001,3129.57,3130.11,3101.76,3109.11,10114335100
2010/4/1,sh.000001,3111.94,3148.34,3111.94,3147.42,12677921300
2010/4/2,sh.000001,3154.77,3159.60,3141.87,3157.96,12278938300
2010/4/6,sh.000001,3170.61,3177.97,3141.93,3158.68,11681470300
2010/4/7,sh.000001,3156.31,3161.08,3132.24,3148.22,10352157000
2010/4/8,sh.000001,3143.45,3143.83,3110.26,3118.71,11464338900
2010/4/9,sh.000001,3118.93,3146.46,3114.79,3145.35,10542596000
2010/4/12,sh.000001,3151.89,3156.21,3111.90,3129.26,13796270100
2010/4/13,sh.000001,3129.69,3173.63,3101.48,3161.25,14398204000
2010/4/14,sh.000001,3161.55,3167.66,3145.56,3166.18,10643584700
2010/4/15,sh.000001,3168.14,3181.66,3135.99,3164.97,10626390800
2010/4/16,sh.000001,3159.67,3159.67,3121.37,3130.30,8093491800
2010/4/19,sh.000001,3096.79,3096.79,2977.77,2980.30,12936050500
2010/4/20,sh.000001,2980.08,2998.91,2941.35,2979.53,10173224900
2010/4/21,sh.000001,2984.62,3034.33,2972.10,3033.28,11630851400
2010/4/22,sh.000001,3021.29,3023.64,2978.46,2999.48,12172666400
2010/4/23,sh.000001,2995.57,3015.63,2966.79,2983.54,10351871300
2010/4/26,sh.000001,2988.08,2996.83,2965.83,2969.50,8914667500
2010/4/27,sh.000001,2962.15,2962.15,2866.34,2907.93,10827127300
2010/4/28,sh.000001,2883.17,2916.68,2865.47,2900.33,8374941100
2010/4/29,sh.000001,2912.20,2928.93,2867.94,2868.43,8934443400
2010/4/30,sh.000001,2867.65,2875.81,2820.95,2870.61,8873444400
2010/5/4,sh.000001,2821.35,2862.56,2809.13,2835.28,6607984400
2010/5/5,sh.000001,2804.51,2857.29,2770.33,2857.15,9534057800
2010/5/6,sh.000001,2838.95,2838.95,2735.00,2739.70,9264931600
2010/5/7,sh.000001,2685.99,2732.18,2665.81,2688.38,9202626000
2010/5/10,sh.000001,2690.86,2713.06,2646.59,2698.76,8185405000
2010/5/11,sh.000001,2745.60,2751.07,2638.53,2647.57,8789710700
2010/5/12,sh.000001,2628.02,2668.12,2604.20,2655.71,8254416000
2010/5/13,sh.000001,2653.58,2711.07,2646.90,2710.51,8307773300
2010/5/14,sh.000001,2692.10,2712.86,2677.19,2696.63,7336802400
2010/5/17,sh.000001,2663.88,2663.88,2557.24,2559.93,8264832600
2010/5/18,sh.000001,2555.14,2603.32,2529.63,2594.78,8279238600
2010/5/19,sh.000001,2581.63,2623.96,2554.98,2587.81,7137218600
2010/5/20,sh.000001,2571.54,2609.64,2551.45,2555.94,6639004400
2010/5/21,sh.000001,2492.58,2584.45,2481.97,2583.52,8385609000
2010/5/24,sh.000001,2596.32,2680.49,2596.32,2673.42,11249727200
2010/5/25,sh.000001,2654.36,2659.74,2609.09,2622.63,9326905000
2010/5/26,sh.000001,2620.85,2644.94,2610.51,2625.79,6871046400
2010/5/27,sh.000001,2615.11,2662.08,2583.55,2655.92,8788356900
2010/5/28,sh.000001,2680.40,2686.54,2641.41,2655.77,8694799800
2010/5/31,sh.000001,2647.87,2665.39,2591.54,2592.15,7874388200
2010/6/1,sh.000001,2577.76,2598.90,2534.27,2568.28,7466611300
2010/6/2,sh.000001,2548.54,2572.34,2521.06,2571.42,6486663400
2010/6/3,sh.000001,2575.77,2596.14,2551.53,2552.66,6950232800
2010/6/4,sh.000001,2536.23,2556.97,2527.87,2553.59,5651849500
2010/6/7,sh.000001,2508.33,2527.10,2491.66,2511.73,6569798800
2010/6/8,sh.000001,2510.08,2531.88,2491.65,2513.95,6303246800
2010/6/9,sh.000001,2523.88,2589.47,2501.12,2583.87,9603098400
2010/6/10,sh.000001,2561.55,2581.05,2554.79,2562.58,7458396400
2010/6/11,sh.000001,2574.90,2590.98,2566.62,2569.94,6651928000
2010/6/17,sh.000001,2588.97,2595.51,2559.72,2560.25,5495703900
2010/6/18,sh.000001,2556.60,2568.86,2505.33,2513.22,6721845300
2010/6/21,sh.000001,2517.29,2587.34,2504.32,2586.21,7855442500
2010/6/22,sh.000001,2579.63,2598.35,2572.96,2588.70,6368145900
2010/6/23,sh.000001,2576.34,2593.67,2546.52,2569.87,5877682200
2010/6/24,sh.000001,2563.64,2586.90,2554.34,2566.75,4885657100
2010/6/25,sh.000001,2556.54,2572.83,2534.27,2552.82,5007885200
2010/6/28,sh.000001,2550.65,2561.49,2528.39,2535.28,4320393800
2010/6/29,sh.000001,2534.50,2541.14,2425.93,2427.05,7374490400
2010/6/30,sh.000001,2409.54,2411.44,2382.36,2398.37,5521056900
2010/7/1,sh.000001,2393.95,2410.77,2371.78,2373.79,4996768600
2010/7/2,sh.000001,2371.32,2386.40,2319.74,2382.90,6832957000
2010/7/5,sh.000001,2358.76,2378.09,2335.57,2363.95,4799645200
2010/7/6,sh.000001,2358.28,2409.78,2356.55,2409.42,6136429500
2010/7/7,sh.000001,2407.67,2421.68,2392.57,2421.12,5611070000
2010/7/8,sh.000001,2429.68,2436.28,2402.00,2415.15,5448595400
2010/7/9,sh.000001,2416.58,2485.60,2398.68,2470.92,8589014800
2010/7/12,sh.000001,2468.54,2501.02,2455.81,2490.72,8292234900
2010/7/13,sh.000001,2468.69,2468.69,2439.24,2450.29,6632701900
2010/7/14,sh.000001,2456.10,2494.59,2456.10,2470.44,7294614500
2010/7/15,sh.000001,2465.99,2487.24,2423.65,2424.30,10553923900
2010/7/16,sh.000001,2414.68,2428.46,2389.07,2424.27,7079330300
2010/7/19,sh.000001,2399.58,2484.19,2392.27,2475.42,8883896200
2010/7/20,sh.000001,2477.75,2530.33,2477.46,2528.73,11859837400
2010/7/21,sh.000001,2529.62,2553.45,2520.15,2535.39,11424783200
2010/7/22,sh.000001,2525.98,2563.24,2522.20,2562.41,10593421700
2010/7/23,sh.000001,2566.85,2579.52,2549.24,2572.03,11437314900
2010/7/26,sh.000001,2576.37,2589.48,2556.47,2588.68,9332648600
2010/7/27,sh.000001,2581.59,2588.00,2565.64,2575.37,8660523600
2010/7/28,sh.000001,2574.32,2636.00,2564.16,2633.66,12897953800
2010/7/29,sh.000001,2635.05,2656.41,2623.94,2648.12,13912360500
2010/7/30,sh.000001,2642.85,2643.04,2614.73,2637.50,9477378800
2010/8/2,sh.000001,2635.81,2675.76,2633.65,2672.52,11294463300
2010/8/3,sh.000001,2678.79,2681.79,2626.72,2627.00,12797109400
2010/8/4,sh.000001,2620.50,2638.90,2589.99,2638.52,11212373700
2010/8/5,sh.000001,2636.24,2640.59,2606.62,2620.76,11351438200
2010/8/6,sh.000001,2618.71,2659.41,2598.91,2658.39,12092728600
2010/8/9,sh.000001,2656.36,2676.09,2650.40,2672.53,11996475000
2010/8/10,sh.000001,2672.79,2675.31,2594.34,2595.27,12701002100
2010/8/11,sh.000001,2587.62,2618.45,2586.02,2607.50,8694146100
2010/8/12,sh.000001,2584.92,2608.76,2570.96,2575.48,9267520300
2010/8/13,sh.000001,2576.69,2607.03,2564.84,2606.70,8882045000
2010/8/16,sh.000001,2603.79,2665.31,2596.77,2661.71,12586282300
2010/8/17,sh.000001,2663.18,2677.57,2654.01,2671.89,12263829400
2010/8/18,sh.000001,2674.50,2687.76,2654.41,2666.30,13625434800
2010/8/19,sh.000001,2669.43,2701.93,2659.30,2687.98,12844161300
2010/8/20,sh.000001,2677.02,2683.29,2636.91,2642.31,11617218400
2010/8/23,sh.000001,2637.82,2656.12,2629.71,2639.37,8813653900
2010/8/24,sh.000001,2636.53,2667.17,2614.56,2650.31,10724363900
2010/8/25,sh.000001,2634.95,2645.50,2595.73,2596.58,10969582800
2010/8/26,sh.000001,2604.88,2616.96,2590.61,2603.48,8031385700
2010/8/27,sh.000001,2602.50,2613.49,2588.64,2610.74,7046609400
2010/8/30,sh.000001,2622.27,2656.36,2620.19,2652.66,11047952500
2010/8/31,sh.000001,2644.79,2647.25,2626.79,2638.80,11089024500
2010/9/1,sh.000001,2641.05,2662.88,2604.49,2622.88,12716494000
2010/9/2,sh.000001,2646.89,2659.98,2636.42,2655.78,12407623800
2010/9/3,sh.000001,2658.13,2660.54,2631.85,2655.39,12945652600
2010/9/6,sh.000001,2667.20,2698.60,2664.24,2696.25,14420906600
2010/9/7,sh.000001,2698.22,2704.93,2679.02,2698.36,11223153900
2010/9/8,sh.000001,2687.71,2695.85,2674.32,2695.29,11351940900
2010/9/9,sh.000001,2698.64,2698.64,2651.60,2656.35,13298943400
2010/9/10,sh.000001,2657.24,2667.84,2628.83,2663.21,11304115100
2010/9/13,sh.000001,2665.66,2696.67,2660.61,2688.32,11791891400
2010/9/14,sh.000001,2694.07,2703.78,2678.97,2688.52,12071241000
2010/9/15,sh.000001,2688.39,2688.49,2645.86,2652.50,12203981500
2010/9/16,sh.000001,2646.92,2653.27,2583.34,2602.47,11899820000
2010/9/17,sh.000001,2607.55,2615.08,2592.54,2598.69,8317135700
2010/9/20,sh.000001,2601.48,2607.35,2573.63,2588.71,7946951900
2010/9/21,sh.000001,2593.76,2601.10,2580.18,2591.55,5810140600
2010/9/27,sh.000001,2600.54,2629.05,2597.14,2627.97,7684465800
2010/9/28,sh.000001,2625.33,2625.33,2607.02,2611.35,9311743000
2010/9/29,sh.000001,2608.92,2634.12,2603.93,2610.68,8861866300
2010/9/30,sh.000001,2599.72,2656.00,2597.60,2655.66,8958036100
2010/10/8,sh.000001,2681.25,2747.81,2677.99,2738.74,13575954300
2010/10/11,sh.000001,2755.03,2823.60,2755.03,2806.94,20753526500
2010/10/12,sh.000001,2795.76,2843.43,2782.34,2841.41,16742832700
2010/10/13,sh.000001,2842.14,2862.04,2826.22,2861.36,18528167100
2010/10/14,sh.000001,2881.55,2919.41,2864.52,2879.64,22946170900
2010/10/15,sh.000001,2863.74,2971.16,2858.22,2971.16,23656855800
2010/10/18,sh.000001,2985.46,3026.10,2944.72,2955.23,26331693800
2010/10/19,sh.000001,2949.63,3002.37,2931.91,3001.85,17066782800
2010/10/20,sh.000001,2947.51,3041.15,2942.51,3003.95,20780442400
2010/10/21,sh.000001,3009.23,3018.24,2958.55,2983.53,16143614100
2010/10/22,sh.000001,2976.75,2997.62,2954.62,2975.04,14707988100
2010/10/25,sh.000001,2979.71,3051.54,2959.30,3051.42,19211424300
2010/10/26,sh.000001,3065.84,3073.38,3017.82,3041.54,19877890800
2010/10/27,sh.000001,3031.65,3056.40,2988.87,2997.05,17626828000
2010/10/28,sh.000001,2989.29,3007.01,2969.30,2992.58,14353793300
2010/10/29,sh.000001,2993.30,2996.77,2955.48,2978.84,14710975400
2010/11/1,sh.000001,2986.89,3054.05,2986.89,3054.02,18624318000
2010/11/2,sh.000001,3061.63,3089.57,3029.32,3045.43,22494728300
2010/11/3,sh.000001,3044.02,3069.07,3017.10,3030.99,18984803200
2010/11/4,sh.000001,3035.37,3087.42,3035.37,3086.94,17685709600
2010/11/5,sh.000001,3129.87,3142.59,3105.92,3129.50,21195580300
2010/11/8,sh.000001,3140.40,3160.70,3124.09,3159.51,20541796000
2010/11/9,sh.000001,3159.02,3159.02,3110.34,3135.00,19245574600
2010/11/10,sh.000001,3120.44,3124.26,3093.88,3115.36,18505242300
2010/11/11,sh.000001,3108.51,3186.72,3102.77,3147.74,21027474300
2010/11/12,sh.000001,3121.92,3150.15,2975.16,2985.44,23308495800
2010/11/15,sh.000001,2984.87,3016.13,2939.68,3014.41,15315244800
2010/11/16,sh.000001,3007.64,3007.64,2885.75,2894.54,17108937300
2010/11/17,sh.000001,2852.48,2891.05,2824.12,2838.86,12378026100
2010/11/18,sh.000001,2855.61,2873.70,2827.18,2865.45,10222618200
2010/11/19,sh.000001,2879.66,2888.75,2806.64,2888.57,12377846000
2010/11/22,sh.000001,2861.61,2904.97,2852.77,2884.37,12711771600
2010/11/23,sh.000001,2872.17,2872.17,2791.58,2828.28,11631195600
2010/11/24,sh.000001,2794.86,2861.49,2794.86,2859.94,11615623800
2010/11/25,sh.000001,2875.86,2901.68,2856.96,2898.26,13160845300
2010/11/26,sh.000001,2890.29,2894.42,2851.96,2871.70,11086619100
2010/11/29,sh.000001,2861.15,2878.83,2841.80,2866.36,10245254200
2010/11/30,sh.000001,2863.41,2881.16,2758.92,2820.18,13932486300
2010/12/1,sh.000001,2810.54,2834.20,2795.81,2823.45,8126329600
2010/12/2,sh.000001,2860.46,2870.81,2841.47,2843.61,10419575500
2010/12/3,sh.000001,2846.73,2853.40,2822.74,2842.43,8352101000
2010/12/6,sh.000001,2850.38,2871.41,2831.70,2857.18,8977305500
2010/12/7,sh.000001,2843.77,2884.53,2809.11,2875.86,8678549700
2010/12/8,sh.000001,2868.73,2880.56,2843.94,2848.55,8670737900
2010/12/9,sh.000001,2837.62,2854.70,2808.51,2810.95,9462255200
2010/12/10,sh.000001,2798.74,2850.42,2792.52,2841.04,8049610800
2010/12/13,sh.000001,2850.33,2923.77,2847.66,2922.95,12887846800
2010/12/14,sh.000001,2928.30,2933.41,2912.42,2927.08,12094493600
2010/12/15,sh.000001,2927.26,2939.05,2905.65,2911.41,10946248900
2010/12/16,sh.000001,2908.87,2921.28,2891.86,2898.14,8760631300
2010/12/17,sh.000001,2896.77,2898.81,2881.00,2893.74,7367713600
2010/12/20,sh.000001,2901.47,2911.56,2804.56,2852.92,11375549500
2010/12/21,sh.000001,2857.59,2908.17,2846.63,2904.12,10682562300
2010/12/22,sh.000001,2910.73,2917.20,2867.05,2877.90,9832555700
2010/12/23,sh.000001,2874.20,2893.71,2849.84,2855.22,8900248800
2010/12/24,sh.000001,2841.35,2853.49,2813.50,2835.16,8121684800
2010/12/27,sh.000001,2842.81,2876.81,2774.54,2781.40,9780727800
2010/12/28,sh.000001,2768.03,2775.15,2730.41,2732.99,8433263200
2010/12/29,sh.000001,2735.48,2753.03,2721.48,2751.53,6394127800
2010/12/30,sh.000001,2751.97,2768.13,2724.54,2759.58,7317204600
2010/12/31,sh.000001,2759.16,2808.93,2758.13,2808.08,8335021400
2011/1/4,sh.000001,2825.33,2855.40,2810.11,2852.65,11007279100
2011/1/5,sh.000001,2833.12,2850.49,2824.30,2838.59,10441528200
2011/1/6,sh.000001,2838.44,2853.88,2816.95,2824.20,8470561600
2011/1/7,sh.000001,2820.67,2868.01,2807.87,2838.80,11312956800
2011/1/10,sh.000001,2832.62,2847.36,2786.86,2791.81,9078087200
2011/1/11,sh.000001,2783.48,2810.76,2770.34,2804.05,8055378000
2011/1/12,sh.000001,2811.79,2828.47,2788.13,2821.31,7924611700
2011/1/13,sh.000001,2830.53,2837.53,2810.87,2827.71,7488626500
2011/1/14,sh.000001,2817.05,2817.05,2780.44,2791.34,7675388000
2011/1/17,sh.000001,2772.45,2780.94,2698.78,2706.66,9251911300
2011/1/18,sh.000001,2696.15,2715.41,2683.37,2708.98,6037727600
2011/1/19,sh.000001,2707.82,2759.60,2700.81,2758.10,7849316900
2011/1/20,sh.000001,2752.80,2752.80,2676.13,2677.65,8604719100
2011/1/21,sh.000001,2668.68,2746.18,2667.29,2715.29,9563903800
2011/1/24,sh.000001,2716.52,2736.11,2690.65,2695.72,8792080700
2011/1/25,sh.000001,2691.69,2701.04,2661.45,2677.43,6948141200
2011/1/26,sh.000001,2677.17,2710.74,2676.77,2708.81,6075089900
2011/1/27,sh.000001,2690.83,2753.00,2677.21,2749.15,10556916300
2011/1/28,sh.000001,2741.31,2759.44,2733.29,2752.75,8542799200
2011/1/31,sh.000001,2751.53,2790.92,2748.54,2790.69,9150281400
2011/2/1,sh.000001,2795.07,2805.05,2785.30,2798.96,7335009200
2011/2/9,sh.000001,2778.70,2804.21,2764.87,2774.07,8725778800
2011/2/10,sh.000001,2769.65,2819.06,2760.18,2818.16,9791976300
2011/2/11,sh.000001,2815.12,2835.41,2807.61,2827.33,10775817100
2011/2/14,sh.000001,2828.57,2906.26,2828.57,2899.13,15424297000
2011/2/15,sh.000001,2900.43,2934.47,2892.64,2899.24,15244989800
2011/2/16,sh.000001,2893.68,2924.19,2882.55,2923.90,12780569700
2011/2/17,sh.000001,2929.26,2939.28,2905.03,2926.96,13041549800
2011/2/18,sh.000001,2924.23,2924.23,2890.26,2899.79,11377546300
2011/2/21,sh.000001,2886.54,2932.82,2884.19,2932.25,11885588300
2011/2/22,sh.000001,2941.32,2944.41,2851.62,2855.52,15300462200
2011/2/23,sh.000001,2844.99,2868.48,2839.20,2862.63,11108305900
2011/2/24,sh.000001,2861.39,2881.54,2854.56,2878.60,10977258800
2011/2/25,sh.000001,2876.78,2890.32,2848.65,2878.57,10009403900
2011/2/28,sh.000001,2880.17,2906.17,2861.82,2905.05,11870576300
2011/3/1,sh.000001,2906.29,2931.58,2901.55,2918.92,13655504800
2011/3/2,sh.000001,2905.51,2924.96,2883.57,2913.81,13344225800
2011/3/3,sh.000001,2918.73,2937.56,2900.76,2902.98,15048888400
2011/3/4,sh.000001,2902.19,2944.46,2898.08,2942.31,11827724100
2011/3/7,sh.000001,2952.72,3000.43,2952.72,2996.21,16010588400
2011/3/8,sh.000001,2996.73,3001.62,2976.60,2999.94,12668115400
2011/3/9,sh.000001,3002.55,3012.04,2989.34,3002.15,12479073500
2011/3/10,sh.000001,2995.77,2995.77,2954.37,2957.14,12379988900
2011/3/11,sh.000001,2942.42,2966.98,2927.68,2933.80,11599448000
2011/3/14,sh.000001,2923.98,2939.65,2914.46,2937.63,11691061800
2011/3/15,sh.000001,2927.98,2927.98,2850.95,2896.26,15495195100
2011/3/16,sh.000001,2894.25,2934.02,2894.25,2930.80,13077723700
2011/3/17,sh.000001,2906.96,2935.63,2885.65,2897.30,13779782700
2011/3/18,sh.000001,2920.81,2930.61,2900.87,2906.89,10063733500
2011/3/21,sh.000001,2913.91,2927.07,2895.15,2909.14,9676027500
2011/3/22,sh.000001,2917.69,2923.39,2884.75,2919.14,9511745700
2011/3/23,sh.000001,2919.02,2950.42,2911.63,2948.48,11260347500
2011/3/24,sh.000001,2949.85,2958.66,2942.13,2946.71,10895597900
2011/3/25,sh.000001,2948.54,2985.08,2946.70,2977.81,13639636700
2011/3/28,sh.000001,2985.36,3005.78,2979.20,2984.01,15601687800
2011/3/29,sh.000001,2979.87,2994.17,2953.54,2958.08,16854324600
2011/3/30,sh.000001,2955.45,2968.18,2935.75,2955.77,12649354800
2011/3/31,sh.000001,2954.65,2961.63,2914.38,2928.11,10893561100
2011/4/1,sh.000001,2932.48,2967.85,2924.39,2967.41,9984409400
2011/4/6,sh.000001,2964.21,3005.24,2963.90,3001.36,14165061300
2011/4/7,sh.000001,3003.20,3012.29,2990.31,3007.91,12473459100
2011/4/8,sh.000001,3005.37,3031.10,2998.34,3030.02,11433779400
2011/4/11,sh.000001,3037.91,3059.57,3019.89,3022.75,14718957600
2011/4/12,sh.000001,3012.80,3039.12,3003.45,3021.37,14599054700
2011/4/13,sh.000001,3006.83,3050.40,2994.47,3050.40,12820265500
2011/4/14,sh.000001,3049.67,3058.24,3036.73,3042.64,12948710700
2011/4/15,sh.000001,3036.35,3062.53,3020.16,3050.53,12853098900
2011/4/18,sh.000001,3040.53,3067.46,3037.19,3057.33,13748873900
2011/4/19,sh.000001,3038.81,3038.81,2996.22,2999.04,14189639400
2011/4/20,sh.000001,3005.98,3019.12,2992.67,3007.04,11974165700
2011/4/21,sh.000001,3021.77,3035.47,3012.54,3026.67,12151066400
2011/4/22,sh.000001,3025.70,3032.97,3004.47,3010.52,11852561300
2011/4/25,sh.000001,3003.03,3003.61,2964.64,2964.95,11731662200
2011/4/26,sh.000001,2956.95,2970.28,2931.50,2938.98,9515481900
2011/4/27,sh.000001,2946.33,2961.13,2907.66,2925.41,10549247500
2011/4/28,sh.000001,2937.95,2953.19,2884.84,2887.04,10523087500
2011/4/29,sh.000001,2886.63,2913.56,2871.01,2911.51,8753425500
2011/5/3,sh.000001,2911.51,2933.46,2890.23,2932.19,9640272200
2011/5/4,sh.000001,2916.85,2916.97,2860.08,2866.02,11148113100
2011/5/5,sh.000001,2854.77,2880.13,2849.91,2872.40,9108442700
2011/5/6,sh.000001,2842.77,2881.71,2834.46,2863.89,9106390900
2011/5/9,sh.000001,2868.24,2885.18,2861.42,2872.46,8157615500
2011/5/10,sh.000001,2876.98,2891.03,2865.10,2890.63,8129717600
2011/5/11,sh.000001,2890.35,2897.14,2868.35,2883.42,9247712200
2011/5/12,sh.000001,2864.98,2876.45,2843.10,2844.08,10024096100
2011/5/13,sh.000001,2846.31,2871.99,2832.25,2871.03,9323881500
2011/5/16,sh.000001,2864.38,2877.09,2846.31,2849.07,8464825100
2011/5/17,sh.000001,2846.45,2869.23,2821.20,2852.77,9481984700
2011/5/18,sh.000001,2846.73,2877.43,2843.68,2872.77,7682697000
2011/5/19,sh.000001,2879.39,2884.14,2856.83,2859.57,7699453800
2011/5/20,sh.000001,2858.31,2866.76,2850.45,2858.46,7074378600
2011/5/23,sh.000001,2853.29,2853.29,2771.12,2774.57,9862204500
2011/5/24,sh.000001,2766.06,2771.75,2744.78,2767.06,7485289800
2011/5/25,sh.000001,2764.56,2771.18,2737.33,2741.74,7440653400
2011/5/26,sh.000001,2755.39,2764.89,2734.54,2736.53,7874131500
2011/5/27,sh.000001,2739.39,2746.84,2708.55,2709.95,8252105200
2011/5/30,sh.000001,2704.49,2728.06,2689.21,2706.36,6517438800
2011/5/31,sh.000001,2707.56,2744.93,2702.10,2743.47,6790038300
2011/6/1,sh.000001,2737.06,2744.56,2726.50,2743.57,6855550100
2011/6/2,sh.000001,2715.32,2728.00,2676.54,2705.18,8602115800
2011/6/3,sh.000001,2701.77,2732.43,2701.25,2728.02,6798394500
2011/6/7,sh.000001,2720.97,2745.77,2717.31,2744.30,6502129300
2011/6/8,sh.000001,2742.04,2754.12,2715.25,2750.29,7429466100
2011/6/9,sh.000001,2743.54,2747.33,2702.70,2703.35,8346926800
2011/6/10,sh.000001,2696.13,2707.74,2672.32,2705.14,7340029400
2011/6/13,sh.000001,2687.65,2703.42,2669.40,2700.38,6306945900
2011/6/14,sh.000001,2696.22,2735.55,2691.67,2730.04,8309751400
2011/6/15,sh.000001,2717.68,2730.48,2705.07,2705.43,7485694500
2011/6/16,sh.000001,2685.63,2691.94,2663.12,2664.28,7092787000
2011/6/17,sh.000001,2661.41,2675.03,2641.39,2642.82,6444263300
2011/6/20,sh.000001,2635.83,2637.88,2610.99,2621.25,6005986400
2011/6/21,sh.000001,2628.02,2648.02,2618.81,2646.48,6482187100
2011/6/22,sh.000001,2648.53,2657.73,2633.47,2649.32,5831380200
2011/6/23,sh.000001,2640.66,2693.42,2630.34,2688.25,7377268800
2011/6/24,sh.000001,2678.05,2759.71,2674.30,2746.21,12577362800
2011/6/27,sh.000001,2746.79,2769.04,2743.50,2758.23,10160101800
2011/6/28,sh.000001,2759.71,2763.28,2736.40,2759.20,8827745000
2011/6/29,sh.000001,2757.40,2759.23,2727.25,2728.48,8822419700
2011/6/30,sh.000001,2729.99,2774.37,2729.99,2762.08,9096712400
2011/7/1,sh.000001,2767.83,2778.67,2752.97,2759.36,9207287800
2011/7/4,sh.000001,2770.94,2813.27,2770.94,2812.82,12196226000
2011/7/5,sh.000001,2812.72,2818.14,2799.11,2816.36,11012422400
2011/7/6,sh.000001,2811.82,2811.82,2780.73,2810.48,10310439300
2011/7/7,sh.000001,2813.19,2825.12,2793.89,2794.27,11651214300
2011/7/8,sh.000001,2797.03,2807.38,2784.13,2797.77,8621160900
2011/7/11,sh.000001,2789.45,2807.32,2780.67,2802.69,8606359500
2011/7/12,sh.000001,2783.72,2783.72,2752.19,2754.58,9667447500
2011/7/13,sh.000001,2756.03,2797.27,2756.03,2795.48,9192912800
2011/7/14,sh.000001,2798.21,2811.70,2788.98,2810.44,10450208000
2011/7/15,sh.000001,2803.59,2821.34,2794.16,2820.17,10747006400
2011/7/18,sh.000001,2821.36,2826.96,2807.11,2816.69,10810862300
2011/7/19,sh.000001,2804.92,2809.32,2790.69,2796.98,9274088400
2011/7/20,sh.000001,2810.44,2817.29,2779.38,2794.21,8403061600
2011/7/21,sh.000001,2795.90,2799.85,2763.42,2765.89,8176058200
2011/7/22,sh.000001,2769.86,2782.17,2763.80,2770.79,7021183700
2011/7/25,sh.000001,2759.63,2759.63,2680.75,2688.75,11124224900
2011/7/26,sh.000001,2685.75,2704.94,2677.12,2703.03,7288145400
2011/7/27,sh.000001,2690.14,2726.80,2680.43,2723.49,8040778100
2011/7/28,sh.000001,2701.77,2712.09,2684.66,2708.78,7847491500
2011/7/29,sh.000001,2706.50,2721.53,2681.27,2701.73,7547165500
2011/8/1,sh.000001,2697.58,2712.89,2688.53,2703.78,5900071100
2011/8/2,sh.000001,2689.97,2689.97,2651.28,2679.26,6999318100
2011/8/3,sh.000001,2659.12,2688.07,2654.36,2678.49,6398161000
2011/8/4,sh.000001,2683.19,2698.82,2675.53,2684.04,5887211100
2011/8/5,sh.000001,2620.28,2644.58,2605.14,2626.42,7857183300
2011/8/8,sh.000001,2599.29,2614.19,2497.92,2526.82,11030249600
2011/8/9,sh.000001,2468.03,2537.41,2437.68,2526.07,10372389200
2011/8/10,sh.000001,2562.39,2579.16,2544.95,2549.18,10036934300
2011/8/11,sh.000001,2508.86,2582.16,2505.01,2581.51,9559726500
2011/8/12,sh.000001,2593.40,2605.45,2585.85,2593.17,9717120600
2011/8/15,sh.000001,2598.14,2627.10,2584.41,2626.77,8867684200
2011/8/16,sh.000001,2627.85,2636.36,2601.50,2608.17,8522686100
2011/8/17,sh.000001,2603.96,2617.17,2596.04,2601.26,7010914600
2011/8/18,sh.000001,2601.99,2603.49,2556.86,2559.47,7098927700
2011/8/19,sh.000001,2519.65,2538.27,2513.75,2534.36,7060680100
2011/8/22,sh.000001,2534.57,2553.42,2507.78,2515.86,6121442900
2011/8/23,sh.000001,2524.88,2554.18,2514.95,2554.02,6094419300
2011/8/24,sh.000001,2562.41,2569.28,2536.26,2541.09,6546246900
2011/8/25,sh.000001,2546.40,2616.30,2545.05,2615.26,10453797800
2011/8/26,sh.000001,2602.21,2616.64,2593.24,2612.19,7785045000
2011/8/29,sh.000001,2595.47,2595.47,2570.84,2576.41,7369609500
2011/8/30,sh.000001,2592.60,2615.14,2563.69,2566.60,7591068600
2011/8/31,sh.000001,2566.53,2574.42,2545.10,2567.34,5916972000
2011/9/1,sh.000001,2569.80,2584.80,2547.86,2556.04,5729092700
2011/9/2,sh.000001,2551.56,2557.31,2517.62,2528.28,5443658100
2011/9/5,sh.000001,2510.10,2510.10,2478.20,2478.74,5503106600
2011/9/6,sh.000001,2465.57,2482.24,2459.54,2470.52,4922317300
2011/9/7,sh.000001,2480.94,2516.75,2475.22,2516.09,5966586000
2011/9/8,sh.000001,2523.96,2524.38,2498.11,2498.94,5527195200
2011/9/9,sh.000001,2506.97,2528.42,2487.15,2497.75,5125338000
2011/9/13,sh.000001,2467.73,2477.08,2453.80,2471.31,4993091900
2011/9/14,sh.000001,2478.59,2485.93,2439.37,2484.83,5406597700
2011/9/15,sh.000001,2482.86,2496.57,2477.65,2479.06,5600368800
2011/9/16,sh.000001,2490.18,2499.48,2475.76,2482.34,4798685400
2011/9/19,sh.000001,2469.60,2469.60,2437.17,2437.80,4874682200
2011/9/20,sh.000001,2433.72,2460.03,2426.70,2447.76,4626589200
2011/9/21,sh.000001,2450.12,2517.67,2438.85,2512.96,8668927600
2011/9/22,sh.000001,2491.21,2499.98,2442.46,2443.06,7469540900
2011/9/23,sh.000001,2411.83,2440.75,2400.14,2433.16,6730269300
2011/9/26,sh.000001,2416.23,2441.73,2384.64,2393.18,5742504200
2011/9/27,sh.000001,2410.99,2423.91,2395.16,2415.05,5523143200
2011/9/28,sh.000001,2427.29,2430.27,2383.40,2392.06,5575844700
2011/9/29,sh.000001,2378.42,2387.54,2358.57,2365.34,5919123900
2011/9/30,sh.000001,2368.40,2377.54,2348.22,2359.22,4881837200
2011/10/10,sh.000001,2363.08,2368.15,2338.69,2344.79,4174530600
2011/10/11,sh.000001,2401.74,2412.38,2323.41,2348.52,6397580600
2011/10/12,sh.000001,2335.49,2421.69,2318.63,2420.00,9150856800
2011/10/13,sh.000001,2412.83,2439.64,2406.28,2438.79,8786010600
2011/10/14,sh.000001,2429.89,2437.59,2409.29,2431.38,6067316000
2011/10/17,sh.000001,2434.49,2452.99,2424.73,2440.40,5826768200
2011/10/18,sh.000001,2423.28,2425.65,2378.67,2383.49,7952574400
2011/10/19,sh.000001,2387.83,2401.69,2374.42,2377.51,5853463700
2011/10/20,sh.000001,2365.91,2368.64,2315.90,2331.37,6542521500
2011/10/21,sh.000001,2330.51,2340.32,2313.78,2317.28,4843672500
2011/10/24,sh.000001,2322.02,2371.09,2307.15,2370.33,7087407100
2011/10/25,sh.000001,2366.40,2414.05,2357.39,2409.67,9088887600
2011/10/26,sh.000001,2398.19,2448.98,2394.73,2427.48,10744716800
2011/10/27,sh.000001,2432.47,2449.70,2426.32,2435.61,8240896100
2011/10/28,sh.000001,2462.09,2483.76,2456.18,2473.41,11003272100
2011/10/31,sh.000001,2470.25,2478.31,2455.21,2468.25,8417256200
2011/11/1,sh.000001,2450.33,2491.36,2445.53,2470.02,8889241700
2011/11/2,sh.000001,2437.87,2505.12,2433.72,2504.11,10546820000
2011/11/3,sh.000001,2510.84,2535.24,2507.30,2508.09,13657632500
2011/11/4,sh.000001,2525.24,2536.78,2512.90,2528.29,10187367500
2011/11/7,sh.000001,2518.90,2536.18,2507.62,2509.80,7886717400
2011/11/8,sh.000001,2514.26,2524.82,2500.02,2503.84,7867265600
2011/11/9,sh.000001,2512.59,2527.70,2489.03,2524.92,7820857200
2011/11/10,sh.000001,2498.59,2507.45,2478.14,2479.54,8711108800
2011/11/11,sh.000001,2483.96,2496.53,2472.76,2481.08,6613766800
2011/11/14,sh.000001,2498.67,2529.63,2496.34,2528.71,8122981200
2011/11/15,sh.000001,2525.95,2534.06,2518.70,2529.76,7922775000
2011/11/16,sh.000001,2529.07,2529.46,2456.86,2466.96,9338210900
2011/11/17,sh.000001,2467.70,2482.53,2459.17,2463.05,6641428500
2011/11/18,sh.000001,2448.39,2448.51,2411.04,2416.56,7218080700
2011/11/21,sh.000001,2416.73,2419.24,2396.09,2415.13,5017036600
2011/11/22,sh.000001,2400.98,2414.85,2387.83,2412.63,5144323300
2011/11/23,sh.000001,2415.20,2418.56,2390.65,2395.07,5054785000
2011/11/24,sh.000001,2379.15,2409.72,2370.70,2397.55,5215415000
2011/11/25,sh.000001,2393.33,2403.94,2372.62,2380.22,4536255200
2011/11/28,sh.000001,2383.89,2396.83,2372.16,2383.03,4606466600
2011/11/29,sh.000001,2398.99,2413.33,2388.20,2412.39,5512319000
2011/11/30,sh.000001,2406.33,2407.33,2319.44,2333.41,7661110400
2011/12/1,sh.000001,2392.49,2423.56,2376.92,2386.86,9865004600
2011/12/2,sh.000001,2374.90,2378.30,2344.85,2360.66,5986884500
2011/12/5,sh.000001,2363.11,2363.13,2327.61,2333.23,5221496900
2011/12/6,sh.000001,2326.66,2331.89,2310.16,2325.91,4591707700
2011/12/7,sh.000001,2325.56,2339.85,2317.81,2332.73,4157030600
2011/12/8,sh.000001,2329.91,2346.65,2302.64,2329.82,5147352000
2011/12/9,sh.000001,2315.51,2331.26,2309.46,2315.27,3998855900
2011/12/12,sh.000001,2312.15,2315.81,2290.26,2291.55,3963257800
2011/12/13,sh.000001,2283.22,2285.81,2245.87,2248.59,5862747800
2011/12/14,sh.000001,2241.39,2256.74,2224.73,2228.53,4407982200
2011/12/15,sh.000001,2215.79,2216.91,2179.47,2180.90,5671218600
2011/12/16,sh.000001,2179.51,2225.54,2170.75,2224.84,5726590300
2011/12/19,sh.000001,2208.07,2221.45,2164.89,2218.24,5781846400
2011/12/20,sh.000001,2209.70,2239.86,2206.52,2215.93,5276111300
2011/12/21,sh.000001,2230.18,2237.47,2188.71,2191.15,5087726200
2011/12/22,sh.000001,2178.57,2201.59,2149.42,2186.30,5898611700
2011/12/23,sh.000001,2183.91,2219.79,2178.14,2204.78,5242132500
2011/12/26,sh.000001,2193.66,2213.45,2186.07,2190.11,4361366300
2011/12/27,sh.000001,2186.71,2196.97,2162.72,2166.21,4571217900
2011/12/28,sh.000001,2157.65,2170.67,2134.02,2170.01,4963343500
2011/12/29,sh.000001,2161.18,2181.96,2157.12,2173.56,4474920000
2011/12/30,sh.000001,2177.52,2200.99,2177.52,2199.42,5194383800
2012/1/4,sh.000001,2212.00,2217.52,2168.64,2169.39,4924553700
2012/1/5,sh.000001,2160.90,2183.40,2145.56,2148.45,5874344700
2012/1/6,sh.000001,2148.15,2164.32,2132.63,2163.40,5058305400
2012/1/9,sh.000001,2164.74,2226.22,2148.45,2225.89,7675983900
2012/1/10,sh.000001,2221.83,2288.63,2218.28,2285.74,10958541500
2012/1/11,sh.000001,2282.91,2290.64,2265.19,2276.05,8444178100
2012/1/12,sh.000001,2268.74,2295.22,2265.26,2275.01,7156999400
2012/1/13,sh.000001,2277.08,2281.53,2225.74,2244.58,7147432200
2012/1/16,sh.000001,2230.43,2241.26,2206.05,2206.19,4585952200
2012/1/17,sh.000001,2206.53,2298.38,2196.12,2298.38,8780356000
2012/1/18,sh.000001,2298.83,2311.58,2257.90,2266.38,8994042200
2012/1/19,sh.000001,2266.08,2305.71,2259.34,2296.08,7249886100
2012/1/20,sh.000001,2300.50,2322.89,2293.89,2319.12,6992275300
2012/1/30,sh.000001,2324.49,2324.49,2284.29,2285.04,5841368700
2012/1/31,sh.000001,2285.95,2296.38,2277.06,2292.61,4873832500
2012/2/1,sh.000001,2288.07,2305.86,2263.34,2268.08,5355381100
2012/2/2,sh.000001,2273.85,2312.56,2268.69,2312.56,6347187200
2012/2/3,sh.000001,2306.66,2336.27,2300.98,2330.41,7894369700
2012/2/6,sh.000001,2334.25,2341.58,2317.42,2331.14,7573447700
2012/2/7,sh.000001,2319.42,2319.71,2278.83,2291.90,6732690600
2012/2/8,sh.000001,2291.81,2350.97,2286.82,2347.53,8711452800
2012/2/9,sh.000001,2344.22,2363.61,2333.94,2349.59,9803232500
2012/2/10,sh.000001,2342.01,2368.98,2339.89,2351.98,9650161900
2012/2/13,sh.000001,2332.06,2365.34,2325.03,2351.86,8626358500
2012/2/14,sh.000001,2348.88,2352.47,2332.25,2344.77,7313041300
2012/2/15,sh.000001,2340.46,2374.28,2335.10,2366.70,9886102100
2012/2/16,sh.000001,2363.90,2373.80,2342.07,2356.86,9505116900
2012/2/17,sh.000001,2366.63,2372.51,2344.76,2357.18,7192483900
2012/2/20,sh.000001,2383.69,2388.01,2362.01,2363.60,8891158600
2012/2/21,sh.000001,2365.49,2382.15,2345.05,2381.43,7934866900
2012/2/22,sh.000001,2380.50,2404.44,2374.03,2403.59,11868426900
2012/2/23,sh.000001,2401.74,2416.81,2396.71,2409.55,11255359300
2012/2/24,sh.000001,2410.88,2439.98,2405.27,2439.63,13490324900
2012/2/27,sh.000001,2447.41,2478.38,2444.63,2447.06,15807324400
2012/2/28,sh.000001,2440.91,2458.65,2431.83,2451.86,11836199300
2012/2/29,sh.000001,2446.23,2453.07,2426.33,2428.49,9553695200
2012/3/1,sh.000001,2418.79,2437.87,2418.33,2426.12,7508328900
2012/3/2,sh.000001,2430.10,2461.12,2430.10,2460.69,10322837800
2012/3/5,sh.000001,2464.85,2469.84,2442.12,2445.00,11269332600
2012/3/6,sh.000001,2439.78,2442.00,2406.06,2410.45,10370901200
2012/3/7,sh.000001,2391.20,2413.70,2388.52,2394.79,9479063600
2012/3/8,sh.000001,2401.10,2426.70,2401.10,2420.28,9678213400
2012/3/9,sh.000001,2425.89,2440.51,2414.97,2439.46,10062405500
2012/3/12,sh.000001,2438.55,2440.86,2420.84,2434.86,10622305900
2012/3/13,sh.000001,2432.84,2457.22,2428.61,2455.80,10464971200
2012/3/14,sh.000001,2464.92,2476.22,2382.84,2391.23,17978602900
2012/3/15,sh.000001,2388.06,2403.74,2366.02,2373.77,12002549900
2012/3/16,sh.000001,2377.76,2406.15,2368.31,2404.74,10367562200
2012/3/19,sh.000001,2401.22,2412.34,2383.67,2410.18,10215349000
2012/3/20,sh.000001,2407.54,2407.54,2376.03,2376.84,9790393500
2012/3/21,sh.000001,2384.71,2396.72,2361.22,2378.20,9568653800
2012/3/22,sh.000001,2376.99,2386.10,2364.13,2375.77,7934888000
2012/3/23,sh.000001,2369.08,2371.26,2342.12,2349.54,7686213900
2012/3/26,sh.000001,2349.09,2358.00,2339.14,2350.60,5542773300
2012/3/27,sh.000001,2358.55,2363.77,2344.30,2347.18,6088111600
2012/3/28,sh.000001,2341.00,2341.42,2281.43,2284.88,8364528300
2012/3/29,sh.000001,2276.74,2280.96,2242.35,2252.16,7424808400
2012/3/30,sh.000001,2256.04,2266.21,2246.25,2262.79,6202414700
2012/4/5,sh.000001,2258.03,2303.82,2251.39,2302.24,8010145600
2012/4/6,sh.000001,2299.06,2309.64,2291.56,2306.55,7213652100
2012/4/9,sh.000001,2300.05,2304.65,2284.44,2285.78,5976063900
2012/4/10,sh.000001,2281.02,2306.39,2258.85,2305.86,6734552600
2012/4/11,sh.000001,2286.72,2319.05,2280.04,2308.93,7513007000
2012/4/12,sh.000001,2310.48,2351.06,2307.84,2350.86,9768789500
2012/4/13,sh.000001,2351.51,2369.70,2346.94,2359.16,9877441400
2012/4/16,sh.000001,2346.31,2364.11,2342.20,2357.03,8532268200
2012/4/17,sh.000001,2355.37,2363.01,2333.34,2334.99,8468844500
2012/4/18,sh.000001,2341.14,2383.64,2337.86,2380.85,10861254400
2012/4/19,sh.000001,2378.63,2386.98,2369.46,2378.63,9427242100
2012/4/20,sh.000001,2374.66,2407.29,2372.13,2406.86,11552206200
2012/4/23,sh.000001,2403.52,2411.51,2383.07,2388.59,12290755800
2012/4/24,sh.000001,2380.24,2415.75,2350.40,2388.83,13372235400
2012/4/25,sh.000001,2382.21,2411.42,2376.63,2406.81,13097286700
2012/4/26,sh.000001,2408.56,2414.75,2393.27,2404.70,11552958700
2012/4/27,sh.000001,2402.43,2408.42,2393.87,2396.32,9122835000
2012/5/2,sh.000001,2421.08,2446.35,2407.79,2438.44,12800600600
2012/5/3,sh.000001,2433.59,2441.95,2427.73,2440.08,10224849300
2012/5/4,sh.000001,2437.47,2453.73,2427.97,2452.01,10220487100
2012/5/7,sh.000001,2441.76,2451.95,2432.74,2451.95,10883010700
2012/5/8,sh.000001,2451.58,2451.60,2431.03,2448.88,10485553700
2012/5/9,sh.000001,2432.47,2432.47,2407.51,2408.59,9790221200
2012/5/10,sh.000001,2409.95,2419.12,2402.20,2410.23,8169847100
2012/5/11,sh.000001,2406.07,2415.98,2393.38,2394.98,7486399500
2012/5/14,sh.000001,2408.26,2411.27,2377.98,2380.73,9052633900
2012/5/15,sh.000001,2367.08,2376.59,2354.61,2374.84,7792291600
2012/5/16,sh.000001,2369.30,2372.03,2344.50,2346.19,7673382900
2012/5/17,sh.000001,2347.18,2383.31,2342.35,2378.89,8687003000
2012/5/18,sh.000001,2364.90,2369.60,2338.24,2344.52,8968941900
2012/5/21,sh.000001,2343.58,2360.39,2330.33,2348.30,7484034100
2012/5/22,sh.000001,2355.73,2374.06,2354.87,2373.31,7677978000
2012/5/23,sh.000001,2369.27,2378.08,2350.55,2363.44,8421658000
2012/5/24,sh.000001,2359.68,2373.06,2344.58,2350.97,7920680500
2012/5/25,sh.000001,2350.54,2355.81,2327.41,2333.55,7401925200
2012/5/28,sh.000001,2325.32,2361.74,2309.07,2361.37,9496210500
2012/5/29,sh.000001,2361.00,2393.28,2358.37,2389.64,11715772500
2012/5/30,sh.000001,2385.39,2391.69,2378.13,2384.67,8980979300
2012/5/31,sh.000001,2370.01,2382.99,2362.31,2372.23,7789022800
2012/6/1,sh.000001,2373.22,2388.09,2365.44,2373.44,7702192300
2012/6/4,sh.000001,2346.98,2348.20,2308.23,2308.55,9017934700
2012/6/5,sh.000001,2313.74,2323.30,2304.05,2311.92,6607852800
2012/6/6,sh.000001,2315.56,2323.11,2301.04,2309.56,5853202800
2012/6/7,sh.000001,2324.67,2328.67,2288.67,2293.13,6023204800
2012/6/8,sh.000001,2306.22,2306.88,2276.71,2281.45,6792464100
2012/6/11,sh.000001,2282.89,2311.77,2278.16,2305.86,6419796700
2012/6/12,sh.000001,2295.07,2298.95,2280.95,2289.79,5994198200
2012/6/13,sh.000001,2289.71,2319.71,2284.65,2318.92,7845434900
2012/6/14,sh.000001,2306.78,2314.59,2293.07,2295.95,7163372200
2012/6/15,sh.000001,2299.78,2314.24,2283.40,2306.85,6868757900
2012/6/18,sh.000001,2313.53,2325.05,2309.71,2316.05,6059462200
2012/6/19,sh.000001,2313.46,2313.46,2298.39,2300.80,6013590500
2012/6/20,sh.000001,2300.41,2304.46,2291.54,2292.88,5410395500
2012/6/21,sh.000001,2288.45,2288.45,2253.79,2260.88,5899201200
2012/6/25,sh.000001,2253.51,2253.51,2223.05,2224.11,5976895200
2012/6/26,sh.000001,2214.65,2229.24,2203.94,2222.07,5294079800
2012/6/27,sh.000001,2219.94,2233.54,2213.32,2216.93,5104912800
2012/6/28,sh.000001,2220.24,2224.16,2195.36,2195.84,5418218300
2012/6/29,sh.000001,2190.58,2226.49,2188.72,2225.43,6144188600
2012/7/2,sh.000001,2234.32,2234.87,2215.36,2226.11,6219620700
2012/7/3,sh.000001,2225.57,2244.83,2219.05,2229.19,6270302100
2012/7/4,sh.000001,2233.34,2239.27,2219.45,2227.32,5527365600
2012/7/5,sh.000001,2218.22,2218.22,2192.65,2201.35,5796793400
2012/7/6,sh.000001,2203.73,2227.47,2185.52,2223.58,7655791700
2012/7/9,sh.000001,2210.71,2216.70,2168.61,2170.81,7511147200
2012/7/10,sh.000001,2166.95,2178.20,2156.73,2164.44,5899397200
2012/7/11,sh.000001,2160.02,2176.49,2156.60,2175.38,5861447200
2012/7/12,sh.000001,2172.06,2197.04,2152.68,2185.49,8213376200
2012/7/13,sh.000001,2180.17,2198.66,2177.92,2185.90,5754683800
2012/7/16,sh.000001,2187.89,2188.06,2146.15,2147.96,6748768100
2012/7/17,sh.000001,2142.43,2165.34,2141.48,2161.19,5518440800
2012/7/18,sh.000001,2159.86,2170.30,2138.79,2169.10,6655265900
2012/7/19,sh.000001,2164.27,2197.79,2159.94,2184.84,7933804900
2012/7/20,sh.000001,2180.01,2185.73,2162.06,2168.64,6434667200
2012/7/23,sh.000001,2154.17,2154.17,2135.56,2141.40,5567708100
2012/7/24,sh.000001,2132.32,2158.95,2131.01,2146.59,5441128600
2012/7/25,sh.000001,2141.04,2151.45,2132.83,2136.15,4857589400
2012/7/26,sh.000001,2134.99,2147.66,2124.16,2126.00,5288407600
2012/7/27,sh.000001,2132.01,2139.15,2120.63,2128.77,5207692000
2012/7/30,sh.000001,2128.16,2137.74,2107.63,2109.91,5199238300
2012/7/31,sh.000001,2109.33,2116.90,2100.25,2103.63,5345609700
2012/8/1,sh.000001,2101.72,2130.71,2101.71,2123.36,5380460200
2012/8/2,sh.000001,2120.15,2126.46,2103.50,2111.18,5346753900
2012/8/3,sh.000001,2113.96,2133.27,2108.33,2132.80,5337132900
2012/8/6,sh.000001,2129.15,2158.68,2127.26,2154.92,7184320400
2012/8/7,sh.000001,2153.09,2159.68,2148.90,2157.62,7504979800
2012/8/8,sh.000001,2158.98,2168.73,2153.02,2160.99,7286953600
2012/8/9,sh.000001,2159.43,2175.55,2148.69,2174.10,7252924600
2012/8/10,sh.000001,2172.96,2176.80,2165.28,2168.81,6836855900
2012/8/13,sh.000001,2164.04,2164.04,2134.55,2136.08,7135232200
2012/8/14,sh.000001,2137.05,2144.01,2119.25,2142.53,6757158900
2012/8/15,sh.000001,2138.28,2139.14,2118.50,2118.95,5460939400
2012/8/16,sh.000001,2116.08,2122.68,2109.66,2112.20,4517300900
2012/8/17,sh.000001,2111.65,2120.71,2100.79,2114.89,4439063400
2012/8/20,sh.000001,2102.23,2110.78,2089.02,2106.96,4671749900
2012/8/21,sh.000001,2106.38,2124.20,2103.07,2118.27,6075650500
2012/8/22,sh.000001,2118.88,2121.15,2097.61,2107.71,5844141200
2012/8/23,sh.000001,2106.96,2118.74,2097.08,2113.07,5847229900
2012/8/24,sh.000001,2108.36,2109.82,2089.22,2092.10,6017894800
2012/8/27,sh.000001,2085.37,2085.37,2055.38,2055.71,6031483300
2012/8/28,sh.000001,2054.97,2083.96,2052.49,2073.15,5442210400
2012/8/29,sh.000001,2066.82,2073.95,2051.78,2053.24,5220980800
2012/8/30,sh.000001,2044.03,2060.19,2032.54,2052.59,6196379200
2012/8/31,sh.000001,2046.29,2059.30,2044.65,2047.52,4614390400
2012/9/3,sh.000001,2044.83,2066.78,2041.16,2059.15,6063549800
2012/9/4,sh.000001,2060.61,2063.82,2039.27,2043.65,5746218400
2012/9/5,sh.000001,2038.87,2048.32,2029.05,2037.68,5764980300
2012/9/6,sh.000001,2040.67,2052.95,2036.37,2051.92,5609181700
2012/9/7,sh.000001,2062.99,2145.00,2062.99,2127.76,13993262400
2012/9/10,sh.000001,2128.07,2140.17,2120.49,2134.89,10358002600
2012/9/11,sh.000001,2127.52,2127.52,2107.22,2120.55,8042663800
2012/9/12,sh.000001,2129.69,2137.89,2109.14,2126.55,8411474200
2012/9/13,sh.000001,2123.84,2130.08,2110.00,2110.38,7904497200
2012/9/14,sh.000001,2127.39,2136.23,2111.12,2123.85,9124827100
2012/9/17,sh.000001,2120.62,2121.58,2077.48,2078.50,7639223300
2012/9/18,sh.000001,2069.34,2074.76,2053.66,2059.54,5379485000
2012/9/19,sh.000001,2061.06,2069.95,2055.20,2067.83,5224362900
2012/9/20,sh.000001,2060.31,2060.31,2023.09,2024.84,6748265900
2012/9/21,sh.000001,2020.55,2041.95,2018.26,2026.69,6028945600
2012/9/24,sh.000001,2015.77,2040.85,2005.26,2033.19,5763777900
2012/9/25,sh.000001,2028.63,2039.10,2021.81,2029.29,4821940800
2012/9/26,sh.000001,2027.86,2033.04,1999.48,2004.17,5040082800
2012/9/27,sh.000001,2003.10,2068.07,2002.32,2056.32,7669145700
2012/9/28,sh.000001,2042.89,2089.63,2040.35,2086.17,7944895200
2012/10/8,sh.000001,2084.85,2096.26,2063.09,2074.42,5513161200
2012/10/9,sh.000001,2081.59,2119.34,2081.59,2115.23,8456378800
2012/10/10,sh.000001,2111.59,2121.99,2102.54,2119.94,7891203500
2012/10/11,sh.000001,2114.23,2117.84,2101.14,2102.87,7449702900
2012/10/12,sh.000001,2109.07,2127.31,2092.51,2104.93,6826297200
2012/10/15,sh.000001,2105.02,2107.20,2085.12,2098.70,5394075100
2012/10/16,sh.000001,2097.05,2111.78,2089.70,2098.81,5781843800
2012/10/17,sh.000001,2104.28,2113.16,2088.04,2105.62,5987406500
2012/10/18,sh.000001,2108.50,2137.69,2107.49,2131.69,8719109200
2012/10/19,sh.000001,2129.82,2136.87,2125.74,2128.30,6764127900
2012/10/22,sh.000001,2118.52,2138.03,2112.75,2132.76,6011722200
2012/10/23,sh.000001,2132.11,2136.22,2111.92,2114.45,7268380600
2012/10/24,sh.000001,2106.83,2124.00,2104.67,2115.99,7288661800
2012/10/25,sh.000001,2114.76,2128.74,2100.61,2101.58,8539310900
2012/10/26,sh.000001,2100.10,2102.16,2058.06,2066.21,7860643500
2012/10/29,sh.000001,2061.85,2068.24,2053.09,2058.94,5363500900
2012/10/30,sh.000001,2059.20,2075.91,2054.26,2062.35,6056909200
2012/10/31,sh.000001,2061.12,2070.48,2053.58,2068.88,5952723400
2012/11/1,sh.000001,2070.02,2109.50,2069.95,2104.43,8288667000
2012/11/2,sh.000001,2105.45,2119.22,2096.53,2117.05,7655722000
2012/11/5,sh.000001,2113.33,2123.33,2104.58,2114.03,7153876200
2012/11/6,sh.000001,2113.66,2114.79,2078.47,2106.00,7134385000
2012/11/7,sh.000001,2102.42,2112.63,2093.29,2105.73,5938012800
2012/11/8,sh.000001,2091.25,2092.57,2070.65,2071.51,6659456100
2012/11/9,sh.000001,2066.50,2077.23,2062.42,2069.07,5422346000
2012/11/12,sh.000001,2069.21,2079.57,2061.84,2079.27,5669485500
2012/11/13,sh.000001,2078.13,2078.13,2044.04,2047.89,6108729300
2012/11/14,sh.000001,2047.26,2056.49,2040.17,2055.42,4809300000
2012/11/15,sh.000001,2045.46,2053.56,2029.87,2030.29,5055685700
2012/11/16,sh.000001,2026.56,2028.69,2001.72,2014.73,4958168000
2012/11/19,sh.000001,2013.25,2018.38,1995.72,2016.98,4532701800
2012/11/20,sh.000001,2020.43,2023.61,2004.17,2008.92,4258063500
2012/11/21,sh.000001,2008.21,2031.15,1995.17,2030.32,5328202100
2012/11/22,sh.000001,2021.21,2023.09,2009.72,2015.61,4557784700
2012/11/23,sh.000001,2020.02,2034.88,2017.00,2027.38,5155146900
2012/11/26,sh.000001,2023.34,2027.27,2014.03,2017.46,4477955100
2012/11/27,sh.000001,2012.08,2014.21,1990.34,1991.17,5662742200
2012/11/28,sh.000001,1984.48,1984.86,1968.21,1973.52,5050558700
2012/11/29,sh.000001,1972.93,1980.56,1961.82,1963.49,4954008800
2012/11/30,sh.000001,1961.82,1983.42,1959.33,1980.12,5689341600
2012/12/3,sh.000001,1977.25,1988.19,1957.88,1959.77,6165337500
2012/12/4,sh.000001,1956.62,1980.12,1949.46,1975.14,6237812300
2012/12/5,sh.000001,1973.11,2040.60,1970.20,2031.91,11997304000
2012/12/6,sh.000001,2029.56,2036.61,2018.38,2029.24,8145921900
2012/12/7,sh.000001,2028.77,2065.75,2023.96,2061.79,11515728900
2012/12/10,sh.000001,2067.32,2087.01,2064.62,2083.77,11538322600
2012/12/11,sh.000001,2077.56,2088.64,2070.19,2074.70,9337083000
2012/12/12,sh.000001,2073.27,2085.93,2066.39,2082.73,7855914200
2012/12/13,sh.000001,2077.42,2081.36,2059.47,2061.48,7227232400
2012/12/14,sh.000001,2062.69,2152.50,2062.54,2150.63,16087381200
2012/12/17,sh.000001,2152.10,2169.57,2151.94,2160.34,14424221800
2012/12/18,sh.000001,2155.86,2183.71,2144.73,2162.46,12609946700
2012/12/19,sh.000001,2158.67,2175.40,2154.29,2162.24,9439152200
2012/12/20,sh.000001,2156.19,2174.82,2142.95,2168.35,9938418300
2012/12/21,sh.000001,2169.57,2190.40,2148.17,2153.31,10337287200
2012/12/24,sh.000001,2150.65,2170.39,2149.83,2159.05,7846966400
2012/12/25,sh.000001,2154.32,2220.26,2146.86,2213.61,14332770800
2012/12/26,sh.000001,2211.59,2220.48,2206.79,2219.13,12185863000
2012/12/27,sh.000001,2223.66,2234.72,2204.79,2205.90,12902350100
2012/12/28,sh.000001,2207.91,2234.87,2204.00,2233.25,11592493400
2012/12/31,sh.000001,2236.46,2269.51,2236.46,2269.13,12803140200
2013/1/4,sh.000001,2289.51,2296.11,2256.56,2276.99,13946993100
2013/1/7,sh.000001,2271.66,2293.32,2266.86,2285.36,11816281300
2013/1/8,sh.000001,2284.65,2289.14,2262.98,2276.07,12290787700
2013/1/9,sh.000001,2271.30,2283.90,2259.05,2275.34,12201492400
2013/1/10,sh.000001,2274.38,2295.48,2268.65,2283.66,12006667600
2013/1/11,sh.000001,2285.19,2290.21,2234.95,2243.00,12506827500
2013/1/14,sh.000001,2236.29,2317.62,2235.11,2311.74,14474988900
2013/1/15,sh.000001,2312.47,2332.78,2309.32,2325.68,16564598100
2013/1/16,sh.000001,2322.16,2326.76,2279.51,2309.50,15351116700
2013/1/17,sh.000001,2305.14,2305.60,2275.88,2284.91,11910183500
2013/1/18,sh.000001,2295.81,2324.51,2285.97,2317.07,12543802600
2013/1/21,sh.000001,2321.49,2329.58,2305.10,2328.22,13468045800
2013/1/22,sh.000001,2326.49,2335.81,2301.30,2315.14,14946658400
2013/1/23,sh.000001,2308.52,2325.12,2296.49,2320.91,11817972200
2013/1/24,sh.000001,2320.26,2362.94,2287.30,2302.60,16103167400
2013/1/25,sh.000001,2300.00,2308.38,2288.26,2291.30,9260574100
2013/1/28,sh.000001,2295.35,2346.92,2295.35,2346.51,12838376000
2013/1/29,sh.000001,2347.22,2363.80,2337.35,2358.98,14185393400
2013/1/30,sh.000001,2360.75,2383.76,2347.89,2382.48,14987890700
2013/1/31,sh.000001,2383.43,2391.82,2371.23,2385.42,13970789200
2013/2/1,sh.000001,2377.41,2421.15,2369.57,2419.02,14081817200
2013/2/4,sh.000001,2425.92,2440.38,2417.59,2428.15,16755140200
2013/2/5,sh.000001,2411.00,2437.42,2403.30,2433.13,15075450500
2013/2/6,sh.000001,2432.68,2441.73,2427.70,2434.48,11657996600
2013/2/7,sh.000001,2430.69,2433.89,2394.22,2418.53,12000863400
2013/2/8,sh.000001,2416.62,2443.03,2414.40,2432.40,10907038600
2013/2/18,sh.000001,2441.91,2444.80,2415.43,2421.56,11617499400
2013/2/19,sh.000001,2420.27,2427.08,2373.54,2382.91,12347333400
2013/2/20,sh.000001,2383.49,2397.94,2370.61,2397.18,11028057700
2013/2/21,sh.000001,2378.82,2378.82,2309.17,2325.95,14405947800
2013/2/22,sh.000001,2322.94,2330.88,2308.76,2314.16,9698182800
2013/2/25,sh.000001,2320.62,2338.78,2315.01,2325.82,8836737400
2013/2/26,sh.000001,2313.74,2340.71,2289.89,2293.34,11763866700
2013/2/27,sh.000001,2297.77,2324.63,2292.03,2313.22,9782488700
2013/2/28,sh.000001,2322.32,2366.16,2308.92,2365.59,12695049400
2013/3/1,sh.000001,2364.54,2369.65,2330.86,2359.51,12031275200
2013/3/4,sh.000001,2332.08,2333.54,2259.25,2273.40,16175002500
2013/3/5,sh.000001,2274.81,2328.14,2270.10,2326.31,13113659800
2013/3/6,sh.000001,2333.62,2351.44,2321.60,2347.18,14133369200
2013/3/7,sh.000001,2340.44,2352.02,2304.27,2324.29,13975634800
2013/3/8,sh.000001,2326.42,2333.67,2314.59,2318.61,9879414800
2013/3/11,sh.000001,2314.68,2320.96,2296.58,2310.59,8411190300
2013/3/12,sh.000001,2309.16,2333.29,2264.83,2286.61,11766445600
2013/3/13,sh.000001,2282.17,2286.33,2253.25,2263.97,9097278800
2013/3/14,sh.000001,2255.78,2276.22,2253.31,2270.28,8029408600
2013/3/15,sh.000001,2269.32,2312.08,2250.01,2278.40,11647781300
2013/3/18,sh.000001,2267.29,2276.05,2239.21,2240.02,9312277200
2013/3/19,sh.000001,2244.27,2261.31,2232.02,2257.43,8758210500
2013/3/20,sh.000001,2257.74,2317.86,2257.42,2317.37,13124128400
2013/3/21,sh.000001,2318.21,2330.81,2311.60,2324.24,11920091000
2013/3/22,sh.000001,2321.40,2332.00,2314.97,2328.28,10116729900
2013/3/25,sh.000001,2334.74,2344.89,2319.91,2326.72,9703152600
2013/3/26,sh.000001,2318.58,2319.99,2281.12,2297.67,10444901500
2013/3/27,sh.000001,2299.38,2323.48,2289.00,2301.26,9633119500
2013/3/28,sh.000001,2273.55,2273.55,2232.91,2236.30,12765869800
2013/3/29,sh.000001,2238.49,2246.87,2228.81,2236.62,8556547300
2013/4/1,sh.000001,2229.46,2243.95,2227.31,2234.40,7741177400
2013/4/2,sh.000001,2234.90,2253.42,2220.44,2227.74,8971432300
2013/4/3,sh.000001,2232.69,2241.34,2217.25,2225.30,8179526700
2013/4/8,sh.000001,2196.24,2212.59,2180.67,2211.59,8625747000
2013/4/9,sh.000001,2215.47,2234.73,2215.47,2225.78,8289654400
2013/4/10,sh.000001,2224.93,2233.04,2212.56,2226.13,8061962100
2013/4/11,sh.000001,2236.98,2242.48,2217.27,2219.55,7363270400
2013/4/12,sh.000001,2218.10,2226.26,2204.44,2206.78,6684634000
2013/4/15,sh.000001,2199.91,2204.99,2177.39,2181.94,7163232300
2013/4/16,sh.000001,2169.63,2196.43,2165.78,2194.85,7999217800
2013/4/17,sh.000001,2195.03,2197.51,2178.47,2193.80,6831418100
2013/4/18,sh.000001,2181.82,2206.03,2175.44,2197.60,7161692700
2013/4/19,sh.000001,2201.12,2250.11,2200.58,2244.64,10966055600
2013/4/22,sh.000001,2236.40,2245.12,2232.26,2242.17,9523373000
2013/4/23,sh.000001,2242.62,2242.62,2182.81,2184.54,9654131500
2013/4/24,sh.000001,2187.35,2226.12,2184.11,2218.32,9160026100
2013/4/25,sh.000001,2213.19,2224.63,2191.85,2199.31,9670418800
2013/4/26,sh.000001,2203.89,2210.58,2173.86,2177.91,7667397000
2013/5/2,sh.000001,2170.78,2179.65,2161.14,2174.12,6833793600
2013/5/3,sh.000001,2179.05,2222.81,2179.05,2205.50,8858346400
2013/5/6,sh.000001,2212.50,2236.07,2212.50,2231.17,9226814600
2013/5/7,sh.000001,2227.86,2240.26,2219.44,2235.58,8645235600
2013/5/8,sh.000001,2242.39,2255.21,2235.42,2246.30,9037193300
2013/5/9,sh.000001,2246.96,2247.86,2221.38,2232.97,9853163700
2013/5/10,sh.000001,2228.82,2247.67,2225.81,2246.83,9033547600
2013/5/13,sh.000001,2247.68,2250.85,2231.36,2241.92,8621122400
2013/5/14,sh.000001,2238.90,2239.93,2205.87,2217.01,8324497500
2013/5/15,sh.000001,2217.09,2225.19,2213.58,2224.80,7172289300
2013/5/16,sh.000001,2221.34,2252.87,2210.77,2251.81,11028437600
2013/5/17,sh.000001,2249.81,2288.09,2248.41,2282.87,12612600600
2013/5/20,sh.000001,2286.33,2309.39,2281.90,2299.99,13915051400
2013/5/21,sh.000001,2297.11,2305.30,2290.12,2305.11,12417317600
2013/5/22,sh.000001,2303.75,2314.18,2292.43,2302.40,12836002600
2013/5/23,sh.000001,2293.81,2304.95,2274.10,2275.67,12401984400
2013/5/24,sh.000001,2281.45,2292.60,2270.25,2288.53,10144121300
2013/5/27,sh.000001,2286.66,2301.70,2283.94,2293.08,10732506100
2013/5/28,sh.000001,2293.40,2322.10,2281.47,2321.32,13263299500
2013/5/29,sh.000001,2323.54,2334.34,2321.17,2324.02,12525072900
2013/5/30,sh.000001,2316.25,2325.72,2310.49,2317.75,11191303200
2013/5/31,sh.000001,2320.74,2325.53,2299.37,2300.60,10816255400
2013/6/3,sh.000001,2300.21,2313.43,2294.11,2299.25,9688281400
2013/6/4,sh.000001,2297.10,2297.10,2264.76,2272.42,10189581800
2013/6/5,sh.000001,2270.71,2276.87,2260.87,2270.93,7648330300
2013/6/6,sh.000001,2264.43,2266.69,2240.07,2242.11,8153869400
2013/6/7,sh.000001,2242.26,2250.63,2205.07,2210.90,8997807700
2013/6/13,sh.000001,2190.10,2190.10,2126.22,2148.36,9437109400
2013/6/14,sh.000001,2150.06,2163.85,2142.78,2162.04,7785747200
2013/6/17,sh.000001,2165.99,2169.36,2147.03,2156.22,7575779000
2013/6/18,sh.000001,2158.55,2161.68,2138.35,2159.29,6963227100
2013/6/19,sh.000001,2150.82,2150.82,2115.79,2143.45,7542501600
2013/6/20,sh.000001,2132.81,2132.81,2082.83,2084.02,7778793000
2013/6/21,sh.000001,2058.98,2085.86,2042.88,2073.10,7967322400
2013/6/24,sh.000001,2068.86,2068.86,1958.40,1963.24,10919821500
2013/6/25,sh.000001,1948.32,1963.57,1849.65,1959.51,13815851600
2013/6/26,sh.000001,1954.47,1959.16,1922.82,1951.50,10119252700
2013/6/27,sh.000001,1955.13,1980.54,1942.37,1950.01,10581331800
2013/6/28,sh.000001,1935.52,1987.98,1925.65,1979.21,10073796800
2013/7/1,sh.000001,1965.99,1995.92,1957.57,1995.24,7805139300
2013/7/2,sh.000001,1992.89,2007.62,1978.43,2006.56,8641541800
2013/7/3,sh.000001,1996.51,1996.54,1965.52,1994.27,9346647100
2013/7/4,sh.000001,1982.87,2022.14,1974.10,2006.10,10039418300
2013/7/5,sh.000001,2006.19,2021.54,2002.37,2007.20,9134522200
2013/7/8,sh.000001,1983.22,1983.22,1953.12,1958.27,8413649100
2013/7/9,sh.000001,1953.60,1969.15,1946.37,1965.45,6453873300
2013/7/10,sh.000001,1962.84,2009.36,1960.28,2008.13,8979798100
2013/7/11,sh.000001,2011.02,2092.87,2010.40,2072.99,15997077300
2013/7/12,sh.000001,2068.04,2074.86,2036.05,2039.49,12117417500
2013/7/15,sh.000001,2046.12,2076.67,2037.25,2059.39,10147035700
2013/7/16,sh.000001,2054.60,2066.36,2038.54,2065.72,9673739900
2013/7/17,sh.000001,2061.19,2075.81,2043.23,2044.92,10325132100
2013/7/18,sh.000001,2038.40,2043.37,2016.90,2023.40,9213204900
2013/7/19,sh.000001,2025.32,2035.22,1990.25,1992.65,10457757100
2013/7/22,sh.000001,1977.73,2005.47,1970.64,2004.76,8292219000
2013/7/23,sh.000001,2008.96,2051.53,2005.09,2043.88,10951736000
2013/7/24,sh.000001,2035.69,2042.77,2010.42,2033.33,10665577900
2013/7/25,sh.000001,2037.34,2045.37,2016.43,2021.17,9854536600
2013/7/26,sh.000001,2013.19,2021.57,2000.80,2010.85,7380042900
2013/7/29,sh.000001,1997.84,1997.84,1969.85,1976.31,7868327400
2013/7/30,sh.000001,1981.45,2006.23,1965.36,1990.06,7721978400
2013/7/31,sh.000001,2000.79,2015.47,1987.88,1993.80,7016060300
2013/8/1,sh.000001,2000.82,2029.93,1997.06,2029.07,9125668600
2013/8/2,sh.000001,2039.51,2047.08,2025.65,2029.42,9359276700
2013/8/5,sh.000001,2031.72,2050.91,2025.23,2050.48,8551796800
2013/8/6,sh.000001,2043.65,2066.74,2034.96,2060.50,10558097500
2013/8/7,sh.000001,2056.37,2069.56,2043.75,2046.78,10771259400
2013/8/8,sh.000001,2044.44,2058.56,2037.25,2044.90,8413329000
2013/8/9,sh.000001,2052.24,2061.71,2030.13,2052.24,9531642300
2013/8/12,sh.000001,2058.42,2102.35,2055.72,2101.28,13512897400
2013/8/13,sh.000001,2101.32,2106.40,2093.80,2106.16,11770887500
2013/8/14,sh.000001,2109.23,2122.97,2093.04,2100.14,11443780200
2013/8/15,sh.000001,2099.28,2108.41,2079.97,2081.88,9939665600
2013/8/16,sh.000001,2075.98,2198.85,2061.65,2068.45,15306332600
2013/8/19,sh.000001,2055.13,2091.13,2052.70,2085.60,9744678300
2013/8/20,sh.000001,2081.97,2098.98,2066.07,2072.60,10738177300
2013/8/21,sh.000001,2076.27,2076.32,2056.91,2072.96,8744599100
2013/8/22,sh.000001,2069.31,2083.33,2062.37,2067.12,9092830700
2013/8/23,sh.000001,2075.93,2079.85,2029.37,2057.46,11242635100
2013/8/26,sh.000001,2061.42,2097.34,2056.13,2096.47,11993265200
2013/8/27,sh.000001,2095.44,2105.38,2090.43,2103.57,12634196600
2013/8/28,sh.000001,2092.31,2113.82,2080.86,2101.30,16139202600
2013/8/29,sh.000001,2108.44,2110.89,2088.24,2097.23,13326821900
2013/8/30,sh.000001,2097.22,2114.39,2089.10,2098.38,17007564900
2013/9/2,sh.000001,2104.09,2108.68,2078.46,2098.45,14915852400
2013/9/3,sh.000001,2100.45,2123.85,2095.46,2123.11,13889317500
2013/9/4,sh.000001,2121.68,2133.00,2115.75,2127.62,14200038600
2013/9/5,sh.000001,2125.26,2127.86,2115.24,2122.43,12654410400
2013/9/6,sh.000001,2119.33,2143.24,2119.02,2139.99,14326066000
2013/9/9,sh.000001,2151.35,2218.53,2151.35,2212.52,21942708600
2013/9/10,sh.000001,2214.81,2238.55,2202.82,2237.98,23720664900
2013/9/11,sh.000001,2244.96,2258.08,2233.00,2241.27,24434945500
2013/9/12,sh.000001,2236.17,2270.27,2226.29,2255.61,20971511000
2013/9/13,sh.000001,2251.46,2259.42,2228.48,2236.22,17198422900
2013/9/16,sh.000001,2244.46,2248.47,2226.17,2231.40,15488402000
2013/9/17,sh.000001,2230.39,2230.93,2184.92,2185.56,15454255500
2013/9/18,sh.000001,2185.94,2195.90,2172.04,2191.85,11511188700
2013/9/23,sh.000001,2199.36,2223.07,2198.34,2221.04,13317485800
2013/9/24,sh.000001,2219.47,2219.54,2187.24,2207.53,16041505500
2013/9/25,sh.000001,2206.23,2217.97,2193.72,2198.52,16021276200
2013/9/26,sh.000001,2192.23,2192.23,2154.72,2155.81,14041534600
2013/9/27,sh.000001,2150.96,2165.78,2149.59,2160.03,10540178800
2013/9/30,sh.000001,2167.73,2176.30,2165.16,2174.67,9281008100
2013/10/8,sh.000001,2171.90,2200.02,2161.49,2198.20,12671020300
2013/10/9,sh.000001,2191.39,2212.35,2185.18,2211.77,13087173700
2013/10/10,sh.000001,2214.41,2214.59,2186.48,2190.93,14977589600
2013/10/11,sh.000001,2201.41,2228.87,2200.53,2228.15,15689217600
2013/10/14,sh.000001,2232.22,2242.98,2226.40,2237.77,16598338600
2013/10/15,sh.000001,2237.93,2240.25,2221.14,2233.41,15372282500
2013/10/16,sh.000001,2228.11,2228.11,2183.40,2193.07,15463863700
2013/10/17,sh.000001,2201.71,2211.03,2183.25,2188.54,12676794400
2013/10/18,sh.000001,2188.71,2203.29,2184.36,2193.78,10372463100
2013/10/21,sh.000001,2198.11,2230.29,2190.39,2229.24,13669440800
2013/10/22,sh.000001,2227.34,2227.34,2204.24,2210.65,14913283100
2013/10/23,sh.000001,2213.27,2226.85,2177.73,2183.11,14634709000
2013/10/24,sh.000001,2178.82,2183.41,2159.87,2164.32,10300895300
2013/10/25,sh.000001,2163.69,2170.61,2122.68,2132.96,11392452000
2013/10/28,sh.000001,2135.88,2140.96,2123.07,2133.87,8840132200
2013/10/29,sh.000001,2135.23,2163.66,2093.20,2128.86,14309281100
2013/10/30,sh.000001,2126.69,2161.94,2121.84,2160.46,11964336200
2013/10/31,sh.000001,2155.51,2155.51,2137.47,2141.61,10806302000
2013/11/1,sh.000001,2139.88,2157.31,2132.63,2149.56,8911847700
2013/11/4,sh.000001,2156.09,2160.58,2143.21,2149.63,7614794100
2013/11/5,sh.000001,2139.84,2158.15,2124.85,2157.24,9190003100
2013/11/6,sh.000001,2149.39,2166.17,2138.78,2139.61,10048734400
2013/11/7,sh.000001,2136.63,2141.60,2119.19,2129.40,8184261000
2013/11/8,sh.000001,2120.92,2128.58,2103.51,2106.13,8309685900
2013/11/11,sh.000001,2103.30,2117.28,2093.63,2109.47,6967829900
2013/11/12,sh.000001,2110.72,2127.94,2108.40,2126.77,7944673100
2013/11/13,sh.000001,2117.89,2117.91,2086.01,2087.94,8825709400
2013/11/14,sh.000001,2087.12,2102.38,2078.99,2100.51,8379937300
2013/11/15,sh.000001,2100.90,2153.21,2100.79,2135.83,12589452000
2013/11/18,sh.000001,2147.37,2198.32,2143.77,2197.22,15750271400
2013/11/19,sh.000001,2198.32,2203.30,2186.11,2193.13,12508230700
2013/11/20,sh.000001,2201.47,2207.11,2186.64,2206.61,11896186100
2013/11/21,sh.000001,2197.01,2206.53,2177.74,2205.77,13724551600
2013/11/22,sh.000001,2206.47,2211.07,2188.77,2196.38,11386645700
2013/11/25,sh.000001,2186.06,2209.15,2181.42,2186.12,10828265500
2013/11/26,sh.000001,2184.33,2192.58,2176.18,2183.07,10046083000
2013/11/27,sh.000001,2181.73,2207.62,2176.85,2201.07,11538441100
2013/11/28,sh.000001,2204.38,2234.39,2202.62,2219.37,13445677700
2013/11/29,sh.000001,2221.62,2224.94,2212.26,2220.50,10695905300
2013/12/2,sh.000001,2203.12,2231.92,2172.63,2207.37,17428199000
2013/12/3,sh.000001,2196.82,2227.93,2193.25,2222.67,11350641000
2013/12/4,sh.000001,2219.97,2260.87,2215.92,2251.76,15729294300
2013/12/5,sh.000001,2252.72,2255.26,2239.14,2247.06,12204841400
2013/12/6,sh.000001,2242.56,2248.15,2228.63,2237.11,10370092900
2013/12/9,sh.000001,2241.79,2249.17,2231.73,2238.20,9327363900
2013/12/10,sh.000001,2239.86,2250.50,2231.68,2237.49,10904313300
2013/12/11,sh.000001,2228.63,2228.63,2193.16,2204.17,10947315000
2013/12/12,sh.000001,2199.32,2214.55,2194.90,2202.80,8610867100
2013/12/13,sh.000001,2188.26,2204.64,2183.84,2196.08,8510101200
2013/12/16,sh.000001,2197.23,2201.70,2159.99,2160.86,10138759400
2013/12/17,sh.000001,2161.54,2165.54,2146.31,2151.08,7857893600
2013/12/18,sh.000001,2150.41,2156.59,2142.62,2148.29,6417358400
2013/12/19,sh.000001,2153.67,2159.14,2126.25,2127.79,7312347900
2013/12/20,sh.000001,2128.37,2131.74,2082.86,2084.79,8677521200
2013/12/23,sh.000001,2089.54,2099.52,2068.54,2089.71,6814663600
2013/12/24,sh.000001,2094.07,2111.81,2079.81,2092.91,7025146700
2013/12/25,sh.000001,2095.02,2107.23,2088.30,2106.35,6513909600
2013/12/26,sh.000001,2102.66,2102.66,2070.55,2073.10,7854140800
2013/12/27,sh.000001,2074.59,2110.36,2069.59,2101.25,7675682700
2013/12/30,sh.000001,2108.88,2112.01,2095.06,2097.53,7408505600
2013/12/31,sh.000001,2090.68,2120.27,2087.42,2115.98,8047437500
2014/1/2,sh.000001,2112.13,2113.11,2101.02,2109.39,6848548600
2014/1/3,sh.000001,2101.54,2102.17,2075.90,2083.14,8449724100
2014/1/6,sh.000001,2078.68,2078.68,2034.01,2045.71,8958760800
2014/1/7,sh.000001,2034.22,2052.28,2029.25,2047.32,6340293800
2014/1/8,sh.000001,2047.26,2062.95,2037.11,2044.34,7164736400
2014/1/9,sh.000001,2041.77,2057.20,2026.45,2027.62,7594188300
2014/1/10,sh.000001,2023.54,2029.30,2008.01,2013.30,7561612100
2014/1/13,sh.000001,2014.98,2027.18,2000.40,2009.56,6654477600
2014/1/14,sh.000001,2007.16,2027.43,2001.14,2026.84,7036661400
2014/1/15,sh.000001,2024.23,2027.41,2010.20,2023.35,6743622200
2014/1/16,sh.000001,2022.54,2034.71,2014.41,2023.70,7275571900
2014/1/17,sh.000001,2017.52,2017.87,2001.33,2004.95,6730572000
2014/1/20,sh.000001,2001.89,2005.94,1984.82,1991.25,5627124700
2014/1/21,sh.000001,1992.02,2014.15,1992.02,2008.31,5984491100
2014/1/22,sh.000001,2009.97,2052.34,2008.93,2051.75,9889285600
2014/1/23,sh.000001,2048.33,2052.53,2039.05,2042.18,8421058500
2014/1/24,sh.000001,2037.67,2060.99,2034.45,2054.39,9294792100
2014/1/27,sh.000001,2044.27,2044.85,2029.63,2033.30,8881542600
2014/1/28,sh.000001,2036.40,2047.13,2026.99,2038.51,7252904300
2014/1/29,sh.000001,2042.18,2051.58,2039.77,2049.91,7386546200
2014/1/30,sh.000001,2045.93,2045.93,2031.47,2033.08,6261518400
2014/2/7,sh.000001,2022.32,2044.73,2014.70,2044.50,7359875500
2014/2/10,sh.000001,2049.98,2087.98,2049.98,2086.07,12433183300
2014/2/11,sh.000001,2086.18,2111.06,2082.52,2103.67,14221132400
2014/2/12,sh.000001,2103.83,2110.90,2096.51,2109.96,12633318600
2014/2/13,sh.000001,2106.93,2122.83,2096.97,2098.40,14653263400
2014/2/14,sh.000001,2097.32,2116.19,2095.09,2115.85,11151795000
2014/2/17,sh.000001,2124.88,2136.45,2117.69,2135.42,14024444300
2014/2/18,sh.000001,2134.14,2134.14,2113.13,2119.07,14286930800
2014/2/19,sh.000001,2116.92,2152.96,2111.17,2142.55,15126124600
2014/2/20,sh.000001,2152.89,2177.98,2136.48,2138.78,15705227600
2014/2/21,sh.000001,2131.59,2132.70,2098.33,2113.69,11766265100
2014/2/24,sh.000001,2099.72,2099.72,2058.79,2076.69,12355530800
2014/2/25,sh.000001,2077.29,2087.62,2026.54,2034.22,14013297800
2014/2/26,sh.000001,2026.61,2041.63,2014.38,2041.25,11011268700
2014/2/27,sh.000001,2045.10,2068.31,2036.39,2047.35,13216385200
2014/2/28,sh.000001,2040.62,2058.49,2020.94,2056.30,11163790700
2014/3/3,sh.000001,2052.08,2078.33,2047.07,2075.24,12746089100
2014/3/4,sh.000001,2068.11,2074.03,2050.13,2071.47,11592579200
2014/3/5,sh.000001,2073.30,2074.82,2050.18,2053.08,10773308200
2014/3/6,sh.000001,2050.03,2065.79,2030.95,2059.58,10929013300
2014/3/7,sh.000001,2058.38,2079.49,2050.47,2057.91,10370954000
2014/3/10,sh.000001,2042.35,2042.63,1995.55,1999.07,11569666600
2014/3/11,sh.000001,1994.42,2008.07,1985.60,2001.16,9270526500
2014/3/12,sh.000001,1996.24,2011.06,1974.38,1997.69,10136171900
2014/3/13,sh.000001,2000.70,2029.12,1996.53,2019.11,10097811600
2014/3/14,sh.000001,2008.83,2017.91,1990.98,2004.34,8777511100
2014/3/17,sh.000001,2009.88,2024.37,1999.25,2023.67,8625037400
2014/3/18,sh.000001,2026.22,2034.92,2020.41,2025.20,9677719300
2014/3/19,sh.000001,2019.98,2022.18,2002.44,2021.73,9518079700
2014/3/20,sh.000001,2017.22,2030.85,1993.00,1993.48,11033304800
2014/3/21,sh.000001,1987.68,2052.47,1986.07,2047.62,14447765600
2014/3/24,sh.000001,2050.83,2074.06,2043.33,2066.28,14770008500
2014/3/25,sh.000001,2063.32,2079.55,2057.49,2067.31,13182223200
2014/3/26,sh.000001,2070.57,2074.57,2057.65,2063.67,10261111600
2014/3/27,sh.000001,2060.81,2073.98,2042.71,2046.59,11914937400
2014/3/28,sh.000001,2046.85,2060.13,2035.24,2041.71,12168196500
2014/3/31,sh.000001,2043.05,2048.13,2024.19,2033.31,9435653600
2014/4/1,sh.000001,2031.01,2050.68,2028.10,2047.46,8328657600
2014/4/2,sh.000001,2049.42,2060.78,2046.74,2058.99,10265852500
2014/4/3,sh.000001,2063.50,2066.01,2037.45,2043.70,10861842100
2014/4/4,sh.000001,2037.55,2060.10,2035.22,2058.83,8318905600
2014/4/8,sh.000001,2054.53,2102.45,2052.90,2098.28,13337098300
2014/4/9,sh.000001,2100.65,2108.75,2095.64,2105.24,10534047100
2014/4/10,sh.000001,2105.88,2146.67,2098.08,2134.30,15678960900
2014/4/11,sh.000001,2130.37,2138.65,2120.18,2130.54,13176835900
2014/4/14,sh.000001,2127.41,2134.43,2116.61,2131.54,10207785300
2014/4/15,sh.000001,2125.90,2125.90,2098.15,2101.60,10753115100
2014/4/16,sh.000001,2097.21,2112.05,2092.16,2105.12,8936165700
2014/4/17,sh.000001,2108.95,2110.72,2095.71,2098.89,8989632500
2014/4/18,sh.000001,2091.48,2099.64,2081.19,2097.75,8815569500
2014/4/21,sh.000001,2085.98,2103.08,2065.23,2065.83,9637836900
2014/4/22,sh.000001,2062.79,2073.66,2047.33,2072.83,9871988200
2014/4/23,sh.000001,2068.08,2076.35,2059.11,2067.38,7853152100
2014/4/24,sh.000001,2064.16,2075.76,2056.19,2057.03,7818595500
2014/4/25,sh.000001,2060.54,2065.64,2035.57,2036.52,9304233300
2014/4/28,sh.000001,2033.34,2035.99,2000.14,2003.49,8979526200
2014/4/29,sh.000001,2001.90,2021.68,1997.64,2020.34,7622127500
2014/4/30,sh.000001,2020.44,2029.54,2016.58,2026.36,7452857800
2014/5/5,sh.000001,2022.18,2028.96,2007.35,2027.35,7993339500
2014/5/6,sh.000001,2024.26,2038.71,2021.49,2028.04,7460941100
2014/5/7,sh.000001,2023.15,2024.63,2008.45,2010.08,7436019200
2014/5/8,sh.000001,2006.85,2036.94,2005.69,2015.27,7786539300
2014/5/9,sh.000001,2016.50,2020.45,2001.30,2011.14,7622424400
2014/5/12,sh.000001,2022.93,2055.51,2016.64,2052.87,11574207700
2014/5/13,sh.000001,2055.08,2061.06,2043.55,2050.73,9722338800
2014/5/14,sh.000001,2049.27,2056.57,2042.74,2047.91,7201112500
2014/5/15,sh.000001,2044.38,2047.32,2022.86,2024.97,7584515400
2014/5/16,sh.000001,2023.60,2027.76,2012.69,2026.50,6635366000
2014/5/19,sh.000001,2023.01,2023.27,1996.02,2005.18,6532943800
2014/5/20,sh.000001,2011.85,2018.16,2002.76,2008.12,6134538200
2014/5/21,sh.000001,2001.31,2025.19,1991.06,2024.95,6181154700
2014/5/22,sh.000001,2023.15,2041.96,2018.88,2021.29,7472847400
2014/5/23,sh.000001,2020.12,2034.57,2017.74,2034.57,6348806500
2014/5/26,sh.000001,2042.03,2045.38,2035.09,2041.48,7028122000
2014/5/27,sh.000001,2039.79,2044.15,2032.84,2034.57,6757788900
2014/5/28,sh.000001,2034.56,2052.66,2029.34,2050.23,8133864200
2014/5/29,sh.000001,2051.84,2057.08,2039.24,2040.60,8124292100
2014/5/30,sh.000001,2040.39,2046.96,2031.37,2039.21,7514889800
2014/6/3,sh.000001,2039.20,2049.58,2037.30,2038.31,7158412400
2014/6/4,sh.000001,2037.99,2038.48,2012.91,2024.83,7241277100
2014/6/5,sh.000001,2019.44,2041.70,2016.18,2040.88,6794953600
2014/6/6,sh.000001,2040.86,2041.57,2022.16,2029.96,6602174400
2014/6/9,sh.000001,2024.94,2045.26,2023.20,2030.50,6478831700
2014/6/10,sh.000001,2033.21,2052.77,2026.39,2052.53,7962371700
2014/6/11,sh.000001,2049.13,2056.63,2045.41,2054.95,7444435400
2014/6/12,sh.000001,2051.58,2057.11,2045.96,2051.71,8171118600
2014/6/13,sh.000001,2049.21,2073.60,2048.62,2070.72,9717480600
2014/6/16,sh.000001,2070.70,2087.32,2069.44,2085.98,9593977000
2014/6/17,sh.000001,2080.48,2080.48,2064.67,2066.70,8780048100
2014/6/18,sh.000001,2064.38,2066.91,2051.75,2055.52,8724535000
2014/6/19,sh.000001,2054.62,2059.26,2017.65,2023.74,9291427400
2014/6/20,sh.000001,2013.41,2027.15,2010.53,2026.67,6716724600
2014/6/23,sh.000001,2026.23,2033.32,2022.92,2024.37,7048516200
2014/6/24,sh.000001,2023.70,2034.71,2021.75,2033.93,7121463400
2014/6/25,sh.000001,2030.43,2030.62,2018.36,2025.50,6753961000
2014/6/26,sh.000001,2025.66,2040.75,2025.31,2038.68,8095577800
2014/6/27,sh.000001,2031.91,2043.98,2025.07,2036.51,9759201700
2014/6/30,sh.000001,2038.61,2052.34,2038.53,2048.33,9666659800
2014/7/1,sh.000001,2051.23,2052.64,2041.94,2050.38,9845740900
2014/7/2,sh.000001,2049.49,2060.60,2044.04,2059.42,10955391100
2014/7/3,sh.000001,2051.63,2066.64,2048.08,2063.23,12292658200
2014/7/4,sh.000001,2062.36,2065.08,2054.22,2059.38,10500879200
2014/7/7,sh.000001,2058.13,2064.04,2050.89,2059.93,9716875400
2014/7/8,sh.000001,2058.13,2064.43,2047.20,2064.02,9505339300
2014/7/9,sh.000001,2061.64,2062.47,2037.60,2038.61,11330584100
2014/7/10,sh.000001,2036.54,2045.53,2034.96,2038.34,9794381900
2014/7/11,sh.000001,2033.87,2051.74,2033.00,2046.96,10508808300
2014/7/14,sh.000001,2047.74,2067.34,2044.90,2066.65,11511974000
2014/7/15,sh.000001,2065.90,2070.36,2059.68,2070.36,12448876800
2014/7/16,sh.000001,2068.34,2075.49,2061.57,2067.28,13712802000
2014/7/17,sh.000001,2062.89,2062.89,2046.19,2055.59,10449181200
2014/7/18,sh.000001,2047.50,2067.23,2046.00,2059.07,10664109400
2014/7/21,sh.000001,2057.77,2061.82,2049.18,2054.48,9385787000
2014/7/22,sh.000001,2050.50,2078.09,2049.82,2075.48,12319186800
2014/7/23,sh.000001,2074.20,2088.19,2072.23,2078.49,13729221100
2014/7/24,sh.000001,2079.63,2107.95,2079.63,2105.06,16567699600
2014/7/25,sh.000001,2108.71,2127.22,2106.71,2126.61,14249582600
2014/7/28,sh.000001,2135.25,2181.50,2135.25,2177.95,23618575200
2014/7/29,sh.000001,2179.83,2193.52,2172.10,2183.19,20026425700
2014/7/30,sh.000001,2178.18,2194.57,2177.24,2181.24,18492218700
2014/7/31,sh.000001,2179.54,2202.13,2173.90,2201.56,16469165400
2014/8/1,sh.000001,2194.17,2218.79,2184.64,2185.30,19147504200
2014/8/4,sh.000001,2190.04,2224.07,2186.92,2223.33,17409740300
2014/8/5,sh.000001,2224.63,2226.84,2206.85,2219.95,17538698700
2014/8/6,sh.000001,2212.00,2223.89,2192.99,2217.47,17771170700
2014/8/7,sh.000001,2216.66,2220.57,2185.76,2187.67,17523327400
2014/8/8,sh.000001,2188.71,2199.58,2180.60,2194.43,13518144300
2014/8/11,sh.000001,2199.43,2225.96,2198.31,2224.65,15058342100
2014/8/12,sh.000001,2222.70,2222.98,2210.00,2221.60,15479904600
2014/8/13,sh.000001,2223.05,2230.99,2202.44,2222.88,17806280600
2014/8/14,sh.000001,2221.54,2230.89,2204.38,2206.47,17014912300
2014/8/15,sh.000001,2207.23,2230.87,2203.24,2226.73,14997869100
2014/8/18,sh.000001,2229.80,2242.04,2228.13,2239.47,16392862600
2014/8/19,sh.000001,2242.34,2246.02,2227.93,2245.33,17774459200
2014/8/20,sh.000001,2241.66,2248.94,2233.89,2240.21,16765838300
2014/8/21,sh.000001,2239.57,2240.08,2211.63,2230.46,16573349800
2014/8/22,sh.000001,2228.97,2243.30,2225.27,2240.81,16011167200
2014/8/25,sh.000001,2241.10,2241.55,2222.01,2229.27,16211957800
2014/8/26,sh.000001,2225.29,2232.79,2200.62,2207.11,16350742400
2014/8/27,sh.000001,2207.03,2216.67,2204.05,2209.47,12088588500
2014/8/28,sh.000001,2210.48,2219.47,2194.86,2195.82,12422901400
2014/8/29,sh.000001,2198.95,2218.70,2193.26,2217.20,10520249600
2014/9/1,sh.000001,2220.13,2236.29,2217.69,2235.51,12916658300
2014/9/2,sh.000001,2239.68,2267.51,2234.38,2266.05,19212486900
2014/9/3,sh.000001,2268.40,2290.55,2268.10,2288.63,21247899800
2014/9/4,sh.000001,2290.03,2307.70,2283.28,2306.86,19948997800
2014/9/5,sh.000001,2311.31,2327.56,2307.45,2326.43,21318191700
2014/9/9,sh.000001,2328.43,2331.92,2315.89,2326.53,19699031800
2014/9/10,sh.000001,2318.50,2321.91,2306.42,2318.31,18982899100
2014/9/11,sh.000001,2315.73,2343.60,2304.60,2311.68,22222179800
2014/9/12,sh.000001,2308.35,2331.95,2302.78,2331.95,19347154000
2014/9/15,sh.000001,2330.19,2340.45,2321.59,2339.14,21511241400
2014/9/16,sh.000001,2341.03,2347.94,2293.87,2296.56,30269411100
2014/9/17,sh.000001,2298.98,2309.05,2282.80,2307.89,21084245300
2014/9/18,sh.000001,2303.85,2319.88,2297.93,2315.93,18908904500
2014/9/19,sh.000001,2312.98,2331.56,2305.52,2329.45,17464848700
2014/9/22,sh.000001,2323.55,2323.55,2284.38,2289.87,17584235400
2014/9/23,sh.000001,2289.09,2311.53,2289.02,2309.72,15685516900
2014/9/24,sh.000001,2302.23,2345.75,2297.88,2343.58,22252572500
2014/9/25,sh.000001,2352.87,2365.15,2336.81,2345.10,22568832300
2014/9/26,sh.000001,2339.29,2350.11,2329.96,2347.72,17474828500
2014/9/29,sh.000001,2353.71,2363.06,2346.58,2357.71,20011102100
2014/9/30,sh.000001,2361.32,2365.49,2354.27,2363.87,19391869000
2014/10/8,sh.000001,2368.58,2382.79,2354.29,2382.79,20439732600
2014/10/9,sh.000001,2383.86,2391.35,2367.11,2389.37,23592001000
2014/10/10,sh.000001,2380.76,2386.28,2365.08,2374.54,22467112600
2014/10/13,sh.000001,2366.43,2366.86,2341.12,2366.01,20089931400
2014/10/14,sh.000001,2362.80,2380.52,2349.19,2359.48,19683141800
2014/10/15,sh.000001,2358.23,2374.81,2344.37,2373.67,20280491500
2014/10/16,sh.000001,2361.13,2389.68,2353.41,2356.50,24820116800
2014/10/17,sh.000001,2352.78,2360.60,2312.83,2341.18,21230096200
2014/10/20,sh.000001,2346.05,2357.51,2340.46,2356.73,16002230500
2014/10/21,sh.000001,2355.03,2361.65,2337.55,2339.66,16882828800
2014/10/22,sh.000001,2339.22,2352.12,2324.59,2326.55,15269842500
2014/10/23,sh.000001,2322.32,2329.93,2297.33,2302.42,16263630800
2014/10/24,sh.000001,2303.08,2314.88,2296.66,2302.28,13222528100
2014/10/27,sh.000001,2293.57,2293.64,2279.84,2290.44,13026156800
2014/10/28,sh.000001,2294.01,2338.28,2294.01,2337.87,17859035700
2014/10/29,sh.000001,2343.72,2381.64,2339.71,2373.03,26558868700
2014/10/30,sh.000001,2371.89,2397.26,2365.92,2391.08,29464594300
2014/10/31,sh.000001,2393.18,2423.60,2384.48,2420.18,32576352200
2014/11/3,sh.000001,2425.23,2436.79,2418.17,2430.03,29882123500
2014/11/4,sh.000001,2428.27,2435.22,2417.22,2430.68,30901303900
2014/11/5,sh.000001,2432.17,2434.36,2415.50,2419.25,26360665400
2014/11/6,sh.000001,2419.62,2426.89,2401.75,2425.86,22200508800
2014/11/7,sh.000001,2427.90,2454.42,2407.44,2418.17,29117224500
2014/11/10,sh.000001,2436.63,2474.16,2428.19,2473.67,30062820300
2014/11/11,sh.000001,2483.65,2508.62,2445.96,2469.67,41190406500
2014/11/12,sh.000001,2454.60,2494.92,2444.81,2494.48,25293385200
2014/11/13,sh.000001,2495.00,2507.74,2471.41,2485.61,29503705800
2014/11/14,sh.000001,2477.97,2481.03,2457.05,2478.82,22060761900
2014/11/17,sh.000001,2506.86,2508.77,2472.45,2474.01,21568780000
2014/11/18,sh.000001,2474.18,2477.05,2449.81,2456.37,20106257000
2014/11/19,sh.000001,2452.15,2461.49,2442.71,2450.99,18623577100
2014/11/20,sh.000001,2443.28,2458.32,2437.48,2452.66,16549521300
2014/11/21,sh.000001,2452.64,2488.20,2446.65,2486.79,21223977400
2014/11/24,sh.000001,2505.53,2546.75,2495.52,2532.88,36348583500
2014/11/25,sh.000001,2532.00,2568.38,2527.08,2567.60,31431557200
2014/11/26,sh.000001,2572.65,2605.07,2570.40,2604.35,33712724900
2014/11/27,sh.000001,2615.37,2631.40,2599.11,2630.49,36407571900
2014/11/28,sh.000001,2629.63,2683.18,2622.06,2682.84,46588003500
2014/12/1,sh.000001,2691.73,2720.74,2668.84,2680.16,44679174100
2014/12/2,sh.000001,2667.82,2777.37,2665.69,2763.55,43773338100
2014/12/3,sh.000001,2768.68,2824.18,2733.87,2779.53,56212028100
2014/12/4,sh.000001,2783.47,2900.51,2772.43,2899.46,53268771800
2014/12/5,sh.000001,2926.57,2978.03,2813.05,2937.65,64050029600
2014/12/8,sh.000001,2907.82,3041.66,2879.85,3020.26,58757089000
2014/12/9,sh.000001,2992.49,3091.32,2834.59,2856.27,77199837900
2014/12/10,sh.000001,2855.94,2946.71,2807.68,2940.01,51288691300
2014/12/11,sh.000001,2912.35,2965.68,2892.61,2925.74,48263273300
2014/12/12,sh.000001,2929.36,2962.51,2914.96,2938.17,40948081100
2014/12/15,sh.000001,2921.45,2960.23,2890.90,2953.42,40037169500
2014/12/16,sh.000001,2953.81,3021.90,2943.91,3021.52,45384272300
2014/12/17,sh.000001,3031.95,3076.60,2993.33,3061.02,54250317900
2014/12/18,sh.000001,3062.80,3089.79,3030.32,3057.52,43590495200
2014/12/19,sh.000001,3053.08,3117.53,3018.42,3108.60,52107351100
2014/12/22,sh.000001,3129.27,3189.87,3090.51,3127.45,67937191500
2014/12/23,sh.000001,3085.08,3136.84,3025.67,3032.61,43776240000
2014/12/24,sh.000001,3039.21,3050.51,2934.91,2972.53,37680524600
2014/12/25,sh.000001,2992.46,3073.35,2969.87,3072.54,37694777600
2014/12/26,sh.000001,3078.01,3164.16,3064.18,3157.60,46070093200
2014/12/29,sh.000001,3212.56,3223.86,3126.94,3168.02,51011143900
2014/12/30,sh.000001,3160.80,3190.30,3130.35,3165.82,39772532000
2014/12/31,sh.000001,3172.60,3239.36,3157.26,3234.68,40599852100
2015/1/5,sh.000001,3258.63,3369.28,3253.88,3350.52,53135239100
2015/1/6,sh.000001,3330.80,3394.22,3303.18,3351.45,50166169500
2015/1/7,sh.000001,3326.65,3374.90,3312.21,3373.95,39191888000
2015/1/8,sh.000001,3371.96,3381.57,3285.10,3293.46,37113117000
2015/1/9,sh.000001,3276.97,3404.83,3267.51,3285.41,41024087200
2015/1/12,sh.000001,3258.21,3275.19,3191.58,3229.32,32206467900
2015/1/13,sh.000001,3223.54,3259.39,3214.41,3235.30,23072575400
2015/1/14,sh.000001,3242.34,3268.48,3193.98,3222.44,24019074700
2015/1/15,sh.000001,3224.07,3337.08,3207.55,3336.46,28254624000
2015/1/16,sh.000001,3343.60,3400.32,3340.49,3376.50,33987675300
2015/1/19,sh.000001,3189.73,3262.21,3095.07,3116.35,40109878900
2015/1/20,sh.000001,3114.56,3190.25,3100.48,3173.05,35708081100
2015/1/21,sh.000001,3189.09,3337.00,3178.34,3323.61,41095602400
2015/1/22,sh.000001,3327.32,3352.38,3293.98,3343.34,35338296100
2015/1/23,sh.000001,3357.10,3406.79,3328.29,3351.76,36624924000
2015/1/26,sh.000001,3347.26,3384.80,3321.32,3383.18,31754100700
2015/1/27,sh.000001,3389.85,3390.22,3290.22,3352.96,37451755100
2015/1/28,sh.000001,3325.72,3354.80,3294.66,3305.74,30192709500
2015/1/29,sh.000001,3259.00,3286.79,3234.24,3262.31,27465861300
2015/1/30,sh.000001,3273.75,3288.50,3210.31,3210.36,25831254800
2015/2/2,sh.000001,3148.14,3175.13,3122.57,3128.30,25086162900
2015/2/3,sh.000001,3156.09,3207.94,3129.73,3204.91,24819216400
2015/2/4,sh.000001,3212.82,3238.98,3171.14,3174.13,24909808600
2015/2/5,sh.000001,3251.21,3251.21,3135.82,3136.53,30613930500
2015/2/6,sh.000001,3120.09,3129.54,3052.94,3075.91,24674966600
2015/2/9,sh.000001,3063.51,3119.03,3049.11,3095.12,20610838300
2015/2/10,sh.000001,3090.49,3142.10,3084.25,3141.59,19381713900
2015/2/11,sh.000001,3145.77,3166.42,3139.05,3157.70,17284009400
2015/2/12,sh.000001,3157.96,3181.77,3134.24,3173.42,19459230900
2015/2/13,sh.000001,3186.81,3237.16,3182.79,3203.83,26129043600
2015/2/16,sh.000001,3206.14,3228.85,3195.88,3222.36,22379742900
2015/2/17,sh.000001,3230.88,3255.73,3230.77,3246.91,22833262400
2015/2/25,sh.000001,3256.48,3257.22,3215.55,3228.84,23334809400
2015/2/26,sh.000001,3222.15,3300.62,3202.19,3298.36,30126387500
2015/2/27,sh.000001,3296.83,3324.55,3291.01,3310.30,29916371700
2015/3/2,sh.000001,3332.72,3336.76,3298.67,3336.29,34644567100
2015/3/3,sh.000001,3317.70,3317.70,3260.43,3263.05,38204461900
2015/3/4,sh.000001,3264.18,3286.59,3250.48,3279.53,29363952200
2015/3/5,sh.000001,3264.09,3266.64,3221.67,3248.48,32066358500
2015/3/6,sh.000001,3248.04,3266.93,3234.53,3241.19,28291579100
2015/3/9,sh.000001,3224.31,3307.70,3198.37,3302.41,32149544000
2015/3/10,sh.000001,3289.09,3309.92,3277.10,3286.07,28581757600
2015/3/11,sh.000001,3289.59,3325.05,3278.47,3290.90,28298553500
2015/3/12,sh.000001,3314.81,3360.05,3300.49,3349.32,35729510500
2015/3/13,sh.000001,3359.49,3391.26,3352.15,3372.91,32841015400
2015/3/16,sh.000001,3391.16,3449.31,3377.09,3449.31,39913243000
2015/3/17,sh.000001,3469.60,3504.12,3459.69,3502.85,52093950600
2015/3/18,sh.000001,3510.50,3577.66,3503.85,3577.30,54521714400
2015/3/19,sh.000001,3576.02,3600.68,3546.84,3582.27,53734661400
2015/3/20,sh.000001,3587.08,3632.34,3569.38,3617.32,51666166900
2015/3/23,sh.000001,3640.10,3688.25,3635.49,3687.73,53606283200
2015/3/24,sh.000001,3692.57,3715.87,3600.70,3691.41,63955466900
2015/3/25,sh.000001,3680.95,3693.15,3634.56,3660.73,52188634800
2015/3/26,sh.000001,3641.94,3707.32,3615.01,3682.10,48864720300
2015/3/27,sh.000001,3686.13,3710.48,3656.83,3691.10,40894516500
2015/3/30,sh.000001,3710.61,3795.94,3710.61,3786.57,56470235300
2015/3/31,sh.000001,3822.99,3835.57,3737.04,3747.90,56167603700
2015/4/1,sh.000001,3748.34,3817.08,3742.21,3810.29,44745831900
2015/4/2,sh.000001,3827.69,3835.45,3775.89,3825.78,47929967300
2015/4/3,sh.000001,3803.38,3864.41,3792.21,3863.93,47303331100
2015/4/7,sh.000001,3899.42,3961.67,3891.73,3961.38,57044753500
2015/4/8,sh.000001,3976.53,4000.22,3903.65,3994.81,61808541900
2015/4/9,sh.000001,4006.13,4016.40,3900.03,3957.53,58517682500
2015/4/10,sh.000001,3947.49,4040.35,3929.32,4034.31,48428361900
2015/4/13,sh.000001,4072.72,4128.07,4057.29,4121.72,58981422700
2015/4/14,sh.000001,4125.78,4168.35,4091.26,4135.57,61068354100
2015/4/15,sh.000001,4135.65,4175.49,4069.01,4084.16,61300581200
2015/4/16,sh.000001,4055.92,4195.31,4031.24,4194.82,55124295600
2015/4/17,sh.000001,4254.72,4317.22,4238.91,4287.30,70170620500
2015/4/20,sh.000001,4301.35,4356.00,4190.68,4217.08,85713280700
2015/4/21,sh.000001,4212.19,4294.38,4188.57,4293.62,63447062700
2015/4/22,sh.000001,4304.60,4400.19,4297.95,4398.49,68030508600
2015/4/23,sh.000001,4414.49,4444.41,4358.84,4414.51,66734466100
2015/4/24,sh.000001,4355.95,4416.38,4318.12,4393.69,62855499600
2015/4/27,sh.000001,4441.93,4529.74,4441.93,4527.40,67108852100
2015/4/28,sh.000001,4527.64,4572.39,4432.90,4476.22,76767641600
2015/4/29,sh.000001,4446.12,4499.95,4398.64,4476.62,51983420200
2015/4/30,sh.000001,4483.01,4507.34,4441.05,4441.66,52672797500
2015/5/4,sh.000001,4441.34,4487.57,4387.43,4480.46,49417339800
2015/5/5,sh.000001,4479.85,4488.87,4282.24,4298.71,57285859600
2015/5/6,sh.000001,4311.64,4376.35,4187.37,4229.27,48173299300
2015/5/7,sh.000001,4197.90,4213.76,4108.01,4112.21,39456665300
2015/5/8,sh.000001,4152.98,4206.86,4099.04,4205.92,39742809400
2015/5/11,sh.000001,4231.27,4334.88,4187.82,4333.58,48875051500
2015/5/12,sh.000001,4342.37,4402.31,4317.98,4401.22,52186640800
2015/5/13,sh.000001,4402.38,4415.63,4342.48,4375.76,51049047500
2015/5/14,sh.000001,4372.82,4397.75,4329.04,4378.31,44907793500
2015/5/15,sh.000001,4366.82,4366.82,4278.55,4308.69,43970619800
2015/5/18,sh.000001,4277.90,4324.83,4260.51,4283.49,38005745200
2015/5/19,sh.000001,4285.78,4418.40,4285.78,4417.55,43673522400
2015/5/20,sh.000001,4434.98,4520.54,4432.28,4446.29,51410622300
2015/5/21,sh.000001,4456.44,4530.48,4438.26,4529.42,46499652000
2015/5/22,sh.000001,4584.98,4658.27,4562.99,4657.60,65559128700
2015/5/25,sh.000001,4660.08,4814.67,4656.83,4813.80,68246139100
2015/5/26,sh.000001,4854.85,4911.69,4779.08,4910.90,70489282900
2015/5/27,sh.000001,4932.85,4958.16,4857.06,4941.71,68116537900
2015/5/28,sh.000001,4943.74,4986.50,4614.24,4620.27,78296459200
2015/5/29,sh.000001,4603.47,4698.19,4431.56,4611.74,61126240900
2015/6/1,sh.000001,4633.10,4829.50,4615.23,4828.74,59338903500
2015/6/2,sh.000001,4844.70,4911.57,4797.55,4910.53,62374809900
2015/6/3,sh.000001,4924.38,4942.07,4822.44,4909.98,61145383900
2015/6/4,sh.000001,4912.95,4947.97,4647.41,4947.10,67495240200
2015/6/5,sh.000001,5016.09,5051.63,4898.07,5023.10,77224081200
2015/6/8,sh.000001,5045.69,5146.95,4997.48,5131.88,85503508500
2015/6/9,sh.000001,5145.98,5147.45,5042.96,5113.53,72989381800
2015/6/10,sh.000001,5049.20,5164.16,5001.49,5106.04,59696900100
2015/6/11,sh.000001,5101.44,5122.46,5050.76,5121.59,56399052200
2015/6/12,sh.000001,5143.34,5178.19,5103.40,5166.35,62562785400
2015/6/15,sh.000001,5174.42,5176.79,5048.74,5062.99,63780398400
2015/6/16,sh.000001,5004.41,5029.68,4842.10,4887.43,55080140700
2015/6/17,sh.000001,4890.55,4983.66,4767.22,4967.90,53710116800
2015/6/18,sh.000001,4942.52,4966.77,4780.87,4785.36,50744089900
2015/6/19,sh.000001,4689.93,4744.08,4476.50,4478.36,45268962600
2015/6/23,sh.000001,4471.61,4577.94,4264.77,4576.49,47352612800
2015/6/24,sh.000001,4604.58,4691.77,4552.13,4690.15,54300370900
2015/6/25,sh.000001,4711.76,4720.70,4483.55,4527.78,57279753300
2015/6/26,sh.000001,4399.93,4456.90,4139.53,4192.87,56521787400
2015/6/29,sh.000001,4289.77,4297.47,3875.05,4053.03,67378634900
2015/6/30,sh.000001,4006.75,4279.97,3847.88,4277.22,70917663300
2015/7/1,sh.000001,4214.15,4317.05,4043.37,4053.70,59876942700
2015/7/2,sh.000001,4058.62,4080.39,3795.25,3912.77,58601561200
2015/7/3,sh.000001,3793.71,3927.13,3629.56,3686.92,54816311100
2015/7/6,sh.000001,3975.21,3975.21,3653.04,3775.91,83113928600
2015/7/7,sh.000001,3654.78,3750.57,3585.40,3727.12,69881868800
2015/7/8,sh.000001,3467.40,3599.25,3421.53,3507.19,68035692200
2015/7/9,sh.000001,3432.45,3748.48,3373.54,3709.33,65691461200
2015/7/10,sh.000001,3707.46,3959.22,3677.43,3877.80,58636425500
2015/7/13,sh.000001,3918.99,4030.19,3858.64,3970.39,64348900700
2015/7/14,sh.000001,3958.37,4035.43,3855.56,3924.49,67055879900
2015/7/15,sh.000001,3874.97,3914.27,3741.25,3805.70,60130132400
2015/7/16,sh.000001,3758.50,3877.51,3688.44,3823.18,49225620000
2015/7/17,sh.000001,3831.42,3994.48,3814.15,3957.35,48172626800
2015/7/20,sh.000001,3948.42,4021.33,3927.12,3992.11,53910671400
2015/7/21,sh.000001,3939.90,4041.82,3912.80,4017.67,50428802800
2015/7/22,sh.000001,3996.43,4042.34,3960.86,4026.05,52073222500
2015/7/23,sh.000001,4022.27,4132.61,4019.04,4123.92,56358596600
2015/7/24,sh.000001,4124.75,4184.45,4044.83,4070.91,62742486000
2015/7/27,sh.000001,3985.57,4051.16,3720.44,3725.56,55600324700
2015/7/28,sh.000001,3573.14,3762.53,3537.36,3663.00,56333004200
2015/7/29,sh.000001,3689.82,3792.07,3612.06,3789.17,43435208500
2015/7/30,sh.000001,3773.79,3844.37,3685.96,3705.77,45794322800
2015/7/31,sh.000001,3655.67,3729.51,3620.17,3663.73,35095574500
2015/8/3,sh.000001,3614.99,3648.94,3549.50,3622.91,36396873100
2015/8/4,sh.000001,3621.85,3757.03,3601.29,3756.54,36290166600
2015/8/5,sh.000001,3745.65,3782.35,3676.39,3694.57,36642297900
2015/8/6,sh.000001,3625.50,3710.57,3614.74,3661.54,27407466300
2015/8/7,sh.000001,3692.61,3756.74,3686.30,3744.20,34075718400
2015/8/10,sh.000001,3786.03,3943.62,3775.85,3928.42,49730431900
2015/8/11,sh.000001,3928.81,3970.34,3891.18,3927.91,53892346000
2015/8/12,sh.000001,3881.23,3937.77,3871.14,3886.32,44268827800
2015/8/13,sh.000001,3869.91,3955.79,3838.16,3954.56,43007330300
2015/8/14,sh.000001,3976.41,4000.68,3939.84,3965.33,46798821700
2015/8/17,sh.000001,3947.84,3994.54,3907.40,3993.67,46043206000
2015/8/18,sh.000001,3999.13,4006.34,3743.39,3748.16,54377082200
2015/8/19,sh.000001,3646.80,3811.43,3558.38,3794.11,47539623900
2015/8/20,sh.000001,3754.57,3788.01,3663.61,3664.29,39006305700
2015/8/21,sh.000001,3609.96,3652.84,3490.54,3507.74,36992047900
2015/8/24,sh.000001,3373.48,3388.36,3191.88,3209.91,33467179200
2015/8/25,sh.000001,3004.13,3123.03,2947.94,2964.97,35232511000
2015/8/26,sh.000001,2980.79,3092.04,2850.71,2927.29,46669966300
2015/8/27,sh.000001,2978.03,3085.42,2906.49,3083.59,40030839800
2015/8/28,sh.000001,3125.26,3235.84,3102.95,3232.35,44313692800
2015/8/31,sh.000001,3203.56,3207.86,3109.16,3205.99,39743138200
2015/9/1,sh.000001,3157.83,3180.33,3053.74,3166.62,43243246800
2015/9/2,sh.000001,3027.68,3194.48,3019.09,3160.17,43817015300
2015/9/7,sh.000001,3149.38,3217.58,3066.30,3080.42,29646811400
2015/9/8,sh.000001,3054.44,3174.71,3011.12,3170.45,25541546500
2015/9/9,sh.000001,3182.55,3256.74,3165.70,3243.09,37532797800
2015/9/10,sh.000001,3190.55,3243.28,3178.90,3197.89,27326175900
2015/9/11,sh.000001,3189.48,3223.76,3163.45,3200.23,22455782200
2015/9/14,sh.000001,3221.17,3229.48,3049.23,3114.80,34663115800
2015/9/15,sh.000001,3043.80,3081.70,2983.92,3005.17,24919444500
2015/9/16,sh.000001,2998.04,3182.93,2983.54,3152.26,27752452400
2015/9/17,sh.000001,3131.98,3204.70,3085.31,3086.06,31760289200
2015/9/18,sh.000001,3100.28,3122.05,3070.34,3097.92,20917539800
2015/9/21,sh.000001,3072.09,3159.88,3060.86,3156.54,23989735400
2015/9/22,sh.000001,3161.32,3213.48,3152.48,3185.62,27478615400
2015/9/23,sh.000001,3137.72,3164.04,3104.74,3115.89,23632267000
2015/9/24,sh.000001,3126.49,3151.16,3109.69,3142.69,21288772300
2015/9/25,sh.000001,3130.85,3149.95,3063.00,3092.35,23626387100
2015/9/28,sh.000001,3085.57,3103.07,3042.31,3100.76,15672753000
2015/9/29,sh.000001,3055.22,3068.30,3021.16,3038.14,16322267300
2015/9/30,sh.000001,3052.84,3073.30,3039.74,3052.78,14664244900
2015/10/8,sh.000001,3156.07,3172.28,3133.13,3143.36,23427605000
2015/10/9,sh.000001,3146.64,3192.72,3137.79,3183.15,23485144500
2015/10/12,sh.000001,3193.54,3318.71,3188.41,3287.66,38629471500
2015/10/13,sh.000001,3262.16,3298.63,3253.25,3293.23,29715313300
2015/10/14,sh.000001,3280.02,3307.32,3256.25,3262.44,29507773900
2015/10/15,sh.000001,3255.03,3338.30,3254.39,3338.07,31628385100
2015/10/16,sh.000001,3358.30,3393.02,3334.85,3391.35,39546057500
2015/10/19,sh.000001,3401.63,3423.40,3355.57,3386.70,37811218300
2015/10/20,sh.000001,3377.55,3425.52,3357.86,3425.33,31897375800
2015/10/21,sh.000001,3428.56,3447.26,3265.44,3320.68,45845542800
2015/10/22,sh.000001,3292.29,3373.78,3282.99,3368.74,32373934100
2015/10/23,sh.000001,3377.55,3422.02,3360.22,3412.43,34737285400
2015/10/26,sh.000001,3448.65,3457.52,3402.00,3429.58,36556085300
2015/10/27,sh.000001,3409.14,3441.57,3332.62,3434.34,32817276800
2015/10/28,sh.000001,3417.01,3439.76,3367.23,3375.20,29352328400
2015/10/29,sh.000001,3387.77,3411.71,3362.51,3387.32,23567602600
2015/10/30,sh.000001,3380.28,3417.20,3346.59,3382.56,24359511800
2015/11/2,sh.000001,3337.58,3391.06,3322.31,3325.08,23095112900
2015/11/3,sh.000001,3330.32,3346.27,3302.18,3316.70,19289742800
2015/11/4,sh.000001,3325.62,3459.65,3325.62,3459.64,33907873000
2015/11/5,sh.000001,3459.22,3585.66,3455.53,3522.82,55325494700
2015/11/6,sh.000001,3514.44,3596.38,3508.83,3590.03,42916703300
2015/11/9,sh.000001,3588.50,3673.76,3588.50,3646.88,50301668200
2015/11/10,sh.000001,3617.40,3669.53,3607.89,3640.49,42974657600
2015/11/11,sh.000001,3635.00,3654.88,3605.62,3650.25,36097265100
2015/11/12,sh.000001,3656.82,3659.31,3603.23,3632.90,36171760000
2015/11/13,sh.000001,3600.76,3632.56,3564.81,3580.84,34587093300
2015/11/16,sh.000001,3522.46,3607.61,3519.42,3606.96,27618705700
2015/11/17,sh.000001,3629.98,3678.27,3598.07,3604.80,38357546800
2015/11/18,sh.000001,3605.06,3617.07,3558.70,3568.47,29758073400
2015/11/19,sh.000001,3573.78,3618.21,3561.04,3617.06,24791557600
2015/11/20,sh.000001,3620.79,3640.53,3607.92,3630.50,31080197200
2015/11/23,sh.000001,3630.87,3654.75,3598.87,3610.32,31599747400
2015/11/24,sh.000001,3602.89,3616.48,3563.10,3616.11,24881052400
2015/11/25,sh.000001,3614.07,3648.37,3607.52,3647.93,27302485700
2015/11/26,sh.000001,3659.57,3668.38,3629.86,3635.55,30676158200
2015/11/27,sh.000001,3616.54,3621.90,3412.43,3436.30,35428752500
2015/11/30,sh.000001,3433.86,3470.37,3327.81,3445.40,30419790300
2015/12/1,sh.000001,3442.44,3483.41,3417.55,3456.31,25239075500
2015/12/2,sh.000001,3450.28,3538.85,3427.66,3536.91,30149148000
2015/12/3,sh.000001,3525.73,3591.73,3517.23,3584.82,28111125500
2015/12/4,sh.000001,3558.15,3568.97,3510.41,3524.99,25173641100
2015/12/7,sh.000001,3529.81,3543.95,3506.62,3536.93,20830257900
2015/12/8,sh.000001,3518.65,3518.65,3466.79,3470.07,22436731000
2015/12/9,sh.000001,3462.58,3495.70,3454.88,3472.44,19569884500
2015/12/10,sh.000001,3469.81,3503.65,3446.27,3455.50,20042751700
2015/12/11,sh.000001,3441.60,3455.55,3410.92,3434.58,18290887800
2015/12/14,sh.000001,3403.51,3521.78,3399.28,3520.67,21537462000
2015/12/15,sh.000001,3518.13,3529.96,3496.85,3510.35,20047134100
2015/12/16,sh.000001,3522.09,3538.69,3506.29,3516.19,19348231000
2015/12/17,sh.000001,3533.63,3583.41,3533.63,3580.00,28385647600
2015/12/18,sh.000001,3574.94,3614.70,3568.16,3578.96,27370790400
2015/12/21,sh.000001,3568.58,3651.06,3565.75,3642.47,29984928000
2015/12/22,sh.000001,3645.99,3652.64,3616.87,3651.77,26117876300
2015/12/23,sh.000001,3653.28,3684.57,3633.03,3636.09,29820180100
2015/12/24,sh.000001,3631.31,3640.22,3572.28,3612.49,22778522500
2015/12/25,sh.000001,3614.05,3635.26,3601.74,3627.91,19845111100
2015/12/28,sh.000001,3635.77,3641.59,3533.78,3533.78,26998327800
2015/12/29,sh.000001,3528.40,3564.17,3515.52,3563.74,18255192300
2015/12/30,sh.000001,3566.73,3573.68,3538.11,3572.88,18788960900
2015/12/31,sh.000001,3570.47,3580.60,3538.35,3539.18,17696365900
2016/1/4,sh.000001,3536.59,3538.69,3295.74,3296.26,18441842300
2016/1/5,sh.000001,3196.65,3328.14,3189.61,3287.71,26688208300
2016/1/6,sh.000001,3291.20,3362.97,3288.93,3361.84,23888667000
2016/1/7,sh.000001,3309.66,3309.66,3115.89,3125.00,7056912300
2016/1/8,sh.000001,3194.63,3235.45,3056.88,3186.41,28644082200
2016/1/11,sh.000001,3131.85,3166.22,3016.70,3016.70,27164369100
2016/1/12,sh.000001,3026.16,3047.66,2978.46,3022.86,20765962200
2016/1/13,sh.000001,3041.11,3059.02,2949.29,2949.60,19428210600
2016/1/14,sh.000001,2874.05,3012.29,2867.55,3007.65,21290564400
2016/1/15,sh.000001,2988.05,3001.71,2883.87,2900.97,19872169700
2016/1/18,sh.000001,2847.54,2945.45,2844.70,2913.84,16469969400
2016/1/19,sh.000001,2914.41,3012.07,2906.40,3007.74,20527970300
2016/1/20,sh.000001,2993.01,3016.28,2951.92,2976.69,21650547400
2016/1/21,sh.000001,2934.39,2998.79,2880.09,2880.48,19167566800
2016/1/22,sh.000001,2911.11,2931.36,2851.73,2916.56,15981073400
2016/1/25,sh.000001,2934.08,2955.78,2911.83,2938.52,15303905700
2016/1/26,sh.000001,2907.72,2911.99,2743.84,2749.79,21083605400
2016/1/27,sh.000001,2756.08,2768.77,2638.30,2735.56,21572204600
2016/1/28,sh.000001,2711.16,2740.54,2647.49,2655.66,17112028000
2016/1/29,sh.000001,2652.85,2755.37,2649.79,2737.60,18667310600
2016/2/1,sh.000001,2730.98,2735.26,2655.62,2688.85,15638374400
2016/2/2,sh.000001,2687.98,2755.16,2687.98,2749.57,15807821100
2016/2/3,sh.000001,2719.57,2746.07,2696.88,2739.25,14839721700
2016/2/4,sh.000001,2751.43,2793.30,2751.31,2781.02,17038201800
2016/2/5,sh.000001,2783.08,2790.06,2762.16,2763.49,14118628400
2016/2/15,sh.000001,2684.96,2760.36,2682.09,2746.20,12926393200
2016/2/16,sh.000001,2758.58,2840.62,2758.58,2836.57,19596161400
2016/2/17,sh.000001,2829.76,2868.70,2824.36,2867.34,21690992500
2016/2/18,sh.000001,2881.78,2893.22,2857.70,2862.89,21920387300
2016/2/19,sh.000001,2854.90,2872.72,2840.49,2860.02,16339141300
2016/2/22,sh.000001,2888.60,2933.96,2880.35,2927.18,23217604200
2016/2/23,sh.000001,2925.71,2928.05,2872.28,2903.33,19974066300
2016/2/24,sh.000001,2889.89,2929.87,2872.27,2928.90,21341038400
2016/2/25,sh.000001,2922.24,2922.24,2729.85,2741.25,27028441600
2016/2/26,sh.000001,2760.06,2784.75,2715.87,2767.21,19111047200
2016/2/29,sh.000001,2754.81,2755.89,2638.96,2687.98,20741070900
2016/3/1,sh.000001,2688.38,2747.56,2668.76,2733.17,18720744300
2016/3/2,sh.000001,2733.77,2852.70,2732.54,2849.68,27096178300
2016/3/3,sh.000001,2847.33,2878.45,2840.87,2859.76,28747821000
2016/3/4,sh.000001,2848.54,2880.37,2808.85,2874.15,31249516900
2016/3/7,sh.000001,2886.64,2911.84,2871.35,2897.34,21746683600
2016/3/8,sh.000001,2895.67,2902.62,2802.56,2901.39,23348266100
2016/3/9,sh.000001,2839.41,2863.02,2811.72,2862.56,18335538300
2016/3/10,sh.000001,2847.57,2863.18,2803.48,2804.73,13897946100
2016/3/11,sh.000001,2781.60,2815.61,2772.55,2810.31,12724755400
2016/3/14,sh.000001,2830.08,2889.82,2823.03,2859.50,19481603000
2016/3/15,sh.000001,2853.98,2865.79,2819.80,2864.37,16338666700
2016/3/16,sh.000001,2858.71,2881.53,2854.19,2870.43,18649253500
2016/3/17,sh.000001,2875.41,2921.00,2857.19,2904.83,20029021300
2016/3/18,sh.000001,2915.52,2971.55,2908.74,2955.15,31333273500
2016/3/21,sh.000001,2978.46,3028.32,2973.76,3018.80,35240043800
2016/3/22,sh.000001,3001.63,3019.10,2988.43,2999.36,27037732200
2016/3/23,sh.000001,2991.17,3012.56,2980.86,3009.96,21697746200
2016/3/24,sh.000001,2986.80,2998.15,2960.54,2960.97,23700640300
2016/3/25,sh.000001,2956.20,2981.41,2952.11,2979.43,17507434400
2016/3/28,sh.000001,2988.01,3008.17,2948.53,2957.82,20202124100
2016/3/29,sh.000001,2956.71,2962.20,2905.25,2919.83,18296534500
2016/3/30,sh.000001,2941.22,3001.11,2941.22,3000.65,21037145100
2016/3/31,sh.000001,3009.37,3023.41,2992.92,3003.92,22041344500
2016/4/1,sh.000001,2997.09,3009.67,2956.25,3009.53,20654586600
2016/4/5,sh.000001,3000.94,3057.33,2993.15,3053.07,25673034400
2016/4/6,sh.000001,3039.75,3059.79,3029.01,3050.59,23226205100
2016/4/7,sh.000001,3058.34,3062.36,3007.06,3008.42,22091950600
2016/4/8,sh.000001,2988.20,2996.17,2960.46,2984.96,18790463300
2016/4/11,sh.000001,3006.91,3048.98,3006.91,3033.96,22001832400
2016/4/12,sh.000001,3031.30,3036.83,3001.32,3023.65,18271866800
2016/4/13,sh.000001,3041.36,3097.17,3041.36,3066.64,31000324600
2016/4/14,sh.000001,3080.09,3086.70,3056.99,3082.36,20823783000
2016/4/15,sh.000001,3085.03,3089.95,3066.87,3078.12,18961305100
2016/4/18,sh.000001,3058.46,3058.46,3022.97,3033.66,18330451200
2016/4/19,sh.000001,3047.13,3054.50,3024.90,3042.82,15653320000
2016/4/20,sh.000001,3050.38,3055.69,2905.05,2972.58,28314421900
2016/4/21,sh.000001,2954.37,2990.67,2943.46,2952.89,18940684900
2016/4/22,sh.000001,2933.04,2960.21,2926.78,2959.24,13721166800
2016/4/25,sh.000001,2949.97,2954.09,2917.02,2946.67,12585624300
2016/4/26,sh.000001,2944.72,2965.43,2933.97,2964.70,11771160400
2016/4/27,sh.000001,2967.19,2976.02,2949.43,2953.67,13086764000
2016/4/28,sh.000001,2955.74,2959.51,2916.37,2945.59,13866327400
2016/4/29,sh.000001,2935.38,2950.58,2930.36,2938.32,10931062800
2016/5/3,sh.000001,2940.39,2993.54,2929.82,2992.64,16870364300
2016/5/4,sh.000001,2983.03,3004.42,2978.33,2991.27,16540710600
2016/5/5,sh.000001,2987.02,2999.12,2977.20,2997.84,14483138300
2016/5/6,sh.000001,2998.40,3003.59,2913.04,2913.25,20679649800
2016/5/9,sh.000001,2896.16,2896.16,2821.83,2832.11,18037833000
2016/5/10,sh.000001,2822.33,2845.24,2820.16,2832.59,12082931000
2016/5/11,sh.000001,2843.55,2857.25,2818.70,2837.04,13579546600
2016/5/12,sh.000001,2812.11,2839.28,2781.24,2835.86,13633765500
2016/5/13,sh.000001,2828.46,2850.09,2814.12,2827.11,11431971000
2016/5/16,sh.000001,2816.78,2851.23,2804.99,2850.86,11465359200
2016/5/17,sh.000001,2850.93,2860.32,2832.46,2843.68,12336906400
2016/5/18,sh.000001,2828.18,2828.26,2781.42,2807.51,14048782600
2016/5/19,sh.000001,2802.32,2829.40,2801.55,2806.91,11159507100
2016/5/20,sh.000001,2792.89,2825.95,2785.08,2825.48,10870089900
2016/5/23,sh.000001,2826.31,2848.07,2826.26,2843.65,12047045500
2016/5/24,sh.000001,2839.68,2839.70,2807.19,2821.67,11145244500
2016/5/25,sh.000001,2835.03,2843.17,2807.75,2815.09,10352726500
2016/5/26,sh.000001,2813.54,2827.09,2780.76,2822.44,11476679700
2016/5/27,sh.000001,2817.97,2832.80,2809.80,2821.05,10984582300
2016/5/30,sh.000001,2814.65,2830.97,2794.66,2822.45,10631958900
2016/5/31,sh.000001,2822.59,2917.14,2822.59,2916.62,21526034100
2016/6/1,sh.000001,2917.15,2929.08,2909.51,2913.51,18838642100
2016/6/2,sh.000001,2911.22,2925.67,2906.52,2925.23,15971691600
2016/6/3,sh.000001,2929.79,2945.52,2915.19,2938.68,17202102300
2016/6/6,sh.000001,2940.99,2945.94,2922.28,2934.10,14199374200
2016/6/7,sh.000001,2936.28,2938.44,2923.50,2936.05,13298786700
2016/6/8,sh.000001,2932.38,2937.99,2908.37,2927.16,14304607100
2016/6/13,sh.000001,2897.27,2911.16,2832.51,2833.07,16925543400
2016/6/14,sh.000001,2824.23,2843.46,2822.06,2842.19,11975527400
2016/6/15,sh.000001,2814.69,2894.26,2811.78,2887.21,16667106900
2016/6/16,sh.000001,2878.40,2887.74,2865.39,2872.82,17388276700
2016/6/17,sh.000001,2873.01,2900.30,2872.19,2885.11,17147251700
2016/6/20,sh.000001,2887.64,2891.66,2864.02,2888.81,13657105100
2016/6/21,sh.000001,2898.38,2919.30,2869.18,2878.56,16435908900
2016/6/22,sh.000001,2872.73,2905.98,2869.51,2905.55,13059042400
2016/6/23,sh.000001,2902.40,2904.11,2878.66,2891.96,13613737500
2016/6/24,sh.000001,2883.76,2899.57,2807.60,2854.29,19084260900
2016/6/27,sh.000001,2840.56,2895.73,2840.28,2895.70,15669747200
2016/6/28,sh.000001,2885.01,2913.58,2878.82,2912.56,17387104700
2016/6/29,sh.000001,2918.53,2934.00,2915.06,2931.59,19321558600
2016/6/30,sh.000001,2931.48,2938.14,2922.31,2929.61,15446493000
2016/7/1,sh.000001,2931.80,2944.99,2925.81,2932.48,14124622700
2016/7/4,sh.000001,2924.29,2992.50,2922.52,2988.60,22201713200
2016/7/5,sh.000001,2991.75,3010.28,2990.64,3006.39,23520445000
2016/7/6,sh.000001,2998.52,3017.65,2984.83,3017.29,21237092000
2016/7/7,sh.000001,3009.35,3024.11,2994.64,3016.85,22268166700
2016/7/8,sh.000001,3000.33,3001.55,2983.88,2988.09,16898685900
2016/7/11,sh.000001,2993.75,3022.94,2990.91,2994.92,22433822400
2016/7/12,sh.000001,2992.52,3049.68,2984.42,3049.38,25948629500
2016/7/13,sh.000001,3049.51,3069.05,3048.20,3060.69,25365938400
2016/7/14,sh.000001,3054.98,3057.05,3036.52,3054.02,18019480400
2016/7/15,sh.000001,3056.68,3062.68,3044.54,3054.30,17286639800
2016/7/18,sh.000001,3047.64,3058.32,3031.64,3043.56,17749656200
2016/7/19,sh.000001,3040.23,3043.60,3014.29,3036.60,15536146600
2016/7/20,sh.000001,3034.71,3043.00,3022.63,3027.90,13824281500
2016/7/21,sh.000001,3027.60,3053.33,3027.37,3039.01,16376737000
2016/7/22,sh.000001,3038.12,3039.27,3007.46,3012.82,16201018100
2016/7/25,sh.000001,3008.09,3027.12,3003.29,3015.83,14420658200
2016/7/26,sh.000001,3014.04,3050.62,3013.80,3050.17,15669450600
2016/7/27,sh.000001,3050.37,3057.42,2939.23,2992.00,28016091500
2016/7/28,sh.000001,2980.50,3003.36,2968.18,2994.32,19056495000
2016/7/29,sh.000001,2992.54,3000.06,2972.92,2979.34,15010153400
2016/8/1,sh.000001,2971.95,2972.88,2931.96,2953.39,14740776300
2016/8/2,sh.000001,2950.08,2971.28,2946.64,2971.28,11546890000
2016/8/3,sh.000001,2963.22,2981.16,2956.79,2978.46,14114133200
2016/8/4,sh.000001,2976.41,2982.86,2958.93,2982.43,13393330100
2016/8/5,sh.000001,2978.78,2991.68,2971.56,2976.70,14185710100
2016/8/8,sh.000001,2972.63,3004.72,2959.05,3004.28,15572983300
2016/8/9,sh.000001,3001.31,3025.91,2998.68,3025.68,16999544600
2016/8/10,sh.000001,3023.47,3033.20,3017.09,3018.75,16467516500
2016/8/11,sh.000001,3013.68,3038.05,3001.17,3002.64,16187948100
2016/8/12,sh.000001,3000.27,3051.05,2999.04,3050.67,16817365700
2016/8/15,sh.000001,3056.48,3137.48,3053.87,3125.20,29761650600
2016/8/16,sh.000001,3130.53,3140.44,3102.07,3110.04,27832893400
2016/8/17,sh.000001,3106.99,3114.26,3090.28,3109.56,21383963700
2016/8/18,sh.000001,3107.75,3125.58,3093.32,3104.11,22935908100
2016/8/19,sh.000001,3100.39,3113.34,3082.77,3108.10,19434745300
2016/8/22,sh.000001,3107.38,3112.74,3083.59,3084.81,18538792700
2016/8/23,sh.000001,3081.57,3101.11,3073.53,3089.71,16136896500
2016/8/24,sh.000001,3092.02,3097.15,3079.55,3085.88,14570744000
2016/8/25,sh.000001,3073.44,3073.44,3041.51,3068.33,17403298000
2016/8/26,sh.000001,3069.85,3087.65,3063.89,3070.31,14966390100
2016/8/29,sh.000001,3068.46,3074.94,3058.79,3070.03,14450000700
2016/8/30,sh.000001,3071.44,3082.99,3065.97,3074.68,14043481100
2016/8/31,sh.000001,3072.92,3087.70,3063.40,3085.49,14136860900
2016/9/1,sh.000001,3083.96,3088.70,3062.88,3063.31,15519109300
2016/9/2,sh.000001,3057.50,3072.53,3050.49,3067.35,15044692000
2016/9/5,sh.000001,3070.71,3085.49,3065.33,3072.10,14496331700
2016/9/6,sh.000001,3071.06,3095.51,3053.19,3090.71,17290852400
2016/9/7,sh.000001,3091.33,3105.68,3087.88,3091.93,18695676300
2016/9/8,sh.000001,3089.95,3096.78,3083.90,3095.95,14588377100
2016/9/9,sh.000001,3095.43,3101.79,3078.22,3078.86,16069292400
2016/9/12,sh.000001,3037.51,3040.95,2999.93,3021.98,20601208600
2016/9/13,sh.000001,3025.04,3029.72,3008.74,3023.51,13538758000
2016/9/14,sh.000001,3008.90,3017.95,2995.42,3002.85,13341340100
2016/9/19,sh.000001,3005.32,3026.65,3005.32,3026.05,11922502700
2016/9/20,sh.000001,3027.17,3027.82,3015.88,3023.00,11892411700
2016/9/21,sh.000001,3021.58,3032.45,3017.54,3025.87,11572121300
2016/9/22,sh.000001,3038.42,3054.44,3035.07,3042.31,13930955400
2016/9/23,sh.000001,3044.79,3046.81,3032.80,3033.90,12559097600
2016/9/26,sh.000001,3028.24,3028.24,2980.12,2980.43,14433028600
2016/9/27,sh.000001,2974.59,2998.23,2969.13,2998.17,12170145000
2016/9/28,sh.000001,3000.70,3000.70,2984.32,2987.86,10462569700
2016/9/29,sh.000001,2992.17,3009.20,2991.91,2998.48,11321391900
2016/9/30,sh.000001,2994.25,3009.20,2993.06,3004.70,10133356200
2016/10/10,sh.000001,3020.46,3048.24,3014.62,3048.14,16005110400
2016/10/11,sh.000001,3051.62,3066.10,3048.02,3065.25,16727349600
2016/10/12,sh.000001,3057.32,3060.51,3048.89,3058.50,14249357700
2016/10/13,sh.000001,3057.97,3065.00,3052.64,3061.35,15475672500
2016/10/14,sh.000001,3056.99,3064.79,3043.18,3063.81,15537370500
2016/10/17,sh.000001,3064.69,3068.81,3033.75,3041.17,16373326500
2016/10/18,sh.000001,3037.40,3084.19,3037.40,3083.88,18204246000
2016/10/19,sh.000001,3085.75,3096.22,3076.77,3084.72,18247014300
2016/10/20,sh.000001,3084.91,3089.68,3076.30,3084.46,16069136400
2016/10/21,sh.000001,3081.39,3101.85,3069.27,3090.94,18738807200
2016/10/24,sh.000001,3092.05,3137.03,3090.79,3128.25,24052234900
2016/10/25,sh.000001,3127.97,3132.51,3121.05,3131.94,20338089800
2016/10/26,sh.000001,3129.84,3129.84,3110.39,3116.31,19166326300
2016/10/27,sh.000001,3112.60,3114.76,3100.39,3112.35,15800878900
2016/10/28,sh.000001,3111.70,3128.64,3101.24,3104.27,18177412300
2016/10/31,sh.000001,3097.19,3102.30,3081.07,3100.49,15150676400
2016/11/1,sh.000001,3101.66,3122.62,3097.04,3122.44,16023203200
2016/11/2,sh.000001,3115.73,3118.98,3099.82,3102.73,18272206700
2016/11/3,sh.000001,3096.77,3140.93,3094.10,3128.94,22298626000
2016/11/4,sh.000001,3126.35,3141.33,3119.54,3125.32,19768319700
2016/11/7,sh.000001,3124.89,3139.20,3117.10,3133.33,17941849000
2016/11/8,sh.000001,3140.94,3156.88,3134.96,3147.89,19084697900
2016/11/9,sh.000001,3146.08,3146.95,3096.95,3128.37,24111495800
2016/11/10,sh.000001,3148.54,3172.31,3148.54,3171.28,24419260200
2016/11/11,sh.000001,3169.40,3202.74,3166.07,3196.04,31085457900
2016/11/14,sh.000001,3187.71,3221.46,3186.80,3210.37,32960831300
2016/11/15,sh.000001,3209.96,3214.29,3195.04,3206.99,24088635000
2016/11/16,sh.000001,3208.50,3210.89,3195.41,3205.06,22176699300
2016/11/17,sh.000001,3198.50,3211.05,3187.21,3208.45,21420624000
2016/11/18,sh.000001,3207.19,3212.39,3187.50,3192.86,20982663900
2016/11/21,sh.000001,3188.50,3229.76,3188.28,3218.15,23065284400
2016/11/22,sh.000001,3220.98,3249.68,3220.98,3248.35,26163154700
2016/11/23,sh.000001,3247.95,3262.88,3231.59,3241.14,24995959200
2016/11/24,sh.000001,3237.43,3257.86,3232.87,3241.74,23232452700
2016/11/25,sh.000001,3241.24,3262.44,3209.60,3261.94,23392160100
2016/11/28,sh.000001,3270.05,3288.34,3267.67,3277.00,28155125300
2016/11/29,sh.000001,3269.23,3301.21,3263.40,3282.92,32083628700
2016/11/30,sh.000001,3272.14,3277.27,3239.52,3250.03,24357605300
2016/12/1,sh.000001,3257.03,3279.67,3256.26,3273.31,23775986400
2016/12/2,sh.000001,3270.12,3279.71,3235.28,3243.84,25956720500
2016/12/5,sh.000001,3203.78,3219.52,3194.88,3204.71,22301039400
2016/12/6,sh.000001,3202.03,3215.31,3196.53,3199.65,15757269300
2016/12/7,sh.000001,3198.48,3222.43,3189.49,3222.24,16907284700
2016/12/8,sh.000001,3225.55,3228.12,3211.47,3215.37,17071017300
2016/12/9,sh.000001,3209.34,3244.80,3207.04,3232.88,20402395600
2016/12/12,sh.000001,3233.67,3245.10,3149.90,3152.97,27470846100
2016/12/13,sh.000001,3138.99,3162.50,3118.71,3155.04,18516449500
2016/12/14,sh.000001,3149.38,3170.02,3136.35,3140.53,20135888700
2016/12/15,sh.000001,3125.76,3138.78,3100.91,3117.68,18999062600
2016/12/16,sh.000001,3111.52,3128.87,3106.35,3122.98,16498869900
2016/12/19,sh.000001,3120.70,3125.28,3110.08,3118.08,15416971600
2016/12/20,sh.000001,3115.90,3117.01,3084.80,3102.88,15742675900
2016/12/21,sh.000001,3107.24,3140.25,3107.24,3137.43,18670660700
2016/12/22,sh.000001,3132.16,3143.17,3126.89,3139.56,16780499000
2016/12/23,sh.000001,3134.93,3138.40,3103.75,3110.15,16617676900
2016/12/26,sh.000001,3095.58,3122.88,3068.42,3122.57,15257188100
2016/12/27,sh.000001,3117.39,3127.88,3113.75,3114.66,14152893900
2016/12/28,sh.000001,3113.77,3118.78,3094.55,3102.24,13572708700
2016/12/29,sh.000001,3095.84,3111.80,3087.34,3096.10,13262329200
2016/12/30,sh.000001,3097.35,3108.84,3089.99,3103.64,13326713000
2017/1/3,sh.000001,3105.31,3136.46,3105.31,3135.92,14156718700
2017/1/4,sh.000001,3133.79,3160.10,3130.11,3158.79,16786085000
2017/1/5,sh.000001,3157.91,3168.50,3154.28,3165.41,17472764500
2017/1/6,sh.000001,3163.78,3172.03,3153.03,3154.32,18370896600
2017/1/9,sh.000001,3148.53,3173.14,3147.74,3171.24,17171407500
2017/1/10,sh.000001,3167.57,3174.58,3157.33,3161.67,17975921600
2017/1/11,sh.000001,3156.69,3167.03,3136.27,3136.75,17836222100
2017/1/12,sh.000001,3133.60,3144.97,3115.98,3119.29,14888924000
2017/1/13,sh.000001,3116.08,3130.51,3102.16,3112.76,15627421400
2017/1/16,sh.000001,3104.49,3105.14,3044.29,3103.43,25788599600
2017/1/17,sh.000001,3087.03,3108.91,3072.34,3108.77,13615786100
2017/1/18,sh.000001,3104.77,3123.72,3098.59,3113.01,13178012800
2017/1/19,sh.000001,3104.97,3115.78,3094.01,3101.30,12385142000
2017/1/20,sh.000001,3095.82,3125.66,3095.21,3123.14,12236677700
2017/1/23,sh.000001,3125.42,3145.84,3125.42,3136.77,13266039200
2017/1/24,sh.000001,3134.59,3149.53,3131.22,3142.55,12597388100
2017/1/25,sh.000001,3137.65,3151.47,3133.19,3149.55,11207382700
2017/1/26,sh.000001,3149.22,3163.10,3148.91,3159.17,11387677200
2017/2/3,sh.000001,3160.08,3162.68,3136.01,3140.17,9222473600
2017/2/6,sh.000001,3143.09,3158.84,3135.39,3156.98,12719828300
2017/2/7,sh.000001,3154.40,3159.54,3140.04,3153.09,12833744200
2017/2/8,sh.000001,3148.09,3167.45,3132.03,3166.98,14492018700
2017/2/9,sh.000001,3164.69,3186.84,3162.57,3183.18,19164032700
2017/2/10,sh.000001,3183.01,3205.05,3182.80,3196.70,23934891300
2017/2/13,sh.000001,3198.99,3219.41,3198.99,3216.84,22019150800
2017/2/14,sh.000001,3216.14,3219.40,3205.29,3217.93,18879808800
2017/2/15,sh.000001,3215.46,3236.00,3206.56,3212.99,24150770600
2017/2/16,sh.000001,3210.36,3230.28,3207.79,3229.62,21695594200
2017/2/17,sh.000001,3227.71,3238.40,3199.42,3202.08,22622817700
2017/2/20,sh.000001,3198.96,3241.46,3198.96,3239.96,23215209600
2017/2/21,sh.000001,3242.22,3254.34,3239.88,3253.33,21167306600
2017/2/22,sh.000001,3252.69,3261.38,3243.84,3261.22,20745377600
2017/2/23,sh.000001,3258.83,3264.08,3236.35,3251.38,20917980000
2017/2/24,sh.000001,3246.86,3253.96,3233.53,3253.43,18640636200
2017/2/27,sh.000001,3249.19,3251.65,3224.09,3228.66,18258107100
2017/2/28,sh.000001,3225.97,3242.68,3225.97,3241.73,15124431800
2017/3/1,sh.000001,3240.07,3259.98,3237.87,3246.93,19067755000
2017/3/2,sh.000001,3250.52,3256.81,3228.66,3230.03,18121507600
2017/3/3,sh.000001,3219.20,3221.16,3206.61,3218.31,15708236800
2017/3/6,sh.000001,3217.33,3234.66,3215.07,3233.87,15609215800
2017/3/7,sh.000001,3233.09,3242.66,3226.82,3242.41,16406423500
2017/3/8,sh.000001,3240.53,3245.30,3230.61,3240.66,16073138800
2017/3/9,sh.000001,3233.70,3233.87,3205.28,3216.75,16737110800
2017/3/10,sh.000001,3213.73,3222.32,3208.45,3212.76,13667274300
2017/3/13,sh.000001,3209.45,3237.12,3193.16,3237.02,16367376000
2017/3/14,sh.000001,3235.25,3246.33,3231.52,3239.33,14694602200
2017/3/15,sh.000001,3235.40,3243.71,3227.74,3241.76,14405568200
2017/3/16,sh.000001,3247.16,3269.77,3247.16,3268.94,18941600200
2017/3/17,sh.000001,3271.87,3274.19,3232.28,3237.45,20058322300
2017/3/20,sh.000001,3241.11,3251.13,3228.12,3250.81,17054843000
2017/3/21,sh.000001,3250.25,3262.22,3246.70,3261.61,16271930600
2017/3/22,sh.000001,3246.22,3255.78,3229.13,3245.22,18973164900
2017/3/23,sh.000001,3245.81,3262.09,3221.93,3248.55,19302914400
2017/3/24,sh.000001,3247.35,3275.21,3241.12,3269.45,21977791400
2017/3/27,sh.000001,3268.92,3283.24,3262.12,3266.96,20185267500
2017/3/28,sh.000001,3265.63,3265.63,3246.09,3252.95,16171001300
2017/3/29,sh.000001,3252.87,3262.10,3233.28,3241.31,21610557500
2017/3/30,sh.000001,3235.14,3240.02,3195.85,3210.24,24713547900
2017/3/31,sh.000001,3206.25,3226.25,3205.54,3222.51,19644292200
2017/4/5,sh.000001,3235.66,3270.65,3233.24,3270.31,24832020200
2017/4/6,sh.000001,3272.19,3286.67,3265.76,3281.00,24528799900
2017/4/7,sh.000001,3280.62,3295.19,3275.05,3286.62,23610894200
2017/4/10,sh.000001,3285.46,3285.46,3265.01,3269.39,23269461600
2017/4/11,sh.000001,3266.22,3290.39,3244.40,3288.97,28128124800
2017/4/12,sh.000001,3283.84,3284.93,3262.28,3273.83,26938179000
2017/4/13,sh.000001,3265.22,3281.14,3261.49,3275.96,20734687500
2017/4/14,sh.000001,3276.14,3276.71,3238.90,3246.07,21450855800
2017/4/17,sh.000001,3229.95,3229.95,3199.91,3222.17,21273718900
2017/4/18,sh.000001,3215.40,3225.05,3196.49,3196.71,18866135300
2017/4/19,sh.000001,3184.67,3189.44,3147.07,3170.69,21323807500
2017/4/20,sh.000001,3165.67,3178.18,3148.18,3172.10,19087398500
2017/4/21,sh.000001,3170.29,3180.79,3158.63,3173.15,16476174000
2017/4/24,sh.000001,3164.25,3164.25,3111.21,3129.53,18627743400
2017/4/25,sh.000001,3123.89,3145.27,3117.45,3134.57,15341830700
2017/4/26,sh.000001,3132.92,3152.95,3131.42,3140.85,16987810700
2017/4/27,sh.000001,3131.35,3155.00,3097.33,3152.19,21179307300
2017/4/28,sh.000001,3144.02,3154.73,3136.58,3154.66,16288989900
2017/5/2,sh.000001,3147.23,3154.78,3136.54,3143.71,15422296200
2017/5/3,sh.000001,3138.31,3148.29,3123.75,3135.35,16376392400
2017/5/4,sh.000001,3127.11,3143.82,3111.39,3127.37,17796748500
2017/5/5,sh.000001,3114.77,3117.61,3092.09,3103.04,17621364100
2017/5/8,sh.000001,3090.07,3093.45,3067.69,3078.61,18052690400
2017/5/9,sh.000001,3064.85,3084.21,3056.56,3080.53,13506667400
2017/5/10,sh.000001,3078.17,3090.82,3051.59,3052.79,16079445200
2017/5/11,sh.000001,3036.79,3063.56,3016.53,3061.50,19134190100
2017/5/12,sh.000001,3054.11,3090.49,3051.87,3083.51,15968409900
2017/5/15,sh.000001,3085.93,3098.91,3085.93,3090.23,13566072800
2017/5/16,sh.000001,3082.87,3113.51,3060.53,3112.96,17377556400
2017/5/17,sh.000001,3107.80,3119.58,3101.30,3104.44,16867415800
2017/5/18,sh.000001,3082.33,3103.44,3077.96,3090.14,14862003500
2017/5/19,sh.000001,3086.71,3095.48,3081.28,3090.63,12963523000
2017/5/22,sh.000001,3087.17,3103.94,3063.15,3075.68,15368373000
2017/5/23,sh.000001,3069.39,3084.24,3050.84,3061.95,17831059900
2017/5/24,sh.000001,3047.57,3064.81,3022.30,3064.08,13981335300
2017/5/25,sh.000001,3055.34,3114.66,3052.83,3107.83,19139184100
2017/5/26,sh.000001,3101.29,3120.66,3100.39,3110.06,15592348600
2017/5/31,sh.000001,3125.33,3143.28,3111.56,3117.18,15295043000
2017/6/1,sh.000001,3108.42,3113.52,3097.68,3102.62,16301571900
2017/6/2,sh.000001,3094.23,3110.39,3081.85,3105.54,14250492500
2017/6/5,sh.000001,3102.11,3105.51,3084.83,3091.66,13257030000
2017/6/6,sh.000001,3084.54,3102.86,3078.79,3102.13,11343996300
2017/6/7,sh.000001,3101.76,3140.77,3098.95,3140.32,17322901400
2017/6/8,sh.000001,3136.47,3153.26,3132.83,3150.33,15227765900
2017/6/9,sh.000001,3147.45,3165.92,3146.11,3158.40,16013633400
2017/6/12,sh.000001,3149.53,3164.95,3135.31,3139.88,14672942500
2017/6/13,sh.000001,3134.01,3155.99,3131.04,3153.74,12831827900
2017/6/14,sh.000001,3146.75,3149.17,3125.35,3130.67,13834704200
2017/6/15,sh.000001,3125.59,3137.59,3117.08,3132.49,14695424500
2017/6/16,sh.000001,3126.37,3134.25,3117.86,3123.17,12965275800
2017/6/19,sh.000001,3122.16,3146.77,3121.78,3144.37,13489175800
2017/6/20,sh.000001,3148.02,3150.46,3134.61,3140.01,14119180200
2017/6/21,sh.000001,3148.99,3157.03,3132.62,3156.21,13668826800
2017/6/22,sh.000001,3152.24,3186.98,3146.64,3147.45,19134400600
2017/6/23,sh.000001,3138.44,3158.05,3118.09,3157.87,15484364800
2017/6/26,sh.000001,3157.00,3187.89,3156.98,3185.44,17357921100
2017/6/27,sh.000001,3183.42,3193.46,3172.46,3191.20,14820119800
2017/6/28,sh.000001,3183.63,3193.44,3170.79,3173.20,14651672000
2017/6/29,sh.000001,3174.98,3188.77,3174.28,3188.06,12875547000
2017/6/30,sh.000001,3176.95,3193.24,3171.57,3192.43,12146454300
2017/7/3,sh.000001,3192.00,3196.29,3177.02,3195.91,14030571700
2017/7/4,sh.000001,3192.89,3193.06,3174.31,3182.80,14111496700
2017/7/5,sh.000001,3179.22,3207.31,3174.71,3207.13,14829648300
2017/7/6,sh.000001,3203.86,3215.95,3188.77,3212.44,17580928700
2017/7/7,sh.000001,3203.82,3219.52,3195.29,3217.96,17671541600
2017/7/10,sh.000001,3208.46,3223.34,3203.21,3212.63,19892801000
2017/7/11,sh.000001,3201.52,3226.91,3199.22,3203.04,18783726200
2017/7/12,sh.000001,3201.93,3215.20,3177.93,3197.54,18690088000
2017/7/13,sh.000001,3192.36,3219.27,3190.34,3218.16,19530361100
2017/7/14,sh.000001,3212.03,3222.98,3204.85,3222.42,16012677300
2017/7/17,sh.000001,3219.79,3230.35,3139.50,3176.46,26620527400
2017/7/18,sh.000001,3159.73,3187.67,3150.13,3187.57,19062306000
2017/7/19,sh.000001,3181.40,3232.94,3179.73,3230.98,27242072600
2017/7/20,sh.000001,3227.51,3246.24,3225.43,3244.86,23210839200
2017/7/21,sh.000001,3236.59,3247.71,3231.96,3237.98,20600325100
2017/7/24,sh.000001,3230.90,3261.10,3230.07,3250.60,23305639900
2017/7/25,sh.000001,3249.14,3261.65,3233.14,3243.69,20557387300
2017/7/26,sh.000001,3244.46,3264.85,3228.04,3247.67,21354200500
2017/7/27,sh.000001,3243.77,3251.93,3220.64,3249.78,22848594500
2017/7/28,sh.000001,3240.17,3256.37,3232.96,3253.24,18222688000
2017/7/31,sh.000001,3252.75,3276.95,3251.19,3273.03,24603944000
2017/8/1,sh.000001,3274.37,3292.64,3273.50,3292.64,23719459400
2017/8/2,sh.000001,3288.52,3305.43,3282.04,3285.06,26673062800
2017/8/3,sh.000001,3279.99,3293.37,3262.16,3272.93,23327700400
2017/8/4,sh.000001,3269.32,3287.19,3261.31,3262.08,27590634000
2017/8/7,sh.000001,3257.67,3280.10,3243.72,3279.46,23117337900
2017/8/8,sh.000001,3277.19,3285.48,3269.66,3281.87,25204353700
2017/8/9,sh.000001,3277.81,3277.94,3263.85,3275.57,23559790700
2017/8/10,sh.000001,3269.73,3282.52,3236.18,3261.75,24068462200
2017/8/11,sh.000001,3237.92,3245.12,3200.75,3208.54,26296299500
2017/8/14,sh.000001,3206.04,3240.05,3206.04,3237.36,19034679600
2017/8/15,sh.000001,3235.23,3263.59,3235.10,3251.26,18229799700
2017/8/16,sh.000001,3247.85,3248.79,3228.87,3246.45,17685205100
2017/8/17,sh.000001,3253.85,3269.14,3251.46,3268.43,20362255100
2017/8/18,sh.000001,3253.24,3275.08,3248.08,3268.72,19112248300
2017/8/21,sh.000001,3274.58,3287.52,3270.48,3286.91,18612248300
2017/8/22,sh.000001,3287.61,3293.48,3274.94,3290.23,18653799100
2017/8/23,sh.000001,3283.80,3299.46,3274.44,3287.70,17983220800
2017/8/24,sh.000001,3287.96,3297.99,3266.36,3271.51,16346893700
2017/8/25,sh.000001,3271.46,3331.91,3271.46,3331.52,20583948200
2017/8/28,sh.000001,3336.13,3375.03,3336.13,3362.65,25746143800
2017/8/29,sh.000001,3362.06,3374.59,3354.46,3365.23,21950453500
2017/8/30,sh.000001,3361.82,3376.65,3357.08,3363.63,24686331200
2017/8/31,sh.000001,3361.46,3367.36,3340.69,3360.81,23441978100
2017/9/1,sh.000001,3365.99,3381.93,3358.47,3367.12,28249758400
2017/9/4,sh.000001,3369.72,3381.40,3359.13,3379.58,26742784900
2017/9/5,sh.000001,3377.20,3390.82,3371.57,3384.32,21655294600
2017/9/6,sh.000001,3372.43,3391.01,3364.76,3385.39,22909078500
2017/9/7,sh.000001,3383.63,3387.80,3363.18,3365.50,22111868500
2017/9/8,sh.000001,3364.43,3380.89,3353.69,3365.24,19840518400
2017/9/11,sh.000001,3365.35,3384.81,3360.05,3376.42,21901101900
2017/9/12,sh.000001,3381.49,3391.07,3370.85,3379.49,27291031900
2017/9/13,sh.000001,3374.72,3387.14,3366.54,3384.15,19455071500
2017/9/14,sh.000001,3383.47,3391.64,3361.33,3371.43,22130648700
2017/9/15,sh.000001,3365.15,3365.53,3345.33,3353.62,21976581600
2017/9/18,sh.000001,3352.51,3371.75,3352.51,3362.86,19031967600
2017/9/19,sh.000001,3365.53,3370.40,3344.71,3356.84,19112969100
2017/9/20,sh.000001,3352.18,3370.10,3346.54,3366.00,19219666100
2017/9/21,sh.000001,3364.70,3377.88,3356.88,3357.81,19744869500
2017/9/22,sh.000001,3347.16,3356.45,3334.98,3352.53,17923400700
2017/9/25,sh.000001,3344.59,3350.96,3334.94,3341.55,16962129300
2017/9/26,sh.000001,3336.35,3347.16,3332.60,3343.58,13262859500
2017/9/27,sh.000001,3340.82,3349.69,3340.30,3345.27,14308694500
2017/9/28,sh.000001,3343.84,3344.60,3336.18,3339.64,14944430000
2017/9/29,sh.000001,3340.31,3357.02,3340.31,3348.94,14486244300
2017/10/9,sh.000001,3403.25,3410.17,3366.97,3374.38,19173605700
2017/10/10,sh.000001,3373.34,3384.03,3358.80,3382.99,17942384100
2017/10/11,sh.000001,3381.49,3395.78,3379.16,3388.28,18147670400
2017/10/12,sh.000001,3385.53,3390.20,3372.53,3386.10,16180938000
2017/10/13,sh.000001,3384.49,3395.75,3383.24,3390.52,13995476400
2017/10/16,sh.000001,3393.21,3400.51,3374.77,3378.47,17433062000
2017/10/17,sh.000001,3373.23,3382.41,3365.56,3372.04,12538172500
2017/10/18,sh.000001,3373.53,3383.23,3371.92,3381.79,15722879100
2017/10/19,sh.000001,3374.64,3378.74,3359.63,3370.17,15847649500
2017/10/20,sh.000001,3363.51,3379.77,3360.10,3378.65,12717285100
2017/10/23,sh.000001,3382.28,3385.29,3374.71,3380.70,13084628900
2017/10/24,sh.000001,3376.60,3388.69,3374.12,3388.25,13989751100
2017/10/25,sh.000001,3384.86,3398.30,3382.03,3396.90,12313122200
2017/10/26,sh.000001,3397.52,3414.24,3391.45,3407.57,18376862500
2017/10/27,sh.000001,3404.50,3421.10,3402.11,3416.81,17025717300
2017/10/30,sh.000001,3413.87,3419.73,3357.28,3390.34,20834928600
2017/10/31,sh.000001,3381.00,3397.10,3376.12,3393.34,15349820600
2017/11/1,sh.000001,3393.97,3410.35,3388.60,3395.91,18056612700
2017/11/2,sh.000001,3391.65,3391.65,3372.21,3383.31,16686426700
2017/11/3,sh.000001,3377.74,3380.57,3347.36,3371.74,17271479000
2017/11/6,sh.000001,3369.69,3389.38,3356.53,3388.17,15463646800
2017/11/7,sh.000001,3389.47,3415.15,3387.95,3413.57,19057174600
2017/11/8,sh.000001,3409.15,3434.49,3404.88,3415.46,18543647000
2017/11/9,sh.000001,3410.67,3428.77,3408.62,3427.79,15865042600
2017/11/10,sh.000001,3423.18,3438.79,3414.33,3432.67,18927650300
2017/11/13,sh.000001,3435.18,3449.16,3435.08,3447.84,20538905400
2017/11/14,sh.000001,3446.55,3450.49,3419.69,3429.55,19647267400
2017/11/15,sh.000001,3416.21,3423.75,3396.38,3402.52,16879207600
2017/11/16,sh.000001,3393.19,3409.65,3390.59,3399.25,15668433200
2017/11/17,sh.000001,3392.68,3403.29,3373.30,3382.91,24945815300
2017/11/20,sh.000001,3361.36,3393.11,3337.12,3392.40,17652468300
2017/11/21,sh.000001,3382.36,3419.80,3377.60,3410.50,19687180300
2017/11/22,sh.000001,3417.33,3442.18,3404.29,3430.46,21356709300
2017/11/23,sh.000001,3425.01,3429.42,3342.33,3351.92,21526539300
2017/11/24,sh.000001,3340.38,3360.75,3328.33,3353.82,15956966300
2017/11/27,sh.000001,3346.66,3347.05,3315.26,3322.23,16643917000
2017/11/28,sh.000001,3311.23,3333.80,3300.78,3333.66,13824779900
2017/11/29,sh.000001,3335.57,3343.06,3305.57,3337.86,18380593200
2017/11/30,sh.000001,3328.64,3340.92,3306.28,3317.19,15659585100
2017/12/1,sh.000001,3315.11,3324.52,3302.44,3317.62,13919830000
2017/12/4,sh.000001,3310.38,3324.00,3304.10,3309.62,14805328800
2017/12/5,sh.000001,3301.69,3315.74,3300.51,3303.68,20827886200
2017/12/6,sh.000001,3291.31,3296.20,3254.61,3293.96,15160445200
2017/12/7,sh.000001,3283.28,3291.28,3259.16,3272.05,13210590000
2017/12/8,sh.000001,3264.48,3297.13,3258.76,3289.99,13320931400
2017/12/11,sh.000001,3290.49,3322.67,3288.29,3322.20,13196598400
2017/12/12,sh.000001,3320.31,3320.31,3280.33,3280.81,12460482700
2017/12/13,sh.000001,3278.40,3304.01,3273.32,3303.04,11199864700
2017/12/14,sh.000001,3302.93,3309.53,3282.57,3292.44,12054423500
2017/12/15,sh.000001,3287.53,3287.53,3259.39,3266.14,13094061800
2017/12/18,sh.000001,3268.03,3280.54,3254.18,3267.92,12070038900
2017/12/19,sh.000001,3266.02,3296.94,3266.02,3296.54,11514013400
2017/12/20,sh.000001,3296.74,3300.21,3276.12,3287.61,13774511800
2017/12/21,sh.000001,3281.12,3309.22,3267.40,3300.06,14212792700
2017/12/22,sh.000001,3297.69,3307.33,3293.44,3297.06,12404732600
2017/12/25,sh.000001,3296.21,3312.30,3270.44,3280.46,14689363500
2017/12/26,sh.000001,3277.84,3307.30,3274.33,3306.12,14243450100
2017/12/27,sh.000001,3302.46,3307.08,3270.35,3275.78,16267489000
2017/12/28,sh.000001,3272.29,3304.10,3263.73,3296.38,17537167000
2017/12/29,sh.000001,3295.25,3308.22,3292.77,3307.17,14158683600
2018/1/2,sh.000001,3314.03,3349.05,3314.03,3348.33,20227886000
2018/1/3,sh.000001,3347.74,3379.92,3345.29,3369.11,21383614900
2018/1/4,sh.000001,3371.00,3392.83,3365.30,3385.71,20695528800
2018/1/5,sh.000001,3386.46,3402.07,3380.25,3391.75,21306068100
2018/1/8,sh.000001,3391.55,3412.73,3384.56,3409.48,23616510600
2018/1/9,sh.000001,3406.11,3417.23,3403.59,3413.90,19148855100
2018/1/10,sh.000001,3414.11,3430.21,3398.84,3421.83,20909499700
2018/1/11,sh.000001,3415.59,3426.48,3405.64,3425.34,17381213300
2018/1/12,sh.000001,3423.88,3435.42,3417.98,3428.94,17406340400
2018/1/15,sh.000001,3428.95,3442.50,3402.31,3410.49,23200928300
2018/1/16,sh.000001,3403.47,3437.58,3401.96,3436.59,21147546800
2018/1/17,sh.000001,3438.58,3465.20,3430.51,3444.67,26104503000
2018/1/18,sh.000001,3449.88,3476.55,3448.79,3474.75,22003955500
2018/1/19,sh.000001,3481.62,3498.43,3474.29,3487.86,24753673300
2018/1/22,sh.000001,3476.99,3503.39,3475.67,3501.36,21748753400
2018/1/23,sh.000001,3504.34,3547.22,3504.34,3546.50,23870590400
2018/1/24,sh.000001,3553.48,3569.49,3527.11,3559.47,25295449600
2018/1/25,sh.000001,3555.17,3571.48,3528.03,3548.31,24341342200
2018/1/26,sh.000001,3535.49,3574.90,3534.20,3558.13,22269829500
2018/1/29,sh.000001,3563.64,3587.03,3510.27,3523.00,23602696500
2018/1/30,sh.000001,3511.50,3523.05,3484.66,3488.01,18636997500
2018/1/31,sh.000001,3470.51,3495.45,3454.73,3480.83,20725340300
2018/2/1,sh.000001,3478.67,3495.09,3424.42,3446.98,26050470700
2018/2/2,sh.000001,3419.22,3463.16,3388.86,3462.08,20812055100
2018/2/5,sh.000001,3411.67,3487.72,3406.24,3487.50,21767375400
2018/2/6,sh.000001,3418.01,3440.12,3364.22,3370.65,28055547700
2018/2/7,sh.000001,3412.74,3425.54,3304.01,3309.26,26093971400
2018/2/8,sh.000001,3281.05,3307.16,3225.71,3262.05,20126249900
2018/2/9,sh.000001,3172.85,3180.11,3062.74,3129.85,25638917600
2018/2/12,sh.000001,3128.37,3168.13,3113.61,3154.13,15331083100
2018/2/13,sh.000001,3176.11,3219.22,3176.11,3184.96,15152759700
2018/2/14,sh.000001,3188.25,3203.50,3171.38,3199.16,10032282700
2018/2/22,sh.000001,3237.57,3269.92,3234.12,3268.56,13873044500
2018/2/23,sh.000001,3275.43,3294.13,3258.49,3289.02,14579036800
2018/2/26,sh.000001,3307.30,3335.99,3281.62,3329.57,18856860200
2018/2/27,sh.000001,3328.67,3328.67,3284.63,3292.07,17421936800
2018/2/28,sh.000001,3264.06,3277.83,3239.84,3259.41,15104353600
2018/3/1,sh.000001,3235.09,3280.15,3228.58,3273.75,15909832000
2018/3/2,sh.000001,3248.45,3269.94,3242.27,3254.53,15086106300
2018/3/5,sh.000001,3255.87,3269.40,3236.72,3256.93,14483598800
2018/3/6,sh.000001,3266.49,3290.25,3243.65,3289.64,19535804600
2018/3/7,sh.000001,3288.86,3308.41,3264.76,3271.67,16866501900
2018/3/8,sh.000001,3268.35,3289.50,3261.55,3288.41,14982751900
2018/3/9,sh.000001,3291.43,3309.72,3283.56,3307.17,16842450900
2018/3/12,sh.000001,3319.21,3333.56,3313.56,3326.70,20653243600
2018/3/13,sh.000001,3324.12,3333.88,3307.38,3310.24,17711435300
2018/3/14,sh.000001,3298.67,3304.98,3287.36,3291.38,15749108500
2018/3/15,sh.000001,3277.51,3297.10,3273.20,3291.11,14857360600
2018/3/16,sh.000001,3290.21,3300.57,3269.28,3269.88,14120364700
2018/3/19,sh.000001,3264.93,3280.57,3251.05,3279.25,13795498000
2018/3/20,sh.000001,3257.22,3292.57,3252.43,3290.64,13988108100
2018/3/21,sh.000001,3299.73,3314.21,3268.88,3280.95,16839827700
2018/3/22,sh.000001,3281.27,3288.80,3242.76,3263.48,15043297700
2018/3/23,sh.000001,3172.77,3188.24,3110.66,3152.76,27553201300
2018/3/26,sh.000001,3117.32,3134.28,3091.46,3133.72,18636635000
2018/3/27,sh.000001,3164.80,3172.78,3143.57,3166.65,18907338300
2018/3/28,sh.000001,3130.57,3165.21,3117.53,3122.29,16350048800
2018/3/29,sh.000001,3127.26,3174.51,3098.25,3160.53,17031238400
2018/3/30,sh.000001,3161.79,3177.72,3152.89,3168.90,15464659600
2018/4/2,sh.000001,3169.78,3192.34,3159.99,3163.18,17772777700
2018/4/3,sh.000001,3130.01,3144.33,3119.13,3136.63,15221667400
2018/4/4,sh.000001,3147.05,3163.34,3128.87,3131.11,14697668200
2018/4/9,sh.000001,3125.44,3146.09,3110.30,3138.29,13960862100
2018/4/10,sh.000001,3144.26,3190.65,3139.08,3190.32,16820135900
2018/4/11,sh.000001,3197.37,3220.85,3191.59,3208.08,17586719700
2018/4/12,sh.000001,3203.28,3205.25,3177.05,3180.16,14823131300
2018/4/13,sh.000001,3192.04,3197.90,3155.51,3159.05,12755231000
2018/4/16,sh.000001,3152.89,3153.11,3096.10,3110.65,15441569500
2018/4/17,sh.000001,3112.97,3118.76,3064.03,3066.80,14722284600
2018/4/18,sh.000001,3091.91,3096.89,3041.63,3091.40,15929050300
2018/4/19,sh.000001,3094.27,3127.44,3090.29,3117.38,16005680500
2018/4/20,sh.000001,3105.46,3111.17,3065.92,3071.54,15514709100
2018/4/23,sh.000001,3063.44,3085.06,3045.94,3068.01,13168634000
2018/4/24,sh.000001,3069.75,3136.04,3069.75,3128.93,16227480600
2018/4/25,sh.000001,3112.40,3122.91,3107.00,3117.97,12731105300
2018/4/26,sh.000001,3119.50,3121.93,3067.93,3075.03,13397273600
2018/4/27,sh.000001,3082.41,3088.03,3049.91,3082.23,13122564300
2018/5/2,sh.000001,3087.41,3097.60,3064.76,3081.18,13418456600
2018/5/3,sh.000001,3074.52,3105.66,3056.16,3100.86,13998562000
2018/5/4,sh.000001,3093.12,3104.09,3086.78,3091.03,11871126500
2018/5/7,sh.000001,3094.90,3136.84,3091.66,3136.64,13894818600
2018/5/8,sh.000001,3135.30,3169.70,3134.06,3161.50,14692706100
2018/5/9,sh.000001,3160.14,3165.37,3145.66,3159.15,12263726800
2018/5/10,sh.000001,3169.05,3176.14,3155.53,3174.41,13300075600
2018/5/11,sh.000001,3179.80,3180.76,3162.21,3163.26,13065974900
2018/5/14,sh.000001,3167.04,3183.82,3163.48,3174.03,12932735300
2018/5/15,sh.000001,3180.42,3192.81,3164.52,3192.12,12454905100
2018/5/16,sh.000001,3180.23,3191.95,3166.81,3169.57,13052496800
2018/5/17,sh.000001,3170.01,3172.77,3148.62,3154.28,11399556700
2018/5/18,sh.000001,3151.08,3193.45,3144.78,3193.30,13651691800
2018/5/21,sh.000001,3206.18,3219.74,3203.34,3213.84,16445941300
2018/5/22,sh.000001,3211.25,3214.59,3192.23,3214.35,14429268400
2018/5/23,sh.000001,3205.44,3205.44,3168.96,3168.96,15780764800
2018/5/24,sh.000001,3167.94,3173.53,3152.07,3154.65,12408580000
2018/5/25,sh.000001,3148.41,3156.73,3131.07,3141.30,12861084300
2018/5/28,sh.000001,3136.81,3149.66,3115.96,3135.08,12875591800
2018/5/29,sh.000001,3129.62,3143.21,3112.15,3120.46,13571780000
2018/5/30,sh.000001,3081.14,3085.40,3041.00,3041.44,15511512600
2018/5/31,sh.000001,3061.83,3098.08,3054.27,3095.47,14047553200
2018/6/1,sh.000001,3084.75,3102.09,3059.79,3075.14,12987219900
2018/6/4,sh.000001,3083.43,3098.40,3076.99,3091.19,11459390200
2018/6/5,sh.000001,3088.01,3114.77,3080.05,3114.21,11873559200
2018/6/6,sh.000001,3109.17,3117.53,3103.53,3115.18,12019613500
2018/6/7,sh.000001,3121.18,3128.72,3105.58,3109.50,12778497000
2018/6/8,sh.000001,3100.60,3100.68,3053.29,3067.15,13468822000
2018/6/11,sh.000001,3057.34,3063.61,3037.91,3052.78,10856378600
2018/6/12,sh.000001,3053.03,3081.45,3034.10,3079.80,11327509600
2018/6/13,sh.000001,3071.46,3071.46,3044.12,3049.80,11960788600
2018/6/14,sh.000001,3038.07,3066.05,3032.41,3044.16,11546948700
2018/6/15,sh.000001,3037.45,3048.80,3008.73,3021.90,14453257100
2018/6/19,sh.000001,2982.65,2984.97,2871.35,2907.82,23055006700
2018/6/20,sh.000001,2889.98,2925.56,2872.16,2915.73,14430142000
2018/6/21,sh.000001,2912.00,2940.59,2872.62,2875.81,15437833200
2018/6/22,sh.000001,2855.58,2891.97,2837.14,2889.76,12614312900
2018/6/25,sh.000001,2903.45,2908.62,2857.87,2859.34,12191768700
2018/6/26,sh.000001,2829.99,2850.24,2803.79,2844.51,12591846800
2018/6/27,sh.000001,2842.40,2854.26,2798.80,2813.18,12942083300
2018/6/28,sh.000001,2799.90,2825.99,2782.45,2786.90,11835790700
2018/6/29,sh.000001,2789.81,2848.37,2782.38,2847.42,12567168500
2018/7/2,sh.000001,2841.58,2845.68,2756.82,2775.56,13703503400
2018/7/3,sh.000001,2774.57,2786.89,2722.45,2786.89,14249846600
2018/7/4,sh.000001,2776.63,2793.18,2754.16,2759.13,12326218100
2018/7/5,sh.000001,2755.34,2777.52,2727.94,2733.88,12922611200
2018/7/6,sh.000001,2731.35,2768.87,2691.02,2747.23,13629438000
2018/7/9,sh.000001,2752.45,2815.79,2752.45,2815.11,12154930900
2018/7/10,sh.000001,2819.71,2828.49,2800.63,2827.63,11706274800
2018/7/11,sh.000001,2780.70,2794.36,2752.44,2777.77,12682114900
2018/7/12,sh.000001,2771.04,2844.19,2771.04,2837.66,14698020000
2018/7/13,sh.000001,2831.43,2835.46,2818.85,2831.18,11768934800
2018/7/16,sh.000001,2827.08,2837.51,2804.49,2814.04,10776715100
2018/7/17,sh.000001,2806.89,2806.92,2774.76,2798.13,10540922000
2018/7/18,sh.000001,2801.78,2818.40,2786.04,2787.26,12096116500
2018/7/19,sh.000001,2791.02,2805.01,2764.49,2772.55,11448649300
2018/7/20,sh.000001,2769.75,2837.86,2753.84,2829.27,14590768800
2018/7/23,sh.000001,2815.20,2863.57,2809.62,2859.54,17338279700
2018/7/24,sh.000001,2862.27,2911.46,2862.27,2905.56,22957830700
2018/7/25,sh.000001,2911.45,2912.31,2894.04,2903.65,16780020700
2018/7/26,sh.000001,2905.79,2915.30,2875.70,2882.23,16842820200
2018/7/27,sh.000001,2879.69,2889.69,2864.11,2873.59,14637161000
2018/7/30,sh.000001,2871.94,2896.01,2850.30,2869.05,15165224900
2018/7/31,sh.000001,2866.90,2884.68,2854.32,2876.40,11893111700
2018/8/1,sh.000001,2882.51,2897.40,2823.93,2824.53,14951434800
2018/8/2,sh.000001,2815.34,2815.34,2726.48,2768.02,17417900300
2018/8/3,sh.000001,2763.40,2777.66,2740.43,2740.44,12700636300
2018/8/6,sh.000001,2736.53,2760.47,2692.32,2705.16,12975305800
2018/8/7,sh.000001,2711.74,2779.37,2696.04,2779.37,14957974300
2018/8/8,sh.000001,2771.13,2779.91,2741.07,2744.07,14768871500
2018/8/9,sh.000001,2729.58,2801.66,2726.22,2794.38,15166033300
2018/8/10,sh.000001,2791.40,2806.11,2777.51,2795.31,12153223200
2018/8/13,sh.000001,2769.02,2789.80,2742.56,2785.87,12753224100
2018/8/14,sh.000001,2780.74,2789.44,2766.57,2780.96,10957107700
2018/8/15,sh.000001,2777.25,2777.70,2721.24,2723.26,11616178700
2018/8/16,sh.000001,2691.43,2732.95,2672.74,2705.19,12027787800
2018/8/17,sh.000001,2723.89,2730.33,2665.59,2668.97,11244529400
2018/8/20,sh.000001,2673.07,2698.47,2653.11,2698.47,11078416400
2018/8/21,sh.000001,2700.34,2739.17,2696.29,2733.83,11358683900
2018/8/22,sh.000001,2731.96,2731.96,2709.06,2714.61,9366464000
2018/8/23,sh.000001,2714.87,2736.01,2700.80,2724.62,9844647000
2018/8/24,sh.000001,2717.08,2748.82,2705.32,2729.43,10051626900
2018/8/27,sh.000001,2736.32,2780.90,2736.32,2780.90,13276257800
2018/8/28,sh.000001,2782.29,2791.39,2769.40,2777.98,11874936700
2018/8/29,sh.000001,2774.86,2778.54,2762.35,2769.29,10015692900
2018/8/30,sh.000001,2769.33,2780.53,2736.35,2737.74,10606094300
2018/8/31,sh.000001,2730.11,2744.63,2710.54,2725.25,10975874200
2018/9/3,sh.000001,2716.40,2722.85,2692.36,2720.73,10221301100
2018/9/4,sh.000001,2720.65,2756.61,2712.38,2750.58,10901030700
2018/9/5,sh.000001,2741.38,2745.47,2704.34,2704.34,10500226900
2018/9/6,sh.000001,2697.58,2719.41,2683.74,2691.59,9901783300
2018/9/7,sh.000001,2696.68,2728.55,2683.72,2702.30,10752329300
2018/9/10,sh.000001,2698.01,2703.43,2667.32,2669.48,10355917000
2018/9/11,sh.000001,2668.49,2680.57,2652.70,2664.80,9986594600
2018/9/12,sh.000001,2659.74,2672.07,2647.17,2656.11,9002675800
2018/9/13,sh.000001,2679.21,2689.06,2653.19,2686.58,10733501400
2018/9/14,sh.000001,2688.78,2694.92,2675.29,2681.64,10000500800
2018/9/17,sh.000001,2671.29,2671.29,2647.92,2651.79,8823888800
2018/9/18,sh.000001,2644.30,2700.19,2644.30,2699.95,11576799300
2018/9/19,sh.000001,2694.80,2746.08,2690.99,2730.85,14155031800
2018/9/20,sh.000001,2732.17,2743.96,2724.08,2729.24,11138746300
2018/9/21,sh.000001,2733.87,2797.49,2722.03,2797.48,15801664200
2018/9/25,sh.000001,2775.07,2790.03,2771.16,2781.14,11198317900
2018/9/26,sh.000001,2785.32,2827.34,2783.34,2806.81,13956770600
2018/9/27,sh.000001,2805.79,2810.51,2786.32,2791.77,12399769600
2018/9/28,sh.000001,2794.26,2821.76,2791.84,2821.35,13429045600
2018/10/8,sh.000001,2768.21,2771.94,2710.18,2716.51,14950138800
2018/10/9,sh.000001,2713.73,2734.31,2711.20,2721.01,11677189900
2018/10/10,sh.000001,2723.72,2743.55,2703.06,2725.84,11348573600
2018/10/11,sh.000001,2643.07,2661.29,2560.32,2583.46,19715070200
2018/10/12,sh.000001,2574.04,2615.92,2536.67,2606.91,17008163500
2018/10/15,sh.000001,2605.91,2611.97,2564.74,2568.10,11857619700
2018/10/16,sh.000001,2567.76,2597.72,2536.44,2546.33,11941914400
2018/10/17,sh.000001,2574.31,2582.55,2517.57,2561.61,12995399700
2018/10/18,sh.000001,2544.91,2544.91,2485.62,2486.42,12542851300
2018/10/19,sh.000001,2460.08,2553.39,2449.20,2550.47,14732355800
2018/10/22,sh.000001,2565.64,2675.41,2565.64,2654.88,21188844900
2018/10/23,sh.000001,2652.65,2659.81,2583.26,2594.83,17834354300
2018/10/24,sh.000001,2579.97,2640.40,2577.77,2603.30,16006040700
2018/10/25,sh.000001,2540.93,2606.10,2531.53,2603.80,16203297900
2018/10/26,sh.000001,2610.90,2626.12,2580.85,2598.85,15893611900
2018/10/29,sh.000001,2593.59,2595.54,2529.19,2542.10,13424192300
2018/10/30,sh.000001,2538.57,2586.92,2521.78,2568.05,16668230900
2018/10/31,sh.000001,2573.01,2612.92,2567.03,2602.78,18055034800
2018/11/1,sh.000001,2617.03,2636.80,2603.65,2606.24,20090393200
2018/11/2,sh.000001,2649.25,2676.48,2628.87,2676.48,22502692100
2018/11/5,sh.000001,2665.43,2673.19,2639.27,2665.43,19376010000
2018/11/6,sh.000001,2660.72,2660.86,2635.32,2659.36,16366947900
2018/11/7,sh.000001,2659.84,2675.68,2639.25,2641.34,17320198600
2018/11/8,sh.000001,2660.09,2662.37,2632.30,2635.63,15963548700
2018/11/9,sh.000001,2621.24,2621.24,2598.16,2598.87,15244630700
2018/11/12,sh.000001,2593.20,2631.17,2590.21,2630.52,17503130800
2018/11/13,sh.000001,2600.50,2666.49,2597.35,2654.88,24928244700
2018/11/14,sh.000001,2648.31,2658.31,2627.96,2632.24,23844935100
2018/11/15,sh.000001,2632.14,2668.17,2631.89,2668.17,20784872100
2018/11/16,sh.000001,2669.78,2695.57,2657.03,2679.11,24219884900
2018/11/19,sh.000001,2681.90,2703.51,2674.18,2703.51,23166282700
2018/11/20,sh.000001,2684.29,2690.83,2643.36,2645.85,21589130900
2018/11/21,sh.000001,2619.82,2653.80,2617.78,2651.51,18259644700
2018/11/22,sh.000001,2655.90,2658.00,2634.48,2645.43,14930906300
2018/11/23,sh.000001,2640.67,2642.04,2577.35,2579.48,19147454900
2018/11/26,sh.000001,2580.84,2595.00,2568.04,2575.81,13431454000
2018/11/27,sh.000001,2585.83,2592.54,2566.17,2574.68,12365843600
2018/11/28,sh.000001,2575.45,2601.96,2561.56,2601.74,14596347300
2018/11/29,sh.000001,2613.78,2617.55,2567.44,2567.44,15716873800
2018/11/30,sh.000001,2564.56,2590.21,2555.32,2588.19,13932902100
2018/12/3,sh.000001,2647.13,2665.30,2629.18,2654.80,20747895500
2018/12/4,sh.000001,2651.56,2666.08,2644.90,2665.96,16794055800
2018/12/5,sh.000001,2629.83,2660.39,2625.91,2649.81,15450205600
2018/12/6,sh.000001,2629.82,2633.68,2603.13,2605.18,14166165000
2018/12/7,sh.000001,2609.34,2614.58,2599.28,2605.89,10907499300
2018/12/10,sh.000001,2589.19,2599.76,2576.24,2584.58,11319966900
2018/12/11,sh.000001,2587.01,2596.15,2583.20,2594.09,10130436400
2018/12/12,sh.000001,2608.11,2610.01,2595.08,2602.15,10351830100
2018/12/13,sh.000001,2607.14,2645.84,2599.46,2634.05,15073811500
2018/12/14,sh.000001,2627.28,2629.16,2593.74,2593.74,14594248800
2018/12/17,sh.000001,2587.26,2598.97,2573.87,2597.97,11736325000
2018/12/18,sh.000001,2583.63,2599.15,2563.57,2576.65,11703337000
2018/12/19,sh.000001,2578.68,2579.87,2547.08,2549.56,10766179700
2018/12/20,sh.000001,2544.51,2554.86,2516.02,2536.27,12056649600
2018/12/21,sh.000001,2526.55,2527.42,2498.69,2516.25,11567120000
2018/12/24,sh.000001,2506.74,2529.44,2500.44,2527.01,9733985200
2018/12/25,sh.000001,2503.95,2513.96,2462.84,2504.82,14067056000
2018/12/26,sh.000001,2501.12,2513.83,2492.08,2498.29,10879962900
2018/12/27,sh.000001,2527.72,2532.00,2483.09,2483.09,13540684300
2018/12/28,sh.000001,2483.62,2505.11,2478.33,2493.90,11924525000
2019/1/2,sh.000001,2497.88,2500.28,2456.42,2465.29,10993201300
2019/1/3,sh.000001,2461.78,2488.48,2455.93,2464.36,12439749700
2019/1/4,sh.000001,2446.02,2515.32,2440.91,2514.87,16887766700
2019/1/7,sh.000001,2528.70,2536.98,2515.51,2533.09,17730501000
2019/1/8,sh.000001,2530.30,2531.35,2520.16,2526.46,15809918100
2019/1/9,sh.000001,2536.42,2574.41,2536.16,2544.34,19188793000
2019/1/10,sh.000001,2543.85,2551.83,2531.66,2535.10,15987432600
2019/1/11,sh.000001,2539.55,2554.79,2533.36,2553.83,14944410000
2019/1/14,sh.000001,2553.33,2556.29,2533.01,2535.77,14482546400
2019/1/15,sh.000001,2537.37,2571.50,2532.43,2570.34,16026553000
2019/1/16,sh.000001,2569.07,2574.24,2563.01,2570.42,14930153900
2019/1/17,sh.000001,2573.58,2582.56,2557.71,2559.64,16246813400
2019/1/18,sh.000001,2567.74,2598.88,2565.90,2596.01,19076723700
2019/1/21,sh.000001,2599.06,2618.98,2599.06,2610.51,16342511500
2019/1/22,sh.000001,2609.64,2609.64,2573.06,2579.70,15253777300
2019/1/23,sh.000001,2575.26,2589.51,2572.41,2581.00,13142679800
2019/1/24,sh.000001,2584.65,2597.29,2569.70,2591.69,15404204600
2019/1/25,sh.000001,2596.26,2617.00,2595.63,2601.72,15939402600
2019/1/28,sh.000001,2615.71,2630.32,2591.10,2596.98,14698176500
2019/1/29,sh.000001,2592.35,2601.74,2559.98,2594.25,15558111200
2019/1/30,sh.000001,2584.75,2598.82,2575.41,2575.58,12050257100
2019/1/31,sh.000001,2581.33,2606.63,2571.58,2584.57,15430386900
2019/2/1,sh.000001,2597.78,2618.48,2590.55,2618.23,13198685000
2019/2/11,sh.000001,2613.17,2654.10,2613.17,2653.90,15489885800
2019/2/12,sh.000001,2654.03,2674.48,2648.83,2671.89,18410117900
2019/2/13,sh.000001,2674.52,2727.08,2666.52,2721.07,24379401000
2019/2/14,sh.000001,2715.54,2729.46,2707.49,2719.70,19703734900
2019/2/15,sh.000001,2712.79,2715.63,2679.78,2682.39,19600426500
2019/2/18,sh.000001,2699.82,2754.36,2699.82,2754.36,26043600700
2019/2/19,sh.000001,2759.50,2780.78,2737.59,2755.65,28804627100
2019/2/20,sh.000001,2761.06,2767.41,2739.98,2761.22,24597252700
2019/2/21,sh.000001,2759.94,2794.01,2744.98,2751.80,29864996900
2019/2/22,sh.000001,2749.46,2804.23,2736.33,2804.23,30148141100
2019/2/25,sh.000001,2838.39,2961.80,2838.39,2961.28,52865859000
2019/2/26,sh.000001,2969.10,2995.68,2938.62,2941.52,56555796700
2019/2/27,sh.000001,2939.93,2997.49,2924.64,2953.82,47497645300
2019/2/28,sh.000001,2950.05,2965.30,2930.20,2940.95,35020660200
2019/3/1,sh.000001,2954.40,2994.01,2930.83,2994.01,34578620000
2019/3/4,sh.000001,3015.94,3090.80,3006.94,3027.58,52564943600
2019/3/5,sh.000001,3019.88,3054.96,3009.45,3054.25,42414252900
2019/3/6,sh.000001,3060.43,3103.83,3050.11,3102.10,55500636500
2019/3/7,sh.000001,3103.67,3129.94,3074.98,3106.42,58381706500
2019/3/8,sh.000001,3038.34,3075.05,2969.58,2969.86,57785547300
2019/3/11,sh.000001,2969.08,3028.25,2963.58,3026.99,42621302900
2019/3/12,sh.000001,3049.08,3093.39,3029.90,3060.31,51117315800
2019/3/13,sh.000001,3062.33,3065.29,3013.93,3026.95,45321462500
2019/3/14,sh.000001,3013.60,3041.16,2968.82,2990.69,37314179800
2019/3/15,sh.000001,3000.88,3048.12,2999.43,3021.75,34120613900
2019/3/18,sh.000001,3027.80,3096.42,3009.51,3096.42,39779717900
2019/3/19,sh.000001,3099.90,3113.43,3076.36,3090.98,35090886000
2019/3/20,sh.000001,3084.17,3102.52,3053.45,3090.64,35855750500
2019/3/21,sh.000001,3094.12,3125.02,3086.85,3101.46,41425118200
2019/3/22,sh.000001,3100.73,3107.28,3064.88,3104.15,36484834600
2019/3/25,sh.000001,3058.80,3087.00,3041.95,3043.03,38027876200
2019/3/26,sh.000001,3057.56,3062.69,2988.49,2997.10,35349802100
2019/3/27,sh.000001,3012.26,3022.76,2987.77,3022.72,29139035700
2019/3/28,sh.000001,3009.80,3025.78,2991.78,2994.94,28810642500
2019/3/29,sh.000001,3000.68,3093.03,2999.99,3090.76,37508299100
2019/4/1,sh.000001,3111.66,3176.62,3111.66,3170.36,46612469300
2019/4/2,sh.000001,3183.27,3193.27,3164.91,3176.82,44706898100
2019/4/3,sh.000001,3159.15,3219.26,3152.33,3216.30,43054863500
2019/4/4,sh.000001,3233.69,3254.14,3216.85,3246.57,46911766900
2019/4/8,sh.000001,3271.27,3288.45,3210.52,3244.81,50451840300
2019/4/9,sh.000001,3240.39,3251.65,3215.70,3239.66,36416999700
2019/4/10,sh.000001,3224.65,3264.78,3204.88,3241.93,38013440800
2019/4/11,sh.000001,3241.55,3254.13,3185.55,3189.96,35303187900
2019/4/12,sh.000001,3184.86,3199.28,3168.04,3188.63,28978899600
2019/4/15,sh.000001,3233.46,3253.98,3177.27,3177.79,34880978500
2019/4/16,sh.000001,3164.40,3253.60,3153.21,3253.60,35791875200
2019/4/17,sh.000001,3250.15,3275.33,3239.80,3263.12,35754179600
2019/4/18,sh.000001,3261.07,3271.39,3241.83,3250.20,32553994200
2019/4/19,sh.000001,3250.15,3274.33,3226.81,3270.80,31519800400
2019/4/22,sh.000001,3278.49,3279.49,3206.88,3215.04,35321738700
2019/4/23,sh.000001,3211.87,3231.58,3186.76,3198.59,32836120700
2019/4/24,sh.000001,3203.56,3210.65,3156.61,3201.61,27487216400
2019/4/25,sh.000001,3190.59,3193.75,3123.03,3123.83,32587912900
2019/4/26,sh.000001,3108.16,3129.21,3085.80,3086.40,28087385400
2019/4/29,sh.000001,3090.63,3107.76,3050.03,3062.50,29211488600
2019/4/30,sh.000001,3052.62,3088.41,3052.62,3078.34,22230251700
2019/5/6,sh.000001,2984.73,2986.54,2876.47,2906.46,32697226900
2019/5/7,sh.000001,2914.29,2937.28,2889.07,2926.39,25328176900
2019/5/8,sh.000001,2873.14,2929.43,2866.70,2893.76,23153051900
2019/5/9,sh.000001,2871.20,2888.86,2845.04,2850.95,20004113300
2019/5/10,sh.000001,2878.23,2941.45,2838.38,2939.21,28230680800
2019/5/13,sh.000001,2905.07,2921.41,2892.17,2903.71,21202988200
2019/5/14,sh.000001,2872.83,2909.20,2872.83,2883.61,20834535300
2019/5/15,sh.000001,2902.64,2945.39,2902.64,2938.68,23051970100
2019/5/16,sh.000001,2933.50,2956.17,2929.06,2955.71,24838570100
2019/5/17,sh.000001,2955.77,2956.78,2873.80,2882.30,26630164300
2019/5/20,sh.000001,2874.80,2882.63,2838.45,2870.60,20947244200
2019/5/21,sh.000001,2867.71,2919.24,2862.50,2905.97,21138702200
2019/5/22,sh.000001,2905.52,2912.40,2879.64,2891.70,20002690500
2019/5/23,sh.000001,2880.84,2885.14,2846.96,2852.52,19734030900
2019/5/24,sh.000001,2847.84,2871.86,2846.02,2852.99,16720549000
2019/5/27,sh.000001,2851.28,2898.13,2833.04,2892.38,19672090200
2019/5/28,sh.000001,2890.27,2924.04,2887.08,2909.91,22331055700
2019/5/29,sh.000001,2894.83,2934.98,2890.66,2914.70,19895882100
2019/5/30,sh.000001,2903.42,2907.85,2881.38,2905.81,20575878900
2019/5/31,sh.000001,2904.50,2922.91,2895.58,2898.70,19523058000
2019/6/3,sh.000001,2901.74,2920.83,2875.90,2890.08,21594355400
2019/6/4,sh.000001,2887.64,2888.39,2851.97,2862.28,18846354100
2019/6/5,sh.000001,2882.94,2888.77,2858.57,2861.42,18156104700
2019/6/6,sh.000001,2862.33,2862.33,2822.19,2827.80,17706441100
2019/6/10,sh.000001,2833.01,2861.13,2824.36,2852.13,16658591800
2019/6/11,sh.000001,2854.07,2927.43,2854.07,2925.72,26052579600
2019/6/12,sh.000001,2917.22,2924.70,2903.88,2909.38,24025577500
2019/6/13,sh.000001,2905.29,2918.42,2885.92,2910.74,21295779100
2019/6/14,sh.000001,2913.00,2924.32,2879.66,2881.97,21543579600
2019/6/17,sh.000001,2880.42,2902.48,2877.39,2887.62,15396496000
2019/6/18,sh.000001,2891.09,2898.33,2874.31,2890.16,14770532000
2019/6/19,sh.000001,2944.12,2953.34,2916.21,2917.80,23075697300
2019/6/20,sh.000001,2917.33,2997.39,2915.09,2987.12,29101153700
2019/6/21,sh.000001,2990.37,3010.35,2989.25,3001.98,28697383500
2019/6/24,sh.000001,3004.29,3012.83,2994.42,3008.15,21049389400
2019/6/25,sh.000001,3004.91,3004.91,2948.99,2982.07,24369924400
2019/6/26,sh.000001,2964.62,2986.91,2958.46,2976.28,17444953300
2019/6/27,sh.000001,2982.61,3011.54,2981.05,2996.79,19539704900
2019/6/28,sh.000001,2992.24,2992.24,2961.22,2978.88,18143152300
2019/7/1,sh.000001,3024.62,3045.37,3014.69,3044.90,25084043300
2019/7/2,sh.000001,3042.58,3048.48,3033.78,3043.94,21452062400
2019/7/3,sh.000001,3031.83,3031.83,3006.32,3015.26,21229617300
2019/7/4,sh.000001,3015.68,3024.50,2991.91,3005.25,19441513300
2019/7/5,sh.000001,3004.74,3014.85,2990.92,3011.06,15675542900
2019/7/8,sh.000001,2997.81,2997.81,2918.72,2933.36,21154126800
2019/7/9,sh.000001,2928.82,2937.76,2912.81,2928.23,14511060400
2019/7/10,sh.000001,2935.19,2936.75,2908.16,2915.30,13548353800
2019/7/11,sh.000001,2928.06,2945.80,2907.89,2917.76,14369252200
2019/7/12,sh.000001,2915.34,2938.53,2905.81,2930.55,13779475900
2019/7/15,sh.000001,2921.55,2955.00,2886.70,2942.19,16764339700
2019/7/16,sh.000001,2938.64,2944.82,2931.29,2937.62,13181175100
2019/7/17,sh.000001,2933.02,2942.07,2924.46,2931.69,14963161600
2019/7/18,sh.000001,2921.74,2921.74,2901.18,2901.18,14988882800
2019/7/19,sh.000001,2909.68,2939.60,2909.68,2924.20,14946955300
2019/7/22,sh.000001,2925.79,2927.16,2879.69,2886.97,18067496000
2019/7/23,sh.000001,2886.90,2901.36,2883.05,2899.94,12931050800
2019/7/24,sh.000001,2907.93,2936.45,2907.79,2923.28,15524576200
2019/7/25,sh.000001,2923.19,2937.36,2916.15,2937.36,14568438500
2019/7/26,sh.000001,2928.06,2948.33,2924.45,2944.54,13934338800
2019/7/29,sh.000001,2943.92,2948.47,2932.98,2941.01,12799184600
2019/7/30,sh.000001,2946.26,2965.63,2946.26,2952.34,14831646200
2019/7/31,sh.000001,2944.40,2944.40,2926.49,2932.51,14105234800
2019/8/1,sh.000001,2920.85,2927.34,2901.75,2908.77,14238981300
2019/8/2,sh.000001,2861.33,2872.47,2851.44,2867.84,18488844300
2019/8/5,sh.000001,2854.58,2863.69,2821.50,2821.50,16741942300
2019/8/6,sh.000001,2776.99,2787.42,2733.92,2777.56,23112372700
2019/8/7,sh.000001,2789.02,2792.69,2768.68,2768.68,15771675200
2019/8/8,sh.000001,2784.18,2799.69,2782.24,2794.55,14953956400
2019/8/9,sh.000001,2805.59,2808.33,2770.48,2774.75,14824029300
2019/8/12,sh.000001,2781.98,2814.99,2776.62,2814.99,13156343300
2019/8/13,sh.000001,2798.05,2802.04,2790.61,2797.26,13091650500
2019/8/14,sh.000001,2824.49,2829.89,2807.72,2808.91,14401464100
2019/8/15,sh.000001,2762.34,2815.90,2756.83,2815.80,15277215200
2019/8/16,sh.000001,2817.57,2840.32,2811.80,2823.82,14858234400
2019/8/19,sh.000001,2835.52,2883.10,2829.85,2883.10,21454666800
2019/8/20,sh.000001,2879.08,2892.08,2875.00,2880.00,18967720600
2019/8/21,sh.000001,2875.47,2885.59,2872.56,2880.33,15901966500
2019/8/22,sh.000001,2887.66,2888.50,2867.55,2883.44,14920621500
2019/8/23,sh.000001,2885.15,2902.46,2878.74,2897.43,15915682600
2019/8/26,sh.000001,2851.02,2870.49,2849.24,2863.57,16989536300
2019/8/27,sh.000001,2879.52,2919.64,2879.41,2902.19,20814179400
2019/8/28,sh.000001,2901.63,2905.44,2887.01,2893.76,18309790300
2019/8/29,sh.000001,2896.00,2898.60,2878.59,2890.92,17861308200
2019/8/30,sh.000001,2907.38,2914.58,2874.10,2886.24,19395995100
2019/9/2,sh.000001,2886.94,2928.48,2883.68,2924.11,20278680700
2019/9/3,sh.000001,2925.94,2930.15,2915.20,2930.15,18900121600
2019/9/4,sh.000001,2927.75,2957.41,2925.88,2957.41,22549590700
2019/9/5,sh.000001,2972.66,3015.84,2972.66,2985.86,30543870600
2019/9/6,sh.000001,2996.62,2999.94,2981.60,2999.60,21682603500
2019/9/9,sh.000001,3023.78,3026.24,3005.69,3024.74,24337775200
2019/9/10,sh.000001,3027.41,3027.41,3005.38,3021.20,24001294700
2019/9/11,sh.000001,3029.93,3030.56,3004.22,3008.81,22983736200
2019/9/12,sh.000001,3016.63,3033.47,3005.19,3031.24,19696870100
2019/9/16,sh.000001,3041.92,3042.93,3020.05,3030.75,22187895900
2019/9/17,sh.000001,3023.71,3023.71,2970.57,2978.12,22333806100
2019/9/18,sh.000001,2984.08,2996.40,2982.40,2985.66,16804669900
2019/9/19,sh.000001,2992.92,2999.28,2975.40,2999.28,16269061500
2019/9/20,sh.000001,3004.81,3011.34,2996.19,3006.45,18214530200
2019/9/23,sh.000001,2998.40,2998.40,2960.83,2977.08,16813945000
2019/9/24,sh.000001,2979.48,3002.90,2973.76,2985.34,16390276100
2019/9/25,sh.000001,2977.67,2977.67,2955.43,2955.43,16854313500
2019/9/26,sh.000001,2964.48,2970.04,2928.26,2929.09,18893254100
2019/9/27,sh.000001,2929.49,2939.08,2920.93,2932.17,13290577700
2019/9/30,sh.000001,2927.92,2936.48,2905.19,2905.19,11664681100
2019/10/8,sh.000001,2905.76,2933.02,2905.76,2913.57,12553581200
2019/10/9,sh.000001,2902.08,2924.86,2891.54,2924.86,13042414400
2019/10/10,sh.000001,2923.71,2949.24,2918.23,2947.71,13423975200
2019/10/11,sh.000001,2954.82,2980.79,2943.01,2973.66,16120374600
2019/10/14,sh.000001,2993.96,3026.38,2989.81,3007.88,20861480200
2019/10/15,sh.000001,3005.66,3005.66,2986.30,2991.05,15537690400
2019/10/16,sh.000001,2992.61,3010.42,2975.92,2978.71,14988549600
2019/10/17,sh.000001,2979.99,2986.72,2969.57,2977.33,12252761400
2019/10/18,sh.000001,2982.34,2987.20,2933.24,2938.14,14999067800
2019/10/21,sh.000001,2933.90,2940.32,2917.69,2939.62,13247510700
2019/10/22,sh.000001,2945.60,2954.64,2934.39,2954.38,11748204800
2019/10/23,sh.000001,2952.97,2957.30,2934.63,2941.62,12381288100
2019/10/24,sh.000001,2944.01,2953.04,2927.06,2940.92,12654029000
2019/10/25,sh.000001,2940.47,2958.24,2920.52,2954.93,13686070600
2019/10/28,sh.000001,2958.69,2980.13,2956.96,2980.05,17373148100
2019/10/29,sh.000001,2979.04,2979.04,2954.18,2954.18,16611005800
2019/10/30,sh.000001,2949.46,2953.30,2934.83,2939.32,15879811000
2019/10/31,sh.000001,2944.84,2946.75,2923.52,2929.06,16157148300
2019/11/1,sh.000001,2924.34,2959.83,2917.15,2958.20,15990737300
2019/11/4,sh.000001,2964.58,2983.06,2964.58,2975.49,16724836400
2019/11/5,sh.000001,2977.70,3008.31,2968.03,2991.56,17989159300
2019/11/6,sh.000001,2992.04,2995.56,2969.72,2978.60,16526354700
2019/11/7,sh.000001,2978.15,2988.96,2969.12,2978.71,13695267800
2019/11/8,sh.000001,2993.98,2998.76,2962.84,2964.18,14974210700
2019/11/11,sh.000001,2949.96,2949.96,2906.77,2909.97,15791610500
2019/11/12,sh.000001,2913.00,2918.30,2891.51,2914.82,12972915400
2019/11/13,sh.000001,2913.02,2913.86,2893.97,2905.24,12976584100
2019/11/14,sh.000001,2907.74,2917.37,2899.62,2909.87,12914544800
2019/11/15,sh.000001,2911.35,2917.83,2891.20,2891.34,13551946300
2019/11/18,sh.000001,2889.55,2911.38,2884.09,2909.20,12443317700
2019/11/19,sh.000001,2904.28,2933.99,2902.86,2933.99,13541760400
2019/11/20,sh.000001,2928.11,2930.49,2907.42,2911.05,13735753000
2019/11/21,sh.000001,2902.55,2910.36,2891.53,2903.64,12345860700
2019/11/22,sh.000001,2906.24,2925.02,2873.99,2885.29,15862336500
2019/11/25,sh.000001,2885.61,2906.61,2880.65,2906.17,17858742900
2019/11/26,sh.000001,2912.52,2915.04,2897.93,2907.06,17000466300
2019/11/27,sh.000001,2905.40,2914.49,2893.42,2903.19,13386220500
2019/11/28,sh.000001,2902.36,2909.84,2883.43,2889.69,11952246800
2019/11/29,sh.000001,2885.97,2892.39,2858.58,2871.98,12261296800
2019/12/2,sh.000001,2874.45,2888.89,2870.24,2875.81,12875580600
2019/12/3,sh.000001,2869.88,2884.86,2857.32,2884.70,12377874200
2019/12/4,sh.000001,2876.91,2882.50,2869.42,2878.12,12554365300
2019/12/5,sh.000001,2886.52,2902.00,2885.08,2899.47,14316309600
2019/12/6,sh.000001,2902.28,2912.01,2894.75,2912.01,13412887800
2019/12/9,sh.000001,2914.46,2919.59,2905.25,2914.48,16079652700
2019/12/10,sh.000001,2908.94,2919.20,2902.79,2917.32,17012399800
2019/12/11,sh.000001,2922.60,2928.26,2915.00,2924.42,16554108700
2019/12/12,sh.000001,2926.34,2926.34,2913.48,2915.70,15176080400
2019/12/13,sh.000001,2937.78,2969.98,2935.85,2967.68,21197858500
2019/12/16,sh.000001,2970.97,2984.64,2958.71,2984.39,21186211900
2019/12/17,sh.000001,2985.26,3039.38,2982.50,3022.42,29303225400
2019/12/18,sh.000001,3021.47,3033.23,3011.72,3017.04,24408969100
2019/12/19,sh.000001,3017.15,3021.42,3007.99,3017.07,20862426400
2019/12/20,sh.000001,3019.64,3027.48,3002.26,3004.94,21507575500
2019/12/23,sh.000001,2999.04,3009.34,2960.44,2962.75,20571661700
2019/12/24,sh.000001,2965.83,2983.82,2960.68,2982.68,16303025000
2019/12/25,sh.000001,2980.43,2988.29,2970.66,2981.88,17565402800
2019/12/26,sh.000001,2981.25,3007.35,2980.40,3007.35,18244042600
2019/12/27,sh.000001,3006.85,3036.11,3003.63,3005.04,24710277900
2019/12/30,sh.000001,2998.17,3041.40,2983.34,3040.02,24806653000
2019/12/31,sh.000001,3036.39,3051.68,3030.51,3050.12,21742902200
2020/1/2,sh.000001,3066.34,3098.10,3066.34,3085.20,29247020800
2020/1/3,sh.000001,3089.02,3093.82,3074.52,3083.79,26149666700
2020/1/6,sh.000001,3070.91,3107.20,3065.31,3083.41,31257584200
2020/1/7,sh.000001,3085.49,3105.45,3084.33,3104.80,27658311100
2020/1/8,sh.000001,3094.24,3094.24,3059.13,3066.89,29787255300
2020/1/9,sh.000001,3082.64,3097.33,3080.13,3094.88,24343564900
2020/1/10,sh.000001,3102.29,3105.22,3081.40,3092.29,21044246200
2020/1/13,sh.000001,3091.49,3115.57,3075.38,3115.57,21062100400
2020/1/14,sh.000001,3120.67,3127.17,3105.60,3106.82,22997376900
2020/1/15,sh.000001,3103.17,3107.94,3082.04,3090.04,20231302300
2020/1/16,sh.000001,3095.73,3096.37,3070.88,3074.08,20337547500
2020/1/17,sh.000001,3081.46,3091.95,3067.25,3075.50,19030429900
2020/1/20,sh.000001,3082.11,3096.31,3070.48,3095.79,21049334100
2020/1/21,sh.000001,3085.79,3085.79,3051.23,3052.14,23483073900
2020/1/22,sh.000001,3038.49,3069.25,3006.27,3060.75,22385286500
2020/1/23,sh.000001,3037.95,3045.04,2955.35,2976.53,27276323400
2020/2/3,sh.000001,2716.70,2766.58,2716.70,2746.61,21591210300
2020/2/4,sh.000001,2685.27,2786.16,2685.27,2783.29,36404620000
2020/2/5,sh.000001,2792.37,2842.74,2778.86,2818.09,30976182300
2020/2/6,sh.000001,2826.89,2876.59,2807.61,2866.51,31639214200
2020/2/7,sh.000001,2858.93,2875.96,2838.77,2875.96,30947964200
2020/2/10,sh.000001,2860.50,2891.85,2851.05,2890.49,29492978400
2020/2/11,sh.000001,2894.54,2913.82,2882.24,2901.67,26916833500
2020/2/12,sh.000001,2895.56,2926.90,2892.42,2926.90,24873342900
2020/2/13,sh.000001,2927.14,2935.41,2901.24,2906.07,27480484400
2020/2/14,sh.000001,2899.87,2926.94,2899.57,2917.01,25065062700
2020/2/17,sh.000001,2924.99,2983.64,2924.99,2983.62,31319800700
2020/2/18,sh.000001,2981.41,2990.60,2960.78,2984.97,31166591300
2020/2/19,sh.000001,2979.52,2998.27,2971.82,2975.40,31514115100
2020/2/20,sh.000001,2981.88,3031.37,2968.45,3030.15,34573288100
2020/2/21,sh.000001,3022.25,3058.90,3020.14,3039.67,36455727600
2020/2/24,sh.000001,3027.89,3042.18,3007.36,3031.23,37043004400
2020/2/25,sh.000001,2982.07,3016.95,2943.72,3013.05,44162276200
2020/2/26,sh.000001,2978.42,3028.78,2974.94,2987.93,46904955200
2020/2/27,sh.000001,2992.49,3009.46,2980.48,2991.33,35052365800
2020/2/28,sh.000001,2924.64,2948.13,2878.54,2880.30,40121691400
2020/3/2,sh.000001,2899.31,2982.51,2899.31,2970.93,36733336900
2020/3/3,sh.000001,3006.89,3026.84,2976.62,2992.90,41010804700
2020/3/4,sh.000001,2981.81,3012.00,2974.36,3011.67,35333827800
2020/3/5,sh.000001,3036.15,3074.26,3022.93,3071.68,44542580600
2020/3/6,sh.000001,3039.94,3052.44,3029.46,3034.51,36206153300
2020/3/9,sh.000001,2987.18,2989.21,2940.71,2943.29,41456073600
2020/3/10,sh.000001,2918.93,3000.30,2904.80,2996.76,39329664800
2020/3/11,sh.000001,3001.76,3010.03,2968.52,2968.52,35247097000
2020/3/12,sh.000001,2936.02,2944.47,2906.28,2923.49,30777845700
2020/3/13,sh.000001,2804.23,2910.88,2799.98,2887.43,36645043600
2020/3/16,sh.000001,2897.30,2898.03,2784.66,2789.25,35187866500
2020/3/17,sh.000001,2796.28,2826.91,2715.22,2779.64,30614967700
2020/3/18,sh.000001,2792.32,2815.87,2728.76,2728.76,29115985200
2020/3/19,sh.000001,2719.41,2736.82,2646.80,2702.13,30230274700
2020/3/20,sh.000001,2727.02,2751.90,2702.49,2745.62,25201950700
2020/3/23,sh.000001,2677.59,2703.33,2656.50,2660.17,24982025000
2020/3/24,sh.000001,2703.02,2723.41,2667.13,2722.44,25702193000
2020/3/25,sh.000001,2775.30,2788.64,2757.80,2781.59,27314446600
2020/3/26,sh.000001,2761.90,2788.50,2753.43,2764.91,23408402200
2020/3/27,sh.000001,2792.98,2805.55,2771.76,2772.20,24076406600
2020/3/30,sh.000001,2739.72,2759.10,2723.05,2747.21,23970660400
2020/3/31,sh.000001,2767.31,2771.17,2743.12,2750.30,21859867400
2020/4/1,sh.000001,2743.54,2773.36,2731.08,2734.52,21725342700
2020/4/2,sh.000001,2720.23,2780.64,2719.90,2780.64,21786460000
2020/4/3,sh.000001,2773.58,2780.59,2754.07,2763.99,20083740400
2020/4/7,sh.000001,2806.97,2823.28,2801.84,2820.76,27019818600
2020/4/8,sh.000001,2805.92,2823.21,2800.30,2815.37,24351530500
2020/4/9,sh.000001,2825.84,2832.40,2820.43,2825.90,23818484300
2020/4/10,sh.000001,2827.19,2833.01,2789.98,2796.63,23345476800
2020/4/13,sh.000001,2784.60,2792.89,2774.08,2783.05,17712455400
2020/4/14,sh.000001,2794.80,2827.30,2789.43,2827.28,20269656900
2020/4/15,sh.000001,2826.66,2829.75,2808.70,2811.17,20562114600
2020/4/16,sh.000001,2798.43,2823.34,2796.84,2819.94,20300377300
2020/4/17,sh.000001,2835.56,2854.96,2830.02,2838.49,24573675000
2020/4/20,sh.000001,2840.41,2852.99,2833.26,2852.55,21184707800
2020/4/21,sh.000001,2842.24,2842.24,2808.02,2827.01,23323587000
2020/4/22,sh.000001,2814.07,2843.98,2808.48,2843.98,21732000000
2020/4/23,sh.000001,2850.51,2853.64,2835.90,2838.50,24877903700
2020/4/24,sh.000001,2834.94,2834.94,2802.50,2808.53,23518507600
2020/4/27,sh.000001,2812.24,2832.67,2802.96,2815.49,21013098100
2020/4/28,sh.000001,2819.99,2821.75,2758.25,2810.02,25387274500
2020/4/29,sh.000001,2801.38,2831.76,2800.74,2822.44,20206180700
2020/4/30,sh.000001,2832.38,2865.59,2832.38,2860.08,24245527800
2020/5/6,sh.000001,2831.63,2879.26,2830.65,2878.14,24982661600
2020/5/7,sh.000001,2876.47,2882.02,2864.58,2871.52,22673695700
2020/5/8,sh.000001,2882.71,2903.80,2879.20,2895.34,22682207500
2020/5/11,sh.000001,2901.57,2914.28,2884.38,2894.80,22512041000
2020/5/12,sh.000001,2894.62,2897.90,2871.23,2891.56,19708298500
2020/5/13,sh.000001,2882.96,2900.26,2875.54,2898.05,18506131000
2020/5/14,sh.000001,2887.06,2887.06,2869.18,2870.34,19777620200
2020/5/15,sh.000001,2880.71,2884.22,2863.37,2868.46,18898359200
2020/5/18,sh.000001,2872.52,2889.98,2862.27,2875.42,22602288200
2020/5/19,sh.000001,2897.69,2900.22,2887.58,2898.58,19722240500
2020/5/20,sh.000001,2896.47,2896.47,2876.18,2883.74,21051998500
2020/5/21,sh.000001,2890.72,2891.52,2864.21,2867.92,20353203800
2020/5/22,sh.000001,2863.05,2863.05,2808.02,2813.77,20906371200
2020/5/25,sh.000001,2816.24,2821.50,2802.47,2817.97,17288555700
2020/5/26,sh.000001,2827.90,2848.34,2825.90,2846.55,17456236900
2020/5/27,sh.000001,2847.32,2849.00,2831.93,2836.80,19814934300
2020/5/28,sh.000001,2838.21,2861.92,2820.15,2846.22,20754601900
2020/5/29,sh.000001,2835.58,2855.38,2829.63,2852.35,20679280400
2020/6/1,sh.000001,2871.96,2917.15,2871.96,2915.43,26019605000
2020/6/2,sh.000001,2916.32,2926.36,2909.13,2921.40,25610804900
2020/6/3,sh.000001,2930.39,2942.76,2922.66,2923.37,25566398000
2020/6/4,sh.000001,2931.84,2932.97,2910.75,2919.25,22660587300
2020/6/5,sh.000001,2923.19,2930.80,2909.12,2930.80,21736067300
2020/6/8,sh.000001,2941.98,2950.07,2934.21,2937.77,23112436000
2020/6/9,sh.000001,2939.54,2957.12,2932.94,2956.11,20904858500
2020/6/10,sh.000001,2951.28,2951.33,2934.84,2943.75,20792596900
2020/6/11,sh.000001,2939.79,2952.65,2912.19,2920.90,23372294700
2020/6/12,sh.000001,2876.80,2930.26,2872.62,2919.74,23600864200
2020/6/15,sh.000001,2908.28,2922.54,2890.03,2890.03,24320504600
2020/6/16,sh.000001,2912.83,2931.78,2909.13,2931.75,22331306500
2020/6/17,sh.000001,2932.67,2936.62,2919.04,2935.87,23465439100
2020/6/18,sh.000001,2929.88,2942.90,2920.11,2939.32,25869137700
2020/6/19,sh.000001,2938.79,2973.32,2935.82,2967.63,26431396100
2020/6/22,sh.000001,2966.90,2983.44,2959.04,2965.27,26788383400
2020/6/23,sh.000001,2960.89,2972.40,2949.85,2970.62,22521220800
2020/6/24,sh.000001,2972.98,2982.94,2971.22,2979.55,21320073200
2020/6/29,sh.000001,2973.08,2977.91,2951.77,2961.52,22062272900
2020/6/30,sh.000001,2965.11,2990.83,2965.11,2984.67,21495721400
2020/7/1,sh.000001,2991.18,3026.19,2984.98,3025.98,27331314000
2020/7/2,sh.000001,3023.72,3092.44,3021.67,3090.57,39112799600
2020/7/3,sh.000001,3104.00,3152.81,3104.00,3152.81,45879385100
2020/7/6,sh.000001,3187.84,3337.27,3187.84,3332.88,64387890600
2020/7/7,sh.000001,3380.95,3407.08,3336.24,3345.34,65784015900
2020/7/8,sh.000001,3337.55,3421.53,3327.71,3403.44,58708168500
2020/7/9,sh.000001,3403.48,3456.97,3393.64,3450.59,62000182300
2020/7/10,sh.000001,3418.93,3433.11,3372.51,3383.32,55612001100
2020/7/13,sh.000001,3379.39,3458.79,3369.04,3443.29,55800687500
2020/7/14,sh.000001,3435.02,3451.22,3366.08,3414.62,54321149200
2020/7/15,sh.000001,3422.08,3432.45,3345.75,3361.30,49203054200
2020/7/16,sh.000001,3356.36,3373.53,3209.73,3210.10,49061312300
2020/7/17,sh.000001,3214.40,3252.78,3181.27,3214.13,35965241300
2020/7/20,sh.000001,3243.91,3314.15,3220.68,3314.15,41855530600
2020/7/21,sh.000001,3330.55,3336.68,3300.57,3320.89,35925202900
2020/7/22,sh.000001,3315.18,3381.98,3311.79,3333.16,39333533500
2020/7/23,sh.000001,3306.15,3336.30,3257.83,3325.11,40704249900
2020/7/24,sh.000001,3310.64,3319.13,3184.96,3196.77,42705402600
2020/7/27,sh.000001,3210.39,3221.98,3174.66,3205.23,29931902100
2020/7/28,sh.000001,3226.13,3245.30,3208.49,3227.96,28937786100
2020/7/29,sh.000001,3221.99,3294.55,3209.99,3294.55,32492406200
2020/7/30,sh.000001,3299.57,3312.45,3282.16,3286.82,34070412100
2020/7/31,sh.000001,3280.80,3333.79,3261.61,3310.01,35375897900
2020/8/3,sh.000001,3332.18,3368.10,3327.68,3367.97,40746086700
2020/8/4,sh.000001,3376.44,3391.07,3352.50,3371.69,44232855100
2020/8/5,sh.000001,3363.33,3383.64,3333.88,3377.56,38582302700
2020/8/6,sh.000001,3380.76,3392.70,3334.33,3386.46,41530251000
2020/8/7,sh.000001,3370.59,3374.13,3307.71,3354.04,40392963300
2020/8/10,sh.000001,3341.53,3399.93,3335.04,3379.25,38137963000
2020/8/11,sh.000001,3379.49,3409.06,3336.09,3340.29,40045270600
2020/8/12,sh.000001,3327.49,3335.73,3263.27,3319.27,37832895900
2020/8/13,sh.000001,3328.18,3338.15,3309.46,3320.73,32429127800
2020/8/14,sh.000001,3315.67,3362.03,3302.74,3360.10,30599837600
2020/8/17,sh.000001,3373.90,3450.90,3369.37,3438.80,43459826000
2020/8/18,sh.000001,3441.93,3456.72,3432.64,3451.09,38072927500
2020/8/19,sh.000001,3444.56,3454.46,3406.16,3408.13,40572221400
2020/8/20,sh.000001,3385.96,3394.56,3352.78,3363.90,33560098200
2020/8/21,sh.000001,3380.23,3393.92,3358.00,3380.68,28748834000
2020/8/24,sh.000001,3391.11,3396.57,3368.03,3385.64,26622784100
2020/8/25,sh.000001,3392.88,3408.87,3364.16,3373.58,27711342100
2020/8/26,sh.000001,3371.81,3382.60,3320.14,3329.74,29445103600
2020/8/27,sh.000001,3333.49,3351.83,3312.99,3350.11,23709935300
2020/8/28,sh.000001,3346.29,3405.88,3339.65,3403.81,27132554900
2020/8/31,sh.000001,3416.55,3442.74,3395.47,3395.68,32347389000
2020/9/1,sh.000001,3389.74,3410.61,3381.71,3410.61,24699924900
2020/9/2,sh.000001,3420.47,3421.40,3377.21,3404.80,26154631900
2020/9/3,sh.000001,3404.03,3425.63,3374.26,3384.98,25534627900
2020/9/4,sh.000001,3336.41,3360.11,3328.55,3355.37,22163655000
2020/9/7,sh.000001,3349.92,3368.24,3285.63,3292.59,26061656700
2020/9/8,sh.000001,3301.22,3324.39,3276.44,3316.42,27106627800
2020/9/9,sh.000001,3281.00,3289.61,3238.56,3254.63,35150974700
2020/9/10,sh.000001,3282.23,3285.47,3227.64,3234.82,31247280400
2020/9/11,sh.000001,3225.78,3262.50,3220.54,3260.35,22169883000
2020/9/14,sh.000001,3275.92,3283.53,3261.15,3278.81,21392413700
2020/9/15,sh.000001,3277.13,3297.69,3263.75,3295.68,19768440000
2020/9/16,sh.000001,3293.17,3302.46,3271.08,3283.92,20044336400
2020/9/17,sh.000001,3277.32,3290.41,3248.50,3270.44,20293197200
2020/9/18,sh.000001,3270.91,3338.32,3268.53,3338.09,25626078800
2020/9/21,sh.000001,3348.90,3350.59,3313.07,3316.94,21650309300
2020/9/22,sh.000001,3290.67,3320.23,3265.70,3274.30,21401506500
2020/9/23,sh.000001,3278.84,3289.76,3264.89,3279.71,16917806800
2020/9/24,sh.000001,3262.88,3265.35,3221.24,3223.18,20673601100
2020/9/25,sh.000001,3234.37,3239.47,3208.03,3219.42,16482241900
2020/9/28,sh.000001,3224.98,3238.18,3210.89,3217.53,15598278300
2020/9/29,sh.000001,3231.86,3242.79,3219.79,3224.36,15134987000
2020/9/30,sh.000001,3232.71,3244.91,3202.34,3218.05,15350445700
2020/10/9,sh.000001,3262.61,3280.51,3260.19,3272.08,18832564800
2020/10/12,sh.000001,3287.33,3359.15,3286.11,3358.47,25962240800
2020/10/13,sh.000001,3353.12,3361.83,3334.50,3359.75,20492610300
2020/10/14,sh.000001,3353.62,3353.62,3332.96,3340.78,19865938200
2020/10/15,sh.000001,3342.92,3354.58,3330.00,3332.18,19103128200
2020/10/16,sh.000001,3334.46,3348.95,3319.11,3336.36,19429542100
2020/10/19,sh.000001,3351.10,3371.09,3307.84,3312.67,21230354000
2020/10/20,sh.000001,3307.15,3328.10,3293.77,3328.10,16508476200
2020/10/21,sh.000001,3332.15,3332.15,3304.17,3325.02,17763211500
2020/10/22,sh.000001,3315.82,3320.88,3281.37,3312.50,16594998700
2020/10/23,sh.000001,3308.16,3326.05,3276.62,3278.00,17420898200
2020/10/26,sh.000001,3258.70,3264.45,3226.60,3251.12,16773179500
2020/10/27,sh.000001,3240.74,3258.34,3235.54,3254.32,14911556600
2020/10/28,sh.000001,3256.22,3275.87,3238.38,3269.24,17318196500
2020/10/29,sh.000001,3235.76,3289.77,3231.12,3272.73,18470358900
2020/10/30,sh.000001,3278.63,3279.86,3219.42,3224.53,23018880300
2020/11/2,sh.000001,3228.72,3242.80,3209.91,3225.12,22677913700
2020/11/3,sh.000001,3239.81,3278.38,3237.85,3271.07,21529786400
2020/11/4,sh.000001,3273.43,3286.62,3254.11,3277.44,18851412800
2020/11/5,sh.000001,3305.58,3320.41,3291.60,3320.13,22680146200
2020/11/6,sh.000001,3326.46,3326.46,3292.15,3312.16,23486413200
2020/11/9,sh.000001,3329.43,3380.82,3329.43,3373.73,31021977100
2020/11/10,sh.000001,3387.62,3387.62,3346.17,3360.15,27870111300
2020/11/11,sh.000001,3354.02,3365.84,3339.04,3342.20,27120465300
2020/11/12,sh.000001,3344.46,3350.28,3329.49,3338.68,21650130900
2020/11/13,sh.000001,3327.23,3327.23,3291.64,3310.10,22789836400
2020/11/16,sh.000001,3325.62,3346.97,3313.65,3346.97,27959376100
2020/11/17,sh.000001,3347.15,3347.70,3323.95,3339.90,28363247900
2020/11/18,sh.000001,3337.33,3358.89,3333.99,3347.30,28753125900
2020/11/19,sh.000001,3339.09,3367.33,3330.45,3363.09,25326299200
2020/11/20,sh.000001,3359.60,3380.15,3356.31,3377.73,26127121900
2020/11/23,sh.000001,3384.10,3431.65,3377.99,3414.49,37387204700
2020/11/24,sh.000001,3407.41,3413.93,3396.24,3402.82,30099414400
2020/11/25,sh.000001,3417.52,3423.49,3362.33,3362.33,32211020700
2020/11/26,sh.000001,3360.06,3371.45,3344.28,3369.73,25588682200
2020/11/27,sh.000001,3373.84,3408.31,3364.49,3408.31,28064989400
2020/11/30,sh.000001,3418.16,3456.74,3391.76,3391.76,38498996800
2020/12/1,sh.000001,3388.99,3457.64,3386.91,3451.94,31618898000
2020/12/2,sh.000001,3453.52,3465.73,3435.87,3449.38,31281111400
2020/12/3,sh.000001,3448.54,3452.16,3428.80,3442.14,29845993000
2020/12/4,sh.000001,3436.73,3448.40,3417.05,3444.58,25627670500
2020/12/7,sh.000001,3446.65,3449.58,3414.31,3416.60,25452250800
2020/12/8,sh.000001,3417.69,3428.66,3403.03,3410.18,22690732800
2020/12/9,sh.000001,3416.08,3422.54,3371.92,3371.96,26074742400
2020/12/10,sh.000001,3365.73,3384.89,3357.75,3373.28,24730830400
2020/12/11,sh.000001,3381.01,3383.18,3325.17,3347.19,29861715800
2020/12/14,sh.000001,3349.53,3371.13,3338.63,3369.12,23980792600
2020/12/15,sh.000001,3366.58,3373.56,3348.42,3367.23,22566740200
2020/12/16,sh.000001,3371.26,3378.66,3359.17,3366.98,22081397600
2020/12/17,sh.000001,3367.28,3406.15,3354.01,3404.87,27546363100
2020/12/18,sh.000001,3400.49,3413.81,3382.75,3394.90,28099264100
2020/12/21,sh.000001,3394.39,3423.61,3381.12,3420.57,28375979400
2020/12/22,sh.000001,3410.97,3415.75,3353.86,3356.78,32303765400
2020/12/23,sh.000001,3362.47,3394.21,3360.20,3382.32,29952352700
2020/12/24,sh.000001,3382.19,3394.07,3354.02,3363.11,27504445000
2020/12/25,sh.000001,3351.79,3397.01,3348.35,3396.56,29454689500
2020/12/28,sh.000001,3396.36,3412.52,3383.65,3397.29,31618154200
2020/12/29,sh.000001,3399.29,3407.09,3376.09,3379.04,31176918500
2020/12/30,sh.000001,3375.01,3414.45,3374.42,3414.45,29102354300
2020/12/31,sh.000001,3419.73,3474.92,3419.73,3473.07,33567392600
2021/1/4,sh.000001,3474.68,3511.66,3457.21,3502.96,38079080000
2021/1/5,sh.000001,3492.19,3528.68,3484.72,3528.68,40799593400
2021/1/6,sh.000001,3530.91,3556.80,3513.13,3550.88,37023092600
2021/1/7,sh.000001,3552.91,3576.20,3526.62,3576.20,40534822600
2021/1/8,sh.000001,3577.69,3588.06,3544.89,3570.11,34555789600
2021/1/11,sh.000001,3571.32,3597.70,3516.99,3531.50,36247915400
2021/1/12,sh.000001,3518.01,3608.34,3517.47,3608.34,32340615300
2021/1/13,sh.000001,3613.28,3622.35,3575.59,3598.65,38812779100
2021/1/14,sh.000001,3584.93,3599.06,3559.60,3565.90,34766681900
2021/1/15,sh.000001,3566.28,3589.27,3533.79,3566.38,32461274400
2021/1/18,sh.000001,3554.80,3608.77,3544.26,3596.22,30165256500
2021/1/19,sh.000001,3596.36,3603.15,3553.02,3566.38,32343954100
2021/1/20,sh.000001,3564.12,3589.96,3556.44,3583.09,27227166100
2021/1/21,sh.000001,3590.92,3636.24,3585.80,3621.26,32746699500
2021/1/22,sh.000001,3616.54,3616.54,3585.03,3606.75,32446308400
2021/1/25,sh.000001,3605.36,3637.10,3591.02,3624.24,32734107000
2021/1/26,sh.000001,3610.97,3610.97,3564.74,3569.43,27813988400
2021/1/27,sh.000001,3567.55,3578.80,3546.49,3573.34,26410716100
2021/1/28,sh.000001,3534.67,3549.54,3496.88,3505.18,27086246100
2021/1/29,sh.000001,3521.72,3531.60,3446.55,3483.07,29366266400
2021/2/1,sh.000001,3477.17,3506.39,3469.88,3505.28,27756790100
2021/2/2,sh.000001,3510.81,3535.50,3495.57,3533.68,26454063000
2021/2/3,sh.000001,3531.15,3544.01,3508.51,3517.31,29735171600
2021/2/4,sh.000001,3503.78,3524.72,3465.77,3501.86,29883485400
2021/2/5,sh.000001,3509.49,3536.54,3492.96,3496.33,29014617400
2021/2/8,sh.000001,3504.56,3542.21,3492.13,3532.45,24979961900
2021/2/9,sh.000001,3539.77,3604.01,3528.68,3603.49,25382176000
2021/2/10,sh.000001,3612.61,3662.77,3612.50,3655.09,25794082400
2021/2/18,sh.000001,3721.09,3731.69,3663.66,3675.36,34030906500
2021/2/19,sh.000001,3661.78,3699.65,3634.01,3696.17,36105980400
2021/2/22,sh.000001,3707.19,3717.27,3642.44,3642.44,48882147800
2021/2/23,sh.000001,3617.70,3672.15,3617.70,3636.36,39887317400
2021/2/24,sh.000001,3638.94,3645.65,3531.59,3564.08,36215895200
2021/2/25,sh.000001,3595.54,3608.56,3568.47,3585.05,36623229900
2021/2/26,sh.000001,3514.56,3550.41,3500.70,3509.08,33328006700
2021/3/1,sh.000001,3531.48,3552.57,3511.99,3551.40,31548752600
2021/3/2,sh.000001,3566.85,3566.85,3485.36,3508.59,33983048600
2021/3/3,sh.000001,3500.16,3577.62,3498.72,3576.90,34765684600
2021/3/4,sh.000001,3546.64,3552.20,3487.38,3503.49,39361612000
2021/3/5,sh.000001,3463.31,3523.57,3456.67,3501.99,35640922300
2021/3/8,sh.000001,3524.98,3542.30,3421.22,3421.41,38704795400
2021/3/9,sh.000001,3415.34,3429.15,3328.31,3359.29,40765253900
2021/3/10,sh.000001,3389.84,3397.03,3354.82,3357.74,29974916600
2021/3/11,sh.000001,3369.90,3436.83,3369.90,3436.83,32211204400
2021/3/12,sh.000001,3447.20,3454.51,3417.24,3453.08,35802703500
2021/3/15,sh.000001,3441.88,3457.49,3392.51,3419.95,36781329300
2021/3/16,sh.000001,3424.65,3448.88,3406.17,3446.73,31666874700
2021/3/17,sh.000001,3435.73,3454.06,3410.28,3445.55,28005981800
2021/3/18,sh.000001,3449.64,3478.14,3449.38,3463.07,28440389100
2021/3/19,sh.000001,3423.87,3439.52,3389.29,3404.66,30916171600
2021/3/22,sh.000001,3406.12,3443.66,3404.23,3443.44,31255908400
2021/3/23,sh.000001,3445.34,3445.42,3390.05,3411.51,32638940900
2021/3/24,sh.000001,3394.13,3415.29,3362.18,3367.06,31739869700
2021/3/25,sh.000001,3355.07,3382.23,3344.97,3363.59,27067609700
2021/3/26,sh.000001,3373.32,3423.22,3373.32,3418.33,27461498700
2021/3/29,sh.000001,3429.63,3449.83,3409.89,3435.30,28482424300
2021/3/30,sh.000001,3432.53,3457.63,3423.32,3456.68,28542308100
2021/3/31,sh.000001,3452.21,3452.21,3420.83,3441.91,28304926100
2021/4/1,sh.000001,3444.81,3470.03,3438.83,3466.33,27524429500
2021/4/2,sh.000001,3472.63,3487.59,3462.83,3484.39,26265487300
2021/4/6,sh.000001,3491.63,3493.28,3471.76,3482.97,23474667100
2021/4/7,sh.000001,3483.42,3483.42,3453.19,3479.63,29578697800
2021/4/8,sh.000001,3467.49,3495.91,3459.32,3482.55,33175532900
2021/4/9,sh.000001,3475.44,3475.45,3442.14,3450.68,28008519600
2021/4/12,sh.000001,3445.97,3456.16,3403.90,3412.95,30957723900
2021/4/13,sh.000001,3411.29,3425.39,3387.90,3396.47,27062605400
2021/4/14,sh.000001,3397.02,3420.03,3392.98,3416.72,23324232700
2021/4/15,sh.000001,3409.61,3409.61,3373.09,3398.99,23400505400
2021/4/16,sh.000001,3407.19,3432.63,3394.13,3426.62,25857967200
2021/4/19,sh.000001,3427.55,3479.01,3414.36,3477.55,30273581900
2021/4/20,sh.000001,3467.15,3494.30,3463.46,3472.94,28530008200
2021/4/21,sh.000001,3456.30,3481.25,3450.11,3472.93,25377785900
2021/4/22,sh.000001,3482.83,3485.36,3456.32,3465.11,25111451000
2021/4/23,sh.000001,3462.09,3482.36,3456.33,3474.17,24936043300
2021/4/26,sh.000001,3484.11,3497.12,3438.57,3441.17,27697077100
2021/4/27,sh.000001,3440.09,3443.85,3417.26,3442.61,25303239300
2021/4/28,sh.000001,3432.16,3457.07,3423.33,3457.07,24738112000
2021/4/29,sh.000001,3458.08,3478.23,3447.59,3474.90,27663138700
2021/4/30,sh.000001,3468.30,3469.09,3426.90,3446.86,31266035400
2021/5/6,sh.000001,3446.07,3471.24,3426.85,3441.28,31042419200
2021/5/7,sh.000001,3446.41,3457.89,3416.78,3418.87,35378538900
2021/5/10,sh.000001,3423.59,3429.74,3401.93,3427.99,37417088400
2021/5/11,sh.000001,3406.60,3448.10,3384.70,3441.85,35093411200
2021/5/12,sh.000001,3429.75,3466.37,3428.39,3462.75,31144454700
2021/5/13,sh.000001,3432.14,3448.02,3418.38,3429.54,31932532700
2021/5/14,sh.000001,3436.09,3490.64,3422.56,3490.38,33698230900
2021/5/17,sh.000001,3490.41,3530.51,3490.14,3517.62,32213596900
2021/5/18,sh.000001,3520.65,3529.01,3510.86,3529.01,27130855800
2021/5/19,sh.000001,3521.11,3521.11,3503.82,3510.96,27832111700
2021/5/20,sh.000001,3500.88,3517.74,3486.07,3506.94,32600933300
2021/5/21,sh.000001,3510.84,3518.38,3479.67,3486.56,28382628500
2021/5/24,sh.000001,3486.27,3498.30,3469.87,3497.28,28950924200
2021/5/25,sh.000001,3502.54,3584.58,3502.44,3581.34,34124112700
2021/5/26,sh.000001,3586.84,3603.49,3585.37,3593.36,34198028800
2021/5/27,sh.000001,3585.73,3626.36,3579.26,3608.85,30955148600
2021/5/28,sh.000001,3610.77,3622.18,3582.36,3600.78,34920883000
2021/5/31,sh.000001,3600.07,3615.66,3580.65,3615.48,33152377000
2021/6/1,sh.000001,3608.60,3626.07,3581.91,3624.71,35281141300
2021/6/2,sh.000001,3626.33,3629.29,3584.60,3597.14,34855842000
2021/6/3,sh.000001,3595.42,3618.51,3584.21,3584.21,35423303100
2021/6/4,sh.000001,3565.47,3618.80,3561.89,3591.84,33089303800
2021/6/7,sh.000001,3597.14,3600.38,3581.90,3599.54,30371867700
2021/6/8,sh.000001,3598.75,3621.52,3563.25,3580.11,30449147000
2021/6/9,sh.000001,3576.80,3598.71,3572.64,3591.40,29832329600
2021/6/10,sh.000001,3587.53,3624.34,3584.13,3610.86,31817480800
2021/6/11,sh.000001,3614.11,3614.40,3587.15,3589.75,36055497000
2021/6/15,sh.000001,3587.47,3592.95,3547.19,3556.56,34916856600
2021/6/16,sh.000001,3556.71,3561.09,3513.56,3518.33,31259730600
2021/6/17,sh.000001,3508.32,3534.20,3507.35,3525.60,27722991800
2021/6/18,sh.000001,3520.50,3535.62,3503.18,3525.10,29670858500
2021/6/21,sh.000001,3515.50,3540.30,3504.01,3529.18,28089827700
2021/6/22,sh.000001,3539.79,3560.19,3536.81,3557.41,30753639900
2021/6/23,sh.000001,3559.40,3577.47,3549.85,3566.22,31070951800
2021/6/24,sh.000001,3568.58,3570.49,3548.82,3566.65,33544075400
2021/6/25,sh.000001,3567.38,3614.30,3564.52,3607.56,34608783200
2021/6/28,sh.000001,3612.25,3614.36,3594.22,3606.37,32127497400
2021/6/29,sh.000001,3601.68,3601.83,3570.53,3573.18,30607117800
2021/6/30,sh.000001,3572.62,3594.12,3569.50,3591.20,26816281800
2021/7/1,sh.000001,3600.55,3607.70,3573.94,3588.78,29188319200
2021/7/2,sh.000001,3569.89,3569.89,3514.34,3518.76,29194554800
2021/7/5,sh.000001,3516.92,3534.32,3510.58,3534.32,28809483700
2021/7/6,sh.000001,3533.13,3538.35,3496.93,3530.26,31407021100
2021/7/7,sh.000001,3508.59,3557.88,3504.47,3553.72,31883918900
2021/7/8,sh.000001,3557.22,3558.68,3521.06,3525.50,35087785700
2021/7/9,sh.000001,3512.23,3529.31,3485.05,3524.09,34988431700
2021/7/12,sh.000001,3545.20,3565.03,3527.39,3547.84,40363955800
2021/7/13,sh.000001,3547.59,3567.48,3542.82,3566.52,36241671100
2021/7/14,sh.000001,3560.83,3560.83,3525.49,3528.50,37222172200
2021/7/15,sh.000001,3519.06,3565.93,3514.26,3564.59,36325916400
2021/7/16,sh.000001,3559.53,3566.00,3537.73,3539.30,36601477900
2021/7/19,sh.000001,3530.49,3544.88,3506.34,3539.12,33676094600
2021/7/20,sh.000001,3515.07,3538.64,3509.19,3536.79,29378059400
2021/7/21,sh.000001,3543.05,3569.09,3543.05,3562.66,33897874800
2021/7/22,sh.000001,3563.66,3576.47,3558.29,3574.73,38106705400
2021/7/23,sh.000001,3571.72,3571.85,3541.51,3550.40,44642124600
2021/7/26,sh.000001,3538.01,3538.01,3424.74,3467.44,44288220300
2021/7/27,sh.000001,3467.45,3483.87,3380.28,3381.18,46907544300
2021/7/28,sh.000001,3355.82,3385.54,3312.72,3361.59,39582541900
2021/7/29,sh.000001,3403.84,3416.61,3382.57,3411.72,34456942800
2021/7/30,sh.000001,3398.20,3404.88,3370.45,3397.36,38144095600
2021/8/2,sh.000001,3385.69,3464.29,3367.64,3464.29,43292787100
2021/8/3,sh.000001,3446.78,3470.66,3435.46,3447.99,40069808100
2021/8/4,sh.000001,3442.94,3477.60,3440.78,3477.22,34874421800
2021/8/5,sh.000001,3461.72,3486.16,3449.39,3466.55,34843692200
2021/8/6,sh.000001,3465.48,3466.39,3436.93,3458.23,33682440000
2021/8/9,sh.000001,3441.75,3502.84,3438.70,3494.63,34991009400
2021/8/10,sh.000001,3488.66,3529.93,3477.06,3529.93,34511299200
2021/8/11,sh.000001,3527.11,3544.09,3524.04,3532.62,38378355400
2021/8/12,sh.000001,3522.72,3538.40,3513.45,3524.74,38107459300
2021/8/13,sh.000001,3514.47,3540.08,3500.80,3516.30,37818728200
2021/8/16,sh.000001,3514.34,3537.85,3510.90,3517.34,39109972100
2021/8/17,sh.000001,3512.11,3531.72,3438.12,3446.98,42288580400
2021/8/18,sh.000001,3442.35,3487.44,3437.69,3485.29,38920375600
2021/8/19,sh.000001,3475.30,3480.46,3446.01,3465.55,38238303100
2021/8/20,sh.000001,3442.51,3453.15,3394.97,3427.33,39113691800
2021/8/23,sh.000001,3436.80,3481.25,3436.67,3477.13,38472744000
2021/8/24,sh.000001,3482.27,3522.70,3481.14,3514.47,43023646300
2021/8/25,sh.000001,3517.92,3540.39,3510.07,3540.38,45004701900
2021/8/26,sh.000001,3537.31,3537.32,3499.45,3501.66,50290314700
2021/8/27,sh.000001,3494.42,3530.19,3493.38,3522.16,45534590600
2021/8/30,sh.000001,3535.07,3539.49,3512.99,3528.15,51278571600
2021/8/31,sh.000001,3519.02,3543.94,3496.39,3543.94,52420505600
2021/9/1,sh.000001,3543.87,3582.32,3514.67,3567.10,66727630500
2021/9/2,sh.000001,3559.90,3597.37,3557.68,3597.04,57268403900
2021/9/3,sh.000001,3602.74,3613.95,3569.40,3581.73,61453235300
2021/9/6,sh.000001,3580.14,3626.29,3580.14,3621.86,52171327600
2021/9/7,sh.000001,3621.71,3681.93,3615.14,3676.59,54772187500
2021/9/8,sh.000001,3673.40,3695.32,3661.00,3675.19,58643619300
2021/9/9,sh.000001,3666.82,3693.45,3662.16,3693.13,60481033000
2021/9/10,sh.000001,3691.19,3722.87,3681.64,3703.11,63520043300
2021/9/13,sh.000001,3699.25,3716.83,3692.82,3715.37,55748401900
2021/9/14,sh.000001,3709.63,3723.85,3655.63,3662.60,56495238600
2021/9/15,sh.000001,3651.16,3677.53,3638.32,3656.22,47497000100
2021/9/16,sh.000001,3664.84,3677.92,3606.73,3607.09,54674147400
2021/9/17,sh.000001,3595.27,3620.96,3569.27,3613.97,51685021000
2021/9/22,sh.000001,3563.21,3629.45,3560.50,3628.49,47229605300
2021/9/23,sh.000001,3651.27,3670.95,3632.28,3642.22,53499548600
2021/9/24,sh.000001,3637.87,3651.43,3607.79,3613.07,50730477200
2021/9/27,sh.000001,3625.96,3640.81,3559.92,3582.83,51080279500
2021/9/28,sh.000001,3577.89,3610.92,3568.82,3602.22,44416880700
2021/9/29,sh.000001,3573.52,3573.52,3518.05,3536.29,45251115100
2021/9/30,sh.000001,3541.93,3572.43,3541.93,3568.17,39562962600
2021/10/8,sh.000001,3609.09,3612.55,3571.73,3592.17,40716114800
2021/10/11,sh.000001,3600.36,3614.70,3586.75,3591.71,39436115900
2021/10/12,sh.000001,3581.30,3583.64,3515.14,3546.94,40539374800
2021/10/13,sh.000001,3543.49,3569.13,3515.65,3561.76,32505066700
2021/10/14,sh.000001,3555.11,3569.69,3547.18,3558.28,29496919600
2021/10/15,sh.000001,3551.99,3578.77,3542.69,3572.37,32029298400
2021/10/18,sh.000001,3571.05,3571.05,3539.48,3568.14,34095061600
2021/10/19,sh.000001,3562.30,3596.79,3560.62,3593.15,33419765200
2021/10/20,sh.000001,3583.24,3596.05,3574.30,3587.00,34424500800
2021/10/21,sh.000001,3590.05,3610.96,3576.35,3594.78,35231086700
2021/10/22,sh.000001,3594.75,3607.58,3578.76,3582.60,35315720300
2021/10/25,sh.000001,3574.26,3611.09,3564.21,3609.86,32119681600
2021/10/26,sh.000001,3612.83,3625.02,3589.71,3597.64,33727829100
2021/10/27,sh.000001,3589.86,3589.86,3553.13,3562.31,35062094000
2021/10/28,sh.000001,3548.70,3552.04,3509.49,3518.42,37817166600
2021/10/29,sh.000001,3519.33,3547.34,3502.80,3547.34,35880937700
2021/11/1,sh.000001,3530.40,3556.59,3519.29,3544.48,38225132500
2021/11/2,sh.000001,3543.38,3559.05,3477.66,3505.63,41756317300
2021/11/3,sh.000001,3501.11,3512.61,3480.49,3498.54,30660766900
2021/11/4,sh.000001,3505.89,3527.95,3503.01,3526.87,31944082900
2021/11/5,sh.000001,3520.21,3525.87,3491.46,3491.57,35453356500
2021/11/8,sh.000001,3491.97,3507.27,3484.24,3498.63,29818372200
2021/11/9,sh.000001,3507.11,3514.95,3489.04,3507.00,28731598900
2021/11/10,sh.000001,3498.94,3498.94,3448.44,3492.46,30703070800
2021/11/11,sh.000001,3486.45,3534.20,3482.83,3532.79,32208795700
2021/11/12,sh.000001,3534.15,3543.65,3527.39,3539.10,30868335400
2021/11/15,sh.000001,3542.90,3550.44,3521.29,3533.30,31301761200
2021/11/16,sh.000001,3530.46,3549.77,3517.81,3521.79,31039990900
2021/11/17,sh.000001,3518.56,3537.51,3513.52,3537.37,27673567100
2021/11/18,sh.000001,3531.49,3537.98,3513.11,3520.71,31242692700
2021/11/19,sh.000001,3519.28,3561.91,3517.65,3560.37,31798997600
2021/11/22,sh.000001,3562.76,3585.19,3562.75,3582.08,33000938500
2021/11/23,sh.000001,3580.51,3598.37,3577.36,3589.09,36001159300
2021/11/24,sh.000001,3590.02,3602.74,3575.29,3592.70,33677524600
2021/11/25,sh.000001,3593.39,3597.15,3579.53,3584.18,30645151800
2021/11/26,sh.000001,3576.11,3576.11,3554.88,3564.09,30100006600
2021/11/29,sh.000001,3528.67,3563.68,3526.36,3562.70,33361833100
2021/11/30,sh.000001,3570.75,3582.12,3546.36,3563.89,34918793800
2021/12/1,sh.000001,3561.89,3576.89,3558.69,3576.89,32987351700
2021/12/2,sh.000001,3573.25,3586.87,3567.14,3573.84,35404152400
2021/12/3,sh.000001,3576.45,3608.47,3573.21,3607.43,37755104800
2021/12/6,sh.000001,3615.24,3626.13,3586.81,3589.31,41867674300
2021/12/7,sh.000001,3611.22,3614.22,3572.57,3595.09,40384259400
2021/12/8,sh.000001,3602.82,3637.72,3591.99,3637.57,36103665700
2021/12/9,sh.000001,3641.16,3688.40,3638.70,3673.04,43191815700
2021/12/10,sh.000001,3654.37,3667.85,3651.35,3666.35,41998880100
2021/12/13,sh.000001,3686.94,3708.94,3678.06,3681.08,42409200900
2021/12/14,sh.000001,3669.81,3671.68,3654.66,3661.53,36217193400
2021/12/15,sh.000001,3655.05,3668.40,3645.24,3647.63,37747766700
2021/12/16,sh.000001,3648.93,3675.02,3644.66,3675.02,38132950700
2021/12/17,sh.000001,3670.26,3673.65,3631.66,3632.36,40848783700
2021/12/20,sh.000001,3620.04,3643.95,3589.36,3593.60,42385141000
2021/12/21,sh.000001,3591.45,3627.09,3591.45,3625.13,40818434800
2021/12/22,sh.000001,3632.68,3635.90,3616.55,3622.62,39482517700
2021/12/23,sh.000001,3625.47,3643.55,3618.05,3643.34,38292573400
2021/12/24,sh.000001,3645.39,3648.96,3612.07,3618.05,39034762500
2021/12/27,sh.000001,3613.05,3632.19,3601.94,3615.97,32923529300
2021/12/28,sh.000001,3619.64,3631.08,3607.36,3630.11,31620224200
2021/12/29,sh.000001,3630.92,3630.92,3596.32,3597.00,30513176600
2021/12/30,sh.000001,3596.49,3628.92,3595.50,3619.19,30783929100
2021/12/31,sh.000001,3626.24,3642.84,3624.94,3639.78,32968193200
2022/1/4,sh.000001,3649.15,3651.89,3610.09,3632.33,40502776900
2022/1/5,sh.000001,3628.26,3628.26,3583.47,3595.18,42390202800
2022/1/6,sh.000001,3581.22,3594.49,3559.88,3586.08,37154054300
2022/1/7,sh.000001,3588.99,3607.23,3577.10,3579.54,43630696100
2022/1/10,sh.000001,3572.74,3593.52,3555.13,3593.52,35622261000
2022/1/11,sh.000001,3589.90,3602.15,3562.75,3567.44,35976186300
2022/1/12,sh.000001,3578.16,3599.50,3572.10,3597.43,34313295600
2022/1/13,sh.000001,3601.03,3601.07,3555.16,3555.26,36936836500
2022/1/14,sh.000001,3544.07,3548.42,3519.32,3521.26,37693702400
2022/1/17,sh.000001,3522.09,3546.09,3519.43,3541.67,31288673300
2022/1/18,sh.000001,3541.89,3579.31,3531.33,3569.91,37714643500
2022/1/19,sh.000001,3567.63,3578.73,3541.66,3558.18,33323526900
2022/1/20,sh.000001,3556.23,3576.26,3540.55,3555.06,37950984600
2022/1/21,sh.000001,3546.75,3547.00,3514.89,3522.57,32653488000
2022/1/24,sh.000001,3508.24,3531.61,3500.14,3524.11,28026834200
2022/1/25,sh.000001,3509.28,3519.83,3433.06,3433.06,32735381300
2022/1/26,sh.000001,3442.69,3462.12,3417.76,3455.67,27512282800
2022/1/27,sh.000001,3456.10,3456.36,3392.02,3394.25,28060653400
2022/1/28,sh.000001,3407.59,3417.05,3356.56,3361.44,29085525700
2022/2/7,sh.000001,3407.76,3434.03,3407.76,3429.58,32048521100
2022/2/8,sh.000001,3428.54,3453.19,3390.46,3452.63,36609386500
2022/2/9,sh.000001,3450.82,3484.74,3444.08,3479.95,35024993600
2022/2/10,sh.000001,3481.91,3488.86,3464.22,3485.91,35566626700
2022/2/11,sh.000001,3472.28,3500.15,3459.33,3462.95,36135609000
2022/2/14,sh.000001,3451.85,3457.26,3415.45,3428.88,31527444800
2022/2/15,sh.000001,3428.04,3447.49,3421.64,3446.09,27555932200
2022/2/16,sh.000001,3457.07,3475.06,3453.80,3465.83,27499391300
2022/2/17,sh.000001,3464.21,3480.97,3454.28,3468.04,29726268200
2022/2/18,sh.000001,3451.63,3490.76,3447.03,3490.76,29514996300
2022/2/21,sh.000001,3488.41,3492.20,3471.69,3490.61,30154174000
2022/2/22,sh.000001,3473.29,3473.39,3437.67,3457.15,32627948400
2022/2/23,sh.000001,3458.51,3490.76,3458.18,3489.15,32560489500
2022/2/24,sh.000001,3474.37,3486.98,3400.21,3429.96,48835490100
2022/2/25,sh.000001,3445.34,3480.18,3440.93,3451.41,37754255600
2022/2/28,sh.000001,3450.32,3462.31,3425.52,3462.31,34583838800
2022/3/1,sh.000001,3471.36,3491.13,3465.72,3488.83,32600166200
2022/3/2,sh.000001,3478.29,3486.62,3467.00,3484.19,32936768400
2022/3/3,sh.000001,3495.93,3500.29,3473.34,3481.11,41259428900
2022/3/4,sh.000001,3459.98,3474.88,3437.70,3447.65,39352658100
2022/3/7,sh.000001,3438.56,3438.56,3360.74,3372.86,39358899900
2022/3/8,sh.000001,3372.55,3383.63,3287.34,3293.53,41592676600
2022/3/9,sh.000001,3303.71,3321.48,3147.68,3256.39,46628556900
2022/3/10,sh.000001,3312.18,3326.58,3291.24,3296.09,37833637600
2022/3/11,sh.000001,3259.32,3315.66,3217.42,3309.75,38406712700
2022/3/14,sh.000001,3271.89,3297.80,3223.53,3223.53,33796868700
2022/3/15,sh.000001,3192.36,3196.92,3063.97,3063.97,46503716400
2022/3/16,sh.000001,3107.67,3177.79,3023.30,3170.71,44466718900
2022/3/17,sh.000001,3215.01,3260.17,3202.93,3215.04,42081345800
2022/3/18,sh.000001,3207.15,3260.78,3197.36,3251.07,37303561100
2022/3/21,sh.000001,3255.62,3267.50,3223.39,3253.69,35422848800
2022/3/22,sh.000001,3249.54,3279.11,3239.53,3259.86,36119615800
2022/3/23,sh.000001,3264.79,3279.89,3251.98,3271.03,34987537000
2022/3/24,sh.000001,3256.06,3266.89,3236.66,3250.26,32900665400
2022/3/25,sh.000001,3247.16,3257.11,3211.64,3212.24,34002000600
2022/3/28,sh.000001,3185.17,3230.22,3159.83,3214.50,34499487300
2022/3/29,sh.000001,3216.01,3229.18,3196.46,3203.94,31627364900
2022/3/30,sh.000001,3217.59,3266.60,3216.30,3266.60,36675367700
2022/3/31,sh.000001,3256.14,3272.04,3246.06,3252.20,39843993400
2022/4/1,sh.000001,3234.67,3287.23,3226.30,3282.72,37821046000
2022/4/6,sh.000001,3269.43,3288.11,3255.69,3283.43,42964277900
2022/4/7,sh.000001,3267.81,3290.26,3236.48,3236.70,40262666000
2022/4/8,sh.000001,3239.88,3257.09,3208.35,3251.85,41382679900
2022/4/11,sh.000001,3239.86,3239.86,3156.51,3167.13,42416018500
2022/4/12,sh.000001,3165.12,3214.54,3140.90,3213.33,41832192300
2022/4/13,sh.000001,3199.80,3225.47,3183.53,3186.82,39115692500
2022/4/14,sh.000001,3203.63,3240.00,3200.23,3225.64,37124234400
2022/4/15,sh.000001,3210.70,3229.87,3200.13,3211.24,40784208200
2022/4/18,sh.000001,3185.94,3204.03,3166.98,3195.52,34736512300
2022/4/19,sh.000001,3192.09,3207.83,3174.71,3194.03,33994410400
2022/4/20,sh.000001,3189.89,3191.83,3142.05,3151.05,36204703700
2022/4/21,sh.000001,3138.43,3160.90,3069.68,3079.81,39193469400
2022/4/22,sh.000001,3058.40,3105.66,3049.36,3086.92,34200056300
2022/4/25,sh.000001,3034.27,3043.82,2928.51,2928.51,43360610800
2022/4/26,sh.000001,2930.45,2957.68,2878.26,2886.43,40161515400
2022/4/27,sh.000001,2866.82,2959.18,2863.65,2958.28,42306019100
2022/4/28,sh.000001,2945.81,2991.51,2936.79,2975.48,37537177500
2022/4/29,sh.000001,2986.06,3048.49,2968.33,3047.06,42393279400
2022/5/5,sh.000001,3044.85,3082.23,3042.12,3067.76,38307287500
2022/5/6,sh.000001,3011.32,3030.69,2992.72,3001.56,34326421800
2022/5/9,sh.000001,2990.20,3015.94,2983.61,3004.14,29206155600
2022/5/10,sh.000001,2965.78,3043.78,2957.40,3035.84,37066098000
2022/5/11,sh.000001,3035.39,3100.90,3034.67,3058.70,42399191200
2022/5/12,sh.000001,3044.80,3072.16,3032.95,3054.99,34444047700
2022/5/13,sh.000001,3068.03,3086.10,3059.25,3084.28,33173785200
2022/5/16,sh.000001,3100.55,3102.58,3063.40,3073.75,33810849200
2022/5/17,sh.000001,3076.50,3093.70,3057.64,3093.70,33035653700
2022/5/18,sh.000001,3095.89,3105.84,3071.31,3085.98,31503792300
2022/5/19,sh.000001,3046.71,3096.96,3042.67,3096.96,33660074900
2022/5/20,sh.000001,3107.09,3146.57,3107.09,3146.57,37233663600
2022/5/23,sh.000001,3150.49,3150.51,3127.90,3146.86,35337632500
2022/5/24,sh.000001,3149.06,3153.13,3070.93,3070.93,41631215800
2022/5/25,sh.000001,3070.17,3107.63,3069.95,3107.46,34225922700
2022/5/26,sh.000001,3111.48,3133.28,3079.48,3123.11,37030551800
2022/5/27,sh.000001,3135.03,3151.05,3112.54,3130.24,35946386600
2022/5/30,sh.000001,3141.96,3150.89,3123.15,3149.06,34936228500
2022/5/31,sh.000001,3149.94,3188.60,3142.00,3186.43,37452326500
2022/6/1,sh.000001,3179.69,3190.61,3160.04,3182.16,36566443200
2022/6/2,sh.000001,3170.31,3197.28,3163.76,3195.46,36177063200
2022/6/6,sh.000001,3196.96,3237.07,3181.65,3236.37,42202783500
2022/6/7,sh.000001,3235.42,3253.09,3222.64,3241.76,40220322000
2022/6/8,sh.000001,3245.02,3266.63,3216.01,3263.79,43418327000
2022/6/9,sh.000001,3259.49,3270.56,3223.48,3238.95,42272837200
2022/6/10,sh.000001,3214.18,3286.62,3210.81,3284.83,43986573000
2022/6/13,sh.000001,3256.28,3272.99,3229.31,3255.55,43857831200
2022/6/14,sh.000001,3224.21,3289.13,3195.82,3288.91,45038818700
2022/6/15,sh.000001,3289.10,3358.55,3288.85,3305.41,55058413100
2022/6/16,sh.000001,3306.84,3319.69,3277.53,3285.38,43322086800
2022/6/17,sh.000001,3265.51,3323.28,3262.89,3316.79,39530070000
2022/6/20,sh.000001,3315.78,3333.90,3292.93,3315.43,41346041000
2022/6/21,sh.000001,3313.79,3329.39,3279.83,3306.72,39445689100
2022/6/22,sh.000001,3309.12,3311.02,3266.54,3267.20,37552978200
2022/6/23,sh.000001,3269.05,3320.15,3262.29,3320.15,40061421100
2022/6/24,sh.000001,3324.74,3356.71,3322.95,3349.75,39081973400
2022/6/27,sh.000001,3364.00,3393.31,3364.00,3379.19,41411773800
2022/6/28,sh.000001,3377.68,3412.10,3358.87,3409.21,41205651600
2022/6/29,sh.000001,3399.68,3414.65,3358.47,3361.52,44057355900
2022/6/30,sh.000001,3358.93,3417.01,3358.93,3398.62,38124317800
2022/7/1,sh.000001,3400.26,3404.05,3378.36,3387.64,35048929900
2022/7/4,sh.000001,3381.82,3405.62,3364.09,3405.43,35773791900
2022/7/5,sh.000001,3411.13,3424.84,3372.06,3404.03,41169967200
2022/7/6,sh.000001,3391.03,3391.03,3333.10,3355.35,38463004700
2022/7/7,sh.000001,3353.13,3375.86,3332.31,3364.40,33440020200
2022/7/8,sh.000001,3380.37,3386.31,3354.12,3356.08,32292107200
2022/7/11,sh.000001,3341.10,3341.10,3297.01,3313.58,34266919300
2022/7/12,sh.000001,3307.22,3319.25,3277.08,3281.47,33460053900
2022/7/13,sh.000001,3279.60,3297.02,3266.48,3284.29,33184566900
2022/7/14,sh.000001,3277.45,3299.25,3261.49,3281.74,35592643200
2022/7/15,sh.000001,3261.38,3288.92,3228.06,3228.06,38015637100
2022/7/18,sh.000001,3235.09,3278.47,3226.23,3278.10,34834602200
2022/7/19,sh.000001,3278.72,3283.93,3256.02,3279.43,31565191800
2022/7/20,sh.000001,3291.55,3308.35,3287.74,3304.72,30151512300
2022/7/21,sh.000001,3297.66,3300.53,3272.00,3272.00,33235870700
2022/7/22,sh.000001,3276.20,3293.64,3246.73,3269.97,30069006600
2022/7/25,sh.000001,3269.71,3273.18,3243.03,3250.39,27124574400
2022/7/26,sh.000001,3254.19,3282.41,3246.04,3277.44,25946867600
2022/7/27,sh.000001,3271.78,3282.57,3265.73,3275.76,24913148500
2022/7/28,sh.000001,3287.50,3305.71,3277.11,3282.58,28805505600
2022/7/29,sh.000001,3282.81,3294.80,3246.37,3253.24,30733104700
2022/8/1,sh.000001,3246.62,3264.30,3225.55,3259.96,29220480500
2022/8/2,sh.000001,3231.26,3231.26,3155.19,3186.27,39417616800
2022/8/3,sh.000001,3188.89,3217.55,3159.46,3163.67,32488567300
2022/8/4,sh.000001,3179.43,3191.00,3155.70,3189.04,26089894300
2022/8/5,sh.000001,3195.23,3228.89,3184.45,3227.03,27468372900
2022/8/8,sh.000001,3218.85,3237.97,3214.08,3236.93,25426805000
2022/8/9,sh.000001,3235.74,3248.77,3227.54,3247.43,25960546700
2022/8/10,sh.000001,3242.36,3253.17,3217.81,3230.02,25758359200
2022/8/11,sh.000001,3243.47,3281.67,3237.90,3281.67,30060537600
2022/8/12,sh.000001,3275.77,3288.22,3272.84,3276.89,29993292800
2022/8/15,sh.000001,3268.37,3286.89,3261.82,3276.09,28710677300
2022/8/16,sh.000001,3278.68,3295.02,3271.57,3277.88,30359227400
2022/8/17,sh.000001,3282.10,3296.00,3263.35,3292.53,32612475900
2022/8/18,sh.000001,3286.37,3289.14,3270.56,3277.54,30169477800
2022/8/19,sh.000001,3275.62,3286.49,3258.06,3258.08,33353547100
2022/8/22,sh.000001,3249.70,3278.17,3247.19,3277.79,31453786900
2022/8/23,sh.000001,3274.43,3284.60,3262.63,3276.22,31656635600
2022/8/24,sh.000001,3279.17,3281.88,3212.39,3215.20,36614057700
2022/8/25,sh.000001,3223.46,3248.35,3199.12,3246.25,33619616500
2022/8/26,sh.000001,3250.63,3266.27,3232.28,3236.22,30992755400
2022/8/29,sh.000001,3203.10,3240.73,3199.00,3240.73,29701509700
2022/8/30,sh.000001,3240.18,3243.75,3212.63,3227.22,29431891400
2022/8/31,sh.000001,3216.53,3232.02,3184.39,3202.14,34440882900
2022/9/1,sh.000001,3196.54,3214.56,3181.63,3184.98,27466054100
2022/9/2,sh.000001,3189.64,3198.28,3173.79,3186.48,25045691100
2022/9/5,sh.000001,3183.95,3199.91,3172.04,3199.91,28067563300
2022/9/6,sh.000001,3207.93,3244.64,3203.82,3243.45,31886968900
2022/9/7,sh.000001,3232.14,3253.77,3227.82,3246.29,30101446600
2022/9/8,sh.000001,3245.56,3253.70,3233.80,3235.59,28168035800
2022/9/9,sh.000001,3241.18,3266.20,3236.51,3262.05,28382766500
2022/9/13,sh.000001,3272.05,3278.17,3259.66,3263.80,27618982300
2022/9/14,sh.000001,3224.68,3250.80,3221.96,3237.54,25519336500
2022/9/15,sh.000001,3248.97,3254.18,3174.39,3199.92,32520612100
2022/9/16,sh.000001,3189.83,3191.83,3126.40,3126.40,31647589300
2022/9/19,sh.000001,3122.75,3135.56,3101.22,3115.60,24911366200
2022/9/20,sh.000001,3127.84,3140.03,3114.04,3122.41,21994253400
2022/9/21,sh.000001,3116.01,3129.82,3091.30,3117.18,23297249600
2022/9/22,sh.000001,3098.77,3125.68,3092.82,3108.91,22114068900
2022/9/23,sh.000001,3106.81,3124.66,3072.24,3088.37,24305771900
2022/9/26,sh.000001,3067.57,3102.65,3048.51,3051.23,26269862800
2022/9/27,sh.000001,3056.39,3094.04,3048.37,3093.86,23273530300
2022/9/28,sh.000001,3089.10,3089.10,3044.86,3045.07,23009865000
2022/9/29,sh.000001,3067.47,3076.76,3026.08,3041.20,23003041600
2022/9/30,sh.000001,3042.17,3054.61,3021.93,3024.39,20411533600
2022/10/10,sh.000001,3026.94,3029.45,2968.28,2974.15,24340482800
2022/10/11,sh.000001,2978.06,2986.91,2953.50,2979.79,20863595000
2022/10/12,sh.000001,2976.72,3025.51,2934.09,3025.51,24801355700
2022/10/13,sh.000001,3008.30,3036.25,3004.50,3016.36,24968328100
2022/10/14,sh.000001,3035.03,3084.27,3035.03,3071.99,27730406100
2022/10/17,sh.000001,3060.52,3087.19,3052.71,3084.94,26260861800
2022/10/18,sh.000001,3094.93,3099.92,3074.22,3080.96,24563475700
2022/10/19,sh.000001,3073.26,3081.39,3044.38,3044.38,23089531000
2022/10/20,sh.000001,3029.30,3070.26,3013.69,3035.05,24473614500
2022/10/21,sh.000001,3038.04,3055.42,3026.96,3038.93,24525412200
2022/10/24,sh.000001,3034.75,3064.42,2965.17,2977.56,29808535600
2022/10/25,sh.000001,2969.16,3001.72,2944.26,2976.28,25555416000
2022/10/26,sh.000001,2977.56,3028.35,2977.56,2999.50,26868949200
2022/10/27,sh.000001,3005.04,3017.26,2981.69,2982.90,26560825400
2022/10/28,sh.000001,2967.02,2974.24,2908.98,2915.93,29253130800
2022/10/31,sh.000001,2893.20,2926.02,2885.09,2893.48,30199420300
2022/11/1,sh.000001,2899.50,2969.20,2896.76,2969.20,31980957800
2022/11/2,sh.000001,2960.65,3019.05,2954.95,3003.37,32507824800
2022/11/3,sh.000001,2981.20,3003.72,2977.72,2997.81,25934856700
2022/11/4,sh.000001,2997.00,3081.59,2997.00,3070.80,32980674000
2022/11/7,sh.000001,3062.86,3088.19,3054.46,3077.82,32056709700
2022/11/8,sh.000001,3077.31,3078.28,3047.46,3064.49,25652200700
2022/11/9,sh.000001,3064.46,3073.92,3046.19,3048.17,23563732400
2022/11/10,sh.000001,3031.69,3047.98,3022.85,3036.13,27037179800
2022/11/11,sh.000001,3099.65,3117.74,3070.30,3087.29,40960453400
2022/11/14,sh.000001,3100.87,3121.41,3075.22,3083.40,36178821600
2022/11/15,sh.000001,3081.13,3135.59,3074.50,3134.08,33147057700
2022/11/16,sh.000001,3133.65,3145.75,3115.35,3119.98,30342984400
2022/11/17,sh.000001,3110.96,3115.44,3087.17,3115.43,28702840700
2022/11/18,sh.000001,3116.73,3126.71,3096.89,3097.24,29995427600
2022/11/21,sh.000001,3078.06,3085.24,3056.17,3085.04,25604554900
2022/11/22,sh.000001,3084.23,3118.12,3076.32,3088.94,32756592700
2022/11/23,sh.000001,3084.74,3108.24,3075.32,3096.91,32615544900
2022/11/24,sh.000001,3104.10,3113.24,3084.86,3089.31,26748292800
2022/11/25,sh.000001,3085.46,3111.42,3077.97,3101.69,31143197900
2022/11/28,sh.000001,3055.29,3080.18,3034.70,3078.55,30581128400
2022/11/29,sh.000001,3096.11,3152.00,3096.11,3149.75,39144974800
2022/11/30,sh.000001,3141.40,3158.57,3137.37,3151.34,37271832100
2022/12/1,sh.000001,3187.99,3198.41,3164.53,3165.47,38701305600
2022/12/2,sh.000001,3160.58,3170.90,3149.84,3156.14,30781248400
2022/12/5,sh.000001,3181.92,3213.44,3177.06,3211.81,44739843700
2022/12/6,sh.000001,3200.28,3224.82,3195.08,3212.53,37359029600
2022/12/7,sh.000001,3204.94,3226.08,3188.67,3199.62,35411307800
2022/12/8,sh.000001,3196.02,3206.72,3187.26,3197.35,32096929400
2022/12/9,sh.000001,3197.12,3212.11,3182.91,3206.95,37334320900
2022/12/12,sh.000001,3195.87,3196.72,3176.58,3179.04,33338179200
2022/12/13,sh.000001,3179.44,3187.20,3171.48,3176.33,28582120000
2022/12/14,sh.000001,3178.55,3189.84,3168.59,3176.53,26562356900
2022/12/15,sh.000001,3177.20,3179.10,3158.45,3168.65,24302333300
2022/12/16,sh.000001,3156.13,3175.35,3151.61,3167.86,25977179500
2022/12/19,sh.000001,3165.31,3170.26,3096.10,3107.12,27851354100
2022/12/20,sh.000001,3098.95,3100.75,3061.51,3073.77,21883676600
2022/12/21,sh.000001,3078.33,3085.80,3060.55,3068.41,18906792000
2022/12/22,sh.000001,3085.80,3096.24,3044.60,3054.43,22363953700
2022/12/23,sh.000001,3038.84,3061.87,3031.54,3045.87,19202030500
2022/12/26,sh.000001,3048.20,3071.84,3047.35,3065.56,20650389300
2022/12/27,sh.000001,3077.75,3098.08,3074.31,3095.57,22221832200
2022/12/28,sh.000001,3088.62,3098.65,3079.43,3087.40,22455415100
2022/12/29,sh.000001,3076.73,3086.00,3064.46,3073.70,21557067600
2022/12/30,sh.000001,3084.52,3096.31,3082.20,3089.26,21754534400
2023/1/3,sh.000001,3087.51,3119.86,3073.05,3116.51,28137036200
2023/1/4,sh.000001,3117.57,3129.09,3109.45,3123.52,27331362600
2023/1/5,sh.000001,3132.76,3159.43,3130.23,3155.22,25700301800
2023/1/6,sh.000001,3155.07,3170.74,3151.84,3157.64,25738025500
2023/1/9,sh.000001,3169.37,3183.58,3165.43,3176.08,25811521800
2023/1/10,sh.000001,3178.02,3178.16,3165.14,3169.51,23298417500
2023/1/11,sh.000001,3172.38,3184.76,3160.89,3161.84,23774286900
2023/1/12,sh.000001,3167.27,3171.59,3153.40,3163.45,21667130500
2023/1/13,sh.000001,3170.35,3195.31,3167.51,3195.31,22022689700
2023/1/16,sh.000001,3198.52,3251.37,3197.32,3227.59,30674954900
2023/1/17,sh.000001,3229.44,3231.26,3211.76,3224.24,22659223000
2023/1/18,sh.000001,3227.59,3234.82,3220.37,3224.41,21210973000
2023/1/19,sh.000001,3221.52,3240.28,3210.38,3240.28,22646503000
2023/1/20,sh.000001,3247.20,3267.06,3247.20,3264.81,27321918200
2023/1/30,sh.000001,3308.87,3310.49,3266.76,3269.32,35332582900
2023/1/31,sh.000001,3266.14,3277.25,3252.01,3255.67,30016295700
2023/2/1,sh.000001,3262.20,3284.92,3245.41,3284.92,33950941000
2023/2/2,sh.000001,3291.78,3295.76,3272.41,3285.67,33341313300
2023/2/3,sh.000001,3275.66,3275.66,3235.35,3263.41,29334281400
2023/2/6,sh.000001,3244.70,3250.35,3226.21,3238.70,26705310700
2023/2/7,sh.000001,3245.23,3250.03,3233.83,3248.09,25094645000
2023/2/8,sh.000001,3251.50,3257.11,3230.44,3232.11,23453048100
2023/2/9,sh.000001,3227.73,3270.38,3225.77,3270.38,25475452900
2023/2/10,sh.000001,3266.44,3269.99,3247.23,3260.67,26062692600
2023/2/13,sh.000001,3256.99,3285.09,3252.63,3284.16,29721318800
2023/2/14,sh.000001,3288.97,3293.73,3279.19,3293.28,27097416800
2023/2/15,sh.000001,3294.02,3296.20,3274.55,3280.49,26993912300
2023/2/16,sh.000001,3281.74,3308.83,3231.34,3249.03,38086354500
2023/2/17,sh.000001,3244.73,3262.47,3223.26,3224.02,27845123700
2023/2/20,sh.000001,3230.47,3291.04,3225.84,3290.34,32500773300
2023/2/21,sh.000001,3291.63,3308.79,3282.44,3306.52,32440944900
2023/2/22,sh.000001,3292.05,3307.03,3286.72,3291.15,25540398500
2023/2/23,sh.000001,3293.52,3307.44,3275.36,3287.48,26232430400
2023/2/24,sh.000001,3287.26,3288.39,3253.97,3267.16,23420630600
2023/2/27,sh.000001,3257.00,3276.58,3251.72,3258.03,24285534400
2023/2/28,sh.000001,3265.74,3280.42,3246.14,3279.61,25162503200
2023/3/1,sh.000001,3279.14,3315.16,3272.04,3312.35,31839870400
2023/3/2,sh.000001,3308.01,3320.74,3306.46,3310.65,32852001600
2023/3/3,sh.000001,3314.77,3330.60,3302.62,3328.39,34399691900
2023/3/6,sh.000001,3332.02,3333.06,3308.73,3322.03,34053044600
2023/3/7,sh.000001,3320.21,3342.86,3284.41,3285.10,38995795600
2023/3/8,sh.000001,3271.88,3283.25,3263.69,3283.25,26044354700
2023/3/9,sh.000001,3285.94,3289.06,3260.00,3276.09,26402185900
2023/3/10,sh.000001,3255.51,3262.15,3229.50,3230.08,28113541000
2023/3/13,sh.000001,3228.12,3268.70,3228.12,3268.70,29492808700
2023/3/14,sh.000001,3261.92,3262.00,3216.99,3245.31,31990603300
2023/3/15,sh.000001,3261.03,3273.12,3256.86,3263.31,30516879800
2023/3/16,sh.000001,3244.47,3257.43,3224.72,3226.89,32738963200
2023/3/17,sh.000001,3245.26,3279.92,3240.16,3250.55,34300102200
2023/3/20,sh.000001,3253.93,3267.99,3231.65,3234.91,39251739100
2023/3/21,sh.000001,3240.84,3256.00,3237.89,3255.65,30181077900
2023/3/22,sh.000001,3263.41,3279.39,3255.74,3265.75,29084046200
2023/3/23,sh.000001,3258.78,3286.65,3252.99,3286.65,30611839300
2023/3/24,sh.000001,3282.74,3282.74,3260.84,3265.65,32451333700
2023/3/27,sh.000001,3261.82,3261.82,3229.70,3251.40,33786120600
2023/3/28,sh.000001,3256.60,3264.10,3241.74,3245.38,29568266000
2023/3/29,sh.000001,3253.62,3254.56,3229.58,3240.06,29690050800
2023/3/30,sh.000001,3243.07,3263.74,3220.98,3261.25,29989829500
2023/3/31,sh.000001,3263.41,3278.42,3260.04,3272.86,28361374600
2023/4/3,sh.000001,3277.34,3299.73,3276.42,3296.40,35767677500
2023/4/4,sh.000001,3297.18,3312.56,3290.99,3312.56,38587161700
2023/4/6,sh.000001,3302.75,3314.53,3296.06,3312.63,32715542400
2023/4/7,sh.000001,3312.48,3328.85,3308.06,3327.65,28303224700
2023/4/10,sh.000001,3331.51,3332.72,3309.92,3315.36,34081984500
2023/4/11,sh.000001,3317.08,3317.45,3298.25,3313.57,32056605500
2023/4/12,sh.000001,3316.86,3330.71,3315.40,3327.18,34302531500
2023/4/13,sh.000001,3321.27,3334.47,3309.25,3318.36,34786210600
2023/4/14,sh.000001,3326.37,3340.08,3316.81,3338.15,33829927500
2023/4/17,sh.000001,3337.06,3385.61,3336.39,3385.61,40280992600
2023/4/18,sh.000001,3379.23,3396.17,3375.78,3393.33,34839948600
2023/4/19,sh.000001,3391.35,3394.96,3364.64,3370.13,34612344300
2023/4/20,sh.000001,3367.05,3371.37,3344.02,3367.03,35035496500
2023/4/21,sh.000001,3364.00,3367.61,3301.26,3301.26,38739509800
2023/4/24,sh.000001,3300.81,3303.09,3264.93,3275.41,35425562600
2023/4/25,sh.000001,3276.40,3288.57,3229.45,3264.87,38089572900
2023/4/26,sh.000001,3255.22,3277.98,3239.99,3264.10,35791784200
2023/4/27,sh.000001,3256.23,3299.30,3253.11,3285.88,34159053400
2023/4/28,sh.000001,3283.12,3324.88,3283.12,3323.27,40155478500
2023/5/4,sh.000001,3306.48,3352.75,3302.03,3350.46,48336491600
2023/5/5,sh.000001,3350.65,3364.14,3321.19,3334.50,43650449400
2023/5/8,sh.000001,3340.99,3400.18,3340.99,3395.00,53410365900
2023/5/9,sh.000001,3402.39,3418.95,3356.12,3357.67,57301330900
2023/5/10,sh.000001,3347.70,3349.72,3305.25,3319.15,45173973100
2023/5/11,sh.000001,3323.66,3333.25,3307.29,3309.55,35425827100
2023/5/12,sh.000001,3304.46,3319.13,3271.43,3272.36,34731498300
2023/5/15,sh.000001,3269.88,3310.74,3235.87,3310.74,38804588700
2023/5/16,sh.000001,3310.16,3317.90,3282.49,3290.99,32247941000
2023/5/17,sh.000001,3281.97,3298.52,3269.89,3284.23,28574405000
2023/5/18,sh.000001,3288.41,3313.86,3284.17,3297.32,30996747200
2023/5/19,sh.000001,3288.89,3302.34,3268.22,3283.54,28540406400
2023/5/22,sh.000001,3278.60,3308.53,3276.54,3296.47,27388999800
2023/5/23,sh.000001,3294.79,3298.23,3246.24,3246.24,27527908300
2023/5/24,sh.000001,3237.70,3237.70,3204.38,3204.75,28872025700
2023/5/25,sh.000001,3197.36,3207.02,3168.57,3201.26,28358892500
2023/5/26,sh.000001,3198.88,3220.77,3179.82,3212.50,26170047900
2023/5/29,sh.000001,3219.76,3230.97,3208.96,3221.45,29738948700
2023/5/30,sh.000001,3214.67,3230.63,3186.63,3224.21,30353246000
2023/5/31,sh.000001,3214.66,3216.36,3190.27,3204.56,29457333800
2023/6/1,sh.000001,3196.15,3225.09,3189.52,3204.63,31233075900
2023/6/2,sh.000001,3212.45,3233.99,3211.74,3230.07,29466709800
2023/6/5,sh.000001,3231.81,3244.18,3221.63,3232.44,27806020300
2023/6/6,sh.000001,3228.41,3247.35,3189.27,3195.34,30828587200
2023/6/7,sh.000001,3197.47,3210.33,3188.01,3197.76,25806340000
2023/6/8,sh.000001,3194.83,3225.53,3180.54,3213.59,29353074100
2023/6/9,sh.000001,3213.03,3231.41,3206.10,3231.41,31415550100
2023/6/12,sh.000001,3225.30,3239.44,3210.71,3228.83,31378444400
2023/6/13,sh.000001,3223.90,3235.09,3215.50,3233.67,28062845400
2023/6/14,sh.000001,3238.12,3248.46,3226.77,3228.99,30353726000
2023/6/15,sh.000001,3230.45,3252.98,3229.15,3252.98,31325575200
2023/6/16,sh.000001,3256.30,3276.55,3255.50,3273.33,32628184600
2023/6/19,sh.000001,3271.16,3271.16,3251.78,3255.81,32775304700
2023/6/20,sh.000001,3252.54,3252.84,3237.79,3240.36,29826059600
2023/6/21,sh.000001,3230.11,3236.36,3197.90,3197.90,29437737200
2023/6/26,sh.000001,3177.23,3181.08,3144.25,3150.62,30812981100
2023/6/27,sh.000001,3153.31,3194.41,3148.27,3189.44,28760432700
2023/6/28,sh.000001,3183.49,3192.66,3157.12,3189.38,27623194800
2023/6/29,sh.000001,3185.42,3196.50,3179.53,3182.38,25034007400
2023/6/30,sh.000001,3178.92,3212.99,3177.99,3202.06,26537987300
2023/7/3,sh.000001,3209.16,3246.86,3209.16,3243.98,31237139500
2023/7/4,sh.000001,3241.23,3246.96,3233.99,3245.35,27924872100
2023/7/5,sh.000001,3240.05,3241.84,3218.60,3222.95,26401642600
2023/7/6,sh.000001,3215.86,3229.48,3199.72,3205.57,24611903200
2023/7/7,sh.000001,3197.47,3212.05,3189.21,3196.61,25568846900
2023/7/10,sh.000001,3208.73,3216.53,3192.66,3203.70,23656036700
2023/7/11,sh.000001,3211.12,3221.68,3200.38,3221.37,22760046700
2023/7/12,sh.000001,3220.38,3224.33,3193.44,3196.13,27142338600
2023/7/13,sh.000001,3202.70,3238.47,3202.70,3236.48,27662050800
2023/7/14,sh.000001,3240.97,3248.38,3234.00,3237.70,27332749400
2023/7/17,sh.000001,3219.02,3219.02,3195.89,3209.63,25020837600
2023/7/18,sh.000001,3206.79,3210.25,3190.00,3197.82,23503025900
2023/7/19,sh.000001,3195.01,3204.36,3181.56,3198.84,21735586000
2023/7/20,sh.000001,3201.91,3209.06,3165.67,3169.52,23893289100
2023/7/21,sh.000001,3163.42,3185.64,3157.33,3167.75,22533136300
2023/7/24,sh.000001,3157.47,3178.73,3151.13,3164.16,21659521100
2023/7/25,sh.000001,3201.46,3231.75,3201.46,3231.52,34861771400
2023/7/26,sh.000001,3228.09,3229.89,3212.88,3223.03,31720605100
2023/7/27,sh.000001,3225.48,3245.60,3210.47,3216.67,32711886700
2023/7/28,sh.000001,3206.74,3280.28,3200.99,3275.93,41106843400
2023/7/31,sh.000001,3287.21,3322.13,3281.01,3291.04,45903099400
2023/8/1,sh.000001,3288.76,3305.34,3279.57,3290.95,45989083300
2023/8/2,sh.000001,3281.86,3290.82,3252.30,3261.69,40534149900
2023/8/3,sh.000001,3254.57,3280.86,3247.27,3280.46,38469131700
2023/8/4,sh.000001,3296.09,3315.05,3281.73,3288.08,47092769700
2023/8/7,sh.000001,3276.78,3276.78,3258.54,3268.83,36034148400
2023/8/8,sh.000001,3260.72,3274.52,3246.67,3260.62,31652073300
2023/8/9,sh.000001,3251.15,3257.08,3240.29,3244.49,27121853800
2023/8/10,sh.000001,3242.21,3257.03,3234.12,3254.56,28741214200
2023/8/11,sh.000001,3254.48,3254.48,3189.25,3189.25,33013775000
2023/8/14,sh.000001,3159.71,3180.51,3141.66,3178.43,29984032700
2023/8/15,sh.000001,3180.56,3186.23,3147.35,3176.18,27325192200
2023/8/16,sh.000001,3164.70,3176.63,3149.72,3150.13,28172829200
2023/8/17,sh.000001,3137.35,3167.45,3123.25,3163.74,29469258600
2023/8/18,sh.000001,3165.10,3179.12,3131.95,3131.95,29439035200
2023/8/21,sh.000001,3125.99,3134.96,3092.98,3092.98,26575342300
2023/8/22,sh.000001,3103.78,3126.78,3074.53,3120.33,30931633500
2023/8/23,sh.000001,3116.27,3116.38,3077.61,3078.40,27224412400
2023/8/24,sh.000001,3085.91,3106.18,3072.95,3082.24,30002463700
2023/8/25,sh.000001,3068.62,3085.05,3053.04,3064.07,29334768600
2023/8/28,sh.000001,3219.04,3219.04,3089.12,3098.64,48560776400
2023/8/29,sh.000001,3091.94,3145.76,3090.44,3135.89,39887578000
2023/8/30,sh.000001,3144.41,3153.69,3126.90,3137.14,34751186700
2023/8/31,sh.000001,3134.55,3139.98,3113.95,3119.88,31344824200
2023/9/1,sh.000001,3126.02,3143.85,3123.19,3133.25,29231099200
2023/9/4,sh.000001,3145.94,3177.06,3143.38,3177.06,36639114000
2023/9/5,sh.000001,3169.74,3169.74,3150.08,3154.37,29406184900
2023/9/6,sh.000001,3147.14,3162.15,3136.90,3158.08,26700223000
2023/9/7,sh.000001,3152.20,3152.27,3120.82,3122.35,26926473300
2023/9/8,sh.000001,3114.23,3126.04,3104.67,3116.72,22812506400
2023/9/11,sh.000001,3119.61,3155.10,3113.82,3142.78,29044291700
2023/9/12,sh.000001,3140.34,3147.51,3134.32,3137.06,23467205100
2023/9/13,sh.000001,3137.77,3143.76,3106.97,3123.07,24970103800
2023/9/14,sh.000001,3124.85,3135.03,3111.86,3126.55,26399013800
2023/9/15,sh.000001,3133.59,3141.96,3107.45,3117.74,29202636500
2023/9/18,sh.000001,3110.44,3128.70,3098.50,3125.93,25944425700
2023/9/19,sh.000001,3123.99,3131.13,3113.53,3124.96,25365276100
2023/9/20,sh.000001,3118.67,3122.13,3108.16,3108.57,22812446200
2023/9/21,sh.000001,3103.18,3113.49,3084.70,3084.70,22865910000
2023/9/22,sh.000001,3084.76,3132.56,3078.80,3132.43,28597835100
2023/9/25,sh.000001,3131.21,3131.21,3112.15,3115.61,25807188500
2023/9/26,sh.000001,3114.02,3120.29,3102.27,3102.27,22264431300
2023/9/27,sh.000001,3104.04,3125.45,3103.84,3107.32,24049583000
2023/9/28,sh.000001,3117.75,3121.84,3105.94,3110.48,23632998100
2023/10/9,sh.000001,3100.00,3103.36,3072.64,3096.92,26442220500
2023/10/10,sh.000001,3104.37,3109.98,3073.19,3075.24,25532737900
2023/10/11,sh.000001,3085.70,3095.66,3071.94,3078.96,25991869200
2023/10/12,sh.000001,3101.71,3109.99,3092.18,3107.90,27482799800
2023/10/13,sh.000001,3092.00,3094.92,3080.55,3088.10,25508523500
2023/10/16,sh.000001,3091.06,3091.13,3063.69,3073.81,26388236300
2023/10/17,sh.000001,3076.43,3084.07,3064.89,3083.50,25901958800
2023/10/18,sh.000001,3076.58,3076.58,3057.06,3058.71,26864715500
2023/10/19,sh.000001,3043.20,3043.20,3004.77,3005.39,30403891000
2023/10/20,sh.000001,2995.36,3006.27,2977.17,2983.06,26711359400
2023/10/23,sh.000001,2969.79,2973.66,2923.51,2939.29,27890412800
2023/10/24,sh.000001,2944.31,2964.76,2929.09,2962.24,31098538900
2023/10/25,sh.000001,2986.41,2993.30,2972.42,2974.11,33239200400
2023/10/26,sh.000001,2960.10,2990.33,2956.01,2988.30,29181451100
2023/10/27,sh.000001,2978.40,3029.21,2974.88,3017.78,32180371700
2023/10/30,sh.000001,3009.61,3028.26,3002.35,3021.55,36060423800
2023/10/31,sh.000001,3019.65,3023.00,3006.61,3018.77,31985996700
2023/11/1,sh.000001,3038.18,3038.33,3013.93,3023.08,28011044500
2023/11/2,sh.000001,3028.66,3038.64,3009.12,3009.41,26879458100
2023/11/3,sh.000001,3012.47,3040.98,3012.47,3030.80,26848634700
2023/11/6,sh.000001,3047.13,3058.99,3037.69,3058.41,37294963000
2023/11/7,sh.000001,3052.92,3064.58,3042.47,3057.27,32685345500
2023/11/8,sh.000001,3051.15,3062.99,3037.29,3052.37,33567783400
2023/11/9,sh.000001,3047.65,3063.47,3045.83,3053.28,31562176400
2023/11/10,sh.000001,3043.56,3044.00,3027.09,3038.97,28554649700
2023/11/13,sh.000001,3044.03,3048.62,3028.17,3046.53,29043058800
2023/11/14,sh.000001,3046.82,3059.53,3044.43,3056.07,29484473300
2023/11/15,sh.000001,3077.03,3080.13,3064.35,3072.83,30425010700
2023/11/16,sh.000001,3066.86,3071.45,3050.93,3050.93,27107946000
2023/11/17,sh.000001,3043.62,3055.86,3033.75,3054.37,26760639300
2023/11/20,sh.000001,3056.93,3072.51,3043.51,3068.32,28755699800
2023/11/21,sh.000001,3074.83,3089.77,3063.34,3067.93,33073310200
2023/11/22,sh.000001,3060.50,3067.96,3043.61,3043.61,28905649000
2023/11/23,sh.000001,3041.68,3062.87,3034.30,3061.86,27659205900
2023/11/24,sh.000001,3060.33,3060.33,3037.20,3040.97,28778841300
2023/11/27,sh.000001,3038.19,3038.36,3015.01,3031.70,31051786800
2023/11/28,sh.000001,3028.60,3039.69,3020.23,3038.55,26892074600
2023/11/29,sh.000001,3038.46,3038.98,3017.66,3021.69,27795644800
2023/11/30,sh.000001,3021.10,3030.91,3013.77,3029.67,28294535700
2023/12/1,sh.000001,3027.35,3035.76,3010.23,3031.64,28608970000
2023/12/4,sh.000001,3033.30,3038.98,3022.35,3022.91,28816205300
2023/12/5,sh.000001,3017.01,3017.01,2972.30,2972.30,29394327800
2023/12/6,sh.000001,2966.95,2985.31,2959.60,2968.93,29410418700
2023/12/7,sh.000001,2965.65,2976.01,2949.14,2966.21,29624368700
2023/12/8,sh.000001,2965.39,2980.83,2962.33,2969.56,36913870500
2023/12/11,sh.000001,2956.29,2995.67,2930.42,2991.44,36021634400
2023/12/12,sh.000001,2986.33,3003.75,2980.45,3003.44,28763876200
2023/12/13,sh.000001,2997.34,2997.34,2968.76,2968.76,28275409800
2023/12/14,sh.000001,2979.70,2986.18,2958.07,2958.99,27145765000
2023/12/15,sh.000001,2966.30,2976.31,2940.03,2942.56,28932764200
2023/12/18,sh.000001,2936.58,2951.15,2924.33,2930.80,29308699900
2023/12/19,sh.000001,2928.76,2940.50,2914.13,2932.39,26592698000
2023/12/20,sh.000001,2932.12,2937.10,2902.04,2902.11,26556245400
2023/12/21,sh.000001,2892.02,2924.26,2882.02,2918.71,28254182700
2023/12/22,sh.000001,2919.29,2935.70,2906.51,2914.78,29662836700
2023/12/25,sh.000001,2909.88,2920.63,2903.99,2918.81,22981417800
2023/12/26,sh.000001,2917.97,2917.97,2892.84,2898.88,22814085500
2023/12/27,sh.000001,2900.15,2917.96,2890.17,2914.61,24790088200
2023/12/28,sh.000001,2913.11,2961.65,2909.39,2954.70,33921311600
2023/12/29,sh.000001,2950.84,2975.03,2950.02,2974.93,29067268700
2024/1/2,sh.000001,2972.78,2976.27,2962.28,2962.28,30414179300
2024/1/3,sh.000001,2957.11,2971.28,2953.29,2967.25,28545594500
2024/1/4,sh.000001,2965.51,2966.68,2936.63,2954.35,26498092400
2024/1/5,sh.000001,2949.82,2967.97,2916.72,2929.18,30104023900
2024/1/8,sh.000001,2923.46,2924.46,2887.54,2887.54,27027505500
2024/1/9,sh.000001,2887.11,2900.73,2878.41,2893.25,26295597500
2024/1/10,sh.000001,2886.98,2903.16,2870.42,2877.70,24404652600
2024/1/11,sh.000001,2873.80,2896.18,2867.72,2886.65,26705076400
2024/1/12,sh.000001,2880.04,2904.17,2878.88,2881.98,26160293100
2024/1/15,sh.000001,2872.56,2904.46,2869.22,2886.29,24461123600
2024/1/16,sh.000001,2881.56,2896.68,2861.13,2893.99,28628671400
2024/1/17,sh.000001,2887.29,2887.49,2833.62,2833.62,26125130800
2024/1/18,sh.000001,2822.67,2849.26,2760.98,2845.78,39039685500
2024/1/19,sh.000001,2836.97,2849.88,2822.84,2832.28,26666438800
2024/1/22,sh.000001,2826.50,2828.32,2735.37,2756.34,35016575800
2024/1/23,sh.000001,2746.89,2784.84,2724.16,2770.98,30874941700
2024/1/24,sh.000001,2782.14,2823.70,2743.40,2820.77,36907060000
2024/1/25,sh.000001,2823.83,2906.79,2821.71,2906.11,44200904500
2024/1/26,sh.000001,2897.91,2924.31,2890.48,2910.22,42110908400
2024/1/29,sh.000001,2910.61,2923.90,2883.33,2883.36,41058131100
2024/1/30,sh.000001,2866.28,2881.35,2829.25,2830.53,33566122600
2024/1/31,sh.000001,2815.50,2834.01,2782.59,2788.55,37710396500
2024/2/1,sh.000001,2773.42,2805.01,2752.78,2770.74,35288918500
2024/2/2,sh.000001,2773.29,2791.68,2666.33,2730.15,42623019900
2024/2/5,sh.000001,2716.08,2739.74,2635.09,2702.19,47899029200
2024/2/6,sh.000001,2680.48,2802.93,2669.67,2789.49,50284931300
2024/2/7,sh.000001,2791.51,2829.70,2770.53,2829.70,54711743900
2024/2/8,sh.000001,2832.49,2867.47,2827.90,2865.90,53110889300
2024/2/19,sh.000001,2886.59,2910.54,2867.71,2910.54,45896770400
2024/2/20,sh.000001,2902.88,2927.31,2887.47,2922.73,35013873500
2024/2/21,sh.000001,2906.02,2994.61,2898.05,2950.96,44424546300
2024/2/22,sh.000001,2945.45,2988.36,2944.50,2988.36,35413253600
2024/2/23,sh.000001,2992.91,3009.14,2979.97,3004.88,38008327000
2024/2/26,sh.000001,3002.12,3009.48,2967.06,2977.02,40902655800
2024/2/27,sh.000001,2966.42,3015.48,2961.15,3015.48,37298468700
2024/2/28,sh.000001,3016.26,3031.49,2957.85,2957.85,54410909300
2024/2/29,sh.000001,2943.62,3015.17,2943.62,3015.17,40969637400
2024/3/1,sh.000001,3013.82,3032.23,3003.76,3027.02,37913218400
2024/3/4,sh.000001,3026.61,3040.34,3007.68,3039.31,38776000200
2024/3/5,sh.000001,3027.10,3052.54,3022.18,3047.79,38350995500
2024/3/6,sh.000001,3041.75,3060.56,3034.35,3039.93,34098273900
2024/3/7,sh.000001,3040.21,3063.69,3023.12,3027.40,37715439100
2024/3/8,sh.000001,3026.17,3049.19,3016.90,3046.02,31920439200
2024/3/11,sh.000001,3042.62,3068.46,3035.45,3068.46,36160882100
2024/3/12,sh.000001,3068.18,3075.13,3044.86,3055.94,41574391400
2024/3/13,sh.000001,3053.34,3061.95,3031.90,3043.83,36504745300
2024/3/14,sh.000001,3042.41,3060.00,3020.64,3038.23,36407229000
2024/3/15,sh.000001,3031.52,3056.45,3023.22,3054.64,36026846300
2024/3/18,sh.000001,3057.21,3085.31,3055.92,3084.93,40665350800
2024/3/19,sh.000001,3077.98,3090.05,3062.63,3062.76,38412368000
2024/3/20,sh.000001,3058.65,3081.75,3056.65,3079.69,34918772900
2024/3/21,sh.000001,3084.41,3090.05,3069.27,3077.11,36687796800
2024/3/22,sh.000001,3070.55,3073.21,3027.76,3048.03,39474048600
2024/3/25,sh.000001,3040.50,3065.26,3026.31,3026.31,38748538900
2024/3/26,sh.000001,3026.92,3036.49,3006.26,3031.48,34592878700
2024/3/27,sh.000001,3026.81,3030.45,2993.14,2993.14,34319801000
2024/3/28,sh.000001,2988.59,3033.37,2984.12,3010.66,35320002600
2024/3/29,sh.000001,3008.38,3041.30,3008.17,3041.17,33482278500
2024/4/1,sh.000001,3049.02,3078.49,3049.02,3077.38,37539364000
2024/4/2,sh.000001,3076.88,3085.54,3063.98,3074.96,36730426200
2024/4/3,sh.000001,3074.89,3079.02,3057.40,3069.30,36321138000
2024/4/8,sh.000001,3057.33,3077.35,3045.47,3047.05,40293674000
2024/4/9,sh.000001,3044.61,3051.59,3033.21,3048.54,33348996500
2024/4/10,sh.000001,3045.96,3049.61,3013.59,3027.33,34899172100
2024/4/11,sh.000001,3013.57,3050.34,3009.90,3034.25,34089439200
2024/4/12,sh.000001,3035.58,3043.56,3014.83,3019.47,33422977100
2024/4/15,sh.000001,3013.67,3066.94,2995.54,3057.38,46123924400
2024/4/16,sh.000001,3043.55,3052.43,3005.34,3007.07,44807047300
2024/4/17,sh.000001,3008.06,3071.38,3002.06,3071.38,41335836800
2024/4/18,sh.000001,3060.03,3102.55,3057.76,3074.22,41632134900
2024/4/19,sh.000001,3060.30,3080.32,3055.06,3065.26,37554385500
2024/4/22,sh.000001,3059.06,3078.42,3042.54,3044.60,35721639900
2024/4/23,sh.000001,3038.61,3044.94,3016.52,3021.98,32559512800
2024/4/24,sh.000001,3029.40,3045.64,3019.12,3044.82,30526409300
2024/4/25,sh.000001,3037.93,3060.26,3034.65,3052.90,29228014800
2024/4/26,sh.000001,3054.98,3092.43,3054.98,3088.64,43938256300
2024/4/29,sh.000001,3086.68,3119.69,3080.59,3113.04,50692544500
2024/4/30,sh.000001,3110.16,3123.29,3104.29,3104.82,44021321300
2024/5/6,sh.000001,3132.51,3142.38,3126.77,3140.72,45065689900
2024/5/7,sh.000001,3139.66,3151.22,3133.69,3147.74,37910256400
2024/5/8,sh.000001,3141.49,3144.99,3126.17,3128.48,33400032000
2024/5/9,sh.000001,3128.16,3158.46,3128.16,3154.32,36088146200
2024/5/10,sh.000001,3158.59,3163.14,3137.15,3154.55,38428749500
2024/5/13,sh.000001,3139.48,3157.37,3126.17,3148.02,39703056500
2024/5/14,sh.000001,3148.85,3155.81,3137.61,3145.77,34352619400
2024/5/15,sh.000001,3141.25,3142.97,3117.93,3119.90,32102796200
2024/5/16,sh.000001,3127.18,3137.88,3116.16,3122.40,36741736100
2024/5/17,sh.000001,3121.71,3154.03,3116.78,3154.03,38391524400
2024/5/20,sh.000001,3156.15,3174.27,3155.99,3171.15,42686728000
2024/5/21,sh.000001,3164.68,3165.22,3148.34,3157.97,33578357200
2024/5/22,sh.000001,3157.19,3166.92,3152.46,3158.54,35409808200
2024/5/23,sh.000001,3149.88,3150.63,3110.28,3116.39,35394372700
2024/5/24,sh.000001,3110.75,3130.42,3087.79,3088.87,30653227900
2024/5/27,sh.000001,3094.14,3125.51,3091.99,3124.04,31939676500
2024/5/28,sh.000001,3122.39,3130.31,3106.36,3109.57,31006697400
2024/5/29,sh.000001,3108.03,3128.14,3100.98,3111.02,28997034600
2024/5/30,sh.000001,3103.71,3121.22,3085.38,3091.68,30238076200
2024/5/31,sh.000001,3094.76,3107.60,3086.81,3086.81,27607281600
2024/6/3,sh.000001,3085.98,3097.20,3061.28,3078.49,35756336200
2024/6/4,sh.000001,3071.32,3095.32,3063.59,3091.20,30928759800
2024/6/5,sh.000001,3086.05,3092.35,3064.74,3065.40,29054234400
2024/6/6,sh.000001,3069.44,3077.67,3040.83,3048.79,36986710400
2024/6/7,sh.000001,3053.92,3065.02,3031.04,3051.28,31634248400
2024/6/11,sh.000001,3042.13,3043.20,3013.86,3028.05,31048194200
2024/6/12,sh.000001,3025.30,3042.04,3021.31,3037.47,27945210600
2024/6/13,sh.000001,3038.09,3040.40,3022.82,3028.92,29786246300
2024/6/14,sh.000001,3020.96,3037.90,3011.58,3032.63,34874675300
2024/6/17,sh.000001,3017.72,3026.62,3012.05,3015.89,29576344800
2024/6/18,sh.000001,3015.07,3031.98,3012.52,3030.25,27362599900
2024/6/19,sh.000001,3029.10,3030.23,3015.33,3018.05,26129624800
2024/6/20,sh.000001,3015.72,3028.51,3001.77,3005.44,29551590700
2024/6/21,sh.000001,2998.24,3011.91,2985.93,2998.14,25500125100
2024/6/24,sh.000001,2982.83,2990.64,2960.13,2963.10,29865388400
2024/6/25,sh.000001,2962.77,2971.65,2935.54,2950.00,27320993800
2024/6/26,sh.000001,2943.45,2976.67,2933.33,2972.53,28238840900
2024/6/27,sh.000001,2962.70,2963.06,2944.90,2945.85,27054851900
2024/6/28,sh.000001,2940.30,2985.47,2939.98,2967.40,31520143200
2024/7/1,sh.000001,2965.25,2996.41,2961.86,2994.73,29778223500
2024/7/2,sh.000001,2992.86,3004.99,2989.47,2997.01,28136468300
2024/7/3,sh.000001,2995.66,2998.54,2978.07,2982.38,24628464200
2024/7/4,sh.000001,2984.83,2995.57,2955.29,2957.57,27426878900
2024/7/5,sh.000001,2954.37,2957.11,2920.20,2949.93,27232455600
2024/7/8,sh.000001,2939.84,2947.61,2917.23,2922.45,27753342400
2024/7/9,sh.000001,2919.57,2963.78,2904.04,2959.37,31506203100
2024/7/10,sh.000001,2949.03,2958.86,2935.33,2939.36,30154945600
2024/7/11,sh.000001,2957.25,2971.36,2947.40,2970.39,32837242400
2024/7/12,sh.000001,2965.61,2977.14,2963.30,2971.30,30371301400
2024/7/15,sh.000001,2963.85,2977.31,2959.13,2974.01,26899259700
2024/7/16,sh.000001,2963.90,2977.36,2959.67,2976.30,26078363000
2024/7/17,sh.000001,2970.81,2972.79,2957.95,2962.85,28230799100
2024/7/18,sh.000001,2951.14,2978.09,2937.90,2977.13,27802266500
2024/7/19,sh.000001,2963.51,2986.24,2955.12,2982.31,28093241300
2024/7/22,sh.000001,2978.19,2978.60,2946.56,2964.22,27874955900
2024/7/23,sh.000001,2960.50,2960.50,2915.37,2915.37,29629599400
2024/7/24,sh.000001,2909.15,2922.03,2894.29,2901.95,30611885300
2024/7/25,sh.000001,2891.89,2897.77,2872.85,2886.74,27463950000
2024/7/26,sh.000001,2886.00,2899.12,2875.40,2890.90,27838753600
2024/7/29,sh.000001,2889.47,2898.95,2878.58,2891.85,25689972700
2024/7/30,sh.000001,2885.22,2885.22,2865.15,2879.30,26247883700
2024/7/31,sh.000001,2877.54,2940.59,2876.30,2938.75,41272341700
2024/8/1,sh.000001,2940.12,2947.88,2928.83,2932.39,34662113700
2024/8/2,sh.000001,2913.02,2931.26,2902.72,2905.34,31220503900
2024/8/5,sh.000001,2889.36,2919.03,2860.70,2860.70,35554057200
2024/8/6,sh.000001,2878.65,2888.20,2845.34,2867.28,29730080300
2024/8/7,sh.000001,2864.01,2886.94,2857.72,2869.83,26309715000
2024/8/8,sh.000001,2864.76,2886.40,2850.87,2869.90,28912863200
2024/8/9,sh.000001,2879.87,2887.85,2862.19,2862.19,28425391600
2024/8/12,sh.000001,2858.89,2869.27,2851.30,2858.20,24424137100
2024/8/13,sh.000001,2860.41,2867.95,2845.31,2867.95,23167460100
2024/8/14,sh.000001,2866.24,2866.24,2850.40,2850.65,21788517000
2024/8/15,sh.000001,2844.20,2889.09,2839.39,2877.36,27190000000
2024/8/16,sh.000001,2877.94,2888.68,2873.06,2879.43,26365344100
2024/8/19,sh.000001,2877.95,2905.15,2877.77,2893.67,26168773000
2024/8/20,sh.000001,2895.55,2896.52,2855.33,2866.66,26365800200
2024/8/21,sh.000001,2858.94,2863.89,2848.15,2856.58,22920002700
2024/8/22,sh.000001,2856.20,2861.61,2845.50,2848.77,24539941500
2024/8/23,sh.000001,2844.77,2860.73,2839.34,2854.37,22669256500
2024/8/26,sh.000001,2855.47,2860.65,2844.38,2855.52,22735152300
2024/8/27,sh.000001,2850.88,2853.78,2843.16,2848.73,23069300600
2024/8/28,sh.000001,2844.33,2852.56,2830.96,2837.43,22873062300
2024/8/29,sh.000001,2829.45,2831.43,2815.38,2823.11,27751053400
2024/8/30,sh.000001,2819.65,2867.96,2817.01,2842.21,39751697500
2024/9/2,sh.000001,2832.35,2839.28,2810.37,2811.04,34071419300
2024/9/3,sh.000001,2809.17,2814.90,2794.91,2802.98,27573613900
2024/9/4,sh.000001,2786.50,2800.61,2781.94,2784.28,25745350000
2024/9/5,sh.000001,2785.26,2796.02,2777.47,2788.31,24204094800
2024/9/6,sh.000001,2791.76,2804.09,2765.64,2765.81,25364537500
2024/9/9,sh.000001,2754.72,2756.56,2726.97,2736.49,26146884700
2024/9/10,sh.000001,2737.88,2750.12,2718.63,2744.19,26215901500
2024/9/11,sh.000001,2732.73,2732.73,2710.62,2721.80,24226490000
2024/9/12,sh.000001,2722.14,2734.68,2716.56,2717.12,24008431500
2024/9/13,sh.000001,2718.99,2728.78,2703.37,2704.09,25127003800
2024/9/18,sh.000001,2705.35,2724.11,2689.70,2717.28,24781713200
2024/9/19,sh.000001,2723.21,2747.74,2697.78,2736.02,31520838900
2024/9/20,sh.000001,2734.23,2741.16,2717.95,2736.81,28564462700
2024/9/23,sh.000001,2735.39,2760.48,2731.36,2748.92,25764215400
2024/9/24,sh.000001,2770.75,2863.15,2761.37,2863.13,47761954500
2024/9/25,sh.000001,2901.42,2952.45,2889.05,2896.31,56825981600
2024/9/26,sh.000001,2893.75,3000.95,2889.01,3000.95,57631926100
2024/9/27,sh.000001,3049.10,3087.53,3017.45,3087.53,49228716300
2024/9/30,sh.000001,3194.72,3358.59,3153.70,3336.50,110233791700
2024/10/8,sh.000001,3674.40,3674.40,3372.19,3489.78,131346019500
2024/10/9,sh.000001,3427.22,3437.16,3249.16,3258.86,99275725600
2024/10/10,sh.000001,3277.69,3379.81,3228.12,3301.93,83450025700
2024/10/11,sh.000001,3287.87,3297.75,3187.99,3217.74,60602743300
2024/10/14,sh.000001,3241.43,3294.62,3203.90,3284.32,63146685900
2024/10/15,sh.000001,3265.75,3285.21,3201.29,3201.29,56605455800
2024/10/16,sh.000001,3169.17,3236.85,3167.74,3202.95,51581399700
2024/10/17,sh.000001,3220.73,3241.57,3169.38,3169.38,52861177200
2024/10/18,sh.000001,3165.97,3313.98,3152.82,3261.56,69301462300
2024/10/21,sh.000001,3276.06,3300.66,3239.10,3268.11,66815029900
2024/10/22,sh.000001,3263.82,3294.96,3255.14,3285.87,57491378100
2024/10/23,sh.000001,3285.25,3331.08,3277.07,3302.80,65044412800
2024/10/24,sh.000001,3287.82,3292.94,3266.88,3280.26,51982707400
2024/10/25,sh.000001,3280.76,3319.36,3276.13,3299.70,59565170700
2024/10/28,sh.000001,3300.46,3322.20,3279.72,3322.20,67237313100
2024/10/29,sh.000001,3328.09,3340.46,3284.21,3286.41,72532615400
2024/10/30,sh.000001,3273.64,3291.68,3244.81,3266.24,66901809000
2024/10/31,sh.000001,3267.98,3295.74,3252.39,3279.82,78464909400
2024/11/1,sh.000001,3275.58,3305.32,3258.73,3272.01,85205532000
2024/11/4,sh.000001,3275.68,3310.21,3263.84,3310.21,66507745400
2024/11/5,sh.000001,3306.81,3386.99,3302.05,3386.99,82112490200
2024/11/6,sh.000001,3395.22,3421.00,3367.08,3383.81,89585593000
2024/11/7,sh.000001,3359.99,3470.66,3356.26,3470.66,95955668000
2024/11/8,sh.000001,3502.13,3509.82,3443.19,3452.30,96403456200
2024/11/11,sh.000001,3432.37,3471.12,3416.73,3470.07,81802543600
2024/11/12,sh.000001,3469.89,3489.42,3402.04,3421.97,81792652400
2024/11/13,sh.000001,3406.92,3442.30,3404.53,3439.28,67366234800
2024/11/14,sh.000001,3429.51,3441.77,3376.15,3379.84,63155669000
2024/11/15,sh.000001,3369.81,3391.32,3330.73,3330.73,63028558300
2024/11/18,sh.000001,3344.69,3386.90,3309.01,3323.85,74395069200
2024/11/19,sh.000001,3324.88,3346.76,3284.13,3346.01,62502415100
2024/11/20,sh.000001,3337.68,3375.25,3333.00,3367.99,56615428900
2024/11/21,sh.000001,3362.94,3378.52,3348.86,3370.40,53033183000
2024/11/22,sh.000001,3368.04,3372.00,3267.19,3267.19,63068779000
2024/11/25,sh.000001,3274.88,3285.46,3232.92,3263.76,53889739000
2024/11/26,sh.000001,3256.86,3285.33,3252.87,3259.76,47221930400
2024/11/27,sh.000001,3250.59,3309.88,3227.36,3309.78,51120230300
2024/11/28,sh.000001,3308.28,3319.26,3290.36,3295.70,51195304700
2024/11/29,sh.000001,3295.21,3357.50,3293.69,3326.46,58022710200
2024/12/2,sh.000001,3328.48,3369.30,3323.01,3363.98,66847776200
2024/12/3,sh.000001,3366.29,3386.62,3348.37,3378.81,66303013900
2024/12/4,sh.000001,3376.57,3388.02,3352.94,3364.65,62102886200
2024/12/5,sh.000001,3353.06,3377.06,3353.06,3368.86,54388574600
2024/12/6,sh.000001,3370.94,3418.26,3364.21,3404.08,69818657200
2024/12/9,sh.000001,3402.63,3426.65,3385.96,3402.53,69490520500
2024/12/10,sh.000001,3490.29,3494.87,3417.77,3422.66,79466803400
2024/12/11,sh.000001,3416.09,3437.81,3416.09,3432.49,68154461000
2024/12/12,sh.000001,3432.28,3464.12,3425.98,3461.50,70009668900
2024/12/13,sh.000001,3442.93,3442.93,3390.75,3391.88,77746414400
2024/12/16,sh.000001,3390.08,3401.93,3376.54,3386.33,62557899600
2024/12/17,sh.000001,3381.81,3396.21,3357.77,3361.49,56894150500
2024/12/18,sh.000001,3371.30,3396.46,3371.30,3382.21,51252497900
2024/12/19,sh.000001,3355.90,3377.53,3346.47,3370.03,51390906300
2024/12/20,sh.000001,3364.48,3390.62,3362.82,3368.07,49096462100
2024/12/23,sh.000001,3367.90,3384.99,3348.28,3351.26,55674724800
2024/12/24,sh.000001,3353.54,3394.90,3352.95,3393.53,47199267300
2024/12/25,sh.000001,3395.11,3406.21,3374.01,3393.35,47131559200
2024/12/26,sh.000001,3389.34,3401.10,3380.26,3398.08,42217727100
2024/12/27,sh.000001,3397.29,3418.95,3388.32,3400.14,50048813000
2024/12/30,sh.000001,3395.40,3412.84,3394.96,3407.33,45526238300
2024/12/31,sh.000001,3406.97,3413.45,3351.76,3351.76,50273106200
2025/1/2,sh.000001,3347.94,3351.72,3242.09,3262.56,56137519900
2025/1/3,sh.000001,3267.08,3273.57,3205.78,3211.43,51759201400
2025/1/6,sh.000001,3209.78,3219.49,3185.46,3206.92,43097840300
2025/1/7,sh.000001,3203.31,3230.85,3190.46,3229.64,40966052900
2025/1/8,sh.000001,3218.86,3246.29,3175.72,3230.17,47286439000
2025/1/9,sh.000001,3220.72,3228.97,3205.91,3211.39,38294355700
2025/1/10,sh.000001,3211.71,3220.11,3168.52,3168.52,40366334800
2025/1/13,sh.000001,3148.83,3172.70,3140.98,3160.76,37274202300
2025/1/14,sh.000001,3165.16,3245.22,3159.43,3240.94,46921270400
2025/1/15,sh.000001,3234.72,3245.90,3222.24,3227.12,40472319900
2025/1/16,sh.000001,3239.03,3265.28,3217.10,3236.03,43065553900
2025/1/17,sh.000001,3226.76,3256.51,3219.77,3241.82,38359926000
2025/1/20,sh.000001,3256.15,3268.26,3238.12,3244.38,40333794800
2025/1/21,sh.000001,3256.83,3258.61,3229.07,3242.62,38458371800
2025/1/22,sh.000001,3235.49,3235.50,3203.38,3213.62,36481751800
2025/1/23,sh.000001,3237.60,3273.52,3229.57,3230.16,45824680300
2025/1/24,sh.000001,3222.88,3260.01,3221.71,3252.63,39865303300
2025/1/27,sh.000001,3256.61,3274.39,3250.60,3250.60,38746764200
2025/2/5,sh.000001,3270.16,3271.02,3220.28,3229.49,40638818100
2025/2/6,sh.000001,3226.58,3271.43,3225.85,3270.66,46084273000
2025/2/7,sh.000001,3269.23,3324.43,3262.51,3303.67,60055845100
2025/2/10,sh.000001,3308.04,3325.36,3299.24,3322.17,54658974900
2025/2/11,sh.000001,3323.67,3324.17,3304.44,3318.06,51194354100
2025/2/12,sh.000001,3312.26,3346.39,3310.39,3346.39,51343782800
2025/2/13,sh.000001,3343.23,3359.18,3332.48,3332.48,56863116100
2025/2/14,sh.000001,3328.48,3349.08,3322.53,3346.72,53233296500
2025/2/17,sh.000001,3355.42,3357.12,3333.19,3355.83,58954656900
2025/2/18,sh.000001,3348.98,3366.01,3314.30,3324.49,56267924000
2025/2/19,sh.000001,3320.78,3352.09,3320.58,3351.54,50291296500
2025/2/20,sh.000001,3347.59,3355.56,3338.03,3350.78,50435711400
2025/2/21,sh.000001,3356.69,3381.06,3339.03,3379.11,60819020600
2025/2/24,sh.000001,3374.08,3384.81,3355.87,3373.03,59818820300
2025/2/25,sh.000001,3345.65,3369.56,3337.84,3346.04,52757856200
2025/2/26,sh.000001,3351.21,3380.21,3351.21,3380.21,55399203100
2025/2/27,sh.000001,3378.45,3388.78,3353.57,3388.06,57581502000
2025/2/28,sh.000001,3374.66,3383.19,3318.72,3320.90,56831950400
2025/3/3,sh.000001,3328.40,3349.02,3304.59,3316.93,50241786200
2025/3/4,sh.000001,3300.50,3327.82,3297.53,3324.21,42999611100
2025/3/5,sh.000001,3324.70,3342.71,3314.15,3341.96,46095269600
2025/3/6,sh.000001,3353.57,3387.05,3348.68,3381.10,53999270900
2025/3/7,sh.000001,3373.18,3390.94,3363.93,3372.55,51766355100
2025/3/10,sh.000001,3373.26,3375.80,3347.19,3366.16,45038083200
2025/3/11,sh.000001,3335.44,3379.83,3334.83,3379.83,44846832300
2025/3/12,sh.000001,3385.69,3392.41,3370.22,3371.92,50219510000
2025/3/13,sh.000001,3371.09,3377.12,3341.12,3358.73,51901347900
2025/3/14,sh.000001,3361.69,3421.23,3360.61,3419.56,58266338800
2025/3/17,sh.000001,3430.81,3436.35,3422.46,3426.13,51568513800
2025/3/18,sh.000001,3434.57,3437.07,3423.30,3429.76,45491606300
2025/3/19,sh.000001,3424.17,3439.05,3414.59,3426.43,44031629900
2025/3/20,sh.000001,3425.22,3427.05,3404.66,3408.95,45163068200
2025/3/21,sh.000001,3401.76,3414.71,3355.84,3364.83,52086263000
2025/3/24,sh.000001,3364.83,3373.69,3340.24,3370.03,51331026000
2025/3/25,sh.000001,3370.00,3379.99,3361.05,3369.98,45635739300
2025/3/26,sh.000001,3365.67,3382.34,3365.67,3368.70,42853377000
2025/3/27,sh.000001,3362.71,3394.03,3351.17,3373.75,41477631400
2025/3/28,sh.000001,3372.04,3375.05,3346.08,3351.31,41228428900
2025/3/31,sh.000001,3343.34,3361.74,3317.74,3335.75,47257197800
2025/4/1,sh.000001,3340.71,3357.62,3338.78,3348.44,42258867000
2025/4/2,sh.000001,3344.17,3361.13,3343.12,3350.13,35012736400
2025/4/3,sh.000001,3319.61,3358.43,3319.61,3342.01,40051782700
2025/4/7,sh.000001,3193.10,3217.78,3040.69,3096.58,66219958400
2025/4/8,sh.000001,3094.26,3145.55,3085.12,3145.55,66224238700
2025/4/9,sh.000001,3110.01,3186.81,3070.08,3186.81,68479717400
2025/4/10,sh.000001,3227.84,3239.94,3201.57,3223.64,59120827300
2025/4/11,sh.000001,3219.51,3249.85,3211.35,3238.23,47553180400
2025/4/14,sh.000001,3251.98,3272.72,3244.73,3262.81,47137322000
2025/4/15,sh.000001,3260.69,3268.98,3246.34,3267.66,39666289500
2025/4/16,sh.000001,3267.67,3276.00,3233.79,3276.00,42953485400
2025/4/17,sh.000001,3261.72,3285.92,3258.15,3280.34,38201269800
2025/4/18,sh.000001,3270.35,3283.09,3262.39,3276.73,35883619300
2025/4/21,sh.000001,3273.14,3298.64,3270.01,3291.43,37930758800
2025/4/22,sh.000001,3289.17,3311.15,3288.33,3299.76,40316761500
2025/4/23,sh.000001,3308.15,3312.19,3293.06,3296.36,41163321200
2025/4/24,sh.000001,3295.15,3313.51,3286.24,3297.29,39284474900
2025/4/25,sh.000001,3300.39,3305.26,3288.75,3295.06,41104319200
2025/4/28,sh.000001,3292.06,3296.93,3279.88,3288.41,41066586300
2025/4/29,sh.000001,3281.45,3294.98,3277.63,3286.65,38896167200
2025/4/30,sh.000001,3284.08,3292.20,3277.55,3279.03,43579433500
2025/5/6,sh.000001,3295.25,3316.45,3286.99,3316.11,47436961700
2025/5/7,sh.000001,3354.97,3356.69,3324.81,3342.67,51115960600
2025/5/8,sh.000001,3331.21,3359.73,3327.90,3352.00,42837776600
2025/5/9,sh.000001,3350.41,3351.22,3335.13,3342.00,39890919100
2025/5/12,sh.000001,3352.97,3372.47,3344.27,3369.24,41823991000
2025/5/13,sh.000001,3386.23,3386.23,3370.25,3374.87,42624070000
2025/5/14,sh.000001,3374.24,3417.31,3368.08,3403.95,46493444100
2025/5/15,sh.000001,3398.43,3402.87,3378.02,3380.82,42410091600
2025/5/16,sh.000001,3374.71,3380.29,3356.66,3367.46,39540103000
2025/5/19,sh.000001,3365.88,3373.60,3356.65,3367.58,40307480500
2025/5/20,sh.000001,3371.69,3387.80,3369.96,3380.48,40554453400
2025/5/21,sh.000001,3380.21,3394.75,3380.21,3387.57,41249616500
2025/5/22,sh.000001,3381.87,3390.59,3376.23,3380.19,39421720600
2025/5/23,sh.000001,3376.87,3389.47,3348.37,3348.37,40022700400
2025/5/26,sh.000001,3346.56,3362.31,3336.36,3346.84,34756210100
2025/5/27,sh.000001,3346.50,3351.57,3332.49,3340.69,34407115700
2025/5/28,sh.000001,3341.85,3348.23,3336.73,3339.93,34155544300
2025/5/29,sh.000001,3340.40,3368.63,3337.42,3363.45,39323380600
2025/5/30,sh.000001,3358.81,3361.28,3341.65,3347.49,38560217000
2025/6/3,sh.000001,3340.07,3367.00,3340.07,3361.98,39806077200
2025/6/4,sh.000001,3363.39,3379.64,3363.39,3376.20,38649464300
2025/6/5,sh.000001,3378.22,3387.76,3371.15,3384.10,40625209300
2025/6/6,sh.000001,3384.29,3391.45,3379.76,3385.36,38012288600
2025/6/9,sh.000001,3388.78,3402.05,3383.07,3399.77,42734794700
2025/6/10,sh.000001,3402.01,3406.45,3365.67,3384.82,48161856800
2025/6/11,sh.000001,3385.46,3413.51,3385.46,3402.32,42409031300
2025/6/12,sh.000001,3397.97,3408.20,3388.87,3402.66,40949061000
2025/6/13,sh.000001,3397.48,3401.55,3370.59,3377.00,51006522100
2025/6/16,sh.000001,3369.37,3389.76,3368.88,3388.73,40538327800
2025/6/17,sh.000001,3388.18,3393.31,3376.42,3387.40,39001244700
2025/6/18,sh.000001,3386.14,3391.71,3369.99,3388.81,37868489100
2025/6/19,sh.000001,3384.29,3386.92,3353.94,3362.11,41532765500
2025/6/20,sh.000001,3358.91,3370.80,3357.71,3359.90,35022366200
2025/6/23,sh.000001,3349.46,3389.45,3347.65,3381.58,38456139700
2025/6/24,sh.000001,3380.08,3423.78,3380.08,3420.57,46096380000
2025/6/25,sh.000001,3419.09,3459.01,3417.41,3455.97,50938406400
2025/6/26,sh.000001,3451.72,3462.75,3446.19,3448.45,49654107700
2025/6/27,sh.000001,3450.69,3462.63,3421.04,3424.23,52312943200
2025/6/30,sh.000001,3423.47,3447.46,3420.11,3444.43,45734804900
2025/7/1,sh.000001,3445.85,3459.59,3441.04,3457.75,44435673900
2025/7/2,sh.000001,3458.17,3461.33,3447.96,3454.79,49811677600
2025/7/3,sh.000001,3456.15,3463.62,3446.97,3461.15,43854346500
2025/7/4,sh.000001,3459.59,3497.22,3455.49,3472.32,50019521000
2025/7/7,sh.000001,3467.98,3474.80,3462.79,3473.13,43663134000
2025/7/8,sh.000001,3474.63,3499.89,3474.63,3497.48,49348477300
2025/7/9,sh.000001,3498.72,3512.67,3491.20,3493.05,52392008800
2025/7/10,sh.000001,3491.50,3526.59,3491.50,3509.68,56415980500
2025/7/11,sh.000001,3511.37,3555.22,3506.80,3510.18,66418524900
2025/7/14,sh.000001,3513.25,3532.12,3513.25,3519.65,57208470500
2025/7/15,sh.000001,3519.81,3527.04,3483.38,3505.00,57207472600
2025/7/16,sh.000001,3502.90,3511.81,3489.14,3503.78,47087857800
2025/7/17,sh.000001,3500.37,3517.28,3499.19,3516.83,47221105600
2025/7/18,sh.000001,3519.48,3536.01,3518.23,3534.48,49348408800
2025/7/21,sh.000001,3542.82,3560.63,3542.57,3559.79,63364973600
2025/7/22,sh.000001,3561.63,3584.72,3547.25,3581.86,71615523000
2025/7/23,sh.000001,3588.88,3613.02,3577.59,3582.30,76767238800
2025/7/24,sh.000001,3578.91,3608.73,3577.11,3605.73,77326583500
2025/7/25,sh.000001,3604.45,3610.03,3586.22,3593.66,69718954900
2025/7/28,sh.000001,3594.23,3606.27,3582.15,3597.94,59418787700
2025/7/29,sh.000001,3595.81,3611.35,3585.94,3609.71,61064205800
2025/7/30,sh.000001,3608.35,3636.17,3593.73,3615.72,63722191600
2025/7/31,sh.000001,3604.70,3606.37,3562.61,3573.21,65450934900
2025/8/1,sh.000001,3568.26,3581.75,3550.04,3559.95,50956308000
2025/8/4,sh.000001,3547.16,3583.31,3547.16,3583.31,45857361800
2025/8/5,sh.000001,3588.81,3617.60,3586.97,3617.60,49979778000
2025/8/6,sh.000001,3615.81,3634.31,3613.99,3633.99,51246727300
2025/8/7,sh.000001,3637.78,3645.12,3622.52,3639.67,53550120200
2025/8/8,sh.000001,3634.85,3645.37,3625.45,3635.13,52640757200
2025/8/11,sh.000001,3637.05,3656.85,3629.63,3647.55,55139334800
2025/8/12,sh.000001,3647.96,3669.04,3647.96,3665.92,53662373900
2025/8/13,sh.000001,3668.66,3688.63,3666.55,3683.46,61352888400
2025/8/14,sh.000001,3685.52,3704.77,3662.57,3666.44,64782958700
2025/8/15,sh.000001,3659.81,3702.26,3658.38,3696.77,67852170300
2025/8/18,sh.000001,3712.50,3745.94,3702.38,3728.03,77601666900
2025/8/19,sh.000001,3728.49,3746.67,3718.15,3727.29,69609975000
2025/8/20,sh.000001,3716.68,3767.43,3704.99,3766.21,67983642600
2025/8/21,sh.000001,3770.68,3787.98,3757.99,3771.10,69155295900
2025/8/22,sh.000001,3772.28,3825.76,3772.28,3825.76,69813627700
2025/8/25,sh.000001,3848.16,3883.56,3839.97,3883.56,88547480200
2025/8/26,sh.000001,3871.47,3888.60,3859.76,3868.38,73456530500
2025/8/27,sh.000001,3869.61,3887.20,3800.35,3800.35,85863349900
2025/8/28,sh.000001,3796.71,3845.09,3761.42,3843.60,78835194700
2025/8/29,sh.000001,3842.82,3867.61,3839.21,3857.93,73946236600
2025/9/1,sh.000001,3869.75,3879.05,3853.66,3875.53,74770953600
2025/9/2,sh.000001,3877.09,3885.31,3828.68,3858.13,76261883300
2025/9/3,sh.000001,3865.29,3868.39,3794.88,3813.56,64566851000
2025/9/4,sh.000001,3807.76,3808.40,3732.84,3765.88,71022793300
2025/9/5,sh.000001,3761.88,3817.16,3745.31,3812.51,62622338000
2025/9/8,sh.000001,3811.67,3833.14,3803.60,3826.84,66006689800
2025/9/9,sh.000001,3816.66,3834.67,3791.72,3807.29,60023938000
2025/9/10,sh.000001,3806.58,3827.00,3794.06,3812.22,53453982500
2025/9/11,sh.000001,3806.06,3875.31,3796.43,3875.31,61701293000
2025/9/12,sh.000001,3875.51,3892.74,3866.54,3870.60,70064178400
2025/9/15,sh.000001,3876.10,3879.74,3855.97,3860.50,64479394400
2025/9/16,sh.000001,3865.98,3876.69,3838.65,3861.87,67343972300
2025/9/17,sh.000001,3854.07,3882.67,3848.95,3876.34,66343471300
2025/9/18,sh.000001,3876.06,3899.96,3801.00,3831.66,87602738900
2025/9/19,sh.000001,3830.44,3843.17,3811.90,3820.09,68229261300
2025/9/22,sh.000001,3822.01,3831.74,3806.20,3828.58,56832568600
2025/9/23,sh.000001,3830.14,3838.61,3774.53,3821.83,70190286800
2025/9/24,sh.000001,3804.48,3854.92,3804.33,3853.64,60205667000
2025/9/25,sh.000001,3852.43,3866.11,3840.46,3853.30,58995053100
2025/9/26,sh.000001,3839.86,3856.61,3828.11,3828.11,55127533500
2025/9/29,sh.000001,3828.17,3881.00,3809.54,3862.53,60846639900
2025/9/30,sh.000001,3869.70,3887.57,3866.28,3882.78,56973463100
2025/10/9,sh.000001,3898.31,3936.58,3885.74,3933.97,72521850100
2025/10/10,sh.000001,3915.48,3933.01,3886.31,3897.03,71891767300
2025/10/13,sh.000001,3800.11,3895.83,3800.11,3889.50,70950610100
2025/10/14,sh.000001,3910.78,3918.44,3851.12,3865.23,80083963100
2025/10/15,sh.000001,3867.54,3912.29,3857.67,3912.21,64501295500
2025/10/16,sh.000001,3900.68,3931.05,3899.17,3916.23,59545149100
2025/10/17,sh.000001,3912.04,3921.06,3835.36,3839.76,61756301800
2025/10/20,sh.000001,3865.55,3877.72,3850.37,3863.89,54926171200
2025/10/21,sh.000001,3870.75,3919.32,3868.15,3916.33,59941571300
2025/10/22,sh.000001,3896.07,3918.59,3893.33,3913.76,54311734400
2025/10/23,sh.000001,3904.16,3926.22,3877.53,3922.41,56518926400
2025/10/24,sh.000001,3929.12,3950.31,3928.96,3950.31,56785844300
2025/10/27,sh.000001,3969.22,3999.07,3963.10,3996.94,63758954500
2025/10/28,sh.000001,3986.89,4010.73,3976.83,3988.22,57735768400
2025/10/29,sh.000001,3990.27,4016.33,3986.94,4016.33,61291746600
2025/10/30,sh.000001,4007.82,4025.70,3984.83,3986.90,66848560900
2025/10/31,sh.000001,3985.06,3986.74,3951.73,3954.79,67561540600
2025/11/3,sh.000001,3954.08,3977.31,3937.02,3976.52,64124594500
2025/11/4,sh.000001,3973.46,3985.88,3938.52,3960.19,61549379200
2025/11/5,sh.000001,3922.58,3979.75,3922.58,3969.25,61499161800
2025/11/6,sh.000001,3973.35,4008.80,3973.35,4007.76,62736754700
2025/11/7,sh.000001,3994.32,4012.01,3993.69,3997.56,59650703400
2025/11/10,sh.000001,4001.79,4018.70,3990.84,4018.60,63404999300
2025/11/11,sh.000001,4023.88,4024.94,3991.52,4002.76,58199492100
2025/11/12,sh.000001,3996.56,4020.38,3980.68,4000.14,58619322800
2025/11/13,sh.000001,3996.51,4030.40,3994.77,4029.50,61303106100
2025/11/14,sh.000001,4007.13,4034.08,3990.31,3990.49,62201711800
2025/11/17,sh.000001,3988.56,3992.40,3958.95,3972.03,59201795000
2025/11/18,sh.000001,3962.44,3966.89,3926.59,3939.81,59441104600
2025/11/19,sh.000001,3937.92,3960.05,3930.07,3946.74,53114960100
2025/11/20,sh.000001,3960.70,3967.97,3927.51,3931.05,53474954000
2025/11/21,sh.000001,3896.66,3912.01,3834.75,3834.89,63164625100
2025/11/24,sh.000001,3848.66,3854.33,3816.58,3836.77,50460171600
2025/11/25,sh.000001,3850.57,3882.03,3845.14,3870.02,47872761100
2025/11/26,sh.000001,3867.43,3879.92,3861.18,3864.18,45758975500
2025/11/27,sh.000001,3867.20,3895.59,3864.13,3875.26,44402194700
2025/11/28,sh.000001,3870.94,3888.89,3856.25,3888.60,44993197300
2025/12/1,sh.000001,3894.21,3914.46,3890.95,3914.01,53755413300
2025/12/2,sh.000001,3908.46,3908.77,3888.33,3897.71,45558449400
2025/12/3,sh.000001,3894.16,3901.70,3869.95,3878.00,48561727000
2025/12/4,sh.000001,3879.74,3888.86,3859.05,3875.79,44504029000
2025/12/5,sh.000001,3873.12,3907.78,3863.31,3902.81,50036876800
2025/12/8,sh.000001,3909.23,3936.31,3904.74,3924.08,54734978900
2025/12/9,sh.000001,3916.51,3923.90,3902.13,3909.52,52453825600
2025/12/10,sh.000001,3901.13,3906.12,3876.47,3900.50,49733150400
2025/12/11,sh.000001,3903.89,3904.96,3862.82,3873.32,52565860000
2025/12/12,sh.000001,3869.41,3891.81,3850.60,3889.35,57394713000
2025/12/15,sh.000001,3865.40,3896.98,3863.63,3867.92,50092279000
2025/12/16,sh.000001,3861.51,3862.43,3815.84,3824.81,51249482700
2025/12/17,sh.000001,3822.51,3881.75,3818.00,3870.28,51231369200
2025/12/18,sh.000001,3857.26,3888.29,3856.42,3876.37,46117262500
2025/12/19,sh.000001,3878.23,3902.67,3871.78,3890.45,51351189300
2025/12/22,sh.000001,3900.54,3920.01,3900.52,3917.36,52293899200
2025/12/23,sh.000001,3919.11,3937.13,3910.74,3919.98,52115695200
2025/12/24,sh.000001,3920.35,3947.04,3912.31,3940.95,47489644700
2025/12/25,sh.000001,3937.72,3964.07,3936.08,3959.62,46931309300
2025/12/26,sh.000001,3957.83,3977.71,3945.52,3963.68,55548959200
2025/12/29,sh.000001,3964.65,3983.98,3956.95,3965.28,56368719700
2025/12/30,sh.000001,3947.87,3979.99,3947.42,3965.12,52593258800
2025/12/31,sh.000001,3968.73,3977.54,3955.49,3968.84,49075149000
2026/1/5,sh.000001,3986.97,4025.26,3983.58,4023.42,59695045500
2026/1/6,sh.000001,4026.02,4083.67,4025.09,4083.67,70247227000
2026/1/7,sh.000001,4083.84,4098.78,4069.44,4085.77,68338435200
2026/1/8,sh.000001,4077.72,4093.87,4067.12,4082.98,66613133700
2026/1/9,sh.000001,4086.76,4121.72,4083.62,4120.43,72983798500
2026/1/12,sh.000001,4134.89,4168.36,4119.88,4165.29,83945608900
2026/1/13,sh.000001,4169.70,4179.70,4126.23,4138.76,86838271700
2026/1/14,sh.000001,4138.65,4190.87,4103.62,4126.09,95255128900
2026/1/15,sh.000001,4106.22,4133.07,4096.85,4112.60,68025079100
2026/1/16,sh.000001,4127.06,4140.23,4091.81,4101.91,76358846500
2026/1/19,sh.000001,4090.72,4126.52,4090.06,4114.00,68890587000
2026/1/20,sh.000001,4116.37,4128.93,4080.29,4113.65,73436249600
2026/1/21,sh.000001,4103.53,4135.96,4103.53,4116.94,66698950700
2026/1/22,sh.000001,4126.07,4140.84,4109.92,4122.58,70969540900
2026/1/23,sh.000001,4130.11,4143.75,4120.20,4136.16,78211545400
2026/1/26,sh.000001,4144.78,4160.99,4124.70,4132.61,88743973100
2026/1/27,sh.000001,4125.22,4158.80,4101.83,4139.90,75499086900
2026/1/28,sh.000001,4150.22,4170.15,4138.02,4151.24,82302674800
2026/1/29,sh.000001,4155.92,4170.21,4138.30,4157.98,90590837100
2026/1/30,sh.000001,4131.99,4152.85,4064.78,4117.95,80434274600
2026/2/2,sh.000001,4079.71,4103.41,4013.66,4015.75,73295369800
2026/2/3,sh.000001,4043.91,4069.42,4002.78,4067.74,63768424900
2026/2/4,sh.000001,4064.68,4104.62,4062.68,4102.20,67425424400
2026/2/5,sh.000001,4075.03,4088.90,4048.94,4075.92,59672223600
2026/2/6,sh.000001,4040.30,4095.03,4029.97,4065.58,55670980100
2026/2/9,sh.000001,4103.54,4123.16,4093.06,4123.09,57263258200
2026/2/10,sh.000001,4127.77,4134.34,4117.56,4128.37,52462096900
2026/2/11,sh.000001,4124.43,4142.56,4122.43,4131.99,50068527800
2026/2/12,sh.000001,4136.99,4140.59,4124.13,4134.02,52937011600
2026/2/13,sh.000001,4115.92,4123.84,4079.77,4082.07,50079947200
2026/2/24,sh.000001,4129.13,4131.55,4105.94,4117.41,56632224900
2026/2/25,sh.000001,4123.78,4167.84,4122.70,4147.23,72478721400
2026/2/26,sh.000001,4151.07,4152.19,4127.15,4146.63,65170282600
2026/2/27,sh.000001,4128.90,4166.23,4128.36,4162.88,68204764600
2026/3/2,sh.000001,4151.80,4188.77,4131.37,4182.59,86157921800
2026/3/3,sh.000001,4189.41,4197.23,4116.01,4122.68,92113917000
2026/3/4,sh.000001,4087.63,4106.04,4055.41,4082.47,76516953100
2026/3/5,sh.000001,4109.78,4125.62,4090.62,4108.57,68974653500
2026/3/6,sh.000001,4085.90,4129.46,4085.90,4124.19,64676576000
2026/3/9,sh.000001,4098.70,4106.53,4052.55,4096.60,79780355600
2026/3/10,sh.000001,4098.59,4123.96,4098.59,4123.14,67492219400
2026/3/11,sh.000001,4123.67,4135.84,4112.80,4133.43,70772716900
2026/3/12,sh.000001,4133.20,4141.65,4103.16,4129.10,78615118200
2026/3/13,sh.000001,4117.57,4134.08,4086.85,4095.45,79205476400
2026/3/16,sh.000001,4092.25,4096.13,4048.09,4084.79,73222709800
2026/3/17,sh.000001,4086.30,4108.40,4049.58,4049.91,67877122400
2026/3/18,sh.000001,4053.31,4065.37,4023.03,4062.98,62387310200
2026/3/19,sh.000001,4028.54,4042.02,3994.17,4006.55,66725542200
2026/3/20,sh.000001,4004.57,4022.70,3955.71,3957.05,66679838700
2026/3/23,sh.000001,3904.95,3906.62,3794.68,3813.28,80473885000
2026/3/24,sh.000001,3849.63,3881.42,3807.99,3881.28,68062203900
2026/3/25,sh.000001,3892.27,3933.06,3891.82,3931.84,68834362600
2026/3/26,sh.000001,3924.96,3937.10,3880.57,3889.08,61597398100
2026/3/27,sh.000001,3852.09,3924.11,3852.09,3913.72,56134296300
2026/3/30,sh.000001,3884.28,3924.29,3872.78,3923.29,59558947900
2026/3/31,sh.000001,3924.07,3948.81,3891.86,3891.86,60670498300
2026/4/1,sh.000001,3939.57,3955.94,3929.92,3948.55,56461159800
2026/4/2,sh.000001,3940.80,3952.58,3900.12,3919.29,54421283500
2026/4/3,sh.000001,3927.59,3929.53,3871.30,3880.10,49269908200
2026/4/7,sh.000001,3884.15,3902.61,3875.68,3890.16,47361507600
2026/4/8,sh.000001,3930.25,3995.00,3926.25,3995.00,64413535200
2026/4/9,sh.000001,3967.63,3979.13,3955.25,3966.17,54156980100
2026/4/10,sh.000001,3985.46,4011.02,3979.81,3986.22,54641554100
2026/4/13,sh.000001,3971.20,3991.26,3966.20,3988.56,54578176800
2026/4/14,sh.000001,4006.73,4026.63,3992.41,4026.63,57025900300
2026/4/15,sh.000001,4039.47,4050.62,4020.90,4027.21,56945858900
2026/4/16,sh.000001,4030.14,4057.83,4028.91,4055.55,54587696700
2026/4/17,sh.000001,4043.38,4058.60,4038.43,4051.43,54879140600
2026/4/20,sh.000001,4053.37,4083.19,4051.69,4082.13,58984137900
2026/4/21,sh.000001,4075.85,4086.64,4062.13,4085.08,57668945000
2026/4/22,sh.000001,4074.81,4106.84,4074.68,4106.26,58246634600
2026/4/23,sh.000001,4110.79,4114.84,4070.46,4093.25,67116609200
2026/4/24,sh.000001,4081.03,4092.61,4061.15,4079.90,60503179800
2026/4/27,sh.000001,4074.81,4092.83,4071.08,4086.34,58995086700
2026/4/28,sh.000001,4076.14,4090.20,4062.87,4078.64,60050749800
2026/4/29,sh.000001,4061.82,4112.15,4061.82,4107.51,61422145100
2026/4/30,sh.000001,4107.30,4118.76,4100.97,4112.16,65691272800
2026/5/6,sh.000001,4135.45,4166.15,4129.91,4160.17,70117748000
2026/5/7,sh.000001,4168.45,4180.21,4163.14,4180.09,68557424900
2026/5/8,sh.000001,4163.85,4183.06,4154.25,4179.95,69701909400
2026/5/11,sh.000001,4201.35,4229.58,4186.08,4225.02,76273628700
2026/5/12,sh.000001,4229.28,4230.18,4199.34,4214.49,71898400200
2026/5/13,sh.000001,4192.31,4245.07,4192.31,4242.57,70501873900
2026/5/14,sh.000001,4256.16,4258.86,4177.92,4177.92,76423500400
2026/5/15,sh.000001,4174.18,4191.81,4114.09,4135.39,73316235700
2026/5/18,sh.000001,4120.14,4145.66,4108.60,4131.53,62723313700
2026/5/19,sh.000001,4122.96,4170.29,4107.99,4169.54,61761106700
2026/5/20,sh.000001,4152.70,4169.85,4139.97,4162.18,62415203500
2026/5/21,sh.000001,4174.38,4199.53,4074.22,4077.28,72721870100
2026/5/22,sh.000001,4096.17,4120.09,4067.75,4112.90,58945964400
2026/5/25,sh.000001,4126.34,4153.88,4119.80,4152.57,61593086100
2026/5/26,sh.000001,4137.32,4150.29,4104.46,4145.37,65477775600
2026/5/27,sh.000001,4138.81,4153.56,4077.62,4093.73,66046739900
2026/5/28,sh.000001,4080.30,4110.78,4055.83,4098.64,62117995000
2026/5/29,sh.000001,4110.52,4112.96,4055.89,4068.57,73159771000
2026/6/1,sh.000001,4067.16,4093.04,4045.69,4057.74,67602580600
2026/6/2,sh.000001,4061.46,4089.57,4032.58,4075.10,64224465600
2026/6/3,sh.000001,4068.34,4107.05,4059.91,4083.97,66845258300
2026/6/4,sh.000001,4053.67,4080.72,4043.43,4057.78,62119477400
2026/6/5,sh.000001,4044.83,4078.93,4015.06,4027.74,66291857700
