date,code,open,high,low,close,volume
2004/3/10,600035.sh,1.68,1.71,1.54,1.66,151209420
2004/3/11,600035.sh,1.63,1.69,1.62,1.64,75850124
2004/3/12,600035.sh,1.64,1.66,1.60,1.60,47255575
2004/3/15,600035.sh,1.60,1.67,1.60,1.64,47357323
2004/3/16,600035.sh,1.65,1.80,1.64,1.73,75265017
2004/3/17,600035.sh,1.73,1.78,1.71,1.74,41160285
2004/3/18,600035.sh,1.74,1.74,1.70,1.70,28203966
2004/3/19,600035.sh,1.70,1.74,1.69,1.73,16940712
2004/3/22,600035.sh,1.79,1.81,1.75,1.78,43342551
2004/3/23,600035.sh,1.78,1.78,1.74,1.77,15561967
2004/3/24,600035.sh,1.77,1.79,1.73,1.74,14643830
2004/3/25,600035.sh,1.74,1.75,1.72,1.74,11019908
2004/3/26,600035.sh,1.74,1.75,1.71,1.72,9797099
2004/3/29,600035.sh,1.72,1.72,1.68,1.68,12989482
2004/3/30,600035.sh,1.68,1.71,1.68,1.71,7437268
2004/3/31,600035.sh,1.72,1.72,1.69,1.70,7224694
2004/4/1,600035.sh,1.70,1.72,1.69,1.71,8471210
2004/4/2,600035.sh,1.71,1.73,1.70,1.71,8312719
2004/4/5,600035.sh,1.71,1.72,1.68,1.69,10973351
2004/4/6,600035.sh,1.69,1.73,1.67,1.73,16667194
2004/4/7,600035.sh,1.73,1.75,1.70,1.71,10729018
2004/4/8,600035.sh,1.71,1.73,1.69,1.69,8162853
2004/4/9,600035.sh,1.69,1.70,1.66,1.67,9655236
2004/4/12,600035.sh,1.66,1.70,1.65,1.68,5706053
2004/4/13,600035.sh,1.67,1.69,1.66,1.66,5646090
2004/4/14,600035.sh,1.66,1.67,1.62,1.63,7467952
2004/4/15,600035.sh,1.63,1.65,1.60,1.60,6177382
2004/4/16,600035.sh,1.60,1.63,1.55,1.60,6386399
2004/4/19,600035.sh,1.60,1.62,1.59,1.60,3618592
2004/4/20,600035.sh,1.59,1.62,1.57,1.62,4139601
2004/4/21,600035.sh,1.62,1.63,1.60,1.61,3982045
2004/4/22,600035.sh,1.61,1.64,1.60,1.64,3461595
2004/4/23,600035.sh,1.64,1.65,1.62,1.62,4998287
2004/4/26,600035.sh,1.62,1.65,1.59,1.61,3066587
2004/4/27,600035.sh,1.60,1.63,1.58,1.58,3757930
2004/4/28,600035.sh,1.58,1.61,1.57,1.58,3612820
2004/4/29,600035.sh,1.59,1.59,1.56,1.57,3282299
2004/4/30,600035.sh,1.55,1.59,1.55,1.58,1989892
2004/5/10,600035.sh,1.58,1.58,1.58,1.58,INVALID
2004/5/11,600035.sh,1.55,1.55,1.48,1.51,5112230
2004/5/12,600035.sh,1.51,1.55,1.49,1.55,3884092
2004/5/13,600035.sh,1.54,1.55,1.52,1.52,2401648
2004/5/14,600035.sh,1.52,1.53,1.49,1.50,2340872
2004/5/17,600035.sh,1.48,1.51,1.48,1.50,1763993
2004/5/18,600035.sh,1.49,1.55,1.49,1.54,2581896
2004/5/19,600035.sh,1.53,1.54,1.51,1.51,2834589
2004/5/20,600035.sh,1.50,1.52,1.50,1.50,1430585
2004/5/21,600035.sh,1.50,1.52,1.50,1.51,1411067
2004/5/24,600035.sh,1.52,1.52,1.50,1.50,1045587
2004/5/25,600035.sh,1.50,1.50,1.43,1.43,2894985
2004/5/26,600035.sh,1.43,1.43,1.38,1.40,2763614
2004/5/27,600035.sh,1.40,1.44,1.38,1.42,3567452
2004/5/28,600035.sh,1.44,1.44,1.40,1.41,1637074
2004/5/31,600035.sh,1.40,1.41,1.39,1.41,1667809
2004/6/1,600035.sh,1.40,1.47,1.40,1.46,5384272
2004/6/2,600035.sh,1.45,1.48,1.44,1.45,3956501
2004/6/3,600035.sh,1.44,1.45,1.40,1.41,3446631
2004/6/4,600035.sh,1.40,1.45,1.40,1.42,2420646
2004/6/7,600035.sh,1.43,1.43,1.41,1.41,1799889
2004/6/8,600035.sh,1.42,1.42,1.38,1.39,2067154
2004/6/9,600035.sh,1.39,1.40,1.37,1.38,2101990
2004/6/10,600035.sh,1.36,1.39,1.34,1.36,2348403
2004/6/11,600035.sh,1.36,1.41,1.36,1.36,2040227
2004/6/14,600035.sh,1.36,1.36,1.30,1.30,3347387
2004/6/15,600035.sh,1.30,1.33,1.29,1.33,3371440
2004/6/16,600035.sh,1.33,1.36,1.31,1.36,9643447
2004/6/17,600035.sh,1.37,1.38,1.34,1.34,7740297
2004/6/18,600035.sh,1.33,1.35,1.31,1.33,2502508
2004/6/21,600035.sh,1.33,1.36,1.32,1.36,1898775
2004/6/22,600035.sh,1.36,1.39,1.35,1.37,4632941
2004/6/23,600035.sh,1.37,1.38,1.34,1.38,2718542
2004/6/24,600035.sh,1.38,1.39,1.36,1.37,3326408
2004/6/25,600035.sh,1.37,1.39,1.33,1.33,2983671
2004/6/28,600035.sh,1.33,1.38,1.32,1.36,3317305
2004/6/29,600035.sh,1.36,1.39,1.35,1.39,4997099
2004/6/30,600035.sh,1.40,1.41,1.38,1.38,6356120
2004/7/1,600035.sh,1.37,1.42,1.37,1.42,5470584
2004/7/2,600035.sh,1.42,1.44,1.40,1.42,4794005
2004/7/5,600035.sh,1.42,1.42,1.40,1.42,2047199
2004/7/6,600035.sh,1.42,1.43,1.39,1.40,3297033
2004/7/7,600035.sh,1.40,1.40,1.38,1.38,2186600
2004/7/8,600035.sh,1.38,1.41,1.38,1.40,1784100
2004/7/9,600035.sh,1.40,1.41,1.38,1.38,1477488
2004/7/12,600035.sh,1.38,1.38,1.32,1.33,3449081
2004/7/13,600035.sh,1.33,1.36,1.32,1.35,2252732
2004/7/14,600035.sh,1.36,1.36,1.33,1.36,2049116
2004/7/15,600035.sh,1.36,1.38,1.35,1.37,2390805
2004/7/16,600035.sh,1.38,1.42,1.37,1.41,4901317
2004/7/19,600035.sh,1.41,1.43,1.40,1.41,2728170
2004/7/20,600035.sh,1.41,1.41,1.38,1.39,2737572
2004/7/21,600035.sh,1.39,1.41,1.38,1.40,1795188
2004/7/22,600035.sh,1.40,1.41,1.35,1.36,2504208
2004/7/23,600035.sh,1.35,1.37,1.34,1.37,2481440
2004/7/26,600035.sh,1.36,1.37,1.34,1.35,1655787
2004/7/27,600035.sh,1.35,1.36,1.34,1.35,2587249
2004/7/28,600035.sh,1.36,1.37,1.34,1.36,1520311
2004/7/29,600035.sh,1.36,1.38,1.35,1.38,1648929
2004/7/30,600035.sh,1.39,1.39,1.35,1.35,1233441
2004/8/2,600035.sh,1.35,1.35,1.32,1.33,1812341
2004/8/3,600035.sh,1.33,1.34,1.32,1.33,828200
2004/8/4,600035.sh,1.33,1.37,1.32,1.35,2097555
2004/8/5,600035.sh,1.35,1.36,1.33,1.33,1252519
2004/8/6,600035.sh,1.32,1.35,1.32,1.33,1122406
2004/8/9,600035.sh,1.33,1.34,1.32,1.33,723230
2004/8/10,600035.sh,1.33,1.34,1.32,1.33,883840
2004/8/11,600035.sh,1.34,1.34,1.30,1.30,1982133
2004/8/12,600035.sh,1.30,1.30,1.27,1.28,2300781
2004/8/13,600035.sh,1.27,1.28,1.17,1.19,7097806
2004/8/16,600035.sh,1.19,1.20,1.17,1.17,2346650
2004/8/17,600035.sh,1.16,1.18,1.15,1.17,2737818
2004/8/18,600035.sh,1.17,1.18,1.16,1.17,1245641
2004/8/19,600035.sh,1.18,1.18,1.11,1.13,2728571
2004/8/20,600035.sh,1.13,1.16,1.12,1.16,2429463
2004/8/23,600035.sh,1.16,1.19,1.15,1.18,4897988
2004/8/24,600035.sh,1.18,1.23,1.18,1.22,6335296
2004/8/25,600035.sh,1.22,1.22,1.20,1.22,2554201
2004/8/26,600035.sh,1.22,1.22,1.18,1.19,3124300
2004/8/27,600035.sh,1.19,1.20,1.17,1.19,1743971
2004/8/30,600035.sh,1.18,1.19,1.16,1.19,820762
2004/8/31,600035.sh,1.22,1.24,1.20,1.22,5474000
2004/9/1,600035.sh,1.22,1.22,1.20,1.20,1652156
2004/9/2,600035.sh,1.20,1.22,1.17,1.21,2296957
2004/9/3,600035.sh,1.21,1.22,1.20,1.20,1352052
2004/9/6,600035.sh,1.19,1.20,1.18,1.19,930885
2004/9/7,600035.sh,1.19,1.20,1.13,1.16,3690417
2004/9/8,600035.sh,1.16,1.16,1.14,1.14,2051468
2004/9/9,600035.sh,1.14,1.14,1.12,1.13,2092542
2004/9/10,600035.sh,1.13,1.14,1.12,1.14,1275633
2004/9/13,600035.sh,1.14,1.14,1.14,1.14,INVALID
2004/9/14,600035.sh,1.13,1.16,1.12,1.16,3152636
2004/9/15,600035.sh,1.16,1.23,1.16,1.22,8809334
2004/9/16,600035.sh,1.22,1.22,1.19,1.22,6561478
2004/9/17,600035.sh,1.22,1.26,1.20,1.26,9828367
2004/9/20,600035.sh,1.29,1.32,1.27,1.32,16334199
2004/9/21,600035.sh,1.32,1.32,1.27,1.29,7621399
2004/9/22,600035.sh,1.28,1.29,1.25,1.25,6308740
2004/9/23,600035.sh,1.24,1.30,1.24,1.29,4258390
2004/9/24,600035.sh,1.30,1.32,1.24,1.24,8448696
2004/9/27,600035.sh,1.24,1.27,1.20,1.22,3814112
2004/9/28,600035.sh,1.22,1.23,1.20,1.22,2064411
2004/9/29,600035.sh,1.23,1.25,1.21,1.22,1943469
2004/9/30,600035.sh,1.22,1.23,1.20,1.20,1655115
2004/10/8,600035.sh,1.21,1.23,1.18,1.22,1665138
2004/10/11,600035.sh,1.22,1.25,1.20,1.22,3457037
2004/10/12,600035.sh,1.22,1.22,1.17,1.17,3181175
2004/10/13,600035.sh,1.17,1.19,1.16,1.18,1809569
2004/10/14,600035.sh,1.17,1.19,1.13,1.13,2717375
2004/10/15,600035.sh,1.13,1.15,1.12,1.14,1839021
2004/10/18,600035.sh,1.14,1.16,1.13,1.14,915240
2004/10/19,600035.sh,1.14,1.17,1.14,1.14,1397042
2004/10/20,600035.sh,1.14,1.14,1.09,1.11,2835138
2004/10/21,600035.sh,1.11,1.12,1.09,1.10,2650709
2004/10/22,600035.sh,1.10,1.10,1.01,1.06,5361057
2004/10/25,600035.sh,1.07,1.10,1.07,1.08,3115050
2004/10/26,600035.sh,1.09,1.12,1.08,1.12,3517248
2004/10/27,600035.sh,1.12,1.16,1.10,1.16,4583269
2004/10/28,600035.sh,1.16,1.16,1.12,1.13,3619708
2004/10/29,600035.sh,1.10,1.14,1.08,1.13,2546094
2004/11/1,600035.sh,1.11,1.14,1.09,1.10,1613870
2004/11/2,600035.sh,1.09,1.11,1.09,1.10,1371136
2004/11/3,600035.sh,1.10,1.15,1.10,1.15,3552710
2004/11/4,600035.sh,1.16,1.18,1.13,1.14,5947803
2004/11/5,600035.sh,1.14,1.16,1.13,1.14,1562425
2004/11/8,600035.sh,1.14,1.15,1.13,1.13,961770
2004/11/9,600035.sh,1.13,1.14,1.12,1.14,1074744
2004/11/10,600035.sh,1.16,1.18,1.15,1.18,5592682
2004/11/11,600035.sh,1.17,1.19,1.16,1.17,6704620
2004/11/12,600035.sh,1.17,1.17,1.15,1.17,2948488
2004/11/15,600035.sh,1.17,1.19,1.17,1.18,2047488
2004/11/16,600035.sh,1.18,1.19,1.16,1.16,1567452
2004/11/17,600035.sh,1.17,1.17,1.13,1.14,2267632
2004/11/18,600035.sh,1.14,1.16,1.14,1.16,1884641
2004/11/19,600035.sh,1.16,1.16,1.15,1.16,2059186
2004/11/22,600035.sh,1.16,1.18,1.16,1.17,2471979
2004/11/23,600035.sh,1.17,1.18,1.15,1.16,1711521
2004/11/24,600035.sh,1.16,1.16,1.15,1.15,1810962
2004/11/25,600035.sh,1.15,1.17,1.15,1.17,1660975
2004/11/26,600035.sh,1.17,1.17,1.16,1.17,1557577
2004/11/29,600035.sh,1.17,1.17,1.14,1.14,1361600
2004/11/30,600035.sh,1.14,1.14,1.13,1.13,1463600
2004/12/1,600035.sh,1.13,1.14,1.11,1.12,1453550
2004/12/2,600035.sh,1.12,1.13,1.10,1.13,1407196
2004/12/3,600035.sh,1.12,1.13,1.10,1.11,2091985
2004/12/6,600035.sh,1.11,1.12,1.10,1.11,1534992
2004/12/7,600035.sh,1.11,1.11,1.10,1.10,1271009
2004/12/8,600035.sh,1.11,1.12,1.10,1.11,828541
2004/12/9,600035.sh,1.11,1.14,1.10,1.11,1608500
2004/12/10,600035.sh,1.11,1.12,1.10,1.11,1157974
2004/12/13,600035.sh,1.11,1.11,1.08,1.09,1355300
2004/12/14,600035.sh,1.09,1.11,1.09,1.10,1080949
2004/12/15,600035.sh,1.10,1.12,1.09,1.11,1294350
2004/12/16,600035.sh,1.11,1.13,1.11,1.12,1232699
2004/12/17,600035.sh,1.12,1.13,1.09,1.10,1240249
2004/12/20,600035.sh,1.09,1.09,1.07,1.08,2047933
2004/12/21,600035.sh,1.08,1.09,1.07,1.08,1205649
2004/12/22,600035.sh,1.08,1.11,1.08,1.11,977048
2004/12/23,600035.sh,1.11,1.12,1.08,1.09,1168447
2004/12/24,600035.sh,1.08,1.10,1.08,1.10,578284
2004/12/27,600035.sh,1.10,1.11,1.09,1.10,937258
2004/12/28,600035.sh,1.11,1.12,1.10,1.12,1772310
2004/12/29,600035.sh,1.11,1.12,1.10,1.10,1112988
2004/12/30,600035.sh,1.10,1.11,1.09,1.10,839050
2004/12/31,600035.sh,1.10,1.11,1.09,1.09,713709
2005/1/4,600035.sh,1.09,1.09,1.08,1.08,716481
2005/1/5,600035.sh,1.09,1.10,1.07,1.10,839778
2005/1/6,600035.sh,1.10,1.11,1.10,1.10,631487
2005/1/7,600035.sh,1.10,1.11,1.09,1.09,688228
2005/1/10,600035.sh,1.09,1.10,1.08,1.10,654741
2005/1/11,600035.sh,1.10,1.13,1.10,1.12,2205428
2005/1/12,600035.sh,1.12,1.12,1.11,1.12,839103
2005/1/13,600035.sh,1.12,1.12,1.11,1.11,662329
2005/1/14,600035.sh,1.11,1.12,1.10,1.10,565800
2005/1/17,600035.sh,1.09,1.09,1.06,1.06,1922511
2005/1/18,600035.sh,1.06,1.07,1.05,1.07,1027302
2005/1/19,600035.sh,1.07,1.07,1.05,1.06,778407
2005/1/20,600035.sh,1.05,1.06,1.04,1.04,1070299
2005/1/21,600035.sh,1.04,1.08,1.03,1.07,1518782
2005/1/24,600035.sh,1.09,1.11,1.08,1.10,2218589
2005/1/25,600035.sh,1.10,1.11,1.08,1.11,2634322
2005/1/26,600035.sh,1.10,1.11,1.09,1.09,1214123
2005/1/27,600035.sh,1.09,1.10,1.07,1.07,1008200
2005/1/28,600035.sh,1.07,1.07,1.05,1.06,710872
2005/1/31,600035.sh,1.05,1.05,1.04,1.04,947329
2005/2/1,600035.sh,1.03,1.05,1.03,1.04,1099752
2005/2/2,600035.sh,1.04,1.09,1.04,1.08,1973831
2005/2/3,600035.sh,1.08,1.10,1.06,1.06,1469776
2005/2/4,600035.sh,1.06,1.09,1.05,1.08,1799312
2005/2/16,600035.sh,1.10,1.11,1.08,1.10,2176190
2005/2/17,600035.sh,1.10,1.10,1.08,1.09,1056076
2005/2/18,600035.sh,1.09,1.09,1.08,1.08,891608
2005/2/21,600035.sh,1.08,1.10,1.08,1.10,1343526
2005/2/22,600035.sh,1.10,1.12,1.10,1.11,3610145
2005/2/23,600035.sh,1.12,1.12,1.11,1.11,2634479
2005/2/24,600035.sh,1.11,1.11,1.10,1.11,2076232
2005/2/25,600035.sh,1.11,1.13,1.10,1.11,2965100
2005/2/28,600035.sh,1.11,1.12,1.09,1.10,1598057
2005/3/1,600035.sh,1.10,1.10,1.09,1.10,1404119
2005/3/2,600035.sh,1.09,1.13,1.09,1.13,4361878
2005/3/3,600035.sh,1.12,1.15,1.11,1.14,7193170
2005/3/4,600035.sh,1.14,1.14,1.12,1.13,3016923
2005/3/7,600035.sh,1.13,1.17,1.13,1.16,5692149
2005/3/8,600035.sh,1.16,1.17,1.15,1.17,4491428
2005/3/9,600035.sh,1.17,1.18,1.15,1.17,4342962
2005/3/10,600035.sh,1.16,1.16,1.11,1.12,4088990
2005/3/11,600035.sh,1.12,1.16,1.11,1.16,4121870
2005/3/14,600035.sh,1.16,1.20,1.14,1.19,7970878
2005/3/15,600035.sh,1.19,1.22,1.17,1.17,6889316
2005/3/16,600035.sh,1.17,1.19,1.15,1.17,3738995
2005/3/17,600035.sh,1.17,1.21,1.16,1.19,5047523
2005/3/18,600035.sh,1.19,1.20,1.14,1.16,5278176
2005/3/21,600035.sh,1.16,1.17,1.12,1.17,3297090
2005/3/22,600035.sh,1.17,1.21,1.14,1.19,7979053
2005/3/23,600035.sh,1.19,1.23,1.18,1.19,8449076
2005/3/24,600035.sh,1.18,1.19,1.16,1.19,3841833
2005/3/25,600035.sh,1.19,1.20,1.15,1.16,3994825
2005/3/28,600035.sh,1.16,1.17,1.16,1.17,3008555
2005/3/29,600035.sh,1.17,1.19,1.16,1.16,2857094
2005/3/30,600035.sh,1.16,1.16,1.10,1.10,6223437
2005/3/31,600035.sh,1.09,1.09,1.05,1.08,3877509
2005/4/1,600035.sh,1.08,1.15,1.06,1.14,4405622
2005/4/4,600035.sh,1.12,1.13,1.10,1.10,2359869
2005/4/5,600035.sh,1.10,1.12,1.10,1.10,1566147
2005/4/6,600035.sh,1.10,1.13,1.08,1.13,2750424
2005/4/7,600035.sh,1.13,1.16,1.11,1.13,5105726
2005/4/8,600035.sh,1.13,1.14,1.12,1.14,2332070
2005/4/11,600035.sh,1.14,1.14,1.12,1.13,2013200
2005/4/12,600035.sh,1.13,1.13,1.10,1.10,1614542
2005/4/13,600035.sh,1.10,1.14,1.10,1.11,2590573
2005/4/14,600035.sh,1.11,1.12,1.09,1.10,2706295
2005/4/15,600035.sh,1.09,1.11,1.09,1.10,1433676
2005/4/18,600035.sh,1.09,1.11,1.07,1.11,1554631
2005/4/19,600035.sh,1.11,1.12,1.10,1.12,1364641
2005/4/20,600035.sh,1.13,1.13,1.09,1.10,1134226
2005/4/21,600035.sh,1.09,1.13,1.09,1.12,2601658
2005/4/22,600035.sh,1.12,1.14,1.12,1.13,3011461
2005/4/25,600035.sh,1.13,1.15,1.12,1.15,3777881
2005/4/26,600035.sh,1.15,1.15,1.13,1.14,4487922
2005/4/27,600035.sh,1.14,1.14,1.09,1.10,3652184
2005/4/28,600035.sh,1.06,1.13,1.05,1.11,2888299
2005/4/29,600035.sh,1.11,1.11,1.09,1.09,2002300
2005/5/9,600035.sh,1.09,1.09,1.09,1.09,INVALID
2005/5/10,600035.sh,1.07,1.07,0.98,1.05,5593798
2005/5/11,600035.sh,1.04,1.04,0.96,0.96,2389600
2005/5/12,600035.sh,0.95,0.95,0.90,0.92,4048295
2005/5/13,600035.sh,0.91,0.94,0.91,0.93,2086785
2005/5/16,600035.sh,0.92,0.92,0.91,0.92,1072350
2005/5/17,600035.sh,0.91,0.94,0.91,0.93,1494941
2005/5/18,600035.sh,0.93,0.94,0.92,0.94,992091
2005/5/19,600035.sh,0.94,0.94,0.92,0.94,1141322
2005/5/20,600035.sh,0.94,0.94,0.93,0.94,1002319
2005/5/23,600035.sh,0.93,0.93,0.86,0.86,4024972
2005/5/24,600035.sh,0.87,0.90,0.87,0.89,2503884
2005/5/25,600035.sh,0.89,0.90,0.88,0.89,1330699
2005/5/26,600035.sh,0.89,0.90,0.87,0.88,2375733
2005/5/27,600035.sh,0.87,0.88,0.86,0.87,1116241
2005/5/30,600035.sh,0.87,0.87,0.87,0.87,INVALID
2005/5/31,600035.sh,0.89,0.89,0.88,0.88,1304609
2005/6/1,600035.sh,0.88,0.88,0.86,0.86,993801
2005/6/2,600035.sh,0.85,0.86,0.83,0.84,1890908
2005/6/3,600035.sh,0.84,0.85,0.83,0.84,1005240
2005/6/6,600035.sh,0.84,0.86,0.83,0.86,1468992
2005/6/7,600035.sh,0.86,0.88,0.85,0.86,2404546
2005/6/8,600035.sh,0.86,0.93,0.86,0.92,6692152
2005/6/9,600035.sh,0.92,0.93,0.90,0.92,4967446
2005/6/10,600035.sh,0.92,0.92,0.88,0.88,3271617
2005/6/13,600035.sh,0.88,0.89,0.86,0.89,2254240
2005/6/14,600035.sh,0.89,0.89,0.87,0.87,2045419
2005/6/15,600035.sh,0.87,0.87,0.85,0.85,1905118
2005/6/16,600035.sh,0.86,0.87,0.85,0.87,886669
2005/6/17,600035.sh,0.87,0.88,0.85,0.86,1522667
2005/6/20,600035.sh,0.86,0.90,0.85,0.89,3690647
2005/6/21,600035.sh,0.89,0.90,0.87,0.88,1455962
2005/6/22,600035.sh,0.87,0.88,0.86,0.88,1650192
2005/6/23,600035.sh,0.88,0.88,0.86,0.86,1839635
2005/6/24,600035.sh,0.86,0.87,0.85,0.87,1746932
2005/6/27,600035.sh,0.87,0.90,0.87,0.89,4570060
2005/6/28,600035.sh,0.89,0.89,0.87,0.87,1356443
2005/6/29,600035.sh,0.87,0.88,0.86,0.86,1474624
2005/6/30,600035.sh,0.86,0.86,0.85,0.85,1616084
2005/7/1,600035.sh,0.85,0.85,0.76,0.78,5589659
2005/7/4,600035.sh,0.77,0.77,0.74,0.76,2829653
2005/7/5,600035.sh,0.76,0.76,0.74,0.75,1594450
2005/7/6,600035.sh,0.75,0.78,0.75,0.76,2058287
2005/7/7,600035.sh,0.77,0.78,0.76,0.77,1330639
2005/7/8,600035.sh,0.76,0.76,0.74,0.74,1737300
2005/7/11,600035.sh,0.75,0.76,0.72,0.73,1393835
2005/7/12,600035.sh,0.73,0.76,0.73,0.76,2289549
2005/7/13,600035.sh,0.75,0.76,0.75,0.75,1192129
2005/7/14,600035.sh,0.75,0.76,0.75,0.76,1379011
2005/7/15,600035.sh,0.76,0.76,0.73,0.74,1106300
2005/7/18,600035.sh,0.73,0.73,0.68,0.69,2967561
2005/7/19,600035.sh,0.69,0.71,0.69,0.70,1449969
2005/7/20,600035.sh,0.70,0.72,0.70,0.71,1697644
2005/7/21,600035.sh,0.71,0.71,0.69,0.70,1009421
2005/7/22,600035.sh,0.72,0.75,0.71,0.73,4158997
2005/7/25,600035.sh,0.73,0.76,0.73,0.75,4381151
2005/7/26,600035.sh,0.75,0.77,0.75,0.76,4185774
2005/7/27,600035.sh,0.76,0.77,0.75,0.77,4083917
2005/7/28,600035.sh,0.78,0.83,0.77,0.83,18647687
2005/7/29,600035.sh,0.83,0.83,0.81,0.83,6824077
2005/8/1,600035.sh,0.83,0.85,0.82,0.84,4461649
2005/8/2,600035.sh,0.85,0.85,0.82,0.84,5435253
2005/8/3,600035.sh,0.83,0.86,0.83,0.84,7514587
2005/8/4,600035.sh,0.83,0.84,0.82,0.84,4286098
2005/8/5,600035.sh,0.84,0.87,0.83,0.87,5080906
2005/8/8,600035.sh,0.87,0.89,0.87,0.88,5370182
2005/8/9,600035.sh,0.87,0.88,0.85,0.88,3403120
2005/8/10,600035.sh,0.88,0.90,0.85,0.88,2496558
2005/8/11,600035.sh,0.89,0.91,0.87,0.90,7195969
2005/8/12,600035.sh,0.90,0.90,0.86,0.87,4374524
2005/8/15,600035.sh,0.87,0.89,0.86,0.88,2544610
2005/8/16,600035.sh,0.88,0.89,0.85,0.86,3526342
2005/8/17,600035.sh,0.85,0.86,0.84,0.86,3070853
2005/8/18,600035.sh,0.86,0.87,0.83,0.83,3660168
2005/8/19,600035.sh,0.83,0.84,0.82,0.83,2622850
2005/8/22,600035.sh,0.83,0.86,0.82,0.85,1537441
2005/8/23,600035.sh,0.83,0.85,0.83,0.84,1269159
2005/8/24,600035.sh,0.84,0.85,0.84,0.85,1829028
2005/8/25,600035.sh,0.86,0.86,0.84,0.85,1592940
2005/8/26,600035.sh,0.85,0.86,0.84,0.86,2201048
2005/8/29,600035.sh,0.86,0.86,0.85,0.85,1666299
2005/8/30,600035.sh,0.85,0.86,0.84,0.85,1210123
2005/8/31,600035.sh,0.85,0.94,0.85,0.93,18543666
2005/9/1,600035.sh,0.93,0.95,0.91,0.94,9851789
2005/9/2,600035.sh,0.94,0.99,0.93,0.96,14938467
2005/9/5,600035.sh,0.95,0.98,0.94,0.95,3805889
2005/9/6,600035.sh,0.96,0.99,0.94,0.96,9288085
2005/9/7,600035.sh,0.95,1.01,0.95,1.01,9059526
2005/9/8,600035.sh,1.01,1.03,0.99,0.99,6905107
2005/9/9,600035.sh,0.99,1.00,0.96,0.99,3190375
2005/9/12,600035.sh,0.99,1.02,0.98,1.02,3855858
2005/9/13,600035.sh,1.02,1.04,1.01,1.03,6180477
2005/9/14,600035.sh,1.03,1.04,1.01,1.03,4277891
2005/9/15,600035.sh,1.03,1.04,1.00,1.01,5495908
2005/9/16,600035.sh,1.01,1.01,0.99,1.00,3019033
2005/9/19,600035.sh,0.99,1.01,0.99,1.01,2273479
2005/9/20,600035.sh,1.01,1.01,0.98,0.99,2172014
2005/9/21,600035.sh,0.99,0.99,0.97,0.98,2876719
2005/9/22,600035.sh,0.98,0.98,0.93,0.96,4165063
2005/9/23,600035.sh,0.93,0.97,0.93,0.95,1678244
2005/9/26,600035.sh,0.94,0.96,0.94,0.96,1315013
2005/9/27,600035.sh,0.96,0.97,0.94,0.94,2174700
2005/9/28,600035.sh,0.94,0.95,0.93,0.93,1158950
2005/9/29,600035.sh,0.93,0.97,0.93,0.96,2287294
2005/9/30,600035.sh,0.96,0.98,0.95,0.97,2732624
2005/10/10,600035.sh,0.96,0.98,0.96,0.97,994288
2005/10/11,600035.sh,0.96,1.01,0.96,1.00,2308489
2005/10/12,600035.sh,1.00,1.01,0.99,1.00,2709445
2005/10/13,600035.sh,1.00,1.00,0.98,0.99,3216836
2005/10/14,600035.sh,0.99,0.99,0.90,0.92,4846866
2005/10/17,600035.sh,0.91,0.93,0.86,0.89,6470951
2005/10/18,600035.sh,0.88,0.90,0.88,0.90,2249398
2005/10/19,600035.sh,0.90,0.91,0.88,0.89,1754747
2005/10/20,600035.sh,0.89,0.89,0.88,0.89,1138390
2005/10/21,600035.sh,0.89,0.90,0.89,0.90,1118114
2005/10/24,600035.sh,0.90,0.92,0.88,0.91,2128423
2005/10/25,600035.sh,0.92,0.94,0.91,0.92,3103153
2005/10/26,600035.sh,0.92,0.93,0.90,0.91,2971690
2005/10/27,600035.sh,0.90,0.92,0.89,0.91,1193381
2005/10/28,600035.sh,0.90,0.92,0.90,0.91,3438589
2005/10/31,600035.sh,0.91,0.92,0.89,0.92,1365932
2005/11/1,600035.sh,0.92,0.92,0.86,0.90,1703124
2005/11/2,600035.sh,0.90,0.91,0.89,0.90,1222277
2005/11/3,600035.sh,0.90,0.91,0.88,0.89,935109
2005/11/4,600035.sh,0.88,0.90,0.88,0.89,1188098
2005/11/7,600035.sh,0.89,0.90,0.86,0.88,1667841
2005/11/8,600035.sh,0.87,0.88,0.86,0.87,1494706
2005/11/9,600035.sh,0.87,0.89,0.86,0.87,1824194
2005/11/10,600035.sh,0.87,0.88,0.85,0.86,997555
2005/11/11,600035.sh,0.86,0.86,0.82,0.83,4608306
2005/11/14,600035.sh,0.83,0.83,0.80,0.81,2619760
2005/11/15,600035.sh,0.81,0.82,0.79,0.80,1904310
2005/11/16,600035.sh,0.80,0.83,0.79,0.82,1777603
2005/11/17,600035.sh,0.82,0.83,0.81,0.83,1597934
2005/11/18,600035.sh,0.83,0.85,0.83,0.85,1580813
2005/11/21,600035.sh,0.85,0.87,0.85,0.86,1164752
2005/11/22,600035.sh,0.86,0.86,0.84,0.85,1024200
2005/11/23,600035.sh,0.83,0.86,0.83,0.85,520185
2005/11/24,600035.sh,0.85,0.85,0.84,0.85,754100
2005/11/25,600035.sh,0.85,0.87,0.85,0.86,796883
2005/11/28,600035.sh,0.86,0.86,0.84,0.85,626100
2005/11/29,600035.sh,0.85,0.85,0.83,0.83,1327795
2005/11/30,600035.sh,0.83,0.84,0.82,0.83,1540131
2005/12/1,600035.sh,0.83,0.85,0.83,0.85,969448
2005/12/2,600035.sh,0.85,0.85,0.84,0.84,923421
2005/12/5,600035.sh,0.84,0.85,0.83,0.84,2388802
2005/12/6,600035.sh,0.84,0.85,0.83,0.85,1029796
2005/12/7,600035.sh,0.85,0.86,0.84,0.86,998855
2005/12/8,600035.sh,0.86,0.89,0.86,0.88,2300581
2005/12/9,600035.sh,0.88,0.91,0.88,0.90,3049534
2005/12/12,600035.sh,0.90,0.90,0.89,0.90,982122
2005/12/13,600035.sh,0.89,0.90,0.87,0.90,1443954
2005/12/14,600035.sh,0.90,0.91,0.89,0.91,1731325
2005/12/15,600035.sh,0.91,0.93,0.91,0.91,1696588
2005/12/16,600035.sh,0.90,0.93,0.90,0.92,2103003
2005/12/19,600035.sh,0.92,0.93,0.91,0.92,1208539
2005/12/20,600035.sh,0.92,0.93,0.91,0.92,951700
2005/12/21,600035.sh,0.91,0.94,0.91,0.93,2571194
2005/12/22,600035.sh,0.92,0.93,0.91,0.93,1912931
2005/12/23,600035.sh,0.92,0.96,0.92,0.95,1927857
2005/12/26,600035.sh,0.95,0.98,0.95,0.96,2275519
2005/12/27,600035.sh,0.95,0.96,0.95,0.95,827700
2005/12/28,600035.sh,0.95,0.96,0.94,0.95,1160200
2005/12/29,600035.sh,0.95,0.96,0.94,0.96,1601700
2005/12/30,600035.sh,0.96,0.96,0.93,0.94,1832645
2006/1/4,600035.sh,0.94,0.96,0.93,0.95,1902575
2006/1/5,600035.sh,0.96,0.96,0.94,0.96,3372507
2006/1/6,600035.sh,0.96,1.02,0.96,0.99,5925991
2006/1/9,600035.sh,0.99,1.01,0.99,1.00,3730217
2006/1/10,600035.sh,1.01,1.01,0.98,0.99,3305109
2006/1/11,600035.sh,0.99,0.99,0.96,0.97,3204250
2006/1/12,600035.sh,0.96,1.00,0.95,1.00,2647888
2006/1/13,600035.sh,1.00,1.00,0.97,0.98,1840159
2006/1/16,600035.sh,0.98,0.98,0.93,0.94,1845639
2006/1/17,600035.sh,0.94,0.96,0.93,0.94,1651548
2006/1/18,600035.sh,0.94,0.98,0.93,0.97,2909733
2006/1/19,600035.sh,0.96,0.99,0.96,0.98,2012504
2006/1/20,600035.sh,0.98,0.98,0.95,0.95,3617978
2006/1/23,600035.sh,0.95,0.96,0.93,0.95,2543889
2006/1/24,600035.sh,0.95,0.99,0.95,0.97,3702554
2006/1/25,600035.sh,0.98,0.99,0.95,0.99,3551663
2006/2/6,600035.sh,0.99,1.03,0.98,1.02,8396465
2006/2/7,600035.sh,1.03,1.04,0.99,1.01,5351675
2006/2/8,600035.sh,0.99,1.01,0.98,0.99,3492097
2006/2/9,600035.sh,0.99,1.00,0.96,0.97,4107000
2006/2/10,600035.sh,0.97,1.04,0.96,1.03,9306408
2006/2/13,600035.sh,1.03,1.04,1.00,1.03,6472530
2006/2/14,600035.sh,1.03,1.06,1.02,1.04,4510222
2006/2/15,600035.sh,1.05,1.06,1.03,1.03,3572453
2006/2/16,600035.sh,1.03,1.03,0.99,1.00,3277992
2006/2/17,600035.sh,1.00,1.01,0.98,0.99,2017098
2006/2/20,600035.sh,0.99,1.02,0.99,1.00,1611173
2006/2/21,600035.sh,1.00,1.01,0.97,1.00,2398977
2006/2/22,600035.sh,1.01,1.01,0.99,0.99,2408822
2006/2/23,600035.sh,0.99,0.99,0.97,0.98,1904252
2006/2/24,600035.sh,0.98,0.99,0.98,0.99,1370900
2006/2/27,600035.sh,0.99,1.02,0.99,1.00,3253702
2006/2/28,600035.sh,0.99,1.00,0.97,1.00,2215142
2006/3/1,600035.sh,0.99,1.03,0.99,1.02,4675957
2006/3/2,600035.sh,1.02,1.04,1.00,1.00,6503360
2006/3/3,600035.sh,1.00,1.03,0.99,1.01,2839838
2006/3/6,600035.sh,1.03,1.03,0.99,1.00,1295223
2006/3/7,600035.sh,0.99,1.01,0.97,0.97,2012119
2006/3/8,600035.sh,0.97,0.98,0.95,0.97,1831913
2006/3/9,600035.sh,0.96,0.97,0.95,0.96,1068113
2006/3/10,600035.sh,0.96,0.99,0.96,0.98,1350756
2006/3/13,600035.sh,0.98,0.98,0.96,0.97,1802312
2006/3/14,600035.sh,0.98,0.98,0.96,0.97,665205
2006/3/15,600035.sh,0.97,0.97,0.94,0.95,5027767
2006/3/16,600035.sh,0.95,0.95,0.91,0.92,6569014
2006/3/17,600035.sh,0.92,0.93,0.91,0.93,1920838
2006/3/20,600035.sh,0.93,0.93,0.91,0.93,2900338
2006/3/21,600035.sh,0.93,0.95,0.93,0.94,3671490
2006/3/22,600035.sh,0.94,0.94,0.92,0.93,2148391
2006/3/23,600035.sh,0.93,0.95,0.93,0.94,2615709
2006/3/24,600035.sh,0.94,0.94,0.92,0.92,2518599
2006/3/27,600035.sh,0.92,0.92,0.91,0.92,2798977
2006/3/28,600035.sh,0.92,0.95,0.91,0.95,13271808
2006/3/29,600035.sh,0.96,0.96,0.94,0.94,16582508
2006/3/30,600035.sh,0.95,0.95,0.91,0.92,9408037
2006/3/31,600035.sh,0.91,0.93,0.91,0.93,3077651
2006/4/3,600035.sh,0.93,0.93,0.91,0.93,6312248
2006/4/4,600035.sh,0.93,0.97,0.93,0.94,9815814
2006/4/5,600035.sh,0.94,0.96,0.94,0.96,8463560
2006/4/6,600035.sh,0.96,0.97,0.95,0.96,8845952
2006/4/7,600035.sh,0.96,0.99,0.95,0.99,10746262
2006/4/10,600035.sh,0.98,1.03,0.98,1.01,11875404
2006/4/11,600035.sh,1.02,1.03,0.99,1.02,10717982
2006/4/12,600035.sh,1.02,1.04,1.01,1.02,7082619
2006/4/13,600035.sh,1.01,1.03,0.99,1.03,11635358
2006/4/14,600035.sh,1.08,1.08,1.01,1.05,17757177
2006/4/17,600035.sh,1.04,1.08,1.03,1.06,12178539
2006/4/18,600035.sh,1.06,1.06,1.04,1.04,7863745
2006/4/19,600035.sh,1.04,1.05,1.01,1.03,8931677
2006/4/20,600035.sh,1.03,1.03,1.00,1.03,6370105
2006/4/21,600035.sh,1.03,1.03,1.00,1.03,10343029
2006/4/24,600035.sh,1.03,1.04,1.00,1.04,7328768
2006/4/25,600035.sh,1.03,1.07,1.01,1.02,8747600
2006/4/26,600035.sh,1.03,1.04,1.01,1.01,11565107
2006/4/27,600035.sh,1.02,1.12,1.02,1.10,22620761
2006/4/28,600035.sh,1.07,1.20,1.06,1.14,27591434
2006/5/8,600035.sh,1.16,1.23,1.16,1.22,20553551
2006/5/9,600035.sh,1.22,1.26,1.19,1.22,20928775
2006/5/10,600035.sh,1.22,1.24,1.20,1.23,15667839
2006/5/11,600035.sh,1.22,1.25,1.21,1.21,15440224
2006/5/12,600035.sh,1.19,1.21,1.16,1.21,18385442
2006/5/15,600035.sh,1.21,1.32,1.19,1.32,20010784
2006/5/16,600035.sh,1.33,1.33,1.23,1.24,16752618
2006/5/17,600035.sh,1.23,1.32,1.23,1.28,13920081
2006/5/18,600035.sh,1.28,1.30,1.25,1.28,8996782
2006/5/19,600035.sh,1.28,1.37,1.28,1.36,14721593
2006/5/22,600035.sh,1.36,1.44,1.34,1.40,11025328
2006/5/23,600035.sh,1.39,1.39,1.31,1.32,10905103
2006/5/24,600035.sh,1.31,1.38,1.31,1.34,10738300
2006/5/25,600035.sh,1.34,1.37,1.33,1.35,6899551
2006/5/26,600035.sh,1.35,1.35,1.35,1.35,INVALID
2006/5/29,600035.sh,1.36,1.44,1.36,1.41,11191317
2006/5/30,600035.sh,1.42,1.42,1.37,1.40,6894738
2006/5/31,600035.sh,1.40,1.40,1.34,1.36,12021104
2006/6/1,600035.sh,1.36,1.42,1.35,1.41,11516352
2006/6/2,600035.sh,1.42,1.46,1.41,1.42,12861660
2006/6/5,600035.sh,1.42,1.45,1.41,1.44,6556891
2006/6/6,600035.sh,1.44,1.59,1.43,1.54,19226374
2006/6/7,600035.sh,1.52,1.57,1.39,1.39,17373706
2006/6/8,600035.sh,1.35,1.43,1.34,1.41,11516235
2006/6/9,600035.sh,1.41,1.43,1.34,1.34,7486838
2006/6/12,600035.sh,1.33,1.36,1.30,1.33,4064735
2006/6/13,600035.sh,1.33,1.35,1.28,1.30,5397882
2006/6/14,600035.sh,1.30,1.30,1.27,1.29,3023652
2006/6/15,600035.sh,1.30,1.34,1.30,1.32,3574501
2006/6/16,600035.sh,1.33,1.35,1.33,1.35,3827906
2006/6/19,600035.sh,1.33,1.36,1.32,1.34,6137381
2006/6/20,600035.sh,1.33,1.37,1.32,1.35,6420300
2006/6/21,600035.sh,1.35,1.38,1.35,1.37,6831336
2006/6/22,600035.sh,1.37,1.37,1.33,1.34,3942401
2006/6/23,600035.sh,1.33,1.36,1.33,1.36,3960674
2006/6/26,600035.sh,1.36,1.36,1.36,1.36,INVALID
2006/6/27,600035.sh,1.36,1.36,1.36,1.36,INVALID
2006/6/28,600035.sh,1.36,1.36,1.36,1.36,INVALID
2006/6/29,600035.sh,1.36,1.36,1.36,1.36,INVALID
2006/6/30,600035.sh,1.36,1.36,1.36,1.36,INVALID
2006/7/3,600035.sh,1.36,1.36,1.36,1.36,INVALID
2006/7/4,600035.sh,1.36,1.36,1.36,1.36,INVALID
2006/7/5,600035.sh,1.36,1.36,1.36,1.36,INVALID
2006/7/6,600035.sh,1.36,1.36,1.36,1.36,INVALID
2006/7/7,600035.sh,1.36,1.36,1.36,1.36,INVALID
2006/7/10,600035.sh,1.36,1.36,1.36,1.36,INVALID
2006/7/11,600035.sh,1.49,1.49,1.41,1.42,20272403
2006/7/12,600035.sh,1.42,1.43,1.40,1.42,8783069
2006/7/13,600035.sh,1.42,1.43,1.32,1.35,12087849
2006/7/14,600035.sh,1.35,1.35,1.35,1.35,INVALID
2006/7/17,600035.sh,1.35,1.35,1.35,1.35,INVALID
2006/7/18,600035.sh,1.35,1.35,1.35,1.35,INVALID
2006/7/19,600035.sh,1.35,1.35,1.35,1.35,INVALID
2006/7/20,600035.sh,1.35,1.35,1.35,1.35,INVALID
2006/7/21,600035.sh,1.35,1.35,1.35,1.35,INVALID
2006/7/24,600035.sh,1.35,1.35,1.35,1.35,INVALID
2006/7/25,600035.sh,1.35,1.35,1.35,1.35,INVALID
2006/7/26,600035.sh,1.35,1.38,1.34,1.34,6014296
2006/7/27,600035.sh,1.34,1.35,1.31,1.32,4000762
2006/7/28,600035.sh,1.32,1.33,1.27,1.29,4288984
2006/7/31,600035.sh,1.29,1.29,1.24,1.24,4526722
2006/8/1,600035.sh,1.24,1.26,1.23,1.23,2559991
2006/8/2,600035.sh,1.23,1.25,1.22,1.25,2539818
2006/8/3,600035.sh,1.24,1.26,1.23,1.25,1680739
2006/8/4,600035.sh,1.25,1.25,1.20,1.20,1912999
2006/8/7,600035.sh,1.18,1.18,1.12,1.13,4594199
2006/8/8,600035.sh,1.13,1.17,1.13,1.16,2532784
2006/8/9,600035.sh,1.17,1.17,1.15,1.15,1639200
2006/8/10,600035.sh,1.15,1.19,1.15,1.18,3134923
2006/8/11,600035.sh,1.18,1.21,1.17,1.19,3328370
2006/8/14,600035.sh,1.19,1.20,1.14,1.15,2828497
2006/8/15,600035.sh,1.15,1.17,1.15,1.16,1868529
2006/8/16,600035.sh,1.16,1.19,1.16,1.19,6916059
2006/8/17,600035.sh,1.19,1.19,1.17,1.17,3336935
2006/8/18,600035.sh,1.17,1.19,1.17,1.17,1957596
2006/8/21,600035.sh,1.14,1.17,1.12,1.17,2213430
2006/8/22,600035.sh,1.17,1.18,1.16,1.18,2551545
2006/8/23,600035.sh,1.18,1.19,1.17,1.18,2926522
2006/8/24,600035.sh,1.18,1.18,1.16,1.18,1508417
2006/8/25,600035.sh,1.18,1.19,1.17,1.18,2074984
2006/8/28,600035.sh,1.19,1.23,1.19,1.23,4756035
2006/8/29,600035.sh,1.23,1.25,1.23,1.23,6569765
2006/8/30,600035.sh,1.24,1.24,1.21,1.23,3563023
2006/8/31,600035.sh,1.23,1.23,1.20,1.21,7040604
2006/9/1,600035.sh,1.21,1.23,1.20,1.20,3912961
2006/9/4,600035.sh,1.20,1.22,1.20,1.21,2692540
2006/9/5,600035.sh,1.22,1.23,1.21,1.23,3356346
2006/9/6,600035.sh,1.23,1.23,1.21,1.23,2965656
2006/9/7,600035.sh,1.23,1.23,1.20,1.20,3099143
2006/9/8,600035.sh,1.21,1.22,1.20,1.21,1704748
2006/9/11,600035.sh,1.21,1.21,1.19,1.21,2019842
2006/9/12,600035.sh,1.20,1.23,1.20,1.23,3814423
2006/9/13,600035.sh,1.23,1.26,1.23,1.24,8075440
2006/9/14,600035.sh,1.24,1.26,1.23,1.26,6151757
2006/9/15,600035.sh,1.26,1.28,1.25,1.28,7134596
2006/9/18,600035.sh,1.29,1.32,1.29,1.30,6701546
2006/9/19,600035.sh,1.31,1.31,1.29,1.29,4681289
2006/9/20,600035.sh,1.29,1.29,1.27,1.28,3486501
2006/9/21,600035.sh,1.28,1.31,1.27,1.29,3448166
2006/9/22,600035.sh,1.29,1.33,1.27,1.32,7581221
2006/9/25,600035.sh,1.32,1.33,1.29,1.30,3606295
2006/9/26,600035.sh,1.30,1.34,1.30,1.33,5138231
2006/9/27,600035.sh,1.33,1.36,1.33,1.35,4468786
2006/9/28,600035.sh,1.35,1.36,1.33,1.34,3298850
2006/9/29,600035.sh,1.35,1.36,1.34,1.35,3947915
2006/10/9,600035.sh,1.36,1.37,1.35,1.36,4776019
2006/10/10,600035.sh,1.36,1.36,1.32,1.32,5765596
2006/10/11,600035.sh,1.32,1.33,1.29,1.31,9617592
2006/10/12,600035.sh,1.31,1.34,1.30,1.33,6130870
2006/10/13,600035.sh,1.33,1.35,1.31,1.32,4828326
2006/10/16,600035.sh,1.32,1.33,1.31,1.32,3239642
2006/10/17,600035.sh,1.32,1.36,1.32,1.34,4738700
2006/10/18,600035.sh,1.34,1.35,1.33,1.35,3759871
2006/10/19,600035.sh,1.35,1.35,1.33,1.35,3298105
2006/10/20,600035.sh,1.35,1.35,1.33,1.33,2909153
2006/10/23,600035.sh,1.33,1.33,1.26,1.28,6430974
2006/10/24,600035.sh,1.27,1.31,1.27,1.31,3160747
2006/10/25,600035.sh,1.31,1.33,1.29,1.31,2959658
2006/10/26,600035.sh,1.30,1.32,1.30,1.31,2851194
2006/10/27,600035.sh,1.31,1.37,1.31,1.37,17447106
2006/10/30,600035.sh,1.37,1.37,1.37,1.37,INVALID
2006/10/31,600035.sh,1.37,1.37,1.37,1.37,INVALID
2006/11/1,600035.sh,1.37,1.37,1.37,1.37,INVALID
2006/11/2,600035.sh,1.37,1.37,1.37,1.37,INVALID
2006/11/3,600035.sh,1.37,1.37,1.37,1.37,INVALID
2006/11/6,600035.sh,1.37,1.37,1.37,1.37,INVALID
2006/11/7,600035.sh,1.37,1.37,1.37,1.37,INVALID
2006/11/8,600035.sh,1.37,1.37,1.37,1.37,INVALID
2006/11/9,600035.sh,1.37,1.37,1.37,1.37,INVALID
2006/11/10,600035.sh,1.37,1.37,1.37,1.37,INVALID
2006/11/13,600035.sh,1.37,1.37,1.37,1.37,INVALID
2006/11/14,600035.sh,1.37,1.37,1.37,1.37,INVALID
2006/11/15,600035.sh,1.37,1.37,1.37,1.37,INVALID
2006/11/16,600035.sh,1.37,1.37,1.37,1.37,INVALID
2006/11/17,600035.sh,1.37,1.37,1.37,1.37,INVALID
2006/11/20,600035.sh,1.37,1.37,1.37,1.37,INVALID
2006/11/21,600035.sh,1.37,1.37,1.37,1.37,INVALID
2006/11/22,600035.sh,1.37,1.37,1.37,1.37,INVALID
2006/11/23,600035.sh,1.37,1.37,1.37,1.37,INVALID
2006/11/24,600035.sh,1.37,1.37,1.37,1.37,INVALID
2006/11/27,600035.sh,1.37,1.37,1.37,1.37,INVALID
2006/11/28,600035.sh,1.37,1.37,1.37,1.37,INVALID
2006/11/29,600035.sh,1.37,1.37,1.37,1.37,INVALID
2006/11/30,600035.sh,1.37,1.37,1.37,1.37,INVALID
2006/12/1,600035.sh,1.50,1.50,1.50,1.50,5716452
2006/12/4,600035.sh,1.57,1.57,1.50,1.55,28081463
2006/12/5,600035.sh,1.55,1.59,1.54,1.56,18665681
2006/12/6,600035.sh,1.57,1.58,1.51,1.53,28029215
2006/12/7,600035.sh,1.53,1.53,1.53,1.53,INVALID
2006/12/8,600035.sh,1.53,1.53,1.53,1.53,INVALID
2006/12/11,600035.sh,1.53,1.53,1.53,1.53,INVALID
2006/12/12,600035.sh,1.53,1.53,1.53,1.53,INVALID
2006/12/13,600035.sh,1.53,1.53,1.53,1.53,INVALID
2006/12/14,600035.sh,1.53,1.53,1.53,1.53,INVALID
2006/12/15,600035.sh,1.53,1.53,1.53,1.53,INVALID
2006/12/18,600035.sh,1.53,1.53,1.53,1.53,INVALID
2006/12/19,600035.sh,1.53,1.53,1.53,1.53,INVALID
2006/12/20,600035.sh,1.53,1.53,1.53,1.53,INVALID
2006/12/21,600035.sh,1.53,1.53,1.53,1.53,INVALID
2006/12/22,600035.sh,1.53,1.53,1.53,1.53,INVALID
2006/12/25,600035.sh,1.53,1.53,1.53,1.53,INVALID
2006/12/26,600035.sh,1.65,1.71,1.57,1.59,35725453
2006/12/27,600035.sh,1.59,1.62,1.56,1.61,13134929
2006/12/28,600035.sh,1.61,1.62,1.53,1.55,14095610
2006/12/29,600035.sh,1.57,1.60,1.56,1.58,15292253
2007/1/4,600035.sh,1.59,1.69,1.57,1.63,31479157
2007/1/5,600035.sh,1.62,1.69,1.60,1.68,24755444
2007/1/8,600035.sh,1.69,1.73,1.69,1.72,20370241
2007/1/9,600035.sh,1.73,1.80,1.73,1.77,21167093
2007/1/10,600035.sh,1.77,1.81,1.74,1.80,18730554
2007/1/11,600035.sh,1.84,1.90,1.79,1.83,26392433
2007/1/12,600035.sh,1.82,1.90,1.78,1.79,25711571
2007/1/15,600035.sh,1.78,1.85,1.76,1.85,14200293
2007/1/16,600035.sh,1.86,1.88,1.81,1.84,15348501
2007/1/17,600035.sh,1.84,1.86,1.77,1.77,17434882
2007/1/18,600035.sh,1.77,1.84,1.77,1.83,13875017
2007/1/19,600035.sh,1.83,1.91,1.83,1.91,25074782
2007/1/22,600035.sh,1.93,1.97,1.91,1.97,23447669
2007/1/23,600035.sh,1.98,2.05,1.88,2.03,26150950
2007/1/24,600035.sh,2.04,2.06,2.00,2.02,21063436
2007/1/25,600035.sh,2.02,2.03,1.90,1.90,19433947
2007/1/26,600035.sh,1.88,1.91,1.80,1.90,17228647
2007/1/29,600035.sh,1.91,1.97,1.91,1.97,13493707
2007/1/30,600035.sh,1.98,1.99,1.93,1.96,13302359
2007/1/31,600035.sh,1.96,1.96,1.84,1.85,11577793
2007/2/1,600035.sh,1.83,1.88,1.82,1.85,9994992
2007/2/2,600035.sh,1.86,1.87,1.78,1.78,9631668
2007/2/5,600035.sh,1.78,1.79,1.74,1.76,9539779
2007/2/6,600035.sh,1.77,1.80,1.76,1.80,10207266
2007/2/7,600035.sh,1.81,1.83,1.79,1.80,12071814
2007/2/8,600035.sh,1.81,1.87,1.80,1.87,13969701
2007/2/9,600035.sh,1.87,1.92,1.85,1.88,15895552
2007/2/12,600035.sh,1.90,1.95,1.90,1.93,11210335
2007/2/13,600035.sh,1.95,1.95,1.91,1.94,10801419
2007/2/14,600035.sh,1.94,1.96,1.93,1.95,11227808
2007/2/15,600035.sh,1.96,2.01,1.95,2.00,18544743
2007/2/16,600035.sh,2.00,2.04,1.99,2.01,19693092
2007/2/26,600035.sh,2.03,2.12,1.99,2.12,24215004
2007/2/27,600035.sh,2.12,2.14,1.91,1.91,24652532
2007/2/28,600035.sh,1.90,2.01,1.88,1.99,16310854
2007/3/1,600035.sh,2.00,2.08,1.95,2.05,26831643
2007/3/2,600035.sh,2.05,2.10,2.03,2.06,18718366
2007/3/5,600035.sh,2.09,2.15,2.01,2.10,27544937
2007/3/6,600035.sh,2.07,2.09,2.01,2.06,9726629
2007/3/7,600035.sh,2.06,2.10,2.06,2.10,15164230
2007/3/8,600035.sh,2.11,2.13,2.09,2.12,20025345
2007/3/9,600035.sh,2.13,2.14,2.06,2.09,14354613
2007/3/12,600035.sh,2.09,2.12,2.03,2.08,18801738
2007/3/13,600035.sh,2.09,2.22,2.09,2.20,32092629
2007/3/14,600035.sh,2.16,2.18,2.04,2.13,20572142
2007/3/15,600035.sh,2.13,2.31,2.13,2.29,35778125
2007/3/16,600035.sh,2.35,2.37,2.21,2.24,47944391
2007/3/19,600035.sh,2.17,2.27,2.13,2.24,20016972
2007/3/20,600035.sh,2.26,2.31,2.24,2.28,12654159
2007/3/21,600035.sh,2.29,2.31,2.24,2.29,13728488
2007/3/22,600035.sh,2.29,2.34,2.28,2.29,20020932
2007/3/23,600035.sh,2.28,2.33,2.24,2.32,17375200
2007/3/26,600035.sh,2.33,2.40,2.33,2.40,20623470
2007/3/27,600035.sh,2.41,2.48,2.38,2.43,21702895
2007/3/28,600035.sh,2.43,2.56,2.28,2.51,35681719
2007/3/29,600035.sh,2.49,2.54,2.39,2.39,26274838
2007/3/30,600035.sh,2.35,2.46,2.35,2.40,12726293
2007/4/2,600035.sh,2.40,2.47,2.40,2.47,11980655
2007/4/3,600035.sh,2.49,2.50,2.46,2.49,12939079
2007/4/4,600035.sh,2.49,2.53,2.45,2.47,13258029
2007/4/5,600035.sh,2.47,2.52,2.45,2.49,13907716
2007/4/6,600035.sh,2.48,2.57,2.46,2.54,20782562
2007/4/9,600035.sh,2.54,2.58,2.51,2.55,24578575
2007/4/10,600035.sh,2.56,2.57,2.45,2.53,19508712
2007/4/11,600035.sh,2.53,2.56,2.49,2.56,26445925
2007/4/12,600035.sh,2.57,2.63,2.56,2.62,23375045
2007/4/13,600035.sh,2.62,2.89,2.60,2.89,62320850
2007/4/16,600035.sh,2.92,3.14,2.88,3.07,80433407
2007/4/17,600035.sh,3.08,3.08,2.92,3.05,42668824
2007/4/18,600035.sh,3.05,3.11,2.96,3.07,29430233
2007/4/19,600035.sh,3.05,3.05,2.76,2.81,27863589
2007/4/20,600035.sh,2.81,2.98,2.81,2.95,18458584
2007/4/23,600035.sh,2.96,3.09,2.96,3.08,27425859
2007/4/24,600035.sh,3.10,3.20,3.04,3.14,30423010
2007/4/25,600035.sh,3.12,3.20,3.00,3.18,28415923
2007/4/26,600035.sh,3.18,3.24,3.18,3.20,20548067
2007/4/27,600035.sh,3.19,3.20,3.08,3.12,16200483
2007/4/30,600035.sh,3.11,3.11,3.03,3.06,22659217
2007/5/8,600035.sh,3.11,3.26,3.08,3.25,32671003
2007/5/9,600035.sh,3.25,3.35,3.10,3.22,29711113
2007/5/10,600035.sh,3.22,3.34,3.11,3.29,29741748
2007/5/11,600035.sh,3.29,3.30,3.18,3.25,24984268
2007/5/14,600035.sh,3.21,3.35,3.18,3.29,24544497
2007/5/15,600035.sh,3.30,3.34,3.08,3.10,28885977
2007/5/16,600035.sh,3.09,3.16,3.06,3.16,17438557
2007/5/17,600035.sh,3.19,3.23,3.15,3.20,17540722
2007/5/18,600035.sh,3.21,3.26,3.17,3.20,19527131
2007/5/21,600035.sh,3.06,3.25,3.04,3.22,24692467
2007/5/22,600035.sh,3.22,3.36,3.22,3.33,37568371
2007/5/23,600035.sh,3.34,3.51,3.33,3.46,38630495
2007/5/24,600035.sh,3.48,3.50,3.31,3.40,38470337
2007/5/25,600035.sh,3.39,3.51,3.34,3.48,32845575
2007/5/28,600035.sh,3.51,3.59,3.51,3.57,35354889
2007/5/29,600035.sh,3.59,3.60,3.47,3.58,33753552
2007/5/30,600035.sh,3.41,3.56,3.23,3.23,39747156
2007/5/31,600035.sh,3.23,3.23,3.23,3.23,INVALID
2007/6/1,600035.sh,3.17,3.24,2.90,2.90,29833083
2007/6/4,600035.sh,2.83,2.85,2.61,2.61,24981590
2007/6/5,600035.sh,2.46,2.74,2.35,2.68,37142163
2007/6/6,600035.sh,2.66,2.76,2.56,2.69,24626371
2007/6/7,600035.sh,2.72,2.96,2.68,2.96,34074565
2007/6/8,600035.sh,3.06,3.06,2.92,3.01,55883442
2007/6/11,600035.sh,3.06,3.12,3.03,3.06,34808225
2007/6/12,600035.sh,3.07,3.07,2.90,3.07,26375349
2007/6/13,600035.sh,3.07,3.26,3.06,3.21,34317656
2007/6/14,600035.sh,3.20,3.20,3.07,3.08,21437824
2007/6/15,600035.sh,3.05,3.12,3.00,3.02,12817869
2007/6/18,600035.sh,3.08,3.11,3.04,3.06,14527004
2007/6/19,600035.sh,3.05,3.11,2.99,3.09,13839000
2007/6/20,600035.sh,3.09,3.11,2.95,2.97,15986425
2007/6/21,600035.sh,2.93,3.00,2.86,2.92,13742927
2007/6/22,600035.sh,2.91,2.97,2.64,2.71,15556593
2007/6/25,600035.sh,2.70,2.75,2.46,2.52,13147105
2007/6/26,600035.sh,2.47,2.68,2.46,2.67,12532283
2007/6/27,600035.sh,2.68,2.72,2.58,2.69,10320059
2007/6/28,600035.sh,2.70,2.73,2.50,2.51,9066334
2007/6/29,600035.sh,2.46,2.54,2.39,2.44,9166376
2007/7/2,600035.sh,2.45,2.53,2.43,2.53,6703815
2007/7/3,600035.sh,2.54,2.57,2.49,2.57,6489335
2007/7/4,600035.sh,2.54,2.56,2.46,2.46,4280930
2007/7/5,600035.sh,2.43,2.45,2.23,2.24,7786851
2007/7/6,600035.sh,2.26,2.41,2.20,2.40,8302743
2007/7/9,600035.sh,2.41,2.46,2.38,2.44,7597677
2007/7/10,600035.sh,2.46,2.46,2.33,2.34,6928817
2007/7/11,600035.sh,2.32,2.38,2.32,2.37,3495297
2007/7/12,600035.sh,2.37,2.39,2.35,2.38,3426084
2007/7/13,600035.sh,2.40,2.40,2.35,2.38,2899731
2007/7/16,600035.sh,2.38,2.42,2.35,2.35,4109495
2007/7/17,600035.sh,2.35,2.42,2.34,2.41,3646864
2007/7/18,600035.sh,2.41,2.44,2.38,2.43,5561967
2007/7/19,600035.sh,2.45,2.45,2.40,2.41,2140279
2007/7/20,600035.sh,2.42,2.49,2.42,2.48,5918763
2007/7/23,600035.sh,2.48,2.62,2.48,2.62,11151672
2007/7/24,600035.sh,2.63,2.68,2.59,2.59,10904042
2007/7/25,600035.sh,2.60,2.78,2.59,2.76,13271332
2007/7/26,600035.sh,2.86,2.97,2.86,2.93,38280450
2007/7/27,600035.sh,2.88,2.94,2.82,2.90,13635183
2007/7/30,600035.sh,2.88,2.96,2.86,2.93,14906580
2007/7/31,600035.sh,2.92,3.01,2.90,2.99,15247086
2007/8/1,600035.sh,3.03,3.04,2.78,2.79,18680808
2007/8/2,600035.sh,2.81,2.91,2.78,2.86,10293616
2007/8/3,600035.sh,2.85,2.89,2.79,2.85,10224032
2007/8/6,600035.sh,2.86,3.07,2.86,3.06,22255991
2007/8/7,600035.sh,3.09,3.11,2.98,2.98,17081957
2007/8/8,600035.sh,2.98,3.06,2.87,2.95,14381287
2007/8/9,600035.sh,2.98,3.01,2.93,2.96,9840363
2007/8/10,600035.sh,2.96,3.03,2.86,2.91,11557292
2007/8/13,600035.sh,2.93,3.16,2.90,3.08,35242440
2007/8/14,600035.sh,3.12,3.26,3.10,3.14,27625707
2007/8/15,600035.sh,3.14,3.16,2.97,3.13,19609761
2007/8/16,600035.sh,3.11,3.15,3.01,3.07,8623629
2007/8/17,600035.sh,3.04,3.15,2.98,2.99,12999903
2007/8/20,600035.sh,3.08,3.20,3.05,3.18,18311054
2007/8/21,600035.sh,3.21,3.28,3.17,3.20,19394624
2007/8/22,600035.sh,3.14,3.30,3.10,3.24,20338249
2007/8/23,600035.sh,3.25,3.27,3.16,3.21,11358831
2007/8/24,600035.sh,3.22,3.30,3.20,3.28,19687337
2007/8/27,600035.sh,3.39,3.56,3.39,3.41,35553439
2007/8/28,600035.sh,3.40,3.50,3.32,3.42,21803227
2007/8/29,600035.sh,3.40,3.67,3.37,3.57,29178925
2007/8/30,600035.sh,3.57,3.66,3.54,3.57,18038297
2007/8/31,600035.sh,3.61,3.65,3.50,3.52,16516615
2007/9/3,600035.sh,3.57,3.71,3.57,3.70,23604175
2007/9/4,600035.sh,3.73,3.84,3.62,3.68,20270370
2007/9/5,600035.sh,3.67,3.81,3.57,3.66,12548146
2007/9/6,600035.sh,3.69,3.77,3.63,3.66,16218317
2007/9/7,600035.sh,3.66,3.73,3.40,3.44,20952211
2007/9/10,600035.sh,3.43,3.52,3.32,3.49,15572690
2007/9/11,600035.sh,3.51,3.51,3.15,3.18,12893820
2007/9/12,600035.sh,3.15,3.27,3.13,3.24,12215749
2007/9/13,600035.sh,3.24,3.30,3.15,3.27,9536760
2007/9/14,600035.sh,3.28,3.33,3.18,3.29,9888033
2007/9/17,600035.sh,3.25,3.36,3.22,3.35,11024264
2007/9/18,600035.sh,3.36,3.52,3.36,3.46,14191760
2007/9/19,600035.sh,3.42,3.47,3.28,3.30,8578861
2007/9/20,600035.sh,3.31,3.36,3.25,3.29,8392724
2007/9/21,600035.sh,3.29,3.30,3.13,3.20,9711995
2007/9/24,600035.sh,3.19,3.19,3.09,3.16,9398049
2007/9/25,600035.sh,3.13,3.22,3.09,3.16,8047659
2007/9/26,600035.sh,3.16,3.16,3.09,3.10,6626665
2007/9/27,600035.sh,3.10,3.14,3.07,3.13,7030550
2007/9/28,600035.sh,3.16,3.27,3.14,3.23,8872279
2007/10/8,600035.sh,3.28,3.28,3.15,3.17,7988947
2007/10/9,600035.sh,3.17,3.20,3.12,3.19,5345908
2007/10/10,600035.sh,3.19,3.23,3.16,3.18,6421065
2007/10/11,600035.sh,3.18,3.19,3.07,3.08,15477089
2007/10/12,600035.sh,3.06,3.08,2.82,2.93,19431700
2007/10/15,600035.sh,2.93,2.94,2.78,2.90,13267888
2007/10/16,600035.sh,2.91,3.04,2.88,3.03,14996887
2007/10/17,600035.sh,3.06,3.09,2.99,3.01,21424624
2007/10/18,600035.sh,2.99,2.99,2.88,2.90,8114327
2007/10/19,600035.sh,2.92,2.95,2.85,2.87,6417334
2007/10/22,600035.sh,2.84,2.91,2.78,2.80,5791028
2007/10/23,600035.sh,2.81,2.87,2.76,2.86,5316653
2007/10/24,600035.sh,2.85,2.88,2.78,2.78,4729708
2007/10/25,600035.sh,2.78,2.80,2.55,2.58,9422740
2007/10/26,600035.sh,2.58,2.65,2.55,2.63,4872683
2007/10/29,600035.sh,2.67,2.81,2.66,2.81,8324137
2007/10/30,600035.sh,2.82,2.86,2.75,2.84,6880389
2007/10/31,600035.sh,2.86,2.97,2.84,2.92,9727068
2007/11/1,600035.sh,2.93,2.93,2.83,2.84,5974155
2007/11/2,600035.sh,2.81,2.93,2.79,2.86,6902765
2007/11/5,600035.sh,2.86,2.97,2.85,2.93,5839894
2007/11/6,600035.sh,2.94,2.96,2.86,2.91,5210538
2007/11/7,600035.sh,2.90,2.93,2.79,2.87,4448862
2007/11/8,600035.sh,2.85,2.85,2.72,2.73,5360898
2007/11/9,600035.sh,2.70,2.83,2.69,2.76,5443655
2007/11/12,600035.sh,2.70,2.82,2.70,2.79,4329841
2007/11/13,600035.sh,2.79,2.87,2.76,2.83,4695945
2007/11/14,600035.sh,2.87,2.91,2.83,2.90,5998418
2007/11/15,600035.sh,2.92,2.92,2.83,2.84,3566711
2007/11/16,600035.sh,2.82,2.83,2.75,2.81,3504908
2007/11/19,600035.sh,2.82,2.91,2.81,2.90,5756127
2007/11/20,600035.sh,2.89,2.99,2.88,2.98,11847862
2007/11/21,600035.sh,3.01,3.01,2.89,2.90,6243916
2007/11/22,600035.sh,2.86,2.92,2.77,2.79,4873486
2007/11/23,600035.sh,2.78,2.86,2.75,2.86,2474336
2007/11/26,600035.sh,2.90,2.96,2.84,2.85,4088749
2007/11/27,600035.sh,2.84,2.93,2.83,2.88,3343668
2007/11/28,600035.sh,2.88,2.95,2.86,2.90,3982923
2007/11/29,600035.sh,2.93,2.98,2.88,2.96,7414438
2007/11/30,600035.sh,2.96,2.96,2.96,2.96,INVALID
2007/12/3,600035.sh,2.90,2.94,2.88,2.93,3430741
2007/12/4,600035.sh,2.94,2.96,2.87,2.88,3619882
2007/12/5,600035.sh,2.87,2.96,2.87,2.95,5125448
2007/12/6,600035.sh,2.96,2.98,2.92,2.95,3399919
2007/12/7,600035.sh,2.97,3.08,2.94,3.07,13895853
2007/12/10,600035.sh,3.05,3.21,3.02,3.15,22947764
2007/12/11,600035.sh,3.16,3.18,3.09,3.18,10995512
2007/12/12,600035.sh,3.17,3.25,3.13,3.22,12982096
2007/12/13,600035.sh,3.21,3.25,3.08,3.10,12249668
2007/12/14,600035.sh,3.09,3.23,3.07,3.22,10672204
2007/12/17,600035.sh,3.24,3.35,3.23,3.28,15740170
2007/12/18,600035.sh,3.25,3.32,3.23,3.25,7728853
2007/12/19,600035.sh,3.28,3.30,3.21,3.25,8859327
2007/12/20,600035.sh,3.26,3.40,3.22,3.36,12235474
2007/12/21,600035.sh,3.39,3.44,3.32,3.41,14159615
2007/12/24,600035.sh,3.41,3.46,3.35,3.36,19414690
2007/12/25,600035.sh,3.36,3.38,3.30,3.33,15141522
2007/12/26,600035.sh,3.33,3.40,3.32,3.36,10307666
2007/12/27,600035.sh,3.38,3.41,3.33,3.35,12075530
2007/12/28,600035.sh,3.37,3.37,3.25,3.27,12035749
2008/1/2,600035.sh,3.27,3.39,3.25,3.38,10168110
2008/1/3,600035.sh,3.37,3.45,3.33,3.44,13778075
2008/1/4,600035.sh,3.46,3.47,3.38,3.41,8161801
2008/1/7,600035.sh,3.42,3.47,3.39,3.46,14373627
2008/1/8,600035.sh,3.46,3.49,3.31,3.33,12577003
2008/1/9,600035.sh,3.32,3.39,3.30,3.37,8094939
2008/1/10,600035.sh,3.38,3.42,3.32,3.33,12047434
2008/1/11,600035.sh,3.32,3.36,3.24,3.28,10649510
2008/1/14,600035.sh,3.27,3.45,3.26,3.45,14612357
2008/1/15,600035.sh,3.45,3.50,3.40,3.46,13514759
2008/1/16,600035.sh,3.42,3.56,3.38,3.50,22367969
2008/1/17,600035.sh,3.48,3.61,3.40,3.57,23680450
2008/1/18,600035.sh,3.57,3.59,3.45,3.53,10661552
2008/1/21,600035.sh,3.54,3.56,3.35,3.36,11179225
2008/1/22,600035.sh,3.27,3.34,3.02,3.02,13662800
2008/1/23,600035.sh,3.02,3.18,2.94,3.15,10322271
2008/1/24,600035.sh,3.14,3.25,3.11,3.16,8697140
2008/1/25,600035.sh,3.15,3.20,3.09,3.11,11749029
2008/1/28,600035.sh,3.08,3.08,2.85,2.98,11209979
2008/1/29,600035.sh,2.93,3.06,2.93,3.04,5253226
2008/1/30,600035.sh,3.08,3.09,2.99,3.01,3657407
2008/1/31,600035.sh,3.01,3.03,2.96,2.96,2444738
2008/2/1,600035.sh,2.97,2.98,2.71,2.84,6887998
2008/2/4,600035.sh,2.88,3.06,2.88,3.05,6325460
2008/2/5,600035.sh,3.04,3.08,3.01,3.02,4185164
2008/2/13,600035.sh,3.02,3.06,2.94,3.01,2814619
2008/2/14,600035.sh,3.05,3.09,3.01,3.05,4023493
2008/2/15,600035.sh,3.03,3.08,3.01,3.07,3679182
2008/2/18,600035.sh,3.10,3.16,3.08,3.15,7251979
2008/2/19,600035.sh,3.15,3.19,3.12,3.17,4005689
2008/2/20,600035.sh,3.20,3.31,3.16,3.17,12012374
2008/2/21,600035.sh,3.19,3.20,3.06,3.17,6276459
2008/2/22,600035.sh,3.17,3.18,3.04,3.07,4869203
2008/2/25,600035.sh,3.07,3.10,2.95,2.96,4027887
2008/2/26,600035.sh,3.04,3.06,2.90,3.01,3238626
2008/2/27,600035.sh,3.02,3.07,2.99,3.06,2738850
2008/2/28,600035.sh,3.06,3.07,3.00,3.03,2830548
2008/2/29,600035.sh,3.03,3.09,3.01,3.08,2987317
2008/3/3,600035.sh,3.08,3.16,3.05,3.15,5265225
2008/3/4,600035.sh,3.17,3.17,3.11,3.12,6032223
2008/3/5,600035.sh,3.12,3.20,3.09,3.19,5700707
2008/3/6,600035.sh,3.20,3.27,3.17,3.23,8359787
2008/3/7,600035.sh,3.21,3.21,3.11,3.12,4462391
2008/3/10,600035.sh,3.10,3.13,3.01,3.03,3811877
2008/3/11,600035.sh,3.00,3.08,2.98,3.05,2536774
2008/3/12,600035.sh,3.09,3.11,2.97,2.97,3099590
2008/3/13,600035.sh,2.96,2.97,2.78,2.83,4167969
2008/3/14,600035.sh,2.82,2.87,2.78,2.81,2624113
2008/3/17,600035.sh,2.81,2.81,2.59,2.60,3608363
2008/3/18,600035.sh,2.57,2.67,2.42,2.47,4847843
2008/3/19,600035.sh,2.52,2.62,2.49,2.58,3140163
2008/3/20,600035.sh,2.54,2.71,2.49,2.69,3777530
2008/3/21,600035.sh,2.69,2.83,2.66,2.82,5895187
2008/3/24,600035.sh,2.86,2.88,2.77,2.77,9296429
2008/3/25,600035.sh,2.77,2.77,2.77,2.77,INVALID
2008/3/26,600035.sh,2.81,2.85,2.72,2.76,3551186
2008/3/27,600035.sh,2.72,2.72,2.57,2.58,3369615
2008/3/28,600035.sh,2.55,2.70,2.52,2.70,3713352
2008/3/31,600035.sh,2.67,2.70,2.58,2.59,2080496
2008/4/1,600035.sh,2.59,2.64,2.43,2.45,4704567
2008/4/2,600035.sh,2.46,2.53,2.38,2.40,3187081
2008/4/3,600035.sh,2.40,2.50,2.36,2.48,2397103
2008/4/7,600035.sh,2.48,2.62,2.43,2.60,3012767
2008/4/8,600035.sh,2.58,2.69,2.57,2.65,3896643
2008/4/9,600035.sh,2.62,2.64,2.47,2.47,4010898
2008/4/10,600035.sh,2.47,2.53,2.43,2.53,1765165
2008/4/11,600035.sh,2.54,2.58,2.51,2.58,1996312
2008/4/14,600035.sh,2.53,2.53,2.42,2.43,2573836
2008/4/15,600035.sh,2.40,2.45,2.38,2.45,4016635
2008/4/16,600035.sh,2.46,2.47,2.39,2.40,1450092
2008/4/17,600035.sh,2.38,2.49,2.34,2.38,2940565
2008/4/18,600035.sh,2.39,2.43,2.20,2.22,3303966
2008/4/21,600035.sh,2.38,2.40,2.21,2.23,2768576
2008/4/22,600035.sh,2.23,2.26,2.09,2.25,3410802
2008/4/23,600035.sh,2.20,2.36,2.20,2.32,3792339
2008/4/24,600035.sh,2.51,2.55,2.40,2.53,10802414
2008/4/25,600035.sh,2.51,2.57,2.47,2.48,7483770
2008/4/28,600035.sh,2.48,2.52,2.44,2.49,4111651
2008/4/29,600035.sh,2.49,2.58,2.48,2.55,4394737
2008/4/30,600035.sh,2.56,2.64,2.56,2.63,6247291
2008/5/5,600035.sh,2.64,2.66,2.59,2.65,5878464
2008/5/6,600035.sh,2.63,2.63,2.55,2.57,7771739
2008/5/7,600035.sh,2.55,2.60,2.44,2.45,5728893
2008/5/8,600035.sh,2.43,2.48,2.41,2.47,7776012
2008/5/9,600035.sh,2.48,2.52,2.40,2.44,4957662
2008/5/12,600035.sh,2.42,2.51,2.41,2.49,4244054
2008/5/13,600035.sh,2.42,2.49,2.40,2.45,5459495
2008/5/14,600035.sh,2.45,2.55,2.43,2.55,5437769
2008/5/15,600035.sh,2.57,2.60,2.52,2.52,6008482
2008/5/16,600035.sh,2.53,2.55,2.46,2.48,3800139
2008/5/19,600035.sh,2.49,2.50,2.44,2.48,3507645
2008/5/20,600035.sh,2.49,2.57,2.44,2.45,10694846
2008/5/21,600035.sh,2.41,2.57,2.34,2.56,11059915
2008/5/22,600035.sh,2.52,2.59,2.50,2.54,5431852
2008/5/23,600035.sh,2.53,2.57,2.45,2.49,3314755
2008/5/26,600035.sh,2.50,2.50,2.40,2.40,2670262
2008/5/27,600035.sh,2.38,2.46,2.38,2.45,2437489
2008/5/28,600035.sh,2.45,2.45,2.45,2.45,INVALID
2008/5/29,600035.sh,2.50,2.50,2.42,2.42,2451094
2008/5/30,600035.sh,2.36,2.45,2.35,2.39,2625700
2008/6/2,600035.sh,2.38,2.45,2.38,2.45,2367261
2008/6/3,600035.sh,2.43,2.45,2.38,2.42,1977146
2008/6/4,600035.sh,2.42,2.42,2.34,2.36,2086698
2008/6/5,600035.sh,2.35,2.38,2.35,2.35,1033321
2008/6/6,600035.sh,2.38,2.42,2.34,2.41,2296047
2008/6/10,600035.sh,2.33,2.35,2.17,2.18,3779326
2008/6/11,600035.sh,2.18,2.31,2.17,2.22,4819769
2008/6/12,600035.sh,2.22,2.25,2.14,2.18,2495110
2008/6/13,600035.sh,2.18,2.21,2.13,2.16,2076253
2008/6/16,600035.sh,2.18,2.20,2.08,2.09,2294275
2008/6/17,600035.sh,2.09,2.26,1.92,1.96,6828631
2008/6/18,600035.sh,1.95,2.06,1.89,2.02,11495987
2008/6/19,600035.sh,1.98,2.00,1.82,1.82,8654038
2008/6/20,600035.sh,1.82,1.92,1.74,1.87,5228496
2008/6/23,600035.sh,1.82,1.90,1.82,1.85,2242650
2008/6/24,600035.sh,1.85,1.88,1.82,1.87,6095658
2008/6/25,600035.sh,1.89,1.96,1.87,1.94,8784559
2008/6/26,600035.sh,1.94,1.96,1.92,1.95,4250441
2008/6/27,600035.sh,1.90,1.99,1.86,1.97,12041209
2008/6/30,600035.sh,1.96,1.96,1.86,1.89,4507050
2008/7/1,600035.sh,1.89,1.92,1.85,1.89,3318934
2008/7/2,600035.sh,1.89,1.93,1.87,1.90,3002230
2008/7/3,600035.sh,1.90,1.90,1.90,1.90,INVALID
2008/7/4,600035.sh,1.94,1.99,1.91,1.94,9008425
2008/7/7,600035.sh,1.94,2.06,1.94,2.06,8629353
2008/7/8,600035.sh,2.05,2.06,2.01,2.04,5118026
2008/7/9,600035.sh,2.04,2.09,2.04,2.08,6253325
2008/7/10,600035.sh,2.05,2.14,2.03,2.05,4744980
2008/7/11,600035.sh,2.05,2.08,1.97,2.00,4719069
2008/7/14,600035.sh,2.00,2.05,1.98,2.05,2607054
2008/7/15,600035.sh,2.08,2.08,1.99,2.00,2794914
2008/7/16,600035.sh,1.98,2.02,1.89,1.95,4327091
2008/7/17,600035.sh,1.98,2.00,1.93,1.96,2050733
2008/7/18,600035.sh,2.00,2.06,1.97,2.05,4885010
2008/7/21,600035.sh,2.04,2.16,2.03,2.13,9683477
2008/7/22,600035.sh,2.15,2.15,2.09,2.10,3319042
2008/7/23,600035.sh,2.10,2.15,2.08,2.09,3948639
2008/7/24,600035.sh,2.09,2.13,2.07,2.12,3221502
2008/7/25,600035.sh,2.10,2.12,2.07,2.09,2351065
2008/7/28,600035.sh,2.09,2.13,2.09,2.11,2959525
2008/7/29,600035.sh,2.11,2.11,2.04,2.06,2117660
2008/7/30,600035.sh,2.09,2.09,2.05,2.06,2059167
2008/7/31,600035.sh,2.06,2.07,2.00,2.01,1631976
2008/8/1,600035.sh,2.00,2.05,1.98,2.02,2200557
2008/8/4,600035.sh,2.02,2.03,1.95,1.96,2087091
2008/8/5,600035.sh,1.97,1.99,1.94,1.95,2021844
2008/8/6,600035.sh,1.96,1.99,1.94,1.96,1113049
2008/8/7,600035.sh,1.98,1.98,1.95,1.98,1066981
2008/8/8,600035.sh,1.98,2.02,1.89,1.90,5030262
2008/8/11,600035.sh,1.90,1.96,1.84,1.88,6526470
2008/8/12,600035.sh,1.86,1.92,1.83,1.89,2615806
2008/8/13,600035.sh,1.89,1.89,1.81,1.85,1510230
2008/8/14,600035.sh,1.85,1.91,1.85,1.90,1557939
2008/8/15,600035.sh,1.90,1.91,1.87,1.89,838296
2008/8/18,600035.sh,1.88,1.91,1.76,1.77,1332102
2008/8/19,600035.sh,1.76,1.80,1.76,1.78,790491
2008/8/20,600035.sh,1.78,1.95,1.76,1.93,3352989
2008/8/21,600035.sh,1.90,1.92,1.80,1.81,2397622
2008/8/22,600035.sh,1.81,1.82,1.76,1.79,1442183
2008/8/25,600035.sh,1.81,1.83,1.77,1.77,932751
2008/8/26,600035.sh,1.77,1.77,1.66,1.68,1775912
2008/8/27,600035.sh,1.67,1.70,1.64,1.67,1152397
2008/8/28,600035.sh,1.68,1.68,1.65,1.66,881234
2008/8/29,600035.sh,1.68,1.73,1.67,1.70,1796161
2008/9/1,600035.sh,1.70,1.70,1.63,1.65,1085135
2008/9/2,600035.sh,1.65,1.68,1.63,1.67,810696
2008/9/3,600035.sh,1.66,1.69,1.65,1.66,1070198
2008/9/4,600035.sh,1.65,1.68,1.65,1.68,937649
2008/9/5,600035.sh,1.63,1.64,1.60,1.60,1650985
2008/9/8,600035.sh,1.62,1.62,1.54,1.55,1590348
2008/9/9,600035.sh,1.55,1.60,1.55,1.58,928384
2008/9/10,600035.sh,1.58,1.63,1.56,1.61,1268833
2008/9/11,600035.sh,1.62,1.62,1.57,1.60,1572658
2008/9/12,600035.sh,1.61,1.65,1.60,1.64,1705710
2008/9/16,600035.sh,1.65,1.65,1.58,1.60,4410697
2008/9/17,600035.sh,1.61,1.61,1.58,1.59,2139267
2008/9/18,600035.sh,1.56,1.61,1.50,1.59,3103918
2008/9/19,600035.sh,1.74,1.75,1.68,1.75,4772087
2008/9/22,600035.sh,1.83,1.92,1.71,1.78,9320711
2008/9/23,600035.sh,1.71,1.71,1.64,1.67,5770697
2008/9/24,600035.sh,1.63,1.69,1.60,1.68,2527672
2008/9/25,600035.sh,1.68,1.73,1.67,1.71,3556694
2008/9/26,600035.sh,1.71,1.72,1.68,1.71,2450941
2008/10/6,600035.sh,1.67,1.68,1.62,1.66,1433389
2008/10/7,600035.sh,1.60,1.68,1.59,1.67,1226265
2008/10/8,600035.sh,1.65,1.70,1.62,1.67,1806482
2008/10/9,600035.sh,1.68,1.71,1.65,1.70,2216534
2008/10/10,600035.sh,1.68,1.68,1.62,1.64,3242069
2008/10/13,600035.sh,1.70,1.74,1.62,1.74,5520883
2008/10/14,600035.sh,1.77,1.79,1.67,1.71,3081103
2008/10/15,600035.sh,1.70,1.74,1.63,1.73,2363595
2008/10/16,600035.sh,1.67,1.73,1.65,1.70,2722696
2008/10/17,600035.sh,1.72,1.72,1.69,1.70,1602059
2008/10/20,600035.sh,1.71,1.78,1.65,1.76,4484444
2008/10/21,600035.sh,1.74,1.76,1.69,1.70,4371835
2008/10/22,600035.sh,1.67,1.70,1.64,1.66,3210413
2008/10/23,600035.sh,1.63,1.67,1.58,1.67,2096754
2008/10/24,600035.sh,1.66,1.68,1.64,1.65,1148947
2008/10/27,600035.sh,1.63,1.63,1.55,1.56,2504893
2008/10/28,600035.sh,1.53,1.59,1.51,1.58,2069061
2008/10/29,600035.sh,1.60,1.62,1.54,1.55,2445249
2008/10/30,600035.sh,1.55,1.58,1.54,1.57,1928560
2008/10/31,600035.sh,1.57,1.58,1.42,1.43,6962322
2008/11/3,600035.sh,1.43,1.45,1.39,1.42,2003759
2008/11/4,600035.sh,1.39,1.42,1.39,1.42,2289396
2008/11/5,600035.sh,1.43,1.48,1.43,1.46,3819041
2008/11/6,600035.sh,1.41,1.45,1.40,1.42,1510328
2008/11/7,600035.sh,1.42,1.43,1.38,1.42,4054346
2008/11/10,600035.sh,1.45,1.52,1.44,1.51,7110044
2008/11/11,600035.sh,1.47,1.57,1.47,1.51,5373383
2008/11/12,600035.sh,1.51,1.56,1.48,1.56,5020243
2008/11/13,600035.sh,1.53,1.62,1.52,1.60,9289020
2008/11/14,600035.sh,1.60,1.64,1.56,1.62,7484380
2008/11/17,600035.sh,1.62,1.69,1.59,1.68,10151768
2008/11/18,600035.sh,1.64,1.66,1.53,1.54,8270705
2008/11/19,600035.sh,1.53,1.63,1.52,1.62,7608791
2008/11/20,600035.sh,1.58,1.62,1.56,1.60,4253010
2008/11/21,600035.sh,1.55,1.59,1.49,1.56,4830441
2008/11/24,600035.sh,1.56,1.56,1.47,1.48,3482482
2008/11/25,600035.sh,1.48,1.48,1.48,1.48,INVALID
2008/11/26,600035.sh,1.50,1.62,1.48,1.54,20192109
2008/11/27,600035.sh,1.63,1.65,1.53,1.54,18696946
2008/11/28,600035.sh,1.54,1.54,1.47,1.48,6300849
2008/12/1,600035.sh,1.48,1.50,1.43,1.50,5090739
2008/12/2,600035.sh,1.46,1.52,1.45,1.50,5465136
2008/12/3,600035.sh,1.52,1.56,1.50,1.56,8122403
2008/12/4,600035.sh,1.59,1.61,1.56,1.56,15481302
2008/12/5,600035.sh,1.55,1.59,1.54,1.59,7176516
2008/12/8,600035.sh,1.63,1.66,1.61,1.66,13395346
2008/12/9,600035.sh,1.66,1.70,1.64,1.67,16143150
2008/12/10,600035.sh,1.66,1.68,1.63,1.68,10980471
2008/12/11,600035.sh,1.68,1.69,1.60,1.62,8414781
2008/12/12,600035.sh,1.61,1.63,1.55,1.56,7626804
2008/12/15,600035.sh,1.58,1.59,1.54,1.57,4399515
2008/12/16,600035.sh,1.57,1.57,1.57,1.57,INVALID
2008/12/17,600035.sh,1.59,1.64,1.58,1.64,8854719
2008/12/18,600035.sh,1.63,1.66,1.61,1.65,7287299
2008/12/19,600035.sh,1.66,1.68,1.64,1.64,6570710
2008/12/22,600035.sh,1.64,1.66,1.59,1.62,5498197
2008/12/23,600035.sh,1.61,1.62,1.52,1.53,4238070
2008/12/24,600035.sh,1.52,1.54,1.48,1.50,3148354
2008/12/25,600035.sh,1.50,1.52,1.48,1.50,2727842
2008/12/26,600035.sh,1.50,1.51,1.47,1.47,1892091
2008/12/29,600035.sh,1.48,1.57,1.46,1.56,5337563
2008/12/30,600035.sh,1.54,1.57,1.52,1.56,3379833
2008/12/31,600035.sh,1.54,1.55,1.50,1.50,2247483
2009/1/5,600035.sh,1.52,1.62,1.51,1.61,8808934
2009/1/6,600035.sh,1.59,1.66,1.58,1.65,6891957
2009/1/7,600035.sh,1.65,1.68,1.63,1.65,5015331
2009/1/8,600035.sh,1.62,1.67,1.61,1.62,5700820
2009/1/9,600035.sh,1.60,1.67,1.60,1.63,2954764
2009/1/12,600035.sh,1.63,1.65,1.62,1.64,2541079
2009/1/13,600035.sh,1.64,1.64,1.61,1.62,1786111
2009/1/14,600035.sh,1.63,1.67,1.62,1.66,3020684
2009/1/15,600035.sh,1.66,1.68,1.64,1.66,4770784
2009/1/16,600035.sh,1.66,1.74,1.65,1.69,9949505
2009/1/19,600035.sh,1.70,1.70,1.65,1.66,5137714
2009/1/20,600035.sh,1.66,1.66,1.61,1.64,8041312
2009/1/21,600035.sh,1.60,1.64,1.60,1.62,5658720
2009/1/22,600035.sh,1.63,1.65,1.62,1.64,2775036
2009/1/23,600035.sh,1.65,1.66,1.63,1.64,2380141
2009/2/2,600035.sh,1.64,1.68,1.64,1.68,3838394
2009/2/3,600035.sh,1.68,1.72,1.68,1.72,8523772
2009/2/4,600035.sh,1.73,1.78,1.70,1.74,19519780
2009/2/5,600035.sh,1.74,1.79,1.72,1.78,12885788
2009/2/6,600035.sh,1.77,1.85,1.76,1.83,10489360
2009/2/9,600035.sh,1.85,1.87,1.80,1.85,10527400
2009/2/10,600035.sh,1.83,1.84,1.78,1.84,11760715
2009/2/11,600035.sh,1.79,1.89,1.78,1.87,16845011
2009/2/12,600035.sh,1.86,1.87,1.78,1.84,9487430
2009/2/13,600035.sh,1.91,1.95,1.83,1.95,20417342
2009/2/16,600035.sh,1.99,2.05,1.97,2.03,30126824
2009/2/17,600035.sh,2.02,2.02,1.93,1.93,12320945
2009/2/18,600035.sh,1.90,1.91,1.80,1.82,10498041
2009/2/19,600035.sh,1.83,1.86,1.81,1.84,5042445
2009/2/20,600035.sh,1.85,1.87,1.81,1.87,6673938
2009/2/23,600035.sh,1.86,1.93,1.84,1.93,7597954
2009/2/24,600035.sh,1.91,1.98,1.86,1.91,12879416
2009/2/25,600035.sh,1.91,1.97,1.87,1.92,7638129
2009/2/26,600035.sh,1.92,1.92,1.77,1.79,7920740
2009/2/27,600035.sh,1.79,1.81,1.72,1.77,7774315
2009/3/2,600035.sh,1.75,1.76,1.72,1.75,3133441
2009/3/3,600035.sh,1.72,1.82,1.70,1.77,6563129
2009/3/4,600035.sh,1.77,1.87,1.76,1.85,7393669
2009/3/5,600035.sh,1.86,1.89,1.82,1.85,5996477
2009/3/6,600035.sh,1.83,1.86,1.81,1.84,3184819
2009/3/9,600035.sh,1.86,1.86,1.75,1.75,3649133
2009/3/10,600035.sh,1.75,1.89,1.72,1.88,6030800
2009/3/11,600035.sh,1.96,1.98,1.88,1.89,16573696
2009/3/12,600035.sh,1.87,1.87,1.80,1.86,5052321
2009/3/13,600035.sh,1.87,1.88,1.80,1.81,5699130
2009/3/16,600035.sh,1.78,1.83,1.77,1.81,3392146
2009/3/17,600035.sh,1.83,1.87,1.79,1.86,4945209
2009/3/18,600035.sh,1.87,1.90,1.85,1.86,6293557
2009/3/19,600035.sh,1.86,1.91,1.85,1.91,6087798
2009/3/20,600035.sh,1.90,1.91,1.86,1.89,5306088
2009/3/23,600035.sh,1.89,1.93,1.89,1.92,6539861
2009/3/24,600035.sh,1.93,1.93,1.89,1.90,5190105
2009/3/25,600035.sh,1.91,1.91,1.83,1.83,8810642
2009/3/26,600035.sh,1.83,1.90,1.83,1.90,7126863
2009/3/27,600035.sh,1.90,2.01,1.90,1.94,17387286
2009/3/30,600035.sh,1.95,1.96,1.91,1.94,4004729
2009/3/31,600035.sh,1.91,1.95,1.89,1.94,4390836
2009/4/1,600035.sh,1.95,1.97,1.94,1.96,7280556
2009/4/2,600035.sh,1.96,1.99,1.95,1.95,8694059
2009/4/3,600035.sh,1.97,1.97,1.91,1.93,5744689
2009/4/7,600035.sh,1.95,1.98,1.92,1.97,5512612
2009/4/8,600035.sh,1.97,1.97,1.89,1.89,5621594
2009/4/9,600035.sh,1.90,1.92,1.86,1.89,4537134
2009/4/10,600035.sh,1.91,1.95,1.90,1.94,4201477
2009/4/13,600035.sh,1.97,1.97,1.94,1.96,8091227
2009/4/14,600035.sh,1.97,1.99,1.93,1.96,8212754
2009/4/15,600035.sh,1.95,1.98,1.92,1.98,9680322
2009/4/16,600035.sh,1.97,2.03,1.97,2.00,17365608
2009/4/17,600035.sh,2.00,2.02,1.98,1.99,11469830
2009/4/20,600035.sh,1.99,2.03,1.99,2.03,12677948
2009/4/21,600035.sh,2.01,2.07,1.99,2.02,16068122
2009/4/22,600035.sh,2.03,2.06,1.95,1.95,13354588
2009/4/23,600035.sh,1.93,1.97,1.91,1.95,6153683
2009/4/24,600035.sh,1.95,1.97,1.93,1.93,4409753
2009/4/27,600035.sh,1.93,1.95,1.87,1.89,4028667
2009/4/28,600035.sh,1.87,1.91,1.87,1.91,3803327
2009/4/29,600035.sh,1.91,1.96,1.89,1.95,6256350
2009/4/30,600035.sh,1.97,1.99,1.96,1.98,11064018
2009/5/4,600035.sh,1.98,2.02,1.97,2.02,11327182
2009/5/5,600035.sh,2.04,2.07,2.02,2.05,15412951
2009/5/6,600035.sh,2.05,2.05,2.01,2.03,9842495
2009/5/7,600035.sh,2.04,2.06,1.98,2.03,19238701
2009/5/8,600035.sh,2.01,2.06,2.01,2.05,17343417
2009/5/11,600035.sh,2.06,2.10,2.02,2.04,22400035
2009/5/12,600035.sh,2.01,2.12,2.01,2.11,21886622
2009/5/13,600035.sh,2.11,2.14,2.08,2.10,16537098
2009/5/14,600035.sh,2.09,2.14,2.06,2.09,16085695
2009/5/15,600035.sh,2.09,2.09,2.09,2.09,INVALID
2009/5/18,600035.sh,2.09,2.11,2.03,2.10,11029422
2009/5/19,600035.sh,2.10,2.16,2.09,2.15,17671257
2009/5/20,600035.sh,2.16,2.20,2.13,2.16,24172083
2009/5/21,600035.sh,2.15,2.21,2.07,2.08,23112818
2009/5/22,600035.sh,2.09,2.11,2.00,2.01,23107343
2009/5/25,600035.sh,1.99,2.03,1.95,2.03,10524013
2009/5/26,600035.sh,2.03,2.03,1.99,2.00,8939905
2009/5/27,600035.sh,2.00,2.02,1.99,2.01,6070192
2009/6/1,600035.sh,2.02,2.04,2.01,2.04,8451354
2009/6/2,600035.sh,2.05,2.05,2.03,2.03,10359680
2009/6/3,600035.sh,2.03,2.08,2.03,2.08,15771662
2009/6/4,600035.sh,2.08,2.09,2.03,2.08,13985575
2009/6/5,600035.sh,2.11,2.15,2.09,2.10,40177033
2009/6/8,600035.sh,2.11,2.13,2.09,2.12,11431693
2009/6/9,600035.sh,2.11,2.11,2.06,2.11,11156713
2009/6/10,600035.sh,2.12,2.16,2.10,2.15,17747844
2009/6/11,600035.sh,2.14,2.14,2.09,2.10,10446964
2009/6/12,600035.sh,2.09,2.11,2.02,2.04,9884491
2009/6/15,600035.sh,2.04,2.06,2.03,2.05,15233977
2009/6/16,600035.sh,2.05,2.08,2.03,2.08,12074387
2009/6/17,600035.sh,2.09,2.13,2.07,2.12,20514279
2009/6/18,600035.sh,2.13,2.15,2.11,2.12,19865775
2009/6/19,600035.sh,2.12,2.20,2.11,2.19,39029411
2009/6/22,600035.sh,2.19,2.22,2.15,2.16,21717598
2009/6/23,600035.sh,2.14,2.20,2.13,2.18,20539786
2009/6/24,600035.sh,2.19,2.21,2.16,2.18,17007835
2009/6/25,600035.sh,2.18,2.22,2.16,2.21,20997864
2009/6/26,600035.sh,2.20,2.25,2.19,2.24,27617537
2009/6/29,600035.sh,2.23,2.26,2.21,2.23,19658001
2009/6/30,600035.sh,2.23,2.23,2.18,2.21,16415229
2009/7/1,600035.sh,2.21,2.24,2.20,2.21,12528202
2009/7/2,600035.sh,2.22,2.23,2.20,2.22,16856647
2009/7/3,600035.sh,2.22,2.26,2.20,2.23,15003561
2009/7/6,600035.sh,2.26,2.28,2.24,2.26,22084754
2009/7/7,600035.sh,2.26,2.27,2.23,2.23,11727747
2009/7/8,600035.sh,2.22,2.24,2.21,2.24,9589018
2009/7/9,600035.sh,2.24,2.26,2.23,2.26,10864834
2009/7/10,600035.sh,2.27,2.30,2.26,2.27,15276329
2009/7/13,600035.sh,2.28,2.29,2.27,2.28,14245198
2009/7/14,600035.sh,2.28,2.31,2.27,2.31,17831899
2009/7/15,600035.sh,2.24,2.33,2.24,2.31,18585735
2009/7/16,600035.sh,2.33,2.34,2.27,2.27,13317951
2009/7/17,600035.sh,2.27,2.29,2.25,2.27,9674793
2009/7/20,600035.sh,2.28,2.34,2.27,2.33,19213000
2009/7/21,600035.sh,2.33,2.34,2.24,2.26,16062527
2009/7/22,600035.sh,2.26,2.30,2.25,2.29,15319167
2009/7/23,600035.sh,2.29,2.30,2.26,2.29,8752199
2009/7/24,600035.sh,2.29,2.33,2.26,2.31,18515063
2009/7/27,600035.sh,2.32,2.35,2.30,2.34,37600032
2009/7/28,600035.sh,2.32,2.32,2.28,2.31,17926839
2009/7/29,600035.sh,2.31,2.32,2.13,2.17,21351164
2009/7/30,600035.sh,2.19,2.21,2.14,2.19,12289529
2009/7/31,600035.sh,2.20,2.24,2.19,2.24,14168932
2009/8/3,600035.sh,2.24,2.28,2.22,2.27,16125150
2009/8/4,600035.sh,2.28,2.29,2.23,2.28,16939692
2009/8/5,600035.sh,2.29,2.34,2.28,2.32,25745521
2009/8/6,600035.sh,2.31,2.31,2.22,2.24,17149719
2009/8/7,600035.sh,2.25,2.31,2.24,2.25,21710374
2009/8/10,600035.sh,2.27,2.29,2.24,2.27,15058924
2009/8/11,600035.sh,2.27,2.31,2.26,2.29,10826084
2009/8/12,600035.sh,2.28,2.29,2.16,2.16,13036251
2009/8/13,600035.sh,2.17,2.19,2.15,2.16,6952364
2009/8/14,600035.sh,2.16,2.17,2.07,2.09,11891012
2009/8/17,600035.sh,2.06,2.12,2.02,2.03,13339758
2009/8/18,600035.sh,2.03,2.07,2.00,2.06,6304877
2009/8/19,600035.sh,2.06,2.09,1.94,1.96,10319645
2009/8/20,600035.sh,1.97,2.01,1.95,2.00,11199399
2009/8/21,600035.sh,2.00,2.02,1.98,2.02,8493704
2009/8/24,600035.sh,2.02,2.02,2.02,2.02,INVALID
2009/8/25,600035.sh,2.02,2.02,1.94,1.97,7217162
2009/8/26,600035.sh,1.96,2.03,1.95,2.02,9288603
2009/8/27,600035.sh,2.02,2.05,2.00,2.04,9543234
2009/8/28,600035.sh,2.04,2.05,1.98,2.00,6343084
2009/8/31,600035.sh,1.98,1.99,1.88,1.89,6421109
2009/9/1,600035.sh,1.88,1.93,1.87,1.89,3993400
2009/9/2,600035.sh,1.88,1.90,1.86,1.89,4234743
2009/9/3,600035.sh,1.89,1.96,1.89,1.96,8662158
2009/9/4,600035.sh,1.96,1.98,1.93,1.96,7876740
2009/9/7,600035.sh,1.97,1.99,1.95,1.96,6820357
2009/9/8,600035.sh,1.97,1.99,1.94,1.98,5987451
2009/9/9,600035.sh,1.98,1.99,1.95,1.99,6211152
2009/9/10,600035.sh,1.98,1.99,1.96,1.97,4715494
2009/9/11,600035.sh,1.97,2.00,1.97,1.99,7555297
2009/9/14,600035.sh,1.99,2.02,1.99,2.02,8028052
2009/9/15,600035.sh,2.02,2.02,2.00,2.02,7710347
2009/9/16,600035.sh,2.02,2.06,1.96,2.05,13045249
2009/9/17,600035.sh,2.11,2.19,2.11,2.16,46452814
2009/9/18,600035.sh,2.12,2.13,2.06,2.06,21362428
2009/9/21,600035.sh,2.04,2.07,2.00,2.06,8311897
2009/9/22,600035.sh,2.05,2.07,2.01,2.01,6776985
2009/9/23,600035.sh,2.01,2.03,1.96,1.97,5978044
2009/9/24,600035.sh,1.98,1.98,1.92,1.95,5275882
2009/9/25,600035.sh,1.95,1.95,1.95,1.95,INVALID
2009/9/28,600035.sh,1.95,1.97,1.91,1.92,5246094
2009/9/29,600035.sh,1.92,1.93,1.87,1.90,4126077
2009/9/30,600035.sh,1.91,1.93,1.90,1.91,2715498
2009/10/9,600035.sh,1.94,1.98,1.93,1.98,5781889
2009/10/12,600035.sh,1.97,1.98,1.95,1.96,4394298
2009/10/13,600035.sh,1.96,1.98,1.95,1.98,4111890
2009/10/14,600035.sh,1.98,2.01,1.98,2.00,7338473
2009/10/15,600035.sh,2.02,2.04,1.99,2.02,9394366
2009/10/16,600035.sh,2.02,2.02,1.98,2.00,4119603
2009/10/19,600035.sh,2.00,2.03,1.99,2.03,4013814
2009/10/20,600035.sh,2.04,2.06,2.03,2.06,7387395
2009/10/21,600035.sh,2.05,2.06,2.03,2.03,5226428
2009/10/22,600035.sh,2.03,2.05,2.02,2.03,4007698
2009/10/23,600035.sh,2.03,2.06,2.03,2.04,7489450
2009/10/26,600035.sh,2.05,2.05,2.03,2.04,4215529
2009/10/27,600035.sh,2.04,2.04,1.98,1.98,5135289
2009/10/28,600035.sh,1.98,2.02,1.97,2.01,3869354
2009/10/29,600035.sh,1.99,2.00,1.97,1.98,3453814
2009/10/30,600035.sh,2.00,2.02,1.98,2.00,3363540
2009/11/2,600035.sh,1.97,2.03,1.95,2.02,5259003
2009/11/3,600035.sh,2.02,2.06,2.02,2.05,7423134
2009/11/4,600035.sh,2.06,2.09,2.04,2.08,12058657
2009/11/5,600035.sh,2.08,2.13,2.08,2.11,17434024
2009/11/6,600035.sh,2.10,2.14,2.09,2.10,13035770
2009/11/9,600035.sh,2.10,2.11,2.07,2.09,7293717
2009/11/10,600035.sh,2.11,2.11,2.08,2.09,6205851
2009/11/11,600035.sh,2.09,2.09,2.06,2.09,6004970
2009/11/12,600035.sh,2.09,2.11,2.08,2.09,7061474
2009/11/13,600035.sh,2.10,2.12,2.07,2.12,8823174
2009/11/16,600035.sh,2.13,2.15,2.12,2.15,15865381
2009/11/17,600035.sh,2.16,2.19,2.14,2.18,18756853
2009/11/18,600035.sh,2.18,2.20,2.15,2.17,10710961
2009/11/19,600035.sh,2.17,2.22,2.16,2.21,13306975
2009/11/20,600035.sh,2.21,2.23,2.19,2.21,13513777
2009/11/23,600035.sh,2.21,2.25,2.20,2.24,14720306
2009/11/24,600035.sh,2.25,2.27,2.12,2.13,17814406
2009/11/25,600035.sh,2.13,2.33,2.13,2.30,26205287
2009/11/26,600035.sh,2.30,2.38,2.22,2.25,43026514
2009/11/27,600035.sh,2.24,2.34,2.17,2.34,34778432
2009/11/30,600035.sh,2.33,2.42,2.28,2.42,36844802
2009/12/1,600035.sh,2.41,2.51,2.37,2.43,40729426
2009/12/2,600035.sh,2.44,2.45,2.39,2.40,23901388
2009/12/3,600035.sh,2.39,2.46,2.32,2.45,31638624
2009/12/4,600035.sh,2.41,2.43,2.31,2.35,22276000
2009/12/7,600035.sh,2.35,2.38,2.33,2.36,10894777
2009/12/8,600035.sh,2.36,2.36,2.31,2.33,9951153
2009/12/9,600035.sh,2.32,2.34,2.27,2.28,8380117
2009/12/10,600035.sh,2.29,2.34,2.29,2.32,7660377
2009/12/11,600035.sh,2.33,2.33,2.30,2.31,5140026
2009/12/14,600035.sh,2.31,2.37,2.24,2.35,14677735
2009/12/15,600035.sh,2.35,2.35,2.31,2.31,6058541
2009/12/16,600035.sh,2.30,2.35,2.29,2.32,8485909
2009/12/17,600035.sh,2.32,2.33,2.22,2.22,7469529
2009/12/18,600035.sh,2.22,2.24,2.16,2.17,6245771
2009/12/21,600035.sh,2.18,2.20,2.15,2.19,5697681
2009/12/22,600035.sh,2.19,2.20,2.11,2.11,7844338
2009/12/23,600035.sh,2.13,2.14,2.10,2.14,4221102
2009/12/24,600035.sh,2.13,2.19,2.13,2.18,8033827
2009/12/25,600035.sh,2.17,2.19,2.16,2.16,7309260
2009/12/28,600035.sh,2.17,2.20,2.17,2.18,7845432
2009/12/29,600035.sh,2.18,2.18,2.18,2.18,INVALID
2009/12/30,600035.sh,2.18,2.21,2.17,2.20,8785109
2009/12/31,600035.sh,2.21,2.26,2.20,2.24,7868990
2010/1/4,600035.sh,2.26,2.26,2.20,2.22,5295148
2010/1/5,600035.sh,2.22,2.23,2.17,2.21,7747767
2010/1/6,600035.sh,2.21,2.22,2.19,2.20,7405658
2010/1/7,600035.sh,2.19,2.21,2.14,2.16,6761591
2010/1/8,600035.sh,2.16,2.18,2.14,2.18,4117634
2010/1/11,600035.sh,2.20,2.21,2.17,2.18,5590960
2010/1/12,600035.sh,2.18,2.24,2.17,2.24,9416273
2010/1/13,600035.sh,2.20,2.26,2.19,2.24,15008962
2010/1/14,600035.sh,2.25,2.29,2.25,2.28,11494879
2010/1/15,600035.sh,2.28,2.35,2.26,2.33,15637157
2010/1/18,600035.sh,2.33,2.42,2.31,2.39,15361918
2010/1/19,600035.sh,2.40,2.45,2.34,2.41,16255433
2010/1/20,600035.sh,2.40,2.49,2.36,2.37,27245160
2010/1/21,600035.sh,2.38,2.42,2.33,2.42,10979524
2010/1/22,600035.sh,2.38,2.49,2.36,2.44,22271882
2010/1/25,600035.sh,2.44,2.49,2.36,2.37,15710296
2010/1/26,600035.sh,2.36,2.38,2.24,2.25,15110267
2010/1/27,600035.sh,2.26,2.48,2.26,2.45,47556365
2010/1/28,600035.sh,2.44,2.61,2.44,2.59,60196497
2010/1/29,600035.sh,2.53,2.64,2.53,2.57,23904667
2010/2/1,600035.sh,2.55,2.68,2.53,2.68,26483800
2010/2/2,600035.sh,2.70,2.83,2.62,2.65,34382692
2010/2/3,600035.sh,2.65,2.68,2.49,2.61,24788437
2010/2/4,600035.sh,2.63,2.77,2.59,2.70,30268160
2010/2/5,600035.sh,2.64,2.75,2.57,2.61,25182506
2010/2/8,600035.sh,2.59,2.64,2.51,2.57,14428784
2010/2/9,600035.sh,2.56,2.81,2.53,2.68,21806225
2010/2/10,600035.sh,2.68,2.73,2.64,2.71,10442134
2010/2/11,600035.sh,2.71,2.76,2.68,2.70,11941221
2010/2/12,600035.sh,2.69,2.73,2.68,2.70,6752143
2010/2/22,600035.sh,2.71,2.76,2.65,2.67,8514921
2010/2/23,600035.sh,2.66,2.79,2.62,2.77,13084345
2010/2/24,600035.sh,2.77,2.81,2.72,2.76,11541243
2010/2/25,600035.sh,2.77,2.82,2.73,2.81,12422213
2010/2/26,600035.sh,2.79,2.85,2.78,2.81,9994114
2010/3/1,600035.sh,2.80,2.89,2.79,2.86,10947423
2010/3/2,600035.sh,2.87,2.90,2.84,2.88,9626073
2010/3/3,600035.sh,2.88,2.99,2.86,2.91,11981590
2010/3/4,600035.sh,2.91,2.91,2.79,2.81,12517672
2010/3/5,600035.sh,2.82,2.90,2.79,2.89,8361483
2010/3/8,600035.sh,2.90,2.92,2.87,2.89,5374270
2010/3/9,600035.sh,2.90,2.90,2.82,2.84,7109383
2010/3/10,600035.sh,2.83,2.88,2.81,2.81,4809090
2010/3/11,600035.sh,2.81,2.84,2.74,2.81,5431595
2010/3/12,600035.sh,2.81,2.81,2.70,2.72,6952917
2010/3/15,600035.sh,2.72,2.73,2.63,2.65,5583956
2010/3/16,600035.sh,2.66,2.73,2.65,2.69,5300639
2010/3/17,600035.sh,2.69,2.77,2.68,2.77,4366549
2010/3/18,600035.sh,2.77,2.78,2.75,2.77,3848938
2010/3/19,600035.sh,2.77,2.80,2.74,2.77,2389430
2010/3/22,600035.sh,2.77,2.78,2.72,2.74,2967643
2010/3/23,600035.sh,2.74,2.80,2.70,2.77,5525945
2010/3/24,600035.sh,2.79,3.04,2.79,2.91,21177235
2010/3/25,600035.sh,2.93,3.21,2.93,3.21,45746682
2010/3/26,600035.sh,3.30,3.46,3.20,3.24,67994227
2010/3/29,600035.sh,3.16,3.17,3.07,3.09,27588955
2010/3/30,600035.sh,3.06,3.12,3.03,3.07,15939031
2010/3/31,600035.sh,3.07,3.10,2.99,3.03,14414650
2010/4/1,600035.sh,3.02,3.10,3.01,3.08,13168326
2010/4/2,600035.sh,3.07,3.07,3.01,3.03,9950765
2010/4/6,600035.sh,3.02,3.06,3.00,3.02,8481760
2010/4/7,600035.sh,3.02,3.04,2.97,3.00,8644039
2010/4/8,600035.sh,2.99,3.00,2.96,3.00,7141872
2010/4/9,600035.sh,3.00,3.04,3.00,3.02,7936185
2010/4/12,600035.sh,3.02,3.04,2.92,2.94,16459005
2010/4/13,600035.sh,2.95,3.03,2.89,3.03,13452081
2010/4/14,600035.sh,3.04,3.15,3.03,3.13,20479025
2010/4/15,600035.sh,3.13,3.14,2.99,3.00,11777977
2010/4/16,600035.sh,3.01,3.14,3.00,3.01,12364098
2010/4/19,600035.sh,2.97,2.97,2.87,2.88,11288381
2010/4/20,600035.sh,2.86,2.92,2.81,2.87,9467788
2010/4/21,600035.sh,2.87,2.91,2.86,2.91,10405045
2010/4/22,600035.sh,2.91,2.91,2.83,2.85,11087837
2010/4/23,600035.sh,2.85,2.89,2.83,2.88,11054843
2010/4/26,600035.sh,2.86,2.87,2.80,2.81,4732402
2010/4/27,600035.sh,2.79,2.83,2.71,2.79,8192630
2010/4/28,600035.sh,2.80,2.85,2.79,2.84,5235760
2010/4/29,600035.sh,2.84,2.87,2.75,2.75,3765129
2010/4/30,600035.sh,2.77,2.81,2.72,2.77,3838603
2010/5/4,600035.sh,2.73,2.91,2.66,2.85,11776744
2010/5/5,600035.sh,2.77,2.99,2.77,2.94,28097051
2010/5/6,600035.sh,2.89,2.95,2.73,2.79,14498893
2010/5/7,600035.sh,2.73,2.82,2.69,2.77,6545371
2010/5/10,600035.sh,2.73,2.80,2.67,2.74,5219844
2010/5/11,600035.sh,2.79,2.87,2.75,2.80,11858695
2010/5/12,600035.sh,2.79,2.90,2.77,2.88,11981515
2010/5/13,600035.sh,2.88,2.88,2.88,2.88,INVALID
2010/5/14,600035.sh,2.92,2.96,2.81,2.84,11114716
2010/5/17,600035.sh,2.80,2.80,2.56,2.60,8015766
2010/5/18,600035.sh,2.64,2.64,2.50,2.58,6381719
2010/5/19,600035.sh,2.57,2.59,2.52,2.54,3943025
2010/5/20,600035.sh,2.55,2.56,2.52,2.53,3942115
2010/5/21,600035.sh,2.44,2.57,2.42,2.53,5288365
2010/5/24,600035.sh,2.53,2.64,2.53,2.64,5243478
2010/5/25,600035.sh,2.61,2.62,2.55,2.57,4332252
2010/5/26,600035.sh,2.57,2.59,2.53,2.54,3148030
2010/5/27,600035.sh,2.55,2.63,2.49,2.59,5192586
2010/5/28,600035.sh,2.63,2.66,2.59,2.62,5757599
2010/5/31,600035.sh,2.63,2.63,2.50,2.50,6247803
2010/6/1,600035.sh,2.50,2.50,2.50,2.50,INVALID
2010/6/2,600035.sh,2.43,2.48,2.30,2.38,11755669
2010/6/3,600035.sh,2.39,2.41,2.28,2.31,6880527
2010/6/4,600035.sh,2.30,2.39,2.24,2.37,6573231
2010/6/7,600035.sh,2.31,2.34,2.29,2.32,2989020
2010/6/8,600035.sh,2.31,2.33,2.29,2.33,3589301
2010/6/9,600035.sh,2.33,2.40,2.30,2.39,7089683
2010/6/10,600035.sh,2.36,2.40,2.35,2.39,6325046
2010/6/11,600035.sh,2.39,2.42,2.38,2.40,6145123
2010/6/17,600035.sh,2.42,2.43,2.37,2.38,2982969
2010/6/18,600035.sh,2.38,2.39,2.30,2.31,2302449
2010/6/21,600035.sh,2.31,2.42,2.29,2.42,4670660
2010/6/22,600035.sh,2.40,2.43,2.38,2.42,2794150
2010/6/23,600035.sh,2.41,2.42,2.35,2.37,2906165
2010/6/24,600035.sh,2.38,2.41,2.36,2.40,2233206
2010/6/25,600035.sh,2.37,2.39,2.35,2.37,1800344
2010/6/28,600035.sh,2.38,2.46,2.35,2.42,3385651
2010/6/29,600035.sh,2.42,2.42,2.27,2.28,4629571
2010/6/30,600035.sh,2.28,2.30,2.21,2.22,2970176
2010/7/1,600035.sh,2.22,2.30,2.20,2.29,5405619
2010/7/2,600035.sh,2.30,2.30,2.15,2.23,7174668
2010/7/5,600035.sh,2.21,2.28,2.17,2.25,3197747
2010/7/6,600035.sh,2.23,2.34,2.22,2.32,4993264
2010/7/7,600035.sh,2.31,2.33,2.28,2.31,3500030
2010/7/8,600035.sh,2.32,2.39,2.31,2.32,3357678
2010/7/9,600035.sh,2.31,2.43,2.28,2.42,8283663
2010/7/12,600035.sh,2.41,2.52,2.39,2.46,6279137
2010/7/13,600035.sh,2.45,2.45,2.39,2.41,3527748
2010/7/14,600035.sh,2.41,2.45,2.41,2.43,2163087
2010/7/15,600035.sh,2.42,2.44,2.39,2.41,2467419
2010/7/16,600035.sh,2.39,2.45,2.38,2.44,2838560
2010/7/19,600035.sh,2.42,2.49,2.40,2.47,5242746
2010/7/20,600035.sh,2.47,2.50,2.46,2.50,5968318
2010/7/21,600035.sh,2.48,2.50,2.46,2.48,4230196
2010/7/22,600035.sh,2.46,2.55,2.46,2.50,8847652
2010/7/23,600035.sh,2.51,2.52,2.48,2.48,4019289
2010/7/26,600035.sh,2.48,2.51,2.47,2.50,3388739
2010/7/27,600035.sh,2.55,2.64,2.53,2.54,13851101
2010/7/28,600035.sh,2.53,2.59,2.50,2.58,9529394
2010/7/29,600035.sh,2.57,2.60,2.55,2.58,6354013
2010/7/30,600035.sh,2.59,2.65,2.59,2.61,9015702
2010/8/2,600035.sh,2.60,2.63,2.59,2.62,5396920
2010/8/3,600035.sh,2.62,2.67,2.61,2.61,8021296
2010/8/4,600035.sh,2.60,2.61,2.52,2.57,9681626
2010/8/5,600035.sh,2.56,2.57,2.52,2.55,6067074
2010/8/6,600035.sh,2.55,2.60,2.52,2.60,8057465
2010/8/9,600035.sh,2.61,2.62,2.58,2.62,7594181
2010/8/10,600035.sh,2.62,2.62,2.52,2.53,6913472
2010/8/11,600035.sh,2.50,2.53,2.44,2.48,10701181
2010/8/12,600035.sh,2.46,2.48,2.40,2.42,8490561
2010/8/13,600035.sh,2.42,2.46,2.41,2.46,3885804
2010/8/16,600035.sh,2.46,2.53,2.44,2.53,8607667
2010/8/17,600035.sh,2.54,2.56,2.51,2.55,8186788
2010/8/18,600035.sh,2.54,2.59,2.52,2.55,7031021
2010/8/19,600035.sh,2.56,2.57,2.51,2.55,7937479
2010/8/20,600035.sh,2.54,2.56,2.50,2.50,5163062
2010/8/23,600035.sh,2.51,2.51,2.48,2.50,3780180
2010/8/24,600035.sh,2.52,2.55,2.50,2.53,4792117
2010/8/25,600035.sh,2.51,2.52,2.45,2.48,4885937
2010/8/26,600035.sh,2.50,2.50,2.42,2.45,7511854
2010/8/27,600035.sh,2.46,2.48,2.42,2.45,3859562
2010/8/30,600035.sh,2.46,2.55,2.46,2.54,9461114
2010/8/31,600035.sh,2.52,2.55,2.50,2.50,3663611
2010/9/1,600035.sh,2.51,2.51,2.45,2.48,7036788
2010/9/2,600035.sh,2.49,2.50,2.47,2.49,8446356
2010/9/3,600035.sh,2.48,2.65,2.45,2.64,20464909
2010/9/6,600035.sh,2.62,2.64,2.56,2.61,18944239
2010/9/7,600035.sh,2.63,2.64,2.56,2.61,9793891
2010/9/8,600035.sh,2.60,2.60,2.57,2.58,5040356
2010/9/9,600035.sh,2.60,2.61,2.50,2.52,6767512
2010/9/10,600035.sh,2.50,2.54,2.47,2.50,8951123
2010/9/13,600035.sh,2.50,2.53,2.50,2.53,5351079
2010/9/14,600035.sh,2.53,2.56,2.48,2.53,9596466
2010/9/15,600035.sh,2.53,2.56,2.49,2.50,5519722
2010/9/16,600035.sh,2.50,2.53,2.43,2.45,5852182
2010/9/17,600035.sh,2.46,2.48,2.41,2.42,5729616
2010/9/20,600035.sh,2.42,2.44,2.38,2.41,3388115
2010/9/21,600035.sh,2.43,2.43,2.39,2.40,2873755
2010/9/27,600035.sh,2.42,2.44,2.40,2.44,2997469
2010/9/28,600035.sh,2.44,2.44,2.39,2.40,2919804
2010/9/29,600035.sh,2.39,2.41,2.38,2.38,2402342
2010/9/30,600035.sh,2.37,2.42,2.36,2.42,2974026
2010/10/8,600035.sh,2.42,2.50,2.42,2.49,11394482
2010/10/11,600035.sh,2.49,2.55,2.48,2.53,15226727
2010/10/12,600035.sh,2.53,2.54,2.50,2.53,14636349
2010/10/13,600035.sh,2.53,2.61,2.51,2.58,23477078
2010/10/14,600035.sh,2.57,2.64,2.53,2.53,21623055
2010/10/15,600035.sh,2.52,2.62,2.52,2.61,19104325
2010/10/18,600035.sh,2.64,2.83,2.63,2.68,32764838
2010/10/19,600035.sh,2.67,2.71,2.62,2.69,12841486
2010/10/20,600035.sh,2.64,2.70,2.60,2.62,16665108
2010/10/21,600035.sh,2.64,2.66,2.58,2.60,8946291
2010/10/22,600035.sh,2.62,2.62,2.56,2.58,13033256
2010/10/25,600035.sh,2.59,2.63,2.57,2.63,10098551
2010/10/26,600035.sh,2.64,2.69,2.61,2.63,15200140
2010/10/27,600035.sh,2.64,2.67,2.61,2.62,8939936
2010/10/28,600035.sh,2.62,2.64,2.57,2.63,10397576
2010/10/29,600035.sh,2.63,2.69,2.62,2.68,17517157
2010/11/1,600035.sh,2.69,2.70,2.65,2.68,17451481
2010/11/2,600035.sh,2.68,2.69,2.63,2.64,12870648
2010/11/3,600035.sh,2.72,2.75,2.65,2.66,22962150
2010/11/4,600035.sh,2.67,2.70,2.64,2.69,12296311
2010/11/5,600035.sh,2.71,2.71,2.66,2.69,13298565
2010/11/8,600035.sh,2.71,2.74,2.69,2.72,17064376
2010/11/9,600035.sh,2.72,2.75,2.70,2.74,18111078
2010/11/10,600035.sh,2.74,2.74,2.67,2.69,12253085
2010/11/11,600035.sh,2.67,2.71,2.67,2.67,11054227
2010/11/12,600035.sh,2.65,2.67,2.47,2.48,12815346
2010/11/15,600035.sh,2.50,2.52,2.44,2.50,7302199
2010/11/16,600035.sh,2.53,2.55,2.42,2.43,10352725
2010/11/17,600035.sh,2.42,2.45,2.38,2.40,5345786
2010/11/18,600035.sh,2.41,2.44,2.39,2.41,7105270
2010/11/19,600035.sh,2.42,2.43,2.36,2.43,6125797
2010/11/22,600035.sh,2.40,2.48,2.40,2.46,9454062
2010/11/23,600035.sh,2.44,2.44,2.36,2.39,6175565
2010/11/24,600035.sh,2.37,2.42,2.37,2.41,4144818
2010/11/25,600035.sh,2.42,2.44,2.41,2.44,5688604
2010/11/26,600035.sh,2.45,2.45,2.38,2.40,5102200
2010/11/29,600035.sh,2.38,2.41,2.37,2.40,3306713
2010/11/30,600035.sh,2.40,2.41,2.29,2.32,7249056
2010/12/1,600035.sh,2.31,2.34,2.30,2.33,2925224
2010/12/2,600035.sh,2.34,2.36,2.33,2.33,3615143
2010/12/3,600035.sh,2.33,2.34,2.31,2.33,2573967
2010/12/6,600035.sh,2.33,2.33,2.29,2.31,2513084
2010/12/7,600035.sh,2.31,2.33,2.28,2.32,2742254
2010/12/8,600035.sh,2.33,2.33,2.29,2.30,2400179
2010/12/9,600035.sh,2.30,2.32,2.29,2.29,3710948
2010/12/10,600035.sh,2.28,2.30,2.27,2.30,6887243
2010/12/13,600035.sh,2.30,2.34,2.29,2.34,7125165
2010/12/14,600035.sh,2.35,2.36,2.33,2.35,5608469
2010/12/15,600035.sh,2.35,2.37,2.33,2.36,6398357
2010/12/16,600035.sh,2.36,2.36,2.33,2.34,3449731
2010/12/17,600035.sh,2.33,2.36,2.33,2.34,2548739
2010/12/20,600035.sh,2.35,2.35,2.27,2.30,5454801
2010/12/21,600035.sh,2.29,2.34,2.29,2.33,3623112
2010/12/22,600035.sh,2.33,2.34,2.30,2.31,3499122
2010/12/23,600035.sh,2.31,2.33,2.29,2.31,2720583
2010/12/24,600035.sh,2.31,2.32,2.28,2.30,2650103
2010/12/27,600035.sh,2.30,2.32,2.25,2.26,3030552
2010/12/28,600035.sh,2.25,2.25,2.19,2.19,4344383
2010/12/29,600035.sh,2.19,2.20,2.17,2.19,6064155
2010/12/30,600035.sh,2.19,2.20,2.16,2.20,4442088
2010/12/31,600035.sh,2.19,2.24,2.17,2.23,9666205
2011/1/4,600035.sh,2.23,2.24,2.21,2.24,4292151
2011/1/5,600035.sh,2.24,2.24,2.22,2.22,2478460
2011/1/6,600035.sh,2.22,2.23,2.20,2.21,2855919
2011/1/7,600035.sh,2.21,2.25,2.19,2.23,6070405
2011/1/10,600035.sh,2.24,2.24,2.18,2.18,4213660
2011/1/11,600035.sh,2.19,2.20,2.17,2.20,3055637
2011/1/12,600035.sh,2.20,2.22,2.19,2.22,4010879
2011/1/13,600035.sh,2.21,2.22,2.20,2.21,4010725
2011/1/14,600035.sh,2.21,2.21,2.21,2.21,INVALID
2011/1/17,600035.sh,2.17,2.19,2.10,2.10,5214781
2011/1/18,600035.sh,2.10,2.11,2.09,2.11,2261480
2011/1/19,600035.sh,2.11,2.13,2.09,2.13,3108657
2011/1/20,600035.sh,2.11,2.12,2.07,2.07,3195065
2011/1/21,600035.sh,2.07,2.10,2.05,2.07,5952516
2011/1/24,600035.sh,2.08,2.09,2.07,2.07,3170196
2011/1/25,600035.sh,2.08,2.10,2.06,2.09,4754405
2011/1/26,600035.sh,2.09,2.12,2.08,2.11,2793042
2011/1/27,600035.sh,2.10,2.17,2.10,2.13,4970952
2011/1/28,600035.sh,2.13,2.13,2.11,2.12,2813007
2011/1/31,600035.sh,2.12,2.14,2.11,2.14,3613923
2011/2/1,600035.sh,2.14,2.15,2.13,2.13,2091281
2011/2/9,600035.sh,2.13,2.14,2.10,2.10,2918350
2011/2/10,600035.sh,2.10,2.14,2.09,2.14,3312195
2011/2/11,600035.sh,2.14,2.17,2.13,2.16,4744992
2011/2/14,600035.sh,2.27,2.38,2.27,2.38,37773822
2011/2/15,600035.sh,2.38,2.38,2.31,2.33,24729396
2011/2/16,600035.sh,2.32,2.34,2.30,2.33,9434338
2011/2/17,600035.sh,2.31,2.34,2.27,2.29,13729770
2011/2/18,600035.sh,2.29,2.32,2.26,2.31,12010638
2011/2/21,600035.sh,2.29,2.32,2.27,2.31,9636888
2011/2/22,600035.sh,2.31,2.31,2.25,2.25,7945380
2011/2/23,600035.sh,2.25,2.28,2.24,2.27,3842799
2011/2/24,600035.sh,2.27,2.29,2.25,2.29,4300387
2011/2/25,600035.sh,2.29,2.29,2.25,2.27,3218830
2011/2/28,600035.sh,2.27,2.33,2.26,2.33,6727896
2011/3/1,600035.sh,2.33,2.33,2.31,2.32,6567823
2011/3/2,600035.sh,2.31,2.33,2.29,2.31,4244438
2011/3/3,600035.sh,2.31,2.34,2.31,2.31,8521304
2011/3/4,600035.sh,2.31,2.33,2.30,2.33,5398205
2011/3/7,600035.sh,2.34,2.36,2.33,2.36,8790501
2011/3/8,600035.sh,2.36,2.37,2.33,2.36,4958228
2011/3/9,600035.sh,2.36,2.36,2.33,2.34,5669905
2011/3/10,600035.sh,2.33,2.33,2.27,2.29,7544341
2011/3/11,600035.sh,2.27,2.29,2.26,2.27,4589882
2011/3/14,600035.sh,2.27,2.29,2.26,2.28,4308104
2011/3/15,600035.sh,2.28,2.28,2.21,2.22,6736397
2011/3/16,600035.sh,2.23,2.29,2.23,2.29,4853658
2011/3/17,600035.sh,2.27,2.28,2.22,2.23,5130014
2011/3/18,600035.sh,2.24,2.26,2.23,2.24,2184279
2011/3/21,600035.sh,2.24,2.25,2.22,2.24,3424112
2011/3/22,600035.sh,2.25,2.25,2.22,2.24,2361995
2011/3/23,600035.sh,2.24,2.26,2.23,2.26,3159986
2011/3/24,600035.sh,2.26,2.26,2.24,2.25,2775789
2011/3/25,600035.sh,2.25,2.28,2.24,2.27,4527340
2011/3/28,600035.sh,2.27,2.29,2.26,2.28,4596011
2011/3/29,600035.sh,2.28,2.30,2.26,2.29,7063906
2011/3/30,600035.sh,2.29,2.33,2.28,2.33,9723058
2011/3/31,600035.sh,2.33,2.33,2.26,2.27,6755751
2011/4/1,600035.sh,2.27,2.29,2.27,2.28,3490625
2011/4/6,600035.sh,2.28,2.33,2.27,2.31,6927500
2011/4/7,600035.sh,2.31,2.33,2.31,2.31,5131000
2011/4/8,600035.sh,2.31,2.34,2.31,2.34,7009111
2011/4/11,600035.sh,2.33,2.35,2.32,2.33,7100194
2011/4/12,600035.sh,2.33,2.47,2.32,2.41,22357886
2011/4/13,600035.sh,2.38,2.42,2.36,2.41,11889418
2011/4/14,600035.sh,2.40,2.40,2.35,2.35,8995438
2011/4/15,600035.sh,2.36,2.37,2.31,2.35,7351517
2011/4/18,600035.sh,2.33,2.37,2.32,2.37,6071979
2011/4/19,600035.sh,2.34,2.34,2.30,2.31,7383103
2011/4/20,600035.sh,2.30,2.32,2.27,2.31,4718711
2011/4/21,600035.sh,2.31,2.34,2.31,2.32,6499162
2011/4/22,600035.sh,2.32,2.36,2.31,2.33,7235198
2011/4/25,600035.sh,2.33,2.35,2.28,2.28,5448636
2011/4/26,600035.sh,2.28,2.30,2.25,2.26,3815453
2011/4/27,600035.sh,2.26,2.27,2.22,2.24,3772430
2011/4/28,600035.sh,2.24,2.25,2.17,2.18,4556863
2011/4/29,600035.sh,2.18,2.20,2.17,2.20,2307322
2011/5/3,600035.sh,2.21,2.29,2.20,2.28,7049404
2011/5/4,600035.sh,2.25,2.29,2.24,2.26,7049592
2011/5/5,600035.sh,2.25,2.27,2.24,2.25,3485429
2011/5/6,600035.sh,2.24,2.26,2.22,2.25,3020937
2011/5/9,600035.sh,2.26,2.26,2.24,2.24,2197917
2011/5/10,600035.sh,2.27,2.28,2.24,2.26,2493833
2011/5/11,600035.sh,2.26,2.26,2.22,2.24,3191806
2011/5/12,600035.sh,2.24,2.24,2.20,2.20,4492772
2011/5/13,600035.sh,2.21,2.22,2.17,2.20,4968053
2011/5/16,600035.sh,2.19,2.21,2.17,2.17,3672721
2011/5/17,600035.sh,2.17,2.20,2.17,2.19,3081118
2011/5/18,600035.sh,2.19,2.19,2.17,2.19,3158158
2011/5/19,600035.sh,2.21,2.22,2.17,2.18,3430626
2011/5/20,600035.sh,2.18,2.18,2.16,2.17,1959682
2011/5/23,600035.sh,2.17,2.17,2.09,2.10,4223950
2011/5/24,600035.sh,2.09,2.10,2.07,2.10,2515342
2011/5/25,600035.sh,2.10,2.10,2.06,2.06,2783582
2011/5/26,600035.sh,2.07,2.09,2.05,2.05,2691222
2011/5/27,600035.sh,2.05,2.07,2.03,2.03,2766407
2011/5/30,600035.sh,2.03,2.03,2.00,2.01,2131045
2011/5/31,600035.sh,2.01,2.04,2.00,2.04,2193363
2011/6/1,600035.sh,2.04,2.05,2.02,2.05,2307012
2011/6/2,600035.sh,2.02,2.03,1.99,2.01,2459005
2011/6/3,600035.sh,2.01,2.03,2.00,2.02,2008327
2011/6/7,600035.sh,2.02,2.04,2.01,2.03,1865240
2011/6/8,600035.sh,2.03,2.04,2.00,2.03,1817129
2011/6/9,600035.sh,2.02,2.02,1.99,2.00,2619612
2011/6/10,600035.sh,2.00,2.00,1.95,1.98,2499708
2011/6/13,600035.sh,1.98,1.99,1.94,1.97,2339138
2011/6/14,600035.sh,1.97,2.02,1.96,2.01,2920957
2011/6/15,600035.sh,2.00,2.02,1.98,1.99,3284185
2011/6/16,600035.sh,1.97,1.98,1.92,1.93,2992845
2011/6/17,600035.sh,1.93,1.95,1.91,1.93,3074860
2011/6/20,600035.sh,1.91,1.93,1.89,1.91,1945814
2011/6/21,600035.sh,1.91,1.92,1.90,1.92,1084716
2011/6/22,600035.sh,1.93,1.94,1.91,1.91,1280560
2011/6/23,600035.sh,1.91,1.93,1.88,1.92,1553207
2011/6/24,600035.sh,1.92,1.97,1.91,1.96,3185751
2011/6/27,600035.sh,1.95,1.98,1.95,1.96,2414671
2011/6/28,600035.sh,1.98,1.98,1.95,1.97,2060414
2011/6/29,600035.sh,1.96,1.97,1.94,1.94,2287491
2011/6/30,600035.sh,1.94,1.94,1.94,1.94,INVALID
2011/7/1,600035.sh,1.95,1.99,1.93,1.98,4799842
2011/7/4,600035.sh,1.98,2.17,1.98,2.09,12990155
2011/7/5,600035.sh,2.07,2.08,2.04,2.06,6040844
2011/7/6,600035.sh,2.06,2.07,2.03,2.06,3150399
2011/7/7,600035.sh,2.05,2.06,2.03,2.05,3236334
2011/7/8,600035.sh,2.04,2.05,2.02,2.03,1830301
2011/7/11,600035.sh,2.04,2.06,2.03,2.05,6213874
2011/7/12,600035.sh,2.03,2.03,1.99,2.00,2853974
2011/7/13,600035.sh,2.00,2.02,1.99,2.02,3069796
2011/7/14,600035.sh,2.02,2.02,2.00,2.02,2712328
2011/7/15,600035.sh,2.02,2.03,2.00,2.02,4205507
2011/7/18,600035.sh,2.02,2.03,2.00,2.02,3462300
2011/7/19,600035.sh,2.01,2.01,1.99,2.00,1754223
2011/7/20,600035.sh,2.00,2.01,1.98,2.00,2057594
2011/7/21,600035.sh,1.99,2.00,1.96,1.96,2311470
2011/7/22,600035.sh,2.06,2.10,1.98,2.02,18643313
2011/7/25,600035.sh,2.00,2.00,1.92,1.93,8853193
2011/7/26,600035.sh,1.92,1.96,1.92,1.95,3985130
2011/7/27,600035.sh,1.95,1.96,1.93,1.95,3570136
2011/7/28,600035.sh,1.94,1.94,1.91,1.92,2776595
2011/7/29,600035.sh,1.92,1.93,1.91,1.92,2728531
2011/8/1,600035.sh,1.92,1.93,1.91,1.93,1881511
2011/8/2,600035.sh,1.93,1.93,1.88,1.91,2728247
2011/8/3,600035.sh,1.90,1.91,1.89,1.91,1489501
2011/8/4,600035.sh,1.91,1.92,1.91,1.92,1525040
2011/8/5,600035.sh,1.89,1.89,1.86,1.88,2730814
2011/8/8,600035.sh,1.86,1.86,1.75,1.77,4346424
2011/8/9,600035.sh,1.73,1.78,1.70,1.76,3473014
2011/8/10,600035.sh,1.79,1.80,1.77,1.79,2513905
2011/8/11,600035.sh,1.74,1.83,1.74,1.82,3535212
2011/8/12,600035.sh,1.82,1.85,1.81,1.83,2913335
2011/8/15,600035.sh,1.83,1.85,1.81,1.85,2987222
2011/8/16,600035.sh,1.85,1.85,1.82,1.83,2168354
2011/8/17,600035.sh,1.81,1.83,1.81,1.82,2057765
2011/8/18,600035.sh,1.81,1.81,1.77,1.78,1552769
2011/8/19,600035.sh,1.75,1.77,1.73,1.76,2279898
2011/8/22,600035.sh,1.75,1.78,1.75,1.76,1425117
2011/8/23,600035.sh,1.76,1.79,1.76,1.78,1579973
2011/8/24,600035.sh,1.79,1.80,1.78,1.78,1729831
2011/8/25,600035.sh,1.78,1.82,1.77,1.82,2342257
2011/8/26,600035.sh,1.81,1.82,1.80,1.81,1711489
2011/8/29,600035.sh,1.81,1.81,1.78,1.78,1576907
2011/8/30,600035.sh,1.79,1.81,1.77,1.78,1466846
2011/8/31,600035.sh,1.78,1.78,1.76,1.77,1296189
2011/9/1,600035.sh,1.78,1.78,1.76,1.76,1277593
2011/9/2,600035.sh,1.76,1.76,1.76,1.76,INVALID
2011/9/5,600035.sh,1.73,1.74,1.72,1.73,2081120
2011/9/6,600035.sh,1.72,1.73,1.71,1.73,1414663
2011/9/7,600035.sh,1.73,1.76,1.72,1.75,1365404
2011/9/8,600035.sh,1.75,1.76,1.73,1.73,1295919
2011/9/9,600035.sh,1.73,1.75,1.73,1.73,984313
2011/9/13,600035.sh,1.71,1.72,1.70,1.71,1384163
2011/9/14,600035.sh,1.71,1.74,1.69,1.73,2330237
2011/9/15,600035.sh,1.73,1.74,1.71,1.72,1689823
2011/9/16,600035.sh,1.72,1.74,1.72,1.73,1174556
2011/9/19,600035.sh,1.72,1.72,1.69,1.70,1207366
2011/9/20,600035.sh,1.69,1.71,1.69,1.70,1007681
2011/9/21,600035.sh,1.70,1.75,1.70,1.74,2705769
2011/9/22,600035.sh,1.73,1.73,1.69,1.69,2026368
2011/9/23,600035.sh,1.67,1.69,1.67,1.68,2463956
2011/9/26,600035.sh,1.67,1.69,1.64,1.65,1817405
2011/9/27,600035.sh,1.66,1.68,1.65,1.66,1558696
2011/9/28,600035.sh,1.68,1.69,1.64,1.65,2022158
2011/9/29,600035.sh,1.65,1.65,1.62,1.62,1891600
2011/9/30,600035.sh,1.62,1.64,1.61,1.62,1900854
2011/10/10,600035.sh,1.63,1.64,1.62,1.62,1800350
2011/10/11,600035.sh,1.67,1.67,1.61,1.63,2464917
2011/10/12,600035.sh,1.62,1.68,1.61,1.67,3690857
2011/10/13,600035.sh,1.67,1.69,1.66,1.68,3199361
2011/10/14,600035.sh,1.68,1.68,1.65,1.67,1852756
2011/10/17,600035.sh,1.67,1.68,1.66,1.67,1431877
2011/10/18,600035.sh,1.65,1.66,1.62,1.62,1804434
2011/10/19,600035.sh,1.63,1.65,1.62,1.63,2178011
2011/10/20,600035.sh,1.62,1.63,1.56,1.58,2482000
2011/10/21,600035.sh,1.58,1.59,1.56,1.57,1133919
2011/10/24,600035.sh,1.57,1.61,1.56,1.61,2159296
2011/10/25,600035.sh,1.61,1.64,1.59,1.63,3541237
2011/10/26,600035.sh,1.62,1.66,1.62,1.64,2241650
2011/10/27,600035.sh,1.64,1.66,1.64,1.65,2499377
2011/10/28,600035.sh,1.66,1.69,1.65,1.68,3480303
2011/10/31,600035.sh,1.66,1.67,1.63,1.65,4088604
2011/11/1,600035.sh,1.63,1.66,1.62,1.65,2578327
2011/11/2,600035.sh,1.63,1.67,1.62,1.67,2680170
2011/11/3,600035.sh,1.67,1.69,1.66,1.67,5459015
2011/11/4,600035.sh,1.68,1.69,1.67,1.68,2677923
2011/11/7,600035.sh,1.68,1.68,1.66,1.67,2515661
2011/11/8,600035.sh,1.67,1.69,1.66,1.69,6133353
2011/11/9,600035.sh,1.68,1.69,1.65,1.68,4136829
2011/11/10,600035.sh,1.67,1.68,1.65,1.65,3323758
2011/11/11,600035.sh,1.65,1.66,1.65,1.65,2253034
2011/11/14,600035.sh,1.66,1.68,1.65,1.68,4583428
2011/11/15,600035.sh,1.68,1.68,1.67,1.68,1679697
2011/11/16,600035.sh,1.68,1.69,1.64,1.65,3578408
2011/11/17,600035.sh,1.69,1.69,1.64,1.65,2704382
2011/11/18,600035.sh,1.65,1.65,1.60,1.61,2677409
2011/11/21,600035.sh,1.61,1.62,1.60,1.62,1138220
2011/11/22,600035.sh,1.62,1.62,1.60,1.62,2119216
2011/11/23,600035.sh,1.62,1.62,1.59,1.60,1607716
2011/11/24,600035.sh,1.60,1.60,1.57,1.60,1575863
2011/11/25,600035.sh,1.60,1.60,1.58,1.59,1088100
2011/11/28,600035.sh,1.59,1.60,1.58,1.58,805728
2011/11/29,600035.sh,1.59,1.60,1.58,1.60,1228992
2011/11/30,600035.sh,1.60,1.60,1.52,1.54,2422163
2011/12/1,600035.sh,1.57,1.59,1.55,1.56,2543588
2011/12/2,600035.sh,1.56,1.56,1.52,1.53,1442431
2011/12/5,600035.sh,1.53,1.53,1.49,1.50,1397905
2011/12/6,600035.sh,1.49,1.52,1.49,1.51,2567292
2011/12/7,600035.sh,1.51,1.54,1.50,1.53,3039348
2011/12/8,600035.sh,1.53,1.53,1.49,1.52,1213600
2011/12/9,600035.sh,1.52,1.52,1.49,1.51,737911
2011/12/12,600035.sh,1.51,1.52,1.50,1.51,1514561
2011/12/13,600035.sh,1.51,1.51,1.48,1.48,1702899
2011/12/14,600035.sh,1.47,1.49,1.46,1.47,1485362
2011/12/15,600035.sh,1.47,1.47,1.43,1.44,1521680
2011/12/16,600035.sh,1.43,1.46,1.43,1.46,1304964
2011/12/19,600035.sh,1.46,1.46,1.43,1.46,1239976
2011/12/20,600035.sh,1.46,1.47,1.44,1.45,1157230
2011/12/21,600035.sh,1.46,1.49,1.44,1.44,1642000
2011/12/22,600035.sh,1.43,1.44,1.40,1.42,1547330
2011/12/23,600035.sh,1.41,1.45,1.41,1.43,1499594
2011/12/26,600035.sh,1.43,1.45,1.42,1.44,1051020
2011/12/27,600035.sh,1.44,1.44,1.41,1.41,1127582
2011/12/28,600035.sh,1.41,1.42,1.38,1.40,1347233
2011/12/29,600035.sh,1.40,1.41,1.39,1.40,808916
2011/12/30,600035.sh,1.40,1.42,1.40,1.41,1841009
2012/1/4,600035.sh,1.42,1.42,1.37,1.38,3034626
2012/1/5,600035.sh,1.38,1.41,1.36,1.37,2831871
2012/1/6,600035.sh,1.36,1.37,1.33,1.36,2276943
2012/1/9,600035.sh,1.36,1.41,1.34,1.41,2975764
2012/1/10,600035.sh,1.41,1.46,1.39,1.45,5251729
2012/1/11,600035.sh,1.45,1.45,1.42,1.44,3521180
2012/1/12,600035.sh,1.44,1.45,1.43,1.44,2051291
2012/1/13,600035.sh,1.44,1.44,1.39,1.41,2151708
2012/1/16,600035.sh,1.40,1.44,1.39,1.39,2116895
2012/1/17,600035.sh,1.39,1.46,1.38,1.45,4808493
2012/1/18,600035.sh,1.45,1.46,1.42,1.43,3259075
2012/1/19,600035.sh,1.43,1.46,1.42,1.45,2817565
2012/1/20,600035.sh,1.46,1.46,1.44,1.46,3890445
2012/1/30,600035.sh,1.46,1.46,1.43,1.44,2800166
2012/1/31,600035.sh,1.44,1.44,1.41,1.43,2319482
2012/2/1,600035.sh,1.43,1.43,1.40,1.41,2056698
2012/2/2,600035.sh,1.41,1.43,1.41,1.43,1893607
2012/2/3,600035.sh,1.43,1.45,1.42,1.44,3678099
2012/2/6,600035.sh,1.45,1.46,1.44,1.45,2353751
2012/2/7,600035.sh,1.45,1.45,1.41,1.42,2267610
2012/2/8,600035.sh,1.42,1.45,1.41,1.45,3219178
2012/2/9,600035.sh,1.45,1.46,1.44,1.46,6377669
2012/2/10,600035.sh,1.46,1.49,1.45,1.47,7868587
2012/2/13,600035.sh,1.46,1.48,1.44,1.47,4572592
2012/2/14,600035.sh,1.48,1.48,1.44,1.46,4016225
2012/2/15,600035.sh,1.46,1.49,1.45,1.49,6667483
2012/2/16,600035.sh,1.49,1.50,1.47,1.49,5746150
2012/2/17,600035.sh,1.49,1.50,1.46,1.48,3543786
2012/2/20,600035.sh,1.49,1.50,1.48,1.49,3221663
2012/2/21,600035.sh,1.48,1.49,1.46,1.49,2818071
2012/2/22,600035.sh,1.49,1.51,1.48,1.50,5204804
2012/2/23,600035.sh,1.50,1.52,1.50,1.52,5597670
2012/2/24,600035.sh,1.51,1.54,1.50,1.54,7097916
2012/2/27,600035.sh,1.55,1.58,1.54,1.55,9976873
2012/2/28,600035.sh,1.56,1.56,1.52,1.54,5473581
2012/2/29,600035.sh,1.54,1.54,1.51,1.52,5044976
2012/3/1,600035.sh,1.51,1.53,1.51,1.52,3884165
2012/3/2,600035.sh,1.52,1.54,1.52,1.54,4364289
2012/3/5,600035.sh,1.54,1.55,1.52,1.53,5008160
2012/3/6,600035.sh,1.52,1.53,1.50,1.51,3652250
2012/3/7,600035.sh,1.50,1.53,1.49,1.50,3653898
2012/3/8,600035.sh,1.51,1.52,1.51,1.52,3222750
2012/3/9,600035.sh,1.52,1.54,1.51,1.53,3174132
2012/3/12,600035.sh,1.54,1.54,1.52,1.53,2448257
2012/3/13,600035.sh,1.52,1.55,1.52,1.55,3604173
2012/3/14,600035.sh,1.55,1.57,1.49,1.49,8177293
2012/3/15,600035.sh,1.49,1.50,1.46,1.46,4438179
2012/3/16,600035.sh,1.46,1.49,1.46,1.49,3901020
2012/3/19,600035.sh,1.49,1.49,1.47,1.49,2524268
2012/3/20,600035.sh,1.49,1.49,1.46,1.46,3787441
2012/3/21,600035.sh,1.46,1.51,1.46,1.50,7093209
2012/3/22,600035.sh,1.49,1.50,1.48,1.49,2913574
2012/3/23,600035.sh,1.49,1.49,1.46,1.46,2386214
2012/3/26,600035.sh,1.45,1.47,1.45,1.46,1249147
2012/3/27,600035.sh,1.46,1.47,1.45,1.46,1076058
2012/3/28,600035.sh,1.45,1.45,1.40,1.41,3527096
2012/3/29,600035.sh,1.41,1.41,1.38,1.38,2103993
2012/3/30,600035.sh,1.38,1.39,1.37,1.38,1654884
2012/4/5,600035.sh,1.39,1.41,1.38,1.41,2092838
2012/4/6,600035.sh,1.41,1.42,1.40,1.42,1364828
2012/4/9,600035.sh,1.43,1.46,1.41,1.44,4845243
2012/4/10,600035.sh,1.43,1.45,1.40,1.44,3029968
2012/4/11,600035.sh,1.43,1.45,1.42,1.44,2208661
2012/4/12,600035.sh,1.44,1.46,1.43,1.46,4238301
2012/4/13,600035.sh,1.46,1.46,1.44,1.46,3602419
2012/4/16,600035.sh,1.45,1.49,1.44,1.47,5873773
2012/4/17,600035.sh,1.48,1.52,1.46,1.46,8847499
2012/4/18,600035.sh,1.46,1.49,1.44,1.48,5891761
2012/4/19,600035.sh,1.47,1.49,1.46,1.46,3131108
2012/4/20,600035.sh,1.46,1.48,1.45,1.48,7107862
2012/4/23,600035.sh,1.47,1.48,1.46,1.46,4138447
2012/4/24,600035.sh,1.46,1.49,1.44,1.47,6185320
2012/4/25,600035.sh,1.46,1.50,1.46,1.50,7816615
2012/4/26,600035.sh,1.51,1.51,1.48,1.49,4877958
2012/4/27,600035.sh,1.49,1.50,1.47,1.47,3530616
2012/5/2,600035.sh,1.49,1.50,1.47,1.50,6837841
2012/5/3,600035.sh,1.49,1.51,1.49,1.49,5136712
2012/5/4,600035.sh,1.49,1.50,1.48,1.49,3820518
2012/5/7,600035.sh,1.49,1.49,1.47,1.49,3388556
2012/5/8,600035.sh,1.49,1.49,1.47,1.48,2101810
2012/5/9,600035.sh,1.48,1.48,1.44,1.45,3124062
2012/5/10,600035.sh,1.45,1.46,1.44,1.44,1632100
2012/5/11,600035.sh,1.44,1.44,1.44,1.44,INVALID
2012/5/14,600035.sh,1.45,1.45,1.43,1.43,2104611
2012/5/15,600035.sh,1.42,1.43,1.41,1.42,2018832
2012/5/16,600035.sh,1.42,1.46,1.42,1.43,2523951
2012/5/17,600035.sh,1.42,1.48,1.41,1.46,7705596
2012/5/18,600035.sh,1.45,1.54,1.45,1.49,16459047
2012/5/21,600035.sh,1.49,1.50,1.45,1.46,5604927
2012/5/22,600035.sh,1.46,1.47,1.46,1.47,3155194
2012/5/23,600035.sh,1.48,1.48,1.45,1.46,2901086
2012/5/24,600035.sh,1.45,1.47,1.44,1.45,2375900
2012/5/25,600035.sh,1.45,1.45,1.42,1.43,2791404
2012/5/28,600035.sh,1.42,1.45,1.41,1.44,2989134
2012/5/29,600035.sh,1.44,1.46,1.44,1.46,3773932
2012/5/30,600035.sh,1.46,1.46,1.45,1.45,2292745
2012/5/31,600035.sh,1.45,1.46,1.44,1.46,1934388
2012/6/1,600035.sh,1.46,1.46,1.44,1.44,1973050
2012/6/4,600035.sh,1.43,1.43,1.39,1.39,2943700
2012/6/5,600035.sh,1.40,1.41,1.39,1.40,1754811
2012/6/6,600035.sh,1.40,1.41,1.39,1.40,1250478
2012/6/7,600035.sh,1.41,1.41,1.38,1.38,1102944
2012/6/8,600035.sh,1.40,1.40,1.38,1.38,1270050
2012/6/11,600035.sh,1.39,1.42,1.38,1.41,1941870
2012/6/12,600035.sh,1.40,1.41,1.39,1.40,1137406
2012/6/13,600035.sh,1.41,1.42,1.40,1.41,1805130
2012/6/14,600035.sh,1.41,1.42,1.40,1.41,1244705
2012/6/15,600035.sh,1.41,1.41,1.40,1.41,1441166
2012/6/18,600035.sh,1.42,1.42,1.40,1.41,1826122
2012/6/19,600035.sh,1.41,1.41,1.39,1.40,1108899
2012/6/20,600035.sh,1.40,1.41,1.40,1.40,1337600
2012/6/21,600035.sh,1.41,1.41,1.38,1.39,1184023
2012/6/25,600035.sh,1.39,1.39,1.37,1.37,1293506
2012/6/26,600035.sh,1.37,1.38,1.36,1.37,1221723
2012/6/27,600035.sh,1.38,1.38,1.36,1.36,873649
2012/6/28,600035.sh,1.38,1.38,1.35,1.35,957458
2012/6/29,600035.sh,1.35,1.37,1.34,1.37,1538072
2012/7/2,600035.sh,1.37,1.38,1.36,1.37,1063190
2012/7/3,600035.sh,1.37,1.38,1.36,1.37,1353865
2012/7/4,600035.sh,1.38,1.38,1.37,1.37,1060089
2012/7/5,600035.sh,1.38,1.38,1.35,1.35,1128500
2012/7/6,600035.sh,1.36,1.37,1.34,1.37,1120987
2012/7/9,600035.sh,1.36,1.36,1.34,1.34,1092349
2012/7/10,600035.sh,1.34,1.35,1.33,1.34,1077239
2012/7/11,600035.sh,1.34,1.35,1.34,1.35,1009641
2012/7/12,600035.sh,1.35,1.36,1.33,1.35,1151269
2012/7/13,600035.sh,1.35,1.35,1.34,1.34,715400
2012/7/16,600035.sh,1.34,1.35,1.31,1.31,1497699
2012/7/17,600035.sh,1.31,1.33,1.30,1.32,1861292
2012/7/18,600035.sh,1.32,1.32,1.30,1.32,1502440
2012/7/19,600035.sh,1.32,1.34,1.31,1.32,1768629
2012/7/20,600035.sh,1.33,1.33,1.31,1.31,1445361
2012/7/23,600035.sh,1.31,1.31,1.29,1.30,1751092
2012/7/24,600035.sh,1.30,1.31,1.29,1.30,1428930
2012/7/25,600035.sh,1.30,1.32,1.30,1.31,3523379
2012/7/26,600035.sh,1.31,1.32,1.30,1.31,2201527
2012/7/27,600035.sh,1.32,1.32,1.29,1.30,2558756
2012/7/30,600035.sh,1.30,1.30,1.28,1.29,2353306
2012/7/31,600035.sh,1.28,1.29,1.27,1.28,1420799
2012/8/1,600035.sh,1.28,1.30,1.28,1.29,1473352
2012/8/2,600035.sh,1.29,1.30,1.29,1.29,1732649
2012/8/3,600035.sh,1.29,1.30,1.28,1.29,1967319
2012/8/6,600035.sh,1.29,1.31,1.29,1.31,1873828
2012/8/7,600035.sh,1.31,1.31,1.30,1.31,2142301
2012/8/8,600035.sh,1.31,1.31,1.30,1.31,1186635
2012/8/9,600035.sh,1.30,1.34,1.30,1.32,5001263
2012/8/10,600035.sh,1.32,1.32,1.31,1.32,2139181
2012/8/13,600035.sh,1.31,1.32,1.29,1.30,1741800
2012/8/14,600035.sh,1.30,1.30,1.29,1.30,1198235
2012/8/15,600035.sh,1.30,1.30,1.29,1.29,1416399
2012/8/16,600035.sh,1.29,1.29,1.28,1.29,947962
2012/8/17,600035.sh,1.29,1.30,1.28,1.29,1170104
2012/8/20,600035.sh,1.29,1.33,1.28,1.30,3526100
2012/8/21,600035.sh,1.30,1.32,1.29,1.31,1747200
2012/8/22,600035.sh,1.30,1.30,1.29,1.29,1556691
2012/8/23,600035.sh,1.29,1.30,1.29,1.30,989504
2012/8/24,600035.sh,1.30,1.30,1.29,1.29,1252300
2012/8/27,600035.sh,1.29,1.29,1.26,1.26,1691300
2012/8/28,600035.sh,1.27,1.28,1.26,1.27,1497910
2012/8/29,600035.sh,1.27,1.28,1.26,1.27,885533
2012/8/30,600035.sh,1.27,1.28,1.25,1.26,1468992
2012/8/31,600035.sh,1.26,1.27,1.26,1.26,748069
2012/9/3,600035.sh,1.27,1.28,1.26,1.28,1232552
2012/9/4,600035.sh,1.28,1.28,1.26,1.26,724000
2012/9/5,600035.sh,1.26,1.27,1.26,1.26,798470
2012/9/6,600035.sh,1.26,1.27,1.26,1.27,541460
2012/9/7,600035.sh,1.28,1.31,1.27,1.30,5861327
2012/9/10,600035.sh,1.30,1.30,1.29,1.30,2388047
2012/9/11,600035.sh,1.29,1.29,1.28,1.29,1491715
2012/9/12,600035.sh,1.29,1.30,1.28,1.29,1684312
2012/9/13,600035.sh,1.29,1.29,1.28,1.28,1940692
2012/9/14,600035.sh,1.29,1.29,1.27,1.29,1864239
2012/9/17,600035.sh,1.29,1.29,1.25,1.25,2629800
2012/9/18,600035.sh,1.25,1.25,1.24,1.25,1202624
2012/9/19,600035.sh,1.25,1.25,1.24,1.25,968214
2012/9/20,600035.sh,1.25,1.25,1.22,1.22,1257150
2012/9/21,600035.sh,1.22,1.23,1.21,1.21,1358625
2012/9/24,600035.sh,1.21,1.22,1.20,1.21,1107957
2012/9/25,600035.sh,1.21,1.22,1.20,1.21,810800
2012/9/26,600035.sh,1.20,1.21,1.18,1.18,1387305
2012/9/27,600035.sh,1.19,1.21,1.18,1.20,2417895
2012/9/28,600035.sh,1.19,1.21,1.19,1.21,1995644
2012/10/8,600035.sh,1.20,1.22,1.20,1.21,1482630
2012/10/9,600035.sh,1.21,1.23,1.21,1.23,1598699
2012/10/10,600035.sh,1.23,1.25,1.22,1.24,3449589
2012/10/11,600035.sh,1.24,1.24,1.22,1.23,1678800
2012/10/12,600035.sh,1.23,1.23,1.22,1.22,1023299
2012/10/15,600035.sh,1.23,1.23,1.21,1.22,1480323
2012/10/16,600035.sh,1.22,1.23,1.21,1.23,1142198
2012/10/17,600035.sh,1.22,1.23,1.21,1.22,1372100
2012/10/18,600035.sh,1.22,1.26,1.22,1.25,4212609
2012/10/19,600035.sh,1.24,1.25,1.23,1.24,2127950
2012/10/22,600035.sh,1.24,1.25,1.23,1.25,1134225
2012/10/23,600035.sh,1.25,1.26,1.24,1.25,2035896
2012/10/24,600035.sh,1.24,1.28,1.24,1.27,5239139
2012/10/25,600035.sh,1.26,1.31,1.26,1.27,5944556
2012/10/26,600035.sh,1.26,1.27,1.22,1.24,3882507
2012/10/29,600035.sh,1.23,1.31,1.23,1.28,6723118
2012/10/30,600035.sh,1.28,1.33,1.27,1.27,4566470
2012/10/31,600035.sh,1.28,1.28,1.25,1.26,2762940
2012/11/1,600035.sh,1.26,1.28,1.26,1.27,3380338
2012/11/2,600035.sh,1.27,1.28,1.26,1.28,2984669
2012/11/5,600035.sh,1.28,1.28,1.26,1.26,1816700
2012/11/6,600035.sh,1.26,1.27,1.25,1.26,1679917
2012/11/7,600035.sh,1.26,1.26,1.25,1.26,1046801
2012/11/8,600035.sh,1.24,1.25,1.23,1.23,1717600
2012/11/9,600035.sh,1.23,1.24,1.23,1.23,1702600
2012/11/12,600035.sh,1.24,1.24,1.23,1.24,989423
2012/11/13,600035.sh,1.23,1.24,1.21,1.22,1063691
2012/11/14,600035.sh,1.22,1.23,1.20,1.23,1071090
2012/11/15,600035.sh,1.21,1.22,1.19,1.20,1306548
2012/11/16,600035.sh,1.20,1.20,1.19,1.20,1137383
2012/11/19,600035.sh,1.20,1.21,1.20,1.21,754572
2012/11/20,600035.sh,1.22,1.22,1.20,1.21,800100
2012/11/21,600035.sh,1.20,1.22,1.20,1.22,733565
2012/11/22,600035.sh,1.21,1.22,1.20,1.21,815850
2012/11/23,600035.sh,1.21,1.23,1.21,1.22,988808
2012/11/26,600035.sh,1.22,1.22,1.20,1.20,387000
2012/11/27,600035.sh,1.21,1.21,1.17,1.18,1317130
2012/11/28,600035.sh,1.18,1.18,1.15,1.16,1763803
2012/11/29,600035.sh,1.16,1.23,1.15,1.17,2787548
2012/11/30,600035.sh,1.17,1.18,1.16,1.18,1777701
2012/12/3,600035.sh,1.18,1.19,1.16,1.17,1042085
2012/12/4,600035.sh,1.17,1.18,1.15,1.17,1243660
2012/12/5,600035.sh,1.17,1.21,1.17,1.21,3270382
2012/12/6,600035.sh,1.21,1.22,1.20,1.20,2152239
2012/12/7,600035.sh,1.20,1.23,1.20,1.22,2728543
2012/12/10,600035.sh,1.23,1.24,1.22,1.23,2441580
2012/12/11,600035.sh,1.23,1.23,1.21,1.22,2603082
2012/12/12,600035.sh,1.21,1.22,1.20,1.21,1533116
2012/12/13,600035.sh,1.21,1.24,1.21,1.21,3300847
2012/12/14,600035.sh,1.21,1.26,1.20,1.26,6424053
2012/12/17,600035.sh,1.26,1.28,1.25,1.26,5356811
2012/12/18,600035.sh,1.26,1.27,1.25,1.25,2940279
2012/12/19,600035.sh,1.25,1.27,1.25,1.26,2047479
2012/12/20,600035.sh,1.26,1.26,1.24,1.26,1996755
2012/12/21,600035.sh,1.25,1.26,1.25,1.25,2100700
2012/12/24,600035.sh,1.25,1.26,1.24,1.25,1839155
2012/12/25,600035.sh,1.25,1.28,1.25,1.27,4085974
2012/12/26,600035.sh,1.27,1.28,1.26,1.28,2869580
2012/12/27,600035.sh,1.28,1.28,1.26,1.26,2700609
2012/12/28,600035.sh,1.26,1.28,1.26,1.28,2994037
2012/12/31,600035.sh,1.28,1.29,1.27,1.29,2604058
2013/1/4,600035.sh,1.29,1.30,1.27,1.28,3608102
2013/1/7,600035.sh,1.28,1.29,1.27,1.29,2658654
2013/1/8,600035.sh,1.29,1.29,1.28,1.29,2202503
2013/1/9,600035.sh,1.29,1.29,1.28,1.29,2588348
2013/1/10,600035.sh,1.29,1.29,1.28,1.29,2895601
2013/1/11,600035.sh,1.29,1.29,1.25,1.25,4490799
2013/1/14,600035.sh,1.25,1.29,1.25,1.29,5083662
2013/1/15,600035.sh,1.29,1.30,1.28,1.30,4524968
2013/1/16,600035.sh,1.30,1.30,1.28,1.29,2950210
2013/1/17,600035.sh,1.29,1.29,1.28,1.28,2001544
2013/1/18,600035.sh,1.28,1.29,1.28,1.29,4050875
2013/1/21,600035.sh,1.29,1.32,1.29,1.32,6347078
2013/1/22,600035.sh,1.32,1.33,1.30,1.30,4755377
2013/1/23,600035.sh,1.30,1.32,1.29,1.31,3397100
2013/1/24,600035.sh,1.31,1.32,1.29,1.29,4784857
2013/1/25,600035.sh,1.29,1.29,1.28,1.28,2445638
2013/1/28,600035.sh,1.28,1.30,1.28,1.30,2698222
2013/1/29,600035.sh,1.30,1.31,1.29,1.30,2621646
2013/1/30,600035.sh,1.30,1.43,1.30,1.43,29074097
2013/1/31,600035.sh,1.49,1.58,1.45,1.53,60837345
2013/2/1,600035.sh,1.54,1.65,1.49,1.62,34488218
2013/2/4,600035.sh,1.62,1.64,1.56,1.58,16913068
2013/2/5,600035.sh,1.57,1.62,1.54,1.58,18425688
2013/2/6,600035.sh,1.58,1.60,1.54,1.59,11190873
2013/2/7,600035.sh,1.59,1.61,1.54,1.59,7975709
2013/2/8,600035.sh,1.59,1.60,1.57,1.58,4558665
2013/2/18,600035.sh,1.59,1.60,1.55,1.58,4442384
2013/2/19,600035.sh,1.57,1.58,1.50,1.52,6780224
2013/2/20,600035.sh,1.51,1.52,1.49,1.52,5353101
2013/2/21,600035.sh,1.51,1.51,1.46,1.47,5557565
2013/2/22,600035.sh,1.47,1.49,1.46,1.46,2538259
2013/2/25,600035.sh,1.46,1.49,1.46,1.48,2605630
2013/2/26,600035.sh,1.48,1.49,1.47,1.47,2262414
2013/2/27,600035.sh,1.47,1.51,1.46,1.51,3411936
2013/2/28,600035.sh,1.51,1.56,1.51,1.55,5705590
2013/3/1,600035.sh,1.54,1.56,1.51,1.54,3994593
2013/3/4,600035.sh,1.55,1.55,1.48,1.52,4379023
2013/3/5,600035.sh,1.50,1.53,1.50,1.52,2446199
2013/3/6,600035.sh,1.54,1.66,1.51,1.63,8677557
2013/3/7,600035.sh,1.63,1.64,1.59,1.64,3738571
2013/3/8,600035.sh,1.64,1.68,1.62,1.66,9432344
2013/3/11,600035.sh,1.64,1.67,1.61,1.62,3782449
2013/3/12,600035.sh,1.61,1.63,1.55,1.57,3477279
2013/3/13,600035.sh,1.57,1.57,1.51,1.52,2726690
2013/3/14,600035.sh,1.53,1.56,1.52,1.53,2707789
2013/3/15,600035.sh,1.52,1.53,1.45,1.51,2984638
2013/3/18,600035.sh,1.49,1.50,1.46,1.48,1547353
2013/3/19,600035.sh,1.49,1.52,1.49,1.52,2438574
2013/3/20,600035.sh,1.53,1.55,1.52,1.54,1658190
2013/3/21,600035.sh,1.54,1.57,1.54,1.57,2612321
2013/3/22,600035.sh,1.58,1.59,1.54,1.54,2182636
2013/3/25,600035.sh,1.54,1.56,1.51,1.52,1361973
2013/3/26,600035.sh,1.51,1.55,1.51,1.55,2172219
2013/3/27,600035.sh,1.55,1.58,1.54,1.56,2125599
2013/3/28,600035.sh,1.57,1.57,1.48,1.48,2817099
2013/3/29,600035.sh,1.48,1.51,1.47,1.49,916701
2013/4/1,600035.sh,1.49,1.51,1.47,1.48,962652
2013/4/2,600035.sh,1.48,1.49,1.48,1.48,1034200
2013/4/3,600035.sh,1.48,1.50,1.47,1.48,1151560
2013/4/8,600035.sh,1.51,1.54,1.48,1.53,2619388
2013/4/9,600035.sh,1.53,1.53,1.50,1.51,1819270
2013/4/10,600035.sh,1.53,1.53,1.51,1.52,1312581
2013/4/11,600035.sh,1.53,1.54,1.52,1.53,1852239
2013/4/12,600035.sh,1.53,1.54,1.51,1.51,1094266
2013/4/15,600035.sh,1.51,1.52,1.49,1.49,1098398
2013/4/16,600035.sh,1.49,1.51,1.47,1.49,1034899
2013/4/17,600035.sh,1.49,1.50,1.48,1.50,494001
2013/4/18,600035.sh,1.50,1.53,1.48,1.53,1674635
2013/4/19,600035.sh,1.53,1.54,1.49,1.54,2493199
2013/4/22,600035.sh,1.54,1.54,1.51,1.53,1946240
2013/4/23,600035.sh,1.53,1.54,1.51,1.51,2311100
2013/4/24,600035.sh,1.51,1.54,1.50,1.54,2004326
2013/4/25,600035.sh,1.54,1.60,1.54,1.56,5132731
2013/4/26,600035.sh,1.58,1.58,1.55,1.56,2809942
2013/5/2,600035.sh,1.57,1.60,1.55,1.56,3022953
2013/5/3,600035.sh,1.57,1.58,1.56,1.58,2250260
2013/5/6,600035.sh,1.60,1.60,1.57,1.58,3972080
2013/5/7,600035.sh,1.58,1.59,1.54,1.55,2348791
2013/5/8,600035.sh,1.55,1.57,1.51,1.53,2606926
2013/5/9,600035.sh,1.53,1.54,1.48,1.49,3059214
2013/5/10,600035.sh,1.49,1.51,1.47,1.51,2359896
2013/5/13,600035.sh,1.51,1.51,1.49,1.51,1392218
2013/5/14,600035.sh,1.51,1.51,1.49,1.49,1558372
2013/5/15,600035.sh,1.49,1.51,1.48,1.50,755099
2013/5/16,600035.sh,1.49,1.52,1.49,1.51,3118003
2013/5/17,600035.sh,1.51,1.54,1.51,1.54,2330325
2013/5/20,600035.sh,1.54,1.54,1.51,1.53,2462804
2013/5/21,600035.sh,1.53,1.56,1.52,1.55,3400847
2013/5/22,600035.sh,1.55,1.56,1.51,1.53,3003344
2013/5/23,600035.sh,1.52,1.54,1.51,1.53,1646958
2013/5/24,600035.sh,1.52,1.53,1.51,1.53,1412641
2013/5/27,600035.sh,1.53,1.54,1.50,1.51,3180107
2013/5/28,600035.sh,1.51,1.54,1.49,1.53,4613359
2013/5/29,600035.sh,1.53,1.55,1.53,1.54,5996550
2013/5/30,600035.sh,1.54,1.56,1.54,1.55,4217020
2013/5/31,600035.sh,1.55,1.57,1.54,1.54,4361218
2013/6/3,600035.sh,1.58,1.61,1.54,1.55,5457789
2013/6/4,600035.sh,1.55,1.56,1.51,1.51,2680395
2013/6/5,600035.sh,1.51,1.52,1.50,1.51,1721098
2013/6/6,600035.sh,1.51,1.51,1.49,1.50,1085650
2013/6/7,600035.sh,1.50,1.51,1.48,1.49,1891286
2013/6/13,600035.sh,1.47,1.48,1.42,1.42,2117122
2013/6/14,600035.sh,1.42,1.45,1.42,1.44,994347
2013/6/17,600035.sh,1.44,1.46,1.42,1.43,1103110
2013/6/18,600035.sh,1.43,1.44,1.41,1.43,787015
2013/6/19,600035.sh,1.43,1.45,1.42,1.45,1504400
2013/6/20,600035.sh,1.44,1.46,1.42,1.43,1972488
2013/6/21,600035.sh,1.43,1.44,1.38,1.42,2783781
2013/6/24,600035.sh,1.40,1.42,1.29,1.31,1775999
2013/6/25,600035.sh,1.31,1.32,1.22,1.31,3195648
2013/6/26,600035.sh,1.32,1.33,1.28,1.31,1530431
2013/6/27,600035.sh,1.30,1.33,1.28,1.29,2184395
2013/6/28,600035.sh,1.29,1.30,1.28,1.29,1523915
2013/7/1,600035.sh,1.30,1.30,1.27,1.29,768999
2013/7/2,600035.sh,1.29,1.31,1.28,1.30,1109614
2013/7/3,600035.sh,1.29,1.29,1.25,1.28,6961101
2013/7/4,600035.sh,1.24,1.34,1.22,1.33,10249725
2013/7/5,600035.sh,1.34,1.38,1.29,1.34,10529350
2013/7/8,600035.sh,1.30,1.32,1.29,1.31,4430576
2013/7/9,600035.sh,1.31,1.33,1.29,1.32,1537495
2013/7/10,600035.sh,1.32,1.36,1.30,1.34,2393545
2013/7/11,600035.sh,1.36,1.38,1.33,1.36,5935075
2013/7/12,600035.sh,1.36,1.39,1.35,1.36,4230381
2013/7/15,600035.sh,1.37,1.38,1.35,1.35,2519422
2013/7/16,600035.sh,1.36,1.36,1.34,1.36,1506357
2013/7/17,600035.sh,1.36,1.36,1.32,1.33,2077000
2013/7/18,600035.sh,1.32,1.32,1.29,1.31,4650615
2013/7/19,600035.sh,1.30,1.32,1.28,1.29,5903823
2013/7/22,600035.sh,1.29,1.29,1.27,1.29,1292824
2013/7/23,600035.sh,1.31,1.31,1.29,1.31,2643701
2013/7/24,600035.sh,1.31,1.31,1.28,1.29,1878937
2013/7/25,600035.sh,1.30,1.30,1.27,1.29,2045865
2013/7/26,600035.sh,1.29,1.29,1.27,1.28,887934
2013/7/29,600035.sh,1.28,1.28,1.26,1.26,1530805
2013/7/30,600035.sh,1.27,1.29,1.26,1.28,1148737
2013/7/31,600035.sh,1.29,1.29,1.26,1.27,1296374
2013/8/1,600035.sh,1.27,1.29,1.27,1.29,1277794
2013/8/2,600035.sh,1.29,1.30,1.29,1.30,1209085
2013/8/5,600035.sh,1.30,1.32,1.30,1.31,2201636
2013/8/6,600035.sh,1.31,1.32,1.30,1.32,1424230
2013/8/7,600035.sh,1.32,1.32,1.30,1.31,1280231
2013/8/8,600035.sh,1.30,1.33,1.30,1.32,2400569
2013/8/9,600035.sh,1.33,1.33,1.30,1.31,2043799
2013/8/12,600035.sh,1.31,1.33,1.31,1.33,2743937
2013/8/13,600035.sh,1.34,1.35,1.33,1.34,2650419
2013/8/14,600035.sh,1.34,1.37,1.34,1.35,3523429
2013/8/15,600035.sh,1.35,1.37,1.35,1.36,2264320
2013/8/16,600035.sh,1.37,1.41,1.34,1.36,4380198
2013/8/19,600035.sh,1.35,1.37,1.33,1.37,1691765
2013/8/20,600035.sh,1.36,1.37,1.34,1.35,1635210
2013/8/21,600035.sh,1.35,1.37,1.33,1.35,1469283
2013/8/22,600035.sh,1.36,1.37,1.35,1.36,1845600
2013/8/23,600035.sh,1.36,1.37,1.33,1.35,2269500
2013/8/26,600035.sh,1.36,1.39,1.35,1.39,2818352
2013/8/27,600035.sh,1.39,1.44,1.38,1.43,5936258
2013/8/28,600035.sh,1.41,1.42,1.39,1.40,4309433
2013/8/29,600035.sh,1.40,1.51,1.40,1.45,8587941
2013/8/30,600035.sh,1.45,1.50,1.43,1.48,6273340
2013/9/2,600035.sh,1.48,1.50,1.41,1.44,2911074
2013/9/3,600035.sh,1.44,1.46,1.42,1.45,2002355
2013/9/4,600035.sh,1.46,1.46,1.44,1.45,1936516
2013/9/5,600035.sh,1.46,1.48,1.44,1.44,1966980
2013/9/6,600035.sh,1.44,1.46,1.43,1.45,1107777
2013/9/9,600035.sh,1.44,1.59,1.44,1.52,13062116
2013/9/10,600035.sh,1.52,1.55,1.49,1.52,7334352
2013/9/11,600035.sh,1.52,1.52,1.49,1.51,3707182
2013/9/12,600035.sh,1.50,1.60,1.49,1.54,6315643
2013/9/13,600035.sh,1.54,1.55,1.50,1.52,4963431
2013/9/16,600035.sh,1.53,1.54,1.49,1.50,1751963
2013/9/17,600035.sh,1.52,1.52,1.47,1.47,2190350
2013/9/18,600035.sh,1.47,1.51,1.46,1.50,1755651
2013/9/23,600035.sh,1.50,1.52,1.49,1.51,1490816
2013/9/24,600035.sh,1.51,1.52,1.48,1.50,2085173
2013/9/25,600035.sh,1.50,1.51,1.47,1.48,2814516
2013/9/26,600035.sh,1.49,1.49,1.43,1.44,1579861
2013/9/27,600035.sh,1.43,1.46,1.43,1.46,1480209
2013/9/30,600035.sh,1.46,1.48,1.43,1.48,1889173
2013/10/8,600035.sh,1.47,1.50,1.44,1.49,2534360
2013/10/9,600035.sh,1.49,1.50,1.45,1.49,4198993
2013/10/10,600035.sh,1.49,1.49,1.46,1.47,2172679
2013/10/11,600035.sh,1.48,1.49,1.46,1.49,3363883
2013/10/14,600035.sh,1.49,1.49,1.46,1.48,3294324
2013/10/15,600035.sh,1.47,1.48,1.45,1.47,3175872
2013/10/16,600035.sh,1.46,1.48,1.43,1.44,3475825
2013/10/17,600035.sh,1.44,1.48,1.44,1.46,2955583
2013/10/18,600035.sh,1.46,1.50,1.45,1.46,3497800
2013/10/21,600035.sh,1.47,1.47,1.45,1.46,2665255
2013/10/22,600035.sh,1.47,1.47,1.44,1.45,1963299
2013/10/23,600035.sh,1.45,1.46,1.43,1.43,1800000
2013/10/24,600035.sh,1.43,1.44,1.41,1.42,1451490
2013/10/25,600035.sh,1.41,1.43,1.37,1.37,3295416
2013/10/28,600035.sh,1.37,1.38,1.36,1.38,1352639
2013/10/29,600035.sh,1.38,1.39,1.33,1.35,4418590
2013/10/30,600035.sh,1.35,1.37,1.34,1.37,2140419
2013/10/31,600035.sh,1.36,1.42,1.36,1.41,4870915
2013/11/1,600035.sh,1.41,1.41,1.37,1.39,2253928
2013/11/4,600035.sh,1.39,1.41,1.38,1.40,2124591
2013/11/5,600035.sh,1.41,1.41,1.38,1.41,866313
2013/11/6,600035.sh,1.41,1.41,1.38,1.38,1361700
2013/11/7,600035.sh,1.37,1.39,1.37,1.37,954301
2013/11/8,600035.sh,1.38,1.38,1.33,1.34,2952336
2013/11/11,600035.sh,1.34,1.37,1.33,1.36,1250441
2013/11/12,600035.sh,1.36,1.37,1.34,1.37,642031
2013/11/13,600035.sh,1.37,1.37,1.34,1.36,1556900
2013/11/14,600035.sh,1.37,1.37,1.34,1.35,553612
2013/11/15,600035.sh,1.36,1.39,1.35,1.37,1809479
2013/11/18,600035.sh,1.37,1.40,1.37,1.40,2347869
2013/11/19,600035.sh,1.41,1.41,1.39,1.39,1488791
2013/11/20,600035.sh,1.39,1.41,1.38,1.40,1598985
2013/11/21,600035.sh,1.40,1.42,1.39,1.41,2953382
2013/11/22,600035.sh,1.41,1.42,1.40,1.41,1247606
2013/11/25,600035.sh,1.41,1.41,1.40,1.40,1286236
2013/11/26,600035.sh,1.41,1.43,1.40,1.42,1697667
2013/11/27,600035.sh,1.42,1.42,1.40,1.42,3229561
2013/11/28,600035.sh,1.41,1.44,1.41,1.42,3075401
2013/11/29,600035.sh,1.42,1.43,1.41,1.41,2197380
2013/12/2,600035.sh,1.41,1.41,1.37,1.38,4318887
2013/12/3,600035.sh,1.38,1.40,1.37,1.39,1777315
2013/12/4,600035.sh,1.39,1.45,1.38,1.43,8381526
2013/12/5,600035.sh,1.43,1.44,1.41,1.43,2790474
2013/12/6,600035.sh,1.43,1.45,1.42,1.43,2830628
2013/12/9,600035.sh,1.43,1.45,1.43,1.44,1821706
2013/12/10,600035.sh,1.44,1.44,1.42,1.42,1800300
2013/12/11,600035.sh,1.43,1.43,1.40,1.41,1769136
2013/12/12,600035.sh,1.41,1.42,1.40,1.41,1313030
2013/12/13,600035.sh,1.40,1.42,1.40,1.41,1230818
2013/12/16,600035.sh,1.42,1.42,1.39,1.40,1710061
2013/12/17,600035.sh,1.40,1.41,1.38,1.41,1772683
2013/12/18,600035.sh,1.41,1.43,1.38,1.40,1896169
2013/12/19,600035.sh,1.40,1.41,1.37,1.38,1720415
2013/12/20,600035.sh,1.38,1.39,1.35,1.36,2251320
2013/12/23,600035.sh,1.37,1.37,1.34,1.35,1341999
2013/12/24,600035.sh,1.35,1.37,1.34,1.35,2017191
2013/12/25,600035.sh,1.35,1.36,1.33,1.36,1388992
2013/12/26,600035.sh,1.35,1.35,1.32,1.33,2654228
2013/12/27,600035.sh,1.33,1.35,1.32,1.34,1503763
2013/12/30,600035.sh,1.35,1.35,1.33,1.34,1491369
2013/12/31,600035.sh,1.34,1.34,1.33,1.34,2671213
2014/1/2,600035.sh,1.34,1.34,1.33,1.33,1724997
2014/1/3,600035.sh,1.33,1.33,1.32,1.33,1496017
2014/1/6,600035.sh,1.33,1.33,1.30,1.30,1438738
2014/1/7,600035.sh,1.30,1.31,1.29,1.30,835061
2014/1/8,600035.sh,1.30,1.33,1.30,1.31,1645601
2014/1/9,600035.sh,1.31,1.31,1.29,1.29,1095750
2014/1/10,600035.sh,1.29,1.29,1.26,1.27,1332034
2014/1/13,600035.sh,1.27,1.29,1.26,1.27,972276
2014/1/14,600035.sh,1.28,1.29,1.27,1.29,1086019
2014/1/15,600035.sh,1.29,1.30,1.28,1.29,896165
2014/1/16,600035.sh,1.29,1.30,1.27,1.30,1043959
2014/1/17,600035.sh,1.29,1.29,1.28,1.28,832416
2014/1/20,600035.sh,1.28,1.28,1.26,1.28,1483643
2014/1/21,600035.sh,1.28,1.30,1.28,1.29,1558843
2014/1/22,600035.sh,1.29,1.33,1.29,1.33,3683919
2014/1/23,600035.sh,1.32,1.34,1.32,1.33,1790759
2014/1/24,600035.sh,1.33,1.35,1.33,1.33,1715151
2014/1/27,600035.sh,1.33,1.33,1.31,1.31,1306982
2014/1/28,600035.sh,1.31,1.33,1.30,1.31,1785200
2014/1/29,600035.sh,1.31,1.32,1.31,1.32,976344
2014/1/30,600035.sh,1.32,1.32,1.30,1.31,975100
2014/2/7,600035.sh,1.30,1.32,1.29,1.31,1973991
2014/2/10,600035.sh,1.31,1.35,1.31,1.33,3196573
2014/2/11,600035.sh,1.33,1.35,1.33,1.34,1960350
2014/2/12,600035.sh,1.34,1.35,1.33,1.35,1837776
2014/2/13,600035.sh,1.34,1.35,1.33,1.33,1956250
2014/2/14,600035.sh,1.33,1.35,1.33,1.35,1634224
2014/2/17,600035.sh,1.34,1.37,1.34,1.37,5240881
2014/2/18,600035.sh,1.37,1.37,1.33,1.35,5984342
2014/2/19,600035.sh,1.35,1.36,1.33,1.35,4343991
2014/2/20,600035.sh,1.35,1.39,1.35,1.36,5599924
2014/2/21,600035.sh,1.36,1.37,1.33,1.33,3459673
2014/2/24,600035.sh,1.34,1.34,1.31,1.32,3193825
2014/2/25,600035.sh,1.32,1.33,1.28,1.29,2610531
2014/2/26,600035.sh,1.28,1.30,1.28,1.30,2805644
2014/2/27,600035.sh,1.29,1.30,1.28,1.29,4480546
2014/2/28,600035.sh,1.29,1.29,1.28,1.29,2355475
2014/3/3,600035.sh,1.29,1.31,1.29,1.30,3005747
2014/3/4,600035.sh,1.30,1.31,1.29,1.29,2788818
2014/3/5,600035.sh,1.30,1.30,1.29,1.29,2154034
2014/3/6,600035.sh,1.29,1.30,1.28,1.29,2902261
2014/3/7,600035.sh,1.30,1.30,1.29,1.30,1783409
2014/3/10,600035.sh,1.30,1.30,1.26,1.26,1933870
2014/3/11,600035.sh,1.26,1.27,1.26,1.27,1934912
2014/3/12,600035.sh,1.27,1.27,1.26,1.27,1750945
2014/3/13,600035.sh,1.27,1.29,1.27,1.28,1735369
2014/3/14,600035.sh,1.27,1.28,1.26,1.28,1327950
2014/3/17,600035.sh,1.28,1.29,1.28,1.29,1782740
2014/3/18,600035.sh,1.29,1.30,1.29,1.29,1658780
2014/3/19,600035.sh,1.29,1.29,1.27,1.29,1676022
2014/3/20,600035.sh,1.29,1.30,1.28,1.28,1633950
2014/3/21,600035.sh,1.28,1.31,1.27,1.31,3400384
2014/3/24,600035.sh,1.30,1.33,1.30,1.32,5456829
2014/3/25,600035.sh,1.32,1.33,1.31,1.32,4313467
2014/3/26,600035.sh,1.38,1.39,1.34,1.35,10002154
2014/3/27,600035.sh,1.34,1.35,1.32,1.34,7487467
2014/3/28,600035.sh,1.33,1.34,1.33,1.34,4309233
2014/3/31,600035.sh,1.34,1.35,1.33,1.33,3828248
2014/4/1,600035.sh,1.33,1.34,1.33,1.34,4810159
2014/4/2,600035.sh,1.34,1.35,1.33,1.34,4440428
2014/4/3,600035.sh,1.34,1.35,1.33,1.34,3933542
2014/4/4,600035.sh,1.34,1.36,1.33,1.36,3633833
2014/4/8,600035.sh,1.35,1.37,1.35,1.36,3379013
2014/4/9,600035.sh,1.36,1.37,1.36,1.37,2778457
2014/4/10,600035.sh,1.37,1.40,1.36,1.38,5895353
2014/4/11,600035.sh,1.37,1.40,1.37,1.39,6586180
2014/4/14,600035.sh,1.39,1.40,1.38,1.39,2665306
2014/4/15,600035.sh,1.39,1.39,1.37,1.37,3080887
2014/4/16,600035.sh,1.37,1.38,1.37,1.38,2411706
2014/4/17,600035.sh,1.38,1.38,1.37,1.38,1655254
2014/4/18,600035.sh,1.38,1.38,1.36,1.37,2361787
2014/4/21,600035.sh,1.36,1.37,1.34,1.34,3603039
2014/4/22,600035.sh,1.34,1.36,1.33,1.35,2008827
2014/4/23,600035.sh,1.35,1.37,1.34,1.36,1915202
2014/4/24,600035.sh,1.37,1.37,1.35,1.36,1538000
2014/4/25,600035.sh,1.36,1.36,1.34,1.34,2185075
2014/4/28,600035.sh,1.34,1.35,1.32,1.32,2521200
2014/4/29,600035.sh,1.33,1.33,1.31,1.33,3065405
2014/4/30,600035.sh,1.33,1.36,1.32,1.35,3221994
2014/5/5,600035.sh,1.35,1.37,1.33,1.36,5190628
2014/5/6,600035.sh,1.37,1.37,1.35,1.36,3004170
2014/5/7,600035.sh,1.35,1.36,1.34,1.35,1552399
2014/5/8,600035.sh,1.36,1.37,1.36,1.37,4247152
2014/5/9,600035.sh,1.37,1.37,1.35,1.37,2278106
2014/5/12,600035.sh,1.37,1.44,1.37,1.44,11497822
2014/5/13,600035.sh,1.43,1.47,1.42,1.44,12336078
2014/5/14,600035.sh,1.45,1.48,1.42,1.42,4941578
2014/5/15,600035.sh,1.42,1.42,1.37,1.38,4600108
2014/5/16,600035.sh,1.38,1.39,1.36,1.39,3190130
2014/5/19,600035.sh,1.39,1.41,1.37,1.40,2611728
2014/5/20,600035.sh,1.40,1.41,1.37,1.39,2857654
2014/5/21,600035.sh,1.38,1.39,1.37,1.39,2214152
2014/5/22,600035.sh,1.39,1.41,1.38,1.39,5193496
2014/5/23,600035.sh,1.39,1.40,1.38,1.40,3207790
2014/5/26,600035.sh,1.40,1.41,1.39,1.41,2799160
2014/5/27,600035.sh,1.41,1.41,1.39,1.39,1895978
2014/5/28,600035.sh,1.40,1.40,1.38,1.39,3332877
2014/5/29,600035.sh,1.38,1.39,1.36,1.37,2695090
2014/5/30,600035.sh,1.38,1.39,1.37,1.38,2047752
2014/6/3,600035.sh,1.38,1.42,1.37,1.41,6100935
2014/6/4,600035.sh,1.41,1.42,1.38,1.39,3639239
2014/6/5,600035.sh,1.39,1.41,1.38,1.40,2123479
2014/6/6,600035.sh,1.40,1.40,1.38,1.39,1353557
2014/6/9,600035.sh,1.39,1.41,1.38,1.39,1886859
2014/6/10,600035.sh,1.39,1.40,1.38,1.39,3312192
2014/6/11,600035.sh,1.39,1.40,1.38,1.39,2110524
2014/6/12,600035.sh,1.39,1.39,1.38,1.39,1513371
2014/6/13,600035.sh,1.38,1.40,1.38,1.39,1796110
2014/6/16,600035.sh,1.39,1.40,1.38,1.39,8100348
2014/6/17,600035.sh,1.39,1.39,1.36,1.37,6650355
2014/6/18,600035.sh,1.36,1.37,1.35,1.35,2966501
2014/6/19,600035.sh,1.35,1.36,1.31,1.32,3223750
2014/6/20,600035.sh,1.32,1.32,1.31,1.32,1996401
2014/6/23,600035.sh,1.32,1.33,1.31,1.32,3371348
2014/6/24,600035.sh,1.32,1.32,1.30,1.32,4773302
2014/6/25,600035.sh,1.32,1.32,1.30,1.32,1826987
2014/6/26,600035.sh,1.32,1.33,1.31,1.33,4803981
2014/6/27,600035.sh,1.33,1.35,1.32,1.34,6780941
2014/6/30,600035.sh,1.35,1.36,1.34,1.35,5151094
2014/7/1,600035.sh,1.35,1.35,1.33,1.35,5853632
2014/7/2,600035.sh,1.35,1.35,1.33,1.35,4261158
2014/7/3,600035.sh,1.35,1.38,1.33,1.37,8905266
2014/7/4,600035.sh,1.37,1.37,1.35,1.36,4466287
2014/7/7,600035.sh,1.36,1.36,1.34,1.36,2607533
2014/7/8,600035.sh,1.36,1.36,1.35,1.36,2842593
2014/7/9,600035.sh,1.35,1.36,1.33,1.33,3975736
2014/7/10,600035.sh,1.33,1.35,1.33,1.34,2734845
2014/7/11,600035.sh,1.35,1.38,1.34,1.37,5772227
2014/7/14,600035.sh,1.37,1.38,1.35,1.36,8851176
2014/7/15,600035.sh,1.36,1.37,1.36,1.37,5154732
2014/7/16,600035.sh,1.37,1.40,1.36,1.38,11018070
2014/7/17,600035.sh,1.38,1.39,1.36,1.38,3882016
2014/7/18,600035.sh,1.37,1.39,1.36,1.39,6817745
2014/7/21,600035.sh,1.38,1.39,1.36,1.37,4436825
2014/7/22,600035.sh,1.37,1.39,1.36,1.39,5582848
2014/7/23,600035.sh,1.38,1.42,1.38,1.40,12528487
2014/7/24,600035.sh,1.40,1.42,1.39,1.41,8068128
2014/7/25,600035.sh,1.41,1.43,1.40,1.43,9494859
2014/7/28,600035.sh,1.44,1.48,1.44,1.46,13761689
2014/7/29,600035.sh,1.46,1.47,1.45,1.46,10415805
2014/7/30,600035.sh,1.46,1.46,1.43,1.45,12434850
2014/7/31,600035.sh,1.46,1.48,1.45,1.48,10891764
2014/8/1,600035.sh,1.48,1.49,1.46,1.46,9140576
2014/8/4,600035.sh,1.46,1.48,1.45,1.48,10308241
2014/8/5,600035.sh,1.48,1.49,1.47,1.48,5695854
2014/8/6,600035.sh,1.48,1.51,1.47,1.50,7683219
2014/8/7,600035.sh,1.50,1.51,1.46,1.46,10088250
2014/8/8,600035.sh,1.46,1.47,1.45,1.47,5569651
2014/8/11,600035.sh,1.47,1.49,1.46,1.49,7392095
2014/8/12,600035.sh,1.49,1.49,1.48,1.49,4593433
2014/8/13,600035.sh,1.49,1.49,1.46,1.48,6508154
2014/8/14,600035.sh,1.48,1.51,1.47,1.48,10316783
2014/8/15,600035.sh,1.48,1.49,1.47,1.49,7012337
2014/8/18,600035.sh,1.49,1.52,1.49,1.52,12299641
2014/8/19,600035.sh,1.51,1.54,1.51,1.53,9170453
2014/8/20,600035.sh,1.54,1.59,1.52,1.58,17606295
2014/8/21,600035.sh,1.58,1.58,1.53,1.55,12332293
2014/8/22,600035.sh,1.54,1.55,1.52,1.55,7308664
2014/8/25,600035.sh,1.55,1.56,1.52,1.54,6165266
2014/8/26,600035.sh,1.54,1.55,1.51,1.52,11885716
2014/8/27,600035.sh,1.52,1.53,1.51,1.52,3306287
2014/8/28,600035.sh,1.52,1.52,1.48,1.49,6057094
2014/8/29,600035.sh,1.49,1.50,1.48,1.50,5020487
2014/9/1,600035.sh,1.49,1.53,1.49,1.53,6919004
2014/9/2,600035.sh,1.53,1.56,1.53,1.55,8972291
2014/9/3,600035.sh,1.56,1.58,1.55,1.56,11807592
2014/9/4,600035.sh,1.64,1.71,1.64,1.71,29952012
2014/9/5,600035.sh,1.84,1.84,1.71,1.76,77114506
2014/9/9,600035.sh,1.72,1.77,1.69,1.73,25999105
2014/9/10,600035.sh,1.73,1.73,1.69,1.71,18707242
2014/9/11,600035.sh,1.71,1.75,1.69,1.72,24630736
2014/9/12,600035.sh,1.71,1.72,1.68,1.72,17615154
2014/9/15,600035.sh,1.71,1.74,1.70,1.74,17682007
2014/9/16,600035.sh,1.74,1.83,1.72,1.74,37074889
2014/9/17,600035.sh,1.72,1.79,1.71,1.78,25510300
2014/9/18,600035.sh,1.78,1.83,1.78,1.81,28376344
2014/9/19,600035.sh,1.81,1.81,1.77,1.80,13376865
2014/9/22,600035.sh,1.79,1.79,1.74,1.74,12039278
2014/9/23,600035.sh,1.72,1.76,1.72,1.75,6399692
2014/9/24,600035.sh,1.75,1.76,1.72,1.76,12460550
2014/9/25,600035.sh,1.76,1.77,1.74,1.74,13260417
2014/9/26,600035.sh,1.72,1.77,1.72,1.77,9486572
2014/9/29,600035.sh,1.77,1.79,1.76,1.78,10628329
2014/9/30,600035.sh,1.79,1.80,1.78,1.80,8334196
2014/10/8,600035.sh,1.79,1.80,1.77,1.80,11270952
2014/10/9,600035.sh,1.80,1.80,1.77,1.80,16541622
2014/10/10,600035.sh,1.79,1.80,1.77,1.78,9934402
2014/10/13,600035.sh,1.77,1.77,1.74,1.76,11094993
2014/10/14,600035.sh,1.75,1.77,1.74,1.74,11018639
2014/10/15,600035.sh,1.74,1.77,1.74,1.77,8316695
2014/10/16,600035.sh,1.76,1.80,1.75,1.78,17813650
2014/10/17,600035.sh,1.76,1.78,1.71,1.74,10872101
2014/10/20,600035.sh,1.73,1.80,1.73,1.80,13477573
2014/10/21,600035.sh,1.79,1.79,1.75,1.75,11709650
2014/10/22,600035.sh,1.75,1.77,1.75,1.76,9516025
2014/10/23,600035.sh,1.76,1.76,1.70,1.71,10510794
2014/10/24,600035.sh,1.71,1.74,1.71,1.72,6468601
2014/10/27,600035.sh,1.71,1.72,1.69,1.71,6143566
2014/10/28,600035.sh,1.71,1.75,1.71,1.75,7170204
2014/10/29,600035.sh,1.75,1.92,1.74,1.89,51279030
2014/10/30,600035.sh,1.89,1.96,1.87,1.91,37920643
2014/10/31,600035.sh,1.91,2.07,1.91,2.02,41391257
2014/11/3,600035.sh,2.04,2.08,1.96,2.06,41449025
2014/11/4,600035.sh,2.06,2.13,2.01,2.07,28011114
2014/11/5,600035.sh,2.03,2.06,1.98,2.01,18227519
2014/11/6,600035.sh,2.03,2.05,1.97,2.00,19284234
2014/11/7,600035.sh,2.03,2.16,2.01,2.11,43111742
2014/11/10,600035.sh,2.17,2.33,2.17,2.33,49606200
2014/11/11,600035.sh,2.41,2.50,2.28,2.33,72358911
2014/11/12,600035.sh,2.32,2.33,2.24,2.31,29635657
2014/11/13,600035.sh,2.27,2.33,2.20,2.24,29673875
2014/11/14,600035.sh,2.25,2.35,2.23,2.31,19098037
2014/11/17,600035.sh,2.31,2.34,2.24,2.27,16351803
2014/11/18,600035.sh,2.28,2.29,2.22,2.29,11469068
2014/11/19,600035.sh,2.29,2.30,2.25,2.30,8258023
2014/11/20,600035.sh,2.28,2.39,2.26,2.37,28408445
2014/11/21,600035.sh,2.38,2.39,2.32,2.36,13740030
2014/11/24,600035.sh,2.36,2.37,2.31,2.33,19112842
2014/11/25,600035.sh,2.34,2.36,2.31,2.34,16443334
2014/11/26,600035.sh,2.34,2.36,2.31,2.33,13580215
2014/11/27,600035.sh,2.34,2.57,2.30,2.57,53592995
2014/11/28,600035.sh,2.64,2.67,2.54,2.56,45161565
2014/12/1,600035.sh,2.56,2.64,2.48,2.59,30694622
2014/12/2,600035.sh,2.56,2.62,2.53,2.59,18620716
2014/12/3,600035.sh,2.57,2.63,2.54,2.60,21551613
2014/12/4,600035.sh,2.59,2.86,2.59,2.79,53919783
2014/12/5,600035.sh,2.78,2.78,2.60,2.65,33070624
2014/12/8,600035.sh,2.63,2.75,2.49,2.67,24811884
2014/12/9,600035.sh,2.67,2.76,2.42,2.47,55711857
2014/12/10,600035.sh,2.44,2.54,2.42,2.54,24148475
2014/12/11,600035.sh,2.56,2.69,2.51,2.59,28372875
2014/12/12,600035.sh,2.61,2.79,2.59,2.72,43182237
2014/12/15,600035.sh,2.69,2.72,2.63,2.71,21179243
2014/12/16,600035.sh,2.70,2.71,2.62,2.67,19082749
2014/12/17,600035.sh,2.67,2.72,2.63,2.68,20173267
2014/12/18,600035.sh,2.68,2.69,2.62,2.65,15580605
2014/12/19,600035.sh,2.65,2.69,2.57,2.66,21709074
2014/12/22,600035.sh,2.66,2.66,2.66,2.66,INVALID
2014/12/23,600035.sh,2.66,2.66,2.66,2.66,INVALID
2014/12/24,600035.sh,2.66,2.66,2.66,2.66,INVALID
2014/12/25,600035.sh,2.66,2.66,2.66,2.66,INVALID
2014/12/26,600035.sh,2.66,2.66,2.66,2.66,INVALID
2014/12/29,600035.sh,2.66,2.66,2.66,2.66,INVALID
2014/12/30,600035.sh,2.66,2.66,2.66,2.66,INVALID
2014/12/31,600035.sh,2.66,2.66,2.66,2.66,INVALID
2015/1/5,600035.sh,2.66,2.66,2.66,2.66,INVALID
2015/1/6,600035.sh,2.66,2.66,2.66,2.66,INVALID
2015/1/7,600035.sh,2.66,2.66,2.66,2.66,INVALID
2015/1/8,600035.sh,2.66,2.66,2.66,2.66,INVALID
2015/1/9,600035.sh,2.66,2.66,2.66,2.66,INVALID
2015/1/12,600035.sh,2.66,2.66,2.66,2.66,INVALID
2015/1/13,600035.sh,2.66,2.66,2.66,2.66,INVALID
2015/1/14,600035.sh,2.66,2.66,2.66,2.66,INVALID
2015/1/15,600035.sh,2.66,2.66,2.66,2.66,INVALID
2015/1/16,600035.sh,2.66,2.66,2.66,2.66,INVALID
2015/1/19,600035.sh,2.66,2.66,2.66,2.66,INVALID
2015/1/20,600035.sh,2.66,2.66,2.66,2.66,INVALID
2015/1/21,600035.sh,2.66,2.66,2.66,2.66,INVALID
2015/1/22,600035.sh,2.66,2.66,2.66,2.66,INVALID
2015/1/23,600035.sh,2.66,2.66,2.66,2.66,INVALID
2015/1/26,600035.sh,2.66,2.66,2.66,2.66,INVALID
2015/1/27,600035.sh,2.66,2.66,2.66,2.66,INVALID
2015/1/28,600035.sh,2.66,2.66,2.66,2.66,INVALID
2015/1/29,600035.sh,2.66,2.66,2.66,2.66,INVALID
2015/1/30,600035.sh,2.66,2.66,2.66,2.66,INVALID
2015/2/2,600035.sh,2.66,2.66,2.66,2.66,INVALID
2015/2/3,600035.sh,2.66,2.66,2.66,2.66,INVALID
2015/2/4,600035.sh,2.66,2.66,2.66,2.66,INVALID
2015/2/5,600035.sh,2.66,2.66,2.66,2.66,INVALID
2015/2/6,600035.sh,2.66,2.66,2.66,2.66,INVALID
2015/2/9,600035.sh,2.66,2.66,2.66,2.66,INVALID
2015/2/10,600035.sh,2.66,2.66,2.66,2.66,INVALID
2015/2/11,600035.sh,2.66,2.66,2.66,2.66,INVALID
2015/2/12,600035.sh,2.66,2.66,2.66,2.66,INVALID
2015/2/13,600035.sh,2.66,2.66,2.66,2.66,INVALID
2015/2/16,600035.sh,2.66,2.66,2.66,2.66,INVALID
2015/2/17,600035.sh,2.66,2.66,2.66,2.66,INVALID
2015/2/25,600035.sh,2.66,2.66,2.66,2.66,INVALID
2015/2/26,600035.sh,2.66,2.66,2.66,2.66,INVALID
2015/2/27,600035.sh,2.66,2.66,2.66,2.66,INVALID
2015/3/2,600035.sh,2.66,2.66,2.66,2.66,INVALID
2015/3/3,600035.sh,2.66,2.66,2.66,2.66,INVALID
2015/3/4,600035.sh,2.66,2.66,2.66,2.66,INVALID
2015/3/5,600035.sh,2.66,2.66,2.66,2.66,INVALID
2015/3/6,600035.sh,2.66,2.66,2.66,2.66,INVALID
2015/3/9,600035.sh,2.66,2.66,2.66,2.66,INVALID
2015/3/10,600035.sh,2.66,2.66,2.66,2.66,INVALID
2015/3/11,600035.sh,2.66,2.66,2.66,2.66,INVALID
2015/3/12,600035.sh,2.66,2.66,2.66,2.66,INVALID
2015/3/13,600035.sh,2.66,2.66,2.66,2.66,INVALID
2015/3/16,600035.sh,2.66,2.66,2.66,2.66,INVALID
2015/3/17,600035.sh,2.66,2.66,2.66,2.66,INVALID
2015/3/18,600035.sh,2.66,2.66,2.66,2.66,INVALID
2015/3/19,600035.sh,2.66,2.66,2.66,2.66,INVALID
2015/3/20,600035.sh,2.66,2.66,2.66,2.66,INVALID
2015/3/23,600035.sh,2.66,2.66,2.66,2.66,INVALID
2015/3/24,600035.sh,2.66,2.66,2.66,2.66,INVALID
2015/3/25,600035.sh,2.66,2.66,2.66,2.66,INVALID
2015/3/26,600035.sh,2.66,2.66,2.66,2.66,INVALID
2015/3/27,600035.sh,2.93,2.93,2.93,2.93,11642101
2015/3/30,600035.sh,3.18,3.18,2.95,3.07,113594380
2015/3/31,600035.sh,3.06,3.08,2.99,2.99,45518867
2015/4/1,600035.sh,3.02,3.06,3.00,3.05,30208261
2015/4/2,600035.sh,3.05,3.12,3.05,3.08,39135016
2015/4/3,600035.sh,3.08,3.17,3.05,3.17,38529843
2015/4/7,600035.sh,3.48,3.48,3.48,3.48,12600818
2015/4/8,600035.sh,3.83,3.83,3.70,3.83,71492159
2015/4/9,600035.sh,4.02,4.22,3.89,4.22,152621029
2015/4/10,600035.sh,4.22,4.64,4.22,4.64,115030600
2015/4/13,600035.sh,4.92,5.10,4.64,5.10,89291296
2015/4/14,600035.sh,5.41,5.61,5.41,5.61,29701856
2015/4/15,600035.sh,6.02,6.17,5.67,6.17,156190421
2015/4/16,600035.sh,6.41,6.79,6.41,6.79,92912617
2015/4/17,600035.sh,7.04,7.47,6.28,6.77,248928537
2015/4/20,600035.sh,6.38,6.78,6.09,6.13,170166817
2015/4/21,600035.sh,5.91,6.26,5.66,6.15,119588398
2015/4/22,600035.sh,5.96,6.17,5.92,6.13,125227967
2015/4/23,600035.sh,6.13,6.13,5.99,6.04,76214265
2015/4/24,600035.sh,5.99,5.99,5.78,5.95,70544790
2015/4/27,600035.sh,6.08,6.13,5.97,6.04,84435342
2015/4/28,600035.sh,6.04,6.06,5.72,5.98,76516428
2015/4/29,600035.sh,5.91,6.12,5.81,6.04,70701663
2015/4/30,600035.sh,6.02,6.02,5.81,5.86,53729274
2015/5/4,600035.sh,5.85,6.08,5.46,6.03,68922396
2015/5/5,600035.sh,5.99,5.99,5.62,5.67,54178102
2015/5/6,600035.sh,5.63,5.78,5.31,5.41,49682020
2015/5/7,600035.sh,5.39,5.39,5.01,5.06,49500793
2015/5/8,600035.sh,5.19,5.23,5.06,5.21,38530156
2015/5/11,600035.sh,5.25,5.46,5.15,5.44,57516958
2015/5/12,600035.sh,5.45,5.67,5.37,5.66,64185878
2015/5/13,600035.sh,5.66,5.81,5.53,5.57,62279371
2015/5/14,600035.sh,5.51,5.56,5.36,5.48,42438287
2015/5/15,600035.sh,5.48,5.74,5.42,5.56,65737052
2015/5/18,600035.sh,5.47,5.71,5.28,5.58,51349650
2015/5/19,600035.sh,5.49,5.77,5.46,5.76,69935429
2015/5/20,600035.sh,5.81,5.91,5.67,5.71,78095864
2015/5/21,600035.sh,5.70,6.12,5.65,6.04,99716940
2015/5/22,600035.sh,6.08,6.27,5.91,6.21,121161555
2015/5/25,600035.sh,6.22,6.63,6.21,6.51,120932551
2015/5/26,600035.sh,6.57,6.63,6.28,6.48,107489961
2015/5/27,600035.sh,6.53,6.58,6.21,6.28,105280746
2015/5/28,600035.sh,6.29,6.47,5.72,5.79,101121932
2015/5/29,600035.sh,5.74,5.84,5.28,5.56,70822423
2015/6/1,600035.sh,5.57,5.88,5.49,5.86,57888896
2015/6/2,600035.sh,5.91,5.92,5.74,5.91,59848414
2015/6/3,600035.sh,5.91,6.35,5.83,6.31,111233282
2015/6/4,600035.sh,6.31,6.31,5.71,6.08,80377453
2015/6/5,600035.sh,6.18,6.28,5.99,6.19,86503129
2015/6/8,600035.sh,6.23,6.78,6.23,6.71,168961235
2015/6/9,600035.sh,6.71,6.71,6.38,6.56,103775291
2015/6/10,600035.sh,6.48,6.60,6.28,6.47,67836515
2015/6/11,600035.sh,6.42,6.78,6.30,6.71,119401341
2015/6/12,600035.sh,6.71,6.91,6.65,6.71,102743597
2015/6/15,600035.sh,6.68,6.98,6.46,6.73,107729006
2015/6/16,600035.sh,6.59,6.78,6.28,6.38,71018370
2015/6/17,600035.sh,6.24,6.54,5.98,6.46,64047079
2015/6/18,600035.sh,6.41,6.56,6.17,6.18,56697190
2015/6/19,600035.sh,5.99,6.06,5.56,5.56,50130664
2015/6/23,600035.sh,5.56,5.67,5.01,5.54,48596384
2015/6/24,600035.sh,5.66,5.79,5.54,5.78,51713415
2015/6/25,600035.sh,5.74,5.78,5.24,5.41,44099179
2015/6/26,600035.sh,5.21,5.28,4.87,4.87,44725349
2015/6/29,600035.sh,5.03,5.08,4.39,4.47,49293805
2015/6/30,600035.sh,4.47,4.92,4.07,4.92,56271697
2015/7/1,600035.sh,4.92,5.14,4.71,4.77,55941743
2015/7/2,600035.sh,4.77,4.88,4.37,4.45,38712515
2015/7/3,600035.sh,4.41,4.59,4.01,4.04,40125692
2015/7/6,600035.sh,4.45,4.45,3.82,4.16,43745361
2015/7/7,600035.sh,4.03,4.03,3.75,3.75,35655254
2015/7/8,600035.sh,3.37,3.37,3.37,3.37,7703400
2015/7/9,600035.sh,3.04,3.71,3.04,3.71,56775616
2015/7/10,600035.sh,3.85,4.08,3.71,4.08,53420733
2015/7/13,600035.sh,4.24,4.49,4.24,4.49,64160395
2015/7/14,600035.sh,4.49,4.77,4.29,4.37,77697016
2015/7/15,600035.sh,4.28,4.28,3.94,3.94,47763476
2015/7/16,600035.sh,3.55,4.15,3.55,3.99,38158810
2015/7/17,600035.sh,3.96,4.30,3.96,4.25,36745781
2015/7/20,600035.sh,4.25,4.37,4.14,4.24,38007710
2015/7/21,600035.sh,4.21,4.67,4.14,4.67,50999334
2015/7/22,600035.sh,5.14,5.14,4.99,5.14,168848914
2015/7/23,600035.sh,5.12,5.31,4.89,5.18,153067180
2015/7/24,600035.sh,5.04,5.14,4.85,4.96,99981832
2015/7/27,600035.sh,4.75,4.89,4.47,4.47,65083539
2015/7/28,600035.sh,4.07,4.49,4.02,4.17,63002688
2015/7/29,600035.sh,4.33,4.54,4.17,4.51,52207435
2015/7/30,600035.sh,4.46,4.73,4.35,4.42,63418813
2015/7/31,600035.sh,4.32,4.42,4.14,4.25,35042305
2015/8/3,600035.sh,4.17,4.23,3.87,4.02,30637789
2015/8/4,600035.sh,4.07,4.32,4.04,4.32,36356515
2015/8/5,600035.sh,4.32,4.54,4.27,4.38,56262580
2015/8/6,600035.sh,4.24,4.36,4.21,4.27,27643905
2015/8/7,600035.sh,4.29,4.41,4.29,4.39,31336114
2015/8/10,600035.sh,4.39,4.67,4.39,4.61,58245160
2015/8/11,600035.sh,4.54,4.77,4.53,4.70,68435216
2015/8/12,600035.sh,4.63,4.92,4.57,4.64,67730739
2015/8/13,600035.sh,4.60,4.72,4.52,4.72,44909750
2015/8/14,600035.sh,4.74,4.83,4.65,4.67,57316905
2015/8/17,600035.sh,4.67,4.75,4.57,4.74,43499375
2015/8/18,600035.sh,4.72,4.80,4.27,4.27,55426360
2015/8/19,600035.sh,4.12,4.44,3.96,4.40,41690323
2015/8/20,600035.sh,4.36,4.72,4.27,4.45,67805159
2015/8/21,600035.sh,4.32,4.42,4.04,4.14,41126200
2015/8/24,600035.sh,3.93,4.04,3.73,3.73,27322579
2015/8/25,600035.sh,3.38,3.55,3.36,3.36,27596127
2015/8/26,600035.sh,3.43,3.52,3.15,3.23,31618927
2015/8/27,600035.sh,3.34,3.41,3.21,3.40,21998772
2015/8/28,600035.sh,3.46,3.70,3.42,3.68,33469026
2015/8/31,600035.sh,3.60,3.64,3.48,3.50,23190755
2015/9/1,600035.sh,3.52,3.56,3.32,3.36,19686331
2015/9/2,600035.sh,3.22,3.45,3.16,3.24,17451745
2015/9/7,600035.sh,3.35,3.44,3.27,3.30,16937318
2015/9/8,600035.sh,3.30,3.47,3.21,3.46,15171064
2015/9/9,600035.sh,3.48,3.60,3.45,3.59,30132875
2015/9/10,600035.sh,3.52,3.56,3.48,3.49,18314787
2015/9/11,600035.sh,3.50,3.54,3.45,3.50,12562154
2015/9/14,600035.sh,3.53,3.53,3.15,3.20,21185520
2015/9/15,600035.sh,3.18,3.20,2.95,2.99,17408430
2015/9/16,600035.sh,3.00,3.29,3.00,3.27,20700824
2015/9/17,600035.sh,3.23,3.32,3.13,3.14,22181815
2015/9/18,600035.sh,3.16,3.20,3.10,3.17,13028508
2015/9/21,600035.sh,3.16,3.25,3.10,3.25,13420110
2015/9/22,600035.sh,3.25,3.30,3.22,3.30,17040951
2015/9/23,600035.sh,3.24,3.26,3.18,3.20,12260704
2015/9/24,600035.sh,3.20,3.26,3.20,3.22,10544408
2015/9/25,600035.sh,3.21,3.22,3.08,3.11,11547751
2015/9/28,600035.sh,3.13,3.15,3.07,3.15,6618849
2015/9/29,600035.sh,3.10,3.12,3.07,3.07,6183259
2015/9/30,600035.sh,3.10,3.13,3.08,3.10,5035694
2015/10/8,600035.sh,3.20,3.23,3.17,3.22,12010589
2015/10/9,600035.sh,3.21,3.30,3.17,3.27,15639454
2015/10/12,600035.sh,3.26,3.43,3.25,3.41,27599497
2015/10/13,600035.sh,3.39,3.56,3.37,3.54,32626077
2015/10/14,600035.sh,3.50,3.52,3.42,3.44,22893728
2015/10/15,600035.sh,3.41,3.55,3.41,3.54,21599513
2015/10/16,600035.sh,3.62,3.71,3.57,3.60,38797102
2015/10/19,600035.sh,3.62,3.62,3.53,3.57,24950463
2015/10/20,600035.sh,3.57,3.59,3.50,3.59,20361668
2015/10/21,600035.sh,3.59,3.68,3.32,3.37,30415250
2015/10/22,600035.sh,3.36,3.50,3.35,3.49,17086294
2015/10/23,600035.sh,3.51,3.57,3.45,3.55,20492557
2015/10/26,600035.sh,3.60,3.68,3.55,3.61,44691261
2015/10/27,600035.sh,3.60,3.60,3.41,3.57,30080699
2015/10/28,600035.sh,3.54,3.60,3.48,3.52,25258559
2015/10/29,600035.sh,3.53,3.56,3.50,3.55,18190862
2015/10/30,600035.sh,3.53,3.58,3.48,3.54,18246207
2015/11/2,600035.sh,3.47,3.61,3.43,3.47,23626562
2015/11/3,600035.sh,3.47,3.52,3.45,3.48,14975824
2015/11/4,600035.sh,3.48,3.67,3.47,3.66,46078032
2015/11/5,600035.sh,3.77,3.96,3.71,3.77,82104030
2015/11/6,600035.sh,3.72,3.91,3.71,3.84,54448896
2015/11/9,600035.sh,3.80,3.90,3.78,3.87,39118450
2015/11/10,600035.sh,3.83,3.85,3.75,3.80,27483853
2015/11/11,600035.sh,3.78,3.83,3.75,3.82,21814683
2015/11/12,600035.sh,3.82,3.84,3.75,3.77,18522346
2015/11/13,600035.sh,3.73,3.75,3.66,3.68,19528192
2015/11/16,600035.sh,3.63,3.72,3.59,3.71,24941117
2015/11/17,600035.sh,3.74,3.81,3.70,3.72,28386038
2015/11/18,600035.sh,3.72,3.74,3.63,3.65,16481284
2015/11/19,600035.sh,3.64,3.71,3.64,3.71,14540645
2015/11/20,600035.sh,3.72,3.74,3.68,3.73,19698048
2015/11/23,600035.sh,3.75,3.77,3.68,3.70,23096237
2015/11/24,600035.sh,3.69,3.70,3.64,3.70,14711055
2015/11/25,600035.sh,3.70,3.72,3.67,3.72,14290206
2015/11/26,600035.sh,3.72,3.76,3.70,3.72,17260403
2015/11/27,600035.sh,3.70,3.72,3.44,3.47,24164539
2015/11/30,600035.sh,3.48,3.51,3.32,3.44,16954027
2015/12/1,600035.sh,3.43,3.49,3.39,3.47,11397150
2015/12/2,600035.sh,3.47,3.56,3.45,3.56,14132943
2015/12/3,600035.sh,3.57,3.61,3.52,3.58,14698922
2015/12/4,600035.sh,3.55,3.57,3.52,3.53,13471535
2015/12/7,600035.sh,3.55,3.57,3.52,3.57,10448595
2015/12/8,600035.sh,3.57,3.57,3.44,3.46,11933674
2015/12/9,600035.sh,3.44,3.47,3.42,3.44,7411277
2015/12/10,600035.sh,3.43,3.47,3.42,3.45,7244172
2015/12/11,600035.sh,3.43,3.45,3.41,3.44,6903188
2015/12/14,600035.sh,3.42,3.50,3.37,3.50,8792300
2015/12/15,600035.sh,3.50,3.54,3.48,3.49,8388721
2015/12/16,600035.sh,3.50,3.53,3.47,3.50,8723156
2015/12/17,600035.sh,3.52,3.58,3.52,3.56,16437433
2015/12/18,600035.sh,3.56,3.61,3.55,3.61,24442848
2015/12/21,600035.sh,3.60,3.82,3.59,3.78,47428550
2015/12/22,600035.sh,3.77,3.77,3.71,3.74,21091406
2015/12/23,600035.sh,3.75,4.11,3.75,4.11,62618378
2015/12/24,600035.sh,4.13,4.14,3.85,3.92,62568303
2015/12/25,600035.sh,3.92,4.31,3.89,4.31,129875974
2015/12/28,600035.sh,4.26,4.74,4.19,4.73,150041069
2015/12/29,600035.sh,4.57,4.76,4.34,4.61,107998603
2015/12/30,600035.sh,4.58,4.93,4.46,4.66,88796216
2015/12/31,600035.sh,4.66,4.89,4.59,4.68,54908853
2016/1/4,600035.sh,4.66,4.79,4.21,4.24,41867939
2016/1/5,600035.sh,4.03,4.51,3.97,4.49,65695223
2016/1/6,600035.sh,4.43,4.91,4.42,4.80,71530180
2016/1/7,600035.sh,4.68,4.74,4.32,4.34,16442440
2016/1/8,600035.sh,4.57,4.75,4.22,4.64,73014008
2016/1/11,600035.sh,4.49,4.78,4.42,4.52,70252196
2016/1/12,600035.sh,4.50,4.72,4.34,4.43,63215263
2016/1/13,600035.sh,4.44,4.46,3.99,3.99,57930837
2016/1/14,600035.sh,3.81,4.22,3.72,4.14,39592779
2016/1/15,600035.sh,4.09,4.24,4.02,4.09,30989429
2016/1/18,600035.sh,4.02,4.25,3.92,4.19,31607071
2016/1/19,600035.sh,4.21,4.61,4.17,4.61,42403127
2016/1/20,600035.sh,4.62,4.86,4.52,4.69,58400105
2016/1/21,600035.sh,4.59,4.73,4.46,4.47,40825643
2016/1/22,600035.sh,4.51,4.62,4.22,4.49,34225641
2016/1/25,600035.sh,4.49,4.56,4.42,4.49,21979293
2016/1/26,600035.sh,4.46,4.46,4.04,4.07,38484574
2016/1/27,600035.sh,4.00,4.09,3.67,3.92,27749673
2016/1/28,600035.sh,3.87,4.02,3.75,3.75,22156542
2016/1/29,600035.sh,3.70,3.95,3.68,3.87,19641772
2016/2/1,600035.sh,3.88,3.89,3.64,3.71,13813645
2016/2/2,600035.sh,3.73,3.92,3.71,3.81,15509611
2016/2/3,600035.sh,3.77,3.81,3.67,3.80,12724918
2016/2/4,600035.sh,3.81,3.89,3.77,3.84,16066030
2016/2/5,600035.sh,3.86,3.89,3.77,3.77,9261281
2016/2/15,600035.sh,3.64,3.73,3.61,3.67,11683026
2016/2/16,600035.sh,3.66,3.84,3.66,3.84,15543998
2016/2/17,600035.sh,3.84,3.89,3.80,3.85,17919891
2016/2/18,600035.sh,3.87,4.04,3.86,3.87,22708549
2016/2/19,600035.sh,3.88,3.89,3.80,3.84,14865257
2016/2/22,600035.sh,3.89,4.03,3.88,4.02,23312846
2016/2/23,600035.sh,4.03,4.05,3.89,3.96,18976534
2016/2/24,600035.sh,3.92,4.26,3.92,4.13,27245425
2016/2/25,600035.sh,4.12,4.12,3.72,3.73,28740649
2016/2/26,600035.sh,3.73,3.82,3.64,3.76,17941430
2016/2/29,600035.sh,3.70,3.75,3.45,3.52,16285606
2016/3/1,600035.sh,3.60,3.65,3.46,3.60,13085514
2016/3/2,600035.sh,3.59,3.89,3.57,3.87,21550543
2016/3/3,600035.sh,3.82,3.89,3.79,3.82,22565292
2016/3/4,600035.sh,3.80,3.80,3.62,3.69,17650727
2016/3/7,600035.sh,3.72,3.77,3.69,3.73,11241085
2016/3/8,600035.sh,3.74,3.74,3.56,3.70,13812703
2016/3/9,600035.sh,3.61,3.69,3.57,3.63,9303468
2016/3/10,600035.sh,3.65,3.67,3.58,3.58,7193393
2016/3/11,600035.sh,3.56,3.62,3.52,3.58,5787364
2016/3/14,600035.sh,3.61,3.70,3.61,3.66,13994131
2016/3/15,600035.sh,3.65,3.67,3.58,3.62,8406896
2016/3/16,600035.sh,3.63,3.64,3.57,3.59,7156229
2016/3/17,600035.sh,3.60,3.67,3.58,3.65,11808996
2016/3/18,600035.sh,3.65,3.76,3.64,3.73,19622565
2016/3/21,600035.sh,3.75,3.82,3.74,3.81,22803728
2016/3/22,600035.sh,3.77,3.79,3.72,3.75,18236562
2016/3/23,600035.sh,3.75,3.80,3.71,3.78,13402716
2016/3/24,600035.sh,3.74,3.92,3.72,3.80,26706647
2016/3/25,600035.sh,3.78,3.85,3.75,3.82,17792726
2016/3/28,600035.sh,3.86,3.89,3.77,3.81,20348723
2016/3/29,600035.sh,3.80,3.82,3.72,3.76,12676251
2016/3/30,600035.sh,3.78,3.85,3.75,3.85,16318154
2016/3/31,600035.sh,3.84,3.86,3.80,3.82,18093864
2016/4/1,600035.sh,3.80,3.82,3.70,3.77,16407750
2016/4/5,600035.sh,3.73,3.81,3.73,3.80,16162816
2016/4/6,600035.sh,3.80,3.80,3.76,3.79,14058312
2016/4/7,600035.sh,3.79,3.80,3.72,3.72,15604081
2016/4/8,600035.sh,3.69,3.70,3.64,3.67,13243509
2016/4/11,600035.sh,3.67,3.67,3.67,3.67,INVALID
2016/4/12,600035.sh,3.67,3.67,3.67,3.67,INVALID
2016/4/13,600035.sh,3.67,3.67,3.67,3.67,INVALID
2016/4/14,600035.sh,3.67,3.67,3.67,3.67,INVALID
2016/4/15,600035.sh,3.67,3.67,3.67,3.67,INVALID
2016/4/18,600035.sh,3.67,3.67,3.67,3.67,INVALID
2016/4/19,600035.sh,3.67,3.67,3.67,3.67,INVALID
2016/4/20,600035.sh,3.67,3.67,3.67,3.67,INVALID
2016/4/21,600035.sh,3.67,3.67,3.67,3.67,INVALID
2016/4/22,600035.sh,3.67,3.67,3.67,3.67,INVALID
2016/4/25,600035.sh,3.67,3.67,3.67,3.67,INVALID
2016/4/26,600035.sh,3.67,3.67,3.67,3.67,INVALID
2016/4/27,600035.sh,3.67,3.67,3.67,3.67,INVALID
2016/4/28,600035.sh,3.67,3.67,3.67,3.67,INVALID
2016/4/29,600035.sh,3.67,3.67,3.67,3.67,INVALID
2016/5/3,600035.sh,3.67,3.67,3.67,3.67,INVALID
2016/5/4,600035.sh,3.67,3.67,3.67,3.67,INVALID
2016/5/5,600035.sh,3.67,3.67,3.67,3.67,INVALID
2016/5/6,600035.sh,3.67,3.67,3.67,3.67,INVALID
2016/5/9,600035.sh,3.67,3.67,3.67,3.67,INVALID
2016/5/10,600035.sh,3.67,3.67,3.67,3.67,INVALID
2016/5/11,600035.sh,3.67,3.67,3.67,3.67,INVALID
2016/5/12,600035.sh,3.67,3.67,3.67,3.67,INVALID
2016/5/13,600035.sh,3.67,3.67,3.67,3.67,INVALID
2016/5/16,600035.sh,3.67,3.67,3.67,3.67,INVALID
2016/5/17,600035.sh,3.67,3.67,3.67,3.67,INVALID
2016/5/18,600035.sh,3.67,3.67,3.67,3.67,INVALID
2016/5/19,600035.sh,3.67,3.67,3.67,3.67,INVALID
2016/5/20,600035.sh,3.67,3.67,3.67,3.67,INVALID
2016/5/23,600035.sh,3.67,3.67,3.67,3.67,INVALID
2016/5/24,600035.sh,3.67,3.67,3.67,3.67,INVALID
2016/5/25,600035.sh,3.67,3.67,3.67,3.67,INVALID
2016/5/26,600035.sh,3.67,3.67,3.67,3.67,INVALID
2016/5/27,600035.sh,3.67,3.67,3.67,3.67,INVALID
2016/5/30,600035.sh,3.67,3.67,3.67,3.67,INVALID
2016/5/31,600035.sh,3.67,3.67,3.67,3.67,INVALID
2016/6/1,600035.sh,3.67,3.67,3.67,3.67,INVALID
2016/6/2,600035.sh,3.67,3.67,3.67,3.67,INVALID
2016/6/3,600035.sh,3.67,3.67,3.67,3.67,INVALID
2016/6/6,600035.sh,3.67,3.67,3.67,3.67,INVALID
2016/6/7,600035.sh,3.67,3.67,3.67,3.67,INVALID
2016/6/8,600035.sh,3.67,3.67,3.67,3.67,INVALID
2016/6/13,600035.sh,3.67,3.67,3.67,3.67,INVALID
2016/6/14,600035.sh,3.67,3.67,3.67,3.67,INVALID
2016/6/15,600035.sh,3.67,3.67,3.67,3.67,INVALID
2016/6/16,600035.sh,3.67,3.67,3.67,3.67,INVALID
2016/6/17,600035.sh,3.67,3.67,3.67,3.67,INVALID
2016/6/20,600035.sh,3.67,3.67,3.67,3.67,INVALID
2016/6/21,600035.sh,3.67,3.67,3.67,3.67,INVALID
2016/6/22,600035.sh,3.67,3.67,3.67,3.67,INVALID
2016/6/23,600035.sh,3.67,3.67,3.67,3.67,INVALID
2016/6/24,600035.sh,3.67,3.67,3.67,3.67,INVALID
2016/6/27,600035.sh,3.67,3.67,3.67,3.67,INVALID
2016/6/28,600035.sh,3.67,3.67,3.67,3.67,INVALID
2016/6/29,600035.sh,3.67,3.67,3.67,3.67,INVALID
2016/6/30,600035.sh,3.67,3.67,3.67,3.67,INVALID
2016/7/1,600035.sh,3.67,3.67,3.67,3.67,INVALID
2016/7/4,600035.sh,3.67,3.67,3.67,3.67,INVALID
2016/7/5,600035.sh,3.67,3.67,3.67,3.67,INVALID
2016/7/6,600035.sh,3.67,3.67,3.67,3.67,INVALID
2016/7/7,600035.sh,3.67,3.67,3.67,3.67,INVALID
2016/7/8,600035.sh,3.67,3.67,3.67,3.67,INVALID
2016/7/11,600035.sh,3.67,3.67,3.67,3.67,INVALID
2016/7/12,600035.sh,3.67,3.67,3.67,3.67,INVALID
2016/7/13,600035.sh,3.67,3.67,3.67,3.67,INVALID
2016/7/14,600035.sh,3.67,3.67,3.67,3.67,INVALID
2016/7/15,600035.sh,3.67,3.67,3.67,3.67,INVALID
2016/7/18,600035.sh,3.67,3.67,3.67,3.67,INVALID
2016/7/19,600035.sh,3.67,3.67,3.67,3.67,INVALID
2016/7/20,600035.sh,3.67,3.67,3.67,3.67,INVALID
2016/7/21,600035.sh,3.67,3.67,3.67,3.67,INVALID
2016/7/22,600035.sh,3.67,3.67,3.67,3.67,INVALID
2016/7/25,600035.sh,3.67,3.67,3.67,3.67,INVALID
2016/7/26,600035.sh,3.67,3.67,3.67,3.67,INVALID
2016/7/27,600035.sh,3.67,3.67,3.67,3.67,INVALID
2016/7/28,600035.sh,3.67,3.67,3.67,3.67,INVALID
2016/7/29,600035.sh,3.67,3.67,3.67,3.67,INVALID
2016/8/1,600035.sh,4.04,4.04,4.04,4.04,2979716
2016/8/2,600035.sh,4.44,4.44,4.16,4.25,78483062
2016/8/3,600035.sh,4.14,4.28,4.04,4.23,50632438
2016/8/4,600035.sh,4.18,4.62,4.11,4.51,83761416
2016/8/5,600035.sh,4.41,4.57,4.31,4.40,56200871
2016/8/8,600035.sh,4.36,4.47,4.26,4.28,36782808
2016/8/9,600035.sh,4.28,4.31,4.22,4.30,24040756
2016/8/10,600035.sh,4.28,4.39,4.25,4.25,24090754
2016/8/11,600035.sh,4.19,4.22,4.12,4.12,24274242
2016/8/12,600035.sh,4.14,4.17,4.05,4.16,16080569
2016/8/15,600035.sh,4.15,4.26,4.14,4.23,23638590
2016/8/16,600035.sh,4.21,4.24,4.17,4.22,18953332
2016/8/17,600035.sh,4.21,4.23,4.18,4.21,14345863
2016/8/18,600035.sh,4.21,4.24,4.17,4.19,14854394
2016/8/19,600035.sh,4.18,4.19,4.12,4.16,13156391
2016/8/22,600035.sh,4.15,4.25,4.15,4.18,19546988
2016/8/23,600035.sh,4.16,4.18,4.10,4.15,11968002
2016/8/24,600035.sh,4.16,4.17,4.10,4.12,8876675
2016/8/25,600035.sh,4.09,4.10,4.01,4.02,13182957
2016/8/26,600035.sh,4.00,4.04,4.00,4.02,7979364
2016/8/29,600035.sh,4.02,4.07,4.01,4.02,6041300
2016/8/30,600035.sh,4.03,4.07,4.00,4.02,7490606
2016/8/31,600035.sh,4.01,4.03,3.98,4.03,6079165
2016/9/1,600035.sh,4.04,4.05,3.98,3.98,7621882
2016/9/2,600035.sh,3.97,3.98,3.91,3.92,8385033
2016/9/5,600035.sh,3.93,4.02,3.93,4.02,21250010
2016/9/6,600035.sh,4.00,4.04,3.96,4.04,9585690
2016/9/7,600035.sh,4.06,4.06,4.02,4.02,8255668
2016/9/8,600035.sh,4.01,4.02,3.96,3.98,6553482
2016/9/9,600035.sh,3.97,3.99,3.92,3.94,6077809
2016/9/12,600035.sh,3.90,3.90,3.79,3.80,11222528
2016/9/13,600035.sh,3.82,3.83,3.80,3.81,4674895
2016/9/14,600035.sh,3.80,3.83,3.78,3.81,4058708
2016/9/19,600035.sh,3.83,3.85,3.81,3.83,4161718
2016/9/20,600035.sh,3.83,3.86,3.81,3.83,4877532
2016/9/21,600035.sh,3.81,3.85,3.81,3.83,4852153
2016/9/22,600035.sh,3.85,3.85,3.81,3.82,6938069
2016/9/23,600035.sh,3.83,3.83,3.79,3.80,4997080
2016/9/26,600035.sh,3.80,3.81,3.76,3.76,5611000
2016/9/27,600035.sh,3.78,3.78,3.72,3.75,5007686
2016/9/28,600035.sh,3.76,3.86,3.74,3.85,8882271
2016/9/29,600035.sh,3.83,3.85,3.81,3.81,4764880
2016/9/30,600035.sh,3.81,3.83,3.80,3.82,4268012
2016/10/10,600035.sh,3.83,3.84,3.80,3.84,9087535
2016/10/11,600035.sh,3.85,3.86,3.83,3.86,8092800
2016/10/12,600035.sh,3.86,3.86,3.83,3.84,6683562
2016/10/13,600035.sh,3.83,3.86,3.83,3.84,5912500
2016/10/14,600035.sh,3.83,3.84,3.80,3.83,6536732
2016/10/17,600035.sh,3.84,3.90,3.83,3.85,12311478
2016/10/18,600035.sh,3.85,3.91,3.84,3.89,8453155
2016/10/19,600035.sh,3.89,3.89,3.86,3.87,6241775
2016/10/20,600035.sh,3.87,3.89,3.86,3.87,6160250
2016/10/21,600035.sh,3.87,3.87,3.83,3.84,6698432
2016/10/24,600035.sh,3.83,3.88,3.83,3.87,8006085
2016/10/25,600035.sh,3.87,3.88,3.85,3.86,7284541
2016/10/26,600035.sh,3.86,3.88,3.85,3.87,8545659
2016/10/27,600035.sh,3.87,3.88,3.85,3.86,5569840
2016/10/28,600035.sh,3.86,3.86,3.82,3.83,5875096
2016/10/31,600035.sh,3.81,3.83,3.80,3.82,4259164
2016/11/1,600035.sh,3.82,3.85,3.81,3.84,4881932
2016/11/2,600035.sh,3.83,3.85,3.82,3.84,6190777
2016/11/3,600035.sh,3.83,3.86,3.82,3.86,6745475
2016/11/4,600035.sh,3.86,3.86,3.83,3.83,6326511
2016/11/7,600035.sh,3.83,3.85,3.82,3.84,4400526
2016/11/8,600035.sh,3.85,3.87,3.84,3.85,8795470
2016/11/9,600035.sh,3.85,3.86,3.80,3.83,8169320
2016/11/10,600035.sh,3.85,3.98,3.84,3.92,20345138
2016/11/11,600035.sh,3.91,3.94,3.88,3.93,12969226
2016/11/14,600035.sh,3.93,4.12,3.90,4.06,28876210
2016/11/15,600035.sh,4.04,4.17,4.02,4.13,24572845
2016/11/16,600035.sh,4.12,4.23,4.09,4.16,22793338
2016/11/17,600035.sh,4.16,4.16,4.16,4.16,INVALID
2016/11/18,600035.sh,4.16,4.16,4.16,4.16,INVALID
2016/11/21,600035.sh,4.16,4.16,4.16,4.16,INVALID
2016/11/22,600035.sh,4.16,4.16,4.16,4.16,INVALID
2016/11/23,600035.sh,4.16,4.16,4.16,4.16,INVALID
2016/11/24,600035.sh,4.16,4.16,4.16,4.16,INVALID
2016/11/25,600035.sh,4.16,4.16,4.16,4.16,INVALID
2016/11/28,600035.sh,4.36,4.36,4.12,4.15,39236673
2016/11/29,600035.sh,4.12,4.17,4.01,4.02,21871855
2016/11/30,600035.sh,4.04,4.23,4.03,4.12,27683036
2016/12/1,600035.sh,4.13,4.19,4.04,4.07,15822349
2016/12/2,600035.sh,4.08,4.12,4.01,4.05,13710917
2016/12/5,600035.sh,4.01,4.06,3.99,4.04,8714533
2016/12/6,600035.sh,4.09,4.15,4.03,4.04,11351711
2016/12/7,600035.sh,4.04,4.10,4.01,4.09,10504512
2016/12/8,600035.sh,4.08,4.11,4.05,4.07,9495794
2016/12/9,600035.sh,4.09,4.12,4.04,4.11,10691571
2016/12/12,600035.sh,4.11,4.13,3.91,3.92,11571205
2016/12/13,600035.sh,3.87,3.99,3.86,3.96,8302849
2016/12/14,600035.sh,3.96,4.17,3.95,4.10,19022923
2016/12/15,600035.sh,4.09,4.20,4.03,4.11,13403741
2016/12/16,600035.sh,4.12,4.17,4.09,4.14,12342680
2016/12/19,600035.sh,4.14,4.29,4.13,4.27,21888897
2016/12/20,600035.sh,4.27,4.28,4.22,4.25,11185224
2016/12/21,600035.sh,4.28,4.37,4.25,4.30,16447497
2016/12/22,600035.sh,4.30,4.33,4.23,4.31,9839673
2016/12/23,600035.sh,4.31,4.38,4.24,4.30,9905212
2016/12/26,600035.sh,4.33,4.36,4.25,4.36,16767601
2016/12/27,600035.sh,4.37,4.39,4.28,4.29,10705868
2016/12/28,600035.sh,4.26,4.34,4.21,4.28,13926603
2016/12/29,600035.sh,4.30,4.49,4.29,4.49,25060205
2016/12/30,600035.sh,4.52,4.52,4.41,4.47,15408130
2017/1/3,600035.sh,4.47,4.47,4.41,4.43,8786172
2017/1/4,600035.sh,4.44,4.49,4.39,4.45,12201720
2017/1/5,600035.sh,4.46,4.49,4.41,4.46,11392975
2017/1/6,600035.sh,4.47,4.49,4.39,4.45,8918671
2017/1/9,600035.sh,4.45,4.46,4.33,4.39,11232849
2017/1/10,600035.sh,4.44,4.45,4.39,4.42,7344530
2017/1/11,600035.sh,4.49,4.49,4.40,4.43,6839434
2017/1/12,600035.sh,4.44,4.45,4.36,4.41,8056397
2017/1/13,600035.sh,4.41,4.41,4.27,4.31,10034954
2017/1/16,600035.sh,4.31,4.31,4.01,4.17,9074408
2017/1/17,600035.sh,4.15,4.26,4.13,4.25,5192763
2017/1/18,600035.sh,4.25,4.31,4.14,4.20,6069099
2017/1/19,600035.sh,4.24,4.25,4.16,4.17,2330600
2017/1/20,600035.sh,4.16,4.20,4.11,4.19,4139022
2017/1/23,600035.sh,4.15,4.23,4.15,4.21,6842501
2017/1/24,600035.sh,4.21,4.22,4.17,4.20,2794523
2017/1/25,600035.sh,4.17,4.23,4.17,4.20,3152314
2017/1/26,600035.sh,4.20,4.23,4.18,4.22,2097979
2017/2/3,600035.sh,4.23,4.24,4.14,4.23,3918326
2017/2/6,600035.sh,4.24,4.27,4.22,4.25,3642460
2017/2/7,600035.sh,4.27,4.35,4.25,4.31,5054936
2017/2/8,600035.sh,4.32,4.35,4.30,4.32,3959199
2017/2/9,600035.sh,4.33,4.40,4.32,4.34,5352736
2017/2/10,600035.sh,4.38,4.44,4.33,4.43,12088282
2017/2/13,600035.sh,4.45,4.45,4.36,4.39,7417457
2017/2/14,600035.sh,4.39,4.39,4.35,4.36,4656856
2017/2/15,600035.sh,4.36,4.38,4.33,4.33,3864501
2017/2/16,600035.sh,4.34,4.39,4.33,4.38,4726405
2017/2/17,600035.sh,4.39,4.39,4.28,4.31,6564223
2017/2/20,600035.sh,4.30,4.36,4.25,4.35,6043243
2017/2/21,600035.sh,4.36,4.37,4.33,4.35,4413692
2017/2/22,600035.sh,4.33,4.36,4.28,4.36,7549315
2017/2/23,600035.sh,4.36,4.39,4.33,4.38,8253029
2017/2/24,600035.sh,4.39,4.40,4.35,4.39,6312161
2017/2/27,600035.sh,4.39,4.41,4.34,4.39,6099531
2017/2/28,600035.sh,4.36,4.39,4.34,4.36,3422918
2017/3/1,600035.sh,4.35,4.40,4.33,4.39,5156621
2017/3/2,600035.sh,4.39,4.39,4.33,4.33,4765602
2017/3/3,600035.sh,4.33,4.33,4.26,4.31,4741870
2017/3/6,600035.sh,4.27,4.34,4.27,4.31,4202040
2017/3/7,600035.sh,4.31,4.33,4.28,4.29,4874639
2017/3/8,600035.sh,4.31,4.31,4.24,4.25,4308580
2017/3/9,600035.sh,4.23,4.28,4.23,4.26,3863255
2017/3/10,600035.sh,4.26,4.30,4.23,4.29,3446648
2017/3/13,600035.sh,4.25,4.31,4.22,4.28,4477687
2017/3/14,600035.sh,4.30,4.31,4.25,4.30,4881287
2017/3/15,600035.sh,4.30,4.30,4.23,4.24,4070243
2017/3/16,600035.sh,4.23,4.32,4.23,4.31,5815100
2017/3/17,600035.sh,4.31,4.33,4.28,4.28,3928851
2017/3/20,600035.sh,4.28,4.31,4.25,4.28,4639186
2017/3/21,600035.sh,4.27,4.30,4.24,4.25,4550805
2017/3/22,600035.sh,4.25,4.25,4.19,4.21,5793119
2017/3/23,600035.sh,4.18,4.23,4.17,4.17,5024693
2017/3/24,600035.sh,4.15,4.22,4.15,4.21,3772494
2017/3/27,600035.sh,4.22,4.25,4.15,4.20,4438140
2017/3/28,600035.sh,4.22,4.22,4.18,4.20,2148539
2017/3/29,600035.sh,4.20,4.48,4.17,4.35,16324937
2017/3/30,600035.sh,4.31,4.36,4.23,4.29,12716220
2017/3/31,600035.sh,4.27,4.29,4.21,4.23,5876518
2017/4/5,600035.sh,4.25,4.27,4.19,4.26,5630815
2017/4/6,600035.sh,4.26,4.33,4.23,4.29,11998017
2017/4/7,600035.sh,4.28,4.31,4.25,4.27,4702340
2017/4/10,600035.sh,4.27,4.31,4.23,4.24,4516917
2017/4/11,600035.sh,4.23,4.26,4.17,4.26,6291092
2017/4/12,600035.sh,4.25,4.31,4.23,4.25,8505770
2017/4/13,600035.sh,4.25,4.30,4.23,4.30,7808199
2017/4/14,600035.sh,4.29,4.30,4.23,4.23,5058730
2017/4/17,600035.sh,4.22,4.23,4.15,4.17,5529698
2017/4/18,600035.sh,4.13,4.24,4.12,4.16,6756497
2017/4/19,600035.sh,4.16,4.16,4.03,4.10,8800170
2017/4/20,600035.sh,4.04,4.14,4.04,4.09,6003311
2017/4/21,600035.sh,4.05,4.15,4.02,4.04,6628896
2017/4/24,600035.sh,4.04,4.07,3.96,3.99,5782328
2017/4/25,600035.sh,3.99,4.06,3.99,4.04,3623723
2017/4/26,600035.sh,4.04,4.07,4.04,4.04,2478671
2017/4/27,600035.sh,4.05,4.07,4.00,4.06,2995053
2017/4/28,600035.sh,4.06,4.08,4.05,4.07,1631647
2017/5/2,600035.sh,4.09,4.19,4.05,4.15,5525765
2017/5/3,600035.sh,4.15,4.18,4.12,4.18,2858088
2017/5/4,600035.sh,4.16,4.23,4.15,4.20,3165016
2017/5/5,600035.sh,4.16,4.22,4.16,4.18,2845832
2017/5/8,600035.sh,4.16,4.22,4.08,4.09,3556461
2017/5/9,600035.sh,4.10,4.13,4.04,4.07,3342773
2017/5/10,600035.sh,4.07,4.13,4.05,4.07,3767093
2017/5/11,600035.sh,4.07,4.08,3.95,4.03,3876671
2017/5/12,600035.sh,4.03,4.08,4.01,4.07,1668823
2017/5/15,600035.sh,4.09,4.12,3.99,4.09,1833607
2017/5/16,600035.sh,4.11,4.11,4.04,4.10,2623196
2017/5/17,600035.sh,4.11,4.16,4.10,4.15,3410332
2017/5/18,600035.sh,4.14,4.17,4.11,4.13,3220437
2017/5/19,600035.sh,4.14,4.17,4.11,4.13,1353547
2017/5/22,600035.sh,4.15,4.15,4.09,4.10,1722902
2017/5/23,600035.sh,4.09,4.10,4.04,4.07,2308904
2017/5/24,600035.sh,4.09,4.09,4.01,4.06,2812365
2017/5/25,600035.sh,4.07,4.10,4.02,4.09,3286548
2017/5/26,600035.sh,4.10,4.10,4.04,4.05,2032252
2017/5/31,600035.sh,4.07,4.10,4.02,4.04,2951264
2017/6/1,600035.sh,4.04,4.07,3.99,4.01,3402920
2017/6/2,600035.sh,4.01,4.04,3.96,4.04,2899981
2017/6/5,600035.sh,4.04,4.07,4.01,4.04,2506566
2017/6/6,600035.sh,4.04,4.07,4.01,4.05,1069976
2017/6/7,600035.sh,4.07,4.10,4.03,4.10,2767130
2017/6/8,600035.sh,4.10,4.10,4.06,4.07,2494240
2017/6/9,600035.sh,4.06,4.13,4.06,4.13,4803393
2017/6/12,600035.sh,4.13,4.18,4.10,4.11,4409158
2017/6/13,600035.sh,4.10,4.15,4.08,4.13,5204650
2017/6/14,600035.sh,4.14,4.15,4.10,4.13,3128360
2017/6/15,600035.sh,4.12,4.16,4.10,4.15,3749893
2017/6/16,600035.sh,4.15,4.17,4.11,4.13,3956034
2017/6/19,600035.sh,4.13,4.15,4.10,4.15,2694656
2017/6/20,600035.sh,4.14,4.15,4.12,4.13,2105413
2017/6/21,600035.sh,4.14,4.15,4.11,4.13,1519456
2017/6/22,600035.sh,4.13,4.17,4.10,4.13,6358673
2017/6/23,600035.sh,4.11,4.13,4.07,4.11,3023867
2017/6/26,600035.sh,4.09,4.12,4.07,4.10,7714661
2017/6/27,600035.sh,4.10,4.11,4.08,4.10,2836764
2017/6/28,600035.sh,4.10,4.27,4.07,4.15,8978880
2017/6/29,600035.sh,4.12,4.15,4.09,4.10,6031899
2017/6/30,600035.sh,4.10,4.11,4.04,4.07,5876617
2017/7/3,600035.sh,4.07,4.15,4.07,4.11,5891316
2017/7/4,600035.sh,4.11,4.13,4.10,4.11,4479502
2017/7/5,600035.sh,4.11,4.15,4.10,4.13,4559701
2017/7/6,600035.sh,4.12,4.20,4.11,4.16,5300408
2017/7/7,600035.sh,4.14,4.16,4.13,4.16,3519097
2017/7/10,600035.sh,4.17,4.25,4.15,4.20,7528297
2017/7/11,600035.sh,4.22,4.22,4.14,4.15,4261331
2017/7/12,600035.sh,4.17,4.18,4.09,4.15,4870749
2017/7/13,600035.sh,4.14,4.15,4.10,4.15,3695851
2017/7/14,600035.sh,4.15,4.15,4.10,4.12,3038400
2017/7/17,600035.sh,4.11,4.12,3.70,3.98,5161785
2017/7/18,600035.sh,3.95,4.00,3.92,3.97,3130797
2017/7/19,600035.sh,3.95,4.05,3.94,4.04,4595643
2017/7/20,600035.sh,4.04,4.09,4.03,4.05,3295121
2017/7/21,600035.sh,4.05,4.10,4.04,4.07,3488341
2017/7/24,600035.sh,4.13,4.34,4.11,4.30,22715895
2017/7/25,600035.sh,4.25,4.30,4.15,4.20,13068380
2017/7/26,600035.sh,4.20,4.21,4.12,4.15,7809826
2017/7/27,600035.sh,4.15,4.21,4.13,4.19,6308631
2017/7/28,600035.sh,4.20,4.20,4.13,4.14,5209401
2017/7/31,600035.sh,4.14,4.20,4.11,4.20,7641892
2017/8/1,600035.sh,4.18,4.22,4.15,4.17,6625338
2017/8/2,600035.sh,4.15,4.18,4.14,4.15,5283380
2017/8/3,600035.sh,4.15,4.17,4.13,4.15,3610209
2017/8/4,600035.sh,4.15,4.16,4.10,4.11,5870210
2017/8/7,600035.sh,4.11,4.13,4.05,4.11,6067906
2017/8/8,600035.sh,4.11,4.15,4.09,4.14,5462859
2017/8/9,600035.sh,4.13,4.15,4.09,4.11,3801617
2017/8/10,600035.sh,4.10,4.13,4.07,4.10,3509409
2017/8/11,600035.sh,4.07,4.10,4.04,4.05,6585617
2017/8/14,600035.sh,4.05,4.10,4.03,4.09,3499040
2017/8/15,600035.sh,4.08,4.14,4.07,4.10,3617890
2017/8/16,600035.sh,4.10,4.11,4.07,4.10,2462711
2017/8/17,600035.sh,4.10,4.17,4.09,4.16,4733056
2017/8/18,600035.sh,4.15,4.21,4.13,4.20,6938627
2017/8/21,600035.sh,4.21,4.21,4.15,4.18,4250428
2017/8/22,600035.sh,4.19,4.19,4.14,4.15,3191105
2017/8/23,600035.sh,4.15,4.17,4.13,4.15,3249472
2017/8/24,600035.sh,4.16,4.18,4.13,4.15,2779180
2017/8/25,600035.sh,4.16,4.18,4.14,4.18,3485272
2017/8/28,600035.sh,4.18,4.21,4.17,4.20,5141911
2017/8/29,600035.sh,4.20,4.21,4.18,4.18,3809572
2017/8/30,600035.sh,4.20,4.22,4.18,4.22,5020278
2017/8/31,600035.sh,4.22,4.24,4.19,4.24,4873250
2017/9/1,600035.sh,4.23,4.24,4.18,4.21,6302797
2017/9/4,600035.sh,4.20,4.21,4.18,4.20,4280160
2017/9/5,600035.sh,4.20,4.21,4.16,4.19,3595938
2017/9/6,600035.sh,4.19,4.21,4.18,4.21,3611536
2017/9/7,600035.sh,4.20,4.21,4.18,4.21,5008848
2017/9/8,600035.sh,4.22,4.52,4.22,4.31,34254394
2017/9/11,600035.sh,4.30,4.39,4.27,4.32,17552060
2017/9/12,600035.sh,4.30,4.35,4.28,4.32,8214823
2017/9/13,600035.sh,4.32,4.37,4.30,4.32,7155734
2017/9/14,600035.sh,4.30,4.32,4.26,4.27,6949087
2017/9/15,600035.sh,4.26,4.35,4.26,4.33,8627318
2017/9/18,600035.sh,4.33,4.42,4.33,4.35,7581380
2017/9/19,600035.sh,4.38,4.43,4.35,4.36,5361022
2017/9/20,600035.sh,4.37,4.41,4.33,4.38,4626205
2017/9/21,600035.sh,4.38,4.48,4.38,4.43,8600457
2017/9/22,600035.sh,4.48,4.48,4.38,4.42,5618787
2017/9/25,600035.sh,4.42,4.42,4.20,4.22,11749047
2017/9/26,600035.sh,4.24,4.32,4.22,4.31,8759049
2017/9/27,600035.sh,4.32,4.34,4.25,4.30,4377322
2017/9/28,600035.sh,4.29,4.32,4.26,4.27,3920781
2017/9/29,600035.sh,4.27,4.31,4.25,4.30,2927764
2017/10/9,600035.sh,4.32,4.42,4.32,4.39,9322373
2017/10/10,600035.sh,4.41,4.47,4.39,4.45,11740196
2017/10/11,600035.sh,4.47,4.49,4.39,4.41,8068853
2017/10/12,600035.sh,4.41,4.41,4.36,4.38,5197463
2017/10/13,600035.sh,4.37,4.47,4.37,4.47,8653492
2017/10/16,600035.sh,4.47,4.49,4.36,4.37,8179596
2017/10/17,600035.sh,4.36,4.40,4.31,4.36,6960684
2017/10/18,600035.sh,4.40,4.40,4.27,4.32,5736232
2017/10/19,600035.sh,4.32,4.33,4.14,4.20,8747746
2017/10/20,600035.sh,4.18,4.23,4.16,4.22,5299675
2017/10/23,600035.sh,4.21,4.24,4.19,4.23,4728942
2017/10/24,600035.sh,4.24,4.24,4.18,4.20,4668473
2017/10/25,600035.sh,4.21,4.28,4.21,4.27,4284321
2017/10/26,600035.sh,4.28,4.29,4.22,4.24,4875586
2017/10/27,600035.sh,4.25,4.26,4.15,4.17,8471357
2017/10/30,600035.sh,4.17,4.18,3.99,4.07,11726001
2017/10/31,600035.sh,4.10,4.10,4.03,4.08,5343927
2017/11/1,600035.sh,4.08,4.08,4.00,4.03,7724331
2017/11/2,600035.sh,4.02,4.09,3.99,4.08,6943631
2017/11/3,600035.sh,4.07,4.23,4.06,4.21,15178643
2017/11/6,600035.sh,4.18,4.24,4.16,4.22,10046358
2017/11/7,600035.sh,4.21,4.23,4.12,4.23,8184903
2017/11/8,600035.sh,4.22,4.24,4.17,4.21,6531942
2017/11/9,600035.sh,4.19,4.24,4.17,4.20,4794687
2017/11/10,600035.sh,4.19,4.21,4.16,4.17,6715776
2017/11/13,600035.sh,4.18,4.19,4.07,4.08,8613333
2017/11/14,600035.sh,4.04,4.06,3.99,4.00,10589562
2017/11/15,600035.sh,4.01,4.03,3.98,4.01,3916771
2017/11/16,600035.sh,4.01,4.01,3.97,3.98,3604156
2017/11/17,600035.sh,3.98,3.99,3.82,3.85,7150333
2017/11/20,600035.sh,3.86,4.04,3.77,4.02,10066200
2017/11/21,600035.sh,3.95,3.99,3.84,3.87,12568708
2017/11/22,600035.sh,3.87,3.97,3.83,3.87,15730426
2017/11/23,600035.sh,3.86,3.87,3.74,3.84,11052817
2017/11/24,600035.sh,3.77,3.81,3.76,3.79,6309320
2017/11/27,600035.sh,3.75,3.78,3.71,3.73,6128800
2017/11/28,600035.sh,3.73,3.76,3.70,3.75,6136725
2017/11/29,600035.sh,3.75,3.75,3.61,3.67,10893037
2017/11/30,600035.sh,3.66,3.70,3.64,3.68,7176189
2017/12/1,600035.sh,3.69,3.69,3.65,3.68,9845108
2017/12/4,600035.sh,3.67,3.70,3.64,3.65,7385928
2017/12/5,600035.sh,3.64,3.73,3.55,3.70,12641335
2017/12/6,600035.sh,3.67,3.84,3.64,3.81,11650495
2017/12/7,600035.sh,3.79,3.84,3.76,3.83,8876074
2017/12/8,600035.sh,3.83,3.95,3.81,3.87,10830496
2017/12/11,600035.sh,3.84,3.97,3.81,3.90,7461256
2017/12/12,600035.sh,3.90,3.92,3.86,3.86,3653452
2017/12/13,600035.sh,3.84,3.95,3.84,3.93,6626946
2017/12/14,600035.sh,3.93,4.03,3.92,4.01,7758218
2017/12/15,600035.sh,4.00,4.07,3.94,4.05,7968460
2017/12/18,600035.sh,4.05,4.08,3.99,4.06,9362078
2017/12/19,600035.sh,4.04,4.08,4.00,4.02,3441839
2017/12/20,600035.sh,3.98,4.03,3.93,3.93,6227018
2017/12/21,600035.sh,3.93,4.00,3.93,3.94,5923015
2017/12/22,600035.sh,3.95,3.96,3.91,3.95,2287176
2017/12/25,600035.sh,3.95,3.97,3.78,3.86,7817740
2017/12/26,600035.sh,3.83,3.86,3.79,3.85,2974756
2017/12/27,600035.sh,3.85,3.90,3.81,3.84,2679794
2017/12/28,600035.sh,3.84,3.87,3.79,3.83,3190380
2017/12/29,600035.sh,3.83,3.86,3.81,3.85,2761401
2018/1/2,600035.sh,3.84,3.92,3.83,3.90,4629977
2018/1/3,600035.sh,3.89,3.98,3.87,3.91,6086507
2018/1/4,600035.sh,3.89,3.93,3.87,3.90,2592836
2018/1/5,600035.sh,3.90,3.90,3.84,3.86,5071825
2018/1/8,600035.sh,3.86,3.86,3.73,3.75,12661847
2018/1/9,600035.sh,3.76,3.81,3.70,3.79,12429120
2018/1/10,600035.sh,3.77,3.98,3.76,3.93,9236015
2018/1/11,600035.sh,3.91,3.91,3.84,3.85,3978400
2018/1/12,600035.sh,3.86,3.88,3.83,3.84,1947272
2018/1/15,600035.sh,3.82,3.82,3.73,3.76,5397708
2018/1/16,600035.sh,3.74,3.78,3.74,3.77,3601783
2018/1/17,600035.sh,3.77,3.81,3.73,3.77,3083600
2018/1/18,600035.sh,3.78,3.78,3.75,3.76,3086477
2018/1/19,600035.sh,3.75,3.82,3.75,3.77,3803800
2018/1/22,600035.sh,3.77,3.81,3.77,3.80,2306240
2018/1/23,600035.sh,3.80,3.83,3.78,3.79,3000320
2018/1/24,600035.sh,3.80,3.87,3.80,3.82,7062421
2018/1/25,600035.sh,3.81,3.84,3.77,3.80,11466996
2018/1/26,600035.sh,3.78,3.80,3.73,3.78,12763765
2018/1/29,600035.sh,3.78,3.78,3.70,3.71,6441470
2018/1/30,600035.sh,3.71,3.73,3.69,3.70,2805566
2018/1/31,600035.sh,3.70,3.73,3.66,3.73,4453075
2018/2/1,600035.sh,3.72,3.72,3.36,3.47,25004520
2018/2/2,600035.sh,3.43,3.55,3.13,3.48,18164976
2018/2/5,600035.sh,3.38,3.43,3.32,3.38,11852932
2018/2/6,600035.sh,3.33,3.34,3.25,3.25,5584095
2018/2/7,600035.sh,3.30,3.31,3.22,3.27,4792920
2018/2/8,600035.sh,3.21,3.33,3.21,3.27,6684932
2018/2/9,600035.sh,3.22,3.27,2.94,3.13,24182008
2018/2/12,600035.sh,3.09,3.14,3.05,3.13,6965876
2018/2/13,600035.sh,3.16,3.16,3.11,3.13,4752571
2018/2/14,600035.sh,3.13,3.14,3.10,3.13,2121697
2018/2/22,600035.sh,3.15,3.17,3.13,3.16,3294836
2018/2/23,600035.sh,3.16,3.18,3.12,3.16,5214928
2018/2/26,600035.sh,3.16,3.22,3.16,3.22,5016526
2018/2/27,600035.sh,3.23,3.29,3.21,3.25,6419723
2018/2/28,600035.sh,3.25,3.27,3.22,3.25,3560492
2018/3/1,600035.sh,3.22,3.25,3.21,3.24,3601621
2018/3/2,600035.sh,3.23,3.25,3.21,3.24,2132303
2018/3/5,600035.sh,3.24,3.24,3.20,3.22,2571361
2018/3/6,600035.sh,3.22,3.25,3.21,3.25,3966609
2018/3/7,600035.sh,3.24,3.27,3.24,3.24,2801529
2018/3/8,600035.sh,3.23,3.26,3.23,3.25,2029560
2018/3/9,600035.sh,3.25,3.29,3.23,3.28,4556307
2018/3/12,600035.sh,3.29,3.35,3.28,3.31,5107926
2018/3/13,600035.sh,3.30,3.33,3.28,3.29,3667148
2018/3/14,600035.sh,3.28,3.30,3.25,3.26,2566908
2018/3/15,600035.sh,3.25,3.27,3.23,3.25,2330411
2018/3/16,600035.sh,3.24,3.26,3.24,3.25,2158116
2018/3/19,600035.sh,3.25,3.30,3.22,3.27,6721943
2018/3/20,600035.sh,3.25,3.25,3.22,3.22,3062077
2018/3/21,600035.sh,3.22,3.47,3.21,3.28,11747402
2018/3/22,600035.sh,3.26,3.27,3.19,3.22,7801161
2018/3/23,600035.sh,3.12,3.22,2.96,3.19,10876412
2018/3/26,600035.sh,3.09,3.17,3.06,3.16,7683289
2018/3/27,600035.sh,3.16,3.19,3.13,3.16,6458778
2018/3/28,600035.sh,3.13,3.15,3.07,3.13,5277890
2018/3/29,600035.sh,3.13,3.14,3.09,3.13,4313542
2018/3/30,600035.sh,3.13,3.15,3.11,3.13,3654406
2018/4/2,600035.sh,3.13,3.14,3.11,3.12,2901187
2018/4/3,600035.sh,3.11,3.12,3.08,3.11,3988106
2018/4/4,600035.sh,3.10,3.13,3.09,3.11,2632000
2018/4/9,600035.sh,3.09,3.10,3.06,3.08,2422333
2018/4/10,600035.sh,3.09,3.10,3.08,3.10,2757668
2018/4/11,600035.sh,3.10,3.12,3.09,3.10,3435266
2018/4/12,600035.sh,3.10,3.13,3.09,3.10,1994856
2018/4/13,600035.sh,3.11,3.12,3.09,3.10,1667060
2018/4/16,600035.sh,3.09,3.10,3.06,3.09,3060588
2018/4/17,600035.sh,3.08,3.09,3.04,3.07,2930116
2018/4/18,600035.sh,3.05,3.07,3.03,3.06,2460894
2018/4/19,600035.sh,3.06,3.06,3.02,3.05,7290940
2018/4/20,600035.sh,3.03,3.03,2.95,2.97,4758120
2018/4/23,600035.sh,2.97,3.02,2.96,2.99,2695200
2018/4/24,600035.sh,2.99,3.05,2.99,3.05,3618338
2018/4/25,600035.sh,3.04,3.07,3.02,3.07,3019461
2018/4/26,600035.sh,3.06,3.07,3.02,3.04,3170001
2018/4/27,600035.sh,3.03,3.03,2.96,3.00,4348070
2018/5/2,600035.sh,2.98,2.99,2.95,2.96,3717440
2018/5/3,600035.sh,2.93,2.96,2.91,2.96,4006253
2018/5/4,600035.sh,2.95,2.96,2.92,2.95,3761754
2018/5/7,600035.sh,2.94,2.99,2.93,2.96,2855420
2018/5/8,600035.sh,2.98,2.98,2.96,2.98,2692344
2018/5/9,600035.sh,2.98,2.98,2.96,2.96,1670828
2018/5/10,600035.sh,2.96,2.97,2.94,2.96,3050648
2018/5/11,600035.sh,2.96,2.96,2.93,2.95,4518520
2018/5/14,600035.sh,2.93,2.94,2.92,2.93,4071117
2018/5/15,600035.sh,2.92,2.98,2.92,2.96,5169976
2018/5/16,600035.sh,2.96,2.96,2.92,2.93,2938700
2018/5/17,600035.sh,2.92,2.93,2.91,2.92,2932751
2018/5/18,600035.sh,2.92,2.93,2.91,2.93,2630829
2018/5/21,600035.sh,2.93,2.96,2.93,2.96,5434618
2018/5/22,600035.sh,2.96,2.96,2.93,2.96,4629096
2018/5/23,600035.sh,2.95,2.95,2.92,2.92,3639614
2018/5/24,600035.sh,2.92,2.94,2.91,2.91,3422608
2018/5/25,600035.sh,2.93,2.93,2.89,2.91,4263804
2018/5/28,600035.sh,2.90,2.90,2.85,2.88,5082177
2018/5/29,600035.sh,2.88,2.88,2.83,2.84,4377328
2018/5/30,600035.sh,2.81,2.81,2.70,2.76,8086766
2018/5/31,600035.sh,2.77,2.77,2.74,2.75,3774764
2018/6/1,600035.sh,2.75,2.76,2.71,2.74,3568492
2018/6/4,600035.sh,2.74,2.77,2.74,2.76,2622773
2018/6/5,600035.sh,2.78,2.79,2.76,2.79,2639501
2018/6/6,600035.sh,2.79,2.79,2.76,2.77,2136838
2018/6/7,600035.sh,2.77,2.79,2.76,2.77,2832019
2018/6/8,600035.sh,2.80,2.80,2.64,2.71,8826253
2018/6/11,600035.sh,2.69,2.70,2.59,2.62,13060872
2018/6/12,600035.sh,2.60,2.62,2.58,2.59,7278604
2018/6/13,600035.sh,2.58,2.59,2.52,2.53,5913900
2018/6/14,600035.sh,2.51,2.57,2.50,2.54,3346248
2018/6/15,600035.sh,2.54,2.54,2.48,2.50,4200300
2018/6/19,600035.sh,2.46,2.48,2.31,2.34,8609846
2018/6/20,600035.sh,2.34,2.37,2.31,2.36,4503044
2018/6/21,600035.sh,2.35,2.40,2.34,2.34,4314860
2018/6/22,600035.sh,2.33,2.36,2.31,2.35,7913400
2018/6/25,600035.sh,2.35,2.37,2.32,2.32,4815596
2018/6/26,600035.sh,2.27,2.32,2.27,2.32,4218440
2018/6/27,600035.sh,2.32,2.35,2.31,2.33,3426365
2018/6/28,600035.sh,2.33,2.34,2.30,2.31,3887616
2018/6/29,600035.sh,2.31,2.37,2.31,2.36,4847406
2018/7/2,600035.sh,2.36,2.38,2.32,2.34,5234700
2018/7/3,600035.sh,2.33,2.37,2.33,2.37,3658904
2018/7/4,600035.sh,2.37,2.37,2.35,2.36,2341700
2018/7/5,600035.sh,2.35,2.35,2.31,2.31,2526700
2018/7/6,600035.sh,2.31,2.33,2.28,2.32,4482659
2018/7/9,600035.sh,2.31,2.35,2.31,2.35,4065507
2018/7/10,600035.sh,2.35,2.37,2.33,2.35,4767571
2018/7/11,600035.sh,2.34,2.34,2.29,2.31,4253600
2018/7/12,600035.sh,2.31,2.36,2.30,2.35,5906256
2018/7/13,600035.sh,2.35,2.38,2.34,2.36,4809200
2018/7/16,600035.sh,2.36,2.37,2.34,2.36,2658388
2018/7/17,600035.sh,2.35,2.35,2.33,2.34,3470500
2018/7/18,600035.sh,2.34,2.36,2.34,2.34,3042901
2018/7/19,600035.sh,2.34,2.35,2.32,2.33,2650800
2018/7/20,600035.sh,2.33,2.37,2.31,2.36,5157230
2018/7/23,600035.sh,2.36,2.40,2.34,2.40,7350924
2018/7/24,600035.sh,2.39,2.53,2.38,2.49,13497346
2018/7/25,600035.sh,2.47,2.49,2.45,2.48,6764319
2018/7/26,600035.sh,2.48,2.56,2.47,2.55,11876124
2018/7/27,600035.sh,2.53,2.57,2.51,2.51,9388835
2018/7/30,600035.sh,2.49,2.53,2.48,2.50,5942906
2018/7/31,600035.sh,2.50,2.52,2.49,2.50,4253099
2018/8/1,600035.sh,2.49,2.52,2.47,2.47,6097739
2018/8/2,600035.sh,2.46,2.47,2.37,2.40,6306535
2018/8/3,600035.sh,2.40,2.43,2.39,2.40,3113300
2018/8/6,600035.sh,2.40,2.41,2.37,2.38,3727680
2018/8/7,600035.sh,2.37,2.45,2.37,2.44,5106827
2018/8/8,600035.sh,2.44,2.44,2.40,2.42,3861800
2018/8/9,600035.sh,2.41,2.48,2.40,2.47,4841399
2018/8/10,600035.sh,2.47,2.48,2.44,2.48,3896370
2018/8/13,600035.sh,2.46,2.49,2.43,2.48,3918972
2018/8/14,600035.sh,2.47,2.49,2.46,2.47,2683397
2018/8/15,600035.sh,2.47,2.47,2.42,2.42,2751500
2018/8/16,600035.sh,2.42,2.43,2.38,2.41,2444639
2018/8/17,600035.sh,2.42,2.43,2.38,2.38,2646501
2018/8/20,600035.sh,2.39,2.41,2.37,2.41,2298482
2018/8/21,600035.sh,2.40,2.46,2.40,2.44,4061836
2018/8/22,600035.sh,2.44,2.44,2.41,2.43,1578916
2018/8/23,600035.sh,2.43,2.48,2.41,2.44,3982239
2018/8/24,600035.sh,2.43,2.44,2.42,2.43,2742327
2018/8/27,600035.sh,2.43,2.46,2.42,2.46,5021364
2018/8/28,600035.sh,2.47,2.47,2.43,2.44,2892100
2018/8/29,600035.sh,2.44,2.44,2.41,2.42,2889720
2018/8/30,600035.sh,2.42,2.44,2.39,2.40,4392200
2018/8/31,600035.sh,2.40,2.41,2.38,2.40,2101561
2018/9/3,600035.sh,2.40,2.40,2.36,2.38,2406420
2018/9/4,600035.sh,2.37,2.42,2.37,2.40,3110944
2018/9/5,600035.sh,2.40,2.40,2.37,2.37,1833800
2018/9/6,600035.sh,2.37,2.39,2.36,2.37,1760965
2018/9/7,600035.sh,2.37,2.39,2.35,2.36,2545806
2018/9/10,600035.sh,2.36,2.36,2.32,2.33,2271220
2018/9/11,600035.sh,2.33,2.34,2.31,2.33,1615432
2018/9/12,600035.sh,2.33,2.34,2.32,2.34,1498340
2018/9/13,600035.sh,2.34,2.36,2.33,2.35,1554767
2018/9/14,600035.sh,2.36,2.36,2.33,2.34,1466239
2018/9/17,600035.sh,2.34,2.34,2.32,2.34,1991025
2018/9/18,600035.sh,2.34,2.37,2.32,2.36,2677476
2018/9/19,600035.sh,2.35,2.38,2.34,2.37,2970774
2018/9/20,600035.sh,2.37,2.38,2.35,2.36,1625977
2018/9/21,600035.sh,2.36,2.40,2.35,2.39,3158195
2018/9/25,600035.sh,2.38,2.42,2.37,2.40,3763279
2018/9/26,600035.sh,2.40,2.43,2.40,2.43,3486579
2018/9/27,600035.sh,2.43,2.43,2.40,2.40,2329056
2018/9/28,600035.sh,2.40,2.41,2.39,2.40,2590419
2018/10/8,600035.sh,2.38,2.39,2.34,2.34,2982854
2018/10/9,600035.sh,2.34,2.36,2.34,2.35,2403680
2018/10/10,600035.sh,2.35,2.36,2.34,2.34,1987927
2018/10/11,600035.sh,2.32,2.32,2.17,2.19,6538153
2018/10/12,600035.sh,2.17,2.20,2.10,2.16,4039175
2018/10/15,600035.sh,2.16,2.16,2.12,2.14,2495780
2018/10/16,600035.sh,2.14,2.15,2.10,2.11,2395500
2018/10/17,600035.sh,2.14,2.15,2.09,2.14,2696960
2018/10/18,600035.sh,2.14,2.14,2.11,2.12,2354713
2018/10/19,600035.sh,2.11,2.16,2.09,2.15,3103445
2018/10/22,600035.sh,2.16,2.25,2.16,2.24,6592171
2018/10/23,600035.sh,2.22,2.23,2.18,2.20,3320735
2018/10/24,600035.sh,2.18,2.22,2.18,2.21,2454936
2018/10/25,600035.sh,2.16,2.19,2.14,2.18,4111236
2018/10/26,600035.sh,2.19,2.22,2.19,2.21,4223036
2018/10/29,600035.sh,2.18,2.22,2.17,2.18,2468600
2018/10/30,600035.sh,2.18,2.22,2.17,2.21,4311500
2018/10/31,600035.sh,2.21,2.25,2.21,2.24,4480789
2018/11/1,600035.sh,2.24,2.27,2.23,2.24,4747693
2018/11/2,600035.sh,2.25,2.34,2.25,2.34,9490943
2018/11/5,600035.sh,2.35,2.38,2.31,2.38,10922092
2018/11/6,600035.sh,2.39,2.39,2.33,2.36,5809200
2018/11/7,600035.sh,2.36,2.37,2.34,2.34,3491612
2018/11/8,600035.sh,2.34,2.36,2.34,2.34,3563429
2018/11/9,600035.sh,2.34,2.36,2.31,2.32,3808009
2018/11/12,600035.sh,2.32,2.49,2.31,2.41,14579579
2018/11/13,600035.sh,2.37,2.45,2.35,2.45,16059148
2018/11/14,600035.sh,2.43,2.47,2.41,2.41,9557773
2018/11/15,600035.sh,2.40,2.45,2.40,2.44,6726246
2018/11/16,600035.sh,2.44,2.54,2.43,2.50,15924267
2018/11/19,600035.sh,2.49,2.51,2.46,2.49,7943036
2018/11/20,600035.sh,2.47,2.55,2.44,2.45,10861238
2018/11/21,600035.sh,2.42,2.46,2.40,2.45,7070921
2018/11/22,600035.sh,2.45,2.46,2.40,2.41,6454133
2018/11/23,600035.sh,2.41,2.42,2.33,2.33,8315901
2018/11/26,600035.sh,2.34,2.37,2.33,2.35,5090380
2018/11/27,600035.sh,2.36,2.37,2.34,2.36,2778111
2018/11/28,600035.sh,2.36,2.37,2.34,2.37,3661733
2018/11/29,600035.sh,2.39,2.40,2.34,2.34,2856700
2018/11/30,600035.sh,2.34,2.34,2.29,2.34,6471328
2018/12/3,600035.sh,2.37,2.41,2.37,2.40,8781672
2018/12/4,600035.sh,2.40,2.40,2.38,2.40,3868308
2018/12/5,600035.sh,2.37,2.39,2.34,2.36,4214900
2018/12/6,600035.sh,2.37,2.37,2.34,2.35,4522200
2018/12/7,600035.sh,2.34,2.36,2.33,2.34,2961868
2018/12/10,600035.sh,2.32,2.34,2.31,2.32,2700200
2018/12/11,600035.sh,2.34,2.34,2.31,2.34,2902188
2018/12/12,600035.sh,2.34,2.35,2.33,2.34,2506733
2018/12/13,600035.sh,2.34,2.37,2.33,2.36,3947165
2018/12/14,600035.sh,2.36,2.36,2.33,2.33,2947400
2018/12/17,600035.sh,2.32,2.33,2.30,2.32,3719029
2018/12/18,600035.sh,2.31,2.34,2.31,2.32,3536896
2018/12/19,600035.sh,2.34,2.35,2.32,2.34,3846339
2018/12/20,600035.sh,2.34,2.34,2.31,2.33,1909857
2018/12/21,600035.sh,2.32,2.34,2.31,2.31,2810384
2018/12/24,600035.sh,2.32,2.34,2.31,2.33,2555794
2018/12/25,600035.sh,2.32,2.32,2.24,2.28,5255490
2018/12/26,600035.sh,2.27,2.29,2.26,2.27,2645310
2018/12/27,600035.sh,2.30,2.30,2.26,2.27,3192985
2018/12/28,600035.sh,2.27,2.27,2.24,2.26,2603597
2019/1/2,600035.sh,2.26,2.27,2.23,2.26,4258296
2019/1/3,600035.sh,2.25,2.27,2.24,2.25,3033711
2019/1/4,600035.sh,2.24,2.30,2.24,2.30,4348500
2019/1/7,600035.sh,2.31,2.33,2.29,2.31,4353545
2019/1/8,600035.sh,2.31,2.39,2.31,2.35,6552321
2019/1/9,600035.sh,2.34,2.38,2.34,2.36,5724612
2019/1/10,600035.sh,2.36,2.38,2.35,2.37,5310092
2019/1/11,600035.sh,2.36,2.51,2.36,2.42,12869200
2019/1/14,600035.sh,2.41,2.43,2.37,2.39,9371279
2019/1/15,600035.sh,2.39,2.40,2.36,2.39,4808222
2019/1/16,600035.sh,2.39,2.41,2.38,2.38,4483980
2019/1/17,600035.sh,2.39,2.40,2.37,2.37,4039500
2019/1/18,600035.sh,2.38,2.40,2.37,2.39,4546581
2019/1/21,600035.sh,2.39,2.41,2.38,2.40,4303700
2019/1/22,600035.sh,2.40,2.40,2.35,2.35,4592960
2019/1/23,600035.sh,2.36,2.38,2.35,2.37,4505686
2019/1/24,600035.sh,2.38,2.40,2.37,2.39,4726067
2019/1/25,600035.sh,2.39,2.41,2.38,2.38,4502623
2019/1/28,600035.sh,2.39,2.40,2.34,2.35,5117796
2019/1/29,600035.sh,2.34,2.36,2.30,2.32,6215080
2019/1/30,600035.sh,2.31,2.33,2.30,2.30,3893696
2019/1/31,600035.sh,2.31,2.32,2.28,2.31,5783940
2019/2/1,600035.sh,2.31,2.34,2.30,2.34,4288518
2019/2/11,600035.sh,2.33,2.37,2.32,2.37,4882950
2019/2/12,600035.sh,2.37,2.40,2.36,2.40,6709355
2019/2/13,600035.sh,2.40,2.42,2.38,2.41,7790952
2019/2/14,600035.sh,2.41,2.43,2.40,2.40,5334840
2019/2/15,600035.sh,2.40,2.41,2.37,2.39,5834200
2019/2/18,600035.sh,2.40,2.44,2.39,2.44,9604563
2019/2/19,600035.sh,2.44,2.47,2.43,2.45,9967070
2019/2/20,600035.sh,2.44,2.45,2.43,2.44,4731900
2019/2/21,600035.sh,2.44,2.47,2.43,2.43,6991980
2019/2/22,600035.sh,2.44,2.47,2.40,2.47,9289993
2019/2/25,600035.sh,2.48,2.61,2.47,2.60,22682317
2019/2/26,600035.sh,2.60,2.72,2.56,2.64,30274579
2019/2/27,600035.sh,2.64,2.71,2.60,2.63,18442174
2019/2/28,600035.sh,2.63,2.63,2.60,2.61,9372498
2019/3/1,600035.sh,2.61,2.63,2.57,2.60,11181200
2019/3/4,600035.sh,2.62,2.67,2.61,2.63,16276460
2019/3/5,600035.sh,2.63,2.70,2.61,2.70,17002304
2019/3/6,600035.sh,2.70,2.80,2.69,2.76,21605493
2019/3/7,600035.sh,2.77,2.92,2.76,2.85,24934543
2019/3/8,600035.sh,2.83,2.83,2.65,2.66,20933020
2019/3/11,600035.sh,2.68,2.76,2.68,2.75,14277745
2019/3/12,600035.sh,2.77,3.02,2.77,3.02,49509257
2019/3/13,600035.sh,3.32,3.33,3.21,3.33,29882783
2019/3/14,600035.sh,3.32,3.32,3.00,3.00,75048442
2019/3/15,600035.sh,2.93,3.02,2.88,2.96,36722866
2019/3/18,600035.sh,2.93,2.98,2.88,2.96,23883949
2019/3/19,600035.sh,2.96,2.96,2.91,2.94,17856533
2019/3/20,600035.sh,2.94,2.94,2.85,2.91,17694136
2019/3/21,600035.sh,2.89,2.96,2.89,2.96,19091542
2019/3/22,600035.sh,2.96,2.97,2.89,2.96,16529685
2019/3/25,600035.sh,2.92,2.96,2.89,2.89,14437823
2019/3/26,600035.sh,2.90,2.93,2.78,2.81,14518106
2019/3/27,600035.sh,2.82,2.83,2.75,2.83,9343311
2019/3/28,600035.sh,2.80,2.86,2.77,2.79,8582379
2019/3/29,600035.sh,2.79,2.87,2.76,2.86,10175839
2019/4/1,600035.sh,2.87,2.95,2.87,2.94,16172508
2019/4/2,600035.sh,2.94,2.96,2.92,2.93,12428162
2019/4/3,600035.sh,2.92,2.97,2.90,2.96,12401497
2019/4/4,600035.sh,2.97,3.02,2.95,2.99,18697429
2019/4/8,600035.sh,2.99,3.02,2.93,2.96,19981256
2019/4/9,600035.sh,2.94,2.96,2.92,2.95,10430644
2019/4/10,600035.sh,2.94,3.09,2.91,3.02,23282750
2019/4/11,600035.sh,3.02,3.02,2.93,2.94,13527057
2019/4/12,600035.sh,2.94,2.95,2.92,2.94,6280728
2019/4/15,600035.sh,2.97,2.99,2.90,2.92,10780270
2019/4/16,600035.sh,2.91,2.95,2.84,2.93,10943916
2019/4/17,600035.sh,2.94,2.96,2.93,2.95,10903855
2019/4/18,600035.sh,2.95,2.96,2.93,2.93,6686660
2019/4/19,600035.sh,2.93,2.96,2.89,2.95,11055147
2019/4/22,600035.sh,2.95,2.96,2.91,2.92,7708481
2019/4/23,600035.sh,2.91,2.92,2.86,2.87,7571600
2019/4/24,600035.sh,2.88,2.88,2.78,2.85,10976199
2019/4/25,600035.sh,2.83,2.84,2.74,2.74,10499496
2019/4/26,600035.sh,2.73,2.76,2.70,2.72,8028201
2019/4/29,600035.sh,2.72,2.73,2.64,2.66,10268369
2019/4/30,600035.sh,2.67,2.74,2.64,2.74,8204636
2019/5/6,600035.sh,2.68,2.70,2.55,2.57,10594504
2019/5/7,600035.sh,2.58,2.63,2.57,2.63,6112656
2019/5/8,600035.sh,2.59,2.64,2.57,2.60,5084380
2019/5/9,600035.sh,2.59,2.61,2.57,2.59,3000720
2019/5/10,600035.sh,2.60,2.66,2.60,2.66,7318757
2019/5/13,600035.sh,2.64,2.66,2.62,2.65,3904737
2019/5/14,600035.sh,2.62,2.64,2.60,2.61,3648892
2019/5/15,600035.sh,2.62,2.66,2.62,2.65,5242798
2019/5/16,600035.sh,2.64,2.68,2.64,2.68,4999000
2019/5/17,600035.sh,2.69,2.69,2.59,2.60,6050040
2019/5/20,600035.sh,2.60,2.61,2.55,2.57,3905540
2019/5/21,600035.sh,2.57,2.62,2.56,2.61,4239680
2019/5/22,600035.sh,2.69,2.87,2.65,2.87,34922698
2019/5/23,600035.sh,3.10,3.16,3.02,3.16,76543297
2019/5/24,600035.sh,3.06,3.34,2.89,3.03,135877268
2019/5/27,600035.sh,2.78,3.06,2.78,2.97,88693151
2019/5/28,600035.sh,2.93,3.02,2.86,2.89,62489135
2019/5/29,600035.sh,2.87,2.93,2.83,2.88,43319563
2019/5/30,600035.sh,2.86,2.87,2.72,2.77,41124570
2019/5/31,600035.sh,2.78,2.79,2.73,2.75,21844741
2019/6/3,600035.sh,2.76,2.76,2.64,2.66,25060571
2019/6/4,600035.sh,2.62,2.65,2.59,2.63,21106991
2019/6/5,600035.sh,2.65,2.66,2.60,2.63,12778158
2019/6/6,600035.sh,2.62,2.63,2.55,2.55,13892300
2019/6/10,600035.sh,2.57,2.62,2.56,2.61,10502153
2019/6/11,600035.sh,2.67,2.86,2.65,2.74,25245246
2019/6/12,600035.sh,2.70,2.73,2.67,2.70,17431988
2019/6/13,600035.sh,2.68,2.72,2.67,2.71,8901512
2019/6/14,600035.sh,2.70,2.71,2.64,2.65,10520980
2019/6/17,600035.sh,2.63,2.67,2.63,2.67,7916420
2019/6/18,600035.sh,2.69,2.70,2.65,2.67,8861510
2019/6/19,600035.sh,2.70,2.74,2.68,2.69,14979361
2019/6/20,600035.sh,2.68,2.74,2.68,2.73,13398745
2019/6/21,600035.sh,2.73,2.77,2.73,2.76,15293497
2019/6/24,600035.sh,2.76,2.76,2.72,2.75,10036192
2019/6/25,600035.sh,2.74,2.74,2.68,2.71,11442635
2019/6/26,600035.sh,2.70,2.72,2.70,2.71,5765893
2019/6/27,600035.sh,2.71,2.74,2.70,2.71,8057828
2019/6/28,600035.sh,2.71,2.72,2.66,2.67,8068652
2019/7/1,600035.sh,2.70,2.74,2.70,2.74,12041600
2019/7/2,600035.sh,2.73,2.74,2.71,2.72,6633781
2019/7/3,600035.sh,2.74,2.74,2.71,2.73,8312097
2019/7/4,600035.sh,2.72,2.74,2.70,2.70,8061956
2019/7/5,600035.sh,2.71,2.97,2.70,2.97,56102038
2019/7/8,600035.sh,2.89,2.89,2.75,2.76,53528799
2019/7/9,600035.sh,2.78,2.87,2.77,2.82,34231513
2019/7/10,600035.sh,2.78,2.81,2.76,2.79,18765980
2019/7/11,600035.sh,2.79,2.84,2.78,2.81,17414070
2019/7/12,600035.sh,2.81,2.81,2.77,2.78,12481821
2019/7/15,600035.sh,2.85,2.95,2.81,2.89,31225265
2019/7/16,600035.sh,2.87,2.90,2.83,2.87,17108077
2019/7/17,600035.sh,2.85,2.89,2.83,2.86,13956446
2019/7/18,600035.sh,2.85,2.85,2.79,2.80,12262273
2019/7/19,600035.sh,2.80,2.83,2.78,2.80,8147900
2019/7/22,600035.sh,2.79,2.82,2.70,2.70,11878400
2019/7/23,600035.sh,2.71,2.75,2.70,2.75,5797663
2019/7/24,600035.sh,2.76,2.83,2.76,2.80,11351923
2019/7/25,600035.sh,2.78,2.80,2.77,2.79,6672172
2019/7/26,600035.sh,2.78,2.81,2.77,2.80,6001880
2019/7/29,600035.sh,2.79,2.81,2.77,2.78,6290022
2019/7/30,600035.sh,2.78,2.81,2.78,2.81,9028963
2019/7/31,600035.sh,2.80,2.80,2.77,2.77,5235400
2019/8/1,600035.sh,2.75,2.77,2.71,2.73,7271300
2019/8/2,600035.sh,2.69,2.71,2.66,2.70,7526476
2019/8/5,600035.sh,2.70,2.74,2.67,2.67,7806696
2019/8/6,600035.sh,2.63,2.64,2.51,2.58,15276600
2019/8/7,600035.sh,2.59,2.60,2.55,2.56,5172500
2019/8/8,600035.sh,2.57,2.59,2.57,2.58,4271562
2019/8/9,600035.sh,2.59,2.60,2.55,2.57,4347022
2019/8/12,600035.sh,2.57,2.59,2.56,2.59,4811561
2019/8/13,600035.sh,2.58,2.58,2.54,2.55,5095400
2019/8/14,600035.sh,2.58,2.76,2.57,2.63,15061589
2019/8/15,600035.sh,2.57,2.63,2.54,2.61,8530610
2019/8/16,600035.sh,2.61,2.63,2.60,2.61,7062053
2019/8/19,600035.sh,2.62,2.68,2.62,2.67,10195329
2019/8/20,600035.sh,2.67,2.70,2.65,2.67,8342280
2019/8/21,600035.sh,2.67,2.69,2.66,2.68,4920127
2019/8/22,600035.sh,2.69,2.69,2.66,2.68,4511200
2019/8/23,600035.sh,2.69,2.69,2.66,2.67,4501200
2019/8/26,600035.sh,2.62,2.65,2.61,2.63,5834416
2019/8/27,600035.sh,2.64,2.69,2.63,2.68,5233505
2019/8/28,600035.sh,2.68,2.69,2.66,2.68,4053416
2019/8/29,600035.sh,2.67,2.70,2.66,2.68,4842754
2019/8/30,600035.sh,2.70,2.71,2.59,2.61,11062600
2019/9/2,600035.sh,2.62,2.66,2.61,2.65,5227873
2019/9/3,600035.sh,2.66,2.66,2.63,2.66,4568000
2019/9/4,600035.sh,2.64,2.67,2.63,2.67,7159960
2019/9/5,600035.sh,2.67,2.71,2.67,2.68,9347660
2019/9/6,600035.sh,2.69,2.70,2.66,2.69,6457020
2019/9/9,600035.sh,2.71,2.96,2.69,2.88,69254538
2019/9/10,600035.sh,2.80,2.81,2.73,2.78,47221328
2019/9/11,600035.sh,2.76,2.78,2.74,2.74,17225630
2019/9/12,600035.sh,2.75,2.80,2.74,2.78,15229226
2019/9/16,600035.sh,2.78,2.78,2.74,2.76,13014211
2019/9/17,600035.sh,2.75,2.76,2.70,2.70,10435437
2019/9/18,600035.sh,2.71,2.73,2.70,2.72,5688468
2019/9/19,600035.sh,2.71,2.74,2.70,2.73,6848529
2019/9/20,600035.sh,2.78,2.82,2.74,2.74,14848000
2019/9/23,600035.sh,2.73,2.74,2.69,2.70,9395289
2019/9/24,600035.sh,2.70,2.71,2.67,2.70,7760680
2019/9/25,600035.sh,2.69,2.69,2.65,2.65,7491636
2019/9/26,600035.sh,2.65,2.66,2.63,2.64,5446982
2019/9/27,600035.sh,2.63,2.66,2.63,2.64,4582700
2019/9/30,600035.sh,2.66,2.69,2.65,2.66,5163000
2019/10/8,600035.sh,2.66,2.68,2.65,2.66,3434600
2019/10/9,600035.sh,2.65,2.68,2.63,2.67,3297835
2019/10/10,600035.sh,2.67,2.72,2.66,2.71,8618924
2019/10/11,600035.sh,2.71,2.74,2.70,2.73,7161950
2019/10/14,600035.sh,2.74,2.79,2.74,2.75,8623068
2019/10/15,600035.sh,2.74,2.74,2.71,2.71,5301281
2019/10/16,600035.sh,2.73,2.74,2.70,2.70,5728656
2019/10/17,600035.sh,2.72,2.73,2.70,2.72,4084540
2019/10/18,600035.sh,2.73,2.73,2.66,2.67,5984272
2019/10/21,600035.sh,2.67,2.67,2.63,2.66,5192923
2019/10/22,600035.sh,2.66,2.68,2.64,2.67,3259256
2019/10/23,600035.sh,2.66,2.67,2.65,2.66,3780794
2019/10/24,600035.sh,2.66,2.68,2.65,2.66,3973038
2019/10/25,600035.sh,2.66,2.69,2.64,2.68,4623808
2019/10/28,600035.sh,2.70,2.74,2.69,2.73,8701990
2019/10/29,600035.sh,2.74,2.74,2.70,2.70,4786600
2019/10/30,600035.sh,2.70,2.72,2.68,2.69,5210720
2019/10/31,600035.sh,2.70,2.70,2.66,2.66,3875500
2019/11/1,600035.sh,2.65,2.69,2.65,2.69,3090964
2019/11/4,600035.sh,2.68,2.70,2.68,2.70,3336316
2019/11/5,600035.sh,2.69,2.73,2.69,2.72,6039290
2019/11/6,600035.sh,2.72,2.73,2.67,2.69,3524200
2019/11/7,600035.sh,2.69,2.71,2.68,2.70,3377464
2019/11/8,600035.sh,2.71,2.73,2.69,2.70,3831500
2019/11/11,600035.sh,2.69,2.70,2.63,2.64,6702646
2019/11/12,600035.sh,2.64,2.65,2.61,2.63,4135969
2019/11/13,600035.sh,2.63,2.64,2.62,2.63,2573600
2019/11/14,600035.sh,2.63,2.64,2.62,2.63,2374316
2019/11/15,600035.sh,2.64,2.64,2.59,2.60,3015158
2019/11/18,600035.sh,2.60,2.62,2.59,2.61,1989000
2019/11/19,600035.sh,2.60,2.65,2.60,2.64,2623275
2019/11/20,600035.sh,2.63,2.65,2.60,2.62,3371900
2019/11/21,600035.sh,2.60,2.62,2.59,2.61,2293380
2019/11/22,600035.sh,2.61,2.64,2.58,2.59,5738871
2019/11/25,600035.sh,2.59,2.63,2.59,2.63,4317340
2019/11/26,600035.sh,2.63,2.64,2.62,2.63,3128840
2019/11/27,600035.sh,2.63,2.63,2.60,2.62,2457268
2019/11/28,600035.sh,2.62,2.63,2.59,2.60,2079111
2019/11/29,600035.sh,2.61,2.62,2.59,2.60,2981064
2019/12/2,600035.sh,2.61,2.61,2.59,2.60,1975032
2019/12/3,600035.sh,2.59,2.61,2.59,2.61,2483780
2019/12/4,600035.sh,2.59,2.61,2.59,2.61,1731709
2019/12/5,600035.sh,2.61,2.63,2.60,2.63,3440916
2019/12/6,600035.sh,2.63,2.63,2.61,2.63,2512416
2019/12/9,600035.sh,2.63,2.63,2.62,2.63,2905231
2019/12/10,600035.sh,2.63,2.70,2.61,2.66,11268194
2019/12/11,600035.sh,2.67,2.68,2.64,2.66,6218532
2019/12/12,600035.sh,2.65,2.65,2.63,2.63,3627256
2019/12/13,600035.sh,2.64,2.66,2.63,2.66,4876620
2019/12/16,600035.sh,2.66,2.69,2.64,2.68,8729848
2019/12/17,600035.sh,2.68,2.71,2.66,2.70,9319520
2019/12/18,600035.sh,2.70,2.74,2.69,2.70,7959974
2019/12/19,600035.sh,2.70,2.72,2.69,2.71,4887140
2019/12/20,600035.sh,2.70,2.73,2.69,2.70,3944802
2019/12/23,600035.sh,2.68,2.70,2.64,2.64,5334400
2019/12/24,600035.sh,2.65,2.68,2.64,2.67,3158835
2019/12/25,600035.sh,2.67,2.67,2.65,2.66,3010300
2019/12/26,600035.sh,2.66,2.67,2.65,2.67,2912029
2019/12/27,600035.sh,2.67,2.70,2.66,2.66,6238868
2019/12/30,600035.sh,2.66,2.70,2.66,2.70,6225987
2019/12/31,600035.sh,2.69,2.70,2.67,2.70,4967945
2020/1/2,600035.sh,2.70,2.73,2.70,2.72,10151364
2020/1/3,600035.sh,2.74,2.77,2.71,2.73,8321884
2020/1/6,600035.sh,2.70,2.74,2.70,2.71,9262095
2020/1/7,600035.sh,2.72,2.74,2.71,2.74,8490698
2020/1/8,600035.sh,2.73,2.73,2.69,2.69,8394040
2020/1/9,600035.sh,2.70,2.74,2.70,2.73,9326739
2020/1/10,600035.sh,2.74,2.76,2.73,2.74,7301013
2020/1/13,600035.sh,2.73,2.80,2.73,2.77,10651322
2020/1/14,600035.sh,2.76,2.78,2.74,2.74,8148700
2020/1/15,600035.sh,2.75,2.75,2.73,2.74,6678948
2020/1/16,600035.sh,2.74,2.76,2.73,2.74,5454572
2020/1/17,600035.sh,2.74,2.74,2.73,2.74,5278778
2020/1/20,600035.sh,2.74,2.74,2.71,2.74,5638296
2020/1/21,600035.sh,2.75,2.76,2.73,2.74,8247432
2020/1/22,600035.sh,2.73,2.73,2.66,2.70,8129800
2020/1/23,600035.sh,2.65,2.66,2.56,2.59,14190494
2020/2/3,600035.sh,2.32,2.34,2.32,2.32,7570200
2020/2/4,600035.sh,2.18,2.32,2.18,2.29,11593786
2020/2/5,600035.sh,2.32,2.36,2.28,2.32,7728557
2020/2/6,600035.sh,2.33,2.55,2.32,2.55,36728770
2020/2/7,600035.sh,2.68,2.68,2.55,2.62,52002459
2020/2/10,600035.sh,2.55,2.57,2.43,2.51,30166149
2020/2/11,600035.sh,2.52,2.55,2.44,2.46,17455148
2020/2/12,600035.sh,2.44,2.48,2.44,2.48,9412254
2020/2/13,600035.sh,2.46,2.47,2.43,2.43,8889100
2020/2/14,600035.sh,2.43,2.45,2.40,2.45,8111132
2020/2/17,600035.sh,2.42,2.47,2.42,2.47,10039315
2020/2/18,600035.sh,2.47,2.47,2.44,2.47,7461896
2020/2/19,600035.sh,2.47,2.47,2.44,2.45,9198695
2020/2/20,600035.sh,2.45,2.50,2.44,2.48,11427229
2020/2/21,600035.sh,2.49,2.49,2.47,2.48,10730226
2020/2/24,600035.sh,2.47,2.47,2.44,2.47,13012241
2020/2/25,600035.sh,2.44,2.55,2.42,2.54,28838967
2020/2/26,600035.sh,2.50,2.55,2.48,2.51,21382320
2020/2/27,600035.sh,2.52,2.55,2.51,2.51,15400112
2020/2/28,600035.sh,2.47,2.49,2.40,2.40,16422000
2020/3/2,600035.sh,2.42,2.55,2.42,2.48,13734086
2020/3/3,600035.sh,2.50,2.54,2.47,2.51,17063531
2020/3/4,600035.sh,2.49,2.52,2.47,2.52,12870073
2020/3/5,600035.sh,2.54,2.56,2.51,2.56,18923833
2020/3/6,600035.sh,2.52,2.55,2.50,2.55,15097640
2020/3/9,600035.sh,2.54,2.55,2.49,2.50,11445800
2020/3/10,600035.sh,2.47,2.75,2.45,2.75,46398004
2020/3/11,600035.sh,2.77,3.03,2.74,2.82,136423552
2020/3/12,600035.sh,2.63,2.70,2.59,2.61,68202560
2020/3/13,600035.sh,2.45,2.56,2.44,2.51,47070776
2020/3/16,600035.sh,2.62,2.77,2.55,2.66,103958371
2020/3/17,600035.sh,2.61,2.75,2.54,2.71,70622685
2020/3/18,600035.sh,2.78,2.81,2.59,2.63,50283602
2020/3/19,600035.sh,2.59,2.67,2.55,2.66,31568708
2020/3/20,600035.sh,2.64,2.80,2.63,2.74,43918479
2020/3/23,600035.sh,2.65,2.75,2.62,2.63,35088134
2020/3/24,600035.sh,2.67,2.72,2.59,2.70,33595120
2020/3/25,600035.sh,2.75,2.76,2.66,2.70,34493849
2020/3/26,600035.sh,2.68,2.83,2.65,2.79,53453016
2020/3/27,600035.sh,2.75,2.85,2.70,2.70,46503965
2020/3/30,600035.sh,2.66,2.71,2.63,2.66,25310698
2020/3/31,600035.sh,2.67,2.69,2.48,2.53,34580561
2020/4/1,600035.sh,2.51,2.55,2.47,2.47,21306083
2020/4/2,600035.sh,2.46,2.51,2.44,2.51,12638039
2020/4/3,600035.sh,2.49,2.49,2.45,2.45,12137048
2020/4/7,600035.sh,2.48,2.55,2.48,2.55,17857250
2020/4/8,600035.sh,2.56,2.57,2.49,2.51,16087527
2020/4/9,600035.sh,2.53,2.54,2.51,2.52,11725200
2020/4/10,600035.sh,2.52,2.60,2.47,2.55,21540942
2020/4/13,600035.sh,2.51,2.51,2.47,2.49,11850314
2020/4/14,600035.sh,2.50,2.51,2.48,2.51,7867647
2020/4/15,600035.sh,2.51,2.51,2.47,2.47,8382400
2020/4/16,600035.sh,2.47,2.49,2.46,2.48,7059552
2020/4/17,600035.sh,2.48,2.51,2.47,2.49,8425015
2020/4/20,600035.sh,2.48,2.57,2.47,2.54,21866462
2020/4/21,600035.sh,2.52,2.53,2.47,2.50,13809992
2020/4/22,600035.sh,2.49,2.51,2.47,2.50,9236240
2020/4/23,600035.sh,2.51,2.54,2.48,2.50,12277040
2020/4/24,600035.sh,2.49,2.52,2.49,2.51,9947424
2020/4/27,600035.sh,2.53,2.56,2.51,2.51,14242362
2020/4/28,600035.sh,2.52,2.54,2.42,2.49,12147203
2020/4/29,600035.sh,2.53,2.59,2.52,2.55,26289202
2020/4/30,600035.sh,2.60,2.61,2.55,2.59,24234833
2020/5/6,600035.sh,2.60,2.61,2.54,2.56,16526783
2020/5/7,600035.sh,2.55,2.55,2.50,2.51,14036780
2020/5/8,600035.sh,2.51,2.52,2.50,2.50,9555268
2020/5/11,600035.sh,2.50,2.51,2.49,2.51,6545173
2020/5/12,600035.sh,2.50,2.50,2.46,2.47,8109726
2020/5/13,600035.sh,2.46,2.48,2.46,2.47,5288556
2020/5/14,600035.sh,2.46,2.47,2.44,2.44,8182021
2020/5/15,600035.sh,2.44,2.45,2.42,2.44,8156193
2020/5/18,600035.sh,2.43,2.44,2.42,2.44,5591644
2020/5/19,600035.sh,2.44,2.45,2.43,2.44,5438200
2020/5/20,600035.sh,2.44,2.46,2.43,2.43,7547500
2020/5/21,600035.sh,2.43,2.44,2.39,2.40,7234616
2020/5/22,600035.sh,2.39,2.40,2.36,2.38,7726476
2020/5/25,600035.sh,2.37,2.39,2.35,2.37,4066516
2020/5/26,600035.sh,2.38,2.39,2.37,2.39,3381161
2020/5/27,600035.sh,2.40,2.40,2.36,2.37,3563262
2020/5/28,600035.sh,2.37,2.38,2.34,2.36,4703852
2020/5/29,600035.sh,2.35,2.36,2.32,2.33,4584359
2020/6/1,600035.sh,2.34,2.39,2.33,2.39,6712985
2020/6/2,600035.sh,2.38,2.40,2.37,2.40,5614397
2020/6/3,600035.sh,2.40,2.51,2.40,2.44,11109845
2020/6/4,600035.sh,2.43,2.43,2.40,2.41,5201996
2020/6/5,600035.sh,2.60,2.60,2.49,2.49,39791868
2020/6/8,600035.sh,2.44,2.47,2.42,2.44,16259340
2020/6/9,600035.sh,2.43,2.46,2.42,2.44,8577640
2020/6/10,600035.sh,2.44,2.44,2.39,2.40,8079340
2020/6/11,600035.sh,2.40,2.40,2.39,2.40,4435482
2020/6/12,600035.sh,2.37,2.40,2.35,2.39,4119399
2020/6/15,600035.sh,2.39,2.39,2.33,2.36,4768780
2020/6/16,600035.sh,2.37,2.39,2.36,2.39,3572776
2020/6/17,600035.sh,2.39,2.40,2.37,2.39,3267860
2020/6/18,600035.sh,2.39,2.40,2.37,2.39,5451012
2020/6/19,600035.sh,2.39,2.40,2.37,2.40,6790521
2020/6/22,600035.sh,2.39,2.40,2.37,2.37,4825341
2020/6/23,600035.sh,2.38,2.39,2.37,2.37,4088364
2020/6/24,600035.sh,2.38,2.38,2.36,2.37,4438454
2020/6/29,600035.sh,2.36,2.37,2.35,2.36,4646993
2020/6/30,600035.sh,2.39,2.41,2.38,2.38,8886976
2020/7/1,600035.sh,2.38,2.40,2.36,2.38,7925600
2020/7/2,600035.sh,2.37,2.42,2.37,2.42,10684779
2020/7/3,600035.sh,2.42,2.45,2.41,2.45,15395705
2020/7/6,600035.sh,2.47,2.53,2.47,2.53,26398820
2020/7/7,600035.sh,2.55,2.59,2.51,2.51,22875867
2020/7/8,600035.sh,2.51,2.59,2.50,2.55,25108472
2020/7/9,600035.sh,2.53,2.63,2.53,2.59,30160858
2020/7/10,600035.sh,2.57,2.59,2.53,2.54,23504268
2020/7/13,600035.sh,2.53,2.60,2.52,2.59,22863713
2020/7/14,600035.sh,2.59,2.60,2.53,2.57,20143884
2020/7/15,600035.sh,2.57,2.58,2.53,2.54,16334399
2020/7/16,600035.sh,2.54,2.57,2.48,2.48,14270373
2020/7/17,600035.sh,2.49,2.51,2.47,2.50,9700094
2020/7/20,600035.sh,2.50,2.55,2.50,2.55,11853163
2020/7/21,600035.sh,2.57,2.57,2.53,2.55,9849866
2020/7/22,600035.sh,2.54,2.57,2.52,2.55,14163635
2020/7/23,600035.sh,2.54,2.55,2.49,2.52,13293868
2020/7/24,600035.sh,2.51,2.53,2.45,2.47,11092303
2020/7/27,600035.sh,2.47,2.47,2.45,2.47,6620560
2020/7/28,600035.sh,2.47,2.49,2.47,2.48,4214394
2020/7/29,600035.sh,2.49,2.52,2.49,2.52,6876962
2020/7/30,600035.sh,2.52,2.53,2.51,2.52,7316479
2020/7/31,600035.sh,2.52,2.54,2.51,2.52,7274638
2020/8/3,600035.sh,2.52,2.55,2.52,2.55,14466965
2020/8/4,600035.sh,2.55,2.57,2.54,2.56,19103978
2020/8/5,600035.sh,2.56,2.56,2.53,2.55,16820230
2020/8/6,600035.sh,2.56,2.56,2.53,2.55,11176417
2020/8/7,600035.sh,2.56,2.56,2.52,2.55,9269240
2020/8/10,600035.sh,2.55,2.60,2.55,2.57,12156984
2020/8/11,600035.sh,2.57,2.57,2.53,2.54,9972537
2020/8/12,600035.sh,2.54,2.55,2.49,2.55,12521033
2020/8/13,600035.sh,2.55,2.58,2.54,2.55,9952956
2020/8/14,600035.sh,2.55,2.57,2.52,2.55,8141564
2020/8/17,600035.sh,2.56,2.59,2.55,2.58,16536753
2020/8/18,600035.sh,2.60,2.60,2.56,2.58,11240377
2020/8/19,600035.sh,2.58,2.59,2.55,2.56,9871936
2020/8/20,600035.sh,2.57,2.60,2.56,2.57,14325713
2020/8/21,600035.sh,2.58,2.60,2.56,2.58,9404582
2020/8/24,600035.sh,2.57,2.58,2.55,2.55,7300512
2020/8/25,600035.sh,2.55,2.56,2.54,2.55,6311980
2020/8/26,600035.sh,2.54,2.55,2.51,2.52,6270655
2020/8/27,600035.sh,2.52,2.54,2.50,2.52,4320172
2020/8/28,600035.sh,2.52,2.54,2.50,2.54,6657461
2020/8/31,600035.sh,2.54,2.55,2.52,2.52,6197016
2020/9/1,600035.sh,2.51,2.55,2.51,2.54,6602822
2020/9/2,600035.sh,2.54,2.57,2.53,2.55,7562752
2020/9/3,600035.sh,2.55,2.55,2.52,2.52,5399468
2020/9/4,600035.sh,2.51,2.52,2.50,2.51,4749539
2020/9/7,600035.sh,2.51,2.54,2.50,2.52,4928298
2020/9/8,600035.sh,2.52,2.56,2.50,2.55,10548621
2020/9/9,600035.sh,2.55,2.61,2.55,2.58,24211500
2020/9/10,600035.sh,2.60,2.60,2.50,2.50,15896100
2020/9/11,600035.sh,2.50,2.51,2.48,2.51,8272752
2020/9/14,600035.sh,2.50,2.53,2.50,2.51,5766074
2020/9/15,600035.sh,2.51,2.51,2.49,2.50,7896843
2020/9/16,600035.sh,2.50,2.50,2.48,2.50,4660481
2020/9/17,600035.sh,2.50,2.50,2.48,2.50,4659169
2020/9/18,600035.sh,2.50,2.53,2.49,2.51,6133136
2020/9/21,600035.sh,2.51,2.52,2.50,2.50,6031001
2020/9/22,600035.sh,2.50,2.50,2.48,2.49,3804900
2020/9/23,600035.sh,2.50,2.50,2.48,2.49,3215864
2020/9/24,600035.sh,2.48,2.48,2.42,2.43,7432472
2020/9/25,600035.sh,2.43,2.44,2.40,2.42,3928072
2020/9/28,600035.sh,2.42,2.43,2.40,2.41,2578692
2020/9/29,600035.sh,2.41,2.42,2.40,2.40,2806712
2020/9/30,600035.sh,2.41,2.41,2.39,2.40,3520400
2020/10/9,600035.sh,2.40,2.44,2.40,2.43,3913612
2020/10/12,600035.sh,2.43,2.46,2.43,2.46,5952996
2020/10/13,600035.sh,2.45,2.45,2.44,2.45,2982580
2020/10/14,600035.sh,2.44,2.45,2.41,2.42,3570800
2020/10/15,600035.sh,2.42,2.42,2.40,2.40,4596119
2020/10/16,600035.sh,2.40,2.42,2.40,2.41,3371100
2020/10/19,600035.sh,2.42,2.44,2.41,2.43,4680526
2020/10/20,600035.sh,2.42,2.42,2.40,2.42,2710849
2020/10/21,600035.sh,2.42,2.42,2.40,2.40,1913845
2020/10/22,600035.sh,2.40,2.41,2.40,2.40,2418396
2020/10/23,600035.sh,2.41,2.41,2.40,2.40,2034900
2020/10/26,600035.sh,2.40,2.40,2.38,2.39,2665000
2020/10/27,600035.sh,2.38,2.39,2.36,2.38,3118920
2020/10/28,600035.sh,2.38,2.38,2.35,2.37,2468696
2020/10/29,600035.sh,2.35,2.38,2.35,2.38,4422755
2020/10/30,600035.sh,2.37,2.40,2.34,2.35,5370896
2020/11/2,600035.sh,2.35,2.40,2.35,2.39,5624498
2020/11/3,600035.sh,2.39,2.43,2.38,2.42,5993028
2020/11/4,600035.sh,2.41,2.42,2.40,2.41,2529020
2020/11/5,600035.sh,2.42,2.43,2.40,2.42,3428492
2020/11/6,600035.sh,2.42,2.43,2.40,2.42,3564804
2020/11/9,600035.sh,2.43,2.45,2.42,2.44,5047604
2020/11/10,600035.sh,2.45,2.45,2.41,2.42,3855472
2020/11/11,600035.sh,2.42,2.45,2.41,2.44,4247114
2020/11/12,600035.sh,2.44,2.46,2.42,2.45,6949186
2020/11/13,600035.sh,2.45,2.49,2.43,2.46,8446646
2020/11/16,600035.sh,2.47,2.49,2.46,2.49,9116695
2020/11/17,600035.sh,2.48,2.50,2.47,2.50,9198107
2020/11/18,600035.sh,2.49,2.50,2.48,2.49,11243715
2020/11/19,600035.sh,2.49,2.50,2.47,2.47,5791156
2020/11/20,600035.sh,2.47,2.48,2.45,2.48,5639530
2020/11/23,600035.sh,2.47,2.50,2.46,2.48,10588084
2020/11/24,600035.sh,2.47,2.49,2.46,2.46,7839201
2020/11/25,600035.sh,2.47,2.49,2.45,2.45,4635777
2020/11/26,600035.sh,2.45,2.46,2.44,2.45,3581246
2020/11/27,600035.sh,2.45,2.48,2.44,2.47,9049196
2020/11/30,600035.sh,2.47,2.50,2.45,2.47,11174279
2020/12/1,600035.sh,2.47,2.50,2.46,2.49,10050573
2020/12/2,600035.sh,2.50,2.50,2.47,2.49,8584853
2020/12/3,600035.sh,2.49,2.50,2.47,2.50,8439622
2020/12/4,600035.sh,2.50,2.50,2.45,2.49,7128577
2020/12/7,600035.sh,2.49,2.49,2.45,2.45,4162900
2020/12/8,600035.sh,2.45,2.47,2.44,2.45,3759148
2020/12/9,600035.sh,2.45,2.45,2.41,2.42,4046396
2020/12/10,600035.sh,2.41,2.43,2.40,2.42,5319020
2020/12/11,600035.sh,2.41,2.42,2.37,2.39,5422243
2020/12/14,600035.sh,2.39,2.40,2.38,2.40,2665608
2020/12/15,600035.sh,2.40,2.41,2.38,2.40,2784705
2020/12/16,600035.sh,2.41,2.43,2.39,2.41,4029305
2020/12/17,600035.sh,2.41,2.44,2.38,2.43,4948532
2020/12/18,600035.sh,2.43,2.44,2.40,2.41,5538054
2020/12/21,600035.sh,2.41,2.43,2.40,2.42,3345907
2020/12/22,600035.sh,2.42,2.42,2.37,2.38,4498145
2020/12/23,600035.sh,2.39,2.40,2.38,2.40,3435220
2020/12/24,600035.sh,2.40,2.40,2.36,2.37,4368396
2020/12/25,600035.sh,2.37,2.40,2.35,2.40,5013424
2020/12/28,600035.sh,2.40,2.41,2.39,2.39,4054390
2020/12/29,600035.sh,2.40,2.43,2.39,2.42,4906826
2020/12/30,600035.sh,2.42,2.45,2.41,2.42,4342273
2020/12/31,600035.sh,2.43,2.43,2.40,2.42,5169344
2021/1/4,600035.sh,2.42,2.43,2.40,2.42,5612854
2021/1/5,600035.sh,2.41,2.43,2.40,2.42,4646418
2021/1/6,600035.sh,2.42,2.43,2.40,2.41,3966388
2021/1/7,600035.sh,2.41,2.42,2.36,2.38,5962860
2021/1/8,600035.sh,2.37,2.39,2.35,2.39,3473864
2021/1/11,600035.sh,2.37,2.39,2.35,2.36,4559404
2021/1/12,600035.sh,2.36,2.36,2.35,2.35,3704635
2021/1/13,600035.sh,2.35,2.35,2.31,2.33,7417455
2021/1/14,600035.sh,2.31,2.35,2.31,2.34,4441397
2021/1/15,600035.sh,2.34,2.35,2.33,2.35,2285453
2021/1/18,600035.sh,2.35,2.37,2.34,2.35,3723920
2021/1/19,600035.sh,2.35,2.37,2.34,2.37,3575681
2021/1/20,600035.sh,2.36,2.38,2.35,2.35,2276060
2021/1/21,600035.sh,2.36,2.36,2.35,2.35,3611900
2021/1/22,600035.sh,2.35,2.35,2.32,2.33,3315302
2021/1/25,600035.sh,2.33,2.33,2.29,2.30,5601556
2021/1/26,600035.sh,2.29,2.30,2.25,2.26,4787600
2021/1/27,600035.sh,2.27,2.28,2.26,2.27,2609166
2021/1/28,600035.sh,2.27,2.27,2.23,2.24,5268217
2021/1/29,600035.sh,2.24,2.25,2.20,2.21,3568933
2021/2/1,600035.sh,2.20,2.21,2.18,2.20,4175800
2021/2/2,600035.sh,2.20,2.20,2.19,2.20,2264187
2021/2/3,600035.sh,2.20,2.20,2.14,2.15,5986200
2021/2/4,600035.sh,2.15,2.15,2.09,2.11,5049245
2021/2/5,600035.sh,2.11,2.16,2.11,2.15,4334719
2021/2/8,600035.sh,2.15,2.19,2.14,2.17,2969068
2021/2/9,600035.sh,2.17,2.18,2.15,2.18,2609575
2021/2/10,600035.sh,2.18,2.19,2.16,2.17,3338684
2021/2/18,600035.sh,2.19,2.21,2.18,2.20,2683000
2021/2/19,600035.sh,2.21,2.27,2.20,2.27,5461652
2021/2/22,600035.sh,2.26,2.34,2.26,2.30,8156836
2021/2/23,600035.sh,2.30,2.30,2.27,2.28,4960465
2021/2/24,600035.sh,2.28,2.30,2.26,2.27,3889068
2021/2/25,600035.sh,2.27,2.30,2.26,2.29,4750241
2021/2/26,600035.sh,2.28,2.28,2.25,2.27,3912936
2021/3/1,600035.sh,2.27,2.28,2.26,2.27,3807540
2021/3/2,600035.sh,2.28,2.28,2.25,2.25,4472640
2021/3/3,600035.sh,2.25,2.29,2.24,2.29,5123961
2021/3/4,600035.sh,2.28,2.31,2.27,2.28,5944300
2021/3/5,600035.sh,2.28,2.30,2.27,2.30,5020376
2021/3/8,600035.sh,2.29,2.31,2.29,2.30,4841225
2021/3/9,600035.sh,2.29,2.32,2.25,2.30,8338496
2021/3/10,600035.sh,2.30,2.30,2.26,2.27,4217768
2021/3/11,600035.sh,2.27,2.30,2.26,2.29,3655236
2021/3/12,600035.sh,2.30,2.34,2.27,2.33,8165130
2021/3/15,600035.sh,2.33,2.39,2.32,2.36,10040576
2021/3/16,600035.sh,2.37,2.38,2.35,2.36,4776902
2021/3/17,600035.sh,2.36,2.38,2.34,2.35,4875816
2021/3/18,600035.sh,2.35,2.37,2.35,2.35,3101720
2021/3/19,600035.sh,2.35,2.36,2.33,2.33,5474496
2021/3/22,600035.sh,2.33,2.35,2.32,2.35,6840480
2021/3/23,600035.sh,2.35,2.42,2.34,2.40,16347485
2021/3/24,600035.sh,2.38,2.45,2.36,2.37,16847969
2021/3/25,600035.sh,2.35,2.37,2.31,2.32,12960782
2021/3/26,600035.sh,2.32,2.35,2.32,2.34,6448389
2021/3/29,600035.sh,2.34,2.42,2.33,2.40,10110086
2021/3/30,600035.sh,2.38,2.42,2.36,2.40,8788748
2021/3/31,600035.sh,2.47,2.49,2.40,2.43,15821477
2021/4/1,600035.sh,2.41,2.42,2.38,2.40,9496676
2021/4/2,600035.sh,2.40,2.41,2.36,2.37,6724800
2021/4/6,600035.sh,2.36,2.39,2.36,2.39,3924900
2021/4/7,600035.sh,2.39,2.40,2.37,2.40,5864740
2021/4/8,600035.sh,2.40,2.40,2.36,2.37,6143196
2021/4/9,600035.sh,2.36,2.38,2.36,2.38,3531720
2021/4/12,600035.sh,2.36,2.39,2.36,2.38,3838327
2021/4/13,600035.sh,2.38,2.38,2.35,2.38,3497500
2021/4/14,600035.sh,2.38,2.39,2.37,2.38,2796436
2021/4/15,600035.sh,2.37,2.41,2.37,2.40,6539600
2021/4/16,600035.sh,2.40,2.42,2.40,2.41,6658440
2021/4/19,600035.sh,2.41,2.43,2.40,2.41,6484376
2021/4/20,600035.sh,2.41,2.43,2.40,2.40,4486464
2021/4/21,600035.sh,2.40,2.41,2.38,2.39,2982984
2021/4/22,600035.sh,2.39,2.40,2.39,2.39,2112290
2021/4/23,600035.sh,2.38,2.40,2.35,2.36,5395121
2021/4/26,600035.sh,2.35,2.36,2.34,2.35,3821763
2021/4/27,600035.sh,2.35,2.35,2.30,2.33,4559107
2021/4/28,600035.sh,2.32,2.38,2.31,2.37,5671655
2021/4/29,600035.sh,2.42,2.45,2.40,2.43,20353238
2021/4/30,600035.sh,2.42,2.49,2.42,2.48,20794760
2021/5/6,600035.sh,2.49,2.58,2.48,2.55,19753534
2021/5/7,600035.sh,2.56,2.59,2.53,2.58,19634658
2021/5/10,600035.sh,2.58,2.60,2.54,2.57,14378764
2021/5/11,600035.sh,2.55,2.60,2.55,2.58,11062572
2021/5/12,600035.sh,2.57,2.60,2.57,2.60,10932132
2021/5/13,600035.sh,2.60,2.62,2.56,2.57,14678135
2021/5/14,600035.sh,2.59,2.62,2.58,2.61,13006696
2021/5/17,600035.sh,2.60,2.61,2.56,2.58,10642481
2021/5/18,600035.sh,2.57,2.59,2.55,2.57,7611232
2021/5/19,600035.sh,2.58,2.58,2.50,2.52,9716836
2021/5/20,600035.sh,2.53,2.56,2.51,2.55,9961612
2021/5/21,600035.sh,2.54,2.56,2.54,2.55,5262076
2021/5/24,600035.sh,2.55,2.61,2.53,2.56,9635357
2021/5/25,600035.sh,2.55,2.56,2.54,2.55,8374495
2021/5/26,600035.sh,2.55,2.57,2.54,2.55,5389618
2021/5/27,600035.sh,2.55,2.56,2.53,2.55,6498600
2021/5/28,600035.sh,2.55,2.55,2.52,2.53,6558801
2021/5/31,600035.sh,2.52,2.53,2.48,2.50,9023200
2021/6/1,600035.sh,2.50,2.53,2.49,2.52,5777942
2021/6/2,600035.sh,2.52,2.53,2.50,2.50,4980072
2021/6/3,600035.sh,2.50,2.55,2.50,2.52,6655291
2021/6/4,600035.sh,2.51,2.54,2.50,2.52,5567791
2021/6/7,600035.sh,2.51,2.53,2.51,2.53,3869090
2021/6/8,600035.sh,2.52,2.53,2.49,2.50,7315144
2021/6/9,600035.sh,2.52,2.54,2.50,2.53,4850509
2021/6/10,600035.sh,2.52,2.53,2.51,2.52,4579581
2021/6/11,600035.sh,2.52,2.53,2.50,2.50,5395972
2021/6/15,600035.sh,2.50,2.50,2.45,2.45,8360775
2021/6/16,600035.sh,2.46,2.47,2.44,2.44,6874672
2021/6/17,600035.sh,2.44,2.46,2.41,2.42,5988221
2021/6/18,600035.sh,2.43,2.44,2.41,2.44,3847316
2021/6/21,600035.sh,2.43,2.46,2.43,2.44,5509062
2021/6/22,600035.sh,2.44,2.51,2.44,2.50,9221076
2021/6/23,600035.sh,2.50,2.53,2.49,2.51,7989701
2021/6/24,600035.sh,2.51,2.58,2.50,2.55,13339904
2021/6/25,600035.sh,2.55,2.55,2.53,2.54,7009536
2021/6/28,600035.sh,2.54,2.55,2.52,2.52,4043900
2021/6/29,600035.sh,2.52,2.55,2.50,2.50,5461460
2021/6/30,600035.sh,2.51,2.56,2.50,2.55,10055596
2021/7/1,600035.sh,2.56,2.57,2.53,2.55,6844821
2021/7/2,600035.sh,2.53,2.55,2.53,2.55,5661078
2021/7/5,600035.sh,2.55,2.55,2.50,2.51,8298309
2021/7/6,600035.sh,2.50,2.54,2.48,2.53,8419803
2021/7/7,600035.sh,2.52,2.54,2.50,2.50,6984260
2021/7/8,600035.sh,2.51,2.52,2.45,2.46,8675040
2021/7/9,600035.sh,2.46,2.48,2.45,2.47,4522500
2021/7/12,600035.sh,2.49,2.50,2.47,2.48,7683387
2021/7/13,600035.sh,2.49,2.51,2.49,2.50,8281215
2021/7/14,600035.sh,2.50,2.51,2.47,2.49,8773296
2021/7/15,600035.sh,2.49,2.50,2.46,2.50,6184501
2021/7/16,600035.sh,2.49,2.49,2.46,2.47,5444800
2021/7/19,600035.sh,2.46,2.47,2.44,2.45,6927761
2021/7/20,600035.sh,2.44,2.45,2.43,2.44,4959841
2021/7/21,600035.sh,2.45,2.47,2.44,2.44,6626700
2021/7/22,600035.sh,2.44,2.47,2.44,2.47,7718455
2021/7/23,600035.sh,2.47,2.47,2.44,2.45,5031700
2021/7/26,600035.sh,2.44,2.45,2.41,2.42,6622120
2021/7/27,600035.sh,2.42,2.44,2.40,2.40,6263076
2021/7/28,600035.sh,2.40,2.41,2.36,2.38,7495990
2021/7/29,600035.sh,2.38,2.38,2.34,2.36,7707112
2021/7/30,600035.sh,2.36,2.36,2.32,2.33,6013777
2021/8/2,600035.sh,2.33,2.37,2.27,2.36,8024802
2021/8/3,600035.sh,2.36,2.39,2.35,2.37,6166585
2021/8/4,600035.sh,2.38,2.38,2.34,2.34,4606475
2021/8/5,600035.sh,2.35,2.37,2.34,2.36,4355752
2021/8/6,600035.sh,2.36,2.37,2.31,2.35,5799889
2021/8/9,600035.sh,2.33,2.38,2.33,2.37,5771216
2021/8/10,600035.sh,2.38,2.38,2.36,2.37,3841744
2021/8/11,600035.sh,2.38,2.38,2.36,2.38,5587082
2021/8/12,600035.sh,2.38,2.39,2.37,2.38,5094560
2021/8/13,600035.sh,2.38,2.38,2.36,2.38,4922384
2021/8/16,600035.sh,2.38,2.39,2.37,2.38,4324300
2021/8/17,600035.sh,2.38,2.41,2.36,2.37,8524529
2021/8/18,600035.sh,2.37,2.39,2.36,2.38,4479361
2021/8/19,600035.sh,2.38,2.39,2.38,2.39,5694072
2021/8/20,600035.sh,2.39,2.39,2.38,2.39,4040352
2021/8/23,600035.sh,2.39,2.44,2.38,2.42,9669406
2021/8/24,600035.sh,2.42,2.43,2.41,2.41,8340164
2021/8/25,600035.sh,2.42,2.46,2.41,2.45,10302589
2021/8/26,600035.sh,2.45,2.51,2.44,2.50,12046544
2021/8/27,600035.sh,2.50,2.52,2.48,2.51,11270011
2021/8/30,600035.sh,2.53,2.56,2.51,2.51,11536592
2021/8/31,600035.sh,2.52,2.53,2.49,2.51,17530281
2021/9/1,600035.sh,2.51,2.58,2.49,2.55,24387179
2021/9/2,600035.sh,2.55,2.57,2.54,2.55,16091112
2021/9/3,600035.sh,2.56,2.61,2.55,2.58,14743536
2021/9/6,600035.sh,2.58,2.62,2.58,2.59,13073800
2021/9/7,600035.sh,2.59,2.64,2.59,2.63,19267288
2021/9/8,600035.sh,2.64,2.71,2.63,2.70,22525301
2021/9/9,600035.sh,2.71,2.85,2.70,2.82,34865509
2021/9/10,600035.sh,2.84,2.90,2.76,2.78,35564515
2021/9/13,600035.sh,2.78,2.87,2.76,2.87,30946645
2021/9/14,600035.sh,2.87,2.88,2.78,2.80,28074704
2021/9/15,600035.sh,2.78,2.83,2.78,2.79,16102402
2021/9/16,600035.sh,2.78,2.85,2.73,2.73,18392496
2021/9/17,600035.sh,2.74,2.78,2.67,2.73,17220832
2021/9/22,600035.sh,2.68,2.86,2.68,2.85,24090849
2021/9/23,600035.sh,2.86,3.01,2.86,2.95,36864351
2021/9/24,600035.sh,2.98,2.98,2.84,2.86,22243046
2021/9/27,600035.sh,2.85,2.88,2.71,2.75,22776984
2021/9/28,600035.sh,2.74,2.80,2.72,2.78,13723026
2021/9/29,600035.sh,2.74,2.78,2.67,2.67,15087122
2021/9/30,600035.sh,2.71,2.78,2.68,2.72,13560668
2021/10/8,600035.sh,2.74,2.84,2.74,2.78,17216280
2021/10/11,600035.sh,2.82,2.82,2.73,2.76,10793454
2021/10/12,600035.sh,2.73,2.74,2.64,2.69,14547973
2021/10/13,600035.sh,2.68,2.68,2.60,2.66,14784484
2021/10/14,600035.sh,2.64,2.67,2.61,2.66,9240116
2021/10/15,600035.sh,2.67,2.67,2.60,2.61,9473828
2021/10/18,600035.sh,2.61,2.70,2.60,2.70,13745821
2021/10/19,600035.sh,2.69,2.70,2.66,2.68,6761380
2021/10/20,600035.sh,2.68,2.68,2.64,2.65,7242567
2021/10/21,600035.sh,2.66,2.67,2.61,2.63,7688571
2021/10/22,600035.sh,2.64,2.64,2.57,2.58,11003496
2021/10/25,600035.sh,2.58,2.61,2.55,2.58,8161240
2021/10/26,600035.sh,2.58,2.61,2.56,2.59,8634408
2021/10/27,600035.sh,2.59,2.60,2.52,2.54,9613971
2021/10/28,600035.sh,2.52,2.55,2.50,2.51,9083400
2021/10/29,600035.sh,2.54,2.57,2.49,2.54,14383800
2021/11/1,600035.sh,2.53,2.56,2.51,2.55,10762727
2021/11/2,600035.sh,2.55,2.56,2.43,2.48,17188211
2021/11/3,600035.sh,2.47,2.50,2.45,2.49,7471688
2021/11/4,600035.sh,2.48,2.50,2.47,2.48,7743206
2021/11/5,600035.sh,2.48,2.49,2.45,2.46,9906125
2021/11/8,600035.sh,2.47,2.47,2.44,2.47,7604800
2021/11/9,600035.sh,2.47,2.50,2.45,2.49,6389320
2021/11/10,600035.sh,2.49,2.49,2.44,2.47,10899277
2021/11/11,600035.sh,2.46,2.50,2.45,2.50,11417557
2021/11/12,600035.sh,2.50,2.51,2.47,2.47,7416020
2021/11/15,600035.sh,2.47,2.50,2.46,2.49,9459500
2021/11/16,600035.sh,2.50,2.51,2.47,2.49,9515201
2021/11/17,600035.sh,2.48,2.49,2.46,2.48,7721164
2021/11/18,600035.sh,2.47,2.50,2.47,2.49,9305218
2021/11/19,600035.sh,2.49,2.52,2.48,2.52,13082300
2021/11/22,600035.sh,2.51,2.54,2.50,2.51,10671550
2021/11/23,600035.sh,2.51,2.55,2.50,2.53,9603322
2021/11/24,600035.sh,2.53,2.57,2.51,2.56,11069843
2021/11/25,600035.sh,2.55,2.61,2.55,2.58,10532309
2021/11/26,600035.sh,2.58,2.58,2.54,2.57,11319395
2021/11/29,600035.sh,2.55,2.55,2.51,2.53,8627623
2021/11/30,600035.sh,2.54,2.55,2.51,2.53,7466651
2021/12/1,600035.sh,2.51,2.61,2.51,2.61,14716960
2021/12/2,600035.sh,2.60,2.62,2.57,2.58,9098062
2021/12/3,600035.sh,2.58,2.64,2.58,2.61,13045612
2021/12/6,600035.sh,2.62,2.64,2.58,2.60,12640177
2021/12/7,600035.sh,2.61,2.62,2.56,2.60,9846302
2021/12/8,600035.sh,2.61,2.61,2.58,2.60,11223878
2021/12/9,600035.sh,2.60,2.62,2.59,2.61,11794911
2021/12/10,600035.sh,2.60,2.62,2.58,2.61,10800310
2021/12/13,600035.sh,2.61,2.62,2.60,2.60,8239608
2021/12/14,600035.sh,2.59,2.60,2.56,2.56,9518079
2021/12/15,600035.sh,2.56,2.63,2.56,2.61,17555128
2021/12/16,600035.sh,2.62,2.64,2.60,2.64,11182038
2021/12/17,600035.sh,2.64,2.65,2.61,2.63,9272007
2021/12/20,600035.sh,2.62,2.68,2.61,2.67,14320002
2021/12/21,600035.sh,2.67,2.73,2.65,2.72,14962683
2021/12/22,600035.sh,2.73,2.73,2.67,2.70,13401868
2021/12/23,600035.sh,2.69,2.71,2.67,2.67,8588602
2021/12/24,600035.sh,2.67,2.68,2.62,2.63,11748079
2021/12/27,600035.sh,2.63,2.67,2.62,2.67,7277610
2021/12/28,600035.sh,2.67,2.68,2.63,2.65,9928000
2021/12/29,600035.sh,2.65,2.70,2.65,2.67,9880592
2021/12/30,600035.sh,2.67,2.70,2.66,2.68,9002714
2021/12/31,600035.sh,2.68,2.71,2.67,2.68,8139971
2022/1/4,600035.sh,2.69,2.77,2.68,2.75,21068878
2022/1/5,600035.sh,2.75,2.76,2.70,2.73,14022050
2022/1/6,600035.sh,2.73,2.76,2.72,2.74,13848712
2022/1/7,600035.sh,2.73,2.77,2.73,2.73,11614800
2022/1/10,600035.sh,2.73,2.75,2.73,2.74,9215141
2022/1/11,600035.sh,2.73,2.78,2.73,2.75,11526269
2022/1/12,600035.sh,2.76,2.76,2.71,2.72,12828886
2022/1/13,600035.sh,2.72,2.78,2.72,2.73,12390520
2022/1/14,600035.sh,2.73,2.74,2.64,2.65,19367229
2022/1/17,600035.sh,2.65,2.69,2.64,2.66,12480376
2022/1/18,600035.sh,2.66,2.67,2.62,2.65,10520288
2022/1/19,600035.sh,2.65,2.78,2.64,2.72,26529765
2022/1/20,600035.sh,2.73,2.73,2.67,2.68,11572232
2022/1/21,600035.sh,2.68,2.70,2.64,2.66,10493616
2022/1/24,600035.sh,2.65,2.67,2.61,2.61,11082252
2022/1/25,600035.sh,2.62,2.63,2.54,2.55,15807480
2022/1/26,600035.sh,2.55,2.59,2.55,2.58,8419195
2022/1/27,600035.sh,2.58,2.61,2.55,2.56,9669823
2022/1/28,600035.sh,2.57,2.62,2.55,2.60,11675895
2022/2/7,600035.sh,2.62,2.74,2.62,2.73,31983979
2022/2/8,600035.sh,2.74,2.96,2.73,2.89,56986416
2022/2/9,600035.sh,2.91,2.92,2.84,2.89,21635452
2022/2/10,600035.sh,2.87,2.91,2.84,2.90,16922006
2022/2/11,600035.sh,2.90,2.91,2.85,2.86,15168606
2022/2/14,600035.sh,2.86,2.88,2.80,2.83,16625280
2022/2/15,600035.sh,2.84,2.84,2.77,2.79,14750960
2022/2/16,600035.sh,2.81,2.88,2.80,2.87,17301414
2022/2/17,600035.sh,2.87,2.89,2.81,2.83,15377646
2022/2/18,600035.sh,2.79,2.90,2.78,2.90,19028235
2022/2/21,600035.sh,2.90,2.93,2.84,2.90,15491560
2022/2/22,600035.sh,2.86,2.90,2.83,2.85,13278678
2022/2/23,600035.sh,2.87,2.87,2.82,2.83,13944000
2022/2/24,600035.sh,2.83,2.84,2.71,2.74,19288901
2022/2/25,600035.sh,2.77,2.84,2.77,2.80,18321524
2022/2/28,600035.sh,2.82,2.86,2.78,2.80,11716679
2022/3/1,600035.sh,2.81,2.85,2.80,2.83,10675280
2022/3/2,600035.sh,2.83,2.86,2.80,2.84,11838823
2022/3/3,600035.sh,2.85,2.91,2.85,2.90,18801223
2022/3/4,600035.sh,2.91,2.92,2.84,2.86,17527500
2022/3/7,600035.sh,2.84,2.89,2.80,2.81,12523788
2022/3/8,600035.sh,2.82,2.84,2.73,2.75,12237144
2022/3/9,600035.sh,2.74,2.78,2.61,2.69,17748976
2022/3/10,600035.sh,2.74,2.83,2.73,2.79,17573678
2022/3/11,600035.sh,2.78,2.81,2.70,2.80,15888136
2022/3/14,600035.sh,2.77,2.82,2.73,2.73,15462300
2022/3/15,600035.sh,2.71,2.73,2.55,2.55,25209518
2022/3/16,600035.sh,2.59,2.67,2.55,2.64,20678568
2022/3/17,600035.sh,2.67,2.69,2.63,2.65,14922100
2022/3/18,600035.sh,2.64,2.71,2.63,2.69,11993712
2022/3/21,600035.sh,2.70,2.71,2.65,2.68,13375636
2022/3/22,600035.sh,2.68,2.76,2.67,2.74,15165536
2022/3/23,600035.sh,2.73,2.73,2.69,2.70,10978755
2022/3/24,600035.sh,2.68,2.73,2.67,2.67,10064700
2022/3/25,600035.sh,2.67,2.74,2.67,2.73,15358620
2022/3/28,600035.sh,2.70,2.82,2.68,2.80,18479396
2022/3/29,600035.sh,2.79,2.82,2.78,2.80,10882920
2022/3/30,600035.sh,2.79,2.82,2.78,2.80,9940956
2022/3/31,600035.sh,2.81,2.88,2.79,2.85,19756167
2022/4/1,600035.sh,2.84,2.90,2.83,2.89,15054394
2022/4/6,600035.sh,2.90,2.95,2.88,2.95,29514132
2022/4/7,600035.sh,2.94,2.96,2.87,2.89,20533323
2022/4/8,600035.sh,2.89,2.97,2.88,2.93,18827658
2022/4/11,600035.sh,2.95,2.97,2.88,2.91,19088095
2022/4/12,600035.sh,2.91,2.97,2.87,2.97,20785832
2022/4/13,600035.sh,2.97,2.99,2.90,2.91,17571509
2022/4/14,600035.sh,2.94,2.95,2.89,2.91,13409217
2022/4/15,600035.sh,2.90,2.93,2.84,2.85,14011774
2022/4/18,600035.sh,2.84,2.89,2.80,2.86,11435670
2022/4/19,600035.sh,2.85,2.89,2.83,2.87,12051988
2022/4/20,600035.sh,2.87,2.92,2.84,2.85,12673239
2022/4/21,600035.sh,2.84,2.85,2.73,2.75,15096870
2022/4/22,600035.sh,2.73,2.85,2.73,2.82,13401311
2022/4/25,600035.sh,2.80,2.80,2.64,2.66,18089076
2022/4/26,600035.sh,2.65,2.70,2.58,2.61,16511638
2022/4/27,600035.sh,2.58,2.68,2.51,2.67,26352774
2022/4/28,600035.sh,2.65,2.70,2.59,2.64,16800070
2022/4/29,600035.sh,2.67,2.76,2.66,2.73,20533857
2022/5/5,600035.sh,2.73,2.78,2.72,2.75,11772851
2022/5/6,600035.sh,2.70,2.72,2.65,2.67,16631856
2022/5/9,600035.sh,2.67,2.71,2.67,2.69,10777397
2022/5/10,600035.sh,2.67,2.75,2.62,2.75,20570157
2022/5/11,600035.sh,2.74,2.78,2.69,2.71,20368600
2022/5/12,600035.sh,2.68,2.72,2.67,2.71,12186411
2022/5/13,600035.sh,2.70,2.79,2.69,2.79,22893926
2022/5/16,600035.sh,2.80,2.86,2.75,2.86,25854866
2022/5/17,600035.sh,2.85,2.87,2.79,2.83,16339980
2022/5/18,600035.sh,2.83,2.84,2.78,2.79,14497500
2022/5/19,600035.sh,2.75,2.81,2.73,2.81,14835036
2022/5/20,600035.sh,2.80,2.84,2.79,2.83,14347054
2022/5/23,600035.sh,2.83,2.87,2.82,2.86,14536000
2022/5/24,600035.sh,2.85,2.86,2.77,2.78,16383940
2022/5/25,600035.sh,2.78,2.92,2.78,2.90,27338112
2022/5/26,600035.sh,2.91,2.98,2.89,2.95,23239050
2022/5/27,600035.sh,2.96,2.96,2.90,2.95,17599994
2022/5/30,600035.sh,2.96,3.01,2.90,2.94,15788760
2022/5/31,600035.sh,2.96,2.97,2.90,2.94,15248134
2022/6/1,600035.sh,2.94,3.07,2.91,3.03,29627616
2022/6/2,600035.sh,3.02,3.02,2.94,2.95,18466600
2022/6/6,600035.sh,2.94,2.95,2.86,2.90,20597020
2022/6/7,600035.sh,2.90,2.95,2.88,2.91,15915635
2022/6/8,600035.sh,2.95,3.01,2.84,2.91,21908188
2022/6/9,600035.sh,2.93,2.94,2.87,2.90,12221328
2022/6/10,600035.sh,2.88,2.93,2.87,2.90,12980611
2022/6/13,600035.sh,2.89,2.92,2.83,2.87,16000487
2022/6/14,600035.sh,2.84,2.89,2.81,2.88,19089264
2022/6/15,600035.sh,2.90,2.95,2.89,2.90,21462476
2022/6/16,600035.sh,2.89,2.91,2.84,2.86,14938833
2022/6/17,600035.sh,2.84,2.86,2.83,2.86,12620800
2022/6/20,600035.sh,2.86,2.88,2.83,2.87,10390486
2022/6/21,600035.sh,2.87,2.89,2.81,2.85,13399555
2022/6/22,600035.sh,2.85,2.87,2.83,2.83,10799660
2022/6/23,600035.sh,2.83,2.86,2.81,2.86,9938217
2022/6/24,600035.sh,2.85,2.87,2.83,2.86,10827724
2022/6/27,600035.sh,2.87,2.89,2.86,2.89,11799083
2022/6/28,600035.sh,2.89,2.92,2.89,2.91,12140804
2022/6/29,600035.sh,2.91,2.92,2.86,2.87,10677853
2022/6/30,600035.sh,2.88,2.91,2.87,2.91,11577731
2022/7/1,600035.sh,2.91,2.92,2.88,2.90,9361800
2022/7/4,600035.sh,2.90,2.91,2.85,2.90,10873238
2022/7/5,600035.sh,2.89,2.95,2.89,2.92,19271822
2022/7/6,600035.sh,2.90,2.92,2.82,2.83,18645820
2022/7/7,600035.sh,2.82,2.88,2.82,2.83,9805669
2022/7/8,600035.sh,2.84,2.85,2.82,2.83,7304355
2022/7/11,600035.sh,2.84,2.86,2.81,2.86,10680976
2022/7/12,600035.sh,2.92,3.14,2.91,3.04,103355657
2022/7/13,600035.sh,3.08,3.34,3.03,3.34,152033838
2022/7/14,600035.sh,3.21,3.32,3.07,3.09,116194867
2022/7/15,600035.sh,3.10,3.40,3.09,3.16,86749402
2022/7/18,600035.sh,3.16,3.46,3.16,3.31,90908075
2022/7/19,600035.sh,3.35,3.41,3.23,3.30,59702248
2022/7/20,600035.sh,3.30,3.33,3.22,3.25,32745770
2022/7/21,600035.sh,3.26,3.29,3.16,3.19,32035009
2022/7/22,600035.sh,3.18,3.42,3.17,3.30,54029538
2022/7/25,600035.sh,3.26,3.47,3.24,3.38,59027684
2022/7/26,600035.sh,3.38,3.38,3.24,3.33,33716582
2022/7/27,600035.sh,3.30,3.32,3.23,3.27,28273120
2022/7/28,600035.sh,3.27,3.30,3.24,3.28,21445600
2022/7/29,600035.sh,3.25,3.27,3.18,3.18,27922706
2022/8/1,600035.sh,3.19,3.23,3.12,3.14,23311413
2022/8/2,600035.sh,3.12,3.14,2.96,3.00,31796374
2022/8/3,600035.sh,2.99,3.06,2.92,2.95,21446418
2022/8/4,600035.sh,2.98,2.99,2.92,2.97,12785900
2022/8/5,600035.sh,2.96,3.00,2.93,2.99,15528190
2022/8/8,600035.sh,2.98,3.01,2.96,2.98,11539580
2022/8/9,600035.sh,2.97,3.01,2.97,2.99,13593932
2022/8/10,600035.sh,2.98,2.99,2.94,2.96,12701900
2022/8/11,600035.sh,2.97,3.06,2.97,3.04,21015772
2022/8/12,600035.sh,3.03,3.07,3.02,3.06,13521669
2022/8/15,600035.sh,3.06,3.06,3.01,3.05,11262898
2022/8/16,600035.sh,3.05,3.09,3.03,3.06,15616814
2022/8/17,600035.sh,3.07,3.07,3.03,3.06,12470982
2022/8/18,600035.sh,3.06,3.06,3.00,3.02,13234168
2022/8/19,600035.sh,3.02,3.06,3.01,3.02,11598484
2022/8/22,600035.sh,3.02,3.04,2.99,3.02,11211432
2022/8/23,600035.sh,3.01,3.04,2.99,3.03,12202075
2022/8/24,600035.sh,3.04,3.08,2.99,2.99,20580747
2022/8/25,600035.sh,3.00,3.11,3.00,3.08,28706329
2022/8/26,600035.sh,3.10,3.12,3.07,3.08,16158426
2022/8/29,600035.sh,3.05,3.11,3.02,3.09,16232500
2022/8/30,600035.sh,3.09,3.15,3.08,3.12,15067574
2022/8/31,600035.sh,3.13,3.14,3.04,3.05,17135012
2022/9/1,600035.sh,3.06,3.11,3.05,3.07,14921896
2022/9/2,600035.sh,3.08,3.14,3.05,3.12,14778313
2022/9/5,600035.sh,3.14,3.18,3.13,3.18,14945806
2022/9/6,600035.sh,3.18,3.21,3.16,3.18,11448701
2022/9/7,600035.sh,3.18,3.23,3.16,3.19,14884062
2022/9/8,600035.sh,3.21,3.21,3.15,3.19,10052043
2022/9/9,600035.sh,3.20,3.25,3.20,3.22,13242772
2022/9/13,600035.sh,3.23,3.25,3.16,3.17,12074826
2022/9/14,600035.sh,3.13,3.20,3.12,3.14,12268170
2022/9/15,600035.sh,3.17,3.17,3.06,3.10,14258645
2022/9/16,600035.sh,3.11,3.12,3.00,3.00,14096373
2022/9/19,600035.sh,3.01,3.03,2.97,2.99,9275270
2022/9/20,600035.sh,3.00,3.09,3.00,3.05,13032506
2022/9/21,600035.sh,3.06,3.12,2.99,3.08,14665072
2022/9/22,600035.sh,3.06,3.09,3.04,3.04,12210314
2022/9/23,600035.sh,3.01,3.08,2.99,2.99,11651261
2022/9/26,600035.sh,2.99,2.99,2.88,2.88,16442293
2022/9/27,600035.sh,2.88,2.95,2.85,2.95,13793375
2022/9/28,600035.sh,2.93,2.93,2.86,2.87,10231000
2022/9/29,600035.sh,2.90,2.91,2.80,2.83,14111100
2022/9/30,600035.sh,2.81,2.85,2.81,2.83,9265040
2022/10/10,600035.sh,2.84,2.88,2.80,2.81,10242234
2022/10/11,600035.sh,2.83,2.83,2.76,2.83,8865904
2022/10/12,600035.sh,2.83,2.87,2.80,2.86,9323160
2022/10/13,600035.sh,2.86,2.86,2.82,2.83,12301563
2022/10/14,600035.sh,2.85,2.89,2.84,2.86,11612300
2022/10/17,600035.sh,2.87,2.90,2.83,2.88,11688293
2022/10/18,600035.sh,2.89,2.90,2.86,2.87,8501000
2022/10/19,600035.sh,2.87,2.88,2.84,2.84,9599804
2022/10/20,600035.sh,2.84,2.85,2.80,2.81,9781401
2022/10/21,600035.sh,2.82,2.86,2.81,2.83,8969514
2022/10/24,600035.sh,2.83,2.84,2.73,2.73,15377280
2022/10/25,600035.sh,2.75,2.76,2.70,2.75,9448540
2022/10/26,600035.sh,2.75,2.78,2.74,2.74,9700316
2022/10/27,600035.sh,2.75,2.78,2.74,2.77,7866616
2022/10/28,600035.sh,2.77,2.77,2.67,2.68,13123352
2022/10/31,600035.sh,2.69,2.74,2.68,2.72,9747003
2022/11/1,600035.sh,2.72,2.76,2.72,2.75,9542396
2022/11/2,600035.sh,2.76,2.79,2.75,2.76,13444111
2022/11/3,600035.sh,2.75,2.77,2.74,2.75,6718802
2022/11/4,600035.sh,2.76,2.80,2.75,2.79,12375040
2022/11/7,600035.sh,2.79,2.82,2.78,2.81,10041484
2022/11/8,600035.sh,2.81,2.82,2.78,2.80,8700501
2022/11/9,600035.sh,2.81,2.81,2.79,2.79,6740414
2022/11/10,600035.sh,2.78,2.83,2.76,2.82,13362910
2022/11/11,600035.sh,2.84,2.88,2.83,2.86,14147566
2022/11/14,600035.sh,2.86,2.89,2.83,2.85,10895031
2022/11/15,600035.sh,2.84,2.87,2.83,2.86,12813856
2022/11/16,600035.sh,2.86,2.89,2.85,2.87,11460976
2022/11/17,600035.sh,2.85,2.90,2.85,2.88,11146345
2022/11/18,600035.sh,2.89,2.90,2.83,2.83,8950200
2022/11/21,600035.sh,2.83,2.83,2.80,2.81,11212605
2022/11/22,600035.sh,2.82,2.87,2.81,2.84,15113058
2022/11/23,600035.sh,2.84,2.87,2.83,2.85,13508812
2022/11/24,600035.sh,2.87,2.89,2.85,2.86,15768378
2022/11/25,600035.sh,2.87,2.91,2.84,2.89,16677640
2022/11/28,600035.sh,2.89,2.91,2.83,2.89,14782326
2022/11/29,600035.sh,2.89,2.94,2.89,2.92,20500138
2022/11/30,600035.sh,2.93,2.95,2.90,2.91,13082395
2022/12/1,600035.sh,2.94,2.96,2.91,2.91,16288000
2022/12/2,600035.sh,2.91,2.92,2.90,2.91,10575601
2022/12/5,600035.sh,2.93,3.03,2.93,3.01,23242695
2022/12/6,600035.sh,3.00,3.02,2.96,2.99,14501955
2022/12/7,600035.sh,2.99,3.04,2.97,3.01,18900760
2022/12/8,600035.sh,3.00,3.08,3.00,3.07,29128800
2022/12/9,600035.sh,3.06,3.08,3.00,3.01,20214490
2022/12/12,600035.sh,3.01,3.03,2.98,2.99,16470110
2022/12/13,600035.sh,2.99,3.11,2.98,3.05,27653197
2022/12/14,600035.sh,3.02,3.04,2.99,2.99,14772903
2022/12/15,600035.sh,3.00,3.03,2.95,2.97,12459021
2022/12/16,600035.sh,2.96,3.01,2.92,3.00,14435293
2022/12/19,600035.sh,3.01,3.02,2.91,2.94,15721791
2022/12/20,600035.sh,2.95,2.96,2.91,2.93,10785500
2022/12/21,600035.sh,2.94,2.99,2.92,2.95,9479100
2022/12/22,600035.sh,2.96,2.99,2.90,2.91,11210722
2022/12/23,600035.sh,2.91,2.92,2.86,2.89,9385314
2022/12/26,600035.sh,2.88,2.92,2.88,2.91,7270800
2022/12/27,600035.sh,2.91,3.01,2.91,2.99,15015114
2022/12/28,600035.sh,2.98,3.00,2.94,2.99,10836236
2022/12/29,600035.sh,2.99,2.99,2.93,2.97,11792739
2022/12/30,600035.sh,2.96,3.01,2.94,3.01,19923294
2023/1/3,600035.sh,3.01,3.02,2.98,3.00,15869604
2023/1/4,600035.sh,3.00,3.01,2.99,3.00,8237972
2023/1/5,600035.sh,3.00,3.01,2.99,3.00,12703073
2023/1/6,600035.sh,3.00,3.01,2.96,2.97,11176096
2023/1/9,600035.sh,2.98,2.99,2.96,2.97,8367886
2023/1/10,600035.sh,2.98,2.98,2.92,2.93,13733700
2023/1/11,600035.sh,2.93,2.95,2.91,2.93,8118100
2023/1/12,600035.sh,2.92,2.94,2.89,2.91,9800900
2023/1/13,600035.sh,2.91,2.93,2.90,2.92,9015986
2023/1/16,600035.sh,2.92,2.96,2.91,2.94,14353315
2023/1/17,600035.sh,2.95,2.97,2.93,2.96,7997831
2023/1/18,600035.sh,2.96,2.98,2.95,2.98,8571883
2023/1/19,600035.sh,2.97,2.99,2.96,2.99,10243178
2023/1/20,600035.sh,2.99,3.01,2.98,3.00,11199806
2023/1/30,600035.sh,3.03,3.04,2.99,3.00,14784767
2023/1/31,600035.sh,2.99,3.03,2.99,3.01,10025310
2023/2/1,600035.sh,3.02,3.03,2.99,3.02,10759316
2023/2/2,600035.sh,3.03,3.03,3.00,3.01,13026662
2023/2/3,600035.sh,3.02,3.02,2.97,2.99,11377762
2023/2/6,600035.sh,2.98,3.03,2.97,3.00,14402408
2023/2/7,600035.sh,3.00,3.02,2.99,3.01,7437849
2023/2/8,600035.sh,3.02,3.03,2.99,2.99,8803500
2023/2/9,600035.sh,2.99,3.01,2.98,3.00,8584449
2023/2/10,600035.sh,3.00,3.03,3.00,3.01,9505772
2023/2/13,600035.sh,3.02,3.03,3.00,3.02,13308238
2023/2/14,600035.sh,3.03,3.04,3.01,3.03,12743991
2023/2/15,600035.sh,3.03,3.03,2.99,3.00,12749100
2023/2/16,600035.sh,3.01,3.04,2.94,2.97,24561393
2023/2/17,600035.sh,2.97,2.99,2.94,2.96,12623428
2023/2/20,600035.sh,2.96,3.00,2.94,3.00,15014068
2023/2/21,600035.sh,3.00,3.03,2.99,3.02,15443082
2023/2/22,600035.sh,3.01,3.04,3.00,3.03,13364696
2023/2/23,600035.sh,3.04,3.05,3.01,3.03,11525440
2023/2/24,600035.sh,3.04,3.04,3.00,3.02,8846700
2023/2/27,600035.sh,3.02,3.04,3.00,3.01,8909664
2023/2/28,600035.sh,3.03,3.05,3.02,3.05,11061699
2023/3/1,600035.sh,3.05,3.10,3.04,3.09,20132191
2023/3/2,600035.sh,3.10,3.23,3.09,3.16,31904882
2023/3/3,600035.sh,3.19,3.20,3.14,3.19,16955611
2023/3/6,600035.sh,3.19,3.22,3.16,3.18,14733848
2023/3/7,600035.sh,3.19,3.22,3.14,3.16,21959983
2023/3/8,600035.sh,3.15,3.20,3.14,3.19,17713004
2023/3/9,600035.sh,3.18,3.20,3.15,3.19,12674320
2023/3/10,600035.sh,3.17,3.19,3.14,3.15,14287712
2023/3/13,600035.sh,3.14,3.20,3.14,3.20,18733912
2023/3/14,600035.sh,3.19,3.22,3.16,3.20,16267752
2023/3/15,600035.sh,3.20,3.24,3.17,3.24,17186137
2023/3/16,600035.sh,3.22,3.27,3.21,3.22,15115700
2023/3/17,600035.sh,3.22,3.26,3.22,3.24,15571118
2023/3/20,600035.sh,3.24,3.31,3.20,3.22,17466169
2023/3/21,600035.sh,3.22,3.23,3.15,3.17,16246880
2023/3/22,600035.sh,3.18,3.21,3.16,3.19,14510197
2023/3/23,600035.sh,3.19,3.21,3.16,3.20,12783927
2023/3/24,600035.sh,3.20,3.21,3.14,3.15,15880845
2023/3/27,600035.sh,3.17,3.19,3.09,3.11,16619709
2023/3/28,600035.sh,3.12,3.13,3.06,3.09,13461400
2023/3/29,600035.sh,3.09,3.09,3.04,3.06,12654411
2023/3/30,600035.sh,3.06,3.06,3.02,3.06,12081779
2023/3/31,600035.sh,3.06,3.11,3.05,3.10,11792921
2023/4/3,600035.sh,3.10,3.14,3.09,3.12,12210580
2023/4/4,600035.sh,3.12,3.21,3.11,3.15,21123512
2023/4/6,600035.sh,3.15,3.15,3.12,3.14,12267987
2023/4/7,600035.sh,3.14,3.14,3.08,3.11,11877000
2023/4/10,600035.sh,3.10,3.12,3.06,3.07,14698000
2023/4/11,600035.sh,3.07,3.07,3.03,3.06,15830000
2023/4/12,600035.sh,3.06,3.13,3.05,3.13,18063839
2023/4/13,600035.sh,3.12,3.15,3.11,3.13,10459581
2023/4/14,600035.sh,3.14,3.15,3.09,3.12,11577521
2023/4/17,600035.sh,3.12,3.19,3.11,3.19,20119956
2023/4/18,600035.sh,3.18,3.21,3.16,3.20,11205012
2023/4/19,600035.sh,3.20,3.23,3.18,3.19,12670325
2023/4/20,600035.sh,3.19,3.22,3.15,3.22,14519790
2023/4/21,600035.sh,3.22,3.25,3.15,3.17,15538421
2023/4/24,600035.sh,3.18,3.22,3.14,3.19,19322810
2023/4/25,600035.sh,3.20,3.22,3.14,3.20,16652952
2023/4/26,600035.sh,3.20,3.24,3.17,3.22,18198039
2023/4/27,600035.sh,3.23,3.28,3.22,3.26,17772197
2023/4/28,600035.sh,3.44,3.59,3.39,3.59,56028430
2023/5/4,600035.sh,3.66,3.87,3.62,3.85,122650923
2023/5/5,600035.sh,3.82,3.98,3.81,3.91,93402800
2023/5/8,600035.sh,3.90,4.10,3.85,4.02,75408497
2023/5/9,600035.sh,4.03,4.09,3.88,3.89,77206412
2023/5/10,600035.sh,3.94,4.01,3.85,3.90,49217310
2023/5/11,600035.sh,3.94,3.96,3.85,3.93,29822395
2023/5/12,600035.sh,3.94,4.07,3.87,3.88,37210244
2023/5/15,600035.sh,3.91,3.93,3.82,3.90,33246132
2023/5/16,600035.sh,3.91,3.93,3.79,3.84,27360208
2023/5/17,600035.sh,3.82,3.88,3.78,3.85,21518602
2023/5/18,600035.sh,3.86,3.88,3.78,3.80,16222828
2023/5/19,600035.sh,3.78,3.79,3.68,3.70,21334454
2023/5/22,600035.sh,3.71,3.74,3.64,3.66,18737735
2023/5/23,600035.sh,3.66,3.69,3.61,3.62,18745100
2023/5/24,600035.sh,3.61,3.62,3.53,3.55,24154195
2023/5/25,600035.sh,3.54,3.58,3.53,3.56,16007618
2023/5/26,600035.sh,3.55,3.62,3.50,3.58,16370006
2023/5/29,600035.sh,3.57,3.68,3.56,3.62,16674268
2023/5/30,600035.sh,3.61,3.67,3.59,3.65,14662005
2023/5/31,600035.sh,3.64,3.68,3.62,3.67,12137430
2023/6/1,600035.sh,3.68,3.71,3.62,3.67,13300594
2023/6/2,600035.sh,3.67,3.74,3.66,3.68,16184541
2023/6/5,600035.sh,3.66,3.78,3.66,3.74,14559316
2023/6/6,600035.sh,3.73,3.76,3.66,3.68,15157524
2023/6/7,600035.sh,3.67,3.80,3.67,3.79,16947473
2023/6/8,600035.sh,3.78,3.86,3.74,3.80,17334752
2023/6/9,600035.sh,3.83,3.86,3.75,3.78,17068480
2023/6/12,600035.sh,3.75,3.77,3.68,3.70,19226784
2023/6/13,600035.sh,3.70,3.73,3.65,3.68,14527480
2023/6/14,600035.sh,3.70,3.71,3.64,3.67,9678300
2023/6/15,600035.sh,3.66,3.68,3.59,3.62,14773423
2023/6/16,600035.sh,3.65,3.71,3.61,3.62,15051529
2023/6/19,600035.sh,3.65,3.66,3.58,3.61,14731300
2023/6/20,600035.sh,3.60,3.61,3.53,3.55,13245668
2023/6/21,600035.sh,3.56,3.59,3.52,3.52,9032998
2023/6/26,600035.sh,3.55,3.56,3.48,3.51,12819914
2023/6/27,600035.sh,3.51,3.68,3.51,3.65,17019343
2023/6/28,600035.sh,3.68,3.75,3.62,3.73,16094780
2023/6/29,600035.sh,3.73,3.74,3.68,3.70,9606826
2023/6/30,600035.sh,3.70,3.78,3.69,3.75,16876070
2023/7/3,600035.sh,3.76,3.84,3.76,3.79,14143595
2023/7/4,600035.sh,3.82,3.82,3.71,3.73,11984100
2023/7/5,600035.sh,3.72,3.75,3.71,3.73,7944150
2023/7/6,600035.sh,3.70,3.74,3.69,3.72,8829189
2023/7/7,600035.sh,3.71,3.79,3.70,3.75,10040300
2023/7/10,600035.sh,3.74,3.82,3.72,3.79,13706988
2023/7/11,600035.sh,3.78,3.79,3.74,3.76,7782700
2023/7/12,600035.sh,3.74,3.77,3.68,3.69,9968512
2023/7/13,600035.sh,3.70,3.77,3.70,3.76,10299498
2023/7/14,600035.sh,3.76,3.76,3.72,3.74,9595292
2023/7/17,600035.sh,3.74,3.74,3.68,3.74,11714961
2023/7/18,600035.sh,3.74,3.77,3.73,3.76,8970704
2023/7/19,600035.sh,3.77,3.81,3.76,3.80,10703986
2023/7/20,600035.sh,3.81,3.82,3.74,3.75,8982546
2023/7/21,600035.sh,3.75,3.78,3.73,3.76,8952184
2023/7/24,600035.sh,3.75,3.84,3.74,3.81,13793304
2023/7/25,600035.sh,3.80,3.85,3.78,3.82,13643760
2023/7/26,600035.sh,3.82,3.85,3.78,3.80,11257100
2023/7/27,600035.sh,3.81,3.82,3.76,3.79,11904708
2023/7/28,600035.sh,3.77,3.86,3.75,3.85,14074075
2023/7/31,600035.sh,3.85,3.89,3.83,3.87,18358404
2023/8/1,600035.sh,3.88,3.92,3.85,3.90,19569892
2023/8/2,600035.sh,3.90,3.93,3.85,3.87,13939987
2023/8/3,600035.sh,3.86,3.90,3.83,3.86,12005540
2023/8/4,600035.sh,3.86,3.88,3.80,3.81,13324020
2023/8/7,600035.sh,3.81,3.81,3.69,3.71,19013316
2023/8/8,600035.sh,3.72,3.73,3.66,3.69,12894504
2023/8/9,600035.sh,3.70,3.70,3.63,3.64,13598800
2023/8/10,600035.sh,3.66,3.72,3.64,3.69,13564098
2023/8/11,600035.sh,3.72,3.73,3.63,3.63,12210300
2023/8/14,600035.sh,3.62,3.70,3.58,3.69,13400572
2023/8/15,600035.sh,3.69,3.77,3.67,3.73,12934658
2023/8/16,600035.sh,3.73,3.73,3.65,3.68,11853220
2023/8/17,600035.sh,3.67,3.74,3.64,3.73,12243000
2023/8/18,600035.sh,3.71,3.82,3.71,3.75,18167622
2023/8/21,600035.sh,3.79,3.80,3.73,3.74,12111772
2023/8/22,600035.sh,3.74,3.76,3.70,3.75,11405011
2023/8/23,600035.sh,3.74,3.76,3.71,3.73,9071000
2023/8/24,600035.sh,3.74,3.74,3.62,3.64,15200200
2023/8/25,600035.sh,3.64,3.76,3.62,3.69,15383592
2023/8/28,600035.sh,3.86,3.90,3.74,3.76,26610917
2023/8/29,600035.sh,3.75,3.76,3.65,3.74,24862537
2023/8/30,600035.sh,3.72,3.72,3.48,3.50,52886880
2023/8/31,600035.sh,3.49,3.49,3.39,3.39,29975472
2023/9/1,600035.sh,3.40,3.44,3.39,3.42,20701876
2023/9/4,600035.sh,3.43,3.56,3.43,3.54,30561071
2023/9/5,600035.sh,3.53,3.54,3.46,3.48,20060260
2023/9/6,600035.sh,3.48,3.48,3.43,3.44,11136820
2023/9/7,600035.sh,3.44,3.48,3.43,3.44,12352240
2023/9/8,600035.sh,3.44,3.51,3.42,3.48,22435345
2023/9/11,600035.sh,3.49,3.56,3.48,3.55,17878365
2023/9/12,600035.sh,3.55,3.56,3.51,3.53,10175631
2023/9/13,600035.sh,3.52,3.57,3.51,3.55,12991676
2023/9/14,600035.sh,3.54,3.61,3.53,3.60,18794513
2023/9/15,600035.sh,3.59,3.70,3.58,3.64,24033049
2023/9/18,600035.sh,3.64,3.65,3.56,3.62,16797799
2023/9/19,600035.sh,3.61,3.72,3.60,3.69,29156138
2023/9/20,600035.sh,3.67,3.68,3.62,3.66,15581480
2023/9/21,600035.sh,3.65,3.70,3.63,3.67,14921240
2023/9/22,600035.sh,3.66,3.67,3.62,3.64,13757915
2023/9/25,600035.sh,3.64,3.68,3.61,3.66,11931273
2023/9/26,600035.sh,3.66,3.68,3.63,3.66,10352696
2023/9/27,600035.sh,3.67,3.67,3.61,3.62,10758997
2023/9/28,600035.sh,3.62,3.63,3.60,3.63,10115680
2023/10/9,600035.sh,3.63,3.63,3.54,3.58,10330545
2023/10/10,600035.sh,3.59,3.61,3.51,3.52,11046928
2023/10/11,600035.sh,3.54,3.55,3.48,3.50,10830536
2023/10/12,600035.sh,3.50,3.55,3.50,3.53,9417454
2023/10/13,600035.sh,3.51,3.52,3.47,3.48,8046120
2023/10/16,600035.sh,3.47,3.52,3.47,3.51,9031376
2023/10/17,600035.sh,3.50,3.53,3.49,3.51,8090703
2023/10/18,600035.sh,3.51,3.51,3.43,3.43,10860687
2023/10/19,600035.sh,3.41,3.45,3.39,3.39,11225604
2023/10/20,600035.sh,3.38,3.40,3.37,3.38,9568081
2023/10/23,600035.sh,3.36,3.38,3.29,3.31,11197788
2023/10/24,600035.sh,3.32,3.42,3.32,3.41,15653601
2023/10/25,600035.sh,3.41,3.51,3.41,3.51,16768685
2023/10/26,600035.sh,3.51,3.56,3.48,3.55,17714786
2023/10/27,600035.sh,3.56,3.64,3.53,3.61,19590011
2023/10/30,600035.sh,3.62,3.64,3.56,3.57,16212238
2023/10/31,600035.sh,3.59,3.59,3.55,3.58,10687828
2023/11/1,600035.sh,3.57,3.60,3.55,3.57,8676100
2023/11/2,600035.sh,3.56,3.61,3.55,3.59,12391592
2023/11/3,600035.sh,3.57,3.60,3.53,3.54,15245716
2023/11/6,600035.sh,3.53,3.56,3.52,3.56,13005300
2023/11/7,600035.sh,3.55,3.57,3.52,3.56,10337700
2023/11/8,600035.sh,3.56,3.57,3.52,3.54,7712800
2023/11/9,600035.sh,3.53,3.57,3.53,3.55,7547100
2023/11/10,600035.sh,3.55,3.58,3.52,3.57,11032904
2023/11/13,600035.sh,3.58,3.60,3.55,3.58,8570700
2023/11/14,600035.sh,3.58,3.60,3.56,3.58,7561440
2023/11/15,600035.sh,3.59,3.60,3.54,3.56,8995576
2023/11/16,600035.sh,3.56,3.58,3.54,3.56,7077869
2023/11/17,600035.sh,3.56,3.56,3.53,3.55,6332601
2023/11/20,600035.sh,3.54,3.58,3.54,3.57,8677700
2023/11/21,600035.sh,3.58,3.62,3.57,3.58,13439998
2023/11/22,600035.sh,3.59,3.62,3.58,3.62,11768248
2023/11/23,600035.sh,3.61,3.64,3.59,3.63,10265232
2023/11/24,600035.sh,3.62,3.67,3.62,3.66,13088920
2023/11/27,600035.sh,3.67,3.68,3.62,3.63,13407609
2023/11/28,600035.sh,3.62,3.64,3.61,3.64,8070801
2023/11/29,600035.sh,3.63,3.66,3.62,3.62,7194001
2023/11/30,600035.sh,3.62,3.65,3.61,3.64,8597844
2023/12/1,600035.sh,3.64,3.70,3.62,3.68,13037000
2023/12/4,600035.sh,3.69,3.74,3.69,3.74,15353275
2023/12/5,600035.sh,3.74,3.74,3.68,3.70,14310109
2023/12/6,600035.sh,3.69,3.73,3.66,3.71,15813976
2023/12/7,600035.sh,3.72,3.73,3.67,3.70,18283968
2023/12/8,600035.sh,3.69,3.70,3.65,3.68,23502524
2023/12/11,600035.sh,3.66,3.67,3.60,3.66,21802050
2023/12/12,600035.sh,3.65,3.71,3.64,3.71,11812168
2023/12/13,600035.sh,3.70,3.74,3.70,3.71,12344032
2023/12/14,600035.sh,3.71,3.74,3.69,3.73,11446176
2023/12/15,600035.sh,3.73,3.74,3.68,3.69,11733394
2023/12/18,600035.sh,3.69,3.73,3.68,3.69,11711068
2023/12/19,600035.sh,3.68,3.70,3.61,3.65,12250620
2023/12/20,600035.sh,3.65,3.69,3.63,3.63,11199816
2023/12/21,600035.sh,3.63,3.65,3.57,3.65,13666504
2023/12/22,600035.sh,3.63,3.71,3.62,3.63,13649208
2023/12/25,600035.sh,3.62,3.62,3.53,3.57,15057435
2023/12/26,600035.sh,3.57,3.59,3.50,3.52,12917196
2023/12/27,600035.sh,3.52,3.56,3.51,3.55,10084976
2023/12/28,600035.sh,3.54,3.56,3.51,3.52,18274981
2023/12/29,600035.sh,3.52,3.53,3.49,3.51,12860687
2024/1/2,600035.sh,3.52,3.63,3.51,3.60,24018187
2024/1/3,600035.sh,3.59,3.66,3.59,3.65,15722394
2024/1/4,600035.sh,3.64,3.71,3.63,3.70,22496000
2024/1/5,600035.sh,3.70,3.73,3.66,3.68,14893477
2024/1/8,600035.sh,3.68,3.69,3.62,3.62,14224600
2024/1/9,600035.sh,3.63,3.74,3.61,3.71,16152884
2024/1/10,600035.sh,3.71,3.74,3.67,3.67,9381301
2024/1/11,600035.sh,3.68,3.68,3.62,3.64,13578075
2024/1/12,600035.sh,3.63,3.70,3.63,3.66,11062866
2024/1/15,600035.sh,3.66,3.71,3.64,3.71,10934920
2024/1/16,600035.sh,3.72,3.73,3.64,3.69,11520536
2024/1/17,600035.sh,3.68,3.71,3.65,3.65,11802270
2024/1/18,600035.sh,3.63,3.64,3.49,3.59,20336782
2024/1/19,600035.sh,3.58,3.61,3.53,3.54,9831816
2024/1/22,600035.sh,3.54,3.55,3.34,3.39,20756913
2024/1/23,600035.sh,3.38,3.41,3.29,3.39,20161261
2024/1/24,600035.sh,3.39,3.52,3.37,3.51,22138250
2024/1/25,600035.sh,3.51,3.64,3.51,3.62,22425240
2024/1/26,600035.sh,3.64,3.73,3.63,3.72,26063979
2024/1/29,600035.sh,3.72,3.76,3.69,3.72,21072460
2024/1/30,600035.sh,3.70,3.74,3.63,3.65,15024821
2024/1/31,600035.sh,3.64,3.67,3.54,3.55,23606700
2024/2/1,600035.sh,3.55,3.59,3.47,3.51,22736700
2024/2/2,600035.sh,3.50,3.57,3.36,3.42,34866280
2024/2/5,600035.sh,3.39,3.40,3.20,3.26,42047787
2024/2/6,600035.sh,3.23,3.37,3.13,3.33,47922316
2024/2/7,600035.sh,3.33,3.34,3.25,3.28,35407894
2024/2/8,600035.sh,3.30,3.44,3.28,3.44,40349748
2024/2/19,600035.sh,3.48,3.56,3.45,3.56,29279789
2024/2/20,600035.sh,3.55,3.59,3.52,3.57,19638509
2024/2/21,600035.sh,3.58,3.65,3.55,3.57,25806062
2024/2/22,600035.sh,3.57,3.60,3.54,3.60,15524699
2024/2/23,600035.sh,3.61,3.70,3.59,3.68,26594717
2024/2/26,600035.sh,3.68,3.68,3.59,3.60,29741063
2024/2/27,600035.sh,3.58,3.62,3.56,3.62,17241700
2024/2/28,600035.sh,3.62,3.63,3.53,3.54,28141440
2024/2/29,600035.sh,3.52,3.58,3.52,3.58,24179236
2024/3/1,600035.sh,3.59,3.59,3.55,3.58,16900170
2024/3/4,600035.sh,3.58,3.58,3.55,3.57,11058200
2024/3/5,600035.sh,3.56,3.62,3.55,3.61,18613664
2024/3/6,600035.sh,3.59,3.64,3.59,3.61,15832423
2024/3/7,600035.sh,3.61,3.65,3.60,3.64,17421300
2024/3/8,600035.sh,3.63,3.68,3.62,3.68,18322336
2024/3/11,600035.sh,3.68,3.80,3.67,3.74,30853222
2024/3/12,600035.sh,3.74,3.75,3.64,3.69,26117680
2024/3/13,600035.sh,3.68,3.78,3.66,3.75,23793695
2024/3/14,600035.sh,3.75,3.85,3.74,3.84,33143763
2024/3/15,600035.sh,3.83,3.87,3.80,3.87,23367037
2024/3/18,600035.sh,3.86,3.96,3.85,3.95,21815081
2024/3/19,600035.sh,3.94,3.97,3.89,3.92,20493425
2024/3/20,600035.sh,3.93,4.03,3.92,4.03,18844567
2024/3/21,600035.sh,4.03,4.04,3.94,3.95,14755580
2024/3/22,600035.sh,3.93,3.95,3.85,3.89,18563031
2024/3/25,600035.sh,3.87,3.98,3.86,3.91,15748965
2024/3/26,600035.sh,3.91,3.93,3.85,3.91,16326726
2024/3/27,600035.sh,3.89,3.96,3.86,3.87,12654925
2024/3/28,600035.sh,3.87,3.95,3.86,3.94,15931833
2024/3/29,600035.sh,3.94,4.13,3.89,4.11,23601551
2024/4/1,600035.sh,4.08,4.12,3.97,3.99,27151428
2024/4/2,600035.sh,4.01,4.07,3.97,4.03,14797962
2024/4/3,600035.sh,4.04,4.05,3.98,4.05,13495871
2024/4/8,600035.sh,4.04,4.10,4.01,4.06,16966281
2024/4/9,600035.sh,4.05,4.06,3.99,4.02,13524941
2024/4/10,600035.sh,4.01,4.06,3.98,4.01,16300686
2024/4/11,600035.sh,4.01,4.14,3.99,4.10,17782863
2024/4/12,600035.sh,4.09,4.20,4.09,4.17,14938785
2024/4/15,600035.sh,4.21,4.29,4.10,4.22,28579115
2024/4/16,600035.sh,4.21,4.25,4.09,4.11,28916711
2024/4/17,600035.sh,4.13,4.22,4.10,4.22,22709080
2024/4/18,600035.sh,4.23,4.25,4.13,4.16,19432179
2024/4/19,600035.sh,4.23,4.34,4.20,4.21,37043792
2024/4/22,600035.sh,4.24,4.28,4.13,4.16,28596469
2024/4/23,600035.sh,4.14,4.16,4.06,4.08,24386724
2024/4/24,600035.sh,4.07,4.13,4.04,4.11,21758011
2024/4/25,600035.sh,4.10,4.20,4.10,4.16,19315038
2024/4/26,600035.sh,4.16,4.17,4.04,4.10,21403320
2024/4/29,600035.sh,4.09,4.09,4.00,4.02,30745311
2024/4/30,600035.sh,3.96,4.09,3.94,4.07,25910824
2024/5/6,600035.sh,4.09,4.23,4.06,4.21,27653470
2024/5/7,600035.sh,4.22,4.22,4.17,4.20,16644284
2024/5/8,600035.sh,4.19,4.24,4.17,4.18,18024400
2024/5/9,600035.sh,4.17,4.25,4.17,4.24,16018864
2024/5/10,600035.sh,4.23,4.28,4.20,4.26,14721096
2024/5/13,600035.sh,4.24,4.34,4.23,4.31,16454531
2024/5/14,600035.sh,4.31,4.32,4.27,4.29,9796118
2024/5/15,600035.sh,4.29,4.29,4.21,4.23,15192900
2024/5/16,600035.sh,4.23,4.26,4.19,4.20,12767750
2024/5/17,600035.sh,4.21,4.23,4.14,4.23,14323673
2024/5/20,600035.sh,4.23,4.31,4.23,4.30,19214985
2024/5/21,600035.sh,4.31,4.34,4.27,4.32,14331070
2024/5/22,600035.sh,4.31,4.37,4.30,4.32,11857856
2024/5/23,600035.sh,4.29,4.32,4.20,4.20,14711656
2024/5/24,600035.sh,4.20,4.27,4.20,4.22,11979892
2024/5/27,600035.sh,4.22,4.30,4.22,4.30,10051800
2024/5/28,600035.sh,4.30,4.30,4.20,4.20,12559100
2024/5/29,600035.sh,4.21,4.24,4.17,4.19,9319980
2024/5/30,600035.sh,4.19,4.22,4.10,4.12,11284895
2024/5/31,600035.sh,4.12,4.16,4.10,4.12,8245772
2024/6/3,600035.sh,4.13,4.13,4.05,4.08,12125918
2024/6/4,600035.sh,4.08,4.18,4.06,4.15,14078791
2024/6/5,600035.sh,4.13,4.15,4.05,4.05,11566900
2024/6/6,600035.sh,4.05,4.07,3.97,4.01,14889516
2024/6/7,600035.sh,4.06,4.15,4.04,4.13,15367390
2024/6/11,600035.sh,4.15,4.18,4.00,4.06,13927126
2024/6/12,600035.sh,4.04,4.15,4.02,4.13,13806812
2024/6/13,600035.sh,4.11,4.17,4.00,4.02,12534300
2024/6/14,600035.sh,4.01,4.15,4.00,4.12,13976552
2024/6/17,600035.sh,4.09,4.14,4.04,4.09,13206832
2024/6/18,600035.sh,4.08,4.14,4.05,4.14,15405752
2024/6/19,600035.sh,4.15,4.23,4.14,4.19,17075268
2024/6/20,600035.sh,4.19,4.24,4.11,4.13,10535616
2024/6/21,600035.sh,4.13,4.18,4.11,4.15,8541816
2024/6/24,600035.sh,4.13,4.13,4.00,4.08,16070000
2024/6/25,600035.sh,4.07,4.10,4.03,4.04,12616522
2024/6/26,600035.sh,4.04,4.07,4.01,4.06,8294584
2024/6/27,600035.sh,4.05,4.07,4.01,4.01,7752412
2024/6/28,600035.sh,4.03,4.13,4.01,4.13,14450320
2024/7/1,600035.sh,4.10,4.19,4.09,4.19,11109088
2024/7/2,600035.sh,4.18,4.24,4.17,4.23,12213947
2024/7/3,600035.sh,4.22,4.27,4.20,4.22,11471220
2024/7/4,600035.sh,4.23,4.26,4.17,4.18,11239812
2024/7/5,600035.sh,4.18,4.23,4.17,4.21,8998671
2024/7/8,600035.sh,4.21,4.24,4.15,4.17,11616824
2024/7/9,600035.sh,4.18,4.26,4.17,4.26,15133944
2024/7/10,600035.sh,4.24,4.29,4.17,4.17,15862911
2024/7/11,600035.sh,4.19,4.22,4.16,4.18,15278601
2024/7/12,600035.sh,4.18,4.24,4.17,4.20,11905000
2024/7/15,600035.sh,4.20,4.24,4.15,4.20,15446132
2024/7/16,600035.sh,4.18,4.21,4.17,4.17,9258500
2024/7/17,600035.sh,4.17,4.20,4.14,4.14,11808000
2024/7/18,600035.sh,4.12,4.18,4.05,4.18,16372880
2024/7/19,600035.sh,4.17,4.17,4.12,4.15,10764456
2024/7/22,600035.sh,4.13,4.17,4.10,4.13,10345147
2024/7/23,600035.sh,4.14,4.20,4.12,4.12,16585096
2024/7/24,600035.sh,4.12,4.17,4.10,4.12,12593805
2024/7/25,600035.sh,4.13,4.16,4.09,4.10,14217754
2024/7/26,600035.sh,4.10,4.14,4.09,4.14,12140088
2024/7/29,600035.sh,4.13,4.19,4.12,4.18,11236475
2024/7/30,600035.sh,4.19,4.20,4.14,4.20,11988072
2024/7/31,600035.sh,4.20,4.28,4.19,4.26,19486400
2024/8/1,600035.sh,4.25,4.36,4.23,4.34,19629743
2024/8/2,600035.sh,4.33,4.34,4.29,4.32,10840980
2024/8/5,600035.sh,4.29,4.34,4.24,4.24,14041891
2024/8/6,600035.sh,4.26,4.28,4.09,4.15,22803734
2024/8/7,600035.sh,4.15,4.19,4.12,4.17,10182200
2024/8/8,600035.sh,4.17,4.21,4.16,4.18,7434598
2024/8/9,600035.sh,4.19,4.20,4.17,4.17,6419240
2024/8/12,600035.sh,4.17,4.19,4.15,4.17,6589100
2024/8/13,600035.sh,4.16,4.23,4.16,4.23,12033000
2024/8/14,600035.sh,4.23,4.28,4.21,4.24,9557600
2024/8/15,600035.sh,4.25,4.26,4.21,4.25,10254211
2024/8/16,600035.sh,4.25,4.33,4.23,4.28,14010834
2024/8/19,600035.sh,4.26,4.34,4.26,4.33,10037248
2024/8/20,600035.sh,4.33,4.35,4.26,4.29,10056800
2024/8/21,600035.sh,4.28,4.32,4.24,4.27,9872920
2024/8/22,600035.sh,4.28,4.31,4.26,4.27,11691950
2024/8/23,600035.sh,4.27,4.28,4.18,4.23,9510480
2024/8/26,600035.sh,4.23,4.24,4.15,4.18,11385587
2024/8/27,600035.sh,4.19,4.21,4.16,4.17,9853340
2024/8/28,600035.sh,4.16,4.17,4.13,4.13,6568942
2024/8/29,600035.sh,4.15,4.15,3.97,4.01,18948272
2024/8/30,600035.sh,3.94,3.95,3.79,3.84,36108628
2024/9/2,600035.sh,3.82,3.86,3.74,3.76,24007372
2024/9/3,600035.sh,3.75,3.75,3.64,3.68,22430095
2024/9/4,600035.sh,3.67,3.67,3.63,3.66,13236355
2024/9/5,600035.sh,3.65,3.68,3.64,3.68,10199877
2024/9/6,600035.sh,3.68,3.74,3.65,3.66,12783820
2024/9/9,600035.sh,3.65,3.65,3.54,3.55,14444128
2024/9/10,600035.sh,3.55,3.58,3.49,3.55,13186641
2024/9/11,600035.sh,3.52,3.53,3.47,3.52,13603298
2024/9/12,600035.sh,3.51,3.57,3.50,3.53,14779303
2024/9/13,600035.sh,3.53,3.60,3.52,3.57,19373528
2024/9/18,600035.sh,3.56,3.63,3.54,3.61,10696668
2024/9/19,600035.sh,3.61,3.63,3.57,3.62,9773215
2024/9/20,600035.sh,3.62,3.62,3.56,3.58,5854933
2024/9/23,600035.sh,3.58,3.61,3.57,3.60,6134700
2024/9/24,600035.sh,3.60,3.72,3.60,3.72,21508259
2024/9/25,600035.sh,3.73,3.87,3.73,3.83,29885630
2024/9/26,600035.sh,3.84,3.89,3.76,3.89,23111364
2024/9/27,600035.sh,3.94,3.97,3.86,3.94,18257689
2024/9/30,600035.sh,4.02,4.25,3.94,4.17,52529566
2024/10/8,600035.sh,4.57,4.59,4.06,4.22,62216449
2024/10/9,600035.sh,4.17,4.18,3.89,3.93,36285199
2024/10/10,600035.sh,3.94,4.12,3.92,4.01,28554556
2024/10/11,600035.sh,4.01,4.04,3.90,3.92,20815812
2024/10/14,600035.sh,3.95,4.01,3.92,4.00,16520708
2024/10/15,600035.sh,3.99,4.00,3.93,3.93,12458454
2024/10/16,600035.sh,3.92,4.02,3.91,3.99,14747070
2024/10/17,600035.sh,4.00,4.01,3.92,3.92,13817673
2024/10/18,600035.sh,3.92,4.01,3.88,3.97,18023440
2024/10/21,600035.sh,3.97,3.97,3.92,3.95,14105172
2024/10/22,600035.sh,3.94,3.97,3.91,3.93,20885951
2024/10/23,600035.sh,3.93,3.95,3.92,3.94,15699401
2024/10/24,600035.sh,3.93,3.93,3.90,3.92,8474869
2024/10/25,600035.sh,3.92,3.94,3.92,3.93,10474365
2024/10/28,600035.sh,3.94,4.01,3.92,4.01,21273249
2024/10/29,600035.sh,4.01,4.03,3.92,3.93,16230877
2024/10/30,600035.sh,3.93,3.97,3.90,3.93,13646607
2024/10/31,600035.sh,3.93,3.97,3.92,3.96,13797822
2024/11/1,600035.sh,3.94,4.01,3.94,3.97,20114535
2024/11/4,600035.sh,3.98,4.00,3.95,4.00,12823041
2024/11/5,600035.sh,4.00,4.07,3.99,4.07,21481482
2024/11/6,600035.sh,4.07,4.08,4.02,4.05,17757877
2024/11/7,600035.sh,4.04,4.16,4.02,4.16,22338988
2024/11/8,600035.sh,4.17,4.19,4.06,4.09,21645813
2024/11/11,600035.sh,4.08,4.16,4.06,4.11,16194541
2024/11/12,600035.sh,4.11,4.15,4.03,4.06,18634191
2024/11/13,600035.sh,4.07,4.11,4.05,4.08,16792356
2024/11/14,600035.sh,4.08,4.09,4.00,4.01,12841600
2024/11/15,600035.sh,4.01,4.06,3.99,3.99,13590320
2024/11/18,600035.sh,4.03,4.17,4.03,4.10,35410275
2024/11/19,600035.sh,4.14,4.15,4.05,4.11,23204760
2024/11/20,600035.sh,4.09,4.14,4.08,4.13,19435814
2024/11/21,600035.sh,4.12,4.14,4.08,4.12,12512820
2024/11/22,600035.sh,4.12,4.17,4.03,4.04,21422300
2024/11/25,600035.sh,4.05,4.15,4.04,4.09,23274221
2024/11/26,600035.sh,4.08,4.15,4.07,4.12,18469164
2024/11/27,600035.sh,4.11,4.12,3.99,4.12,21311324
2024/11/28,600035.sh,4.12,4.17,4.10,4.14,24309140
2024/11/29,600035.sh,4.13,4.18,4.13,4.17,22602484
2024/12/2,600035.sh,4.17,4.20,4.13,4.17,23909494
2024/12/3,600035.sh,4.18,4.21,4.16,4.21,22386964
2024/12/4,600035.sh,4.21,4.21,4.15,4.18,16956530
2024/12/5,600035.sh,4.17,4.19,4.16,4.18,15599840
2024/12/6,600035.sh,4.18,4.33,4.18,4.32,31701884
2024/12/9,600035.sh,4.31,4.44,4.30,4.37,28452536
2024/12/10,600035.sh,4.43,4.45,4.31,4.32,24850329
2024/12/11,600035.sh,4.32,4.39,4.31,4.38,15060501
2024/12/12,600035.sh,4.37,4.54,4.36,4.49,25080292
2024/12/13,600035.sh,4.46,4.52,4.41,4.43,26816640
2024/12/16,600035.sh,4.43,4.58,4.42,4.54,30738428
2024/12/17,600035.sh,4.55,4.60,4.43,4.45,23053277
2024/12/18,600035.sh,4.47,4.50,4.43,4.47,15886684
2024/12/19,600035.sh,4.45,4.46,4.33,4.39,18440327
2024/12/20,600035.sh,4.39,4.69,4.38,4.52,36536988
2024/12/23,600035.sh,4.52,4.61,4.45,4.47,21923684
2024/12/24,600035.sh,4.50,4.60,4.45,4.60,25176956
2024/12/25,600035.sh,4.62,4.62,4.44,4.54,22697178
2024/12/26,600035.sh,4.52,4.53,4.44,4.46,14717932
2024/12/27,600035.sh,4.45,4.51,4.43,4.49,15893358
2024/12/30,600035.sh,4.49,4.52,4.46,4.49,12450500
2024/12/31,600035.sh,4.49,4.54,4.42,4.43,16260600
2025/1/2,600035.sh,4.43,4.50,4.28,4.33,22425912
2025/1/3,600035.sh,4.33,4.35,4.21,4.23,18315345
2025/1/6,600035.sh,4.23,4.26,4.17,4.26,12801300
2025/1/7,600035.sh,4.26,4.28,4.19,4.25,10286002
2025/1/8,600035.sh,4.22,4.27,4.17,4.24,11659717
2025/1/9,600035.sh,4.23,4.23,4.13,4.13,13281501
2025/1/10,600035.sh,4.13,4.14,4.04,4.04,13849927
2025/1/13,600035.sh,4.02,4.04,3.95,4.00,12247106
2025/1/14,600035.sh,4.01,4.10,4.00,4.08,12693742
2025/1/15,600035.sh,4.10,4.20,4.09,4.11,12865016
2025/1/16,600035.sh,4.14,4.18,4.12,4.15,9538900
2025/1/17,600035.sh,4.15,4.15,4.10,4.12,8120580
2025/1/20,600035.sh,4.15,4.18,4.13,4.14,7498000
2025/1/21,600035.sh,4.15,4.16,4.09,4.11,7782600
2025/1/22,600035.sh,4.12,4.12,4.06,4.08,7470152
2025/1/23,600035.sh,4.11,4.17,4.11,4.14,12270101
2025/1/24,600035.sh,4.14,4.16,4.08,4.14,12081900
2025/1/27,600035.sh,4.15,4.26,4.14,4.23,15744401
2025/2/5,600035.sh,4.25,4.26,4.11,4.12,15918908
2025/2/6,600035.sh,4.12,4.17,4.11,4.16,9720966
2025/2/7,600035.sh,4.15,4.19,4.13,4.18,11220412
2025/2/10,600035.sh,4.18,4.22,4.16,4.17,11887944
2025/2/11,600035.sh,4.18,4.20,4.17,4.19,11147656
2025/2/12,600035.sh,4.20,4.21,4.16,4.19,12721566
2025/2/13,600035.sh,4.19,4.20,4.17,4.20,9186640
2025/2/14,600035.sh,4.20,4.20,4.16,4.16,8450649
2025/2/17,600035.sh,4.16,4.22,4.13,4.21,14324700
2025/2/18,600035.sh,4.21,4.24,4.17,4.18,12568744
2025/2/19,600035.sh,4.19,4.20,4.16,4.18,10600820
2025/2/20,600035.sh,4.18,4.19,4.12,4.13,10646900
2025/2/21,600035.sh,4.14,4.15,4.10,4.13,10927348
2025/2/24,600035.sh,4.13,4.19,4.11,4.15,11281796
2025/2/25,600035.sh,4.13,4.13,4.06,4.07,11354463
2025/2/26,600035.sh,4.06,4.11,4.06,4.08,8681232
2025/2/27,600035.sh,4.08,4.13,4.07,4.13,14502410
2025/2/28,600035.sh,4.10,4.12,4.04,4.06,12149100
2025/3/3,600035.sh,4.05,4.11,4.03,4.04,12356800
2025/3/4,600035.sh,4.03,4.09,4.02,4.09,6841730
2025/3/5,600035.sh,4.08,4.09,4.03,4.05,6422809
2025/3/6,600035.sh,4.06,4.07,4.02,4.04,11581412
2025/3/7,600035.sh,4.05,4.08,4.03,4.05,10243301
2025/3/10,600035.sh,4.04,4.08,4.04,4.06,8573674
2025/3/11,600035.sh,4.04,4.06,4.01,4.05,10461129
2025/3/12,600035.sh,4.05,4.07,4.04,4.05,7148437
2025/3/13,600035.sh,4.06,4.07,4.01,4.03,13225478
2025/3/14,600035.sh,4.03,4.09,4.02,4.08,14670943
2025/3/17,600035.sh,4.09,4.12,4.08,4.10,12822792
2025/3/18,600035.sh,4.12,4.13,4.08,4.12,11592964
2025/3/19,600035.sh,4.11,4.13,4.10,4.12,7356975
2025/3/20,600035.sh,4.13,4.15,4.12,4.12,10204361
2025/3/21,600035.sh,4.12,4.16,4.10,4.13,14980772
2025/3/24,600035.sh,4.13,4.16,4.06,4.12,15583552
2025/3/25,600035.sh,4.11,4.18,4.11,4.18,18251657
2025/3/26,600035.sh,4.18,4.24,4.17,4.23,15908928
2025/3/27,600035.sh,4.23,4.25,4.19,4.20,9727660
2025/3/28,600035.sh,4.20,4.21,4.17,4.18,10351804
2025/3/31,600035.sh,4.18,4.24,4.15,4.20,14073176
2025/4/1,600035.sh,4.19,4.28,4.19,4.28,16663547
2025/4/2,600035.sh,4.27,4.31,4.25,4.29,15472605
2025/4/3,600035.sh,4.27,4.34,4.25,4.33,18558692
2025/4/7,600035.sh,4.22,4.25,3.92,3.99,32013871
2025/4/8,600035.sh,3.98,4.12,3.97,4.10,21904700
2025/4/9,600035.sh,4.07,4.15,3.94,4.14,23115898
2025/4/10,600035.sh,4.14,4.20,4.12,4.14,20155300
2025/4/11,600035.sh,4.11,4.17,4.10,4.12,13413800
2025/4/14,600035.sh,4.13,4.16,4.11,4.15,11325400
2025/4/15,600035.sh,4.14,4.15,4.10,4.12,7972650
2025/4/16,600035.sh,4.11,4.17,4.09,4.11,16602120
2025/4/17,600035.sh,4.12,4.13,4.09,4.11,8794500
2025/4/18,600035.sh,4.11,4.15,4.10,4.14,7418668
2025/4/21,600035.sh,4.14,4.15,4.11,4.12,10592300
2025/4/22,600035.sh,4.12,4.17,4.11,4.16,11855328
2025/4/23,600035.sh,4.17,4.17,4.14,4.15,11700920
2025/4/24,600035.sh,4.15,4.18,4.13,4.15,13878736
2025/4/25,600035.sh,4.15,4.19,4.15,4.17,13754847
2025/4/28,600035.sh,4.18,4.22,4.16,4.20,15729188
2025/4/29,600035.sh,4.20,4.25,4.16,4.17,17712220
2025/4/30,600035.sh,4.19,4.29,4.19,4.26,28113718
2025/5/6,600035.sh,4.26,4.30,4.21,4.25,20546398
2025/5/7,600035.sh,4.26,4.31,4.25,4.29,14829380
2025/5/8,600035.sh,4.29,4.32,4.26,4.30,13185860
2025/5/9,600035.sh,4.30,4.37,4.29,4.34,17642278
2025/5/12,600035.sh,4.35,4.36,4.27,4.29,13190188
2025/5/13,600035.sh,4.31,4.32,4.28,4.31,10935180
2025/5/14,600035.sh,4.31,4.32,4.26,4.31,12075834
2025/5/15,600035.sh,4.32,4.36,4.28,4.29,10824756
2025/5/16,600035.sh,4.29,4.31,4.25,4.27,13473451
2025/5/19,600035.sh,4.28,4.35,4.27,4.34,18312376
2025/5/20,600035.sh,4.34,4.35,4.30,4.33,10339080
2025/5/21,600035.sh,4.32,4.40,4.32,4.39,15004805
2025/5/22,600035.sh,4.39,4.40,4.34,4.38,13240582
2025/5/23,600035.sh,4.36,4.40,4.30,4.31,14533529
2025/5/26,600035.sh,4.30,4.36,4.28,4.30,14710600
2025/5/27,600035.sh,4.31,4.34,4.28,4.31,10542480
2025/5/28,600035.sh,4.32,4.36,4.29,4.35,14247276
2025/5/29,600035.sh,4.35,4.37,4.33,4.36,13574768
2025/5/30,600035.sh,4.35,4.40,4.35,4.38,15872701
2025/6/3,600035.sh,4.37,4.40,4.33,4.40,15483800
2025/6/4,600035.sh,4.40,4.42,4.38,4.41,11637500
2025/6/5,600035.sh,4.40,4.42,4.35,4.35,12066320
2025/6/6,600035.sh,4.35,4.39,4.35,4.38,9160956
2025/6/9,600035.sh,4.38,4.39,4.32,4.34,18255264
2025/6/10,600035.sh,4.34,4.37,4.31,4.33,13842262
2025/6/11,600035.sh,4.33,4.37,4.32,4.35,11844760
2025/6/12,600035.sh,4.36,4.37,4.32,4.34,9958901
2025/6/13,600035.sh,4.34,4.38,4.31,4.32,16014600
2025/6/16,600035.sh,4.32,4.33,4.28,4.30,14318234
2025/6/17,600035.sh,4.31,4.34,4.29,4.32,11546800
2025/6/18,600035.sh,4.33,4.33,4.28,4.30,7852952
2025/6/19,600035.sh,4.31,4.32,4.24,4.28,12239220
2025/6/20,600035.sh,4.28,4.35,4.26,4.32,15494848
2025/6/23,600035.sh,4.32,4.33,4.28,4.31,8409400
2025/6/24,600035.sh,4.33,4.35,4.32,4.33,13413532
2025/6/25,600035.sh,4.33,4.34,4.29,4.33,13458188
2025/6/26,600035.sh,4.33,4.33,4.28,4.30,16896268
2025/6/27,600035.sh,4.33,4.37,4.26,4.27,27945384
2025/6/30,600035.sh,4.28,4.29,4.23,4.24,18291375
2025/7/1,600035.sh,4.23,4.30,4.23,4.29,17645188
2025/7/2,600035.sh,4.28,4.35,4.28,4.33,19289668
2025/7/3,600035.sh,4.34,4.35,4.30,4.32,8685800
2025/7/4,600035.sh,4.33,4.37,4.32,4.34,14669863
2025/7/7,600035.sh,4.35,4.39,4.33,4.37,14424588
2025/7/8,600035.sh,4.36,4.41,4.33,4.36,17473505
2025/7/9,600035.sh,4.36,4.40,4.35,4.39,14099078
2025/7/10,600035.sh,4.38,4.41,4.37,4.41,14209735
2025/7/11,600035.sh,4.41,4.42,4.38,4.39,13550360
2025/7/14,600035.sh,4.40,4.43,4.39,4.40,14945691
2025/7/15,600035.sh,4.41,4.42,4.34,4.35,16663964
2025/7/16,600035.sh,4.36,4.39,4.34,4.37,11273020
2025/7/17,600035.sh,4.37,4.39,4.33,4.34,11158900
2025/7/18,600035.sh,4.35,4.36,4.34,4.36,8167160
2025/7/21,600035.sh,4.37,4.42,4.35,4.41,21490660
2025/7/22,600035.sh,4.41,4.45,4.38,4.45,18654909
2025/7/23,600035.sh,4.45,4.48,4.42,4.43,14999400
2025/7/24,600035.sh,4.43,4.45,4.40,4.44,13801260
2025/7/25,600035.sh,4.45,4.45,4.39,4.40,14180900
2025/7/28,600035.sh,4.40,4.41,4.36,4.37,13691900
2025/7/29,600035.sh,4.38,4.38,4.30,4.33,15690248
2025/7/30,600035.sh,4.33,4.37,4.32,4.33,16186213
2025/7/31,600035.sh,4.32,4.33,4.25,4.27,18270314
2025/8/1,600035.sh,4.27,4.30,4.26,4.29,10347345
2025/8/4,600035.sh,4.28,4.30,4.25,4.29,10103231
2025/8/5,600035.sh,4.29,4.34,4.28,4.33,12168300
2025/8/6,600035.sh,4.33,4.33,4.29,4.32,10623486
2025/8/7,600035.sh,4.31,4.34,4.30,4.32,11411912
2025/8/8,600035.sh,4.32,4.34,4.31,4.33,7259106
2025/8/11,600035.sh,4.34,4.35,4.30,4.32,10529906
2025/8/12,600035.sh,4.32,4.34,4.31,4.32,10808200
2025/8/13,600035.sh,4.32,4.33,4.29,4.31,13636039
2025/8/14,600035.sh,4.30,4.32,4.26,4.28,15829977
2025/8/15,600035.sh,4.27,4.29,4.26,4.28,15720256
2025/8/18,600035.sh,4.28,4.32,4.28,4.30,12328770
2025/8/19,600035.sh,4.29,4.31,4.29,4.30,8006245
2025/8/20,600035.sh,4.29,4.31,4.28,4.31,9019419
2025/8/21,600035.sh,4.31,4.34,4.30,4.33,14849440
2025/8/22,600035.sh,4.33,4.33,4.29,4.32,10699400
2025/8/25,600035.sh,4.33,4.36,4.32,4.35,16729965
2025/8/26,600035.sh,4.35,4.37,4.34,4.35,14337079
2025/8/27,600035.sh,4.35,4.35,4.29,4.30,15481446
2025/8/28,600035.sh,4.30,4.31,4.23,4.28,16291458
2025/8/29,600035.sh,4.24,4.25,4.13,4.16,42596864
2025/9/1,600035.sh,4.16,4.17,4.11,4.13,22980300
2025/9/2,600035.sh,4.12,4.14,4.10,4.12,13728840
2025/9/3,600035.sh,4.12,4.13,4.07,4.08,11917774
2025/9/4,600035.sh,4.08,4.09,4.06,4.09,11033973
2025/9/5,600035.sh,4.09,4.10,4.07,4.10,8694556
2025/9/8,600035.sh,4.10,4.12,4.09,4.10,9675799
2025/9/9,600035.sh,4.11,4.11,4.08,4.09,7193907
2025/9/10,600035.sh,4.08,4.09,4.06,4.08,13590846
2025/9/11,600035.sh,4.07,4.08,4.05,4.07,19935597
2025/9/12,600035.sh,4.08,4.09,4.06,4.07,16776222
2025/9/15,600035.sh,4.07,4.08,4.03,4.03,17746279
2025/9/16,600035.sh,4.04,4.07,4.03,4.06,15579279
2025/9/17,600035.sh,4.06,4.07,4.04,4.06,13446297
2025/9/18,600035.sh,4.05,4.06,4.00,4.01,16056222
2025/9/19,600035.sh,4.01,4.02,4.00,4.02,7859300
2025/9/22,600035.sh,4.01,4.02,3.95,3.97,9303622
2025/9/23,600035.sh,3.96,3.97,3.93,3.97,10009143
2025/9/24,600035.sh,3.96,4.00,3.95,3.99,8743114
2025/9/25,600035.sh,4.00,4.00,3.94,3.96,6614900
2025/9/26,600035.sh,3.96,3.97,3.94,3.96,4318804
2025/9/29,600035.sh,3.96,3.97,3.93,3.95,9029880
2025/9/30,600035.sh,3.96,3.96,3.94,3.95,5894140
2025/10/9,600035.sh,3.95,3.98,3.94,3.97,9681328
2025/10/10,600035.sh,3.96,4.03,3.96,4.02,14896967
2025/10/13,600035.sh,3.99,4.03,3.97,4.01,14838611
2025/10/14,600035.sh,4.02,4.04,4.00,4.03,13835909
2025/10/15,600035.sh,4.04,4.06,4.02,4.04,12100128
2025/10/16,600035.sh,4.04,4.06,4.03,4.05,11145676
2025/10/17,600035.sh,4.05,4.09,4.04,4.05,22581825
2025/10/20,600035.sh,4.05,4.08,4.03,4.07,15375892
2025/10/21,600035.sh,4.09,4.24,4.07,4.14,47032457
2025/10/22,600035.sh,4.12,4.25,4.11,4.18,44166808
2025/10/23,600035.sh,4.16,4.20,4.15,4.17,26737564
2025/10/24,600035.sh,4.17,4.18,4.10,4.11,22123916
2025/10/27,600035.sh,4.12,4.16,4.09,4.14,21225750
2025/10/28,600035.sh,4.14,4.20,4.14,4.17,29272653
2025/10/29,600035.sh,4.18,4.19,4.13,4.16,14047135
2025/10/30,600035.sh,4.13,4.14,4.09,4.10,24066838
2025/10/31,600035.sh,4.11,4.11,4.06,4.07,16969200
2025/11/3,600035.sh,4.07,4.11,4.07,4.11,13970512
2025/11/4,600035.sh,4.11,4.18,4.10,4.15,20326995
2025/11/5,600035.sh,4.14,4.19,4.11,4.16,19417364
2025/11/6,600035.sh,4.18,4.26,4.15,4.20,29258754
2025/11/7,600035.sh,4.19,4.21,4.17,4.18,15914260
2025/11/10,600035.sh,4.18,4.20,4.16,4.19,12475334
2025/11/11,600035.sh,4.18,4.20,4.17,4.19,12181441
2025/11/12,600035.sh,4.19,4.21,4.18,4.20,10589910
2025/11/13,600035.sh,4.19,4.20,4.16,4.19,15567174
2025/11/14,600035.sh,4.18,4.23,4.18,4.20,18474206
2025/11/17,600035.sh,4.20,4.20,4.14,4.16,16036911
2025/11/18,600035.sh,4.16,4.17,4.09,4.11,13563919
2025/11/19,600035.sh,4.11,4.12,4.05,4.06,12704731
2025/11/20,600035.sh,4.07,4.11,4.06,4.07,13221370
2025/11/21,600035.sh,4.06,4.08,3.98,4.00,22015100
2025/11/24,600035.sh,4.01,4.02,3.98,3.99,10936600
2025/11/25,600035.sh,3.99,4.04,3.98,4.02,10365874
2025/11/26,600035.sh,4.02,4.05,3.99,3.99,9461583
2025/11/27,600035.sh,3.99,4.02,3.98,4.00,6864743
2025/11/28,600035.sh,4.00,4.01,3.98,4.00,6303495
2025/12/1,600035.sh,4.00,4.02,3.98,4.01,10160200
2025/12/2,600035.sh,4.01,4.05,4.00,4.04,12951460
2025/12/3,600035.sh,4.04,4.08,4.03,4.07,13265072
2025/12/4,600035.sh,4.06,4.07,4.02,4.03,8452100
2025/12/5,600035.sh,4.03,4.05,4.01,4.04,6758504
2025/12/8,600035.sh,4.04,4.05,4.02,4.02,8567388
2025/12/9,600035.sh,4.02,4.03,3.99,4.00,7821768
2025/12/10,600035.sh,4.00,4.02,3.99,4.01,8477059
2025/12/11,600035.sh,4.01,4.01,3.93,3.94,16990156
2025/12/12,600035.sh,3.94,3.95,3.87,3.88,15042640
2025/12/15,600035.sh,3.88,3.90,3.84,3.88,11893111
2025/12/16,600035.sh,3.88,3.89,3.82,3.86,9973340
2025/12/17,600035.sh,3.85,3.88,3.83,3.87,7650292
2025/12/18,600035.sh,3.86,3.91,3.86,3.90,7744752
2025/12/19,600035.sh,3.89,3.93,3.89,3.93,7243740
2025/12/22,600035.sh,3.93,3.94,3.92,3.92,7532271
2025/12/23,600035.sh,3.92,3.93,3.90,3.91,5015616
2025/12/24,600035.sh,3.91,3.91,3.89,3.91,4552736
2025/12/25,600035.sh,3.91,3.94,3.91,3.93,6611171
2025/12/26,600035.sh,3.94,3.95,3.90,3.91,10628797
2025/12/29,600035.sh,3.91,3.92,3.89,3.89,6279156
2025/12/30,600035.sh,3.89,3.90,3.86,3.88,6754397
2025/12/31,600035.sh,3.87,3.90,3.87,3.88,7253148
2026/1/5,600035.sh,3.89,3.91,3.88,3.91,10020913
2026/1/6,600035.sh,3.91,3.93,3.90,3.93,9659196
2026/1/7,600035.sh,3.93,3.94,3.91,3.92,8474660
2026/1/8,600035.sh,3.92,3.93,3.91,3.92,6856288
2026/1/9,600035.sh,3.92,3.94,3.91,3.93,7675156
2026/1/12,600035.sh,3.93,3.94,3.92,3.94,9405974
2026/1/13,600035.sh,3.95,3.96,3.93,3.94,11296464
2026/1/14,600035.sh,3.95,3.96,3.91,3.93,16890491
2026/1/15,600035.sh,3.93,3.94,3.90,3.92,8165237
2026/1/16,600035.sh,3.93,3.93,3.90,3.92,7739300
2026/1/19,600035.sh,3.91,3.94,3.91,3.93,6630656
2026/1/20,600035.sh,3.93,3.98,3.92,3.98,13870652
2026/1/21,600035.sh,3.97,3.98,3.95,3.98,12120693
2026/1/22,600035.sh,3.99,4.01,3.97,4.01,8623988
2026/1/23,600035.sh,4.01,4.02,3.98,3.99,9787200
2026/1/26,600035.sh,4.00,4.01,3.98,4.00,14032448
2026/1/27,600035.sh,3.99,4.00,3.94,3.96,12493725
2026/1/28,600035.sh,3.96,4.01,3.96,4.00,13380650
2026/1/29,600035.sh,3.99,3.99,3.95,3.97,12173584
2026/1/30,600035.sh,3.97,4.02,3.96,3.98,16774520
2026/2/2,600035.sh,3.99,3.99,3.92,3.92,15816256
2026/2/3,600035.sh,3.93,3.95,3.89,3.92,12625614
2026/2/4,600035.sh,3.91,3.97,3.91,3.97,16535810
2026/2/5,600035.sh,3.97,3.98,3.95,3.97,13070802
2026/2/6,600035.sh,3.96,3.99,3.94,3.95,12863600
2026/2/9,600035.sh,3.96,3.99,3.96,3.97,10087640
2026/2/10,600035.sh,3.98,3.98,3.96,3.97,6252000
2026/2/11,600035.sh,3.97,3.98,3.95,3.97,7012620
2026/2/12,600035.sh,3.98,3.99,3.93,3.94,11829000
2026/2/13,600035.sh,3.94,3.95,3.91,3.91,7887200
2026/2/24,600035.sh,3.93,3.98,3.92,3.97,15007744
2026/2/25,600035.sh,3.98,4.02,3.97,4.00,14435300
2026/2/26,600035.sh,4.00,4.01,3.97,3.99,8182637
2026/2/27,600035.sh,3.99,4.05,3.98,4.05,16021718
2026/3/2,600035.sh,4.03,4.05,3.99,4.02,15335322
2026/3/3,600035.sh,4.01,4.05,3.99,4.01,19212499
2026/3/4,600035.sh,3.99,3.99,3.92,3.94,20852917
2026/3/5,600035.sh,3.96,3.98,3.94,3.95,11922296
2026/3/6,600035.sh,3.95,4.00,3.94,4.00,12534200
2026/3/9,600035.sh,3.99,4.02,3.96,3.98,17123671
2026/3/10,600035.sh,3.99,4.00,3.96,3.98,8700700
2026/3/11,600035.sh,3.98,4.01,3.95,4.00,11811456
2026/3/12,600035.sh,3.99,4.05,3.99,4.03,17972456
2026/3/13,600035.sh,4.03,4.05,4.01,4.02,17257964
2026/3/16,600035.sh,4.02,4.05,4.00,4.02,12826184
2026/3/17,600035.sh,4.02,4.05,4.01,4.02,12419200
2026/3/18,600035.sh,4.03,4.04,3.94,3.98,16795356
2026/3/19,600035.sh,3.96,4.00,3.95,3.96,11947381
2026/3/20,600035.sh,3.97,3.98,3.92,3.92,12584930
2026/3/23,600035.sh,3.90,3.91,3.70,3.72,24938442
2026/3/24,600035.sh,3.75,3.81,3.73,3.80,10645806
2026/3/25,600035.sh,3.80,3.91,3.78,3.91,19651364
2026/3/26,600035.sh,3.90,3.92,3.88,3.89,12815801
2026/3/27,600035.sh,3.87,3.89,3.82,3.85,19210600
2026/3/30,600035.sh,3.82,3.87,3.77,3.87,14491697
2026/3/31,600035.sh,3.86,3.92,3.85,3.86,11055478
2026/4/1,600035.sh,3.88,3.90,3.86,3.90,9775916
2026/4/2,600035.sh,3.89,3.91,3.87,3.88,7765356
2026/4/3,600035.sh,3.88,3.88,3.79,3.81,9071700
2026/4/7,600035.sh,3.81,3.81,3.77,3.79,9876400
2026/4/8,600035.sh,3.82,3.86,3.81,3.86,13465611
2026/4/9,600035.sh,3.85,3.86,3.78,3.80,8873400
2026/4/10,600035.sh,3.81,3.84,3.80,3.81,6305344
2026/4/13,600035.sh,3.80,3.81,3.76,3.79,7798400
2026/4/14,600035.sh,3.79,3.82,3.78,3.81,7726792
2026/4/15,600035.sh,3.81,3.82,3.79,3.81,7747389
2026/4/16,600035.sh,3.82,3.82,3.79,3.81,7158084
2026/4/17,600035.sh,3.81,3.82,3.78,3.81,8669243
2026/4/20,600035.sh,3.81,3.82,3.79,3.81,4680320
2026/4/21,600035.sh,3.81,3.84,3.80,3.83,9434442
2026/4/22,600035.sh,3.83,3.87,3.82,3.86,8052002
2026/4/23,600035.sh,3.83,3.83,3.78,3.80,13299840
2026/4/24,600035.sh,3.80,3.81,3.78,3.78,7659032
2026/4/27,600035.sh,3.78,3.79,3.75,3.76,5677300
2026/4/28,600035.sh,3.76,3.79,3.75,3.78,5451700
2026/4/29,600035.sh,3.77,3.82,3.77,3.82,9641580
2026/4/30,600035.sh,3.83,3.86,3.81,3.84,16532657
2026/5/6,600035.sh,3.86,3.86,3.82,3.84,9138671
2026/5/7,600035.sh,3.85,3.86,3.83,3.85,6849795
2026/5/8,600035.sh,3.85,3.90,3.84,3.89,10543057
2026/5/11,600035.sh,3.89,3.90,3.85,3.89,9631816
2026/5/12,600035.sh,3.89,3.90,3.85,3.86,7888001
2026/5/13,600035.sh,3.86,3.87,3.84,3.86,6281478
2026/5/14,600035.sh,3.86,3.88,3.83,3.83,7309827
2026/5/15,600035.sh,3.84,3.85,3.81,3.82,10792283
2026/5/18,600035.sh,3.81,3.84,3.79,3.84,6428768
2026/5/19,600035.sh,3.84,3.88,3.83,3.87,9947643
2026/5/20,600035.sh,3.87,3.88,3.83,3.84,8114919
2026/5/21,600035.sh,3.84,3.89,3.82,3.83,9973800
2026/5/22,600035.sh,3.83,3.84,3.81,3.82,10389854
2026/5/25,600035.sh,3.82,3.85,3.81,3.83,6189596
2026/5/26,600035.sh,3.83,3.84,3.80,3.82,6285450
2026/5/27,600035.sh,3.81,3.83,3.76,3.78,9729080
2026/5/28,600035.sh,3.77,3.80,3.76,3.77,7891897
2026/5/29,600035.sh,3.76,3.86,3.76,3.85,14465737
2026/6/1,600035.sh,3.84,3.94,3.81,3.93,18988929
2026/6/2,600035.sh,3.91,3.94,3.89,3.91,13584842
2026/6/3,600035.sh,3.91,3.91,3.83,3.86,11847962
2026/6/4,600035.sh,3.86,3.89,3.79,3.81,12653685
2026/6/5,600035.sh,3.83,3.87,3.82,3.83,11466720
