date,code,open,high,low,close,volume
2001/12/6,600011.sh,2.51,2.66,2.51,2.58,123438106
2001/12/7,600011.sh,2.57,2.59,2.46,2.48,21226690
2001/12/10,600011.sh,2.46,2.51,2.41,2.49,11154109
2001/12/11,600011.sh,2.48,2.51,2.45,2.45,5654160
2001/12/12,600011.sh,2.44,2.60,2.43,2.54,18886173
2001/12/13,600011.sh,2.54,2.57,2.51,2.53,5719654
2001/12/14,600011.sh,2.52,2.57,2.51,2.52,3588120
2001/12/17,600011.sh,2.53,2.56,2.51,2.52,2935549
2001/12/18,600011.sh,2.51,2.53,2.44,2.49,7393558
2001/12/19,600011.sh,2.49,2.50,2.44,2.46,3267712
2001/12/20,600011.sh,2.44,2.44,2.35,2.36,7445758
2001/12/21,600011.sh,2.34,2.38,2.32,2.37,3083413
2001/12/24,600011.sh,2.34,2.36,2.29,2.32,4534291
2001/12/25,600011.sh,2.32,2.37,2.30,2.35,3351630
2001/12/26,600011.sh,2.33,2.41,2.33,2.36,3566726
2001/12/27,600011.sh,2.38,2.40,2.36,2.36,3720942
2001/12/28,600011.sh,2.36,2.38,2.33,2.37,2142850
2001/12/31,600011.sh,2.37,2.41,2.37,2.38,2109999
2002/1/4,600011.sh,2.38,2.38,2.30,2.31,1922190
2002/1/7,600011.sh,2.31,2.33,2.28,2.32,1328250
2002/1/8,600011.sh,2.32,2.34,2.30,2.30,1042499
2002/1/9,600011.sh,2.29,2.30,2.23,2.25,2066747
2002/1/10,600011.sh,2.23,2.30,2.17,2.29,3313737
2002/1/11,600011.sh,2.28,2.28,2.18,2.18,2739088
2002/1/14,600011.sh,2.16,2.18,2.12,2.13,2764019
2002/1/15,600011.sh,2.11,2.23,2.11,2.15,3424487
2002/1/16,600011.sh,2.15,2.21,2.11,2.19,2830280
2002/1/17,600011.sh,2.18,2.20,2.13,2.14,2558650
2002/1/18,600011.sh,2.13,2.27,2.11,2.19,5675161
2002/1/21,600011.sh,2.21,2.24,2.17,2.20,3142879
2002/1/22,600011.sh,2.19,2.27,2.18,2.23,3163396
2002/1/23,600011.sh,2.24,2.38,2.21,2.36,6359397
2002/1/24,600011.sh,2.36,2.43,2.27,2.37,9668673
2002/1/25,600011.sh,2.37,2.38,2.34,2.34,3145060
2002/1/28,600011.sh,2.33,2.34,2.17,2.17,5566410
2002/1/29,600011.sh,2.12,2.25,2.12,2.24,2695682
2002/1/30,600011.sh,2.23,2.26,2.21,2.22,1632510
2002/1/31,600011.sh,2.25,2.42,2.25,2.35,7924546
2002/2/1,600011.sh,2.36,2.38,2.33,2.33,3339971
2002/2/4,600011.sh,2.36,2.44,2.34,2.41,4772695
2002/2/5,600011.sh,2.40,2.42,2.38,2.40,2621808
2002/2/6,600011.sh,2.41,2.41,2.34,2.35,2379494
2002/2/7,600011.sh,2.35,2.44,2.35,2.40,4285852
2002/2/8,600011.sh,2.42,2.45,2.41,2.41,3239554
2002/2/25,600011.sh,2.47,2.50,2.42,2.45,4979773
2002/2/26,600011.sh,2.44,2.45,2.41,2.44,2200243
2002/2/27,600011.sh,2.44,2.49,2.44,2.45,1765400
2002/2/28,600011.sh,2.45,2.49,2.44,2.46,2557974
2002/3/1,600011.sh,2.44,2.44,2.38,2.38,2798099
2002/3/4,600011.sh,2.36,2.45,2.36,2.44,2101518
2002/3/5,600011.sh,2.44,2.50,2.44,2.47,5396058
2002/3/6,600011.sh,2.48,2.52,2.46,2.47,4783366
2002/3/7,600011.sh,2.48,2.53,2.47,2.53,4648932
2002/3/8,600011.sh,2.53,2.56,2.50,2.53,5766299
2002/3/11,600011.sh,2.54,2.64,2.53,2.62,11772963
2002/3/12,600011.sh,2.62,2.63,2.55,2.57,5197335
2002/3/13,600011.sh,2.57,2.62,2.52,2.55,5859248
2002/3/14,600011.sh,2.55,2.62,2.55,2.61,2994069
2002/3/15,600011.sh,2.61,2.67,2.57,2.58,8601121
2002/3/18,600011.sh,2.65,2.66,2.55,2.59,3204531
2002/3/19,600011.sh,2.59,2.66,2.59,2.65,4311700
2002/3/20,600011.sh,2.67,2.68,2.62,2.65,6140809
2002/3/21,600011.sh,2.65,2.66,2.61,2.63,2770428
2002/3/22,600011.sh,2.63,2.64,2.61,2.63,2005296
2002/3/25,600011.sh,2.63,2.66,2.61,2.65,2316592
2002/3/26,600011.sh,2.66,2.66,2.55,2.60,2644865
2002/3/27,600011.sh,2.57,2.61,2.56,2.58,1780053
2002/3/28,600011.sh,2.58,2.61,2.57,2.57,1689107
2002/3/29,600011.sh,2.57,2.57,2.52,2.56,3010858
2002/4/1,600011.sh,2.55,2.57,2.53,2.55,1174658
2002/4/2,600011.sh,2.55,2.57,2.50,2.51,1440239
2002/4/3,600011.sh,2.49,2.54,2.48,2.50,2722169
2002/4/4,600011.sh,2.51,2.56,2.48,2.56,1252414
2002/4/5,600011.sh,2.57,2.59,2.54,2.54,1005212
2002/4/8,600011.sh,2.53,2.58,2.53,2.56,610811
2002/4/9,600011.sh,2.56,2.60,2.55,2.57,1735325
2002/4/10,600011.sh,2.58,2.59,2.53,2.57,1639949
2002/4/11,600011.sh,2.57,2.57,2.51,2.51,1419955
2002/4/12,600011.sh,2.53,2.63,2.51,2.53,4865550
2002/4/15,600011.sh,2.53,2.55,2.46,2.49,1346703
2002/4/16,600011.sh,2.50,2.50,2.44,2.45,2794882
2002/4/17,600011.sh,2.45,2.49,2.45,2.46,1320990
2002/4/18,600011.sh,2.48,2.50,2.44,2.46,1661419
2002/4/19,600011.sh,2.45,2.47,2.42,2.47,1131051
2002/4/22,600011.sh,2.46,2.49,2.44,2.46,493400
2002/4/23,600011.sh,2.46,2.48,2.45,2.46,770206
2002/4/24,600011.sh,2.46,2.48,2.43,2.45,393600
2002/4/25,600011.sh,2.46,2.47,2.44,2.46,386674
2002/4/26,600011.sh,2.47,2.49,2.46,2.49,1088546
2002/4/29,600011.sh,2.49,2.53,2.47,2.50,1182943
2002/4/30,600011.sh,2.50,2.52,2.48,2.51,1331462
2002/5/8,600011.sh,2.52,2.52,2.47,2.47,607020
2002/5/9,600011.sh,2.47,2.49,2.44,2.44,936106
2002/5/10,600011.sh,2.47,2.49,2.44,2.44,656100
2002/5/13,600011.sh,2.44,2.45,2.38,2.40,1601882
2002/5/14,600011.sh,2.40,2.43,2.34,2.35,1118200
2002/5/15,600011.sh,2.35,2.35,2.35,2.35,INVALID
2002/5/16,600011.sh,2.33,2.34,2.30,2.32,1781307
2002/5/17,600011.sh,2.32,2.36,2.27,2.36,1298182
2002/5/20,600011.sh,2.33,2.34,2.30,2.32,285012
2002/5/21,600011.sh,2.38,2.42,2.33,2.36,2279667
2002/5/22,600011.sh,2.38,2.38,2.33,2.34,559128
2002/5/23,600011.sh,2.36,2.36,2.30,2.30,874870
2002/5/24,600011.sh,2.30,2.30,2.21,2.22,2984619
2002/5/27,600011.sh,2.22,2.26,2.19,2.22,850932
2002/5/28,600011.sh,2.22,2.27,2.21,2.25,1407890
2002/5/29,600011.sh,2.25,2.25,2.17,2.17,1373150
2002/5/30,600011.sh,2.19,2.20,2.15,2.17,1255109
2002/5/31,600011.sh,2.17,2.23,2.17,2.21,4018486
2002/6/3,600011.sh,2.19,2.19,2.14,2.16,1963864
2002/6/4,600011.sh,2.16,2.16,2.07,2.09,5760001
2002/6/5,600011.sh,2.08,2.13,2.03,2.11,4186939
2002/6/6,600011.sh,2.09,2.29,2.09,2.27,8280637
2002/6/7,600011.sh,2.27,2.33,2.26,2.28,8255508
2002/6/10,600011.sh,2.26,2.26,2.23,2.25,1716826
2002/6/11,600011.sh,2.23,2.28,2.23,2.25,707452
2002/6/12,600011.sh,2.29,2.29,2.24,2.29,712470
2002/6/13,600011.sh,2.29,2.30,2.27,2.28,1151199
2002/6/14,600011.sh,2.27,2.30,2.25,2.29,1186328
2002/6/17,600011.sh,2.28,2.30,2.25,2.30,937647
2002/6/18,600011.sh,2.30,2.33,2.30,2.30,1934489
2002/6/19,600011.sh,2.33,2.33,2.29,2.29,1070350
2002/6/20,600011.sh,2.35,2.35,2.28,2.29,1957983
2002/6/21,600011.sh,2.31,2.38,2.31,2.35,3380901
2002/6/24,600011.sh,2.35,2.35,2.35,2.35,INVALID
2002/6/25,600011.sh,2.59,2.59,2.58,2.59,21879778
2002/6/26,600011.sh,2.59,2.66,2.54,2.62,15866958
2002/6/27,600011.sh,2.62,2.68,2.59,2.64,9500712
2002/6/28,600011.sh,2.64,2.86,2.64,2.81,38538905
2002/7/1,600011.sh,2.83,2.85,2.72,2.73,15814860
2002/7/2,600011.sh,2.71,2.75,2.67,2.73,9580759
2002/7/3,600011.sh,2.73,2.82,2.73,2.78,11570298
2002/7/4,600011.sh,2.78,2.80,2.71,2.72,5694230
2002/7/5,600011.sh,2.71,2.74,2.69,2.73,3307402
2002/7/8,600011.sh,2.74,2.80,2.71,2.78,5000098
2002/7/9,600011.sh,2.79,2.80,2.75,2.77,5138107
2002/7/10,600011.sh,2.77,2.78,2.69,2.70,6459097
2002/7/11,600011.sh,2.70,2.72,2.67,2.68,2789978
2002/7/12,600011.sh,2.68,2.72,2.67,2.71,3700013
2002/7/15,600011.sh,2.71,2.71,2.65,2.66,1386450
2002/7/16,600011.sh,2.65,2.70,2.65,2.66,1564240
2002/7/17,600011.sh,2.66,2.68,2.58,2.65,3213745
2002/7/18,600011.sh,2.65,2.69,2.60,2.67,2572845
2002/7/19,600011.sh,2.67,2.68,2.64,2.65,1106390
2002/7/22,600011.sh,2.66,2.68,2.59,2.60,1968185
2002/7/23,600011.sh,2.57,2.62,2.57,2.59,1417418
2002/7/24,600011.sh,2.59,2.62,2.59,2.61,865988
2002/7/25,600011.sh,2.62,2.62,2.59,2.59,756918
2002/7/26,600011.sh,2.59,2.59,2.55,2.55,1753645
2002/7/29,600011.sh,2.55,2.57,2.53,2.57,877708
2002/7/30,600011.sh,2.57,2.60,2.56,2.60,1156100
2002/7/31,600011.sh,2.56,2.59,2.54,2.55,1210843
2002/8/1,600011.sh,2.55,2.56,2.53,2.54,961457
2002/8/2,600011.sh,2.54,2.58,2.54,2.56,748738
2002/8/5,600011.sh,2.57,2.58,2.52,2.57,736374
2002/8/6,600011.sh,2.57,2.62,2.54,2.59,2652647
2002/8/7,600011.sh,2.58,2.61,2.58,2.61,1317633
2002/8/8,600011.sh,2.62,2.63,2.57,2.58,1391914
2002/8/9,600011.sh,2.57,2.58,2.53,2.54,1690500
2002/8/12,600011.sh,2.54,2.54,2.50,2.51,1063722
2002/8/13,600011.sh,2.52,2.55,2.51,2.52,794390
2002/8/14,600011.sh,2.52,2.58,2.52,2.54,878101
2002/8/15,600011.sh,2.53,2.55,2.52,2.52,1096958
2002/8/16,600011.sh,2.54,2.57,2.51,2.55,905950
2002/8/19,600011.sh,2.55,2.56,2.54,2.55,572420
2002/8/20,600011.sh,2.55,2.61,2.53,2.60,1666574
2002/8/21,600011.sh,2.60,2.61,2.58,2.61,837611
2002/8/22,600011.sh,2.54,2.64,2.54,2.62,1965102
2002/8/23,600011.sh,2.62,2.63,2.60,2.62,1297244
2002/8/26,600011.sh,2.62,2.62,2.59,2.59,1324979
2002/8/27,600011.sh,2.59,2.61,2.54,2.57,1719126
2002/8/28,600011.sh,2.57,2.59,2.55,2.57,1281399
2002/8/29,600011.sh,2.57,2.60,2.54,2.59,1478677
2002/8/30,600011.sh,2.58,2.58,2.55,2.56,763530
2002/9/2,600011.sh,2.57,2.58,2.54,2.55,850280
2002/9/3,600011.sh,2.55,2.57,2.55,2.56,573263
2002/9/4,600011.sh,2.56,2.57,2.55,2.55,1098281
2002/9/5,600011.sh,2.55,2.55,2.51,2.51,2041727
2002/9/6,600011.sh,2.52,2.52,2.48,2.48,1099100
2002/9/9,600011.sh,2.48,2.48,2.43,2.44,1201500
2002/9/10,600011.sh,2.44,2.46,2.43,2.45,514742
2002/9/11,600011.sh,2.47,2.47,2.43,2.44,847294
2002/9/12,600011.sh,2.43,2.47,2.43,2.45,364312
2002/9/13,600011.sh,2.46,2.48,2.43,2.48,235894
2002/9/16,600011.sh,2.45,2.48,2.42,2.44,1379800
2002/9/17,600011.sh,2.45,2.46,2.43,2.45,523139
2002/9/18,600011.sh,2.45,2.47,2.43,2.46,291770
2002/9/19,600011.sh,2.44,2.51,2.44,2.49,1039849
2002/9/20,600011.sh,2.49,2.49,2.47,2.47,588347
2002/9/23,600011.sh,2.46,2.48,2.43,2.45,956290
2002/9/24,600011.sh,2.45,2.47,2.44,2.45,902675
2002/9/25,600011.sh,2.45,2.48,2.45,2.46,758707
2002/9/26,600011.sh,2.46,2.47,2.45,2.46,808721
2002/9/27,600011.sh,2.47,2.49,2.46,2.47,785180
2002/10/8,600011.sh,2.42,2.45,2.23,2.24,12699260
2002/10/9,600011.sh,2.24,2.24,2.12,2.19,7009197
2002/10/10,600011.sh,2.19,2.24,2.17,2.20,2209776
2002/10/11,600011.sh,2.19,2.23,2.18,2.20,1620441
2002/10/14,600011.sh,2.20,2.24,2.19,2.24,1391236
2002/10/15,600011.sh,2.25,2.26,2.23,2.25,1862573
2002/10/16,600011.sh,2.25,2.27,2.24,2.26,1455750
2002/10/17,600011.sh,2.26,2.26,2.19,2.19,1276407
2002/10/18,600011.sh,2.20,2.25,2.19,2.24,1414508
2002/10/21,600011.sh,2.23,2.23,2.20,2.21,852500
2002/10/22,600011.sh,2.21,2.29,2.21,2.26,3190600
2002/10/23,600011.sh,2.28,2.28,2.24,2.27,936345
2002/10/24,600011.sh,2.27,2.27,2.22,2.22,1414450
2002/10/25,600011.sh,2.21,2.25,2.20,2.21,751497
2002/10/28,600011.sh,2.22,2.22,2.18,2.18,1917614
2002/10/29,600011.sh,2.19,2.20,2.15,2.19,1644725
2002/10/30,600011.sh,2.19,2.20,2.16,2.18,821100
2002/10/31,600011.sh,2.19,2.21,2.18,2.18,768797
2002/11/1,600011.sh,2.19,2.20,2.17,2.20,1089864
2002/11/4,600011.sh,2.22,2.24,2.21,2.24,1133026
2002/11/5,600011.sh,2.26,2.32,2.24,2.28,3146763
2002/11/6,600011.sh,2.28,2.28,2.26,2.27,809555
2002/11/7,600011.sh,2.30,2.33,2.26,2.30,3841714
2002/11/8,600011.sh,2.33,2.33,2.25,2.25,6133840
2002/11/11,600011.sh,2.25,2.27,2.23,2.24,1169813
2002/11/12,600011.sh,2.26,2.28,2.23,2.24,2392877
2002/11/13,600011.sh,2.24,2.26,2.18,2.25,2097613
2002/11/14,600011.sh,2.25,2.26,2.21,2.22,1181750
2002/11/15,600011.sh,2.21,2.27,2.19,2.24,1279429
2002/11/18,600011.sh,2.24,2.25,2.21,2.22,586360
2002/11/19,600011.sh,2.22,2.23,2.20,2.22,534707
2002/11/20,600011.sh,2.22,2.22,2.17,2.18,1038594
2002/11/21,600011.sh,2.18,2.18,2.13,2.13,1962806
2002/11/22,600011.sh,2.13,2.18,2.12,2.17,1021723
2002/11/25,600011.sh,2.16,2.17,2.13,2.15,695410
2002/11/26,600011.sh,2.16,2.17,2.12,2.12,557900
2002/11/27,600011.sh,2.11,2.13,2.09,2.13,1367843
2002/11/28,600011.sh,2.13,2.19,2.11,2.19,1067311
2002/11/29,600011.sh,2.20,2.23,2.17,2.20,1506563
2002/12/2,600011.sh,2.21,2.21,2.13,2.14,881102
2002/12/3,600011.sh,2.13,2.16,2.13,2.14,404410
2002/12/4,600011.sh,2.15,2.19,2.14,2.16,1199778
2002/12/5,600011.sh,2.16,2.17,2.14,2.15,232600
2002/12/6,600011.sh,2.15,2.18,2.14,2.14,619777
2002/12/9,600011.sh,2.13,2.16,2.13,2.14,394943
2002/12/10,600011.sh,2.15,2.15,2.12,2.12,469200
2002/12/11,600011.sh,2.13,2.13,2.10,2.13,558357
2002/12/12,600011.sh,2.12,2.15,2.11,2.12,658564
2002/12/13,600011.sh,2.11,2.15,2.09,2.13,693188
2002/12/16,600011.sh,2.13,2.17,2.12,2.16,861990
2002/12/17,600011.sh,2.16,2.17,2.14,2.16,528288
2002/12/18,600011.sh,2.15,2.18,2.14,2.17,922385
2002/12/19,600011.sh,2.17,2.20,2.15,2.19,2158496
2002/12/20,600011.sh,2.20,2.22,2.18,2.21,1270723
2002/12/23,600011.sh,2.21,2.21,2.21,2.21,INVALID
2002/12/24,600011.sh,2.21,2.22,2.20,2.21,1319804
2002/12/25,600011.sh,2.21,2.25,2.21,2.24,4519537
2002/12/26,600011.sh,2.23,2.25,2.18,2.24,9242823
2002/12/27,600011.sh,2.22,2.23,2.19,2.23,830722
2002/12/30,600011.sh,2.24,2.24,2.13,2.23,5987026
2002/12/31,600011.sh,2.23,2.23,2.23,2.23,INVALID
2003/1/2,600011.sh,2.13,2.17,2.08,2.10,2476233
2003/1/3,600011.sh,2.09,2.10,2.06,2.07,785149
2003/1/6,600011.sh,2.07,2.10,2.05,2.10,318795
2003/1/7,600011.sh,2.09,2.11,2.07,2.09,662399
2003/1/8,600011.sh,2.09,2.17,2.08,2.17,985427
2003/1/9,600011.sh,2.15,2.21,2.14,2.19,2714299
2003/1/10,600011.sh,2.19,2.21,2.17,2.18,1946220
2003/1/13,600011.sh,2.17,2.18,2.15,2.15,956318
2003/1/14,600011.sh,2.15,2.37,2.15,2.31,11147987
2003/1/15,600011.sh,2.31,2.35,2.27,2.28,3748204
2003/1/16,600011.sh,2.27,2.34,2.27,2.33,3332830
2003/1/17,600011.sh,2.33,2.36,2.33,2.35,2825465
2003/1/20,600011.sh,2.34,2.39,2.31,2.38,1629384
2003/1/21,600011.sh,2.38,2.39,2.33,2.33,2007500
2003/1/22,600011.sh,2.31,2.35,2.30,2.34,1113748
2003/1/23,600011.sh,2.33,2.34,2.30,2.30,1214500
2003/1/24,600011.sh,2.29,2.34,2.29,2.33,903294
2003/1/27,600011.sh,2.33,2.41,2.33,2.40,2707998
2003/1/28,600011.sh,2.40,2.40,2.40,2.40,INVALID
2003/1/29,600011.sh,2.43,2.44,2.38,2.40,1060754
2003/2/10,600011.sh,2.37,2.39,2.35,2.38,983218
2003/2/11,600011.sh,2.38,2.39,2.35,2.38,1104321
2003/2/12,600011.sh,2.37,2.41,2.36,2.41,557358
2003/2/13,600011.sh,2.40,2.41,2.35,2.36,1377987
2003/2/14,600011.sh,2.35,2.37,2.35,2.36,387029
2003/2/17,600011.sh,2.36,2.36,2.30,2.30,1527700
2003/2/18,600011.sh,2.30,2.32,2.29,2.30,1245369
2003/2/19,600011.sh,2.31,2.32,2.30,2.32,522700
2003/2/20,600011.sh,2.32,2.33,2.30,2.31,942618
2003/2/21,600011.sh,2.31,2.33,2.25,2.25,1592100
2003/2/24,600011.sh,2.25,2.29,2.25,2.27,727202
2003/2/25,600011.sh,2.29,2.36,2.29,2.33,1125242
2003/2/26,600011.sh,2.33,2.34,2.32,2.33,1944600
2003/2/27,600011.sh,2.33,2.35,2.31,2.33,1210204
2003/2/28,600011.sh,2.33,2.33,2.30,2.32,439666
2003/3/3,600011.sh,2.30,2.33,2.30,2.33,652784
2003/3/4,600011.sh,2.34,2.38,2.34,2.35,2639905
2003/3/5,600011.sh,2.36,2.38,2.35,2.38,1218557
2003/3/6,600011.sh,2.37,2.38,2.33,2.35,1697550
2003/3/7,600011.sh,2.34,2.37,2.34,2.35,863191
2003/3/10,600011.sh,2.35,2.35,2.30,2.32,1617384
2003/3/11,600011.sh,2.30,2.32,2.30,2.32,291360
2003/3/12,600011.sh,2.31,2.36,2.31,2.36,875698
2003/3/13,600011.sh,2.36,2.36,2.32,2.34,1066500
2003/3/14,600011.sh,2.36,2.36,2.32,2.33,588004
2003/3/17,600011.sh,2.33,2.37,2.32,2.36,1038990
2003/3/18,600011.sh,2.36,2.39,2.35,2.36,4711137
2003/3/19,600011.sh,2.36,2.41,2.35,2.39,5516703
2003/3/20,600011.sh,2.40,2.46,2.38,2.44,9971102
2003/3/21,600011.sh,2.44,2.46,2.43,2.44,3435097
2003/3/24,600011.sh,2.44,2.47,2.44,2.46,2000990
2003/3/25,600011.sh,2.46,2.46,2.44,2.44,2000045
2003/3/26,600011.sh,2.44,2.45,2.42,2.44,1521628
2003/3/27,600011.sh,2.43,2.56,2.43,2.50,2552830
2003/3/28,600011.sh,2.50,2.56,2.48,2.52,5127096
2003/3/31,600011.sh,2.52,2.65,2.52,2.59,6679391
2003/4/1,600011.sh,2.59,2.65,2.58,2.62,7385895
2003/4/2,600011.sh,2.61,2.63,2.58,2.60,2012255
2003/4/3,600011.sh,2.60,2.62,2.57,2.58,3167700
2003/4/4,600011.sh,2.58,2.62,2.56,2.62,1788690
2003/4/7,600011.sh,2.63,2.68,2.62,2.67,5711240
2003/4/8,600011.sh,2.67,2.70,2.65,2.67,4392300
2003/4/9,600011.sh,2.67,2.71,2.63,2.69,5960063
2003/4/10,600011.sh,2.70,2.78,2.69,2.73,10929517
2003/4/11,600011.sh,2.72,2.78,2.71,2.73,7217608
2003/4/14,600011.sh,2.76,2.83,2.76,2.79,17469382
2003/4/15,600011.sh,2.83,2.94,2.77,2.94,9891108
2003/4/16,600011.sh,2.96,3.03,2.91,2.92,15852376
2003/4/17,600011.sh,2.93,2.96,2.84,2.89,7042017
2003/4/18,600011.sh,2.89,2.99,2.87,2.88,13917637
2003/4/21,600011.sh,2.83,2.84,2.76,2.81,6133692
2003/4/22,600011.sh,2.81,2.82,2.75,2.79,1875194
2003/4/23,600011.sh,2.81,2.81,2.72,2.73,2477226
2003/4/24,600011.sh,2.71,2.73,2.55,2.62,13857109
2003/4/25,600011.sh,2.60,2.73,2.60,2.64,4441284
2003/4/28,600011.sh,2.62,2.90,2.62,2.90,6673312
2003/4/29,600011.sh,2.87,3.00,2.82,2.91,12536093
2003/4/30,600011.sh,2.92,3.00,2.89,2.95,7243046
2003/5/12,600011.sh,2.97,3.11,2.91,3.10,8464034
2003/5/13,600011.sh,3.10,3.21,3.06,3.08,8317964
2003/5/14,600011.sh,3.05,3.25,3.05,3.21,6379702
2003/5/15,600011.sh,3.21,3.24,3.16,3.21,4126625
2003/5/16,600011.sh,3.19,3.26,3.16,3.20,2924417
2003/5/19,600011.sh,3.22,3.24,3.12,3.13,4287700
2003/5/20,600011.sh,3.12,3.12,3.04,3.07,5918932
2003/5/21,600011.sh,3.05,3.12,3.04,3.09,2546699
2003/5/22,600011.sh,3.08,3.11,3.03,3.11,1974261
2003/5/23,600011.sh,3.12,3.21,3.11,3.17,6117809
2003/5/26,600011.sh,3.18,3.19,3.12,3.14,1704752
2003/5/27,600011.sh,3.15,3.15,3.06,3.08,2646134
2003/5/28,600011.sh,3.08,3.08,3.08,3.08,INVALID
2003/5/29,600011.sh,3.00,3.04,2.99,3.02,3775295
2003/5/30,600011.sh,3.02,3.11,2.99,3.10,1929750
2003/6/2,600011.sh,3.09,3.09,3.01,3.04,1291342
2003/6/3,600011.sh,3.03,3.06,3.02,3.03,731400
2003/6/4,600011.sh,3.03,3.03,2.97,3.00,3496241
2003/6/5,600011.sh,3.01,3.02,2.94,2.95,1757825
2003/6/6,600011.sh,3.00,3.00,2.91,2.91,2307864
2003/6/9,600011.sh,2.90,2.93,2.88,2.91,1467695
2003/6/10,600011.sh,2.91,2.95,2.89,2.92,907825
2003/6/11,600011.sh,2.93,2.98,2.92,2.97,1885060
2003/6/12,600011.sh,2.99,2.99,2.92,2.94,1354220
2003/6/13,600011.sh,2.95,2.95,2.90,2.91,2051201
2003/6/16,600011.sh,2.91,2.92,2.87,2.88,1403494
2003/6/17,600011.sh,2.88,2.91,2.87,2.89,936687
2003/6/18,600011.sh,2.89,2.93,2.89,2.91,522078
2003/6/19,600011.sh,2.93,2.93,2.88,2.91,1316613
2003/6/20,600011.sh,2.96,2.96,2.89,2.92,836554
2003/6/23,600011.sh,2.90,2.90,2.86,2.90,1655524
2003/6/24,600011.sh,2.89,2.92,2.89,2.91,409284
2003/6/25,600011.sh,2.88,2.96,2.87,2.92,1372403
2003/6/26,600011.sh,2.91,3.00,2.90,2.99,2535929
2003/6/27,600011.sh,3.07,3.07,2.95,2.95,1041624
2003/6/30,600011.sh,3.01,3.01,2.94,2.95,1696880
2003/7/1,600011.sh,2.95,3.03,2.95,2.96,1818290
2003/7/2,600011.sh,2.96,3.02,2.95,3.02,1373138
2003/7/3,600011.sh,3.01,3.05,3.00,3.03,2474218
2003/7/4,600011.sh,3.03,3.07,3.02,3.03,1540373
2003/7/7,600011.sh,3.04,3.09,3.01,3.07,1593111
2003/7/8,600011.sh,3.08,3.10,3.06,3.08,1644208
2003/7/9,600011.sh,3.08,3.08,3.03,3.05,1331305
2003/7/10,600011.sh,3.05,3.15,3.04,3.13,4042484
2003/7/11,600011.sh,3.13,3.16,3.12,3.15,1808167
2003/7/14,600011.sh,3.15,3.19,3.12,3.17,2143648
2003/7/15,600011.sh,3.17,3.23,3.17,3.20,2499395
2003/7/16,600011.sh,3.21,3.22,3.17,3.20,1433375
2003/7/17,600011.sh,3.19,3.28,3.18,3.27,3446682
2003/7/18,600011.sh,3.26,3.27,3.12,3.14,2723850
2003/7/21,600011.sh,3.12,3.19,3.09,3.18,1544759
2003/7/22,600011.sh,3.18,3.18,3.18,3.18,INVALID
2003/7/23,600011.sh,3.19,3.21,3.08,3.09,2385372
2003/7/24,600011.sh,3.10,3.15,3.09,3.10,957750
2003/7/25,600011.sh,3.10,3.12,3.05,3.05,1736011
2003/7/28,600011.sh,3.06,3.09,3.05,3.09,751900
2003/7/29,600011.sh,3.09,3.10,3.07,3.07,1258442
2003/7/30,600011.sh,3.06,3.13,3.06,3.13,1197623
2003/7/31,600011.sh,3.13,3.14,3.11,3.12,415604
2003/8/1,600011.sh,3.12,3.15,3.10,3.14,322307
2003/8/4,600011.sh,3.15,3.15,3.08,3.13,1134485
2003/8/5,600011.sh,3.13,3.17,3.12,3.14,859524
2003/8/6,600011.sh,3.15,3.15,3.09,3.10,944715
2003/8/7,600011.sh,3.14,3.16,3.04,3.06,1601898
2003/8/8,600011.sh,3.05,3.06,2.99,3.01,2095150
2003/8/11,600011.sh,3.00,3.02,2.98,3.01,376749
2003/8/12,600011.sh,2.99,3.03,2.98,3.03,731320
2003/8/13,600011.sh,3.04,3.10,3.02,3.02,469050
2003/8/14,600011.sh,3.00,3.03,2.96,2.97,888999
2003/8/15,600011.sh,2.96,2.98,2.95,2.97,277643
2003/8/18,600011.sh,2.96,2.97,2.93,2.94,3000578
2003/8/19,600011.sh,2.94,2.99,2.94,2.97,1196438
2003/8/20,600011.sh,2.98,2.98,2.94,2.94,1185050
2003/8/21,600011.sh,2.99,2.99,2.94,2.95,941899
2003/8/22,600011.sh,2.94,2.96,2.94,2.95,384400
2003/8/25,600011.sh,2.95,2.95,2.89,2.91,1343257
2003/8/26,600011.sh,2.92,2.93,2.90,2.91,229550
2003/8/27,600011.sh,2.94,2.94,2.91,2.93,540101
2003/8/28,600011.sh,2.93,2.95,2.92,2.93,1038187
2003/8/29,600011.sh,2.91,2.94,2.89,2.92,962186
2003/9/1,600011.sh,2.92,2.99,2.92,2.99,2063241
2003/9/2,600011.sh,3.00,3.02,2.98,3.00,1473210
2003/9/3,600011.sh,3.01,3.01,2.97,2.98,642110
2003/9/4,600011.sh,2.99,3.00,2.98,2.99,841533
2003/9/5,600011.sh,2.98,2.99,2.94,2.98,1033069
2003/9/8,600011.sh,2.94,2.98,2.94,2.98,485030
2003/9/9,600011.sh,2.98,2.98,2.92,2.94,1298908
2003/9/10,600011.sh,2.94,2.97,2.94,2.95,253040
2003/9/11,600011.sh,2.95,2.98,2.95,2.97,592044
2003/9/12,600011.sh,2.99,2.99,2.95,2.96,1015288
2003/9/15,600011.sh,2.94,2.96,2.93,2.95,149100
2003/9/16,600011.sh,2.94,2.97,2.92,2.95,516200
2003/9/17,600011.sh,2.96,2.96,2.90,2.92,540665
2003/9/18,600011.sh,2.89,2.92,2.89,2.91,151601
2003/9/19,600011.sh,2.93,2.93,2.89,2.92,240120
2003/9/22,600011.sh,2.92,2.92,2.85,2.88,958964
2003/9/23,600011.sh,2.88,2.88,2.79,2.85,846100
2003/9/24,600011.sh,2.86,2.86,2.80,2.84,113450
2003/9/25,600011.sh,2.86,2.86,2.81,2.82,393100
2003/9/26,600011.sh,2.81,2.84,2.81,2.83,334586
2003/9/29,600011.sh,2.82,2.85,2.82,2.84,752301
2003/9/30,600011.sh,2.85,2.91,2.82,2.89,690643
2003/10/8,600011.sh,2.85,2.91,2.85,2.90,135401
2003/10/9,600011.sh,2.90,2.93,2.88,2.89,284400
2003/10/10,600011.sh,2.89,2.97,2.89,2.96,998755
2003/10/13,600011.sh,2.97,2.99,2.94,2.95,331600
2003/10/14,600011.sh,2.95,2.96,2.92,2.93,251886
2003/10/15,600011.sh,2.93,2.97,2.93,2.93,572530
2003/10/16,600011.sh,2.90,2.95,2.88,2.91,233466
2003/10/17,600011.sh,2.90,2.93,2.89,2.92,96654
2003/10/20,600011.sh,2.92,2.92,2.90,2.92,113698
2003/10/21,600011.sh,2.97,2.97,2.91,2.93,67800
2003/10/22,600011.sh,3.01,3.06,2.95,3.01,3007611
2003/10/23,600011.sh,3.03,3.05,3.00,3.02,1275016
2003/10/24,600011.sh,3.02,3.02,2.98,2.99,827806
2003/10/27,600011.sh,2.99,3.01,2.96,2.98,3112643
2003/10/28,600011.sh,2.97,3.04,2.97,3.00,697504
2003/10/29,600011.sh,3.05,3.10,3.01,3.08,5924377
2003/10/30,600011.sh,3.10,3.11,3.04,3.06,1228950
2003/10/31,600011.sh,3.05,3.10,3.04,3.05,2526320
2003/11/3,600011.sh,3.03,3.09,3.03,3.08,2716680
2003/11/4,600011.sh,3.09,3.27,3.07,3.17,3107031
2003/11/5,600011.sh,3.17,3.19,3.12,3.16,2032198
2003/11/6,600011.sh,3.14,3.18,3.11,3.17,1275876
2003/11/7,600011.sh,3.18,3.18,3.06,3.09,2719692
2003/11/10,600011.sh,3.08,3.13,3.04,3.12,657276
2003/11/11,600011.sh,3.12,3.13,3.04,3.06,1758100
2003/11/12,600011.sh,3.06,3.08,3.03,3.04,2815719
2003/11/13,600011.sh,3.04,3.04,3.00,3.01,2591400
2003/11/14,600011.sh,3.00,3.04,3.00,3.03,2894143
2003/11/17,600011.sh,3.02,3.05,3.02,3.03,927125
2003/11/18,600011.sh,3.04,3.04,2.96,2.96,1520646
2003/11/19,600011.sh,2.95,2.98,2.94,2.97,707316
2003/11/20,600011.sh,2.97,2.99,2.95,2.97,2187550
2003/11/21,600011.sh,3.00,3.07,2.97,2.97,1408000
2003/11/24,600011.sh,2.98,3.06,2.97,3.05,3426695
2003/11/25,600011.sh,3.05,3.05,2.99,3.01,1189232
2003/11/26,600011.sh,3.01,3.03,2.97,2.97,2116036
2003/11/27,600011.sh,2.98,2.99,2.91,2.92,2803916
2003/11/28,600011.sh,2.91,2.96,2.90,2.94,2039169
2003/12/1,600011.sh,2.94,3.09,2.94,3.05,6112582
2003/12/2,600011.sh,3.09,3.11,3.03,3.05,1411718
2003/12/3,600011.sh,3.05,3.14,3.03,3.09,4238736
2003/12/4,600011.sh,3.10,3.11,3.04,3.07,2861980
2003/12/5,600011.sh,3.07,3.08,3.03,3.04,2243203
2003/12/8,600011.sh,3.04,3.06,3.02,3.02,1651100
2003/12/9,600011.sh,3.02,3.04,2.99,3.01,1522253
2003/12/10,600011.sh,3.02,3.12,3.02,3.10,3099158
2003/12/11,600011.sh,3.11,3.15,3.11,3.12,4208757
2003/12/12,600011.sh,3.13,3.16,3.12,3.15,6587419
2003/12/15,600011.sh,3.17,3.18,3.13,3.15,1727949
2003/12/16,600011.sh,3.13,3.25,3.10,3.25,6472893
2003/12/17,600011.sh,3.25,3.35,3.18,3.19,5291880
2003/12/18,600011.sh,3.18,3.37,3.18,3.36,5121352
2003/12/19,600011.sh,3.37,3.49,3.36,3.40,8549667
2003/12/22,600011.sh,3.40,3.58,3.40,3.51,7089593
2003/12/23,600011.sh,3.49,3.56,3.47,3.54,3926729
2003/12/24,600011.sh,3.57,3.65,3.52,3.60,6179486
2003/12/25,600011.sh,3.61,3.67,3.51,3.52,6886953
2003/12/26,600011.sh,3.53,3.55,3.45,3.47,5112797
2003/12/29,600011.sh,3.45,3.51,3.42,3.45,1425541
2003/12/30,600011.sh,3.46,3.55,3.43,3.52,3705985
2003/12/31,600011.sh,3.52,3.53,3.45,3.48,1768116
2004/1/2,600011.sh,3.47,3.58,3.45,3.53,2393378
2004/1/5,600011.sh,3.53,3.78,3.49,3.69,9379496
2004/1/6,600011.sh,3.73,3.78,3.67,3.72,6777135
2004/1/7,600011.sh,3.71,3.76,3.62,3.71,3626229
2004/1/8,600011.sh,3.70,3.89,3.69,3.87,7609778
2004/1/9,600011.sh,3.87,3.90,3.72,3.76,4913347
2004/1/12,600011.sh,3.73,3.82,3.66,3.74,6675267
2004/1/13,600011.sh,3.75,3.81,3.66,3.69,4188479
2004/1/14,600011.sh,3.69,3.69,3.59,3.60,3407718
2004/1/15,600011.sh,3.57,3.63,3.57,3.59,2590903
2004/1/16,600011.sh,3.75,3.75,3.57,3.65,1709231
2004/1/29,600011.sh,3.65,3.65,3.55,3.59,2276736
2004/1/30,600011.sh,3.59,3.61,3.47,3.48,2650598
2004/2/2,600011.sh,3.53,3.60,3.46,3.48,4709797
2004/2/3,600011.sh,3.48,3.56,3.47,3.56,2644001
2004/2/4,600011.sh,3.57,3.69,3.56,3.69,6587629
2004/2/5,600011.sh,3.71,3.72,3.62,3.63,2012734
2004/2/6,600011.sh,3.60,3.64,3.54,3.60,3320259
2004/2/9,600011.sh,3.59,3.65,3.46,3.64,2294469
2004/2/10,600011.sh,3.64,3.65,3.56,3.57,1364601
2004/2/11,600011.sh,3.57,3.58,3.52,3.53,1722150
2004/2/12,600011.sh,3.54,3.57,3.40,3.41,3110149
2004/2/13,600011.sh,3.41,3.47,3.39,3.41,2439637
2004/2/16,600011.sh,3.44,3.49,3.43,3.45,2399515
2004/2/17,600011.sh,3.47,3.52,3.46,3.49,2255350
2004/2/18,600011.sh,3.49,3.55,3.47,3.52,3182500
2004/2/19,600011.sh,3.55,3.63,3.54,3.62,3845962
2004/2/20,600011.sh,3.64,3.65,3.57,3.60,2770384
2004/2/23,600011.sh,3.60,3.63,3.47,3.48,2474638
2004/2/24,600011.sh,3.47,3.54,3.46,3.54,2285715
2004/2/25,600011.sh,3.54,3.57,3.46,3.52,3331614
2004/2/26,600011.sh,3.53,3.53,3.47,3.52,1215502
2004/2/27,600011.sh,3.53,3.63,3.53,3.60,2550415
2004/3/1,600011.sh,3.61,3.68,3.59,3.67,3054812
2004/3/2,600011.sh,3.67,3.68,3.59,3.61,1609281
2004/3/3,600011.sh,3.61,3.63,3.55,3.62,3632919
2004/3/4,600011.sh,3.63,3.76,3.61,3.72,7273251
2004/3/5,600011.sh,3.73,3.78,3.67,3.73,2730949
2004/3/8,600011.sh,3.72,3.76,3.69,3.71,2643816
2004/3/9,600011.sh,3.71,3.76,3.69,3.71,2291974
2004/3/10,600011.sh,3.72,3.86,3.72,3.84,7616024
2004/3/11,600011.sh,3.84,4.03,3.80,4.00,7503508
2004/3/12,600011.sh,4.00,4.04,3.95,4.04,3798237
2004/3/15,600011.sh,4.07,4.27,4.06,4.21,11773159
2004/3/16,600011.sh,4.20,4.36,4.15,4.28,10214631
2004/3/17,600011.sh,4.70,4.70,4.29,4.35,11665193
2004/3/18,600011.sh,4.36,4.38,4.27,4.27,4253333
2004/3/19,600011.sh,4.27,4.39,4.26,4.39,5672519
2004/3/22,600011.sh,4.39,4.42,4.36,4.39,2568332
2004/3/23,600011.sh,4.38,4.39,4.28,4.30,2045809
2004/3/24,600011.sh,4.30,4.40,4.29,4.34,3304471
2004/3/25,600011.sh,4.32,4.40,4.31,4.37,2457617
2004/3/26,600011.sh,4.37,4.56,4.36,4.52,6373775
2004/3/29,600011.sh,4.53,4.56,4.46,4.51,2691695
2004/3/30,600011.sh,4.49,4.51,4.40,4.42,3729500
2004/3/31,600011.sh,4.41,4.50,4.41,4.42,2819039
2004/4/1,600011.sh,4.42,4.48,4.38,4.43,3210227
2004/4/2,600011.sh,4.43,4.59,4.43,4.57,7527867
2004/4/5,600011.sh,4.57,4.75,4.52,4.70,7336788
2004/4/6,600011.sh,4.70,4.72,4.62,4.68,4430873
2004/4/7,600011.sh,4.72,4.80,4.69,4.74,3966652
2004/4/8,600011.sh,4.73,4.75,4.64,4.64,3600188
2004/4/9,600011.sh,4.67,4.75,4.52,4.52,8206873
2004/4/12,600011.sh,4.50,4.54,4.42,4.51,2910417
2004/4/13,600011.sh,4.51,4.52,4.46,4.48,2550684
2004/4/14,600011.sh,4.47,4.48,4.35,4.38,3452297
2004/4/15,600011.sh,4.38,4.46,4.32,4.34,4030288
2004/4/16,600011.sh,4.34,4.34,4.34,4.34,INVALID
2004/4/19,600011.sh,4.41,4.51,4.39,4.46,5120181
2004/4/20,600011.sh,4.43,4.49,4.42,4.46,2454329
2004/4/21,600011.sh,4.44,4.47,4.33,4.38,2928673
2004/4/22,600011.sh,4.34,4.39,4.30,4.34,1798907
2004/4/23,600011.sh,4.34,4.38,4.30,4.34,947622
2004/4/26,600011.sh,4.32,4.42,4.31,4.37,1732543
2004/4/27,600011.sh,4.40,4.46,4.37,4.41,2645083
2004/4/28,600011.sh,4.38,4.40,4.26,4.26,3038315
2004/4/29,600011.sh,4.26,4.26,4.07,4.10,4649350
2004/4/30,600011.sh,4.08,4.25,4.08,4.24,3699779
2004/5/10,600011.sh,4.30,4.33,4.14,4.24,1663855
2004/5/11,600011.sh,4.24,4.24,4.24,4.24,INVALID
2004/5/12,600011.sh,4.26,4.33,4.20,4.32,2716359
2004/5/13,600011.sh,4.32,4.37,4.26,4.36,1941090
2004/5/14,600011.sh,4.35,4.35,4.24,4.30,2765658
2004/5/17,600011.sh,4.24,4.32,4.19,4.26,1230335
2004/5/18,600011.sh,4.22,4.30,4.11,4.15,3202038
2004/5/19,600011.sh,4.16,4.20,4.10,4.10,3849798
2004/5/20,600011.sh,4.10,4.13,4.06,4.06,2807064
2004/5/21,600011.sh,4.07,4.18,4.06,4.17,5591277
2004/5/24,600011.sh,4.21,4.22,4.13,4.18,1719125
2004/5/25,600011.sh,4.13,4.19,4.05,4.13,5164168
2004/5/26,600011.sh,4.10,4.14,4.02,4.12,1965573
2004/5/27,600011.sh,4.12,4.24,4.07,4.21,2469548
2004/5/28,600011.sh,4.21,4.33,4.17,4.28,2648322
2004/5/31,600011.sh,4.30,4.39,4.26,4.37,3955320
2004/6/1,600011.sh,4.37,4.48,4.37,4.46,5638600
2004/6/2,600011.sh,4.47,4.48,4.35,4.37,6459820
2004/6/3,600011.sh,4.37,4.37,4.26,4.30,1891720
2004/6/4,600011.sh,4.30,4.35,4.26,4.28,1694554
2004/6/7,600011.sh,4.26,4.28,4.22,4.22,2896272
2004/6/8,600011.sh,4.22,4.26,4.11,4.13,3679088
2004/6/9,600011.sh,4.12,4.16,4.07,4.12,3758255
2004/6/10,600011.sh,4.11,4.17,4.09,4.12,2906709
2004/6/11,600011.sh,4.13,4.22,4.13,4.20,2616578
2004/6/14,600011.sh,4.18,4.19,4.10,4.13,1381830
2004/6/15,600011.sh,4.13,4.13,4.13,4.13,INVALID
2004/6/16,600011.sh,4.21,4.39,4.19,4.33,6121427
2004/6/17,600011.sh,4.33,4.38,4.23,4.26,3388960
2004/6/18,600011.sh,4.26,4.26,3.93,4.03,17531152
2004/6/21,600011.sh,3.99,4.02,3.94,4.02,2610884
2004/6/22,600011.sh,4.02,4.11,3.99,4.04,1774124
2004/6/23,600011.sh,4.04,4.04,3.92,3.98,2123600
2004/6/24,600011.sh,3.98,3.99,3.76,3.80,6304363
2004/6/25,600011.sh,3.78,3.84,3.77,3.84,3109625
2004/6/28,600011.sh,3.82,3.85,3.74,3.82,2086267
2004/6/29,600011.sh,3.81,3.88,3.76,3.88,1918491
2004/6/30,600011.sh,3.88,3.98,3.81,3.92,6604430
2004/7/1,600011.sh,3.92,4.10,3.89,4.07,3137477
2004/7/2,600011.sh,4.05,4.10,4.00,4.08,2462510
2004/7/5,600011.sh,4.08,4.08,4.01,4.05,2200310
2004/7/6,600011.sh,4.05,4.15,4.05,4.07,4233824
2004/7/7,600011.sh,4.07,4.11,4.05,4.06,1541867
2004/7/8,600011.sh,4.06,4.07,4.02,4.05,584400
2004/7/9,600011.sh,4.05,4.08,3.89,3.92,5517853
2004/7/12,600011.sh,3.90,3.90,3.80,3.82,3770170
2004/7/13,600011.sh,3.81,3.87,3.65,3.72,8400560
2004/7/14,600011.sh,3.72,3.72,3.55,3.63,9353145
2004/7/15,600011.sh,3.64,3.78,3.63,3.77,9496493
2004/7/16,600011.sh,3.78,3.87,3.74,3.85,10307428
2004/7/19,600011.sh,3.85,3.86,3.77,3.80,5041420
2004/7/20,600011.sh,3.79,3.79,3.72,3.74,3231289
2004/7/21,600011.sh,3.74,3.84,3.72,3.74,4156063
2004/7/22,600011.sh,3.77,3.77,3.55,3.56,6831500
2004/7/23,600011.sh,3.55,3.59,3.52,3.59,5173302
2004/7/26,600011.sh,3.59,3.59,3.48,3.50,4644789
2004/7/27,600011.sh,3.50,3.55,3.47,3.50,3766913
2004/7/28,600011.sh,3.53,3.60,3.53,3.60,4553959
2004/7/29,600011.sh,3.61,3.70,3.60,3.69,4681907
2004/7/30,600011.sh,3.70,3.70,3.61,3.63,1853320
2004/8/2,600011.sh,3.63,3.63,3.57,3.58,1752500
2004/8/3,600011.sh,3.56,3.60,3.53,3.59,1819915
2004/8/4,600011.sh,3.57,3.77,3.57,3.69,4609592
2004/8/5,600011.sh,3.68,3.72,3.63,3.71,3557375
2004/8/6,600011.sh,3.70,3.74,3.69,3.74,5457773
2004/8/9,600011.sh,3.72,3.75,3.70,3.74,1814589
2004/8/10,600011.sh,3.74,3.79,3.63,3.65,7655700
2004/8/11,600011.sh,3.57,3.61,3.53,3.59,6579898
2004/8/12,600011.sh,3.57,3.58,3.53,3.57,5248708
2004/8/13,600011.sh,3.55,3.59,3.51,3.55,5277382
2004/8/16,600011.sh,3.52,3.55,3.47,3.49,6567263
2004/8/17,600011.sh,3.49,3.55,3.49,3.53,1439058
2004/8/18,600011.sh,3.56,3.63,3.53,3.60,3343719
2004/8/19,600011.sh,3.60,3.62,3.57,3.62,905252
2004/8/20,600011.sh,3.62,3.66,3.58,3.64,1713902
2004/8/23,600011.sh,3.64,3.64,3.60,3.62,410150
2004/8/24,600011.sh,3.62,3.68,3.59,3.66,1171552
2004/8/25,600011.sh,3.66,3.68,3.64,3.67,1070965
2004/8/26,600011.sh,3.66,3.68,3.65,3.67,1253964
2004/8/27,600011.sh,3.66,3.67,3.60,3.61,736754
2004/8/30,600011.sh,3.61,3.61,3.53,3.57,659560
2004/8/31,600011.sh,3.66,3.68,3.57,3.61,579091
2004/9/1,600011.sh,3.61,3.61,3.56,3.56,581900
2004/9/2,600011.sh,3.53,3.56,3.50,3.53,2514100
2004/9/3,600011.sh,3.53,3.54,3.51,3.53,620043
2004/9/6,600011.sh,3.53,3.55,3.51,3.53,253999
2004/9/7,600011.sh,3.53,3.59,3.53,3.58,264750
2004/9/8,600011.sh,3.55,3.57,3.49,3.51,1997100
2004/9/9,600011.sh,3.52,3.52,3.41,3.41,2376650
2004/9/10,600011.sh,3.41,3.48,3.36,3.46,930500
2004/9/13,600011.sh,3.37,3.42,3.29,3.41,1687665
2004/9/14,600011.sh,3.43,3.49,3.41,3.45,1393947
2004/9/15,600011.sh,3.47,3.66,3.45,3.57,4209759
2004/9/16,600011.sh,3.59,3.66,3.57,3.59,5454028
2004/9/17,600011.sh,3.59,3.71,3.54,3.69,7621790
2004/9/20,600011.sh,3.70,3.86,3.70,3.82,11345791
2004/9/21,600011.sh,3.81,3.82,3.70,3.72,5618275
2004/9/22,600011.sh,3.74,3.83,3.66,3.67,4153549
2004/9/23,600011.sh,3.67,3.78,3.60,3.76,5783623
2004/9/24,600011.sh,3.80,3.98,3.76,3.81,24054360
2004/9/27,600011.sh,3.89,3.98,3.83,3.87,9779391
2004/9/28,600011.sh,3.87,3.87,3.87,3.87,INVALID
2004/9/29,600011.sh,3.89,3.92,3.65,3.69,9282550
2004/9/30,600011.sh,3.69,3.74,3.57,3.63,5974494
2004/10/8,600011.sh,3.62,3.67,3.57,3.66,3426762
2004/10/11,600011.sh,3.66,3.70,3.41,3.48,22887607
2004/10/12,600011.sh,3.48,3.48,3.35,3.37,11714718
2004/10/13,600011.sh,3.37,3.45,3.31,3.33,7542641
2004/10/14,600011.sh,3.37,3.37,3.20,3.21,7237736
2004/10/15,600011.sh,3.21,3.25,3.14,3.18,4253084
2004/10/18,600011.sh,3.17,3.18,3.03,3.06,4160225
2004/10/19,600011.sh,3.08,3.20,3.06,3.16,4546861
2004/10/20,600011.sh,3.15,3.15,2.94,3.03,8413098
2004/10/21,600011.sh,3.03,3.03,2.92,2.99,3367514
2004/10/22,600011.sh,3.02,3.19,2.94,3.18,7054873
2004/10/25,600011.sh,3.20,3.24,3.05,3.06,4516920
2004/10/26,600011.sh,3.06,3.09,2.96,3.01,3968494
2004/10/27,600011.sh,3.09,3.18,3.01,3.18,9772167
2004/10/28,600011.sh,3.21,3.49,3.21,3.34,26278917
2004/10/29,600011.sh,3.22,3.42,3.13,3.34,8782529
2004/11/1,600011.sh,3.33,3.34,3.18,3.20,5514615
2004/11/2,600011.sh,3.20,3.24,3.14,3.21,4839808
2004/11/3,600011.sh,3.23,3.27,3.16,3.24,5297490
2004/11/4,600011.sh,3.25,3.26,3.16,3.17,3075632
2004/11/5,600011.sh,3.17,3.20,3.12,3.14,2090620
2004/11/8,600011.sh,3.13,3.15,3.05,3.11,1191211
2004/11/9,600011.sh,3.11,3.22,3.09,3.19,3344353
2004/11/10,600011.sh,3.18,3.36,3.18,3.32,4873126
2004/11/11,600011.sh,3.32,3.42,3.29,3.29,6150463
2004/11/12,600011.sh,3.29,3.35,3.28,3.29,2406066
2004/11/15,600011.sh,3.29,3.32,3.25,3.29,2485650
2004/11/16,600011.sh,3.29,3.33,3.27,3.31,2869053
2004/11/17,600011.sh,3.31,3.33,3.27,3.31,2384586
2004/11/18,600011.sh,3.27,3.31,3.24,3.29,1958507
2004/11/19,600011.sh,3.30,3.36,3.30,3.35,2539664
2004/11/22,600011.sh,3.35,3.37,3.30,3.33,1595309
2004/11/23,600011.sh,3.32,3.33,3.20,3.21,3297331
2004/11/24,600011.sh,3.22,3.23,3.18,3.18,2832992
2004/11/25,600011.sh,3.18,3.18,3.08,3.11,7968194
2004/11/26,600011.sh,3.13,3.15,3.11,3.15,2241496
2004/11/29,600011.sh,3.15,3.15,3.10,3.11,1249570
2004/11/30,600011.sh,3.11,3.13,3.07,3.09,2438075
2004/12/1,600011.sh,3.10,3.11,3.06,3.07,1472090
2004/12/2,600011.sh,3.07,3.09,3.01,3.04,2296507
2004/12/3,600011.sh,3.05,3.11,3.04,3.05,3627005
2004/12/6,600011.sh,3.09,3.10,3.04,3.05,3253200
2004/12/7,600011.sh,3.05,3.08,3.03,3.05,2048800
2004/12/8,600011.sh,3.08,3.09,3.04,3.05,1385280
2004/12/9,600011.sh,3.05,3.17,3.05,3.14,4241767
2004/12/10,600011.sh,3.14,3.16,3.08,3.10,1812950
2004/12/13,600011.sh,3.10,3.10,3.05,3.08,1813252
2004/12/14,600011.sh,3.07,3.09,3.04,3.05,1819850
2004/12/15,600011.sh,3.05,3.09,3.04,3.08,1250067
2004/12/16,600011.sh,3.08,3.12,3.05,3.10,3740523
2004/12/17,600011.sh,3.10,3.10,3.10,3.10,INVALID
2004/12/20,600011.sh,3.05,3.11,3.00,3.07,4241800
2004/12/21,600011.sh,3.05,3.06,2.96,2.97,5088660
2004/12/22,600011.sh,3.00,3.02,2.97,3.01,3933822
2004/12/23,600011.sh,3.01,3.03,2.98,2.99,2098302
2004/12/24,600011.sh,3.01,3.02,2.96,2.97,2394050
2004/12/27,600011.sh,3.00,3.00,2.92,2.94,2163632
2004/12/28,600011.sh,2.94,2.97,2.91,2.93,1157749
2004/12/29,600011.sh,2.94,2.99,2.92,2.95,5314677
2004/12/30,600011.sh,2.92,3.03,2.91,2.95,4813244
2004/12/31,600011.sh,2.99,2.99,2.91,2.95,3480200
2005/1/4,600011.sh,2.98,2.98,2.81,2.82,5888503
2005/1/5,600011.sh,2.82,2.84,2.72,2.79,2844227
2005/1/6,600011.sh,2.76,2.77,2.71,2.75,2967957
2005/1/7,600011.sh,2.76,2.79,2.74,2.75,1925752
2005/1/10,600011.sh,2.75,2.75,2.69,2.73,1679239
2005/1/11,600011.sh,2.73,2.81,2.73,2.76,3109781
2005/1/12,600011.sh,2.77,2.78,2.75,2.78,1804015
2005/1/13,600011.sh,2.78,2.79,2.74,2.75,928500
2005/1/14,600011.sh,2.72,2.78,2.71,2.73,1068042
2005/1/17,600011.sh,2.70,2.70,2.54,2.60,4479614
2005/1/18,600011.sh,2.58,2.70,2.58,2.68,2914336
2005/1/19,600011.sh,2.68,2.68,2.61,2.68,1525550
2005/1/20,600011.sh,2.63,2.71,2.58,2.69,2946621
2005/1/21,600011.sh,2.69,2.86,2.68,2.81,7697143
2005/1/24,600011.sh,2.88,2.93,2.81,2.85,2380957
2005/1/25,600011.sh,2.84,2.86,2.78,2.85,1770145
2005/1/26,600011.sh,2.84,2.84,2.73,2.75,3405500
2005/1/27,600011.sh,2.74,2.81,2.69,2.77,2078241
2005/1/28,600011.sh,2.77,2.77,2.68,2.71,2114280
2005/1/31,600011.sh,2.71,2.81,2.69,2.77,2086739
2005/2/1,600011.sh,2.80,2.83,2.76,2.80,1900510
2005/2/2,600011.sh,2.83,2.95,2.80,2.92,5676738
2005/2/3,600011.sh,2.94,2.98,2.83,2.87,11071540
2005/2/4,600011.sh,2.84,2.92,2.77,2.89,4802085
2005/2/16,600011.sh,2.92,2.99,2.90,2.98,3948521
2005/2/17,600011.sh,2.99,2.99,2.92,2.97,3343666
2005/2/18,600011.sh,2.96,2.96,2.89,2.89,1313300
2005/2/21,600011.sh,2.89,2.94,2.89,2.92,1104053
2005/2/22,600011.sh,2.94,2.96,2.88,2.93,6660584
2005/2/23,600011.sh,2.93,2.93,2.85,2.86,5735442
2005/2/24,600011.sh,2.86,2.90,2.83,2.86,4631421
2005/2/25,600011.sh,2.86,2.93,2.84,2.88,7967683
2005/2/28,600011.sh,2.88,2.93,2.86,2.92,5001754
2005/3/1,600011.sh,2.92,2.93,2.86,2.89,2306421
2005/3/2,600011.sh,2.88,3.01,2.88,2.96,14193859
2005/3/3,600011.sh,2.94,3.05,2.94,3.01,8408155
2005/3/4,600011.sh,3.01,3.12,3.00,3.08,10074004
2005/3/7,600011.sh,3.11,3.13,3.05,3.05,3991191
2005/3/8,600011.sh,3.09,3.17,3.05,3.17,6947737
2005/3/9,600011.sh,3.17,3.18,3.14,3.17,5521514
2005/3/10,600011.sh,3.17,3.17,3.07,3.09,4246270
2005/3/11,600011.sh,3.09,3.11,3.02,3.09,4735912
2005/3/14,600011.sh,3.03,3.12,2.99,3.09,3052308
2005/3/15,600011.sh,3.09,3.09,2.92,2.96,6317694
2005/3/16,600011.sh,2.96,2.99,2.80,2.86,7580067
2005/3/17,600011.sh,2.84,2.89,2.79,2.85,4577100
2005/3/18,600011.sh,2.82,2.88,2.81,2.85,1428952
2005/3/21,600011.sh,2.85,2.88,2.82,2.83,838900
2005/3/22,600011.sh,2.83,2.86,2.68,2.72,3276643
2005/3/23,600011.sh,2.72,2.72,2.64,2.68,2968515
2005/3/24,600011.sh,2.68,2.68,2.60,2.64,2636632
2005/3/25,600011.sh,2.64,2.72,2.62,2.72,1987632
2005/3/28,600011.sh,2.70,2.70,2.64,2.69,1646600
2005/3/29,600011.sh,2.70,2.77,2.66,2.74,2485929
2005/3/30,600011.sh,2.72,2.81,2.70,2.79,2708805
2005/3/31,600011.sh,2.76,2.88,2.74,2.87,3452084
2005/4/1,600011.sh,2.87,3.05,2.81,2.90,7350067
2005/4/4,600011.sh,2.92,2.98,2.87,2.95,3569656
2005/4/5,600011.sh,2.94,2.96,2.87,2.89,2981532
2005/4/6,600011.sh,2.94,3.02,2.90,2.99,4556110
2005/4/7,600011.sh,2.99,3.07,2.92,2.93,10168103
2005/4/8,600011.sh,2.93,3.01,2.86,2.98,5111031
2005/4/11,600011.sh,3.00,3.05,2.93,3.04,3475722
2005/4/12,600011.sh,3.03,3.03,2.94,2.96,4159998
2005/4/13,600011.sh,3.00,3.06,3.00,3.03,4329570
2005/4/14,600011.sh,3.05,3.07,2.97,2.99,1419558
2005/4/15,600011.sh,2.96,3.00,2.93,2.96,1886908
2005/4/18,600011.sh,2.92,2.92,2.75,2.77,7126387
2005/4/19,600011.sh,2.73,2.83,2.68,2.80,4663962
2005/4/20,600011.sh,2.79,2.83,2.76,2.82,1426295
2005/4/21,600011.sh,2.79,2.88,2.78,2.83,1834934
2005/4/22,600011.sh,2.82,2.89,2.80,2.87,1933083
2005/4/25,600011.sh,2.85,2.91,2.84,2.91,2216369
2005/4/26,600011.sh,2.91,3.03,2.88,2.97,6980940
2005/4/27,600011.sh,2.97,3.01,2.94,2.96,2831139
2005/4/28,600011.sh,2.96,3.00,2.87,2.98,3821993
2005/4/29,600011.sh,2.97,3.00,2.92,2.93,1255240
2005/5/9,600011.sh,2.94,3.01,2.88,2.94,1982082
2005/5/10,600011.sh,2.91,2.95,2.83,2.88,1745433
2005/5/11,600011.sh,2.88,2.88,2.88,2.88,INVALID
2005/5/12,600011.sh,2.83,2.88,2.71,2.74,2040412
2005/5/13,600011.sh,2.72,2.79,2.72,2.75,2487580
2005/5/16,600011.sh,2.75,2.76,2.62,2.68,2058200
2005/5/17,600011.sh,2.68,2.69,2.62,2.62,1864326
2005/5/18,600011.sh,2.61,2.67,2.58,2.60,1629070
2005/5/19,600011.sh,2.62,2.66,2.57,2.66,1727254
2005/5/20,600011.sh,2.66,2.71,2.62,2.69,1247199
2005/5/23,600011.sh,2.69,2.69,2.62,2.63,1278280
2005/5/24,600011.sh,2.63,2.66,2.43,2.50,4938576
2005/5/25,600011.sh,2.47,2.49,2.43,2.46,2947153
2005/5/26,600011.sh,2.47,2.48,2.44,2.44,1903800
2005/5/27,600011.sh,2.44,2.48,2.41,2.48,6985058
2005/5/30,600011.sh,2.48,2.50,2.45,2.49,3904270
2005/5/31,600011.sh,2.49,2.51,2.43,2.44,2408488
2005/6/1,600011.sh,2.45,2.45,2.38,2.39,2126851
2005/6/2,600011.sh,2.37,2.38,2.30,2.33,1661779
2005/6/3,600011.sh,2.33,2.38,2.27,2.34,2212945
2005/6/6,600011.sh,2.34,2.44,2.32,2.43,2967350
2005/6/7,600011.sh,2.43,2.47,2.39,2.42,3191586
2005/6/8,600011.sh,2.42,2.60,2.42,2.59,8912040
2005/6/9,600011.sh,2.57,2.62,2.51,2.60,8165066
2005/6/10,600011.sh,2.61,2.62,2.51,2.52,3907987
2005/6/13,600011.sh,2.52,2.56,2.46,2.50,1537040
2005/6/14,600011.sh,2.51,2.61,2.51,2.57,6547276
2005/6/15,600011.sh,2.57,2.59,2.52,2.55,2249385
2005/6/16,600011.sh,2.55,2.62,2.55,2.62,4381525
2005/6/17,600011.sh,2.63,2.68,2.61,2.66,3119153
2005/6/20,600011.sh,2.66,2.78,2.62,2.75,6332453
2005/6/21,600011.sh,2.76,2.77,2.66,2.66,3158800
2005/6/22,600011.sh,2.74,2.74,2.63,2.66,1910454
2005/6/23,600011.sh,2.66,2.68,2.63,2.65,1876489
2005/6/24,600011.sh,2.66,2.75,2.64,2.74,3661111
2005/6/27,600011.sh,2.77,2.82,2.66,2.81,3812863
2005/6/28,600011.sh,2.79,2.79,2.71,2.75,2112526
2005/6/29,600011.sh,2.74,2.77,2.72,2.76,1483362
2005/6/30,600011.sh,2.74,2.74,2.58,2.60,4090713
2005/7/1,600011.sh,2.60,2.60,2.53,2.55,3239491
2005/7/4,600011.sh,2.53,2.60,2.52,2.55,4079508
2005/7/5,600011.sh,2.55,2.58,2.52,2.54,3728610
2005/7/6,600011.sh,2.55,2.55,2.47,2.52,6151088
2005/7/7,600011.sh,2.52,2.53,2.49,2.50,2395954
2005/7/8,600011.sh,2.50,2.51,2.47,2.49,1899007
2005/7/11,600011.sh,2.52,2.56,2.50,2.52,4417831
2005/7/12,600011.sh,2.51,2.63,2.49,2.60,11199180
2005/7/13,600011.sh,2.60,2.60,2.55,2.58,3694312
2005/7/14,600011.sh,2.56,2.56,2.40,2.44,19504037
2005/7/15,600011.sh,2.36,2.39,2.24,2.30,10123191
2005/7/18,600011.sh,2.30,2.33,2.28,2.30,3457642
2005/7/19,600011.sh,2.31,2.32,2.26,2.26,4468100
2005/7/20,600011.sh,2.28,2.31,2.25,2.27,6171175
2005/7/21,600011.sh,2.28,2.30,2.27,2.28,4932891
2005/7/22,600011.sh,2.30,2.44,2.29,2.39,16981826
2005/7/25,600011.sh,2.37,2.43,2.36,2.42,2978322
2005/7/26,600011.sh,2.42,2.54,2.42,2.50,16239668
2005/7/27,600011.sh,2.51,2.52,2.44,2.50,8267343
2005/7/28,600011.sh,2.50,2.50,2.50,2.50,INVALID
2005/7/29,600011.sh,2.49,2.49,2.42,2.44,6832721
2005/8/1,600011.sh,2.43,2.51,2.42,2.46,3121270
2005/8/2,600011.sh,2.46,2.53,2.45,2.51,4847018
2005/8/3,600011.sh,2.52,2.58,2.50,2.51,11398595
2005/8/4,600011.sh,2.51,2.55,2.48,2.55,4683672
2005/8/5,600011.sh,2.55,2.59,2.52,2.58,6209109
2005/8/8,600011.sh,2.58,2.61,2.54,2.55,7640988
2005/8/9,600011.sh,2.55,2.57,2.49,2.52,6959655
2005/8/10,600011.sh,2.52,2.76,2.52,2.75,19311423
2005/8/11,600011.sh,2.74,2.89,2.73,2.81,25035031
2005/8/12,600011.sh,2.82,2.93,2.80,2.85,11927142
2005/8/15,600011.sh,2.85,2.90,2.77,2.87,7602070
2005/8/16,600011.sh,2.87,2.88,2.74,2.82,8665724
2005/8/17,600011.sh,2.79,2.84,2.75,2.83,4907536
2005/8/18,600011.sh,2.81,2.82,2.66,2.68,10862623
2005/8/19,600011.sh,2.68,2.78,2.68,2.78,9278763
2005/8/22,600011.sh,2.79,2.80,2.74,2.79,4047136
2005/8/23,600011.sh,2.79,2.82,2.74,2.74,3254967
2005/8/24,600011.sh,2.78,2.91,2.78,2.82,14857100
2005/8/25,600011.sh,2.81,2.86,2.76,2.80,4808184
2005/8/26,600011.sh,2.81,2.91,2.80,2.87,9200890
2005/8/29,600011.sh,2.87,2.88,2.72,2.77,9801485
2005/8/30,600011.sh,2.77,2.78,2.69,2.69,6201174
2005/8/31,600011.sh,2.69,2.74,2.66,2.72,4279236
2005/9/1,600011.sh,2.72,2.83,2.71,2.81,5735535
2005/9/2,600011.sh,2.82,2.82,2.77,2.80,4591016
2005/9/5,600011.sh,2.79,2.85,2.79,2.83,2993451
2005/9/6,600011.sh,2.82,2.85,2.72,2.74,4190091
2005/9/7,600011.sh,2.73,2.80,2.73,2.77,3118014
2005/9/8,600011.sh,2.77,2.81,2.73,2.74,4198911
2005/9/9,600011.sh,2.75,2.80,2.74,2.77,4866964
2005/9/12,600011.sh,2.78,2.78,2.71,2.74,3767173
2005/9/13,600011.sh,2.74,2.76,2.69,2.74,7791758
2005/9/14,600011.sh,2.73,2.80,2.72,2.80,10110872
2005/9/15,600011.sh,2.80,2.82,2.77,2.79,4916889
2005/9/16,600011.sh,2.79,2.80,2.72,2.74,6101000
2005/9/19,600011.sh,2.76,2.77,2.69,2.70,11429740
2005/9/20,600011.sh,2.70,2.71,2.66,2.66,11533227
2005/9/21,600011.sh,2.66,2.67,2.60,2.61,9642819
2005/9/22,600011.sh,2.62,2.62,2.53,2.57,8973609
2005/9/23,600011.sh,2.57,2.57,2.53,2.56,7890993
2005/9/26,600011.sh,2.56,2.58,2.47,2.50,6523024
2005/9/27,600011.sh,2.51,2.52,2.46,2.48,5739931
2005/9/28,600011.sh,2.47,2.53,2.46,2.48,3813164
2005/9/29,600011.sh,2.53,2.56,2.50,2.55,9092691
2005/9/30,600011.sh,2.57,2.58,2.53,2.53,2911519
2005/10/10,600011.sh,2.53,2.54,2.47,2.52,4578401
2005/10/11,600011.sh,2.52,2.53,2.50,2.53,2999770
2005/10/12,600011.sh,2.52,2.53,2.41,2.42,11748827
2005/10/13,600011.sh,2.42,2.43,2.38,2.40,7708868
2005/10/14,600011.sh,2.41,2.44,2.39,2.42,5106506
2005/10/17,600011.sh,2.43,2.43,2.31,2.34,6559585
2005/10/18,600011.sh,2.35,2.37,2.31,2.36,4184110
2005/10/19,600011.sh,2.38,2.43,2.35,2.40,5353791
2005/10/20,600011.sh,2.39,2.39,2.32,2.34,5940247
2005/10/21,600011.sh,2.33,2.39,2.33,2.37,5283330
2005/10/24,600011.sh,2.37,2.38,2.34,2.34,2386817
2005/10/25,600011.sh,2.34,2.35,2.28,2.28,5515118
2005/10/26,600011.sh,2.28,2.29,2.26,2.26,2803799
2005/10/27,600011.sh,2.25,2.30,2.24,2.29,4427452
2005/10/28,600011.sh,2.28,2.28,2.20,2.24,3893876
2005/10/31,600011.sh,2.24,2.28,2.22,2.28,2933615
2005/11/1,600011.sh,2.27,2.32,2.26,2.29,3267399
2005/11/2,600011.sh,2.31,2.35,2.30,2.34,7009571
2005/11/3,600011.sh,2.34,2.36,2.30,2.32,3961947
2005/11/4,600011.sh,2.31,2.33,2.30,2.32,3917943
2005/11/7,600011.sh,2.31,2.33,2.29,2.30,2020722
2005/11/8,600011.sh,2.31,2.34,2.28,2.33,2171600
2005/11/9,600011.sh,2.32,2.33,2.31,2.33,2012083
2005/11/10,600011.sh,2.32,2.33,2.28,2.31,5215941
2005/11/11,600011.sh,2.30,2.33,2.27,2.33,4269095
2005/11/14,600011.sh,2.32,2.33,2.29,2.30,1044589
2005/11/15,600011.sh,2.30,2.33,2.29,2.30,2363471
2005/11/16,600011.sh,2.29,2.30,2.23,2.30,5133111
2005/11/17,600011.sh,2.30,2.30,2.30,2.30,INVALID
2005/11/18,600011.sh,2.26,2.38,2.26,2.37,11770846
2005/11/21,600011.sh,2.39,2.42,2.37,2.40,7228920
2005/11/22,600011.sh,2.39,2.40,2.34,2.35,1996565
2005/11/23,600011.sh,2.33,2.39,2.33,2.39,1445944
2005/11/24,600011.sh,2.38,2.41,2.36,2.39,1427070
2005/11/25,600011.sh,2.39,2.43,2.38,2.39,1165088
2005/11/28,600011.sh,2.39,2.43,2.36,2.38,1237200
2005/11/29,600011.sh,2.35,2.39,2.34,2.35,915600
2005/11/30,600011.sh,2.34,2.36,2.33,2.34,1061956
2005/12/1,600011.sh,2.33,2.34,2.30,2.33,1911490
2005/12/2,600011.sh,2.33,2.36,2.31,2.36,2147810
2005/12/5,600011.sh,2.36,2.36,2.33,2.34,2513699
2005/12/6,600011.sh,2.31,2.39,2.31,2.39,4090348
2005/12/7,600011.sh,2.39,2.43,2.38,2.43,5056920
2005/12/8,600011.sh,2.43,2.49,2.41,2.47,7037664
2005/12/9,600011.sh,2.47,2.48,2.44,2.47,2662702
2005/12/12,600011.sh,2.47,2.47,2.41,2.45,5835890
2005/12/13,600011.sh,2.44,2.46,2.42,2.45,3068111
2005/12/14,600011.sh,2.46,2.49,2.44,2.48,4348464
2005/12/15,600011.sh,2.47,2.50,2.44,2.48,7850620
2005/12/16,600011.sh,2.47,2.50,2.45,2.49,1788780
2005/12/19,600011.sh,2.47,2.50,2.45,2.49,2892294
2005/12/20,600011.sh,2.45,2.50,2.45,2.47,2755470
2005/12/21,600011.sh,2.45,2.54,2.45,2.45,4880100
2005/12/22,600011.sh,2.45,2.54,2.45,2.52,7066238
2005/12/23,600011.sh,2.50,2.57,2.50,2.54,3464105
2005/12/26,600011.sh,2.55,2.61,2.55,2.60,5130648
2005/12/27,600011.sh,2.60,2.61,2.53,2.55,2277664
2005/12/28,600011.sh,2.55,2.57,2.52,2.53,5076290
2005/12/29,600011.sh,2.53,2.58,2.51,2.58,4990499
2005/12/30,600011.sh,2.56,2.59,2.42,2.42,9368185
2006/1/4,600011.sh,2.47,2.56,2.47,2.52,11650830
2006/1/5,600011.sh,2.52,2.60,2.49,2.58,12383949
2006/1/6,600011.sh,2.58,2.66,2.55,2.65,11037918
2006/1/9,600011.sh,2.65,2.65,2.59,2.61,5045165
2006/1/10,600011.sh,2.62,2.63,2.52,2.56,8184905
2006/1/11,600011.sh,2.55,2.59,2.52,2.57,10247353
2006/1/12,600011.sh,2.56,2.60,2.55,2.58,4528321
2006/1/13,600011.sh,2.58,2.60,2.53,2.55,4848188
2006/1/16,600011.sh,2.55,2.56,2.52,2.53,2856300
2006/1/17,600011.sh,2.52,2.56,2.50,2.56,3829377
2006/1/18,600011.sh,2.56,2.56,2.56,2.56,INVALID
2006/1/19,600011.sh,2.59,2.60,2.53,2.55,3982767
2006/1/20,600011.sh,2.55,2.71,2.54,2.66,19415118
2006/1/23,600011.sh,2.66,2.66,2.61,2.61,5928394
2006/1/24,600011.sh,2.61,2.62,2.52,2.53,10398929
2006/1/25,600011.sh,2.54,2.57,2.50,2.52,8707492
2006/2/6,600011.sh,2.53,2.57,2.48,2.55,6648728
2006/2/7,600011.sh,2.55,2.56,2.48,2.55,10391433
2006/2/8,600011.sh,2.55,2.60,2.52,2.60,12673758
2006/2/9,600011.sh,2.61,2.62,2.53,2.54,6352306
2006/2/10,600011.sh,2.53,2.59,2.52,2.56,4107377
2006/2/13,600011.sh,2.56,2.56,2.51,2.53,2379150
2006/2/14,600011.sh,2.53,2.55,2.52,2.55,3312089
2006/2/15,600011.sh,2.55,2.55,2.47,2.49,11681863
2006/2/16,600011.sh,2.48,2.49,2.43,2.47,8882274
2006/2/17,600011.sh,2.47,2.47,2.39,2.43,8512707
2006/2/20,600011.sh,2.42,2.42,2.36,2.36,6367230
2006/2/21,600011.sh,2.36,2.43,2.36,2.43,3377084
2006/2/22,600011.sh,2.43,2.44,2.39,2.41,6566768
2006/2/23,600011.sh,2.41,2.45,2.40,2.44,3494429
2006/2/24,600011.sh,2.43,2.45,2.42,2.45,2630103
2006/2/27,600011.sh,2.45,2.47,2.43,2.45,3326297
2006/2/28,600011.sh,2.45,2.47,2.39,2.46,6894776
2006/3/1,600011.sh,2.46,2.58,2.46,2.57,19244841
2006/3/2,600011.sh,2.57,2.64,2.55,2.56,19404579
2006/3/3,600011.sh,2.56,2.71,2.56,2.66,44899240
2006/3/6,600011.sh,2.66,2.66,2.66,2.66,INVALID
2006/3/7,600011.sh,2.66,2.66,2.66,2.66,INVALID
2006/3/8,600011.sh,2.66,2.66,2.66,2.66,INVALID
2006/3/9,600011.sh,2.66,2.66,2.66,2.66,INVALID
2006/3/10,600011.sh,2.66,2.66,2.66,2.66,INVALID
2006/3/13,600011.sh,2.66,2.66,2.66,2.66,INVALID
2006/3/14,600011.sh,2.66,2.66,2.66,2.66,INVALID
2006/3/15,600011.sh,2.66,2.66,2.66,2.66,INVALID
2006/3/16,600011.sh,2.66,2.66,2.66,2.66,INVALID
2006/3/17,600011.sh,2.58,2.62,2.48,2.50,17366113
2006/3/20,600011.sh,2.50,2.54,2.48,2.54,14832547
2006/3/21,600011.sh,2.54,2.54,2.48,2.50,12533176
2006/3/22,600011.sh,2.49,2.51,2.47,2.50,8558095
2006/3/23,600011.sh,2.50,2.50,2.50,2.50,INVALID
2006/3/24,600011.sh,2.50,2.50,2.50,2.50,INVALID
2006/3/27,600011.sh,2.50,2.50,2.50,2.50,INVALID
2006/3/28,600011.sh,2.50,2.50,2.50,2.50,INVALID
2006/3/29,600011.sh,2.50,2.50,2.50,2.50,INVALID
2006/3/30,600011.sh,2.50,2.50,2.50,2.50,INVALID
2006/3/31,600011.sh,2.50,2.50,2.50,2.50,INVALID
2006/4/3,600011.sh,2.50,2.50,2.50,2.50,INVALID
2006/4/4,600011.sh,2.50,2.50,2.50,2.50,INVALID
2006/4/5,600011.sh,2.50,2.50,2.50,2.50,INVALID
2006/4/6,600011.sh,2.50,2.50,2.50,2.50,INVALID
2006/4/7,600011.sh,2.50,2.50,2.50,2.50,INVALID
2006/4/10,600011.sh,2.50,2.50,2.50,2.50,INVALID
2006/4/11,600011.sh,2.50,2.50,2.50,2.50,INVALID
2006/4/12,600011.sh,2.50,2.50,2.50,2.50,INVALID
2006/4/13,600011.sh,2.50,2.50,2.50,2.50,INVALID
2006/4/14,600011.sh,2.50,2.50,2.50,2.50,INVALID
2006/4/17,600011.sh,2.50,2.50,2.50,2.50,INVALID
2006/4/18,600011.sh,2.50,2.50,2.50,2.50,INVALID
2006/4/19,600011.sh,2.74,2.75,2.55,2.63,48621885
2006/4/20,600011.sh,2.62,2.62,2.55,2.57,18362295
2006/4/21,600011.sh,2.57,2.66,2.56,2.64,20875835
2006/4/24,600011.sh,2.65,2.68,2.56,2.57,19568371
2006/4/25,600011.sh,2.58,2.59,2.47,2.50,14250499
2006/4/26,600011.sh,2.51,2.64,2.51,2.59,24845918
2006/4/27,600011.sh,2.60,2.60,2.54,2.55,18224513
2006/4/28,600011.sh,2.52,2.57,2.50,2.57,20403945
2006/5/8,600011.sh,2.62,2.70,2.60,2.66,57991530
2006/5/9,600011.sh,2.68,2.80,2.68,2.78,58120997
2006/5/10,600011.sh,2.79,2.80,2.69,2.73,54456877
2006/5/11,600011.sh,2.73,2.77,2.70,2.70,39525304
2006/5/12,600011.sh,2.68,2.77,2.67,2.76,26939794
2006/5/15,600011.sh,2.76,2.99,2.75,2.96,65769882
2006/5/16,600011.sh,2.99,2.99,2.85,2.87,81908814
2006/5/17,600011.sh,2.88,2.93,2.83,2.88,37299771
2006/5/18,600011.sh,2.89,2.90,2.80,2.84,20653731
2006/5/19,600011.sh,2.85,2.89,2.82,2.88,26806138
2006/5/22,600011.sh,2.88,2.94,2.86,2.91,43257265
2006/5/23,600011.sh,2.89,2.89,2.73,2.74,33592439
2006/5/24,600011.sh,2.75,2.84,2.67,2.72,24560597
2006/5/25,600011.sh,2.69,2.83,2.67,2.82,23418254
2006/5/26,600011.sh,2.83,2.84,2.78,2.81,22098477
2006/5/29,600011.sh,2.83,2.85,2.77,2.84,19995152
2006/5/30,600011.sh,2.85,2.87,2.80,2.83,14730377
2006/5/31,600011.sh,2.83,2.84,2.76,2.78,16509109
2006/6/1,600011.sh,2.78,2.86,2.76,2.84,22450916
2006/6/2,600011.sh,2.84,2.85,2.79,2.81,18461600
2006/6/5,600011.sh,2.81,2.90,2.80,2.89,35681123
2006/6/6,600011.sh,2.88,2.89,2.84,2.85,18209834
2006/6/7,600011.sh,2.85,2.86,2.66,2.67,26595764
2006/6/8,600011.sh,2.66,2.70,2.63,2.67,13154750
2006/6/9,600011.sh,2.67,2.69,2.60,2.61,12768996
2006/6/12,600011.sh,2.60,2.63,2.59,2.62,7115986
2006/6/13,600011.sh,2.62,2.62,2.62,2.62,INVALID
2006/6/14,600011.sh,2.61,2.65,2.58,2.63,5143473
2006/6/15,600011.sh,2.64,2.65,2.62,2.63,4579300
2006/6/16,600011.sh,2.62,2.67,2.62,2.67,6379874
2006/6/19,600011.sh,2.66,2.74,2.64,2.71,8684434
2006/6/20,600011.sh,2.71,2.73,2.68,2.72,5479714
2006/6/21,600011.sh,2.72,2.73,2.69,2.72,6540764
2006/6/22,600011.sh,2.72,2.77,2.72,2.74,8685893
2006/6/23,600011.sh,2.74,2.74,2.71,2.72,6459247
2006/6/26,600011.sh,2.72,2.76,2.72,2.76,5733720
2006/6/27,600011.sh,2.76,2.80,2.74,2.79,8268084
2006/6/28,600011.sh,2.77,2.82,2.74,2.79,8623194
2006/6/29,600011.sh,2.79,2.90,2.79,2.88,21665687
2006/6/30,600011.sh,2.95,3.00,2.88,2.91,40670650
2006/7/3,600011.sh,2.92,2.97,2.90,2.91,27541021
2006/7/4,600011.sh,2.92,2.94,2.82,2.85,24910292
2006/7/5,600011.sh,2.84,2.85,2.79,2.83,21508310
2006/7/6,600011.sh,2.85,2.90,2.81,2.89,29675347
2006/7/7,600011.sh,2.88,2.88,2.84,2.85,11306027
2006/7/10,600011.sh,2.84,2.86,2.81,2.86,8152840
2006/7/11,600011.sh,2.85,2.85,2.82,2.85,8574338
2006/7/12,600011.sh,2.85,2.85,2.77,2.79,25215980
2006/7/13,600011.sh,2.77,2.79,2.65,2.66,23868654
2006/7/14,600011.sh,2.66,2.72,2.64,2.69,12782992
2006/7/17,600011.sh,2.68,2.71,2.66,2.69,6624231
2006/7/18,600011.sh,2.69,2.75,2.66,2.73,11726971
2006/7/19,600011.sh,2.73,2.73,2.66,2.67,6639500
2006/7/20,600011.sh,2.67,2.70,2.65,2.69,3897518
2006/7/21,600011.sh,2.69,2.70,2.67,2.68,4310821
2006/7/24,600011.sh,2.66,2.68,2.64,2.66,9159240
2006/7/25,600011.sh,2.66,2.69,2.65,2.69,7059914
2006/7/26,600011.sh,2.69,2.71,2.68,2.69,5477952
2006/7/27,600011.sh,2.69,2.71,2.66,2.69,4620517
2006/7/28,600011.sh,2.69,2.70,2.65,2.66,5478270
2006/7/31,600011.sh,2.67,2.68,2.61,2.62,7673182
2006/8/1,600011.sh,2.62,2.67,2.61,2.61,5028891
2006/8/2,600011.sh,2.61,2.62,2.53,2.55,8575579
2006/8/3,600011.sh,2.55,2.57,2.54,2.56,5179733
2006/8/4,600011.sh,2.57,2.58,2.53,2.53,5712512
2006/8/7,600011.sh,2.51,2.52,2.46,2.47,5557010
2006/8/8,600011.sh,2.48,2.52,2.47,2.51,5350054
2006/8/9,600011.sh,2.51,2.53,2.49,2.53,3389913
2006/8/10,600011.sh,2.53,2.55,2.53,2.55,4463547
2006/8/11,600011.sh,2.55,2.57,2.54,2.55,3186873
2006/8/14,600011.sh,2.56,2.57,2.50,2.51,5280340
2006/8/15,600011.sh,2.51,2.58,2.51,2.58,5103918
2006/8/16,600011.sh,2.58,2.63,2.55,2.62,10153702
2006/8/17,600011.sh,2.61,2.62,2.57,2.61,6527139
2006/8/18,600011.sh,2.61,2.63,2.60,2.60,3904234
2006/8/21,600011.sh,2.57,2.60,2.53,2.59,4623415
2006/8/22,600011.sh,2.59,2.60,2.57,2.59,2620217
2006/8/23,600011.sh,2.59,2.62,2.57,2.60,3230114
2006/8/24,600011.sh,2.60,2.63,2.59,2.61,3430454
2006/8/25,600011.sh,2.61,2.64,2.61,2.62,3306199
2006/8/28,600011.sh,2.62,2.65,2.62,2.64,4045997
2006/8/29,600011.sh,2.64,2.64,2.60,2.61,4323440
2006/8/30,600011.sh,2.60,2.61,2.58,2.59,3024780
2006/8/31,600011.sh,2.59,2.59,2.56,2.57,5162836
2006/9/1,600011.sh,2.58,2.58,2.53,2.54,4707158
2006/9/4,600011.sh,2.54,2.61,2.54,2.60,3739231
2006/9/5,600011.sh,2.60,2.62,2.59,2.61,3062757
2006/9/6,600011.sh,2.61,2.64,2.59,2.61,4490024
2006/9/7,600011.sh,2.61,2.62,2.55,2.57,4793779
2006/9/8,600011.sh,2.57,2.58,2.55,2.57,3704891
2006/9/11,600011.sh,2.56,2.58,2.54,2.55,3306512
2006/9/12,600011.sh,2.55,2.62,2.55,2.61,8583532
2006/9/13,600011.sh,2.61,2.69,2.59,2.65,21142245
2006/9/14,600011.sh,2.66,2.68,2.61,2.62,8348772
2006/9/15,600011.sh,2.63,2.77,2.62,2.76,41934888
2006/9/18,600011.sh,2.79,2.82,2.74,2.77,31425473
2006/9/19,600011.sh,2.77,2.81,2.74,2.77,16855630
2006/9/20,600011.sh,2.76,2.79,2.73,2.78,9590343
2006/9/21,600011.sh,2.80,2.80,2.76,2.77,8235301
2006/9/22,600011.sh,2.76,2.80,2.70,2.72,9020090
2006/9/25,600011.sh,2.70,2.74,2.69,2.73,5437753
2006/9/26,600011.sh,2.72,2.72,2.69,2.72,4055707
2006/9/27,600011.sh,2.70,2.77,2.69,2.77,5397155
2006/9/28,600011.sh,2.77,2.83,2.74,2.81,13841515
2006/9/29,600011.sh,2.81,2.88,2.80,2.87,27450230
2006/10/9,600011.sh,2.95,3.00,2.91,2.95,44782688
2006/10/10,600011.sh,2.95,2.98,2.92,2.94,11097008
2006/10/11,600011.sh,2.94,2.96,2.92,2.94,8987572
2006/10/12,600011.sh,2.94,3.08,2.94,2.99,29902595
2006/10/13,600011.sh,3.00,3.11,2.99,3.04,27680197
2006/10/16,600011.sh,3.06,3.10,2.98,2.99,14227792
2006/10/17,600011.sh,2.99,3.02,2.95,2.97,11334862
2006/10/18,600011.sh,2.97,3.00,2.93,2.97,12231890
2006/10/19,600011.sh,2.98,3.05,2.98,3.02,8783714
2006/10/20,600011.sh,3.02,3.02,2.97,2.99,5377752
2006/10/23,600011.sh,2.99,2.99,2.90,2.93,9303356
2006/10/24,600011.sh,2.93,3.06,2.92,3.05,17409595
2006/10/25,600011.sh,3.05,3.13,3.00,3.04,23862851
2006/10/26,600011.sh,3.04,3.07,2.99,3.03,10021356
2006/10/27,600011.sh,3.03,3.07,2.96,2.98,14075222
2006/10/30,600011.sh,2.98,3.00,2.90,2.99,10504703
2006/10/31,600011.sh,2.99,3.12,2.98,3.12,29048026
2006/11/1,600011.sh,3.13,3.24,3.07,3.20,30834451
2006/11/2,600011.sh,3.21,3.39,3.20,3.27,49234694
2006/11/3,600011.sh,3.29,3.39,3.23,3.25,25605919
2006/11/6,600011.sh,3.24,3.36,3.20,3.35,15856386
2006/11/7,600011.sh,3.36,3.42,3.23,3.33,18363645
2006/11/8,600011.sh,3.31,3.31,3.25,3.25,12092528
2006/11/9,600011.sh,3.24,3.29,3.20,3.26,8304121
2006/11/10,600011.sh,3.27,3.36,3.16,3.20,27309979
2006/11/13,600011.sh,3.18,3.22,3.03,3.09,12956202
2006/11/14,600011.sh,3.06,3.13,2.97,3.08,12082321
2006/11/15,600011.sh,3.06,3.14,2.99,3.13,14023153
2006/11/16,600011.sh,3.13,3.14,3.00,3.04,26014926
2006/11/17,600011.sh,3.04,3.17,3.03,3.15,29828801
2006/11/20,600011.sh,3.19,3.26,3.16,3.21,24915200
2006/11/21,600011.sh,3.21,3.22,3.13,3.20,19503604
2006/11/22,600011.sh,3.20,3.32,3.17,3.28,22302563
2006/11/23,600011.sh,3.29,3.34,3.24,3.32,26298737
2006/11/24,600011.sh,3.32,3.35,3.26,3.28,17173679
2006/11/27,600011.sh,3.24,3.31,3.20,3.28,16009708
2006/11/28,600011.sh,3.28,3.36,3.23,3.27,24455388
2006/11/29,600011.sh,3.24,3.27,3.19,3.22,19617213
2006/11/30,600011.sh,3.24,3.31,3.22,3.28,27897866
2006/12/1,600011.sh,3.31,3.46,3.28,3.41,47198959
2006/12/4,600011.sh,3.40,3.55,3.39,3.49,36199711
2006/12/5,600011.sh,3.49,3.49,3.49,3.49,INVALID
2006/12/6,600011.sh,3.61,3.63,3.38,3.52,48705928
2006/12/7,600011.sh,3.52,3.63,3.51,3.52,29732104
2006/12/8,600011.sh,3.47,3.51,3.33,3.35,25012076
2006/12/11,600011.sh,3.34,3.46,3.32,3.45,18752695
2006/12/12,600011.sh,3.52,3.58,3.44,3.50,20804956
2006/12/13,600011.sh,3.52,3.59,3.48,3.54,17069598
2006/12/14,600011.sh,3.54,3.70,3.52,3.65,22858228
2006/12/15,600011.sh,3.68,3.71,3.59,3.64,14143667
2006/12/18,600011.sh,3.63,3.66,3.58,3.64,11623776
2006/12/19,600011.sh,3.66,3.74,3.62,3.70,20547872
2006/12/20,600011.sh,3.71,3.79,3.62,3.67,28368415
2006/12/21,600011.sh,3.67,3.68,3.58,3.58,22603437
2006/12/22,600011.sh,3.55,3.59,3.52,3.58,11138368
2006/12/25,600011.sh,3.58,3.63,3.55,3.57,10247815
2006/12/26,600011.sh,3.57,3.60,3.43,3.47,12447280
2006/12/27,600011.sh,3.48,3.58,3.46,3.55,24095768
2006/12/28,600011.sh,3.55,3.73,3.54,3.61,26191533
2006/12/29,600011.sh,3.69,3.76,3.63,3.73,49073553
2007/1/4,600011.sh,3.79,3.98,3.75,3.85,47661956
2007/1/5,600011.sh,3.84,4.24,3.80,4.24,53017156
2007/1/8,600011.sh,4.35,4.58,4.28,4.35,51708719
2007/1/9,600011.sh,4.37,4.61,4.37,4.52,24515086
2007/1/10,600011.sh,4.50,4.59,4.33,4.53,41197335
2007/1/11,600011.sh,4.44,4.48,4.33,4.34,26956836
2007/1/12,600011.sh,4.30,4.33,4.11,4.22,25916996
2007/1/15,600011.sh,4.20,4.35,4.10,4.34,22362184
2007/1/16,600011.sh,4.36,4.37,4.21,4.30,21513942
2007/1/17,600011.sh,4.28,4.48,4.19,4.31,27193992
2007/1/18,600011.sh,4.31,4.36,4.10,4.24,20049769
2007/1/19,600011.sh,4.25,4.40,4.22,4.37,25883044
2007/1/22,600011.sh,4.37,4.49,4.36,4.45,60948283
2007/1/23,600011.sh,4.50,4.51,4.32,4.44,39555224
2007/1/24,600011.sh,4.47,4.72,4.41,4.66,52667633
2007/1/25,600011.sh,4.63,4.63,4.36,4.37,37519728
2007/1/26,600011.sh,4.22,4.46,4.10,4.33,32723859
2007/1/29,600011.sh,4.34,4.46,4.26,4.45,38598221
2007/1/30,600011.sh,4.46,4.54,4.37,4.40,34391147
2007/1/31,600011.sh,4.39,4.52,4.17,4.20,41840740
2007/2/1,600011.sh,4.16,4.25,4.06,4.14,29465756
2007/2/2,600011.sh,4.15,4.18,3.94,4.03,34111264
2007/2/5,600011.sh,4.02,4.05,3.89,3.95,22429670
2007/2/6,600011.sh,3.95,4.00,3.75,3.96,44198926
2007/2/7,600011.sh,3.98,4.07,3.96,4.06,42324104
2007/2/8,600011.sh,4.09,4.25,4.03,4.20,39528408
2007/2/9,600011.sh,4.22,4.30,4.08,4.22,35684497
2007/2/12,600011.sh,4.24,4.24,4.14,4.23,30377595
2007/2/13,600011.sh,4.24,4.41,4.24,4.36,31047962
2007/2/14,600011.sh,4.36,4.48,4.36,4.41,30751386
2007/2/15,600011.sh,4.45,4.65,4.42,4.61,44994590
2007/2/16,600011.sh,4.65,4.79,4.58,4.72,46160419
2007/2/26,600011.sh,4.78,5.09,4.70,5.00,65562892
2007/2/27,600011.sh,5.02,5.11,4.50,4.50,71092341
2007/2/28,600011.sh,4.44,4.90,4.40,4.83,58830634
2007/3/1,600011.sh,4.80,4.96,4.61,4.67,56375267
2007/3/2,600011.sh,4.71,4.85,4.61,4.77,33565884
2007/3/5,600011.sh,4.77,4.87,4.57,4.67,33711812
2007/3/6,600011.sh,4.64,4.69,4.58,4.66,16774363
2007/3/7,600011.sh,4.68,4.79,4.68,4.75,20256811
2007/3/8,600011.sh,4.75,4.94,4.69,4.88,31830626
2007/3/9,600011.sh,4.88,4.91,4.75,4.77,18227993
2007/3/12,600011.sh,4.77,4.78,4.60,4.73,21985732
2007/3/13,600011.sh,4.74,4.85,4.68,4.80,24901607
2007/3/14,600011.sh,4.77,4.77,4.62,4.68,21864225
2007/3/15,600011.sh,4.67,4.80,4.67,4.73,32991327
2007/3/16,600011.sh,4.79,4.95,4.71,4.81,64258956
2007/3/19,600011.sh,4.68,4.87,4.61,4.84,32854034
2007/3/20,600011.sh,4.84,4.84,4.84,4.84,INVALID
2007/3/21,600011.sh,4.94,5.01,4.84,4.91,32378212
2007/3/22,600011.sh,4.93,5.19,4.87,5.08,63938045
2007/3/23,600011.sh,5.10,5.19,5.03,5.17,43890009
2007/3/26,600011.sh,5.19,5.34,5.15,5.18,43456778
2007/3/27,600011.sh,5.20,5.28,5.10,5.22,40329840
2007/3/28,600011.sh,5.23,5.27,4.89,5.13,35781771
2007/3/29,600011.sh,5.18,5.22,5.06,5.07,33643572
2007/3/30,600011.sh,5.07,5.13,5.00,5.07,22962551
2007/4/2,600011.sh,5.08,5.23,5.08,5.21,23604883
2007/4/3,600011.sh,5.23,5.40,5.23,5.40,40101584
2007/4/4,600011.sh,5.49,5.58,5.40,5.43,61261026
2007/4/5,600011.sh,5.43,5.61,5.43,5.59,38245973
2007/4/6,600011.sh,5.58,5.66,5.50,5.58,31678185
2007/4/9,600011.sh,5.59,5.67,5.55,5.58,33818180
2007/4/10,600011.sh,5.61,5.65,5.43,5.60,33826100
2007/4/11,600011.sh,5.63,6.07,5.63,5.91,48736452
2007/4/12,600011.sh,5.92,6.07,5.91,5.98,36769675
2007/4/13,600011.sh,6.01,6.45,6.01,6.22,64056760
2007/4/16,600011.sh,6.22,6.47,6.22,6.38,33704052
2007/4/17,600011.sh,6.40,6.45,6.13,6.36,37792809
2007/4/18,600011.sh,6.34,6.65,6.24,6.60,40251770
2007/4/19,600011.sh,6.59,7.04,6.29,6.83,81711991
2007/4/20,600011.sh,6.86,7.22,6.86,7.08,43646938
2007/4/23,600011.sh,7.13,7.79,7.13,7.79,36564033
2007/4/24,600011.sh,7.84,8.45,7.84,8.12,46456824
2007/4/25,600011.sh,8.03,8.12,7.51,7.90,37191596
2007/4/26,600011.sh,7.86,8.19,7.84,7.91,21635421
2007/4/27,600011.sh,7.97,8.03,7.55,7.64,30938076
2007/4/30,600011.sh,7.51,7.63,7.37,7.58,31002380
2007/5/8,600011.sh,7.64,8.08,7.51,8.03,41573746
2007/5/9,600011.sh,7.97,7.97,7.46,7.75,38982819
2007/5/10,600011.sh,7.75,8.06,7.64,7.86,39457986
2007/5/11,600011.sh,7.80,7.80,7.51,7.62,33065505
2007/5/14,600011.sh,7.47,7.62,7.34,7.52,29669741
2007/5/15,600011.sh,7.52,7.69,7.34,7.36,28249365
2007/5/16,600011.sh,7.34,7.48,7.05,7.43,24413567
2007/5/17,600011.sh,7.48,7.69,7.47,7.64,25371261
2007/5/18,600011.sh,7.65,7.80,7.52,7.56,26729963
2007/5/21,600011.sh,7.23,7.51,7.17,7.51,33024469
2007/5/22,600011.sh,7.51,7.51,7.51,7.51,INVALID
2007/5/23,600011.sh,7.74,7.97,7.60,7.91,46646550
2007/5/24,600011.sh,7.96,8.12,7.69,7.80,36100276
2007/5/25,600011.sh,7.73,7.80,7.69,7.73,25047582
2007/5/28,600011.sh,7.74,8.07,7.74,7.94,47958286
2007/5/29,600011.sh,8.03,8.52,8.03,8.47,58418636
2007/5/30,600011.sh,8.01,8.84,7.69,8.01,64365172
2007/5/31,600011.sh,7.92,8.44,7.21,8.16,49038027
2007/6/1,600011.sh,8.25,8.43,7.73,7.80,49863281
2007/6/4,600011.sh,7.79,7.80,7.02,7.02,24969594
2007/6/5,600011.sh,6.31,7.08,6.31,7.04,47875488
2007/6/6,600011.sh,7.09,7.15,6.61,6.85,32340265
2007/6/7,600011.sh,7.00,7.15,6.85,7.09,29929380
2007/6/8,600011.sh,7.10,7.32,6.97,7.21,30536131
2007/6/11,600011.sh,7.21,7.26,7.08,7.21,27963348
2007/6/12,600011.sh,7.21,7.93,7.13,7.93,52643354
2007/6/13,600011.sh,8.20,8.26,7.94,7.96,53894619
2007/6/14,600011.sh,7.94,7.95,7.67,7.71,25083729
2007/6/15,600011.sh,7.60,7.78,7.51,7.61,20049580
2007/6/18,600011.sh,7.79,7.97,7.73,7.84,23073194
2007/6/19,600011.sh,7.84,7.91,7.61,7.78,21857196
2007/6/20,600011.sh,7.78,7.94,7.55,7.57,22442501
2007/6/21,600011.sh,7.52,7.85,7.51,7.82,27239987
2007/6/22,600011.sh,7.82,8.14,7.49,7.71,41993174
2007/6/25,600011.sh,7.73,7.82,6.94,6.96,26756845
2007/6/26,600011.sh,6.73,7.03,6.55,6.99,18493333
2007/6/27,600011.sh,7.03,7.16,6.89,7.08,15687969
2007/6/28,600011.sh,7.08,7.13,6.60,6.60,18610814
2007/6/29,600011.sh,6.37,6.63,6.30,6.33,16782797
2007/7/2,600011.sh,6.34,6.55,6.31,6.46,12037082
2007/7/3,600011.sh,6.50,6.59,6.43,6.50,8755028
2007/7/4,600011.sh,6.56,6.67,6.50,6.51,9793876
2007/7/5,600011.sh,6.47,6.47,5.99,6.03,12008436
2007/7/6,600011.sh,6.03,6.37,6.03,6.34,13488004
2007/7/9,600011.sh,6.46,6.48,6.26,6.42,14345898
2007/7/10,600011.sh,6.42,6.53,6.20,6.27,12553660
2007/7/11,600011.sh,6.28,6.33,6.13,6.20,8798602
2007/7/12,600011.sh,6.20,6.30,6.13,6.28,8445320
2007/7/13,600011.sh,6.26,6.36,6.20,6.31,6450255
2007/7/16,600011.sh,6.31,6.36,6.11,6.13,5920770
2007/7/17,600011.sh,6.11,6.23,6.08,6.16,4666255
2007/7/18,600011.sh,6.14,6.25,6.05,6.13,8292745
2007/7/19,600011.sh,6.14,6.20,6.05,6.08,6623138
2007/7/20,600011.sh,6.08,6.31,6.07,6.29,14840593
2007/7/23,600011.sh,6.31,6.73,6.30,6.70,20043019
2007/7/24,600011.sh,6.76,7.02,6.70,6.71,21348015
2007/7/25,600011.sh,6.73,7.38,6.73,7.38,31336456
2007/7/26,600011.sh,7.54,7.61,7.08,7.30,29392596
2007/7/27,600011.sh,7.26,7.36,7.09,7.24,13538932
2007/7/30,600011.sh,7.27,7.47,7.23,7.34,21139381
2007/7/31,600011.sh,7.29,7.47,7.19,7.46,18378617
2007/8/1,600011.sh,7.48,7.55,6.93,6.97,20536085
2007/8/2,600011.sh,6.97,7.18,6.96,7.09,16414800
2007/8/3,600011.sh,7.17,7.26,7.02,7.09,27236504
2007/8/6,600011.sh,7.14,7.37,7.01,7.26,23840559
2007/8/7,600011.sh,7.32,7.35,7.09,7.12,20751267
2007/8/8,600011.sh,7.13,7.23,6.90,7.05,17148080
2007/8/9,600011.sh,7.02,7.25,6.99,7.22,20223042
2007/8/10,600011.sh,7.31,7.78,7.31,7.67,56651043
2007/8/13,600011.sh,7.88,8.33,7.88,8.10,64430590
2007/8/14,600011.sh,8.20,8.29,7.80,7.96,30802651
2007/8/15,600011.sh,8.04,8.27,7.67,7.99,32014911
2007/8/16,600011.sh,7.95,7.95,7.58,7.77,35092011
2007/8/17,600011.sh,7.73,8.11,7.61,7.88,32049185
2007/8/20,600011.sh,8.08,8.28,7.91,8.14,30625578
2007/8/21,600011.sh,8.06,8.21,8.06,8.08,23366129
2007/8/22,600011.sh,7.94,8.17,7.90,8.00,16904894
2007/8/23,600011.sh,8.01,8.14,7.87,8.05,17282658
2007/8/24,600011.sh,8.13,8.56,8.13,8.48,43175700
2007/8/27,600011.sh,8.56,8.76,8.40,8.43,36245121
2007/8/28,600011.sh,8.37,8.37,8.14,8.22,21129430
2007/8/29,600011.sh,8.26,8.61,8.14,8.23,27841259
2007/8/30,600011.sh,8.23,8.52,8.23,8.41,18772538
2007/8/31,600011.sh,8.44,8.67,8.39,8.43,16029026
2007/9/3,600011.sh,8.45,8.86,8.34,8.82,34452301
2007/9/4,600011.sh,8.85,9.29,8.85,9.16,40403283
2007/9/5,600011.sh,9.15,9.25,8.85,9.02,18277257
2007/9/6,600011.sh,9.02,9.17,8.92,9.03,15390883
2007/9/7,600011.sh,8.97,9.03,8.67,8.69,16937642
2007/9/10,600011.sh,8.62,9.21,8.53,9.15,21489490
2007/9/11,600011.sh,9.18,9.42,8.63,8.89,26630654
2007/9/12,600011.sh,8.85,9.74,8.73,9.67,37533294
2007/9/13,600011.sh,9.71,9.94,9.33,9.67,32290894
2007/9/14,600011.sh,9.66,9.88,9.39,9.74,20661401
2007/9/17,600011.sh,9.91,10.39,9.91,10.33,35994942
2007/9/18,600011.sh,10.43,11.36,10.21,10.91,38196088
2007/9/19,600011.sh,10.89,11.13,10.39,10.49,22877216
2007/9/20,600011.sh,10.47,10.80,10.28,10.72,20991570
2007/9/21,600011.sh,10.74,10.83,10.10,10.32,13386465
2007/9/24,600011.sh,10.62,11.20,10.36,11.05,21841923
2007/9/25,600011.sh,11.05,11.31,10.80,10.96,19745699
2007/9/26,600011.sh,10.86,11.14,10.20,10.21,11075275
2007/9/27,600011.sh,10.29,10.39,9.85,10.12,9917625
2007/9/28,600011.sh,10.22,10.44,10.09,10.28,13193769
2007/10/8,600011.sh,10.49,10.68,9.96,10.02,13369380
2007/10/9,600011.sh,10.02,10.02,10.02,10.02,INVALID
2007/10/10,600011.sh,10.12,10.21,9.80,9.92,17911791
2007/10/11,600011.sh,9.88,9.90,9.44,9.64,27410421
2007/10/12,600011.sh,9.74,9.78,8.94,9.31,31136900
2007/10/15,600011.sh,9.34,10.24,9.32,10.21,33770565
2007/10/16,600011.sh,10.27,10.50,9.83,10.00,27491886
2007/10/17,600011.sh,10.00,10.39,9.78,10.17,19497465
2007/10/18,600011.sh,10.04,10.17,9.50,9.52,13367236
2007/10/19,600011.sh,9.42,9.71,9.37,9.45,11381544
2007/10/22,600011.sh,9.34,9.34,8.82,8.89,10647249
2007/10/23,600011.sh,8.86,9.14,8.70,9.11,9952389
2007/10/24,600011.sh,9.11,9.12,8.95,9.08,9191719
2007/10/25,600011.sh,9.00,9.02,8.23,8.26,13154769
2007/10/26,600011.sh,8.06,8.41,8.06,8.23,10177790
2007/10/29,600011.sh,8.27,8.55,8.19,8.54,7289156
2007/10/30,600011.sh,8.56,8.76,8.26,8.68,12271395
2007/10/31,600011.sh,8.70,8.88,8.54,8.73,11153197
2007/11/1,600011.sh,8.73,8.73,8.14,8.27,16013412
2007/11/2,600011.sh,8.23,8.26,7.76,7.94,19337770
2007/11/5,600011.sh,7.90,8.44,7.77,8.42,15479751
2007/11/6,600011.sh,8.32,8.42,8.06,8.18,10346936
2007/11/7,600011.sh,8.19,8.31,7.97,8.08,7929751
2007/11/8,600011.sh,8.13,8.33,8.06,8.26,22977130
2007/11/9,600011.sh,8.26,8.41,8.07,8.28,18355828
2007/11/12,600011.sh,8.17,8.58,8.10,8.18,23213132
2007/11/13,600011.sh,8.29,8.55,8.14,8.34,14782625
2007/11/14,600011.sh,8.56,8.64,8.26,8.61,18076626
2007/11/15,600011.sh,8.56,8.57,8.26,8.32,15174600
2007/11/16,600011.sh,8.19,8.33,8.03,8.18,9345892
2007/11/19,600011.sh,8.17,8.37,8.14,8.33,5106845
2007/11/20,600011.sh,8.33,8.56,8.21,8.52,9662195
2007/11/21,600011.sh,8.61,8.61,8.21,8.26,9947856
2007/11/22,600011.sh,8.14,8.34,8.06,8.10,7669819
2007/11/23,600011.sh,7.97,8.26,7.97,8.24,3852039
2007/11/26,600011.sh,8.35,8.39,8.13,8.16,4639649
2007/11/27,600011.sh,8.08,8.23,8.00,8.01,4162128
2007/11/28,600011.sh,8.03,8.17,7.50,7.55,10949603
2007/11/29,600011.sh,7.60,7.79,7.35,7.72,11725470
2007/11/30,600011.sh,7.74,7.75,7.38,7.43,8127547
2007/12/3,600011.sh,7.44,7.44,7.23,7.42,7031662
2007/12/4,600011.sh,7.42,7.60,7.41,7.49,5277142
2007/12/5,600011.sh,7.52,7.78,7.48,7.77,6219711
2007/12/6,600011.sh,7.80,7.94,7.67,7.75,7063433
2007/12/7,600011.sh,7.79,8.14,7.79,8.06,8727586
2007/12/10,600011.sh,7.97,8.29,7.88,8.28,9553653
2007/12/11,600011.sh,8.31,8.54,8.20,8.44,12331170
2007/12/12,600011.sh,8.44,8.58,8.29,8.43,9349408
2007/12/13,600011.sh,8.32,8.57,8.15,8.18,8405260
2007/12/14,600011.sh,8.06,8.30,7.98,8.30,5566862
2007/12/17,600011.sh,8.35,8.41,8.14,8.19,4630140
2007/12/18,600011.sh,8.16,8.26,8.03,8.04,3158503
2007/12/19,600011.sh,8.13,8.31,8.03,8.26,7603070
2007/12/20,600011.sh,8.29,8.50,8.21,8.41,9728873
2007/12/21,600011.sh,8.49,8.66,8.44,8.54,7892587
2007/12/24,600011.sh,8.56,8.91,8.47,8.83,14203817
2007/12/25,600011.sh,8.86,8.88,8.67,8.76,6716093
2007/12/26,600011.sh,8.76,8.96,8.76,8.89,9131871
2007/12/27,600011.sh,8.90,9.05,8.83,8.97,11846574
2007/12/28,600011.sh,8.96,8.96,8.62,8.75,12615245
2008/1/2,600011.sh,8.76,8.97,8.56,8.88,10235339
2008/1/3,600011.sh,8.89,9.26,8.76,9.21,17322519
2008/1/4,600011.sh,9.35,9.51,9.29,9.30,21084246
2008/1/7,600011.sh,9.30,9.38,9.15,9.32,12926022
2008/1/8,600011.sh,9.32,9.38,8.85,8.95,19223509
2008/1/9,600011.sh,8.98,9.10,8.74,9.08,13196948
2008/1/10,600011.sh,8.97,8.97,8.70,8.81,40792844
2008/1/11,600011.sh,8.82,8.86,8.50,8.69,24656662
2008/1/14,600011.sh,8.69,8.84,8.56,8.75,26188320
2008/1/15,600011.sh,8.76,8.88,8.60,8.86,26114835
2008/1/16,600011.sh,8.82,8.82,8.54,8.55,15251365
2008/1/17,600011.sh,8.50,8.62,8.14,8.29,15131078
2008/1/18,600011.sh,8.26,8.38,8.15,8.32,9187101
2008/1/21,600011.sh,8.35,8.39,7.67,7.70,13789084
2008/1/22,600011.sh,7.61,7.62,7.14,7.16,18710401
2008/1/23,600011.sh,7.11,7.49,7.11,7.47,9133514
2008/1/24,600011.sh,7.55,7.61,7.44,7.54,9566679
2008/1/25,600011.sh,7.54,7.64,7.43,7.52,10784491
2008/1/28,600011.sh,7.52,7.52,6.85,6.86,8994473
2008/1/29,600011.sh,6.86,7.07,6.73,6.87,5820332
2008/1/30,600011.sh,7.02,7.13,6.86,6.95,5980294
2008/1/31,600011.sh,6.96,7.16,6.79,6.92,6490406
2008/2/1,600011.sh,7.00,7.04,6.57,6.72,6345890
2008/2/4,600011.sh,6.88,7.38,6.85,7.37,7689513
2008/2/5,600011.sh,7.37,7.53,7.14,7.42,6636676
2008/2/13,600011.sh,7.37,7.72,7.23,7.55,9089074
2008/2/14,600011.sh,7.55,7.82,7.49,7.56,12256613
2008/2/15,600011.sh,7.54,7.60,7.29,7.36,6107065
2008/2/18,600011.sh,7.41,7.49,7.35,7.38,11048426
2008/2/19,600011.sh,7.38,7.56,7.36,7.54,8739937
2008/2/20,600011.sh,7.54,7.65,7.29,7.34,7930312
2008/2/21,600011.sh,7.31,7.36,7.08,7.23,7147637
2008/2/22,600011.sh,7.10,7.29,6.99,7.06,7226714
2008/2/25,600011.sh,7.05,7.13,6.76,6.76,5881365
2008/2/26,600011.sh,6.95,7.02,6.76,6.95,3996288
2008/2/27,600011.sh,7.02,7.18,6.96,7.15,4418785
2008/2/28,600011.sh,7.20,7.21,7.03,7.05,4876429
2008/2/29,600011.sh,7.05,7.15,7.00,7.11,3057762
2008/3/3,600011.sh,7.12,7.28,7.02,7.26,5855926
2008/3/4,600011.sh,7.26,7.26,7.26,7.26,INVALID
2008/3/5,600011.sh,7.09,7.18,6.90,7.01,6306234
2008/3/6,600011.sh,7.01,7.18,6.91,7.03,6403994
2008/3/7,600011.sh,6.99,6.99,6.76,6.83,14362331
2008/3/10,600011.sh,6.79,6.88,6.50,6.56,8724599
2008/3/11,600011.sh,6.49,6.49,6.27,6.44,7938606
2008/3/12,600011.sh,6.54,6.61,6.30,6.31,4320822
2008/3/13,600011.sh,6.31,6.41,5.84,5.97,7156428
2008/3/14,600011.sh,5.91,6.01,5.79,5.84,6723874
2008/3/17,600011.sh,5.86,5.99,5.78,5.81,7701826
2008/3/18,600011.sh,5.67,5.77,5.25,5.35,9521495
2008/3/19,600011.sh,5.43,5.58,5.31,5.48,9402197
2008/3/20,600011.sh,5.45,5.79,5.10,5.68,11358680
2008/3/21,600011.sh,5.65,5.75,5.55,5.71,6829492
2008/3/24,600011.sh,5.77,5.88,5.56,5.58,7534799
2008/3/25,600011.sh,5.54,5.94,5.43,5.83,6609424
2008/3/26,600011.sh,5.90,6.33,5.84,5.88,6494304
2008/3/27,600011.sh,5.87,5.87,5.54,5.55,7902054
2008/3/28,600011.sh,5.54,5.69,5.43,5.67,8652466
2008/3/31,600011.sh,5.58,5.61,5.31,5.35,5821153
2008/4/1,600011.sh,5.32,5.41,4.96,4.97,6705775
2008/4/2,600011.sh,5.08,5.19,4.84,4.99,7776463
2008/4/3,600011.sh,4.99,5.24,4.93,5.21,6375377
2008/4/7,600011.sh,5.18,5.49,5.10,5.48,7058554
2008/4/8,600011.sh,5.43,5.70,5.43,5.56,11657277
2008/4/9,600011.sh,5.49,5.55,5.24,5.26,6022548
2008/4/10,600011.sh,5.19,5.37,5.14,5.31,3857246
2008/4/11,600011.sh,5.31,5.36,5.27,5.31,3637089
2008/4/14,600011.sh,5.22,5.22,4.92,4.93,6822518
2008/4/15,600011.sh,4.93,5.05,4.84,5.02,3915297
2008/4/16,600011.sh,5.09,5.09,4.71,4.74,7663166
2008/4/17,600011.sh,4.61,4.61,4.27,4.27,17023169
2008/4/18,600011.sh,4.17,4.17,3.95,4.00,9133405
2008/4/21,600011.sh,4.25,4.34,4.06,4.10,8886752
2008/4/22,600011.sh,4.10,4.34,3.98,4.31,8656822
2008/4/23,600011.sh,4.21,4.43,4.15,4.41,13483277
2008/4/24,600011.sh,4.75,4.86,4.66,4.86,24029437
2008/4/25,600011.sh,4.78,4.99,4.72,4.89,14889745
2008/4/28,600011.sh,4.83,5.02,4.74,4.92,10324104
2008/4/29,600011.sh,4.93,5.36,4.93,5.31,19260419
2008/4/30,600011.sh,5.33,5.71,5.31,5.70,22589268
2008/5/5,600011.sh,5.90,6.02,5.72,5.80,15848143
2008/5/6,600011.sh,5.77,5.77,5.58,5.62,10792336
2008/5/7,600011.sh,5.61,5.72,5.30,5.31,13731209
2008/5/8,600011.sh,5.24,5.36,5.07,5.36,12960072
2008/5/9,600011.sh,5.37,5.40,5.16,5.26,7766918
2008/5/12,600011.sh,5.19,5.55,5.12,5.43,8058751
2008/5/13,600011.sh,5.43,5.43,5.43,5.43,INVALID
2008/5/14,600011.sh,5.36,5.49,5.27,5.42,9578827
2008/5/15,600011.sh,5.40,5.81,5.40,5.59,15987638
2008/5/16,600011.sh,5.61,5.64,5.33,5.38,7478955
2008/5/19,600011.sh,5.38,5.51,5.31,5.39,3716851
2008/5/20,600011.sh,5.39,5.52,5.13,5.16,6439327
2008/5/21,600011.sh,5.13,5.56,5.05,5.49,13589076
2008/5/22,600011.sh,5.48,5.75,5.37,5.68,14250301
2008/5/23,600011.sh,5.67,5.90,5.57,5.83,16226944
2008/5/26,600011.sh,5.84,6.00,5.65,5.90,14666590
2008/5/27,600011.sh,5.90,5.91,5.67,5.69,16086063
2008/5/28,600011.sh,5.67,5.79,5.49,5.69,9423693
2008/5/29,600011.sh,5.71,5.89,5.61,5.68,8403347
2008/5/30,600011.sh,5.62,6.25,5.62,6.16,21001280
2008/6/2,600011.sh,6.18,6.59,6.02,6.41,26337874
2008/6/3,600011.sh,6.41,6.41,6.14,6.30,11908091
2008/6/4,600011.sh,6.20,6.45,6.00,6.01,12067690
2008/6/5,600011.sh,5.90,6.17,5.84,5.91,10750334
2008/6/6,600011.sh,5.93,6.08,5.59,5.62,8987513
2008/6/10,600011.sh,5.32,5.58,5.19,5.31,9943652
2008/6/11,600011.sh,5.27,5.46,5.22,5.36,5824594
2008/6/12,600011.sh,5.36,5.40,4.84,5.02,10119663
2008/6/13,600011.sh,5.10,5.10,4.68,4.91,6212853
2008/6/16,600011.sh,4.88,4.95,4.71,4.78,4441369
2008/6/17,600011.sh,4.80,4.90,4.65,4.71,5565765
2008/6/18,600011.sh,4.70,5.17,4.59,5.13,7219633
2008/6/19,600011.sh,5.13,5.26,4.80,4.89,6369580
2008/6/20,600011.sh,5.38,5.38,5.09,5.38,28160350
2008/6/23,600011.sh,5.33,5.50,5.16,5.17,10934118
2008/6/24,600011.sh,5.17,5.17,5.17,5.17,INVALID
2008/6/25,600011.sh,5.17,5.48,5.06,5.38,13126216
2008/6/26,600011.sh,5.28,5.40,5.05,5.16,11457383
2008/6/27,600011.sh,5.10,5.10,4.64,4.64,11296849
2008/6/30,600011.sh,4.54,4.62,4.18,4.30,16386371
2008/7/1,600011.sh,4.31,4.31,4.01,4.08,15994411
2008/7/2,600011.sh,4.05,4.17,4.01,4.07,10313197
2008/7/3,600011.sh,4.04,4.31,3.98,4.18,10569777
2008/7/4,600011.sh,4.17,4.18,4.07,4.15,5495385
2008/7/7,600011.sh,4.18,4.40,4.18,4.33,13196183
2008/7/8,600011.sh,4.37,4.46,4.25,4.41,19043616
2008/7/9,600011.sh,4.40,4.58,4.28,4.56,22078065
2008/7/10,600011.sh,4.51,4.56,4.43,4.44,17105261
2008/7/11,600011.sh,4.43,4.52,4.33,4.39,7802770
2008/7/14,600011.sh,4.34,4.43,4.33,4.40,4997293
2008/7/15,600011.sh,4.43,4.43,4.20,4.25,8353722
2008/7/16,600011.sh,4.20,4.21,4.01,4.11,9692334
2008/7/17,600011.sh,4.16,4.17,3.79,3.84,10607395
2008/7/18,600011.sh,3.86,3.98,3.76,3.98,14708241
2008/7/21,600011.sh,3.95,4.18,3.85,4.15,8140507
2008/7/22,600011.sh,4.13,4.20,4.09,4.20,8936961
2008/7/23,600011.sh,4.20,4.31,4.20,4.29,8395012
2008/7/24,600011.sh,4.30,4.42,4.25,4.39,7512327
2008/7/25,600011.sh,4.35,4.42,4.29,4.37,6220317
2008/7/28,600011.sh,4.38,4.56,4.34,4.48,7729768
2008/7/29,600011.sh,4.40,4.47,4.35,4.42,5187996
2008/7/30,600011.sh,4.43,4.52,4.37,4.43,4453903
2008/7/31,600011.sh,4.43,4.45,4.23,4.26,3331996
2008/8/1,600011.sh,4.20,4.33,4.09,4.24,3625961
2008/8/4,600011.sh,4.23,4.42,4.12,4.34,3905938
2008/8/5,600011.sh,4.42,4.51,4.31,4.44,6816152
2008/8/6,600011.sh,4.46,4.60,4.43,4.58,7169065
2008/8/7,600011.sh,4.58,4.60,4.48,4.58,5875322
2008/8/8,600011.sh,4.57,4.59,4.25,4.43,5308931
2008/8/11,600011.sh,4.34,4.46,4.24,4.31,7300379
2008/8/12,600011.sh,4.28,4.59,4.22,4.58,7660598
2008/8/13,600011.sh,4.58,4.79,4.51,4.64,13642236
2008/8/14,600011.sh,4.59,4.68,4.40,4.53,7635466
2008/8/15,600011.sh,4.50,4.70,4.35,4.65,6090890
2008/8/18,600011.sh,4.69,4.78,4.53,4.59,8220953
2008/8/19,600011.sh,4.53,4.72,4.45,4.55,11578652
2008/8/20,600011.sh,4.59,4.82,4.10,4.59,57046549
2008/8/21,600011.sh,4.40,4.43,4.13,4.13,25860922
2008/8/22,600011.sh,3.85,4.03,3.80,3.82,13676516
2008/8/25,600011.sh,3.80,3.80,3.69,3.74,6991168
2008/8/26,600011.sh,3.75,3.78,3.55,3.61,7415822
2008/8/27,600011.sh,3.61,3.61,3.61,3.61,INVALID
2008/8/28,600011.sh,3.46,3.69,3.46,3.66,7279618
2008/8/29,600011.sh,3.67,3.72,3.60,3.71,6111805
2008/9/1,600011.sh,3.72,3.72,3.50,3.52,3023355
2008/9/2,600011.sh,3.49,3.60,3.41,3.58,4070031
2008/9/3,600011.sh,3.57,3.91,3.52,3.76,13711539
2008/9/4,600011.sh,3.77,3.99,3.73,3.93,8487371
2008/9/5,600011.sh,3.79,4.04,3.74,3.91,6092005
2008/9/8,600011.sh,3.89,3.95,3.68,3.78,3228147
2008/9/9,600011.sh,3.76,3.92,3.76,3.87,2215407
2008/9/10,600011.sh,3.80,4.02,3.80,3.99,4133897
2008/9/11,600011.sh,3.98,4.10,3.93,3.96,7679271
2008/9/12,600011.sh,3.99,4.16,3.98,4.00,4593805
2008/9/16,600011.sh,4.00,4.22,3.87,4.17,7001430
2008/9/17,600011.sh,4.17,4.26,4.10,4.15,8336682
2008/9/18,600011.sh,4.09,4.09,3.74,3.88,5837953
2008/9/19,600011.sh,4.19,4.26,4.19,4.26,5920200
2008/9/22,600011.sh,4.69,4.69,4.21,4.25,21125075
2008/9/23,600011.sh,4.19,4.19,4.01,4.06,8493253
2008/9/24,600011.sh,3.98,4.05,3.82,3.99,6686485
2008/9/25,600011.sh,3.99,4.39,3.97,4.35,16763005
2008/9/26,600011.sh,4.37,4.72,4.31,4.59,30839462
2008/10/6,600011.sh,4.62,4.65,4.29,4.32,8866797
2008/10/7,600011.sh,4.21,4.55,4.13,4.45,10263038
2008/10/8,600011.sh,4.40,4.68,4.33,4.48,8322607
2008/10/9,600011.sh,4.53,4.58,4.22,4.26,3857775
2008/10/10,600011.sh,4.14,4.25,3.84,4.09,7626102
2008/10/13,600011.sh,3.99,4.30,3.99,4.29,4864349
2008/10/14,600011.sh,4.46,4.51,4.30,4.33,5039819
2008/10/15,600011.sh,4.33,4.33,4.18,4.19,2814632
2008/10/16,600011.sh,4.10,4.20,4.04,4.06,2972446
2008/10/17,600011.sh,3.99,4.22,3.99,4.20,6066191
2008/10/20,600011.sh,4.21,4.26,4.15,4.26,3265357
2008/10/21,600011.sh,4.25,4.28,4.09,4.13,3031877
2008/10/22,600011.sh,4.07,4.07,3.72,3.72,16621771
2008/10/23,600011.sh,3.54,3.55,3.35,3.54,22446201
2008/10/24,600011.sh,3.43,3.56,3.43,3.53,4749069
2008/10/27,600011.sh,3.43,3.64,3.36,3.49,4715784
2008/10/28,600011.sh,3.48,3.63,3.43,3.55,7999423
2008/10/29,600011.sh,3.58,3.72,3.46,3.47,3608147
2008/10/30,600011.sh,3.50,3.72,3.43,3.64,10446057
2008/10/31,600011.sh,3.64,3.79,3.59,3.66,6812056
2008/11/3,600011.sh,3.64,3.70,3.61,3.67,2289189
2008/11/4,600011.sh,3.68,3.74,3.58,3.64,3664374
2008/11/5,600011.sh,3.61,3.88,3.61,3.87,6103809
2008/11/6,600011.sh,3.76,3.87,3.74,3.87,4375182
2008/11/7,600011.sh,3.84,4.04,3.77,4.00,9586131
2008/11/10,600011.sh,4.02,4.28,4.01,4.14,6510428
2008/11/11,600011.sh,4.16,4.29,4.04,4.16,7491498
2008/11/12,600011.sh,4.09,4.25,3.95,4.04,7877000
2008/11/13,600011.sh,4.04,4.34,3.94,4.33,13566229
2008/11/14,600011.sh,4.29,4.40,4.17,4.32,11879828
2008/11/17,600011.sh,4.31,4.43,4.23,4.43,11304909
2008/11/18,600011.sh,4.43,4.49,4.13,4.17,12322443
2008/11/19,600011.sh,4.15,4.33,4.10,4.32,6208992
2008/11/20,600011.sh,4.26,4.47,4.10,4.25,9919915
2008/11/21,600011.sh,4.16,4.48,4.07,4.43,17270534
2008/11/24,600011.sh,4.48,4.48,4.30,4.31,3622210
2008/11/25,600011.sh,4.34,4.47,4.34,4.39,4065617
2008/11/26,600011.sh,4.40,4.65,4.35,4.53,6403524
2008/11/27,600011.sh,4.81,4.99,4.50,4.70,14321235
2008/11/28,600011.sh,4.67,4.85,4.59,4.68,5645891
2008/12/1,600011.sh,4.70,4.70,4.43,4.62,6479898
2008/12/2,600011.sh,4.58,4.79,4.45,4.58,7440734
2008/12/3,600011.sh,4.64,4.70,4.43,4.62,18163845
2008/12/4,600011.sh,4.61,4.76,4.56,4.57,19493752
2008/12/5,600011.sh,4.56,4.63,4.28,4.53,19933313
2008/12/8,600011.sh,4.50,4.61,4.36,4.61,36062152
2008/12/9,600011.sh,4.57,4.58,4.46,4.47,24246495
2008/12/10,600011.sh,4.40,4.54,4.40,4.49,9855228
2008/12/11,600011.sh,4.48,4.57,4.46,4.49,13964403
2008/12/12,600011.sh,4.47,4.61,4.45,4.56,20429984
2008/12/15,600011.sh,4.62,4.72,4.58,4.64,17386293
2008/12/16,600011.sh,4.65,4.65,4.37,4.46,10793677
2008/12/17,600011.sh,4.47,4.51,4.38,4.42,9262794
2008/12/18,600011.sh,4.42,4.46,4.37,4.40,8297422
2008/12/19,600011.sh,4.42,4.56,4.36,4.51,15506268
2008/12/22,600011.sh,4.48,4.53,4.40,4.42,7732922
2008/12/23,600011.sh,4.42,4.42,4.42,4.42,INVALID
2008/12/24,600011.sh,4.16,4.29,4.02,4.12,7485182
2008/12/25,600011.sh,4.12,4.16,3.85,4.07,10317935
2008/12/26,600011.sh,4.06,4.16,3.98,4.12,5237124
2008/12/29,600011.sh,4.13,4.31,4.13,4.28,9589268
2008/12/30,600011.sh,4.29,4.38,4.13,4.17,4609738
2008/12/31,600011.sh,4.18,4.29,4.18,4.23,3905637
2009/1/5,600011.sh,4.25,4.38,4.25,4.35,5356410
2009/1/6,600011.sh,4.35,4.44,4.31,4.40,7190260
2009/1/7,600011.sh,4.44,4.53,4.38,4.39,8528973
2009/1/8,600011.sh,4.39,4.39,4.25,4.36,5874626
2009/1/9,600011.sh,4.40,4.62,4.40,4.46,12718107
2009/1/12,600011.sh,4.48,4.57,4.42,4.46,4445061
2009/1/13,600011.sh,4.43,4.45,4.35,4.36,2454971
2009/1/14,600011.sh,4.32,4.45,4.32,4.41,3023355
2009/1/15,600011.sh,4.43,4.44,4.25,4.32,8006403
2009/1/16,600011.sh,4.32,4.40,4.32,4.37,7588467
2009/1/19,600011.sh,4.42,4.59,4.24,4.31,18142067
2009/1/20,600011.sh,4.34,4.39,4.18,4.29,10699192
2009/1/21,600011.sh,4.22,4.25,4.18,4.20,5614139
2009/1/22,600011.sh,4.20,4.27,4.15,4.21,6076067
2009/1/23,600011.sh,4.21,4.21,4.08,4.11,10670574
2009/2/2,600011.sh,4.28,4.41,4.21,4.40,17987309
2009/2/3,600011.sh,4.39,4.55,4.36,4.53,17145311
2009/2/4,600011.sh,4.53,4.60,4.47,4.54,8976388
2009/2/5,600011.sh,4.56,4.65,4.45,4.61,24474728
2009/2/6,600011.sh,4.58,4.78,4.51,4.72,16480619
2009/2/9,600011.sh,4.71,4.81,4.68,4.71,14950403
2009/2/10,600011.sh,4.71,4.74,4.55,4.67,12929112
2009/2/11,600011.sh,4.64,4.92,4.58,4.91,24428422
2009/2/12,600011.sh,4.84,4.91,4.78,4.84,12357438
2009/2/13,600011.sh,4.87,4.94,4.78,4.91,9750969
2009/2/16,600011.sh,4.95,5.00,4.81,5.00,15130931
2009/2/17,600011.sh,4.95,5.18,4.92,4.94,16769194
2009/2/18,600011.sh,4.83,5.00,4.64,4.78,19753229
2009/2/19,600011.sh,4.76,5.18,4.71,5.16,24061310
2009/2/20,600011.sh,5.11,5.60,5.04,5.40,26554820
2009/2/23,600011.sh,5.39,5.55,5.14,5.38,19714041
2009/2/24,600011.sh,5.32,5.54,4.99,5.08,16475069
2009/2/25,600011.sh,5.08,5.23,5.00,5.05,21871453
2009/2/26,600011.sh,5.05,5.24,4.82,4.88,18061989
2009/2/27,600011.sh,4.86,5.07,4.65,4.93,11305631
2009/3/2,600011.sh,4.89,5.16,4.89,5.10,5667044
2009/3/3,600011.sh,5.02,5.25,4.90,5.08,7423304
2009/3/4,600011.sh,5.08,5.31,5.08,5.22,12783672
2009/3/5,600011.sh,5.20,5.52,5.12,5.45,18725508
2009/3/6,600011.sh,5.35,5.44,5.23,5.25,9309358
2009/3/9,600011.sh,5.25,5.35,4.97,5.02,9045689
2009/3/10,600011.sh,4.96,5.08,4.89,5.01,7143056
2009/3/11,600011.sh,5.08,5.19,4.92,4.98,10133669
2009/3/12,600011.sh,4.98,5.02,4.83,4.89,5199948
2009/3/13,600011.sh,4.89,5.02,4.75,4.83,7014025
2009/3/16,600011.sh,4.83,4.86,4.67,4.80,7077199
2009/3/17,600011.sh,4.78,4.92,4.77,4.88,21604338
2009/3/18,600011.sh,4.89,4.95,4.84,4.90,20071816
2009/3/19,600011.sh,4.91,4.94,4.78,4.93,17256354
2009/3/20,600011.sh,4.94,4.97,4.86,4.94,16435360
2009/3/23,600011.sh,4.94,5.02,4.81,4.99,21444700
2009/3/24,600011.sh,5.01,5.33,4.95,5.16,24390259
2009/3/25,600011.sh,5.09,5.13,4.83,4.86,20354249
2009/3/26,600011.sh,4.85,4.95,4.73,4.94,18829895
2009/3/27,600011.sh,4.94,4.97,4.88,4.93,22267896
2009/3/30,600011.sh,4.95,4.99,4.88,4.94,12661658
2009/3/31,600011.sh,4.89,4.91,4.77,4.86,19626431
2009/4/1,600011.sh,4.90,4.92,4.81,4.91,19451239
2009/4/2,600011.sh,4.92,5.04,4.91,4.95,29073010
2009/4/3,600011.sh,4.97,5.00,4.82,4.83,21661418
2009/4/7,600011.sh,4.83,4.92,4.82,4.92,16507571
2009/4/8,600011.sh,4.92,4.97,4.71,4.72,25376073
2009/4/9,600011.sh,4.71,4.77,4.67,4.73,11517080
2009/4/10,600011.sh,4.76,4.76,4.68,4.76,27189147
2009/4/13,600011.sh,4.79,4.88,4.73,4.85,30190397
2009/4/14,600011.sh,4.86,4.86,4.77,4.80,21019725
2009/4/15,600011.sh,4.77,4.80,4.69,4.75,23236314
2009/4/16,600011.sh,4.75,4.80,4.72,4.79,21185539
2009/4/17,600011.sh,4.79,4.80,4.71,4.73,24174492
2009/4/20,600011.sh,4.75,5.03,4.75,5.00,55699667
2009/4/21,600011.sh,4.99,5.06,4.88,4.97,34694174
2009/4/22,600011.sh,5.05,5.08,4.81,4.83,38175527
2009/4/23,600011.sh,4.82,5.01,4.76,4.99,30269782
2009/4/24,600011.sh,5.02,5.11,4.93,4.95,29074377
2009/4/27,600011.sh,4.95,4.99,4.72,4.74,19106251
2009/4/28,600011.sh,4.71,4.74,4.56,4.62,19803255
2009/4/29,600011.sh,4.59,4.71,4.59,4.67,16982655
2009/4/30,600011.sh,4.69,4.70,4.62,4.67,17413877
2009/5/4,600011.sh,4.69,4.80,4.69,4.78,22749729
2009/5/5,600011.sh,4.82,4.86,4.72,4.84,27231992
2009/5/6,600011.sh,4.82,4.86,4.77,4.84,19509268
2009/5/7,600011.sh,4.85,4.88,4.72,4.75,27744509
2009/5/8,600011.sh,4.75,4.80,4.69,4.76,24114779
2009/5/11,600011.sh,4.77,4.82,4.67,4.68,22660501
2009/5/12,600011.sh,4.66,4.71,4.62,4.69,16547949
2009/5/13,600011.sh,4.69,4.77,4.65,4.74,17579552
2009/5/14,600011.sh,4.73,4.80,4.72,4.78,17849855
2009/5/15,600011.sh,4.80,4.81,4.67,4.72,21828987
2009/5/18,600011.sh,4.70,4.78,4.68,4.71,16874918
2009/5/19,600011.sh,4.73,4.74,4.67,4.69,23728539
2009/5/20,600011.sh,4.70,4.71,4.64,4.64,19978798
2009/5/21,600011.sh,4.67,4.70,4.56,4.59,20775457
2009/5/22,600011.sh,4.59,4.64,4.58,4.63,10532278
2009/5/25,600011.sh,4.58,4.59,4.53,4.58,12161816
2009/5/26,600011.sh,4.59,4.62,4.54,4.56,13312896
2009/5/27,600011.sh,4.59,4.59,4.50,4.53,13496678
2009/6/1,600011.sh,4.56,4.62,4.54,4.61,20777529
2009/6/2,600011.sh,4.62,4.64,4.57,4.59,29434910
2009/6/3,600011.sh,4.59,4.63,4.56,4.63,22156486
2009/6/4,600011.sh,4.62,4.75,4.59,4.73,42285967
2009/6/5,600011.sh,4.74,4.75,4.65,4.66,26863994
2009/6/8,600011.sh,4.65,4.71,4.63,4.65,19633936
2009/6/9,600011.sh,4.65,4.66,4.53,4.60,19913923
2009/6/10,600011.sh,4.59,4.68,4.54,4.67,22291676
2009/6/11,600011.sh,4.65,4.73,4.62,4.64,24264262
2009/6/12,600011.sh,4.61,4.67,4.54,4.56,18677493
2009/6/15,600011.sh,4.55,4.59,4.52,4.57,12423993
2009/6/16,600011.sh,4.54,4.58,4.53,4.55,10245005
2009/6/17,600011.sh,4.54,4.61,4.54,4.60,11676997
2009/6/18,600011.sh,4.60,4.60,4.60,4.60,INVALID
2009/6/19,600011.sh,4.62,4.70,4.56,4.69,28657814
2009/6/22,600011.sh,4.72,4.88,4.71,4.79,60755261
2009/6/23,600011.sh,4.74,4.86,4.70,4.81,32655974
2009/6/24,600011.sh,4.81,4.95,4.78,4.92,43360411
2009/6/25,600011.sh,4.92,4.98,4.86,4.88,26726958
2009/6/26,600011.sh,4.88,4.91,4.78,4.80,15320520
2009/6/29,600011.sh,4.83,4.95,4.82,4.91,23261222
2009/6/30,600011.sh,4.94,4.97,4.83,4.87,18951602
2009/7/1,600011.sh,4.86,4.96,4.78,4.84,21763056
2009/7/2,600011.sh,4.84,4.88,4.79,4.84,17155192
2009/7/3,600011.sh,4.84,4.92,4.82,4.91,23113414
2009/7/6,600011.sh,4.91,5.09,4.89,5.06,37684932
2009/7/7,600011.sh,5.11,5.25,5.07,5.12,59003189
2009/7/8,600011.sh,5.08,5.12,4.96,5.02,27516738
2009/7/9,600011.sh,5.02,5.05,4.99,5.05,20088219
2009/7/10,600011.sh,5.04,5.04,4.94,4.99,30768616
2009/7/13,600011.sh,4.99,5.06,4.97,4.99,18300346
2009/7/14,600011.sh,5.01,5.11,5.01,5.10,27738345
2009/7/15,600011.sh,5.11,5.24,5.08,5.19,32474744
2009/7/16,600011.sh,5.23,5.25,5.04,5.07,22027247
2009/7/17,600011.sh,5.07,5.10,4.97,5.04,18606845
2009/7/20,600011.sh,5.07,5.18,5.05,5.16,34884482
2009/7/21,600011.sh,5.17,5.19,4.99,5.01,28943878
2009/7/22,600011.sh,5.02,5.07,4.99,5.04,30136327
2009/7/23,600011.sh,5.07,5.22,5.02,5.20,44496596
2009/7/24,600011.sh,5.25,5.27,5.05,5.17,30718233
2009/7/27,600011.sh,5.19,5.34,5.17,5.22,38606175
2009/7/28,600011.sh,5.23,5.42,5.23,5.38,55427496
2009/7/29,600011.sh,5.36,5.56,4.85,5.17,48709565
2009/7/30,600011.sh,5.17,5.42,5.11,5.40,42614336
2009/7/31,600011.sh,5.45,5.79,5.36,5.64,62124179
2009/8/3,600011.sh,5.71,6.01,5.58,5.95,64044764
2009/8/4,600011.sh,5.97,5.98,5.71,5.93,39664897
2009/8/5,600011.sh,5.88,5.95,5.74,5.82,26009956
2009/8/6,600011.sh,5.79,5.80,5.54,5.63,28539969
2009/8/7,600011.sh,5.63,5.73,5.36,5.41,29419730
2009/8/10,600011.sh,5.46,5.53,5.30,5.42,18282278
2009/8/11,600011.sh,5.46,5.54,5.39,5.51,14231593
2009/8/12,600011.sh,5.62,5.70,5.33,5.40,32910929
2009/8/13,600011.sh,5.40,5.45,5.13,5.28,20430480
2009/8/14,600011.sh,5.31,5.31,5.02,5.04,17312180
2009/8/17,600011.sh,4.96,5.14,4.88,4.89,24960080
2009/8/18,600011.sh,4.84,5.15,4.83,5.13,22806520
2009/8/19,600011.sh,5.08,5.21,4.76,4.92,28205289
2009/8/20,600011.sh,4.92,5.12,4.83,5.07,20591775
2009/8/21,600011.sh,5.07,5.14,5.02,5.13,21516132
2009/8/24,600011.sh,5.13,5.13,5.01,5.08,14990718
2009/8/25,600011.sh,5.09,5.09,4.79,4.88,20871550
2009/8/26,600011.sh,4.84,4.99,4.83,4.92,32583676
2009/8/27,600011.sh,4.90,4.99,4.84,4.91,27647065
2009/8/28,600011.sh,4.90,4.91,4.78,4.81,17729803
2009/8/31,600011.sh,4.76,4.76,4.42,4.45,20207770
2009/9/1,600011.sh,4.47,4.53,4.40,4.45,13607955
2009/9/2,600011.sh,4.45,4.48,4.40,4.47,10007236
2009/9/3,600011.sh,4.47,4.66,4.45,4.65,22993519
2009/9/4,600011.sh,4.62,4.67,4.57,4.65,18755027
2009/9/7,600011.sh,4.66,4.76,4.65,4.73,21705262
2009/9/8,600011.sh,4.72,4.80,4.59,4.78,18015655
2009/9/9,600011.sh,4.76,4.81,4.67,4.74,12872350
2009/9/10,600011.sh,4.75,4.80,4.68,4.69,10903622
2009/9/11,600011.sh,4.68,4.76,4.66,4.73,19148548
2009/9/14,600011.sh,4.74,4.84,4.72,4.82,19135197
2009/9/15,600011.sh,4.84,4.88,4.79,4.84,18409327
2009/9/16,600011.sh,4.83,4.83,4.70,4.75,17563707
2009/9/17,600011.sh,4.75,4.87,4.75,4.86,24102236
2009/9/18,600011.sh,4.88,4.91,4.68,4.71,18673259
2009/9/21,600011.sh,4.70,4.73,4.58,4.72,18110401
2009/9/22,600011.sh,4.72,4.81,4.58,4.60,15019354
2009/9/23,600011.sh,4.58,4.64,4.42,4.45,20443584
2009/9/24,600011.sh,4.42,4.49,4.34,4.43,16726643
2009/9/25,600011.sh,4.43,4.44,4.37,4.40,10281671
2009/9/28,600011.sh,4.42,4.50,4.37,4.38,10766198
2009/9/29,600011.sh,4.40,4.44,4.27,4.32,9458016
2009/9/30,600011.sh,4.37,4.42,4.35,4.38,5826680
2009/10/9,600011.sh,4.44,4.55,4.43,4.53,10993143
2009/10/12,600011.sh,4.54,4.54,4.48,4.48,9187580
2009/10/13,600011.sh,4.48,4.61,4.45,4.60,15375516
2009/10/14,600011.sh,4.60,4.67,4.57,4.61,18236330
2009/10/15,600011.sh,4.70,4.80,4.66,4.69,23482837
2009/10/16,600011.sh,4.73,4.79,4.63,4.67,17483143
2009/10/19,600011.sh,4.66,4.79,4.65,4.77,24315070
2009/10/20,600011.sh,4.81,4.83,4.74,4.80,19225768
2009/10/21,600011.sh,4.88,5.05,4.88,4.89,44392973
2009/10/22,600011.sh,4.88,4.89,4.76,4.79,24711349
2009/10/23,600011.sh,4.80,4.90,4.80,4.83,26124378
2009/10/26,600011.sh,4.83,4.86,4.79,4.83,17981472
2009/10/27,600011.sh,4.82,4.83,4.66,4.68,15796459
2009/10/28,600011.sh,4.65,4.77,4.65,4.72,15366872
2009/10/29,600011.sh,4.66,4.90,4.65,4.79,22541120
2009/10/30,600011.sh,4.85,4.89,4.78,4.78,12520524
2009/11/2,600011.sh,4.71,4.88,4.68,4.86,18682825
2009/11/3,600011.sh,4.86,5.06,4.84,5.02,34768003
2009/11/4,600011.sh,5.05,5.06,4.94,5.01,20522297
2009/11/5,600011.sh,5.01,5.12,4.99,5.04,17935381
2009/11/6,600011.sh,5.08,5.17,5.02,5.04,25468536
2009/11/9,600011.sh,5.05,5.25,5.05,5.17,28864428
2009/11/10,600011.sh,5.20,5.23,5.10,5.13,15379094
2009/11/11,600011.sh,5.14,5.14,5.02,5.04,14502120
2009/11/12,600011.sh,5.04,5.10,5.02,5.04,13505203
2009/11/13,600011.sh,5.05,5.08,4.96,5.06,17839281
2009/11/16,600011.sh,5.08,5.14,5.07,5.14,32220794
2009/11/17,600011.sh,5.20,5.20,5.12,5.15,22463500
2009/11/18,600011.sh,5.15,5.23,5.14,5.19,32474572
2009/11/19,600011.sh,5.21,5.29,5.19,5.28,31219037
2009/11/20,600011.sh,5.41,5.47,5.28,5.29,51323373
2009/11/23,600011.sh,5.30,5.34,5.23,5.26,28642422
2009/11/24,600011.sh,5.27,5.28,5.02,5.02,43066813
2009/11/25,600011.sh,5.01,5.10,4.96,5.10,21652132
2009/11/26,600011.sh,5.11,5.14,4.84,4.88,24726656
2009/11/27,600011.sh,4.85,4.97,4.81,4.84,21159631
2009/11/30,600011.sh,4.88,5.01,4.86,5.00,15008629
2009/12/1,600011.sh,5.02,5.07,4.97,5.05,14328884
2009/12/2,600011.sh,5.05,5.07,5.02,5.04,15755030
2009/12/3,600011.sh,5.07,5.14,5.04,5.14,23263729
2009/12/4,600011.sh,5.14,5.17,5.00,5.13,26626775
2009/12/7,600011.sh,5.13,5.17,5.09,5.14,24196171
2009/12/8,600011.sh,5.14,5.15,5.05,5.09,17630302
2009/12/9,600011.sh,5.04,5.05,4.96,4.97,14346577
2009/12/10,600011.sh,4.97,5.02,4.95,5.00,9814815
2009/12/11,600011.sh,5.01,5.02,4.96,4.97,7584964
2009/12/14,600011.sh,4.97,5.01,4.86,4.99,11851078
2009/12/15,600011.sh,4.99,5.01,4.95,4.97,9411681
2009/12/16,600011.sh,4.97,5.01,4.89,4.92,9518198
2009/12/17,600011.sh,4.92,4.94,4.79,4.82,13720815
2009/12/18,600011.sh,4.80,4.82,4.71,4.76,11634611
2009/12/21,600011.sh,4.76,4.79,4.74,4.77,8323594
2009/12/22,600011.sh,4.77,4.77,4.77,4.77,INVALID
2009/12/23,600011.sh,4.66,4.79,4.64,4.75,10631807
2009/12/24,600011.sh,4.74,4.84,4.70,4.82,11314766
2009/12/25,600011.sh,4.83,4.84,4.75,4.78,8551339
2009/12/28,600011.sh,4.78,4.84,4.78,4.84,9363207
2009/12/29,600011.sh,4.84,4.86,4.81,4.85,9362529
2009/12/30,600011.sh,4.84,4.97,4.83,4.96,21524392
2009/12/31,600011.sh,4.96,5.01,4.90,4.96,14240984
2010/1/4,600011.sh,5.02,5.04,4.95,4.96,13471969
2010/1/5,600011.sh,4.97,5.01,4.89,5.01,12001396
2010/1/6,600011.sh,5.02,5.04,4.98,4.98,13496984
2010/1/7,600011.sh,4.97,4.97,4.86,4.87,10262641
2010/1/8,600011.sh,4.87,4.87,4.87,4.87,INVALID
2010/1/11,600011.sh,4.87,4.87,4.87,4.87,INVALID
2010/1/12,600011.sh,4.87,4.87,4.87,4.87,INVALID
2010/1/13,600011.sh,4.87,4.87,4.87,4.87,INVALID
2010/1/14,600011.sh,4.87,4.87,4.87,4.87,INVALID
2010/1/15,600011.sh,4.87,4.87,4.87,4.87,INVALID
2010/1/18,600011.sh,4.85,5.17,4.83,4.97,20917280
2010/1/19,600011.sh,4.98,5.02,4.95,4.97,14115371
2010/1/20,600011.sh,4.97,4.99,4.82,4.83,13483884
2010/1/21,600011.sh,4.83,4.87,4.78,4.82,8300195
2010/1/22,600011.sh,4.80,4.84,4.73,4.78,7681392
2010/1/25,600011.sh,4.76,4.83,4.73,4.78,5071674
2010/1/26,600011.sh,4.78,4.79,4.58,4.59,6956304
2010/1/27,600011.sh,4.59,4.64,4.56,4.57,4690595
2010/1/28,600011.sh,4.58,4.60,4.49,4.52,7924234
2010/1/29,600011.sh,4.53,4.60,4.50,4.56,6194160
2010/2/1,600011.sh,4.58,4.58,4.42,4.45,6211825
2010/2/2,600011.sh,4.47,4.50,4.44,4.45,3667869
2010/2/3,600011.sh,4.47,4.55,4.43,4.55,5759004
2010/2/4,600011.sh,4.55,4.59,4.52,4.54,4845521
2010/2/5,600011.sh,4.48,4.49,4.42,4.45,5579436
2010/2/8,600011.sh,4.44,4.47,4.43,4.45,2924125
2010/2/9,600011.sh,4.46,4.52,4.32,4.50,4319244
2010/2/10,600011.sh,4.50,4.53,4.47,4.51,3445384
2010/2/11,600011.sh,4.51,4.55,4.51,4.52,3108676
2010/2/12,600011.sh,4.52,4.55,4.51,4.55,3413252
2010/2/22,600011.sh,4.55,4.55,4.50,4.53,3170475
2010/2/23,600011.sh,4.52,4.54,4.44,4.49,3007384
2010/2/24,600011.sh,4.47,4.57,4.44,4.57,5943322
2010/2/25,600011.sh,4.58,4.62,4.55,4.61,6790364
2010/2/26,600011.sh,4.61,4.61,4.56,4.57,6031758
2010/3/1,600011.sh,4.57,4.63,4.57,4.62,6609530
2010/3/2,600011.sh,4.62,4.63,4.57,4.60,6650781
2010/3/3,600011.sh,4.61,4.73,4.58,4.73,15762329
2010/3/4,600011.sh,4.74,4.78,4.57,4.65,13384821
2010/3/5,600011.sh,4.63,4.65,4.58,4.61,5210446
2010/3/8,600011.sh,4.61,4.63,4.58,4.60,3916574
2010/3/9,600011.sh,4.61,4.65,4.58,4.63,5722173
2010/3/10,600011.sh,4.64,4.64,4.57,4.60,4457875
2010/3/11,600011.sh,4.60,4.61,4.55,4.58,3882118
2010/3/12,600011.sh,4.58,4.58,4.13,4.41,6443134
2010/3/15,600011.sh,4.49,4.55,4.40,4.41,9100606
2010/3/16,600011.sh,4.41,4.41,4.41,4.41,INVALID
2010/3/17,600011.sh,4.44,4.49,4.42,4.48,7292038
2010/3/18,600011.sh,4.49,4.50,4.45,4.48,5899850
2010/3/19,600011.sh,4.48,4.51,4.46,4.50,4037128
2010/3/22,600011.sh,4.51,4.55,4.50,4.53,4961101
2010/3/23,600011.sh,4.55,4.55,4.50,4.52,4098988
2010/3/24,600011.sh,4.55,4.55,4.48,4.50,5410331
2010/3/25,600011.sh,4.49,4.50,4.43,4.44,4539144
2010/3/26,600011.sh,4.45,4.51,4.42,4.48,3954105
2010/3/29,600011.sh,4.50,4.59,4.50,4.57,9956540
2010/3/30,600011.sh,4.58,4.58,4.53,4.55,5089331
2010/3/31,600011.sh,4.57,4.58,4.51,4.53,6755025
2010/4/1,600011.sh,4.53,4.57,4.51,4.55,8000810
2010/4/2,600011.sh,4.56,4.56,4.52,4.55,8305402
2010/4/6,600011.sh,4.56,4.57,4.50,4.53,8033740
2010/4/7,600011.sh,4.53,4.53,4.49,4.51,5618599
2010/4/8,600011.sh,4.50,4.50,4.44,4.45,6614106
2010/4/9,600011.sh,4.46,4.48,4.45,4.47,6353357
2010/4/12,600011.sh,4.47,4.48,4.44,4.45,7842231
2010/4/13,600011.sh,4.45,4.50,4.44,4.49,9114988
2010/4/14,600011.sh,4.50,4.50,4.47,4.48,5585862
2010/4/15,600011.sh,4.50,4.52,4.47,4.48,7077012
2010/4/16,600011.sh,4.46,4.48,4.44,4.45,5410932
2010/4/19,600011.sh,4.45,4.46,4.27,4.29,11084128
2010/4/20,600011.sh,4.28,4.33,4.25,4.29,5553783
2010/4/21,600011.sh,4.31,4.44,4.31,4.42,7260972
2010/4/22,600011.sh,4.42,4.52,4.37,4.46,12107175
2010/4/23,600011.sh,4.46,4.50,4.37,4.37,5746878
2010/4/26,600011.sh,4.37,4.37,4.27,4.31,5591491
2010/4/27,600011.sh,4.26,4.32,4.16,4.19,6102620
2010/4/28,600011.sh,4.21,4.21,4.16,4.18,4669361
2010/4/29,600011.sh,4.19,4.21,4.16,4.17,3841767
2010/4/30,600011.sh,4.17,4.21,4.11,4.16,5514896
2010/5/4,600011.sh,4.13,4.18,4.11,4.14,2952195
2010/5/5,600011.sh,4.14,4.18,4.10,4.17,4683194
2010/5/6,600011.sh,4.16,4.17,4.03,4.03,5046655
2010/5/7,600011.sh,3.96,3.96,3.89,3.92,4310671
2010/5/10,600011.sh,3.91,3.96,3.88,3.93,3471725
2010/5/11,600011.sh,3.96,3.99,3.81,3.84,4467424
2010/5/12,600011.sh,3.83,3.87,3.77,3.84,4516110
2010/5/13,600011.sh,3.85,3.90,3.82,3.90,4252681
2010/5/14,600011.sh,3.90,3.96,3.87,3.95,5983549
2010/5/17,600011.sh,3.91,4.00,3.79,3.81,6674087
2010/5/18,600011.sh,3.80,3.88,3.75,3.85,5887912
2010/5/19,600011.sh,3.84,3.90,3.78,3.82,6029938
2010/5/20,600011.sh,3.82,3.89,3.78,3.81,4208675
2010/5/21,600011.sh,3.77,3.83,3.70,3.82,4568784
2010/5/24,600011.sh,3.82,3.95,3.81,3.93,6515858
2010/5/25,600011.sh,3.90,3.90,3.85,3.85,4195078
2010/5/26,600011.sh,3.85,3.91,3.85,3.85,2893279
2010/5/27,600011.sh,3.85,3.91,3.80,3.89,4586717
2010/5/28,600011.sh,3.91,3.94,3.86,3.90,4437319
2010/5/31,600011.sh,3.88,3.93,3.81,3.82,3857926
2010/6/1,600011.sh,3.79,3.88,3.78,3.83,5234304
2010/6/2,600011.sh,3.81,3.85,3.74,3.81,3711654
2010/6/3,600011.sh,3.83,3.83,3.77,3.78,3456893
2010/6/4,600011.sh,3.78,3.80,3.69,3.73,5771136
2010/6/7,600011.sh,3.69,3.69,3.63,3.65,3538589
2010/6/8,600011.sh,3.65,3.69,3.64,3.66,1835894
2010/6/9,600011.sh,3.67,3.73,3.65,3.73,4051023
2010/6/10,600011.sh,3.72,3.73,3.68,3.70,2593506
2010/6/11,600011.sh,3.71,3.74,3.70,3.72,2840929
2010/6/17,600011.sh,3.75,3.76,3.72,3.72,3122050
2010/6/18,600011.sh,3.72,3.74,3.68,3.68,4250211
2010/6/21,600011.sh,3.69,3.77,3.65,3.75,4470050
2010/6/22,600011.sh,3.75,3.75,3.75,3.75,INVALID
2010/6/23,600011.sh,3.72,3.75,3.69,3.72,4322169
2010/6/24,600011.sh,3.72,3.75,3.69,3.73,3026393
2010/6/25,600011.sh,3.73,3.80,3.71,3.80,7115391
2010/6/28,600011.sh,3.77,3.87,3.75,3.85,7301618
2010/6/29,600011.sh,3.84,3.87,3.72,3.72,7198683
2010/6/30,600011.sh,3.74,4.00,3.70,3.92,13180857
2010/7/1,600011.sh,3.87,3.96,3.85,3.93,7422389
2010/7/2,600011.sh,3.89,3.98,3.88,3.96,9347994
2010/7/5,600011.sh,3.94,3.96,3.80,3.91,8111386
2010/7/6,600011.sh,3.86,3.93,3.78,3.88,7571268
2010/7/7,600011.sh,3.84,3.88,3.80,3.86,5552516
2010/7/8,600011.sh,3.85,3.87,3.81,3.84,3759358
2010/7/9,600011.sh,3.83,3.91,3.81,3.91,6619267
2010/7/12,600011.sh,3.91,3.94,3.87,3.92,7035753
2010/7/13,600011.sh,3.88,3.92,3.84,3.86,4068176
2010/7/14,600011.sh,3.86,3.96,3.84,3.95,9433706
2010/7/15,600011.sh,3.96,3.99,3.91,3.93,7052949
2010/7/16,600011.sh,3.93,3.94,3.86,3.91,4498922
2010/7/19,600011.sh,3.90,3.97,3.85,3.95,4727299
2010/7/20,600011.sh,3.96,4.01,3.96,3.99,9227151
2010/7/21,600011.sh,4.00,4.15,3.98,4.09,14678792
2010/7/22,600011.sh,4.05,4.09,4.02,4.08,6882615
2010/7/23,600011.sh,4.08,4.08,4.01,4.03,7740026
2010/7/26,600011.sh,4.03,4.06,4.00,4.04,5520834
2010/7/27,600011.sh,4.03,4.04,4.00,4.03,3656593
2010/7/28,600011.sh,4.06,4.14,4.02,4.09,16195181
2010/7/29,600011.sh,4.08,4.17,4.06,4.16,15758580
2010/7/30,600011.sh,4.14,4.15,4.08,4.10,5837444
2010/8/2,600011.sh,4.12,4.15,4.07,4.13,7095850
2010/8/3,600011.sh,4.13,4.13,4.02,4.03,9563365
2010/8/4,600011.sh,4.00,4.08,4.00,4.06,5237741
2010/8/5,600011.sh,4.06,4.06,3.98,4.00,5171483
2010/8/6,600011.sh,4.00,4.07,3.99,4.07,5898341
2010/8/9,600011.sh,4.07,4.09,4.04,4.07,7419481
2010/8/10,600011.sh,4.06,4.07,3.97,3.97,5985789
2010/8/11,600011.sh,3.95,4.00,3.94,3.95,3754121
2010/8/12,600011.sh,3.93,3.99,3.92,3.92,4935520
2010/8/13,600011.sh,3.93,3.97,3.91,3.97,6594811
2010/8/16,600011.sh,3.97,4.05,3.95,4.02,9802478
2010/8/17,600011.sh,4.01,4.05,4.00,4.04,6426922
2010/8/18,600011.sh,4.08,4.12,4.04,4.06,10373801
2010/8/19,600011.sh,4.04,4.11,4.04,4.09,11333609
2010/8/20,600011.sh,4.09,4.15,4.04,4.06,10696929
2010/8/23,600011.sh,4.06,4.06,3.98,4.00,5347959
2010/8/24,600011.sh,3.99,4.04,3.94,3.99,5827928
2010/8/25,600011.sh,3.97,4.00,3.84,3.89,6449819
2010/8/26,600011.sh,3.89,3.95,3.88,3.90,3070518
2010/8/27,600011.sh,3.90,3.93,3.88,3.92,3176435
2010/8/30,600011.sh,3.91,3.97,3.91,3.95,4287987
2010/8/31,600011.sh,3.93,3.95,3.88,3.90,4617167
2010/9/1,600011.sh,3.90,3.94,3.84,3.86,5437189
2010/9/2,600011.sh,3.88,3.90,3.86,3.89,4275012
2010/9/3,600011.sh,3.90,3.90,3.84,3.87,5300771
2010/9/6,600011.sh,3.90,3.95,3.88,3.95,6991199
2010/9/7,600011.sh,3.95,3.97,3.91,3.95,4500931
2010/9/8,600011.sh,3.95,3.95,3.91,3.93,4072144
2010/9/9,600011.sh,3.93,3.93,3.88,3.89,5191088
2010/9/10,600011.sh,3.89,3.89,3.89,3.89,INVALID
2010/9/13,600011.sh,3.88,3.90,3.86,3.90,4072543
2010/9/14,600011.sh,3.89,4.02,3.86,3.96,9407449
2010/9/15,600011.sh,3.94,3.96,3.90,3.90,4845786
2010/9/16,600011.sh,3.90,3.93,3.84,3.88,5190196
2010/9/17,600011.sh,3.97,4.16,3.97,4.07,27175667
2010/9/20,600011.sh,4.06,4.06,3.93,3.97,9041106
2010/9/21,600011.sh,3.97,3.99,3.90,3.92,4465626
2010/9/27,600011.sh,3.92,3.95,3.88,3.93,5405737
2010/9/28,600011.sh,3.91,3.92,3.88,3.88,4932691
2010/9/29,600011.sh,3.90,3.93,3.88,3.88,4433712
2010/9/30,600011.sh,3.88,3.95,3.88,3.93,4626204
2010/10/8,600011.sh,3.93,4.00,3.93,3.98,8407418
2010/10/11,600011.sh,4.07,4.13,4.04,4.11,19767884
2010/10/12,600011.sh,4.11,4.20,4.06,4.15,17839961
2010/10/13,600011.sh,4.15,4.16,4.10,4.13,11321184
2010/10/14,600011.sh,4.13,4.20,4.08,4.16,19877386
2010/10/15,600011.sh,4.16,4.33,4.14,4.30,30333171
2010/10/18,600011.sh,4.33,4.56,4.29,4.37,36981372
2010/10/19,600011.sh,4.35,4.37,4.26,4.35,18536167
2010/10/20,600011.sh,4.25,4.29,4.19,4.22,18031674
2010/10/21,600011.sh,4.22,4.29,4.20,4.25,10754535
2010/10/22,600011.sh,4.25,4.27,4.18,4.18,8516826
2010/10/25,600011.sh,4.20,4.22,4.15,4.22,13559818
2010/10/26,600011.sh,4.22,4.23,4.13,4.15,15992581
2010/10/27,600011.sh,4.15,4.20,4.12,4.13,11981624
2010/10/28,600011.sh,4.13,4.16,4.08,4.10,9561481
2010/10/29,600011.sh,4.10,4.15,4.08,4.13,9191109
2010/11/1,600011.sh,4.14,4.18,4.13,4.18,15099968
2010/11/2,600011.sh,4.18,4.19,4.09,4.12,18969389
2010/11/3,600011.sh,4.13,4.13,4.06,4.07,13310327
2010/11/4,600011.sh,4.06,4.11,4.04,4.09,9685835
2010/11/5,600011.sh,4.12,4.13,4.09,4.12,10689999
2010/11/8,600011.sh,4.14,4.19,4.11,4.19,16104692
2010/11/9,600011.sh,4.20,4.20,4.13,4.15,11838201
2010/11/10,600011.sh,4.15,4.16,4.07,4.09,11297565
2010/11/11,600011.sh,4.09,4.18,4.07,4.15,17253837
2010/11/12,600011.sh,4.14,4.15,3.91,3.92,17416924
2010/11/15,600011.sh,3.93,3.99,3.91,3.95,7976932
2010/11/16,600011.sh,3.92,3.96,3.84,3.86,11310380
2010/11/17,600011.sh,3.85,3.90,3.81,3.85,8421983
2010/11/18,600011.sh,3.87,3.90,3.83,3.86,5697583
2010/11/19,600011.sh,3.86,3.91,3.77,3.90,13190892
2010/11/22,600011.sh,3.88,3.94,3.83,3.85,11688759
2010/11/23,600011.sh,3.85,3.85,3.76,3.79,9351337
2010/11/24,600011.sh,3.79,3.85,3.79,3.83,7023584
2010/11/25,600011.sh,3.84,3.86,3.79,3.86,9771188
2010/11/26,600011.sh,3.85,3.85,3.80,3.81,6838716
2010/11/29,600011.sh,3.81,3.84,3.78,3.80,9371233
2010/11/30,600011.sh,3.80,3.81,3.68,3.73,10285844
2010/12/1,600011.sh,3.72,3.84,3.72,3.83,8978646
2010/12/2,600011.sh,3.95,4.04,3.90,3.96,23904057
2010/12/3,600011.sh,3.92,3.99,3.85,3.97,12406112
2010/12/6,600011.sh,3.96,4.07,3.91,4.05,19063008
2010/12/7,600011.sh,4.04,4.04,3.95,4.01,9144148
2010/12/8,600011.sh,3.99,4.00,3.91,3.97,8173440
2010/12/9,600011.sh,3.96,3.97,3.91,3.91,4768306
2010/12/10,600011.sh,3.90,3.98,3.85,3.97,9051519
2010/12/13,600011.sh,3.96,4.00,3.92,3.97,8588268
2010/12/14,600011.sh,3.99,4.00,3.94,3.97,13667435
2010/12/15,600011.sh,3.97,3.98,3.91,3.95,12474765
2010/12/16,600011.sh,3.95,4.04,3.92,3.95,11676903
2010/12/17,600011.sh,3.95,4.01,3.89,3.96,14190882
2010/12/20,600011.sh,3.96,3.96,3.78,3.81,14248648
2010/12/21,600011.sh,3.81,3.91,3.80,3.86,9317548
2010/12/22,600011.sh,3.85,3.88,3.81,3.81,5871768
2010/12/23,600011.sh,3.83,3.84,3.73,3.76,10919272
2010/12/24,600011.sh,3.73,3.77,3.68,3.75,7022477
2010/12/27,600011.sh,3.72,3.77,3.68,3.69,11488548
2010/12/28,600011.sh,3.70,3.74,3.63,3.64,6645401
2010/12/29,600011.sh,3.65,3.67,3.54,3.59,8534688
2010/12/30,600011.sh,3.58,3.67,3.50,3.58,16094542
2010/12/31,600011.sh,3.54,3.72,3.52,3.69,37682267
2011/1/4,600011.sh,3.63,3.65,3.53,3.61,30611458
2011/1/5,600011.sh,3.58,3.59,3.55,3.57,14021015
2011/1/6,600011.sh,3.57,3.59,3.55,3.56,11262293
2011/1/7,600011.sh,3.56,3.58,3.52,3.56,13941570
2011/1/10,600011.sh,3.55,3.56,3.49,3.50,12368607
2011/1/11,600011.sh,3.50,3.51,3.47,3.49,9116905
2011/1/12,600011.sh,3.49,3.52,3.49,3.51,9117817
2011/1/13,600011.sh,3.52,3.52,3.49,3.49,7829416
2011/1/14,600011.sh,3.50,3.50,3.45,3.46,8994809
2011/1/17,600011.sh,3.46,3.46,3.33,3.34,10096060
2011/1/18,600011.sh,3.34,3.36,3.33,3.33,6168537
2011/1/19,600011.sh,3.34,3.38,3.34,3.38,7406657
2011/1/20,600011.sh,3.39,3.48,3.37,3.38,14908869
2011/1/21,600011.sh,3.38,3.43,3.36,3.42,8990314
2011/1/24,600011.sh,3.45,3.45,3.40,3.42,5443987
2011/1/25,600011.sh,3.42,3.42,3.38,3.41,3848128
2011/1/26,600011.sh,3.41,3.49,3.40,3.45,8090590
2011/1/27,600011.sh,3.43,3.47,3.39,3.46,10608866
2011/1/28,600011.sh,3.45,3.45,3.42,3.43,4583304
2011/1/31,600011.sh,3.43,3.45,3.42,3.45,6068371
2011/2/1,600011.sh,3.45,3.45,3.43,3.45,3562235
2011/2/9,600011.sh,3.43,3.44,3.40,3.41,4437100
2011/2/10,600011.sh,3.41,3.45,3.39,3.44,6103716
2011/2/11,600011.sh,3.43,3.50,3.42,3.49,11132616
2011/2/14,600011.sh,3.48,3.57,3.47,3.56,16752878
2011/2/15,600011.sh,3.56,3.58,3.53,3.55,15638411
2011/2/16,600011.sh,3.55,3.56,3.50,3.56,10665569
2011/2/17,600011.sh,3.56,3.57,3.52,3.55,10075208
2011/2/18,600011.sh,3.55,3.57,3.50,3.52,9982837
2011/2/21,600011.sh,3.51,3.57,3.50,3.56,11172147
2011/2/22,600011.sh,3.56,3.56,3.50,3.52,12954119
2011/2/23,600011.sh,3.52,3.54,3.50,3.53,7514691
2011/2/24,600011.sh,3.52,3.56,3.50,3.55,7724250
2011/2/25,600011.sh,3.56,3.56,3.50,3.54,5616229
2011/2/28,600011.sh,3.54,3.56,3.52,3.56,7354375
2011/3/1,600011.sh,3.56,3.61,3.54,3.59,12573346
2011/3/2,600011.sh,3.57,3.61,3.54,3.59,13132610
2011/3/3,600011.sh,3.61,3.61,3.56,3.56,9084179
2011/3/4,600011.sh,3.57,3.59,3.56,3.59,8749966
2011/3/7,600011.sh,3.59,3.64,3.59,3.64,15616187
2011/3/8,600011.sh,3.65,3.65,3.59,3.63,10735617
2011/3/9,600011.sh,3.63,3.63,3.60,3.61,9975921
2011/3/10,600011.sh,3.61,3.61,3.61,3.61,INVALID
2011/3/11,600011.sh,3.58,3.58,3.52,3.54,12314559
2011/3/14,600011.sh,3.52,3.54,3.50,3.53,7463086
2011/3/15,600011.sh,3.52,3.52,3.42,3.47,9549213
2011/3/16,600011.sh,3.46,3.49,3.45,3.47,7906585
2011/3/17,600011.sh,3.46,3.60,3.43,3.51,18947419
2011/3/18,600011.sh,3.49,3.52,3.45,3.49,11008898
2011/3/21,600011.sh,3.50,3.50,3.46,3.47,5994711
2011/3/22,600011.sh,3.46,3.48,3.45,3.48,8825344
2011/3/23,600011.sh,3.48,3.57,3.47,3.57,16434239
2011/3/24,600011.sh,3.57,3.60,3.54,3.54,7733970
2011/3/25,600011.sh,3.54,3.58,3.51,3.55,8796506
2011/3/28,600011.sh,3.56,3.61,3.56,3.60,13970176
2011/3/29,600011.sh,3.59,3.68,3.59,3.62,24807681
2011/3/30,600011.sh,3.63,3.64,3.57,3.59,12233176
2011/3/31,600011.sh,3.60,3.62,3.52,3.54,7964634
2011/4/1,600011.sh,3.52,3.56,3.50,3.55,13602541
2011/4/6,600011.sh,3.54,3.62,3.51,3.59,14638900
2011/4/7,600011.sh,3.59,3.59,3.56,3.58,7683522
2011/4/8,600011.sh,3.58,3.62,3.57,3.61,10592656
2011/4/11,600011.sh,3.59,3.68,3.59,3.65,21744389
2011/4/12,600011.sh,3.63,4.01,3.63,3.91,80051156
2011/4/13,600011.sh,3.86,3.90,3.79,3.83,25268641
2011/4/14,600011.sh,3.83,3.90,3.79,3.84,23018292
2011/4/15,600011.sh,3.84,3.88,3.70,3.81,19165993
2011/4/18,600011.sh,3.80,3.89,3.75,3.79,21265032
2011/4/19,600011.sh,3.77,3.77,3.62,3.74,27802942
2011/4/20,600011.sh,3.70,3.75,3.68,3.72,14043915
2011/4/21,600011.sh,3.74,3.75,3.69,3.75,6711814
2011/4/22,600011.sh,3.75,3.86,3.71,3.81,22370552
2011/4/25,600011.sh,3.84,3.86,3.78,3.78,16819433
2011/4/26,600011.sh,3.78,3.78,3.66,3.67,8351767
2011/4/27,600011.sh,3.67,3.74,3.65,3.73,10548701
2011/4/28,600011.sh,3.73,3.79,3.66,3.67,9750586
2011/4/29,600011.sh,3.68,3.93,3.67,3.90,34460915
2011/5/3,600011.sh,3.90,4.13,3.86,4.06,41368581
2011/5/4,600011.sh,4.05,4.10,3.92,4.06,31802486
2011/5/5,600011.sh,4.02,4.11,3.96,4.03,26793386
2011/5/6,600011.sh,3.99,4.20,3.95,4.15,28885719
2011/5/9,600011.sh,4.17,4.38,4.15,4.35,50732551
2011/5/10,600011.sh,4.36,4.39,4.20,4.30,31593702
2011/5/11,600011.sh,4.27,4.28,4.13,4.22,17540272
2011/5/12,600011.sh,4.16,4.26,4.13,4.18,19348942
2011/5/13,600011.sh,4.15,4.21,3.99,4.06,24038203
2011/5/16,600011.sh,4.07,4.12,4.03,4.05,15884500
2011/5/17,600011.sh,4.05,4.05,4.05,4.05,INVALID
2011/5/18,600011.sh,3.97,4.13,3.97,4.10,15466578
2011/5/19,600011.sh,4.11,4.11,3.97,3.99,15171527
2011/5/20,600011.sh,3.99,4.02,3.89,3.91,13856473
2011/5/23,600011.sh,3.91,3.96,3.78,3.79,14139195
2011/5/24,600011.sh,3.79,3.82,3.75,3.81,7281870
2011/5/25,600011.sh,3.81,3.82,3.72,3.74,7374722
2011/5/26,600011.sh,3.75,3.84,3.65,3.67,11333443
2011/5/27,600011.sh,3.66,3.68,3.54,3.55,9008209
2011/5/30,600011.sh,3.54,3.60,3.49,3.54,7067742
2011/5/31,600011.sh,3.61,3.64,3.57,3.61,12849022
2011/6/1,600011.sh,3.61,3.62,3.57,3.59,3871377
2011/6/2,600011.sh,3.56,3.58,3.47,3.56,16778901
2011/6/3,600011.sh,3.56,3.65,3.54,3.62,10933577
2011/6/7,600011.sh,3.62,3.63,3.59,3.61,5531457
2011/6/8,600011.sh,3.62,3.62,3.52,3.60,5974837
2011/6/9,600011.sh,3.59,3.59,3.49,3.50,5894331
2011/6/10,600011.sh,3.49,3.74,3.49,3.72,16781058
2011/6/13,600011.sh,3.68,3.68,3.58,3.61,5772628
2011/6/14,600011.sh,3.61,3.64,3.58,3.61,5715964
2011/6/15,600011.sh,3.61,3.61,3.51,3.56,14016718
2011/6/16,600011.sh,3.52,3.52,3.40,3.43,10111907
2011/6/17,600011.sh,3.43,3.50,3.43,3.45,6883412
2011/6/20,600011.sh,3.45,3.46,3.40,3.42,3861951
2011/6/21,600011.sh,3.42,3.47,3.41,3.45,4049743
2011/6/22,600011.sh,3.46,3.47,3.41,3.43,5219902
2011/6/23,600011.sh,3.45,3.45,3.38,3.43,5280008
2011/6/24,600011.sh,3.43,3.53,3.38,3.51,15128750
2011/6/27,600011.sh,3.49,3.54,3.48,3.53,6486117
2011/6/28,600011.sh,3.51,3.52,3.48,3.51,4557610
2011/6/29,600011.sh,3.52,3.53,3.44,3.48,7088869
2011/6/30,600011.sh,3.48,3.52,3.45,3.51,8714638
2011/7/1,600011.sh,3.51,3.51,3.48,3.49,7540624
2011/7/4,600011.sh,3.50,3.59,3.49,3.56,11578065
2011/7/5,600011.sh,3.57,3.58,3.53,3.57,5211109
2011/7/6,600011.sh,3.57,3.69,3.55,3.67,15895726
2011/7/7,600011.sh,3.67,3.67,3.60,3.63,8257237
2011/7/8,600011.sh,3.63,3.63,3.55,3.57,5783726
2011/7/11,600011.sh,3.55,3.60,3.55,3.57,4950839
2011/7/12,600011.sh,3.56,3.57,3.50,3.51,4019194
2011/7/13,600011.sh,3.48,3.53,3.48,3.53,6279559
2011/7/14,600011.sh,3.53,3.53,3.49,3.51,6881955
2011/7/15,600011.sh,3.51,3.53,3.49,3.51,6273832
2011/7/18,600011.sh,3.51,3.57,3.51,3.57,7911015
2011/7/19,600011.sh,3.55,3.55,3.49,3.51,7354006
2011/7/20,600011.sh,3.52,3.53,3.45,3.48,8306985
2011/7/21,600011.sh,3.47,3.48,3.45,3.46,4100445
2011/7/22,600011.sh,3.47,3.47,3.43,3.46,2929291
2011/7/25,600011.sh,3.46,3.46,3.33,3.34,7828428
2011/7/26,600011.sh,3.34,3.36,3.26,3.31,8323617
2011/7/27,600011.sh,3.31,3.33,3.28,3.33,5332736
2011/7/28,600011.sh,3.31,3.35,3.29,3.31,2867461
2011/7/29,600011.sh,3.33,3.33,3.27,3.31,3410557
2011/8/1,600011.sh,3.31,3.35,3.30,3.33,2424710
2011/8/2,600011.sh,3.33,3.34,3.28,3.31,2733678
2011/8/3,600011.sh,3.30,3.33,3.27,3.31,3788545
2011/8/4,600011.sh,3.31,3.33,3.28,3.29,8078486
2011/8/5,600011.sh,3.25,3.25,3.16,3.21,8769815
2011/8/8,600011.sh,3.19,3.20,2.98,3.04,8233161
2011/8/9,600011.sh,2.96,3.01,2.90,2.98,11442644
2011/8/10,600011.sh,3.01,3.04,2.98,2.99,5714569
2011/8/11,600011.sh,2.92,3.00,2.90,3.00,3949333
2011/8/12,600011.sh,3.03,3.08,3.01,3.03,5212869
2011/8/15,600011.sh,3.05,3.06,3.00,3.04,5646465
2011/8/16,600011.sh,3.04,3.06,3.02,3.03,3842559
2011/8/17,600011.sh,3.01,3.04,3.00,3.01,2492061
2011/8/18,600011.sh,3.01,3.02,2.94,2.94,3309099
2011/8/19,600011.sh,2.91,2.92,2.87,2.92,2784401
2011/8/22,600011.sh,2.90,2.97,2.90,2.94,3567278
2011/8/23,600011.sh,2.94,3.07,2.93,3.06,9349327
2011/8/24,600011.sh,3.07,3.08,3.00,3.01,4514336
2011/8/25,600011.sh,3.02,3.07,2.97,3.07,5958172
2011/8/26,600011.sh,3.05,3.06,3.03,3.04,3468920
2011/8/29,600011.sh,3.04,3.04,3.00,3.02,2679300
2011/8/30,600011.sh,3.03,3.06,3.00,3.00,2213300
2011/8/31,600011.sh,3.00,3.04,2.97,3.02,1824468
2011/9/1,600011.sh,3.02,3.04,2.99,3.00,1364098
2011/9/2,600011.sh,3.02,3.02,2.96,2.98,1329941
2011/9/5,600011.sh,2.97,2.97,2.90,2.92,2013799
2011/9/6,600011.sh,2.90,2.93,2.86,2.90,2271700
2011/9/7,600011.sh,2.90,2.94,2.90,2.94,1482467
2011/9/8,600011.sh,2.94,2.96,2.92,2.93,1621768
2011/9/9,600011.sh,2.92,2.96,2.92,2.94,1620970
2011/9/13,600011.sh,2.92,2.92,2.87,2.92,1551446
2011/9/14,600011.sh,2.92,2.94,2.88,2.94,1322601
2011/9/15,600011.sh,2.94,2.96,2.93,2.93,2316189
2011/9/16,600011.sh,2.94,2.98,2.94,2.96,2402573
2011/9/19,600011.sh,2.95,2.95,2.87,2.90,2156837
2011/9/20,600011.sh,2.89,2.91,2.85,2.89,1455144
2011/9/21,600011.sh,2.90,2.98,2.88,2.96,2804006
2011/9/22,600011.sh,2.95,2.95,2.90,2.92,1564186
2011/9/23,600011.sh,2.87,2.91,2.86,2.90,1860712
2011/9/26,600011.sh,2.89,2.92,2.85,2.86,1789849
2011/9/27,600011.sh,2.86,2.86,2.86,2.86,INVALID
2011/9/28,600011.sh,2.88,2.91,2.85,2.86,1339324
2011/9/29,600011.sh,2.85,2.86,2.80,2.80,2121749
2011/9/30,600011.sh,2.82,2.82,2.78,2.80,1463422
2011/10/10,600011.sh,2.80,2.83,2.78,2.79,1547680
2011/10/11,600011.sh,2.86,2.87,2.78,2.79,2701097
2011/10/12,600011.sh,2.80,2.86,2.77,2.86,3450931
2011/10/13,600011.sh,2.85,2.90,2.84,2.88,7241381
2011/10/14,600011.sh,2.86,2.88,2.85,2.87,2590884
2011/10/17,600011.sh,2.88,2.89,2.86,2.86,1439154
2011/10/18,600011.sh,2.85,2.85,2.78,2.79,1781263
2011/10/19,600011.sh,2.79,2.82,2.77,2.78,1939971
2011/10/20,600011.sh,2.78,2.78,2.68,2.70,3519544
2011/10/21,600011.sh,2.70,2.73,2.70,2.72,2314650
2011/10/24,600011.sh,2.67,2.78,2.67,2.76,3234563
2011/10/25,600011.sh,2.75,2.84,2.74,2.81,6754127
2011/10/26,600011.sh,2.80,2.92,2.78,2.87,7168883
2011/10/27,600011.sh,2.88,3.13,2.88,3.00,14261956
2011/10/28,600011.sh,3.00,3.06,3.00,3.01,7713344
2011/10/31,600011.sh,3.01,3.21,2.96,3.17,18146808
2011/11/1,600011.sh,3.13,3.27,3.11,3.17,14004664
2011/11/2,600011.sh,3.13,3.23,3.11,3.21,8601001
2011/11/3,600011.sh,3.20,3.22,3.15,3.16,8713005
2011/11/4,600011.sh,3.15,3.23,3.13,3.20,6666631
2011/11/7,600011.sh,3.15,3.25,3.15,3.21,4766820
2011/11/8,600011.sh,3.20,3.36,3.19,3.33,13869145
2011/11/9,600011.sh,3.34,3.36,3.23,3.31,5028862
2011/11/10,600011.sh,3.29,3.29,3.21,3.29,6384997
2011/11/11,600011.sh,3.24,3.35,3.23,3.32,7796268
2011/11/14,600011.sh,3.33,3.43,3.33,3.38,10707645
2011/11/15,600011.sh,3.39,3.47,3.37,3.43,8087548
2011/11/16,600011.sh,3.43,3.43,3.23,3.25,10035362
2011/11/17,600011.sh,3.23,3.33,3.23,3.27,7027240
2011/11/18,600011.sh,3.27,3.27,3.14,3.19,5769070
2011/11/21,600011.sh,3.19,3.25,3.05,3.06,12268810
2011/11/22,600011.sh,3.06,3.26,3.06,3.21,11542572
2011/11/23,600011.sh,3.19,3.35,3.19,3.31,10140352
2011/11/24,600011.sh,3.30,3.35,3.21,3.32,8376058
2011/11/25,600011.sh,3.32,3.35,3.17,3.22,8357866
2011/11/28,600011.sh,3.23,3.27,3.15,3.23,4081178
2011/11/29,600011.sh,3.23,3.34,3.21,3.31,5733488
2011/11/30,600011.sh,3.33,3.33,3.14,3.22,5665621
2011/12/1,600011.sh,3.33,3.35,3.06,3.17,27545321
2011/12/2,600011.sh,3.12,3.12,2.95,2.98,10700765
2011/12/5,600011.sh,2.96,2.98,2.82,2.85,12194692
2011/12/6,600011.sh,2.83,2.89,2.77,2.86,9431786
2011/12/7,600011.sh,2.87,2.87,2.83,2.86,5324543
2011/12/8,600011.sh,2.86,2.88,2.82,2.86,5931060
2011/12/9,600011.sh,2.85,2.98,2.81,2.94,8603394
2011/12/12,600011.sh,2.94,3.07,2.91,3.05,10454779
2011/12/13,600011.sh,3.05,3.06,2.98,3.04,3771954
2011/12/14,600011.sh,3.00,3.33,2.98,3.19,13384383
2011/12/15,600011.sh,3.15,3.39,3.14,3.35,30120933
2011/12/16,600011.sh,3.33,3.35,3.25,3.33,13134222
2011/12/19,600011.sh,3.29,3.40,3.27,3.35,14438874
2011/12/20,600011.sh,3.35,3.40,3.29,3.37,14001816
2011/12/21,600011.sh,3.34,3.41,3.34,3.39,10697893
2011/12/22,600011.sh,3.38,3.44,3.20,3.35,10621056
2011/12/23,600011.sh,3.31,3.56,3.31,3.53,42565132
2011/12/26,600011.sh,3.52,3.79,3.48,3.51,27090533
2011/12/27,600011.sh,3.51,3.53,3.41,3.43,9046732
2011/12/28,600011.sh,3.41,3.45,3.31,3.44,9582536
2011/12/29,600011.sh,3.44,3.61,3.41,3.51,22514121
2011/12/30,600011.sh,3.49,3.61,3.49,3.56,23341252
2012/1/4,600011.sh,3.59,3.63,3.55,3.57,8211932
2012/1/5,600011.sh,3.56,3.60,3.48,3.49,10441719
2012/1/6,600011.sh,3.46,3.61,3.45,3.54,17073106
2012/1/9,600011.sh,3.55,3.68,3.51,3.62,26043496
2012/1/10,600011.sh,3.62,3.67,3.57,3.65,16498604
2012/1/11,600011.sh,3.64,3.67,3.54,3.59,15066380
2012/1/12,600011.sh,3.57,3.65,3.57,3.57,10374107
2012/1/13,600011.sh,3.58,3.61,3.44,3.55,6727936
2012/1/16,600011.sh,3.53,3.57,3.47,3.47,5473539
2012/1/17,600011.sh,3.45,3.81,3.45,3.65,6637085
2012/1/18,600011.sh,3.65,3.69,3.51,3.53,4846416
2012/1/19,600011.sh,3.53,3.66,3.51,3.57,3910993
2012/1/20,600011.sh,3.55,3.65,3.55,3.61,3986664
2012/1/30,600011.sh,3.61,3.68,3.55,3.57,12101070
2012/1/31,600011.sh,3.53,3.74,3.52,3.66,19936068
2012/2/1,600011.sh,3.65,3.73,3.63,3.66,18931409
2012/2/2,600011.sh,3.65,3.69,3.61,3.69,6838413
2012/2/3,600011.sh,3.69,3.69,3.64,3.67,6069380
2012/2/6,600011.sh,3.67,3.71,3.61,3.63,11823222
2012/2/7,600011.sh,3.60,3.63,3.57,3.59,3965233
2012/2/8,600011.sh,3.57,3.68,3.56,3.65,6034694
2012/2/9,600011.sh,3.66,3.67,3.63,3.67,2730772
2012/2/10,600011.sh,3.66,3.67,3.58,3.61,10945622
2012/2/13,600011.sh,3.61,3.66,3.54,3.63,8926062
2012/2/14,600011.sh,3.61,3.61,3.57,3.58,7512313
2012/2/15,600011.sh,3.56,3.60,3.53,3.58,6689503
2012/2/16,600011.sh,3.58,3.74,3.53,3.66,21547896
2012/2/17,600011.sh,3.66,3.69,3.59,3.64,8103305
2012/2/20,600011.sh,3.63,3.65,3.58,3.59,4105541
2012/2/21,600011.sh,3.59,3.59,3.59,3.59,INVALID
2012/2/22,600011.sh,3.59,3.63,3.53,3.61,6093487
2012/2/23,600011.sh,3.61,3.61,3.55,3.56,6950075
2012/2/24,600011.sh,3.55,3.59,3.55,3.58,5383203
2012/2/27,600011.sh,3.58,3.66,3.58,3.62,16313692
2012/2/28,600011.sh,3.61,3.66,3.59,3.65,8276005
2012/2/29,600011.sh,3.65,3.66,3.60,3.64,6481004
2012/3/1,600011.sh,3.62,3.67,3.61,3.67,20081747
2012/3/2,600011.sh,3.67,3.68,3.62,3.66,11530910
2012/3/5,600011.sh,3.67,3.69,3.50,3.53,36274360
2012/3/6,600011.sh,3.52,3.54,3.49,3.50,7934124
2012/3/7,600011.sh,3.47,3.52,3.44,3.47,13458982
2012/3/8,600011.sh,3.48,3.50,3.43,3.47,11729987
2012/3/9,600011.sh,3.47,3.65,3.45,3.62,21994337
2012/3/12,600011.sh,3.62,3.70,3.61,3.63,26440464
2012/3/13,600011.sh,3.61,3.67,3.61,3.66,10849935
2012/3/14,600011.sh,3.66,3.67,3.45,3.53,17123627
2012/3/15,600011.sh,3.53,3.55,3.47,3.53,7210669
2012/3/16,600011.sh,3.52,3.65,3.33,3.60,22660376
2012/3/19,600011.sh,3.57,3.61,3.49,3.60,12092652
2012/3/20,600011.sh,3.59,3.69,3.57,3.65,15045758
2012/3/21,600011.sh,3.64,3.65,3.45,3.50,13841591
2012/3/22,600011.sh,3.50,3.50,3.41,3.46,10113394
2012/3/23,600011.sh,3.45,3.46,3.41,3.44,3133035
2012/3/26,600011.sh,3.43,3.47,3.39,3.43,3763913
2012/3/27,600011.sh,3.42,3.45,3.39,3.41,3913215
2012/3/28,600011.sh,3.41,3.42,3.30,3.37,4876100
2012/3/29,600011.sh,3.33,3.40,3.33,3.39,3519190
2012/3/30,600011.sh,3.37,3.42,3.37,3.39,1501850
2012/4/5,600011.sh,3.39,3.44,3.36,3.43,3568864
2012/4/6,600011.sh,3.41,3.43,3.39,3.43,1898549
2012/4/9,600011.sh,3.43,3.43,3.40,3.41,1106881
2012/4/10,600011.sh,3.41,3.41,3.36,3.40,1534477
2012/4/11,600011.sh,3.39,3.41,3.35,3.37,2852439
2012/4/12,600011.sh,3.37,3.48,3.35,3.48,5539815
2012/4/13,600011.sh,3.47,3.51,3.43,3.49,2670576
2012/4/16,600011.sh,3.46,3.53,3.43,3.53,3207030
2012/4/17,600011.sh,3.50,3.53,3.43,3.45,3557216
2012/4/18,600011.sh,3.46,3.51,3.44,3.50,1644056
2012/4/19,600011.sh,3.50,3.61,3.48,3.59,7434192
2012/4/20,600011.sh,3.59,3.59,3.53,3.55,4543466
2012/4/23,600011.sh,3.55,3.61,3.54,3.56,6532259
2012/4/24,600011.sh,3.55,3.66,3.55,3.59,7023489
2012/4/25,600011.sh,3.63,3.68,3.61,3.64,16192047
2012/4/26,600011.sh,3.66,3.68,3.53,3.57,6338497
2012/4/27,600011.sh,3.55,3.56,3.46,3.53,3388559
2012/5/2,600011.sh,3.53,3.66,3.53,3.58,6445057
2012/5/3,600011.sh,3.57,3.66,3.57,3.64,5094875
2012/5/4,600011.sh,3.64,3.64,3.59,3.63,4805356
2012/5/7,600011.sh,3.63,3.75,3.61,3.72,51881519
2012/5/8,600011.sh,3.71,3.79,3.65,3.73,27339463
2012/5/9,600011.sh,3.72,3.76,3.66,3.71,14665200
2012/5/10,600011.sh,3.68,3.72,3.66,3.70,2886599
2012/5/11,600011.sh,3.70,3.73,3.65,3.67,3322221
2012/5/14,600011.sh,3.71,3.76,3.66,3.73,20112470
2012/5/15,600011.sh,3.70,3.70,3.61,3.67,6894396
2012/5/16,600011.sh,3.67,3.67,3.58,3.61,6337998
2012/5/17,600011.sh,3.64,3.73,3.58,3.63,11680682
2012/5/18,600011.sh,3.61,3.70,3.61,3.67,8564328
2012/5/21,600011.sh,3.65,3.71,3.65,3.70,5229130
2012/5/22,600011.sh,3.71,3.76,3.68,3.73,20469811
2012/5/23,600011.sh,3.71,3.73,3.66,3.71,2193622
2012/5/24,600011.sh,3.71,3.73,3.65,3.65,1873796
2012/5/25,600011.sh,3.65,3.72,3.64,3.71,3181881
2012/5/28,600011.sh,3.71,3.73,3.63,3.69,4547469
2012/5/29,600011.sh,3.67,3.72,3.63,3.68,14112282
2012/5/30,600011.sh,3.67,3.70,3.61,3.67,11463468
2012/5/31,600011.sh,3.64,3.67,3.61,3.63,9406096
2012/6/1,600011.sh,3.62,3.72,3.57,3.67,12525976
2012/6/4,600011.sh,3.63,3.78,3.62,3.77,29517785
2012/6/5,600011.sh,3.77,4.15,3.71,4.03,36438393
2012/6/6,600011.sh,3.99,4.11,3.97,4.09,39387565
2012/6/7,600011.sh,4.11,4.12,4.02,4.03,55908633
2012/6/8,600011.sh,4.03,4.19,3.99,4.01,47138113
2012/6/11,600011.sh,4.01,4.11,3.89,3.94,27564211
2012/6/12,600011.sh,3.94,3.94,3.94,3.94,INVALID
2012/6/13,600011.sh,3.96,4.23,3.96,4.17,92994786
2012/6/14,600011.sh,4.14,4.24,4.09,4.15,75140538
2012/6/15,600011.sh,4.15,4.29,4.09,4.10,49226549
2012/6/18,600011.sh,4.13,4.21,4.11,4.13,40068091
2012/6/19,600011.sh,4.13,4.23,4.11,4.21,41846902
2012/6/20,600011.sh,4.21,4.23,4.18,4.21,22608326
2012/6/21,600011.sh,4.21,4.29,4.17,4.28,46566028
2012/6/25,600011.sh,4.27,4.44,4.26,4.40,54412145
2012/6/26,600011.sh,4.35,4.40,4.33,4.35,17104680
2012/6/27,600011.sh,4.34,4.39,4.33,4.37,26198468
2012/6/28,600011.sh,4.41,4.43,4.27,4.37,33289444
2012/6/29,600011.sh,4.36,4.42,4.16,4.33,56677280
2012/7/2,600011.sh,4.33,4.36,4.19,4.31,37608079
2012/7/3,600011.sh,4.27,4.32,4.21,4.22,18924857
2012/7/4,600011.sh,4.23,4.24,4.09,4.18,25246013
2012/7/5,600011.sh,4.12,4.23,4.12,4.16,20402152
2012/7/6,600011.sh,4.21,4.23,4.14,4.19,23361692
2012/7/9,600011.sh,4.19,4.56,4.18,4.45,44659150
2012/7/10,600011.sh,4.43,4.65,4.39,4.56,49655803
2012/7/11,600011.sh,4.55,4.71,4.43,4.57,53793459
2012/7/12,600011.sh,4.53,4.57,4.40,4.53,39159145
2012/7/13,600011.sh,4.50,4.54,4.47,4.53,12567757
2012/7/16,600011.sh,4.57,4.88,4.56,4.65,25026540
2012/7/17,600011.sh,4.63,4.82,4.63,4.74,19621320
2012/7/18,600011.sh,4.74,4.90,4.74,4.80,25880812
2012/7/19,600011.sh,4.76,4.78,4.66,4.71,16296221
2012/7/20,600011.sh,4.69,4.74,4.63,4.65,8974913
2012/7/23,600011.sh,4.63,4.70,4.49,4.69,15143910
2012/7/24,600011.sh,4.69,4.76,4.66,4.67,9934773
2012/7/25,600011.sh,4.66,4.69,4.66,4.67,4245412
2012/7/26,600011.sh,4.66,4.73,4.52,4.59,10906739
2012/7/27,600011.sh,4.59,4.64,4.40,4.59,16982374
2012/7/30,600011.sh,4.53,4.63,4.39,4.47,20467633
2012/7/31,600011.sh,4.45,4.56,4.43,4.52,7661966
2012/8/1,600011.sh,4.61,4.69,4.55,4.61,12474624
2012/8/2,600011.sh,4.61,4.76,4.61,4.69,12190670
2012/8/3,600011.sh,4.73,4.82,4.70,4.74,9824538
2012/8/6,600011.sh,4.76,4.78,4.61,4.71,17642755
2012/8/7,600011.sh,4.69,4.69,4.48,4.57,24688236
2012/8/8,600011.sh,4.53,4.57,4.50,4.55,12443640
2012/8/9,600011.sh,4.54,4.58,4.48,4.53,11290751
2012/8/10,600011.sh,4.53,4.65,4.51,4.53,20310877
2012/8/13,600011.sh,4.53,4.59,4.50,4.53,13242589
2012/8/14,600011.sh,4.53,4.66,4.52,4.52,14807317
2012/8/15,600011.sh,4.54,4.55,4.40,4.42,16940406
2012/8/16,600011.sh,4.39,4.47,4.38,4.42,6673066
2012/8/17,600011.sh,4.41,4.50,4.41,4.48,10060825
2012/8/20,600011.sh,4.43,4.53,4.36,4.50,6839723
2012/8/21,600011.sh,4.55,4.56,4.47,4.48,8203502
2012/8/22,600011.sh,4.47,4.58,4.43,4.57,10780678
2012/8/23,600011.sh,4.56,4.61,4.50,4.57,6760927
2012/8/24,600011.sh,4.53,4.59,4.50,4.50,6388970
2012/8/27,600011.sh,4.49,4.53,4.37,4.39,12272931
2012/8/28,600011.sh,4.36,4.41,4.26,4.27,10737044
2012/8/29,600011.sh,4.23,4.27,4.17,4.20,7682937
2012/8/30,600011.sh,4.06,4.32,4.06,4.24,9087410
2012/8/31,600011.sh,4.19,4.32,4.19,4.25,3933294
2012/9/3,600011.sh,4.20,4.28,4.16,4.19,10237854
2012/9/4,600011.sh,4.14,4.21,4.14,4.14,6728828
2012/9/5,600011.sh,4.14,4.46,4.12,4.35,21551931
2012/9/6,600011.sh,4.37,4.38,4.31,4.35,5394493
2012/9/7,600011.sh,4.38,4.63,4.29,4.45,25126983
2012/9/10,600011.sh,4.46,4.50,4.37,4.49,10244877
2012/9/11,600011.sh,4.45,4.45,4.33,4.41,8533339
2012/9/12,600011.sh,4.43,4.47,4.18,4.29,10199662
2012/9/13,600011.sh,4.26,4.31,4.19,4.25,11746100
2012/9/14,600011.sh,4.27,4.28,4.08,4.15,18195171
2012/9/17,600011.sh,4.12,4.14,4.04,4.10,9640368
2012/9/18,600011.sh,4.09,4.09,3.97,3.99,9619217
2012/9/19,600011.sh,4.00,4.02,3.96,4.01,6467962
2012/9/20,600011.sh,3.98,4.01,3.86,3.86,8374124
2012/9/21,600011.sh,3.85,4.21,3.84,4.02,32560457
2012/9/24,600011.sh,3.94,4.11,3.89,4.02,11679036
2012/9/25,600011.sh,4.00,4.02,3.94,3.99,7743081
2012/9/26,600011.sh,3.96,4.02,3.89,3.90,6313168
2012/9/27,600011.sh,3.91,4.09,3.90,4.06,16015341
2012/9/28,600011.sh,4.04,4.32,4.00,4.25,29979484
2012/10/8,600011.sh,4.26,4.29,4.15,4.21,9465558
2012/10/9,600011.sh,4.21,4.28,4.14,4.23,20169432
2012/10/10,600011.sh,4.19,4.19,4.04,4.09,22787241
2012/10/11,600011.sh,4.06,4.10,4.02,4.09,12635549
2012/10/12,600011.sh,4.09,4.14,4.00,4.05,11936258
2012/10/15,600011.sh,4.03,4.12,4.03,4.08,8385959
2012/10/16,600011.sh,4.08,4.10,3.92,3.96,19905754
2012/10/17,600011.sh,3.98,4.12,3.97,4.06,13771310
2012/10/18,600011.sh,4.08,4.15,4.06,4.07,14925633
2012/10/19,600011.sh,4.09,4.09,3.98,4.01,12500550
2012/10/22,600011.sh,4.02,4.07,3.98,4.04,6170237
2012/10/23,600011.sh,4.04,4.06,3.96,4.02,10381753
2012/10/24,600011.sh,4.02,4.26,4.00,4.21,31194927
2012/10/25,600011.sh,4.23,4.42,4.19,4.26,27834477
2012/10/26,600011.sh,4.27,4.39,4.23,4.33,22235641
2012/10/29,600011.sh,4.31,4.45,4.23,4.29,16100201
2012/10/30,600011.sh,4.26,4.32,4.16,4.18,17010398
2012/10/31,600011.sh,4.18,4.36,4.03,4.31,20826895
2012/11/1,600011.sh,4.27,4.42,4.24,4.41,14154349
2012/11/2,600011.sh,4.38,4.45,4.33,4.39,6113570
2012/11/5,600011.sh,4.37,4.47,4.32,4.35,11097157
2012/11/6,600011.sh,4.35,4.45,4.33,4.44,11558530
2012/11/7,600011.sh,4.45,4.51,4.39,4.49,6070595
2012/11/8,600011.sh,4.46,4.51,4.37,4.38,6672638
2012/11/9,600011.sh,4.38,4.42,4.28,4.32,5344627
2012/11/12,600011.sh,4.32,4.49,4.31,4.39,14233814
2012/11/13,600011.sh,4.39,4.39,4.29,4.39,8786379
2012/11/14,600011.sh,4.37,4.45,4.33,4.43,6065957
2012/11/15,600011.sh,4.39,4.44,4.25,4.29,10162182
2012/11/16,600011.sh,4.26,4.30,4.13,4.23,15690728
2012/11/19,600011.sh,4.23,4.23,4.07,4.11,12706108
2012/11/20,600011.sh,4.13,4.27,4.10,4.24,9973062
2012/11/21,600011.sh,4.25,4.36,4.22,4.31,6469126
2012/11/22,600011.sh,4.29,4.39,4.29,4.34,6825599
2012/11/23,600011.sh,4.39,4.43,4.31,4.41,11831470
2012/11/26,600011.sh,4.35,4.45,4.34,4.39,12347409
2012/11/27,600011.sh,4.35,4.44,4.28,4.35,9872835
2012/11/28,600011.sh,4.35,4.37,4.16,4.27,6819396
2012/11/29,600011.sh,4.27,4.35,4.16,4.30,12761595
2012/11/30,600011.sh,4.29,4.45,4.23,4.41,12110955
2012/12/3,600011.sh,4.40,4.55,4.39,4.49,12464212
2012/12/4,600011.sh,4.53,4.54,4.45,4.51,9128998
2012/12/5,600011.sh,4.53,4.96,4.45,4.59,32893039
2012/12/6,600011.sh,4.59,4.76,4.47,4.73,20456005
2012/12/7,600011.sh,4.71,4.88,4.61,4.71,31035741
2012/12/10,600011.sh,4.78,4.82,4.54,4.62,27282427
2012/12/11,600011.sh,4.57,4.60,4.46,4.59,24510848
2012/12/12,600011.sh,4.54,4.60,4.49,4.57,12490170
2012/12/13,600011.sh,4.52,4.62,4.51,4.58,17974985
2012/12/14,600011.sh,4.59,4.75,4.54,4.74,30199602
2012/12/17,600011.sh,4.73,4.78,4.49,4.50,32136807
2012/12/18,600011.sh,4.55,4.55,4.46,4.51,22770157
2012/12/19,600011.sh,4.49,4.50,4.37,4.46,39835208
2012/12/20,600011.sh,4.42,4.53,4.42,4.51,12838559
2012/12/21,600011.sh,4.52,4.55,4.31,4.39,33528407
2012/12/24,600011.sh,4.36,4.46,4.35,4.45,18299085
2012/12/25,600011.sh,4.44,4.71,4.42,4.61,34384899
2012/12/26,600011.sh,4.60,4.61,4.47,4.57,40549431
2012/12/27,600011.sh,4.54,4.58,4.47,4.53,25084856
2012/12/28,600011.sh,4.52,4.64,4.51,4.62,28716364
2012/12/31,600011.sh,4.61,4.82,4.61,4.79,31058273
2013/1/4,600011.sh,4.76,4.81,4.62,4.68,25714922
2013/1/7,600011.sh,4.67,4.73,4.65,4.70,23415639
2013/1/8,600011.sh,4.70,4.79,4.65,4.77,20102271
2013/1/9,600011.sh,4.77,4.77,4.53,4.59,35467266
2013/1/10,600011.sh,4.58,4.59,4.46,4.49,47243873
2013/1/11,600011.sh,4.49,4.49,4.36,4.39,35455418
2013/1/14,600011.sh,4.39,4.50,4.35,4.48,48359607
2013/1/15,600011.sh,4.45,4.47,4.39,4.44,47810841
2013/1/16,600011.sh,4.43,4.48,4.38,4.43,33535492
2013/1/17,600011.sh,4.43,4.47,4.41,4.41,27934302
2013/1/18,600011.sh,4.44,4.47,4.41,4.46,36770979
2013/1/21,600011.sh,4.46,4.47,4.26,4.29,65883901
2013/1/22,600011.sh,4.27,4.27,4.08,4.16,75708296
2013/1/23,600011.sh,4.14,4.21,4.12,4.21,29756519
2013/1/24,600011.sh,4.22,4.25,4.15,4.17,31742809
2013/1/25,600011.sh,4.18,4.23,4.17,4.21,15261692
2013/1/28,600011.sh,4.25,4.25,4.19,4.23,37364434
2013/1/29,600011.sh,4.23,4.24,4.15,4.24,54891572
2013/1/30,600011.sh,4.24,4.29,4.19,4.28,41397268
2013/1/31,600011.sh,4.28,4.55,4.23,4.54,91557248
2013/2/1,600011.sh,4.52,4.62,4.47,4.53,54755988
2013/2/4,600011.sh,4.53,4.73,4.53,4.55,55624542
2013/2/5,600011.sh,4.55,4.64,4.53,4.61,41589125
2013/2/6,600011.sh,4.60,4.66,4.51,4.54,34493476
2013/2/7,600011.sh,4.49,4.60,4.46,4.55,29742391
2013/2/8,600011.sh,4.55,4.61,4.54,4.55,14769112
2013/2/18,600011.sh,4.58,4.59,4.46,4.50,18088556
2013/2/19,600011.sh,4.51,4.52,4.39,4.41,16819716
2013/2/20,600011.sh,4.41,4.51,4.39,4.49,24882267
2013/2/21,600011.sh,4.43,4.48,4.29,4.35,33922654
2013/2/22,600011.sh,4.38,4.38,4.32,4.33,11670972
2013/2/25,600011.sh,4.35,4.52,4.30,4.45,26619094
2013/2/26,600011.sh,4.43,4.49,4.29,4.31,26048699
2013/2/27,600011.sh,4.37,4.42,4.29,4.33,18750250
2013/2/28,600011.sh,4.33,4.45,4.31,4.43,23839292
2013/3/1,600011.sh,4.43,4.48,4.35,4.47,24770259
2013/3/4,600011.sh,4.46,4.59,4.42,4.47,55767424
2013/3/5,600011.sh,4.48,4.69,4.44,4.56,37516960
2013/3/6,600011.sh,4.66,4.79,4.65,4.69,41264113
2013/3/7,600011.sh,4.64,4.75,4.59,4.73,35316711
2013/3/8,600011.sh,4.75,4.77,4.65,4.66,12787188
2013/3/11,600011.sh,4.63,4.67,4.55,4.57,21761180
2013/3/12,600011.sh,4.59,4.69,4.49,4.56,34605980
2013/3/13,600011.sh,4.55,4.57,4.41,4.48,16144642
2013/3/14,600011.sh,4.37,4.49,4.37,4.47,9568887
2013/3/15,600011.sh,4.46,4.56,4.40,4.53,17963341
2013/3/18,600011.sh,4.53,4.65,4.47,4.62,24227408
2013/3/19,600011.sh,4.63,4.81,4.63,4.75,35642798
2013/3/20,600011.sh,4.74,4.80,4.62,4.66,43758706
2013/3/21,600011.sh,4.67,4.71,4.62,4.64,19407140
2013/3/22,600011.sh,4.66,4.68,4.56,4.66,15810353
2013/3/25,600011.sh,4.68,4.69,4.57,4.61,14796489
2013/3/26,600011.sh,4.57,4.60,4.49,4.57,18199853
2013/3/27,600011.sh,4.57,4.67,4.55,4.67,21430182
2013/3/28,600011.sh,4.63,4.68,4.50,4.55,22241403
2013/3/29,600011.sh,4.59,4.67,4.56,4.63,15815519
2013/4/1,600011.sh,4.58,4.60,4.51,4.55,8849105
2013/4/2,600011.sh,4.53,4.65,4.53,4.55,16529439
2013/4/3,600011.sh,4.57,4.61,4.51,4.56,11701636
2013/4/8,600011.sh,4.48,4.55,4.47,4.50,13930271
2013/4/9,600011.sh,4.54,4.55,4.46,4.49,13824262
2013/4/10,600011.sh,4.48,4.50,4.33,4.40,31329760
2013/4/11,600011.sh,4.40,4.42,4.35,4.39,13993442
2013/4/12,600011.sh,4.37,4.42,4.31,4.35,20829977
2013/4/15,600011.sh,4.35,4.37,4.26,4.29,15630146
2013/4/16,600011.sh,4.30,4.33,4.14,4.16,35134855
2013/4/17,600011.sh,4.16,4.21,4.10,4.19,23812711
2013/4/18,600011.sh,4.18,4.28,4.16,4.27,17633334
2013/4/19,600011.sh,4.28,4.40,4.27,4.37,23297016
2013/4/22,600011.sh,4.35,4.37,4.27,4.35,27151421
2013/4/23,600011.sh,4.35,4.37,4.29,4.36,23817740
2013/4/24,600011.sh,4.39,4.43,4.28,4.41,31503812
2013/4/25,600011.sh,4.41,4.41,4.31,4.39,18419383
2013/4/26,600011.sh,4.39,4.40,4.23,4.27,17036094
2013/5/2,600011.sh,4.27,4.37,4.27,4.35,16523606
2013/5/3,600011.sh,4.39,4.53,4.37,4.49,27727089
2013/5/6,600011.sh,4.49,4.58,4.49,4.55,21887381
2013/5/7,600011.sh,4.55,4.65,4.55,4.63,21236498
2013/5/8,600011.sh,4.67,4.72,4.61,4.64,29124171
2013/5/9,600011.sh,4.64,4.72,4.63,4.70,24088584
2013/5/10,600011.sh,4.63,4.70,4.56,4.61,29214755
2013/5/13,600011.sh,4.60,4.63,4.53,4.55,18531006
2013/5/14,600011.sh,4.53,4.60,4.49,4.57,18055401
2013/5/15,600011.sh,4.55,4.63,4.53,4.61,11138401
2013/5/16,600011.sh,4.59,4.69,4.55,4.67,16467151
2013/5/17,600011.sh,4.67,4.86,4.67,4.81,29344877
2013/5/20,600011.sh,4.82,4.82,4.69,4.76,27427597
2013/5/21,600011.sh,4.69,4.74,4.56,4.63,33060574
2013/5/22,600011.sh,4.59,4.59,4.33,4.36,109893427
2013/5/23,600011.sh,4.37,4.39,4.33,4.35,48553539
2013/5/24,600011.sh,4.38,4.38,4.29,4.31,42426483
2013/5/27,600011.sh,4.31,4.34,4.27,4.33,30743987
2013/5/28,600011.sh,4.32,4.39,4.29,4.38,36022431
2013/5/29,600011.sh,4.39,4.42,4.35,4.40,36142887
2013/5/30,600011.sh,4.39,4.43,4.35,4.36,25835312
2013/5/31,600011.sh,4.36,4.39,4.29,4.30,28311760
2013/6/3,600011.sh,4.31,4.33,4.28,4.29,25337527
2013/6/4,600011.sh,4.29,4.30,4.21,4.23,24400889
2013/6/5,600011.sh,4.23,4.28,4.23,4.27,12577869
2013/6/6,600011.sh,4.27,4.27,4.21,4.21,13629993
2013/6/7,600011.sh,4.23,4.26,4.14,4.16,20141893
2013/6/13,600011.sh,4.07,4.10,3.74,3.80,60362546
2013/6/14,600011.sh,3.82,3.84,3.68,3.76,41627253
2013/6/17,600011.sh,3.76,3.76,3.70,3.70,26299613
2013/6/18,600011.sh,3.72,3.74,3.66,3.69,24991264
2013/6/19,600011.sh,3.68,3.68,3.53,3.62,41005373
2013/6/20,600011.sh,3.60,3.65,3.55,3.64,34790281
2013/6/21,600011.sh,3.59,3.68,3.56,3.67,24608279
2013/6/24,600011.sh,3.66,3.66,3.41,3.42,35038399
2013/6/25,600011.sh,3.37,3.51,3.19,3.48,38696402
2013/6/26,600011.sh,3.45,3.48,3.36,3.41,42996503
2013/6/27,600011.sh,3.44,3.68,3.44,3.57,59140348
2013/6/28,600011.sh,3.57,3.68,3.53,3.58,32456969
2013/7/1,600011.sh,3.58,3.66,3.55,3.59,23188115
2013/7/2,600011.sh,3.60,3.65,3.57,3.64,16518491
2013/7/3,600011.sh,3.64,3.64,3.45,3.53,27667455
2013/7/4,600011.sh,3.52,3.65,3.42,3.60,24730676
2013/7/5,600011.sh,3.60,3.72,3.60,3.71,19814938
2013/7/8,600011.sh,3.69,3.69,3.60,3.63,16584047
2013/7/9,600011.sh,3.65,3.71,3.64,3.69,11868600
2013/7/10,600011.sh,3.69,3.77,3.67,3.74,16873804
2013/7/11,600011.sh,3.74,3.95,3.74,3.94,38164666
2013/7/12,600011.sh,3.97,3.97,3.79,3.84,24278344
2013/7/15,600011.sh,3.81,3.88,3.79,3.82,22603876
2013/7/16,600011.sh,3.80,3.84,3.77,3.81,17773055
2013/7/17,600011.sh,3.81,3.84,3.79,3.81,12482264
2013/7/18,600011.sh,3.79,3.81,3.71,3.75,27809695
2013/7/19,600011.sh,3.77,3.79,3.69,3.70,17146340
2013/7/22,600011.sh,3.67,3.70,3.59,3.65,16605267
2013/7/23,600011.sh,3.67,3.75,3.65,3.72,17519415
2013/7/24,600011.sh,3.71,3.72,3.58,3.63,21560399
2013/7/25,600011.sh,3.65,3.65,3.57,3.59,18781111
2013/7/26,600011.sh,3.57,3.67,3.56,3.66,18289064
2013/7/29,600011.sh,3.63,3.70,3.60,3.70,18639182
2013/7/30,600011.sh,3.72,3.84,3.72,3.78,27338438
2013/7/31,600011.sh,3.84,3.91,3.74,3.74,30377261
2013/8/1,600011.sh,3.77,3.90,3.76,3.89,42569645
2013/8/2,600011.sh,3.91,3.94,3.81,3.84,27480208
2013/8/5,600011.sh,3.86,3.94,3.82,3.92,30297156
2013/8/6,600011.sh,3.91,4.12,3.88,4.10,54530138
2013/8/7,600011.sh,4.04,4.11,4.02,4.05,35774235
2013/8/8,600011.sh,4.05,4.06,3.99,4.04,25287521
2013/8/9,600011.sh,4.04,4.08,3.90,4.02,35880628
2013/8/12,600011.sh,4.05,4.11,4.01,4.09,33619287
2013/8/13,600011.sh,4.09,4.14,4.04,4.04,29130277
2013/8/14,600011.sh,4.04,4.07,3.98,3.99,18680406
2013/8/15,600011.sh,4.01,4.05,3.96,3.97,14721709
2013/8/16,600011.sh,3.98,4.37,3.92,4.00,38010678
2013/8/19,600011.sh,3.97,3.97,3.81,3.88,47801818
2013/8/20,600011.sh,3.90,3.95,3.82,3.85,30401790
2013/8/21,600011.sh,3.88,3.88,3.82,3.85,17491387
2013/8/22,600011.sh,3.84,3.87,3.80,3.83,15264448
2013/8/23,600011.sh,3.84,3.85,3.73,3.77,16644548
2013/8/26,600011.sh,3.77,3.85,3.74,3.84,21236116
2013/8/27,600011.sh,3.83,3.86,3.81,3.85,14949510
2013/8/28,600011.sh,3.82,3.87,3.81,3.86,20641957
2013/8/29,600011.sh,3.86,3.86,3.79,3.81,16439712
2013/8/30,600011.sh,3.80,3.86,3.79,3.82,20869159
2013/9/2,600011.sh,3.82,3.86,3.81,3.84,17276228
2013/9/3,600011.sh,3.85,3.86,3.81,3.86,19252063
2013/9/4,600011.sh,3.84,3.84,3.81,3.84,19466090
2013/9/5,600011.sh,3.84,3.85,3.78,3.79,18718863
2013/9/6,600011.sh,3.78,3.80,3.71,3.72,28371762
2013/9/9,600011.sh,3.73,3.82,3.70,3.81,27980303
2013/9/10,600011.sh,3.81,3.90,3.79,3.90,39266357
2013/9/11,600011.sh,3.91,4.02,3.88,3.98,71360897
2013/9/12,600011.sh,3.95,4.02,3.90,3.99,48551081
2013/9/13,600011.sh,3.96,3.98,3.89,3.92,26999075
2013/9/16,600011.sh,3.95,3.95,3.91,3.93,26726259
2013/9/17,600011.sh,3.93,3.93,3.83,3.84,22075379
2013/9/18,600011.sh,3.86,3.88,3.83,3.86,12501228
2013/9/23,600011.sh,3.87,3.94,3.87,3.93,15532918
2013/9/24,600011.sh,3.91,3.92,3.81,3.84,15609884
2013/9/25,600011.sh,3.84,3.86,3.81,3.84,11722344
2013/9/26,600011.sh,3.85,3.87,3.78,3.80,16568478
2013/9/27,600011.sh,3.78,3.80,3.73,3.75,14136297
2013/9/30,600011.sh,3.76,3.79,3.73,3.75,6323685
2013/10/8,600011.sh,3.74,3.84,3.73,3.84,20467110
2013/10/9,600011.sh,3.81,3.86,3.81,3.83,10753370
2013/10/10,600011.sh,3.82,3.84,3.74,3.80,16495396
2013/10/11,600011.sh,3.82,3.84,3.79,3.84,12912017
2013/10/14,600011.sh,3.85,3.86,3.81,3.84,18049360
2013/10/15,600011.sh,3.84,4.00,3.84,3.95,44210048
2013/10/16,600011.sh,3.94,4.02,3.93,3.96,38522981
2013/10/17,600011.sh,3.97,4.00,3.92,3.95,24170716
2013/10/18,600011.sh,3.93,4.00,3.93,3.99,21694957
2013/10/21,600011.sh,3.99,4.04,3.98,4.04,24045176
2013/10/22,600011.sh,4.04,4.13,4.04,4.11,28832162
2013/10/23,600011.sh,3.98,4.07,3.86,3.88,40477911
2013/10/24,600011.sh,3.86,3.92,3.84,3.84,22713995
2013/10/25,600011.sh,3.84,3.88,3.73,3.77,23948882
2013/10/28,600011.sh,3.79,3.81,3.74,3.81,13857313
2013/10/29,600011.sh,3.81,3.93,3.80,3.88,31640757
2013/10/30,600011.sh,3.91,4.23,3.88,4.09,70484788
2013/10/31,600011.sh,4.07,4.08,3.96,4.03,32799702
2013/11/1,600011.sh,4.05,4.07,4.00,4.04,26083976
2013/11/4,600011.sh,4.07,4.15,4.02,4.05,18940853
2013/11/5,600011.sh,4.02,4.06,3.98,4.04,18849326
2013/11/6,600011.sh,4.02,4.07,4.00,4.00,12829898
2013/11/7,600011.sh,4.00,4.05,3.97,4.02,9033397
2013/11/8,600011.sh,4.00,4.09,3.92,4.01,14210246
2013/11/11,600011.sh,3.98,4.01,3.93,3.97,8940504
2013/11/12,600011.sh,3.97,3.99,3.92,3.97,13971637
2013/11/13,600011.sh,3.92,3.95,3.79,3.86,16827302
2013/11/14,600011.sh,3.86,3.86,3.79,3.79,12178921
2013/11/15,600011.sh,3.79,3.87,3.79,3.82,40327545
2013/11/18,600011.sh,3.84,3.88,3.80,3.88,48031192
2013/11/19,600011.sh,3.88,3.89,3.85,3.87,28317240
2013/11/20,600011.sh,3.87,3.89,3.86,3.88,15282621
2013/11/21,600011.sh,3.87,3.87,3.84,3.87,13004363
2013/11/22,600011.sh,3.88,3.88,3.83,3.84,17735460
2013/11/25,600011.sh,3.81,3.84,3.77,3.79,28987124
2013/11/26,600011.sh,3.80,3.84,3.79,3.81,12298455
2013/11/27,600011.sh,3.81,3.86,3.80,3.84,11572973
2013/11/28,600011.sh,3.85,3.88,3.83,3.86,20067011
2013/11/29,600011.sh,3.86,3.86,3.83,3.84,10286096
2013/12/2,600011.sh,3.85,3.92,3.84,3.88,30366180
2013/12/3,600011.sh,3.89,3.97,3.87,3.94,36677290
2013/12/4,600011.sh,3.92,3.97,3.91,3.94,36267930
2013/12/5,600011.sh,3.94,3.95,3.91,3.92,14886136
2013/12/6,600011.sh,3.92,3.93,3.87,3.88,16263419
2013/12/9,600011.sh,3.91,3.91,3.86,3.87,11640727
2013/12/10,600011.sh,3.87,3.89,3.86,3.88,11080487
2013/12/11,600011.sh,3.86,3.87,3.77,3.79,22682761
2013/12/12,600011.sh,3.80,3.80,3.77,3.78,14662734
2013/12/13,600011.sh,3.76,3.77,3.73,3.74,19883538
2013/12/16,600011.sh,3.76,3.76,3.67,3.68,21008188
2013/12/17,600011.sh,3.68,3.70,3.67,3.70,10984141
2013/12/18,600011.sh,3.70,3.70,3.67,3.69,9142162
2013/12/19,600011.sh,3.71,3.72,3.63,3.63,11134303
2013/12/20,600011.sh,3.65,3.65,3.51,3.53,17060017
2013/12/23,600011.sh,3.53,3.58,3.51,3.56,8705407
2013/12/24,600011.sh,3.58,3.60,3.53,3.56,7349653
2013/12/25,600011.sh,3.56,3.58,3.53,3.55,7733191
2013/12/26,600011.sh,3.53,3.56,3.44,3.47,17164502
2013/12/27,600011.sh,3.50,3.52,3.47,3.52,15955364
2013/12/30,600011.sh,3.52,3.53,3.49,3.49,24811374
2013/12/31,600011.sh,3.48,3.55,3.47,3.53,12918313
2014/1/2,600011.sh,3.51,3.56,3.50,3.53,11596205
2014/1/3,600011.sh,3.51,3.53,3.42,3.48,14202905
2014/1/6,600011.sh,3.47,3.47,3.29,3.33,28026439
2014/1/7,600011.sh,3.30,3.33,3.27,3.30,21955028
2014/1/8,600011.sh,3.32,3.33,3.26,3.33,19228630
2014/1/9,600011.sh,3.31,3.37,3.29,3.32,18820130
2014/1/10,600011.sh,3.31,3.40,3.30,3.40,27874154
2014/1/13,600011.sh,3.40,3.43,3.37,3.41,12235827
2014/1/14,600011.sh,3.40,3.42,3.36,3.42,11005978
2014/1/15,600011.sh,3.42,3.42,3.30,3.33,16451531
2014/1/16,600011.sh,3.32,3.38,3.32,3.36,14318651
2014/1/17,600011.sh,3.35,3.35,3.30,3.31,11191192
2014/1/20,600011.sh,3.31,3.33,3.27,3.28,11230893
2014/1/21,600011.sh,3.28,3.35,3.28,3.33,10893130
2014/1/22,600011.sh,3.34,3.40,3.32,3.40,13404230
2014/1/23,600011.sh,3.40,3.46,3.39,3.43,17350697
2014/1/24,600011.sh,3.42,3.47,3.42,3.44,14202836
2014/1/27,600011.sh,3.43,3.47,3.42,3.47,15892984
2014/1/28,600011.sh,3.45,3.46,3.38,3.40,30282640
2014/1/29,600011.sh,3.41,3.45,3.39,3.44,11555809
2014/1/30,600011.sh,3.43,3.43,3.39,3.40,6483709
2014/2/7,600011.sh,3.35,3.38,3.30,3.37,18237290
2014/2/10,600011.sh,3.40,3.44,3.37,3.42,17926654
2014/2/11,600011.sh,3.42,3.47,3.40,3.46,20490321
2014/2/12,600011.sh,3.47,3.47,3.43,3.45,12829642
2014/2/13,600011.sh,3.45,3.46,3.42,3.42,17264646
2014/2/14,600011.sh,3.43,3.45,3.42,3.44,14804797
2014/2/17,600011.sh,3.46,3.46,3.44,3.45,14686858
2014/2/18,600011.sh,3.44,3.46,3.40,3.41,12643360
2014/2/19,600011.sh,3.42,3.44,3.38,3.44,15862919
2014/2/20,600011.sh,3.44,3.49,3.43,3.46,24608758
2014/2/21,600011.sh,3.46,3.47,3.39,3.40,15076936
2014/2/24,600011.sh,3.39,3.39,3.30,3.33,15781981
2014/2/25,600011.sh,3.35,3.35,3.28,3.28,18421903
2014/2/26,600011.sh,3.28,3.31,3.28,3.31,10307458
2014/2/27,600011.sh,3.30,3.40,3.28,3.35,26618087
2014/2/28,600011.sh,3.35,3.40,3.34,3.36,18120936
2014/3/3,600011.sh,3.34,3.46,3.33,3.44,30878656
2014/3/4,600011.sh,3.43,3.43,3.37,3.41,20094558
2014/3/5,600011.sh,3.42,3.42,3.37,3.38,16576576
2014/3/6,600011.sh,3.37,3.40,3.32,3.34,20719576
2014/3/7,600011.sh,3.33,3.36,3.30,3.32,14652881
2014/3/10,600011.sh,3.30,3.30,3.24,3.25,18158404
2014/3/11,600011.sh,3.25,3.26,3.21,3.23,12193805
2014/3/12,600011.sh,3.23,3.25,3.19,3.22,14407624
2014/3/13,600011.sh,3.22,3.29,3.22,3.28,21046184
2014/3/14,600011.sh,3.26,3.28,3.21,3.23,15599229
2014/3/17,600011.sh,3.26,3.28,3.23,3.27,15308091
2014/3/18,600011.sh,3.29,3.38,3.27,3.37,32642039
2014/3/19,600011.sh,3.38,3.40,3.34,3.37,30205075
2014/3/20,600011.sh,3.37,3.40,3.33,3.33,22708245
2014/3/21,600011.sh,3.32,3.49,3.32,3.47,46493914
2014/3/24,600011.sh,3.49,3.53,3.46,3.49,29897555
2014/3/25,600011.sh,3.49,3.60,3.45,3.56,41783067
2014/3/26,600011.sh,3.54,3.55,3.48,3.49,19116085
2014/3/27,600011.sh,3.49,3.52,3.47,3.48,16861798
2014/3/28,600011.sh,3.47,3.52,3.46,3.47,15535298
2014/3/31,600011.sh,3.50,3.55,3.46,3.52,22859993
2014/4/1,600011.sh,3.51,3.58,3.51,3.57,19916264
2014/4/2,600011.sh,3.56,3.60,3.55,3.60,16103220
2014/4/3,600011.sh,3.61,3.62,3.52,3.53,15900460
2014/4/4,600011.sh,3.53,3.56,3.51,3.55,7767110
2014/4/8,600011.sh,3.55,3.64,3.53,3.62,22084873
2014/4/9,600011.sh,3.62,3.65,3.60,3.63,16953127
2014/4/10,600011.sh,3.63,3.97,3.59,3.81,89924546
2014/4/11,600011.sh,3.81,3.82,3.74,3.80,37346513
2014/4/14,600011.sh,3.79,3.80,3.73,3.75,16744360
2014/4/15,600011.sh,3.75,3.79,3.73,3.74,15300260
2014/4/16,600011.sh,3.74,3.79,3.73,3.77,12856149
2014/4/17,600011.sh,3.77,3.78,3.71,3.72,12950139
2014/4/18,600011.sh,3.70,3.74,3.65,3.71,10898243
2014/4/21,600011.sh,3.69,3.74,3.65,3.66,9982519
2014/4/22,600011.sh,3.64,3.67,3.61,3.67,13443918
2014/4/23,600011.sh,3.70,3.75,3.65,3.74,14874061
2014/4/24,600011.sh,3.75,3.77,3.72,3.73,11204104
2014/4/25,600011.sh,3.76,3.80,3.73,3.73,15535910
2014/4/28,600011.sh,3.73,3.86,3.71,3.77,28598635
2014/4/29,600011.sh,3.76,3.84,3.76,3.80,20781596
2014/4/30,600011.sh,3.80,3.84,3.74,3.78,17319922
2014/5/5,600011.sh,3.74,3.77,3.68,3.73,13246030
2014/5/6,600011.sh,3.73,3.81,3.72,3.77,13182610
2014/5/7,600011.sh,3.76,3.81,3.73,3.77,12341205
2014/5/8,600011.sh,3.76,3.81,3.74,3.74,15239172
2014/5/9,600011.sh,3.77,3.77,3.64,3.68,18525779
2014/5/12,600011.sh,3.70,3.76,3.67,3.73,11531519
2014/5/13,600011.sh,3.71,3.75,3.70,3.75,12553476
2014/5/14,600011.sh,3.74,3.81,3.74,3.78,14194577
2014/5/15,600011.sh,3.78,3.80,3.73,3.76,10725165
2014/5/16,600011.sh,3.77,3.83,3.75,3.83,15353392
2014/5/19,600011.sh,3.82,3.93,3.79,3.91,30268204
2014/5/20,600011.sh,3.91,3.92,3.84,3.86,12892240
2014/5/21,600011.sh,3.84,3.91,3.81,3.89,10307428
2014/5/22,600011.sh,3.88,3.95,3.88,3.90,17710608
2014/5/23,600011.sh,3.91,3.94,3.88,3.91,9702749
2014/5/26,600011.sh,3.94,3.95,3.88,3.91,12625943
2014/5/27,600011.sh,3.90,3.91,3.88,3.88,9415336
2014/5/28,600011.sh,3.88,3.90,3.86,3.88,8878635
2014/5/29,600011.sh,3.88,3.90,3.86,3.88,7107977
2014/5/30,600011.sh,3.88,3.92,3.88,3.88,7530345
2014/6/3,600011.sh,3.90,3.92,3.88,3.90,10507196
2014/6/4,600011.sh,3.91,3.91,3.84,3.88,12001124
2014/6/5,600011.sh,3.88,3.92,3.86,3.91,10484906
2014/6/6,600011.sh,3.91,3.92,3.86,3.86,5535339
2014/6/9,600011.sh,3.86,3.91,3.86,3.87,5905686
2014/6/10,600011.sh,3.88,3.91,3.85,3.89,9770271
2014/6/11,600011.sh,3.88,3.88,3.84,3.86,9866184
2014/6/12,600011.sh,3.85,3.88,3.84,3.85,6702463
2014/6/13,600011.sh,3.85,3.87,3.84,3.85,12326788
2014/6/16,600011.sh,3.84,3.86,3.84,3.84,15679695
2014/6/17,600011.sh,3.84,3.85,3.79,3.79,13508124
2014/6/18,600011.sh,3.79,3.83,3.79,3.81,11269739
2014/6/19,600011.sh,3.83,3.84,3.79,3.81,8231662
2014/6/20,600011.sh,3.83,3.92,3.81,3.90,22006704
2014/6/23,600011.sh,3.91,3.91,3.81,3.81,14020030
2014/6/24,600011.sh,3.81,3.85,3.81,3.84,7765296
2014/6/25,600011.sh,3.84,3.86,3.81,3.86,8550443
2014/6/26,600011.sh,3.86,3.90,3.86,3.89,7893908
2014/6/27,600011.sh,3.87,3.91,3.86,3.91,10760339
2014/6/30,600011.sh,3.91,3.97,3.91,3.95,12523836
2014/7/1,600011.sh,3.97,3.97,3.91,3.93,10215339
2014/7/2,600011.sh,3.93,3.97,3.91,3.96,11724468
2014/7/3,600011.sh,3.97,4.01,3.96,3.99,12428078
2014/7/4,600011.sh,4.00,4.03,3.98,4.02,11188658
2014/7/7,600011.sh,4.02,4.05,4.00,4.02,6928605
2014/7/8,600011.sh,4.01,4.14,4.00,4.12,20554802
2014/7/9,600011.sh,4.11,4.33,4.04,4.14,23191588
2014/7/10,600011.sh,4.14,4.28,4.11,4.17,29567603
2014/7/11,600011.sh,4.18,4.28,4.14,4.15,29880111
2014/7/14,600011.sh,4.17,4.29,4.17,4.28,22983710
2014/7/15,600011.sh,4.30,4.37,4.11,4.22,61236839
2014/7/16,600011.sh,4.18,4.35,4.16,4.30,39544335
2014/7/17,600011.sh,4.30,4.36,4.24,4.30,31517454
2014/7/18,600011.sh,4.30,4.39,4.28,4.33,33523616
2014/7/21,600011.sh,4.34,4.47,4.34,4.45,28027839
2014/7/22,600011.sh,4.45,4.59,4.43,4.57,27963335
2014/7/23,600011.sh,4.56,4.64,4.55,4.60,23897857
2014/7/24,600011.sh,4.60,4.66,4.51,4.60,25945801
2014/7/25,600011.sh,4.60,4.61,4.47,4.59,31755433
2014/7/28,600011.sh,4.57,4.68,4.57,4.66,27590422
2014/7/29,600011.sh,4.66,4.66,4.56,4.61,19339290
2014/7/30,600011.sh,4.52,4.52,4.38,4.40,55978645
2014/7/31,600011.sh,4.39,4.42,4.36,4.42,25847662
2014/8/1,600011.sh,4.43,4.51,4.42,4.46,30453661
2014/8/4,600011.sh,4.48,4.50,4.43,4.49,26151936
2014/8/5,600011.sh,4.48,4.48,4.42,4.47,27386763
2014/8/6,600011.sh,4.44,4.47,4.43,4.47,18024629
2014/8/7,600011.sh,4.46,4.49,4.42,4.42,20188759
2014/8/8,600011.sh,4.42,4.44,4.39,4.41,14943527
2014/8/11,600011.sh,4.43,4.45,4.41,4.44,10137699
2014/8/12,600011.sh,4.42,4.44,4.39,4.42,13806704
2014/8/13,600011.sh,4.42,4.45,4.40,4.44,17038631
2014/8/14,600011.sh,4.43,4.45,4.38,4.39,14802421
2014/8/15,600011.sh,4.39,4.43,4.39,4.40,14084494
2014/8/18,600011.sh,4.40,4.43,4.39,4.40,12448104
2014/8/19,600011.sh,4.40,4.42,4.36,4.39,14135548
2014/8/20,600011.sh,4.36,4.39,4.36,4.37,11052111
2014/8/21,600011.sh,4.36,4.38,4.30,4.33,15208361
2014/8/22,600011.sh,4.33,4.36,4.32,4.36,9453752
2014/8/25,600011.sh,4.37,4.39,4.34,4.38,13395848
2014/8/26,600011.sh,4.37,4.39,4.33,4.34,11225489
2014/8/27,600011.sh,4.33,4.41,4.33,4.41,14668456
2014/8/28,600011.sh,4.42,4.47,4.41,4.45,27369389
2014/8/29,600011.sh,4.47,4.52,4.45,4.51,18162960
2014/9/1,600011.sh,4.51,4.54,4.48,4.51,18319804
2014/9/2,600011.sh,4.50,4.57,4.48,4.56,26685661
2014/9/3,600011.sh,4.58,4.62,4.56,4.62,20055267
2014/9/4,600011.sh,4.62,4.68,4.58,4.66,19599783
2014/9/5,600011.sh,4.66,4.78,4.65,4.77,23436729
2014/9/9,600011.sh,4.77,4.80,4.69,4.73,15253283
2014/9/10,600011.sh,4.69,4.73,4.65,4.71,14978644
2014/9/11,600011.sh,4.70,4.79,4.66,4.74,21236169
2014/9/12,600011.sh,4.71,4.77,4.69,4.74,10850340
2014/9/15,600011.sh,4.71,4.77,4.66,4.69,23753153
2014/9/16,600011.sh,4.69,4.73,4.62,4.62,19309622
2014/9/17,600011.sh,4.65,4.68,4.61,4.64,13898153
2014/9/18,600011.sh,4.61,4.65,4.56,4.57,15628289
2014/9/19,600011.sh,4.59,4.65,4.55,4.63,18571645
2014/9/22,600011.sh,4.62,4.62,4.50,4.54,18282833
2014/9/23,600011.sh,4.54,4.59,4.53,4.55,11870458
2014/9/24,600011.sh,4.53,4.65,4.52,4.61,23104804
2014/9/25,600011.sh,4.66,4.74,4.65,4.68,19777903
2014/9/26,600011.sh,4.66,4.68,4.62,4.64,9942162
2014/9/29,600011.sh,4.63,4.66,4.56,4.60,21261000
2014/9/30,600011.sh,4.59,4.62,4.54,4.56,18080439
2014/10/8,600011.sh,4.58,4.62,4.56,4.61,19973892
2014/10/9,600011.sh,4.62,4.65,4.60,4.63,17603032
2014/10/10,600011.sh,4.61,4.62,4.50,4.53,30854427
2014/10/13,600011.sh,4.50,4.50,4.41,4.44,18304586
2014/10/14,600011.sh,4.48,4.67,4.48,4.62,50071175
2014/10/15,600011.sh,4.61,4.61,4.50,4.56,22443144
2014/10/16,600011.sh,4.54,4.59,4.51,4.55,18976082
2014/10/17,600011.sh,4.56,4.58,4.47,4.51,22407061
2014/10/20,600011.sh,4.54,4.56,4.49,4.50,15913525
2014/10/21,600011.sh,4.50,4.56,4.50,4.52,14633051
2014/10/22,600011.sh,4.53,4.58,4.52,4.55,12380263
2014/10/23,600011.sh,4.56,4.60,4.54,4.56,17319197
2014/10/24,600011.sh,4.57,4.57,4.52,4.53,8602307
2014/10/27,600011.sh,4.50,4.53,4.31,4.40,26508950
2014/10/28,600011.sh,4.40,4.47,4.39,4.47,25182035
2014/10/29,600011.sh,4.48,4.59,4.47,4.58,22001149
2014/10/30,600011.sh,4.59,5.00,4.56,4.88,69661472
2014/10/31,600011.sh,4.86,4.95,4.76,4.82,50277968
2014/11/3,600011.sh,4.82,4.91,4.77,4.82,26282298
2014/11/4,600011.sh,4.79,4.88,4.77,4.85,27140326
2014/11/5,600011.sh,4.88,5.03,4.88,4.93,36274140
2014/11/6,600011.sh,4.83,4.83,4.67,4.73,49173614
2014/11/7,600011.sh,4.73,4.80,4.65,4.68,41733744
2014/11/10,600011.sh,4.73,4.85,4.72,4.78,45363908
2014/11/11,600011.sh,4.82,4.94,4.77,4.84,66989670
2014/11/12,600011.sh,4.80,4.91,4.77,4.91,39743821
2014/11/13,600011.sh,4.91,4.95,4.84,4.88,41412958
2014/11/14,600011.sh,4.91,4.98,4.82,4.92,38211384
2014/11/17,600011.sh,5.07,5.08,4.79,4.81,57481139
2014/11/18,600011.sh,4.75,4.80,4.69,4.71,29724025
2014/11/19,600011.sh,4.71,4.73,4.62,4.64,28437233
2014/11/20,600011.sh,4.65,4.67,4.61,4.65,23742900
2014/11/21,600011.sh,4.65,4.70,4.60,4.69,23592639
2014/11/24,600011.sh,4.84,4.86,4.74,4.82,46125983
2014/11/25,600011.sh,4.83,4.86,4.79,4.86,31390630
2014/11/26,600011.sh,4.86,4.93,4.84,4.93,42049545
2014/11/27,600011.sh,4.94,4.95,4.84,4.88,37323796
2014/11/28,600011.sh,4.85,4.97,4.82,4.96,54796958
2014/12/1,600011.sh,4.99,5.12,4.94,4.98,77489724
2014/12/2,600011.sh,4.94,5.09,4.93,5.06,66719379
2014/12/3,600011.sh,5.11,5.26,5.05,5.10,106690058
2014/12/4,600011.sh,5.16,5.31,5.09,5.29,96382888
2014/12/5,600011.sh,5.38,5.54,5.14,5.33,114626665
2014/12/8,600011.sh,5.29,5.81,5.23,5.71,136730976
2014/12/9,600011.sh,5.67,6.03,5.36,5.43,207427124
2014/12/10,600011.sh,5.44,5.62,5.30,5.58,107222618
2014/12/11,600011.sh,5.50,5.78,5.46,5.63,101132626
2014/12/12,600011.sh,5.70,5.73,5.48,5.61,62065784
2014/12/15,600011.sh,5.57,5.58,5.41,5.55,62623467
2014/12/16,600011.sh,5.52,5.70,5.47,5.64,83510317
2014/12/17,600011.sh,5.64,5.87,5.57,5.85,122463392
2014/12/18,600011.sh,5.89,5.99,5.72,5.87,94466106
2014/12/19,600011.sh,5.84,6.40,5.82,6.28,168949056
2014/12/22,600011.sh,6.41,6.90,6.41,6.90,235088039
2014/12/23,600011.sh,6.84,6.92,6.21,6.45,153666173
2014/12/24,600011.sh,6.34,6.80,6.18,6.30,125820071
2014/12/25,600011.sh,6.29,6.59,6.14,6.57,105308648
2014/12/26,600011.sh,6.57,6.69,6.34,6.60,114194029
2014/12/29,600011.sh,6.60,6.92,6.41,6.60,120289111
2014/12/30,600011.sh,6.60,6.66,6.24,6.37,79302161
2014/12/31,600011.sh,6.35,6.69,6.26,6.57,87204394
2015/1/5,600011.sh,6.63,7.04,6.58,6.97,148622191
2015/1/6,600011.sh,6.89,6.94,6.69,6.77,98550797
2015/1/7,600011.sh,6.70,6.84,6.57,6.76,77177385
2015/1/8,600011.sh,6.72,6.75,6.43,6.45,68965592
2015/1/9,600011.sh,6.44,6.67,6.35,6.37,67801755
2015/1/12,600011.sh,6.26,6.29,6.02,6.12,70860988
2015/1/13,600011.sh,6.09,6.20,6.05,6.14,40205776
2015/1/14,600011.sh,6.19,6.35,6.15,6.23,48177566
2015/1/15,600011.sh,6.27,6.42,6.22,6.40,49758657
2015/1/16,600011.sh,6.44,6.52,6.37,6.40,44023322
2015/1/19,600011.sh,6.14,6.25,5.76,5.76,75945506
2015/1/20,600011.sh,5.91,6.12,5.80,6.02,69016857
2015/1/21,600011.sh,6.03,6.23,5.96,6.20,51793958
2015/1/22,600011.sh,6.20,6.25,6.13,6.22,35554430
2015/1/23,600011.sh,6.20,6.31,6.19,6.22,37147854
2015/1/26,600011.sh,6.22,6.31,6.17,6.31,34753514
2015/1/27,600011.sh,6.31,6.34,6.06,6.22,36395177
2015/1/28,600011.sh,6.16,6.20,6.08,6.11,32173253
2015/1/29,600011.sh,6.01,6.22,6.00,6.13,48090468
2015/1/30,600011.sh,6.19,6.29,6.10,6.17,46893087
2015/2/2,600011.sh,6.07,6.11,5.90,5.95,34675884
2015/2/3,600011.sh,6.02,6.05,5.90,6.01,25000922
2015/2/4,600011.sh,6.05,6.09,5.95,5.97,29432747
2015/2/5,600011.sh,6.04,6.06,5.63,5.64,91323077
2015/2/6,600011.sh,5.63,5.63,5.30,5.36,68163191
2015/2/9,600011.sh,5.32,5.41,5.30,5.35,35560377
2015/2/10,600011.sh,5.39,5.55,5.36,5.52,39133754
2015/2/11,600011.sh,5.53,5.58,5.50,5.53,22705505
2015/2/12,600011.sh,5.52,5.72,5.43,5.55,36693229
2015/2/13,600011.sh,5.57,5.64,5.53,5.58,41988940
2015/2/16,600011.sh,5.58,5.60,5.50,5.54,35096152
2015/2/17,600011.sh,5.55,5.60,5.55,5.58,23050268
2015/2/25,600011.sh,5.60,5.71,5.57,5.64,46994724
2015/2/26,600011.sh,5.63,5.79,5.60,5.77,43923977
2015/2/27,600011.sh,5.77,5.82,5.71,5.73,38805604
2015/3/2,600011.sh,5.81,5.82,5.73,5.80,46612326
2015/3/3,600011.sh,5.79,5.79,5.60,5.60,43139665
2015/3/4,600011.sh,5.66,5.67,5.57,5.60,40207521
2015/3/5,600011.sh,5.55,5.59,5.47,5.50,40228013
2015/3/6,600011.sh,5.50,5.58,5.48,5.52,35323566
2015/3/9,600011.sh,5.51,5.62,5.44,5.60,55932478
2015/3/10,600011.sh,5.59,5.67,5.57,5.63,43370763
2015/3/11,600011.sh,5.62,5.70,5.60,5.64,42264935
2015/3/12,600011.sh,5.64,5.76,5.64,5.73,59789267
2015/3/13,600011.sh,5.74,5.79,5.64,5.75,58026051
2015/3/16,600011.sh,5.73,5.85,5.70,5.84,86217440
2015/3/17,600011.sh,5.86,6.07,5.83,6.02,112744576
2015/3/18,600011.sh,6.02,6.14,5.97,6.13,95542274
2015/3/19,600011.sh,6.11,6.17,6.05,6.11,77572158
2015/3/20,600011.sh,6.13,6.16,5.99,6.10,86357471
2015/3/23,600011.sh,6.15,6.25,6.13,6.24,91676719
2015/3/24,600011.sh,6.23,6.34,6.14,6.25,95922535
2015/3/25,600011.sh,6.19,6.20,6.05,6.08,97960855
2015/3/26,600011.sh,6.08,6.14,6.02,6.09,65398419
2015/3/27,600011.sh,6.08,6.11,6.03,6.09,52340906
2015/3/30,600011.sh,6.11,6.27,6.08,6.25,96244338
2015/3/31,600011.sh,6.28,6.37,6.12,6.15,99791111
2015/4/1,600011.sh,6.15,6.28,6.12,6.25,78178801
2015/4/2,600011.sh,6.26,6.32,6.17,6.25,74568622
2015/4/3,600011.sh,6.20,6.26,6.17,6.25,76084673
2015/4/7,600011.sh,6.27,6.44,6.25,6.43,115650213
2015/4/8,600011.sh,6.43,6.46,6.27,6.34,102319255
2015/4/9,600011.sh,6.28,6.31,6.12,6.19,95442556
2015/4/10,600011.sh,6.21,6.32,6.21,6.31,81997623
2015/4/13,600011.sh,6.34,6.45,6.34,6.44,109119067
2015/4/14,600011.sh,6.45,7.04,6.39,7.01,222671770
2015/4/15,600011.sh,6.94,6.94,6.63,6.72,115053019
2015/4/16,600011.sh,6.69,6.82,6.64,6.81,97198971
2015/4/17,600011.sh,6.82,7.18,6.82,6.98,150361943
2015/4/20,600011.sh,6.92,7.37,6.69,7.02,204581917
2015/4/21,600011.sh,6.98,7.13,6.82,7.10,114981743
2015/4/22,600011.sh,7.34,7.81,7.22,7.81,175924190
2015/4/23,600011.sh,8.19,8.26,7.83,7.97,266613869
2015/4/24,600011.sh,7.82,8.40,7.71,8.16,177553175
2015/4/27,600011.sh,8.17,8.85,7.99,8.56,214958328
2015/4/28,600011.sh,8.41,8.72,8.22,8.29,161939212
2015/4/29,600011.sh,8.19,8.38,7.98,8.21,118881104
2015/4/30,600011.sh,8.21,8.69,8.18,8.37,148145222
2015/5/4,600011.sh,8.37,9.20,8.15,9.20,244922075
2015/5/5,600011.sh,9.45,9.66,8.46,8.48,244189422
2015/5/6,600011.sh,8.41,8.67,7.86,8.05,154937810
2015/5/7,600011.sh,7.96,8.03,7.51,7.55,119807638
2015/5/8,600011.sh,7.62,8.03,7.58,8.03,130151246
2015/5/11,600011.sh,8.04,8.48,8.04,8.35,123262627
2015/5/12,600011.sh,8.39,8.74,8.19,8.67,137674426
2015/5/13,600011.sh,8.68,8.68,8.21,8.29,112361192
2015/5/14,600011.sh,8.23,8.51,8.09,8.22,89312972
2015/5/15,600011.sh,8.12,8.18,7.80,7.88,87079942
2015/5/18,600011.sh,7.88,8.00,7.68,7.75,54184081
2015/5/19,600011.sh,7.74,8.08,7.68,8.07,72617572
2015/5/20,600011.sh,8.09,8.25,8.03,8.07,87318628
2015/5/21,600011.sh,8.07,8.15,7.92,8.11,74046522
2015/5/22,600011.sh,8.22,8.38,8.20,8.33,149424271
2015/5/25,600011.sh,8.33,8.67,8.30,8.65,146950256
2015/5/26,600011.sh,8.70,8.78,8.41,8.65,140036301
2015/5/27,600011.sh,8.66,9.07,8.53,9.00,178529150
2015/5/28,600011.sh,9.01,9.21,8.12,8.21,176999848
2015/5/29,600011.sh,8.18,8.33,7.74,8.06,99777365
2015/6/1,600011.sh,8.06,8.86,8.06,8.86,147638874
2015/6/2,600011.sh,9.17,9.20,8.65,8.98,199293666
2015/6/3,600011.sh,8.92,8.92,8.59,8.78,112642631
2015/6/4,600011.sh,8.75,8.91,8.04,8.84,114852295
2015/6/5,600011.sh,8.92,9.20,8.79,9.06,184843858
2015/6/8,600011.sh,9.06,9.43,8.94,9.33,228248134
2015/6/9,600011.sh,9.37,9.41,9.02,9.29,166442636
2015/6/10,600011.sh,9.11,9.23,8.93,9.04,126081613
2015/6/11,600011.sh,9.05,9.09,8.77,8.88,100204168
2015/6/12,600011.sh,8.92,9.67,8.92,9.49,218709544
2015/6/15,600011.sh,9.49,9.80,9.29,9.52,184190450
2015/6/16,600011.sh,9.31,9.45,8.85,8.95,109991719
2015/6/17,600011.sh,8.93,9.82,8.71,9.75,163195935
2015/6/18,600011.sh,9.52,9.77,9.19,9.20,148988507
2015/6/19,600011.sh,8.97,9.51,8.76,8.90,124970647
2015/6/23,600011.sh,8.86,9.22,8.19,9.15,112846485
2015/6/24,600011.sh,9.22,10.07,9.22,10.07,339581675
2015/6/25,600011.sh,10.03,10.99,9.78,10.48,414788765
2015/6/26,600011.sh,9.90,10.48,9.43,9.43,220042981
2015/6/29,600011.sh,9.81,10.26,8.70,10.07,359116899
2015/6/30,600011.sh,10.13,10.60,9.07,10.45,340637500
2015/7/1,600011.sh,10.13,10.39,9.40,9.40,236548870
2015/7/2,600011.sh,9.12,9.12,8.47,8.47,161696152
2015/7/3,600011.sh,7.68,8.30,7.62,7.62,154881650
2015/7/6,600011.sh,8.38,8.38,6.95,7.85,207966460
2015/7/7,600011.sh,7.52,8.39,7.10,8.32,261157059
2015/7/8,600011.sh,7.48,7.89,7.48,7.48,134207933
2015/7/9,600011.sh,7.48,8.24,6.97,8.24,174786489
2015/7/10,600011.sh,8.28,9.06,8.24,9.06,189159148
2015/7/13,600011.sh,9.22,9.84,8.90,9.57,210185292
2015/7/14,600011.sh,9.22,9.57,8.70,8.76,162988908
2015/7/15,600011.sh,8.53,8.57,7.89,7.89,119588574
2015/7/16,600011.sh,7.89,8.35,7.89,8.05,71154634
2015/7/17,600011.sh,8.15,8.48,8.07,8.37,89624001
2015/7/20,600011.sh,8.37,8.68,8.19,8.31,78140246
2015/7/21,600011.sh,8.21,8.49,7.99,8.32,77167729
2015/7/22,600011.sh,8.29,8.80,8.13,8.55,120205773
2015/7/23,600011.sh,8.45,8.74,8.40,8.61,108948591
2015/7/24,600011.sh,8.62,8.91,8.31,8.42,114893188
2015/7/27,600011.sh,8.22,8.48,7.58,7.58,103555573
2015/7/28,600011.sh,7.42,8.25,7.30,8.03,123312389
2015/7/29,600011.sh,8.03,8.35,7.95,8.30,80191252
2015/7/30,600011.sh,8.33,8.35,7.84,8.00,77075453
2015/7/31,600011.sh,7.92,8.14,7.84,8.12,62532810
2015/8/3,600011.sh,7.99,8.53,7.96,8.52,78602233
2015/8/4,600011.sh,8.45,8.73,8.29,8.62,72456504
2015/8/5,600011.sh,8.54,8.60,8.22,8.26,42786475
2015/8/6,600011.sh,8.22,8.41,8.12,8.19,24702342
2015/8/7,600011.sh,8.27,8.42,8.20,8.24,40930651
2015/8/10,600011.sh,8.30,8.82,8.27,8.65,96945176
2015/8/11,600011.sh,8.68,8.73,8.44,8.50,70471982
2015/8/12,600011.sh,8.39,8.59,8.35,8.42,44355013
2015/8/13,600011.sh,8.43,8.63,8.38,8.61,51058202
2015/8/14,600011.sh,8.76,8.84,8.46,8.52,61496876
2015/8/17,600011.sh,8.47,8.65,8.32,8.56,62241740
2015/8/18,600011.sh,8.58,8.59,7.75,7.83,75954738
2015/8/19,600011.sh,7.70,7.98,7.67,7.95,46520269
2015/8/20,600011.sh,7.88,7.89,7.70,7.80,37358725
2015/8/21,600011.sh,7.75,7.77,7.44,7.46,41518434
2015/8/24,600011.sh,7.20,7.21,6.72,6.72,61122199
2015/8/25,600011.sh,6.07,6.31,6.05,6.06,102926751
2015/8/26,600011.sh,6.17,6.43,5.58,6.03,80963759
2015/8/27,600011.sh,6.16,6.38,6.03,6.37,61320417
2015/8/28,600011.sh,6.51,6.86,6.39,6.73,55074638
2015/8/31,600011.sh,6.65,6.99,6.35,6.96,69015255
2015/9/1,600011.sh,6.80,7.37,6.63,7.28,113940497
2015/9/2,600011.sh,6.98,7.98,6.92,7.92,121298978
2015/9/7,600011.sh,7.79,8.06,7.17,7.20,103591811
2015/9/8,600011.sh,7.11,7.38,6.78,7.29,44747378
2015/9/9,600011.sh,7.26,7.45,7.17,7.31,42655256
2015/9/10,600011.sh,7.23,7.36,7.12,7.21,24768949
2015/9/11,600011.sh,7.23,7.29,7.02,7.09,19918344
2015/9/14,600011.sh,7.16,7.19,6.76,6.92,28888518
2015/9/15,600011.sh,6.91,6.91,6.61,6.67,21304584
2015/9/16,600011.sh,6.61,7.26,6.06,7.12,25772704
2015/9/17,600011.sh,7.22,7.26,6.89,6.90,23931933
2015/9/18,600011.sh,6.95,7.04,6.84,6.89,16308287
2015/9/21,600011.sh,6.77,7.03,6.77,6.99,15171180
2015/9/22,600011.sh,6.99,7.09,6.99,7.02,14604563
2015/9/23,600011.sh,6.94,7.02,6.76,6.78,15417982
2015/9/24,600011.sh,6.79,6.86,6.74,6.82,10680065
2015/9/25,600011.sh,6.81,6.86,6.60,6.63,12190996
2015/9/28,600011.sh,6.65,6.73,6.60,6.69,5683582
2015/9/29,600011.sh,6.62,6.80,6.60,6.64,10097392
2015/9/30,600011.sh,6.69,6.74,6.64,6.65,6424917
2015/10/8,600011.sh,6.87,6.96,6.80,6.89,17761053
2015/10/9,600011.sh,6.96,6.96,6.86,6.92,12725331
2015/10/12,600011.sh,6.93,7.19,6.92,7.14,23263361
2015/10/13,600011.sh,7.12,7.19,7.07,7.13,18461121
2015/10/14,600011.sh,7.06,7.16,7.00,7.03,13912976
2015/10/15,600011.sh,7.06,7.19,7.01,7.16,18424360
2015/10/16,600011.sh,7.22,7.25,7.10,7.18,25469721
2015/10/19,600011.sh,7.16,7.21,7.07,7.12,20350898
2015/10/20,600011.sh,7.15,7.34,7.12,7.32,31241532
2015/10/21,600011.sh,7.41,7.43,6.98,6.99,38578005
2015/10/22,600011.sh,7.04,7.17,7.02,7.16,25908563
2015/10/23,600011.sh,7.21,7.22,7.09,7.21,23209022
2015/10/26,600011.sh,7.29,7.32,7.18,7.22,34421416
2015/10/27,600011.sh,7.15,7.15,6.97,7.12,25230411
2015/10/28,600011.sh,7.08,7.22,7.05,7.12,27314270
2015/10/29,600011.sh,7.13,7.17,7.04,7.06,13566403
2015/10/30,600011.sh,7.06,7.10,6.99,7.03,13024551
2015/11/2,600011.sh,6.98,7.03,6.93,6.93,9710831
2015/11/3,600011.sh,6.96,7.04,6.92,6.99,12806757
2015/11/4,600011.sh,6.98,7.22,6.97,7.22,24473542
2015/11/5,600011.sh,7.23,7.61,7.20,7.46,56483909
2015/11/6,600011.sh,7.46,7.49,7.34,7.48,33889144
2015/11/9,600011.sh,7.48,7.72,7.42,7.59,42956383
2015/11/10,600011.sh,7.52,7.55,7.42,7.49,25705946
2015/11/11,600011.sh,7.45,7.49,7.39,7.47,20353026
2015/11/12,600011.sh,7.49,7.49,7.32,7.39,16695444
2015/11/13,600011.sh,7.40,7.61,7.38,7.39,34553175
2015/11/16,600011.sh,7.29,7.29,7.15,7.29,19149160
2015/11/17,600011.sh,7.31,7.46,7.27,7.30,20876272
2015/11/18,600011.sh,7.31,7.32,7.20,7.22,13161420
2015/11/19,600011.sh,7.22,7.26,7.19,7.26,11482768
2015/11/20,600011.sh,7.25,7.26,7.20,7.24,13188695
2015/11/23,600011.sh,7.25,7.26,7.13,7.16,15000904
2015/11/24,600011.sh,7.15,7.16,7.05,7.12,13086538
2015/11/25,600011.sh,7.10,7.15,7.06,7.14,14299257
2015/11/26,600011.sh,7.15,7.16,7.11,7.11,16374858
2015/11/27,600011.sh,7.12,7.12,6.61,6.75,22641439
2015/11/30,600011.sh,6.74,6.90,6.73,6.86,14917671
2015/12/1,600011.sh,6.87,6.93,6.77,6.88,12406689
2015/12/2,600011.sh,6.85,7.13,6.84,7.12,21627556
2015/12/3,600011.sh,7.10,7.14,7.05,7.11,15968180
2015/12/4,600011.sh,7.09,7.09,6.90,6.95,13801944
2015/12/7,600011.sh,6.89,6.95,6.86,6.89,10455130
2015/12/8,600011.sh,6.88,6.90,6.77,6.78,12613008
2015/12/9,600011.sh,6.79,6.89,6.76,6.79,7165178
2015/12/10,600011.sh,6.78,6.86,6.73,6.75,9805344
2015/12/11,600011.sh,6.73,6.75,6.61,6.66,10438622
2015/12/14,600011.sh,6.66,6.88,6.62,6.87,17168667
2015/12/15,600011.sh,6.86,6.89,6.76,6.79,11047693
2015/12/16,600011.sh,6.79,6.82,6.69,6.71,14451239
2015/12/17,600011.sh,6.76,6.82,6.75,6.79,19958037
2015/12/18,600011.sh,6.78,6.90,6.77,6.82,17550592
2015/12/21,600011.sh,6.82,7.14,6.80,7.07,36460062
2015/12/22,600011.sh,7.07,7.12,6.96,7.03,19451145
2015/12/23,600011.sh,6.99,7.10,6.99,7.00,25609611
2015/12/24,600011.sh,6.95,6.99,6.81,6.87,16323426
2015/12/25,600011.sh,6.86,6.93,6.83,6.90,11133778
2015/12/28,600011.sh,6.92,6.96,6.75,6.76,16780811
2015/12/29,600011.sh,6.73,6.79,6.68,6.77,11237220
2015/12/30,600011.sh,6.78,6.79,6.70,6.76,11939082
2015/12/31,600011.sh,6.76,6.79,6.69,6.71,10410871
2016/1/4,600011.sh,6.70,6.73,6.32,6.33,14485213
2016/1/5,600011.sh,6.15,6.44,6.15,6.32,22088382
2016/1/6,600011.sh,6.32,6.47,6.28,6.46,17808629
2016/1/7,600011.sh,6.36,6.36,5.96,5.99,4102600
2016/1/8,600011.sh,6.12,6.23,5.99,6.13,25639147
2016/1/11,600011.sh,6.07,6.09,5.84,5.84,22025336
2016/1/12,600011.sh,5.89,5.90,5.76,5.78,16544598
2016/1/13,600011.sh,5.84,5.86,5.67,5.70,14723546
2016/1/14,600011.sh,5.60,5.76,5.56,5.73,12995370
2016/1/15,600011.sh,5.70,5.73,5.47,5.50,12981321
2016/1/18,600011.sh,5.43,5.58,5.40,5.50,12892638
2016/1/19,600011.sh,5.53,5.70,5.50,5.68,13847476
2016/1/20,600011.sh,5.67,5.78,5.50,5.66,21745872
2016/1/21,600011.sh,5.50,5.67,5.46,5.50,18095198
2016/1/22,600011.sh,5.53,5.60,5.50,5.55,9967314
2016/1/25,600011.sh,5.59,5.63,5.53,5.56,7590580
2016/1/26,600011.sh,5.53,5.53,5.25,5.26,15632660
2016/1/27,600011.sh,5.34,5.35,5.12,5.20,14599443
2016/1/28,600011.sh,5.23,5.26,5.08,5.14,13100240
2016/1/29,600011.sh,5.15,5.32,5.13,5.27,15758449
2016/2/1,600011.sh,5.27,5.29,5.13,5.17,11998582
2016/2/2,600011.sh,5.19,5.29,5.17,5.25,10331811
2016/2/3,600011.sh,5.19,5.23,5.15,5.21,8465827
2016/2/4,600011.sh,5.24,5.30,5.23,5.27,10362749
2016/2/5,600011.sh,5.29,5.30,5.21,5.22,8135088
2016/2/15,600011.sh,5.08,5.17,5.06,5.13,8243947
2016/2/16,600011.sh,5.16,5.32,5.16,5.30,14172228
2016/2/17,600011.sh,5.30,5.35,5.27,5.33,14251706
2016/2/18,600011.sh,5.36,5.42,5.31,5.36,20994394
2016/2/19,600011.sh,5.36,5.37,5.31,5.33,9081699
2016/2/22,600011.sh,5.38,5.46,5.34,5.43,19316769
2016/2/23,600011.sh,5.44,5.48,5.34,5.42,20907223
2016/2/24,600011.sh,5.36,5.61,5.34,5.60,27589612
2016/2/25,600011.sh,5.56,5.56,5.19,5.26,24945674
2016/2/26,600011.sh,5.33,5.45,5.26,5.36,17504752
2016/2/29,600011.sh,5.38,5.38,5.06,5.30,21802319
2016/3/1,600011.sh,5.28,5.33,5.18,5.30,15043657
2016/3/2,600011.sh,5.33,5.50,5.29,5.48,26860640
2016/3/3,600011.sh,5.47,5.53,5.45,5.52,25037357
2016/3/4,600011.sh,5.50,5.83,5.46,5.75,58903675
2016/3/7,600011.sh,5.77,5.79,5.64,5.70,19794288
2016/3/8,600011.sh,5.70,5.72,5.46,5.71,19836741
2016/3/9,600011.sh,5.58,5.73,5.53,5.72,20565829
2016/3/10,600011.sh,5.64,5.72,5.58,5.60,6485624
2016/3/11,600011.sh,5.53,5.63,5.46,5.63,8786402
2016/3/14,600011.sh,5.66,5.78,5.66,5.69,13486048
2016/3/15,600011.sh,5.69,6.03,5.60,6.00,32271757
2016/3/16,600011.sh,5.92,6.15,5.89,6.07,46949588
2016/3/17,600011.sh,6.05,6.16,6.00,6.07,18550136
2016/3/18,600011.sh,6.13,6.13,5.98,6.03,32409327
2016/3/21,600011.sh,6.03,6.11,5.99,6.04,24971741
2016/3/22,600011.sh,6.02,6.12,5.99,6.08,19535013
2016/3/23,600011.sh,6.06,6.09,5.99,6.02,12926688
2016/3/24,600011.sh,6.00,6.01,5.94,5.95,9440717
2016/3/25,600011.sh,5.93,5.99,5.93,5.98,7736723
2016/3/28,600011.sh,6.02,6.11,5.96,5.98,14041812
2016/3/29,600011.sh,6.02,6.08,5.95,6.03,16071247
2016/3/30,600011.sh,6.06,6.19,6.06,6.19,24686423
2016/3/31,600011.sh,6.21,6.21,6.11,6.13,16063846
2016/4/1,600011.sh,6.13,6.16,6.01,6.16,15712521
2016/4/5,600011.sh,6.12,6.19,6.06,6.17,16239031
2016/4/6,600011.sh,6.15,6.19,6.12,6.15,12678229
2016/4/7,600011.sh,6.16,6.16,6.03,6.03,12733910
2016/4/8,600011.sh,6.00,6.02,5.97,5.99,8272412
2016/4/11,600011.sh,6.02,6.09,6.01,6.06,8257055
2016/4/12,600011.sh,6.06,6.06,5.99,6.01,7232219
2016/4/13,600011.sh,6.04,6.13,6.03,6.09,13261240
2016/4/14,600011.sh,6.11,6.13,6.07,6.10,5562204
2016/4/15,600011.sh,6.13,6.13,6.06,6.08,6416935
2016/4/18,600011.sh,6.05,6.05,5.96,5.97,9462595
2016/4/19,600011.sh,6.01,6.03,5.95,5.98,5555634
2016/4/20,600011.sh,5.96,5.99,5.76,5.99,16129456
2016/4/21,600011.sh,5.92,5.94,5.89,5.90,4650184
2016/4/22,600011.sh,5.86,5.99,5.85,5.94,6885888
2016/4/25,600011.sh,5.95,5.95,5.86,5.91,3986017
2016/4/26,600011.sh,5.93,5.96,5.85,5.90,4638670
2016/4/27,600011.sh,5.86,5.90,5.85,5.86,5408872
2016/4/28,600011.sh,5.87,5.88,5.76,5.79,7716424
2016/4/29,600011.sh,5.77,5.79,5.73,5.75,8254929
2016/5/3,600011.sh,5.75,5.84,5.73,5.82,12322424
2016/5/4,600011.sh,5.80,5.85,5.80,5.83,6780330
2016/5/5,600011.sh,5.83,5.83,5.79,5.82,4639193
2016/5/6,600011.sh,5.83,5.83,5.70,5.71,8795018
2016/5/9,600011.sh,5.69,5.69,5.53,5.56,9155156
2016/5/10,600011.sh,5.54,5.57,5.52,5.53,4703169
2016/5/11,600011.sh,5.54,5.67,5.50,5.60,9661957
2016/5/12,600011.sh,5.57,5.69,5.50,5.66,10273406
2016/5/13,600011.sh,5.63,5.65,5.54,5.57,6790093
2016/5/16,600011.sh,5.55,5.58,5.51,5.57,5489763
2016/5/17,600011.sh,5.58,5.59,5.52,5.55,4318417
2016/5/18,600011.sh,5.53,5.59,5.46,5.58,11232528
2016/5/19,600011.sh,5.54,5.61,5.54,5.56,4569532
2016/5/20,600011.sh,5.54,5.58,5.53,5.57,2530742
2016/5/23,600011.sh,5.59,5.61,5.56,5.60,4382001
2016/5/24,600011.sh,5.60,5.63,5.55,5.62,4867148
2016/5/25,600011.sh,5.64,5.64,5.60,5.62,3908846
2016/5/26,600011.sh,5.61,5.64,5.56,5.61,3552983
2016/5/27,600011.sh,5.63,5.63,5.57,5.59,3074228
2016/5/30,600011.sh,5.61,5.63,5.56,5.63,4318188
2016/5/31,600011.sh,5.63,5.78,5.61,5.77,10614525
2016/6/1,600011.sh,5.77,5.77,5.72,5.73,6629042
2016/6/2,600011.sh,5.73,5.74,5.70,5.73,4859451
2016/6/3,600011.sh,5.73,5.75,5.70,5.73,5080794
2016/6/6,600011.sh,5.73,5.76,5.70,5.75,4557080
2016/6/7,600011.sh,5.75,5.83,5.73,5.80,6953657
2016/6/8,600011.sh,5.79,5.81,5.75,5.79,4121918
2016/6/13,600011.sh,5.76,5.76,5.57,5.59,7676245
2016/6/14,600011.sh,5.56,5.61,5.56,5.58,4917062
2016/6/15,600011.sh,5.54,5.67,5.54,5.63,4655578
2016/6/16,600011.sh,5.60,5.64,5.54,5.56,8874698
2016/6/17,600011.sh,5.55,5.63,5.55,5.58,5762036
2016/6/20,600011.sh,5.62,5.62,5.58,5.61,3088883
2016/6/21,600011.sh,5.61,5.66,5.60,5.62,6508429
2016/6/22,600011.sh,5.62,5.66,5.61,5.66,4632178
2016/6/23,600011.sh,5.66,5.68,5.61,5.63,4656344
2016/6/24,600011.sh,5.64,5.68,5.57,5.62,9300316
2016/6/27,600011.sh,5.60,5.69,5.59,5.66,4493890
2016/6/28,600011.sh,5.66,5.70,5.63,5.69,8572509
2016/6/29,600011.sh,5.67,5.76,5.66,5.74,9570383
2016/6/30,600011.sh,5.74,5.80,5.73,5.78,7452873
2016/7/1,600011.sh,5.83,5.85,5.81,5.85,7518005
2016/7/4,600011.sh,5.86,6.02,5.84,5.99,14629560
2016/7/5,600011.sh,5.99,6.04,5.95,6.03,11091820
2016/7/6,600011.sh,6.03,6.05,5.98,6.01,11417803
2016/7/7,600011.sh,6.01,6.02,5.96,5.97,17350780
2016/7/8,600011.sh,5.94,5.94,5.81,5.82,15173162
2016/7/11,600011.sh,5.82,5.85,5.76,5.80,10363897
2016/7/12,600011.sh,5.80,5.90,5.78,5.89,16445379
2016/7/13,600011.sh,5.91,5.97,5.88,5.90,10102502
2016/7/14,600011.sh,5.91,5.96,5.87,5.93,6684708
2016/7/15,600011.sh,5.94,5.94,5.87,5.90,4395942
2016/7/18,600011.sh,5.88,5.95,5.85,5.87,7342239
2016/7/19,600011.sh,5.86,5.92,5.82,5.87,8307045
2016/7/20,600011.sh,5.86,5.87,5.82,5.83,4737791
2016/7/21,600011.sh,5.83,5.87,5.82,5.85,5916062
2016/7/22,600011.sh,5.83,5.85,5.79,5.80,4625641
2016/7/25,600011.sh,5.79,5.84,5.78,5.81,3903877
2016/7/26,600011.sh,5.79,5.84,5.79,5.83,7144287
2016/7/27,600011.sh,5.85,5.93,5.72,5.92,18462435
2016/7/28,600011.sh,5.89,6.09,5.83,6.08,33187883
2016/7/29,600011.sh,6.04,6.09,5.96,5.97,12174021
2016/8/1,600011.sh,6.00,6.01,5.90,5.98,8011300
2016/8/2,600011.sh,5.97,5.98,5.91,5.96,4994419
2016/8/3,600011.sh,5.90,5.93,5.83,5.86,14566819
2016/8/4,600011.sh,5.85,5.89,5.82,5.87,6876304
2016/8/5,600011.sh,5.87,5.89,5.84,5.87,5348822
2016/8/8,600011.sh,5.85,5.89,5.82,5.89,9431417
2016/8/9,600011.sh,5.89,5.92,5.87,5.91,9641161
2016/8/10,600011.sh,5.91,5.91,5.85,5.87,8685593
2016/8/11,600011.sh,5.87,5.88,5.83,5.84,8197883
2016/8/12,600011.sh,5.87,5.97,5.84,5.93,11971098
2016/8/15,600011.sh,5.94,6.08,5.93,6.05,20618848
2016/8/16,600011.sh,6.09,6.13,6.00,6.03,15312594
2016/8/17,600011.sh,6.06,6.06,6.00,6.05,8766469
2016/8/18,600011.sh,6.05,6.09,5.95,5.99,13497770
2016/8/19,600011.sh,5.98,6.00,5.92,5.98,8255534
2016/8/22,600011.sh,5.96,5.98,5.93,5.95,8782858
2016/8/23,600011.sh,5.96,5.97,5.91,5.92,7436445
2016/8/24,600011.sh,5.93,5.96,5.91,5.95,5398675
2016/8/25,600011.sh,5.92,5.92,5.86,5.91,8004858
2016/8/26,600011.sh,5.91,5.97,5.90,5.94,11187600
2016/8/29,600011.sh,5.92,5.92,5.85,5.88,10524883
2016/8/30,600011.sh,5.90,5.91,5.87,5.89,5910740
2016/8/31,600011.sh,5.87,5.91,5.87,5.90,5109218
2016/9/1,600011.sh,5.91,5.91,5.87,5.88,4656363
2016/9/2,600011.sh,5.96,6.00,5.89,5.98,17955769
2016/9/5,600011.sh,5.97,5.99,5.91,5.95,6791113
2016/9/6,600011.sh,5.95,5.96,5.89,5.96,5402859
2016/9/7,600011.sh,5.96,5.97,5.91,5.91,6559969
2016/9/8,600011.sh,5.92,5.93,5.91,5.92,2851978
2016/9/9,600011.sh,5.91,5.93,5.88,5.89,5211739
2016/9/12,600011.sh,5.85,6.01,5.78,6.00,22190605
2016/9/13,600011.sh,5.95,5.98,5.89,5.96,8656488
2016/9/14,600011.sh,5.93,5.93,5.82,5.87,8276895
2016/9/19,600011.sh,5.87,5.88,5.86,5.87,3501885
2016/9/20,600011.sh,5.88,5.88,5.83,5.86,2356167
2016/9/21,600011.sh,5.87,5.87,5.80,5.82,6982642
2016/9/22,600011.sh,5.82,5.87,5.82,5.83,4364288
2016/9/23,600011.sh,5.83,5.86,5.82,5.82,3100613
2016/9/26,600011.sh,5.83,5.83,5.77,5.78,4822096
2016/9/27,600011.sh,5.78,5.82,5.78,5.80,4188703
2016/9/28,600011.sh,5.83,5.83,5.78,5.79,1806543
2016/9/29,600011.sh,5.81,5.82,5.78,5.79,3255636
2016/9/30,600011.sh,5.80,5.82,5.73,5.76,5292530
2016/10/10,600011.sh,5.78,5.82,5.76,5.80,6134226
2016/10/11,600011.sh,5.81,5.82,5.79,5.82,4104713
2016/10/12,600011.sh,5.81,5.82,5.79,5.82,2394440
2016/10/13,600011.sh,5.82,5.82,5.78,5.80,3714151
2016/10/14,600011.sh,5.80,5.85,5.77,5.83,5667820
2016/10/17,600011.sh,5.84,5.85,5.79,5.82,7577643
2016/10/18,600011.sh,5.82,5.86,5.79,5.86,6633722
2016/10/19,600011.sh,5.83,5.89,5.83,5.84,9605996
2016/10/20,600011.sh,5.84,5.86,5.81,5.82,4963054
2016/10/21,600011.sh,5.82,5.86,5.81,5.84,4510503
2016/10/24,600011.sh,5.83,5.91,5.83,5.89,8607168
2016/10/25,600011.sh,5.88,5.91,5.87,5.89,5917834
2016/10/26,600011.sh,5.90,5.91,5.85,5.86,4532493
2016/10/27,600011.sh,5.86,5.87,5.83,5.86,3117196
2016/10/28,600011.sh,5.84,5.88,5.84,5.87,5369017
2016/10/31,600011.sh,5.83,5.87,5.81,5.85,3241828
2016/11/1,600011.sh,5.86,5.87,5.83,5.87,3548517
2016/11/2,600011.sh,5.86,5.87,5.79,5.82,3785493
2016/11/3,600011.sh,5.81,5.85,5.79,5.82,5517256
2016/11/4,600011.sh,5.82,5.82,5.81,5.82,3143733
2016/11/7,600011.sh,5.83,5.83,5.79,5.81,3924326
2016/11/8,600011.sh,5.82,5.83,5.79,5.82,5981862
2016/11/9,600011.sh,5.82,5.82,5.77,5.77,9549196
2016/11/10,600011.sh,5.80,5.82,5.79,5.81,5897805
2016/11/11,600011.sh,5.80,5.84,5.79,5.84,8105660
2016/11/14,600011.sh,5.84,5.90,5.82,5.87,10245242
2016/11/15,600011.sh,5.87,5.88,5.84,5.87,8026007
2016/11/16,600011.sh,5.87,5.87,5.85,5.87,5900739
2016/11/17,600011.sh,5.86,5.90,5.84,5.89,10782375
2016/11/18,600011.sh,5.90,5.91,5.85,5.86,5443316
2016/11/21,600011.sh,5.86,6.09,5.85,5.99,31718540
2016/11/22,600011.sh,5.98,6.01,5.93,5.97,16088804
2016/11/23,600011.sh,5.96,6.03,5.95,5.97,12272322
2016/11/24,600011.sh,5.95,6.01,5.95,5.99,10698752
2016/11/25,600011.sh,5.98,6.06,5.91,6.05,14393828
2016/11/28,600011.sh,6.04,6.15,6.00,6.10,20295808
2016/11/29,600011.sh,6.09,6.36,6.08,6.29,40542211
2016/11/30,600011.sh,6.26,6.36,6.14,6.27,25870172
2016/12/1,600011.sh,6.22,6.34,6.21,6.27,24070740
2016/12/2,600011.sh,6.28,6.50,6.25,6.35,39045512
2016/12/5,600011.sh,6.28,6.36,6.18,6.36,24710065
2016/12/6,600011.sh,6.32,6.36,6.21,6.25,14093305
2016/12/7,600011.sh,6.24,6.25,6.06,6.14,24242403
2016/12/8,600011.sh,6.14,6.15,6.00,6.05,27806565
2016/12/9,600011.sh,6.04,6.07,6.00,6.02,42892326
2016/12/12,600011.sh,6.04,6.05,5.79,5.96,46469051
2016/12/13,600011.sh,5.92,5.92,5.82,5.88,14938893
2016/12/14,600011.sh,5.88,5.92,5.83,5.86,18329821
2016/12/15,600011.sh,5.85,5.87,5.81,5.83,14395149
2016/12/16,600011.sh,5.83,5.87,5.81,5.82,25921407
2016/12/19,600011.sh,5.82,5.87,5.82,5.84,10483253
2016/12/20,600011.sh,5.85,5.85,5.77,5.78,14109568
2016/12/21,600011.sh,5.78,5.88,5.78,5.86,18880649
2016/12/22,600011.sh,5.86,5.97,5.82,5.89,21715065
2016/12/23,600011.sh,5.88,5.88,5.79,5.80,11946920
2016/12/26,600011.sh,5.78,5.87,5.73,5.85,12564307
2016/12/27,600011.sh,5.83,5.83,5.74,5.78,12366531
2016/12/28,600011.sh,5.78,5.78,5.75,5.77,6489181
2016/12/29,600011.sh,5.76,5.78,5.75,5.77,5191432
2016/12/30,600011.sh,5.78,5.78,5.74,5.77,7814401
2017/1/3,600011.sh,5.77,5.80,5.75,5.79,7094234
2017/1/4,600011.sh,5.79,5.82,5.75,5.81,15629508
2017/1/5,600011.sh,5.80,5.81,5.76,5.78,18442780
2017/1/6,600011.sh,5.78,5.84,5.78,5.79,25589999
2017/1/9,600011.sh,5.79,5.83,5.78,5.82,12855141
2017/1/10,600011.sh,5.82,5.87,5.80,5.83,13988323
2017/1/11,600011.sh,5.83,5.87,5.80,5.84,16404073
2017/1/12,600011.sh,5.83,5.84,5.80,5.81,10223599
2017/1/13,600011.sh,5.79,5.94,5.74,5.91,39267382
2017/1/16,600011.sh,5.91,6.04,5.81,6.02,62172748
2017/1/17,600011.sh,5.98,5.98,5.92,5.94,14369758
2017/1/18,600011.sh,5.96,6.00,5.91,5.91,13604707
2017/1/19,600011.sh,5.91,5.92,5.86,5.88,12080841
2017/1/20,600011.sh,5.88,5.93,5.86,5.92,9338106
2017/1/23,600011.sh,5.92,5.94,5.91,5.92,7199279
2017/1/24,600011.sh,5.92,5.96,5.91,5.95,9366422
2017/1/25,600011.sh,5.95,5.96,5.92,5.94,5902676
2017/1/26,600011.sh,5.94,5.97,5.93,5.95,8891825
2017/2/3,600011.sh,5.95,5.96,5.91,5.92,4665806
2017/2/6,600011.sh,5.93,5.95,5.90,5.94,4715238
2017/2/7,600011.sh,5.95,5.97,5.91,5.96,7220326
2017/2/8,600011.sh,5.95,5.97,5.92,5.96,8261316
2017/2/9,600011.sh,5.96,6.00,5.95,5.98,8265231
2017/2/10,600011.sh,6.00,6.04,5.97,6.03,15079587
2017/2/13,600011.sh,6.02,6.07,6.00,6.05,10126885
2017/2/14,600011.sh,6.04,6.09,5.99,6.02,11789447
2017/2/15,600011.sh,6.02,6.32,6.02,6.14,72255163
2017/2/16,600011.sh,6.14,6.27,6.11,6.26,26278537
2017/2/17,600011.sh,6.24,6.26,6.14,6.23,11431472
2017/2/20,600011.sh,6.18,6.27,6.18,6.25,15711410
2017/2/21,600011.sh,6.25,6.34,6.23,6.31,13063250
2017/2/22,600011.sh,6.30,6.33,6.18,6.27,18514502
2017/2/23,600011.sh,6.24,6.26,6.14,6.22,17744632
2017/2/24,600011.sh,6.19,6.23,6.14,6.22,13368444
2017/2/27,600011.sh,6.20,6.27,6.16,6.21,15313948
2017/2/28,600011.sh,6.20,6.34,6.18,6.32,18648841
2017/3/1,600011.sh,6.29,6.38,6.29,6.31,14267223
2017/3/2,600011.sh,6.14,6.45,6.14,6.41,19284064
2017/3/3,600011.sh,6.41,6.54,6.36,6.46,22390657
2017/3/6,600011.sh,6.50,6.64,6.24,6.38,54585695
2017/3/7,600011.sh,6.32,6.36,6.22,6.32,18965410
2017/3/8,600011.sh,6.28,6.40,6.24,6.36,13226208
2017/3/9,600011.sh,6.36,6.44,6.30,6.35,12270187
2017/3/10,600011.sh,6.34,6.37,6.23,6.27,13810554
2017/3/13,600011.sh,6.25,6.37,6.19,6.34,9132715
2017/3/14,600011.sh,6.32,6.39,6.27,6.29,7579650
2017/3/15,600011.sh,6.27,6.36,6.24,6.32,12043531
2017/3/16,600011.sh,6.32,6.35,6.28,6.31,10297794
2017/3/17,600011.sh,6.32,6.33,6.17,6.18,17913372
2017/3/20,600011.sh,6.20,6.26,6.17,6.20,13101490
2017/3/21,600011.sh,6.20,6.35,6.18,6.34,17128598
2017/3/22,600011.sh,6.21,6.25,6.09,6.14,21308191
2017/3/23,600011.sh,6.14,6.14,5.92,5.95,33504444
2017/3/24,600011.sh,5.95,5.96,5.84,5.93,26042269
2017/3/27,600011.sh,5.92,5.92,5.83,5.85,27414041
2017/3/28,600011.sh,5.82,5.87,5.81,5.85,14608907
2017/3/29,600011.sh,5.85,5.87,5.78,5.80,25103208
2017/3/30,600011.sh,5.82,5.92,5.77,5.87,32086307
2017/3/31,600011.sh,5.86,5.94,5.82,5.87,25501080
2017/4/5,600011.sh,5.87,5.97,5.85,5.96,21987790
2017/4/6,600011.sh,5.96,6.07,5.94,5.98,28265504
2017/4/7,600011.sh,5.99,6.05,5.96,6.04,19857773
2017/4/10,600011.sh,6.03,6.11,5.96,6.09,23780784
2017/4/11,600011.sh,6.08,6.22,5.94,6.17,36301858
2017/4/12,600011.sh,6.09,6.24,6.05,6.08,19808302
2017/4/13,600011.sh,6.07,6.24,6.05,6.23,29699804
2017/4/14,600011.sh,6.23,6.29,6.18,6.20,26753865
2017/4/17,600011.sh,6.19,6.27,6.10,6.11,18709877
2017/4/18,600011.sh,6.14,6.27,6.14,6.21,25386818
2017/4/19,600011.sh,6.18,6.25,6.09,6.20,15647243
2017/4/20,600011.sh,6.18,6.23,6.03,6.04,16039439
2017/4/21,600011.sh,6.05,6.29,6.05,6.29,31129478
2017/4/24,600011.sh,6.28,6.42,6.06,6.17,30450215
2017/4/25,600011.sh,6.17,6.39,6.14,6.36,30222145
2017/4/26,600011.sh,6.27,6.50,6.20,6.38,27791988
2017/4/27,600011.sh,6.34,6.44,6.32,6.40,20736540
2017/4/28,600011.sh,6.42,6.44,6.32,6.38,15902074
2017/5/2,600011.sh,6.36,6.41,6.18,6.23,12778016
2017/5/3,600011.sh,6.23,6.27,6.08,6.11,14515028
2017/5/4,600011.sh,6.11,6.28,6.05,6.18,15954162
2017/5/5,600011.sh,6.11,6.28,6.11,6.18,13949198
2017/5/8,600011.sh,6.15,6.24,6.06,6.09,7408307
2017/5/9,600011.sh,6.11,6.63,6.11,6.49,47967083
2017/5/10,600011.sh,6.50,6.50,6.32,6.33,20702102
2017/5/11,600011.sh,6.34,6.41,6.20,6.37,21316046
2017/5/12,600011.sh,6.33,6.51,6.30,6.35,21950797
2017/5/15,600011.sh,6.36,6.49,6.29,6.45,15296231
2017/5/16,600011.sh,6.44,6.50,6.34,6.45,17295852
2017/5/17,600011.sh,6.46,6.66,6.45,6.45,19463442
2017/5/18,600011.sh,6.35,6.42,6.23,6.27,20523840
2017/5/19,600011.sh,6.27,6.41,6.27,6.37,12204704
2017/5/22,600011.sh,6.35,6.54,6.30,6.38,15960779
2017/5/23,600011.sh,6.32,6.48,6.26,6.27,13749501
2017/5/24,600011.sh,6.20,6.40,6.18,6.37,11257819
2017/5/25,600011.sh,6.36,6.44,6.33,6.42,8713200
2017/5/26,600011.sh,6.42,6.56,6.40,6.50,13842278
2017/5/31,600011.sh,6.63,6.66,6.36,6.37,17095228
2017/6/1,600011.sh,6.36,6.47,6.36,6.46,9697844
2017/6/2,600011.sh,6.45,6.58,6.40,6.55,18893863
2017/6/5,600011.sh,6.66,6.84,6.59,6.79,29466589
2017/6/6,600011.sh,6.75,6.76,6.51,6.61,28529032
2017/6/7,600011.sh,6.60,6.72,6.56,6.63,20694151
2017/6/8,600011.sh,6.63,6.69,6.51,6.66,18079961
2017/6/9,600011.sh,6.65,6.65,6.48,6.53,24226856
2017/6/12,600011.sh,6.54,6.73,6.50,6.72,24531257
2017/6/13,600011.sh,6.71,6.71,6.57,6.64,17373898
2017/6/14,600011.sh,6.61,6.63,6.53,6.55,15923178
2017/6/15,600011.sh,6.53,6.54,6.44,6.45,17510439
2017/6/16,600011.sh,6.45,6.46,6.29,6.31,28680328
2017/6/19,600011.sh,6.32,6.41,6.29,6.39,18025976
2017/6/20,600011.sh,6.37,6.41,6.28,6.33,18700703
2017/6/21,600011.sh,6.35,6.39,6.29,6.38,16701468
2017/6/22,600011.sh,6.42,6.54,6.35,6.36,42262686
2017/6/23,600011.sh,6.36,6.36,6.20,6.34,28175740
2017/6/26,600011.sh,6.33,6.36,6.27,6.32,20680823
2017/6/27,600011.sh,6.32,6.36,6.29,6.34,14398577
2017/6/28,600011.sh,6.34,6.39,6.33,6.38,15804603
2017/6/29,600011.sh,6.41,6.41,6.28,6.32,19517929
2017/6/30,600011.sh,6.31,6.31,6.20,6.24,17037707
2017/7/3,600011.sh,6.20,6.23,6.06,6.09,26779301
2017/7/4,600011.sh,6.09,6.15,6.08,6.12,13707010
2017/7/5,600011.sh,6.10,6.16,6.08,6.13,13144268
2017/7/6,600011.sh,6.18,6.33,6.18,6.21,28113202
2017/7/7,600011.sh,6.19,6.26,6.18,6.22,17406253
2017/7/10,600011.sh,6.23,6.26,6.20,6.21,10683308
2017/7/11,600011.sh,6.21,6.21,6.09,6.14,22020124
2017/7/12,600011.sh,6.13,6.14,5.98,6.03,30643684
2017/7/13,600011.sh,6.03,6.09,6.02,6.06,18804952
2017/7/14,600011.sh,6.07,6.15,6.03,6.13,21021072
2017/7/17,600011.sh,6.11,6.11,6.00,6.02,22127034
2017/7/18,600011.sh,6.03,6.09,6.02,6.08,14867430
2017/7/19,600011.sh,6.07,6.26,6.04,6.25,38827163
2017/7/20,600011.sh,6.21,6.32,6.17,6.26,29582931
2017/7/21,600011.sh,6.26,6.29,6.21,6.23,16165243
2017/7/24,600011.sh,6.23,6.27,6.21,6.26,13126583
2017/7/25,600011.sh,6.27,6.27,6.17,6.20,13214202
2017/7/26,600011.sh,6.20,6.23,6.13,6.14,17583859
2017/7/27,600011.sh,6.13,6.17,6.10,6.17,10080920
2017/7/28,600011.sh,6.15,6.29,6.15,6.22,17512304
2017/7/31,600011.sh,6.22,6.27,6.21,6.24,11627174
2017/8/1,600011.sh,6.24,6.31,6.22,6.27,15437887
2017/8/2,600011.sh,6.27,6.31,6.15,6.15,26091058
2017/8/3,600011.sh,6.14,6.23,6.12,6.18,16640773
2017/8/4,600011.sh,6.19,6.20,6.16,6.20,9349205
2017/8/7,600011.sh,6.20,6.20,6.08,6.11,19819524
2017/8/8,600011.sh,6.11,6.12,6.03,6.05,17306966
2017/8/9,600011.sh,6.05,6.05,5.99,6.01,17695038
2017/8/10,600011.sh,6.01,6.05,5.95,5.98,17957141
2017/8/11,600011.sh,5.98,5.98,5.82,5.84,18815073
2017/8/14,600011.sh,5.84,5.89,5.83,5.87,11948767
2017/8/15,600011.sh,5.87,5.90,5.85,5.86,11245637
2017/8/16,600011.sh,5.87,5.90,5.83,5.89,10886417
2017/8/17,600011.sh,5.90,6.08,5.87,6.03,25693750
2017/8/18,600011.sh,6.00,6.10,5.98,6.09,21569611
2017/8/21,600011.sh,6.10,6.15,6.03,6.09,18099310
2017/8/22,600011.sh,6.09,6.12,6.05,6.10,10747138
2017/8/23,600011.sh,6.09,6.09,6.01,6.02,8445739
2017/8/24,600011.sh,6.02,6.15,6.02,6.04,19588535
2017/8/25,600011.sh,6.03,6.08,5.99,6.06,14701584
2017/8/28,600011.sh,6.03,6.13,6.03,6.10,15160189
2017/8/29,600011.sh,6.15,6.20,6.11,6.11,16630300
2017/8/30,600011.sh,6.10,6.14,6.07,6.09,9250519
2017/8/31,600011.sh,6.09,6.09,6.05,6.08,6325207
2017/9/1,600011.sh,6.15,6.19,6.09,6.11,18349236
2017/9/4,600011.sh,6.08,6.11,6.01,6.05,17959870
2017/9/5,600011.sh,6.05,6.05,5.97,5.99,15362351
2017/9/6,600011.sh,5.99,6.00,5.95,5.99,9142257
2017/9/7,600011.sh,5.98,5.99,5.96,5.97,7486321
2017/9/8,600011.sh,5.98,5.99,5.95,5.96,8406399
2017/9/11,600011.sh,5.96,5.99,5.92,5.99,11992287
2017/9/12,600011.sh,5.99,5.99,5.88,5.92,23329514
2017/9/13,600011.sh,5.92,5.95,5.86,5.92,12604256
2017/9/14,600011.sh,5.91,5.94,5.87,5.92,7983603
2017/9/15,600011.sh,5.92,5.92,5.86,5.88,13564754
2017/9/18,600011.sh,5.90,5.92,5.89,5.92,5527500
2017/9/19,600011.sh,5.92,5.93,5.89,5.92,4334145
2017/9/20,600011.sh,5.93,5.96,5.90,5.95,7329615
2017/9/21,600011.sh,5.96,5.97,5.90,5.92,7100300
2017/9/22,600011.sh,5.92,5.92,5.86,5.89,6316752
2017/9/25,600011.sh,5.90,5.90,5.86,5.86,5090444
2017/9/26,600011.sh,5.86,5.87,5.82,5.86,9058615
2017/9/27,600011.sh,5.84,5.89,5.84,5.87,4677500
2017/9/28,600011.sh,5.86,5.88,5.85,5.86,4524092
2017/9/29,600011.sh,5.87,5.90,5.85,5.90,4139106
2017/10/9,600011.sh,5.93,5.93,5.90,5.92,4614822
2017/10/10,600011.sh,5.92,5.95,5.90,5.93,5550600
2017/10/11,600011.sh,5.95,5.95,5.92,5.93,4871620
2017/10/12,600011.sh,5.93,5.93,5.85,5.87,10260191
2017/10/13,600011.sh,5.89,5.92,5.86,5.88,9210786
2017/10/16,600011.sh,5.86,5.88,5.83,5.83,7126465
2017/10/17,600011.sh,5.84,5.86,5.82,5.83,4193620
2017/10/18,600011.sh,5.84,5.86,5.81,5.83,4597643
2017/10/19,600011.sh,5.84,5.85,5.72,5.73,9926901
2017/10/20,600011.sh,5.73,5.77,5.71,5.77,3798902
2017/10/23,600011.sh,5.77,5.81,5.75,5.81,3738842
2017/10/24,600011.sh,5.81,5.81,5.75,5.80,2802322
2017/10/25,600011.sh,5.79,5.84,5.76,5.83,5052354
2017/10/26,600011.sh,5.84,5.85,5.81,5.84,5959668
2017/10/27,600011.sh,5.81,5.86,5.81,5.83,5827841
2017/10/30,600011.sh,5.83,5.84,5.75,5.77,6595962
2017/10/31,600011.sh,5.76,5.78,5.69,5.72,6642096
2017/11/1,600011.sh,5.72,5.74,5.68,5.73,13588700
2017/11/2,600011.sh,5.74,5.74,5.69,5.73,7269667
2017/11/3,600011.sh,5.73,5.74,5.65,5.67,6994301
2017/11/6,600011.sh,5.68,5.69,5.58,5.61,8557781
2017/11/7,600011.sh,5.61,5.64,5.58,5.60,12940981
2017/11/8,600011.sh,5.60,5.90,5.59,5.87,36270397
2017/11/9,600011.sh,5.88,5.90,5.80,5.83,18052460
2017/11/10,600011.sh,5.81,5.83,5.71,5.73,15760914
2017/11/13,600011.sh,5.74,5.76,5.66,5.69,19163245
2017/11/14,600011.sh,5.69,5.73,5.68,5.71,9602321
2017/11/15,600011.sh,5.70,5.75,5.65,5.66,9231550
2017/11/16,600011.sh,5.66,5.75,5.61,5.64,13687483
2017/11/17,600011.sh,5.66,5.67,5.55,5.57,10005865
2017/11/20,600011.sh,5.56,5.60,5.51,5.59,9411852
2017/11/21,600011.sh,5.58,5.58,5.51,5.54,13643451
2017/11/22,600011.sh,5.54,5.55,5.47,5.49,18522722
2017/11/23,600011.sh,5.48,5.52,5.47,5.50,15720281
2017/11/24,600011.sh,5.50,5.51,5.41,5.44,11328838
2017/11/27,600011.sh,5.42,5.44,5.35,5.43,13364670
2017/11/28,600011.sh,5.41,5.42,5.36,5.38,11066901
2017/11/29,600011.sh,5.39,5.41,5.34,5.40,13326401
2017/11/30,600011.sh,5.40,5.43,5.35,5.38,9303719
2017/12/1,600011.sh,5.38,5.41,5.36,5.39,10348100
2017/12/4,600011.sh,5.38,5.52,5.37,5.46,21496518
2017/12/5,600011.sh,5.42,5.52,5.42,5.47,17040758
2017/12/6,600011.sh,5.48,5.52,5.45,5.52,15807544
2017/12/7,600011.sh,5.52,5.59,5.49,5.58,22356818
2017/12/8,600011.sh,5.57,5.62,5.52,5.55,26836408
2017/12/11,600011.sh,5.57,5.59,5.52,5.55,13513986
2017/12/12,600011.sh,5.54,5.54,5.47,5.50,10580810
2017/12/13,600011.sh,5.48,5.53,5.47,5.48,6094913
2017/12/14,600011.sh,5.50,5.50,5.39,5.47,11654693
2017/12/15,600011.sh,5.47,5.62,5.45,5.58,17003560
2017/12/18,600011.sh,5.56,5.64,5.55,5.60,10978443
2017/12/19,600011.sh,5.58,5.62,5.56,5.58,6369171
2017/12/20,600011.sh,5.58,5.62,5.57,5.58,6870506
2017/12/21,600011.sh,5.56,5.57,5.49,5.50,4153816
2017/12/22,600011.sh,5.51,5.54,5.41,5.45,7365339
2017/12/25,600011.sh,5.44,5.49,5.27,5.43,21683927
2017/12/26,600011.sh,5.37,5.44,5.36,5.40,5917925
2017/12/27,600011.sh,5.40,5.41,5.32,5.33,7708002
2017/12/28,600011.sh,5.35,5.35,5.26,5.27,11525784
2017/12/29,600011.sh,5.27,5.29,5.18,5.24,7501148
2018/1/2,600011.sh,5.25,5.35,5.24,5.33,9818135
2018/1/3,600011.sh,5.33,5.37,5.30,5.37,7390053
2018/1/4,600011.sh,5.35,5.41,5.32,5.35,12379201
2018/1/5,600011.sh,5.33,5.40,5.31,5.36,13665499
2018/1/8,600011.sh,5.38,5.39,5.33,5.38,7779921
2018/1/9,600011.sh,5.36,5.38,5.32,5.34,7683696
2018/1/10,600011.sh,5.34,5.34,5.26,5.27,9058261
2018/1/11,600011.sh,5.27,5.30,5.25,5.27,7958092
2018/1/12,600011.sh,5.29,5.36,5.27,5.33,10137601
2018/1/15,600011.sh,5.35,5.35,5.19,5.22,13121815
2018/1/16,600011.sh,5.21,5.24,5.16,5.21,11224805
2018/1/17,600011.sh,5.21,5.26,5.19,5.24,10740746
2018/1/18,600011.sh,5.24,5.24,5.18,5.21,13919052
2018/1/19,600011.sh,5.21,5.37,5.19,5.37,25640263
2018/1/22,600011.sh,5.35,5.38,5.30,5.35,12585725
2018/1/23,600011.sh,5.35,5.36,5.32,5.35,8972168
2018/1/24,600011.sh,5.35,5.43,5.35,5.40,13058213
2018/1/25,600011.sh,5.39,5.43,5.35,5.41,9706263
2018/1/26,600011.sh,5.40,5.41,5.36,5.39,6903981
2018/1/29,600011.sh,5.44,5.60,5.44,5.51,24597642
2018/1/30,600011.sh,5.48,5.63,5.47,5.61,28571774
2018/1/31,600011.sh,5.58,5.58,5.33,5.36,19605428
2018/2/1,600011.sh,5.35,5.35,5.11,5.18,19179598
2018/2/2,600011.sh,5.18,5.21,5.12,5.18,12909839
2018/2/5,600011.sh,5.11,5.20,5.05,5.18,11363938
2018/2/6,600011.sh,5.13,5.23,5.11,5.13,14726717
2018/2/7,600011.sh,5.20,5.22,5.11,5.18,10692177
2018/2/8,600011.sh,5.15,5.19,5.10,5.15,11167047
2018/2/9,600011.sh,5.11,5.14,4.93,4.95,15825322
2018/2/12,600011.sh,4.96,5.08,4.96,5.03,8134868
2018/2/13,600011.sh,5.03,5.18,5.03,5.16,9709794
2018/2/14,600011.sh,5.17,5.18,5.09,5.12,4077806
2018/2/22,600011.sh,5.12,5.16,5.08,5.13,4925305
2018/2/23,600011.sh,5.12,5.15,5.10,5.13,6538887
2018/2/26,600011.sh,5.13,5.22,5.11,5.18,10037622
2018/2/27,600011.sh,5.18,5.29,5.16,5.26,8655084
2018/2/28,600011.sh,5.26,5.31,5.20,5.26,6123648
2018/3/1,600011.sh,5.24,5.34,5.23,5.32,9518604
2018/3/2,600011.sh,5.30,5.59,5.27,5.52,28727016
2018/3/5,600011.sh,5.58,5.62,5.47,5.52,17247594
2018/3/6,600011.sh,5.52,5.69,5.48,5.64,23301357
2018/3/7,600011.sh,5.68,5.72,5.61,5.63,15506825
2018/3/8,600011.sh,5.65,6.12,5.65,5.97,56387120
2018/3/9,600011.sh,6.03,6.04,5.87,5.95,22539537
2018/3/12,600011.sh,5.92,6.03,5.86,5.94,17713605
2018/3/13,600011.sh,5.94,5.98,5.86,5.90,14905645
2018/3/14,600011.sh,5.81,5.99,5.79,5.94,23216883
2018/3/15,600011.sh,5.91,5.99,5.85,5.92,15487203
2018/3/16,600011.sh,5.95,5.98,5.66,5.70,16683386
2018/3/19,600011.sh,5.77,5.86,5.69,5.85,10988755
2018/3/20,600011.sh,5.78,6.01,5.76,5.92,18048394
2018/3/21,600011.sh,5.90,6.01,5.80,5.82,17275595
2018/3/22,600011.sh,5.85,5.92,5.71,5.72,16452623
2018/3/23,600011.sh,5.64,5.97,5.59,5.86,27421605
2018/3/26,600011.sh,5.80,5.85,5.68,5.76,20684761
2018/3/27,600011.sh,5.78,5.99,5.66,5.69,33993277
2018/3/28,600011.sh,5.64,5.90,5.61,5.85,25137082
2018/3/29,600011.sh,5.85,6.09,5.72,5.80,35990323
2018/3/30,600011.sh,5.82,5.87,5.69,5.84,14310197
2018/4/2,600011.sh,5.84,5.85,5.65,5.69,22335015
2018/4/3,600011.sh,5.65,5.68,5.14,5.43,29607098
2018/4/4,600011.sh,5.41,5.47,5.35,5.38,10753850
2018/4/9,600011.sh,5.37,5.40,5.24,5.35,12850860
2018/4/10,600011.sh,5.34,5.34,5.18,5.29,20667239
2018/4/11,600011.sh,5.29,5.47,5.24,5.42,15022315
2018/4/12,600011.sh,5.40,5.42,5.30,5.35,7373737
2018/4/13,600011.sh,5.34,5.46,5.34,5.39,13343568
2018/4/16,600011.sh,5.37,5.38,5.30,5.35,6779533
2018/4/17,600011.sh,5.43,5.45,5.32,5.39,10025583
2018/4/18,600011.sh,5.36,5.39,5.22,5.29,10264176
2018/4/19,600011.sh,5.26,5.30,5.24,5.28,7080082
2018/4/20,600011.sh,5.27,5.28,5.17,5.18,7545800
2018/4/23,600011.sh,5.18,5.19,5.07,5.09,9412701
2018/4/24,600011.sh,5.09,5.20,5.07,5.14,12120730
2018/4/25,600011.sh,5.18,5.31,5.15,5.25,15672023
2018/4/26,600011.sh,5.25,5.30,5.22,5.22,8485700
2018/4/27,600011.sh,5.25,5.34,5.18,5.32,9179765
2018/5/2,600011.sh,5.35,5.38,5.29,5.35,12077827
2018/5/3,600011.sh,5.42,5.47,5.35,5.41,16363025
2018/5/4,600011.sh,5.41,5.58,5.40,5.55,12299827
2018/5/7,600011.sh,5.46,5.57,5.43,5.55,15686600
2018/5/8,600011.sh,5.51,5.51,5.41,5.47,17994046
2018/5/9,600011.sh,5.44,5.47,5.37,5.41,10096947
2018/5/10,600011.sh,5.39,5.47,5.35,5.45,14954979
2018/5/11,600011.sh,5.43,5.45,5.33,5.36,10733945
2018/5/14,600011.sh,5.35,5.41,5.32,5.33,9483869
2018/5/15,600011.sh,5.35,5.51,5.33,5.51,19720809
2018/5/16,600011.sh,5.52,5.73,5.46,5.63,24406094
2018/5/17,600011.sh,5.62,5.68,5.46,5.55,12291257
2018/5/18,600011.sh,5.50,5.58,5.47,5.51,12137748
2018/5/21,600011.sh,5.51,5.66,5.50,5.61,11536860
2018/5/22,600011.sh,5.63,5.63,5.49,5.54,9576240
2018/5/23,600011.sh,5.53,5.99,5.51,5.95,50046417
2018/5/24,600011.sh,5.91,6.08,5.87,5.94,42535142
2018/5/25,600011.sh,5.99,6.02,5.75,5.95,28112672
2018/5/28,600011.sh,5.86,5.88,5.75,5.78,16044842
2018/5/29,600011.sh,5.77,6.01,5.77,5.99,23989090
2018/5/30,600011.sh,5.90,6.07,5.87,5.92,17540369
2018/5/31,600011.sh,5.87,6.14,5.84,6.07,31007760
2018/6/1,600011.sh,6.05,6.07,5.92,6.02,10563777
2018/6/4,600011.sh,6.02,6.08,5.89,6.00,13619011
2018/6/5,600011.sh,5.97,6.02,5.77,5.92,25268173
2018/6/6,600011.sh,5.85,5.92,5.77,5.84,15851224
2018/6/7,600011.sh,5.83,5.83,5.65,5.69,20735690
2018/6/8,600011.sh,5.67,5.73,5.51,5.57,19057028
2018/6/11,600011.sh,5.56,5.66,5.53,5.61,11365190
2018/6/12,600011.sh,5.61,5.78,5.60,5.71,12520726
2018/6/13,600011.sh,5.76,5.76,5.66,5.69,6739416
2018/6/14,600011.sh,5.70,5.75,5.61,5.63,6113308
2018/6/15,600011.sh,5.64,5.70,5.55,5.67,8971548
2018/6/19,600011.sh,5.64,5.64,5.39,5.41,12475911
2018/6/20,600011.sh,5.26,5.48,5.26,5.38,13947903
2018/6/21,600011.sh,5.38,5.40,5.20,5.25,10847236
2018/6/22,600011.sh,5.26,5.34,5.20,5.26,11114757
2018/6/25,600011.sh,5.27,5.36,5.27,5.31,6943198
2018/6/26,600011.sh,5.33,5.42,5.26,5.37,13740084
2018/6/27,600011.sh,5.38,5.44,5.29,5.39,15406431
2018/6/28,600011.sh,5.37,5.47,5.33,5.40,8900306
2018/6/29,600011.sh,5.40,5.51,5.32,5.49,9036834
2018/7/2,600011.sh,5.47,5.83,5.45,5.62,21319962
2018/7/3,600011.sh,5.62,5.94,5.53,5.90,22176893
2018/7/4,600011.sh,5.83,6.08,5.77,5.81,19505480
2018/7/5,600011.sh,5.90,5.99,5.77,5.81,11937647
2018/7/6,600011.sh,5.81,5.93,5.71,5.78,10380401
2018/7/9,600011.sh,5.75,6.07,5.73,5.92,15031120
2018/7/10,600011.sh,5.96,6.03,5.89,6.03,11140925
2018/7/11,600011.sh,6.00,6.05,5.84,6.02,11213568
2018/7/12,600011.sh,6.02,6.16,5.95,6.08,11337573
2018/7/13,600011.sh,6.08,6.13,5.97,6.02,8394474
2018/7/16,600011.sh,6.03,6.07,5.78,5.97,14200388
2018/7/17,600011.sh,5.92,6.06,5.87,5.99,11957454
2018/7/18,600011.sh,6.00,6.46,5.99,6.37,41385388
2018/7/19,600011.sh,6.31,6.58,6.24,6.47,29312630
2018/7/20,600011.sh,6.52,7.07,6.46,6.77,49197664
2018/7/23,600011.sh,6.77,6.82,6.62,6.81,27254580
2018/7/24,600011.sh,6.77,6.77,6.43,6.51,58188189
2018/7/25,600011.sh,6.47,6.55,6.40,6.54,35732680
2018/7/26,600011.sh,6.52,6.59,6.45,6.51,24593129
2018/7/27,600011.sh,6.46,6.66,6.43,6.47,18793212
2018/7/30,600011.sh,6.47,6.76,6.44,6.65,34785188
2018/7/31,600011.sh,6.68,6.68,6.46,6.52,18577544
2018/8/1,600011.sh,6.52,6.67,6.46,6.57,22875596
2018/8/2,600011.sh,6.58,6.89,6.35,6.86,43078569
2018/8/3,600011.sh,6.75,6.82,6.47,6.52,27318624
2018/8/6,600011.sh,6.48,6.52,6.13,6.40,22849302
2018/8/7,600011.sh,6.30,6.36,6.15,6.34,21287965
2018/8/8,600011.sh,6.26,6.28,6.04,6.14,24466972
2018/8/9,600011.sh,6.11,6.41,6.08,6.41,26269222
2018/8/10,600011.sh,6.30,6.32,5.90,5.99,51306639
2018/8/13,600011.sh,5.94,6.15,5.77,6.12,37865072
2018/8/14,600011.sh,6.10,6.17,6.02,6.12,13234454
2018/8/15,600011.sh,6.14,6.16,5.87,5.91,16437481
2018/8/16,600011.sh,5.89,6.14,5.83,5.96,13843196
2018/8/17,600011.sh,5.99,6.15,5.97,6.06,18830287
2018/8/20,600011.sh,6.08,6.26,6.04,6.25,23277790
2018/8/21,600011.sh,6.24,6.29,6.13,6.23,13956785
2018/8/22,600011.sh,6.20,6.20,5.96,5.97,14477785
2018/8/23,600011.sh,5.97,6.31,5.95,6.27,25003257
2018/8/24,600011.sh,6.27,6.27,6.17,6.21,13402002
2018/8/27,600011.sh,6.24,6.48,6.16,6.39,17159638
2018/8/28,600011.sh,6.39,6.46,6.27,6.31,13029705
2018/8/29,600011.sh,6.26,6.31,6.13,6.21,12275932
2018/8/30,600011.sh,6.16,6.32,6.07,6.31,18091559
2018/8/31,600011.sh,6.25,6.26,6.05,6.06,14669582
2018/9/3,600011.sh,6.07,6.33,6.03,6.28,17100983
2018/9/4,600011.sh,6.29,6.41,6.21,6.31,14622957
2018/9/5,600011.sh,6.28,6.34,6.21,6.26,8613193
2018/9/6,600011.sh,6.23,6.27,6.12,6.22,10251496
2018/9/7,600011.sh,6.19,6.25,6.09,6.11,13157207
2018/9/10,600011.sh,6.11,6.21,6.07,6.07,10328834
2018/9/11,600011.sh,6.11,6.25,6.10,6.23,16452718
2018/9/12,600011.sh,6.23,6.35,6.16,6.29,11125513
2018/9/13,600011.sh,6.28,6.48,6.28,6.41,16887639
2018/9/14,600011.sh,6.40,6.56,6.26,6.49,15364867
2018/9/17,600011.sh,6.49,6.67,6.38,6.52,19221130
2018/9/18,600011.sh,6.47,6.67,6.44,6.58,16461798
2018/9/19,600011.sh,6.58,6.77,6.46,6.53,24252178
2018/9/20,600011.sh,6.54,6.63,6.46,6.54,18693915
2018/9/21,600011.sh,6.52,6.57,6.37,6.51,20290906
2018/9/25,600011.sh,6.48,6.67,6.43,6.67,16239505
2018/9/26,600011.sh,6.66,6.67,6.50,6.51,24685119
2018/9/27,600011.sh,6.52,6.73,6.49,6.71,27328998
2018/9/28,600011.sh,6.70,6.71,6.58,6.65,23953460
2018/10/8,600011.sh,6.52,6.60,6.28,6.33,16213069
2018/10/9,600011.sh,6.33,6.40,6.16,6.21,15082687
2018/10/10,600011.sh,6.20,6.28,6.08,6.21,15117346
2018/10/11,600011.sh,6.14,6.14,5.84,5.93,19621367
2018/10/12,600011.sh,5.87,5.95,5.80,5.89,14210324
2018/10/15,600011.sh,5.89,5.94,5.65,5.74,13822269
2018/10/16,600011.sh,5.74,5.80,5.70,5.78,12958080
2018/10/17,600011.sh,5.83,5.98,5.78,5.86,18512119
2018/10/18,600011.sh,5.83,5.84,5.59,5.70,16571756
2018/10/19,600011.sh,5.63,5.74,5.44,5.71,16922628
2018/10/22,600011.sh,5.70,5.91,5.67,5.86,34105363
2018/10/23,600011.sh,5.80,5.83,5.28,5.32,63393106
2018/10/24,600011.sh,5.09,5.39,4.99,5.31,43590993
2018/10/25,600011.sh,5.18,5.20,5.06,5.16,25689324
2018/10/26,600011.sh,5.17,5.21,5.09,5.15,16657924
2018/10/29,600011.sh,5.14,5.24,5.01,5.23,20761060
2018/10/30,600011.sh,5.19,5.45,5.19,5.41,29355791
2018/10/31,600011.sh,5.39,5.68,5.39,5.58,22742602
2018/11/1,600011.sh,5.61,5.64,5.47,5.58,21214042
2018/11/2,600011.sh,5.59,5.72,5.55,5.70,20111465
2018/11/5,600011.sh,5.71,5.80,5.61,5.77,13307170
2018/11/6,600011.sh,5.78,5.83,5.68,5.78,9546791
2018/11/7,600011.sh,5.83,5.92,5.73,5.76,20818414
2018/11/8,600011.sh,5.80,5.91,5.77,5.82,17241222
2018/11/9,600011.sh,5.81,5.88,5.68,5.70,14778980
2018/11/12,600011.sh,5.72,6.02,5.72,5.98,23729481
2018/11/13,600011.sh,5.95,6.05,5.91,6.00,20134005
2018/11/14,600011.sh,5.96,6.08,5.88,5.95,16672923
2018/11/15,600011.sh,5.90,6.00,5.82,5.93,13713179
2018/11/16,600011.sh,5.95,5.95,5.80,5.84,18514215
2018/11/19,600011.sh,5.89,5.98,5.77,5.98,20138921
2018/11/20,600011.sh,5.96,6.04,5.77,5.78,21214943
2018/11/21,600011.sh,5.71,5.99,5.71,5.97,13573396
2018/11/22,600011.sh,6.00,6.00,5.85,5.87,8641670
2018/11/23,600011.sh,5.88,5.92,5.74,5.80,8154522
2018/11/26,600011.sh,5.78,5.83,5.58,5.65,18825406
2018/11/27,600011.sh,5.67,5.90,5.64,5.84,15695318
2018/11/28,600011.sh,5.85,5.89,5.76,5.83,8308055
2018/11/29,600011.sh,5.83,6.12,5.81,5.83,15239923
2018/11/30,600011.sh,5.87,5.99,5.80,5.95,16219709
2018/12/3,600011.sh,5.95,6.25,5.95,6.15,20626941
2018/12/4,600011.sh,6.15,6.29,6.07,6.27,17936080
2018/12/5,600011.sh,6.20,6.39,6.14,6.27,20115024
2018/12/6,600011.sh,6.28,6.39,6.15,6.18,19527993
2018/12/7,600011.sh,6.22,6.42,6.22,6.35,14121164
2018/12/10,600011.sh,6.36,6.37,6.13,6.23,11081807
2018/12/11,600011.sh,6.25,6.30,6.15,6.25,9556472
2018/12/12,600011.sh,6.28,6.41,6.25,6.34,11390362
2018/12/13,600011.sh,6.38,6.53,6.31,6.52,17230278
2018/12/14,600011.sh,6.47,6.69,6.32,6.40,27041256
2018/12/17,600011.sh,6.38,6.47,6.14,6.24,24257738
2018/12/18,600011.sh,6.21,6.34,6.17,6.26,13413629
2018/12/19,600011.sh,6.27,6.42,6.24,6.27,16873883
2018/12/20,600011.sh,6.27,6.46,6.20,6.46,16695142
2018/12/21,600011.sh,6.41,6.51,6.31,6.40,12030645
2018/12/24,600011.sh,6.36,6.43,6.18,6.33,10929090
2018/12/25,600011.sh,6.33,6.38,6.17,6.30,6914627
2018/12/26,600011.sh,6.30,6.34,6.18,6.31,6686853
2018/12/27,600011.sh,6.33,6.41,6.21,6.35,14801347
2018/12/28,600011.sh,6.30,6.38,6.22,6.37,16700928
2019/1/2,600011.sh,6.34,6.35,5.91,6.21,26003674
2019/1/3,600011.sh,6.14,6.14,5.95,6.04,25010012
2019/1/4,600011.sh,5.95,6.14,5.93,6.13,20222214
2019/1/7,600011.sh,6.11,6.14,6.05,6.11,12323202
2019/1/8,600011.sh,6.08,6.25,6.08,6.18,10216900
2019/1/9,600011.sh,6.19,6.34,6.00,6.04,16063514
2019/1/10,600011.sh,6.10,6.11,5.87,5.88,15439505
2019/1/11,600011.sh,5.87,6.03,5.87,6.02,10943534
2019/1/14,600011.sh,5.99,5.99,5.74,5.92,17832423
2019/1/15,600011.sh,5.89,6.00,5.86,6.00,10377968
2019/1/16,600011.sh,5.96,6.14,5.92,6.08,10801795
2019/1/17,600011.sh,6.08,6.12,6.01,6.05,4794500
2019/1/18,600011.sh,6.05,6.08,5.91,5.96,9696662
2019/1/21,600011.sh,5.94,6.14,5.91,6.09,14550815
2019/1/22,600011.sh,6.11,6.17,5.93,5.96,12387945
2019/1/23,600011.sh,5.96,6.07,5.90,6.02,11575217
2019/1/24,600011.sh,6.02,6.09,5.94,5.99,12483123
2019/1/25,600011.sh,6.00,6.09,5.70,5.77,27903069
2019/1/28,600011.sh,5.77,5.89,5.77,5.87,15511510
2019/1/29,600011.sh,5.87,5.94,5.79,5.90,7643097
2019/1/30,600011.sh,5.85,5.89,5.53,5.58,25409603
2019/1/31,600011.sh,5.58,5.62,5.39,5.54,19388238
2019/2/1,600011.sh,5.55,5.60,5.45,5.57,13143014
2019/2/11,600011.sh,5.58,5.78,5.54,5.75,16900972
2019/2/12,600011.sh,5.75,5.83,5.75,5.81,7489381
2019/2/13,600011.sh,5.83,5.94,5.77,5.91,10204361
2019/2/14,600011.sh,5.87,5.91,5.76,5.77,15205688
2019/2/15,600011.sh,5.78,6.03,5.74,5.95,18381320
2019/2/18,600011.sh,6.02,6.14,5.89,6.07,24477256
2019/2/19,600011.sh,6.08,6.21,5.99,6.01,23740170
2019/2/20,600011.sh,5.99,6.12,5.93,6.12,14375596
2019/2/21,600011.sh,6.08,6.08,5.94,5.97,18318237
2019/2/22,600011.sh,5.95,5.96,5.77,5.87,25469726
2019/2/25,600011.sh,5.86,6.02,5.77,6.02,52636436
2019/2/26,600011.sh,6.02,6.17,5.92,6.06,51238108
2019/2/27,600011.sh,6.08,6.08,5.89,5.95,47304558
2019/2/28,600011.sh,5.94,6.00,5.89,5.95,30929875
2019/3/1,600011.sh,5.95,5.95,5.78,5.83,31480595
2019/3/4,600011.sh,5.85,6.13,5.84,6.12,70295645
2019/3/5,600011.sh,6.21,6.40,6.19,6.31,64951655
2019/3/6,600011.sh,6.40,6.41,6.21,6.26,50179136
2019/3/7,600011.sh,6.29,6.29,6.14,6.18,40512309
2019/3/8,600011.sh,6.13,6.24,5.97,6.01,38563179
2019/3/11,600011.sh,5.95,6.08,5.93,6.04,36345427
2019/3/12,600011.sh,6.07,6.22,6.02,6.12,45956560
2019/3/13,600011.sh,6.07,6.08,5.81,5.87,42257016
2019/3/14,600011.sh,5.87,5.90,5.75,5.78,29212071
2019/3/15,600011.sh,5.77,5.83,5.73,5.75,33109256
2019/3/18,600011.sh,5.75,5.82,5.73,5.82,33358027
2019/3/19,600011.sh,5.83,5.90,5.82,5.85,30382593
2019/3/20,600011.sh,5.78,5.79,5.61,5.65,72914147
2019/3/21,600011.sh,5.66,5.70,5.64,5.69,40392896
2019/3/22,600011.sh,5.69,5.73,5.63,5.69,27487603
2019/3/25,600011.sh,5.65,5.67,5.59,5.60,24704383
2019/3/26,600011.sh,5.62,5.70,5.59,5.66,30168623
2019/3/27,600011.sh,5.66,5.74,5.64,5.73,32053045
2019/3/28,600011.sh,5.73,5.75,5.64,5.64,17043400
2019/3/29,600011.sh,5.63,5.68,5.53,5.66,31650827
2019/4/1,600011.sh,5.66,5.78,5.59,5.76,74165397
2019/4/2,600011.sh,5.75,5.76,5.70,5.73,37795723
2019/4/3,600011.sh,5.73,5.74,5.66,5.72,42204435
2019/4/4,600011.sh,5.74,5.82,5.72,5.76,71179800
2019/4/8,600011.sh,5.78,5.81,5.67,5.70,59015565
2019/4/9,600011.sh,5.70,5.70,5.64,5.67,35547594
2019/4/10,600011.sh,5.65,5.65,5.58,5.61,45801803
2019/4/11,600011.sh,5.61,5.64,5.59,5.61,25894139
2019/4/12,600011.sh,5.61,5.75,5.59,5.75,69017364
2019/4/15,600011.sh,5.77,5.79,5.66,5.68,61012264
2019/4/16,600011.sh,5.65,5.73,5.61,5.72,33582019
2019/4/17,600011.sh,5.72,5.72,5.68,5.71,30700545
2019/4/18,600011.sh,5.70,5.73,5.66,5.73,25736872
2019/4/19,600011.sh,5.71,5.82,5.70,5.79,53248941
2019/4/22,600011.sh,5.78,5.80,5.71,5.71,34818846
2019/4/23,600011.sh,5.75,5.75,5.67,5.69,20194969
2019/4/24,600011.sh,5.69,5.72,5.68,5.71,19385336
2019/4/25,600011.sh,5.70,5.82,5.69,5.76,44529105
2019/4/26,600011.sh,5.85,5.89,5.59,5.59,56138749
2019/4/29,600011.sh,5.60,5.75,5.59,5.63,42308311
2019/4/30,600011.sh,5.63,5.86,5.63,5.83,47541975
2019/5/6,600011.sh,5.75,5.87,5.64,5.79,51601184
2019/5/7,600011.sh,5.74,5.93,5.74,5.93,55072948
2019/5/8,600011.sh,5.85,5.98,5.77,5.82,40539802
2019/5/9,600011.sh,5.78,5.89,5.72,5.83,25200173
2019/5/10,600011.sh,5.80,5.89,5.74,5.87,28078708
2019/5/13,600011.sh,5.83,5.85,5.65,5.68,25017546
2019/5/14,600011.sh,5.62,5.74,5.60,5.64,21331661
2019/5/15,600011.sh,5.65,5.69,5.61,5.67,28163510
2019/5/16,600011.sh,5.66,5.66,5.55,5.57,37148324
2019/5/17,600011.sh,5.56,5.57,5.26,5.30,45667824
2019/5/20,600011.sh,5.26,5.34,5.22,5.32,17147907
2019/5/21,600011.sh,5.31,5.39,5.31,5.35,15137811
2019/5/22,600011.sh,5.34,5.36,5.32,5.32,10908624
2019/5/23,600011.sh,5.30,5.32,5.22,5.26,14070387
2019/5/24,600011.sh,5.25,5.36,5.25,5.32,19647632
2019/5/27,600011.sh,5.31,5.43,5.30,5.40,17045750
2019/5/28,600011.sh,5.42,5.49,5.36,5.42,15426736
2019/5/29,600011.sh,5.42,5.51,5.39,5.47,15005810
2019/5/30,600011.sh,5.45,5.51,5.44,5.49,13795128
2019/5/31,600011.sh,5.51,5.65,5.50,5.61,25793780
2019/6/3,600011.sh,5.59,5.72,5.58,5.69,28861675
2019/6/4,600011.sh,5.68,5.74,5.66,5.69,21416633
2019/6/5,600011.sh,5.71,5.77,5.69,5.70,19032495
2019/6/6,600011.sh,5.71,5.81,5.71,5.75,22119128
2019/6/10,600011.sh,5.79,5.80,5.64,5.69,19728478
2019/6/11,600011.sh,5.70,5.78,5.63,5.70,29217661
2019/6/12,600011.sh,5.70,5.76,5.65,5.73,21680427
2019/6/13,600011.sh,5.69,5.77,5.68,5.74,14661184
2019/6/14,600011.sh,5.77,5.86,5.70,5.73,19908549
2019/6/17,600011.sh,5.74,5.80,5.72,5.77,16628497
2019/6/18,600011.sh,5.76,5.78,5.63,5.72,13765884
2019/6/19,600011.sh,5.77,5.86,5.71,5.74,15227445
2019/6/20,600011.sh,5.77,5.85,5.74,5.77,20682238
2019/6/21,600011.sh,5.77,5.82,5.71,5.75,19335990
2019/6/24,600011.sh,5.76,5.77,5.62,5.64,14865185
2019/6/25,600011.sh,5.65,5.69,5.52,5.54,15675588
2019/6/26,600011.sh,5.54,5.59,5.50,5.58,16009583
2019/6/27,600011.sh,5.58,5.59,5.49,5.50,19946006
2019/6/28,600011.sh,5.49,5.49,5.39,5.46,16945356
2019/7/1,600011.sh,5.50,5.55,5.45,5.49,42417445
2019/7/2,600011.sh,5.48,5.50,5.42,5.48,25545355
2019/7/3,600011.sh,5.48,5.57,5.44,5.54,23915023
2019/7/4,600011.sh,5.53,5.63,5.48,5.52,23908586
2019/7/5,600011.sh,5.53,5.56,5.49,5.54,16341936
2019/7/8,600011.sh,5.54,5.54,5.40,5.47,17849359
2019/7/9,600011.sh,5.46,5.53,5.44,5.51,13950455
2019/7/10,600011.sh,5.52,5.53,5.45,5.48,8119340
2019/7/11,600011.sh,5.49,5.51,5.39,5.44,11661100
2019/7/12,600011.sh,5.46,5.53,5.43,5.51,13314988
2019/7/15,600011.sh,5.50,5.54,5.41,5.52,10945918
2019/7/16,600011.sh,5.52,5.59,5.49,5.59,12812801
2019/7/17,600011.sh,5.59,5.59,5.49,5.50,15408746
2019/7/18,600011.sh,5.47,5.52,5.44,5.49,13798618
2019/7/19,600011.sh,5.52,5.59,5.49,5.56,16025393
2019/7/22,600011.sh,5.57,5.60,5.51,5.52,14650917
2019/7/23,600011.sh,5.52,5.66,5.49,5.64,17789654
2019/7/24,600011.sh,5.64,5.70,5.59,5.63,15492897
2019/7/25,600011.sh,5.60,5.65,5.59,5.61,11587670
2019/7/26,600011.sh,5.61,5.66,5.58,5.63,15633174
2019/7/29,600011.sh,5.64,5.77,5.64,5.73,21675985
2019/7/30,600011.sh,5.71,5.77,5.67,5.71,16530528
2019/7/31,600011.sh,5.72,5.75,5.63,5.72,18005800
2019/8/1,600011.sh,5.72,5.94,5.71,5.94,43468540
2019/8/2,600011.sh,5.87,6.08,5.85,5.97,59046649
2019/8/5,600011.sh,5.92,6.01,5.85,5.90,37084757
2019/8/6,600011.sh,5.81,6.00,5.77,5.96,23745149
2019/8/7,600011.sh,5.92,6.01,5.84,5.91,23684380
2019/8/8,600011.sh,5.92,5.96,5.83,5.88,16456351
2019/8/9,600011.sh,5.87,5.89,5.73,5.75,20150517
2019/8/12,600011.sh,5.74,5.87,5.72,5.83,17357243
2019/8/13,600011.sh,5.82,6.02,5.77,5.99,29413317
2019/8/14,600011.sh,6.04,6.08,5.93,6.01,20647585
2019/8/15,600011.sh,5.91,6.17,5.83,6.08,26241213
2019/8/16,600011.sh,6.08,6.08,5.96,5.99,18394535
2019/8/19,600011.sh,6.01,6.03,5.92,5.99,26465020
2019/8/20,600011.sh,5.96,5.97,5.86,5.95,27722235
2019/8/21,600011.sh,5.91,5.94,5.87,5.90,12755727
2019/8/22,600011.sh,5.91,5.92,5.86,5.87,9762468
2019/8/23,600011.sh,5.86,5.89,5.79,5.84,14406310
2019/8/26,600011.sh,5.78,5.83,5.64,5.66,20826750
2019/8/27,600011.sh,5.69,5.73,5.66,5.67,23058527
2019/8/28,600011.sh,5.68,5.71,5.53,5.55,25952785
2019/8/29,600011.sh,5.57,5.57,5.46,5.52,17376389
2019/8/30,600011.sh,5.53,5.59,5.51,5.52,19167254
2019/9/2,600011.sh,5.54,5.61,5.52,5.60,20715358
2019/9/3,600011.sh,5.59,5.61,5.47,5.54,27800105
2019/9/4,600011.sh,5.53,5.59,5.50,5.59,16072400
2019/9/5,600011.sh,5.60,5.65,5.57,5.62,34665168
2019/9/6,600011.sh,5.60,5.61,5.54,5.58,20628374
2019/9/9,600011.sh,5.60,5.60,5.54,5.60,18954374
2019/9/10,600011.sh,5.61,5.61,5.56,5.59,14247653
2019/9/11,600011.sh,5.56,5.59,5.56,5.58,13347012
2019/9/12,600011.sh,5.58,5.59,5.54,5.59,17977647
2019/9/16,600011.sh,5.58,5.59,5.52,5.56,12917398
2019/9/17,600011.sh,5.56,5.56,5.44,5.45,23915637
2019/9/18,600011.sh,5.46,5.49,5.45,5.45,11138843
2019/9/19,600011.sh,5.47,5.47,5.37,5.39,29450137
2019/9/20,600011.sh,5.40,5.40,5.35,5.35,30421161
2019/9/23,600011.sh,5.37,5.37,5.27,5.31,29907585
2019/9/24,600011.sh,5.30,5.35,5.30,5.31,13492360
2019/9/25,600011.sh,5.32,5.33,5.23,5.23,19385901
2019/9/26,600011.sh,5.25,5.26,5.22,5.23,14603191
2019/9/27,600011.sh,5.22,5.23,5.09,5.17,31644102
2019/9/30,600011.sh,5.16,5.16,5.09,5.09,17203287
2019/10/8,600011.sh,5.09,5.12,5.04,5.10,15549206
2019/10/9,600011.sh,5.07,5.09,5.06,5.09,9004539
2019/10/10,600011.sh,5.09,5.15,5.09,5.14,11020892
2019/10/11,600011.sh,5.15,5.16,5.11,5.14,21031148
2019/10/14,600011.sh,5.15,5.16,5.10,5.13,33705764
2019/10/15,600011.sh,5.12,5.14,5.09,5.12,15624874
2019/10/16,600011.sh,5.13,5.15,5.09,5.10,14419344
2019/10/17,600011.sh,5.09,5.17,5.09,5.16,16857123
2019/10/18,600011.sh,5.16,5.16,5.07,5.08,18701241
2019/10/21,600011.sh,5.08,5.09,5.03,5.06,15517731
2019/10/22,600011.sh,5.06,5.09,4.99,5.04,20225585
2019/10/23,600011.sh,5.12,5.31,5.11,5.29,57137265
2019/10/24,600011.sh,5.26,5.28,5.11,5.13,42334289
2019/10/25,600011.sh,5.14,5.14,5.04,5.08,28800691
2019/10/28,600011.sh,5.06,5.10,5.03,5.09,25084867
2019/10/29,600011.sh,5.09,5.09,5.05,5.06,14292203
2019/10/30,600011.sh,5.06,5.06,5.00,5.01,14628659
2019/10/31,600011.sh,5.00,5.03,4.99,5.00,11006251
2019/11/1,600011.sh,5.00,5.03,4.96,5.02,13415010
2019/11/4,600011.sh,5.02,5.03,4.99,5.02,12048437
2019/11/5,600011.sh,5.01,5.02,4.98,5.01,21029668
2019/11/6,600011.sh,5.01,5.09,5.00,5.07,21147876
2019/11/7,600011.sh,5.06,5.12,5.04,5.09,13291969
2019/11/8,600011.sh,5.11,5.12,5.02,5.03,18761447
2019/11/11,600011.sh,5.02,5.03,4.96,4.97,13370480
2019/11/12,600011.sh,4.96,5.04,4.95,4.97,21221732
2019/11/13,600011.sh,5.00,5.00,4.87,4.93,23370058
2019/11/14,600011.sh,4.90,4.92,4.85,4.85,15876143
2019/11/15,600011.sh,4.85,4.85,4.73,4.77,21268789
2019/11/18,600011.sh,4.76,4.87,4.73,4.85,13536025
2019/11/19,600011.sh,4.85,5.01,4.82,4.99,19135964
2019/11/20,600011.sh,4.98,5.07,4.95,5.03,17066714
2019/11/21,600011.sh,5.02,5.15,4.98,5.13,29060001
2019/11/22,600011.sh,5.16,5.20,5.10,5.15,22015797
2019/11/25,600011.sh,5.16,5.23,5.16,5.22,24168410
2019/11/26,600011.sh,5.22,5.24,5.14,5.18,23462249
2019/11/27,600011.sh,5.20,5.24,5.18,5.22,18575993
2019/11/28,600011.sh,5.21,5.24,5.16,5.23,12872031
2019/11/29,600011.sh,5.26,5.28,5.23,5.25,15814058
2019/12/2,600011.sh,5.28,5.37,5.27,5.35,25616946
2019/12/3,600011.sh,5.35,5.36,5.28,5.32,18413791
2019/12/4,600011.sh,5.29,5.35,5.16,5.18,28477146
2019/12/5,600011.sh,5.25,5.25,5.11,5.13,26234186
2019/12/6,600011.sh,5.14,5.16,5.04,5.08,21006704
2019/12/9,600011.sh,5.04,5.13,5.03,5.11,23834974
2019/12/10,600011.sh,5.12,5.15,5.06,5.09,15909788
2019/12/11,600011.sh,5.10,5.10,5.02,5.04,15210015
2019/12/12,600011.sh,5.03,5.05,4.95,4.98,16765546
2019/12/13,600011.sh,5.00,5.03,4.98,5.03,18362937
2019/12/16,600011.sh,5.03,5.04,4.98,5.02,26936854
2019/12/17,600011.sh,5.02,5.12,5.01,5.10,26584065
2019/12/18,600011.sh,5.09,5.12,5.07,5.09,20718487
2019/12/19,600011.sh,5.10,5.15,5.07,5.11,17590471
2019/12/20,600011.sh,5.09,5.11,5.06,5.09,13924331
2019/12/23,600011.sh,5.06,5.06,4.96,4.97,18887205
2019/12/24,600011.sh,4.95,5.00,4.95,4.98,11617635
2019/12/25,600011.sh,4.97,5.00,4.96,4.98,8911960
2019/12/26,600011.sh,4.95,5.00,4.95,5.00,10823235
2019/12/27,600011.sh,4.99,5.02,4.89,4.90,42110272
2019/12/30,600011.sh,4.89,4.92,4.82,4.88,43624362
2019/12/31,600011.sh,4.87,4.90,4.82,4.89,49925841
2020/1/2,600011.sh,4.92,4.99,4.91,4.95,47080324
2020/1/3,600011.sh,4.96,4.99,4.93,4.95,28408956
2020/1/6,600011.sh,4.93,4.97,4.91,4.95,39020143
2020/1/7,600011.sh,4.95,4.99,4.94,4.99,41602527
2020/1/8,600011.sh,4.97,4.99,4.87,4.90,41327482
2020/1/9,600011.sh,4.92,4.95,4.90,4.93,25346910
2020/1/10,600011.sh,4.93,4.94,4.88,4.90,16454165
2020/1/13,600011.sh,4.89,4.92,4.87,4.92,16022295
2020/1/14,600011.sh,4.93,4.97,4.92,4.96,28728716
2020/1/15,600011.sh,4.96,4.97,4.89,4.91,19813276
2020/1/16,600011.sh,4.91,4.92,4.84,4.86,25047964
2020/1/17,600011.sh,4.87,4.88,4.83,4.84,17237342
2020/1/20,600011.sh,4.85,4.86,4.82,4.85,14261840
2020/1/21,600011.sh,4.84,4.85,4.75,4.78,28838827
2020/1/22,600011.sh,4.77,4.86,4.73,4.82,28629451
2020/1/23,600011.sh,4.80,4.84,4.73,4.74,27433052
2020/2/3,600011.sh,4.27,4.34,4.27,4.27,36994591
2020/2/4,600011.sh,4.11,4.46,4.11,4.27,36400000
2020/2/5,600011.sh,4.30,4.36,4.23,4.28,28509687
2020/2/6,600011.sh,4.31,4.32,4.25,4.31,23186611
2020/2/7,600011.sh,4.31,4.36,4.26,4.34,29898577
2020/2/10,600011.sh,4.31,4.34,4.30,4.33,27765669
2020/2/11,600011.sh,4.32,4.38,4.30,4.32,34695963
2020/2/12,600011.sh,4.32,4.34,4.27,4.33,38208546
2020/2/13,600011.sh,4.31,4.33,4.25,4.25,34588699
2020/2/14,600011.sh,4.25,4.25,4.21,4.24,28841187
2020/2/17,600011.sh,4.23,4.32,4.22,4.32,36442661
2020/2/18,600011.sh,4.31,4.38,4.31,4.33,33538709
2020/2/19,600011.sh,4.31,4.33,4.30,4.31,28242060
2020/2/20,600011.sh,4.31,4.38,4.30,4.38,39160679
2020/2/21,600011.sh,4.37,4.43,4.35,4.38,36944203
2020/2/24,600011.sh,4.38,4.38,4.30,4.32,36699463
2020/2/25,600011.sh,4.26,4.28,4.22,4.26,31904675
2020/2/26,600011.sh,4.23,4.33,4.21,4.30,37149048
2020/2/27,600011.sh,4.30,4.32,4.28,4.29,24090973
2020/2/28,600011.sh,4.24,4.25,4.12,4.12,49895545
2020/3/2,600011.sh,4.12,4.23,4.12,4.22,26689092
2020/3/3,600011.sh,4.24,4.28,4.23,4.23,24123596
2020/3/4,600011.sh,4.23,4.30,4.21,4.29,25302823
2020/3/5,600011.sh,4.31,4.35,4.30,4.34,36208749
2020/3/6,600011.sh,4.31,4.32,4.27,4.29,27812248
2020/3/9,600011.sh,4.23,4.24,4.16,4.18,34576786
2020/3/10,600011.sh,4.14,4.23,4.13,4.23,25936986
2020/3/11,600011.sh,4.22,4.28,4.22,4.25,23426425
2020/3/12,600011.sh,4.21,4.23,4.16,4.17,19991487
2020/3/13,600011.sh,4.06,4.13,4.02,4.10,25524143
2020/3/16,600011.sh,4.10,4.16,4.07,4.08,26630654
2020/3/17,600011.sh,4.08,4.12,4.00,4.02,25307000
2020/3/18,600011.sh,4.04,4.06,3.92,3.92,33945527
2020/3/19,600011.sh,3.90,3.91,3.74,3.79,30603151
2020/3/20,600011.sh,3.81,3.86,3.78,3.83,19833738
2020/3/23,600011.sh,3.79,3.95,3.77,3.91,32998416
2020/3/24,600011.sh,3.95,4.05,3.94,4.04,27398464
2020/3/25,600011.sh,4.10,4.10,4.02,4.05,19190827
2020/3/26,600011.sh,4.02,4.03,3.98,4.00,14060250
2020/3/27,600011.sh,4.02,4.07,3.98,4.02,16613386
2020/3/30,600011.sh,3.99,4.11,3.97,4.10,28457513
2020/3/31,600011.sh,4.10,4.16,4.08,4.11,22953278
2020/4/1,600011.sh,4.03,4.10,3.91,3.92,33129969
2020/4/2,600011.sh,3.90,3.91,3.82,3.88,25033917
2020/4/3,600011.sh,3.88,3.88,3.79,3.80,19160288
2020/4/7,600011.sh,3.83,3.85,3.81,3.83,30968206
2020/4/8,600011.sh,3.81,3.83,3.78,3.82,24362904
2020/4/9,600011.sh,3.82,3.87,3.81,3.84,19651331
2020/4/10,600011.sh,3.85,3.85,3.78,3.81,13972461
2020/4/13,600011.sh,3.79,3.80,3.73,3.74,20344701
2020/4/14,600011.sh,3.75,3.78,3.74,3.78,15501542
2020/4/15,600011.sh,3.77,3.78,3.70,3.71,25471844
2020/4/16,600011.sh,3.69,3.79,3.67,3.77,26231991
2020/4/17,600011.sh,3.75,3.77,3.73,3.73,15704588
2020/4/20,600011.sh,3.74,3.74,3.69,3.70,16966681
2020/4/21,600011.sh,3.69,3.71,3.65,3.68,17328566
2020/4/22,600011.sh,3.67,3.71,3.65,3.68,20670265
2020/4/23,600011.sh,3.67,3.74,3.67,3.70,28816576
2020/4/24,600011.sh,3.70,3.71,3.65,3.67,18050859
2020/4/27,600011.sh,3.65,3.70,3.65,3.68,15340427
2020/4/28,600011.sh,3.68,3.70,3.56,3.62,27847428
2020/4/29,600011.sh,3.60,3.65,3.59,3.63,12647760
2020/4/30,600011.sh,3.66,3.72,3.66,3.70,17267414
2020/5/6,600011.sh,3.65,3.71,3.64,3.70,21073404
2020/5/7,600011.sh,3.70,3.86,3.69,3.81,42658747
2020/5/8,600011.sh,3.78,3.81,3.77,3.78,21723028
2020/5/11,600011.sh,3.77,3.82,3.76,3.79,23219966
2020/5/12,600011.sh,3.78,3.80,3.73,3.76,17465882
2020/5/13,600011.sh,3.76,3.88,3.75,3.86,30728731
2020/5/14,600011.sh,3.86,3.93,3.80,3.81,21343968
2020/5/15,600011.sh,3.82,3.88,3.80,3.82,21591287
2020/5/18,600011.sh,3.81,3.84,3.79,3.80,13826519
2020/5/19,600011.sh,3.81,3.83,3.80,3.81,11129328
2020/5/20,600011.sh,3.81,3.83,3.79,3.82,11940761
2020/5/21,600011.sh,3.82,3.84,3.73,3.74,19137796
2020/5/22,600011.sh,3.74,3.75,3.66,3.67,16054195
2020/5/25,600011.sh,3.67,3.78,3.66,3.77,20325355
2020/5/26,600011.sh,3.78,3.89,3.77,3.86,34848888
2020/5/27,600011.sh,3.87,3.89,3.82,3.88,27863852
2020/5/28,600011.sh,3.88,3.93,3.83,3.85,14406352
2020/5/29,600011.sh,3.86,3.86,3.74,3.80,26694732
2020/6/1,600011.sh,3.80,3.86,3.80,3.84,19717288
2020/6/2,600011.sh,3.83,3.87,3.81,3.86,21478528
2020/6/3,600011.sh,3.84,3.88,3.81,3.82,24016879
2020/6/4,600011.sh,3.84,3.84,3.74,3.74,28742072
2020/6/5,600011.sh,3.76,3.77,3.74,3.77,11474062
2020/6/8,600011.sh,3.77,3.82,3.76,3.80,24113271
2020/6/9,600011.sh,3.81,3.81,3.78,3.81,13774374
2020/6/10,600011.sh,3.81,3.81,3.73,3.74,20176413
2020/6/11,600011.sh,3.74,3.74,3.68,3.70,17495640
2020/6/12,600011.sh,3.67,3.69,3.65,3.69,27642980
2020/6/15,600011.sh,3.67,3.68,3.62,3.63,20576446
2020/6/16,600011.sh,3.65,3.66,3.62,3.65,18402457
2020/6/17,600011.sh,3.65,3.65,3.63,3.64,11816421
2020/6/18,600011.sh,3.64,3.74,3.64,3.72,28548811
2020/6/19,600011.sh,3.72,3.76,3.71,3.74,26924393
2020/6/22,600011.sh,3.74,3.76,3.70,3.72,22449279
2020/6/23,600011.sh,3.72,3.73,3.67,3.69,11372409
2020/6/24,600011.sh,3.72,3.73,3.68,3.69,11889700
2020/6/29,600011.sh,3.68,3.71,3.66,3.67,13782323
2020/6/30,600011.sh,3.69,3.71,3.67,3.70,14577996
2020/7/1,600011.sh,3.69,3.74,3.67,3.73,14375772
2020/7/2,600011.sh,3.73,3.85,3.73,3.84,38806678
2020/7/3,600011.sh,3.86,3.93,3.86,3.92,52296431
2020/7/6,600011.sh,3.96,4.22,3.94,4.19,79234850
2020/7/7,600011.sh,4.24,4.37,4.17,4.24,84602633
2020/7/8,600011.sh,4.21,4.29,4.17,4.29,60771176
2020/7/9,600011.sh,4.29,4.34,4.24,4.32,53844554
2020/7/10,600011.sh,4.31,4.32,4.24,4.24,40956206
2020/7/13,600011.sh,4.24,4.31,4.23,4.28,38245841
2020/7/14,600011.sh,4.28,4.28,4.17,4.25,45370927
2020/7/15,600011.sh,4.27,4.33,4.23,4.23,44067323
2020/7/16,600011.sh,4.26,4.32,4.12,4.13,58928304
2020/7/17,600011.sh,4.13,4.20,4.10,4.18,30075892
2020/7/20,600011.sh,4.20,4.51,4.20,4.50,84558149
2020/7/21,600011.sh,4.52,4.56,4.34,4.39,51758166
2020/7/22,600011.sh,4.42,4.42,4.32,4.33,36629122
2020/7/23,600011.sh,4.32,4.33,4.21,4.31,34261988
2020/7/24,600011.sh,4.30,4.32,4.14,4.21,36798449
2020/7/27,600011.sh,4.19,4.30,4.16,4.29,28706011
2020/7/28,600011.sh,4.26,4.33,4.24,4.27,23893766
2020/7/29,600011.sh,4.26,4.29,4.19,4.25,27075446
2020/7/30,600011.sh,4.24,4.27,4.22,4.25,17485403
2020/7/31,600011.sh,4.24,4.26,4.18,4.24,27870395
2020/8/3,600011.sh,4.24,4.27,4.23,4.26,21719053
2020/8/4,600011.sh,4.25,4.28,4.17,4.24,41625701
2020/8/5,600011.sh,4.23,4.24,4.17,4.20,16795451
2020/8/6,600011.sh,4.18,4.21,4.11,4.15,23790288
2020/8/7,600011.sh,4.16,4.16,4.11,4.13,18808584
2020/8/10,600011.sh,4.13,4.20,4.12,4.18,19938777
2020/8/11,600011.sh,4.19,4.23,4.14,4.14,20707962
2020/8/12,600011.sh,4.14,4.30,4.11,4.28,42070016
2020/8/13,600011.sh,4.27,4.41,4.27,4.34,48755625
2020/8/14,600011.sh,4.35,4.39,4.32,4.36,30151785
2020/8/17,600011.sh,4.38,4.54,4.38,4.52,47966024
2020/8/18,600011.sh,4.53,4.65,4.52,4.59,46691835
2020/8/19,600011.sh,4.76,5.05,4.71,5.05,106571134
2020/8/20,600011.sh,5.31,5.55,5.16,5.33,285279526
2020/8/21,600011.sh,5.20,5.64,5.08,5.60,209261688
2020/8/24,600011.sh,5.51,5.56,5.22,5.41,123438882
2020/8/25,600011.sh,5.28,5.30,5.03,5.06,103011959
2020/8/26,600011.sh,5.06,5.20,4.94,5.10,73832822
2020/8/27,600011.sh,5.04,5.07,4.80,4.90,65301814
2020/8/28,600011.sh,4.91,5.08,4.81,5.03,50289450
2020/8/31,600011.sh,5.01,5.08,4.97,4.98,37995482
2020/9/1,600011.sh,4.99,5.29,4.91,5.28,78997581
2020/9/2,600011.sh,5.23,5.28,5.10,5.22,40877206
2020/9/3,600011.sh,5.23,5.27,5.01,5.15,44947574
2020/9/4,600011.sh,5.06,5.26,4.98,5.00,38463298
2020/9/7,600011.sh,5.02,5.06,4.89,4.92,28700485
2020/9/8,600011.sh,4.92,5.21,4.88,5.11,38512495
2020/9/9,600011.sh,5.06,5.20,5.04,5.14,28237384
2020/9/10,600011.sh,5.15,5.38,5.09,5.31,47304320
2020/9/11,600011.sh,5.28,5.29,5.08,5.26,31205463
2020/9/14,600011.sh,5.21,5.32,5.16,5.28,36633052
2020/9/15,600011.sh,5.30,5.30,5.13,5.17,21150154
2020/9/16,600011.sh,5.15,5.19,5.08,5.17,17028648
2020/9/17,600011.sh,5.17,5.17,5.03,5.05,14171682
2020/9/18,600011.sh,5.10,5.24,5.05,5.24,21395285
2020/9/21,600011.sh,5.21,5.26,5.01,5.05,30212800
2020/9/22,600011.sh,5.02,5.05,4.95,4.98,13595691
2020/9/23,600011.sh,4.97,5.00,4.91,4.93,13230738
2020/9/24,600011.sh,4.91,4.96,4.78,4.83,17214984
2020/9/25,600011.sh,4.84,4.95,4.80,4.93,14057885
2020/9/28,600011.sh,4.93,4.96,4.86,4.87,8559989
2020/9/29,600011.sh,4.89,4.89,4.77,4.79,17957290
2020/9/30,600011.sh,4.76,4.95,4.76,4.89,18302057
2020/10/9,600011.sh,4.89,5.02,4.87,4.89,19430140
2020/10/12,600011.sh,4.91,4.99,4.85,4.97,19832869
2020/10/13,600011.sh,4.96,4.97,4.78,4.90,28631073
2020/10/14,600011.sh,4.89,4.89,4.71,4.73,31828770
2020/10/15,600011.sh,4.76,4.77,4.64,4.68,28623974
2020/10/16,600011.sh,4.68,4.85,4.64,4.77,22273694
2020/10/19,600011.sh,4.75,4.80,4.63,4.67,22493433
2020/10/20,600011.sh,4.65,4.77,4.65,4.72,18107694
2020/10/21,600011.sh,4.71,4.75,4.63,4.64,15938608
2020/10/22,600011.sh,4.63,4.66,4.52,4.53,22896140
2020/10/23,600011.sh,4.55,4.56,4.47,4.48,14759218
2020/10/26,600011.sh,4.52,4.77,4.47,4.74,48375816
2020/10/27,600011.sh,4.70,4.71,4.53,4.59,35389129
2020/10/28,600011.sh,4.66,4.70,4.49,4.52,38412209
2020/10/29,600011.sh,4.52,4.60,4.47,4.51,28823696
2020/10/30,600011.sh,4.50,4.54,4.39,4.41,20919121
2020/11/2,600011.sh,4.41,4.42,4.23,4.26,46409785
2020/11/3,600011.sh,4.28,4.54,4.27,4.51,39628069
2020/11/4,600011.sh,4.50,4.53,4.36,4.38,20642893
2020/11/5,600011.sh,4.39,4.52,4.38,4.46,21456546
2020/11/6,600011.sh,4.46,4.71,4.45,4.64,38041778
2020/11/9,600011.sh,4.65,4.73,4.58,4.66,37212723
2020/11/10,600011.sh,4.66,4.74,4.62,4.64,23566309
2020/11/11,600011.sh,4.62,4.74,4.60,4.71,27325364
2020/11/12,600011.sh,4.69,4.70,4.53,4.58,29399324
2020/11/13,600011.sh,4.59,4.59,4.47,4.52,17590022
2020/11/16,600011.sh,4.52,4.61,4.51,4.56,28096670
2020/11/17,600011.sh,4.55,4.64,4.55,4.60,26201507
2020/11/18,600011.sh,4.58,4.65,4.54,4.62,30701358
2020/11/19,600011.sh,4.61,4.61,4.56,4.57,15059115
2020/11/20,600011.sh,4.56,4.61,4.54,4.59,11963374
2020/11/23,600011.sh,4.59,4.66,4.56,4.63,27438249
2020/11/24,600011.sh,4.64,4.64,4.53,4.56,27375545
2020/11/25,600011.sh,4.60,4.67,4.56,4.57,29375724
2020/11/26,600011.sh,4.56,4.76,4.53,4.74,58716554
2020/11/27,600011.sh,4.70,4.74,4.59,4.66,46041760
2020/11/30,600011.sh,4.65,4.75,4.61,4.64,48592634
2020/12/1,600011.sh,4.63,4.64,4.58,4.61,47871233
2020/12/2,600011.sh,4.60,4.61,4.54,4.56,33647837
2020/12/3,600011.sh,4.57,4.57,4.50,4.52,36374090
2020/12/4,600011.sh,4.52,4.52,4.43,4.47,28272784
2020/12/7,600011.sh,4.46,4.47,4.37,4.38,32002769
2020/12/8,600011.sh,4.38,4.41,4.35,4.38,18730820
2020/12/9,600011.sh,4.38,4.39,4.28,4.28,25191566
2020/12/10,600011.sh,4.33,4.33,4.26,4.28,16526855
2020/12/11,600011.sh,4.27,4.28,4.10,4.14,34325660
2020/12/14,600011.sh,4.14,4.20,4.10,4.15,29852067
2020/12/15,600011.sh,4.15,4.15,4.02,4.05,40654818
2020/12/16,600011.sh,4.04,4.06,3.98,4.00,30845791
2020/12/17,600011.sh,3.99,4.11,3.97,4.09,40662195
2020/12/18,600011.sh,4.13,4.38,4.11,4.25,74835818
2020/12/21,600011.sh,4.24,4.28,4.17,4.21,37583618
2020/12/22,600011.sh,4.17,4.19,4.06,4.10,36882784
2020/12/23,600011.sh,4.06,4.16,4.05,4.15,33188960
2020/12/24,600011.sh,4.16,4.19,4.11,4.14,31185243
2020/12/25,600011.sh,4.11,4.30,4.10,4.27,46302501
2020/12/28,600011.sh,4.31,4.37,4.19,4.26,63761784
2020/12/29,600011.sh,4.25,4.25,4.13,4.13,58279165
2020/12/30,600011.sh,4.16,4.20,4.08,4.09,49720403
2020/12/31,600011.sh,4.09,4.12,4.04,4.05,69427904
2021/1/4,600011.sh,4.06,4.10,4.01,4.06,65106157
2021/1/5,600011.sh,4.06,4.06,3.95,3.97,70314580
2021/1/6,600011.sh,3.97,4.00,3.90,4.00,50189396
2021/1/7,600011.sh,3.97,4.04,3.94,3.97,47559805
2021/1/8,600011.sh,3.97,4.06,3.95,4.04,45184519
2021/1/11,600011.sh,4.04,4.05,3.90,3.93,51545147
2021/1/12,600011.sh,3.89,3.96,3.89,3.94,26579611
2021/1/13,600011.sh,3.91,4.08,3.88,4.06,60115992
2021/1/14,600011.sh,4.05,4.20,4.03,4.08,56178675
2021/1/15,600011.sh,4.06,4.15,4.02,4.03,38702358
2021/1/18,600011.sh,4.05,4.06,4.01,4.02,33698142
2021/1/19,600011.sh,4.03,4.13,3.99,4.12,45442411
2021/1/20,600011.sh,4.12,4.15,4.05,4.07,41066624
2021/1/21,600011.sh,4.05,4.06,4.01,4.01,34047542
2021/1/22,600011.sh,4.01,4.03,3.93,3.95,30008372
2021/1/25,600011.sh,3.93,3.94,3.86,3.87,34149400
2021/1/26,600011.sh,3.88,3.91,3.85,3.87,28638318
2021/1/27,600011.sh,3.87,3.92,3.83,3.84,31317792
2021/1/28,600011.sh,3.82,3.85,3.76,3.79,34769509
2021/1/29,600011.sh,3.80,3.83,3.74,3.77,27360778
2021/2/1,600011.sh,3.77,3.79,3.60,3.65,80244420
2021/2/2,600011.sh,3.64,3.68,3.59,3.60,54707645
2021/2/3,600011.sh,3.59,3.60,3.50,3.51,51106067
2021/2/4,600011.sh,3.49,3.53,3.43,3.47,36917774
2021/2/5,600011.sh,3.47,3.52,3.45,3.49,25408467
2021/2/8,600011.sh,3.49,3.50,3.43,3.44,39159509
2021/2/9,600011.sh,3.43,3.46,3.38,3.45,30308697
2021/2/10,600011.sh,3.44,3.48,3.41,3.47,24256095
2021/2/18,600011.sh,3.49,3.57,3.49,3.56,50281226
2021/2/19,600011.sh,3.57,3.68,3.52,3.67,56065522
2021/2/22,600011.sh,3.70,3.87,3.68,3.77,93534076
2021/2/23,600011.sh,3.84,3.88,3.70,3.71,56745664
2021/2/24,600011.sh,3.68,3.78,3.68,3.73,41967100
2021/2/25,600011.sh,3.76,3.81,3.72,3.76,42961552
2021/2/26,600011.sh,3.72,3.73,3.63,3.64,62245016
2021/3/1,600011.sh,3.66,3.68,3.63,3.66,36156447
2021/3/2,600011.sh,3.68,3.76,3.66,3.68,50173911
2021/3/3,600011.sh,3.68,3.75,3.67,3.74,43808607
2021/3/4,600011.sh,3.72,3.92,3.71,3.88,100429127
2021/3/5,600011.sh,3.94,3.95,3.77,3.84,79566648
2021/3/8,600011.sh,3.85,4.01,3.81,3.96,90263639
2021/3/9,600011.sh,3.93,3.94,3.80,3.87,63543785
2021/3/10,600011.sh,3.85,3.92,3.81,3.85,46017056
2021/3/11,600011.sh,3.85,3.94,3.82,3.94,54814942
2021/3/12,600011.sh,3.94,4.22,3.88,4.08,127410189
2021/3/15,600011.sh,4.06,4.13,3.97,4.03,67785689
2021/3/16,600011.sh,4.01,4.10,4.00,4.05,53326528
2021/3/17,600011.sh,4.05,4.05,3.90,3.92,63297375
2021/3/18,600011.sh,3.91,4.01,3.87,3.96,49918217
2021/3/19,600011.sh,3.91,4.10,3.89,4.05,79899188
2021/3/22,600011.sh,4.06,4.33,4.05,4.30,138575551
2021/3/23,600011.sh,4.31,4.31,4.11,4.18,96618520
2021/3/24,600011.sh,4.13,4.23,4.03,4.09,81877989
2021/3/25,600011.sh,4.09,4.13,3.86,3.88,93542941
2021/3/26,600011.sh,3.87,4.01,3.87,3.95,57964147
2021/3/29,600011.sh,3.94,4.08,3.93,3.96,60911266
2021/3/30,600011.sh,3.93,3.94,3.80,3.87,64374039
2021/3/31,600011.sh,3.88,4.04,3.82,3.98,83827290
2021/4/1,600011.sh,3.95,4.01,3.89,4.00,54939342
2021/4/2,600011.sh,3.96,3.98,3.88,3.90,49905133
2021/4/6,600011.sh,3.90,3.93,3.86,3.87,36723655
2021/4/7,600011.sh,3.87,3.96,3.84,3.89,52905193
2021/4/8,600011.sh,3.87,3.88,3.79,3.79,54227351
2021/4/9,600011.sh,3.79,3.86,3.77,3.79,28066284
2021/4/12,600011.sh,3.79,3.87,3.78,3.83,39821732
2021/4/13,600011.sh,3.83,3.83,3.73,3.76,35151829
2021/4/14,600011.sh,3.75,3.77,3.71,3.77,20046060
2021/4/15,600011.sh,3.76,3.76,3.67,3.68,29680722
2021/4/16,600011.sh,3.71,3.74,3.68,3.73,18396125
2021/4/19,600011.sh,3.73,3.77,3.72,3.77,30281315
2021/4/20,600011.sh,3.77,3.78,3.75,3.77,19152503
2021/4/21,600011.sh,3.76,3.76,3.70,3.70,19105622
2021/4/22,600011.sh,3.71,3.74,3.69,3.70,13061606
2021/4/23,600011.sh,3.69,3.70,3.65,3.68,21977608
2021/4/26,600011.sh,3.67,3.68,3.63,3.65,23177357
2021/4/27,600011.sh,3.65,3.66,3.59,3.59,25061644
2021/4/28,600011.sh,3.66,3.78,3.64,3.78,63954200
2021/4/29,600011.sh,3.77,3.86,3.76,3.82,46017304
2021/4/30,600011.sh,3.85,3.85,3.77,3.81,41044815
2021/5/6,600011.sh,3.84,3.86,3.78,3.82,30826902
2021/5/7,600011.sh,3.79,3.87,3.78,3.85,28998627
2021/5/10,600011.sh,3.85,3.87,3.82,3.87,36159032
2021/5/11,600011.sh,3.86,3.89,3.83,3.86,27287247
2021/5/12,600011.sh,3.85,3.86,3.77,3.83,28534781
2021/5/13,600011.sh,3.80,3.87,3.77,3.79,27782991
2021/5/14,600011.sh,3.80,3.83,3.77,3.82,21885400
2021/5/17,600011.sh,3.82,3.86,3.79,3.81,24693467
2021/5/18,600011.sh,3.81,3.83,3.78,3.82,17635890
2021/5/19,600011.sh,3.81,3.84,3.79,3.79,16062900
2021/5/20,600011.sh,3.81,3.81,3.74,3.76,23662204
2021/5/21,600011.sh,3.75,3.87,3.73,3.85,42450934
2021/5/24,600011.sh,3.85,3.90,3.80,3.82,35699943
2021/5/25,600011.sh,3.81,3.84,3.76,3.82,34447200
2021/5/26,600011.sh,3.80,3.87,3.80,3.85,28737837
2021/5/27,600011.sh,3.85,3.87,3.82,3.82,28414177
2021/5/28,600011.sh,3.83,3.86,3.80,3.82,19459204
2021/5/31,600011.sh,3.82,3.83,3.77,3.80,21826124
2021/6/1,600011.sh,3.80,3.80,3.75,3.77,24261443
2021/6/2,600011.sh,3.77,3.80,3.75,3.79,27446897
2021/6/3,600011.sh,3.79,3.80,3.76,3.76,23810311
2021/6/4,600011.sh,3.76,3.77,3.72,3.74,29244973
2021/6/7,600011.sh,3.75,3.78,3.74,3.77,18156934
2021/6/8,600011.sh,3.75,3.77,3.72,3.74,20937191
2021/6/9,600011.sh,3.74,3.76,3.72,3.75,17667975
2021/6/10,600011.sh,3.74,3.76,3.72,3.72,20987606
2021/6/11,600011.sh,3.73,3.77,3.72,3.76,36918539
2021/6/15,600011.sh,3.76,3.77,3.68,3.69,26498016
2021/6/16,600011.sh,3.70,3.73,3.65,3.70,19020758
2021/6/17,600011.sh,3.72,3.75,3.68,3.68,17454779
2021/6/18,600011.sh,3.69,3.69,3.67,3.68,16947112
2021/6/21,600011.sh,3.68,3.69,3.66,3.67,18596794
2021/6/22,600011.sh,3.68,3.69,3.66,3.68,19518972
2021/6/23,600011.sh,3.69,3.75,3.68,3.71,22964250
2021/6/24,600011.sh,3.71,3.76,3.69,3.73,26304365
2021/6/25,600011.sh,3.74,3.76,3.72,3.75,17186077
2021/6/28,600011.sh,3.84,3.95,3.84,3.89,79186732
2021/6/29,600011.sh,3.86,3.87,3.80,3.85,32701816
2021/6/30,600011.sh,3.86,3.87,3.80,3.81,23030753
2021/7/1,600011.sh,3.80,3.85,3.79,3.80,22184892
2021/7/2,600011.sh,3.80,3.83,3.78,3.81,19808343
2021/7/5,600011.sh,3.81,3.83,3.76,3.78,24075434
2021/7/6,600011.sh,3.78,3.84,3.76,3.83,30785383
2021/7/7,600011.sh,3.85,3.85,3.77,3.80,33775384
2021/7/8,600011.sh,3.81,3.83,3.74,3.77,25752517
2021/7/9,600011.sh,3.76,3.77,3.71,3.76,19975200
2021/7/12,600011.sh,3.78,3.79,3.73,3.74,21757100
2021/7/13,600011.sh,3.76,3.77,3.71,3.75,31095980
2021/7/14,600011.sh,3.75,3.79,3.72,3.73,33890522
2021/7/15,600011.sh,3.73,3.73,3.68,3.70,26427899
2021/7/16,600011.sh,3.69,3.72,3.68,3.69,23443381
2021/7/19,600011.sh,3.70,3.70,3.64,3.64,31697950
2021/7/20,600011.sh,3.64,3.64,3.59,3.63,23112219
2021/7/21,600011.sh,3.63,3.67,3.61,3.62,22868949
2021/7/22,600011.sh,3.62,3.67,3.60,3.65,23563576
2021/7/23,600011.sh,3.66,3.71,3.63,3.70,33202493
2021/7/26,600011.sh,3.70,3.70,3.60,3.63,26660059
2021/7/27,600011.sh,3.63,3.73,3.61,3.72,43586771
2021/7/28,600011.sh,3.66,3.66,3.60,3.62,42523330
2021/7/29,600011.sh,3.61,3.64,3.56,3.56,38646868
2021/7/30,600011.sh,3.57,3.63,3.56,3.61,26367594
2021/8/2,600011.sh,3.61,3.77,3.58,3.73,71756473
2021/8/3,600011.sh,3.73,3.76,3.70,3.75,36479996
2021/8/4,600011.sh,3.74,3.78,3.72,3.74,23643119
2021/8/5,600011.sh,3.73,3.75,3.70,3.73,23603943
2021/8/6,600011.sh,3.73,3.77,3.70,3.75,23387388
2021/8/9,600011.sh,3.75,3.77,3.73,3.73,22628209
2021/8/10,600011.sh,3.73,3.74,3.69,3.72,24334600
2021/8/11,600011.sh,3.72,3.79,3.72,3.79,47203387
2021/8/12,600011.sh,3.80,3.81,3.75,3.77,22341186
2021/8/13,600011.sh,3.77,3.80,3.74,3.79,30380329
2021/8/16,600011.sh,3.78,3.94,3.77,3.90,58827929
2021/8/17,600011.sh,3.89,3.93,3.80,3.82,40105652
2021/8/18,600011.sh,3.81,4.00,3.81,3.99,78126286
2021/8/19,600011.sh,4.00,4.39,4.00,4.39,282033091
2021/8/20,600011.sh,4.32,4.57,4.19,4.48,221337154
2021/8/23,600011.sh,4.69,4.93,4.69,4.93,127011932
2021/8/24,600011.sh,5.08,5.18,4.81,4.90,222349341
2021/8/25,600011.sh,4.84,5.17,4.72,5.05,165327538
2021/8/26,600011.sh,4.99,5.10,4.87,4.90,122914102
2021/8/27,600011.sh,4.93,5.05,4.81,4.90,104133448
2021/8/30,600011.sh,4.85,5.12,4.73,5.02,126647765
2021/8/31,600011.sh,4.96,5.34,4.89,5.23,132943211
2021/9/1,600011.sh,5.42,5.76,5.18,5.51,191950219
2021/9/2,600011.sh,5.38,6.05,5.35,6.05,242405438
2021/9/3,600011.sh,6.31,6.66,6.20,6.66,271248622
2021/9/6,600011.sh,7.07,7.33,6.65,6.91,227579791
2021/9/7,600011.sh,6.60,6.81,6.36,6.71,227500816
2021/9/8,600011.sh,6.68,7.04,6.68,6.70,217329352
2021/9/9,600011.sh,6.63,6.66,6.24,6.58,230640281
2021/9/10,600011.sh,6.43,6.75,6.36,6.39,169024181
2021/9/13,600011.sh,6.44,6.62,6.30,6.55,146983101
2021/9/14,600011.sh,6.60,6.82,6.20,6.29,133247798
2021/9/15,600011.sh,6.22,6.41,6.05,6.33,119182431
2021/9/16,600011.sh,6.25,6.27,5.92,5.92,137102110
2021/9/17,600011.sh,5.96,6.52,5.92,6.27,301349985
2021/9/22,600011.sh,6.18,6.90,6.08,6.90,182271273
2021/9/23,600011.sh,7.36,7.59,7.08,7.59,319459648
2021/9/24,600011.sh,7.78,8.24,7.44,7.85,312402300
2021/9/27,600011.sh,7.97,8.27,7.26,7.52,266704472
2021/9/28,600011.sh,7.71,8.02,7.49,7.75,252806820
2021/9/29,600011.sh,7.58,8.20,7.38,7.45,247103680
2021/9/30,600011.sh,7.50,7.88,7.14,7.80,282539773
2021/10/8,600011.sh,7.64,7.66,7.02,7.02,118461105
2021/10/11,600011.sh,7.22,7.36,6.41,6.79,250285852
2021/10/12,600011.sh,6.62,6.93,6.27,6.59,186036028
2021/10/13,600011.sh,6.41,6.56,6.11,6.21,153808830
2021/10/14,600011.sh,6.13,6.51,6.07,6.31,108803097
2021/10/15,600011.sh,6.17,6.45,6.05,6.27,105197163
2021/10/18,600011.sh,6.27,6.52,6.15,6.42,131543146
2021/10/19,600011.sh,6.31,6.46,6.19,6.38,79148790
2021/10/20,600011.sh,6.54,7.03,6.53,7.03,116219926
2021/10/21,600011.sh,7.23,7.24,6.66,6.89,179670881
2021/10/22,600011.sh,6.71,6.82,6.27,6.61,160363281
2021/10/25,600011.sh,6.51,6.71,6.36,6.67,102281603
2021/10/26,600011.sh,6.53,6.93,6.24,6.49,141796089
2021/10/27,600011.sh,6.25,7.14,6.24,7.14,225074920
2021/10/28,600011.sh,7.25,7.68,7.22,7.31,219274809
2021/10/29,600011.sh,7.17,7.39,6.60,7.27,191369969
2021/11/1,600011.sh,7.05,7.21,6.81,7.00,145899559
2021/11/2,600011.sh,6.99,7.00,6.41,6.58,113290656
2021/11/3,600011.sh,6.56,6.79,6.47,6.77,76596650
2021/11/4,600011.sh,6.79,6.82,6.58,6.63,73650460
2021/11/5,600011.sh,6.65,6.65,5.99,6.08,117162575
2021/11/8,600011.sh,6.06,6.11,5.82,6.02,117078597
2021/11/9,600011.sh,6.08,6.36,5.97,6.12,105128158
2021/11/10,600011.sh,5.99,6.13,5.88,6.02,69837195
2021/11/11,600011.sh,6.08,6.08,5.68,5.75,108355709
2021/11/12,600011.sh,5.71,5.84,5.56,5.67,91855146
2021/11/15,600011.sh,5.68,5.72,5.57,5.65,54981703
2021/11/16,600011.sh,5.61,5.64,5.41,5.45,79924684
2021/11/17,600011.sh,5.46,5.52,5.38,5.50,44944749
2021/11/18,600011.sh,5.52,5.65,5.42,5.58,72465409
2021/11/19,600011.sh,5.61,5.64,5.45,5.62,61527536
2021/11/22,600011.sh,5.62,5.69,5.48,5.53,62572324
2021/11/23,600011.sh,5.53,5.56,5.45,5.51,56029063
2021/11/24,600011.sh,5.59,5.65,5.37,5.61,114435378
2021/11/25,600011.sh,5.71,6.17,5.62,5.62,194224581
2021/11/26,600011.sh,5.57,5.62,5.39,5.39,101074179
2021/11/29,600011.sh,5.24,5.92,5.20,5.88,155339844
2021/11/30,600011.sh,5.88,6.39,5.81,5.86,164644752
2021/12/1,600011.sh,5.95,6.32,5.88,6.30,150281669
2021/12/2,600011.sh,6.32,6.66,6.15,6.20,102475996
2021/12/3,600011.sh,6.17,6.82,6.08,6.82,119233560
2021/12/6,600011.sh,7.08,7.18,6.85,6.92,144958424
2021/12/7,600011.sh,6.87,7.45,6.74,7.34,134699465
2021/12/8,600011.sh,7.27,7.61,7.04,7.54,139564360
2021/12/9,600011.sh,7.40,8.19,7.32,7.99,156260958
2021/12/10,600011.sh,7.78,8.16,7.56,7.67,146056023
2021/12/13,600011.sh,7.97,8.43,7.90,8.25,192210726
2021/12/14,600011.sh,8.28,8.37,7.75,8.20,169430093
2021/12/15,600011.sh,8.06,9.03,7.86,8.79,167725736
2021/12/16,600011.sh,8.68,8.96,8.55,8.84,115206576
2021/12/17,600011.sh,8.76,9.51,8.39,8.46,175576877
2021/12/20,600011.sh,8.45,8.70,8.20,8.38,173515973
2021/12/21,600011.sh,8.37,8.65,8.02,8.49,153714924
2021/12/22,600011.sh,8.52,8.89,8.35,8.52,132661772
2021/12/23,600011.sh,8.48,9.36,8.43,9.36,186992316
2021/12/24,600011.sh,9.36,9.90,9.28,9.46,154057884
2021/12/27,600011.sh,9.36,9.90,8.87,9.21,157016872
2021/12/28,600011.sh,9.21,9.21,8.70,8.98,114449293
2021/12/29,600011.sh,8.87,8.87,8.30,8.49,188764898
2021/12/30,600011.sh,8.61,8.86,8.46,8.79,147727170
2021/12/31,600011.sh,9.15,9.30,8.89,9.14,146125915
2022/1/4,600011.sh,9.36,9.54,8.41,8.49,147920679
2022/1/5,600011.sh,8.29,8.34,7.83,8.06,153947985
2022/1/6,600011.sh,7.96,8.04,7.74,7.87,135480179
2022/1/7,600011.sh,7.86,7.91,7.48,7.54,116730930
2022/1/10,600011.sh,7.35,7.45,7.21,7.26,93949342
2022/1/11,600011.sh,7.25,7.59,7.21,7.30,149248414
2022/1/12,600011.sh,7.37,7.48,7.18,7.35,89707292
2022/1/13,600011.sh,7.30,7.30,6.90,7.15,141560754
2022/1/14,600011.sh,7.02,7.26,6.91,7.00,125463300
2022/1/17,600011.sh,7.08,7.38,7.03,7.14,124004857
2022/1/18,600011.sh,7.10,7.86,7.06,7.74,267914609
2022/1/19,600011.sh,7.56,8.07,7.46,7.83,214817735
2022/1/20,600011.sh,7.79,8.16,7.53,7.95,172231397
2022/1/21,600011.sh,7.86,8.44,7.53,7.73,247966168
2022/1/24,600011.sh,7.87,8.24,7.61,8.03,130070070
2022/1/25,600011.sh,7.89,7.98,7.37,7.40,110452307
2022/1/26,600011.sh,7.54,7.75,7.38,7.62,121714868
2022/1/27,600011.sh,7.60,7.69,7.27,7.31,98095231
2022/1/28,600011.sh,7.40,7.44,6.94,6.98,120628685
2022/2/7,600011.sh,7.19,7.58,7.19,7.54,133915028
2022/2/8,600011.sh,7.55,7.82,7.07,7.77,138033277
2022/2/9,600011.sh,7.72,8.43,7.62,8.25,167034335
2022/2/10,600011.sh,8.20,8.47,7.99,8.21,137739089
2022/2/11,600011.sh,8.20,8.64,8.04,8.18,109996413
2022/2/14,600011.sh,8.09,8.33,7.58,7.69,134666036
2022/2/15,600011.sh,7.69,7.78,7.44,7.74,93853634
2022/2/16,600011.sh,7.83,8.11,7.50,7.56,147999000
2022/2/17,600011.sh,7.37,7.87,7.36,7.83,136859308
2022/2/18,600011.sh,7.69,8.06,7.59,7.78,96235905
2022/2/21,600011.sh,7.72,7.78,7.27,7.38,162584338
2022/2/22,600011.sh,7.24,7.26,6.98,7.05,111760655
2022/2/23,600011.sh,7.08,7.36,7.02,7.22,113951664
2022/2/24,600011.sh,7.17,7.54,7.10,7.25,157634302
2022/2/25,600011.sh,7.56,7.98,7.45,7.98,191082134
2022/2/28,600011.sh,7.99,8.39,7.86,8.27,201387186
2022/3/1,600011.sh,8.20,8.58,8.16,8.20,114203595
2022/3/2,600011.sh,8.18,8.25,7.88,8.09,115502335
2022/3/3,600011.sh,8.20,8.26,8.00,8.08,100710652
2022/3/4,600011.sh,8.01,8.61,7.87,8.30,131453608
2022/3/7,600011.sh,8.17,8.81,8.16,8.46,153205870
2022/3/8,600011.sh,8.37,8.70,8.19,8.26,155903127
2022/3/9,600011.sh,8.50,8.63,7.94,8.54,171740455
2022/3/10,600011.sh,8.63,8.83,8.30,8.46,196108020
2022/3/11,600011.sh,8.20,8.36,7.61,7.93,183884331
2022/3/14,600011.sh,7.70,7.85,7.40,7.41,124024904
2022/3/15,600011.sh,7.17,7.37,6.91,6.95,132171372
2022/3/16,600011.sh,7.16,7.58,7.04,7.56,148710807
2022/3/17,600011.sh,7.64,7.71,7.37,7.47,129531769
2022/3/18,600011.sh,7.32,7.65,7.26,7.46,89618300
2022/3/21,600011.sh,7.44,7.60,7.36,7.52,85257532
2022/3/22,600011.sh,7.45,7.80,7.38,7.77,106062834
2022/3/23,600011.sh,7.76,7.83,7.38,7.42,112785308
2022/3/24,600011.sh,7.41,7.41,7.08,7.17,99275098
2022/3/25,600011.sh,7.11,7.15,6.58,6.66,143025389
2022/3/28,600011.sh,6.59,6.88,6.32,6.87,114549481
2022/3/29,600011.sh,6.83,6.96,6.61,6.71,76245153
2022/3/30,600011.sh,6.71,6.91,6.71,6.87,82361263
2022/3/31,600011.sh,6.86,6.86,6.39,6.52,126663158
2022/4/1,600011.sh,6.45,6.72,6.34,6.63,88258378
2022/4/6,600011.sh,6.60,6.60,6.35,6.41,101885339
2022/4/7,600011.sh,6.37,6.41,6.16,6.20,106243158
2022/4/8,600011.sh,6.22,6.37,6.11,6.29,63667699
2022/4/11,600011.sh,6.31,6.38,6.02,6.05,72098734
2022/4/12,600011.sh,5.97,6.12,5.88,6.04,75122106
2022/4/13,600011.sh,6.00,6.02,5.80,5.88,74859642
2022/4/14,600011.sh,5.98,6.00,5.57,5.66,127612082
2022/4/15,600011.sh,5.65,6.08,5.51,6.03,180970646
2022/4/18,600011.sh,5.94,6.43,5.92,6.35,134244807
2022/4/19,600011.sh,6.27,6.38,6.20,6.30,103152114
2022/4/20,600011.sh,6.30,6.55,6.24,6.28,108922795
2022/4/21,600011.sh,6.31,6.42,6.04,6.13,84094235
2022/4/22,600011.sh,6.02,6.68,5.94,6.57,141631306
2022/4/25,600011.sh,6.32,6.75,6.28,6.53,218636111
2022/4/26,600011.sh,6.60,6.71,6.32,6.38,128523000
2022/4/27,600011.sh,6.35,6.88,6.30,6.81,149104106
2022/4/28,600011.sh,6.80,6.98,6.64,6.90,124798000
2022/4/29,600011.sh,6.97,7.00,6.71,6.88,129158713
2022/5/5,600011.sh,6.84,6.97,6.69,6.71,113048691
2022/5/6,600011.sh,6.51,6.63,6.28,6.41,92529643
2022/5/9,600011.sh,6.40,6.76,6.36,6.59,90872961
2022/5/10,600011.sh,6.42,6.96,6.41,6.88,93347023
2022/5/11,600011.sh,6.84,7.03,6.81,6.90,117725397
2022/5/12,600011.sh,7.04,7.14,6.60,6.74,103324433
2022/5/13,600011.sh,6.74,6.84,6.65,6.71,55034293
2022/5/16,600011.sh,6.71,6.71,6.49,6.56,65460247
2022/5/17,600011.sh,6.53,6.56,6.21,6.37,91455462
2022/5/18,600011.sh,6.33,6.70,6.28,6.65,103003889
2022/5/19,600011.sh,6.56,6.89,6.46,6.86,88749283
2022/5/20,600011.sh,6.86,7.34,6.86,6.97,114894286
2022/5/23,600011.sh,6.96,7.14,6.68,6.75,103496349
2022/5/24,600011.sh,6.73,6.92,6.53,6.54,68736149
2022/5/25,600011.sh,6.51,6.90,6.42,6.89,99905644
2022/5/26,600011.sh,6.85,7.09,6.70,6.77,80857614
2022/5/27,600011.sh,6.78,6.82,6.65,6.71,67086054
2022/5/30,600011.sh,6.71,6.75,6.62,6.68,53584425
2022/5/31,600011.sh,6.70,6.97,6.60,6.97,130603106
2022/6/1,600011.sh,6.87,7.01,6.69,6.77,100488431
2022/6/2,600011.sh,6.71,6.86,6.67,6.75,65584034
2022/6/6,600011.sh,6.69,6.79,6.55,6.71,108699527
2022/6/7,600011.sh,6.73,6.96,6.67,6.79,152235915
2022/6/8,600011.sh,6.84,6.93,6.65,6.84,127388498
2022/6/9,600011.sh,6.73,6.87,6.16,6.16,222001626
2022/6/10,600011.sh,6.04,6.38,5.95,6.12,245127880
2022/6/13,600011.sh,6.05,6.08,5.58,5.75,247264887
2022/6/14,600011.sh,5.67,5.80,5.55,5.80,139306292
2022/6/15,600011.sh,5.79,5.85,5.68,5.76,118541932
2022/6/16,600011.sh,5.79,6.11,5.72,6.03,183684317
2022/6/17,600011.sh,5.95,6.06,5.92,5.99,102847009
2022/6/20,600011.sh,5.98,6.59,5.91,6.59,209823682
2022/6/21,600011.sh,6.71,6.92,6.71,6.81,250839989
2022/6/22,600011.sh,6.75,6.99,6.68,6.81,137052883
2022/6/23,600011.sh,6.81,6.86,6.68,6.85,96282165
2022/6/24,600011.sh,6.82,7.06,6.75,6.97,124523960
2022/6/27,600011.sh,7.01,7.04,6.71,6.75,122973774
2022/6/28,600011.sh,6.75,6.88,6.70,6.73,91738613
2022/6/29,600011.sh,6.71,6.81,6.63,6.73,85611846
2022/6/30,600011.sh,6.73,6.79,6.62,6.64,96107757
2022/7/1,600011.sh,6.71,6.93,6.70,6.74,132031726
2022/7/4,600011.sh,6.70,7.25,6.68,7.09,171018001
2022/7/5,600011.sh,7.06,7.54,6.99,7.39,183810042
2022/7/6,600011.sh,7.38,7.71,7.29,7.45,116273867
2022/7/7,600011.sh,7.43,7.67,7.39,7.65,108877760
2022/7/8,600011.sh,7.57,7.68,7.44,7.62,61511538
2022/7/11,600011.sh,7.65,7.88,7.51,7.58,106234376
2022/7/12,600011.sh,7.62,7.82,7.47,7.73,85679802
2022/7/13,600011.sh,7.69,7.91,7.61,7.67,80660767
2022/7/14,600011.sh,7.63,7.63,6.90,6.93,245935713
2022/7/15,600011.sh,6.97,7.03,6.74,6.83,117629454
2022/7/18,600011.sh,6.71,7.17,6.71,7.14,146969796
2022/7/19,600011.sh,7.12,7.20,6.88,6.96,91184707
2022/7/20,600011.sh,6.96,7.00,6.77,6.85,70546308
2022/7/21,600011.sh,6.84,6.85,6.61,6.63,72009752
2022/7/22,600011.sh,6.65,6.71,6.48,6.55,68017502
2022/7/25,600011.sh,6.56,6.57,6.22,6.30,98889003
2022/7/26,600011.sh,6.31,6.34,6.13,6.29,56159237
2022/7/27,600011.sh,6.28,6.50,6.18,6.39,124935633
2022/7/28,600011.sh,6.44,6.74,6.40,6.55,146431554
2022/7/29,600011.sh,6.53,6.86,6.46,6.62,111726633
2022/8/1,600011.sh,6.60,6.62,6.29,6.38,102712798
2022/8/2,600011.sh,6.29,6.38,6.02,6.11,100434387
2022/8/3,600011.sh,6.10,6.25,5.90,5.95,80284251
2022/8/4,600011.sh,6.04,6.24,6.00,6.15,73985320
2022/8/5,600011.sh,6.15,6.18,5.99,6.11,55864315
2022/8/8,600011.sh,6.10,6.40,6.02,6.24,83060712
2022/8/9,600011.sh,6.21,6.34,6.12,6.19,56494849
2022/8/10,600011.sh,6.21,6.22,6.03,6.08,51527180
2022/8/11,600011.sh,6.11,6.34,6.06,6.23,73583512
2022/8/12,600011.sh,6.23,6.60,6.21,6.48,150087288
2022/8/15,600011.sh,6.58,6.79,6.48,6.67,124792732
2022/8/16,600011.sh,6.74,6.91,6.70,6.80,107125321
2022/8/17,600011.sh,6.94,7.17,6.88,7.01,121564855
2022/8/18,600011.sh,7.04,7.05,6.74,6.79,101341065
2022/8/19,600011.sh,6.77,7.47,6.67,7.47,148760673
2022/8/22,600011.sh,7.54,8.02,7.44,7.49,265403299
2022/8/23,600011.sh,7.51,7.83,7.38,7.78,142749781
2022/8/24,600011.sh,7.73,7.95,7.55,7.69,118748755
2022/8/25,600011.sh,7.75,8.20,7.73,8.10,149711912
2022/8/26,600011.sh,8.05,8.55,7.83,7.93,173356736
2022/8/29,600011.sh,7.79,8.00,7.55,7.82,94737389
2022/8/30,600011.sh,7.82,7.86,7.55,7.67,86963572
2022/8/31,600011.sh,7.67,7.88,7.38,7.71,106082252
2022/9/1,600011.sh,7.62,7.72,7.38,7.42,55158608
2022/9/2,600011.sh,7.54,8.17,7.54,7.73,135315349
2022/9/5,600011.sh,7.86,8.12,7.54,8.02,107853149
2022/9/6,600011.sh,8.01,8.58,7.79,8.38,129566040
2022/9/7,600011.sh,8.38,8.86,8.21,8.73,127500938
2022/9/8,600011.sh,8.69,8.91,8.49,8.59,103159515
2022/9/9,600011.sh,8.51,8.82,8.31,8.60,66211196
2022/9/13,600011.sh,8.60,8.82,8.39,8.49,91568914
2022/9/14,600011.sh,8.37,8.58,8.32,8.50,54937860
2022/9/15,600011.sh,8.51,8.54,8.04,8.20,94461292
2022/9/16,600011.sh,8.11,8.36,7.75,7.89,77914463
2022/9/19,600011.sh,7.53,7.79,7.13,7.71,126746119
2022/9/20,600011.sh,7.83,7.86,7.39,7.69,67739882
2022/9/21,600011.sh,7.68,8.06,7.54,7.85,71294305
2022/9/22,600011.sh,7.75,7.85,7.64,7.71,44483750
2022/9/23,600011.sh,7.90,8.07,7.52,7.58,46997701
2022/9/26,600011.sh,7.54,7.71,7.45,7.49,53166959
2022/9/27,600011.sh,7.51,7.65,7.38,7.47,36547772
2022/9/28,600011.sh,7.45,7.63,7.30,7.43,56031966
2022/9/29,600011.sh,7.42,7.50,7.15,7.19,56828140
2022/9/30,600011.sh,7.21,7.34,7.12,7.16,54376369
2022/10/10,600011.sh,7.13,7.38,7.03,7.15,55532558
2022/10/11,600011.sh,7.15,7.69,7.13,7.60,66539710
2022/10/12,600011.sh,7.54,7.64,7.26,7.63,66016625
2022/10/13,600011.sh,7.50,8.12,7.46,8.06,96874816
2022/10/14,600011.sh,8.00,8.25,7.84,8.05,80804911
2022/10/17,600011.sh,7.94,8.00,7.66,7.87,62055949
2022/10/18,600011.sh,7.86,8.18,7.78,8.02,65209396
2022/10/19,600011.sh,7.92,8.22,7.74,7.80,64118102
2022/10/20,600011.sh,7.73,7.85,7.56,7.65,57591126
2022/10/21,600011.sh,7.67,7.99,7.63,7.70,69605357
2022/10/24,600011.sh,7.70,7.71,7.43,7.55,58195374
2022/10/25,600011.sh,7.52,7.80,7.48,7.71,58392202
2022/10/26,600011.sh,7.43,7.87,7.35,7.54,110336802
2022/10/27,600011.sh,7.44,7.60,6.79,6.82,152579032
2022/10/28,600011.sh,6.79,6.85,6.37,6.47,122026746
2022/10/31,600011.sh,6.53,6.68,6.29,6.32,88376069
2022/11/1,600011.sh,6.32,6.46,6.18,6.39,87278394
2022/11/2,600011.sh,6.36,6.40,6.10,6.35,87284450
2022/11/3,600011.sh,6.25,6.48,6.22,6.34,85504496
2022/11/4,600011.sh,6.51,6.67,6.46,6.55,122534178
2022/11/7,600011.sh,6.60,6.66,6.44,6.56,83676369
2022/11/8,600011.sh,6.54,6.80,6.47,6.74,89088622
2022/11/9,600011.sh,6.76,6.77,6.58,6.62,54616520
2022/11/10,600011.sh,6.71,6.94,6.59,6.66,102481906
2022/11/11,600011.sh,6.71,6.90,6.62,6.80,84029804
2022/11/14,600011.sh,6.81,6.84,6.63,6.77,61896492
2022/11/15,600011.sh,6.75,6.79,6.65,6.78,57446883
2022/11/16,600011.sh,6.88,7.16,6.80,6.87,100971672
2022/11/17,600011.sh,6.79,6.85,6.65,6.81,53871102
2022/11/18,600011.sh,6.79,7.11,6.75,7.03,94665304
2022/11/21,600011.sh,6.98,7.32,6.97,7.24,72129741
2022/11/22,600011.sh,7.24,7.32,7.11,7.19,40667377
2022/11/23,600011.sh,7.15,7.54,7.14,7.38,78144902
2022/11/24,600011.sh,7.44,7.70,7.43,7.54,63451790
2022/11/25,600011.sh,7.54,7.70,7.45,7.63,53001516
2022/11/28,600011.sh,7.56,7.88,7.38,7.83,101013399
2022/11/29,600011.sh,7.76,7.80,7.21,7.33,131565868
2022/11/30,600011.sh,7.26,7.36,7.08,7.31,67607136
2022/12/1,600011.sh,7.26,7.32,7.11,7.20,80446775
2022/12/2,600011.sh,7.18,7.21,7.05,7.14,51508199
2022/12/5,600011.sh,7.16,7.39,7.10,7.38,79494882
2022/12/6,600011.sh,7.36,7.38,6.99,7.14,74558510
2022/12/7,600011.sh,7.11,7.14,6.85,6.88,77659637
2022/12/8,600011.sh,6.88,6.92,6.72,6.79,67272982
2022/12/9,600011.sh,6.74,6.85,6.56,6.61,89898248
2022/12/12,600011.sh,6.61,6.64,6.41,6.43,74345829
2022/12/13,600011.sh,6.45,6.55,6.41,6.47,56701362
2022/12/14,600011.sh,6.46,6.58,6.38,6.43,60278594
2022/12/15,600011.sh,6.44,6.55,6.30,6.54,66281137
2022/12/16,600011.sh,6.52,6.74,6.47,6.71,113451863
2022/12/19,600011.sh,6.71,6.79,6.44,6.57,71912270
2022/12/20,600011.sh,6.55,6.56,6.41,6.46,45767080
2022/12/21,600011.sh,6.46,6.49,6.34,6.40,39150966
2022/12/22,600011.sh,6.40,6.45,6.19,6.22,49790213
2022/12/23,600011.sh,6.22,6.34,6.20,6.32,40280348
2022/12/26,600011.sh,6.30,6.55,6.29,6.55,57637565
2022/12/27,600011.sh,6.58,6.63,6.47,6.55,46359025
2022/12/28,600011.sh,6.56,7.13,6.54,7.03,169341396
2022/12/29,600011.sh,7.06,7.07,6.88,7.04,67902373
2022/12/30,600011.sh,7.05,7.24,7.01,7.18,81143930
2023/1/3,600011.sh,7.26,7.53,7.10,7.46,104212239
2023/1/4,600011.sh,7.51,7.52,7.22,7.33,83422113
2023/1/5,600011.sh,7.38,7.54,7.30,7.41,88400824
2023/1/6,600011.sh,7.36,7.60,7.35,7.38,66712353
2023/1/9,600011.sh,7.37,7.38,6.93,7.06,115286660
2023/1/10,600011.sh,6.99,7.10,6.93,6.96,75380750
2023/1/11,600011.sh,7.00,7.04,6.85,6.89,51786537
2023/1/12,600011.sh,6.89,6.92,6.79,6.83,41334224
2023/1/13,600011.sh,6.82,6.84,6.66,6.74,62919925
2023/1/16,600011.sh,6.72,6.76,6.62,6.66,80716626
2023/1/17,600011.sh,6.67,6.67,6.49,6.58,70570371
2023/1/18,600011.sh,6.60,6.71,6.51,6.65,98744672
2023/1/19,600011.sh,6.62,6.68,6.53,6.68,81242031
2023/1/20,600011.sh,6.67,6.96,6.63,6.89,103794664
2023/1/30,600011.sh,6.89,6.90,6.70,6.75,111361819
2023/1/31,600011.sh,6.70,7.07,6.70,7.05,151172822
2023/2/1,600011.sh,7.00,7.21,6.88,7.16,98062224
2023/2/2,600011.sh,7.14,7.38,7.11,7.27,83870976
2023/2/3,600011.sh,7.27,7.40,7.07,7.36,107946480
2023/2/6,600011.sh,7.34,7.53,7.22,7.26,82872986
2023/2/7,600011.sh,7.28,7.60,7.19,7.54,83807269
2023/2/8,600011.sh,7.51,7.60,7.42,7.53,65137275
2023/2/9,600011.sh,7.54,7.76,7.36,7.48,62075869
2023/2/10,600011.sh,7.49,7.76,7.45,7.67,76108506
2023/2/13,600011.sh,7.78,8.04,7.31,7.37,134270509
2023/2/14,600011.sh,7.37,7.70,7.37,7.62,73592052
2023/2/15,600011.sh,7.64,7.76,7.53,7.70,57716944
2023/2/16,600011.sh,7.67,7.80,7.52,7.62,60012135
2023/2/17,600011.sh,7.58,7.64,7.43,7.44,51402493
2023/2/20,600011.sh,7.43,7.57,7.40,7.48,43259989
2023/2/21,600011.sh,7.38,7.54,7.26,7.45,49024567
2023/2/22,600011.sh,7.40,7.54,7.36,7.41,31235468
2023/2/23,600011.sh,7.33,7.45,7.17,7.41,69563097
2023/2/24,600011.sh,7.39,7.50,7.30,7.46,43031895
2023/2/27,600011.sh,7.46,7.47,7.29,7.37,48472196
2023/2/28,600011.sh,7.35,7.74,7.35,7.71,53244342
2023/3/1,600011.sh,7.73,7.94,7.64,7.88,66419898
2023/3/2,600011.sh,7.85,7.89,7.76,7.81,29598816
2023/3/3,600011.sh,7.81,8.01,7.67,7.89,34882592
2023/3/6,600011.sh,7.89,8.44,7.87,8.20,71791290
2023/3/7,600011.sh,8.18,8.42,8.04,8.12,71299053
2023/3/8,600011.sh,8.10,8.12,7.89,7.99,43185355
2023/3/9,600011.sh,7.99,8.20,7.90,8.04,46131447
2023/3/10,600011.sh,7.99,8.05,7.82,7.91,39050716
2023/3/13,600011.sh,7.91,8.03,7.82,7.94,27442619
2023/3/14,600011.sh,7.89,8.28,7.85,8.10,54288431
2023/3/15,600011.sh,8.11,8.51,7.87,8.41,68647283
2023/3/16,600011.sh,8.38,8.58,8.19,8.49,68758447
2023/3/17,600011.sh,8.44,8.82,8.35,8.39,95237165
2023/3/20,600011.sh,8.45,8.51,8.12,8.17,67816159
2023/3/21,600011.sh,8.17,8.39,8.11,8.20,34347054
2023/3/22,600011.sh,8.23,8.24,7.90,8.04,54958433
2023/3/23,600011.sh,8.04,8.30,7.92,8.21,49880817
2023/3/24,600011.sh,8.20,8.27,8.08,8.20,24687428
2023/3/27,600011.sh,8.20,8.20,7.87,8.07,63736548
2023/3/28,600011.sh,7.99,8.07,7.91,7.99,44661829
2023/3/29,600011.sh,8.02,8.21,7.93,8.01,38865804
2023/3/30,600011.sh,7.93,8.17,7.87,8.04,34761865
2023/3/31,600011.sh,8.03,8.16,8.01,8.08,32631322
2023/4/3,600011.sh,8.07,8.07,7.71,7.91,85684242
2023/4/4,600011.sh,7.89,7.90,7.62,7.84,136417913
2023/4/6,600011.sh,7.80,7.90,7.70,7.81,45726696
2023/4/7,600011.sh,7.80,8.06,7.75,8.04,34666298
2023/4/10,600011.sh,7.98,8.49,7.97,8.35,61672551
2023/4/11,600011.sh,8.35,8.42,8.24,8.37,32521748
2023/4/12,600011.sh,8.37,8.38,8.12,8.23,31699031
2023/4/13,600011.sh,8.23,8.36,8.09,8.26,50507480
2023/4/14,600011.sh,8.28,8.76,8.25,8.56,79051433
2023/4/17,600011.sh,8.60,8.70,8.47,8.66,45269104
2023/4/18,600011.sh,8.69,8.74,8.24,8.35,48077699
2023/4/19,600011.sh,8.34,8.58,8.28,8.52,35349143
2023/4/20,600011.sh,8.60,8.60,8.33,8.37,26899600
2023/4/21,600011.sh,8.37,8.45,8.20,8.23,32928947
2023/4/24,600011.sh,8.28,8.57,8.19,8.41,47717229
2023/4/25,600011.sh,8.49,8.65,8.37,8.55,57048613
2023/4/26,600011.sh,9.05,9.29,8.77,9.02,145239105
2023/4/27,600011.sh,8.83,9.24,8.80,9.10,98796907
2023/4/28,600011.sh,9.06,9.22,8.97,9.15,74033781
2023/5/4,600011.sh,9.11,9.53,9.05,9.41,71714507
2023/5/5,600011.sh,9.42,9.69,9.34,9.50,81206015
2023/5/8,600011.sh,9.50,9.91,9.36,9.41,81083672
2023/5/9,600011.sh,9.38,9.45,9.17,9.20,64746093
2023/5/10,600011.sh,9.20,9.31,9.01,9.09,31909118
2023/5/11,600011.sh,9.09,9.30,8.97,9.14,44111258
2023/5/12,600011.sh,9.13,9.63,9.10,9.30,76844977
2023/5/15,600011.sh,9.40,9.61,8.70,8.78,178173741
2023/5/16,600011.sh,8.80,9.07,8.65,8.84,96883380
2023/5/17,600011.sh,8.82,9.03,8.73,8.93,59521158
2023/5/18,600011.sh,8.96,9.21,8.87,8.93,59459951
2023/5/19,600011.sh,8.98,9.05,8.75,8.76,43235283
2023/5/22,600011.sh,8.74,9.24,8.72,9.05,84885875
2023/5/23,600011.sh,9.10,9.15,8.74,8.78,50785461
2023/5/24,600011.sh,8.78,8.81,8.55,8.64,46475327
2023/5/25,600011.sh,8.62,8.98,8.58,8.87,49533012
2023/5/26,600011.sh,8.92,9.31,8.92,9.16,90671500
2023/5/29,600011.sh,9.13,9.86,9.13,9.70,123547523
2023/5/30,600011.sh,9.69,9.74,9.43,9.66,71962075
2023/5/31,600011.sh,9.64,9.95,9.50,9.60,63896384
2023/6/1,600011.sh,9.61,9.74,9.36,9.52,70145261
2023/6/2,600011.sh,9.53,9.63,9.19,9.31,84307540
2023/6/5,600011.sh,9.29,9.53,9.14,9.32,60600257
2023/6/6,600011.sh,9.24,9.28,8.89,8.92,66561754
2023/6/7,600011.sh,8.95,9.00,8.72,8.81,80273066
2023/6/8,600011.sh,8.81,8.96,8.66,8.91,48067656
2023/6/9,600011.sh,8.91,9.13,8.83,9.03,58252063
2023/6/12,600011.sh,9.08,9.12,8.41,8.44,123419814
2023/6/13,600011.sh,8.43,8.54,8.27,8.30,75592911
2023/6/14,600011.sh,8.39,8.41,8.18,8.22,70814984
2023/6/15,600011.sh,8.24,8.28,8.05,8.20,82399878
2023/6/16,600011.sh,8.23,8.24,8.00,8.02,121699898
2023/6/19,600011.sh,8.05,8.37,7.98,8.34,116125394
2023/6/20,600011.sh,8.31,8.41,8.16,8.30,89074399
2023/6/21,600011.sh,8.31,8.58,8.29,8.34,102562541
2023/6/26,600011.sh,8.42,8.82,8.38,8.63,138187205
2023/6/27,600011.sh,8.64,8.68,8.34,8.63,81223262
2023/6/28,600011.sh,8.58,8.87,8.56,8.80,73340598
2023/6/29,600011.sh,8.79,8.82,8.59,8.72,45545153
2023/6/30,600011.sh,8.73,8.84,8.56,8.73,55905938
2023/7/3,600011.sh,8.75,8.98,8.69,8.77,64813916
2023/7/4,600011.sh,8.77,8.94,8.70,8.85,56723819
2023/7/5,600011.sh,8.75,8.95,8.75,8.91,41727998
2023/7/6,600011.sh,8.92,8.98,8.81,8.86,28778168
2023/7/7,600011.sh,8.85,9.06,8.83,8.89,40768974
2023/7/10,600011.sh,9.00,9.26,8.95,9.03,63525368
2023/7/11,600011.sh,9.03,9.06,8.87,8.99,29470585
2023/7/12,600011.sh,9.06,9.07,8.92,8.96,35930377
2023/7/13,600011.sh,8.90,8.98,8.80,8.93,34270184
2023/7/14,600011.sh,8.88,8.91,8.59,8.64,84031951
2023/7/17,600011.sh,8.84,8.87,8.68,8.82,56176715
2023/7/18,600011.sh,8.84,8.87,8.61,8.77,37576146
2023/7/19,600011.sh,8.77,8.80,8.66,8.73,23443853
2023/7/20,600011.sh,8.74,8.74,8.54,8.55,27917162
2023/7/21,600011.sh,8.55,8.66,8.48,8.60,37401076
2023/7/24,600011.sh,8.54,8.77,8.42,8.73,45816277
2023/7/25,600011.sh,8.68,8.72,7.99,8.14,177847348
2023/7/26,600011.sh,8.06,8.24,7.92,8.20,108118596
2023/7/27,600011.sh,8.11,8.20,7.98,8.03,79522927
2023/7/28,600011.sh,7.97,8.17,7.93,8.08,61280772
2023/7/31,600011.sh,8.05,8.12,7.96,8.11,81103601
2023/8/1,600011.sh,8.11,8.47,8.03,8.44,108919674
2023/8/2,600011.sh,8.39,8.46,8.25,8.40,60106784
2023/8/3,600011.sh,8.39,8.56,8.33,8.51,43397044
2023/8/4,600011.sh,8.49,8.58,8.31,8.44,55487803
2023/8/7,600011.sh,8.47,8.65,8.37,8.61,50001377
2023/8/8,600011.sh,8.60,8.82,8.49,8.54,39909163
2023/8/9,600011.sh,8.54,8.54,8.30,8.39,47110028
2023/8/10,600011.sh,8.41,8.54,8.33,8.34,30828523
2023/8/11,600011.sh,8.34,8.38,8.23,8.30,37194013
2023/8/14,600011.sh,8.29,8.63,8.20,8.57,57862224
2023/8/15,600011.sh,8.58,8.95,8.53,8.75,70436837
2023/8/16,600011.sh,8.69,8.75,8.60,8.67,38849829
2023/8/17,600011.sh,8.68,8.69,8.43,8.54,34912011
2023/8/18,600011.sh,8.52,8.62,8.45,8.45,16626067
2023/8/21,600011.sh,8.41,8.44,8.30,8.30,22011092
2023/8/22,600011.sh,8.31,8.42,8.20,8.37,29135222
2023/8/23,600011.sh,8.36,8.42,8.08,8.09,33336597
2023/8/24,600011.sh,8.10,8.18,7.94,8.04,27788900
2023/8/25,600011.sh,8.04,8.15,7.93,8.06,23583260
2023/8/28,600011.sh,8.43,8.44,7.71,7.75,87688836
2023/8/29,600011.sh,7.74,7.80,7.64,7.73,57171437
2023/8/30,600011.sh,7.76,7.88,7.64,7.68,50082676
2023/8/31,600011.sh,7.66,7.72,7.53,7.69,55525884
2023/9/1,600011.sh,7.63,7.65,7.50,7.55,39515252
2023/9/4,600011.sh,7.54,7.55,7.25,7.36,131185472
2023/9/5,600011.sh,7.37,7.63,7.34,7.56,127992680
2023/9/6,600011.sh,7.57,7.61,7.46,7.55,64750112
2023/9/7,600011.sh,7.56,7.56,7.44,7.46,34929089
2023/9/8,600011.sh,7.44,8.03,7.41,7.88,123022856
2023/9/11,600011.sh,7.87,7.96,7.76,7.80,88995381
2023/9/12,600011.sh,7.80,8.08,7.78,7.94,68835040
2023/9/13,600011.sh,7.95,8.02,7.85,7.94,28768313
2023/9/14,600011.sh,7.92,8.18,7.92,8.10,72274551
2023/9/15,600011.sh,8.07,8.13,7.82,7.86,50136668
2023/9/18,600011.sh,7.86,7.93,7.71,7.73,48899511
2023/9/19,600011.sh,7.74,7.80,7.67,7.76,34669775
2023/9/20,600011.sh,7.76,7.77,7.61,7.64,27419985
2023/9/21,600011.sh,7.62,7.78,7.58,7.63,35342252
2023/9/22,600011.sh,7.65,7.73,7.54,7.58,38716027
2023/9/25,600011.sh,7.58,7.64,7.54,7.55,30646150
2023/9/26,600011.sh,7.56,7.59,7.45,7.53,37771348
2023/9/27,600011.sh,7.54,7.64,7.46,7.46,32379399
2023/9/28,600011.sh,7.45,7.50,7.39,7.42,34745655
2023/10/9,600011.sh,7.42,7.46,7.36,7.42,26830342
2023/10/10,600011.sh,7.50,7.50,7.25,7.27,47959833
2023/10/11,600011.sh,7.27,7.38,7.18,7.21,43379467
2023/10/12,600011.sh,7.21,7.38,7.20,7.37,46756421
2023/10/13,600011.sh,7.44,7.48,7.18,7.21,43659911
2023/10/16,600011.sh,7.17,7.23,7.08,7.16,35104019
2023/10/17,600011.sh,7.13,7.28,7.08,7.20,45585100
2023/10/18,600011.sh,7.17,7.17,6.99,7.04,32079482
2023/10/19,600011.sh,7.01,7.04,6.90,6.95,36183753
2023/10/20,600011.sh,6.93,6.99,6.83,6.96,26434793
2023/10/23,600011.sh,6.94,7.04,6.76,6.88,38488342
2023/10/24,600011.sh,6.86,6.88,6.72,6.79,39852491
2023/10/25,600011.sh,6.93,6.96,6.51,6.70,100099457
2023/10/26,600011.sh,6.61,7.04,6.58,6.99,88457735
2023/10/27,600011.sh,7.01,7.40,6.99,7.28,91128724
2023/10/30,600011.sh,7.28,7.30,7.11,7.21,56902927
2023/10/31,600011.sh,7.24,7.28,7.11,7.18,39812766
2023/11/1,600011.sh,7.20,7.24,7.13,7.18,24646136
2023/11/2,600011.sh,7.20,7.29,7.18,7.19,29863546
2023/11/3,600011.sh,7.19,7.39,7.16,7.23,41719363
2023/11/6,600011.sh,7.26,7.28,7.11,7.19,49117458
2023/11/7,600011.sh,7.16,7.17,7.05,7.10,40110234
2023/11/8,600011.sh,7.08,7.17,7.02,7.10,32256960
2023/11/9,600011.sh,7.08,7.25,7.04,7.11,38888632
2023/11/10,600011.sh,7.09,7.24,6.91,7.18,65878733
2023/11/13,600011.sh,7.27,7.44,7.01,7.16,110750567
2023/11/14,600011.sh,7.12,7.36,7.08,7.16,73108426
2023/11/15,600011.sh,7.20,7.22,7.10,7.15,39140001
2023/11/16,600011.sh,7.15,7.23,7.10,7.17,49364132
2023/11/17,600011.sh,7.19,7.35,7.12,7.27,63459559
2023/11/20,600011.sh,7.26,7.38,7.21,7.21,61869269
2023/11/21,600011.sh,7.21,7.25,7.10,7.12,46976850
2023/11/22,600011.sh,7.14,7.21,7.10,7.14,41957670
2023/11/23,600011.sh,7.11,7.20,7.04,7.09,40378023
2023/11/24,600011.sh,7.09,7.12,6.97,6.98,37148763
2023/11/27,600011.sh,6.95,7.14,6.89,7.08,49376700
2023/11/28,600011.sh,7.08,7.08,6.89,7.05,43354402
2023/11/29,600011.sh,7.04,7.10,6.92,6.95,34110832
2023/11/30,600011.sh,6.98,7.28,6.96,7.27,106614957
2023/12/1,600011.sh,7.28,7.28,7.15,7.22,39044631
2023/12/4,600011.sh,7.22,7.29,7.18,7.26,31116001
2023/12/5,600011.sh,7.23,7.40,7.21,7.22,43627108
2023/12/6,600011.sh,7.20,7.21,7.04,7.16,36776529
2023/12/7,600011.sh,7.21,7.43,7.18,7.31,49828191
2023/12/8,600011.sh,7.31,7.46,7.25,7.34,50183969
2023/12/11,600011.sh,7.34,7.46,7.14,7.46,59811503
2023/12/12,600011.sh,7.44,7.52,7.39,7.42,33275744
2023/12/13,600011.sh,7.42,7.51,7.38,7.40,30416500
2023/12/14,600011.sh,7.38,7.45,7.31,7.33,38597620
2023/12/15,600011.sh,7.33,7.38,7.11,7.15,45823983
2023/12/18,600011.sh,7.13,7.25,7.08,7.14,33434878
2023/12/19,600011.sh,7.14,7.17,7.03,7.09,25798183
2023/12/20,600011.sh,7.17,7.49,7.17,7.35,88220816
2023/12/21,600011.sh,7.34,7.34,7.21,7.30,42671360
2023/12/22,600011.sh,7.28,7.32,7.19,7.26,42802000
2023/12/25,600011.sh,7.25,7.42,7.18,7.39,30130894
2023/12/26,600011.sh,7.35,7.49,7.31,7.42,35039600
2023/12/27,600011.sh,7.37,7.53,7.35,7.52,50579748
2023/12/28,600011.sh,7.51,7.59,7.30,7.38,71736980
2023/12/29,600011.sh,7.36,7.39,7.24,7.26,46224024
2024/1/2,600011.sh,7.22,7.58,7.22,7.54,70604045
2024/1/3,600011.sh,7.52,7.89,7.46,7.86,89246665
2024/1/4,600011.sh,7.85,7.96,7.70,7.94,66736672
2024/1/5,600011.sh,7.87,8.06,7.81,7.87,66348133
2024/1/8,600011.sh,7.83,8.04,7.74,7.97,61389936
2024/1/9,600011.sh,7.96,8.09,7.82,8.06,52345629
2024/1/10,600011.sh,8.03,8.18,7.99,8.09,37658762
2024/1/11,600011.sh,8.08,8.09,7.86,7.89,59359391
2024/1/12,600011.sh,7.89,8.04,7.86,7.97,37927285
2024/1/15,600011.sh,7.96,8.16,7.92,8.12,51319376
2024/1/16,600011.sh,8.04,8.22,7.97,8.16,46614596
2024/1/17,600011.sh,8.15,8.21,8.06,8.06,30318204
2024/1/18,600011.sh,8.04,8.10,7.71,7.96,76745742
2024/1/19,600011.sh,7.93,7.94,7.64,7.71,83220645
2024/1/22,600011.sh,7.69,7.81,7.54,7.60,52927461
2024/1/23,600011.sh,7.58,7.86,7.45,7.78,53446713
2024/1/24,600011.sh,7.82,7.99,7.74,7.97,42729342
2024/1/25,600011.sh,7.99,8.20,7.92,8.20,45176340
2024/1/26,600011.sh,8.15,8.38,8.12,8.37,50491398
2024/1/29,600011.sh,8.39,8.61,8.31,8.41,61524414
2024/1/30,600011.sh,8.36,8.41,8.20,8.25,43909984
2024/1/31,600011.sh,7.87,8.43,7.79,8.26,104902021
2024/2/1,600011.sh,8.19,8.20,7.94,8.01,61618549
2024/2/2,600011.sh,8.01,8.29,7.94,8.17,53919894
2024/2/5,600011.sh,8.16,8.39,7.98,8.06,73583595
2024/2/6,600011.sh,8.05,8.20,7.84,8.06,64468774
2024/2/7,600011.sh,8.05,8.06,7.75,8.04,73882874
2024/2/8,600011.sh,7.87,8.24,7.80,8.24,51787996
2024/2/19,600011.sh,8.26,8.48,8.19,8.48,49008813
2024/2/20,600011.sh,8.41,8.66,8.32,8.44,42238798
2024/2/21,600011.sh,8.42,8.53,8.27,8.31,58673591
2024/2/22,600011.sh,8.28,8.47,8.25,8.47,49504973
2024/2/23,600011.sh,8.46,8.58,8.40,8.47,48945486
2024/2/26,600011.sh,8.44,8.46,8.16,8.23,54500938
2024/2/27,600011.sh,8.19,8.29,8.06,8.14,54395720
2024/2/28,600011.sh,8.10,8.49,8.07,8.38,79414668
2024/2/29,600011.sh,8.29,8.33,8.18,8.32,51752127
2024/3/1,600011.sh,8.31,8.40,8.13,8.14,53773468
2024/3/4,600011.sh,8.11,8.45,8.09,8.44,64571796
2024/3/5,600011.sh,8.43,8.71,8.37,8.61,71403897
2024/3/6,600011.sh,8.61,8.87,8.49,8.58,59103471
2024/3/7,600011.sh,8.54,8.84,8.49,8.75,52826620
2024/3/8,600011.sh,8.70,8.95,8.64,8.91,50782986
2024/3/11,600011.sh,8.95,9.04,8.66,8.84,50176508
2024/3/12,600011.sh,8.79,8.82,8.42,8.50,63290681
2024/3/13,600011.sh,8.44,8.55,8.32,8.54,51470117
2024/3/14,600011.sh,8.54,8.67,8.47,8.62,40856067
2024/3/15,600011.sh,8.61,8.84,8.55,8.75,49950867
2024/3/18,600011.sh,8.77,9.09,8.59,8.75,60435510
2024/3/19,600011.sh,8.72,8.79,8.57,8.66,36935549
2024/3/20,600011.sh,8.56,8.67,8.39,8.59,48141746
2024/3/21,600011.sh,8.57,8.63,8.45,8.48,43408769
2024/3/22,600011.sh,8.47,8.53,8.32,8.49,40511161
2024/3/25,600011.sh,8.45,8.63,8.39,8.55,38145264
2024/3/26,600011.sh,8.50,8.76,8.42,8.74,44409009
2024/3/27,600011.sh,8.73,8.80,8.63,8.65,44120922
2024/3/28,600011.sh,8.66,8.72,8.47,8.63,38806226
2024/3/29,600011.sh,8.62,8.85,8.59,8.85,38821549
2024/4/1,600011.sh,8.84,8.87,8.58,8.68,52540660
2024/4/2,600011.sh,8.65,8.95,8.64,8.91,47925716
2024/4/3,600011.sh,8.88,8.98,8.74,8.90,32736111
2024/4/8,600011.sh,8.86,9.46,8.85,9.27,74528419
2024/4/9,600011.sh,9.24,9.30,9.08,9.22,35654118
2024/4/10,600011.sh,9.20,9.43,9.17,9.23,41360750
2024/4/11,600011.sh,9.17,9.46,9.13,9.39,45212043
2024/4/12,600011.sh,9.42,9.62,9.39,9.53,40866878
2024/4/15,600011.sh,9.52,9.62,9.33,9.56,47115663
2024/4/16,600011.sh,9.52,9.64,9.28,9.36,55996256
2024/4/17,600011.sh,9.41,9.50,9.26,9.48,32913719
2024/4/18,600011.sh,9.45,9.53,8.98,9.07,93756466
2024/4/19,600011.sh,9.03,9.17,8.94,9.03,52829475
2024/4/22,600011.sh,9.06,9.23,8.80,8.96,68311536
2024/4/23,600011.sh,9.00,9.00,8.76,8.78,42176240
2024/4/24,600011.sh,9.14,9.51,9.07,9.17,132309175
2024/4/25,600011.sh,9.17,9.20,8.87,8.93,61703748
2024/4/26,600011.sh,8.93,8.97,8.78,8.88,64380231
2024/4/29,600011.sh,8.83,8.85,8.54,8.70,104336636
2024/4/30,600011.sh,8.69,8.87,8.61,8.83,83887318
2024/5/6,600011.sh,8.80,8.91,8.63,8.90,80063378
2024/5/7,600011.sh,8.83,8.94,8.69,8.70,69277355
2024/5/8,600011.sh,8.68,8.75,8.61,8.63,64325518
2024/5/9,600011.sh,8.68,8.68,8.50,8.65,70540927
2024/5/10,600011.sh,8.62,8.74,8.62,8.73,81362246
2024/5/13,600011.sh,8.72,9.00,8.65,8.92,115065351
2024/5/14,600011.sh,8.91,9.01,8.77,8.95,72243022
2024/5/15,600011.sh,8.91,9.03,8.54,8.60,79660763
2024/5/16,600011.sh,8.64,8.66,8.38,8.42,81661493
2024/5/17,600011.sh,8.38,8.45,8.25,8.31,77801709
2024/5/20,600011.sh,8.30,8.51,8.25,8.45,83621947
2024/5/21,600011.sh,8.42,8.45,8.35,8.38,37022733
2024/5/22,600011.sh,8.37,8.50,8.33,8.40,52476822
2024/5/23,600011.sh,8.37,8.37,8.20,8.23,45720440
2024/5/24,600011.sh,8.23,8.52,8.22,8.42,100278219
2024/5/27,600011.sh,8.46,8.72,8.37,8.60,102250986
2024/5/28,600011.sh,8.59,8.68,8.54,8.59,57214190
2024/5/29,600011.sh,8.61,8.67,8.44,8.65,53194988
2024/5/30,600011.sh,8.60,8.70,8.37,8.40,62998974
2024/5/31,600011.sh,8.39,8.56,8.31,8.45,59600595
2024/6/3,600011.sh,8.48,8.53,8.37,8.49,46848201
2024/6/4,600011.sh,8.47,8.70,8.34,8.68,71705991
2024/6/5,600011.sh,8.67,8.73,8.54,8.58,44798565
2024/6/6,600011.sh,8.58,8.82,8.52,8.74,79194601
2024/6/7,600011.sh,8.69,8.92,8.68,8.87,64069468
2024/6/11,600011.sh,8.90,8.93,8.60,8.70,67638907
2024/6/12,600011.sh,8.69,8.85,8.60,8.81,55485878
2024/6/13,600011.sh,8.80,8.93,8.74,8.87,50457608
2024/6/14,600011.sh,8.85,9.01,8.70,8.72,78974785
2024/6/17,600011.sh,8.70,8.85,8.51,8.55,62978290
2024/6/18,600011.sh,8.56,8.68,8.48,8.62,43899413
2024/6/19,600011.sh,8.63,8.69,8.53,8.53,36003200
2024/6/20,600011.sh,8.50,8.63,8.48,8.60,34558019
2024/6/21,600011.sh,8.57,8.68,8.47,8.55,40659513
2024/6/24,600011.sh,8.54,8.80,8.53,8.72,57643688
2024/6/25,600011.sh,8.74,8.77,8.54,8.72,50371105
2024/6/26,600011.sh,8.70,8.77,8.52,8.69,41243902
2024/6/27,600011.sh,8.62,8.77,8.60,8.68,32495178
2024/6/28,600011.sh,8.70,9.19,8.63,9.07,68327908
2024/7/1,600011.sh,9.08,9.30,9.06,9.22,53281778
2024/7/2,600011.sh,9.20,9.29,9.09,9.25,39118145
2024/7/3,600011.sh,9.23,9.30,9.10,9.21,31807843
2024/7/4,600011.sh,9.20,9.34,9.16,9.18,36999291
2024/7/5,600011.sh,9.24,9.27,8.92,9.08,43169256
2024/7/8,600011.sh,9.14,9.24,9.01,9.17,42014475
2024/7/9,600011.sh,9.15,9.23,9.01,9.20,35189771
2024/7/10,600011.sh,9.13,9.19,8.74,8.82,66766410
2024/7/11,600011.sh,8.85,8.87,8.44,8.64,90184876
2024/7/12,600011.sh,8.59,8.63,8.34,8.38,66418942
2024/7/15,600011.sh,8.30,8.53,8.17,8.50,63686570
2024/7/16,600011.sh,8.45,8.57,8.39,8.48,46470075
2024/7/17,600011.sh,8.45,8.45,8.24,8.28,48657406
2024/7/18,600011.sh,8.26,8.45,8.13,8.44,53840623
2024/7/19,600011.sh,8.44,8.49,8.30,8.43,47621691
2024/7/22,600011.sh,8.41,8.41,8.10,8.15,77766174
2024/7/23,600011.sh,8.11,8.14,7.91,7.93,47904370
2024/7/24,600011.sh,7.97,8.12,7.92,8.01,48189919
2024/7/25,600011.sh,8.01,8.05,7.84,7.99,34663018
2024/7/26,600011.sh,7.97,8.04,7.90,7.97,32981151
2024/7/29,600011.sh,7.92,8.07,7.92,8.05,36286703
2024/7/30,600011.sh,8.04,8.04,7.82,7.91,46680654
2024/7/31,600011.sh,7.81,7.81,7.39,7.66,181567235
2024/8/1,600011.sh,7.57,7.65,7.45,7.46,116641732
2024/8/2,600011.sh,7.40,7.46,7.22,7.27,133055274
2024/8/5,600011.sh,7.25,7.26,7.09,7.10,75222822
2024/8/6,600011.sh,7.15,7.25,7.08,7.25,76705575
2024/8/7,600011.sh,7.21,7.31,7.19,7.27,53647247
2024/8/8,600011.sh,7.26,7.28,7.14,7.16,42480610
2024/8/9,600011.sh,7.18,7.22,7.12,7.12,44366289
2024/8/12,600011.sh,7.15,7.18,7.06,7.09,35768626
2024/8/13,600011.sh,7.07,7.10,7.03,7.09,32508000
2024/8/14,600011.sh,7.09,7.16,7.03,7.12,39056407
2024/8/15,600011.sh,7.10,7.23,7.07,7.22,56448789
2024/8/16,600011.sh,7.23,7.28,7.10,7.12,51448435
2024/8/19,600011.sh,7.12,7.16,7.06,7.08,36171852
2024/8/20,600011.sh,7.12,7.16,6.92,6.98,49356978
2024/8/21,600011.sh,6.95,6.96,6.80,6.92,56993403
2024/8/22,600011.sh,6.91,6.97,6.86,6.95,42550363
2024/8/23,600011.sh,6.92,6.96,6.83,6.86,28584295
2024/8/26,600011.sh,6.87,6.89,6.70,6.75,57934791
2024/8/27,600011.sh,6.73,6.74,6.61,6.71,52065340
2024/8/28,600011.sh,6.69,6.85,6.68,6.78,57348709
2024/8/29,600011.sh,6.78,6.79,6.68,6.69,55542486
2024/8/30,600011.sh,6.70,6.74,6.63,6.69,79573245
2024/9/2,600011.sh,6.68,6.78,6.63,6.69,63764801
2024/9/3,600011.sh,6.69,6.73,6.54,6.59,60873746
2024/9/4,600011.sh,6.57,6.60,6.49,6.51,38539927
2024/9/5,600011.sh,6.52,6.55,6.42,6.51,52397917
2024/9/6,600011.sh,6.51,6.61,6.42,6.43,54473838
2024/9/9,600011.sh,6.39,6.40,6.27,6.36,58896381
2024/9/10,600011.sh,6.38,6.40,6.16,6.35,62868438
2024/9/11,600011.sh,6.31,6.31,6.12,6.15,54622935
2024/9/12,600011.sh,6.17,6.27,6.14,6.17,48196380
2024/9/13,600011.sh,6.17,6.26,6.12,6.19,42981369
2024/9/18,600011.sh,6.22,6.22,6.13,6.21,29670303
2024/9/19,600011.sh,6.21,6.32,6.16,6.30,45655937
2024/9/20,600011.sh,6.30,6.30,6.15,6.23,51387433
2024/9/23,600011.sh,6.21,6.48,6.19,6.41,75130808
2024/9/24,600011.sh,6.50,6.65,6.38,6.62,68195620
2024/9/25,600011.sh,6.70,6.80,6.62,6.63,95809808
2024/9/26,600011.sh,6.60,6.77,6.54,6.77,77719868
2024/9/27,600011.sh,6.86,6.98,6.77,6.98,68696478
2024/9/30,600011.sh,7.21,7.50,7.06,7.43,192154669
2024/10/8,600011.sh,8.14,8.14,7.24,7.65,231917831
2024/10/9,600011.sh,7.52,7.52,7.06,7.18,131034329
2024/10/10,600011.sh,7.13,7.50,7.12,7.30,101543930
2024/10/11,600011.sh,7.30,7.31,6.99,7.04,75664930
2024/10/14,600011.sh,7.04,7.11,6.92,7.00,137779669
2024/10/15,600011.sh,6.97,7.04,6.81,6.82,96605984
2024/10/16,600011.sh,6.77,6.89,6.75,6.81,55057014
2024/10/17,600011.sh,6.82,6.88,6.66,6.67,64527758
2024/10/18,600011.sh,6.66,6.85,6.57,6.79,94071715
2024/10/21,600011.sh,6.79,6.81,6.72,6.76,62578841
2024/10/22,600011.sh,6.77,7.09,6.75,7.05,120256985
2024/10/23,600011.sh,7.09,7.20,6.99,7.04,79693084
2024/10/24,600011.sh,6.99,7.13,6.96,7.09,72175611
2024/10/25,600011.sh,7.07,7.09,6.94,7.02,79905203
2024/10/28,600011.sh,7.01,7.22,6.92,7.21,90898206
2024/10/29,600011.sh,7.19,7.21,7.00,7.01,65760682
2024/10/30,600011.sh,6.91,6.96,6.77,6.85,76063448
2024/10/31,600011.sh,6.85,7.10,6.82,7.00,84195956
2024/11/1,600011.sh,7.00,7.03,6.90,6.94,45167288
2024/11/4,600011.sh,6.95,6.98,6.89,6.95,36416849
2024/11/5,600011.sh,6.94,7.01,6.90,7.01,53759596
2024/11/6,600011.sh,7.01,7.04,6.95,6.98,51344647
2024/11/7,600011.sh,6.95,7.08,6.91,7.08,65381396
2024/11/8,600011.sh,7.13,7.18,7.02,7.05,59727390
2024/11/11,600011.sh,7.04,7.08,6.97,7.08,51187552
2024/11/12,600011.sh,7.08,7.16,6.99,7.02,74451701
2024/11/13,600011.sh,6.99,7.07,6.99,7.04,54098982
2024/11/14,600011.sh,7.02,7.13,6.94,6.95,71758098
2024/11/15,600011.sh,6.94,7.03,6.85,6.86,58154096
2024/11/18,600011.sh,6.88,7.06,6.87,6.96,63845563
2024/11/19,600011.sh,6.97,6.97,6.76,6.85,62479516
2024/11/20,600011.sh,6.84,6.94,6.80,6.91,48527977
2024/11/21,600011.sh,6.88,6.95,6.88,6.94,29964136
2024/11/22,600011.sh,6.96,7.00,6.72,6.74,62404001
2024/11/25,600011.sh,6.75,6.80,6.62,6.67,40974003
2024/11/26,600011.sh,6.67,6.71,6.60,6.63,26016586
2024/11/27,600011.sh,6.63,6.71,6.55,6.71,31421270
2024/11/28,600011.sh,6.69,6.72,6.63,6.65,27969799
2024/11/29,600011.sh,6.66,6.73,6.63,6.72,39953825
2024/12/2,600011.sh,6.69,6.81,6.68,6.80,38796765
2024/12/3,600011.sh,6.78,6.86,6.75,6.84,32540996
2024/12/4,600011.sh,6.84,6.85,6.79,6.83,28168425
2024/12/5,600011.sh,6.82,6.84,6.78,6.80,22734195
2024/12/6,600011.sh,6.80,6.89,6.79,6.87,35937720
2024/12/9,600011.sh,7.02,7.02,6.85,6.93,60066601
2024/12/10,600011.sh,6.99,7.03,6.84,6.85,60433036
2024/12/11,600011.sh,6.86,6.91,6.83,6.87,34427948
2024/12/12,600011.sh,6.88,6.89,6.82,6.89,47163511
2024/12/13,600011.sh,6.86,6.87,6.74,6.75,51884670
2024/12/16,600011.sh,6.74,6.89,6.74,6.88,58649320
2024/12/17,600011.sh,6.89,6.93,6.78,6.79,41346093
2024/12/18,600011.sh,6.83,6.99,6.79,6.89,68212563
2024/12/19,600011.sh,6.86,6.89,6.72,6.77,61027900
2024/12/20,600011.sh,6.77,6.80,6.62,6.64,63377292
2024/12/23,600011.sh,6.64,6.76,6.61,6.72,55480385
2024/12/24,600011.sh,6.70,6.77,6.65,6.76,46166686
2024/12/25,600011.sh,6.77,6.79,6.65,6.71,48851769
2024/12/26,600011.sh,6.70,6.72,6.51,6.54,88144163
2024/12/27,600011.sh,6.53,6.63,6.51,6.62,51519245
2024/12/30,600011.sh,6.60,6.64,6.57,6.59,38543118
2024/12/31,600011.sh,6.60,6.62,6.52,6.52,40338631
2025/1/2,600011.sh,6.52,6.54,6.28,6.32,59291369
2025/1/3,600011.sh,6.33,6.42,6.31,6.34,41500394
2025/1/6,600011.sh,6.34,6.36,6.26,6.32,33778800
2025/1/7,600011.sh,6.31,6.32,6.23,6.29,33648803
2025/1/8,600011.sh,6.28,6.34,6.24,6.29,36139163
2025/1/9,600011.sh,6.26,6.26,6.17,6.18,36496288
2025/1/10,600011.sh,6.17,6.18,6.00,6.00,45689836
2025/1/13,600011.sh,5.98,6.07,5.93,6.04,39948147
2025/1/14,600011.sh,6.05,6.18,6.04,6.18,34819643
2025/1/15,600011.sh,6.18,6.23,6.15,6.21,25412391
2025/1/16,600011.sh,6.21,6.24,6.16,6.18,25357352
2025/1/17,600011.sh,6.16,6.21,6.12,6.18,20852800
2025/1/20,600011.sh,6.19,6.22,6.11,6.11,28247200
2025/1/21,600011.sh,6.13,6.14,6.06,6.11,22540468
2025/1/22,600011.sh,6.11,6.14,6.04,6.07,30528093
2025/1/23,600011.sh,6.08,6.16,6.03,6.03,34390200
2025/1/24,600011.sh,6.03,6.06,5.96,6.05,32496510
2025/1/27,600011.sh,6.05,6.22,6.04,6.21,52840145
2025/2/5,600011.sh,6.23,6.30,6.13,6.30,45347777
2025/2/6,600011.sh,6.28,6.28,6.20,6.24,35088947
2025/2/7,600011.sh,6.24,6.27,6.22,6.25,41507100
2025/2/10,600011.sh,6.26,6.29,6.18,6.21,51939251
2025/2/11,600011.sh,6.21,6.22,6.15,6.16,30193400
2025/2/12,600011.sh,6.17,6.17,6.11,6.16,29193501
2025/2/13,600011.sh,6.16,6.21,6.13,6.20,31911700
2025/2/14,600011.sh,6.20,6.22,6.14,6.17,26968701
2025/2/17,600011.sh,6.19,6.30,6.11,6.30,77843661
2025/2/18,600011.sh,6.30,6.40,6.26,6.36,69663532
2025/2/19,600011.sh,6.33,6.37,6.27,6.29,42445188
2025/2/20,600011.sh,6.29,6.46,6.24,6.40,56268734
2025/2/21,600011.sh,6.39,6.42,6.34,6.37,46823655
2025/2/24,600011.sh,6.38,6.47,6.32,6.36,39701201
2025/2/25,600011.sh,6.35,6.39,6.30,6.32,36764681
2025/2/26,600011.sh,6.31,6.44,6.31,6.42,50959556
2025/2/27,600011.sh,6.44,6.47,6.39,6.44,36154416
2025/2/28,600011.sh,6.44,6.54,6.41,6.48,64406761
2025/3/3,600011.sh,6.51,6.55,6.44,6.51,51639517
2025/3/4,600011.sh,6.51,6.51,6.42,6.48,32886811
2025/3/5,600011.sh,6.47,6.55,6.43,6.52,37356659
2025/3/6,600011.sh,6.52,6.54,6.39,6.40,67537948
2025/3/7,600011.sh,6.38,6.47,6.36,6.42,45659872
2025/3/10,600011.sh,6.40,6.43,6.36,6.38,29946715
2025/3/11,600011.sh,6.36,6.45,6.34,6.43,28573750
2025/3/12,600011.sh,6.43,6.51,6.40,6.48,42038101
2025/3/13,600011.sh,6.47,6.59,6.47,6.57,66750323
2025/3/14,600011.sh,6.58,6.60,6.51,6.53,51165863
2025/3/17,600011.sh,6.54,6.62,6.52,6.56,40290020
2025/3/18,600011.sh,6.57,6.57,6.49,6.50,34884298
2025/3/19,600011.sh,6.50,6.59,6.49,6.58,42965073
2025/3/20,600011.sh,6.58,6.69,6.57,6.68,52996521
2025/3/21,600011.sh,6.68,6.77,6.63,6.68,60014056
2025/3/24,600011.sh,6.67,6.76,6.63,6.67,53821528
2025/3/25,600011.sh,6.67,6.80,6.61,6.78,59038536
2025/3/26,600011.sh,6.81,6.84,6.65,6.69,72077975
2025/3/27,600011.sh,6.71,6.73,6.56,6.60,59177747
2025/3/28,600011.sh,6.59,6.69,6.51,6.54,54351200
2025/3/31,600011.sh,6.55,6.73,6.55,6.67,85277339
2025/4/1,600011.sh,6.67,6.79,6.63,6.78,72877672
2025/4/2,600011.sh,6.77,6.80,6.70,6.77,45838292
2025/4/3,600011.sh,6.73,6.85,6.72,6.84,57476422
2025/4/7,600011.sh,6.67,6.73,6.31,6.54,126038128
2025/4/8,600011.sh,6.54,6.75,6.53,6.75,87951480
2025/4/9,600011.sh,6.72,6.86,6.55,6.82,121827257
2025/4/10,600011.sh,6.78,6.81,6.70,6.75,64781435
2025/4/11,600011.sh,6.75,6.76,6.59,6.65,58844634
2025/4/14,600011.sh,6.65,6.71,6.62,6.69,46935375
2025/4/15,600011.sh,6.71,6.77,6.67,6.77,60916371
2025/4/16,600011.sh,6.77,6.85,6.72,6.85,78110481
2025/4/17,600011.sh,6.84,6.93,6.81,6.93,65399304
2025/4/18,600011.sh,6.92,6.92,6.83,6.85,36688200
2025/4/21,600011.sh,6.86,6.93,6.84,6.91,32635591
2025/4/22,600011.sh,6.91,6.99,6.79,6.80,65557676
2025/4/23,600011.sh,6.80,6.86,6.78,6.82,39128600
2025/4/24,600011.sh,6.80,6.97,6.80,6.92,64069747
2025/4/25,600011.sh,6.92,6.97,6.87,6.92,46545858
2025/4/28,600011.sh,6.96,7.04,6.87,7.00,79793045
2025/4/29,600011.sh,7.01,7.02,6.89,6.94,63854343
2025/4/30,600011.sh,6.92,6.99,6.89,6.90,47300200
2025/5/6,600011.sh,6.92,7.11,6.87,7.09,76636235
2025/5/7,600011.sh,7.16,7.18,7.00,7.04,52071177
2025/5/8,600011.sh,7.03,7.08,7.02,7.05,38016643
2025/5/9,600011.sh,7.05,7.28,7.05,7.18,86181307
2025/5/12,600011.sh,7.16,7.18,7.09,7.16,60952404
2025/5/13,600011.sh,7.17,7.18,7.10,7.17,39309227
2025/5/14,600011.sh,7.15,7.16,7.07,7.14,41850888
2025/5/15,600011.sh,7.13,7.28,7.12,7.23,62472025
2025/5/16,600011.sh,7.21,7.27,7.16,7.21,38021932
2025/5/19,600011.sh,7.21,7.27,7.19,7.20,37007050
2025/5/20,600011.sh,7.22,7.26,7.18,7.25,51412201
2025/5/21,600011.sh,7.24,7.30,7.21,7.22,56888494
2025/5/22,600011.sh,7.21,7.22,7.11,7.13,59863424
2025/5/23,600011.sh,7.12,7.21,7.09,7.12,42716492
2025/5/26,600011.sh,7.10,7.20,7.09,7.18,37796538
2025/5/27,600011.sh,7.18,7.21,7.12,7.16,29484995
2025/5/28,600011.sh,7.14,7.16,6.91,6.97,72588200
2025/5/29,600011.sh,6.97,7.00,6.92,6.96,43153615
2025/5/30,600011.sh,6.97,7.01,6.92,6.97,45296024
2025/6/3,600011.sh,6.95,7.01,6.89,7.01,46416122
2025/6/4,600011.sh,6.99,7.02,6.92,6.94,36332500
2025/6/5,600011.sh,6.97,6.98,6.91,6.94,27242618
2025/6/6,600011.sh,6.93,7.04,6.91,7.02,44362700
2025/6/9,600011.sh,7.01,7.03,6.96,7.00,30770300
2025/6/10,600011.sh,7.01,7.12,6.97,7.04,54997507
2025/6/11,600011.sh,7.04,7.07,7.00,7.01,54581356
2025/6/12,600011.sh,7.02,7.04,6.94,6.96,41261818
2025/6/13,600011.sh,6.95,7.05,6.95,7.04,74940900
2025/6/16,600011.sh,7.02,7.07,7.00,7.05,32349280
2025/6/17,600011.sh,7.04,7.19,7.01,7.18,54658831
2025/6/18,600011.sh,7.18,7.22,7.16,7.18,32717558
2025/6/19,600011.sh,7.19,7.19,7.07,7.12,52580861
2025/6/20,600011.sh,7.13,7.20,7.08,7.11,46750553
2025/6/23,600011.sh,7.11,7.12,6.93,6.94,70552555
2025/6/24,600011.sh,6.95,7.00,6.91,6.93,59137258
2025/6/25,600011.sh,6.94,7.08,6.91,7.06,61833791
2025/6/26,600011.sh,7.06,7.11,7.00,7.01,38884640
2025/6/27,600011.sh,7.01,7.02,6.78,6.78,107647396
2025/6/30,600011.sh,6.77,6.91,6.77,6.88,59979130
2025/7/1,600011.sh,6.88,6.98,6.82,6.91,59253058
2025/7/2,600011.sh,6.92,7.15,6.92,7.11,89718580
2025/7/3,600011.sh,7.13,7.15,7.08,7.11,34900258
2025/7/4,600011.sh,7.10,7.18,7.09,7.13,33941713
2025/7/7,600011.sh,7.21,7.27,7.08,7.26,60526941
2025/7/8,600011.sh,7.27,7.29,7.16,7.25,51888750
2025/7/9,600011.sh,7.23,7.30,7.16,7.17,43320292
2025/7/10,600011.sh,7.21,7.25,7.09,7.11,62288584
2025/7/11,600011.sh,7.11,7.13,7.02,7.02,87667870
2025/7/14,600011.sh,7.03,7.19,7.03,7.14,68866117
2025/7/15,600011.sh,7.16,7.23,7.02,7.06,76593130
2025/7/16,600011.sh,7.06,7.11,7.01,7.03,42409663
2025/7/17,600011.sh,7.04,7.08,6.91,6.94,68887918
2025/7/18,600011.sh,6.97,7.04,6.94,7.03,49524595
2025/7/21,600011.sh,7.08,7.32,7.06,7.31,136720424
2025/7/22,600011.sh,7.31,7.35,7.19,7.31,91327336
2025/7/23,600011.sh,7.31,7.35,7.17,7.19,61702966
2025/7/24,600011.sh,7.19,7.20,7.05,7.10,98102572
2025/7/25,600011.sh,7.11,7.13,7.01,7.03,76636292
2025/7/28,600011.sh,7.05,7.11,7.00,7.06,64874487
2025/7/29,600011.sh,7.06,7.15,7.01,7.03,70676100
2025/7/30,600011.sh,7.16,7.73,7.15,7.62,364948904
2025/7/31,600011.sh,7.54,7.58,7.23,7.33,211096194
2025/8/1,600011.sh,7.30,7.39,7.28,7.29,86953924
2025/8/4,600011.sh,7.32,7.40,7.25,7.38,87631843
2025/8/5,600011.sh,7.38,7.60,7.37,7.55,97902303
2025/8/6,600011.sh,7.58,7.69,7.54,7.58,68574556
2025/8/7,600011.sh,7.60,7.64,7.46,7.51,52845702
2025/8/8,600011.sh,7.56,7.71,7.51,7.60,60069378
2025/8/11,600011.sh,7.60,7.62,7.37,7.40,92294496
2025/8/12,600011.sh,7.42,7.45,7.38,7.38,52089296
2025/8/13,600011.sh,7.39,7.42,7.32,7.33,65001565
2025/8/14,600011.sh,7.34,7.35,7.22,7.24,74290326
2025/8/15,600011.sh,7.24,7.28,7.18,7.25,79601801
2025/8/18,600011.sh,7.29,7.33,7.24,7.26,107923507
2025/8/19,600011.sh,7.28,7.33,7.26,7.27,74396905
2025/8/20,600011.sh,7.26,7.32,7.22,7.30,66837678
2025/8/21,600011.sh,7.32,7.43,7.29,7.39,91888535
2025/8/22,600011.sh,7.38,7.40,7.25,7.32,102770716
2025/8/25,600011.sh,7.34,7.45,7.32,7.45,112399338
2025/8/26,600011.sh,7.45,7.47,7.39,7.42,64143636
2025/8/27,600011.sh,7.43,7.49,7.33,7.34,79143678
2025/8/28,600011.sh,7.32,7.37,7.20,7.33,80857717
2025/8/29,600011.sh,7.35,7.52,7.34,7.38,101366441
2025/9/1,600011.sh,7.40,7.50,7.33,7.48,93612972
2025/9/2,600011.sh,7.48,7.58,7.44,7.55,88516539
2025/9/3,600011.sh,7.57,7.57,7.41,7.51,64474418
2025/9/4,600011.sh,7.51,7.51,7.37,7.44,66664228
2025/9/5,600011.sh,7.43,7.57,7.36,7.55,76171969
2025/9/8,600011.sh,7.58,7.76,7.58,7.74,101341785
2025/9/9,600011.sh,7.76,7.86,7.68,7.76,75198651
2025/9/10,600011.sh,7.70,7.78,7.64,7.73,52160054
2025/9/11,600011.sh,7.72,7.75,7.62,7.68,73992002
2025/9/12,600011.sh,7.69,7.85,7.68,7.76,83983107
2025/9/15,600011.sh,7.77,7.79,7.62,7.65,76466338
2025/9/16,600011.sh,7.65,7.67,7.47,7.55,75314093
2025/9/17,600011.sh,7.55,7.58,7.47,7.53,45921733
2025/9/18,600011.sh,7.55,7.55,7.36,7.38,88879414
2025/9/19,600011.sh,7.40,7.42,7.34,7.37,50667409
2025/9/22,600011.sh,7.37,7.38,7.17,7.23,78086637
2025/9/23,600011.sh,7.22,7.28,7.15,7.24,65748591
2025/9/24,600011.sh,7.22,7.27,7.17,7.26,51520203
2025/9/25,600011.sh,7.26,7.26,7.11,7.15,67662655
2025/9/26,600011.sh,7.12,7.19,7.11,7.13,48458248
2025/9/29,600011.sh,7.16,7.18,7.00,7.12,105269916
2025/9/30,600011.sh,7.10,7.13,7.04,7.06,61647381
2025/10/9,600011.sh,7.06,7.29,7.06,7.28,94938591
2025/10/10,600011.sh,7.25,7.38,7.21,7.30,64286555
2025/10/13,600011.sh,7.18,7.30,7.10,7.29,71158113
2025/10/14,600011.sh,7.27,7.39,7.24,7.34,83820563
2025/10/15,600011.sh,7.37,7.50,7.33,7.42,83532561
2025/10/16,600011.sh,7.40,7.49,7.35,7.48,58586139
2025/10/17,600011.sh,7.50,7.58,7.45,7.48,80982549
2025/10/20,600011.sh,7.48,7.51,7.32,7.49,77997970
2025/10/21,600011.sh,7.45,7.51,7.41,7.49,61941174
2025/10/22,600011.sh,7.48,7.62,7.47,7.57,63726818
2025/10/23,600011.sh,7.57,7.74,7.55,7.74,75824966
2025/10/24,600011.sh,7.73,7.73,7.54,7.55,72716728
2025/10/27,600011.sh,7.55,7.86,7.55,7.75,101075331
2025/10/28,600011.sh,7.76,7.78,7.67,7.73,61910204
2025/10/29,600011.sh,8.04,8.34,7.96,8.26,203860316
2025/10/30,600011.sh,8.24,8.49,8.09,8.38,130281189
2025/10/31,600011.sh,8.36,8.37,8.09,8.13,98459739
2025/11/3,600011.sh,8.15,8.25,8.10,8.17,78035263
2025/11/4,600011.sh,8.16,8.25,8.09,8.13,60664995
2025/11/5,600011.sh,8.10,8.21,8.00,8.16,53161831
2025/11/6,600011.sh,8.16,8.34,8.16,8.27,74182992
2025/11/7,600011.sh,8.27,8.40,8.23,8.25,52723893
2025/11/10,600011.sh,8.31,8.44,8.26,8.27,62359278
2025/11/11,600011.sh,8.26,8.27,8.11,8.19,63710898
2025/11/12,600011.sh,8.23,8.25,8.13,8.15,43526629
2025/11/13,600011.sh,8.15,8.18,8.02,8.07,62859582
2025/11/14,600011.sh,8.08,8.10,7.91,7.92,67214845
2025/11/17,600011.sh,7.92,7.95,7.79,7.87,55874646
2025/11/18,600011.sh,7.88,7.90,7.79,7.82,49230162
2025/11/19,600011.sh,7.82,7.95,7.81,7.90,49031182
2025/11/20,600011.sh,7.91,7.95,7.82,7.86,44150375
2025/11/21,600011.sh,7.81,7.86,7.71,7.72,64672359
2025/11/24,600011.sh,7.76,7.78,7.63,7.65,62403344
2025/11/25,600011.sh,7.68,7.72,7.57,7.71,58804646
2025/11/26,600011.sh,7.72,7.84,7.69,7.80,50238139
2025/11/27,600011.sh,7.77,7.96,7.75,7.92,53969554
2025/11/28,600011.sh,7.91,7.91,7.77,7.78,46699600
2025/12/1,600011.sh,7.77,7.92,7.76,7.91,49940554
2025/12/2,600011.sh,7.91,7.95,7.82,7.89,39139411
2025/12/3,600011.sh,7.89,8.06,7.87,7.99,58698484
2025/12/4,600011.sh,8.02,8.02,7.90,7.93,37100444
2025/12/5,600011.sh,7.92,7.96,7.85,7.89,46614683
2025/12/8,600011.sh,7.90,7.92,7.76,7.80,45932149
2025/12/9,600011.sh,7.82,7.90,7.76,7.79,34071575
2025/12/10,600011.sh,7.76,7.85,7.73,7.82,33588786
2025/12/11,600011.sh,7.82,7.92,7.80,7.82,40746682
2025/12/12,600011.sh,7.81,7.88,7.78,7.85,45498994
2025/12/15,600011.sh,7.85,7.92,7.84,7.89,39004778
2025/12/16,600011.sh,7.90,7.91,7.71,7.75,52081001
2025/12/17,600011.sh,7.74,7.84,7.67,7.81,45001401
2025/12/18,600011.sh,7.80,7.88,7.74,7.87,37443242
2025/12/19,600011.sh,7.85,7.88,7.81,7.82,32987967
2025/12/22,600011.sh,7.83,7.85,7.73,7.84,51555380
2025/12/23,600011.sh,7.84,7.99,7.82,7.93,61242740
2025/12/24,600011.sh,7.92,7.99,7.84,7.98,39582102
2025/12/25,600011.sh,7.96,8.06,7.92,7.99,40032553
2025/12/26,600011.sh,7.98,8.13,7.94,8.09,58403350
2025/12/29,600011.sh,8.07,8.09,7.62,7.68,159095874
2025/12/30,600011.sh,7.62,7.67,7.36,7.39,130971529
2025/12/31,600011.sh,7.38,7.50,7.36,7.46,73588244
2026/1/5,600011.sh,7.46,7.52,7.38,7.42,75594440
2026/1/6,600011.sh,7.42,7.45,7.39,7.44,77939110
2026/1/7,600011.sh,7.42,7.48,7.40,7.42,59927665
2026/1/8,600011.sh,7.42,7.45,7.38,7.39,56199450
2026/1/9,600011.sh,7.40,7.41,7.35,7.38,53940338
2026/1/12,600011.sh,7.36,7.40,7.32,7.39,59971272
2026/1/13,600011.sh,7.39,7.45,7.38,7.42,67711768
2026/1/14,600011.sh,7.42,7.44,7.33,7.34,85087181
2026/1/15,600011.sh,7.33,7.41,7.32,7.40,60331446
2026/1/16,600011.sh,7.44,7.61,7.40,7.46,116742331
2026/1/19,600011.sh,7.42,7.53,7.40,7.49,70525132
2026/1/20,600011.sh,7.46,7.54,7.41,7.54,82437815
2026/1/21,600011.sh,7.52,7.52,7.40,7.44,82926700
2026/1/22,600011.sh,7.46,7.50,7.41,7.42,68577056
2026/1/23,600011.sh,7.43,7.43,7.33,7.35,80992343
2026/1/26,600011.sh,7.35,7.43,7.32,7.39,83199587
2026/1/27,600011.sh,7.39,7.40,7.19,7.20,87073784
2026/1/28,600011.sh,7.18,7.22,7.04,7.07,114513445
2026/1/29,600011.sh,7.07,7.09,6.94,7.07,110805140
2026/1/30,600011.sh,7.05,7.10,6.98,7.06,56411681
2026/2/2,600011.sh,7.02,7.07,6.84,6.85,94265300
2026/2/3,600011.sh,6.87,6.91,6.79,6.85,61840638
2026/2/4,600011.sh,6.84,6.96,6.83,6.96,64645069
2026/2/5,600011.sh,6.91,6.96,6.88,6.93,49861423
2026/2/6,600011.sh,6.90,6.99,6.89,6.92,47080380
2026/2/9,600011.sh,6.94,6.99,6.93,6.96,49987616
2026/2/10,600011.sh,6.96,6.97,6.92,6.94,34160870
2026/2/11,600011.sh,6.94,6.98,6.91,6.94,38792469
2026/2/12,600011.sh,6.98,7.01,6.93,6.97,57141532
2026/2/13,600011.sh,6.97,6.98,6.90,6.97,48386962
2026/2/24,600011.sh,6.98,7.06,6.97,7.05,58241350
2026/2/25,600011.sh,7.07,7.18,6.96,6.98,157910576
2026/2/26,600011.sh,6.99,7.13,6.98,7.09,82235023
2026/2/27,600011.sh,7.10,7.32,7.08,7.24,209233043
2026/3/2,600011.sh,7.21,7.50,7.20,7.40,209164213
2026/3/3,600011.sh,7.44,7.57,7.35,7.43,182740979
2026/3/4,600011.sh,7.37,7.46,7.29,7.39,131869884
2026/3/5,600011.sh,7.39,7.54,7.38,7.48,120146203
2026/3/6,600011.sh,7.45,7.63,7.44,7.61,110683677
2026/3/9,600011.sh,7.54,7.67,7.52,7.58,111627450
2026/3/10,600011.sh,7.58,7.67,7.46,7.52,110570641
2026/3/11,600011.sh,7.53,7.72,7.39,7.71,138885107
2026/3/12,600011.sh,7.71,7.90,7.68,7.88,143844023
2026/3/13,600011.sh,7.95,8.00,7.81,7.85,176322093
2026/3/16,600011.sh,7.83,7.90,7.59,7.64,151481655
2026/3/17,600011.sh,7.62,7.71,7.48,7.49,96533406
2026/3/18,600011.sh,7.50,7.62,7.40,7.49,85276729
2026/3/19,600011.sh,7.44,7.58,7.42,7.48,110861361
2026/3/20,600011.sh,7.49,7.68,7.45,7.54,131629604
2026/3/23,600011.sh,7.48,7.51,7.28,7.34,129363771
2026/3/24,600011.sh,7.60,7.61,7.29,7.52,179644955
2026/3/25,600011.sh,7.50,7.85,7.31,7.68,280155257
2026/3/26,600011.sh,7.67,7.67,7.49,7.53,198827942
2026/3/27,600011.sh,7.42,7.56,7.37,7.49,125243430
2026/3/30,600011.sh,7.41,7.42,7.13,7.16,176774743
2026/3/31,600011.sh,7.16,7.19,7.00,7.02,119835751
2026/4/1,600011.sh,7.07,7.08,7.01,7.06,87745722
2026/4/2,600011.sh,7.05,7.07,7.00,7.03,69703372
2026/4/3,600011.sh,7.03,7.04,6.84,6.89,77683097
2026/4/7,600011.sh,6.89,6.92,6.66,6.72,131048479
2026/4/8,600011.sh,6.78,6.88,6.77,6.86,107959309
2026/4/9,600011.sh,6.81,6.87,6.78,6.83,62800706
2026/4/10,600011.sh,6.85,6.87,6.82,6.84,51082761
2026/4/13,600011.sh,6.83,6.96,6.78,6.92,96234237
2026/4/14,600011.sh,6.93,7.02,6.91,6.95,76188955
2026/4/15,600011.sh,6.92,7.04,6.90,7.00,78247184
2026/4/16,600011.sh,7.00,7.04,6.97,6.99,57628223
2026/4/17,600011.sh,6.99,7.03,6.91,6.94,72065574
2026/4/20,600011.sh,6.95,7.01,6.89,6.91,109622628
2026/4/21,600011.sh,6.92,7.07,6.88,7.02,147957110
2026/4/22,600011.sh,7.03,7.05,6.93,6.97,134623389
2026/4/23,600011.sh,6.96,7.03,6.89,6.99,124648246
2026/4/24,600011.sh,7.00,7.01,6.91,6.98,120622322
2026/4/27,600011.sh,6.98,6.99,6.92,6.95,89028204
2026/4/28,600011.sh,6.95,6.96,6.84,6.91,109008953
2026/4/29,600011.sh,6.87,7.02,6.87,7.02,167619494
2026/4/30,600011.sh,7.00,7.04,6.96,6.99,81555635
2026/5/6,600011.sh,7.01,7.15,7.00,7.15,148333122
2026/5/7,600011.sh,7.15,7.33,7.14,7.27,155296972
2026/5/8,600011.sh,7.27,7.37,7.19,7.26,129794980
2026/5/11,600011.sh,7.29,7.58,7.29,7.48,178343123
2026/5/12,600011.sh,7.53,7.68,7.43,7.64,219775201
2026/5/13,600011.sh,7.64,7.80,7.59,7.70,256837496
2026/5/14,600011.sh,7.72,7.90,7.53,7.53,268969598
2026/5/15,600011.sh,7.47,7.61,7.35,7.53,163085104
2026/5/18,600011.sh,7.47,7.57,7.39,7.50,139774870
2026/5/19,600011.sh,7.49,7.82,7.41,7.82,205737599
2026/5/20,600011.sh,7.79,7.83,7.41,7.47,185614870
2026/5/21,600011.sh,7.43,7.51,7.30,7.32,143311735
2026/5/22,600011.sh,7.30,7.38,7.23,7.32,105454243
2026/5/25,600011.sh,7.30,7.55,7.28,7.46,138509202
2026/5/26,600011.sh,7.46,7.56,7.35,7.51,129607565
2026/5/27,600011.sh,7.49,7.77,7.47,7.71,202805520
2026/5/28,600011.sh,7.72,8.30,7.71,8.06,358326652
2026/5/29,600011.sh,8.08,8.87,7.95,8.87,455150398
2026/6/1,600011.sh,9.00,9.76,8.70,9.76,712492660
2026/6/2,600011.sh,9.39,9.39,8.89,9.09,532969207
2026/6/3,600011.sh,8.83,9.56,8.58,9.13,563625763
2026/6/4,600011.sh,8.91,9.06,8.70,8.75,329169497
2026/6/5,600011.sh,8.61,8.90,8.28,8.39,344644446
