date,code,open,high,low,close,volume
1997/5/28,600063.sh,0.87,0.98,0.86,0.98,32803700
1997/5/29,600063.sh,0.94,0.98,0.93,0.94,15993500
1997/5/30,600063.sh,0.94,0.95,0.89,0.91,7019400
1997/6/2,600063.sh,0.93,0.96,0.92,0.96,7688900
1997/6/3,600063.sh,0.96,1.01,0.95,0.97,11796600
1997/6/4,600063.sh,0.97,0.97,0.93,0.94,5435600
1997/6/5,600063.sh,0.94,0.95,0.91,0.91,3145200
1997/6/6,600063.sh,0.83,0.88,0.82,0.83,4289800
1997/6/9,600063.sh,0.83,0.83,0.74,0.79,1746500
1997/6/10,600063.sh,0.79,0.79,0.73,0.74,1532700
1997/6/11,600063.sh,0.74,0.78,0.69,0.76,2588300
1997/6/12,600063.sh,0.76,0.76,0.72,0.72,1022600
1997/6/13,600063.sh,0.69,0.75,0.69,0.74,1837400
1997/6/16,600063.sh,0.75,0.79,0.73,0.78,2261000
1997/6/17,600063.sh,0.79,0.84,0.77,0.81,6370600
1997/6/18,600063.sh,0.81,0.84,0.81,0.84,4775200
1997/6/19,600063.sh,0.85,0.86,0.79,0.79,3574100
1997/6/20,600063.sh,0.79,0.83,0.79,0.83,2181900
1997/6/23,600063.sh,0.84,0.84,0.77,0.79,2004600
1997/6/24,600063.sh,0.79,0.82,0.79,0.81,1085800
1997/6/25,600063.sh,0.82,0.82,0.79,0.81,1172800
1997/6/26,600063.sh,0.82,0.82,0.79,0.79,938100
1997/6/27,600063.sh,0.79,0.80,0.74,0.75,1313400
1997/7/2,600063.sh,0.75,0.77,0.67,0.69,1081900
1997/7/3,600063.sh,0.69,0.70,0.65,0.66,900000
1997/7/4,600063.sh,0.66,0.67,0.65,0.65,810000
1997/7/7,600063.sh,0.65,0.67,0.59,0.59,727200
1997/7/8,600063.sh,0.59,0.62,0.57,0.62,949800
1997/7/9,600063.sh,0.61,0.63,0.59,0.61,610500
1997/7/10,600063.sh,0.61,0.63,0.59,0.61,684800
1997/7/11,600063.sh,0.59,0.63,0.59,0.63,820900
1997/7/14,600063.sh,0.64,0.67,0.63,0.65,1105500
1997/7/15,600063.sh,0.65,0.65,0.62,0.63,869500
1997/7/16,600063.sh,0.63,0.65,0.62,0.63,593700
1997/7/17,600063.sh,0.63,0.65,0.62,0.65,846800
1997/7/18,600063.sh,0.65,0.67,0.64,0.66,1234200
1997/7/21,600063.sh,0.66,0.69,0.66,0.67,1266100
1997/7/22,600063.sh,0.66,0.68,0.63,0.67,730100
1997/7/23,600063.sh,0.67,0.67,0.65,0.65,696300
1997/7/24,600063.sh,0.65,0.66,0.63,0.63,603600
1997/7/25,600063.sh,0.63,0.64,0.62,0.63,527600
1997/7/28,600063.sh,0.63,0.63,0.60,0.61,321200
1997/7/29,600063.sh,0.63,0.63,0.61,0.62,303200
1997/7/30,600063.sh,0.63,0.64,0.62,0.64,398400
1997/7/31,600063.sh,0.64,0.65,0.64,0.64,326200
1997/8/1,600063.sh,0.64,0.68,0.64,0.68,1439900
1997/8/4,600063.sh,0.68,0.73,0.68,0.71,3577200
1997/8/5,600063.sh,0.76,0.78,0.74,0.78,5612700
1997/8/6,600063.sh,0.77,0.78,0.75,0.76,2824800
1997/8/7,600063.sh,0.75,0.78,0.74,0.78,1997700
1997/8/8,600063.sh,0.79,0.80,0.77,0.77,1979000
1997/8/11,600063.sh,0.78,0.81,0.78,0.79,2342800
1997/8/12,600063.sh,0.79,0.79,0.75,0.75,1571100
1997/8/13,600063.sh,0.68,0.72,0.68,0.68,2600300
1997/8/14,600063.sh,0.68,0.69,0.65,0.69,1978800
1997/8/15,600063.sh,0.70,0.70,0.66,0.68,1124300
1997/8/18,600063.sh,0.68,0.69,0.67,0.69,662900
1997/8/19,600063.sh,0.69,0.70,0.68,0.69,554900
1997/8/20,600063.sh,0.69,0.70,0.68,0.69,351200
1997/8/21,600063.sh,0.70,0.71,0.69,0.71,923800
1997/8/22,600063.sh,0.71,0.73,0.70,0.72,1189000
1997/8/25,600063.sh,0.73,0.73,0.71,0.73,738200
1997/8/26,600063.sh,0.73,0.74,0.72,0.73,1088400
1997/8/27,600063.sh,0.73,0.73,0.72,0.72,861300
1997/8/28,600063.sh,0.72,0.73,0.71,0.72,820100
1997/8/29,600063.sh,0.72,0.73,0.72,0.73,1356100
1997/9/1,600063.sh,0.74,0.75,0.74,0.74,784800
1997/9/2,600063.sh,0.74,0.74,0.73,0.73,863200
1997/9/3,600063.sh,0.73,0.75,0.72,0.74,759300
1997/9/4,600063.sh,0.74,0.76,0.74,0.76,959200
1997/9/5,600063.sh,0.76,0.76,0.75,0.75,523500
1997/9/8,600063.sh,0.75,0.75,0.73,0.74,545900
1997/9/9,600063.sh,0.73,0.74,0.72,0.72,583600
1997/9/10,600063.sh,0.72,0.73,0.71,0.72,603700
1997/9/11,600063.sh,0.72,0.74,0.71,0.72,822500
1997/9/12,600063.sh,0.71,0.72,0.69,0.69,435200
1997/9/15,600063.sh,0.69,0.70,0.67,0.67,354000
1997/9/16,600063.sh,0.68,0.68,0.67,0.68,275200
1997/9/17,600063.sh,0.68,0.69,0.67,0.67,348000
1997/9/18,600063.sh,0.67,0.69,0.67,0.68,206700
1997/9/19,600063.sh,0.68,0.69,0.67,0.68,229100
1997/9/22,600063.sh,0.68,0.68,0.63,0.63,377600
1997/9/23,600063.sh,0.63,0.64,0.59,0.60,469500
1997/9/24,600063.sh,0.61,0.64,0.61,0.63,552200
1997/9/25,600063.sh,0.63,0.66,0.63,0.64,478500
1997/9/26,600063.sh,0.64,0.64,0.62,0.63,311000
1997/9/29,600063.sh,0.63,0.63,0.60,0.60,399500
1997/9/30,600063.sh,0.61,0.62,0.61,0.61,210200
1997/10/6,600063.sh,0.61,0.62,0.60,0.61,210000
1997/10/7,600063.sh,0.61,0.61,0.61,0.61,115500
1997/10/8,600063.sh,0.65,0.65,0.63,0.64,404500
1997/10/9,600063.sh,0.64,0.64,0.63,0.63,210900
1997/10/10,600063.sh,0.64,0.64,0.63,0.64,195200
1997/10/13,600063.sh,0.64,0.65,0.62,0.63,125000
1997/10/14,600063.sh,0.62,0.62,0.61,0.62,180700
1997/10/15,600063.sh,0.62,0.63,0.62,0.63,106200
1997/10/16,600063.sh,0.64,0.65,0.63,0.65,516600
1997/10/17,600063.sh,0.65,0.67,0.65,0.66,718400
1997/10/20,600063.sh,0.66,0.67,0.65,0.66,885200
1997/10/21,600063.sh,0.66,0.67,0.65,0.66,430800
1997/10/22,600063.sh,0.66,0.66,0.64,0.64,661400
1997/10/23,600063.sh,0.64,0.67,0.63,0.67,1574100
1997/10/24,600063.sh,0.67,0.67,0.66,0.67,899000
1997/10/27,600063.sh,0.67,0.71,0.67,0.71,1236800
1997/10/28,600063.sh,0.71,0.71,0.67,0.68,1348000
1997/10/29,600063.sh,0.66,0.68,0.66,0.67,709300
1997/10/30,600063.sh,0.67,0.69,0.66,0.66,788300
1997/10/31,600063.sh,0.65,0.68,0.65,0.67,476100
1997/11/3,600063.sh,0.67,0.68,0.66,0.67,222100
1997/11/4,600063.sh,0.67,0.69,0.66,0.69,618500
1997/11/5,600063.sh,0.69,0.70,0.67,0.70,744500
1997/11/6,600063.sh,0.70,0.70,0.68,0.69,569400
1997/11/7,600063.sh,0.69,0.71,0.68,0.71,868900
1997/11/10,600063.sh,0.71,0.73,0.70,0.71,1127700
1997/11/11,600063.sh,0.71,0.71,0.69,0.70,582400
1997/11/12,600063.sh,0.71,0.72,0.69,0.70,467500
1997/11/13,600063.sh,0.69,0.70,0.67,0.70,566500
1997/11/14,600063.sh,0.70,0.70,0.69,0.69,350500
1997/11/17,600063.sh,0.69,0.70,0.69,0.69,300800
1997/11/18,600063.sh,0.69,0.69,0.66,0.67,431400
1997/11/19,600063.sh,0.67,0.68,0.67,0.68,225800
1997/11/20,600063.sh,0.68,0.68,0.67,0.68,535100
1997/11/21,600063.sh,0.67,0.68,0.67,0.68,539300
1997/11/24,600063.sh,0.68,0.70,0.68,0.69,653600
1997/11/25,600063.sh,0.68,0.69,0.67,0.68,838000
1997/11/26,600063.sh,0.68,0.69,0.67,0.68,505000
1997/11/27,600063.sh,0.68,0.71,0.68,0.71,1110000
1997/11/28,600063.sh,0.68,0.71,0.67,0.71,3532500
1997/12/1,600063.sh,0.71,0.72,0.70,0.70,2082000
1997/12/2,600063.sh,0.70,0.70,0.69,0.70,754600
1997/12/3,600063.sh,0.70,0.70,0.68,0.69,485400
1997/12/4,600063.sh,0.69,0.70,0.68,0.70,615700
1997/12/5,600063.sh,0.70,0.71,0.70,0.71,1479800
1997/12/8,600063.sh,0.71,0.73,0.71,0.73,3602500
1997/12/9,600063.sh,0.73,0.73,0.72,0.73,1318000
1997/12/10,600063.sh,0.73,0.75,0.73,0.74,1284700
1997/12/11,600063.sh,0.74,0.74,0.71,0.73,917300
1997/12/12,600063.sh,0.73,0.74,0.72,0.72,779100
1997/12/15,600063.sh,0.73,0.76,0.72,0.75,2267400
1997/12/16,600063.sh,0.76,0.76,0.74,0.75,995600
1997/12/17,600063.sh,0.75,0.75,0.72,0.72,1353900
1997/12/18,600063.sh,0.71,0.73,0.71,0.72,1051400
1997/12/19,600063.sh,0.72,0.73,0.71,0.73,1252900
1997/12/22,600063.sh,0.74,0.75,0.73,0.75,2788200
1997/12/23,600063.sh,0.75,0.77,0.73,0.74,1863600
1997/12/24,600063.sh,0.75,0.75,0.73,0.74,850800
1997/12/25,600063.sh,0.74,0.76,0.74,0.76,1052500
1997/12/26,600063.sh,0.76,0.76,0.75,0.75,1113800
1997/12/29,600063.sh,0.75,0.75,0.74,0.74,820700
1997/12/30,600063.sh,0.74,0.74,0.72,0.73,826700
1997/12/31,600063.sh,0.73,0.74,0.73,0.74,623600
1998/1/5,600063.sh,0.74,0.76,0.73,0.74,1279600
1998/1/6,600063.sh,0.75,0.78,0.74,0.76,1479600
1998/1/7,600063.sh,0.76,0.76,0.74,0.75,999900
1998/1/8,600063.sh,0.75,0.75,0.74,0.74,861500
1998/1/9,600063.sh,0.74,0.75,0.73,0.74,985200
1998/1/12,600063.sh,0.75,0.78,0.75,0.75,1951600
1998/1/13,600063.sh,0.74,0.74,0.67,0.70,1415600
1998/1/14,600063.sh,0.70,0.72,0.70,0.71,855900
1998/1/15,600063.sh,0.71,0.73,0.71,0.72,608200
1998/1/16,600063.sh,0.72,0.73,0.70,0.71,578000
1998/1/19,600063.sh,0.70,0.71,0.69,0.69,735400
1998/1/20,600063.sh,0.69,0.70,0.69,0.70,348500
1998/1/21,600063.sh,0.70,0.71,0.70,0.71,333100
1998/1/22,600063.sh,0.71,0.72,0.69,0.71,345600
1998/1/23,600063.sh,0.71,0.72,0.71,0.72,459700
1998/2/9,600063.sh,0.74,0.74,0.73,0.73,667400
1998/2/10,600063.sh,0.74,0.74,0.72,0.72,404000
1998/2/11,600063.sh,0.72,0.75,0.71,0.73,379300
1998/2/12,600063.sh,0.73,0.74,0.72,0.73,429400
1998/2/13,600063.sh,0.73,0.74,0.72,0.73,319300
1998/2/16,600063.sh,0.73,0.73,0.71,0.71,397800
1998/2/17,600063.sh,0.71,0.76,0.70,0.75,680300
1998/2/18,600063.sh,0.75,0.75,0.73,0.74,1316400
1998/2/19,600063.sh,0.74,0.75,0.73,0.74,407900
1998/2/20,600063.sh,0.73,0.73,0.72,0.73,381100
1998/2/23,600063.sh,0.72,0.74,0.70,0.74,593600
1998/2/24,600063.sh,0.74,0.74,0.71,0.73,359300
1998/2/25,600063.sh,0.72,0.73,0.71,0.73,571600
1998/2/26,600063.sh,0.72,0.74,0.72,0.73,342100
1998/2/27,600063.sh,0.73,0.74,0.72,0.72,279000
1998/3/2,600063.sh,0.72,0.72,0.69,0.72,489800
1998/3/3,600063.sh,0.71,0.71,0.70,0.71,214300
1998/3/4,600063.sh,0.71,0.73,0.70,0.73,605700
1998/3/5,600063.sh,0.76,0.76,0.72,0.73,612900
1998/3/6,600063.sh,0.72,0.73,0.71,0.73,226100
1998/3/9,600063.sh,0.71,0.72,0.70,0.72,258700
1998/3/10,600063.sh,0.71,0.73,0.70,0.72,846000
1998/3/11,600063.sh,0.70,0.73,0.70,0.71,271900
1998/3/12,600063.sh,0.70,0.71,0.69,0.71,627000
1998/3/13,600063.sh,0.69,0.71,0.68,0.71,469100
1998/3/16,600063.sh,0.67,0.69,0.66,0.68,955900
1998/3/17,600063.sh,0.68,0.70,0.67,0.70,1059300
1998/3/18,600063.sh,0.70,0.71,0.68,0.69,891200
1998/3/19,600063.sh,0.69,0.69,0.68,0.69,650400
1998/3/20,600063.sh,0.68,0.69,0.67,0.69,422000
1998/3/23,600063.sh,0.68,0.69,0.67,0.68,545600
1998/3/24,600063.sh,0.68,0.69,0.67,0.68,724400
1998/3/25,600063.sh,0.69,0.70,0.67,0.67,712000
1998/3/26,600063.sh,0.68,0.68,0.67,0.67,500800
1998/3/27,600063.sh,0.67,0.69,0.67,0.69,711100
1998/3/30,600063.sh,0.69,0.70,0.67,0.68,818000
1998/3/31,600063.sh,0.68,0.70,0.68,0.70,717100
1998/4/1,600063.sh,0.70,0.70,0.68,0.68,459000
1998/4/2,600063.sh,0.69,0.70,0.68,0.70,999100
1998/4/3,600063.sh,0.69,0.72,0.69,0.72,1038200
1998/4/6,600063.sh,0.72,0.74,0.71,0.73,1238600
1998/4/7,600063.sh,0.74,0.75,0.73,0.74,2352100
1998/4/8,600063.sh,0.74,0.75,0.73,0.75,2126800
1998/4/9,600063.sh,0.75,0.75,0.72,0.73,1008400
1998/4/10,600063.sh,0.73,0.75,0.72,0.75,1226400
1998/4/13,600063.sh,0.75,0.76,0.74,0.74,967600
1998/4/14,600063.sh,0.74,0.76,0.73,0.76,2019100
1998/4/15,600063.sh,0.76,0.76,0.76,0.76,INVALID
1998/4/16,600063.sh,0.75,0.80,0.75,0.78,2140200
1998/4/17,600063.sh,0.78,0.78,0.76,0.78,1909600
1998/4/20,600063.sh,0.78,0.80,0.78,0.79,1619700
1998/4/21,600063.sh,0.80,0.81,0.78,0.79,766100
1998/4/22,600063.sh,0.79,0.84,0.79,0.82,2497100
1998/4/23,600063.sh,0.82,0.83,0.81,0.81,940800
1998/4/24,600063.sh,0.81,0.86,0.81,0.86,2424700
1998/4/27,600063.sh,0.85,0.85,0.83,0.85,1051400
1998/4/28,600063.sh,0.84,0.87,0.84,0.86,1542000
1998/4/29,600063.sh,0.86,0.86,0.85,0.86,985700
1998/4/30,600063.sh,0.86,0.89,0.85,0.89,2040000
1998/5/4,600063.sh,0.89,0.89,0.87,0.89,957200
1998/5/5,600063.sh,0.89,0.89,0.86,0.88,689100
1998/5/6,600063.sh,0.88,0.88,0.86,0.87,1156600
1998/5/7,600063.sh,0.86,0.86,0.83,0.86,1275100
1998/5/8,600063.sh,0.84,0.88,0.84,0.88,1549000
1998/5/11,600063.sh,0.88,0.88,0.85,0.87,1232400
1998/5/12,600063.sh,0.86,0.86,0.83,0.84,381800
1998/5/13,600063.sh,0.84,0.86,0.84,0.86,810600
1998/5/14,600063.sh,0.86,0.86,0.84,0.85,493900
1998/5/15,600063.sh,0.86,0.86,0.85,0.85,513800
1998/5/18,600063.sh,0.85,0.86,0.83,0.83,358500
1998/5/19,600063.sh,0.83,0.84,0.81,0.82,657600
1998/5/20,600063.sh,0.81,0.84,0.81,0.84,978500
1998/5/21,600063.sh,0.84,0.88,0.84,0.88,3725500
1998/5/22,600063.sh,0.88,0.89,0.85,0.87,1647000
1998/5/25,600063.sh,0.87,0.87,0.83,0.86,2202800
1998/5/26,600063.sh,0.85,0.86,0.84,0.86,969500
1998/5/27,600063.sh,0.85,0.86,0.83,0.85,1018800
1998/5/28,600063.sh,0.85,0.85,0.82,0.82,722600
1998/5/29,600063.sh,0.83,0.84,0.82,0.83,622100
1998/6/1,600063.sh,0.83,0.85,0.83,0.85,1075900
1998/6/2,600063.sh,0.85,0.86,0.84,0.86,1143400
1998/6/3,600063.sh,0.86,0.86,0.84,0.85,578100
1998/6/4,600063.sh,0.85,0.85,0.83,0.84,544900
1998/6/5,600063.sh,0.84,0.86,0.82,0.86,958100
1998/6/8,600063.sh,0.86,0.86,0.85,0.86,695300
1998/6/9,600063.sh,0.84,0.86,0.83,0.85,550700
1998/6/10,600063.sh,0.85,0.85,0.82,0.83,737400
1998/6/11,600063.sh,0.83,0.83,0.79,0.79,699400
1998/6/12,600063.sh,0.81,0.84,0.80,0.84,645700
1998/6/15,600063.sh,0.84,0.84,0.82,0.83,375900
1998/6/16,600063.sh,0.82,0.85,0.82,0.84,859500
1998/6/17,600063.sh,0.84,0.85,0.83,0.83,199000
1998/6/18,600063.sh,0.84,0.87,0.84,0.86,1142800
1998/6/19,600063.sh,0.87,0.89,0.86,0.89,1385100
1998/6/22,600063.sh,0.89,0.92,0.89,0.92,2060800
1998/6/23,600063.sh,0.93,0.93,0.91,0.92,1265400
1998/6/24,600063.sh,0.92,0.93,0.90,0.91,761200
1998/6/25,600063.sh,0.91,0.92,0.90,0.92,783300
1998/6/26,600063.sh,0.92,0.92,0.89,0.90,555600
1998/6/29,600063.sh,0.91,0.91,0.87,0.90,1113200
1998/6/30,600063.sh,0.89,0.91,0.87,0.89,422100
1998/7/1,600063.sh,0.89,0.91,0.86,0.87,494400
1998/7/2,600063.sh,0.86,0.87,0.83,0.87,548500
1998/7/3,600063.sh,0.87,0.88,0.86,0.88,727800
1998/7/6,600063.sh,0.87,0.88,0.84,0.87,424900
1998/7/7,600063.sh,0.85,0.87,0.85,0.87,346300
1998/7/8,600063.sh,0.87,0.88,0.86,0.86,247300
1998/7/9,600063.sh,0.87,0.87,0.86,0.86,180900
1998/7/10,600063.sh,0.86,0.88,0.86,0.88,754600
1998/7/13,600063.sh,0.89,0.94,0.89,0.93,2807400
1998/7/14,600063.sh,0.93,0.94,0.89,0.92,2599600
1998/7/15,600063.sh,0.89,0.92,0.89,0.92,1157000
1998/7/16,600063.sh,0.92,0.92,0.89,0.91,896300
1998/7/17,600063.sh,0.91,0.93,0.90,0.92,1361100
1998/7/20,600063.sh,0.93,0.93,0.90,0.92,1116000
1998/7/21,600063.sh,0.90,0.94,0.87,0.94,2317000
1998/7/22,600063.sh,0.93,0.96,0.91,0.94,2173000
1998/7/23,600063.sh,0.92,0.94,0.91,0.93,1172100
1998/7/24,600063.sh,0.94,0.94,0.90,0.92,1519500
1998/7/27,600063.sh,0.92,0.92,0.88,0.90,1095800
1998/7/28,600063.sh,0.89,0.91,0.87,0.88,705200
1998/7/29,600063.sh,0.88,0.88,0.85,0.86,1314700
1998/7/30,600063.sh,0.86,0.88,0.85,0.88,456000
1998/7/31,600063.sh,0.88,0.91,0.87,0.91,983200
1998/8/3,600063.sh,0.90,0.90,0.89,0.89,266000
1998/8/4,600063.sh,0.88,0.90,0.86,0.90,544000
1998/8/5,600063.sh,0.89,0.92,0.87,0.92,1197300
1998/8/6,600063.sh,0.90,0.92,0.88,0.90,490300
1998/8/7,600063.sh,0.88,0.90,0.87,0.88,491200
1998/8/10,600063.sh,0.86,0.87,0.83,0.85,423700
1998/8/11,600063.sh,0.83,0.86,0.83,0.85,316400
1998/8/12,600063.sh,0.83,0.85,0.80,0.84,432000
1998/8/13,600063.sh,0.84,0.86,0.81,0.84,523900
1998/8/14,600063.sh,0.85,0.85,0.82,0.84,381200
1998/8/17,600063.sh,0.84,0.84,0.80,0.82,816300
1998/8/18,600063.sh,0.80,0.83,0.79,0.82,629900
1998/8/19,600063.sh,0.80,0.85,0.80,0.84,479500
1998/8/20,600063.sh,0.83,0.85,0.83,0.85,471300
1998/8/21,600063.sh,0.84,0.86,0.84,0.85,980500
1998/8/24,600063.sh,0.85,0.85,0.84,0.85,231800
1998/8/25,600063.sh,0.84,0.86,0.84,0.86,204100
1998/8/26,600063.sh,0.85,0.85,0.84,0.84,177100
1998/8/27,600063.sh,0.84,0.88,0.84,0.88,1417500
1998/8/28,600063.sh,0.87,0.89,0.87,0.88,1362700
1998/8/31,600063.sh,0.86,0.88,0.83,0.88,318900
1998/9/1,600063.sh,0.88,0.88,0.85,0.87,322500
1998/9/2,600063.sh,0.86,0.87,0.84,0.87,232100
1998/9/3,600063.sh,0.85,0.88,0.85,0.88,248300
1998/9/4,600063.sh,0.86,0.88,0.86,0.88,326300
1998/9/7,600063.sh,0.89,0.89,0.86,0.88,255000
1998/9/8,600063.sh,0.88,0.88,0.86,0.87,189600
1998/9/9,600063.sh,0.85,0.88,0.85,0.87,276800
1998/9/10,600063.sh,0.87,0.88,0.86,0.88,618300
1998/9/11,600063.sh,0.88,0.89,0.87,0.89,543800
1998/9/14,600063.sh,0.89,0.89,0.88,0.88,719800
1998/9/15,600063.sh,0.88,0.88,0.88,0.88,INVALID
1998/9/16,600063.sh,0.89,0.89,0.86,0.88,352300
1998/9/17,600063.sh,0.88,0.88,0.84,0.85,579700
1998/9/18,600063.sh,0.85,0.88,0.85,0.87,556600
1998/9/21,600063.sh,0.86,0.87,0.85,0.86,130800
1998/9/22,600063.sh,0.86,0.86,0.84,0.86,279200
1998/9/23,600063.sh,0.86,0.86,0.84,0.85,180500
1998/9/24,600063.sh,0.85,0.85,0.83,0.83,229800
1998/9/25,600063.sh,0.83,0.87,0.83,0.87,260200
1998/9/28,600063.sh,0.87,0.87,0.85,0.85,140100
1998/9/29,600063.sh,0.85,0.86,0.84,0.86,168300
1998/9/30,600063.sh,0.85,0.86,0.85,0.86,132900
1998/10/5,600063.sh,0.85,0.85,0.84,0.85,91800
1998/10/6,600063.sh,0.84,0.86,0.84,0.84,80300
1998/10/7,600063.sh,0.84,0.84,0.83,0.83,131900
1998/10/8,600063.sh,0.83,0.85,0.83,0.85,125900
1998/10/9,600063.sh,0.83,0.85,0.83,0.85,135100
1998/10/12,600063.sh,0.85,0.85,0.83,0.83,160700
1998/10/13,600063.sh,0.83,0.84,0.83,0.84,150900
1998/10/14,600063.sh,0.83,0.84,0.82,0.82,226400
1998/10/15,600063.sh,0.85,0.87,0.84,0.85,459900
1998/10/16,600063.sh,0.85,0.86,0.85,0.85,383100
1998/10/19,600063.sh,0.86,0.86,0.84,0.86,576300
1998/10/20,600063.sh,0.85,0.85,0.83,0.84,200400
1998/10/21,600063.sh,0.84,0.84,0.80,0.80,203200
1998/10/22,600063.sh,0.79,0.84,0.78,0.84,394800
1998/10/23,600063.sh,0.83,0.84,0.81,0.82,220800
1998/10/26,600063.sh,0.82,0.82,0.78,0.82,258100
1998/10/27,600063.sh,0.81,0.83,0.80,0.82,223500
1998/10/28,600063.sh,0.82,0.82,0.80,0.82,169500
1998/10/29,600063.sh,0.81,0.85,0.80,0.85,824400
1998/10/30,600063.sh,0.85,0.86,0.83,0.84,429600
1998/11/2,600063.sh,0.85,0.85,0.83,0.85,260700
1998/11/3,600063.sh,0.85,0.87,0.83,0.86,523900
1998/11/4,600063.sh,0.86,0.86,0.84,0.85,316400
1998/11/5,600063.sh,0.84,0.85,0.83,0.84,282900
1998/11/6,600063.sh,0.84,0.85,0.82,0.85,498300
1998/11/9,600063.sh,0.85,0.88,0.85,0.88,1377400
1998/11/10,600063.sh,0.87,0.88,0.86,0.87,412000
1998/11/11,600063.sh,0.86,0.88,0.85,0.86,390200
1998/11/12,600063.sh,0.86,0.86,0.85,0.86,425000
1998/11/13,600063.sh,0.85,0.86,0.84,0.85,371300
1998/11/16,600063.sh,0.87,0.87,0.85,0.86,321900
1998/11/17,600063.sh,0.87,0.87,0.85,0.87,777200
1998/11/18,600063.sh,0.87,0.87,0.85,0.86,261500
1998/11/19,600063.sh,0.86,0.89,0.86,0.88,1035900
1998/11/20,600063.sh,0.88,0.88,0.86,0.88,381900
1998/11/23,600063.sh,0.88,0.88,0.87,0.88,242800
1998/11/24,600063.sh,0.88,0.88,0.88,0.88,419100
1998/11/25,600063.sh,0.88,0.90,0.88,0.89,816700
1998/11/26,600063.sh,0.88,0.88,0.87,0.88,337600
1998/11/27,600063.sh,0.88,0.88,0.85,0.86,325400
1998/11/30,600063.sh,0.85,0.85,0.83,0.85,372500
1998/12/1,600063.sh,0.84,0.84,0.83,0.84,210800
1998/12/2,600063.sh,0.84,0.84,0.82,0.83,110000
1998/12/3,600063.sh,0.85,0.85,0.82,0.84,103900
1998/12/4,600063.sh,0.83,0.84,0.82,0.84,137300
1998/12/7,600063.sh,0.85,0.85,0.82,0.84,89200
1998/12/8,600063.sh,0.80,0.83,0.80,0.83,78200
1998/12/9,600063.sh,0.84,0.84,0.83,0.83,36500
1998/12/10,600063.sh,0.83,0.83,0.82,0.82,74100
1998/12/11,600063.sh,0.81,0.83,0.80,0.83,74500
1998/12/14,600063.sh,0.80,0.83,0.78,0.83,100200
1998/12/15,600063.sh,0.82,0.83,0.80,0.83,372900
1998/12/16,600063.sh,0.83,0.83,0.82,0.83,223900
1998/12/17,600063.sh,0.81,0.84,0.81,0.82,214500
1998/12/18,600063.sh,0.82,0.82,0.81,0.82,381400
1998/12/21,600063.sh,0.82,0.86,0.81,0.85,1287600
1998/12/22,600063.sh,0.85,0.87,0.84,0.87,1525300
1998/12/23,600063.sh,0.87,0.89,0.87,0.88,1369900
1998/12/24,600063.sh,0.88,0.88,0.86,0.87,755100
1998/12/25,600063.sh,0.87,0.90,0.87,0.88,747800
1998/12/28,600063.sh,0.89,0.89,0.85,0.87,700300
1998/12/29,600063.sh,0.86,0.87,0.84,0.84,246300
1998/12/30,600063.sh,0.84,0.84,0.81,0.83,285800
1998/12/31,600063.sh,0.83,0.84,0.81,0.83,241900
1999/1/4,600063.sh,0.83,0.84,0.81,0.82,58500
1999/1/5,600063.sh,0.82,0.82,0.79,0.82,116200
1999/1/6,600063.sh,0.82,0.82,0.80,0.82,80900
1999/1/7,600063.sh,0.81,0.81,0.80,0.81,83800
1999/1/8,600063.sh,0.81,0.84,0.80,0.84,137900
1999/1/11,600063.sh,0.84,0.84,0.82,0.83,116400
1999/1/12,600063.sh,0.83,0.83,0.81,0.83,97300
1999/1/13,600063.sh,0.80,0.82,0.80,0.81,111500
1999/1/14,600063.sh,0.81,0.83,0.81,0.82,133600
1999/1/15,600063.sh,0.81,0.82,0.81,0.82,162800
1999/1/18,600063.sh,0.80,0.82,0.80,0.82,88300
1999/1/19,600063.sh,0.82,0.83,0.81,0.82,103900
1999/1/20,600063.sh,0.82,0.84,0.82,0.83,130300
1999/1/21,600063.sh,0.83,0.83,0.82,0.83,112600
1999/1/22,600063.sh,0.83,0.86,0.83,0.86,533700
1999/1/25,600063.sh,0.86,0.87,0.85,0.85,302000
1999/1/26,600063.sh,0.85,0.85,0.81,0.83,188900
1999/1/27,600063.sh,0.83,0.83,0.82,0.83,125900
1999/1/28,600063.sh,0.82,0.83,0.81,0.82,98700
1999/1/29,600063.sh,0.81,0.83,0.81,0.83,106400
1999/2/1,600063.sh,0.82,0.82,0.80,0.81,110900
1999/2/2,600063.sh,0.81,0.82,0.80,0.82,97800
1999/2/3,600063.sh,0.80,0.81,0.80,0.81,58800
1999/2/4,600063.sh,0.77,0.80,0.76,0.78,332600
1999/2/5,600063.sh,0.76,0.77,0.72,0.73,454000
1999/2/8,600063.sh,0.70,0.72,0.69,0.70,209600
1999/2/9,600063.sh,0.70,0.73,0.70,0.73,251800
1999/3/1,600063.sh,0.73,0.73,0.69,0.72,123600
1999/3/2,600063.sh,0.72,0.72,0.70,0.72,148900
1999/3/3,600063.sh,0.72,0.74,0.70,0.74,171900
1999/3/4,600063.sh,0.73,0.75,0.72,0.74,134100
1999/3/5,600063.sh,0.74,0.78,0.74,0.76,263900
1999/3/8,600063.sh,0.76,0.76,0.76,0.76,INVALID
1999/3/9,600063.sh,0.76,0.76,0.73,0.75,335200
1999/3/10,600063.sh,0.75,0.75,0.72,0.73,129900
1999/3/11,600063.sh,0.73,0.76,0.72,0.76,421800
1999/3/12,600063.sh,0.76,0.77,0.74,0.77,681700
1999/3/15,600063.sh,0.77,0.80,0.77,0.80,647000
1999/3/16,600063.sh,0.79,0.80,0.78,0.80,229200
1999/3/17,600063.sh,0.79,0.79,0.78,0.79,172200
1999/3/18,600063.sh,0.77,0.79,0.77,0.78,103100
1999/3/19,600063.sh,0.76,0.80,0.75,0.80,670500
1999/3/22,600063.sh,0.79,0.79,0.78,0.79,268600
1999/3/23,600063.sh,0.79,0.79,0.77,0.79,181400
1999/3/24,600063.sh,0.78,0.79,0.78,0.79,186300
1999/3/25,600063.sh,0.78,0.79,0.77,0.78,70500
1999/3/26,600063.sh,0.77,0.78,0.76,0.78,82100
1999/3/29,600063.sh,0.78,0.78,0.76,0.78,156500
1999/3/30,600063.sh,0.78,0.80,0.77,0.78,95700
1999/3/31,600063.sh,0.77,0.78,0.76,0.78,178200
1999/4/1,600063.sh,0.78,0.78,0.75,0.78,384500
1999/4/2,600063.sh,0.77,0.78,0.75,0.78,415200
1999/4/5,600063.sh,0.78,0.78,0.76,0.77,232900
1999/4/6,600063.sh,0.77,0.77,0.76,0.77,219400
1999/4/7,600063.sh,0.76,0.78,0.75,0.77,249200
1999/4/8,600063.sh,0.77,0.78,0.75,0.77,211800
1999/4/9,600063.sh,0.77,0.77,0.75,0.77,244600
1999/4/12,600063.sh,0.76,0.79,0.75,0.78,424600
1999/4/13,600063.sh,0.78,0.82,0.78,0.80,1010500
1999/4/14,600063.sh,0.80,0.81,0.78,0.80,357700
1999/4/15,600063.sh,0.80,0.80,0.77,0.78,248600
1999/4/16,600063.sh,0.78,0.78,0.76,0.77,161400
1999/4/19,600063.sh,0.76,0.76,0.75,0.76,206300
1999/4/20,600063.sh,0.76,0.76,0.73,0.75,238200
1999/4/21,600063.sh,0.73,0.75,0.73,0.75,196500
1999/4/22,600063.sh,0.73,0.75,0.70,0.74,196700
1999/4/23,600063.sh,0.73,0.75,0.72,0.74,175600
1999/4/26,600063.sh,0.74,0.74,0.71,0.72,99600
1999/4/27,600063.sh,0.71,0.72,0.70,0.72,239500
1999/4/28,600063.sh,0.70,0.72,0.70,0.72,160300
1999/4/29,600063.sh,0.71,0.73,0.71,0.73,292400
1999/4/30,600063.sh,0.73,0.75,0.73,0.73,150900
1999/5/4,600063.sh,0.73,0.73,0.71,0.73,108300
1999/5/5,600063.sh,0.72,0.73,0.71,0.71,164700
1999/5/6,600063.sh,0.72,0.75,0.72,0.74,281300
1999/5/7,600063.sh,0.74,0.75,0.73,0.74,71900
1999/5/10,600063.sh,0.71,0.73,0.70,0.71,164300
1999/5/11,600063.sh,0.70,0.73,0.70,0.72,109800
1999/5/12,600063.sh,0.71,0.72,0.71,0.72,75600
1999/5/13,600063.sh,0.72,0.73,0.71,0.72,38400
1999/5/14,600063.sh,0.71,0.71,0.70,0.70,54300
1999/5/17,600063.sh,0.70,0.71,0.69,0.71,102300
1999/5/18,600063.sh,0.71,0.78,0.71,0.78,2678500
1999/5/19,600063.sh,0.79,0.81,0.77,0.80,2746600
1999/5/20,600063.sh,0.79,0.82,0.78,0.80,1471100
1999/5/21,600063.sh,0.80,0.83,0.79,0.80,1435200
1999/5/24,600063.sh,0.81,0.86,0.81,0.85,1941200
1999/5/25,600063.sh,0.86,0.86,0.81,0.83,1334600
1999/5/26,600063.sh,0.83,0.83,0.79,0.83,682600
1999/5/27,600063.sh,0.83,0.84,0.80,0.82,1118100
1999/5/28,600063.sh,0.82,0.83,0.79,0.82,1006700
1999/5/31,600063.sh,0.83,0.84,0.79,0.81,732300
1999/6/1,600063.sh,0.80,0.81,0.79,0.81,671900
1999/6/2,600063.sh,0.81,0.86,0.79,0.82,1248300
1999/6/3,600063.sh,0.82,0.82,0.79,0.81,495100
1999/6/4,600063.sh,0.81,0.83,0.78,0.82,861000
1999/6/7,600063.sh,0.82,0.83,0.79,0.82,747400
1999/6/8,600063.sh,0.82,0.90,0.82,0.87,2462800
1999/6/9,600063.sh,0.87,0.87,0.83,0.86,909100
1999/6/10,600063.sh,0.86,0.88,0.84,0.85,1235700
1999/6/11,600063.sh,0.87,0.92,0.86,0.90,2726600
1999/6/14,600063.sh,0.92,0.94,0.90,0.92,1863700
1999/6/15,600063.sh,0.94,0.94,0.84,0.86,1748400
1999/6/16,600063.sh,0.89,0.92,0.87,0.91,944000
1999/6/17,600063.sh,0.93,0.94,0.89,0.93,1655100
1999/6/18,600063.sh,0.92,0.98,0.91,0.97,3001100
1999/6/21,600063.sh,0.99,1.06,0.99,1.04,3450700
1999/6/22,600063.sh,1.05,1.05,0.99,1.03,1952000
1999/6/23,600063.sh,1.03,1.14,1.02,1.14,4474700
1999/6/24,600063.sh,1.14,1.23,1.13,1.22,5848000
1999/6/25,600063.sh,1.21,1.22,1.10,1.11,4224900
1999/6/28,600063.sh,1.11,1.16,1.08,1.16,2775300
1999/6/29,600063.sh,1.17,1.19,1.11,1.13,1845900
1999/6/30,600063.sh,1.15,1.16,1.09,1.11,1746000
1999/7/1,600063.sh,1.11,1.13,1.00,1.00,967400
1999/7/2,600063.sh,0.98,1.03,0.97,1.02,1503000
1999/7/5,600063.sh,1.02,1.03,0.95,0.99,866400
1999/7/6,600063.sh,0.98,0.98,0.94,0.96,635100
1999/7/7,600063.sh,0.95,1.00,0.95,1.00,624900
1999/7/8,600063.sh,0.99,1.04,0.99,1.01,714600
1999/7/9,600063.sh,1.00,1.00,0.97,1.00,655900
1999/7/12,600063.sh,0.99,1.00,0.95,0.97,616800
1999/7/13,600063.sh,0.96,0.97,0.90,0.94,700100
1999/7/14,600063.sh,0.93,0.96,0.91,0.96,511400
1999/7/15,600063.sh,0.95,0.95,0.93,0.94,314900
1999/7/16,600063.sh,0.93,0.93,0.89,0.91,505500
1999/7/19,600063.sh,0.89,0.89,0.87,0.88,396100
1999/7/20,600063.sh,0.87,0.94,0.86,0.94,475900
1999/7/21,600063.sh,0.93,0.95,0.89,0.93,1016100
1999/7/22,600063.sh,0.93,0.93,0.88,0.89,546300
1999/7/23,600063.sh,0.90,0.91,0.88,0.91,537200
1999/7/26,600063.sh,0.90,0.91,0.87,0.90,383200
1999/7/27,600063.sh,0.90,0.90,0.87,0.89,385000
1999/7/28,600063.sh,0.89,0.93,0.88,0.91,460300
1999/7/29,600063.sh,0.93,0.93,0.91,0.93,295800
1999/7/30,600063.sh,0.92,0.97,0.92,0.96,718500
1999/8/2,600063.sh,0.97,0.97,0.94,0.97,627800
1999/8/3,600063.sh,0.97,0.98,0.95,0.96,463200
1999/8/4,600063.sh,0.96,0.97,0.94,0.95,518500
1999/8/5,600063.sh,0.95,0.95,0.92,0.93,716600
1999/8/6,600063.sh,0.93,0.93,0.90,0.91,563600
1999/8/9,600063.sh,0.91,0.93,0.89,0.93,379200
1999/8/10,600063.sh,0.93,0.94,0.91,0.92,252800
1999/8/11,600063.sh,0.92,0.92,0.90,0.92,228000
1999/8/12,600063.sh,0.94,0.96,0.93,0.94,559800
1999/8/13,600063.sh,0.95,1.01,0.95,1.00,2425000
1999/8/16,600063.sh,1.01,1.02,0.99,1.01,1365100
1999/8/17,600063.sh,1.00,1.04,1.00,1.01,1493300
1999/8/18,600063.sh,1.02,1.02,0.98,1.00,880800
1999/8/19,600063.sh,1.00,1.04,0.98,1.02,2139200
1999/8/20,600063.sh,1.03,1.07,1.03,1.04,1859700
1999/8/23,600063.sh,1.04,1.07,1.04,1.05,934900
1999/8/24,600063.sh,1.06,1.07,1.03,1.05,938200
1999/8/25,600063.sh,1.05,1.05,1.00,1.01,858500
1999/8/26,600063.sh,1.01,1.02,0.99,1.02,480800
1999/8/27,600063.sh,1.01,1.02,1.00,1.01,392700
1999/8/30,600063.sh,1.00,1.02,1.00,1.01,433100
1999/8/31,600063.sh,1.02,1.02,1.00,1.02,218000
1999/9/1,600063.sh,1.02,1.04,1.01,1.03,706900
1999/9/2,600063.sh,1.02,1.03,1.00,1.03,432200
1999/9/3,600063.sh,1.03,1.04,0.99,1.02,465100
1999/9/6,600063.sh,1.01,1.01,0.98,0.99,370100
1999/9/7,600063.sh,0.98,1.00,0.98,0.99,196700
1999/9/8,600063.sh,0.99,1.01,0.99,1.00,83500
1999/9/9,600063.sh,1.01,1.09,1.01,1.08,3825100
1999/9/10,600063.sh,1.08,1.12,1.06,1.10,3632100
1999/9/13,600063.sh,1.10,1.10,1.10,1.10,INVALID
1999/9/14,600063.sh,1.13,1.14,1.09,1.09,1504700
1999/9/15,600063.sh,1.10,1.11,1.09,1.10,927400
1999/9/16,600063.sh,1.09,1.11,1.06,1.07,720600
1999/9/17,600063.sh,1.05,1.08,1.05,1.07,582600
1999/9/20,600063.sh,1.06,1.08,1.06,1.07,246600
1999/9/21,600063.sh,1.06,1.07,1.06,1.07,179800
1999/9/22,600063.sh,1.06,1.10,1.06,1.08,430000
1999/9/23,600063.sh,1.07,1.09,1.05,1.06,525100
1999/9/24,600063.sh,1.05,1.08,1.05,1.08,837300
1999/9/27,600063.sh,1.09,1.11,1.08,1.09,567700
1999/9/28,600063.sh,1.09,1.10,1.07,1.08,168700
1999/9/29,600063.sh,1.09,1.09,1.06,1.07,264477
1999/9/30,600063.sh,1.07,1.08,0.96,1.03,927800
1999/10/8,600063.sh,1.05,1.05,0.99,1.00,431100
1999/10/11,600063.sh,0.99,1.00,0.98,0.99,184100
1999/10/12,600063.sh,1.00,1.01,0.99,1.01,106100
1999/10/13,600063.sh,1.01,1.01,0.98,0.98,99100
1999/10/14,600063.sh,0.98,1.00,0.98,1.00,208800
1999/10/15,600063.sh,1.01,1.05,1.00,1.05,1701800
1999/10/18,600063.sh,1.05,1.05,0.99,1.01,231500
1999/10/19,600063.sh,0.99,1.01,0.99,1.00,195600
1999/10/20,600063.sh,1.01,1.01,0.99,1.01,336400
1999/10/21,600063.sh,1.00,1.02,0.99,0.99,252900
1999/10/22,600063.sh,0.99,1.03,0.98,1.01,721700
1999/10/25,600063.sh,1.01,1.02,0.99,1.00,150000
1999/10/26,600063.sh,0.99,1.01,0.99,1.00,187500
1999/10/27,600063.sh,1.02,1.04,1.02,1.04,1319900
1999/10/28,600063.sh,1.04,1.05,1.01,1.02,513500
1999/10/29,600063.sh,1.02,1.03,1.00,1.00,235500
1999/11/1,600063.sh,0.99,1.01,0.99,1.00,214100
1999/11/2,600063.sh,0.99,1.00,0.98,0.99,137100
1999/11/3,600063.sh,0.99,1.00,0.97,0.98,296800
1999/11/4,600063.sh,0.97,0.98,0.94,0.94,551300
1999/11/5,600063.sh,0.94,0.97,0.94,0.95,655800
1999/11/8,600063.sh,0.94,0.94,0.92,0.93,327300
1999/11/9,600063.sh,0.93,0.94,0.91,0.92,191200
1999/11/10,600063.sh,0.91,0.93,0.85,0.93,736600
1999/11/11,600063.sh,0.92,0.93,0.90,0.93,187500
1999/11/12,600063.sh,0.94,0.95,0.93,0.94,146100
1999/11/15,600063.sh,0.94,0.96,0.93,0.96,721500
1999/11/16,600063.sh,0.97,0.98,0.95,0.95,421000
1999/11/17,600063.sh,0.95,0.96,0.93,0.95,646100
1999/11/18,600063.sh,0.95,0.97,0.93,0.95,633500
1999/11/19,600063.sh,0.95,0.96,0.92,0.92,229500
1999/11/22,600063.sh,0.92,0.92,0.89,0.90,320800
1999/11/23,600063.sh,0.91,0.92,0.90,0.91,137300
1999/11/24,600063.sh,0.91,0.93,0.90,0.91,84800
1999/11/25,600063.sh,0.91,0.91,0.88,0.89,190700
1999/11/26,600063.sh,0.89,0.90,0.88,0.89,101400
1999/11/29,600063.sh,0.88,0.88,0.86,0.88,209500
1999/11/30,600063.sh,0.87,0.89,0.87,0.88,94900
1999/12/1,600063.sh,0.88,0.91,0.88,0.90,475400
1999/12/2,600063.sh,0.90,0.90,0.88,0.89,129500
1999/12/3,600063.sh,0.89,0.90,0.87,0.89,289600
1999/12/6,600063.sh,0.88,0.88,0.87,0.88,97200
1999/12/7,600063.sh,0.88,0.90,0.88,0.88,101900
1999/12/8,600063.sh,0.88,0.89,0.87,0.89,78600
1999/12/9,600063.sh,0.89,0.89,0.86,0.87,169000
1999/12/10,600063.sh,0.86,0.88,0.86,0.87,122452
1999/12/13,600063.sh,0.85,0.87,0.85,0.87,298600
1999/12/14,600063.sh,0.86,0.88,0.86,0.88,502600
1999/12/15,600063.sh,0.88,0.90,0.87,0.90,906700
1999/12/16,600063.sh,0.90,0.90,0.87,0.89,718200
1999/12/17,600063.sh,0.89,0.89,0.87,0.89,356000
1999/12/21,600063.sh,0.87,0.88,0.86,0.88,79600
1999/12/22,600063.sh,0.87,0.88,0.85,0.88,372300
1999/12/23,600063.sh,0.87,0.87,0.85,0.87,70554
1999/12/24,600063.sh,0.87,0.88,0.85,0.87,150400
1999/12/27,600063.sh,0.86,0.88,0.85,0.87,426700
1999/12/28,600063.sh,0.86,0.88,0.86,0.88,595600
1999/12/29,600063.sh,0.88,0.91,0.88,0.91,1304400
1999/12/30,600063.sh,0.91,0.92,0.91,0.92,1449700
2000/1/4,600063.sh,0.92,0.97,0.92,0.96,1961300
2000/1/5,600063.sh,0.96,1.00,0.95,0.96,2256800
2000/1/6,600063.sh,0.96,1.00,0.95,1.00,1834600
2000/1/7,600063.sh,1.00,1.10,1.00,1.06,6607700
2000/1/10,600063.sh,1.06,1.07,1.01,1.06,3669400
2000/1/11,600063.sh,1.05,1.05,0.97,1.00,1920300
2000/1/12,600063.sh,0.99,1.01,0.94,0.95,1347000
2000/1/13,600063.sh,0.95,0.99,0.94,0.97,1355500
2000/1/14,600063.sh,0.98,0.98,0.94,0.95,585100
2000/1/17,600063.sh,0.95,0.98,0.93,0.98,640800
2000/1/18,600063.sh,0.98,1.00,0.97,0.98,964000
2000/1/19,600063.sh,0.98,1.02,0.98,1.01,1386800
2000/1/20,600063.sh,1.01,1.05,1.00,1.05,1878400
2000/1/21,600063.sh,1.04,1.05,1.01,1.01,1505200
2000/1/24,600063.sh,1.00,1.04,0.98,1.04,3143100
2000/1/25,600063.sh,1.05,1.05,0.99,1.01,1037900
2000/1/26,600063.sh,1.00,1.02,1.00,1.00,518800
2000/1/27,600063.sh,1.03,1.10,1.01,1.08,5115400
2000/1/28,600063.sh,1.10,1.11,1.07,1.08,4058700
2000/2/14,600063.sh,1.10,1.17,1.10,1.17,8319700
2000/2/15,600063.sh,1.18,1.26,1.12,1.15,8281100
2000/2/16,600063.sh,1.15,1.18,1.10,1.14,4707000
2000/2/17,600063.sh,1.15,1.18,1.03,1.04,4691300
2000/2/18,600063.sh,1.03,1.08,0.99,1.07,3331000
2000/2/21,600063.sh,1.07,1.12,1.01,1.09,3949400
2000/2/22,600063.sh,1.10,1.11,1.03,1.03,1532700
2000/2/23,600063.sh,1.02,1.03,1.00,1.00,1304200
2000/2/24,600063.sh,1.01,1.02,1.00,1.02,817700
2000/2/25,600063.sh,1.09,1.12,1.07,1.12,8390200
2000/2/28,600063.sh,1.18,1.24,1.13,1.20,21774000
2000/2/29,600063.sh,1.20,1.22,1.13,1.17,8025300
2000/3/1,600063.sh,1.17,1.21,1.14,1.20,7463800
2000/3/2,600063.sh,1.20,1.21,1.15,1.18,3637600
2000/3/3,600063.sh,1.18,1.20,1.15,1.17,4294400
2000/3/6,600063.sh,1.17,1.18,1.09,1.10,3890000
2000/3/7,600063.sh,1.09,1.11,1.07,1.11,3864200
2000/3/8,600063.sh,1.11,1.12,1.08,1.12,1654600
2000/3/9,600063.sh,1.12,1.12,1.09,1.10,1398100
2000/3/10,600063.sh,1.10,1.10,1.06,1.06,1465100
2000/3/13,600063.sh,1.06,1.08,1.05,1.08,1487900
2000/3/14,600063.sh,1.07,1.07,1.02,1.04,1694500
2000/3/15,600063.sh,1.05,1.10,1.05,1.07,1061400
2000/3/16,600063.sh,1.05,1.05,1.02,1.02,670200
2000/3/17,600063.sh,1.02,1.06,1.02,1.06,857400
2000/3/20,600063.sh,1.05,1.10,1.03,1.10,2522500
2000/3/21,600063.sh,1.10,1.11,1.08,1.09,1338100
2000/3/22,600063.sh,1.09,1.11,1.07,1.09,1385400
2000/3/23,600063.sh,1.09,1.12,1.08,1.11,2142700
2000/3/24,600063.sh,1.13,1.15,1.10,1.10,3070400
2000/3/27,600063.sh,1.11,1.14,1.11,1.14,2570100
2000/3/28,600063.sh,1.15,1.16,1.13,1.14,2416200
2000/3/29,600063.sh,1.15,1.16,1.11,1.12,2301100
2000/3/30,600063.sh,1.13,1.14,1.12,1.14,1875100
2000/3/31,600063.sh,1.14,1.14,1.10,1.11,1855300
2000/4/3,600063.sh,1.12,1.14,1.12,1.12,1459500
2000/4/4,600063.sh,1.12,1.13,1.08,1.08,1209800
2000/4/5,600063.sh,1.08,1.09,1.07,1.08,1084800
2000/4/6,600063.sh,1.09,1.11,1.09,1.11,1100800
2000/4/7,600063.sh,1.12,1.15,1.12,1.14,2484200
2000/4/10,600063.sh,1.15,1.15,1.13,1.13,2201900
2000/4/11,600063.sh,1.13,1.16,1.12,1.16,2713000
2000/4/12,600063.sh,1.17,1.17,1.13,1.13,2140100
2000/4/13,600063.sh,1.13,1.14,1.13,1.14,2087000
2000/4/14,600063.sh,1.14,1.14,1.13,1.13,1307900
2000/4/17,600063.sh,1.13,1.17,1.13,1.16,4496500
2000/4/18,600063.sh,1.16,1.16,1.16,1.16,INVALID
2000/4/19,600063.sh,1.16,1.18,1.14,1.15,1920800
2000/4/20,600063.sh,1.15,1.22,1.15,1.20,6276400
2000/4/21,600063.sh,1.20,1.21,1.17,1.17,3949700
2000/4/24,600063.sh,1.17,1.21,1.17,1.19,2800700
2000/4/25,600063.sh,1.20,1.21,1.16,1.17,1507300
2000/4/26,600063.sh,1.17,1.20,1.16,1.16,1155200
2000/4/27,600063.sh,1.17,1.17,1.13,1.13,1519300
2000/4/28,600063.sh,1.13,1.16,1.13,1.16,1223700
2000/5/8,600063.sh,1.16,1.18,1.14,1.14,865100
2000/5/9,600063.sh,1.15,1.15,1.12,1.13,1049900
2000/5/10,600063.sh,1.13,1.13,1.08,1.08,877300
2000/5/11,600063.sh,1.08,1.10,1.05,1.05,769700
2000/5/12,600063.sh,1.06,1.07,1.04,1.04,872200
2000/5/15,600063.sh,1.05,1.06,1.03,1.04,525600
2000/5/16,600063.sh,1.04,1.05,1.04,1.05,396200
2000/5/17,600063.sh,1.06,1.06,1.04,1.04,352000
2000/5/18,600063.sh,1.04,1.07,1.04,1.06,433600
2000/5/19,600063.sh,1.07,1.07,1.05,1.07,670600
2000/5/22,600063.sh,1.08,1.11,1.07,1.10,1056200
2000/5/23,600063.sh,1.10,1.11,1.08,1.09,817600
2000/5/24,600063.sh,1.10,1.11,1.08,1.10,879500
2000/5/25,600063.sh,1.11,1.16,1.11,1.15,1848300
2000/5/26,600063.sh,1.15,1.16,1.12,1.13,1390100
2000/5/29,600063.sh,1.14,1.17,1.12,1.15,3193200
2000/5/30,600063.sh,1.19,1.19,1.15,1.15,1234200
2000/5/31,600063.sh,1.15,1.16,1.14,1.16,772300
2000/6/1,600063.sh,1.17,1.18,1.15,1.16,770500
2000/6/2,600063.sh,1.17,1.17,1.15,1.17,983200
2000/6/5,600063.sh,1.18,1.23,1.17,1.19,2637200
2000/6/6,600063.sh,1.20,1.22,1.20,1.22,2215900
2000/6/7,600063.sh,1.23,1.24,1.21,1.22,1955500
2000/6/8,600063.sh,1.22,1.23,1.20,1.20,1368700
2000/6/9,600063.sh,1.20,1.21,1.17,1.17,1224100
2000/6/12,600063.sh,1.17,1.17,1.15,1.17,912300
2000/6/13,600063.sh,1.17,1.22,1.17,1.20,824000
2000/6/14,600063.sh,1.20,1.21,1.19,1.19,810800
2000/6/15,600063.sh,1.19,1.20,1.18,1.20,714900
2000/6/16,600063.sh,1.20,1.24,1.20,1.22,2779600
2000/6/19,600063.sh,1.22,1.27,1.22,1.25,3600200
2000/6/20,600063.sh,1.25,1.26,1.21,1.22,1300200
2000/6/21,600063.sh,1.24,1.26,1.23,1.24,942200
2000/6/22,600063.sh,1.25,1.25,1.22,1.22,1207900
2000/6/23,600063.sh,1.22,1.25,1.22,1.23,1175500
2000/6/26,600063.sh,1.24,1.26,1.23,1.25,2014500
2000/6/27,600063.sh,1.26,1.26,1.24,1.25,1104900
2000/6/28,600063.sh,1.26,1.26,1.24,1.24,1561900
2000/6/29,600063.sh,1.24,1.25,1.21,1.22,1768400
2000/6/30,600063.sh,1.20,1.24,1.20,1.21,1755800
2000/7/3,600063.sh,1.20,1.21,1.18,1.18,1364700
2000/7/4,600063.sh,1.17,1.19,1.17,1.18,863200
2000/7/5,600063.sh,1.18,1.20,1.18,1.18,893100
2000/7/6,600063.sh,1.18,1.20,1.17,1.19,672500
2000/7/7,600063.sh,1.20,1.21,1.19,1.21,975300
2000/7/10,600063.sh,1.21,1.22,1.20,1.22,1395900
2000/7/11,600063.sh,1.22,1.24,1.22,1.23,1959300
2000/7/12,600063.sh,1.24,1.24,1.22,1.23,1307200
2000/7/13,600063.sh,1.23,1.25,1.21,1.24,2257700
2000/7/14,600063.sh,1.25,1.30,1.24,1.26,5531200
2000/7/17,600063.sh,1.27,1.30,1.26,1.27,4568900
2000/7/18,600063.sh,1.27,1.29,1.26,1.28,2006400
2000/7/19,600063.sh,1.29,1.29,1.25,1.26,1741900
2000/7/20,600063.sh,1.26,1.26,1.23,1.24,1409800
2000/7/21,600063.sh,1.24,1.24,1.24,1.24,INVALID
2000/7/24,600063.sh,1.24,1.28,1.24,1.26,1889900
2000/7/25,600063.sh,1.27,1.28,1.24,1.25,1141500
2000/7/26,600063.sh,1.24,1.26,1.24,1.25,1413700
2000/7/27,600063.sh,1.25,1.26,1.24,1.24,1479400
2000/7/28,600063.sh,1.24,1.27,1.24,1.26,2571500
2000/7/31,600063.sh,1.27,1.28,1.26,1.28,2520400
2000/8/1,600063.sh,1.28,1.29,1.27,1.27,1658800
2000/8/2,600063.sh,1.27,1.33,1.27,1.32,5286400
2000/8/3,600063.sh,1.32,1.33,1.30,1.32,3653000
2000/8/4,600063.sh,1.32,1.36,1.30,1.31,5124800
2000/8/7,600063.sh,1.31,1.33,1.29,1.33,2553300
2000/8/8,600063.sh,1.34,1.35,1.31,1.31,2417200
2000/8/9,600063.sh,1.33,1.33,1.31,1.31,1951600
2000/8/10,600063.sh,1.31,1.32,1.30,1.30,2773300
2000/8/11,600063.sh,1.30,1.42,1.30,1.37,8407900
2000/8/14,600063.sh,1.38,1.39,1.36,1.37,2991300
2000/8/15,600063.sh,1.37,1.40,1.36,1.37,2395900
2000/8/16,600063.sh,1.38,1.42,1.37,1.41,3832800
2000/8/17,600063.sh,1.41,1.42,1.39,1.39,1573900
2000/8/18,600063.sh,1.39,1.41,1.37,1.38,1776300
2000/8/21,600063.sh,1.38,1.42,1.38,1.39,2076500
2000/8/22,600063.sh,1.40,1.42,1.32,1.33,2538200
2000/8/23,600063.sh,1.33,1.41,1.31,1.38,7929700
2000/8/24,600063.sh,1.38,1.39,1.33,1.36,3419400
2000/8/25,600063.sh,1.36,1.38,1.35,1.37,1453100
2000/8/28,600063.sh,1.38,1.41,1.37,1.40,2790300
2000/8/29,600063.sh,1.41,1.44,1.40,1.43,4220600
2000/8/30,600063.sh,1.43,1.44,1.37,1.38,2612500
2000/8/31,600063.sh,1.37,1.39,1.33,1.34,2659600
2000/9/1,600063.sh,1.32,1.35,1.32,1.32,2224400
2000/9/4,600063.sh,1.32,1.34,1.28,1.32,1981600
2000/9/5,600063.sh,1.33,1.34,1.27,1.28,1549700
2000/9/6,600063.sh,1.28,1.31,1.26,1.28,2081574
2000/9/7,600063.sh,1.29,1.32,1.29,1.29,1511900
2000/9/8,600063.sh,1.30,1.31,1.27,1.29,800400
2000/9/11,600063.sh,1.29,1.31,1.29,1.30,708100
2000/9/12,600063.sh,1.30,1.34,1.30,1.33,1628100
2000/9/13,600063.sh,1.35,1.41,1.34,1.37,5141800
2000/9/14,600063.sh,1.38,1.39,1.35,1.35,2545100
2000/9/15,600063.sh,1.36,1.39,1.35,1.38,2140200
2000/9/18,600063.sh,1.40,1.40,1.32,1.33,1417400
2000/9/19,600063.sh,1.32,1.32,1.27,1.29,1594900
2000/9/20,600063.sh,1.30,1.31,1.27,1.31,972600
2000/9/21,600063.sh,1.31,1.31,1.27,1.28,692800
2000/9/22,600063.sh,1.28,1.29,1.26,1.27,717500
2000/9/25,600063.sh,1.27,1.28,1.23,1.23,754400
2000/9/26,600063.sh,1.23,1.25,1.23,1.24,450100
2000/9/27,600063.sh,1.25,1.27,1.25,1.27,359800
2000/9/28,600063.sh,1.27,1.27,1.23,1.23,514200
2000/9/29,600063.sh,1.23,1.25,1.23,1.24,396800
2000/10/9,600063.sh,1.25,1.27,1.24,1.27,377800
2000/10/10,600063.sh,1.27,1.28,1.26,1.27,575500
2000/10/11,600063.sh,1.28,1.28,1.24,1.25,688000
2000/10/12,600063.sh,1.25,1.25,1.22,1.24,1144600
2000/10/13,600063.sh,1.24,1.26,1.23,1.24,466900
2000/10/16,600063.sh,1.24,1.28,1.24,1.25,826100
2000/10/17,600063.sh,1.26,1.27,1.24,1.26,361100
2000/10/18,600063.sh,1.26,1.27,1.25,1.27,566200
2000/10/19,600063.sh,1.27,1.28,1.24,1.24,422500
2000/10/20,600063.sh,1.24,1.31,1.24,1.31,2090400
2000/10/23,600063.sh,1.31,1.31,1.28,1.30,1188600
2000/10/24,600063.sh,1.29,1.31,1.27,1.29,563900
2000/10/25,600063.sh,1.29,1.31,1.29,1.29,851000
2000/10/26,600063.sh,1.29,1.33,1.27,1.31,1656600
2000/10/27,600063.sh,1.31,1.37,1.30,1.36,3648500
2000/10/30,600063.sh,1.39,1.44,1.38,1.40,12083500
2000/10/31,600063.sh,1.40,1.42,1.38,1.41,3809100
2000/11/1,600063.sh,1.40,1.42,1.39,1.41,2026200
2000/11/2,600063.sh,1.41,1.44,1.39,1.40,3668500
2000/11/3,600063.sh,1.40,1.41,1.37,1.37,2044800
2000/11/6,600063.sh,1.37,1.40,1.37,1.39,1240300
2000/11/7,600063.sh,1.39,1.40,1.38,1.39,961900
2000/11/8,600063.sh,1.39,1.39,1.37,1.39,1096000
2000/11/9,600063.sh,1.39,1.44,1.39,1.41,2437600
2000/11/10,600063.sh,1.42,1.43,1.39,1.41,2844800
2000/11/13,600063.sh,1.42,1.56,1.41,1.56,12784400
2000/11/14,600063.sh,1.56,1.58,1.51,1.55,8224300
2000/11/15,600063.sh,1.57,1.57,1.50,1.52,3919000
2000/11/16,600063.sh,1.53,1.56,1.52,1.54,3248500
2000/11/17,600063.sh,1.54,1.54,1.48,1.49,2827100
2000/11/20,600063.sh,1.50,1.53,1.48,1.52,1991287
2000/11/21,600063.sh,1.52,1.54,1.49,1.50,1680189
2000/11/22,600063.sh,1.50,1.54,1.49,1.54,1808252
2000/11/23,600063.sh,1.54,1.55,1.51,1.52,1988308
2000/11/24,600063.sh,1.53,1.53,1.42,1.42,4801951
2000/11/27,600063.sh,1.40,1.43,1.38,1.40,2553526
2000/11/28,600063.sh,1.40,1.43,1.40,1.42,1468940
2000/11/29,600063.sh,1.42,1.43,1.38,1.39,1749656
2000/11/30,600063.sh,1.39,1.41,1.38,1.41,1108992
2000/12/1,600063.sh,1.41,1.42,1.39,1.40,1000586
2000/12/4,600063.sh,1.40,1.45,1.40,1.45,1526240
2000/12/5,600063.sh,1.45,1.45,1.42,1.42,981437
2000/12/6,600063.sh,1.42,1.42,1.39,1.40,998000
2000/12/7,600063.sh,1.39,1.42,1.39,1.40,856770
2000/12/8,600063.sh,1.40,1.42,1.39,1.40,684724
2000/12/11,600063.sh,1.40,1.41,1.35,1.36,1306100
2000/12/12,600063.sh,1.36,1.37,1.35,1.37,763597
2000/12/13,600063.sh,1.37,1.37,1.35,1.36,764040
2000/12/14,600063.sh,1.36,1.38,1.35,1.36,590890
2000/12/15,600063.sh,1.36,1.40,1.36,1.37,643194
2000/12/18,600063.sh,1.37,1.41,1.37,1.41,643141
2000/12/19,600063.sh,1.41,1.43,1.39,1.41,991247
2000/12/20,600063.sh,1.41,1.45,1.40,1.44,1552000
2000/12/21,600063.sh,1.46,1.47,1.43,1.43,1629765
2000/12/22,600063.sh,1.43,1.44,1.42,1.43,882374
2000/12/25,600063.sh,1.43,1.45,1.43,1.44,834605
2000/12/26,600063.sh,1.44,1.47,1.44,1.46,871161
2000/12/27,600063.sh,1.47,1.47,1.42,1.43,863713
2000/12/28,600063.sh,1.43,1.44,1.42,1.42,588000
2000/12/29,600063.sh,1.42,1.44,1.42,1.43,463841
2001/1/2,600063.sh,1.44,1.49,1.44,1.48,1662700
2001/1/3,600063.sh,1.48,1.53,1.48,1.50,2212483
2001/1/4,600063.sh,1.50,1.51,1.48,1.48,1288088
2001/1/5,600063.sh,1.48,1.51,1.48,1.51,1190033
2001/1/8,600063.sh,1.51,1.53,1.47,1.49,1427456
2001/1/9,600063.sh,1.49,1.50,1.46,1.47,997883
2001/1/10,600063.sh,1.48,1.51,1.47,1.51,1117594
2001/1/11,600063.sh,1.51,1.52,1.49,1.49,1187263
2001/1/12,600063.sh,1.49,1.49,1.46,1.47,1005833
2001/1/15,600063.sh,1.46,1.46,1.40,1.40,1328032
2001/1/16,600063.sh,1.40,1.42,1.39,1.42,928748
2001/1/17,600063.sh,1.41,1.42,1.40,1.41,531922
2001/1/18,600063.sh,1.41,1.42,1.41,1.41,559223
2001/1/19,600063.sh,1.42,1.42,1.41,1.42,624062
2001/2/5,600063.sh,1.42,1.43,1.40,1.40,589415
2001/2/6,600063.sh,1.39,1.39,1.35,1.37,559886
2001/2/7,600063.sh,1.38,1.39,1.36,1.38,323668
2001/2/8,600063.sh,1.37,1.39,1.35,1.35,397100
2001/2/9,600063.sh,1.35,1.38,1.35,1.36,444173
2001/2/12,600063.sh,1.36,1.36,1.32,1.35,634468
2001/2/13,600063.sh,1.35,1.36,1.35,1.35,290099
2001/2/14,600063.sh,1.35,1.37,1.35,1.36,215517
2001/2/15,600063.sh,1.36,1.37,1.34,1.34,186732
2001/2/16,600063.sh,1.34,1.34,1.30,1.33,578504
2001/2/19,600063.sh,1.33,1.35,1.32,1.35,292982
2001/2/20,600063.sh,1.36,1.37,1.33,1.34,384079
2001/2/21,600063.sh,1.34,1.34,1.29,1.30,664155
2001/2/22,600063.sh,1.29,1.32,1.28,1.30,383282
2001/2/23,600063.sh,1.30,1.32,1.29,1.32,412227
2001/2/26,600063.sh,1.32,1.34,1.32,1.34,455051
2001/2/27,600063.sh,1.35,1.35,1.32,1.34,289192
2001/2/28,600063.sh,1.34,1.34,1.33,1.33,219165
2001/3/1,600063.sh,1.33,1.34,1.33,1.34,231032
2001/3/2,600063.sh,1.34,1.35,1.34,1.35,527316
2001/3/5,600063.sh,1.36,1.36,1.34,1.34,330405
2001/3/6,600063.sh,1.34,1.34,1.33,1.33,375428
2001/3/7,600063.sh,1.33,1.34,1.33,1.34,302225
2001/3/8,600063.sh,1.34,1.35,1.34,1.34,430011
2001/3/9,600063.sh,1.34,1.37,1.34,1.36,480973
2001/3/12,600063.sh,1.36,1.36,1.35,1.35,334307
2001/3/13,600063.sh,1.35,1.36,1.33,1.35,388974
2001/3/14,600063.sh,1.34,1.37,1.34,1.37,511182
2001/3/15,600063.sh,1.38,1.39,1.37,1.39,826452
2001/3/16,600063.sh,1.39,1.41,1.38,1.41,835101
2001/3/19,600063.sh,1.40,1.41,1.38,1.41,580098
2001/3/20,600063.sh,1.42,1.42,1.40,1.41,639738
2001/3/21,600063.sh,1.41,1.42,1.40,1.41,704044
2001/3/22,600063.sh,1.42,1.44,1.41,1.43,1226881
2001/3/23,600063.sh,1.43,1.44,1.42,1.42,1439966
2001/3/26,600063.sh,1.46,1.49,1.46,1.49,4536380
2001/3/27,600063.sh,1.50,1.51,1.49,1.50,3542851
2001/3/28,600063.sh,1.50,1.51,1.48,1.49,1938789
2001/3/29,600063.sh,1.49,1.50,1.48,1.48,1460474
2001/3/30,600063.sh,1.48,1.50,1.46,1.50,1324003
2001/4/2,600063.sh,1.50,1.50,1.48,1.49,933123
2001/4/3,600063.sh,1.49,1.49,1.49,1.49,INVALID
2001/4/4,600063.sh,1.49,1.49,1.43,1.43,1015874
2001/4/5,600063.sh,1.43,1.45,1.42,1.45,986692
2001/4/6,600063.sh,1.45,1.46,1.43,1.44,851820
2001/4/9,600063.sh,1.44,1.45,1.42,1.43,785002
2001/4/10,600063.sh,1.43,1.46,1.43,1.45,664228
2001/4/11,600063.sh,1.45,1.46,1.43,1.45,699174
2001/4/12,600063.sh,1.45,1.47,1.44,1.46,1026726
2001/4/13,600063.sh,1.46,1.47,1.45,1.46,673264
2001/4/16,600063.sh,1.46,1.49,1.46,1.48,1319982
2001/4/17,600063.sh,1.48,1.48,1.48,1.48,INVALID
2001/4/18,600063.sh,1.49,1.50,1.44,1.45,793037
2001/4/19,600063.sh,1.45,1.45,1.43,1.44,1090685
2001/4/20,600063.sh,1.45,1.54,1.45,1.49,4607468
2001/4/23,600063.sh,1.50,1.56,1.50,1.56,5698263
2001/4/24,600063.sh,1.56,1.57,1.53,1.54,3246851
2001/4/25,600063.sh,1.54,1.55,1.48,1.49,2489236
2001/4/26,600063.sh,1.49,1.50,1.47,1.47,1353643
2001/4/27,600063.sh,1.46,1.56,1.46,1.51,1597756
2001/4/30,600063.sh,1.52,1.53,1.49,1.49,784981
2001/5/8,600063.sh,1.50,1.50,1.49,1.50,629232
2001/5/9,600063.sh,1.49,1.53,1.49,1.52,901100
2001/5/10,600063.sh,1.52,1.55,1.50,1.55,1852594
2001/5/11,600063.sh,1.55,1.55,1.53,1.54,1213067
2001/5/14,600063.sh,1.54,1.59,1.53,1.58,4455054
2001/5/15,600063.sh,1.58,1.59,1.56,1.57,2626097
2001/5/16,600063.sh,1.57,1.62,1.56,1.60,3632991
2001/5/17,600063.sh,1.61,1.62,1.58,1.59,2328495
2001/5/18,600063.sh,1.59,1.60,1.56,1.59,1864299
2001/5/21,600063.sh,1.59,1.66,1.57,1.65,4314642
2001/5/22,600063.sh,1.65,1.66,1.62,1.65,2075277
2001/5/23,600063.sh,1.63,1.65,1.59,1.61,2363934
2001/5/24,600063.sh,1.61,1.64,1.60,1.62,1773062
2001/5/25,600063.sh,1.61,1.63,1.59,1.59,1726038
2001/5/28,600063.sh,1.59,1.63,1.57,1.59,1628512
2001/5/29,600063.sh,1.59,1.59,1.56,1.57,1491831
2001/5/30,600063.sh,1.57,1.62,1.57,1.62,1242738
2001/5/31,600063.sh,1.62,1.63,1.60,1.61,1035296
2001/6/1,600063.sh,1.61,1.64,1.61,1.62,1238883
2001/6/4,600063.sh,1.62,1.66,1.62,1.65,1557306
2001/6/5,600063.sh,1.65,1.65,1.61,1.62,1664917
2001/6/6,600063.sh,1.62,1.63,1.58,1.61,1701749
2001/6/7,600063.sh,1.61,1.65,1.59,1.63,2160144
2001/6/8,600063.sh,1.64,1.64,1.59,1.60,1194251
2001/6/11,600063.sh,1.61,1.62,1.59,1.60,1355434
2001/6/12,600063.sh,1.59,1.62,1.59,1.61,662144
2001/6/13,600063.sh,1.62,1.65,1.62,1.64,784585
2001/6/14,600063.sh,1.64,1.64,1.58,1.58,1598020
2001/6/15,600063.sh,1.58,1.59,1.56,1.58,1699182
2001/6/18,600063.sh,1.58,1.58,1.51,1.52,2034655
2001/6/19,600063.sh,1.52,1.53,1.51,1.52,828027
2001/6/20,600063.sh,1.53,1.53,1.50,1.51,534604
2001/6/21,600063.sh,1.51,1.53,1.51,1.53,557512
2001/6/22,600063.sh,1.54,1.54,1.52,1.54,605456
2001/6/25,600063.sh,1.54,1.57,1.54,1.57,610413
2001/6/26,600063.sh,1.56,1.57,1.54,1.55,743779
2001/6/27,600063.sh,1.55,1.61,1.55,1.61,1746162
2001/6/28,600063.sh,1.63,1.63,1.58,1.59,1334280
2001/6/29,600063.sh,1.59,1.60,1.58,1.59,573172
2001/7/2,600063.sh,1.59,1.60,1.56,1.56,598675
2001/7/3,600063.sh,1.56,1.58,1.55,1.57,396806
2001/7/4,600063.sh,1.57,1.58,1.55,1.56,270745
2001/7/5,600063.sh,1.56,1.56,1.53,1.53,519100
2001/7/6,600063.sh,1.51,1.51,1.41,1.44,2114431
2001/7/9,600063.sh,1.43,1.46,1.42,1.45,866138
2001/7/10,600063.sh,1.46,1.47,1.46,1.47,508960
2001/7/11,600063.sh,1.47,1.48,1.45,1.45,588653
2001/7/12,600063.sh,1.45,1.45,1.42,1.44,505384
2001/7/13,600063.sh,1.44,1.45,1.44,1.44,411948
2001/7/16,600063.sh,1.45,1.46,1.41,1.42,533536
2001/7/17,600063.sh,1.42,1.44,1.42,1.44,342416
2001/7/18,600063.sh,1.45,1.46,1.43,1.44,197250
2001/7/19,600063.sh,1.45,1.45,1.43,1.44,285695
2001/7/20,600063.sh,1.46,1.46,1.44,1.46,488381
2001/7/23,600063.sh,1.45,1.46,1.45,1.45,420270
2001/7/24,600063.sh,1.44,1.44,1.42,1.42,578500
2001/7/25,600063.sh,1.42,1.43,1.41,1.41,443691
2001/7/26,600063.sh,1.41,1.41,1.36,1.37,655492
2001/7/27,600063.sh,1.39,1.40,1.37,1.39,309982
2001/7/30,600063.sh,1.39,1.39,1.30,1.30,951374
2001/7/31,600063.sh,1.17,1.31,1.17,1.22,948130
2001/8/1,600063.sh,1.23,1.29,1.23,1.29,697930
2001/8/2,600063.sh,1.29,1.30,1.23,1.27,591899
2001/8/3,600063.sh,1.27,1.29,1.27,1.28,316532
2001/8/6,600063.sh,1.28,1.28,1.28,1.28,INVALID
2001/8/7,600063.sh,1.19,1.27,1.18,1.25,643873
2001/8/8,600063.sh,1.23,1.26,1.23,1.24,256767
2001/8/9,600063.sh,1.23,1.26,1.23,1.26,204504
2001/8/10,600063.sh,1.26,1.31,1.26,1.31,511939
2001/8/13,600063.sh,1.31,1.32,1.29,1.30,292028
2001/8/14,600063.sh,1.32,1.32,1.28,1.30,347189
2001/8/15,600063.sh,1.30,1.30,1.28,1.30,174211
2001/8/16,600063.sh,1.31,1.31,1.28,1.30,174500
2001/8/17,600063.sh,1.29,1.29,1.28,1.29,114602
2001/8/20,600063.sh,1.27,1.32,1.26,1.31,179294
2001/8/21,600063.sh,1.31,1.31,1.30,1.30,171600
2001/8/22,600063.sh,1.30,1.30,1.26,1.28,273733
2001/8/23,600063.sh,1.25,1.28,1.24,1.28,211849
2001/8/24,600063.sh,1.28,1.28,1.25,1.25,102895
2001/8/27,600063.sh,1.23,1.25,1.20,1.25,497404
2001/8/28,600063.sh,1.24,1.25,1.22,1.25,224397
2001/8/29,600063.sh,1.25,1.27,1.24,1.26,220413
2001/8/30,600063.sh,1.26,1.26,1.23,1.25,103519
2001/8/31,600063.sh,1.25,1.25,1.23,1.24,79722
2001/9/3,600063.sh,1.24,1.24,1.21,1.24,197596
2001/9/4,600063.sh,1.23,1.27,1.23,1.26,202984
2001/9/5,600063.sh,1.27,1.30,1.22,1.28,347834
2001/9/6,600063.sh,1.28,1.30,1.28,1.29,543452
2001/9/7,600063.sh,1.31,1.31,1.24,1.24,277600
2001/9/10,600063.sh,1.22,1.30,1.22,1.30,501074
2001/9/11,600063.sh,1.30,1.32,1.28,1.32,840597
2001/9/12,600063.sh,1.28,1.31,1.25,1.30,586261
2001/9/13,600063.sh,1.30,1.32,1.28,1.29,276740
2001/9/14,600063.sh,1.29,1.31,1.26,1.28,269106
2001/9/17,600063.sh,1.27,1.28,1.24,1.27,304196
2001/9/18,600063.sh,1.26,1.30,1.26,1.28,145436
2001/9/19,600063.sh,1.28,1.30,1.25,1.29,160628
2001/9/20,600063.sh,1.29,1.31,1.29,1.29,259887
2001/9/21,600063.sh,1.29,1.29,1.25,1.28,190087
2001/9/24,600063.sh,1.26,1.27,1.25,1.27,133344
2001/9/25,600063.sh,1.27,1.28,1.25,1.27,90149
2001/9/26,600063.sh,1.27,1.27,1.24,1.26,192577
2001/9/27,600063.sh,1.25,1.26,1.24,1.26,181989
2001/9/28,600063.sh,1.26,1.26,1.23,1.25,298542
2001/10/8,600063.sh,1.25,1.25,1.21,1.23,300585
2001/10/9,600063.sh,1.22,1.23,1.21,1.23,115640
2001/10/10,600063.sh,1.22,1.22,1.15,1.19,484529
2001/10/11,600063.sh,1.18,1.18,1.13,1.15,298087
2001/10/12,600063.sh,1.13,1.19,1.11,1.17,380741
2001/10/15,600063.sh,1.17,1.18,1.13,1.15,187877
2001/10/16,600063.sh,1.17,1.17,1.12,1.13,111158
2001/10/17,600063.sh,1.12,1.13,1.09,1.12,202274
2001/10/18,600063.sh,1.11,1.11,1.06,1.07,327045
2001/10/19,600063.sh,1.06,1.06,0.97,0.99,942093
2001/10/22,600063.sh,0.97,0.99,0.95,0.96,387716
2001/10/23,600063.sh,1.05,1.05,1.05,1.05,766566
2001/10/24,600063.sh,1.13,1.15,1.11,1.14,1507502
2001/10/25,600063.sh,1.14,1.14,1.10,1.10,600010
2001/10/26,600063.sh,1.09,1.10,1.07,1.09,512789
2001/10/29,600063.sh,1.12,1.13,1.11,1.12,409264
2001/10/30,600063.sh,1.12,1.12,1.11,1.11,179113
2001/10/31,600063.sh,1.10,1.14,1.08,1.14,341667
2001/11/1,600063.sh,1.14,1.14,1.12,1.13,360200
2001/11/2,600063.sh,1.12,1.12,1.10,1.11,293635
2001/11/5,600063.sh,1.11,1.11,1.08,1.09,238773
2001/11/6,600063.sh,1.10,1.10,1.09,1.09,103113
2001/11/7,600063.sh,1.08,1.09,1.02,1.02,328250
2001/11/8,600063.sh,1.00,1.05,0.98,1.03,247650
2001/11/9,600063.sh,1.03,1.05,1.01,1.05,181260
2001/11/12,600063.sh,1.05,1.06,1.02,1.04,136201
2001/11/13,600063.sh,1.03,1.04,1.02,1.04,78950
2001/11/14,600063.sh,1.03,1.05,1.03,1.04,106146
2001/11/15,600063.sh,1.05,1.05,1.02,1.03,92900
2001/11/16,600063.sh,1.13,1.13,1.06,1.07,605527
2001/11/19,600063.sh,1.07,1.10,1.06,1.10,226684
2001/11/20,600063.sh,1.10,1.13,1.09,1.12,574833
2001/11/21,600063.sh,1.12,1.13,1.11,1.11,330250
2001/11/22,600063.sh,1.11,1.13,1.11,1.13,486937
2001/11/23,600063.sh,1.13,1.13,1.11,1.13,298731
2001/11/26,600063.sh,1.12,1.13,1.11,1.11,141931
2001/11/27,600063.sh,1.12,1.13,1.11,1.12,147494
2001/11/28,600063.sh,1.13,1.16,1.12,1.14,559450
2001/11/29,600063.sh,1.14,1.15,1.14,1.15,454302
2001/11/30,600063.sh,1.15,1.17,1.15,1.16,384188
2001/12/3,600063.sh,1.16,1.18,1.16,1.17,448045
2001/12/4,600063.sh,1.17,1.18,1.15,1.18,402286
2001/12/5,600063.sh,1.17,1.19,1.16,1.18,934581
2001/12/6,600063.sh,1.17,1.19,1.16,1.17,381729
2001/12/7,600063.sh,1.18,1.21,1.17,1.21,1111519
2001/12/10,600063.sh,1.21,1.22,1.19,1.21,477629
2001/12/11,600063.sh,1.21,1.21,1.19,1.19,312617
2001/12/12,600063.sh,1.19,1.19,1.17,1.18,380999
2001/12/13,600063.sh,1.17,1.18,1.15,1.15,417143
2001/12/14,600063.sh,1.15,1.15,1.12,1.14,333749
2001/12/17,600063.sh,1.13,1.15,1.13,1.14,181925
2001/12/18,600063.sh,1.14,1.16,1.13,1.16,204839
2001/12/19,600063.sh,1.17,1.17,1.14,1.14,162300
2001/12/20,600063.sh,1.13,1.13,1.10,1.11,278636
2001/12/21,600063.sh,1.11,1.11,1.10,1.11,137758
2001/12/24,600063.sh,1.11,1.11,1.06,1.07,317261
2001/12/25,600063.sh,1.08,1.09,1.07,1.07,325823
2001/12/26,600063.sh,1.07,1.09,1.07,1.09,118785
2001/12/27,600063.sh,1.09,1.10,1.09,1.09,138626
2001/12/28,600063.sh,1.08,1.10,1.07,1.10,97405
2001/12/31,600063.sh,1.10,1.12,1.10,1.11,131389
2002/1/4,600063.sh,1.10,1.11,1.09,1.10,143189
2002/1/7,600063.sh,1.08,1.10,1.08,1.10,109820
2002/1/8,600063.sh,1.10,1.10,1.06,1.08,121221
2002/1/9,600063.sh,1.06,1.08,1.05,1.06,184075
2002/1/10,600063.sh,1.05,1.08,1.02,1.07,202121
2002/1/11,600063.sh,1.03,1.07,1.03,1.05,148121
2002/1/14,600063.sh,1.00,1.03,0.97,1.01,419574
2002/1/15,600063.sh,1.00,1.01,0.97,1.00,230450
2002/1/16,600063.sh,1.00,1.02,0.99,1.01,152022
2002/1/17,600063.sh,1.01,1.01,0.95,1.00,368600
2002/1/18,600063.sh,0.97,0.99,0.95,0.98,341418
2002/1/21,600063.sh,0.97,0.97,0.90,0.94,436540
2002/1/22,600063.sh,0.91,0.96,0.91,0.93,376664
2002/1/23,600063.sh,0.93,0.99,0.90,0.99,502626
2002/1/24,600063.sh,0.98,1.03,0.94,1.00,792483
2002/1/25,600063.sh,0.98,1.00,0.98,0.98,337188
2002/1/28,600063.sh,0.98,0.99,0.92,0.92,323700
2002/1/29,600063.sh,0.92,0.95,0.90,0.95,181407
2002/1/30,600063.sh,0.95,0.96,0.93,0.95,136612
2002/1/31,600063.sh,0.96,1.03,0.96,1.02,764481
2002/2/1,600063.sh,1.02,1.06,1.01,1.05,709954
2002/2/4,600063.sh,1.06,1.08,1.05,1.06,688648
2002/2/5,600063.sh,1.06,1.07,1.04,1.07,545777
2002/2/6,600063.sh,1.09,1.17,1.09,1.13,2910797
2002/2/7,600063.sh,1.13,1.18,1.12,1.16,2123673
2002/2/8,600063.sh,1.17,1.18,1.14,1.15,1483279
2002/2/25,600063.sh,1.18,1.20,1.15,1.16,1001148
2002/2/26,600063.sh,1.16,1.16,1.13,1.15,608508
2002/2/27,600063.sh,1.14,1.15,1.13,1.14,442589
2002/2/28,600063.sh,1.14,1.15,1.13,1.14,442837
2002/3/1,600063.sh,1.13,1.14,1.13,1.13,443520
2002/3/4,600063.sh,1.13,1.15,1.12,1.15,352167
2002/3/5,600063.sh,1.15,1.18,1.15,1.17,956544
2002/3/6,600063.sh,1.17,1.19,1.16,1.17,1186474
2002/3/7,600063.sh,1.17,1.20,1.16,1.20,1274686
2002/3/8,600063.sh,1.20,1.24,1.20,1.23,2418620
2002/3/11,600063.sh,1.23,1.23,1.21,1.23,1484767
2002/3/12,600063.sh,1.23,1.23,1.23,1.23,INVALID
2002/3/13,600063.sh,1.22,1.22,1.18,1.18,1350459
2002/3/14,600063.sh,1.18,1.22,1.17,1.21,676668
2002/3/15,600063.sh,1.21,1.23,1.17,1.17,1217908
2002/3/18,600063.sh,1.18,1.21,1.17,1.17,763168
2002/3/19,600063.sh,1.17,1.20,1.17,1.20,499306
2002/3/20,600063.sh,1.20,1.25,1.20,1.25,2097510
2002/3/21,600063.sh,1.26,1.26,1.23,1.24,1511794
2002/3/22,600063.sh,1.24,1.24,1.21,1.22,818292
2002/3/25,600063.sh,1.22,1.24,1.22,1.23,652047
2002/3/26,600063.sh,1.23,1.23,1.20,1.20,500112
2002/3/27,600063.sh,1.20,1.21,1.19,1.21,346720
2002/3/28,600063.sh,1.21,1.23,1.20,1.22,322367
2002/3/29,600063.sh,1.20,1.21,1.17,1.18,501736
2002/4/1,600063.sh,1.17,1.18,1.16,1.18,457825
2002/4/2,600063.sh,1.17,1.18,1.14,1.14,369358
2002/4/3,600063.sh,1.14,1.16,1.14,1.15,246270
2002/4/4,600063.sh,1.15,1.20,1.15,1.19,346075
2002/4/5,600063.sh,1.20,1.21,1.17,1.19,387574
2002/4/8,600063.sh,1.19,1.19,1.17,1.19,208429
2002/4/9,600063.sh,1.20,1.22,1.19,1.21,485273
2002/4/10,600063.sh,1.21,1.23,1.20,1.22,628182
2002/4/11,600063.sh,1.22,1.22,1.19,1.19,359500
2002/4/12,600063.sh,1.18,1.20,1.18,1.19,339014
2002/4/15,600063.sh,1.19,1.20,1.19,1.19,166505
2002/4/16,600063.sh,1.19,1.21,1.19,1.19,186405
2002/4/17,600063.sh,1.20,1.21,1.19,1.20,213668
2002/4/18,600063.sh,1.21,1.21,1.19,1.19,269157
2002/4/19,600063.sh,1.19,1.20,1.17,1.20,279721
2002/4/22,600063.sh,1.20,1.20,1.18,1.18,148142
2002/4/23,600063.sh,1.18,1.19,1.17,1.17,240539
2002/4/24,600063.sh,1.18,1.19,1.17,1.18,194676
2002/4/25,600063.sh,1.19,1.19,1.17,1.19,169319
2002/4/26,600063.sh,1.21,1.21,1.19,1.20,317771
2002/4/29,600063.sh,1.20,1.23,1.20,1.23,614961
2002/4/30,600063.sh,1.23,1.23,1.22,1.23,547316
2002/5/8,600063.sh,1.23,1.23,1.21,1.22,605130
2002/5/9,600063.sh,1.23,1.23,1.19,1.22,277959
2002/5/10,600063.sh,1.21,1.22,1.20,1.20,186231
2002/5/13,600063.sh,1.20,1.22,1.19,1.20,423046
2002/5/14,600063.sh,1.20,1.22,1.20,1.22,702154
2002/5/15,600063.sh,1.23,1.24,1.21,1.21,1021011
2002/5/16,600063.sh,1.20,1.20,1.15,1.15,639000
2002/5/17,600063.sh,1.17,1.17,1.13,1.15,392847
2002/5/20,600063.sh,1.15,1.15,1.11,1.11,299039
2002/5/21,600063.sh,1.14,1.19,1.14,1.17,553413
2002/5/22,600063.sh,1.17,1.17,1.13,1.13,318370
2002/5/23,600063.sh,1.14,1.16,1.13,1.13,343081
2002/5/24,600063.sh,1.13,1.14,1.10,1.12,301729
2002/5/27,600063.sh,1.12,1.13,1.10,1.12,134982
2002/5/28,600063.sh,1.13,1.14,1.12,1.13,228077
2002/5/29,600063.sh,1.13,1.13,1.09,1.10,319600
2002/5/30,600063.sh,1.09,1.10,1.07,1.09,245021
2002/5/31,600063.sh,1.10,1.10,1.06,1.07,201564
2002/6/3,600063.sh,1.06,1.06,1.03,1.04,258800
2002/6/4,600063.sh,1.05,1.06,1.01,1.04,281686
2002/6/5,600063.sh,1.03,1.04,1.01,1.01,188363
2002/6/6,600063.sh,1.02,1.08,1.01,1.06,441861
2002/6/7,600063.sh,1.07,1.10,1.05,1.09,867765
2002/6/10,600063.sh,1.09,1.09,1.05,1.07,386131
2002/6/11,600063.sh,1.07,1.09,1.06,1.08,262590
2002/6/12,600063.sh,1.08,1.08,1.06,1.07,142880
2002/6/13,600063.sh,1.06,1.09,1.05,1.08,383650
2002/6/14,600063.sh,1.08,1.08,1.04,1.06,355666
2002/6/17,600063.sh,1.06,1.06,1.05,1.06,189899
2002/6/18,600063.sh,1.06,1.09,1.06,1.09,531709
2002/6/19,600063.sh,1.08,1.09,1.06,1.07,186400
2002/6/20,600063.sh,1.06,1.09,1.06,1.08,290750
2002/6/21,600063.sh,1.08,1.15,1.08,1.14,984804
2002/6/24,600063.sh,1.26,1.26,1.22,1.26,3955987
2002/6/25,600063.sh,1.26,1.28,1.23,1.23,1775215
2002/6/26,600063.sh,1.23,1.28,1.21,1.26,1859525
2002/6/27,600063.sh,1.28,1.28,1.23,1.24,596069
2002/6/28,600063.sh,1.23,1.24,1.21,1.22,1028832
2002/7/1,600063.sh,1.22,1.22,1.22,1.22,INVALID
2002/7/2,600063.sh,1.21,1.22,1.20,1.22,424922
2002/7/3,600063.sh,1.22,1.23,1.21,1.23,416048
2002/7/4,600063.sh,1.23,1.25,1.21,1.21,669625
2002/7/5,600063.sh,1.21,1.21,1.19,1.20,516826
2002/7/8,600063.sh,1.20,1.21,1.19,1.21,459853
2002/7/9,600063.sh,1.21,1.22,1.20,1.21,289215
2002/7/10,600063.sh,1.22,1.22,1.19,1.19,397609
2002/7/11,600063.sh,1.19,1.20,1.18,1.19,212317
2002/7/12,600063.sh,1.19,1.20,1.18,1.19,156889
2002/7/15,600063.sh,1.18,1.18,1.17,1.17,244734
2002/7/16,600063.sh,1.17,1.18,1.17,1.17,203906
2002/7/17,600063.sh,1.16,1.18,1.16,1.18,185735
2002/7/18,600063.sh,1.18,1.19,1.17,1.19,336559
2002/7/19,600063.sh,1.19,1.19,1.18,1.19,153113
2002/7/22,600063.sh,1.19,1.19,1.17,1.17,140250
2002/7/23,600063.sh,1.17,1.17,1.16,1.16,135200
2002/7/24,600063.sh,1.16,1.16,1.14,1.15,215250
2002/7/25,600063.sh,1.15,1.17,1.15,1.15,191583
2002/7/26,600063.sh,1.16,1.17,1.15,1.15,117500
2002/7/29,600063.sh,1.15,1.16,1.14,1.16,101187
2002/7/30,600063.sh,1.13,1.15,1.13,1.14,216200
2002/7/31,600063.sh,1.14,1.15,1.13,1.13,156900
2002/8/1,600063.sh,1.14,1.14,1.13,1.14,172459
2002/8/2,600063.sh,1.13,1.14,1.13,1.14,125423
2002/8/5,600063.sh,1.13,1.14,1.13,1.14,137400
2002/8/6,600063.sh,1.14,1.14,1.14,1.14,INVALID
2002/8/7,600063.sh,1.15,1.15,1.14,1.14,161013
2002/8/8,600063.sh,1.14,1.14,1.13,1.13,113100
2002/8/9,600063.sh,1.13,1.15,1.12,1.15,256016
2002/8/12,600063.sh,1.14,1.15,1.13,1.15,141050
2002/8/13,600063.sh,1.14,1.16,1.14,1.15,201227
2002/8/14,600063.sh,1.16,1.17,1.15,1.16,209955
2002/8/15,600063.sh,1.16,1.17,1.16,1.16,243345
2002/8/16,600063.sh,1.16,1.19,1.15,1.19,594133
2002/8/19,600063.sh,1.19,1.22,1.19,1.20,2339627
2002/8/20,600063.sh,1.20,1.21,1.19,1.21,801840
2002/8/21,600063.sh,1.21,1.21,1.19,1.20,525303
2002/8/22,600063.sh,1.20,1.22,1.19,1.21,780014
2002/8/23,600063.sh,1.21,1.21,1.20,1.20,269369
2002/8/26,600063.sh,1.20,1.20,1.19,1.19,260508
2002/8/27,600063.sh,1.19,1.20,1.18,1.20,256825
2002/8/28,600063.sh,1.20,1.20,1.19,1.19,167347
2002/8/29,600063.sh,1.19,1.19,1.18,1.18,131673
2002/8/30,600063.sh,1.18,1.21,1.18,1.19,133859
2002/9/2,600063.sh,1.20,1.20,1.19,1.19,106708
2002/9/3,600063.sh,1.19,1.20,1.19,1.19,102400
2002/9/4,600063.sh,1.19,1.20,1.17,1.17,155800
2002/9/5,600063.sh,1.18,1.18,1.15,1.15,260400
2002/9/6,600063.sh,1.15,1.15,1.14,1.14,289017
2002/9/9,600063.sh,1.13,1.15,1.13,1.15,211395
2002/9/10,600063.sh,1.15,1.15,1.14,1.14,113870
2002/9/11,600063.sh,1.14,1.14,1.12,1.14,197266
2002/9/12,600063.sh,1.14,1.15,1.14,1.15,75560
2002/9/13,600063.sh,1.15,1.15,1.14,1.15,50227
2002/9/16,600063.sh,1.14,1.14,1.13,1.13,135600
2002/9/17,600063.sh,1.13,1.14,1.12,1.13,120120
2002/9/18,600063.sh,1.13,1.14,1.12,1.12,58000
2002/9/19,600063.sh,1.12,1.14,1.11,1.14,198618
2002/9/20,600063.sh,1.14,1.14,1.12,1.12,86000
2002/9/23,600063.sh,1.13,1.13,1.12,1.12,53857
2002/9/24,600063.sh,1.11,1.12,1.11,1.12,121590
2002/9/25,600063.sh,1.12,1.13,1.12,1.12,75460
2002/9/26,600063.sh,1.12,1.13,1.11,1.11,101009
2002/9/27,600063.sh,1.11,1.11,1.10,1.11,165054
2002/10/8,600063.sh,1.11,1.11,1.09,1.10,85976
2002/10/9,600063.sh,1.09,1.12,1.07,1.10,186609
2002/10/10,600063.sh,1.10,1.10,1.07,1.09,144027
2002/10/11,600063.sh,1.10,1.10,1.06,1.08,126110
2002/10/14,600063.sh,1.09,1.09,1.06,1.08,139942
2002/10/15,600063.sh,1.08,1.09,1.06,1.08,115942
2002/10/16,600063.sh,1.08,1.09,1.07,1.09,175658
2002/10/17,600063.sh,1.09,1.09,1.06,1.08,183318
2002/10/18,600063.sh,1.07,1.07,1.06,1.07,204537
2002/10/21,600063.sh,1.07,1.07,1.06,1.07,74891
2002/10/22,600063.sh,1.07,1.09,1.07,1.08,153164
2002/10/23,600063.sh,1.08,1.08,1.08,1.08,65279
2002/10/24,600063.sh,1.08,1.08,1.06,1.07,115000
2002/10/25,600063.sh,1.06,1.08,1.06,1.08,136179
2002/10/28,600063.sh,1.07,1.07,1.05,1.07,131149
2002/10/29,600063.sh,1.05,1.06,1.04,1.06,220451
2002/10/30,600063.sh,1.06,1.06,1.04,1.05,80812
2002/10/31,600063.sh,1.05,1.06,1.04,1.05,97689
2002/11/1,600063.sh,1.04,1.05,1.04,1.05,70999
2002/11/4,600063.sh,1.06,1.06,1.04,1.05,161975
2002/11/5,600063.sh,1.05,1.08,1.05,1.08,269441
2002/11/6,600063.sh,1.08,1.08,1.07,1.08,197823
2002/11/7,600063.sh,1.08,1.08,1.07,1.08,211996
2002/11/8,600063.sh,1.09,1.10,1.04,1.05,188500
2002/11/11,600063.sh,1.05,1.05,1.03,1.05,100954
2002/11/12,600063.sh,1.02,1.06,1.02,1.04,205273
2002/11/13,600063.sh,1.02,1.04,1.00,1.04,201903
2002/11/14,600063.sh,1.03,1.04,1.01,1.02,170836
2002/11/15,600063.sh,1.00,1.02,1.00,1.02,240837
2002/11/18,600063.sh,1.01,1.01,0.99,1.01,254850
2002/11/19,600063.sh,1.00,1.00,0.99,1.00,132912
2002/11/20,600063.sh,0.98,0.98,0.95,0.97,234505
2002/11/21,600063.sh,0.97,0.97,0.93,0.95,359400
2002/11/22,600063.sh,0.95,0.96,0.93,0.95,141924
2002/11/25,600063.sh,0.94,0.95,0.93,0.94,196499
2002/11/26,600063.sh,0.94,0.95,0.92,0.93,111500
2002/11/27,600063.sh,0.92,0.92,0.90,0.92,206090
2002/11/28,600063.sh,0.91,0.95,0.91,0.95,257193
2002/11/29,600063.sh,0.95,0.97,0.94,0.96,525876
2002/12/2,600063.sh,0.95,0.95,0.92,0.93,221757
2002/12/3,600063.sh,0.92,0.93,0.91,0.93,128218
2002/12/4,600063.sh,0.93,0.95,0.93,0.93,201587
2002/12/5,600063.sh,0.93,0.93,0.92,0.92,94697
2002/12/6,600063.sh,0.92,0.93,0.92,0.93,81523
2002/12/9,600063.sh,0.92,0.93,0.91,0.92,80031
2002/12/10,600063.sh,0.92,0.92,0.91,0.92,107613
2002/12/11,600063.sh,0.92,0.92,0.90,0.91,85991
2002/12/12,600063.sh,0.90,0.92,0.90,0.91,89711
2002/12/13,600063.sh,0.90,0.92,0.90,0.91,159245
2002/12/16,600063.sh,0.92,0.94,0.91,0.93,339672
2002/12/17,600063.sh,0.93,0.94,0.92,0.94,142121
2002/12/18,600063.sh,0.95,0.95,0.93,0.93,171000
2002/12/19,600063.sh,0.93,0.94,0.91,0.94,380260
2002/12/20,600063.sh,0.94,0.96,0.93,0.95,437611
2002/12/23,600063.sh,0.96,0.98,0.95,0.97,881326
2002/12/24,600063.sh,0.98,1.00,0.97,0.98,2328097
2002/12/25,600063.sh,0.98,0.99,0.96,0.96,389673
2002/12/26,600063.sh,0.94,0.96,0.91,0.91,446480
2002/12/27,600063.sh,0.91,0.93,0.91,0.92,343112
2002/12/30,600063.sh,0.92,0.92,0.89,0.90,449302
2002/12/31,600063.sh,0.90,0.91,0.90,0.91,365341
2003/1/2,600063.sh,0.89,0.90,0.87,0.89,390378
2003/1/3,600063.sh,0.88,0.89,0.88,0.89,199379
2003/1/6,600063.sh,0.88,0.90,0.87,0.89,228750
2003/1/7,600063.sh,0.90,0.91,0.89,0.90,256229
2003/1/8,600063.sh,0.90,0.92,0.90,0.92,276352
2003/1/9,600063.sh,0.92,0.94,0.91,0.94,838184
2003/1/10,600063.sh,0.95,0.96,0.94,0.94,1025687
2003/1/13,600063.sh,0.94,0.96,0.93,0.96,658100
2003/1/14,600063.sh,0.97,1.02,0.95,0.99,1599274
2003/1/15,600063.sh,1.00,1.00,0.96,0.96,1208636
2003/1/16,600063.sh,0.96,1.00,0.96,0.99,1106854
2003/1/17,600063.sh,0.99,1.00,0.98,0.98,589562
2003/1/20,600063.sh,0.98,0.99,0.96,0.98,430188
2003/1/21,600063.sh,0.98,0.98,0.96,0.96,404900
2003/1/22,600063.sh,0.95,0.96,0.94,0.96,257463
2003/1/23,600063.sh,0.95,0.96,0.94,0.94,245204
2003/1/24,600063.sh,0.94,0.95,0.93,0.95,381560
2003/1/27,600063.sh,0.95,0.97,0.95,0.97,595221
2003/1/28,600063.sh,0.98,0.98,0.97,0.97,341036
2003/1/29,600063.sh,0.97,0.98,0.97,0.97,345277
2003/2/10,600063.sh,0.97,0.97,0.95,0.96,149400
2003/2/11,600063.sh,0.95,0.96,0.95,0.96,179370
2003/2/12,600063.sh,0.96,0.98,0.95,0.98,604518
2003/2/13,600063.sh,0.98,0.99,0.97,0.98,522860
2003/2/14,600063.sh,0.99,1.02,0.97,1.02,1777859
2003/2/17,600063.sh,1.01,1.05,1.00,1.05,3818486
2003/2/18,600063.sh,1.05,1.05,1.05,1.05,INVALID
2003/2/19,600063.sh,1.03,1.04,1.01,1.03,1765123
2003/2/20,600063.sh,1.03,1.03,1.00,1.01,680676
2003/2/21,600063.sh,1.03,1.07,1.01,1.03,3507350
2003/2/24,600063.sh,1.03,1.08,1.03,1.07,4849436
2003/2/25,600063.sh,1.07,1.13,1.06,1.11,6583742
2003/2/26,600063.sh,1.11,1.12,1.08,1.09,3191907
2003/2/27,600063.sh,1.09,1.11,1.08,1.10,1550340
2003/2/28,600063.sh,1.10,1.10,1.06,1.07,1504029
2003/3/3,600063.sh,1.06,1.07,1.05,1.06,1594096
2003/3/4,600063.sh,1.06,1.07,1.05,1.05,1006209
2003/3/5,600063.sh,1.05,1.06,1.04,1.06,795266
2003/3/6,600063.sh,1.05,1.05,1.03,1.03,1139947
2003/3/7,600063.sh,1.03,1.04,1.02,1.03,577102
2003/3/10,600063.sh,1.03,1.04,1.02,1.02,542858
2003/3/11,600063.sh,1.02,1.02,1.01,1.01,465613
2003/3/12,600063.sh,1.01,1.02,0.99,1.01,676747
2003/3/13,600063.sh,1.01,1.01,1.00,1.00,735685
2003/3/14,600063.sh,0.99,1.02,0.99,1.02,1304859
2003/3/17,600063.sh,1.03,1.06,1.03,1.06,2748285
2003/3/18,600063.sh,1.06,1.06,1.03,1.04,950044
2003/3/19,600063.sh,1.03,1.04,1.02,1.04,609082
2003/3/20,600063.sh,1.04,1.05,1.01,1.02,521168
2003/3/21,600063.sh,1.01,1.02,1.00,1.01,523039
2003/3/24,600063.sh,1.00,1.02,1.00,1.01,224581
2003/3/25,600063.sh,1.02,1.02,0.99,1.00,441626
2003/3/26,600063.sh,1.00,1.00,0.98,0.98,354200
2003/3/27,600063.sh,0.98,1.03,0.96,1.01,1049400
2003/3/28,600063.sh,1.01,1.02,0.99,0.99,780193
2003/3/31,600063.sh,0.99,1.01,0.98,0.99,723946
2003/4/1,600063.sh,0.99,1.02,0.99,1.01,1044864
2003/4/2,600063.sh,1.02,1.02,1.00,1.01,518896
2003/4/3,600063.sh,1.01,1.01,1.00,1.00,320979
2003/4/4,600063.sh,1.00,1.01,0.99,1.01,388491
2003/4/7,600063.sh,1.00,1.00,0.98,0.98,484380
2003/4/8,600063.sh,0.98,0.99,0.96,0.97,664561
2003/4/9,600063.sh,0.98,0.99,0.96,0.98,595621
2003/4/10,600063.sh,0.99,1.00,0.97,1.00,1075933
2003/4/11,600063.sh,1.00,1.01,0.98,1.00,874282
2003/4/14,600063.sh,1.00,1.05,1.00,1.04,1565255
2003/4/15,600063.sh,1.04,1.04,1.03,1.04,1162151
2003/4/16,600063.sh,1.04,1.04,1.01,1.02,1349197
2003/4/17,600063.sh,1.02,1.02,0.99,1.00,767520
2003/4/18,600063.sh,1.00,1.02,0.99,1.01,332882
2003/4/21,600063.sh,1.00,1.01,0.98,0.98,669400
2003/4/22,600063.sh,0.98,1.00,0.98,0.99,274200
2003/4/23,600063.sh,0.99,0.99,0.96,0.96,523800
2003/4/24,600063.sh,0.96,0.96,0.93,0.93,779326
2003/4/25,600063.sh,0.94,0.94,0.91,0.92,645328
2003/4/28,600063.sh,0.91,0.93,0.90,0.93,923362
2003/4/29,600063.sh,0.93,0.93,0.90,0.91,540753
2003/4/30,600063.sh,0.90,0.92,0.90,0.91,466930
2003/5/12,600063.sh,0.92,0.92,0.91,0.92,331074
2003/5/13,600063.sh,0.92,0.93,0.88,0.91,765026
2003/5/14,600063.sh,0.90,0.92,0.89,0.92,582413
2003/5/15,600063.sh,0.92,0.97,0.92,0.95,1210186
2003/5/16,600063.sh,0.95,0.96,0.94,0.94,444254
2003/5/19,600063.sh,0.94,0.96,0.93,0.95,481504
2003/5/20,600063.sh,0.94,0.94,0.92,0.92,345850
2003/5/21,600063.sh,0.92,0.93,0.92,0.93,325900
2003/5/22,600063.sh,0.92,0.94,0.92,0.94,289726
2003/5/23,600063.sh,0.94,0.95,0.93,0.94,527040
2003/5/26,600063.sh,0.94,0.95,0.94,0.95,478412
2003/5/27,600063.sh,0.95,0.96,0.94,0.96,614455
2003/5/28,600063.sh,0.96,0.97,0.94,0.94,650037
2003/5/29,600063.sh,0.94,0.97,0.94,0.97,785617
2003/5/30,600063.sh,0.97,0.98,0.96,0.97,1182120
2003/6/2,600063.sh,0.98,1.00,0.96,1.00,1891266
2003/6/3,600063.sh,1.01,1.02,0.98,0.98,2480036
2003/6/4,600063.sh,0.98,0.99,0.96,0.98,693675
2003/6/5,600063.sh,0.98,0.98,0.96,0.96,431238
2003/6/6,600063.sh,0.95,0.96,0.94,0.94,389681
2003/6/9,600063.sh,0.93,0.95,0.92,0.93,309300
2003/6/10,600063.sh,0.93,0.94,0.93,0.93,200641
2003/6/11,600063.sh,0.93,0.95,0.93,0.95,236989
2003/6/12,600063.sh,0.94,0.95,0.94,0.94,169843
2003/6/13,600063.sh,0.94,0.95,0.94,0.95,259744
2003/6/16,600063.sh,0.95,0.95,0.94,0.95,176308
2003/6/17,600063.sh,0.95,0.95,0.94,0.95,134300
2003/6/18,600063.sh,0.95,0.95,0.94,0.94,152724
2003/6/19,600063.sh,0.94,0.94,0.92,0.93,303939
2003/6/20,600063.sh,0.93,0.93,0.92,0.92,166716
2003/6/23,600063.sh,0.92,0.92,0.91,0.92,198007
2003/6/24,600063.sh,0.92,0.92,0.91,0.92,107445
2003/6/25,600063.sh,0.92,0.92,0.91,0.91,107600
2003/6/26,600063.sh,0.91,0.93,0.91,0.92,237508
2003/6/27,600063.sh,0.92,0.92,0.91,0.91,130550
2003/6/30,600063.sh,0.90,0.91,0.90,0.91,87625
2003/7/1,600063.sh,0.91,0.92,0.90,0.90,139168
2003/7/2,600063.sh,0.90,0.91,0.90,0.90,204508
2003/7/3,600063.sh,0.90,0.92,0.90,0.92,240000
2003/7/4,600063.sh,0.92,0.92,0.91,0.91,183130
2003/7/7,600063.sh,0.91,0.93,0.91,0.92,128505
2003/7/8,600063.sh,0.92,0.94,0.92,0.94,283511
2003/7/9,600063.sh,0.94,0.94,0.93,0.93,229700
2003/7/10,600063.sh,0.93,0.94,0.92,0.94,400565
2003/7/11,600063.sh,0.95,0.95,0.93,0.94,382079
2003/7/14,600063.sh,0.96,0.97,0.95,0.95,1291543
2003/7/15,600063.sh,0.96,0.96,0.93,0.93,433879
2003/7/16,600063.sh,0.93,0.94,0.92,0.93,270947
2003/7/17,600063.sh,0.93,0.93,0.92,0.92,316200
2003/7/18,600063.sh,0.92,0.93,0.90,0.91,319400
2003/7/21,600063.sh,0.89,0.90,0.89,0.90,319279
2003/7/22,600063.sh,0.90,0.91,0.90,0.91,177098
2003/7/23,600063.sh,0.91,0.91,0.90,0.91,187361
2003/7/24,600063.sh,0.90,0.91,0.90,0.90,174920
2003/7/25,600063.sh,0.90,0.91,0.89,0.89,268398
2003/7/28,600063.sh,0.89,0.91,0.89,0.91,149987
2003/7/29,600063.sh,0.90,0.91,0.89,0.91,106419
2003/7/30,600063.sh,0.91,0.91,0.89,0.90,120900
2003/7/31,600063.sh,0.90,0.90,0.89,0.90,236979
2003/8/1,600063.sh,0.90,0.90,0.90,0.90,INVALID
2003/8/4,600063.sh,0.90,0.91,0.89,0.91,382636
2003/8/5,600063.sh,0.90,0.91,0.89,0.91,218793
2003/8/6,600063.sh,0.91,0.91,0.89,0.90,145593
2003/8/7,600063.sh,0.90,0.91,0.90,0.90,208878
2003/8/8,600063.sh,0.91,0.91,0.90,0.90,233174
2003/8/11,600063.sh,0.90,0.91,0.90,0.91,144179
2003/8/12,600063.sh,0.90,0.92,0.90,0.91,238802
2003/8/13,600063.sh,0.92,0.92,0.90,0.90,111150
2003/8/14,600063.sh,0.91,0.91,0.89,0.91,208925
2003/8/15,600063.sh,0.91,0.91,0.90,0.91,157600
2003/8/18,600063.sh,0.91,0.91,0.89,0.90,140254
2003/8/19,600063.sh,0.89,0.90,0.89,0.90,125800
2003/8/20,600063.sh,0.90,0.90,0.87,0.89,513666
2003/8/21,600063.sh,0.89,0.89,0.87,0.88,146045
2003/8/22,600063.sh,0.88,0.88,0.87,0.87,88419
2003/8/25,600063.sh,0.86,0.86,0.84,0.86,276602
2003/8/26,600063.sh,0.85,0.85,0.85,0.85,94096
2003/8/27,600063.sh,0.85,0.85,0.84,0.84,160544
2003/8/28,600063.sh,0.84,0.85,0.84,0.84,114668
2003/8/29,600063.sh,0.84,0.85,0.84,0.84,98483
2003/9/1,600063.sh,0.85,0.86,0.84,0.86,155446
2003/9/2,600063.sh,0.86,0.87,0.85,0.86,213729
2003/9/3,600063.sh,0.80,0.86,0.80,0.86,353308
2003/9/4,600063.sh,0.86,0.86,0.85,0.85,148101
2003/9/5,600063.sh,0.85,0.87,0.83,0.84,147880
2003/9/8,600063.sh,0.84,0.84,0.82,0.82,198500
2003/9/9,600063.sh,0.82,0.84,0.82,0.82,120150
2003/9/10,600063.sh,0.82,0.82,0.81,0.82,89682
2003/9/11,600063.sh,0.82,0.83,0.81,0.81,92449
2003/9/12,600063.sh,0.81,0.81,0.80,0.80,158100
2003/9/15,600063.sh,0.80,0.80,0.79,0.79,236304
2003/9/16,600063.sh,0.79,0.80,0.78,0.80,167512
2003/9/17,600063.sh,0.80,0.80,0.78,0.78,170901
2003/9/18,600063.sh,0.78,0.79,0.76,0.78,265982
2003/9/19,600063.sh,0.78,0.79,0.77,0.79,162938
2003/9/22,600063.sh,0.78,0.79,0.77,0.78,190507
2003/9/23,600063.sh,0.78,0.79,0.78,0.79,129528
2003/9/24,600063.sh,0.79,0.81,0.78,0.80,279749
2003/9/25,600063.sh,0.81,0.81,0.79,0.79,266856
2003/9/26,600063.sh,0.79,0.80,0.78,0.79,216389
2003/9/29,600063.sh,0.79,0.87,0.79,0.79,641633
2003/9/30,600063.sh,0.80,0.80,0.77,0.79,154027
2003/10/8,600063.sh,0.77,0.79,0.77,0.79,78170
2003/10/9,600063.sh,0.79,0.79,0.78,0.79,124245
2003/10/10,600063.sh,0.79,0.81,0.78,0.80,327051
2003/10/13,600063.sh,0.81,0.81,0.79,0.79,171300
2003/10/14,600063.sh,0.79,0.80,0.78,0.78,174379
2003/10/15,600063.sh,0.78,0.79,0.78,0.78,139400
2003/10/16,600063.sh,0.79,0.79,0.77,0.79,131020
2003/10/17,600063.sh,0.78,0.79,0.77,0.78,109164
2003/10/20,600063.sh,0.78,0.78,0.77,0.78,219413
2003/10/21,600063.sh,0.79,0.80,0.79,0.80,662319
2003/10/22,600063.sh,0.81,0.81,0.80,0.81,1029347
2003/10/23,600063.sh,0.81,0.81,0.79,0.80,367700
2003/10/24,600063.sh,0.80,0.80,0.78,0.78,331215
2003/10/27,600063.sh,0.78,0.78,0.76,0.78,344503
2003/10/28,600063.sh,0.77,0.78,0.77,0.78,241428
2003/10/29,600063.sh,0.77,0.77,0.71,0.76,742830
2003/10/30,600063.sh,0.73,0.75,0.72,0.75,347499
2003/10/31,600063.sh,0.72,0.75,0.72,0.74,135989
2003/11/3,600063.sh,0.73,0.74,0.71,0.74,328400
2003/11/4,600063.sh,0.73,0.75,0.72,0.74,378779
2003/11/5,600063.sh,0.73,0.74,0.71,0.72,306826
2003/11/6,600063.sh,0.71,0.71,0.68,0.70,621100
2003/11/7,600063.sh,0.69,0.69,0.65,0.67,664309
2003/11/10,600063.sh,0.66,0.67,0.64,0.64,629728
2003/11/11,600063.sh,0.64,0.65,0.64,0.65,415842
2003/11/12,600063.sh,0.65,0.65,0.64,0.65,235020
2003/11/13,600063.sh,0.64,0.66,0.64,0.66,357306
2003/11/14,600063.sh,0.65,0.66,0.65,0.66,250049
2003/11/17,600063.sh,0.66,0.67,0.65,0.66,246233
2003/11/18,600063.sh,0.66,0.66,0.64,0.64,221400
2003/11/19,600063.sh,0.64,0.67,0.64,0.67,586911
2003/11/20,600063.sh,0.67,0.72,0.67,0.72,1563190
2003/11/21,600063.sh,0.72,0.76,0.70,0.70,2214164
2003/11/24,600063.sh,0.70,0.72,0.69,0.72,665457
2003/11/25,600063.sh,0.72,0.74,0.71,0.72,1113076
2003/11/26,600063.sh,0.72,0.72,0.71,0.72,433427
2003/11/27,600063.sh,0.72,0.73,0.70,0.70,406350
2003/11/28,600063.sh,0.70,0.71,0.69,0.70,279256
2003/12/1,600063.sh,0.70,0.73,0.70,0.72,500392
2003/12/2,600063.sh,0.73,0.74,0.72,0.73,645326
2003/12/3,600063.sh,0.73,0.73,0.71,0.72,512099
2003/12/4,600063.sh,0.73,0.73,0.71,0.72,697681
2003/12/5,600063.sh,0.72,0.73,0.71,0.73,586170
2003/12/8,600063.sh,0.73,0.73,0.71,0.71,302616
2003/12/9,600063.sh,0.71,0.72,0.71,0.72,238854
2003/12/10,600063.sh,0.72,0.74,0.72,0.74,1136376
2003/12/11,600063.sh,0.74,0.74,0.73,0.73,460540
2003/12/12,600063.sh,0.73,0.74,0.72,0.73,359174
2003/12/15,600063.sh,0.73,0.73,0.72,0.72,292108
2003/12/16,600063.sh,0.72,0.72,0.69,0.71,497464
2003/12/17,600063.sh,0.71,0.72,0.70,0.71,786483
2003/12/18,600063.sh,0.72,0.73,0.70,0.71,778840
2003/12/19,600063.sh,0.71,0.71,0.66,0.66,871582
2003/12/22,600063.sh,0.66,0.68,0.64,0.68,845299
2003/12/23,600063.sh,0.69,0.69,0.67,0.68,555067
2003/12/24,600063.sh,0.68,0.68,0.67,0.68,506526
2003/12/25,600063.sh,0.68,0.68,0.67,0.67,509324
2003/12/26,600063.sh,0.67,0.68,0.67,0.68,390508
2003/12/29,600063.sh,0.68,0.68,0.67,0.68,347141
2003/12/30,600063.sh,0.68,0.68,0.67,0.67,306650
2003/12/31,600063.sh,0.67,0.67,0.66,0.66,460400
2004/1/2,600063.sh,0.66,0.67,0.65,0.66,295200
2004/1/5,600063.sh,0.66,0.68,0.65,0.67,656779
2004/1/6,600063.sh,0.67,0.67,0.65,0.67,575335
2004/1/7,600063.sh,0.67,0.68,0.66,0.68,697500
2004/1/8,600063.sh,0.68,0.71,0.68,0.70,1359086
2004/1/9,600063.sh,0.70,0.74,0.65,0.70,2299720
2004/1/12,600063.sh,0.70,0.71,0.69,0.70,1039998
2004/1/13,600063.sh,0.70,0.73,0.70,0.73,1221361
2004/1/14,600063.sh,0.74,0.74,0.71,0.72,609841
2004/1/15,600063.sh,0.72,0.72,0.70,0.70,769405
2004/1/16,600063.sh,0.70,0.74,0.70,0.74,1490172
2004/1/29,600063.sh,0.74,0.77,0.74,0.77,1671830
2004/1/30,600063.sh,0.77,0.78,0.74,0.74,1232353
2004/2/2,600063.sh,0.74,0.76,0.74,0.75,1521690
2004/2/3,600063.sh,0.75,0.77,0.75,0.77,1357235
2004/2/4,600063.sh,0.77,0.79,0.77,0.78,1446751
2004/2/5,600063.sh,0.79,0.81,0.78,0.81,2031022
2004/2/6,600063.sh,0.81,0.81,0.79,0.79,1535136
2004/2/9,600063.sh,0.79,0.80,0.79,0.80,975970
2004/2/10,600063.sh,0.80,0.81,0.79,0.81,1390917
2004/2/11,600063.sh,0.81,0.82,0.79,0.80,1651889
2004/2/12,600063.sh,0.80,0.80,0.80,0.80,INVALID
2004/2/13,600063.sh,0.80,0.82,0.78,0.78,1096835
2004/2/16,600063.sh,0.78,0.80,0.78,0.80,970025
2004/2/17,600063.sh,0.80,0.84,0.80,0.83,1932665
2004/2/18,600063.sh,0.83,0.83,0.82,0.83,945584
2004/2/19,600063.sh,0.83,0.83,0.82,0.82,953679
2004/2/20,600063.sh,0.82,0.84,0.81,0.84,1181069
2004/2/23,600063.sh,0.84,0.84,0.81,0.82,1096500
2004/2/24,600063.sh,0.81,0.81,0.78,0.79,1158517
2004/2/25,600063.sh,0.79,0.81,0.77,0.77,899872
2004/2/26,600063.sh,0.76,0.79,0.75,0.79,1424894
2004/2/27,600063.sh,0.79,0.83,0.79,0.82,2817122
2004/3/1,600063.sh,0.82,0.83,0.81,0.83,1217026
2004/3/2,600063.sh,0.83,0.83,0.81,0.82,1044036
2004/3/3,600063.sh,0.82,0.82,0.79,0.79,807300
2004/3/4,600063.sh,0.79,0.80,0.78,0.80,523332
2004/3/5,600063.sh,0.80,0.80,0.79,0.79,443036
2004/3/8,600063.sh,0.79,0.79,0.76,0.76,704700
2004/3/9,600063.sh,0.76,0.78,0.76,0.76,535870
2004/3/10,600063.sh,0.76,0.78,0.76,0.78,378552
2004/3/11,600063.sh,0.78,0.79,0.78,0.78,496647
2004/3/12,600063.sh,0.79,0.80,0.78,0.80,964127
2004/3/15,600063.sh,0.80,0.82,0.80,0.81,1233065
2004/3/16,600063.sh,0.81,0.82,0.80,0.81,725880
2004/3/17,600063.sh,0.81,0.81,0.80,0.80,638547
2004/3/18,600063.sh,0.81,0.81,0.78,0.79,809100
2004/3/19,600063.sh,0.78,0.80,0.78,0.80,480529
2004/3/22,600063.sh,0.80,0.80,0.79,0.80,579858
2004/3/23,600063.sh,0.80,0.82,0.79,0.81,1258908
2004/3/24,600063.sh,0.81,0.84,0.81,0.84,2752845
2004/3/25,600063.sh,0.83,0.85,0.83,0.84,2653921
2004/3/26,600063.sh,0.84,0.92,0.83,0.86,5327898
2004/3/29,600063.sh,0.86,0.87,0.84,0.84,2029847
2004/3/30,600063.sh,0.84,0.84,0.81,0.84,1530499
2004/3/31,600063.sh,0.83,0.85,0.83,0.84,929842
2004/4/1,600063.sh,0.84,0.86,0.83,0.86,1246383
2004/4/2,600063.sh,0.86,0.86,0.85,0.85,871966
2004/4/5,600063.sh,0.85,0.88,0.84,0.87,1422017
2004/4/6,600063.sh,0.88,0.88,0.86,0.88,1435565
2004/4/7,600063.sh,0.88,0.89,0.87,0.87,1415408
2004/4/8,600063.sh,0.87,0.87,0.87,0.87,INVALID
2004/4/9,600063.sh,0.87,0.88,0.83,0.83,1227840
2004/4/12,600063.sh,0.83,0.85,0.81,0.84,936335
2004/4/13,600063.sh,0.85,0.90,0.85,0.87,3507993
2004/4/14,600063.sh,0.87,0.88,0.84,0.86,1316327
2004/4/15,600063.sh,0.86,0.86,0.83,0.83,671949
2004/4/16,600063.sh,0.83,0.85,0.80,0.83,792700
2004/4/19,600063.sh,0.84,0.84,0.80,0.81,573163
2004/4/20,600063.sh,0.81,0.82,0.80,0.81,348464
2004/4/21,600063.sh,0.81,0.83,0.80,0.81,319200
2004/4/22,600063.sh,0.81,0.82,0.80,0.82,386332
2004/4/23,600063.sh,0.82,0.83,0.79,0.80,251749
2004/4/26,600063.sh,0.79,0.80,0.78,0.78,354480
2004/4/27,600063.sh,0.78,0.79,0.78,0.78,291550
2004/4/28,600063.sh,0.78,0.79,0.77,0.78,366180
2004/4/29,600063.sh,0.78,0.80,0.77,0.77,319332
2004/4/30,600063.sh,0.78,0.79,0.76,0.79,365674
2004/5/10,600063.sh,0.79,0.80,0.77,0.77,176200
2004/5/11,600063.sh,0.77,0.78,0.77,0.77,152398
2004/5/12,600063.sh,0.77,0.79,0.77,0.79,330257
2004/5/13,600063.sh,0.80,0.80,0.78,0.79,190798
2004/5/14,600063.sh,0.79,0.79,0.77,0.77,288390
2004/5/17,600063.sh,0.78,0.78,0.77,0.77,198866
2004/5/18,600063.sh,0.77,0.78,0.77,0.78,355471
2004/5/19,600063.sh,0.79,0.79,0.78,0.79,403072
2004/5/20,600063.sh,0.79,0.79,0.77,0.78,260543
2004/5/21,600063.sh,0.78,0.79,0.77,0.79,160703
2004/5/24,600063.sh,0.79,0.79,0.78,0.78,212400
2004/5/25,600063.sh,0.78,0.78,0.74,0.74,470050
2004/5/26,600063.sh,0.74,0.75,0.72,0.73,336982
2004/5/27,600063.sh,0.73,0.75,0.73,0.74,270239
2004/5/28,600063.sh,0.75,0.75,0.75,0.75,240089
2004/5/31,600063.sh,0.75,0.76,0.74,0.76,164444
2004/6/1,600063.sh,0.76,0.77,0.75,0.77,322698
2004/6/2,600063.sh,0.79,0.79,0.77,0.79,348810
2004/6/3,600063.sh,0.79,0.80,0.78,0.79,978770
2004/6/4,600063.sh,0.79,0.79,0.78,0.79,291564
2004/6/7,600063.sh,0.78,0.78,0.76,0.76,208200
2004/6/8,600063.sh,0.76,0.77,0.74,0.74,158700
2004/6/9,600063.sh,0.74,0.75,0.70,0.71,240101
2004/6/10,600063.sh,0.71,0.73,0.70,0.71,341049
2004/6/11,600063.sh,0.71,0.73,0.70,0.71,158000
2004/6/14,600063.sh,0.71,0.71,0.68,0.68,249901
2004/6/15,600063.sh,0.68,0.70,0.68,0.70,140150
2004/6/16,600063.sh,0.70,0.71,0.69,0.71,283947
2004/6/17,600063.sh,0.71,0.71,0.68,0.68,166600
2004/6/18,600063.sh,0.68,0.69,0.68,0.68,100970
2004/6/21,600063.sh,0.69,0.71,0.68,0.70,160198
2004/6/22,600063.sh,0.70,0.72,0.70,0.71,182287
2004/6/23,600063.sh,0.71,0.72,0.69,0.70,153300
2004/6/24,600063.sh,0.72,0.72,0.70,0.70,143178
2004/6/25,600063.sh,0.69,0.71,0.68,0.68,127901
2004/6/28,600063.sh,0.68,0.70,0.68,0.68,86400
2004/6/29,600063.sh,0.68,0.69,0.67,0.69,186482
2004/6/30,600063.sh,0.69,0.69,0.68,0.68,84208
2004/7/1,600063.sh,0.68,0.70,0.68,0.70,273900
2004/7/2,600063.sh,0.70,0.70,0.68,0.69,143285
2004/7/5,600063.sh,0.69,0.69,0.68,0.69,134950
2004/7/6,600063.sh,0.69,0.70,0.69,0.69,164700
2004/7/7,600063.sh,0.69,0.69,0.68,0.68,89730
2004/7/8,600063.sh,0.69,0.69,0.68,0.69,188848
2004/7/9,600063.sh,0.70,0.71,0.69,0.70,356439
2004/7/12,600063.sh,0.69,0.69,0.67,0.69,254863
2004/7/13,600063.sh,0.69,0.71,0.69,0.70,483269
2004/7/14,600063.sh,0.70,0.71,0.68,0.71,321115
2004/7/15,600063.sh,0.71,0.71,0.69,0.71,276250
2004/7/16,600063.sh,0.71,0.72,0.70,0.72,657347
2004/7/19,600063.sh,0.72,0.73,0.71,0.72,369186
2004/7/20,600063.sh,0.72,0.72,0.70,0.71,205490
2004/7/21,600063.sh,0.71,0.71,0.70,0.71,198330
2004/7/22,600063.sh,0.71,0.72,0.69,0.69,274149
2004/7/23,600063.sh,0.69,0.70,0.68,0.70,143960
2004/7/26,600063.sh,0.69,0.71,0.69,0.69,255000
2004/7/27,600063.sh,0.69,0.70,0.67,0.68,188200
2004/7/28,600063.sh,0.68,0.68,0.66,0.67,243665
2004/7/29,600063.sh,0.67,0.69,0.67,0.69,242935
2004/7/30,600063.sh,0.69,0.70,0.66,0.68,235795
2004/8/2,600063.sh,0.68,0.68,0.66,0.67,115800
2004/8/3,600063.sh,0.68,0.68,0.66,0.67,99700
2004/8/4,600063.sh,0.67,0.70,0.66,0.69,302385
2004/8/5,600063.sh,0.69,0.69,0.67,0.67,120598
2004/8/6,600063.sh,0.67,0.68,0.66,0.67,134360
2004/8/9,600063.sh,0.68,0.68,0.67,0.68,165000
2004/8/10,600063.sh,0.68,0.69,0.67,0.69,240444
2004/8/11,600063.sh,0.70,0.71,0.69,0.69,911113
2004/8/12,600063.sh,0.66,0.68,0.65,0.65,433907
2004/8/13,600063.sh,0.65,0.66,0.64,0.65,280862
2004/8/16,600063.sh,0.63,0.65,0.63,0.63,131500
2004/8/17,600063.sh,0.63,0.64,0.63,0.63,170400
2004/8/18,600063.sh,0.63,0.64,0.63,0.63,186989
2004/8/19,600063.sh,0.63,0.63,0.59,0.59,395504
2004/8/20,600063.sh,0.59,0.60,0.58,0.59,169700
2004/8/23,600063.sh,0.57,0.59,0.57,0.59,102899
2004/8/24,600063.sh,0.59,0.62,0.59,0.60,238500
2004/8/25,600063.sh,0.60,0.61,0.59,0.60,100916
2004/8/26,600063.sh,0.60,0.60,0.59,0.59,99378
2004/8/27,600063.sh,0.59,0.60,0.58,0.59,106710
2004/8/30,600063.sh,0.59,0.59,0.58,0.59,67039
2004/8/31,600063.sh,0.60,0.63,0.60,0.60,261283
2004/9/1,600063.sh,0.60,0.60,0.59,0.59,73192
2004/9/2,600063.sh,0.59,0.60,0.59,0.60,145654
2004/9/3,600063.sh,0.60,0.61,0.60,0.60,152469
2004/9/6,600063.sh,0.60,0.61,0.59,0.61,105023
2004/9/7,600063.sh,0.61,0.62,0.60,0.61,238599
2004/9/8,600063.sh,0.61,0.61,0.60,0.61,89504
2004/9/9,600063.sh,0.60,0.60,0.58,0.59,140840
2004/9/10,600063.sh,0.58,0.60,0.57,0.59,182500
2004/9/13,600063.sh,0.59,0.59,0.58,0.58,129268
2004/9/14,600063.sh,0.60,0.62,0.60,0.61,465094
2004/9/15,600063.sh,0.61,0.61,0.61,0.61,INVALID
2004/9/16,600063.sh,0.67,0.67,0.64,0.65,2956830
2004/9/17,600063.sh,0.64,0.66,0.63,0.66,1589789
2004/9/20,600063.sh,0.66,0.69,0.65,0.69,1726842
2004/9/21,600063.sh,0.69,0.69,0.67,0.67,1083370
2004/9/22,600063.sh,0.67,0.67,0.65,0.65,812610
2004/9/23,600063.sh,0.65,0.68,0.65,0.68,567779
2004/9/24,600063.sh,0.68,0.68,0.65,0.65,1100404
2004/9/27,600063.sh,0.65,0.67,0.64,0.64,473652
2004/9/28,600063.sh,0.64,0.65,0.64,0.64,223379
2004/9/29,600063.sh,0.64,0.65,0.63,0.64,213921
2004/9/30,600063.sh,0.64,0.64,0.62,0.62,311300
2004/10/8,600063.sh,0.62,0.64,0.61,0.64,128941
2004/10/11,600063.sh,0.63,0.65,0.63,0.63,434933
2004/10/12,600063.sh,0.63,0.63,0.62,0.63,267306
2004/10/13,600063.sh,0.63,0.63,0.62,0.63,172575
2004/10/14,600063.sh,0.63,0.63,0.59,0.59,313721
2004/10/15,600063.sh,0.59,0.60,0.59,0.59,179996
2004/10/18,600063.sh,0.59,0.60,0.58,0.59,166064
2004/10/19,600063.sh,0.59,0.62,0.59,0.61,665894
2004/10/20,600063.sh,0.61,0.62,0.59,0.61,521270
2004/10/21,600063.sh,0.62,0.62,0.59,0.59,569387
2004/10/22,600063.sh,0.59,0.59,0.56,0.58,502486
2004/10/25,600063.sh,0.57,0.59,0.56,0.56,254685
2004/10/26,600063.sh,0.56,0.56,0.52,0.55,461265
2004/10/27,600063.sh,0.55,0.57,0.54,0.56,349326
2004/10/28,600063.sh,0.56,0.57,0.56,0.57,279949
2004/10/29,600063.sh,0.55,0.56,0.53,0.55,324140
2004/11/1,600063.sh,0.55,0.55,0.55,0.55,187124
2004/11/2,600063.sh,0.55,0.55,0.54,0.54,153820
2004/11/3,600063.sh,0.54,0.56,0.54,0.55,250270
2004/11/4,600063.sh,0.55,0.55,0.54,0.54,155000
2004/11/5,600063.sh,0.54,0.55,0.53,0.54,147865
2004/11/8,600063.sh,0.54,0.55,0.54,0.55,153790
2004/11/9,600063.sh,0.55,0.55,0.55,0.55,128900
2004/11/10,600063.sh,0.55,0.61,0.55,0.61,1437935
2004/11/11,600063.sh,0.62,0.62,0.59,0.59,1383753
2004/11/12,600063.sh,0.60,0.60,0.58,0.59,408379
2004/11/15,600063.sh,0.59,0.60,0.59,0.60,274982
2004/11/16,600063.sh,0.60,0.60,0.59,0.59,180974
2004/11/17,600063.sh,0.59,0.59,0.58,0.58,206300
2004/11/18,600063.sh,0.58,0.59,0.57,0.59,146379
2004/11/19,600063.sh,0.59,0.60,0.59,0.60,226409
2004/11/22,600063.sh,0.59,0.61,0.59,0.61,498736
2004/11/23,600063.sh,0.61,0.62,0.60,0.61,465476
2004/11/24,600063.sh,0.61,0.62,0.60,0.61,847400
2004/11/25,600063.sh,0.61,0.62,0.59,0.62,540116
2004/11/26,600063.sh,0.62,0.63,0.61,0.63,1105379
2004/11/29,600063.sh,0.63,0.63,0.60,0.60,475800
2004/11/30,600063.sh,0.60,0.61,0.60,0.60,199057
2004/12/1,600063.sh,0.61,0.61,0.60,0.60,179957
2004/12/2,600063.sh,0.61,0.62,0.60,0.62,440042
2004/12/3,600063.sh,0.62,0.63,0.61,0.62,502138
2004/12/6,600063.sh,0.61,0.63,0.61,0.63,610000
2004/12/7,600063.sh,0.63,0.63,0.61,0.62,385970
2004/12/8,600063.sh,0.62,0.62,0.61,0.62,148591
2004/12/9,600063.sh,0.62,0.63,0.61,0.62,196956
2004/12/10,600063.sh,0.61,0.61,0.59,0.60,313965
2004/12/13,600063.sh,0.59,0.61,0.56,0.58,275450
2004/12/14,600063.sh,0.60,0.61,0.57,0.57,2021753
2004/12/15,600063.sh,0.56,0.57,0.55,0.56,618800
2004/12/16,600063.sh,0.56,0.56,0.55,0.56,241300
2004/12/17,600063.sh,0.55,0.56,0.55,0.55,193261
2004/12/20,600063.sh,0.54,0.59,0.54,0.56,246900
2004/12/21,600063.sh,0.56,0.56,0.55,0.56,65704
2004/12/22,600063.sh,0.56,0.58,0.56,0.57,345694
2004/12/23,600063.sh,0.57,0.57,0.55,0.56,144614
2004/12/24,600063.sh,0.56,0.56,0.55,0.56,168057
2004/12/27,600063.sh,0.55,0.56,0.55,0.56,195164
2004/12/28,600063.sh,0.57,0.58,0.56,0.56,814040
2004/12/29,600063.sh,0.56,0.56,0.55,0.55,187757
2004/12/30,600063.sh,0.55,0.57,0.55,0.55,147600
2004/12/31,600063.sh,0.56,0.56,0.54,0.54,161800
2005/1/4,600063.sh,0.54,0.54,0.53,0.54,119784
2005/1/5,600063.sh,0.53,0.55,0.53,0.54,117584
2005/1/6,600063.sh,0.54,0.55,0.53,0.54,133884
2005/1/7,600063.sh,0.53,0.55,0.53,0.54,147050
2005/1/10,600063.sh,0.55,0.55,0.53,0.55,83623
2005/1/11,600063.sh,0.55,0.55,0.54,0.55,127536
2005/1/12,600063.sh,0.55,0.55,0.54,0.55,159105
2005/1/13,600063.sh,0.55,0.55,0.55,0.55,124300
2005/1/14,600063.sh,0.54,0.55,0.54,0.54,126826
2005/1/17,600063.sh,0.55,0.55,0.53,0.53,140467
2005/1/18,600063.sh,0.53,0.54,0.53,0.54,123826
2005/1/19,600063.sh,0.54,0.54,0.53,0.54,68097
2005/1/20,600063.sh,0.53,0.53,0.52,0.52,335280
2005/1/21,600063.sh,0.52,0.54,0.52,0.54,298213
2005/1/24,600063.sh,0.55,0.58,0.54,0.57,969242
2005/1/25,600063.sh,0.56,0.56,0.55,0.56,561118
2005/1/26,600063.sh,0.56,0.56,0.55,0.56,210140
2005/1/27,600063.sh,0.55,0.56,0.54,0.55,200767
2005/1/28,600063.sh,0.55,0.56,0.53,0.53,206900
2005/1/31,600063.sh,0.53,0.54,0.52,0.52,336600
2005/2/1,600063.sh,0.52,0.53,0.51,0.52,99249
2005/2/2,600063.sh,0.52,0.55,0.52,0.54,267589
2005/2/3,600063.sh,0.54,0.55,0.53,0.53,239310
2005/2/4,600063.sh,0.53,0.54,0.52,0.54,267756
2005/2/16,600063.sh,0.54,0.55,0.53,0.55,293709
2005/2/17,600063.sh,0.54,0.55,0.54,0.55,143040
2005/2/18,600063.sh,0.56,0.56,0.54,0.55,203350
2005/2/21,600063.sh,0.56,0.56,0.55,0.55,170898
2005/2/22,600063.sh,0.55,0.56,0.55,0.56,435545
2005/2/23,600063.sh,0.56,0.57,0.56,0.56,401385
2005/2/24,600063.sh,0.57,0.58,0.56,0.57,611942
2005/2/25,600063.sh,0.58,0.58,0.57,0.57,407343
2005/2/28,600063.sh,0.57,0.57,0.55,0.56,395493
2005/3/1,600063.sh,0.57,0.57,0.56,0.56,315014
2005/3/2,600063.sh,0.57,0.57,0.56,0.56,437307
2005/3/3,600063.sh,0.56,0.57,0.55,0.57,386005
2005/3/4,600063.sh,0.58,0.59,0.57,0.57,1818691
2005/3/7,600063.sh,0.56,0.57,0.56,0.56,314380
2005/3/8,600063.sh,0.57,0.57,0.56,0.57,496512
2005/3/9,600063.sh,0.57,0.57,0.57,0.57,340927
2005/3/10,600063.sh,0.57,0.57,0.55,0.56,231800
2005/3/11,600063.sh,0.56,0.57,0.55,0.56,157671
2005/3/14,600063.sh,0.55,0.55,0.54,0.54,402100
2005/3/15,600063.sh,0.54,0.56,0.53,0.56,745712
2005/3/16,600063.sh,0.55,0.57,0.54,0.54,559749
2005/3/17,600063.sh,0.53,0.54,0.53,0.53,178928
2005/3/18,600063.sh,0.53,0.55,0.53,0.53,237100
2005/3/21,600063.sh,0.53,0.53,0.52,0.53,147269
2005/3/22,600063.sh,0.49,0.52,0.48,0.49,506739
2005/3/23,600063.sh,0.48,0.49,0.48,0.48,271378
2005/3/24,600063.sh,0.49,0.49,0.48,0.49,165441
2005/3/25,600063.sh,0.49,0.49,0.48,0.49,192940
2005/3/28,600063.sh,0.49,0.49,0.47,0.48,269718
2005/3/29,600063.sh,0.49,0.49,0.48,0.49,374792
2005/3/30,600063.sh,0.49,0.49,0.47,0.48,221000
2005/3/31,600063.sh,0.47,0.47,0.46,0.47,221700
2005/4/1,600063.sh,0.47,0.48,0.46,0.48,322591
2005/4/4,600063.sh,0.48,0.50,0.47,0.48,414394
2005/4/5,600063.sh,0.48,0.49,0.47,0.48,228837
2005/4/6,600063.sh,0.47,0.49,0.47,0.49,346155
2005/4/7,600063.sh,0.48,0.51,0.48,0.50,1068848
2005/4/8,600063.sh,0.50,0.51,0.49,0.51,594884
2005/4/11,600063.sh,0.50,0.56,0.50,0.54,2577983
2005/4/12,600063.sh,0.53,0.54,0.52,0.52,1215631
2005/4/13,600063.sh,0.52,0.54,0.52,0.53,821193
2005/4/14,600063.sh,0.53,0.53,0.50,0.50,517440
2005/4/15,600063.sh,0.50,0.50,0.49,0.49,286592
2005/4/18,600063.sh,0.49,0.49,0.47,0.48,322400
2005/4/19,600063.sh,0.48,0.49,0.47,0.48,258886
2005/4/20,600063.sh,0.48,0.48,0.47,0.47,106932
2005/4/21,600063.sh,0.47,0.47,0.44,0.44,325000
2005/4/22,600063.sh,0.44,0.46,0.44,0.45,250200
2005/4/25,600063.sh,0.44,0.44,0.42,0.43,307583
2005/4/26,600063.sh,0.43,0.44,0.43,0.44,249755
2005/4/27,600063.sh,0.44,0.45,0.44,0.45,369231
2005/4/28,600063.sh,0.44,0.47,0.44,0.47,413503
2005/4/29,600063.sh,0.47,0.47,0.47,0.47,INVALID
2005/5/9,600063.sh,0.46,0.46,0.43,0.44,189900
2005/5/10,600063.sh,0.43,0.44,0.42,0.43,173791
2005/5/11,600063.sh,0.43,0.43,0.42,0.43,110361
2005/5/12,600063.sh,0.43,0.43,0.42,0.43,150074
2005/5/13,600063.sh,0.43,0.44,0.42,0.44,278236
2005/5/16,600063.sh,0.43,0.44,0.43,0.44,191922
2005/5/17,600063.sh,0.44,0.45,0.43,0.44,209100
2005/5/18,600063.sh,0.43,0.45,0.43,0.44,165961
2005/5/19,600063.sh,0.44,0.44,0.43,0.44,171450
2005/5/20,600063.sh,0.44,0.45,0.44,0.44,150207
2005/5/23,600063.sh,0.43,0.43,0.42,0.42,263800
2005/5/24,600063.sh,0.42,0.43,0.42,0.43,208060
2005/5/25,600063.sh,0.43,0.44,0.43,0.43,339750
2005/5/26,600063.sh,0.43,0.44,0.43,0.43,259363
2005/5/27,600063.sh,0.43,0.44,0.43,0.44,476736
2005/5/30,600063.sh,0.45,0.45,0.44,0.44,812009
2005/5/31,600063.sh,0.44,0.45,0.44,0.44,264127
2005/6/1,600063.sh,0.44,0.44,0.43,0.43,150600
2005/6/2,600063.sh,0.43,0.44,0.43,0.43,95499
2005/6/3,600063.sh,0.43,0.43,0.42,0.43,169743
2005/6/6,600063.sh,0.43,0.44,0.42,0.43,116040
2005/6/7,600063.sh,0.43,0.44,0.43,0.44,234861
2005/6/8,600063.sh,0.44,0.47,0.44,0.47,1089549
2005/6/9,600063.sh,0.46,0.47,0.45,0.46,963851
2005/6/10,600063.sh,0.46,0.47,0.44,0.45,578793
2005/6/13,600063.sh,0.45,0.46,0.44,0.45,402454
2005/6/14,600063.sh,0.45,0.46,0.45,0.45,304639
2005/6/15,600063.sh,0.44,0.44,0.42,0.43,423250
2005/6/16,600063.sh,0.43,0.43,0.42,0.43,274577
2005/6/17,600063.sh,0.43,0.43,0.42,0.43,254592
2005/6/20,600063.sh,0.43,0.44,0.41,0.44,482167
2005/6/21,600063.sh,0.44,0.44,0.43,0.43,356082
2005/6/22,600063.sh,0.43,0.44,0.43,0.44,437346
2005/6/23,600063.sh,0.44,0.45,0.44,0.44,1148600
2005/6/24,600063.sh,0.44,0.44,0.43,0.44,421047
2005/6/27,600063.sh,0.46,0.48,0.45,0.47,3011841
2005/6/28,600063.sh,0.48,0.48,0.46,0.46,684895
2005/6/29,600063.sh,0.46,0.47,0.45,0.46,385100
2005/6/30,600063.sh,0.47,0.50,0.47,0.48,2020761
2005/7/1,600063.sh,0.48,0.53,0.47,0.52,4460390
2005/7/4,600063.sh,0.50,0.52,0.49,0.51,2708942
2005/7/5,600063.sh,0.50,0.51,0.49,0.49,1504565
2005/7/6,600063.sh,0.49,0.53,0.49,0.52,2819402
2005/7/7,600063.sh,0.52,0.53,0.51,0.53,3464253
2005/7/8,600063.sh,0.48,0.48,0.47,0.47,490200
2005/7/11,600063.sh,0.43,0.46,0.43,0.43,3896910
2005/7/12,600063.sh,0.42,0.43,0.40,0.43,3228306
2005/7/13,600063.sh,0.42,0.43,0.41,0.42,1979165
2005/7/14,600063.sh,0.41,0.42,0.40,0.42,1330554
2005/7/15,600063.sh,0.42,0.43,0.42,0.43,2596439
2005/7/18,600063.sh,0.43,0.43,0.41,0.42,543269
2005/7/19,600063.sh,0.42,0.44,0.41,0.43,791757
2005/7/20,600063.sh,0.43,0.43,0.42,0.42,600497
2005/7/21,600063.sh,0.42,0.43,0.40,0.41,761217
2005/7/22,600063.sh,0.41,0.43,0.41,0.42,1267871
2005/7/25,600063.sh,0.42,0.42,0.41,0.41,953945
2005/7/26,600063.sh,0.41,0.42,0.41,0.42,1304825
2005/7/27,600063.sh,0.42,0.43,0.42,0.43,1714248
2005/7/28,600063.sh,0.43,0.44,0.43,0.43,1752334
2005/7/29,600063.sh,0.43,0.43,0.42,0.43,788438
2005/8/1,600063.sh,0.43,0.43,0.43,0.43,805455
2005/8/2,600063.sh,0.43,0.44,0.43,0.44,1132588
2005/8/3,600063.sh,0.44,0.45,0.43,0.44,1848081
2005/8/4,600063.sh,0.44,0.44,0.43,0.43,1006377
2005/8/5,600063.sh,0.43,0.45,0.43,0.44,1192446
2005/8/8,600063.sh,0.45,0.45,0.44,0.45,1718125
2005/8/9,600063.sh,0.46,0.46,0.45,0.46,2003853
2005/8/10,600063.sh,0.46,0.46,0.45,0.46,1436842
2005/8/11,600063.sh,0.46,0.47,0.45,0.46,1959966
2005/8/12,600063.sh,0.46,0.46,0.44,0.44,1871800
2005/8/15,600063.sh,0.44,0.46,0.44,0.46,1632575
2005/8/16,600063.sh,0.46,0.47,0.45,0.47,2530856
2005/8/17,600063.sh,0.46,0.47,0.46,0.47,1725313
2005/8/18,600063.sh,0.47,0.48,0.45,0.45,2132976
2005/8/19,600063.sh,0.45,0.45,0.44,0.45,1372612
2005/8/22,600063.sh,0.46,0.47,0.45,0.47,1967667
2005/8/23,600063.sh,0.47,0.47,0.45,0.45,1930000
2005/8/24,600063.sh,0.45,0.46,0.45,0.46,1015837
2005/8/25,600063.sh,0.47,0.47,0.46,0.47,2355278
2005/8/26,600063.sh,0.47,0.48,0.46,0.47,1387811
2005/8/29,600063.sh,0.47,0.47,0.45,0.46,874999
2005/8/30,600063.sh,0.46,0.47,0.45,0.47,759631
2005/8/31,600063.sh,0.46,0.48,0.46,0.48,1641648
2005/9/1,600063.sh,0.48,0.49,0.47,0.49,1702632
2005/9/2,600063.sh,0.49,0.49,0.47,0.48,1193852
2005/9/5,600063.sh,0.48,0.49,0.47,0.49,1238208
2005/9/6,600063.sh,0.49,0.50,0.47,0.48,1496977
2005/9/7,600063.sh,0.49,0.49,0.47,0.49,2573405
2005/9/8,600063.sh,0.49,0.49,0.48,0.49,1178989
2005/9/9,600063.sh,0.49,0.49,0.47,0.48,972775
2005/9/12,600063.sh,0.48,0.49,0.47,0.48,533311
2005/9/13,600063.sh,0.48,0.50,0.48,0.50,2365590
2005/9/14,600063.sh,0.51,0.52,0.50,0.50,4184350
2005/9/15,600063.sh,0.50,0.51,0.50,0.50,961477
2005/9/16,600063.sh,0.50,0.51,0.50,0.51,969758
2005/9/19,600063.sh,0.51,0.51,0.50,0.51,805852
2005/9/20,600063.sh,0.51,0.51,0.49,0.49,1398826
2005/9/21,600063.sh,0.49,0.50,0.49,0.49,1071508
2005/9/22,600063.sh,0.49,0.49,0.46,0.47,1344148
2005/9/23,600063.sh,0.46,0.47,0.45,0.46,811949
2005/9/26,600063.sh,0.46,0.47,0.45,0.47,565268
2005/9/27,600063.sh,0.47,0.47,0.47,0.47,INVALID
2005/9/28,600063.sh,0.46,0.47,0.45,0.46,985671
2005/9/29,600063.sh,0.46,0.47,0.46,0.47,653324
2005/9/30,600063.sh,0.47,0.47,0.46,0.46,453718
2005/10/10,600063.sh,0.46,0.46,0.44,0.45,318066
2005/10/11,600063.sh,0.45,0.45,0.44,0.45,514669
2005/10/12,600063.sh,0.45,0.48,0.45,0.47,1143690
2005/10/13,600063.sh,0.48,0.48,0.47,0.47,1504098
2005/10/14,600063.sh,0.47,0.47,0.45,0.45,565312
2005/10/17,600063.sh,0.45,0.46,0.45,0.46,383959
2005/10/18,600063.sh,0.45,0.47,0.45,0.47,463807
2005/10/19,600063.sh,0.47,0.47,0.45,0.46,545500
2005/10/20,600063.sh,0.46,0.47,0.45,0.46,688257
2005/10/21,600063.sh,0.47,0.49,0.47,0.48,1920385
2005/10/24,600063.sh,0.47,0.50,0.47,0.49,1795006
2005/10/25,600063.sh,0.49,0.50,0.48,0.48,1178009
2005/10/26,600063.sh,0.48,0.49,0.46,0.46,882580
2005/10/27,600063.sh,0.46,0.47,0.45,0.46,647410
2005/10/28,600063.sh,0.46,0.46,0.43,0.43,913761
2005/10/31,600063.sh,0.43,0.44,0.42,0.43,551666
2005/11/1,600063.sh,0.43,0.43,0.42,0.43,480400
2005/11/2,600063.sh,0.43,0.45,0.43,0.45,820000
2005/11/3,600063.sh,0.44,0.45,0.43,0.43,598600
2005/11/4,600063.sh,0.43,0.45,0.43,0.45,666101
2005/11/7,600063.sh,0.45,0.45,0.44,0.44,406609
2005/11/8,600063.sh,0.44,0.45,0.44,0.45,734478
2005/11/9,600063.sh,0.45,0.45,0.44,0.44,423825
2005/11/10,600063.sh,0.44,0.44,0.42,0.43,613264
2005/11/11,600063.sh,0.42,0.43,0.42,0.43,382679
2005/11/14,600063.sh,0.43,0.43,0.42,0.43,170900
2005/11/15,600063.sh,0.43,0.44,0.43,0.43,371666
2005/11/16,600063.sh,0.43,0.43,0.42,0.43,224989
2005/11/17,600063.sh,0.43,0.44,0.43,0.43,224610
2005/11/18,600063.sh,0.43,0.44,0.43,0.44,615436
2005/11/21,600063.sh,0.44,0.44,0.44,0.44,368680
2005/11/22,600063.sh,0.44,0.44,0.43,0.43,319273
2005/11/23,600063.sh,0.43,0.43,0.43,0.43,349007
2005/11/24,600063.sh,0.43,0.44,0.43,0.44,433390
2005/11/25,600063.sh,0.43,0.44,0.43,0.43,320997
2005/11/28,600063.sh,0.43,0.44,0.43,0.43,223038
2005/11/29,600063.sh,0.43,0.43,0.42,0.42,555920
2005/11/30,600063.sh,0.42,0.42,0.42,0.42,242400
2005/12/1,600063.sh,0.42,0.43,0.42,0.42,232672
2005/12/2,600063.sh,0.42,0.42,0.42,0.42,273654
2005/12/5,600063.sh,0.42,0.43,0.42,0.43,562699
2005/12/6,600063.sh,0.43,0.43,0.42,0.42,860556
2005/12/7,600063.sh,0.42,0.43,0.42,0.42,284270
2005/12/8,600063.sh,0.43,0.43,0.42,0.42,208940
2005/12/9,600063.sh,0.42,0.43,0.42,0.43,239706
2005/12/12,600063.sh,0.43,0.43,0.42,0.43,326404
2005/12/13,600063.sh,0.43,0.43,0.42,0.43,276000
2005/12/14,600063.sh,0.42,0.43,0.42,0.43,311508
2005/12/15,600063.sh,0.43,0.43,0.43,0.43,413197
2005/12/16,600063.sh,0.43,0.43,0.43,0.43,367542
2005/12/19,600063.sh,0.43,0.43,0.43,0.43,219989
2005/12/20,600063.sh,0.43,0.44,0.43,0.44,724791
2005/12/21,600063.sh,0.44,0.44,0.43,0.43,300900
2005/12/22,600063.sh,0.43,0.43,0.42,0.43,290619
2005/12/23,600063.sh,0.43,0.43,0.42,0.43,425418
2005/12/26,600063.sh,0.43,0.44,0.43,0.43,491128
2005/12/27,600063.sh,0.44,0.44,0.43,0.43,284695
2005/12/28,600063.sh,0.43,0.43,0.43,0.43,277226
2005/12/29,600063.sh,0.43,0.44,0.43,0.44,629872
2005/12/30,600063.sh,0.44,0.44,0.43,0.43,381100
2006/1/4,600063.sh,0.43,0.44,0.42,0.44,431468
2006/1/5,600063.sh,0.43,0.44,0.43,0.44,1093072
2006/1/6,600063.sh,0.44,0.45,0.44,0.45,1219084
2006/1/9,600063.sh,0.44,0.45,0.44,0.45,872580
2006/1/10,600063.sh,0.45,0.46,0.45,0.45,783804
2006/1/11,600063.sh,0.45,0.45,0.44,0.45,579270
2006/1/12,600063.sh,0.45,0.46,0.45,0.46,698634
2006/1/13,600063.sh,0.45,0.46,0.45,0.46,805203
2006/1/16,600063.sh,0.46,0.47,0.45,0.45,739500
2006/1/17,600063.sh,0.45,0.45,0.44,0.45,481528
2006/1/18,600063.sh,0.45,0.46,0.45,0.46,543233
2006/1/19,600063.sh,0.46,0.47,0.45,0.46,1006773
2006/1/20,600063.sh,0.46,0.46,0.45,0.45,802127
2006/1/23,600063.sh,0.45,0.47,0.45,0.46,882616
2006/1/24,600063.sh,0.46,0.47,0.46,0.46,1102603
2006/1/25,600063.sh,0.46,0.47,0.45,0.46,692681
2006/2/6,600063.sh,0.46,0.47,0.46,0.47,1100633
2006/2/7,600063.sh,0.47,0.47,0.46,0.47,691283
2006/2/8,600063.sh,0.47,0.48,0.46,0.48,966337
2006/2/9,600063.sh,0.47,0.48,0.46,0.47,861089
2006/2/10,600063.sh,0.47,0.48,0.47,0.48,1236763
2006/2/13,600063.sh,0.48,0.50,0.47,0.50,1976725
2006/2/14,600063.sh,0.50,0.50,0.49,0.49,1180485
2006/2/15,600063.sh,0.49,0.50,0.49,0.49,1196305
2006/2/16,600063.sh,0.49,0.50,0.47,0.48,1517100
2006/2/17,600063.sh,0.48,0.49,0.47,0.48,987906
2006/2/20,600063.sh,0.48,0.49,0.47,0.48,525202
2006/2/21,600063.sh,0.48,0.50,0.47,0.50,1354389
2006/2/22,600063.sh,0.50,0.51,0.49,0.51,2222288
2006/2/23,600063.sh,0.50,0.50,0.49,0.50,1239298
2006/2/24,600063.sh,0.50,0.51,0.49,0.49,1280731
2006/2/27,600063.sh,0.49,0.49,0.49,0.49,INVALID
2006/2/28,600063.sh,0.49,0.49,0.49,0.49,INVALID
2006/3/1,600063.sh,0.49,0.49,0.49,0.49,INVALID
2006/3/2,600063.sh,0.49,0.49,0.49,0.49,INVALID
2006/3/3,600063.sh,0.49,0.49,0.49,0.49,INVALID
2006/3/6,600063.sh,0.49,0.49,0.49,0.49,INVALID
2006/3/7,600063.sh,0.49,0.49,0.49,0.49,INVALID
2006/3/8,600063.sh,0.49,0.49,0.49,0.49,INVALID
2006/3/9,600063.sh,0.45,0.48,0.45,0.46,691099
2006/3/10,600063.sh,0.47,0.47,0.46,0.46,235560
2006/3/13,600063.sh,0.46,0.47,0.45,0.47,306198
2006/3/14,600063.sh,0.47,0.48,0.46,0.48,373309
2006/3/15,600063.sh,0.48,0.48,0.47,0.47,384900
2006/3/16,600063.sh,0.49,0.49,0.47,0.48,393382
2006/3/17,600063.sh,0.49,0.49,0.48,0.49,895221
2006/3/20,600063.sh,0.49,0.49,0.48,0.49,270500
2006/3/21,600063.sh,0.51,0.51,0.49,0.49,673761
2006/3/22,600063.sh,0.49,0.49,0.48,0.48,638389
2006/3/23,600063.sh,0.48,0.49,0.47,0.49,1354856
2006/3/24,600063.sh,0.48,0.49,0.48,0.48,1378873
2006/3/27,600063.sh,0.48,0.48,0.48,0.48,INVALID
2006/3/28,600063.sh,0.48,0.48,0.48,0.48,INVALID
2006/3/29,600063.sh,0.48,0.48,0.48,0.48,INVALID
2006/3/30,600063.sh,0.48,0.48,0.48,0.48,INVALID
2006/3/31,600063.sh,0.48,0.48,0.48,0.48,INVALID
2006/4/3,600063.sh,0.48,0.48,0.48,0.48,INVALID
2006/4/4,600063.sh,0.48,0.48,0.48,0.48,INVALID
2006/4/5,600063.sh,0.48,0.48,0.48,0.48,INVALID
2006/4/6,600063.sh,0.48,0.48,0.48,0.48,INVALID
2006/4/7,600063.sh,0.48,0.48,0.48,0.48,INVALID
2006/4/10,600063.sh,0.48,0.48,0.48,0.48,INVALID
2006/4/11,600063.sh,0.48,0.48,0.48,0.48,INVALID
2006/4/12,600063.sh,0.48,0.48,0.48,0.48,INVALID
2006/4/13,600063.sh,0.49,0.52,0.49,0.51,7799964
2006/4/14,600063.sh,0.51,0.51,0.49,0.50,2852528
2006/4/17,600063.sh,0.50,0.51,0.50,0.51,2574553
2006/4/18,600063.sh,0.51,0.51,0.50,0.50,1918806
2006/4/19,600063.sh,0.51,0.51,0.49,0.50,1819591
2006/4/20,600063.sh,0.50,0.50,0.48,0.48,1498053
2006/4/21,600063.sh,0.48,0.49,0.47,0.49,1582081
2006/4/24,600063.sh,0.49,0.49,0.46,0.47,2019168
2006/4/25,600063.sh,0.46,0.47,0.45,0.47,1409320
2006/4/26,600063.sh,0.47,0.48,0.46,0.48,1501988
2006/4/27,600063.sh,0.48,0.51,0.48,0.50,3790234
2006/4/28,600063.sh,0.50,0.51,0.49,0.51,2533115
2006/5/8,600063.sh,0.51,0.52,0.50,0.52,3780446
2006/5/9,600063.sh,0.55,0.57,0.55,0.56,10321437
2006/5/10,600063.sh,0.56,0.56,0.53,0.55,4024490
2006/5/11,600063.sh,0.55,0.56,0.53,0.53,4244021
2006/5/12,600063.sh,0.53,0.55,0.52,0.54,3729753
2006/5/15,600063.sh,0.55,0.60,0.55,0.60,7710321
2006/5/16,600063.sh,0.61,0.63,0.57,0.58,10430113
2006/5/17,600063.sh,0.57,0.60,0.56,0.59,3601546
2006/5/18,600063.sh,0.59,0.60,0.57,0.59,3057276
2006/5/19,600063.sh,0.58,0.61,0.58,0.60,4022425
2006/5/22,600063.sh,0.60,0.66,0.59,0.64,7738836
2006/5/23,600063.sh,0.64,0.64,0.64,0.64,INVALID
2006/5/24,600063.sh,0.61,0.64,0.58,0.58,7876120
2006/5/25,600063.sh,0.58,0.58,0.55,0.57,3720055
2006/5/26,600063.sh,0.57,0.61,0.57,0.60,4430990
2006/5/29,600063.sh,0.62,0.62,0.60,0.61,4219089
2006/5/30,600063.sh,0.61,0.64,0.60,0.64,5161339
2006/5/31,600063.sh,0.64,0.64,0.60,0.60,8002204
2006/6/1,600063.sh,0.60,0.63,0.59,0.63,4124753
2006/6/2,600063.sh,0.64,0.69,0.63,0.66,10067006
2006/6/5,600063.sh,0.66,0.69,0.65,0.68,5483779
2006/6/6,600063.sh,0.68,0.68,0.65,0.66,3090763
2006/6/7,600063.sh,0.66,0.67,0.60,0.60,3731853
2006/6/8,600063.sh,0.59,0.60,0.55,0.59,3309577
2006/6/9,600063.sh,0.59,0.60,0.57,0.57,2298486
2006/6/12,600063.sh,0.57,0.58,0.55,0.56,1433449
2006/6/13,600063.sh,0.56,0.61,0.56,0.61,2629448
2006/6/14,600063.sh,0.60,0.61,0.58,0.59,2312157
2006/6/15,600063.sh,0.59,0.61,0.58,0.59,1489766
2006/6/16,600063.sh,0.59,0.61,0.59,0.61,1667073
2006/6/19,600063.sh,0.60,0.61,0.58,0.61,1721556
2006/6/20,600063.sh,0.60,0.61,0.59,0.61,1750307
2006/6/21,600063.sh,0.61,0.61,0.59,0.59,1232231
2006/6/22,600063.sh,0.59,0.64,0.58,0.62,3684605
2006/6/23,600063.sh,0.62,0.64,0.61,0.64,4445828
2006/6/26,600063.sh,0.64,0.66,0.64,0.64,3678622
2006/6/27,600063.sh,0.64,0.66,0.63,0.65,2198399
2006/6/28,600063.sh,0.64,0.65,0.64,0.64,1603663
2006/6/29,600063.sh,0.64,0.70,0.64,0.68,6377643
2006/6/30,600063.sh,0.68,0.69,0.66,0.66,3761351
2006/7/3,600063.sh,0.67,0.69,0.66,0.68,3481871
2006/7/4,600063.sh,0.68,0.69,0.65,0.66,2869399
2006/7/5,600063.sh,0.65,0.65,0.63,0.64,2400324
2006/7/6,600063.sh,0.64,0.66,0.63,0.66,2013115
2006/7/7,600063.sh,0.66,0.68,0.65,0.66,2521000
2006/7/10,600063.sh,0.66,0.67,0.64,0.66,1853611
2006/7/11,600063.sh,0.66,0.69,0.65,0.69,5047042
2006/7/12,600063.sh,0.69,0.69,0.67,0.67,3099595
2006/7/13,600063.sh,0.67,0.67,0.61,0.61,4447127
2006/7/14,600063.sh,0.60,0.62,0.59,0.60,2234009
2006/7/17,600063.sh,0.60,0.64,0.60,0.64,2022095
2006/7/18,600063.sh,0.64,0.69,0.63,0.67,6361425
2006/7/19,600063.sh,0.67,0.67,0.64,0.65,3314500
2006/7/20,600063.sh,0.69,0.72,0.69,0.72,4693863
2006/7/21,600063.sh,0.76,0.77,0.73,0.76,22400916
2006/7/24,600063.sh,0.74,0.77,0.72,0.76,9600167
2006/7/25,600063.sh,0.75,0.76,0.73,0.74,5754443
2006/7/26,600063.sh,0.74,0.76,0.73,0.73,5307217
2006/7/27,600063.sh,0.72,0.74,0.70,0.71,5160854
2006/7/28,600063.sh,0.71,0.72,0.69,0.71,3408773
2006/7/31,600063.sh,0.71,0.71,0.71,0.71,INVALID
2006/8/1,600063.sh,0.68,0.68,0.64,0.64,5003588
2006/8/2,600063.sh,0.64,0.65,0.62,0.64,2859753
2006/8/3,600063.sh,0.63,0.65,0.63,0.65,1815204
2006/8/4,600063.sh,0.64,0.66,0.58,0.60,3205805
2006/8/7,600063.sh,0.60,0.61,0.58,0.60,1842229
2006/8/8,600063.sh,0.60,0.63,0.60,0.63,2675430
2006/8/9,600063.sh,0.63,0.63,0.61,0.62,2034531
2006/8/10,600063.sh,0.63,0.64,0.62,0.63,2495452
2006/8/11,600063.sh,0.64,0.67,0.64,0.65,4932260
2006/8/14,600063.sh,0.64,0.67,0.61,0.67,5656584
2006/8/15,600063.sh,0.66,0.69,0.65,0.69,5798774
2006/8/16,600063.sh,0.68,0.69,0.67,0.68,3233335
2006/8/17,600063.sh,0.68,0.68,0.65,0.67,2557867
2006/8/18,600063.sh,0.66,0.67,0.65,0.65,1521260
2006/8/21,600063.sh,0.62,0.66,0.62,0.66,2091335
2006/8/22,600063.sh,0.65,0.67,0.65,0.66,2095239
2006/8/23,600063.sh,0.66,0.68,0.65,0.66,3432309
2006/8/24,600063.sh,0.66,0.66,0.64,0.66,1929848
2006/8/25,600063.sh,0.65,0.68,0.65,0.68,3884440
2006/8/28,600063.sh,0.68,0.70,0.68,0.69,4777472
2006/8/29,600063.sh,0.69,0.70,0.67,0.68,3647277
2006/8/30,600063.sh,0.68,0.71,0.67,0.71,4831067
2006/8/31,600063.sh,0.71,0.71,0.70,0.71,3468693
2006/9/1,600063.sh,0.71,0.71,0.68,0.68,3301997
2006/9/4,600063.sh,0.67,0.70,0.67,0.69,2054649
2006/9/5,600063.sh,0.70,0.70,0.68,0.69,2193162
2006/9/6,600063.sh,0.69,0.69,0.67,0.69,2127097
2006/9/7,600063.sh,0.69,0.69,0.66,0.67,1934460
2006/9/8,600063.sh,0.66,0.67,0.66,0.67,1130344
2006/9/11,600063.sh,0.68,0.69,0.67,0.69,2038245
2006/9/12,600063.sh,0.69,0.70,0.68,0.69,2274187
2006/9/13,600063.sh,0.69,0.69,0.67,0.67,1993394
2006/9/14,600063.sh,0.67,0.67,0.65,0.66,2023819
2006/9/15,600063.sh,0.66,0.67,0.65,0.66,1536573
2006/9/18,600063.sh,0.67,0.68,0.66,0.68,1345092
2006/9/19,600063.sh,0.68,0.69,0.67,0.68,2283186
2006/9/20,600063.sh,0.68,0.69,0.67,0.68,1439268
2006/9/21,600063.sh,0.68,0.70,0.68,0.68,1362075
2006/9/22,600063.sh,0.69,0.69,0.67,0.67,1298468
2006/9/25,600063.sh,0.68,0.69,0.67,0.69,2379154
2006/9/26,600063.sh,0.68,0.71,0.68,0.71,5862115
2006/9/27,600063.sh,0.71,0.71,0.69,0.70,2744840
2006/9/28,600063.sh,0.70,0.73,0.69,0.72,5134315
2006/9/29,600063.sh,0.72,0.73,0.71,0.73,3571002
2006/10/9,600063.sh,0.74,0.74,0.72,0.73,3671426
2006/10/10,600063.sh,0.74,0.76,0.73,0.75,5649851
2006/10/11,600063.sh,0.75,0.76,0.73,0.74,3454747
2006/10/12,600063.sh,0.75,0.75,0.71,0.71,3677378
2006/10/13,600063.sh,0.71,0.73,0.71,0.73,2464385
2006/10/16,600063.sh,0.73,0.75,0.72,0.73,4027998
2006/10/17,600063.sh,0.73,0.73,0.73,0.73,INVALID
2006/10/18,600063.sh,0.74,0.74,0.72,0.73,2254537
2006/10/19,600063.sh,0.73,0.74,0.72,0.73,2250333
2006/10/20,600063.sh,0.73,0.73,0.71,0.72,2276381
2006/10/23,600063.sh,0.72,0.73,0.67,0.68,2585661
2006/10/24,600063.sh,0.68,0.70,0.68,0.70,2143511
2006/10/25,600063.sh,0.69,0.70,0.67,0.68,2542484
2006/10/26,600063.sh,0.68,0.69,0.66,0.67,2008417
2006/10/27,600063.sh,0.68,0.68,0.66,0.66,1493691
2006/10/30,600063.sh,0.66,0.67,0.64,0.67,1994987
2006/10/31,600063.sh,0.67,0.68,0.67,0.68,1449475
2006/11/1,600063.sh,0.68,0.68,0.67,0.68,1407595
2006/11/2,600063.sh,0.68,0.68,0.66,0.67,1497231
2006/11/3,600063.sh,0.66,0.69,0.66,0.68,1730359
2006/11/6,600063.sh,0.66,0.70,0.66,0.68,1849213
2006/11/7,600063.sh,0.68,0.69,0.66,0.67,1615543
2006/11/8,600063.sh,0.67,0.68,0.66,0.68,915164
2006/11/9,600063.sh,0.67,0.69,0.67,0.68,1376946
2006/11/10,600063.sh,0.68,0.69,0.65,0.65,2153205
2006/11/13,600063.sh,0.65,0.66,0.61,0.61,1768887
2006/11/14,600063.sh,0.61,0.62,0.60,0.62,2070488
2006/11/15,600063.sh,0.62,0.63,0.61,0.63,1146037
2006/11/16,600063.sh,0.63,0.63,0.61,0.61,1363409
2006/11/17,600063.sh,0.61,0.62,0.61,0.62,828463
2006/11/20,600063.sh,0.61,0.62,0.60,0.61,1193476
2006/11/21,600063.sh,0.61,0.62,0.61,0.62,1067879
2006/11/22,600063.sh,0.62,0.64,0.61,0.64,2304372
2006/11/23,600063.sh,0.63,0.64,0.63,0.64,1345875
2006/11/24,600063.sh,0.64,0.64,0.63,0.64,1243279
2006/11/27,600063.sh,0.64,0.66,0.64,0.66,2420621
2006/11/28,600063.sh,0.65,0.66,0.65,0.65,1322893
2006/11/29,600063.sh,0.64,0.65,0.63,0.65,1531749
2006/11/30,600063.sh,0.65,0.66,0.65,0.66,2121981
2006/12/1,600063.sh,0.66,0.66,0.64,0.65,2327707
2006/12/4,600063.sh,0.65,0.66,0.65,0.66,2975859
2006/12/5,600063.sh,0.66,0.67,0.66,0.66,3023414
2006/12/6,600063.sh,0.66,0.67,0.63,0.65,3344246
2006/12/7,600063.sh,0.64,0.69,0.64,0.67,5438548
2006/12/8,600063.sh,0.67,0.67,0.63,0.64,3112240
2006/12/11,600063.sh,0.63,0.66,0.63,0.65,2616041
2006/12/12,600063.sh,0.65,0.65,0.65,0.65,INVALID
2006/12/13,600063.sh,0.69,0.72,0.67,0.68,5989265
2006/12/14,600063.sh,0.66,0.69,0.66,0.68,3091266
2006/12/15,600063.sh,0.69,0.75,0.69,0.74,11855623
2006/12/18,600063.sh,0.77,0.80,0.75,0.76,13382716
2006/12/19,600063.sh,0.84,0.84,0.84,0.84,3778962
2006/12/20,600063.sh,0.92,0.92,0.89,0.92,11888519
2006/12/21,600063.sh,0.98,1.01,0.95,0.98,27732906
2006/12/22,600063.sh,0.98,0.98,0.92,0.96,11290951
2006/12/25,600063.sh,0.93,0.98,0.93,0.95,7872776
2006/12/26,600063.sh,0.95,1.02,0.95,0.97,7753899
2006/12/27,600063.sh,0.98,1.00,0.95,0.95,6334917
2006/12/28,600063.sh,0.95,0.97,0.90,0.92,7085366
2006/12/29,600063.sh,0.95,1.01,0.93,0.98,12226620
2007/1/4,600063.sh,1.01,1.07,0.97,0.98,11875363
2007/1/5,600063.sh,0.97,1.01,0.95,1.01,7089749
2007/1/8,600063.sh,1.00,1.11,1.00,1.11,14180711
2007/1/9,600063.sh,1.13,1.21,1.12,1.18,11708797
2007/1/10,600063.sh,1.20,1.22,1.14,1.20,6701103
2007/1/11,600063.sh,1.20,1.21,1.15,1.15,5855668
2007/1/12,600063.sh,1.14,1.17,1.10,1.12,6402242
2007/1/15,600063.sh,1.14,1.23,1.14,1.23,7985203
2007/1/16,600063.sh,1.24,1.34,1.24,1.32,9099694
2007/1/17,600063.sh,1.32,1.34,1.24,1.26,8026218
2007/1/18,600063.sh,1.25,1.30,1.24,1.28,4749044
2007/1/19,600063.sh,1.28,1.39,1.28,1.34,5601647
2007/1/22,600063.sh,1.36,1.39,1.29,1.34,8635004
2007/1/23,600063.sh,1.36,1.36,1.23,1.31,10191668
2007/1/24,600063.sh,1.30,1.44,1.30,1.44,18602849
2007/1/25,600063.sh,1.39,1.50,1.36,1.44,13362501
2007/1/26,600063.sh,1.41,1.48,1.30,1.46,12040056
2007/1/29,600063.sh,1.48,1.57,1.47,1.56,11540290
2007/1/30,600063.sh,1.57,1.65,1.54,1.58,9338175
2007/1/31,600063.sh,1.60,1.71,1.57,1.61,10348697
2007/2/1,600063.sh,1.61,1.77,1.59,1.76,12796328
2007/2/2,600063.sh,1.77,1.82,1.64,1.65,12060099
2007/2/5,600063.sh,1.57,1.63,1.48,1.48,9553282
2007/2/6,600063.sh,1.44,1.53,1.34,1.51,9168318
2007/2/7,600063.sh,1.49,1.54,1.44,1.48,7205239
2007/2/8,600063.sh,1.48,1.61,1.46,1.59,7915816
2007/2/9,600063.sh,1.59,1.70,1.59,1.66,7302048
2007/2/12,600063.sh,1.68,1.70,1.61,1.67,5895237
2007/2/13,600063.sh,1.65,1.69,1.63,1.66,5227461
2007/2/14,600063.sh,1.66,1.72,1.63,1.68,6597964
2007/2/15,600063.sh,1.69,1.82,1.69,1.78,9455434
2007/2/16,600063.sh,1.80,1.85,1.73,1.74,7051738
2007/2/26,600063.sh,1.73,1.83,1.73,1.82,5787088
2007/2/27,600063.sh,1.82,1.82,1.63,1.63,6470544
2007/2/28,600063.sh,1.56,1.74,1.56,1.71,6677574
2007/3/1,600063.sh,1.72,1.73,1.59,1.63,4310573
2007/3/2,600063.sh,1.63,1.65,1.52,1.62,4367118
2007/3/5,600063.sh,1.62,1.67,1.55,1.61,3461431
2007/3/6,600063.sh,1.61,1.61,1.61,1.61,INVALID
2007/3/7,600063.sh,1.63,1.70,1.63,1.68,4390106
2007/3/8,600063.sh,1.68,1.80,1.66,1.79,6716681
2007/3/9,600063.sh,1.81,1.97,1.79,1.97,19542452
2007/3/12,600063.sh,2.00,2.07,1.97,2.04,10114329
2007/3/13,600063.sh,2.04,2.18,2.02,2.12,7844439
2007/3/14,600063.sh,2.22,2.22,2.06,2.06,13831112
2007/3/15,600063.sh,2.00,2.07,1.98,2.01,9348267
2007/3/16,600063.sh,2.01,2.14,2.01,2.12,8824081
2007/3/19,600063.sh,2.08,2.23,2.04,2.10,8505830
2007/3/20,600063.sh,2.13,2.15,2.05,2.08,4973164
2007/3/21,600063.sh,2.08,2.09,1.99,2.07,7337265
2007/3/22,600063.sh,2.08,2.09,2.02,2.04,5063247
2007/3/23,600063.sh,2.02,2.05,1.97,2.03,4323774
2007/3/26,600063.sh,2.05,2.07,2.03,2.07,4747502
2007/3/27,600063.sh,2.06,2.16,2.03,2.14,7647921
2007/3/28,600063.sh,2.15,2.23,2.03,2.09,8675510
2007/3/29,600063.sh,2.09,2.12,1.98,2.00,5518561
2007/3/30,600063.sh,2.00,2.04,1.97,2.02,3379238
2007/4/2,600063.sh,2.03,2.07,2.02,2.07,4260991
2007/4/3,600063.sh,2.07,2.13,2.04,2.11,9406019
2007/4/4,600063.sh,2.12,2.16,2.09,2.12,7409651
2007/4/5,600063.sh,2.11,2.21,2.09,2.19,13000301
2007/4/6,600063.sh,2.19,2.30,2.17,2.27,15052667
2007/4/9,600063.sh,2.31,2.33,2.22,2.28,12689899
2007/4/10,600063.sh,2.32,2.37,2.23,2.30,13707258
2007/4/11,600063.sh,2.32,2.34,2.23,2.31,10172145
2007/4/12,600063.sh,2.32,2.44,2.29,2.41,12743595
2007/4/13,600063.sh,2.40,2.40,2.31,2.33,9830502
2007/4/16,600063.sh,2.30,2.37,2.29,2.33,8811264
2007/4/17,600063.sh,2.34,2.48,2.33,2.46,11624166
2007/4/18,600063.sh,2.48,2.67,2.46,2.63,12112933
2007/4/19,600063.sh,2.63,2.71,2.36,2.41,15838144
2007/4/20,600063.sh,2.46,2.65,2.45,2.65,14579024
2007/4/23,600063.sh,2.79,2.92,2.79,2.92,7806328
2007/4/24,600063.sh,3.18,3.18,2.91,2.95,19293389
2007/4/25,600063.sh,2.94,2.94,2.77,2.84,13653378
2007/4/26,600063.sh,2.88,3.02,2.78,2.98,11442942
2007/4/27,600063.sh,2.97,3.17,2.90,3.13,14085004
2007/4/30,600063.sh,3.12,3.44,3.12,3.44,14828967
2007/5/8,600063.sh,3.69,3.78,3.57,3.78,11077791
2007/5/9,600063.sh,3.75,3.75,3.41,3.66,19506118
2007/5/10,600063.sh,3.55,3.61,3.35,3.42,12716387
2007/5/11,600063.sh,3.33,3.53,3.26,3.41,8366517
2007/5/14,600063.sh,3.29,3.37,3.26,3.29,7725424
2007/5/15,600063.sh,3.33,3.39,3.04,3.10,11075145
2007/5/16,600063.sh,3.06,3.40,3.00,3.35,9633184
2007/5/17,600063.sh,3.36,3.52,3.32,3.42,9837039
2007/5/18,600063.sh,3.39,3.46,3.30,3.32,7247314
2007/5/21,600063.sh,3.16,3.46,3.12,3.37,10232145
2007/5/22,600063.sh,3.37,3.37,3.37,3.37,INVALID
2007/5/23,600063.sh,3.57,3.57,3.43,3.46,10714117
2007/5/24,600063.sh,3.48,3.57,3.36,3.50,11105011
2007/5/25,600063.sh,3.50,3.85,3.45,3.83,18216761
2007/5/28,600063.sh,3.93,4.07,3.84,3.86,17621117
2007/5/29,600063.sh,3.87,3.97,3.68,3.89,11922064
2007/5/30,600063.sh,3.50,3.66,3.50,3.50,10929368
2007/5/31,600063.sh,3.18,3.34,3.15,3.15,11782199
2007/6/1,600063.sh,3.16,3.27,2.84,2.84,13540543
2007/6/4,600063.sh,2.90,2.95,2.55,2.55,9527436
2007/6/5,600063.sh,2.42,2.71,2.30,2.69,13025956
2007/6/6,600063.sh,2.68,2.79,2.52,2.68,10965912
2007/6/7,600063.sh,2.70,2.95,2.66,2.95,11989144
2007/6/8,600063.sh,2.98,3.10,2.86,3.02,12436583
2007/6/11,600063.sh,3.31,3.32,3.25,3.32,10757869
2007/6/12,600063.sh,3.38,3.50,3.13,3.43,14052641
2007/6/13,600063.sh,3.44,3.64,3.42,3.45,12374381
2007/6/14,600063.sh,3.42,3.53,3.29,3.47,8985949
2007/6/15,600063.sh,3.43,3.82,3.40,3.82,15723013
2007/6/18,600063.sh,4.14,4.20,3.90,4.00,18718156
2007/6/19,600063.sh,3.93,4.40,3.84,4.40,14805924
2007/6/20,600063.sh,4.58,4.64,4.20,4.23,13701030
2007/6/21,600063.sh,4.22,4.50,4.03,4.28,12015545
2007/6/22,600063.sh,4.33,4.37,3.85,3.94,11985048
2007/6/25,600063.sh,3.92,4.02,3.54,3.54,14115713
2007/6/26,600063.sh,3.40,3.66,3.24,3.65,7838651
2007/6/27,600063.sh,3.66,4.01,3.62,4.01,13312705
2007/6/28,600063.sh,4.11,4.31,4.01,4.12,17853964
2007/6/29,600063.sh,4.38,4.40,4.11,4.27,21552402
2007/7/2,600063.sh,4.47,4.47,3.84,3.84,11148477
2007/7/3,600063.sh,4.11,4.11,3.46,3.50,17420732
2007/7/4,600063.sh,3.18,3.50,3.15,3.22,10004173
2007/7/5,600063.sh,3.07,3.18,2.89,2.89,9538300
2007/7/6,600063.sh,2.82,3.18,2.68,3.14,13953385
2007/7/9,600063.sh,3.09,3.22,3.04,3.14,10548154
2007/7/10,600063.sh,3.08,3.34,2.98,3.19,9933938
2007/7/11,600063.sh,3.11,3.21,3.02,3.09,4587414
2007/7/12,600063.sh,3.10,3.13,2.98,3.01,3934945
2007/7/13,600063.sh,3.00,3.05,2.93,2.96,2971423
2007/7/16,600063.sh,2.94,3.00,2.70,2.72,4567343
2007/7/17,600063.sh,2.69,2.80,2.64,2.75,5245555
2007/7/18,600063.sh,2.74,2.79,2.67,2.72,5304524
2007/7/19,600063.sh,2.72,2.99,2.72,2.99,10846328
2007/7/20,600063.sh,2.99,3.10,2.86,3.05,9996600
2007/7/23,600063.sh,3.04,3.28,3.04,3.25,9217131
2007/7/24,600063.sh,3.27,3.50,3.22,3.27,8630323
2007/7/25,600063.sh,3.26,3.39,3.23,3.37,6870808
2007/7/26,600063.sh,3.46,3.60,3.43,3.54,10022813
2007/7/27,600063.sh,3.57,3.61,3.43,3.61,8432366
2007/7/30,600063.sh,3.61,3.78,3.57,3.70,6793885
2007/7/31,600063.sh,3.71,3.98,3.68,3.92,8817163
2007/8/1,600063.sh,3.89,4.24,3.57,3.96,22150005
2007/8/2,600063.sh,3.99,4.09,3.83,4.01,14372696
2007/8/3,600063.sh,4.08,4.12,3.92,4.04,10909109
2007/8/6,600063.sh,4.03,4.03,3.82,3.88,9305641
2007/8/7,600063.sh,3.85,3.98,3.59,3.91,12505433
2007/8/8,600063.sh,3.79,3.98,3.73,3.91,6898854
2007/8/9,600063.sh,3.84,3.93,3.75,3.85,5489637
2007/8/10,600063.sh,3.86,3.88,3.57,3.62,5252015
2007/8/13,600063.sh,3.57,3.68,3.47,3.48,4654108
2007/8/14,600063.sh,3.48,3.83,3.48,3.83,5684870
2007/8/15,600063.sh,3.91,3.98,3.74,3.83,7004330
2007/8/16,600063.sh,3.66,3.94,3.57,3.87,10419071
2007/8/17,600063.sh,3.77,3.93,3.72,3.74,4810830
2007/8/20,600063.sh,3.84,3.91,3.74,3.89,6538121
2007/8/21,600063.sh,3.92,4.11,3.81,3.99,13456473
2007/8/22,600063.sh,3.88,4.03,3.85,3.88,8344653
2007/8/23,600063.sh,3.87,4.03,3.87,3.92,7983217
2007/8/24,600063.sh,3.97,3.98,3.85,3.87,7259870
2007/8/27,600063.sh,3.93,3.93,3.67,3.70,8321525
2007/8/28,600063.sh,3.64,3.75,3.59,3.64,6016067
2007/8/29,600063.sh,3.61,3.79,3.61,3.72,4817475
2007/8/30,600063.sh,3.73,3.79,3.67,3.75,4111985
2007/8/31,600063.sh,3.75,3.84,3.72,3.82,4756758
2007/9/3,600063.sh,3.84,4.01,3.82,3.93,7993002
2007/9/4,600063.sh,3.98,3.98,3.73,3.79,5190998
2007/9/5,600063.sh,3.79,3.79,3.79,3.79,INVALID
2007/9/6,600063.sh,3.77,3.93,3.68,3.89,6886844
2007/9/7,600063.sh,3.81,4.16,3.81,4.09,16852960
2007/9/10,600063.sh,4.04,4.40,3.90,4.39,15730206
2007/9/11,600063.sh,4.35,4.56,3.95,4.01,10772321
2007/9/12,600063.sh,3.97,4.18,3.91,4.06,7449091
2007/9/13,600063.sh,4.09,4.09,3.75,3.98,5442922
2007/9/14,600063.sh,3.98,4.10,3.89,4.02,4528056
2007/9/17,600063.sh,3.98,4.11,3.97,4.04,5068033
2007/9/18,600063.sh,4.01,4.29,3.96,4.09,8289039
2007/9/19,600063.sh,4.04,4.33,4.02,4.25,10374197
2007/9/20,600063.sh,4.31,4.61,4.29,4.45,11648393
2007/9/21,600063.sh,4.43,4.43,4.14,4.27,6356444
2007/9/24,600063.sh,4.31,4.52,4.27,4.45,7601482
2007/9/25,600063.sh,4.47,4.68,4.45,4.46,7494675
2007/9/26,600063.sh,4.45,4.82,4.38,4.63,9903347
2007/9/27,600063.sh,4.63,4.77,4.49,4.71,8181435
2007/9/28,600063.sh,4.71,5.06,4.66,4.96,13992612
2007/10/8,600063.sh,5.00,5.09,4.46,4.50,19935798
2007/10/9,600063.sh,4.50,4.53,4.11,4.49,13077850
2007/10/10,600063.sh,4.38,4.45,4.25,4.44,9258383
2007/10/11,600063.sh,4.43,4.47,4.18,4.19,7639145
2007/10/12,600063.sh,4.18,4.29,3.77,4.06,7875218
2007/10/15,600063.sh,4.07,4.43,4.07,4.40,7664900
2007/10/16,600063.sh,4.45,4.46,4.19,4.22,4945213
2007/10/17,600063.sh,4.21,4.21,4.05,4.09,4151520
2007/10/18,600063.sh,4.09,4.23,4.06,4.15,2754173
2007/10/19,600063.sh,4.06,4.19,4.00,4.12,2488310
2007/10/22,600063.sh,4.11,4.31,4.03,4.15,4012124
2007/10/23,600063.sh,4.20,4.29,4.14,4.26,3889925
2007/10/24,600063.sh,4.44,4.44,4.13,4.14,5850160
2007/10/25,600063.sh,4.11,4.11,3.72,3.72,5378916
2007/10/26,600063.sh,3.57,3.67,3.35,3.46,3489394
2007/10/29,600063.sh,3.57,3.81,3.52,3.81,3810115
2007/10/30,600063.sh,3.81,3.84,3.47,3.55,5530608
2007/10/31,600063.sh,3.57,3.70,3.48,3.63,4482286
2007/11/1,600063.sh,3.57,3.62,3.36,3.37,4570988
2007/11/2,600063.sh,3.31,3.31,3.13,3.16,4392239
2007/11/5,600063.sh,3.17,3.30,3.17,3.20,2482629
2007/11/6,600063.sh,3.24,3.25,3.13,3.21,2082870
2007/11/7,600063.sh,3.25,3.25,2.99,3.07,2725949
2007/11/8,600063.sh,3.07,3.07,2.82,2.84,4393618
2007/11/9,600063.sh,2.82,2.93,2.82,2.86,2538593
2007/11/12,600063.sh,2.82,2.86,2.62,2.77,2612824
2007/11/13,600063.sh,2.81,2.85,2.68,2.79,2242039
2007/11/14,600063.sh,2.80,2.93,2.76,2.92,2914433
2007/11/15,600063.sh,2.91,2.92,2.82,2.86,2126396
2007/11/16,600063.sh,2.82,2.92,2.76,2.91,1899106
2007/11/19,600063.sh,2.92,3.00,2.89,3.00,2335213
2007/11/20,600063.sh,3.01,3.09,2.95,3.04,3180234
2007/11/21,600063.sh,3.06,3.06,2.88,2.89,2986447
2007/11/22,600063.sh,2.86,2.86,2.68,2.69,2336727
2007/11/23,600063.sh,2.70,2.77,2.68,2.77,1494472
2007/11/26,600063.sh,2.78,2.94,2.78,2.83,3295513
2007/11/27,600063.sh,2.80,2.84,2.76,2.78,1249666
2007/11/28,600063.sh,2.78,2.83,2.76,2.80,729955
2007/11/29,600063.sh,2.82,2.90,2.75,2.88,1662181
2007/11/30,600063.sh,2.86,2.86,2.78,2.78,1039193
2007/12/3,600063.sh,2.77,2.84,2.77,2.81,651643
2007/12/4,600063.sh,2.84,2.87,2.80,2.83,1174767
2007/12/5,600063.sh,2.84,2.93,2.82,2.91,2134563
2007/12/6,600063.sh,2.92,2.93,2.85,2.87,1580542
2007/12/7,600063.sh,2.90,2.95,2.88,2.92,2180923
2007/12/10,600063.sh,2.89,3.03,2.86,3.02,4051657
2007/12/11,600063.sh,3.04,3.10,2.97,3.09,4603071
2007/12/12,600063.sh,3.11,3.39,3.09,3.30,8640364
2007/12/13,600063.sh,3.31,3.48,3.25,3.33,7429125
2007/12/14,600063.sh,3.29,3.37,3.19,3.34,4419207
2007/12/17,600063.sh,3.36,3.47,3.34,3.37,3123978
2007/12/18,600063.sh,3.39,3.44,3.29,3.30,2443371
2007/12/19,600063.sh,3.29,3.39,3.27,3.36,2759839
2007/12/20,600063.sh,3.38,3.48,3.38,3.42,4615827
2007/12/21,600063.sh,3.42,3.46,3.33,3.41,3096798
2007/12/24,600063.sh,3.44,3.60,3.39,3.51,5161523
2007/12/25,600063.sh,3.49,3.63,3.49,3.62,4478896
2007/12/26,600063.sh,3.62,3.68,3.56,3.66,3025135
2007/12/27,600063.sh,3.62,3.77,3.62,3.76,4251975
2007/12/28,600063.sh,3.75,3.82,3.67,3.69,2062462
2008/1/2,600063.sh,3.73,3.82,3.73,3.82,2546123
2008/1/3,600063.sh,4.11,4.11,3.75,3.80,5254323
2008/1/4,600063.sh,3.79,3.85,3.69,3.76,4181601
2008/1/7,600063.sh,3.70,3.93,3.66,3.93,5156675
2008/1/8,600063.sh,3.96,4.05,3.85,3.88,4672312
2008/1/9,600063.sh,3.84,4.07,3.82,4.02,4325553
2008/1/10,600063.sh,4.06,4.15,3.99,4.13,7465368
2008/1/11,600063.sh,4.13,4.16,4.05,4.14,3609900
2008/1/14,600063.sh,4.11,4.41,4.11,4.32,6117261
2008/1/15,600063.sh,4.32,4.35,4.23,4.26,2889797
2008/1/16,600063.sh,4.22,4.29,4.05,4.17,4522589
2008/1/17,600063.sh,4.11,4.32,3.79,3.96,5840149
2008/1/18,600063.sh,3.91,4.02,3.81,3.95,3555213
2008/1/21,600063.sh,4.03,4.07,3.84,3.86,4344233
2008/1/22,600063.sh,3.75,3.79,3.47,3.47,5870765
2008/1/23,600063.sh,3.52,3.72,3.39,3.70,6442442
2008/1/24,600063.sh,3.75,3.84,3.67,3.73,3768726
2008/1/25,600063.sh,3.73,3.85,3.68,3.75,3089930
2008/1/28,600063.sh,3.79,3.80,3.37,3.38,3492722
2008/1/29,600063.sh,3.38,3.55,3.26,3.38,1798640
2008/1/30,600063.sh,3.47,3.55,3.28,3.47,3006170
2008/1/31,600063.sh,3.47,3.55,3.36,3.37,1106209
2008/2/1,600063.sh,3.36,3.45,3.03,3.04,1808090
2008/2/4,600063.sh,3.17,3.30,3.12,3.30,1981494
2008/2/5,600063.sh,3.31,3.44,3.22,3.39,1613372
2008/2/13,600063.sh,3.39,3.61,3.34,3.48,1885368
2008/2/14,600063.sh,3.56,3.56,3.36,3.56,1284069
2008/2/15,600063.sh,3.56,3.66,3.53,3.62,3950062
2008/2/18,600063.sh,3.63,3.72,3.61,3.63,1853807
2008/2/19,600063.sh,3.64,3.69,3.59,3.67,1836489
2008/2/20,600063.sh,3.71,3.71,3.50,3.52,2302320
2008/2/21,600063.sh,3.50,3.56,3.41,3.53,1542241
2008/2/22,600063.sh,3.54,3.59,3.31,3.42,1481085
2008/2/25,600063.sh,3.43,3.47,3.31,3.31,1284840
2008/2/26,600063.sh,3.32,3.43,3.20,3.36,1224908
2008/2/27,600063.sh,3.32,3.42,3.32,3.41,1234216
2008/2/28,600063.sh,3.38,3.43,3.34,3.37,1227582
2008/2/29,600063.sh,3.37,3.41,3.34,3.39,980673
2008/3/3,600063.sh,3.39,3.52,3.32,3.51,1735703
2008/3/4,600063.sh,3.51,3.68,3.47,3.66,3622689
2008/3/5,600063.sh,3.65,3.71,3.50,3.61,2753005
2008/3/6,600063.sh,3.64,3.70,3.57,3.69,2425410
2008/3/7,600063.sh,3.69,3.80,3.61,3.67,2687463
2008/3/10,600063.sh,3.62,3.66,3.36,3.43,1637836
2008/3/11,600063.sh,3.43,3.46,3.32,3.41,1159742
2008/3/12,600063.sh,3.51,3.54,3.33,3.36,1324957
2008/3/13,600063.sh,3.32,3.33,3.05,3.12,1906839
2008/3/14,600063.sh,3.14,3.17,3.02,3.17,1019240
2008/3/17,600063.sh,3.13,3.16,2.89,2.90,974390
2008/3/18,600063.sh,2.87,2.92,2.68,2.78,1262154
2008/3/19,600063.sh,2.86,2.93,2.80,2.87,2516635
2008/3/20,600063.sh,2.88,3.03,2.70,2.98,1521436
2008/3/21,600063.sh,2.95,3.06,2.93,3.00,1378682
2008/3/24,600063.sh,3.04,3.08,2.86,2.89,1170450
2008/3/25,600063.sh,2.86,2.91,2.79,2.89,1022881
2008/3/26,600063.sh,2.89,3.00,2.89,2.91,1005759
2008/3/27,600063.sh,2.85,2.86,2.72,2.80,1489775
2008/3/28,600063.sh,2.77,2.89,2.70,2.89,1352499
2008/3/31,600063.sh,2.86,2.86,2.65,2.70,1287858
2008/4/1,600063.sh,2.62,2.73,2.43,2.43,1517666
2008/4/2,600063.sh,2.45,2.54,2.25,2.28,1274641
2008/4/3,600063.sh,2.22,2.37,2.22,2.32,1096570
2008/4/7,600063.sh,2.32,2.56,2.27,2.53,2122548
2008/4/8,600063.sh,2.53,2.68,2.49,2.54,3608130
2008/4/9,600063.sh,2.52,2.55,2.36,2.38,2833699
2008/4/10,600063.sh,2.38,2.38,2.38,2.38,INVALID
2008/4/11,600063.sh,2.47,2.53,2.45,2.47,2207635
2008/4/14,600063.sh,2.38,2.47,2.22,2.23,2379306
2008/4/15,600063.sh,2.23,2.30,2.18,2.29,1412696
2008/4/16,600063.sh,2.28,2.33,2.22,2.23,944671
2008/4/17,600063.sh,2.26,2.28,2.15,2.20,1226427
2008/4/18,600063.sh,2.16,2.22,2.02,2.05,1892912
2008/4/21,600063.sh,2.19,2.25,2.04,2.12,2863647
2008/4/22,600063.sh,2.07,2.11,1.94,2.07,1648591
2008/4/23,600063.sh,2.05,2.21,2.02,2.20,2879307
2008/4/24,600063.sh,2.42,2.42,2.36,2.42,4407838
2008/4/25,600063.sh,2.55,2.66,2.52,2.66,9909807
2008/4/28,600063.sh,2.66,2.89,2.61,2.77,13823703
2008/4/29,600063.sh,2.72,2.87,2.70,2.83,7713745
2008/4/30,600063.sh,2.80,2.94,2.79,2.86,9305145
2008/5/5,600063.sh,2.88,2.91,2.76,2.86,7323464
2008/5/6,600063.sh,2.82,3.00,2.80,2.91,7515922
2008/5/7,600063.sh,2.88,3.00,2.73,2.75,5599726
2008/5/8,600063.sh,2.72,2.86,2.70,2.84,3990875
2008/5/9,600063.sh,2.86,2.90,2.77,2.90,4519277
2008/5/12,600063.sh,2.86,3.19,2.84,3.14,9114045
2008/5/13,600063.sh,3.04,3.18,3.00,3.06,6795450
2008/5/14,600063.sh,3.02,3.22,3.02,3.21,5029046
2008/5/15,600063.sh,3.19,3.27,3.13,3.18,6459465
2008/5/16,600063.sh,3.18,3.28,3.03,3.10,4497117
2008/5/19,600063.sh,3.10,3.33,3.01,3.08,2678750
2008/5/20,600063.sh,3.06,3.10,2.77,2.77,6146336
2008/5/21,600063.sh,2.70,3.05,2.69,3.05,9117697
2008/5/22,600063.sh,3.05,3.18,2.96,2.96,8623818
2008/5/23,600063.sh,2.96,3.02,2.79,2.81,5316412
2008/5/26,600063.sh,2.82,2.82,2.68,2.69,3814338
2008/5/27,600063.sh,2.68,2.77,2.66,2.75,2430812
2008/5/28,600063.sh,2.79,2.85,2.72,2.81,4336935
2008/5/29,600063.sh,2.81,2.86,2.67,2.68,4317042
2008/5/30,600063.sh,2.69,2.84,2.60,2.79,5285305
2008/6/2,600063.sh,2.68,2.77,2.68,2.72,3207658
2008/6/3,600063.sh,2.73,2.75,2.67,2.69,2780746
2008/6/4,600063.sh,2.69,2.70,2.61,2.68,2302050
2008/6/5,600063.sh,2.71,2.78,2.65,2.75,3013418
2008/6/6,600063.sh,2.75,2.81,2.70,2.79,3437731
2008/6/10,600063.sh,2.63,2.76,2.51,2.52,4189152
2008/6/11,600063.sh,2.50,2.54,2.42,2.47,2784120
2008/6/12,600063.sh,2.42,2.50,2.29,2.35,3125753
2008/6/13,600063.sh,2.28,2.40,2.21,2.23,2841823
2008/6/16,600063.sh,2.24,2.27,2.12,2.18,2241311
2008/6/17,600063.sh,2.19,2.26,1.97,2.01,2849856
2008/6/18,600063.sh,1.97,2.17,1.88,2.16,4270200
2008/6/19,600063.sh,2.12,2.12,1.95,1.95,3338508
2008/6/20,600063.sh,1.96,2.11,1.76,2.02,4224146
2008/6/23,600063.sh,1.99,2.02,1.94,1.96,1889394
2008/6/24,600063.sh,1.94,2.07,1.94,2.03,3116725
2008/6/25,600063.sh,2.06,2.22,2.02,2.21,5168626
2008/6/26,600063.sh,2.20,2.30,2.16,2.24,4741343
2008/6/27,600063.sh,2.15,2.17,2.02,2.04,4208507
2008/6/30,600063.sh,2.00,2.10,1.96,2.03,2122723
2008/7/1,600063.sh,2.06,2.06,1.99,2.00,1244842
2008/7/2,600063.sh,2.03,2.06,2.00,2.02,1463451
2008/7/3,600063.sh,2.02,2.17,1.97,2.14,4630267
2008/7/4,600063.sh,2.13,2.17,2.09,2.15,2473966
2008/7/7,600063.sh,2.14,2.27,2.14,2.25,3674796
2008/7/8,600063.sh,2.26,2.30,2.20,2.25,3850226
2008/7/9,600063.sh,2.27,2.37,2.27,2.35,5729519
2008/7/10,600063.sh,2.30,2.39,2.28,2.29,5457446
2008/7/11,600063.sh,2.27,2.31,2.17,2.19,4610446
2008/7/14,600063.sh,2.19,2.25,2.18,2.25,2632076
2008/7/15,600063.sh,2.24,2.27,2.10,2.11,4885036
2008/7/16,600063.sh,2.04,2.09,1.94,1.97,2897904
2008/7/17,600063.sh,2.02,2.04,1.94,1.95,2092922
2008/7/18,600063.sh,1.99,2.08,1.96,2.05,2741401
2008/7/21,600063.sh,2.08,2.23,2.06,2.22,5760713
2008/7/22,600063.sh,2.23,2.28,2.18,2.23,5939819
2008/7/23,600063.sh,2.24,2.28,2.19,2.22,4944351
2008/7/24,600063.sh,2.24,2.31,2.23,2.31,5774314
2008/7/25,600063.sh,2.31,2.38,2.25,2.25,12385563
2008/7/28,600063.sh,2.28,2.31,2.23,2.27,6464769
2008/7/29,600063.sh,2.25,2.25,2.17,2.18,4659324
2008/7/30,600063.sh,2.24,2.24,2.14,2.18,4149435
2008/7/31,600063.sh,2.18,2.22,2.07,2.07,4844751
2008/8/1,600063.sh,2.09,2.16,2.02,2.14,4110144
2008/8/4,600063.sh,2.14,2.14,2.05,2.06,1741242
2008/8/5,600063.sh,2.08,2.08,1.98,2.00,2354158
2008/8/6,600063.sh,2.01,2.08,1.99,2.02,3244282
2008/8/7,600063.sh,2.03,2.04,1.96,2.00,2370724
2008/8/8,600063.sh,2.00,2.00,1.81,1.82,3624713
2008/8/11,600063.sh,1.82,1.85,1.64,1.64,3225364
2008/8/12,600063.sh,1.64,1.64,1.64,1.64,INVALID
2008/8/13,600063.sh,1.62,1.67,1.53,1.61,3090300
2008/8/14,600063.sh,1.59,1.63,1.58,1.59,2227893
2008/8/15,600063.sh,1.61,1.63,1.55,1.59,1795970
2008/8/18,600063.sh,1.60,1.61,1.43,1.44,3173181
2008/8/19,600063.sh,1.40,1.46,1.40,1.46,1822588
2008/8/20,600063.sh,1.44,1.60,1.42,1.60,4645868
2008/8/21,600063.sh,1.61,1.70,1.59,1.62,10552928
2008/8/22,600063.sh,1.57,1.60,1.48,1.53,6349674
2008/8/25,600063.sh,1.52,1.55,1.46,1.49,2968014
2008/8/26,600063.sh,1.46,1.47,1.37,1.39,3289174
2008/8/27,600063.sh,1.40,1.46,1.38,1.42,3494511
2008/8/28,600063.sh,1.40,1.49,1.40,1.46,3458455
2008/8/29,600063.sh,1.45,1.55,1.44,1.51,4173177
2008/9/1,600063.sh,1.49,1.49,1.42,1.44,2367091
2008/9/2,600063.sh,1.44,1.55,1.42,1.52,5063528
2008/9/3,600063.sh,1.48,1.53,1.46,1.51,4001137
2008/9/4,600063.sh,1.52,1.55,1.49,1.52,3381496
2008/9/5,600063.sh,1.48,1.48,1.40,1.41,4046254
2008/9/8,600063.sh,1.41,1.45,1.34,1.36,3074460
2008/9/9,600063.sh,1.36,1.41,1.35,1.39,2913933
2008/9/10,600063.sh,1.39,1.47,1.37,1.42,3283918
2008/9/11,600063.sh,1.42,1.45,1.35,1.38,4515218
2008/9/12,600063.sh,1.38,1.42,1.37,1.39,3002141
2008/9/16,600063.sh,1.39,1.39,1.30,1.31,5561756
2008/9/17,600063.sh,1.29,1.34,1.28,1.29,3269163
2008/9/18,600063.sh,1.26,1.29,1.16,1.24,5337826
2008/9/19,600063.sh,1.37,1.37,1.36,1.37,3966826
2008/9/22,600063.sh,1.50,1.50,1.43,1.50,18660425
2008/9/23,600063.sh,1.45,1.61,1.43,1.53,26769041
2008/9/24,600063.sh,1.45,1.59,1.45,1.59,13807063
2008/9/25,600063.sh,1.60,1.72,1.58,1.62,21597725
2008/9/26,600063.sh,1.64,1.64,1.56,1.62,11927681
2008/10/6,600063.sh,1.56,1.64,1.54,1.59,7300874
2008/10/7,600063.sh,1.51,1.54,1.43,1.45,11428138
2008/10/8,600063.sh,1.40,1.43,1.38,1.40,5364183
2008/10/9,600063.sh,1.44,1.45,1.38,1.39,4468525
2008/10/10,600063.sh,1.29,1.35,1.28,1.29,4545485
2008/10/13,600063.sh,1.29,1.42,1.24,1.42,6969896
2008/10/14,600063.sh,1.46,1.48,1.29,1.32,7714223
2008/10/15,600063.sh,1.31,1.33,1.28,1.31,4301067
2008/10/16,600063.sh,1.22,1.28,1.21,1.22,4540509
2008/10/17,600063.sh,1.24,1.27,1.23,1.26,2931511
2008/10/20,600063.sh,1.24,1.35,1.22,1.33,4046610
2008/10/21,600063.sh,1.34,1.35,1.29,1.30,4633241
2008/10/22,600063.sh,1.27,1.31,1.23,1.23,3952341
2008/10/23,600063.sh,1.20,1.28,1.20,1.28,3057371
2008/10/24,600063.sh,1.27,1.28,1.23,1.24,2639049
2008/10/27,600063.sh,1.21,1.24,1.12,1.13,4038960
2008/10/28,600063.sh,1.10,1.22,1.10,1.21,5102422
2008/10/29,600063.sh,1.23,1.23,1.13,1.14,4684830
2008/10/30,600063.sh,1.16,1.20,1.14,1.16,3393428
2008/10/31,600063.sh,1.17,1.18,1.14,1.14,1686650
2008/11/3,600063.sh,1.13,1.15,1.10,1.10,2285196
2008/11/4,600063.sh,1.10,1.12,1.06,1.07,2470446
2008/11/5,600063.sh,1.09,1.14,1.09,1.12,3941188
2008/11/6,600063.sh,1.08,1.11,1.07,1.11,3027436
2008/11/7,600063.sh,1.10,1.15,1.09,1.15,5181923
2008/11/10,600063.sh,1.17,1.25,1.16,1.25,6694036
2008/11/11,600063.sh,1.26,1.28,1.22,1.22,7742576
2008/11/12,600063.sh,1.21,1.27,1.21,1.27,5872646
2008/11/13,600063.sh,1.26,1.36,1.24,1.32,9445995
2008/11/14,600063.sh,1.34,1.39,1.30,1.39,10850530
2008/11/17,600063.sh,1.41,1.53,1.41,1.53,19948267
2008/11/18,600063.sh,1.55,1.59,1.38,1.38,18718213
2008/11/19,600063.sh,1.38,1.50,1.32,1.50,12436760
2008/11/20,600063.sh,1.47,1.51,1.42,1.44,11081256
2008/11/21,600063.sh,1.38,1.46,1.34,1.41,10388947
2008/11/24,600063.sh,1.40,1.46,1.37,1.42,8256816
2008/11/25,600063.sh,1.45,1.45,1.37,1.42,9335013
2008/11/26,600063.sh,1.42,1.50,1.42,1.47,15206557
2008/11/27,600063.sh,1.59,1.59,1.44,1.44,16422290
2008/11/28,600063.sh,1.44,1.44,1.36,1.37,8706592
2008/12/1,600063.sh,1.34,1.42,1.34,1.41,6451100
2008/12/2,600063.sh,1.38,1.45,1.36,1.41,8780160
2008/12/3,600063.sh,1.42,1.56,1.41,1.56,19512575
2008/12/4,600063.sh,1.60,1.62,1.55,1.56,31969327
2008/12/5,600063.sh,1.53,1.59,1.52,1.59,9768817
2008/12/8,600063.sh,1.61,1.66,1.59,1.64,16822007
2008/12/9,600063.sh,1.65,1.66,1.55,1.55,14131421
2008/12/10,600063.sh,1.53,1.61,1.51,1.59,10817977
2008/12/11,600063.sh,1.59,1.59,1.59,1.59,INVALID
2008/12/12,600063.sh,1.50,1.53,1.43,1.45,10639686
2008/12/15,600063.sh,1.46,1.48,1.39,1.45,6548101
2008/12/16,600063.sh,1.42,1.46,1.39,1.45,4877295
2008/12/17,600063.sh,1.46,1.52,1.44,1.50,9239852
2008/12/18,600063.sh,1.50,1.53,1.47,1.53,8765108
2008/12/19,600063.sh,1.53,1.57,1.52,1.54,14694568
2008/12/22,600063.sh,1.54,1.55,1.49,1.52,5989336
2008/12/23,600063.sh,1.51,1.52,1.39,1.39,8212816
2008/12/24,600063.sh,1.37,1.38,1.33,1.35,5383603
2008/12/25,600063.sh,1.35,1.38,1.30,1.34,4139602
2008/12/26,600063.sh,1.34,1.35,1.31,1.32,3569674
2008/12/29,600063.sh,1.31,1.33,1.26,1.30,2693040
2008/12/30,600063.sh,1.31,1.33,1.29,1.31,2724752
2008/12/31,600063.sh,1.31,1.33,1.29,1.30,2944387
2009/1/5,600063.sh,1.32,1.36,1.31,1.35,4302510
2009/1/6,600063.sh,1.36,1.41,1.33,1.41,6514399
2009/1/7,600063.sh,1.40,1.42,1.38,1.38,4905075
2009/1/8,600063.sh,1.36,1.37,1.31,1.32,4153156
2009/1/9,600063.sh,1.32,1.37,1.32,1.36,3160888
2009/1/12,600063.sh,1.37,1.40,1.35,1.38,4664992
2009/1/13,600063.sh,1.36,1.37,1.33,1.34,3270389
2009/1/14,600063.sh,1.33,1.41,1.33,1.40,6060224
2009/1/15,600063.sh,1.39,1.46,1.37,1.45,10605208
2009/1/16,600063.sh,1.45,1.58,1.45,1.50,15966152
2009/1/19,600063.sh,1.52,1.54,1.46,1.50,9362544
2009/1/20,600063.sh,1.49,1.55,1.48,1.54,6424205
2009/1/21,600063.sh,1.51,1.56,1.51,1.55,8408900
2009/1/22,600063.sh,1.56,1.60,1.53,1.56,8479392
2009/1/23,600063.sh,1.60,1.60,1.56,1.56,11470665
2009/2/2,600063.sh,1.56,1.57,1.52,1.57,7764264
2009/2/3,600063.sh,1.58,1.62,1.57,1.60,10567250
2009/2/4,600063.sh,1.63,1.67,1.59,1.67,14761683
2009/2/5,600063.sh,1.65,1.69,1.59,1.60,15828646
2009/2/6,600063.sh,1.60,1.69,1.60,1.68,13382162
2009/2/9,600063.sh,1.71,1.76,1.70,1.74,18776457
2009/2/10,600063.sh,1.72,1.88,1.70,1.86,21089136
2009/2/11,600063.sh,1.82,1.93,1.79,1.83,22808642
2009/2/12,600063.sh,1.88,1.90,1.75,1.89,17883726
2009/2/13,600063.sh,1.88,1.95,1.87,1.94,19273774
2009/2/16,600063.sh,1.99,2.05,1.94,1.99,17805773
2009/2/17,600063.sh,1.99,1.99,1.87,1.88,15784507
2009/2/18,600063.sh,1.79,1.82,1.70,1.72,22312266
2009/2/19,600063.sh,1.73,1.76,1.70,1.74,12928826
2009/2/20,600063.sh,1.77,1.82,1.75,1.82,15023050
2009/2/23,600063.sh,1.81,1.87,1.75,1.85,16644657
2009/2/24,600063.sh,1.82,1.84,1.72,1.74,18675334
2009/2/25,600063.sh,1.75,1.81,1.72,1.81,17321422
2009/2/26,600063.sh,1.84,1.93,1.72,1.81,36630210
2009/2/27,600063.sh,1.74,1.76,1.63,1.63,14961402
2009/3/2,600063.sh,1.57,1.65,1.52,1.65,10328825
2009/3/3,600063.sh,1.59,1.65,1.56,1.61,7962227
2009/3/4,600063.sh,1.61,1.71,1.60,1.70,12942617
2009/3/5,600063.sh,1.73,1.85,1.70,1.83,25898247
2009/3/6,600063.sh,1.80,1.80,1.73,1.75,18711787
2009/3/9,600063.sh,1.75,1.77,1.61,1.62,12755791
2009/3/10,600063.sh,1.62,1.69,1.60,1.69,7432497
2009/3/11,600063.sh,1.72,1.74,1.66,1.67,9930077
2009/3/12,600063.sh,1.67,1.71,1.63,1.69,9233287
2009/3/13,600063.sh,1.69,1.70,1.64,1.64,9923710
2009/3/16,600063.sh,1.63,1.69,1.63,1.69,6687814
2009/3/17,600063.sh,1.71,1.76,1.69,1.75,17367842
2009/3/18,600063.sh,1.77,1.80,1.74,1.77,15772385
2009/3/19,600063.sh,1.77,1.80,1.74,1.80,12774792
2009/3/20,600063.sh,1.80,1.80,1.73,1.76,11234887
2009/3/23,600063.sh,1.77,1.83,1.75,1.81,15126123
2009/3/24,600063.sh,1.82,1.83,1.79,1.82,13013605
2009/3/25,600063.sh,1.83,1.86,1.77,1.78,19093891
2009/3/26,600063.sh,1.78,1.82,1.74,1.81,11127820
2009/3/27,600063.sh,1.83,1.85,1.81,1.84,13181062
2009/3/30,600063.sh,1.83,1.85,1.81,1.84,13429631
2009/3/31,600063.sh,1.80,1.84,1.75,1.84,8981401
2009/4/1,600063.sh,1.84,1.91,1.84,1.89,18544159
2009/4/2,600063.sh,1.91,1.92,1.87,1.89,17670962
2009/4/3,600063.sh,1.91,1.98,1.89,1.96,30565145
2009/4/7,600063.sh,1.98,2.02,1.92,1.97,15741450
2009/4/8,600063.sh,1.96,1.96,1.85,1.89,17413963
2009/4/9,600063.sh,1.89,1.89,1.89,1.89,INVALID
2009/4/10,600063.sh,1.92,2.07,1.91,2.07,32813849
2009/4/13,600063.sh,2.16,2.28,2.06,2.28,52812371
2009/4/14,600063.sh,2.24,2.38,2.22,2.34,36904608
2009/4/15,600063.sh,2.34,2.56,2.28,2.49,33726713
2009/4/16,600063.sh,2.50,2.56,2.36,2.42,29414733
2009/4/17,600063.sh,2.41,2.43,2.28,2.40,16328344
2009/4/20,600063.sh,2.36,2.50,2.32,2.47,23032732
2009/4/21,600063.sh,2.39,2.51,2.38,2.40,13458820
2009/4/22,600063.sh,2.43,2.49,2.28,2.32,25910516
2009/4/23,600063.sh,2.29,2.55,2.23,2.49,22967137
2009/4/24,600063.sh,2.46,2.71,2.46,2.61,32583807
2009/4/27,600063.sh,2.60,2.60,2.42,2.46,15401423
2009/4/28,600063.sh,2.41,2.51,2.35,2.38,10940099
2009/4/29,600063.sh,2.40,2.59,2.38,2.56,20098343
2009/4/30,600063.sh,2.58,2.66,2.49,2.60,17294268
2009/5/4,600063.sh,2.56,2.76,2.55,2.72,18852158
2009/5/5,600063.sh,2.73,2.76,2.62,2.67,18892833
2009/5/6,600063.sh,2.66,2.75,2.64,2.67,14377059
2009/5/7,600063.sh,2.71,2.78,2.59,2.71,17819763
2009/5/8,600063.sh,2.67,2.98,2.63,2.84,22795883
2009/5/11,600063.sh,2.87,2.93,2.74,2.74,17045793
2009/5/12,600063.sh,2.75,3.00,2.73,2.99,15976348
2009/5/13,600063.sh,2.99,3.07,2.91,2.96,14687012
2009/5/14,600063.sh,2.96,2.97,2.85,2.92,9250500
2009/5/15,600063.sh,2.92,3.01,2.84,2.88,9980907
2009/5/18,600063.sh,2.86,2.86,2.76,2.84,7454669
2009/5/19,600063.sh,2.85,2.95,2.79,2.94,13389149
2009/5/20,600063.sh,2.92,2.94,2.80,2.86,8807650
2009/5/21,600063.sh,2.82,2.85,2.58,2.68,14164700
2009/5/22,600063.sh,2.65,2.75,2.63,2.69,8350184
2009/5/25,600063.sh,2.58,2.67,2.53,2.64,7384118
2009/5/26,600063.sh,2.65,2.68,2.60,2.60,7734422
2009/5/27,600063.sh,2.63,2.67,2.58,2.65,6472915
2009/6/1,600063.sh,2.68,2.70,2.61,2.66,11073839
2009/6/2,600063.sh,2.66,2.73,2.61,2.67,13228920
2009/6/3,600063.sh,2.66,2.72,2.63,2.64,10416638
2009/6/4,600063.sh,2.64,2.66,2.48,2.58,16492493
2009/6/5,600063.sh,2.58,2.60,2.51,2.59,13063280
2009/6/8,600063.sh,2.60,2.65,2.53,2.61,7484803
2009/6/9,600063.sh,2.61,2.65,2.52,2.63,8417548
2009/6/10,600063.sh,2.63,2.72,2.62,2.69,13470435
2009/6/11,600063.sh,2.69,2.72,2.63,2.65,7603241
2009/6/12,600063.sh,2.63,2.67,2.51,2.60,7096999
2009/6/15,600063.sh,2.56,2.61,2.55,2.61,3838735
2009/6/16,600063.sh,2.58,2.63,2.54,2.59,5953342
2009/6/17,600063.sh,2.56,2.64,2.53,2.64,6618215
2009/6/18,600063.sh,2.67,2.89,2.67,2.85,25371522
2009/6/19,600063.sh,2.83,2.87,2.76,2.79,11586290
2009/6/22,600063.sh,2.80,2.85,2.67,2.69,10174339
2009/6/23,600063.sh,2.64,2.67,2.60,2.62,6542058
2009/6/24,600063.sh,2.61,2.69,2.58,2.69,7791919
2009/6/25,600063.sh,2.67,2.69,2.61,2.67,5632795
2009/6/26,600063.sh,2.67,2.77,2.66,2.74,12392707
2009/6/29,600063.sh,2.74,2.75,2.61,2.70,6676665
2009/6/30,600063.sh,2.71,2.74,2.64,2.71,7153660
2009/7/1,600063.sh,2.69,2.73,2.67,2.67,7045843
2009/7/2,600063.sh,2.67,2.69,2.62,2.66,6557790
2009/7/3,600063.sh,2.66,2.72,2.64,2.70,7711305
2009/7/6,600063.sh,2.70,2.79,2.67,2.74,14156879
2009/7/7,600063.sh,2.74,2.74,2.67,2.69,8177347
2009/7/8,600063.sh,2.67,2.73,2.66,2.72,7574748
2009/7/9,600063.sh,2.75,2.99,2.74,2.90,42298419
2009/7/10,600063.sh,2.85,2.91,2.79,2.80,23470268
2009/7/13,600063.sh,2.82,2.87,2.79,2.81,14522080
2009/7/14,600063.sh,2.83,2.90,2.81,2.88,14176374
2009/7/15,600063.sh,2.90,2.92,2.84,2.84,16875380
2009/7/16,600063.sh,2.85,2.87,2.78,2.79,14085696
2009/7/17,600063.sh,2.78,2.83,2.77,2.79,9152677
2009/7/20,600063.sh,2.80,2.94,2.80,2.87,15959716
2009/7/21,600063.sh,2.88,2.94,2.77,2.78,15731828
2009/7/22,600063.sh,2.77,2.84,2.77,2.83,11964873
2009/7/23,600063.sh,2.83,2.90,2.81,2.88,13588466
2009/7/24,600063.sh,2.88,2.95,2.84,2.92,22156359
2009/7/27,600063.sh,2.95,3.04,2.94,2.94,22733235
2009/7/28,600063.sh,2.93,2.94,2.87,2.94,15607097
2009/7/29,600063.sh,2.94,3.03,2.64,2.72,19029188
2009/7/30,600063.sh,2.74,2.79,2.56,2.65,15968925
2009/7/31,600063.sh,2.68,2.75,2.64,2.74,13336734
2009/8/3,600063.sh,2.73,2.99,2.73,2.98,22051736
2009/8/4,600063.sh,3.00,3.08,2.94,3.01,27647042
2009/8/5,600063.sh,3.01,3.13,2.97,3.05,23874967
2009/8/6,600063.sh,3.02,3.09,2.91,2.99,17567081
2009/8/7,600063.sh,2.98,3.29,2.98,3.20,51627253
2009/8/10,600063.sh,3.21,3.36,3.13,3.21,26551474
2009/8/11,600063.sh,3.20,3.29,3.04,3.05,18793736
2009/8/12,600063.sh,3.07,3.13,2.99,3.01,15004393
2009/8/13,600063.sh,3.03,3.05,2.88,2.94,9597476
2009/8/14,600063.sh,2.94,2.96,2.64,2.64,14682846
2009/8/17,600063.sh,2.59,2.71,2.48,2.49,12450694
2009/8/18,600063.sh,2.43,2.58,2.42,2.54,6215869
2009/8/19,600063.sh,2.54,2.55,2.34,2.35,7649826
2009/8/20,600063.sh,2.37,2.46,2.35,2.45,6211245
2009/8/21,600063.sh,2.44,2.52,2.38,2.51,8099825
2009/8/24,600063.sh,2.51,2.61,2.48,2.57,9522643
2009/8/25,600063.sh,2.53,2.55,2.40,2.47,9160208
2009/8/26,600063.sh,2.47,2.58,2.44,2.57,8427470
2009/8/27,600063.sh,2.56,2.64,2.51,2.59,8029003
2009/8/28,600063.sh,2.60,2.61,2.50,2.53,5527053
2009/8/31,600063.sh,2.51,2.51,2.28,2.29,7356446
2009/9/1,600063.sh,2.29,2.34,2.25,2.26,4012357
2009/9/2,600063.sh,2.26,2.31,2.21,2.26,3970203
2009/9/3,600063.sh,2.26,2.47,2.25,2.43,9665026
2009/9/4,600063.sh,2.42,2.46,2.36,2.43,7425125
2009/9/7,600063.sh,2.43,2.50,2.40,2.46,6802297
2009/9/8,600063.sh,2.45,2.55,2.41,2.55,8620924
2009/9/9,600063.sh,2.55,2.66,2.48,2.63,12649090
2009/9/10,600063.sh,2.61,2.63,2.53,2.60,6940177
2009/9/11,600063.sh,2.60,2.71,2.57,2.67,8370315
2009/9/14,600063.sh,2.67,2.80,2.64,2.77,8722880
2009/9/15,600063.sh,2.76,2.88,2.69,2.80,11328786
2009/9/16,600063.sh,2.76,2.78,2.69,2.74,9865019
2009/9/17,600063.sh,2.73,2.81,2.73,2.76,7741674
2009/9/18,600063.sh,2.76,2.90,2.73,2.74,15288682
2009/9/21,600063.sh,2.70,2.79,2.62,2.78,7484263
2009/9/22,600063.sh,2.75,2.81,2.67,2.67,6439426
2009/9/23,600063.sh,2.65,2.71,2.50,2.53,6160175
2009/9/24,600063.sh,2.50,2.53,2.39,2.52,6562696
2009/9/25,600063.sh,2.49,2.51,2.45,2.48,3146667
2009/9/28,600063.sh,2.50,2.50,2.35,2.37,4289629
2009/9/29,600063.sh,2.37,2.40,2.25,2.26,6124386
2009/9/30,600063.sh,2.31,2.32,2.26,2.28,2817789
2009/10/9,600063.sh,2.32,2.48,2.32,2.45,3900333
2009/10/12,600063.sh,2.45,2.47,2.41,2.44,2911829
2009/10/13,600063.sh,2.42,2.50,2.42,2.50,2906629
2009/10/14,600063.sh,2.52,2.55,2.49,2.51,4230738
2009/10/15,600063.sh,2.53,2.60,2.50,2.57,6049759
2009/10/16,600063.sh,2.56,2.59,2.53,2.58,3492148
2009/10/19,600063.sh,2.59,2.65,2.55,2.64,5047481
2009/10/20,600063.sh,2.66,2.73,2.63,2.70,5987947
2009/10/21,600063.sh,2.69,2.72,2.67,2.71,5592185
2009/10/22,600063.sh,2.69,2.71,2.66,2.68,4219372
2009/10/23,600063.sh,2.69,2.78,2.67,2.76,8162046
2009/10/26,600063.sh,2.74,2.86,2.74,2.83,10283126
2009/10/27,600063.sh,2.81,2.81,2.67,2.67,8109530
2009/10/28,600063.sh,2.67,2.74,2.63,2.72,6876974
2009/10/29,600063.sh,2.67,2.73,2.63,2.72,5504119
2009/10/30,600063.sh,2.75,2.99,2.75,2.86,18320093
2009/11/2,600063.sh,2.82,3.06,2.78,3.04,18374051
2009/11/3,600063.sh,3.06,3.10,3.00,3.01,13416802
2009/11/4,600063.sh,3.01,3.12,3.01,3.04,9793206
2009/11/5,600063.sh,3.03,3.08,2.97,3.04,9565906
2009/11/6,600063.sh,3.07,3.14,3.03,3.05,14805920
2009/11/9,600063.sh,3.05,3.16,3.04,3.12,14839484
2009/11/10,600063.sh,3.14,3.19,3.11,3.12,11380090
2009/11/11,600063.sh,3.12,3.12,3.02,3.06,12151672
2009/11/12,600063.sh,3.05,3.07,2.99,3.01,7457671
2009/11/13,600063.sh,3.00,3.07,2.96,3.04,8521939
2009/11/16,600063.sh,3.05,3.12,3.03,3.11,18353124
2009/11/17,600063.sh,3.13,3.13,3.05,3.07,11225316
2009/11/18,600063.sh,3.07,3.11,3.03,3.04,8550449
2009/11/19,600063.sh,3.07,3.23,3.04,3.19,18504268
2009/11/20,600063.sh,3.18,3.27,3.15,3.22,13848900
2009/11/23,600063.sh,3.24,3.32,3.18,3.23,12832973
2009/11/24,600063.sh,3.24,3.24,2.99,2.99,16912640
2009/11/25,600063.sh,3.00,3.11,2.99,3.09,10692340
2009/11/26,600063.sh,3.14,3.16,2.87,2.90,13916145
2009/11/27,600063.sh,2.90,2.90,2.90,2.90,INVALID
2009/11/30,600063.sh,2.90,3.02,2.87,3.00,9155125
2009/12/1,600063.sh,2.98,3.07,2.96,3.04,7291027
2009/12/2,600063.sh,3.05,3.22,3.04,3.22,16725908
2009/12/3,600063.sh,3.20,3.32,3.16,3.30,19499916
2009/12/4,600063.sh,3.28,3.37,3.06,3.20,20157539
2009/12/7,600063.sh,3.18,3.28,3.12,3.20,9403481
2009/12/8,600063.sh,3.19,3.22,3.10,3.16,11309621
2009/12/9,600063.sh,3.14,3.18,3.09,3.10,8995334
2009/12/10,600063.sh,3.13,3.16,3.02,3.07,9359560
2009/12/11,600063.sh,3.09,3.16,3.06,3.15,8789226
2009/12/14,600063.sh,3.18,3.20,3.04,3.19,10365529
2009/12/15,600063.sh,3.18,3.46,3.16,3.36,28606194
2009/12/16,600063.sh,3.36,3.44,3.28,3.34,15702069
2009/12/17,600063.sh,3.32,3.44,3.28,3.37,21820449
2009/12/18,600063.sh,3.34,3.34,3.16,3.21,12164650
2009/12/21,600063.sh,3.18,3.29,3.15,3.26,7803142
2009/12/22,600063.sh,3.24,3.36,3.24,3.34,16281653
2009/12/23,600063.sh,3.29,3.38,3.26,3.36,15421071
2009/12/24,600063.sh,3.34,3.53,3.31,3.45,24377218
2009/12/25,600063.sh,3.46,3.54,3.41,3.45,16650090
2009/12/28,600063.sh,3.47,3.51,3.41,3.48,13700996
2009/12/29,600063.sh,3.47,3.51,3.36,3.38,13031952
2009/12/30,600063.sh,3.38,3.38,3.38,3.38,INVALID
2009/12/31,600063.sh,3.39,3.41,3.26,3.32,15530103
2010/1/4,600063.sh,3.33,3.41,3.30,3.36,8725372
2010/1/5,600063.sh,3.36,3.39,3.29,3.37,8322779
2010/1/6,600063.sh,3.37,3.37,3.26,3.28,11127202
2010/1/7,600063.sh,3.26,3.32,3.25,3.26,7460937
2010/1/8,600063.sh,3.23,3.29,3.16,3.29,7807559
2010/1/11,600063.sh,3.38,3.41,3.28,3.41,14935844
2010/1/12,600063.sh,3.41,3.51,3.37,3.48,13918447
2010/1/13,600063.sh,3.37,3.66,3.36,3.56,23435932
2010/1/14,600063.sh,3.61,3.69,3.55,3.58,15731574
2010/1/15,600063.sh,3.62,3.90,3.60,3.81,21539419
2010/1/18,600063.sh,3.82,3.86,3.72,3.84,15202959
2010/1/19,600063.sh,3.82,4.06,3.75,3.95,19922263
2010/1/20,600063.sh,3.95,4.04,3.71,3.72,20331819
2010/1/21,600063.sh,3.69,3.78,3.57,3.65,13941889
2010/1/22,600063.sh,3.64,3.66,3.41,3.42,13973521
2010/1/25,600063.sh,3.41,3.49,3.37,3.40,7405232
2010/1/26,600063.sh,3.42,3.45,3.27,3.30,6393147
2010/1/27,600063.sh,3.30,3.30,3.30,3.30,INVALID
2010/1/28,600063.sh,3.27,3.37,3.24,3.35,5347036
2010/1/29,600063.sh,3.33,3.43,3.30,3.35,6959601
2010/2/1,600063.sh,3.35,3.35,3.02,3.04,14593338
2010/2/2,600063.sh,3.02,3.11,2.98,3.01,7087130
2010/2/3,600063.sh,3.04,3.09,2.84,3.06,8200152
2010/2/4,600063.sh,3.01,3.24,2.98,3.19,13566446
2010/2/5,600063.sh,3.11,3.19,3.04,3.07,6462322
2010/2/8,600063.sh,3.12,3.13,3.06,3.11,2944321
2010/2/9,600063.sh,3.12,3.16,3.08,3.12,2884158
2010/2/10,600063.sh,3.15,3.19,3.10,3.18,4808649
2010/2/11,600063.sh,3.17,3.17,3.11,3.12,2999945
2010/2/12,600063.sh,3.12,3.17,3.09,3.16,4882505
2010/2/22,600063.sh,3.16,3.37,3.11,3.35,15419711
2010/2/23,600063.sh,3.33,3.47,3.27,3.41,16811850
2010/2/24,600063.sh,3.37,3.54,3.35,3.43,15814796
2010/2/25,600063.sh,3.43,3.49,3.39,3.46,12024922
2010/2/26,600063.sh,3.45,3.62,3.42,3.58,16048336
2010/3/1,600063.sh,3.58,3.60,3.51,3.56,11253418
2010/3/2,600063.sh,3.55,3.57,3.41,3.46,15758505
2010/3/3,600063.sh,3.42,3.50,3.34,3.50,15563736
2010/3/4,600063.sh,3.47,3.54,3.34,3.36,11853638
2010/3/5,600063.sh,3.34,3.39,3.29,3.32,7387908
2010/3/8,600063.sh,3.35,3.42,3.34,3.38,5939370
2010/3/9,600063.sh,3.40,3.45,3.37,3.41,6998626
2010/3/10,600063.sh,3.40,3.43,3.29,3.31,6170826
2010/3/11,600063.sh,3.29,3.34,3.19,3.23,6039497
2010/3/12,600063.sh,3.24,3.39,3.24,3.29,8430821
2010/3/15,600063.sh,3.29,3.32,3.22,3.25,3936222
2010/3/16,600063.sh,3.27,3.30,3.22,3.28,3296953
2010/3/17,600063.sh,3.30,3.42,3.29,3.42,8974287
2010/3/18,600063.sh,3.43,3.43,3.37,3.40,7778118
2010/3/19,600063.sh,3.42,3.45,3.38,3.44,8651668
2010/3/22,600063.sh,3.44,3.46,3.39,3.40,7901602
2010/3/23,600063.sh,3.41,3.41,3.34,3.35,6002171
2010/3/24,600063.sh,3.38,3.38,3.33,3.33,5342019
2010/3/25,600063.sh,3.33,3.33,3.33,3.33,INVALID
2010/3/26,600063.sh,3.29,3.33,3.22,3.32,7847927
2010/3/29,600063.sh,3.32,3.33,3.28,3.33,5494410
2010/3/30,600063.sh,3.33,3.44,3.29,3.42,10514172
2010/3/31,600063.sh,3.42,3.42,3.42,3.42,INVALID
2010/4/1,600063.sh,3.42,3.53,3.39,3.50,15824959
2010/4/2,600063.sh,3.51,3.53,3.45,3.47,10288886
2010/4/6,600063.sh,3.49,3.53,3.45,3.53,8969970
2010/4/7,600063.sh,3.54,3.54,3.47,3.51,6089157
2010/4/8,600063.sh,3.50,3.56,3.45,3.53,9310283
2010/4/9,600063.sh,3.53,3.54,3.47,3.50,7217849
2010/4/12,600063.sh,3.50,3.51,3.38,3.41,12775092
2010/4/13,600063.sh,3.39,3.44,3.23,3.36,13973869
2010/4/14,600063.sh,3.34,3.41,3.29,3.41,6848308
2010/4/15,600063.sh,3.39,3.40,3.29,3.31,6437090
2010/4/16,600063.sh,3.31,3.33,3.28,3.30,4413717
2010/4/19,600063.sh,3.28,3.32,3.11,3.12,6086198
2010/4/20,600063.sh,3.12,3.18,3.07,3.14,4316490
2010/4/21,600063.sh,3.12,3.20,3.11,3.20,5497341
2010/4/22,600063.sh,3.19,3.19,3.11,3.13,6505842
2010/4/23,600063.sh,3.12,3.16,3.07,3.08,6587320
2010/4/26,600063.sh,3.08,3.13,3.06,3.06,4809796
2010/4/27,600063.sh,3.06,3.09,2.84,2.89,7707106
2010/4/28,600063.sh,2.85,2.89,2.81,2.86,4285109
2010/4/29,600063.sh,2.88,2.90,2.80,2.80,3786912
2010/4/30,600063.sh,2.81,2.85,2.69,2.72,4527962
2010/5/4,600063.sh,2.69,2.70,2.60,2.63,7276607
2010/5/5,600063.sh,2.60,2.71,2.58,2.71,6649693
2010/5/6,600063.sh,2.70,2.73,2.58,2.59,4651308
2010/5/7,600063.sh,2.52,2.55,2.48,2.48,5112229
2010/5/10,600063.sh,2.48,2.53,2.41,2.52,5384505
2010/5/11,600063.sh,2.57,2.57,2.41,2.43,6705407
2010/5/12,600063.sh,2.43,2.48,2.34,2.41,6553523
2010/5/13,600063.sh,2.41,2.48,2.38,2.46,7837424
2010/5/14,600063.sh,2.46,2.46,2.46,2.46,INVALID
2010/5/17,600063.sh,2.46,2.49,2.29,2.29,9278190
2010/5/18,600063.sh,2.29,2.50,2.17,2.46,7308773
2010/5/19,600063.sh,2.37,2.45,2.35,2.40,13077661
2010/5/20,600063.sh,2.34,2.39,2.26,2.27,6284565
2010/5/21,600063.sh,2.17,2.29,2.16,2.28,6470932
2010/5/24,600063.sh,2.30,2.40,2.29,2.39,9078206
2010/5/25,600063.sh,2.36,2.46,2.35,2.43,11277719
2010/5/26,600063.sh,2.42,2.44,2.34,2.40,6168276
2010/5/27,600063.sh,2.40,2.44,2.33,2.43,8290537
2010/5/28,600063.sh,2.43,2.43,2.43,2.43,INVALID
2010/5/31,600063.sh,2.39,2.40,2.26,2.27,9299227
2010/6/1,600063.sh,2.22,2.25,2.16,2.19,8302878
2010/6/2,600063.sh,2.18,2.24,2.17,2.23,6207601
2010/6/3,600063.sh,2.24,2.25,2.18,2.18,7080909
2010/6/4,600063.sh,2.17,2.22,2.17,2.21,4152618
2010/6/7,600063.sh,2.17,2.24,2.15,2.23,6031009
2010/6/8,600063.sh,2.22,2.31,2.21,2.28,8230588
2010/6/9,600063.sh,2.30,2.32,2.25,2.31,7761328
2010/6/10,600063.sh,2.29,2.33,2.28,2.31,6222577
2010/6/11,600063.sh,2.32,2.34,2.28,2.29,4385926
2010/6/17,600063.sh,2.30,2.33,2.28,2.28,3260766
2010/6/18,600063.sh,2.29,2.29,2.17,2.21,3988482
2010/6/21,600063.sh,2.21,2.21,2.21,2.21,INVALID
2010/6/22,600063.sh,2.26,2.35,2.25,2.33,12103220
2010/6/23,600063.sh,2.29,2.31,2.24,2.29,5343358
2010/6/24,600063.sh,2.29,2.29,2.24,2.24,4312090
2010/6/25,600063.sh,2.25,2.26,2.19,2.22,3261947
2010/6/28,600063.sh,2.22,2.28,2.22,2.24,3267207
2010/6/29,600063.sh,2.23,2.26,2.05,2.05,5993254
2010/6/30,600063.sh,2.05,2.07,1.97,1.98,4093902
2010/7/1,600063.sh,1.98,2.00,1.93,1.94,3344579
2010/7/2,600063.sh,1.93,1.96,1.86,1.93,3904809
2010/7/5,600063.sh,1.91,1.93,1.85,1.91,2545850
2010/7/6,600063.sh,1.90,1.98,1.90,1.96,3580747
2010/7/7,600063.sh,1.97,2.00,1.95,2.00,3260614
2010/7/8,600063.sh,2.00,2.00,1.97,1.99,3309739
2010/7/9,600063.sh,2.00,2.13,1.97,2.06,7413287
2010/7/12,600063.sh,2.07,2.09,2.04,2.07,4782573
2010/7/13,600063.sh,2.07,2.07,2.00,2.01,3568115
2010/7/14,600063.sh,2.02,2.08,2.01,2.08,6283466
2010/7/15,600063.sh,2.06,2.07,2.00,2.01,3765729
2010/7/16,600063.sh,2.01,2.01,1.96,2.00,3257415
2010/7/19,600063.sh,1.97,2.08,1.96,2.07,5042702
2010/7/20,600063.sh,2.07,2.16,2.07,2.15,8891233
2010/7/21,600063.sh,2.14,2.19,2.13,2.15,7188533
2010/7/22,600063.sh,2.17,2.24,2.16,2.19,8720945
2010/7/23,600063.sh,2.20,2.21,2.14,2.17,6858392
2010/7/26,600063.sh,2.16,2.20,2.16,2.19,4934659
2010/7/27,600063.sh,2.18,2.20,2.17,2.18,4540129
2010/7/28,600063.sh,2.18,2.24,2.17,2.24,7759152
2010/7/29,600063.sh,2.25,2.33,2.22,2.32,12089445
2010/7/30,600063.sh,2.31,2.31,2.25,2.28,8060924
2010/8/2,600063.sh,2.28,2.32,2.27,2.32,8264055
2010/8/3,600063.sh,2.34,2.34,2.24,2.24,7740359
2010/8/4,600063.sh,2.24,2.32,2.21,2.31,8383892
2010/8/5,600063.sh,2.32,2.39,2.30,2.35,14674759
2010/8/6,600063.sh,2.34,2.42,2.32,2.40,11345284
2010/8/9,600063.sh,2.39,2.42,2.36,2.40,10931057
2010/8/10,600063.sh,2.37,2.39,2.24,2.25,16289106
2010/8/11,600063.sh,2.24,2.28,2.23,2.28,6731105
2010/8/12,600063.sh,2.25,2.32,2.24,2.29,8155111
2010/8/13,600063.sh,2.28,2.36,2.27,2.36,9626557
2010/8/16,600063.sh,2.36,2.41,2.34,2.39,11911864
2010/8/17,600063.sh,2.40,2.42,2.36,2.42,10532801
2010/8/18,600063.sh,2.42,2.43,2.37,2.39,8098695
2010/8/19,600063.sh,2.38,2.42,2.36,2.39,8896987
2010/8/20,600063.sh,2.37,2.38,2.29,2.29,8952632
2010/8/23,600063.sh,2.29,2.35,2.26,2.34,7393962
2010/8/24,600063.sh,2.33,2.39,2.32,2.38,9934608
2010/8/25,600063.sh,2.38,2.46,2.36,2.42,24082880
2010/8/26,600063.sh,2.43,2.56,2.39,2.52,23884080
2010/8/27,600063.sh,2.52,2.53,2.46,2.49,10408484
2010/8/30,600063.sh,2.50,2.57,2.49,2.55,12156454
2010/8/31,600063.sh,2.53,2.59,2.50,2.59,12682603
2010/9/1,600063.sh,2.60,2.61,2.45,2.49,12456543
2010/9/2,600063.sh,2.52,2.52,2.48,2.49,9354769
2010/9/3,600063.sh,2.49,2.52,2.45,2.49,8343079
2010/9/6,600063.sh,2.50,2.55,2.48,2.49,6753162
2010/9/7,600063.sh,2.50,2.50,2.44,2.49,7168336
2010/9/8,600063.sh,2.49,2.53,2.46,2.50,8705756
2010/9/9,600063.sh,2.52,2.54,2.44,2.45,11554896
2010/9/10,600063.sh,2.45,2.46,2.35,2.43,11348740
2010/9/13,600063.sh,2.43,2.48,2.40,2.47,7485210
2010/9/14,600063.sh,2.47,2.53,2.46,2.50,10154825
2010/9/15,600063.sh,2.50,2.52,2.45,2.46,7022334
2010/9/16,600063.sh,2.48,2.51,2.32,2.34,8946954
2010/9/17,600063.sh,2.39,2.40,2.34,2.36,5103144
2010/9/20,600063.sh,2.37,2.40,2.35,2.35,4195227
2010/9/21,600063.sh,2.37,2.37,2.30,2.32,3116466
2010/9/27,600063.sh,2.33,2.38,2.33,2.38,3373874
2010/9/28,600063.sh,2.38,2.40,2.36,2.37,4096586
2010/9/29,600063.sh,2.37,2.39,2.33,2.33,3414640
2010/9/30,600063.sh,2.32,2.40,2.32,2.40,4244135
2010/10/8,600063.sh,2.41,2.47,2.41,2.46,7451341
2010/10/11,600063.sh,2.47,2.54,2.46,2.50,10972489
2010/10/12,600063.sh,2.50,2.54,2.47,2.53,10979807
2010/10/13,600063.sh,2.53,2.60,2.51,2.53,10727099
2010/10/14,600063.sh,2.54,2.54,2.44,2.46,10332982
2010/10/15,600063.sh,2.45,2.53,2.43,2.49,9914957
2010/10/18,600063.sh,2.49,2.69,2.43,2.62,23841528
2010/10/19,600063.sh,2.61,2.68,2.59,2.67,16892678
2010/10/20,600063.sh,2.62,2.73,2.59,2.67,15661271
2010/10/21,600063.sh,2.67,2.78,2.67,2.71,16805381
2010/10/22,600063.sh,2.73,2.73,2.66,2.69,10663788
2010/10/25,600063.sh,2.69,2.74,2.63,2.74,13090777
2010/10/26,600063.sh,2.74,2.79,2.69,2.72,11145215
2010/10/27,600063.sh,2.72,2.73,2.62,2.65,11080379
2010/10/28,600063.sh,2.65,2.70,2.56,2.69,12424058
2010/10/29,600063.sh,2.68,2.89,2.67,2.87,20439686
2010/11/1,600063.sh,2.86,2.99,2.83,2.89,25630127
2010/11/2,600063.sh,2.88,2.88,2.82,2.82,12825303
2010/11/3,600063.sh,2.81,2.83,2.73,2.74,9947067
2010/11/4,600063.sh,2.73,2.79,2.73,2.78,8852571
2010/11/5,600063.sh,2.81,2.87,2.76,2.84,12311795
2010/11/8,600063.sh,2.87,2.95,2.84,2.91,15073816
2010/11/9,600063.sh,2.93,2.96,2.84,2.93,14796549
2010/11/10,600063.sh,2.93,2.98,2.88,2.95,13743936
2010/11/11,600063.sh,2.92,3.00,2.88,2.88,15823641
2010/11/12,600063.sh,2.86,2.87,2.59,2.59,15888632
2010/11/15,600063.sh,2.59,2.63,2.53,2.62,9072427
2010/11/16,600063.sh,2.62,2.63,2.45,2.46,9766408
2010/11/17,600063.sh,2.44,2.50,2.39,2.44,5747511
2010/11/18,600063.sh,2.45,2.52,2.42,2.51,7009912
2010/11/19,600063.sh,2.50,2.69,2.49,2.64,12594494
2010/11/22,600063.sh,2.62,2.68,2.60,2.64,12732702
2010/11/23,600063.sh,2.61,2.61,2.46,2.54,7091365
2010/11/24,600063.sh,2.52,2.63,2.52,2.59,6527494
2010/11/25,600063.sh,2.59,2.65,2.59,2.63,6900784
2010/11/26,600063.sh,2.63,2.67,2.57,2.59,7047955
2010/11/29,600063.sh,2.58,2.59,2.50,2.56,5048039
2010/11/30,600063.sh,2.56,2.58,2.41,2.47,6742465
2010/12/1,600063.sh,2.47,2.49,2.45,2.47,3771779
2010/12/2,600063.sh,2.51,2.51,2.45,2.47,4861968
2010/12/3,600063.sh,2.47,2.49,2.44,2.48,3252368
2010/12/6,600063.sh,2.49,2.50,2.42,2.48,4185544
2010/12/7,600063.sh,2.47,2.49,2.41,2.47,3126824
2010/12/8,600063.sh,2.49,2.49,2.45,2.46,2758424
2010/12/9,600063.sh,2.45,2.45,2.39,2.39,3585901
2010/12/10,600063.sh,2.36,2.42,2.34,2.41,4052889
2010/12/13,600063.sh,2.42,2.64,2.41,2.59,12708143
2010/12/14,600063.sh,2.59,2.65,2.53,2.62,10436297
2010/12/15,600063.sh,2.68,2.69,2.59,2.63,10626922
2010/12/16,600063.sh,2.62,2.64,2.57,2.59,4346484
2010/12/17,600063.sh,2.57,2.62,2.57,2.60,2585956
2010/12/20,600063.sh,2.60,2.61,2.49,2.53,5126434
2010/12/21,600063.sh,2.53,2.57,2.51,2.56,2965627
2010/12/22,600063.sh,2.55,2.56,2.51,2.54,3473731
2010/12/23,600063.sh,2.59,2.73,2.59,2.62,16979173
2010/12/24,600063.sh,2.58,2.59,2.51,2.57,7116424
2010/12/27,600063.sh,2.57,2.59,2.46,2.48,4749314
2010/12/28,600063.sh,2.45,2.50,2.40,2.44,4552018
2010/12/29,600063.sh,2.46,2.48,2.43,2.47,1898301
2010/12/30,600063.sh,2.47,2.49,2.45,2.47,2039151
2010/12/31,600063.sh,2.47,2.56,2.47,2.55,3476518
2011/1/4,600063.sh,2.55,2.62,2.53,2.59,4969140
2011/1/5,600063.sh,2.58,2.66,2.55,2.64,7367392
2011/1/6,600063.sh,2.69,2.83,2.67,2.73,23040545
2011/1/7,600063.sh,2.72,2.81,2.69,2.74,15632839
2011/1/10,600063.sh,2.75,2.87,2.72,2.80,19858366
2011/1/11,600063.sh,2.75,2.94,2.75,2.87,22040956
2011/1/12,600063.sh,2.85,2.89,2.80,2.88,10775972
2011/1/13,600063.sh,2.86,2.89,2.78,2.80,11941132
2011/1/14,600063.sh,2.80,2.95,2.77,2.91,18067036
2011/1/17,600063.sh,2.88,2.93,2.72,2.78,13492937
2011/1/18,600063.sh,2.75,2.78,2.67,2.77,9243201
2011/1/19,600063.sh,2.77,2.85,2.70,2.80,13222800
2011/1/20,600063.sh,2.76,2.96,2.75,2.88,26607739
2011/1/21,600063.sh,2.88,2.91,2.78,2.85,16864557
2011/1/24,600063.sh,2.88,2.99,2.85,2.92,21043188
2011/1/25,600063.sh,2.88,2.90,2.63,2.63,19940482
2011/1/26,600063.sh,2.59,2.71,2.56,2.69,10723130
2011/1/27,600063.sh,2.69,2.74,2.59,2.72,11694433
2011/1/28,600063.sh,2.71,2.84,2.64,2.81,13241298
2011/1/31,600063.sh,2.79,2.90,2.77,2.86,11332009
2011/2/1,600063.sh,2.90,3.00,2.86,2.92,18196919
2011/2/9,600063.sh,2.88,3.22,2.87,3.22,38016217
2011/2/10,600063.sh,3.18,3.37,3.15,3.28,37632417
2011/2/11,600063.sh,3.25,3.34,3.20,3.24,24696546
2011/2/14,600063.sh,3.24,3.33,3.20,3.29,24175965
2011/2/15,600063.sh,3.31,3.39,3.23,3.24,22980529
2011/2/16,600063.sh,3.21,3.39,3.21,3.30,24201596
2011/2/17,600063.sh,3.30,3.43,3.28,3.41,28635065
2011/2/18,600063.sh,3.38,3.48,3.27,3.28,21721676
2011/2/21,600063.sh,3.26,3.47,3.25,3.44,20858849
2011/2/22,600063.sh,3.45,3.49,3.26,3.31,19047779
2011/2/23,600063.sh,3.30,3.31,3.17,3.23,15190254
2011/2/24,600063.sh,3.23,3.28,3.20,3.26,10809902
2011/2/25,600063.sh,3.25,3.36,3.19,3.31,10192962
2011/2/28,600063.sh,3.33,3.41,3.31,3.34,12997564
2011/3/1,600063.sh,3.34,3.41,3.31,3.38,15037477
2011/3/2,600063.sh,3.37,3.37,3.23,3.30,13907924
2011/3/3,600063.sh,3.30,3.32,3.12,3.13,12238617
2011/3/4,600063.sh,3.15,3.22,3.13,3.19,5915871
2011/3/7,600063.sh,3.19,3.27,3.18,3.26,8378245
2011/3/8,600063.sh,3.25,3.26,3.19,3.22,8584050
2011/3/9,600063.sh,3.23,3.39,3.20,3.37,19099811
2011/3/10,600063.sh,3.35,3.39,3.30,3.37,12974761
2011/3/11,600063.sh,3.35,3.53,3.32,3.44,24492069
2011/3/14,600063.sh,3.50,3.61,3.43,3.47,22557851
2011/3/15,600063.sh,3.42,3.43,3.23,3.30,19197963
2011/3/16,600063.sh,3.31,3.37,3.29,3.32,10615378
2011/3/17,600063.sh,3.27,3.27,3.13,3.19,13425460
2011/3/18,600063.sh,3.21,3.26,3.19,3.20,5107516
2011/3/21,600063.sh,3.23,3.29,3.19,3.24,6392628
2011/3/22,600063.sh,3.24,3.28,3.18,3.26,5183154
2011/3/23,600063.sh,3.27,3.29,3.24,3.27,6309228
2011/3/24,600063.sh,3.26,3.32,3.25,3.32,8541243
2011/3/25,600063.sh,3.32,3.42,3.32,3.35,13990614
2011/3/28,600063.sh,3.33,3.41,3.29,3.30,12253768
2011/3/29,600063.sh,3.28,3.29,3.19,3.20,8649094
2011/3/30,600063.sh,3.20,3.25,3.15,3.24,6799769
2011/3/31,600063.sh,3.23,3.25,3.16,3.19,4838352
2011/4/1,600063.sh,3.17,3.26,3.17,3.25,4669271
2011/4/6,600063.sh,3.25,3.41,3.25,3.36,15371266
2011/4/7,600063.sh,3.39,3.51,3.37,3.44,18681176
2011/4/8,600063.sh,3.41,3.50,3.40,3.47,12627031
2011/4/11,600063.sh,3.50,3.64,3.42,3.54,22470844
2011/4/12,600063.sh,3.50,3.53,3.41,3.42,12635680
2011/4/13,600063.sh,3.43,3.61,3.42,3.58,15111878
2011/4/14,600063.sh,3.60,3.68,3.54,3.56,15702282
2011/4/15,600063.sh,3.53,3.65,3.46,3.64,13595356
2011/4/18,600063.sh,3.64,3.78,3.61,3.76,22127962
2011/4/19,600063.sh,3.72,3.80,3.68,3.70,13619585
2011/4/20,600063.sh,3.69,3.73,3.57,3.60,13626731
2011/4/21,600063.sh,3.62,3.65,3.53,3.63,9010759
2011/4/22,600063.sh,3.64,3.71,3.54,3.56,10383006
2011/4/25,600063.sh,3.54,3.59,3.49,3.50,8651626
2011/4/26,600063.sh,3.54,3.64,3.44,3.52,8267593
2011/4/27,600063.sh,3.54,3.55,3.31,3.41,8487890
2011/4/28,600063.sh,3.43,3.45,3.25,3.32,8130962
2011/4/29,600063.sh,3.32,3.37,3.27,3.37,4348230
2011/5/3,600063.sh,3.36,3.45,3.25,3.44,6491776
2011/5/4,600063.sh,3.43,3.43,3.28,3.36,5287973
2011/5/5,600063.sh,3.34,3.42,3.33,3.39,3862878
2011/5/6,600063.sh,3.36,3.50,3.30,3.48,7606204
2011/5/9,600063.sh,3.49,3.53,3.46,3.48,4224440
2011/5/10,600063.sh,3.50,3.52,3.40,3.47,5328747
2011/5/11,600063.sh,3.45,3.47,3.39,3.45,4755445
2011/5/12,600063.sh,3.45,3.45,3.45,3.45,INVALID
2011/5/13,600063.sh,3.42,3.58,3.36,3.57,12643606
2011/5/16,600063.sh,3.57,3.61,3.51,3.56,8187431
2011/5/17,600063.sh,3.54,3.65,3.43,3.56,10476055
2011/5/18,600063.sh,3.55,3.70,3.50,3.67,12379063
2011/5/19,600063.sh,3.67,3.73,3.62,3.67,8482428
2011/5/20,600063.sh,3.65,3.83,3.64,3.76,17413662
2011/5/23,600063.sh,3.73,3.75,3.50,3.55,13111832
2011/5/24,600063.sh,3.52,3.56,3.36,3.52,7647564
2011/5/25,600063.sh,3.51,3.74,3.42,3.66,15584603
2011/5/26,600063.sh,3.64,3.77,3.45,3.50,21957543
2011/5/27,600063.sh,3.39,3.58,3.15,3.30,21383105
2011/5/30,600063.sh,3.28,3.35,3.18,3.28,15081694
2011/5/31,600063.sh,3.26,3.42,3.20,3.30,14584939
2011/6/1,600063.sh,3.28,3.35,3.21,3.24,11466376
2011/6/2,600063.sh,3.17,3.20,2.97,3.11,12489209
2011/6/3,600063.sh,3.06,3.13,3.05,3.08,7002700
2011/6/7,600063.sh,3.07,3.13,3.02,3.11,5421230
2011/6/8,600063.sh,3.10,3.12,3.04,3.10,4145016
2011/6/9,600063.sh,3.08,3.13,2.99,3.00,4488675
2011/6/10,600063.sh,3.00,3.03,2.85,2.97,6770662
2011/6/13,600063.sh,2.93,2.94,2.85,2.92,5236349
2011/6/14,600063.sh,2.93,3.04,2.88,3.02,5535854
2011/6/15,600063.sh,3.01,3.11,3.00,3.04,6124108
2011/6/16,600063.sh,3.02,3.07,2.98,3.00,3752576
2011/6/17,600063.sh,2.99,3.06,2.98,3.01,3292771
2011/6/20,600063.sh,3.02,3.06,2.91,2.97,3440599
2011/6/21,600063.sh,2.99,3.01,2.93,3.01,3300036
2011/6/22,600063.sh,3.04,3.04,2.98,2.99,2060548
2011/6/23,600063.sh,2.97,3.11,2.91,3.09,5391153
2011/6/24,600063.sh,3.11,3.19,3.08,3.17,9300761
2011/6/27,600063.sh,3.16,3.24,3.14,3.22,7713949
2011/6/28,600063.sh,3.23,3.23,3.16,3.21,5189427
2011/6/29,600063.sh,3.21,3.21,3.09,3.11,6560807
2011/6/30,600063.sh,3.11,3.21,3.11,3.16,4013110
2011/7/1,600063.sh,3.27,3.31,3.19,3.20,12643033
2011/7/4,600063.sh,3.21,3.37,3.21,3.36,12798422
2011/7/5,600063.sh,3.36,3.49,3.33,3.44,12112830
2011/7/6,600063.sh,3.44,3.52,3.39,3.47,8698823
2011/7/7,600063.sh,3.46,3.51,3.40,3.41,8905529
2011/7/8,600063.sh,3.42,3.51,3.41,3.49,8483504
2011/7/11,600063.sh,3.46,3.60,3.46,3.58,9697981
2011/7/12,600063.sh,3.53,3.59,3.44,3.48,12423772
2011/7/13,600063.sh,3.47,3.71,3.45,3.65,13066695
2011/7/14,600063.sh,3.65,3.72,3.50,3.68,14262819
2011/7/15,600063.sh,3.64,3.71,3.63,3.68,10107914
2011/7/18,600063.sh,3.69,3.76,3.64,3.66,11342386
2011/7/19,600063.sh,3.61,3.64,3.55,3.60,7265118
2011/7/20,600063.sh,3.61,3.82,3.61,3.73,17848319
2011/7/21,600063.sh,3.70,3.81,3.69,3.77,14247670
2011/7/22,600063.sh,3.77,3.87,3.71,3.82,15837923
2011/7/25,600063.sh,3.78,3.88,3.59,3.65,16536712
2011/7/26,600063.sh,3.65,3.87,3.62,3.85,15926557
2011/7/27,600063.sh,3.82,4.00,3.78,3.96,19545253
2011/7/28,600063.sh,3.91,3.95,3.80,3.88,13057950
2011/7/29,600063.sh,3.88,4.02,3.84,3.86,17888695
2011/8/1,600063.sh,3.90,3.91,3.68,3.78,23411110
2011/8/2,600063.sh,3.85,3.86,3.71,3.72,47071828
2011/8/3,600063.sh,3.61,3.69,3.58,3.66,24985103
2011/8/4,600063.sh,3.65,3.69,3.61,3.62,12858976
2011/8/5,600063.sh,3.49,3.55,3.45,3.53,13033529
2011/8/8,600063.sh,3.50,3.59,3.37,3.51,16154658
2011/8/9,600063.sh,3.42,3.62,3.41,3.61,20389612
2011/8/10,600063.sh,3.66,3.69,3.57,3.58,19662591
2011/8/11,600063.sh,3.50,3.71,3.48,3.71,18243477
2011/8/12,600063.sh,3.73,3.75,3.66,3.70,16466479
2011/8/15,600063.sh,3.72,3.85,3.69,3.84,16498675
2011/8/16,600063.sh,3.83,3.86,3.79,3.82,11966237
2011/8/17,600063.sh,3.83,3.89,3.80,3.82,12748630
2011/8/18,600063.sh,3.82,3.82,3.82,3.82,INVALID
2011/8/19,600063.sh,3.66,3.69,3.53,3.60,13610834
2011/8/22,600063.sh,3.60,3.69,3.56,3.60,6646505
2011/8/23,600063.sh,3.62,3.68,3.58,3.66,5965324
2011/8/24,600063.sh,3.68,3.69,3.60,3.62,6445624
2011/8/25,600063.sh,3.64,3.74,3.61,3.72,11247980
2011/8/26,600063.sh,3.71,3.80,3.68,3.77,10228540
2011/8/29,600063.sh,3.74,3.76,3.67,3.68,8041137
2011/8/30,600063.sh,3.71,3.74,3.57,3.58,8252361
2011/8/31,600063.sh,3.59,3.66,3.51,3.59,6195521
2011/9/1,600063.sh,3.59,3.63,3.56,3.60,5287458
2011/9/2,600063.sh,3.59,3.60,3.51,3.53,5296539
2011/9/5,600063.sh,3.50,3.50,3.32,3.34,7339996
2011/9/6,600063.sh,3.31,3.37,3.29,3.35,4161605
2011/9/7,600063.sh,3.37,3.44,3.35,3.44,4566436
2011/9/8,600063.sh,3.45,3.48,3.33,3.34,4931454
2011/9/9,600063.sh,3.33,3.39,3.26,3.29,3667565
2011/9/13,600063.sh,3.23,3.32,3.19,3.27,3617710
2011/9/14,600063.sh,3.30,3.35,3.23,3.34,3137675
2011/9/15,600063.sh,3.36,3.37,3.32,3.34,3307179
2011/9/16,600063.sh,3.36,3.45,3.34,3.44,6816348
2011/9/19,600063.sh,3.40,3.41,3.35,3.36,3690745
2011/9/20,600063.sh,3.37,3.40,3.30,3.33,6060946
2011/9/21,600063.sh,3.32,3.56,3.30,3.50,8955979
2011/9/22,600063.sh,3.46,3.54,3.39,3.39,7857515
2011/9/23,600063.sh,3.34,3.44,3.29,3.41,6693434
2011/9/26,600063.sh,3.42,3.44,3.31,3.35,9044913
2011/9/27,600063.sh,3.33,3.39,3.01,3.02,26956466
2011/9/28,600063.sh,3.03,3.05,2.93,2.95,10197994
2011/9/29,600063.sh,2.92,2.99,2.86,2.87,8675589
2011/9/30,600063.sh,2.87,2.92,2.74,2.79,9736465
2011/10/10,600063.sh,2.81,2.83,2.77,2.82,5910868
2011/10/11,600063.sh,2.95,3.00,2.83,2.88,15419205
2011/10/12,600063.sh,2.89,3.17,2.82,3.17,24679321
2011/10/13,600063.sh,3.20,3.49,3.17,3.41,79563403
2011/10/14,600063.sh,3.39,3.46,3.26,3.31,48032674
2011/10/17,600063.sh,3.31,3.39,3.25,3.37,41505520
2011/10/18,600063.sh,3.32,3.38,3.16,3.19,28850236
2011/10/19,600063.sh,3.22,3.24,3.07,3.18,26323674
2011/10/20,600063.sh,3.15,3.19,2.92,3.03,24784595
2011/10/21,600063.sh,3.00,3.13,2.93,3.04,15659158
2011/10/24,600063.sh,3.04,3.13,2.87,3.10,17982670
2011/10/25,600063.sh,3.07,3.30,3.06,3.25,26251127
2011/10/26,600063.sh,3.20,3.29,3.15,3.19,27195109
2011/10/27,600063.sh,3.19,3.24,3.11,3.12,16534334
2011/10/28,600063.sh,3.16,3.25,3.12,3.22,20200361
2011/10/31,600063.sh,3.20,3.23,3.17,3.21,10662605
2011/11/1,600063.sh,3.18,3.20,3.11,3.17,12907386
2011/11/2,600063.sh,3.12,3.16,2.98,3.14,20287807
2011/11/3,600063.sh,3.15,3.37,3.15,3.29,31426423
2011/11/4,600063.sh,3.29,3.34,3.22,3.27,18099493
2011/11/7,600063.sh,3.24,3.30,3.21,3.23,9972097
2011/11/8,600063.sh,3.23,3.26,3.17,3.17,10053399
2011/11/9,600063.sh,3.18,3.21,3.08,3.20,10821248
2011/11/10,600063.sh,3.16,3.16,3.07,3.09,12539710
2011/11/11,600063.sh,3.10,3.11,3.07,3.08,6753275
2011/11/14,600063.sh,3.11,3.15,3.10,3.13,8212846
2011/11/15,600063.sh,3.15,3.17,3.11,3.17,9953049
2011/11/16,600063.sh,3.17,3.22,3.09,3.12,16594162
2011/11/17,600063.sh,3.14,3.22,3.13,3.17,19227298
2011/11/18,600063.sh,3.12,3.14,2.99,3.00,14246808
2011/11/21,600063.sh,3.01,3.07,2.98,3.04,7872240
2011/11/22,600063.sh,2.99,3.01,2.91,2.97,8734726
2011/11/23,600063.sh,2.99,3.00,2.91,2.92,7595437
2011/11/24,600063.sh,2.90,2.90,2.81,2.85,9208330
2011/11/25,600063.sh,2.85,2.89,2.79,2.82,5765938
2011/11/28,600063.sh,2.82,2.85,2.80,2.82,5008247
2011/11/29,600063.sh,2.85,2.91,2.83,2.90,9239853
2011/11/30,600063.sh,2.88,2.89,2.67,2.70,12779951
2011/12/1,600063.sh,2.82,2.84,2.71,2.76,12297442
2011/12/2,600063.sh,2.74,2.76,2.66,2.71,7333665
2011/12/5,600063.sh,2.71,2.72,2.57,2.59,5324426
2011/12/6,600063.sh,2.60,2.62,2.48,2.53,7642486
2011/12/7,600063.sh,2.53,2.55,2.50,2.52,3740520
2011/12/8,600063.sh,2.51,2.56,2.46,2.51,5835805
2011/12/9,600063.sh,2.50,2.52,2.44,2.44,5092381
2011/12/12,600063.sh,2.46,2.48,2.43,2.44,2843550
2011/12/13,600063.sh,2.41,2.43,2.27,2.29,6198892
2011/12/14,600063.sh,2.27,2.33,2.25,2.26,5681728
2011/12/15,600063.sh,2.26,2.26,2.17,2.18,6423665
2011/12/16,600063.sh,2.18,2.26,2.18,2.26,5683409
2011/12/19,600063.sh,2.25,2.25,2.17,2.23,5208059
2011/12/20,600063.sh,2.23,2.29,2.22,2.24,5784032
2011/12/21,600063.sh,2.28,2.29,2.19,2.19,4028133
2011/12/22,600063.sh,2.19,2.19,2.04,2.17,5899815
2011/12/23,600063.sh,2.16,2.25,2.14,2.22,5953675
2011/12/26,600063.sh,2.19,2.24,2.19,2.20,3350746
2011/12/27,600063.sh,2.20,2.20,2.14,2.16,3259943
2011/12/28,600063.sh,2.14,2.19,2.11,2.18,3834398
2011/12/29,600063.sh,2.18,2.19,2.16,2.16,2568992
2011/12/30,600063.sh,2.18,2.20,2.16,2.19,4239998
2012/1/4,600063.sh,2.19,2.22,2.06,2.14,3988585
2012/1/5,600063.sh,2.13,2.13,2.04,2.06,5026477
2012/1/6,600063.sh,2.06,2.09,2.01,2.08,2822520
2012/1/9,600063.sh,2.09,2.20,2.06,2.19,5946313
2012/1/10,600063.sh,2.19,2.31,2.18,2.30,10314397
2012/1/11,600063.sh,2.29,2.30,2.23,2.28,8664235
2012/1/12,600063.sh,2.28,2.37,2.24,2.32,9624124
2012/1/13,600063.sh,2.31,2.32,2.20,2.23,6076498
2012/1/16,600063.sh,2.19,2.20,2.12,2.12,4083716
2012/1/17,600063.sh,2.15,2.29,2.12,2.27,6870737
2012/1/18,600063.sh,2.29,2.35,2.25,2.33,12792622
2012/1/19,600063.sh,2.31,2.37,2.30,2.35,8029264
2012/1/20,600063.sh,2.37,2.38,2.32,2.35,6429484
2012/1/30,600063.sh,2.35,2.36,2.31,2.31,3883542
2012/1/31,600063.sh,2.30,2.32,2.24,2.31,3955994
2012/2/1,600063.sh,2.31,2.33,2.26,2.28,4692952
2012/2/2,600063.sh,2.29,2.32,2.27,2.31,3765109
2012/2/3,600063.sh,2.31,2.39,2.30,2.37,10125346
2012/2/6,600063.sh,2.37,2.40,2.35,2.38,9051915
2012/2/7,600063.sh,2.37,2.37,2.30,2.32,5656094
2012/2/8,600063.sh,2.35,2.38,2.31,2.37,8617863
2012/2/9,600063.sh,2.37,2.41,2.36,2.39,9604949
2012/2/10,600063.sh,2.39,2.60,2.37,2.58,26304978
2012/2/13,600063.sh,2.53,2.63,2.50,2.57,18014444
2012/2/14,600063.sh,2.59,2.62,2.52,2.58,11387815
2012/2/15,600063.sh,2.57,2.62,2.55,2.62,12272528
2012/2/16,600063.sh,2.62,2.64,2.55,2.60,13015530
2012/2/17,600063.sh,2.60,2.61,2.52,2.54,10069435
2012/2/20,600063.sh,2.59,2.60,2.52,2.52,9190251
2012/2/21,600063.sh,2.52,2.55,2.46,2.53,11725464
2012/2/22,600063.sh,2.53,2.59,2.51,2.59,11336288
2012/2/23,600063.sh,2.60,2.71,2.58,2.66,24122238
2012/2/24,600063.sh,2.66,2.69,2.63,2.67,12781367
2012/2/27,600063.sh,2.68,2.72,2.64,2.65,16072125
2012/2/28,600063.sh,2.63,2.64,2.53,2.62,19046310
2012/2/29,600063.sh,2.59,2.62,2.57,2.57,8342080
2012/3/1,600063.sh,2.56,2.61,2.55,2.58,7400888
2012/3/2,600063.sh,2.59,2.63,2.58,2.63,10080076
2012/3/5,600063.sh,2.64,2.68,2.62,2.68,17507420
2012/3/6,600063.sh,2.66,2.72,2.64,2.71,24721154
2012/3/7,600063.sh,2.65,2.70,2.63,2.63,14278066
2012/3/8,600063.sh,2.65,2.67,2.63,2.65,10094968
2012/3/9,600063.sh,2.66,2.69,2.64,2.69,12819978
2012/3/12,600063.sh,2.68,2.68,2.64,2.67,13866582
2012/3/13,600063.sh,2.67,2.67,2.60,2.66,21954190
2012/3/14,600063.sh,2.66,2.75,2.51,2.52,36864001
2012/3/15,600063.sh,2.52,2.54,2.41,2.47,17894257
2012/3/16,600063.sh,2.47,2.53,2.45,2.52,9889187
2012/3/19,600063.sh,2.52,2.59,2.50,2.57,12713456
2012/3/20,600063.sh,2.57,2.59,2.49,2.49,13300220
2012/3/21,600063.sh,2.51,2.53,2.47,2.51,9802788
2012/3/22,600063.sh,2.49,2.55,2.46,2.51,11690712
2012/3/23,600063.sh,2.50,2.50,2.43,2.44,8585107
2012/3/26,600063.sh,2.45,2.48,2.40,2.44,5423213
2012/3/27,600063.sh,2.44,2.46,2.39,2.40,5839682
2012/3/28,600063.sh,2.40,2.40,2.23,2.24,11797881
2012/3/29,600063.sh,2.24,2.25,2.17,2.20,6866033
2012/3/30,600063.sh,2.21,2.23,2.12,2.14,11662675
2012/4/5,600063.sh,2.16,2.20,2.14,2.19,11689890
2012/4/6,600063.sh,2.19,2.23,2.16,2.20,13436209
2012/4/9,600063.sh,2.21,2.42,2.18,2.42,34381545
2012/4/10,600063.sh,2.44,2.46,2.32,2.40,39520861
2012/4/11,600063.sh,2.38,2.48,2.35,2.47,28487618
2012/4/12,600063.sh,2.45,2.49,2.42,2.48,25054132
2012/4/13,600063.sh,2.48,2.49,2.42,2.44,20043667
2012/4/16,600063.sh,2.43,2.56,2.41,2.51,30587980
2012/4/17,600063.sh,2.49,2.51,2.42,2.42,22419338
2012/4/18,600063.sh,2.44,2.50,2.41,2.48,20231879
2012/4/19,600063.sh,2.48,2.57,2.46,2.50,24912375
2012/4/20,600063.sh,2.48,2.60,2.48,2.60,32348763
2012/4/23,600063.sh,2.62,2.69,2.56,2.57,41633887
2012/4/24,600063.sh,2.55,2.65,2.47,2.65,30852750
2012/4/25,600063.sh,2.62,2.83,2.59,2.76,65165280
2012/4/26,600063.sh,2.74,2.76,2.68,2.68,36294681
2012/4/27,600063.sh,2.69,2.72,2.61,2.62,19983334
2012/5/2,600063.sh,2.68,2.70,2.63,2.69,22561697
2012/5/3,600063.sh,2.68,2.69,2.62,2.65,15302218
2012/5/4,600063.sh,2.65,2.69,2.64,2.66,13303642
2012/5/7,600063.sh,2.65,2.66,2.61,2.65,20906740
2012/5/8,600063.sh,2.65,2.65,2.65,2.65,INVALID
2012/5/9,600063.sh,2.63,2.67,2.56,2.57,31058002
2012/5/10,600063.sh,2.56,2.60,2.53,2.57,18034623
2012/5/11,600063.sh,2.57,2.62,2.56,2.58,15243657
2012/5/14,600063.sh,2.62,2.70,2.60,2.64,37894916
2012/5/15,600063.sh,2.61,2.70,2.60,2.69,32439177
2012/5/16,600063.sh,2.69,2.71,2.64,2.64,21344362
2012/5/17,600063.sh,2.64,2.66,2.57,2.64,23934836
2012/5/18,600063.sh,2.62,2.64,2.56,2.60,20869047
2012/5/21,600063.sh,2.58,2.61,2.55,2.60,11059480
2012/5/22,600063.sh,2.61,2.68,2.60,2.67,28500504
2012/5/23,600063.sh,2.65,2.66,2.59,2.64,17753108
2012/5/24,600063.sh,2.61,2.65,2.57,2.59,14779923
2012/5/25,600063.sh,2.61,2.61,2.55,2.61,16394310
2012/5/28,600063.sh,2.62,2.69,2.59,2.68,31860323
2012/5/29,600063.sh,2.69,2.69,2.64,2.69,28720043
2012/5/30,600063.sh,2.69,2.73,2.65,2.70,31677212
2012/5/31,600063.sh,2.66,2.72,2.66,2.68,19587573
2012/6/1,600063.sh,2.68,2.70,2.64,2.66,15566895
2012/6/4,600063.sh,2.61,2.62,2.40,2.41,42114950
2012/6/5,600063.sh,2.41,2.41,2.41,2.41,INVALID
2012/6/6,600063.sh,2.46,2.50,2.44,2.47,19944230
2012/6/7,600063.sh,2.50,2.51,2.37,2.40,14921793
2012/6/8,600063.sh,2.43,2.44,2.38,2.42,8967141
2012/6/11,600063.sh,2.42,2.46,2.41,2.44,11428094
2012/6/12,600063.sh,2.44,2.47,2.42,2.44,8751439
2012/6/13,600063.sh,2.41,2.44,2.33,2.41,24323106
2012/6/14,600063.sh,2.39,2.40,2.34,2.35,19809657
2012/6/15,600063.sh,2.36,2.38,2.29,2.32,14793549
2012/6/18,600063.sh,2.33,2.37,2.33,2.35,9271419
2012/6/19,600063.sh,2.36,2.58,2.35,2.58,87259832
2012/6/20,600063.sh,2.61,2.78,2.51,2.70,170682015
2012/6/21,600063.sh,2.63,2.69,2.59,2.65,66049748
2012/6/25,600063.sh,2.64,2.67,2.56,2.60,55270032
2012/6/26,600063.sh,2.58,2.72,2.53,2.65,107853463
2012/6/27,600063.sh,2.61,2.64,2.53,2.55,58879371
2012/6/28,600063.sh,2.55,2.57,2.39,2.39,54197554
2012/6/29,600063.sh,2.36,2.42,2.33,2.42,29189932
2012/7/2,600063.sh,2.45,2.46,2.39,2.41,28308953
2012/7/3,600063.sh,2.41,2.45,2.36,2.42,33386050
2012/7/4,600063.sh,2.43,2.51,2.42,2.47,37996571
2012/7/5,600063.sh,2.45,2.50,2.39,2.39,28591019
2012/7/6,600063.sh,2.42,2.44,2.35,2.43,26348667
2012/7/9,600063.sh,2.41,2.43,2.32,2.33,24813768
2012/7/10,600063.sh,2.32,2.36,2.27,2.29,20418937
2012/7/11,600063.sh,2.30,2.33,2.26,2.32,13531610
2012/7/12,600063.sh,2.33,2.40,2.28,2.36,23139343
2012/7/13,600063.sh,2.35,2.38,2.32,2.33,13833333
2012/7/16,600063.sh,2.33,2.34,2.24,2.25,22057430
2012/7/17,600063.sh,2.24,2.27,2.22,2.27,16078424
2012/7/18,600063.sh,2.26,2.27,2.21,2.26,17306359
2012/7/19,600063.sh,2.26,2.32,2.24,2.29,24234821
2012/7/20,600063.sh,2.27,2.36,2.27,2.32,25661484
2012/7/23,600063.sh,2.29,2.29,2.25,2.26,12991939
2012/7/24,600063.sh,2.26,2.30,2.24,2.27,11394115
2012/7/25,600063.sh,2.27,2.27,2.25,2.25,10871417
2012/7/26,600063.sh,2.25,2.28,2.24,2.25,9490846
2012/7/27,600063.sh,2.26,2.28,2.24,2.26,8975742
2012/7/30,600063.sh,2.26,2.28,2.19,2.19,13566834
2012/7/31,600063.sh,2.19,2.19,1.98,2.01,30336365
2012/8/1,600063.sh,2.02,2.06,2.01,2.05,11798033
2012/8/2,600063.sh,2.04,2.06,1.99,2.00,10018182
2012/8/3,600063.sh,2.01,2.06,2.00,2.06,12131556
2012/8/6,600063.sh,2.04,2.26,2.04,2.26,56788999
2012/8/7,600063.sh,2.31,2.49,2.28,2.49,128491972
2012/8/8,600063.sh,2.50,2.60,2.43,2.47,121349290
2012/8/9,600063.sh,2.45,2.52,2.37,2.46,73813162
2012/8/10,600063.sh,2.44,2.57,2.39,2.48,86198938
2012/8/13,600063.sh,2.45,2.46,2.36,2.37,44316689
2012/8/14,600063.sh,2.35,2.40,2.30,2.39,35227917
2012/8/15,600063.sh,2.38,2.40,2.34,2.36,23243072
2012/8/16,600063.sh,2.32,2.35,2.28,2.32,24619542
2012/8/17,600063.sh,2.30,2.34,2.28,2.33,18848616
2012/8/20,600063.sh,2.34,2.34,2.26,2.30,22481726
2012/8/21,600063.sh,2.30,2.36,2.28,2.32,25562974
2012/8/22,600063.sh,2.30,2.32,2.21,2.24,32246363
2012/8/23,600063.sh,2.23,2.26,2.19,2.24,20600718
2012/8/24,600063.sh,2.22,2.22,2.13,2.13,22948267
2012/8/27,600063.sh,2.12,2.16,2.08,2.10,14375905
2012/8/28,600063.sh,2.13,2.31,2.13,2.31,45522469
2012/8/29,600063.sh,2.37,2.39,2.22,2.22,56063173
2012/8/30,600063.sh,2.16,2.22,2.12,2.19,29533668
2012/8/31,600063.sh,2.17,2.24,2.16,2.22,19011505
2012/9/3,600063.sh,2.19,2.24,2.18,2.21,18223752
2012/9/4,600063.sh,2.22,2.23,2.13,2.14,22000188
2012/9/5,600063.sh,2.13,2.36,2.12,2.25,42003563
2012/9/6,600063.sh,2.20,2.35,2.20,2.33,39762212
2012/9/7,600063.sh,2.34,2.43,2.32,2.38,60765101
2012/9/10,600063.sh,2.38,2.49,2.35,2.44,56621662
2012/9/11,600063.sh,2.42,2.42,2.36,2.39,31506205
2012/9/12,600063.sh,2.39,2.42,2.34,2.39,24219369
2012/9/13,600063.sh,2.39,2.39,2.32,2.32,20800144
2012/9/14,600063.sh,2.34,2.55,2.33,2.48,101891431
2012/9/17,600063.sh,2.44,2.47,2.35,2.37,49145940
2012/9/18,600063.sh,2.33,2.39,2.32,2.39,22393196
2012/9/19,600063.sh,2.39,2.47,2.38,2.41,37474967
2012/9/20,600063.sh,2.41,2.46,2.35,2.38,37863306
2012/9/21,600063.sh,2.34,2.38,2.28,2.29,32942501
2012/9/24,600063.sh,2.26,2.32,2.24,2.32,18322565
2012/9/25,600063.sh,2.30,2.32,2.26,2.28,19902213
2012/9/26,600063.sh,2.26,2.29,2.19,2.20,22118368
2012/9/27,600063.sh,2.20,2.28,2.19,2.26,26193914
2012/9/28,600063.sh,2.24,2.30,2.23,2.30,21085738
2012/10/8,600063.sh,2.26,2.26,2.22,2.24,24578975
2012/10/9,600063.sh,2.23,2.42,2.22,2.39,64252967
2012/10/10,600063.sh,2.35,2.58,2.35,2.50,116590925
2012/10/11,600063.sh,2.50,2.50,2.50,2.50,INVALID
2012/10/12,600063.sh,2.49,2.57,2.39,2.45,92085887
2012/10/15,600063.sh,2.42,2.45,2.38,2.43,30805947
2012/10/16,600063.sh,2.43,2.44,2.36,2.37,30361209
2012/10/17,600063.sh,2.39,2.40,2.34,2.39,24898302
2012/10/18,600063.sh,2.39,2.46,2.38,2.43,40461682
2012/10/19,600063.sh,2.43,2.55,2.42,2.46,53959427
2012/10/22,600063.sh,2.44,2.54,2.42,2.51,44840681
2012/10/23,600063.sh,2.50,2.51,2.45,2.45,35095364
2012/10/24,600063.sh,2.45,2.67,2.43,2.58,112922582
2012/10/25,600063.sh,2.55,2.61,2.47,2.49,71099387
2012/10/26,600063.sh,2.46,2.47,2.40,2.44,46769130
2012/10/29,600063.sh,2.43,2.47,2.40,2.45,25090661
2012/10/30,600063.sh,2.45,2.46,2.41,2.42,20777226
2012/10/31,600063.sh,2.42,2.43,2.35,2.39,26307859
2012/11/1,600063.sh,2.47,2.54,2.45,2.46,51678868
2012/11/2,600063.sh,2.43,2.47,2.43,2.46,27148190
2012/11/5,600063.sh,2.45,2.45,2.41,2.43,17808543
2012/11/6,600063.sh,2.43,2.43,2.37,2.41,22030016
2012/11/7,600063.sh,2.40,2.49,2.39,2.45,27821091
2012/11/8,600063.sh,2.44,2.44,2.36,2.37,21877809
2012/11/9,600063.sh,2.35,2.39,2.32,2.35,15418132
2012/11/12,600063.sh,2.35,2.38,2.32,2.36,12586402
2012/11/13,600063.sh,2.36,2.36,2.28,2.29,16237131
2012/11/14,600063.sh,2.27,2.30,2.24,2.30,14917866
2012/11/15,600063.sh,2.27,2.29,2.24,2.24,11783218
2012/11/16,600063.sh,2.24,2.26,2.22,2.26,11558509
2012/11/19,600063.sh,2.26,2.28,2.22,2.27,8901957
2012/11/20,600063.sh,2.27,2.30,2.25,2.25,10351827
2012/11/21,600063.sh,2.25,2.28,2.21,2.28,12636717
2012/11/22,600063.sh,2.27,2.27,2.23,2.24,8483822
2012/11/23,600063.sh,2.26,2.26,2.21,2.24,8421894
2012/11/26,600063.sh,2.24,2.32,2.21,2.27,15198504
2012/11/27,600063.sh,2.25,2.26,2.14,2.14,16914874
2012/11/28,600063.sh,2.13,2.13,2.06,2.07,11346270
2012/11/29,600063.sh,2.06,2.10,2.03,2.03,8190418
2012/11/30,600063.sh,2.04,2.09,2.03,2.07,9783386
2012/12/3,600063.sh,2.08,2.09,2.04,2.04,8384900
2012/12/4,600063.sh,2.03,2.11,2.00,2.09,10516776
2012/12/5,600063.sh,2.09,2.19,2.07,2.16,20578602
2012/12/6,600063.sh,2.17,2.18,2.13,2.14,10654760
2012/12/7,600063.sh,2.14,2.25,2.13,2.22,27484698
2012/12/10,600063.sh,2.22,2.26,2.19,2.25,25018032
2012/12/11,600063.sh,2.22,2.24,2.19,2.19,17917933
2012/12/12,600063.sh,2.19,2.22,2.18,2.21,11488609
2012/12/13,600063.sh,2.19,2.33,2.18,2.25,40570736
2012/12/14,600063.sh,2.22,2.32,2.21,2.31,44238722
2012/12/17,600063.sh,2.31,2.33,2.27,2.29,25688423
2012/12/18,600063.sh,2.30,2.32,2.26,2.28,22031545
2012/12/19,600063.sh,2.26,2.28,2.25,2.26,17394719
2012/12/20,600063.sh,2.26,2.27,2.22,2.26,15871221
2012/12/21,600063.sh,2.26,2.31,2.24,2.28,26724294
2012/12/24,600063.sh,2.27,2.29,2.26,2.26,13313786
2012/12/25,600063.sh,2.26,2.31,2.24,2.29,24851843
2012/12/26,600063.sh,2.30,2.32,2.28,2.32,22850807
2012/12/27,600063.sh,2.32,2.37,2.28,2.32,36366690
2012/12/28,600063.sh,2.32,2.32,2.28,2.32,23971321
2012/12/31,600063.sh,2.32,2.32,2.26,2.30,32198972
2013/1/4,600063.sh,2.32,2.33,2.26,2.27,19608386
2013/1/7,600063.sh,2.28,2.33,2.26,2.32,30942157
2013/1/8,600063.sh,2.31,2.37,2.30,2.34,40646764
2013/1/9,600063.sh,2.33,2.41,2.32,2.38,48841669
2013/1/10,600063.sh,2.36,2.39,2.32,2.35,29287288
2013/1/11,600063.sh,2.35,2.37,2.27,2.28,30214811
2013/1/14,600063.sh,2.26,2.34,2.25,2.34,36842414
2013/1/15,600063.sh,2.34,2.46,2.32,2.39,61311556
2013/1/16,600063.sh,2.38,2.39,2.31,2.36,40915307
2013/1/17,600063.sh,2.35,2.36,2.32,2.32,18834143
2013/1/18,600063.sh,2.32,2.36,2.32,2.36,20939258
2013/1/21,600063.sh,2.36,2.39,2.33,2.36,23239237
2013/1/22,600063.sh,2.36,2.37,2.30,2.31,22302180
2013/1/23,600063.sh,2.31,2.33,2.26,2.31,20536456
2013/1/24,600063.sh,2.54,2.54,2.54,2.54,68507930
2013/1/25,600063.sh,2.53,2.53,2.42,2.45,113070876
2013/1/28,600063.sh,2.41,2.47,2.39,2.46,52568627
2013/1/29,600063.sh,2.44,2.45,2.41,2.44,35750209
2013/1/30,600063.sh,2.45,2.51,2.43,2.49,59483519
2013/1/31,600063.sh,2.45,2.45,2.38,2.40,45970951
2013/2/1,600063.sh,2.40,2.43,2.36,2.41,26129024
2013/2/4,600063.sh,2.42,2.44,2.39,2.40,27706167
2013/2/5,600063.sh,2.38,2.41,2.37,2.40,21076248
2013/2/6,600063.sh,2.40,2.52,2.39,2.45,40343945
2013/2/7,600063.sh,2.45,2.45,2.40,2.42,23968108
2013/2/8,600063.sh,2.43,2.45,2.42,2.44,19619064
2013/2/18,600063.sh,2.45,2.46,2.43,2.45,23900030
2013/2/19,600063.sh,2.45,2.51,2.41,2.50,51485522
2013/2/20,600063.sh,2.47,2.51,2.45,2.50,33870732
2013/2/21,600063.sh,2.47,2.54,2.46,2.47,60806828
2013/2/22,600063.sh,2.47,2.49,2.44,2.45,25186256
2013/2/25,600063.sh,2.45,2.64,2.45,2.57,98217607
2013/2/26,600063.sh,2.53,2.54,2.45,2.47,46788693
2013/2/27,600063.sh,2.48,2.51,2.46,2.49,20729073
2013/2/28,600063.sh,2.52,2.52,2.47,2.52,33252176
2013/3/1,600063.sh,2.51,2.56,2.50,2.54,32678989
2013/3/4,600063.sh,2.51,2.54,2.43,2.45,38992124
2013/3/5,600063.sh,2.45,2.48,2.44,2.47,21108028
2013/3/6,600063.sh,2.50,2.53,2.45,2.52,28339119
2013/3/7,600063.sh,2.51,2.55,2.46,2.48,31476729
2013/3/8,600063.sh,2.47,2.50,2.45,2.46,20043391
2013/3/11,600063.sh,2.49,2.50,2.45,2.47,18613595
2013/3/12,600063.sh,2.47,2.52,2.33,2.52,63152603
2013/3/13,600063.sh,2.52,2.52,2.52,2.52,INVALID
2013/3/14,600063.sh,2.52,2.52,2.40,2.41,49086037
2013/3/15,600063.sh,2.39,2.44,2.36,2.39,19256989
2013/3/18,600063.sh,2.37,2.39,2.30,2.32,21911092
2013/3/19,600063.sh,2.32,2.33,2.26,2.31,14675003
2013/3/20,600063.sh,2.31,2.35,2.29,2.34,17179160
2013/3/21,600063.sh,2.34,2.39,2.32,2.35,20932359
2013/3/22,600063.sh,2.33,2.37,2.32,2.37,15742330
2013/3/25,600063.sh,2.37,2.38,2.32,2.33,15233255
2013/3/26,600063.sh,2.33,2.33,2.27,2.30,14982779
2013/3/27,600063.sh,2.29,2.32,2.26,2.29,14487206
2013/3/28,600063.sh,2.27,2.27,2.19,2.19,21566863
2013/3/29,600063.sh,2.19,2.21,2.17,2.20,10963458
2013/4/1,600063.sh,2.19,2.21,2.18,2.20,9107772
2013/4/2,600063.sh,2.20,2.22,2.17,2.19,13592184
2013/4/3,600063.sh,2.19,2.19,2.13,2.15,11947146
2013/4/8,600063.sh,2.14,2.14,2.10,2.14,10617522
2013/4/9,600063.sh,2.15,2.20,2.15,2.18,10255710
2013/4/10,600063.sh,2.18,2.19,2.15,2.17,10487243
2013/4/11,600063.sh,2.17,2.22,2.16,2.20,15667503
2013/4/12,600063.sh,2.19,2.20,2.15,2.16,7783792
2013/4/15,600063.sh,2.14,2.15,2.10,2.11,9289583
2013/4/16,600063.sh,2.06,2.14,2.06,2.13,6675081
2013/4/17,600063.sh,2.13,2.13,2.10,2.13,6202272
2013/4/18,600063.sh,2.13,2.14,2.10,2.14,7670331
2013/4/19,600063.sh,2.14,2.18,2.13,2.17,11105593
2013/4/22,600063.sh,2.14,2.20,2.14,2.17,13855192
2013/4/23,600063.sh,2.17,2.17,2.09,2.09,14264496
2013/4/24,600063.sh,2.09,2.13,2.09,2.13,9577365
2013/4/25,600063.sh,2.12,2.12,2.08,2.09,14242861
2013/4/26,600063.sh,2.09,2.11,2.04,2.05,9095499
2013/5/2,600063.sh,2.06,2.11,2.02,2.10,13377667
2013/5/3,600063.sh,2.08,2.13,2.08,2.10,13372635
2013/5/6,600063.sh,2.09,2.12,2.08,2.11,12445384
2013/5/7,600063.sh,2.11,2.11,2.08,2.10,10364505
2013/5/8,600063.sh,2.10,2.12,2.08,2.10,12001908
2013/5/9,600063.sh,2.10,2.14,2.08,2.12,19295544
2013/5/10,600063.sh,2.12,2.15,2.10,2.15,16864799
2013/5/13,600063.sh,2.14,2.21,2.13,2.19,27903621
2013/5/14,600063.sh,2.18,2.18,2.13,2.16,17277132
2013/5/15,600063.sh,2.15,2.16,2.13,2.16,12242350
2013/5/16,600063.sh,2.15,2.18,2.13,2.17,18567333
2013/5/17,600063.sh,2.17,2.19,2.14,2.19,18497619
2013/5/20,600063.sh,2.18,2.19,2.16,2.19,21107624
2013/5/21,600063.sh,2.19,2.19,2.16,2.19,20347338
2013/5/22,600063.sh,2.19,2.22,2.17,2.21,27118036
2013/5/23,600063.sh,2.20,2.22,2.18,2.19,23104760
2013/5/24,600063.sh,2.18,2.19,2.16,2.19,16787891
2013/5/27,600063.sh,2.18,2.19,2.17,2.18,16535981
2013/5/28,600063.sh,2.18,2.22,2.17,2.21,24406521
2013/5/29,600063.sh,2.20,2.22,2.19,2.20,22756635
2013/5/30,600063.sh,2.19,2.20,2.17,2.19,16105977
2013/5/31,600063.sh,2.19,2.19,2.16,2.17,13065429
2013/6/3,600063.sh,2.17,2.18,2.15,2.17,11431202
2013/6/4,600063.sh,2.17,2.17,2.10,2.12,15822727
2013/6/5,600063.sh,2.11,2.12,2.10,2.11,7952887
2013/6/6,600063.sh,2.12,2.12,2.08,2.09,7891600
2013/6/7,600063.sh,2.09,2.10,2.04,2.06,10827861
2013/6/13,600063.sh,2.05,2.05,1.99,2.00,13502073
2013/6/14,600063.sh,2.00,2.02,1.99,2.01,9730859
2013/6/17,600063.sh,2.01,2.02,1.99,2.00,6921176
2013/6/18,600063.sh,2.00,2.02,1.99,2.00,6530905
2013/6/19,600063.sh,2.00,2.01,1.94,1.98,11162371
2013/6/20,600063.sh,1.97,1.97,1.90,1.91,8392100
2013/6/21,600063.sh,1.90,1.92,1.86,1.90,7220350
2013/6/24,600063.sh,1.90,1.91,1.73,1.75,17613705
2013/6/25,600063.sh,1.74,1.74,1.60,1.71,22498805
2013/6/26,600063.sh,1.71,1.73,1.68,1.71,8623888
2013/6/27,600063.sh,1.71,1.74,1.68,1.69,9783421
2013/6/28,600063.sh,1.68,1.72,1.64,1.70,8316911
2013/7/1,600063.sh,1.69,1.73,1.68,1.72,7014178
2013/7/2,600063.sh,1.72,1.73,1.68,1.72,7770536
2013/7/3,600063.sh,1.71,1.71,1.67,1.68,8106162
2013/7/4,600063.sh,1.68,1.73,1.66,1.71,9301458
2013/7/5,600063.sh,1.71,1.75,1.69,1.73,12471473
2013/7/8,600063.sh,1.73,1.73,1.67,1.67,9761920
2013/7/9,600063.sh,1.66,1.68,1.66,1.67,5280444
2013/7/10,600063.sh,1.70,1.73,1.67,1.73,8307635
2013/7/11,600063.sh,1.73,1.81,1.72,1.78,24717679
2013/7/12,600063.sh,1.78,1.78,1.73,1.73,13230219
2013/7/15,600063.sh,1.73,1.77,1.73,1.76,9600651
2013/7/16,600063.sh,1.76,1.79,1.74,1.79,13475548
2013/7/17,600063.sh,1.78,1.80,1.75,1.76,15087655
2013/7/18,600063.sh,1.75,1.76,1.73,1.74,11189969
2013/7/19,600063.sh,1.74,1.76,1.67,1.68,14298322
2013/7/22,600063.sh,1.68,1.70,1.66,1.69,9499921
2013/7/23,600063.sh,1.68,1.73,1.68,1.73,9105952
2013/7/24,600063.sh,1.73,1.73,1.70,1.72,11629606
2013/7/25,600063.sh,1.72,1.73,1.70,1.71,10510121
2013/7/26,600063.sh,1.71,1.72,1.69,1.70,7410263
2013/7/29,600063.sh,1.69,1.69,1.67,1.67,11493671
2013/7/30,600063.sh,1.67,1.69,1.65,1.67,11528469
2013/7/31,600063.sh,1.67,1.68,1.66,1.67,7040299
2013/8/1,600063.sh,1.67,1.70,1.66,1.70,14790741
2013/8/2,600063.sh,1.71,1.71,1.68,1.68,9484380
2013/8/5,600063.sh,1.68,1.79,1.68,1.74,19584047
2013/8/6,600063.sh,1.72,1.84,1.71,1.79,34241144
2013/8/7,600063.sh,1.78,1.79,1.73,1.74,20038721
2013/8/8,600063.sh,1.75,1.80,1.74,1.78,17546433
2013/8/9,600063.sh,1.77,1.79,1.74,1.77,11940190
2013/8/12,600063.sh,1.77,1.81,1.76,1.80,21100829
2013/8/13,600063.sh,1.82,1.84,1.80,1.83,23018204
2013/8/14,600063.sh,1.83,1.83,1.80,1.80,18895571
2013/8/15,600063.sh,1.80,1.81,1.78,1.78,13163625
2013/8/16,600063.sh,1.78,1.78,1.78,1.78,INVALID
2013/8/19,600063.sh,1.72,1.76,1.69,1.73,22180889
2013/8/20,600063.sh,1.76,1.77,1.73,1.73,13535477
2013/8/21,600063.sh,1.73,1.74,1.73,1.73,8274842
2013/8/22,600063.sh,1.73,1.75,1.73,1.73,11258745
2013/8/23,600063.sh,1.74,1.76,1.69,1.75,17299347
2013/8/26,600063.sh,1.75,1.80,1.74,1.79,23877953
2013/8/27,600063.sh,1.78,1.83,1.78,1.80,23547142
2013/8/28,600063.sh,1.80,1.81,1.78,1.80,15094353
2013/8/29,600063.sh,1.80,1.84,1.78,1.82,25709693
2013/8/30,600063.sh,1.82,1.84,1.79,1.80,21423268
2013/9/2,600063.sh,1.80,1.88,1.79,1.84,31263567
2013/9/3,600063.sh,1.85,1.87,1.84,1.86,21103337
2013/9/4,600063.sh,1.85,1.86,1.81,1.83,29581897
2013/9/5,600063.sh,1.83,1.85,1.81,1.83,20802530
2013/9/6,600063.sh,1.84,1.85,1.82,1.83,17153970
2013/9/9,600063.sh,1.84,1.87,1.82,1.86,28477888
2013/9/10,600063.sh,1.86,1.93,1.85,1.90,43496367
2013/9/11,600063.sh,1.90,2.09,1.90,2.09,89542497
2013/9/12,600063.sh,2.17,2.18,2.02,2.07,107578888
2013/9/13,600063.sh,2.05,2.06,1.97,1.99,47961480
2013/9/16,600063.sh,1.97,2.01,1.97,1.99,24484197
2013/9/17,600063.sh,1.99,1.99,1.90,1.91,27463134
2013/9/18,600063.sh,1.90,1.96,1.90,1.95,20611441
2013/9/23,600063.sh,1.95,1.96,1.93,1.95,16075646
2013/9/24,600063.sh,1.95,1.96,1.88,1.92,22176080
2013/9/25,600063.sh,1.91,1.94,1.89,1.93,18691924
2013/9/26,600063.sh,1.93,1.93,1.86,1.87,20678363
2013/9/27,600063.sh,1.86,1.88,1.86,1.87,11861516
2013/9/30,600063.sh,1.87,1.88,1.86,1.87,9559052
2013/10/8,600063.sh,1.87,1.93,1.86,1.93,17037049
2013/10/9,600063.sh,1.93,1.94,1.90,1.93,18054683
2013/10/10,600063.sh,1.91,1.93,1.86,1.90,22555728
2013/10/11,600063.sh,1.88,1.94,1.88,1.93,22027206
2013/10/14,600063.sh,1.93,1.96,1.91,1.95,24258218
2013/10/15,600063.sh,1.95,1.95,1.92,1.93,16159850
2013/10/16,600063.sh,1.93,1.93,1.86,1.88,20593183
2013/10/17,600063.sh,1.89,1.91,1.87,1.90,18132271
2013/10/18,600063.sh,1.90,1.91,1.86,1.90,17740852
2013/10/21,600063.sh,1.90,1.92,1.88,1.92,16739098
2013/10/22,600063.sh,1.91,1.98,1.90,1.96,32384040
2013/10/23,600063.sh,1.95,1.99,1.92,1.93,30992944
2013/10/24,600063.sh,1.91,1.92,1.88,1.89,12318269
2013/10/25,600063.sh,1.89,1.91,1.86,1.86,13182051
2013/10/28,600063.sh,1.86,1.88,1.86,1.87,6710511
2013/10/29,600063.sh,1.87,1.90,1.79,1.83,18987069
2013/10/30,600063.sh,1.81,1.86,1.80,1.86,8372740
2013/10/31,600063.sh,1.85,1.86,1.83,1.86,8152917
2013/11/1,600063.sh,1.86,1.86,1.83,1.85,6374839
2013/11/4,600063.sh,1.84,1.85,1.82,1.83,8064560
2013/11/5,600063.sh,1.84,1.84,1.80,1.84,11966479
2013/11/6,600063.sh,1.83,1.84,1.80,1.81,11730860
2013/11/7,600063.sh,1.80,1.82,1.80,1.81,8711958
2013/11/8,600063.sh,1.81,1.81,1.77,1.79,8754661
2013/11/11,600063.sh,1.79,1.80,1.77,1.80,6073202
2013/11/12,600063.sh,1.79,1.81,1.78,1.81,8412855
2013/11/13,600063.sh,1.80,1.81,1.75,1.75,11292227
2013/11/14,600063.sh,1.75,1.78,1.74,1.77,10351922
2013/11/15,600063.sh,1.76,1.80,1.76,1.80,12101253
2013/11/18,600063.sh,1.80,1.83,1.79,1.83,14989707
2013/11/19,600063.sh,1.83,1.83,1.80,1.82,10560124
2013/11/20,600063.sh,1.82,1.85,1.81,1.84,11585710
2013/11/21,600063.sh,1.83,1.84,1.81,1.83,9732053
2013/11/22,600063.sh,1.83,1.86,1.81,1.86,21764627
2013/11/25,600063.sh,1.84,1.86,1.83,1.84,10079694
2013/11/26,600063.sh,1.83,1.87,1.83,1.86,17997780
2013/11/27,600063.sh,1.86,1.87,1.85,1.86,11381556
2013/11/28,600063.sh,1.86,1.89,1.86,1.86,13947818
2013/11/29,600063.sh,1.86,1.90,1.85,1.88,18466514
2013/12/2,600063.sh,1.86,1.90,1.83,1.85,20277220
2013/12/3,600063.sh,1.83,1.86,1.80,1.86,15976559
2013/12/4,600063.sh,1.85,1.89,1.84,1.88,21036263
2013/12/5,600063.sh,1.88,1.91,1.86,1.89,17019613
2013/12/6,600063.sh,1.88,1.92,1.86,1.90,18004530
2013/12/9,600063.sh,1.89,1.91,1.88,1.89,11805582
2013/12/10,600063.sh,1.90,1.90,1.87,1.88,11421119
2013/12/11,600063.sh,1.87,1.88,1.84,1.85,10761117
2013/12/12,600063.sh,1.85,1.86,1.84,1.85,7513358
2013/12/13,600063.sh,1.84,1.86,1.83,1.85,6851630
2013/12/16,600063.sh,1.85,1.86,1.80,1.80,10681731
2013/12/17,600063.sh,1.80,1.81,1.79,1.80,8917198
2013/12/18,600063.sh,1.80,1.80,1.80,1.80,INVALID
2013/12/19,600063.sh,1.80,1.80,1.80,1.80,INVALID
2013/12/20,600063.sh,1.80,1.80,1.80,1.80,INVALID
2013/12/23,600063.sh,1.80,1.80,1.80,1.80,INVALID
2013/12/24,600063.sh,1.80,1.80,1.80,1.80,INVALID
2013/12/25,600063.sh,1.80,1.80,1.80,1.80,INVALID
2013/12/26,600063.sh,1.80,1.80,1.80,1.80,INVALID
2013/12/27,600063.sh,1.80,1.80,1.80,1.80,INVALID
2013/12/30,600063.sh,1.80,1.80,1.80,1.80,INVALID
2013/12/31,600063.sh,1.80,1.80,1.80,1.80,INVALID
2014/1/2,600063.sh,1.80,1.80,1.80,1.80,INVALID
2014/1/3,600063.sh,1.80,1.80,1.80,1.80,INVALID
2014/1/6,600063.sh,1.80,1.80,1.80,1.80,INVALID
2014/1/7,600063.sh,1.80,1.80,1.80,1.80,INVALID
2014/1/8,600063.sh,1.80,1.80,1.80,1.80,INVALID
2014/1/9,600063.sh,1.80,1.80,1.80,1.80,INVALID
2014/1/10,600063.sh,1.80,1.80,1.80,1.80,INVALID
2014/1/13,600063.sh,1.80,1.80,1.80,1.80,INVALID
2014/1/14,600063.sh,1.80,1.80,1.80,1.80,INVALID
2014/1/15,600063.sh,1.80,1.80,1.80,1.80,INVALID
2014/1/16,600063.sh,1.80,1.80,1.80,1.80,INVALID
2014/1/17,600063.sh,1.80,1.80,1.80,1.80,INVALID
2014/1/20,600063.sh,1.80,1.80,1.80,1.80,INVALID
2014/1/21,600063.sh,1.80,1.80,1.80,1.80,INVALID
2014/1/22,600063.sh,1.80,1.80,1.80,1.80,INVALID
2014/1/23,600063.sh,1.80,1.80,1.80,1.80,INVALID
2014/1/24,600063.sh,1.80,1.80,1.80,1.80,INVALID
2014/1/27,600063.sh,1.80,1.80,1.80,1.80,INVALID
2014/1/28,600063.sh,1.80,1.80,1.80,1.80,INVALID
2014/1/29,600063.sh,1.80,1.80,1.80,1.80,INVALID
2014/1/30,600063.sh,1.80,1.80,1.80,1.80,INVALID
2014/2/7,600063.sh,1.80,1.80,1.80,1.80,INVALID
2014/2/10,600063.sh,1.80,1.80,1.80,1.80,INVALID
2014/2/11,600063.sh,1.80,1.80,1.80,1.80,INVALID
2014/2/12,600063.sh,1.80,1.80,1.80,1.80,INVALID
2014/2/13,600063.sh,1.80,1.80,1.80,1.80,INVALID
2014/2/14,600063.sh,1.80,1.80,1.80,1.80,INVALID
2014/2/17,600063.sh,1.80,1.80,1.80,1.80,INVALID
2014/2/18,600063.sh,1.80,1.80,1.80,1.80,INVALID
2014/2/19,600063.sh,1.80,1.80,1.80,1.80,INVALID
2014/2/20,600063.sh,1.80,1.80,1.80,1.80,INVALID
2014/2/21,600063.sh,1.80,1.80,1.80,1.80,INVALID
2014/2/24,600063.sh,1.80,1.80,1.80,1.80,INVALID
2014/2/25,600063.sh,1.80,1.80,1.80,1.80,INVALID
2014/2/26,600063.sh,1.80,1.80,1.80,1.80,INVALID
2014/2/27,600063.sh,1.80,1.80,1.80,1.80,INVALID
2014/2/28,600063.sh,1.80,1.80,1.80,1.80,INVALID
2014/3/3,600063.sh,1.80,1.80,1.80,1.80,INVALID
2014/3/4,600063.sh,1.80,1.80,1.80,1.80,INVALID
2014/3/5,600063.sh,1.80,1.80,1.80,1.80,INVALID
2014/3/6,600063.sh,1.80,1.80,1.80,1.80,INVALID
2014/3/7,600063.sh,1.80,1.80,1.80,1.80,INVALID
2014/3/10,600063.sh,1.80,1.80,1.80,1.80,INVALID
2014/3/11,600063.sh,1.80,1.80,1.80,1.80,INVALID
2014/3/12,600063.sh,1.80,1.80,1.80,1.80,INVALID
2014/3/13,600063.sh,1.80,1.80,1.80,1.80,INVALID
2014/3/14,600063.sh,1.80,1.80,1.80,1.80,INVALID
2014/3/17,600063.sh,1.80,1.80,1.80,1.80,INVALID
2014/3/18,600063.sh,1.98,1.98,1.98,1.98,8517802
2014/3/19,600063.sh,2.18,2.18,2.09,2.18,56920439
2014/3/20,600063.sh,2.26,2.35,2.13,2.14,174331621
2014/3/21,600063.sh,2.11,2.16,2.04,2.13,79267387
2014/3/24,600063.sh,2.08,2.25,2.06,2.21,94188993
2014/3/25,600063.sh,2.20,2.25,2.13,2.14,57725189
2014/3/26,600063.sh,2.14,2.20,2.10,2.16,38574009
2014/3/27,600063.sh,2.13,2.17,2.10,2.11,34925038
2014/3/28,600063.sh,2.10,2.19,2.09,2.13,38588956
2014/3/31,600063.sh,2.11,2.15,2.03,2.07,35612757
2014/4/1,600063.sh,2.07,2.11,2.06,2.07,18983766
2014/4/2,600063.sh,2.07,2.11,2.06,2.07,24215622
2014/4/3,600063.sh,2.07,2.08,2.04,2.05,19544351
2014/4/4,600063.sh,2.05,2.06,2.01,2.05,18817840
2014/4/8,600063.sh,2.05,2.11,2.04,2.07,28358778
2014/4/9,600063.sh,2.06,2.08,2.06,2.07,17200309
2014/4/10,600063.sh,2.07,2.08,2.04,2.06,24328660
2014/4/11,600063.sh,2.05,2.06,2.04,2.05,13098486
2014/4/14,600063.sh,2.05,2.06,2.04,2.06,17314364
2014/4/15,600063.sh,2.06,2.06,2.00,2.03,21813268
2014/4/16,600063.sh,2.02,2.03,1.99,2.01,14036053
2014/4/17,600063.sh,2.01,2.01,1.97,1.99,18273577
2014/4/18,600063.sh,1.98,1.99,1.96,1.97,12992184
2014/4/21,600063.sh,1.97,1.98,1.94,1.95,12462107
2014/4/22,600063.sh,1.94,1.96,1.92,1.95,14540169
2014/4/23,600063.sh,1.94,1.98,1.94,1.97,11316300
2014/4/24,600063.sh,1.97,1.97,1.93,1.94,10781687
2014/4/25,600063.sh,1.94,1.96,1.89,1.89,12448057
2014/4/28,600063.sh,1.89,1.89,1.80,1.82,15750460
2014/4/29,600063.sh,1.81,1.85,1.81,1.85,8967583
2014/4/30,600063.sh,1.84,1.85,1.83,1.84,8013100
2014/5/5,600063.sh,1.84,1.87,1.83,1.87,9314703
2014/5/6,600063.sh,1.87,1.89,1.86,1.87,10543199
2014/5/7,600063.sh,1.88,1.88,1.85,1.86,9461482
2014/5/8,600063.sh,1.85,1.88,1.84,1.86,8389911
2014/5/9,600063.sh,1.86,1.87,1.83,1.84,8750827
2014/5/12,600063.sh,1.85,1.90,1.85,1.89,21521807
2014/5/13,600063.sh,1.88,1.90,1.87,1.88,10105440
2014/5/14,600063.sh,1.88,1.90,1.87,1.89,8762054
2014/5/15,600063.sh,1.88,1.89,1.84,1.86,10319234
2014/5/16,600063.sh,1.85,1.86,1.83,1.85,6938085
2014/5/19,600063.sh,1.85,1.89,1.84,1.86,9910305
2014/5/20,600063.sh,1.86,1.89,1.86,1.87,10520803
2014/5/21,600063.sh,1.87,1.87,1.84,1.87,7486026
2014/5/22,600063.sh,1.86,1.88,1.86,1.86,7357188
2014/5/23,600063.sh,1.86,1.87,1.85,1.87,5541067
2014/5/26,600063.sh,1.88,1.94,1.87,1.94,37059753
2014/5/27,600063.sh,1.94,2.10,1.93,2.03,69752638
2014/5/28,600063.sh,2.04,2.13,2.03,2.10,62474114
2014/5/29,600063.sh,2.17,2.20,2.11,2.13,79562386
2014/5/30,600063.sh,2.12,2.17,2.04,2.07,43090505
2014/6/3,600063.sh,2.11,2.13,2.05,2.06,29594864
2014/6/4,600063.sh,2.06,2.06,1.99,2.01,22845729
2014/6/5,600063.sh,2.02,2.06,2.01,2.05,23947088
2014/6/6,600063.sh,2.06,2.06,2.01,2.04,19107594
2014/6/9,600063.sh,2.04,2.05,1.99,2.00,13988188
2014/6/10,600063.sh,2.01,2.04,1.96,2.03,23156113
2014/6/11,600063.sh,2.02,2.03,1.99,1.99,14662086
2014/6/12,600063.sh,1.99,1.99,1.96,1.99,13654780
2014/6/13,600063.sh,1.99,2.00,1.96,1.99,13743390
2014/6/16,600063.sh,1.99,2.19,1.99,2.13,52248065
2014/6/17,600063.sh,2.11,2.12,2.03,2.07,26991317
2014/6/18,600063.sh,2.07,2.21,2.05,2.16,52101574
2014/6/19,600063.sh,2.18,2.21,2.10,2.13,34927345
2014/6/20,600063.sh,2.12,2.18,2.07,2.12,24450963
2014/6/23,600063.sh,2.13,2.17,2.10,2.15,28930586
2014/6/24,600063.sh,2.14,2.15,2.11,2.13,18853211
2014/6/25,600063.sh,2.12,2.13,2.08,2.13,13286388
2014/6/26,600063.sh,2.12,2.13,2.10,2.12,17082240
2014/6/27,600063.sh,2.11,2.11,2.06,2.09,26410023
2014/6/30,600063.sh,2.09,2.13,2.06,2.13,29003140
2014/7/1,600063.sh,2.12,2.13,2.08,2.12,19414505
2014/7/2,600063.sh,2.11,2.19,2.10,2.17,30993059
2014/7/3,600063.sh,2.16,2.34,2.14,2.31,78274535
2014/7/4,600063.sh,2.30,2.30,2.21,2.22,59140685
2014/7/7,600063.sh,2.24,2.45,2.23,2.34,96294257
2014/7/8,600063.sh,2.38,2.44,2.34,2.35,59505593
2014/7/9,600063.sh,2.36,2.36,2.26,2.27,46128515
2014/7/10,600063.sh,2.28,2.29,2.24,2.26,24606869
2014/7/11,600063.sh,2.26,2.37,2.26,2.32,33590242
2014/7/14,600063.sh,2.32,2.44,2.32,2.41,58590102
2014/7/15,600063.sh,2.43,2.43,2.36,2.39,32409261
2014/7/16,600063.sh,2.39,2.53,2.38,2.46,62046135
2014/7/17,600063.sh,2.47,2.51,2.44,2.47,30958695
2014/7/18,600063.sh,2.44,2.58,2.44,2.54,58955946
2014/7/21,600063.sh,2.56,2.67,2.49,2.51,63091875
2014/7/22,600063.sh,2.49,2.55,2.45,2.53,38840386
2014/7/23,600063.sh,2.55,2.78,2.51,2.71,95083995
2014/7/24,600063.sh,2.71,2.74,2.62,2.73,51909559
2014/7/25,600063.sh,2.71,2.84,2.68,2.72,49253692
2014/7/28,600063.sh,2.71,2.77,2.65,2.71,65192118
2014/7/29,600063.sh,2.71,2.84,2.67,2.84,64479054
2014/7/30,600063.sh,2.81,2.89,2.78,2.83,45318430
2014/7/31,600063.sh,2.80,2.84,2.75,2.78,45694487
2014/8/1,600063.sh,2.78,2.80,2.71,2.73,37584729
2014/8/4,600063.sh,2.72,2.79,2.71,2.77,32687026
2014/8/5,600063.sh,2.78,2.78,2.65,2.68,72003058
2014/8/6,600063.sh,2.66,2.71,2.64,2.69,33731556
2014/8/7,600063.sh,2.69,2.73,2.67,2.71,33822903
2014/8/8,600063.sh,2.71,2.76,2.70,2.73,27658921
2014/8/11,600063.sh,2.73,2.75,2.71,2.73,29413442
2014/8/12,600063.sh,2.74,2.86,2.72,2.82,58042849
2014/8/13,600063.sh,2.82,2.84,2.73,2.79,28198954
2014/8/14,600063.sh,2.78,2.78,2.73,2.74,24402802
2014/8/15,600063.sh,2.72,2.78,2.71,2.74,24773298
2014/8/18,600063.sh,2.74,2.80,2.74,2.79,27714351
2014/8/19,600063.sh,2.81,2.82,2.76,2.78,24296729
2014/8/20,600063.sh,2.76,2.78,2.74,2.76,24927547
2014/8/21,600063.sh,2.75,2.75,2.68,2.70,37233215
2014/8/22,600063.sh,2.70,2.71,2.65,2.69,33345102
2014/8/25,600063.sh,2.69,2.69,2.60,2.63,35846811
2014/8/26,600063.sh,2.61,2.62,2.56,2.57,24347661
2014/8/27,600063.sh,2.56,2.66,2.55,2.64,32037612
2014/8/28,600063.sh,2.63,2.63,2.57,2.60,20986507
2014/8/29,600063.sh,2.60,2.63,2.57,2.62,14517775
2014/9/1,600063.sh,2.61,2.70,2.61,2.68,19800244
2014/9/2,600063.sh,2.68,2.70,2.66,2.70,22266495
2014/9/3,600063.sh,2.70,2.71,2.67,2.70,22142123
2014/9/4,600063.sh,2.71,2.76,2.67,2.75,40785254
2014/9/5,600063.sh,2.75,2.76,2.69,2.73,29858781
2014/9/9,600063.sh,2.73,2.78,2.71,2.77,33622846
2014/9/10,600063.sh,2.78,2.89,2.72,2.84,59394234
2014/9/11,600063.sh,2.83,2.87,2.78,2.82,55547295
2014/9/12,600063.sh,2.82,2.84,2.78,2.84,30727557
2014/9/15,600063.sh,2.84,2.97,2.83,2.97,70533150
2014/9/16,600063.sh,2.96,3.06,2.85,2.86,88553519
2014/9/17,600063.sh,2.85,2.92,2.79,2.91,48290978
2014/9/18,600063.sh,2.92,3.03,2.89,3.01,53651964
2014/9/19,600063.sh,2.99,3.08,2.96,2.98,44101938
2014/9/22,600063.sh,2.98,2.98,2.86,2.90,36986136
2014/9/23,600063.sh,2.91,2.94,2.87,2.93,25881655
2014/9/24,600063.sh,2.91,2.98,2.90,2.97,32200475
2014/9/25,600063.sh,2.98,3.01,2.91,2.93,37951158
2014/9/26,600063.sh,2.92,2.94,2.88,2.90,29705851
2014/9/29,600063.sh,2.91,2.97,2.89,2.94,35082332
2014/9/30,600063.sh,2.94,2.99,2.92,2.98,32598485
2014/10/8,600063.sh,2.98,3.11,2.96,3.10,59457136
2014/10/9,600063.sh,3.19,3.41,3.18,3.41,154388795
2014/10/10,600063.sh,3.57,3.75,3.51,3.75,142318344
2014/10/13,600063.sh,3.88,3.95,3.52,3.68,229239202
2014/10/14,600063.sh,3.71,4.04,3.60,4.04,227456175
2014/10/15,600063.sh,3.99,4.22,3.86,3.96,224675526
2014/10/16,600063.sh,3.90,4.02,3.67,3.70,143406885
2014/10/17,600063.sh,3.63,3.76,3.56,3.71,98207786
2014/10/20,600063.sh,3.70,3.80,3.67,3.78,70788707
2014/10/21,600063.sh,3.76,3.76,3.57,3.59,81292517
2014/10/22,600063.sh,3.61,3.63,3.53,3.56,44751685
2014/10/23,600063.sh,3.56,3.59,3.49,3.52,43356186
2014/10/24,600063.sh,3.54,3.66,3.48,3.62,55358833
2014/10/27,600063.sh,3.57,3.66,3.56,3.60,39005877
2014/10/28,600063.sh,3.62,3.77,3.59,3.73,72526614
2014/10/29,600063.sh,3.71,3.96,3.69,3.82,100794099
2014/10/30,600063.sh,3.83,3.88,3.76,3.77,65341124
2014/10/31,600063.sh,3.75,3.81,3.65,3.69,54762201
2014/11/3,600063.sh,3.68,3.79,3.65,3.76,43943857
2014/11/4,600063.sh,3.72,3.77,3.68,3.74,34431297
2014/11/5,600063.sh,3.72,3.76,3.67,3.70,31626260
2014/11/6,600063.sh,3.70,3.72,3.56,3.62,47482198
2014/11/7,600063.sh,3.60,3.64,3.56,3.60,32037331
2014/11/10,600063.sh,3.60,3.67,3.55,3.66,35385833
2014/11/11,600063.sh,3.68,3.69,3.45,3.48,57001531
2014/11/12,600063.sh,3.48,3.56,3.44,3.56,24234871
2014/11/13,600063.sh,3.56,3.56,3.46,3.50,28454805
2014/11/14,600063.sh,3.48,3.53,3.47,3.51,19338279
2014/11/17,600063.sh,3.51,3.56,3.49,3.53,18343532
2014/11/18,600063.sh,3.52,3.77,3.51,3.72,70467655
2014/11/19,600063.sh,3.69,3.77,3.66,3.69,34665736
2014/11/20,600063.sh,3.69,3.73,3.65,3.67,24669963
2014/11/21,600063.sh,3.66,3.67,3.57,3.63,33316590
2014/11/24,600063.sh,3.69,3.72,3.64,3.68,41656604
2014/11/25,600063.sh,3.68,3.81,3.66,3.76,55065002
2014/11/26,600063.sh,3.77,3.95,3.73,3.90,93650940
2014/11/27,600063.sh,3.89,3.94,3.83,3.87,63079878
2014/11/28,600063.sh,3.91,3.92,3.76,3.83,53571817
2014/12/1,600063.sh,3.83,3.95,3.77,3.91,70271810
2014/12/2,600063.sh,3.91,3.98,3.86,3.94,71546859
2014/12/3,600063.sh,3.95,4.10,3.88,3.92,89488160
2014/12/4,600063.sh,3.92,4.02,3.88,4.01,84585013
2014/12/5,600063.sh,4.02,4.10,3.84,3.98,112577069
2014/12/8,600063.sh,3.95,4.06,3.86,3.98,85923972
2014/12/9,600063.sh,3.98,4.05,3.69,3.70,105957779
2014/12/10,600063.sh,3.65,3.79,3.59,3.77,55952449
2014/12/11,600063.sh,3.73,3.79,3.67,3.77,58089345
2014/12/12,600063.sh,3.76,3.90,3.76,3.89,53105507
2014/12/15,600063.sh,3.88,4.01,3.85,4.00,67840268
2014/12/16,600063.sh,3.98,4.04,3.94,4.01,64091942
2014/12/17,600063.sh,4.01,4.22,3.96,4.07,116840995
2014/12/18,600063.sh,4.07,4.07,4.07,4.07,INVALID
2014/12/19,600063.sh,4.07,4.07,4.07,4.07,INVALID
2014/12/22,600063.sh,4.07,4.07,4.07,4.07,INVALID
2014/12/23,600063.sh,4.07,4.07,4.07,4.07,INVALID
2014/12/24,600063.sh,4.07,4.07,4.07,4.07,INVALID
2014/12/25,600063.sh,4.07,4.07,4.07,4.07,INVALID
2014/12/26,600063.sh,4.04,4.48,3.91,4.35,137152053
2014/12/29,600063.sh,4.28,4.39,4.09,4.18,89225191
2014/12/30,600063.sh,4.15,4.27,4.02,4.08,49016575
2014/12/31,600063.sh,4.05,4.13,4.01,4.08,34608837
2015/1/5,600063.sh,4.09,4.11,3.91,4.04,56996644
2015/1/6,600063.sh,3.99,4.02,3.92,3.98,48092591
2015/1/7,600063.sh,3.97,4.08,3.95,4.07,42523527
2015/1/8,600063.sh,4.09,4.09,3.93,3.95,32483329
2015/1/9,600063.sh,3.94,3.98,3.91,3.91,24602855
2015/1/12,600063.sh,3.91,3.91,3.74,3.76,32015960
2015/1/13,600063.sh,3.74,3.78,3.70,3.78,21089934
2015/1/14,600063.sh,3.76,3.78,3.64,3.67,21075866
2015/1/15,600063.sh,3.68,3.86,3.67,3.83,31916887
2015/1/16,600063.sh,3.82,3.89,3.76,3.89,31353738
2015/1/19,600063.sh,3.71,3.77,3.50,3.53,46314227
2015/1/20,600063.sh,3.53,3.65,3.53,3.65,28942282
2015/1/21,600063.sh,3.69,3.80,3.65,3.77,28795392
2015/1/22,600063.sh,3.81,3.95,3.77,3.89,32494720
2015/1/23,600063.sh,3.89,3.99,3.85,3.91,42597159
2015/1/26,600063.sh,3.90,4.08,3.89,4.07,50691136
2015/1/27,600063.sh,4.08,4.42,4.04,4.20,153539381
2015/1/28,600063.sh,4.21,4.28,4.09,4.11,61196021
2015/1/29,600063.sh,4.03,4.07,3.93,3.97,47161582
2015/1/30,600063.sh,3.97,4.04,3.96,3.97,27011215
2015/2/2,600063.sh,3.94,3.94,3.86,3.87,22577846
2015/2/3,600063.sh,3.94,4.05,3.94,4.03,36586572
2015/2/4,600063.sh,4.08,4.09,3.96,3.97,30255945
2015/2/5,600063.sh,4.03,4.05,3.86,3.88,26233670
2015/2/6,600063.sh,3.86,3.89,3.71,3.74,25220215
2015/2/9,600063.sh,3.73,3.81,3.69,3.77,12796694
2015/2/10,600063.sh,3.77,3.81,3.75,3.80,14442558
2015/2/11,600063.sh,3.80,3.92,3.79,3.91,14412276
2015/2/12,600063.sh,3.92,3.95,3.86,3.92,14623520
2015/2/13,600063.sh,3.94,4.03,3.92,4.01,26281259
2015/2/16,600063.sh,4.01,4.05,3.96,4.02,28122201
2015/2/17,600063.sh,4.04,4.09,4.00,4.03,28219958
2015/2/25,600063.sh,4.02,4.15,4.02,4.08,33686971
2015/2/26,600063.sh,4.07,4.10,4.02,4.09,31507460
2015/2/27,600063.sh,4.10,4.13,4.05,4.11,37678071
2015/3/2,600063.sh,4.15,4.15,4.10,4.15,37739159
2015/3/3,600063.sh,4.14,4.14,4.01,4.02,45605274
2015/3/4,600063.sh,4.01,4.41,4.00,4.41,107955551
2015/3/5,600063.sh,4.49,4.67,4.32,4.42,149873297
2015/3/6,600063.sh,4.39,4.80,4.35,4.57,132988511
2015/3/9,600063.sh,4.57,4.74,4.47,4.63,84768226
2015/3/10,600063.sh,4.65,4.65,4.55,4.62,50802003
2015/3/11,600063.sh,4.61,4.66,4.47,4.52,54948721
2015/3/12,600063.sh,4.53,4.59,4.48,4.51,40429403
2015/3/13,600063.sh,4.53,4.61,4.50,4.57,39690203
2015/3/16,600063.sh,4.62,4.75,4.62,4.74,65929674
2015/3/17,600063.sh,4.77,5.20,4.76,5.02,116814371
2015/3/18,600063.sh,5.04,5.15,4.94,5.08,78265855
2015/3/19,600063.sh,5.08,5.34,5.00,5.21,87278385
2015/3/20,600063.sh,5.26,5.30,5.19,5.26,60426169
2015/3/23,600063.sh,5.40,5.79,5.40,5.79,90871369
2015/3/24,600063.sh,6.22,6.38,5.72,6.19,199652040
2015/3/25,600063.sh,6.13,6.13,5.83,5.94,144717431
2015/3/26,600063.sh,5.90,5.90,5.71,5.73,92819394
2015/3/27,600063.sh,5.74,6.03,5.74,5.87,65542226
2015/3/30,600063.sh,5.95,5.98,5.79,5.89,66811562
2015/3/31,600063.sh,5.89,5.90,5.72,5.76,71548903
2015/4/1,600063.sh,5.76,5.97,5.76,5.92,67721858
2015/4/2,600063.sh,6.03,6.34,6.03,6.20,100735968
2015/4/3,600063.sh,6.14,6.20,6.03,6.15,78086075
2015/4/7,600063.sh,6.16,6.34,6.08,6.29,105497665
2015/4/8,600063.sh,6.29,6.29,5.99,6.12,76632020
2015/4/9,600063.sh,6.09,6.11,5.78,5.92,70703771
2015/4/10,600063.sh,5.90,6.20,5.90,6.11,69474475
2015/4/13,600063.sh,6.28,6.32,6.18,6.28,87747623
2015/4/14,600063.sh,6.31,6.90,6.31,6.90,133904687
2015/4/15,600063.sh,7.03,7.42,6.77,6.81,139847584
2015/4/16,600063.sh,6.77,7.10,6.55,6.97,88792785
2015/4/17,600063.sh,7.09,7.16,6.83,6.92,89731251
2015/4/20,600063.sh,6.94,6.98,6.59,6.61,98034899
2015/4/21,600063.sh,6.70,7.07,6.70,6.96,74136806
2015/4/22,600063.sh,7.00,7.33,6.96,7.16,82153448
2015/4/23,600063.sh,7.19,7.20,6.92,7.06,78555446
2015/4/24,600063.sh,6.94,6.95,6.77,6.90,63335467
2015/4/27,600063.sh,6.92,7.02,6.82,6.92,64967267
2015/4/28,600063.sh,6.94,7.03,6.54,6.62,81832895
2015/4/29,600063.sh,6.60,6.73,6.39,6.71,50450401
2015/4/30,600063.sh,6.70,6.72,6.57,6.57,40711940
2015/5/4,600063.sh,6.51,6.70,6.46,6.62,40507201
2015/5/5,600063.sh,6.61,6.61,6.09,6.11,64671058
2015/5/6,600063.sh,6.12,6.24,5.64,5.77,51013988
2015/5/7,600063.sh,5.77,5.80,5.48,5.58,42837748
2015/5/8,600063.sh,5.60,5.84,5.60,5.84,41424586
2015/5/11,600063.sh,5.94,6.30,5.94,6.28,54083023
2015/5/12,600063.sh,6.37,6.41,6.18,6.25,45468866
2015/5/13,600063.sh,6.25,6.32,6.14,6.17,40846701
2015/5/14,600063.sh,6.22,6.31,6.08,6.13,39089452
2015/5/15,600063.sh,6.13,6.13,5.84,5.92,48511776
2015/5/18,600063.sh,5.92,5.98,5.82,5.94,35402559
2015/5/19,600063.sh,5.94,6.31,5.92,6.18,53843323
2015/5/20,600063.sh,6.21,6.43,6.20,6.30,68140783
2015/5/21,600063.sh,6.30,6.77,6.30,6.75,99363038
2015/5/22,600063.sh,6.75,6.94,6.57,6.79,92694932
2015/5/25,600063.sh,6.77,7.24,6.66,7.13,119905915
2015/5/26,600063.sh,7.22,7.70,7.05,7.49,123030074
2015/5/27,600063.sh,7.46,7.62,7.11,7.50,104966589
2015/5/28,600063.sh,7.51,7.94,7.29,7.34,158024696
2015/5/29,600063.sh,7.36,7.98,6.94,7.84,195859014
2015/6/1,600063.sh,8.07,8.34,7.86,8.27,183762548
2015/6/2,600063.sh,8.19,8.37,8.02,8.33,123506859
2015/6/3,600063.sh,8.37,9.16,8.24,9.16,137459597
2015/6/4,600063.sh,9.11,10.08,8.58,10.08,170078079
2015/6/5,600063.sh,10.45,10.67,9.63,9.79,201364715
2015/6/8,600063.sh,9.78,9.78,9.28,9.44,116968429
2015/6/9,600063.sh,9.32,10.38,9.15,10.38,130496627
2015/6/10,600063.sh,10.54,11.28,10.04,10.88,139932380
2015/6/11,600063.sh,10.75,11.93,10.67,11.80,148201965
2015/6/12,600063.sh,11.88,12.78,11.52,12.01,151198567
2015/6/15,600063.sh,12.01,12.55,11.69,12.08,114583955
2015/6/16,600063.sh,11.93,12.09,11.00,11.21,104821682
2015/6/17,600063.sh,11.17,11.88,10.28,11.69,110822084
2015/6/18,600063.sh,11.59,12.03,11.21,11.23,80798509
2015/6/19,600063.sh,10.84,11.25,10.11,10.11,73757272
2015/6/23,600063.sh,9.94,10.39,9.10,9.80,82793315
2015/6/24,600063.sh,9.97,10.39,9.71,10.20,82473141
2015/6/25,600063.sh,10.39,10.50,9.24,9.54,88505533
2015/6/26,600063.sh,9.15,9.15,8.59,8.59,68039274
2015/6/29,600063.sh,8.76,8.86,7.73,7.73,101764647
2015/6/30,600063.sh,7.39,8.22,6.96,8.10,110877573
2015/7/1,600063.sh,8.08,8.26,7.29,7.49,87097058
2015/7/2,600063.sh,7.62,7.62,6.74,6.74,64995050
2015/7/3,600063.sh,6.11,6.65,6.06,6.06,76700675
2015/7/6,600063.sh,6.64,6.64,5.46,5.46,89143873
2015/7/7,600063.sh,4.92,5.03,4.91,4.91,24157800
2015/7/8,600063.sh,4.41,4.41,4.41,4.41,3267600
2015/7/9,600063.sh,3.97,4.86,3.97,4.86,173747706
2015/7/10,600063.sh,5.07,5.34,4.94,5.34,61525657
2015/7/13,600063.sh,5.85,5.88,5.50,5.88,127003546
2015/7/14,600063.sh,6.07,6.47,5.89,6.38,196722505
2015/7/15,600063.sh,6.11,6.24,5.74,5.74,89129233
2015/7/16,600063.sh,5.17,6.07,5.17,5.77,111541900
2015/7/17,600063.sh,5.78,6.26,5.68,6.18,96505558
2015/7/20,600063.sh,6.24,6.48,6.06,6.35,117735988
2015/7/21,600063.sh,6.31,6.51,6.15,6.38,83039184
2015/7/22,600063.sh,6.37,7.02,6.24,6.93,137652892
2015/7/23,600063.sh,6.90,7.07,6.72,7.01,121524835
2015/7/24,600063.sh,7.03,7.36,6.76,6.85,116870914
2015/7/27,600063.sh,6.62,7.06,6.17,6.17,99786403
2015/7/28,600063.sh,6.17,6.17,6.17,6.17,INVALID
2015/7/29,600063.sh,6.17,6.17,6.17,6.17,INVALID
2015/7/30,600063.sh,6.17,6.17,6.17,6.17,INVALID
2015/7/31,600063.sh,6.17,6.17,6.17,6.17,INVALID
2015/8/3,600063.sh,6.17,6.17,6.17,6.17,INVALID
2015/8/4,600063.sh,6.57,6.57,5.81,6.45,111573755
2015/8/5,600063.sh,6.28,6.48,6.11,6.21,72724633
2015/8/6,600063.sh,6.03,6.19,5.94,6.03,46934976
2015/8/7,600063.sh,6.05,6.22,6.05,6.19,49654498
2015/8/10,600063.sh,6.29,6.68,6.21,6.60,85531502
2015/8/11,600063.sh,6.64,7.09,6.55,6.96,114418218
2015/8/12,600063.sh,6.90,7.17,6.78,6.86,90960849
2015/8/13,600063.sh,6.77,7.01,6.54,6.98,84315567
2015/8/14,600063.sh,7.00,7.13,6.89,6.99,87070784
2015/8/17,600063.sh,6.94,7.25,6.77,7.18,91237896
2015/8/18,600063.sh,7.13,7.40,6.46,6.46,111127331
2015/8/19,600063.sh,6.24,6.68,5.83,6.61,80543551
2015/8/20,600063.sh,6.48,6.85,6.33,6.38,60701288
2015/8/21,600063.sh,6.24,6.36,5.85,5.93,50600219
2015/8/24,600063.sh,5.61,5.67,5.34,5.34,38716604
2015/8/25,600063.sh,4.81,5.02,4.81,4.81,38863807
2015/8/26,600063.sh,4.81,4.94,4.33,4.33,83146283
2015/8/27,600063.sh,4.42,4.60,4.04,4.51,60477567
2015/8/28,600063.sh,4.61,4.96,4.50,4.96,73907867
2015/8/31,600063.sh,4.89,4.94,4.64,4.67,51254098
2015/9/1,600063.sh,4.60,4.63,4.20,4.21,48747879
2015/9/2,600063.sh,3.99,4.34,3.79,3.83,50055968
2015/9/7,600063.sh,3.89,4.22,3.89,4.21,82761370
2015/9/8,600063.sh,4.13,4.50,4.03,4.45,69688187
2015/9/9,600063.sh,4.48,4.68,4.42,4.61,68129590
2015/9/10,600063.sh,4.59,4.73,4.48,4.54,55749654
2015/9/11,600063.sh,4.54,4.66,4.47,4.60,39818286
2015/9/14,600063.sh,4.66,4.69,4.14,4.14,58841387
2015/9/15,600063.sh,3.95,4.12,3.72,3.76,45567940
2015/9/16,600063.sh,3.83,4.13,3.78,4.13,43513447
2015/9/17,600063.sh,4.13,4.54,4.07,4.44,115070353
2015/9/18,600063.sh,4.43,4.47,4.14,4.22,102968604
2015/9/21,600063.sh,4.15,4.57,4.10,4.42,57964513
2015/9/22,600063.sh,4.43,4.48,4.33,4.42,57504556
2015/9/23,600063.sh,4.33,4.49,4.23,4.35,52639985
2015/9/24,600063.sh,4.40,4.48,4.31,4.46,43877851
2015/9/25,600063.sh,4.40,4.43,4.15,4.21,41981770
2015/9/28,600063.sh,4.18,4.30,4.14,4.28,19609920
2015/9/29,600063.sh,4.18,4.23,4.09,4.14,23901032
2015/9/30,600063.sh,4.17,4.21,4.11,4.16,16466053
2015/10/8,600063.sh,4.32,4.39,4.30,4.34,34836932
2015/10/9,600063.sh,4.35,4.44,4.31,4.41,40777235
2015/10/12,600063.sh,4.45,4.86,4.42,4.76,77790304
2015/10/13,600063.sh,4.70,4.88,4.64,4.81,60744529
2015/10/14,600063.sh,4.77,4.84,4.68,4.70,47290382
2015/10/15,600063.sh,4.68,4.93,4.66,4.89,60618859
2015/10/16,600063.sh,4.95,5.05,4.82,4.99,70443729
2015/10/19,600063.sh,5.01,5.03,4.81,4.93,56446694
2015/10/20,600063.sh,4.92,5.15,4.85,5.09,64520269
2015/10/21,600063.sh,5.09,5.13,4.59,4.62,87029021
2015/10/22,600063.sh,4.62,4.87,4.55,4.82,62742834
2015/10/23,600063.sh,4.82,4.97,4.75,4.94,61915556
2015/10/26,600063.sh,4.98,5.02,4.88,4.94,60004958
2015/10/27,600063.sh,4.89,4.95,4.62,4.93,54735179
2015/10/28,600063.sh,4.92,5.02,4.79,4.82,47749227
2015/10/29,600063.sh,4.86,5.12,4.77,5.00,78998407
2015/10/30,600063.sh,4.95,5.09,4.87,4.99,62433103
2015/11/2,600063.sh,4.88,4.97,4.72,4.80,44120447
2015/11/3,600063.sh,4.83,4.85,4.66,4.71,30594798
2015/11/4,600063.sh,4.73,5.05,4.72,5.02,58052406
2015/11/5,600063.sh,5.02,5.27,4.97,5.13,105052553
2015/11/6,600063.sh,5.14,5.34,5.07,5.29,76568530
2015/11/9,600063.sh,5.29,5.36,5.19,5.29,75950285
2015/11/10,600063.sh,5.24,5.52,5.22,5.40,81725565
2015/11/11,600063.sh,5.42,5.46,5.32,5.42,60039134
2015/11/12,600063.sh,5.43,5.47,5.25,5.32,56994275
2015/11/13,600063.sh,5.23,5.27,5.09,5.15,54688998
2015/11/16,600063.sh,5.38,5.56,5.28,5.54,110618487
2015/11/17,600063.sh,5.49,5.55,5.39,5.41,80116924
2015/11/18,600063.sh,5.41,5.43,5.25,5.29,40590196
2015/11/19,600063.sh,5.30,5.40,5.27,5.39,36591049
2015/11/20,600063.sh,5.39,5.42,5.34,5.39,47555032
2015/11/23,600063.sh,5.39,5.54,5.36,5.40,55154781
2015/11/24,600063.sh,5.36,5.43,5.27,5.41,35831791
2015/11/25,600063.sh,5.39,5.70,5.35,5.62,85911275
2015/11/26,600063.sh,5.65,5.79,5.57,5.76,82281769
2015/11/27,600063.sh,5.72,5.72,5.22,5.34,74500355
2015/11/30,600063.sh,5.31,5.38,4.88,5.22,56313665
2015/12/1,600063.sh,5.22,5.28,5.09,5.23,33501576
2015/12/2,600063.sh,5.23,5.25,5.03,5.21,37912975
2015/12/3,600063.sh,5.21,5.31,5.14,5.28,36985211
2015/12/4,600063.sh,5.23,5.24,5.10,5.15,36451027
2015/12/7,600063.sh,5.17,5.22,5.10,5.22,28392305
2015/12/8,600063.sh,5.17,5.17,4.97,4.97,34140110
2015/12/9,600063.sh,4.96,5.00,4.92,4.94,21841277
2015/12/10,600063.sh,4.94,5.01,4.85,4.88,22225662
2015/12/11,600063.sh,4.88,4.96,4.82,4.95,19815511
2015/12/14,600063.sh,4.86,5.09,4.83,5.07,26215830
2015/12/15,600063.sh,5.07,5.10,5.02,5.03,21270811
2015/12/16,600063.sh,5.09,5.26,5.07,5.16,49841751
2015/12/17,600063.sh,5.20,5.52,5.17,5.43,81444168
2015/12/18,600063.sh,5.43,5.70,5.41,5.44,85318646
2015/12/21,600063.sh,5.48,5.70,5.48,5.55,65789320
2015/12/22,600063.sh,5.56,5.68,5.49,5.66,48272067
2015/12/23,600063.sh,5.64,5.67,5.47,5.49,38936574
2015/12/24,600063.sh,5.46,5.49,5.32,5.39,27211100
2015/12/25,600063.sh,5.50,5.93,5.44,5.93,151991486
2015/12/28,600063.sh,6.00,6.51,5.83,6.22,211940057
2015/12/29,600063.sh,6.11,6.22,5.99,6.20,96457847
2015/12/30,600063.sh,6.16,6.49,6.08,6.10,103708446
2015/12/31,600063.sh,6.03,6.10,5.82,5.88,61342462
2016/1/4,600063.sh,5.84,5.91,5.29,5.29,47520149
2016/1/5,600063.sh,4.97,5.35,4.88,5.15,67191387
2016/1/6,600063.sh,5.21,5.40,5.13,5.36,61665734
2016/1/7,600063.sh,5.21,5.21,4.82,4.82,14792900
2016/1/8,600063.sh,4.98,5.05,4.46,4.81,55657584
2016/1/11,600063.sh,4.80,4.84,4.33,4.38,58384871
2016/1/12,600063.sh,4.31,4.46,4.26,4.40,32550740
2016/1/13,600063.sh,4.42,4.48,4.18,4.19,33209056
2016/1/14,600063.sh,4.05,4.38,3.96,4.36,37830563
2016/1/15,600063.sh,4.32,4.36,4.08,4.12,32412502
2016/1/18,600063.sh,3.99,4.25,3.93,4.14,29385304
2016/1/19,600063.sh,4.15,4.47,4.10,4.35,34105678
2016/1/20,600063.sh,4.29,4.38,4.20,4.26,31329114
2016/1/21,600063.sh,4.14,4.32,3.94,3.97,29866339
2016/1/22,600063.sh,4.03,4.09,3.92,4.08,22418854
2016/1/25,600063.sh,4.14,4.20,4.07,4.16,19701402
2016/1/26,600063.sh,4.08,4.12,3.74,3.77,27716337
2016/1/27,600063.sh,3.79,3.83,3.44,3.63,43212796
2016/1/28,600063.sh,3.60,3.61,3.40,3.40,26085247
2016/1/29,600063.sh,3.40,3.60,3.35,3.54,31040918
2016/2/1,600063.sh,3.60,3.78,3.55,3.66,46079553
2016/2/2,600063.sh,3.76,4.02,3.67,3.98,51507620
2016/2/3,600063.sh,3.88,4.33,3.84,4.21,61841862
2016/2/4,600063.sh,4.24,4.40,4.19,4.24,50602011
2016/2/5,600063.sh,4.28,4.28,4.09,4.17,34040709
2016/2/15,600063.sh,3.83,4.21,3.83,4.12,30717542
2016/2/16,600063.sh,4.13,4.28,4.11,4.27,35571827
2016/2/17,600063.sh,4.34,4.51,4.32,4.42,58052064
2016/2/18,600063.sh,4.42,4.48,4.28,4.33,60601922
2016/2/19,600063.sh,4.35,4.53,4.35,4.44,60714567
2016/2/22,600063.sh,4.52,4.53,4.44,4.51,53120493
2016/2/23,600063.sh,4.48,4.48,4.35,4.44,39572041
2016/2/24,600063.sh,4.43,4.48,4.35,4.47,37513832
2016/2/25,600063.sh,4.46,4.46,4.02,4.04,56086588
2016/2/26,600063.sh,4.09,4.14,3.93,4.05,30147917
2016/2/29,600063.sh,4.02,4.02,3.74,3.81,31310626
2016/3/1,600063.sh,3.94,4.02,3.85,4.01,33455973
2016/3/2,600063.sh,4.05,4.40,4.01,4.40,57341513
2016/3/3,600063.sh,4.41,4.44,4.32,4.36,55066295
2016/3/4,600063.sh,4.37,4.41,4.16,4.27,44516722
2016/3/7,600063.sh,4.31,4.41,4.28,4.35,30920567
2016/3/8,600063.sh,4.32,4.35,4.14,4.35,34985507
2016/3/9,600063.sh,4.22,4.28,4.18,4.20,25036374
2016/3/10,600063.sh,4.16,4.23,4.11,4.12,16194531
2016/3/11,600063.sh,4.06,4.13,4.02,4.09,13519827
2016/3/14,600063.sh,4.15,4.31,4.14,4.24,25688159
2016/3/15,600063.sh,4.22,4.24,4.15,4.19,17154211
2016/3/16,600063.sh,4.22,4.24,4.13,4.14,14170787
2016/3/17,600063.sh,4.15,4.28,4.14,4.26,25456521
2016/3/18,600063.sh,4.28,4.44,4.26,4.43,49868187
2016/3/21,600063.sh,4.47,4.58,4.40,4.54,64943087
2016/3/22,600063.sh,4.47,4.48,4.40,4.42,42884002
2016/3/23,600063.sh,4.40,4.46,4.36,4.43,28710577
2016/3/24,600063.sh,4.40,4.40,4.31,4.32,30214395
2016/3/25,600063.sh,4.31,4.35,4.28,4.35,20017488
2016/3/28,600063.sh,4.35,4.41,4.28,4.29,25714082
2016/3/29,600063.sh,4.31,4.33,4.14,4.19,26206990
2016/3/30,600063.sh,4.23,4.33,4.21,4.32,23526799
2016/3/31,600063.sh,4.33,4.38,4.30,4.32,25737575
2016/4/1,600063.sh,4.37,4.51,4.35,4.45,54229382
2016/4/5,600063.sh,4.41,4.53,4.38,4.52,48118222
2016/4/6,600063.sh,4.49,4.52,4.42,4.45,36416127
2016/4/7,600063.sh,4.48,4.62,4.45,4.45,54297460
2016/4/8,600063.sh,4.41,4.42,4.31,4.36,31190054
2016/4/11,600063.sh,4.40,4.44,4.37,4.42,26307924
2016/4/12,600063.sh,4.42,4.42,4.33,4.36,20584450
2016/4/13,600063.sh,4.39,4.48,4.39,4.42,42448642
2016/4/14,600063.sh,4.47,4.54,4.40,4.49,43639071
2016/4/15,600063.sh,4.50,4.54,4.44,4.51,30032432
2016/4/18,600063.sh,4.51,4.74,4.47,4.64,75787366
2016/4/19,600063.sh,4.60,4.65,4.51,4.56,41178534
2016/4/20,600063.sh,4.57,4.60,4.24,4.35,46252484
2016/4/21,600063.sh,4.32,4.39,4.27,4.28,22657872
2016/4/22,600063.sh,4.23,4.32,4.21,4.29,13890267
2016/4/25,600063.sh,4.28,4.29,4.20,4.25,13295378
2016/4/26,600063.sh,4.21,4.31,4.21,4.30,13937184
2016/4/27,600063.sh,4.29,4.33,4.23,4.24,15894969
2016/4/28,600063.sh,4.26,4.28,4.11,4.16,20524174
2016/4/29,600063.sh,4.15,4.20,4.12,4.20,9914334
2016/5/3,600063.sh,4.22,4.29,4.16,4.29,18210570
2016/5/4,600063.sh,4.27,4.30,4.25,4.27,14968289
2016/5/5,600063.sh,4.27,4.31,4.25,4.29,13632367
2016/5/6,600063.sh,4.30,4.31,4.09,4.10,24103857
2016/5/9,600063.sh,4.09,4.10,3.85,3.88,22243078
2016/5/10,600063.sh,3.89,3.94,3.85,3.88,14564861
2016/5/11,600063.sh,3.90,3.92,3.78,3.82,16413255
2016/5/12,600063.sh,3.77,3.77,3.65,3.75,17666688
2016/5/13,600063.sh,3.74,3.78,3.70,3.74,13117877
2016/5/16,600063.sh,3.75,3.78,3.66,3.77,15364160
2016/5/17,600063.sh,3.78,3.80,3.74,3.77,12376333
2016/5/18,600063.sh,3.74,3.74,3.61,3.65,16574952
2016/5/19,600063.sh,3.64,3.74,3.64,3.67,13768198
2016/5/20,600063.sh,3.67,3.73,3.63,3.72,12853202
2016/5/23,600063.sh,3.74,3.87,3.71,3.81,17737158
2016/5/24,600063.sh,3.77,3.79,3.72,3.75,12300097
2016/5/25,600063.sh,3.79,3.82,3.73,3.74,10943059
2016/5/26,600063.sh,3.74,3.77,3.66,3.74,10169985
2016/5/27,600063.sh,3.74,3.75,3.69,3.73,10334742
2016/5/30,600063.sh,3.70,3.73,3.66,3.69,8274768
2016/5/31,600063.sh,3.69,3.86,3.69,3.85,24195232
2016/6/1,600063.sh,3.87,3.87,3.83,3.84,18236909
2016/6/2,600063.sh,3.84,3.86,3.81,3.86,16668417
2016/6/3,600063.sh,3.85,3.88,3.82,3.87,17060719
2016/6/6,600063.sh,3.86,3.88,3.81,3.86,14243569
2016/6/7,600063.sh,3.86,3.89,3.81,3.88,17891178
2016/6/8,600063.sh,3.86,3.87,3.81,3.84,13148351
2016/6/13,600063.sh,3.80,3.80,3.62,3.63,19100420
2016/6/14,600063.sh,3.61,3.66,3.59,3.62,11649213
2016/6/15,600063.sh,3.57,3.73,3.54,3.70,16398721
2016/6/16,600063.sh,3.70,3.70,3.64,3.66,14311350
2016/6/17,600063.sh,3.66,3.75,3.64,3.72,18060339
2016/6/20,600063.sh,3.71,3.74,3.63,3.73,14139195
2016/6/21,600063.sh,3.73,3.79,3.67,3.68,15675300
2016/6/22,600063.sh,3.71,3.74,3.70,3.74,12813898
2016/6/23,600063.sh,3.75,3.76,3.69,3.74,14305061
2016/6/24,600063.sh,3.74,3.75,3.57,3.66,19758942
2016/6/27,600063.sh,3.62,3.73,3.62,3.73,15366950
2016/6/28,600063.sh,3.72,3.79,3.67,3.78,21268192
2016/6/29,600063.sh,3.80,3.87,3.74,3.85,31450877
2016/6/30,600063.sh,3.94,3.99,3.85,3.86,32500635
2016/7/1,600063.sh,3.85,3.87,3.81,3.82,19045734
2016/7/4,600063.sh,3.83,3.98,3.80,3.96,37581267
2016/7/5,600063.sh,3.95,4.18,3.93,4.05,43982188
2016/7/6,600063.sh,4.04,4.04,3.94,4.02,19040472
2016/7/7,600063.sh,4.01,4.03,3.95,4.00,12929799
2016/7/8,600063.sh,3.98,4.01,3.94,3.96,13040615
2016/7/11,600063.sh,3.98,4.01,3.94,3.96,15985699
2016/7/12,600063.sh,3.96,4.00,3.89,4.00,23108488
2016/7/13,600063.sh,4.01,4.05,3.98,4.01,21350994
2016/7/14,600063.sh,4.01,4.04,3.96,4.03,19135058
2016/7/15,600063.sh,4.04,4.21,4.01,4.16,53081691
2016/7/18,600063.sh,4.14,4.14,4.05,4.08,23463394
2016/7/19,600063.sh,4.05,4.09,4.02,4.07,12368818
2016/7/20,600063.sh,4.07,4.11,4.04,4.05,10844650
2016/7/21,600063.sh,4.06,4.08,4.02,4.03,12994160
2016/7/22,600063.sh,4.04,4.04,3.97,4.01,15809712
2016/7/25,600063.sh,3.99,4.03,3.97,4.00,12470449
2016/7/26,600063.sh,4.00,4.04,3.97,4.04,12207904
2016/7/27,600063.sh,4.05,4.05,3.84,3.88,27212084
2016/7/28,600063.sh,3.85,3.89,3.79,3.86,14802094
2016/7/29,600063.sh,3.86,3.87,3.82,3.84,7546485
2016/8/1,600063.sh,3.81,3.83,3.73,3.78,9501824
2016/8/2,600063.sh,3.78,3.82,3.77,3.81,6896115
2016/8/3,600063.sh,3.79,3.85,3.77,3.84,8951641
2016/8/4,600063.sh,3.82,3.84,3.79,3.83,6723763
2016/8/5,600063.sh,3.82,3.86,3.79,3.85,9955390
2016/8/8,600063.sh,3.83,3.94,3.81,3.93,13828844
2016/8/9,600063.sh,3.94,3.94,3.89,3.93,9499072
2016/8/10,600063.sh,3.93,3.98,3.90,3.91,14049301
2016/8/11,600063.sh,3.93,3.99,3.90,3.96,19305419
2016/8/12,600063.sh,3.94,3.98,3.92,3.97,14303590
2016/8/15,600063.sh,3.98,4.07,3.94,4.04,25320361
2016/8/16,600063.sh,4.06,4.06,3.99,4.02,22080482
2016/8/17,600063.sh,4.01,4.08,3.99,4.04,18673511
2016/8/18,600063.sh,4.01,4.07,3.99,4.01,19975606
2016/8/19,600063.sh,4.01,4.02,3.99,4.01,10394984
2016/8/22,600063.sh,4.01,4.02,3.96,3.97,10287350
2016/8/23,600063.sh,3.98,4.01,3.95,3.99,9003808
2016/8/24,600063.sh,3.99,4.01,3.95,3.97,8658861
2016/8/25,600063.sh,3.96,3.97,3.93,3.95,13669698
2016/8/26,600063.sh,3.94,4.02,3.94,3.99,14914413
2016/8/29,600063.sh,3.98,4.03,3.95,4.00,10864881
2016/8/30,600063.sh,4.00,4.01,3.95,3.98,9882896
2016/8/31,600063.sh,3.95,3.98,3.94,3.96,7991584
2016/9/1,600063.sh,3.95,3.99,3.93,3.93,9124612
2016/9/2,600063.sh,3.92,3.95,3.90,3.91,9915010
2016/9/5,600063.sh,3.92,3.96,3.92,3.93,7771201
2016/9/6,600063.sh,3.94,3.98,3.90,3.98,12653205
2016/9/7,600063.sh,3.98,4.03,3.96,3.99,17937173
2016/9/8,600063.sh,3.99,4.03,3.95,4.01,13944136
2016/9/9,600063.sh,4.01,4.01,3.96,3.96,11214168
2016/9/12,600063.sh,3.91,3.91,3.80,3.81,20453834
2016/9/13,600063.sh,3.83,3.85,3.81,3.85,8703805
2016/9/14,600063.sh,3.82,3.86,3.81,3.85,8392121
2016/9/19,600063.sh,3.85,3.87,3.84,3.87,6447956
2016/9/20,600063.sh,3.86,3.87,3.81,3.86,7433703
2016/9/21,600063.sh,3.85,3.88,3.82,3.87,7619458
2016/9/22,600063.sh,3.87,3.90,3.87,3.88,10532213
2016/9/23,600063.sh,3.87,3.89,3.84,3.85,7996836
2016/9/26,600063.sh,3.83,3.84,3.76,3.77,11929500
2016/9/27,600063.sh,3.77,3.81,3.76,3.80,8056751
2016/9/28,600063.sh,3.81,3.81,3.77,3.79,6006298
2016/9/29,600063.sh,3.79,3.81,3.77,3.80,8903020
2016/9/30,600063.sh,3.80,3.85,3.78,3.82,9236408
2016/10/10,600063.sh,3.86,3.94,3.83,3.93,21793488
2016/10/11,600063.sh,3.92,3.95,3.90,3.94,10472803
2016/10/12,600063.sh,3.94,4.02,3.90,3.99,20577459
2016/10/13,600063.sh,3.98,4.01,3.94,3.98,15470806
2016/10/14,600063.sh,3.98,3.98,3.90,3.97,10273191
2016/10/17,600063.sh,3.98,4.06,3.92,3.96,13834446
2016/10/18,600063.sh,3.95,4.04,3.93,4.02,22486970
2016/10/19,600063.sh,4.02,4.04,4.00,4.02,13460231
2016/10/20,600063.sh,4.01,4.04,4.00,4.01,12035543
2016/10/21,600063.sh,4.01,4.07,3.96,3.99,16056093
2016/10/24,600063.sh,4.00,4.05,3.98,4.04,20552875
2016/10/25,600063.sh,4.05,4.06,4.02,4.04,13211849
2016/10/26,600063.sh,4.05,4.06,4.00,4.01,16390957
2016/10/27,600063.sh,4.00,4.01,3.97,4.01,11123291
2016/10/28,600063.sh,4.01,4.01,3.95,3.95,12668196
2016/10/31,600063.sh,3.94,4.03,3.94,4.02,18298114
2016/11/1,600063.sh,4.02,4.08,4.00,4.07,20644833
2016/11/2,600063.sh,4.05,4.06,3.98,4.00,16462061
2016/11/3,600063.sh,3.99,4.23,3.98,4.16,54835126
2016/11/4,600063.sh,4.15,4.19,4.09,4.12,32059315
2016/11/7,600063.sh,4.13,4.22,4.08,4.15,28326357
2016/11/8,600063.sh,4.16,4.27,4.14,4.22,30660094
2016/11/9,600063.sh,4.21,4.35,4.10,4.28,48973477
2016/11/10,600063.sh,4.31,4.39,4.28,4.28,36637561
2016/11/11,600063.sh,4.29,4.32,4.24,4.28,26307974
2016/11/14,600063.sh,4.25,4.35,4.20,4.25,35171621
2016/11/15,600063.sh,4.26,4.26,4.20,4.25,18407476
2016/11/16,600063.sh,4.24,4.28,4.23,4.28,17669280
2016/11/17,600063.sh,4.25,4.28,4.20,4.23,20644268
2016/11/18,600063.sh,4.25,4.28,4.21,4.26,18869186
2016/11/21,600063.sh,4.27,4.29,4.23,4.25,18513523
2016/11/22,600063.sh,4.26,4.33,4.22,4.32,34467994
2016/11/23,600063.sh,4.28,4.30,4.21,4.22,28415047
2016/11/24,600063.sh,4.21,4.28,4.19,4.21,16866063
2016/11/25,600063.sh,4.21,4.24,4.12,4.17,26161573
2016/11/28,600063.sh,4.17,4.20,4.14,4.18,21931781
2016/11/29,600063.sh,4.17,4.18,4.12,4.13,16042433
2016/11/30,600063.sh,4.13,4.14,4.08,4.09,15416294
2016/12/1,600063.sh,4.08,4.14,4.08,4.14,12728888
2016/12/2,600063.sh,4.12,4.14,4.03,4.05,13679456
2016/12/5,600063.sh,4.01,4.08,3.99,4.03,9141607
2016/12/6,600063.sh,4.05,4.10,4.04,4.04,10593696
2016/12/7,600063.sh,4.06,4.12,4.04,4.11,12944574
2016/12/8,600063.sh,4.11,4.12,4.07,4.09,9930000
2016/12/9,600063.sh,4.11,4.15,4.08,4.12,17415807
2016/12/12,600063.sh,4.10,4.15,3.94,3.94,25358931
2016/12/13,600063.sh,3.94,4.02,3.93,3.98,14080438
2016/12/14,600063.sh,3.98,4.01,3.94,3.99,11987759
2016/12/15,600063.sh,3.98,4.03,3.97,3.99,13036911
2016/12/16,600063.sh,4.01,4.05,4.00,4.04,15424372
2016/12/19,600063.sh,4.04,4.08,4.00,4.08,12335704
2016/12/20,600063.sh,4.07,4.13,4.04,4.08,12871055
2016/12/21,600063.sh,4.08,4.12,4.08,4.09,8694799
2016/12/22,600063.sh,4.09,4.10,4.03,4.08,8586689
2016/12/23,600063.sh,4.08,4.08,4.02,4.05,9658859
2016/12/26,600063.sh,4.03,4.06,3.95,4.06,10394224
2016/12/27,600063.sh,4.04,4.12,4.01,4.09,12662161
2016/12/28,600063.sh,4.08,4.19,4.07,4.11,16604695
2016/12/29,600063.sh,4.09,4.10,4.02,4.03,13988760
2016/12/30,600063.sh,4.01,4.06,4.01,4.03,12121400
2017/1/3,600063.sh,4.05,4.20,4.03,4.19,34767974
2017/1/4,600063.sh,4.17,4.21,4.16,4.20,33054499
2017/1/5,600063.sh,4.20,4.30,4.18,4.23,35624618
2017/1/6,600063.sh,4.21,4.30,4.17,4.23,28365220
2017/1/9,600063.sh,4.23,4.29,4.21,4.28,20510743
2017/1/10,600063.sh,4.30,4.31,4.20,4.21,22790766
2017/1/11,600063.sh,4.21,4.28,4.20,4.21,16509261
2017/1/12,600063.sh,4.21,4.42,4.21,4.27,58443310
2017/1/13,600063.sh,4.25,4.28,4.15,4.16,29248196
2017/1/16,600063.sh,4.14,4.15,3.84,4.04,31372749
2017/1/17,600063.sh,4.01,4.07,3.95,4.06,17801082
2017/1/18,600063.sh,4.05,4.08,4.02,4.07,10719700
2017/1/19,600063.sh,4.05,4.07,4.01,4.02,9123959
2017/1/20,600063.sh,4.01,4.09,4.00,4.07,11052125
2017/1/23,600063.sh,4.06,4.11,4.05,4.10,11189448
2017/1/24,600063.sh,4.10,4.11,4.07,4.08,8480245
2017/1/25,600063.sh,4.09,4.14,4.08,4.14,13438649
2017/1/26,600063.sh,4.12,4.15,4.10,4.12,10146144
2017/2/3,600063.sh,4.13,4.14,4.08,4.08,8970604
2017/2/6,600063.sh,4.08,4.22,4.06,4.21,26804548
2017/2/7,600063.sh,4.20,4.25,4.17,4.21,17563975
2017/2/8,600063.sh,4.21,4.23,4.16,4.22,17773031
2017/2/9,600063.sh,4.21,4.28,4.20,4.27,22743250
2017/2/10,600063.sh,4.26,4.34,4.23,4.29,32539411
2017/2/13,600063.sh,4.29,4.32,4.24,4.29,20211400
2017/2/14,600063.sh,4.28,4.29,4.22,4.28,23858038
2017/2/15,600063.sh,4.26,4.35,4.25,4.28,29477797
2017/2/16,600063.sh,4.27,4.71,4.25,4.47,81562794
2017/2/17,600063.sh,4.41,4.59,4.41,4.48,56071573
2017/2/20,600063.sh,4.53,4.62,4.45,4.52,46373613
2017/2/21,600063.sh,4.48,4.55,4.44,4.51,45268846
2017/2/22,600063.sh,4.48,4.66,4.46,4.60,55747515
2017/2/23,600063.sh,4.55,4.59,4.46,4.48,38644120
2017/2/24,600063.sh,4.49,4.55,4.47,4.49,21085496
2017/2/27,600063.sh,4.50,4.51,4.37,4.38,29479991
2017/2/28,600063.sh,4.38,4.42,4.37,4.40,16735720
2017/3/1,600063.sh,4.40,4.46,4.37,4.42,20314638
2017/3/2,600063.sh,4.42,4.44,4.35,4.37,18639345
2017/3/3,600063.sh,4.35,4.37,4.32,4.34,15109663
2017/3/6,600063.sh,4.34,4.39,4.34,4.38,11889211
2017/3/7,600063.sh,4.37,4.45,4.36,4.42,21068508
2017/3/8,600063.sh,4.41,4.42,4.34,4.36,16054220
2017/3/9,600063.sh,4.35,4.36,4.25,4.26,24545864
2017/3/10,600063.sh,4.26,4.31,4.26,4.28,11317625
2017/3/13,600063.sh,4.25,4.30,4.22,4.29,12026783
2017/3/14,600063.sh,4.28,4.32,4.28,4.30,10067206
2017/3/15,600063.sh,4.29,4.31,4.27,4.28,9153721
2017/3/16,600063.sh,4.28,4.37,4.26,4.35,24206682
2017/3/17,600063.sh,4.36,4.36,4.27,4.28,18638720
2017/3/20,600063.sh,4.28,4.29,4.22,4.27,16539025
2017/3/21,600063.sh,4.25,4.34,4.19,4.32,29095383
2017/3/22,600063.sh,4.27,4.31,4.25,4.28,12119847
2017/3/23,600063.sh,4.28,4.35,4.25,4.35,22833767
2017/3/24,600063.sh,4.35,4.38,4.32,4.37,20394052
2017/3/27,600063.sh,4.37,4.41,4.33,4.35,15373796
2017/3/28,600063.sh,4.35,4.35,4.28,4.30,11239231
2017/3/29,600063.sh,4.31,4.36,4.26,4.28,19352248
2017/3/30,600063.sh,4.28,4.30,4.20,4.26,20794444
2017/3/31,600063.sh,4.26,4.29,4.22,4.25,10855917
2017/4/5,600063.sh,4.25,4.35,4.25,4.34,25821118
2017/4/6,600063.sh,4.34,4.38,4.32,4.36,20878994
2017/4/7,600063.sh,4.35,4.40,4.33,4.39,22434183
2017/4/10,600063.sh,4.39,4.39,4.34,4.36,16788261
2017/4/11,600063.sh,4.37,4.38,4.30,4.37,21769052
2017/4/12,600063.sh,4.35,4.35,4.28,4.34,18936702
2017/4/13,600063.sh,4.33,4.41,4.30,4.41,26788474
2017/4/14,600063.sh,4.40,4.41,4.23,4.28,23447970
2017/4/17,600063.sh,4.28,4.33,4.22,4.26,17645033
2017/4/18,600063.sh,4.26,4.31,4.11,4.13,25838812
2017/4/19,600063.sh,4.09,4.13,4.01,4.10,19471981
2017/4/20,600063.sh,4.10,4.14,4.03,4.08,15320152
2017/4/21,600063.sh,4.08,4.12,4.08,4.09,6132601
2017/4/24,600063.sh,4.09,4.10,3.98,3.99,13832525
2017/4/25,600063.sh,3.99,4.04,3.99,4.01,7601200
2017/4/26,600063.sh,3.99,4.02,3.96,3.96,8712577
2017/4/27,600063.sh,3.96,4.00,3.81,3.99,16537439
2017/4/28,600063.sh,3.97,3.99,3.94,3.97,7141610
2017/5/2,600063.sh,3.94,4.01,3.91,3.99,6959360
2017/5/3,600063.sh,3.99,4.01,3.96,4.01,6727507
2017/5/4,600063.sh,4.01,4.01,3.94,3.95,8923700
2017/5/5,600063.sh,3.93,3.95,3.84,3.94,11303344
2017/5/8,600063.sh,3.91,3.93,3.65,3.67,18724632
2017/5/9,600063.sh,3.74,3.81,3.70,3.77,9316261
2017/5/10,600063.sh,3.74,3.78,3.64,3.66,12728715
2017/5/11,600063.sh,3.63,3.67,3.55,3.65,12243806
2017/5/12,600063.sh,3.64,3.67,3.61,3.64,5722003
2017/5/15,600063.sh,3.66,3.67,3.62,3.63,4547500
2017/5/16,600063.sh,3.61,3.70,3.56,3.69,14817074
2017/5/17,600063.sh,3.68,3.73,3.67,3.68,8767654
2017/5/18,600063.sh,3.64,3.69,3.60,3.67,5851959
2017/5/19,600063.sh,3.67,3.69,3.66,3.68,5370381
2017/5/22,600063.sh,3.67,3.68,3.60,3.61,7098640
2017/5/23,600063.sh,3.63,3.66,3.47,3.48,11393841
2017/5/24,600063.sh,3.48,3.49,3.40,3.49,8365192
2017/5/25,600063.sh,3.47,3.55,3.40,3.53,12846039
2017/5/26,600063.sh,3.51,3.55,3.50,3.52,5888642
2017/5/31,600063.sh,3.55,3.60,3.51,3.52,9761000
2017/6/1,600063.sh,3.53,3.54,3.40,3.45,6330330
2017/6/2,600063.sh,3.41,3.54,3.41,3.51,6870654
2017/6/5,600063.sh,3.52,3.55,3.50,3.53,4324981
2017/6/6,600063.sh,3.54,3.55,3.51,3.54,4991800
2017/6/7,600063.sh,3.54,3.60,3.54,3.60,10090820
2017/6/8,600063.sh,3.60,3.60,3.57,3.60,6099944
2017/6/9,600063.sh,3.60,3.60,3.53,3.57,8097310
2017/6/12,600063.sh,3.54,3.55,3.49,3.49,6494358
2017/6/13,600063.sh,3.48,3.55,3.48,3.54,7752173
2017/6/14,600063.sh,3.54,3.55,3.52,3.54,4907401
2017/6/15,600063.sh,3.53,3.60,3.53,3.58,10035229
2017/6/16,600063.sh,3.57,3.58,3.54,3.54,7953485
2017/6/19,600063.sh,3.54,3.60,3.54,3.60,10171094
2017/6/20,600063.sh,3.60,3.63,3.57,3.60,8827966
2017/6/21,600063.sh,3.60,3.65,3.60,3.62,8391294
2017/6/22,600063.sh,3.61,3.62,3.54,3.54,8108379
2017/6/23,600063.sh,3.54,3.57,3.51,3.56,6180160
2017/6/26,600063.sh,3.54,3.60,3.52,3.60,7277564
2017/6/27,600063.sh,3.60,3.61,3.57,3.60,8539333
2017/6/28,600063.sh,3.58,3.60,3.57,3.59,6904400
2017/6/29,600063.sh,3.58,3.62,3.58,3.61,8521815
2017/6/30,600063.sh,3.61,3.61,3.59,3.60,5142332
2017/7/3,600063.sh,3.60,3.63,3.59,3.63,9226517
2017/7/4,600063.sh,3.63,3.67,3.61,3.64,11326736
2017/7/5,600063.sh,3.64,3.69,3.62,3.68,11663446
2017/7/6,600063.sh,3.67,3.80,3.67,3.74,26198883
2017/7/7,600063.sh,3.73,3.81,3.69,3.77,13612700
2017/7/10,600063.sh,3.78,3.86,3.76,3.79,14281685
2017/7/11,600063.sh,3.78,3.83,3.72,3.73,11277800
2017/7/12,600063.sh,3.72,3.76,3.66,3.72,12081269
2017/7/13,600063.sh,3.70,3.77,3.70,3.74,9859179
2017/7/14,600063.sh,3.74,3.74,3.69,3.71,6214770
2017/7/17,600063.sh,3.69,3.71,3.48,3.48,24658796
2017/7/18,600063.sh,3.47,3.56,3.46,3.54,10711774
2017/7/19,600063.sh,3.54,3.64,3.53,3.62,16718656
2017/7/20,600063.sh,3.63,3.77,3.63,3.72,25087253
2017/7/21,600063.sh,3.73,3.76,3.67,3.75,18108724
2017/7/24,600063.sh,3.74,3.76,3.71,3.74,16983458
2017/7/25,600063.sh,3.80,3.80,3.67,3.72,15796403
2017/7/26,600063.sh,3.70,3.90,3.67,3.86,39672657
2017/7/27,600063.sh,3.81,3.84,3.73,3.81,25583038
2017/7/28,600063.sh,3.78,3.81,3.75,3.79,15576203
2017/7/31,600063.sh,3.79,3.86,3.77,3.86,20341402
2017/8/1,600063.sh,3.87,3.88,3.80,3.84,17751454
2017/8/2,600063.sh,3.85,3.87,3.74,3.78,23321899
2017/8/3,600063.sh,3.78,3.82,3.78,3.79,14186423
2017/8/4,600063.sh,3.80,4.16,3.80,4.00,80623412
2017/8/7,600063.sh,3.99,4.08,3.94,4.05,41201948
2017/8/8,600063.sh,4.03,4.06,3.96,4.01,24924571
2017/8/9,600063.sh,4.01,4.02,3.91,3.98,21818543
2017/8/10,600063.sh,3.96,4.03,3.93,3.99,26777477
2017/8/11,600063.sh,3.96,3.96,3.79,3.80,29464700
2017/8/14,600063.sh,3.81,3.87,3.81,3.87,13192348
2017/8/15,600063.sh,3.87,3.88,3.83,3.87,11075906
2017/8/16,600063.sh,3.87,3.94,3.84,3.89,14103400
2017/8/17,600063.sh,3.89,3.98,3.89,3.96,15521693
2017/8/18,600063.sh,3.95,3.95,3.88,3.90,13471405
2017/8/21,600063.sh,3.91,3.94,3.89,3.92,10271247
2017/8/22,600063.sh,3.93,4.01,3.87,3.98,26614355
2017/8/23,600063.sh,3.96,4.03,3.91,3.95,20347151
2017/8/24,600063.sh,3.94,4.00,3.82,3.85,23848688
2017/8/25,600063.sh,3.83,3.91,3.83,3.88,12082887
2017/8/28,600063.sh,3.87,3.93,3.87,3.91,14108503
2017/8/29,600063.sh,3.90,3.96,3.88,3.93,15973450
2017/8/30,600063.sh,3.91,3.92,3.88,3.90,10015700
2017/8/31,600063.sh,3.89,3.91,3.86,3.90,12137563
2017/9/1,600063.sh,3.89,3.94,3.87,3.90,12599141
2017/9/4,600063.sh,3.90,3.95,3.90,3.93,11831212
2017/9/5,600063.sh,3.93,3.93,3.87,3.88,13120590
2017/9/6,600063.sh,3.89,3.94,3.87,3.90,15245200
2017/9/7,600063.sh,3.91,3.94,3.84,3.84,20451610
2017/9/8,600063.sh,3.86,3.88,3.83,3.85,12375710
2017/9/11,600063.sh,3.86,3.94,3.86,3.94,29049378
2017/9/12,600063.sh,3.94,3.96,3.90,3.91,13772648
2017/9/13,600063.sh,3.98,4.05,3.94,4.04,40822470
2017/9/14,600063.sh,4.08,4.21,4.06,4.08,67803206
2017/9/15,600063.sh,4.07,4.08,3.96,4.00,30152121
2017/9/18,600063.sh,4.00,4.05,3.96,4.04,20895061
2017/9/19,600063.sh,4.02,4.02,3.96,3.99,17079170
2017/9/20,600063.sh,3.99,4.00,3.94,3.98,11052933
2017/9/21,600063.sh,3.97,4.01,3.92,3.93,13881616
2017/9/22,600063.sh,3.94,3.94,3.87,3.94,15868277
2017/9/25,600063.sh,3.94,3.95,3.87,3.88,9306900
2017/9/26,600063.sh,3.88,3.92,3.87,3.90,6902100
2017/9/27,600063.sh,3.91,3.92,3.87,3.87,9808168
2017/9/28,600063.sh,3.88,3.89,3.85,3.86,8868463
2017/9/29,600063.sh,3.85,3.90,3.84,3.89,7670662
2017/10/9,600063.sh,3.93,3.96,3.92,3.94,13531285
2017/10/10,600063.sh,3.94,3.96,3.91,3.96,9619873
2017/10/11,600063.sh,3.96,3.96,3.92,3.94,8604462
2017/10/12,600063.sh,3.94,3.97,3.93,3.96,11396759
2017/10/13,600063.sh,3.96,3.98,3.94,3.94,9695250
2017/10/16,600063.sh,3.94,3.94,3.85,3.86,15801424
2017/10/17,600063.sh,3.86,3.87,3.83,3.85,7885184
2017/10/18,600063.sh,3.85,3.87,3.77,3.78,16357304
2017/10/19,600063.sh,3.77,3.79,3.67,3.68,14426304
2017/10/20,600063.sh,3.71,3.72,3.67,3.72,5445212
2017/10/23,600063.sh,3.73,3.74,3.68,3.72,10631084
2017/10/24,600063.sh,3.72,3.74,3.69,3.73,7670626
2017/10/25,600063.sh,3.71,3.72,3.68,3.71,10301988
2017/10/26,600063.sh,3.71,3.74,3.69,3.73,10397230
2017/10/27,600063.sh,3.73,3.74,3.68,3.70,8218914
2017/10/30,600063.sh,3.69,3.69,3.56,3.57,14670113
2017/10/31,600063.sh,3.58,3.64,3.56,3.62,9123791
2017/11/1,600063.sh,3.62,3.64,3.59,3.60,7098400
2017/11/2,600063.sh,3.59,3.60,3.53,3.53,8133896
2017/11/3,600063.sh,3.59,3.65,3.54,3.57,15191432
2017/11/6,600063.sh,3.53,3.59,3.52,3.58,7645113
2017/11/7,600063.sh,3.59,3.60,3.55,3.59,6703286
2017/11/8,600063.sh,3.58,3.62,3.57,3.60,8391260
2017/11/9,600063.sh,3.60,3.61,3.58,3.60,6713133
2017/11/10,600063.sh,3.60,3.60,3.55,3.57,8393256
2017/11/13,600063.sh,3.56,3.57,3.54,3.54,8061399
2017/11/14,600063.sh,3.54,3.56,3.53,3.54,6160196
2017/11/15,600063.sh,3.54,3.59,3.53,3.54,10209664
2017/11/16,600063.sh,3.55,3.59,3.54,3.55,10108343
2017/11/17,600063.sh,3.54,3.55,3.43,3.45,14313600
2017/11/20,600063.sh,3.43,3.47,3.36,3.46,8648941
2017/11/21,600063.sh,3.45,3.47,3.44,3.47,7263089
2017/11/22,600063.sh,3.47,3.49,3.40,3.43,9852936
2017/11/23,600063.sh,3.42,3.44,3.36,3.38,7594280
2017/11/24,600063.sh,3.39,3.40,3.34,3.38,5828498
2017/11/27,600063.sh,3.38,3.39,3.35,3.36,4541100
2017/11/28,600063.sh,3.35,3.40,3.35,3.39,4353500
2017/11/29,600063.sh,3.40,3.41,3.37,3.40,6041703
2017/11/30,600063.sh,3.40,3.41,3.37,3.38,5443590
2017/12/1,600063.sh,3.38,3.40,3.36,3.40,4963489
2017/12/4,600063.sh,3.38,3.40,3.34,3.35,6444488
2017/12/5,600063.sh,3.36,3.36,3.22,3.26,8560120
2017/12/6,600063.sh,3.24,3.27,3.21,3.27,6500521
2017/12/7,600063.sh,3.26,3.34,3.24,3.31,9299288
2017/12/8,600063.sh,3.30,3.34,3.30,3.33,6243534
2017/12/11,600063.sh,3.34,3.38,3.32,3.36,6001404
2017/12/12,600063.sh,3.36,3.37,3.29,3.32,7449313
2017/12/13,600063.sh,3.30,3.32,3.28,3.31,4324000
2017/12/14,600063.sh,3.31,3.31,3.27,3.29,4847460
2017/12/15,600063.sh,3.29,3.32,3.26,3.31,5271942
2017/12/18,600063.sh,3.32,3.33,3.27,3.32,4879501
2017/12/19,600063.sh,3.33,3.35,3.31,3.34,4911700
2017/12/20,600063.sh,3.34,3.34,3.29,3.31,4291800
2017/12/21,600063.sh,3.31,3.32,3.27,3.30,3711720
2017/12/22,600063.sh,3.30,3.31,3.27,3.28,4259017
2017/12/25,600063.sh,3.28,3.29,3.23,3.23,5004696
2017/12/26,600063.sh,3.23,3.25,3.21,3.25,6030460
2017/12/27,600063.sh,3.24,3.25,3.22,3.23,5176011
2017/12/28,600063.sh,3.23,3.26,3.22,3.26,5997269
2017/12/29,600063.sh,3.26,3.26,3.23,3.26,4587299
2018/1/2,600063.sh,3.26,3.34,3.25,3.32,9993099
2018/1/3,600063.sh,3.32,3.40,3.32,3.36,10998333
2018/1/4,600063.sh,3.36,3.38,3.34,3.37,7606989
2018/1/5,600063.sh,3.36,3.41,3.34,3.40,8258679
2018/1/8,600063.sh,3.40,3.41,3.38,3.40,5300484
2018/1/9,600063.sh,3.40,3.40,3.35,3.37,6286061
2018/1/10,600063.sh,3.37,3.39,3.34,3.36,5075409
2018/1/11,600063.sh,3.35,3.37,3.34,3.37,3929723
2018/1/12,600063.sh,3.36,3.37,3.34,3.34,4588401
2018/1/15,600063.sh,3.34,3.34,3.24,3.27,7178391
2018/1/16,600063.sh,3.25,3.27,3.24,3.27,6223781
2018/1/17,600063.sh,3.26,3.27,3.23,3.27,5559281
2018/1/18,600063.sh,3.26,3.30,3.25,3.30,5255706
2018/1/19,600063.sh,3.31,3.31,3.26,3.28,5869311
2018/1/22,600063.sh,3.27,3.30,3.25,3.30,6412326
2018/1/23,600063.sh,3.29,3.34,3.28,3.34,7231124
2018/1/24,600063.sh,3.32,3.34,3.29,3.31,9789825
2018/1/25,600063.sh,3.31,3.36,3.27,3.34,17768959
2018/1/26,600063.sh,3.31,3.33,3.29,3.30,8825100
2018/1/29,600063.sh,3.30,3.33,3.28,3.30,6812456
2018/1/30,600063.sh,3.29,3.32,3.28,3.29,5132300
2018/1/31,600063.sh,3.29,3.29,3.15,3.18,11892400
2018/2/1,600063.sh,3.18,3.20,3.01,3.02,13771609
2018/2/2,600063.sh,3.02,3.02,2.87,2.96,9325502
2018/2/5,600063.sh,2.93,3.00,2.91,2.99,6598605
2018/2/6,600063.sh,2.95,2.98,2.75,2.75,16253202
2018/2/7,600063.sh,2.82,2.86,2.71,2.80,9448661
2018/2/8,600063.sh,2.78,2.83,2.77,2.80,7649702
2018/2/9,600063.sh,2.75,2.76,2.65,2.68,11532543
2018/2/12,600063.sh,2.68,2.78,2.68,2.76,8178309
2018/2/13,600063.sh,2.79,2.83,2.75,2.80,9273499
2018/2/14,600063.sh,2.81,2.83,2.79,2.80,4415800
2018/2/22,600063.sh,2.83,2.88,2.82,2.86,5337981
2018/2/23,600063.sh,2.85,2.88,2.85,2.87,4731689
2018/2/26,600063.sh,2.88,2.92,2.86,2.91,7440073
2018/2/27,600063.sh,2.91,2.93,2.87,2.88,5723203
2018/2/28,600063.sh,2.86,2.90,2.86,2.90,4976900
2018/3/1,600063.sh,2.90,2.93,2.87,2.93,6825837
2018/3/2,600063.sh,2.92,2.98,2.90,2.93,8539536
2018/3/5,600063.sh,2.92,2.93,2.88,2.91,6747539
2018/3/6,600063.sh,2.92,2.94,2.89,2.93,5973900
2018/3/7,600063.sh,2.97,3.00,2.93,2.94,11041561
2018/3/8,600063.sh,2.94,2.97,2.93,2.96,6292580
2018/3/9,600063.sh,2.96,3.00,2.94,2.99,8681533
2018/3/12,600063.sh,2.99,3.02,2.98,3.01,8109128
2018/3/13,600063.sh,3.01,3.06,3.00,3.01,9541618
2018/3/14,600063.sh,3.00,3.01,2.97,2.97,5815618
2018/3/15,600063.sh,2.97,2.99,2.93,2.97,5084416
2018/3/16,600063.sh,2.98,2.98,2.94,2.95,4577500
2018/3/19,600063.sh,2.95,2.98,2.94,2.95,4872203
2018/3/20,600063.sh,3.00,3.03,2.98,2.99,7817649
2018/3/21,600063.sh,2.96,3.00,2.95,2.96,7033400
2018/3/22,600063.sh,2.95,2.97,2.93,2.96,6255958
2018/3/23,600063.sh,2.89,2.92,2.66,2.76,12837661
2018/3/26,600063.sh,2.73,2.79,2.69,2.77,6273900
2018/3/27,600063.sh,2.80,2.84,2.80,2.82,7605769
2018/3/28,600063.sh,2.81,2.83,2.80,2.80,4582680
2018/3/29,600063.sh,2.82,2.85,2.80,2.85,4786600
2018/3/30,600063.sh,2.85,2.88,2.84,2.87,5090880
2018/4/2,600063.sh,2.86,2.88,2.86,2.86,7202143
2018/4/3,600063.sh,2.81,2.81,2.75,2.78,10523292
2018/4/4,600063.sh,2.78,2.80,2.74,2.75,9074800
2018/4/9,600063.sh,2.75,2.75,2.70,2.73,6288911
2018/4/10,600063.sh,2.74,2.76,2.71,2.75,7039888
2018/4/11,600063.sh,2.77,2.78,2.74,2.77,6971976
2018/4/12,600063.sh,2.75,2.77,2.73,2.76,7358020
2018/4/13,600063.sh,2.75,2.78,2.73,2.73,5629587
2018/4/16,600063.sh,2.71,2.73,2.69,2.69,4053200
2018/4/17,600063.sh,2.70,2.72,2.66,2.67,5037699
2018/4/18,600063.sh,2.70,2.73,2.66,2.72,5303399
2018/4/19,600063.sh,2.72,2.76,2.70,2.76,8263570
2018/4/20,600063.sh,2.73,2.75,2.70,2.71,7559451
2018/4/23,600063.sh,2.70,2.72,2.67,2.69,5473943
2018/4/24,600063.sh,2.70,2.74,2.68,2.73,6116161
2018/4/25,600063.sh,2.71,2.72,2.68,2.71,8068661
2018/4/26,600063.sh,2.71,2.71,2.66,2.66,6230500
2018/4/27,600063.sh,2.66,2.68,2.66,2.67,3931761
2018/5/2,600063.sh,2.67,2.69,2.66,2.68,3250620
2018/5/3,600063.sh,2.67,2.70,2.65,2.69,5161760
2018/5/4,600063.sh,2.69,2.70,2.67,2.69,2975061
2018/5/7,600063.sh,2.68,2.73,2.68,2.72,6098942
2018/5/8,600063.sh,2.72,2.73,2.71,2.73,5753271
2018/5/9,600063.sh,2.72,2.73,2.67,2.68,12091100
2018/5/10,600063.sh,2.68,2.70,2.66,2.68,10045911
2018/5/11,600063.sh,2.68,2.69,2.65,2.65,8881500
2018/5/14,600063.sh,2.65,2.66,2.62,2.63,7214150
2018/5/15,600063.sh,2.64,2.65,2.61,2.65,4992709
2018/5/16,600063.sh,2.64,2.64,2.60,2.61,6758703
2018/5/17,600063.sh,2.61,2.71,2.60,2.70,18139688
2018/5/18,600063.sh,2.71,2.77,2.68,2.73,23268959
2018/5/21,600063.sh,2.80,3.00,2.77,2.94,76026627
2018/5/22,600063.sh,2.91,2.98,2.84,2.86,49196827
2018/5/23,600063.sh,2.90,3.10,2.89,2.94,60614427
2018/5/24,600063.sh,2.96,2.96,2.88,2.90,28052412
2018/5/25,600063.sh,2.92,2.92,2.83,2.85,15185182
2018/5/28,600063.sh,2.85,2.90,2.81,2.82,15595150
2018/5/29,600063.sh,2.83,2.84,2.75,2.78,14242000
2018/5/30,600063.sh,2.74,2.74,2.59,2.62,25263967
2018/5/31,600063.sh,2.66,2.67,2.63,2.66,12060214
2018/6/1,600063.sh,2.65,2.67,2.61,2.62,8556106
2018/6/4,600063.sh,2.64,2.66,2.62,2.63,7295200
2018/6/5,600063.sh,2.65,2.68,2.63,2.67,9332021
2018/6/6,600063.sh,2.66,2.66,2.60,2.63,15090148
2018/6/7,600063.sh,2.64,2.65,2.61,2.62,7010680
2018/6/8,600063.sh,2.62,2.63,2.55,2.57,12279679
2018/6/11,600063.sh,2.59,2.59,2.54,2.57,5901148
2018/6/12,600063.sh,2.57,2.61,2.56,2.61,6934517
2018/6/13,600063.sh,2.61,2.61,2.54,2.55,7262339
2018/6/14,600063.sh,2.55,2.61,2.54,2.58,8545000
2018/6/15,600063.sh,2.57,2.59,2.53,2.56,8107000
2018/6/19,600063.sh,2.54,2.54,2.31,2.31,19982921
2018/6/20,600063.sh,2.29,2.36,2.26,2.33,10007450
2018/6/21,600063.sh,2.32,2.37,2.24,2.25,7639121
2018/6/22,600063.sh,2.25,2.33,2.21,2.28,7572471
2018/6/25,600063.sh,2.29,2.34,2.27,2.28,7750580
2018/6/26,600063.sh,2.24,2.32,2.21,2.30,5500100
2018/6/27,600063.sh,2.30,2.36,2.27,2.31,8105555
2018/6/28,600063.sh,2.28,2.33,2.28,2.30,6471438
2018/6/29,600063.sh,2.30,2.36,2.29,2.35,9548510
2018/7/2,600063.sh,2.34,2.37,2.27,2.31,8493600
2018/7/3,600063.sh,2.31,2.34,2.27,2.34,5731700
2018/7/4,600063.sh,2.34,2.34,2.28,2.30,5592408
2018/7/5,600063.sh,2.30,2.31,2.16,2.17,9799200
2018/7/6,600063.sh,2.18,2.25,2.13,2.18,11386305
2018/7/9,600063.sh,2.18,2.24,2.18,2.23,5855835
2018/7/10,600063.sh,2.24,2.31,2.22,2.30,10048371
2018/7/11,600063.sh,2.26,2.28,2.21,2.25,6034348
2018/7/12,600063.sh,2.25,2.32,2.25,2.30,8969326
2018/7/13,600063.sh,2.30,2.30,2.26,2.28,4908798
2018/7/16,600063.sh,2.30,2.30,2.25,2.26,5360260
2018/7/17,600063.sh,2.27,2.30,2.25,2.29,7204945
2018/7/18,600063.sh,2.29,2.35,2.28,2.30,10216007
2018/7/19,600063.sh,2.30,2.36,2.29,2.32,8881483
2018/7/20,600063.sh,2.32,2.33,2.25,2.32,10308372
2018/7/23,600063.sh,2.29,2.34,2.29,2.33,9532252
2018/7/24,600063.sh,2.34,2.39,2.32,2.39,13096593
2018/7/25,600063.sh,2.39,2.45,2.38,2.42,13665490
2018/7/26,600063.sh,2.42,2.60,2.40,2.53,26354314
2018/7/27,600063.sh,2.48,2.51,2.44,2.46,17936093
2018/7/30,600063.sh,2.46,2.46,2.37,2.39,10827691
2018/7/31,600063.sh,2.39,2.43,2.39,2.43,6403425
2018/8/1,600063.sh,2.44,2.45,2.34,2.36,7448180
2018/8/2,600063.sh,2.35,2.38,2.25,2.31,9546383
2018/8/3,600063.sh,2.31,2.34,2.30,2.30,5314100
2018/8/6,600063.sh,2.32,2.36,2.28,2.31,10441702
2018/8/7,600063.sh,2.31,2.42,2.31,2.42,13829664
2018/8/8,600063.sh,2.40,2.46,2.37,2.42,11270420
2018/8/9,600063.sh,2.42,2.46,2.39,2.44,12889438
2018/8/10,600063.sh,2.42,2.48,2.40,2.47,13278409
2018/8/13,600063.sh,2.45,2.52,2.43,2.52,13179067
2018/8/14,600063.sh,2.51,2.53,2.46,2.48,11519201
2018/8/15,600063.sh,2.48,2.48,2.43,2.46,9792174
2018/8/16,600063.sh,2.42,2.46,2.38,2.42,7893815
2018/8/17,600063.sh,2.43,2.45,2.37,2.38,5707200
2018/8/20,600063.sh,2.37,2.41,2.35,2.40,6394300
2018/8/21,600063.sh,2.39,2.48,2.39,2.47,12846411
2018/8/22,600063.sh,2.48,2.48,2.43,2.47,6894622
2018/8/23,600063.sh,2.50,2.59,2.46,2.47,17016842
2018/8/24,600063.sh,2.43,2.46,2.42,2.44,9309186
2018/8/27,600063.sh,2.43,2.50,2.42,2.50,10443682
2018/8/28,600063.sh,2.49,2.50,2.46,2.47,6378300
2018/8/29,600063.sh,2.48,2.53,2.47,2.50,12082358
2018/8/30,600063.sh,2.51,2.53,2.46,2.46,8287843
2018/8/31,600063.sh,2.46,2.46,2.40,2.41,7148187
2018/9/3,600063.sh,2.41,2.46,2.39,2.46,6739546
2018/9/4,600063.sh,2.45,2.50,2.43,2.49,8952156
2018/9/5,600063.sh,2.48,2.50,2.43,2.43,7670301
2018/9/6,600063.sh,2.43,2.48,2.40,2.48,9494329
2018/9/7,600063.sh,2.46,2.49,2.44,2.46,10565179
2018/9/10,600063.sh,2.46,2.46,2.38,2.39,7950076
2018/9/11,600063.sh,2.39,2.40,2.35,2.37,5500800
2018/9/12,600063.sh,2.37,2.39,2.36,2.38,5084632
2018/9/13,600063.sh,2.39,2.40,2.34,2.39,5933468
2018/9/14,600063.sh,2.39,2.41,2.38,2.38,4892400
2018/9/17,600063.sh,2.38,2.39,2.34,2.36,4729415
2018/9/18,600063.sh,2.36,2.42,2.35,2.40,6389000
2018/9/19,600063.sh,2.41,2.44,2.39,2.42,8518936
2018/9/20,600063.sh,2.41,2.44,2.39,2.41,6855300
2018/9/21,600063.sh,2.40,2.46,2.40,2.45,7744057
2018/9/25,600063.sh,2.44,2.46,2.42,2.44,6125332
2018/9/26,600063.sh,2.45,2.48,2.43,2.44,8029017
2018/9/27,600063.sh,2.46,2.48,2.42,2.43,11102619
2018/9/28,600063.sh,2.44,2.46,2.42,2.45,7656681
2018/10/8,600063.sh,2.41,2.44,2.35,2.36,9263705
2018/10/9,600063.sh,2.36,2.39,2.29,2.32,11003053
2018/10/10,600063.sh,2.32,2.34,2.29,2.32,5495900
2018/10/11,600063.sh,2.25,2.27,2.09,2.09,18281067
2018/10/12,600063.sh,2.08,2.09,1.99,2.06,13575332
2018/10/15,600063.sh,2.02,2.10,2.02,2.05,5632332
2018/10/16,600063.sh,2.06,2.08,1.98,2.00,8360440
2018/10/17,600063.sh,2.04,2.05,2.00,2.04,6516382
2018/10/18,600063.sh,2.03,2.03,1.91,1.92,13409647
2018/10/19,600063.sh,1.92,1.98,1.89,1.97,9427057
2018/10/22,600063.sh,1.99,2.15,1.99,2.15,17638538
2018/10/23,600063.sh,2.11,2.16,2.05,2.08,12726200
2018/10/24,600063.sh,2.08,2.11,2.06,2.10,7641400
2018/10/25,600063.sh,2.04,2.10,2.02,2.08,9070270
2018/10/26,600063.sh,2.11,2.14,2.08,2.10,8334851
2018/10/29,600063.sh,2.11,2.11,2.05,2.06,5042692
2018/10/30,600063.sh,2.07,2.13,2.04,2.10,8141846
2018/10/31,600063.sh,2.11,2.14,2.10,2.12,8690900
2018/11/1,600063.sh,2.13,2.17,2.12,2.12,11597714
2018/11/2,600063.sh,2.14,2.17,2.13,2.16,11687524
2018/11/5,600063.sh,2.16,2.20,2.14,2.18,12437073
2018/11/6,600063.sh,2.18,2.19,2.14,2.18,9351332
2018/11/7,600063.sh,2.18,2.21,2.15,2.18,9118495
2018/11/8,600063.sh,2.19,2.30,2.17,2.21,17610782
2018/11/9,600063.sh,2.18,2.20,2.16,2.17,9701415
2018/11/12,600063.sh,2.17,2.24,2.16,2.23,10845781
2018/11/13,600063.sh,2.21,2.36,2.20,2.32,26589146
2018/11/14,600063.sh,2.33,2.39,2.31,2.32,20215503
2018/11/15,600063.sh,2.32,2.39,2.31,2.35,14721772
2018/11/16,600063.sh,2.37,2.40,2.32,2.36,16611734
2018/11/19,600063.sh,2.38,2.38,2.33,2.36,17424081
2018/11/20,600063.sh,2.33,2.35,2.28,2.28,15295013
2018/11/21,600063.sh,2.25,2.31,2.24,2.30,12320400
2018/11/22,600063.sh,2.30,2.34,2.29,2.32,8993874
2018/11/23,600063.sh,2.32,2.33,2.19,2.19,12761517
2018/11/26,600063.sh,2.18,2.25,2.18,2.22,7460101
2018/11/27,600063.sh,2.24,2.30,2.24,2.26,9820094
2018/11/28,600063.sh,2.25,2.29,2.25,2.28,8600371
2018/11/29,600063.sh,2.28,2.32,2.24,2.25,8368490
2018/11/30,600063.sh,2.25,2.25,2.18,2.24,7945100
2018/12/3,600063.sh,2.28,2.32,2.27,2.30,11785407
2018/12/4,600063.sh,2.29,2.34,2.29,2.32,10859600
2018/12/5,600063.sh,2.28,2.32,2.27,2.30,8168759
2018/12/6,600063.sh,2.30,2.30,2.25,2.27,6962360
2018/12/7,600063.sh,2.26,2.29,2.25,2.25,5875334
2018/12/10,600063.sh,2.24,2.25,2.19,2.20,7064215
2018/12/11,600063.sh,2.22,2.25,2.20,2.24,5871303
2018/12/12,600063.sh,2.24,2.25,2.23,2.24,4678300
2018/12/13,600063.sh,2.25,2.27,2.23,2.25,4653227
2018/12/14,600063.sh,2.25,2.25,2.19,2.20,4615128
2018/12/17,600063.sh,2.19,2.19,2.14,2.17,5809477
2018/12/18,600063.sh,2.15,2.18,2.13,2.15,4669595
2018/12/19,600063.sh,2.15,2.16,2.12,2.14,5463095
2018/12/20,600063.sh,2.11,2.15,2.11,2.13,4921177
2018/12/21,600063.sh,2.12,2.13,2.11,2.12,3732000
2018/12/24,600063.sh,2.12,2.14,2.11,2.13,4259377
2018/12/25,600063.sh,2.11,2.11,2.00,2.07,7702252
2018/12/26,600063.sh,2.07,2.08,2.04,2.05,3499350
2018/12/27,600063.sh,2.08,2.10,2.03,2.04,4654066
2018/12/28,600063.sh,2.04,2.05,2.03,2.04,3009300
2019/1/2,600063.sh,2.05,2.09,2.03,2.04,5667743
2019/1/3,600063.sh,2.05,2.10,2.04,2.05,4524000
2019/1/4,600063.sh,2.04,2.14,2.04,2.12,8769860
2019/1/7,600063.sh,2.15,2.19,2.11,2.17,10186523
2019/1/8,600063.sh,2.18,2.21,2.16,2.18,7904149
2019/1/9,600063.sh,2.18,2.25,2.18,2.19,9874816
2019/1/10,600063.sh,2.22,2.23,2.18,2.20,5979700
2019/1/11,600063.sh,2.19,2.24,2.19,2.24,7534147
2019/1/14,600063.sh,2.22,2.27,2.22,2.26,11077484
2019/1/15,600063.sh,2.27,2.27,2.22,2.25,8935166
2019/1/16,600063.sh,2.25,2.26,2.23,2.24,7936999
2019/1/17,600063.sh,2.24,2.25,2.22,2.23,5934789
2019/1/18,600063.sh,2.23,2.26,2.22,2.25,7183278
2019/1/21,600063.sh,2.26,2.27,2.23,2.25,6126832
2019/1/22,600063.sh,2.25,2.32,2.24,2.25,15404540
2019/1/23,600063.sh,2.25,2.26,2.21,2.25,9322340
2019/1/24,600063.sh,2.26,2.28,2.25,2.26,6231520
2019/1/25,600063.sh,2.27,2.27,2.21,2.21,7759499
2019/1/28,600063.sh,2.23,2.27,2.22,2.25,8705131
2019/1/29,600063.sh,2.24,2.25,2.12,2.19,9491955
2019/1/30,600063.sh,2.23,2.26,2.21,2.23,7769319
2019/1/31,600063.sh,2.21,2.25,2.15,2.16,8856319
2019/2/1,600063.sh,2.16,2.23,2.16,2.22,7070758
2019/2/11,600063.sh,2.23,2.30,2.23,2.30,13248024
2019/2/12,600063.sh,2.30,2.33,2.28,2.33,11869141
2019/2/13,600063.sh,2.39,2.49,2.39,2.39,32639403
2019/2/14,600063.sh,2.46,2.47,2.38,2.39,23228000
2019/2/15,600063.sh,2.39,2.41,2.36,2.36,14690327
2019/2/18,600063.sh,2.39,2.45,2.37,2.44,19983324
2019/2/19,600063.sh,2.44,2.46,2.40,2.46,23020464
2019/2/20,600063.sh,2.46,2.53,2.44,2.49,29600835
2019/2/21,600063.sh,2.48,2.50,2.41,2.43,23188543
2019/2/22,600063.sh,2.41,2.51,2.41,2.51,20363980
2019/2/25,600063.sh,2.55,2.76,2.53,2.73,62204657
2019/2/26,600063.sh,2.71,2.91,2.67,2.75,60244174
2019/2/27,600063.sh,2.85,2.87,2.73,2.79,39969003
2019/2/28,600063.sh,2.77,2.80,2.71,2.74,24531506
2019/3/1,600063.sh,2.76,2.78,2.71,2.76,17193702
2019/3/4,600063.sh,2.76,2.87,2.74,2.77,39965479
2019/3/5,600063.sh,2.76,2.83,2.72,2.80,27806524
2019/3/6,600063.sh,2.81,2.91,2.80,2.91,46421650
2019/3/7,600063.sh,2.87,3.02,2.87,2.95,49482120
2019/3/8,600063.sh,2.88,2.92,2.70,2.71,44662186
2019/3/11,600063.sh,2.70,2.98,2.70,2.98,51562916
2019/3/12,600063.sh,3.12,3.17,2.95,3.01,82960741
2019/3/13,600063.sh,3.04,3.09,2.94,3.00,50128680
2019/3/14,600063.sh,2.99,2.99,2.76,2.80,42993722
2019/3/15,600063.sh,2.85,2.98,2.85,2.95,39582118
2019/3/18,600063.sh,2.98,3.01,2.93,3.00,34362581
2019/3/19,600063.sh,3.00,3.01,2.93,2.95,30437299
2019/3/20,600063.sh,2.96,3.01,2.90,2.97,26074733
2019/3/21,600063.sh,2.99,3.06,2.94,3.02,36194214
2019/3/22,600063.sh,3.04,3.05,2.96,3.03,21543287
2019/3/25,600063.sh,2.98,3.30,2.95,3.12,63141632
2019/3/26,600063.sh,3.12,3.13,2.94,2.95,38488809
2019/3/27,600063.sh,2.98,3.00,2.87,2.92,26953123
2019/3/28,600063.sh,2.90,2.97,2.88,2.92,18161538
2019/3/29,600063.sh,2.88,3.00,2.88,2.99,22885468
2019/4/1,600063.sh,3.01,3.11,3.01,3.11,37715508
2019/4/2,600063.sh,3.11,3.14,3.07,3.08,30887914
2019/4/3,600063.sh,3.07,3.12,3.04,3.11,23764720
2019/4/4,600063.sh,3.13,3.16,3.09,3.14,28183322
2019/4/8,600063.sh,3.24,3.45,3.16,3.25,113741327
2019/4/9,600063.sh,3.23,3.35,3.11,3.30,67980458
2019/4/10,600063.sh,3.25,3.27,3.16,3.21,35822616
2019/4/11,600063.sh,3.19,3.22,3.05,3.07,41499439
2019/4/12,600063.sh,3.08,3.10,3.03,3.08,18987274
2019/4/15,600063.sh,3.08,3.12,2.98,2.98,29076700
2019/4/16,600063.sh,2.97,3.07,2.91,3.06,24358478
2019/4/17,600063.sh,3.08,3.08,3.02,3.07,18223248
2019/4/18,600063.sh,3.05,3.09,3.04,3.05,17049561
2019/4/19,600063.sh,3.05,3.08,3.03,3.08,14391499
2019/4/22,600063.sh,3.08,3.09,2.96,2.99,20071740
2019/4/23,600063.sh,2.98,3.00,2.89,2.91,18947791
2019/4/24,600063.sh,2.91,3.00,2.90,2.97,14767976
2019/4/25,600063.sh,2.95,2.98,2.80,2.83,19108566
2019/4/26,600063.sh,2.82,2.87,2.81,2.81,15275040
2019/4/29,600063.sh,2.82,2.86,2.71,2.76,19960425
2019/4/30,600063.sh,2.76,2.90,2.76,2.89,18157900
2019/5/6,600063.sh,2.81,2.82,2.62,2.68,24693840
2019/5/7,600063.sh,2.71,2.78,2.69,2.76,14055121
2019/5/8,600063.sh,2.70,2.80,2.67,2.73,12012153
2019/5/9,600063.sh,2.71,2.73,2.53,2.57,44747675
2019/5/10,600063.sh,2.59,2.64,2.53,2.62,40089993
2019/5/13,600063.sh,2.59,2.59,2.55,2.59,23854779
2019/5/14,600063.sh,2.55,2.58,2.53,2.54,14927300
2019/5/15,600063.sh,2.57,2.61,2.55,2.60,23041424
2019/5/16,600063.sh,2.60,2.64,2.59,2.63,19297178
2019/5/17,600063.sh,2.63,2.63,2.49,2.56,19875974
2019/5/20,600063.sh,2.53,2.53,2.44,2.53,16220701
2019/5/21,600063.sh,2.52,2.59,2.49,2.57,13440190
2019/5/22,600063.sh,2.58,2.58,2.52,2.53,10731302
2019/5/23,600063.sh,2.53,2.53,2.45,2.46,13420433
2019/5/24,600063.sh,2.46,2.48,2.42,2.44,11626185
2019/5/27,600063.sh,2.45,2.52,2.42,2.51,10757787
2019/5/28,600063.sh,2.51,2.54,2.48,2.50,16131441
2019/5/29,600063.sh,2.48,2.53,2.47,2.50,13082453
2019/5/30,600063.sh,2.48,2.49,2.43,2.48,10642229
2019/5/31,600063.sh,2.48,2.49,2.46,2.47,10062199
2019/6/3,600063.sh,2.47,2.48,2.40,2.42,12751016
2019/6/4,600063.sh,2.40,2.42,2.38,2.42,8117901
2019/6/5,600063.sh,2.43,2.45,2.41,2.42,9438340
2019/6/6,600063.sh,2.41,2.41,2.35,2.38,9702107
2019/6/10,600063.sh,2.38,2.39,2.36,2.39,7074136
2019/6/11,600063.sh,2.39,2.48,2.38,2.48,18508803
2019/6/12,600063.sh,2.48,2.49,2.43,2.46,11204621
2019/6/13,600063.sh,2.45,2.48,2.43,2.47,12264041
2019/6/14,600063.sh,2.47,2.48,2.41,2.41,9246103
2019/6/17,600063.sh,2.41,2.43,2.39,2.41,6271592
2019/6/18,600063.sh,2.40,2.43,2.40,2.43,6768000
2019/6/19,600063.sh,2.48,2.51,2.45,2.46,14676034
2019/6/20,600063.sh,2.47,2.53,2.45,2.53,16617446
2019/6/21,600063.sh,2.54,2.57,2.51,2.56,16430084
2019/6/24,600063.sh,2.57,2.57,2.52,2.55,10512948
2019/6/25,600063.sh,2.53,2.54,2.47,2.51,11631952
2019/6/26,600063.sh,2.51,2.53,2.48,2.52,6956375
2019/6/27,600063.sh,2.53,2.54,2.49,2.50,10737605
2019/6/28,600063.sh,2.50,2.51,2.44,2.46,9514300
2019/7/1,600063.sh,2.51,2.55,2.50,2.54,17827453
2019/7/2,600063.sh,2.54,2.57,2.53,2.54,14948126
2019/7/3,600063.sh,2.54,2.54,2.49,2.49,12516600
2019/7/4,600063.sh,2.51,2.53,2.48,2.49,8393260
2019/7/5,600063.sh,2.49,2.52,2.48,2.51,6490216
2019/7/8,600063.sh,2.51,2.51,2.38,2.44,25303780
2019/7/9,600063.sh,2.68,2.68,2.68,2.68,25344871
2019/7/10,600063.sh,2.73,2.79,2.65,2.67,110179586
2019/7/11,600063.sh,2.62,2.92,2.59,2.77,89288614
2019/7/12,600063.sh,2.76,2.79,2.69,2.71,43413866
2019/7/15,600063.sh,2.70,2.75,2.66,2.75,36847368
2019/7/16,600063.sh,2.73,2.74,2.68,2.71,22988519
2019/7/17,600063.sh,2.72,2.82,2.68,2.81,56316702
2019/7/18,600063.sh,2.80,2.89,2.75,2.77,43139457
2019/7/19,600063.sh,2.81,2.82,2.72,2.75,28177617
2019/7/22,600063.sh,2.77,2.77,2.64,2.69,26772366
2019/7/23,600063.sh,2.69,2.73,2.65,2.72,24474605
2019/7/24,600063.sh,2.70,2.78,2.69,2.76,30220843
2019/7/25,600063.sh,2.74,2.79,2.74,2.75,21659838
2019/7/26,600063.sh,2.75,2.78,2.73,2.78,18084470
2019/7/29,600063.sh,2.76,2.80,2.74,2.80,20268163
2019/7/30,600063.sh,2.79,2.82,2.77,2.77,19439021
2019/7/31,600063.sh,2.74,2.76,2.71,2.72,18121743
2019/8/1,600063.sh,2.69,2.72,2.67,2.68,15402659
2019/8/2,600063.sh,2.63,2.68,2.60,2.67,16438319
2019/8/5,600063.sh,2.67,2.67,2.60,2.61,15503698
2019/8/6,600063.sh,2.55,2.55,2.43,2.52,23490858
2019/8/7,600063.sh,2.52,2.54,2.49,2.50,10356519
2019/8/8,600063.sh,2.52,2.53,2.50,2.51,8817300
2019/8/9,600063.sh,2.52,2.53,2.47,2.48,9954800
2019/8/12,600063.sh,2.50,2.56,2.48,2.55,10991321
2019/8/13,600063.sh,2.52,2.57,2.52,2.53,7339479
2019/8/14,600063.sh,2.56,2.60,2.56,2.57,12920139
2019/8/15,600063.sh,2.52,2.60,2.48,2.59,13204200
2019/8/16,600063.sh,2.60,2.63,2.58,2.62,12519400
2019/8/19,600063.sh,2.62,2.70,2.62,2.69,17636684
2019/8/20,600063.sh,2.69,2.76,2.68,2.72,30345392
2019/8/21,600063.sh,2.74,2.75,2.70,2.73,19325085
2019/8/22,600063.sh,2.75,2.77,2.71,2.72,13613317
2019/8/23,600063.sh,2.74,2.75,2.68,2.69,14503173
2019/8/26,600063.sh,2.65,2.72,2.64,2.69,13539060
2019/8/27,600063.sh,2.70,2.77,2.70,2.75,19965602
2019/8/28,600063.sh,2.75,2.81,2.75,2.79,21402099
2019/8/29,600063.sh,2.80,2.81,2.76,2.76,12641399
2019/8/30,600063.sh,2.79,2.81,2.71,2.73,14411500
2019/9/2,600063.sh,2.72,2.80,2.72,2.79,17417254
2019/9/3,600063.sh,2.79,2.87,2.78,2.86,25231757
2019/9/4,600063.sh,2.86,2.86,2.82,2.86,15620964
2019/9/5,600063.sh,2.87,2.90,2.84,2.84,25350250
2019/9/6,600063.sh,2.87,2.91,2.86,2.90,19730356
2019/9/9,600063.sh,2.91,2.95,2.90,2.95,20037048
2019/9/10,600063.sh,2.93,2.94,2.90,2.93,13018957
2019/9/11,600063.sh,2.94,2.95,2.90,2.92,17449418
2019/9/12,600063.sh,2.92,2.97,2.90,2.97,14839540
2019/9/16,600063.sh,2.97,3.02,2.96,2.98,14993427
2019/9/17,600063.sh,2.97,2.97,2.84,2.88,20150559
2019/9/18,600063.sh,2.89,3.05,2.88,2.99,29059052
2019/9/19,600063.sh,3.01,3.02,2.93,2.97,17673690
2019/9/20,600063.sh,2.97,2.99,2.92,2.92,13462821
2019/9/23,600063.sh,2.91,2.96,2.91,2.96,16808925
2019/9/24,600063.sh,2.96,2.97,2.87,2.90,21098856
2019/9/25,600063.sh,2.89,2.89,2.82,2.84,15407705
2019/9/26,600063.sh,2.85,2.88,2.77,2.79,16403474
2019/9/27,600063.sh,2.78,2.84,2.77,2.82,13434795
2019/9/30,600063.sh,2.80,2.90,2.80,2.87,13116647
2019/10/8,600063.sh,2.86,2.96,2.85,2.95,22605417
2019/10/9,600063.sh,3.04,3.04,2.85,2.89,43507860
2019/10/10,600063.sh,2.89,3.18,2.89,3.18,95183431
2019/10/11,600063.sh,3.18,3.21,3.06,3.16,78047261
2019/10/14,600063.sh,3.14,3.19,3.11,3.14,48514075
2019/10/15,600063.sh,3.13,3.22,3.05,3.21,49184803
2019/10/16,600063.sh,3.19,3.23,3.10,3.10,42061393
2019/10/17,600063.sh,3.12,3.19,3.08,3.15,34673847
2019/10/18,600063.sh,3.18,3.19,3.11,3.18,24739228
2019/10/21,600063.sh,3.18,3.19,3.01,3.07,30154009
2019/10/22,600063.sh,3.06,3.11,3.04,3.08,17063381
2019/10/23,600063.sh,3.07,3.10,2.99,3.00,17380860
2019/10/24,600063.sh,3.02,3.08,3.00,3.04,14108043
2019/10/25,600063.sh,3.02,3.12,2.97,3.10,18300113
2019/10/28,600063.sh,3.07,3.13,3.05,3.13,23190722
2019/10/29,600063.sh,3.08,3.12,3.04,3.04,19302780
2019/10/30,600063.sh,3.01,3.06,3.00,3.04,13657962
2019/10/31,600063.sh,3.04,3.06,2.95,2.99,17103966
2019/11/1,600063.sh,2.96,3.04,2.96,3.02,12372487
2019/11/4,600063.sh,3.03,3.08,3.01,3.06,13140705
2019/11/5,600063.sh,3.06,3.12,3.04,3.08,13577803
2019/11/6,600063.sh,3.08,3.09,3.01,3.02,9517634
2019/11/7,600063.sh,3.04,3.12,3.01,3.12,17520697
2019/11/8,600063.sh,3.11,3.19,3.10,3.12,20217290
2019/11/11,600063.sh,3.09,3.12,2.97,2.99,16889840
2019/11/12,600063.sh,2.99,3.04,2.98,3.03,9905840
2019/11/13,600063.sh,3.03,3.04,2.97,2.98,8810156
2019/11/14,600063.sh,2.99,3.02,2.98,3.00,8612774
2019/11/15,600063.sh,3.02,3.02,2.90,2.90,12711000
2019/11/18,600063.sh,2.90,2.95,2.89,2.94,10972081
2019/11/19,600063.sh,2.95,3.00,2.91,2.99,7724537
2019/11/20,600063.sh,2.99,3.03,2.97,2.98,6754934
2019/11/21,600063.sh,2.97,3.01,2.94,3.01,7138522
2019/11/22,600063.sh,3.00,3.04,2.94,2.97,10982264
2019/11/25,600063.sh,2.97,3.07,2.96,3.07,14664047
2019/11/26,600063.sh,3.05,3.07,3.02,3.05,11563700
2019/11/27,600063.sh,3.05,3.07,2.99,3.02,15067913
2019/11/28,600063.sh,3.03,3.04,2.97,3.00,13231875
2019/11/29,600063.sh,3.02,3.08,2.99,3.07,15472968
2019/12/2,600063.sh,3.08,3.13,3.05,3.10,18581332
2019/12/3,600063.sh,3.08,3.13,3.06,3.13,11979207
2019/12/4,600063.sh,3.11,3.16,3.10,3.14,13659091
2019/12/5,600063.sh,3.13,3.19,3.12,3.16,15550458
2019/12/6,600063.sh,3.17,3.19,3.13,3.17,13453215
2019/12/9,600063.sh,3.19,3.26,3.15,3.26,31750658
2019/12/10,600063.sh,3.24,3.26,3.18,3.23,21273306
2019/12/11,600063.sh,3.24,3.25,3.19,3.20,13152800
2019/12/12,600063.sh,3.19,3.23,3.15,3.16,16620001
2019/12/13,600063.sh,3.17,3.24,3.17,3.23,17657133
2019/12/16,600063.sh,3.23,3.28,3.20,3.26,18047462
2019/12/17,600063.sh,3.26,3.38,3.26,3.34,32449898
2019/12/18,600063.sh,3.34,3.41,3.31,3.31,16471307
2019/12/19,600063.sh,3.34,3.36,3.31,3.32,11767200
2019/12/20,600063.sh,3.33,3.56,3.32,3.45,43154235
2019/12/23,600063.sh,3.48,3.63,3.44,3.49,44427260
2019/12/24,600063.sh,3.47,3.59,3.35,3.56,28630251
2019/12/25,600063.sh,3.54,3.54,3.41,3.44,32558354
2019/12/26,600063.sh,3.43,3.50,3.40,3.45,22387915
2019/12/27,600063.sh,3.46,3.48,3.36,3.36,22623622
2019/12/30,600063.sh,3.34,3.48,3.33,3.47,21621281
2019/12/31,600063.sh,3.45,3.54,3.43,3.45,18235721
2020/1/2,600063.sh,3.48,3.54,3.44,3.49,24325940
2020/1/3,600063.sh,3.49,3.50,3.42,3.45,22494823
2020/1/6,600063.sh,3.42,3.46,3.38,3.44,24113579
2020/1/7,600063.sh,3.43,3.48,3.42,3.48,22559021
2020/1/8,600063.sh,3.45,3.46,3.33,3.34,26196206
2020/1/9,600063.sh,3.38,3.41,3.35,3.39,20975103
2020/1/10,600063.sh,3.39,3.40,3.33,3.34,16473778
2020/1/13,600063.sh,3.34,3.39,3.32,3.39,21460783
2020/1/14,600063.sh,3.40,3.48,3.39,3.46,24039681
2020/1/15,600063.sh,3.45,3.45,3.34,3.37,17966330
2020/1/16,600063.sh,3.37,3.39,3.33,3.34,13742000
2020/1/17,600063.sh,3.34,3.36,3.32,3.33,10600372
2020/1/20,600063.sh,3.36,3.36,3.29,3.35,17846587
2020/1/21,600063.sh,3.41,3.41,3.31,3.33,19265812
2020/1/22,600063.sh,3.26,3.34,3.22,3.32,17238880
2020/1/23,600063.sh,3.32,3.33,3.15,3.17,22554332
2020/2/3,600063.sh,2.85,2.85,2.85,2.85,4099200
2020/2/4,600063.sh,2.61,2.92,2.61,2.83,30084398
2020/2/5,600063.sh,2.84,3.02,2.82,2.99,27370618
2020/2/6,600063.sh,3.07,3.29,2.97,3.27,45808606
2020/2/7,600063.sh,3.26,3.33,3.15,3.21,36681836
2020/2/10,600063.sh,3.20,3.26,3.15,3.21,22651533
2020/2/11,600063.sh,3.22,3.23,3.19,3.20,20440830
2020/2/12,600063.sh,3.19,3.22,3.18,3.21,16775965
2020/2/13,600063.sh,3.21,3.21,3.12,3.12,19741124
2020/2/14,600063.sh,3.15,3.16,3.08,3.12,12905699
2020/2/17,600063.sh,3.10,3.21,3.10,3.21,18835358
2020/2/18,600063.sh,3.24,3.31,3.19,3.30,24782389
2020/2/19,600063.sh,3.32,3.39,3.26,3.27,25533105
2020/2/20,600063.sh,3.30,3.36,3.26,3.34,21765464
2020/2/21,600063.sh,3.34,3.38,3.28,3.34,28498401
2020/2/24,600063.sh,3.55,3.68,3.48,3.68,108776458
2020/2/25,600063.sh,3.70,4.05,3.63,4.05,124278845
2020/2/26,600063.sh,4.20,4.35,3.79,3.85,206513638
2020/2/27,600063.sh,3.92,4.24,3.78,4.12,159262430
2020/2/28,600063.sh,3.88,4.05,3.73,3.85,108258943
2020/3/2,600063.sh,3.96,4.23,3.92,4.23,128039730
2020/3/3,600063.sh,4.27,4.34,4.07,4.16,132318414
2020/3/4,600063.sh,4.14,4.14,3.92,4.00,85452710
2020/3/5,600063.sh,4.07,4.14,3.96,3.99,64348858
2020/3/6,600063.sh,3.88,4.01,3.83,3.90,63997780
2020/3/9,600063.sh,3.85,3.85,3.63,3.63,69507774
2020/3/10,600063.sh,3.54,3.75,3.53,3.75,56156003
2020/3/11,600063.sh,3.74,3.76,3.63,3.63,38477618
2020/3/12,600063.sh,3.56,3.62,3.48,3.54,37483368
2020/3/13,600063.sh,3.39,3.48,3.33,3.45,46257267
2020/3/16,600063.sh,3.48,3.51,3.34,3.36,35940693
2020/3/17,600063.sh,3.31,3.61,3.23,3.58,53385547
2020/3/18,600063.sh,3.61,3.62,3.41,3.41,39548126
2020/3/19,600063.sh,3.39,3.50,3.34,3.48,29888671
2020/3/20,600063.sh,3.51,3.59,3.47,3.55,29138980
2020/3/23,600063.sh,3.38,3.48,3.35,3.38,25212711
2020/3/24,600063.sh,3.45,3.47,3.31,3.41,21792116
2020/3/25,600063.sh,3.48,3.53,3.44,3.48,23364303
2020/3/26,600063.sh,3.48,3.48,3.39,3.40,18227792
2020/3/27,600063.sh,3.44,3.45,3.37,3.38,14297200
2020/3/30,600063.sh,3.30,3.34,3.25,3.29,17627698
2020/3/31,600063.sh,3.34,3.35,3.25,3.26,18661768
2020/4/1,600063.sh,3.27,3.31,3.22,3.23,16075342
2020/4/2,600063.sh,3.21,3.26,3.14,3.26,31629431
2020/4/3,600063.sh,3.25,3.29,3.18,3.20,23718779
2020/4/7,600063.sh,3.27,3.34,3.25,3.34,28448600
2020/4/8,600063.sh,3.30,3.37,3.30,3.34,20710715
2020/4/9,600063.sh,3.37,3.39,3.34,3.36,15607944
2020/4/10,600063.sh,3.40,3.42,3.25,3.26,33368417
2020/4/13,600063.sh,3.26,3.31,3.20,3.28,21725481
2020/4/14,600063.sh,3.34,3.34,3.27,3.32,27221847
2020/4/15,600063.sh,3.33,3.33,3.22,3.25,26635962
2020/4/16,600063.sh,3.22,3.23,3.18,3.19,26361297
2020/4/17,600063.sh,3.20,3.25,3.19,3.21,23040153
2020/4/20,600063.sh,3.22,3.23,3.16,3.19,32206980
2020/4/21,600063.sh,3.15,3.16,3.05,3.09,38259970
2020/4/22,600063.sh,3.07,3.14,3.04,3.14,27109338
2020/4/23,600063.sh,3.14,3.19,3.08,3.08,26707369
2020/4/24,600063.sh,3.08,3.11,2.97,2.97,29780663
2020/4/27,600063.sh,2.97,3.01,2.96,2.97,17621784
2020/4/28,600063.sh,2.99,2.99,2.73,2.87,33262609
2020/4/29,600063.sh,2.87,2.94,2.86,2.88,17491415
2020/4/30,600063.sh,2.90,2.99,2.90,2.96,22937281
2020/5/6,600063.sh,2.93,3.02,2.92,3.02,29107767
2020/5/7,600063.sh,3.01,3.04,2.97,2.99,23938394
2020/5/8,600063.sh,2.99,3.02,2.97,3.01,24221409
2020/5/11,600063.sh,3.03,3.16,3.02,3.11,40098319
2020/5/12,600063.sh,3.08,3.15,3.06,3.14,28017397
2020/5/13,600063.sh,3.12,3.14,3.07,3.11,21849015
2020/5/14,600063.sh,3.07,3.10,3.04,3.06,16540640
2020/5/15,600063.sh,3.08,3.09,3.03,3.04,12619857
2020/5/18,600063.sh,3.04,3.07,2.98,2.98,20577113
2020/5/19,600063.sh,3.02,3.04,3.01,3.03,13460199
2020/5/20,600063.sh,3.02,3.02,2.92,2.94,21729326
2020/5/21,600063.sh,2.95,2.97,2.88,2.90,15250929
2020/5/22,600063.sh,2.88,2.93,2.84,2.86,15853560
2020/5/25,600063.sh,2.86,2.88,2.82,2.84,10704977
2020/5/26,600063.sh,2.85,2.92,2.85,2.91,12461103
2020/5/27,600063.sh,2.92,2.92,2.86,2.86,9844803
2020/5/28,600063.sh,2.86,2.90,2.85,2.90,12517500
2020/5/29,600063.sh,2.88,2.96,2.87,2.94,14135141
2020/6/1,600063.sh,2.97,3.03,2.93,3.02,22825985
2020/6/2,600063.sh,3.03,3.04,2.99,3.02,15347700
2020/6/3,600063.sh,3.03,3.09,3.01,3.02,21205646
2020/6/4,600063.sh,3.03,3.04,2.98,3.02,13375270
2020/6/5,600063.sh,3.03,3.03,2.98,3.01,9585100
2020/6/8,600063.sh,3.02,3.04,2.99,3.01,11446970
2020/6/9,600063.sh,3.01,3.02,2.97,3.00,12408508
2020/6/10,600063.sh,3.00,3.01,2.97,2.99,9739402
2020/6/11,600063.sh,2.99,3.01,2.96,2.97,11368898
2020/6/12,600063.sh,2.89,2.97,2.88,2.95,13446488
2020/6/15,600063.sh,2.94,2.97,2.91,2.92,11596552
2020/6/16,600063.sh,2.93,2.99,2.93,2.97,15369959
2020/6/17,600063.sh,2.98,3.00,2.96,2.98,13998860
2020/6/18,600063.sh,3.00,3.00,2.97,2.99,11073240
2020/6/19,600063.sh,2.99,3.01,2.97,2.99,11771346
2020/6/22,600063.sh,2.98,3.06,2.98,3.03,17853504
2020/6/23,600063.sh,3.03,3.03,2.97,2.97,14060066
2020/6/24,600063.sh,2.97,2.98,2.92,2.92,16267951
2020/6/29,600063.sh,2.91,2.92,2.88,2.88,12419717
2020/6/30,600063.sh,2.89,2.94,2.89,2.92,13264526
2020/7/1,600063.sh,2.94,2.97,2.91,2.95,14649578
2020/7/2,600063.sh,2.97,2.99,2.95,2.98,38521112
2020/7/3,600063.sh,2.99,3.11,2.99,3.10,42095521
2020/7/6,600063.sh,3.16,3.33,3.14,3.30,58622859
2020/7/7,600063.sh,3.36,3.39,3.23,3.24,62228900
2020/7/8,600063.sh,3.23,3.34,3.22,3.31,49144540
2020/7/9,600063.sh,3.32,3.40,3.30,3.39,56278847
2020/7/10,600063.sh,3.36,3.39,3.27,3.28,44041338
2020/7/13,600063.sh,3.27,3.45,3.25,3.43,53831286
2020/7/14,600063.sh,3.46,3.53,3.37,3.44,57085839
2020/7/15,600063.sh,3.45,3.51,3.31,3.34,44739044
2020/7/16,600063.sh,3.34,3.39,3.23,3.24,40200257
2020/7/17,600063.sh,3.23,3.28,3.15,3.19,29586868
2020/7/20,600063.sh,3.22,3.40,3.22,3.40,47997242
2020/7/21,600063.sh,3.40,3.42,3.33,3.38,30910989
2020/7/22,600063.sh,3.39,3.45,3.35,3.37,39536602
2020/7/23,600063.sh,3.32,3.34,3.22,3.29,40643436
2020/7/24,600063.sh,3.28,3.31,3.15,3.15,33142761
2020/7/27,600063.sh,3.21,3.21,3.12,3.15,19216808
2020/7/28,600063.sh,3.16,3.20,3.14,3.18,18637945
2020/7/29,600063.sh,3.15,3.24,3.13,3.23,22502422
2020/7/30,600063.sh,3.28,3.56,3.26,3.56,126318369
2020/7/31,600063.sh,3.59,3.74,3.51,3.60,152218859
2020/8/3,600063.sh,3.60,3.67,3.58,3.66,91159406
2020/8/4,600063.sh,3.61,3.62,3.53,3.55,64242720
2020/8/5,600063.sh,3.53,3.55,3.45,3.54,44623103
2020/8/6,600063.sh,3.56,3.70,3.46,3.66,65501748
2020/8/7,600063.sh,3.66,3.66,3.51,3.57,49604165
2020/8/10,600063.sh,3.61,3.81,3.60,3.69,75723171
2020/8/11,600063.sh,3.69,3.74,3.55,3.57,49780974
2020/8/12,600063.sh,3.57,3.57,3.48,3.57,35869817
2020/8/13,600063.sh,3.57,3.62,3.55,3.57,26121400
2020/8/14,600063.sh,3.57,3.57,3.49,3.57,26661681
2020/8/17,600063.sh,3.57,3.74,3.57,3.74,53513826
2020/8/18,600063.sh,3.70,3.72,3.64,3.66,49834255
2020/8/19,600063.sh,3.68,3.79,3.65,3.69,66505978
2020/8/20,600063.sh,3.64,3.69,3.57,3.66,39486966
2020/8/21,600063.sh,3.67,3.68,3.61,3.64,27267537
2020/8/24,600063.sh,3.64,3.75,3.64,3.69,33405030
2020/8/25,600063.sh,3.72,3.74,3.61,3.65,28983803
2020/8/26,600063.sh,3.64,3.64,3.49,3.51,40456900
2020/8/27,600063.sh,3.49,3.53,3.45,3.50,22319218
2020/8/28,600063.sh,3.49,3.56,3.48,3.56,22089465
2020/8/31,600063.sh,3.57,3.59,3.52,3.52,21106303
2020/9/1,600063.sh,3.54,3.54,3.47,3.50,20702470
2020/9/2,600063.sh,3.50,3.55,3.47,3.50,21736541
2020/9/3,600063.sh,3.49,3.51,3.40,3.42,24887819
2020/9/4,600063.sh,3.34,3.49,3.33,3.44,19275403
2020/9/7,600063.sh,3.42,3.53,3.40,3.46,28273590
2020/9/8,600063.sh,3.46,3.56,3.45,3.56,26117382
2020/9/9,600063.sh,3.53,3.62,3.50,3.53,36060550
2020/9/10,600063.sh,3.56,3.57,3.42,3.43,29400249
2020/9/11,600063.sh,3.43,3.47,3.40,3.44,21504330
2020/9/14,600063.sh,3.45,3.46,3.35,3.39,22188400
2020/9/15,600063.sh,3.40,3.40,3.31,3.34,18989658
2020/9/16,600063.sh,3.34,3.39,3.31,3.32,15570601
2020/9/17,600063.sh,3.32,3.38,3.28,3.35,18820526
2020/9/18,600063.sh,3.35,3.41,3.33,3.40,19020500
2020/9/21,600063.sh,3.41,3.47,3.40,3.41,18805439
2020/9/22,600063.sh,3.40,3.49,3.36,3.40,23213243
2020/9/23,600063.sh,3.41,3.43,3.32,3.34,22728680
2020/9/24,600063.sh,3.32,3.34,3.23,3.24,20873924
2020/9/25,600063.sh,3.25,3.26,3.22,3.24,8724313
2020/9/28,600063.sh,3.24,3.26,3.18,3.19,10266321
2020/9/29,600063.sh,3.22,3.22,3.18,3.21,9686566
2020/9/30,600063.sh,3.21,3.22,3.18,3.19,8488041
2020/10/9,600063.sh,3.23,3.30,3.23,3.28,11873382
2020/10/12,600063.sh,3.31,3.37,3.29,3.36,17726312
2020/10/13,600063.sh,3.36,3.37,3.32,3.34,12525064
2020/10/14,600063.sh,3.34,3.34,3.28,3.30,14215500
2020/10/15,600063.sh,3.30,3.33,3.24,3.29,15138443
2020/10/16,600063.sh,3.30,3.32,3.27,3.29,10293899
2020/10/19,600063.sh,3.30,3.32,3.26,3.29,13846200
2020/10/20,600063.sh,3.28,3.31,3.26,3.31,8497276
2020/10/21,600063.sh,3.30,3.31,3.24,3.26,8601924
2020/10/22,600063.sh,3.25,3.26,3.22,3.23,8383679
2020/10/23,600063.sh,3.23,3.25,3.19,3.20,8764915
2020/10/26,600063.sh,3.20,3.21,3.14,3.16,10581827
2020/10/27,600063.sh,3.14,3.20,3.14,3.20,7494361
2020/10/28,600063.sh,3.17,3.24,3.15,3.23,12813224
2020/10/29,600063.sh,3.19,3.22,3.18,3.19,9462920
2020/10/30,600063.sh,3.19,3.20,3.10,3.10,12778283
2020/11/2,600063.sh,3.10,3.12,3.03,3.06,14461964
2020/11/3,600063.sh,3.06,3.14,3.06,3.14,10345440
2020/11/4,600063.sh,3.14,3.14,3.08,3.10,8365886
2020/11/5,600063.sh,3.14,3.18,3.12,3.16,11191231
2020/11/6,600063.sh,3.16,3.18,3.13,3.14,8685904
2020/11/9,600063.sh,3.16,3.22,3.14,3.21,13875140
2020/11/10,600063.sh,3.22,3.23,3.17,3.20,10217201
2020/11/11,600063.sh,3.18,3.25,3.17,3.23,16398260
2020/11/12,600063.sh,3.23,3.30,3.20,3.29,16562301
2020/11/13,600063.sh,3.27,3.33,3.24,3.27,19335530
2020/11/16,600063.sh,3.30,3.49,3.28,3.45,43888135
2020/11/17,600063.sh,3.46,3.60,3.41,3.57,74904851
2020/11/18,600063.sh,3.55,3.92,3.51,3.74,135339429
2020/11/19,600063.sh,3.74,3.85,3.58,3.68,111321151
2020/11/20,600063.sh,3.65,3.71,3.60,3.68,57298407
2020/11/23,600063.sh,3.67,3.79,3.62,3.63,67210996
2020/11/24,600063.sh,3.66,3.69,3.60,3.64,36982511
2020/11/25,600063.sh,3.66,3.68,3.48,3.49,57008100
2020/11/26,600063.sh,3.49,3.51,3.40,3.45,34555200
2020/11/27,600063.sh,3.46,3.49,3.40,3.48,29030830
2020/11/30,600063.sh,3.46,3.65,3.45,3.53,50720323
2020/12/1,600063.sh,3.54,3.55,3.46,3.51,32971802
2020/12/2,600063.sh,3.50,3.63,3.49,3.56,34797256
2020/12/3,600063.sh,3.54,3.58,3.49,3.49,26597357
2020/12/4,600063.sh,3.49,3.51,3.43,3.50,19888179
2020/12/7,600063.sh,3.49,3.51,3.41,3.42,26584983
2020/12/8,600063.sh,3.41,3.46,3.39,3.40,16889587
2020/12/9,600063.sh,3.40,3.43,3.34,3.34,17246173
2020/12/10,600063.sh,3.33,3.39,3.31,3.35,15917201
2020/12/11,600063.sh,3.36,3.39,3.27,3.32,15958059
2020/12/14,600063.sh,3.30,3.31,3.23,3.30,22681778
2020/12/15,600063.sh,3.28,3.29,3.23,3.27,13256194
2020/12/16,600063.sh,3.26,3.31,3.23,3.26,11848502
2020/12/17,600063.sh,3.25,3.33,3.23,3.32,14273576
2020/12/18,600063.sh,3.32,3.38,3.30,3.31,14246960
2020/12/21,600063.sh,3.31,3.37,3.29,3.35,18520500
2020/12/22,600063.sh,3.34,3.35,3.23,3.24,19966229
2020/12/23,600063.sh,3.26,3.26,3.21,3.23,17932980
2020/12/24,600063.sh,3.23,3.23,3.14,3.15,18207200
2020/12/25,600063.sh,3.14,3.23,3.14,3.22,15189285
2020/12/28,600063.sh,3.21,3.23,3.16,3.17,17122661
2020/12/29,600063.sh,3.20,3.23,3.17,3.19,14366099
2020/12/30,600063.sh,3.18,3.24,3.17,3.23,14782079
2020/12/31,600063.sh,3.23,3.29,3.22,3.28,15078134
2021/1/4,600063.sh,3.28,3.31,3.26,3.31,21756671
2021/1/5,600063.sh,3.30,3.34,3.28,3.33,21873767
2021/1/6,600063.sh,3.33,3.39,3.31,3.34,21407104
2021/1/7,600063.sh,3.33,3.34,3.23,3.27,25197632
2021/1/8,600063.sh,3.25,3.33,3.18,3.33,20213113
2021/1/11,600063.sh,3.32,3.44,3.29,3.33,39331854
2021/1/12,600063.sh,3.32,3.47,3.31,3.43,32846100
2021/1/13,600063.sh,3.42,3.49,3.37,3.41,27884855
2021/1/14,600063.sh,3.42,3.53,3.39,3.52,43457126
2021/1/15,600063.sh,3.49,3.53,3.42,3.49,28490480
2021/1/18,600063.sh,3.49,3.58,3.47,3.57,35796047
2021/1/19,600063.sh,3.56,3.57,3.42,3.44,38404199
2021/1/20,600063.sh,3.41,3.48,3.39,3.47,27331808
2021/1/21,600063.sh,3.47,3.49,3.40,3.41,29329500
2021/1/22,600063.sh,3.41,3.47,3.37,3.40,27969354
2021/1/25,600063.sh,3.42,3.74,3.42,3.55,101617488
2021/1/26,600063.sh,3.54,3.65,3.39,3.41,61312299
2021/1/27,600063.sh,3.54,3.75,3.52,3.75,116158482
2021/1/28,600063.sh,3.83,3.92,3.62,3.66,158476541
2021/1/29,600063.sh,3.61,3.74,3.53,3.69,98416157
2021/2/1,600063.sh,3.63,3.88,3.57,3.85,119365516
2021/2/2,600063.sh,3.81,3.90,3.74,3.83,68151829
2021/2/3,600063.sh,3.81,3.82,3.64,3.70,68739140
2021/2/4,600063.sh,3.64,3.71,3.47,3.50,70985769
2021/2/5,600063.sh,3.50,3.56,3.32,3.33,58673272
2021/2/8,600063.sh,3.31,3.44,3.28,3.40,33925316
2021/2/9,600063.sh,3.39,3.74,3.39,3.74,86798492
2021/2/10,600063.sh,3.78,3.88,3.74,3.78,120065021
2021/2/18,600063.sh,3.90,4.02,3.85,3.90,101154301
2021/2/19,600063.sh,3.93,4.10,3.91,4.09,116825655
2021/2/22,600063.sh,4.16,4.33,4.08,4.09,139140559
2021/2/23,600063.sh,4.07,4.18,4.01,4.03,93324208
2021/2/24,600063.sh,4.08,4.15,3.94,4.02,82748151
2021/2/25,600063.sh,4.09,4.09,3.88,3.91,75955443
2021/2/26,600063.sh,3.85,4.11,3.83,4.06,86115662
2021/3/1,600063.sh,4.10,4.21,4.07,4.17,85855224
2021/3/2,600063.sh,4.13,4.24,4.01,4.08,84722052
2021/3/3,600063.sh,4.04,4.25,4.04,4.18,69266609
2021/3/4,600063.sh,4.13,4.22,4.03,4.08,57559979
2021/3/5,600063.sh,4.01,4.09,3.92,3.99,56857540
2021/3/8,600063.sh,4.10,4.20,3.94,3.95,65095377
2021/3/9,600063.sh,3.92,4.07,3.83,3.94,58018423
2021/3/10,600063.sh,3.99,3.99,3.76,3.78,53148561
2021/3/11,600063.sh,3.78,4.14,3.77,4.04,78978630
2021/3/12,600063.sh,4.05,4.08,3.98,4.05,44969201
2021/3/15,600063.sh,4.01,4.14,4.00,4.14,54010300
2021/3/16,600063.sh,4.10,4.26,4.09,4.19,74624374
2021/3/17,600063.sh,4.20,4.33,4.15,4.18,73255470
2021/3/18,600063.sh,4.17,4.44,4.14,4.26,116444524
2021/3/19,600063.sh,4.19,4.24,4.10,4.13,79296502
2021/3/22,600063.sh,4.12,4.30,4.12,4.27,66729182
2021/3/23,600063.sh,4.31,4.38,4.16,4.22,68871831
2021/3/24,600063.sh,4.15,4.21,3.98,4.01,74989234
2021/3/25,600063.sh,4.01,4.03,3.91,3.99,38094274
2021/3/26,600063.sh,4.00,4.15,3.99,4.02,65777914
2021/3/29,600063.sh,4.03,4.08,3.98,3.98,43828387
2021/3/30,600063.sh,3.97,3.98,3.90,3.92,35872234
2021/3/31,600063.sh,3.92,3.97,3.86,3.92,26896819
2021/4/1,600063.sh,3.92,3.96,3.83,3.86,35361699
2021/4/2,600063.sh,3.86,3.94,3.85,3.85,29452961
2021/4/6,600063.sh,3.87,3.94,3.85,3.92,29994026
2021/4/7,600063.sh,3.92,4.00,3.89,4.00,31596015
2021/4/8,600063.sh,4.00,4.14,3.97,4.11,62341020
2021/4/9,600063.sh,4.08,4.17,4.07,4.09,38329068
2021/4/12,600063.sh,4.10,4.15,3.94,3.97,44968460
2021/4/13,600063.sh,3.91,3.96,3.79,3.82,40506241
2021/4/14,600063.sh,3.83,3.86,3.79,3.83,26199500
2021/4/15,600063.sh,3.83,3.84,3.71,3.80,37401634
2021/4/16,600063.sh,3.79,3.83,3.75,3.80,30210963
2021/4/19,600063.sh,3.79,3.88,3.73,3.87,38449758
2021/4/20,600063.sh,3.85,4.09,3.84,4.04,69230814
2021/4/21,600063.sh,3.90,3.90,3.67,3.69,114480426
2021/4/22,600063.sh,3.70,3.74,3.66,3.69,39099430
2021/4/23,600063.sh,3.68,3.69,3.58,3.62,32235813
2021/4/26,600063.sh,3.62,3.66,3.58,3.60,22497801
2021/4/27,600063.sh,3.60,3.60,3.49,3.52,29858848
2021/4/28,600063.sh,3.54,3.54,3.46,3.54,29644422
2021/4/29,600063.sh,3.52,3.57,3.50,3.53,19698982
2021/4/30,600063.sh,3.53,3.58,3.49,3.51,21160427
2021/5/6,600063.sh,3.51,3.55,3.49,3.52,23965932
2021/5/7,600063.sh,3.53,3.64,3.53,3.60,35249029
2021/5/10,600063.sh,3.62,3.66,3.60,3.65,30311224
2021/5/11,600063.sh,3.68,3.69,3.63,3.69,31469700
2021/5/12,600063.sh,3.74,4.06,3.72,4.06,128788612
2021/5/13,600063.sh,3.94,4.12,3.91,3.99,132093677
2021/5/14,600063.sh,4.02,4.08,3.88,3.94,77674313
2021/5/17,600063.sh,3.96,3.96,3.83,3.85,52601138
2021/5/18,600063.sh,3.86,3.90,3.80,3.89,36245205
2021/5/19,600063.sh,3.86,3.88,3.79,3.81,35791945
2021/5/20,600063.sh,3.77,3.79,3.68,3.72,39886110
2021/5/21,600063.sh,3.72,3.75,3.69,3.70,23141417
2021/5/24,600063.sh,3.71,3.81,3.70,3.79,36386560
2021/5/25,600063.sh,3.79,3.82,3.76,3.79,25621112
2021/5/26,600063.sh,3.83,3.94,3.81,3.89,51748170
2021/5/27,600063.sh,3.86,3.99,3.82,3.82,46422417
2021/5/28,600063.sh,3.85,3.92,3.83,3.85,35326274
2021/5/31,600063.sh,3.83,3.92,3.80,3.90,35833615
2021/6/1,600063.sh,3.90,3.98,3.81,3.97,55480149
2021/6/2,600063.sh,3.94,4.31,3.93,4.16,137672921
2021/6/3,600063.sh,4.12,4.23,4.08,4.08,71191261
2021/6/4,600063.sh,4.09,4.24,4.06,4.22,66052218
2021/6/7,600063.sh,4.20,4.43,4.16,4.39,83101254
2021/6/8,600063.sh,4.34,4.37,4.15,4.21,66740970
2021/6/9,600063.sh,4.23,4.63,4.18,4.63,167738804
2021/6/10,600063.sh,4.58,4.72,4.51,4.69,156028922
2021/6/11,600063.sh,4.64,4.72,4.53,4.60,91018884
2021/6/15,600063.sh,4.59,4.66,4.55,4.58,63611417
2021/6/16,600063.sh,4.51,4.53,4.31,4.34,83589176
2021/6/17,600063.sh,4.44,4.53,4.36,4.38,51669316
2021/6/18,600063.sh,4.34,4.39,4.27,4.34,46541786
2021/6/21,600063.sh,4.31,4.41,4.29,4.33,45048415
2021/6/22,600063.sh,4.44,4.76,4.37,4.63,126415266
2021/6/23,600063.sh,4.67,4.70,4.58,4.58,77891410
2021/6/24,600063.sh,4.58,4.84,4.55,4.64,72096191
2021/6/25,600063.sh,4.62,4.78,4.61,4.69,56518793
2021/6/28,600063.sh,4.71,4.85,4.67,4.68,55767286
2021/6/29,600063.sh,4.68,4.72,4.59,4.61,40537732
2021/6/30,600063.sh,4.59,4.72,4.56,4.69,37182083
2021/7/1,600063.sh,4.72,4.72,4.34,4.36,88525369
2021/7/2,600063.sh,4.38,4.45,4.30,4.32,38779172
2021/7/5,600063.sh,4.34,4.49,4.24,4.33,49652392
2021/7/6,600063.sh,4.33,4.40,4.25,4.40,43924500
2021/7/7,600063.sh,4.36,4.42,4.31,4.40,29923669
2021/7/8,600063.sh,4.58,4.65,4.42,4.45,91863031
2021/7/9,600063.sh,4.49,4.90,4.45,4.90,167043990
2021/7/12,600063.sh,4.95,5.03,4.83,4.87,132016057
2021/7/13,600063.sh,4.86,5.02,4.82,4.97,80152013
2021/7/14,600063.sh,4.95,5.15,4.90,5.00,72214387
2021/7/15,600063.sh,4.95,5.28,4.90,5.16,99371218
2021/7/16,600063.sh,5.11,5.55,5.08,5.44,114744450
2021/7/19,600063.sh,5.44,5.47,5.23,5.28,75085022
2021/7/20,600063.sh,5.17,5.21,5.02,5.17,58987666
2021/7/21,600063.sh,5.22,5.27,5.10,5.16,50621045
2021/7/22,600063.sh,5.19,5.38,5.19,5.36,57152302
2021/7/23,600063.sh,5.33,5.44,5.22,5.27,53674424
2021/7/26,600063.sh,5.24,5.39,5.06,5.20,59030157
2021/7/27,600063.sh,5.22,5.33,4.88,4.91,66268562
2021/7/28,600063.sh,4.89,4.97,4.66,4.89,55480418
2021/7/29,600063.sh,4.98,5.02,4.88,5.01,45452939
2021/7/30,600063.sh,4.96,5.00,4.84,4.95,42743396
2021/8/2,600063.sh,4.90,5.16,4.88,5.15,53276792
2021/8/3,600063.sh,5.13,5.16,4.94,4.97,41830239
2021/8/4,600063.sh,4.97,5.07,4.93,5.07,33601413
2021/8/5,600063.sh,5.03,5.04,4.76,4.78,55849378
2021/8/6,600063.sh,4.77,4.98,4.72,4.95,43274916
2021/8/9,600063.sh,4.94,5.44,4.91,5.44,98113741
2021/8/10,600063.sh,5.40,5.46,5.30,5.44,93365814
2021/8/11,600063.sh,5.43,5.44,5.26,5.30,65928619
2021/8/12,600063.sh,5.51,5.54,5.31,5.40,106709302
2021/8/13,600063.sh,5.40,5.91,5.37,5.59,106234775
2021/8/16,600063.sh,5.62,5.87,5.50,5.52,98991946
2021/8/17,600063.sh,5.57,5.61,5.26,5.30,72406495
2021/8/18,600063.sh,5.27,5.36,5.21,5.25,50453722
2021/8/19,600063.sh,5.25,5.27,5.04,5.17,44454817
2021/8/20,600063.sh,5.12,5.22,5.06,5.21,40493964
2021/8/23,600063.sh,5.16,5.27,5.15,5.25,52043460
2021/8/24,600063.sh,5.24,5.33,5.19,5.22,50800140
2021/8/25,600063.sh,5.26,5.49,5.24,5.48,80509917
2021/8/26,600063.sh,5.43,5.60,5.36,5.55,83380636
2021/8/27,600063.sh,5.54,5.66,5.44,5.62,76091800
2021/8/30,600063.sh,5.69,6.17,5.66,6.10,168556606
2021/8/31,600063.sh,6.10,6.62,6.01,6.52,171964223
2021/9/1,600063.sh,6.32,6.87,6.32,6.58,209752140
2021/9/2,600063.sh,6.49,7.24,6.46,7.24,131908437
2021/9/3,600063.sh,7.42,7.96,7.38,7.45,247251021
2021/9/6,600063.sh,7.63,7.82,7.12,7.63,168161215
2021/9/7,600063.sh,7.63,8.39,7.63,8.39,128516639
2021/9/8,600063.sh,8.43,8.73,8.25,8.31,168611867
2021/9/9,600063.sh,8.44,9.15,8.34,8.86,176015841
2021/9/10,600063.sh,8.83,9.09,8.40,8.69,131103131
2021/9/13,600063.sh,8.65,8.73,8.12,8.41,131192240
2021/9/14,600063.sh,8.48,8.52,8.12,8.13,109183021
2021/9/15,600063.sh,8.38,8.39,8.01,8.13,67350157
2021/9/16,600063.sh,8.23,8.43,8.00,8.03,79619056
2021/9/17,600063.sh,7.97,8.18,7.37,7.59,127459450
2021/9/22,600063.sh,7.66,7.82,7.50,7.73,90325781
2021/9/23,600063.sh,7.87,8.02,7.53,7.74,86675139
2021/9/24,600063.sh,7.73,7.73,6.97,6.98,152952702
2021/9/27,600063.sh,6.99,7.11,6.30,6.42,143617811
2021/9/28,600063.sh,6.42,6.55,6.21,6.33,61785355
2021/9/29,600063.sh,6.31,6.35,5.84,5.88,100828063
2021/9/30,600063.sh,5.98,6.06,5.88,5.97,66111570
2021/10/8,600063.sh,6.05,6.17,5.75,5.87,81392642
2021/10/11,600063.sh,5.96,6.00,5.60,5.75,89187806
2021/10/12,600063.sh,5.77,5.85,5.45,5.58,99464954
2021/10/13,600063.sh,5.59,5.59,5.32,5.51,81701910
2021/10/14,600063.sh,5.47,5.62,5.44,5.54,61274086
2021/10/15,600063.sh,5.54,5.59,5.38,5.45,69029301
2021/10/18,600063.sh,5.48,5.62,5.36,5.61,88044030
2021/10/19,600063.sh,5.63,5.71,5.45,5.64,96130312
2021/10/20,600063.sh,5.55,5.77,5.47,5.71,96143546
2021/10/21,600063.sh,5.72,6.06,5.68,5.93,149953818
2021/10/22,600063.sh,5.94,6.33,5.78,6.11,231011923
2021/10/25,600063.sh,6.28,6.73,6.20,6.73,318367015
2021/10/26,600063.sh,6.98,7.39,6.70,6.86,334336136
2021/10/27,600063.sh,6.74,7.47,6.66,7.31,241320071
2021/10/28,600063.sh,7.31,7.41,6.65,6.65,230150877
2021/10/29,600063.sh,6.68,6.93,6.50,6.55,171569073
2021/11/1,600063.sh,6.68,7.06,6.49,6.95,170509618
2021/11/2,600063.sh,7.00,7.12,6.25,6.27,203815249
2021/11/3,600063.sh,6.31,6.52,6.16,6.43,112352968
2021/11/4,600063.sh,6.41,6.43,6.14,6.21,117426637
2021/11/5,600063.sh,6.19,6.29,5.59,5.59,172559005
2021/11/8,600063.sh,5.50,5.61,5.44,5.56,78618726
2021/11/9,600063.sh,5.54,5.75,5.42,5.67,115358665
2021/11/10,600063.sh,5.64,5.91,5.61,5.90,124488436
2021/11/11,600063.sh,5.89,5.96,5.79,5.81,86137606
2021/11/12,600063.sh,5.80,5.88,5.74,5.76,70784801
2021/11/15,600063.sh,5.71,5.79,5.55,5.74,75444678
2021/11/16,600063.sh,5.71,5.73,5.53,5.55,60296501
2021/11/17,600063.sh,5.51,5.73,5.51,5.73,58326785
2021/11/18,600063.sh,5.71,5.79,5.65,5.68,56723722
2021/11/19,600063.sh,5.68,5.94,5.62,5.90,86760689
2021/11/22,600063.sh,5.91,6.08,5.84,6.01,79725971
2021/11/23,600063.sh,6.01,6.29,5.97,6.05,86465004
2021/11/24,600063.sh,6.07,6.17,6.01,6.09,67986499
2021/11/25,600063.sh,6.09,6.12,5.90,5.98,63398252
2021/11/26,600063.sh,5.93,6.26,5.91,6.15,98551847
2021/11/29,600063.sh,6.03,6.32,5.87,6.20,95182660
2021/11/30,600063.sh,6.20,6.30,6.06,6.11,77643264
2021/12/1,600063.sh,6.06,6.13,5.98,6.09,57688711
2021/12/2,600063.sh,6.08,6.11,5.92,6.00,60731446
2021/12/3,600063.sh,6.02,6.14,5.89,6.09,66085554
2021/12/6,600063.sh,6.11,6.30,6.08,6.19,94045396
2021/12/7,600063.sh,6.23,6.29,6.04,6.09,81403054
2021/12/8,600063.sh,6.04,6.08,5.89,5.98,82074639
2021/12/9,600063.sh,6.01,6.01,5.82,5.86,69793398
2021/12/10,600063.sh,5.82,5.92,5.81,5.85,39484514
2021/12/13,600063.sh,5.85,6.28,5.83,6.19,123714405
2021/12/14,600063.sh,6.17,6.17,5.94,5.98,77076273
2021/12/15,600063.sh,5.96,6.06,5.91,5.97,37783407
2021/12/16,600063.sh,5.97,5.98,5.88,5.94,44391724
2021/12/17,600063.sh,5.94,5.98,5.90,5.93,32703676
2021/12/20,600063.sh,5.94,5.96,5.53,5.63,63902120
2021/12/21,600063.sh,5.63,5.73,5.56,5.70,32872108
2021/12/22,600063.sh,5.71,5.73,5.65,5.67,24557504
2021/12/23,600063.sh,5.67,5.69,5.62,5.65,27406216
2021/12/24,600063.sh,5.65,5.66,5.47,5.52,45491828
2021/12/27,600063.sh,5.52,5.59,5.46,5.54,19512394
2021/12/28,600063.sh,5.54,5.57,5.51,5.57,17904292
2021/12/29,600063.sh,5.55,5.68,5.53,5.62,25898152
2021/12/30,600063.sh,5.62,5.65,5.57,5.58,23256696
2021/12/31,600063.sh,5.59,5.72,5.59,5.62,22215423
2022/1/4,600063.sh,5.64,5.69,5.61,5.66,28500442
2022/1/5,600063.sh,5.65,5.66,5.54,5.56,28856765
2022/1/6,600063.sh,5.56,5.64,5.54,5.60,23310622
2022/1/7,600063.sh,5.63,5.63,5.54,5.56,23476895
2022/1/10,600063.sh,5.54,5.55,5.48,5.52,24141485
2022/1/11,600063.sh,5.53,5.58,5.51,5.55,18551815
2022/1/12,600063.sh,5.55,5.57,5.54,5.57,17894442
2022/1/13,600063.sh,5.58,5.73,5.57,5.65,42822601
2022/1/14,600063.sh,5.63,5.64,5.53,5.55,26712532
2022/1/17,600063.sh,5.61,5.61,5.53,5.56,18777542
2022/1/18,600063.sh,5.55,5.57,5.50,5.52,23600685
2022/1/19,600063.sh,5.50,5.54,5.48,5.51,15881650
2022/1/20,600063.sh,5.51,5.53,5.15,5.20,54209478
2022/1/21,600063.sh,5.19,5.20,5.00,5.08,32536904
2022/1/24,600063.sh,5.04,5.15,5.00,5.13,15921800
2022/1/25,600063.sh,5.14,5.21,4.95,4.96,24087497
2022/1/26,600063.sh,4.95,5.02,4.89,4.92,17690769
2022/1/27,600063.sh,4.92,4.96,4.86,4.90,15146068
2022/1/28,600063.sh,4.92,5.03,4.85,4.98,19077340
2022/2/7,600063.sh,5.05,5.12,5.05,5.08,16968683
2022/2/8,600063.sh,5.08,5.20,5.07,5.17,20693373
2022/2/9,600063.sh,5.19,5.27,5.16,5.26,21887253
2022/2/10,600063.sh,5.24,5.36,5.22,5.34,22922488
2022/2/11,600063.sh,5.38,5.48,5.24,5.25,27874763
2022/2/14,600063.sh,5.22,5.34,5.18,5.22,17848652
2022/2/15,600063.sh,5.22,5.27,5.14,5.18,15438157
2022/2/16,600063.sh,5.22,5.27,5.19,5.27,14337460
2022/2/17,600063.sh,5.27,5.33,5.24,5.29,20068518
2022/2/18,600063.sh,5.26,5.36,5.22,5.33,17361821
2022/2/21,600063.sh,5.32,5.45,5.30,5.45,26272126
2022/2/22,600063.sh,5.44,5.44,5.34,5.39,18984700
2022/2/23,600063.sh,5.38,5.54,5.37,5.52,29919530
2022/2/24,600063.sh,5.52,5.54,5.23,5.33,38903556
2022/2/25,600063.sh,5.32,5.52,5.32,5.44,33587314
2022/2/28,600063.sh,5.44,5.46,5.35,5.44,17794548
2022/3/1,600063.sh,5.44,5.46,5.36,5.41,15094500
2022/3/2,600063.sh,5.37,5.44,5.34,5.43,15635919
2022/3/3,600063.sh,5.41,5.48,5.41,5.47,21935992
2022/3/4,600063.sh,5.44,5.45,5.33,5.36,22445399
2022/3/7,600063.sh,5.34,5.42,5.24,5.26,22596100
2022/3/8,600063.sh,5.26,5.29,4.98,5.05,25985199
2022/3/9,600063.sh,5.08,5.11,4.69,4.91,32695300
2022/3/10,600063.sh,5.02,5.19,5.00,5.12,32868845
2022/3/11,600063.sh,5.06,5.13,4.95,5.11,21968134
2022/3/14,600063.sh,5.09,5.09,4.88,4.88,20811955
2022/3/15,600063.sh,4.89,4.89,4.56,4.56,35905776
2022/3/16,600063.sh,4.70,4.79,4.52,4.76,34805748
2022/3/17,600063.sh,4.82,4.89,4.74,4.76,27462239
2022/3/18,600063.sh,4.76,4.81,4.73,4.81,14252758
2022/3/21,600063.sh,4.79,4.85,4.73,4.80,18082113
2022/3/22,600063.sh,4.78,4.82,4.75,4.78,13882400
2022/3/23,600063.sh,4.78,4.82,4.77,4.79,11325764
2022/3/24,600063.sh,4.78,4.78,4.72,4.74,13683510
2022/3/25,600063.sh,4.73,4.82,4.72,4.73,15667562
2022/3/28,600063.sh,5.21,5.21,5.13,5.21,51304145
2022/3/29,600063.sh,5.32,5.66,5.25,5.48,161105503
2022/3/30,600063.sh,5.41,5.67,5.37,5.64,108186192
2022/3/31,600063.sh,5.63,5.67,5.49,5.54,75934377
2022/4/1,600063.sh,5.50,5.54,5.39,5.48,49906430
2022/4/6,600063.sh,5.47,5.52,5.40,5.50,44885366
2022/4/7,600063.sh,5.50,5.57,5.42,5.42,42583383
2022/4/8,600063.sh,5.44,5.56,5.40,5.54,52311991
2022/4/11,600063.sh,5.52,5.68,5.46,5.59,74480365
2022/4/12,600063.sh,5.59,5.72,5.46,5.71,61373764
2022/4/13,600063.sh,5.72,5.81,5.62,5.69,61243906
2022/4/14,600063.sh,5.68,5.76,5.59,5.70,46823123
2022/4/15,600063.sh,5.65,5.95,5.61,5.78,65016544
2022/4/18,600063.sh,5.68,5.87,5.65,5.71,44034639
2022/4/19,600063.sh,5.67,6.19,5.65,5.99,87476059
2022/4/20,600063.sh,6.00,6.17,5.92,6.05,87806806
2022/4/21,600063.sh,6.07,6.11,5.78,5.82,72946896
2022/4/22,600063.sh,5.73,5.81,5.55,5.72,55194971
2022/4/25,600063.sh,5.63,5.63,5.15,5.15,67526142
2022/4/26,600063.sh,5.15,5.18,4.88,4.92,47568463
2022/4/27,600063.sh,4.92,5.42,4.86,5.39,74159801
2022/4/28,600063.sh,5.33,5.80,5.31,5.66,75729811
2022/4/29,600063.sh,5.68,5.81,5.55,5.77,65200817
2022/5/5,600063.sh,5.82,6.05,5.80,5.90,60833977
2022/5/6,600063.sh,5.71,5.99,5.69,5.87,46153994
2022/5/9,600063.sh,5.85,5.90,5.69,5.70,49893052
2022/5/10,600063.sh,5.64,5.76,5.59,5.75,49937695
2022/5/11,600063.sh,5.75,6.23,5.74,6.01,93536974
2022/5/12,600063.sh,6.01,6.15,5.90,6.04,57441607
2022/5/13,600063.sh,6.06,6.16,5.99,6.07,45893690
2022/5/16,600063.sh,6.15,6.20,5.95,6.13,67471303
2022/5/17,600063.sh,6.13,6.33,6.05,6.22,63416209
2022/5/18,600063.sh,6.14,6.25,6.05,6.08,55263172
2022/5/19,600063.sh,5.94,6.08,5.87,6.05,62308938
2022/5/20,600063.sh,6.02,6.20,5.99,6.15,51956729
2022/5/23,600063.sh,6.17,6.32,6.13,6.17,50030245
2022/5/24,600063.sh,6.13,6.21,5.84,5.84,56357899
2022/5/25,600063.sh,5.87,6.14,5.87,6.04,55914541
2022/5/26,600063.sh,6.06,6.12,5.80,6.09,45495441
2022/5/27,600063.sh,6.09,6.57,6.09,6.43,113809002
2022/5/30,600063.sh,6.52,6.92,6.37,6.79,127113622
2022/5/31,600063.sh,6.87,6.92,6.65,6.75,79120231
2022/6/1,600063.sh,6.74,6.88,6.64,6.70,55474571
2022/6/2,600063.sh,6.64,6.65,6.43,6.53,66631311
2022/6/6,600063.sh,6.53,6.66,6.51,6.64,52595640
2022/6/7,600063.sh,6.69,6.70,6.48,6.55,48865980
2022/6/8,600063.sh,6.52,6.83,6.51,6.69,67493009
2022/6/9,600063.sh,6.63,6.93,6.59,6.78,70699636
2022/6/10,600063.sh,6.77,7.13,6.67,7.06,84496203
2022/6/13,600063.sh,7.02,7.25,6.93,7.06,66611729
2022/6/14,600063.sh,6.97,7.19,6.90,7.13,71566661
2022/6/15,600063.sh,7.17,7.23,6.85,6.88,64526533
2022/6/16,600063.sh,6.86,7.03,6.60,6.63,71581252
2022/6/17,600063.sh,6.65,6.88,6.58,6.67,60095312
2022/6/20,600063.sh,6.66,6.73,6.41,6.45,72119210
2022/6/21,600063.sh,6.43,6.55,6.24,6.41,59215550
2022/6/22,600063.sh,6.42,6.58,6.38,6.48,54631073
2022/6/23,600063.sh,6.52,6.67,6.40,6.67,71748817
2022/6/24,600063.sh,6.74,7.15,6.70,7.09,99254360
2022/6/27,600063.sh,7.22,7.24,6.82,7.03,80487876
2022/6/28,600063.sh,6.99,7.20,6.94,7.16,66508964
2022/6/29,600063.sh,7.16,7.16,7.16,7.16,INVALID
2022/6/30,600063.sh,6.88,7.21,6.61,7.05,129296061
2022/7/1,600063.sh,6.88,7.41,6.83,7.30,91422151
2022/7/4,600063.sh,7.23,7.31,6.98,7.26,71845371
2022/7/5,600063.sh,7.21,7.42,7.16,7.32,60156613
2022/7/6,600063.sh,7.26,7.35,7.05,7.15,53045942
2022/7/7,600063.sh,7.13,7.23,6.99,7.14,39352323
2022/7/8,600063.sh,7.31,7.61,7.06,7.09,137894683
2022/7/11,600063.sh,7.14,7.37,6.92,7.08,77550561
2022/7/12,600063.sh,7.00,7.02,6.68,6.76,70004168
2022/7/13,600063.sh,6.70,7.12,6.67,6.95,54470251
2022/7/14,600063.sh,6.93,6.93,6.78,6.87,36609988
2022/7/15,600063.sh,6.84,7.08,6.60,6.64,49845883
2022/7/18,600063.sh,6.59,6.80,6.59,6.75,40700997
2022/7/19,600063.sh,6.79,6.93,6.74,6.80,34139485
2022/7/20,600063.sh,6.82,7.13,6.80,7.12,60051567
2022/7/21,600063.sh,7.12,7.19,6.89,6.92,44264534
2022/7/22,600063.sh,6.96,6.97,6.58,6.65,66382014
2022/7/25,600063.sh,6.66,6.90,6.61,6.71,48545739
2022/7/26,600063.sh,6.69,6.94,6.60,6.85,37493432
2022/7/27,600063.sh,6.87,6.87,6.74,6.80,25996242
2022/7/28,600063.sh,6.84,7.00,6.83,6.93,43385886
2022/7/29,600063.sh,6.93,6.97,6.75,6.79,35069542
2022/8/1,600063.sh,6.77,6.92,6.69,6.88,35264308
2022/8/2,600063.sh,6.77,6.83,6.37,6.45,68891273
2022/8/3,600063.sh,6.53,7.03,6.53,6.86,117689715
2022/8/4,600063.sh,6.88,7.05,6.76,7.03,60543246
2022/8/5,600063.sh,7.05,7.42,6.98,7.37,90481061
2022/8/8,600063.sh,7.38,7.42,7.26,7.36,46827012
2022/8/9,600063.sh,7.36,8.10,7.36,8.04,125814192
2022/8/10,600063.sh,8.02,8.28,7.94,8.13,106479184
2022/8/11,600063.sh,8.12,8.26,8.07,8.11,58674714
2022/8/12,600063.sh,8.13,8.91,8.13,8.74,147680845
2022/8/15,600063.sh,9.00,9.57,8.74,9.46,170714923
2022/8/16,600063.sh,9.62,10.37,9.38,10.14,137005775
2022/8/17,600063.sh,10.41,10.50,9.13,9.13,245582199
2022/8/18,600063.sh,9.37,9.74,8.90,9.66,210632367
2022/8/19,600063.sh,9.65,9.73,8.82,8.87,188920830
2022/8/22,600063.sh,8.94,8.94,8.44,8.65,126938226
2022/8/23,600063.sh,8.65,8.72,8.51,8.65,100654357
2022/8/24,600063.sh,8.69,8.78,8.13,8.23,109944708
2022/8/25,600063.sh,8.16,8.26,7.98,8.14,79413238
2022/8/26,600063.sh,8.13,8.31,7.95,7.99,63634238
2022/8/29,600063.sh,7.86,8.26,7.85,8.17,67818403
2022/8/30,600063.sh,8.17,8.21,7.88,7.92,57951739
2022/8/31,600063.sh,7.92,7.96,7.44,7.51,98169354
2022/9/1,600063.sh,7.58,7.59,7.34,7.41,48546395
2022/9/2,600063.sh,7.42,7.66,7.34,7.58,52479750
2022/9/5,600063.sh,7.56,7.85,7.56,7.76,50907458
2022/9/6,600063.sh,7.79,8.00,7.72,7.96,58880041
2022/9/7,600063.sh,7.88,8.09,7.82,7.99,51101992
2022/9/8,600063.sh,7.93,8.02,7.73,7.79,46405777
2022/9/9,600063.sh,7.81,7.97,7.75,7.78,32526522
2022/9/13,600063.sh,7.85,7.88,7.62,7.66,42078022
2022/9/14,600063.sh,7.51,7.65,7.46,7.58,38284283
2022/9/15,600063.sh,7.58,7.60,7.00,7.12,72141401
2022/9/16,600063.sh,7.14,7.16,6.83,6.84,43829622
2022/9/19,600063.sh,6.86,7.01,6.79,6.91,39717903
2022/9/20,600063.sh,6.93,7.19,6.89,7.10,42800917
2022/9/21,600063.sh,7.06,7.09,6.93,6.97,44448292
2022/9/22,600063.sh,6.94,7.11,6.91,7.04,34799800
2022/9/23,600063.sh,7.02,7.08,6.80,6.89,38591180
2022/9/26,600063.sh,6.79,6.85,6.68,6.71,38657683
2022/9/27,600063.sh,6.77,6.82,6.62,6.79,38342832
2022/9/28,600063.sh,6.77,6.83,6.51,6.53,38684417
2022/9/29,600063.sh,6.63,6.65,6.43,6.48,31070747
2022/9/30,600063.sh,6.48,6.53,6.35,6.36,34093873
2022/10/10,600063.sh,6.40,6.47,6.22,6.27,30712700
2022/10/11,600063.sh,6.30,6.46,6.19,6.42,31773149
2022/10/12,600063.sh,6.40,6.63,6.27,6.63,44432958
2022/10/13,600063.sh,6.55,6.64,6.44,6.56,43232638
2022/10/14,600063.sh,6.63,6.77,6.59,6.71,39795946
2022/10/17,600063.sh,6.67,6.87,6.63,6.73,35744307
2022/10/18,600063.sh,6.78,6.79,6.63,6.64,29650055
2022/10/19,600063.sh,6.63,6.67,6.56,6.57,24755300
2022/10/20,600063.sh,6.54,6.64,6.38,6.55,36338216
2022/10/21,600063.sh,6.41,6.44,5.90,5.90,125081134
2022/10/24,600063.sh,5.79,5.95,5.66,5.70,93987396
2022/10/25,600063.sh,5.72,5.75,5.50,5.63,58232847
2022/10/26,600063.sh,5.64,5.82,5.62,5.75,47845430
2022/10/27,600063.sh,5.75,5.86,5.67,5.67,43773829
2022/10/28,600063.sh,5.65,5.65,5.41,5.42,48047086
2022/10/31,600063.sh,5.44,5.50,5.37,5.47,32168689
2022/11/1,600063.sh,5.49,5.65,5.44,5.63,48448160
2022/11/2,600063.sh,5.60,5.69,5.60,5.64,44963422
2022/11/3,600063.sh,5.59,5.79,5.56,5.74,48854702
2022/11/4,600063.sh,5.74,5.93,5.71,5.90,49626096
2022/11/7,600063.sh,5.89,6.05,5.87,6.01,44837823
2022/11/8,600063.sh,6.01,6.06,5.92,5.97,36039954
2022/11/9,600063.sh,5.95,6.09,5.94,5.95,29376077
2022/11/10,600063.sh,5.90,5.94,5.85,5.87,28668516
2022/11/11,600063.sh,6.01,6.03,5.92,5.94,34118863
2022/11/14,600063.sh,5.97,6.05,5.82,5.85,38347491
2022/11/15,600063.sh,5.83,6.02,5.79,6.02,40638446
2022/11/16,600063.sh,6.02,6.06,5.94,5.97,29446463
2022/11/17,600063.sh,5.93,6.22,5.83,6.17,81925314
2022/11/18,600063.sh,6.14,6.14,6.04,6.06,48216897
2022/11/21,600063.sh,6.02,6.02,5.90,5.99,33176169
2022/11/22,600063.sh,5.97,6.02,5.90,5.93,31324146
2022/11/23,600063.sh,5.96,6.08,5.92,6.01,32571990
2022/11/24,600063.sh,6.06,6.23,6.03,6.14,53860687
2022/11/25,600063.sh,6.14,6.14,6.01,6.03,35410320
2022/11/28,600063.sh,5.94,5.94,5.81,5.87,36452047
2022/11/29,600063.sh,5.91,6.14,5.89,6.11,64671975
2022/11/30,600063.sh,6.11,6.14,6.03,6.05,31139739
2022/12/1,600063.sh,6.10,6.27,6.08,6.19,59583947
2022/12/2,600063.sh,6.18,6.19,6.10,6.14,35673696
2022/12/5,600063.sh,6.18,6.24,6.11,6.23,41997514
2022/12/6,600063.sh,6.20,6.20,6.11,6.18,36502225
2022/12/7,600063.sh,6.16,6.18,6.06,6.09,35270335
2022/12/8,600063.sh,6.07,6.19,6.02,6.08,32211391
2022/12/9,600063.sh,6.09,6.14,6.04,6.09,21342706
2022/12/12,600063.sh,6.07,6.07,5.93,5.94,34839310
2022/12/13,600063.sh,5.96,5.96,5.80,5.84,34246098
2022/12/14,600063.sh,5.85,5.96,5.83,5.84,22175465
2022/12/15,600063.sh,5.81,5.86,5.80,5.84,18149947
2022/12/16,600063.sh,5.81,5.83,5.71,5.73,26434748
2022/12/19,600063.sh,5.74,5.85,5.62,5.63,26220622
2022/12/20,600063.sh,5.64,5.72,5.59,5.64,18543193
2022/12/21,600063.sh,5.63,5.68,5.56,5.61,15835792
2022/12/22,600063.sh,5.63,5.66,5.40,5.44,29066834
2022/12/23,600063.sh,5.39,5.48,5.36,5.39,21429481
2022/12/26,600063.sh,5.37,5.45,5.37,5.42,26620335
2022/12/27,600063.sh,5.48,5.63,5.46,5.57,31397126
2022/12/28,600063.sh,5.58,5.58,5.48,5.49,16675609
2022/12/29,600063.sh,5.50,5.50,5.42,5.46,13857693
2022/12/30,600063.sh,5.48,5.49,5.42,5.44,15061800
2023/1/3,600063.sh,5.44,5.61,5.40,5.58,23775674
2023/1/4,600063.sh,5.58,5.66,5.51,5.54,27339618
2023/1/5,600063.sh,5.55,5.58,5.51,5.56,25409501
2023/1/6,600063.sh,5.56,5.70,5.54,5.62,35954782
2023/1/9,600063.sh,5.65,5.74,5.63,5.73,33725567
2023/1/10,600063.sh,5.69,5.74,5.65,5.68,22367327
2023/1/11,600063.sh,5.67,5.74,5.60,5.61,25746853
2023/1/12,600063.sh,5.62,5.68,5.60,5.62,13526810
2023/1/13,600063.sh,5.66,5.67,5.60,5.63,14450706
2023/1/16,600063.sh,5.62,5.74,5.62,5.72,26573035
2023/1/17,600063.sh,5.74,5.74,5.66,5.71,14891004
2023/1/18,600063.sh,5.69,5.74,5.68,5.69,19996226
2023/1/19,600063.sh,5.67,5.74,5.66,5.74,27770652
2023/1/20,600063.sh,5.75,5.87,5.74,5.85,28393273
2023/1/30,600063.sh,5.90,5.95,5.87,5.90,36010200
2023/1/31,600063.sh,5.89,5.99,5.85,5.99,31208514
2023/2/1,600063.sh,5.98,6.03,5.95,6.02,33036944
2023/2/2,600063.sh,6.04,6.63,6.03,6.63,133474506
2023/2/3,600063.sh,6.79,6.87,6.56,6.75,176702396
2023/2/6,600063.sh,6.66,6.74,6.49,6.52,98580266
2023/2/7,600063.sh,6.51,6.83,6.49,6.70,113158467
2023/2/8,600063.sh,6.69,6.69,6.49,6.50,76592967
2023/2/9,600063.sh,6.50,6.61,6.41,6.59,58248717
2023/2/10,600063.sh,6.57,6.83,6.54,6.68,79720638
2023/2/13,600063.sh,6.68,6.97,6.63,6.95,96193332
2023/2/14,600063.sh,6.93,6.94,6.80,6.87,64075154
2023/2/15,600063.sh,6.84,6.85,6.72,6.77,46095080
2023/2/16,600063.sh,6.76,6.88,6.48,6.56,68534324
2023/2/17,600063.sh,6.59,6.70,6.54,6.57,37949097
2023/2/20,600063.sh,6.55,6.67,6.53,6.66,35877778
2023/2/21,600063.sh,6.61,6.79,6.60,6.75,42066777
2023/2/22,600063.sh,6.71,6.72,6.58,6.62,38231149
2023/2/23,600063.sh,6.60,6.67,6.54,6.62,26621665
2023/2/24,600063.sh,6.61,6.66,6.55,6.62,23262100
2023/2/27,600063.sh,6.59,6.78,6.57,6.72,48713909
2023/2/28,600063.sh,6.72,6.76,6.65,6.76,34349414
2023/3/1,600063.sh,6.75,6.87,6.72,6.82,47824218
2023/3/2,600063.sh,6.83,6.85,6.62,6.66,48600047
2023/3/3,600063.sh,6.65,6.72,6.60,6.67,31641621
2023/3/6,600063.sh,6.65,6.67,6.54,6.63,37125884
2023/3/7,600063.sh,6.64,6.68,6.54,6.54,31240555
2023/3/8,600063.sh,6.51,6.57,6.44,6.56,28535430
2023/3/9,600063.sh,6.56,6.58,6.50,6.52,15459701
2023/3/10,600063.sh,6.46,6.53,6.32,6.40,32388334
2023/3/13,600063.sh,6.25,6.31,5.99,6.03,80199589
2023/3/14,600063.sh,6.04,6.08,5.73,5.83,62936069
2023/3/15,600063.sh,5.87,5.93,5.85,5.87,25713626
2023/3/16,600063.sh,5.85,5.85,5.74,5.75,27093962
2023/3/17,600063.sh,5.83,5.94,5.82,5.88,33642476
2023/3/20,600063.sh,5.91,5.95,5.83,5.86,28387985
2023/3/21,600063.sh,5.87,5.99,5.85,5.98,25219160
2023/3/22,600063.sh,5.97,6.16,5.97,6.09,39552510
2023/3/23,600063.sh,6.05,6.13,6.02,6.11,20729333
2023/3/24,600063.sh,6.09,6.11,6.02,6.05,21278474
2023/3/27,600063.sh,6.07,6.20,6.03,6.17,29790285
2023/3/28,600063.sh,6.25,6.30,6.14,6.14,29711097
2023/3/29,600063.sh,6.13,6.18,6.02,6.04,23092601
2023/3/30,600063.sh,6.03,6.09,5.94,6.03,20993864
2023/3/31,600063.sh,6.00,6.11,6.00,6.06,14677412
2023/4/3,600063.sh,6.07,6.07,5.96,6.00,24817981
2023/4/4,600063.sh,5.98,5.99,5.87,5.87,32051555
2023/4/6,600063.sh,5.87,5.96,5.83,5.93,18725174
2023/4/7,600063.sh,5.92,5.96,5.89,5.92,13047427
2023/4/10,600063.sh,5.93,5.95,5.87,5.89,17244700
2023/4/11,600063.sh,5.87,5.90,5.83,5.89,15582218
2023/4/12,600063.sh,5.89,6.05,5.87,6.02,30463114
2023/4/13,600063.sh,6.01,6.02,5.90,5.94,21434783
2023/4/14,600063.sh,5.95,5.98,5.93,5.94,14866092
2023/4/17,600063.sh,5.92,5.96,5.88,5.96,15221329
2023/4/18,600063.sh,5.95,5.95,5.88,5.93,15955163
2023/4/19,600063.sh,5.90,5.92,5.81,5.81,22843100
2023/4/20,600063.sh,5.80,5.90,5.71,5.86,27538080
2023/4/21,600063.sh,5.61,5.64,5.27,5.27,93330870
2023/4/24,600063.sh,5.22,5.24,5.07,5.09,44029813
2023/4/25,600063.sh,5.09,5.12,5.00,5.11,24830999
2023/4/26,600063.sh,5.12,5.21,5.09,5.17,21992423
2023/4/27,600063.sh,5.17,5.17,5.08,5.09,18613937
2023/4/28,600063.sh,5.08,5.17,5.08,5.13,18625721
2023/5/4,600063.sh,5.10,5.19,5.08,5.17,18585673
2023/5/5,600063.sh,5.17,5.19,5.10,5.13,15783594
2023/5/8,600063.sh,5.12,5.16,5.09,5.13,22394958
2023/5/9,600063.sh,5.12,5.21,5.08,5.12,27951298
2023/5/10,600063.sh,5.11,5.15,5.08,5.15,15760171
2023/5/11,600063.sh,5.13,5.15,5.11,5.13,9480629
2023/5/12,600063.sh,5.13,5.13,4.99,5.01,22479350
2023/5/15,600063.sh,5.01,5.08,4.97,5.08,16717950
2023/5/16,600063.sh,5.08,5.09,5.02,5.03,10964821
2023/5/17,600063.sh,5.02,5.06,5.01,5.05,9294057
2023/5/18,600063.sh,5.05,5.07,4.99,5.00,14668400
2023/5/19,600063.sh,5.02,5.05,4.98,5.04,10025574
2023/5/22,600063.sh,5.04,5.13,5.01,5.12,12793761
2023/5/23,600063.sh,5.12,5.14,5.08,5.09,8974639
2023/5/24,600063.sh,5.06,5.10,5.02,5.04,8762127
2023/5/25,600063.sh,5.02,5.05,4.92,4.95,14004000
2023/5/26,600063.sh,4.95,4.96,4.81,4.92,15143200
2023/5/29,600063.sh,4.91,5.01,4.91,4.94,11420611
2023/5/30,600063.sh,4.92,4.94,4.84,4.92,10443400
2023/5/31,600063.sh,4.92,4.93,4.85,4.85,9124629
2023/6/1,600063.sh,4.88,4.98,4.87,4.95,15730378
2023/6/2,600063.sh,4.96,5.06,4.95,5.03,11681701
2023/6/5,600063.sh,5.06,5.06,5.00,5.02,6959005
2023/6/6,600063.sh,5.02,5.02,4.89,4.90,10176388
2023/6/7,600063.sh,4.90,4.93,4.87,4.88,8311135
2023/6/8,600063.sh,4.88,4.92,4.85,4.88,7238120
2023/6/9,600063.sh,4.87,4.90,4.84,4.87,7572809
2023/6/12,600063.sh,4.86,4.93,4.84,4.90,9262923
2023/6/13,600063.sh,4.90,4.92,4.87,4.87,7113410
2023/6/14,600063.sh,4.87,4.91,4.85,4.85,9727595
2023/6/15,600063.sh,4.87,4.89,4.83,4.88,12633821
2023/6/16,600063.sh,4.89,4.93,4.87,4.90,9947058
2023/6/19,600063.sh,4.91,4.91,4.81,4.81,17852967
2023/6/20,600063.sh,4.82,4.83,4.69,4.72,20493994
2023/6/21,600063.sh,4.73,4.77,4.71,4.72,12812975
2023/6/26,600063.sh,4.70,4.75,4.68,4.70,12005640
2023/6/27,600063.sh,4.70,4.80,4.70,4.78,12110300
2023/6/28,600063.sh,4.79,4.79,4.74,4.76,8238400
2023/6/29,600063.sh,4.76,4.77,4.71,4.71,8419614
2023/6/30,600063.sh,4.71,4.85,4.70,4.83,18153503
2023/7/3,600063.sh,4.83,5.02,4.82,4.98,24880193
2023/7/4,600063.sh,4.97,5.00,4.94,4.98,12166967
2023/7/5,600063.sh,4.98,4.99,4.95,4.99,10071889
2023/7/6,600063.sh,4.97,4.98,4.94,4.95,8004290
2023/7/7,600063.sh,4.95,4.98,4.90,4.96,8575961
2023/7/10,600063.sh,4.96,4.99,4.95,4.96,7993675
2023/7/11,600063.sh,4.92,4.99,4.90,4.99,14927059
2023/7/12,600063.sh,4.98,5.14,4.96,5.08,27527515
2023/7/13,600063.sh,5.09,5.15,5.06,5.09,15130503
2023/7/14,600063.sh,5.09,5.14,5.06,5.11,12392544
2023/7/17,600063.sh,5.12,5.12,5.06,5.11,9649477
2023/7/18,600063.sh,5.10,5.16,5.08,5.14,11263467
2023/7/19,600063.sh,5.14,5.16,5.09,5.14,7760200
2023/7/20,600063.sh,5.13,5.20,5.11,5.13,13020406
2023/7/21,600063.sh,5.10,5.19,5.10,5.16,13044444
2023/7/24,600063.sh,5.15,5.18,5.12,5.14,11079203
2023/7/25,600063.sh,5.17,5.22,5.14,5.19,17240503
2023/7/26,600063.sh,5.21,5.29,5.19,5.27,22839701
2023/7/27,600063.sh,5.26,5.28,5.17,5.19,17914706
2023/7/28,600063.sh,5.17,5.33,5.16,5.31,24887949
2023/7/31,600063.sh,5.32,5.38,5.28,5.31,21477379
2023/8/1,600063.sh,5.30,5.32,5.24,5.26,14149241
2023/8/2,600063.sh,5.26,5.29,5.23,5.26,13120757
2023/8/3,600063.sh,5.23,5.28,5.20,5.26,14074002
2023/8/4,600063.sh,5.28,5.33,5.26,5.27,12886600
2023/8/7,600063.sh,5.25,5.27,5.15,5.16,18922901
2023/8/8,600063.sh,5.16,5.26,5.10,5.22,19624091
2023/8/9,600063.sh,5.19,5.22,5.13,5.14,9661655
2023/8/10,600063.sh,5.14,5.23,5.13,5.17,8372950
2023/8/11,600063.sh,5.16,5.17,5.04,5.04,16749167
2023/8/14,600063.sh,4.99,5.14,4.99,5.14,15467168
2023/8/15,600063.sh,5.11,5.14,4.98,5.03,15346886
2023/8/16,600063.sh,5.03,5.05,4.98,4.99,9675035
2023/8/17,600063.sh,4.97,5.02,4.90,5.02,10445753
2023/8/18,600063.sh,5.02,5.05,4.94,4.94,12141802
2023/8/21,600063.sh,4.94,5.02,4.87,4.89,11961429
2023/8/22,600063.sh,4.90,4.93,4.80,4.89,14731979
2023/8/23,600063.sh,4.90,4.90,4.80,4.81,9957424
2023/8/24,600063.sh,4.82,4.85,4.76,4.80,12020656
2023/8/25,600063.sh,4.81,4.87,4.74,4.78,13698701
2023/8/28,600063.sh,5.03,5.08,4.87,4.89,31372409
2023/8/29,600063.sh,4.88,4.92,4.86,4.88,25805309
2023/8/30,600063.sh,4.90,4.94,4.88,4.89,15412100
2023/8/31,600063.sh,4.89,4.89,4.79,4.81,13329401
2023/9/1,600063.sh,4.81,4.87,4.78,4.85,16187401
2023/9/4,600063.sh,4.86,5.09,4.86,5.07,35825139
2023/9/5,600063.sh,5.03,5.06,5.00,5.02,13901992
2023/9/6,600063.sh,5.01,5.03,4.96,5.01,11460947
2023/9/7,600063.sh,5.02,5.02,4.92,4.93,9539103
2023/9/8,600063.sh,4.92,4.94,4.91,4.91,8601352
2023/9/11,600063.sh,4.92,5.00,4.89,4.98,12352180
2023/9/12,600063.sh,4.95,5.04,4.95,5.03,12493407
2023/9/13,600063.sh,5.04,5.11,4.96,4.98,15665531
2023/9/14,600063.sh,5.02,5.02,4.96,5.01,10848075
2023/9/15,600063.sh,5.02,5.04,4.98,5.00,9924326
2023/9/18,600063.sh,4.98,5.03,4.95,5.00,8317200
2023/9/19,600063.sh,4.99,5.02,4.95,4.97,6914962
2023/9/20,600063.sh,4.96,4.98,4.92,4.92,9112632
2023/9/21,600063.sh,4.92,4.94,4.88,4.90,7631800
2023/9/22,600063.sh,4.88,4.97,4.87,4.96,9294635
2023/9/25,600063.sh,4.98,4.99,4.92,4.93,6903132
2023/9/26,600063.sh,4.94,4.96,4.88,4.88,9073100
2023/9/27,600063.sh,4.88,4.93,4.86,4.90,11006105
2023/9/28,600063.sh,4.89,4.92,4.86,4.86,13299700
2023/10/9,600063.sh,4.86,4.87,4.80,4.82,10464400
2023/10/10,600063.sh,4.83,4.89,4.80,4.81,8901420
2023/10/11,600063.sh,4.83,4.90,4.80,4.83,13644996
2023/10/12,600063.sh,4.84,4.92,4.83,4.92,13442845
2023/10/13,600063.sh,4.90,4.92,4.82,4.84,12110900
2023/10/16,600063.sh,4.85,4.86,4.77,4.81,10996660
2023/10/17,600063.sh,4.81,4.82,4.78,4.80,8796800
2023/10/18,600063.sh,4.78,4.80,4.69,4.69,14374160
2023/10/19,600063.sh,4.59,4.60,4.22,4.22,56201551
2023/10/20,600063.sh,4.17,4.26,4.09,4.20,25137352
2023/10/23,600063.sh,4.21,4.21,4.09,4.12,16585800
2023/10/24,600063.sh,4.14,4.26,4.14,4.25,14930591
2023/10/25,600063.sh,4.26,4.37,4.26,4.33,13821578
2023/10/26,600063.sh,4.31,4.36,4.26,4.35,11181119
2023/10/27,600063.sh,4.35,4.48,4.28,4.48,14599999
2023/10/30,600063.sh,4.45,4.52,4.43,4.50,9901167
2023/10/31,600063.sh,4.51,4.54,4.46,4.48,10829147
2023/11/1,600063.sh,4.51,4.51,4.46,4.49,7285050
2023/11/2,600063.sh,4.48,4.53,4.44,4.45,8644309
2023/11/3,600063.sh,4.43,4.50,4.43,4.47,8112760
2023/11/6,600063.sh,4.48,4.53,4.48,4.52,11165186
2023/11/7,600063.sh,4.53,4.53,4.47,4.49,7711600
2023/11/8,600063.sh,4.50,4.51,4.39,4.42,13744150
2023/11/9,600063.sh,4.41,4.44,4.40,4.41,10001180
2023/11/10,600063.sh,4.42,4.43,4.35,4.38,8641113
2023/11/13,600063.sh,4.41,4.45,4.34,4.44,10365825
2023/11/14,600063.sh,4.42,4.46,4.40,4.42,9091618
2023/11/15,600063.sh,4.46,4.50,4.45,4.49,11346200
2023/11/16,600063.sh,4.48,4.50,4.43,4.44,9201200
2023/11/17,600063.sh,4.42,4.46,4.41,4.44,8310900
2023/11/20,600063.sh,4.44,4.54,4.41,4.51,15172789
2023/11/21,600063.sh,4.51,4.54,4.48,4.49,11646250
2023/11/22,600063.sh,4.48,4.53,4.45,4.45,9265800
2023/11/23,600063.sh,4.44,4.48,4.44,4.48,8920400
2023/11/24,600063.sh,4.48,4.48,4.41,4.41,10072244
2023/11/27,600063.sh,4.41,4.42,4.33,4.37,12019965
2023/11/28,600063.sh,4.37,4.42,4.34,4.41,8054900
2023/11/29,600063.sh,4.40,4.42,4.37,4.37,7010803
2023/11/30,600063.sh,4.36,4.37,4.30,4.32,8504131
2023/12/1,600063.sh,4.31,4.35,4.30,4.33,7747401
2023/12/4,600063.sh,4.34,4.35,4.28,4.28,11084814
2023/12/5,600063.sh,4.27,4.30,4.21,4.22,9418500
2023/12/6,600063.sh,4.22,4.28,4.18,4.24,10998500
2023/12/7,600063.sh,4.25,4.25,4.15,4.19,10546160
2023/12/8,600063.sh,4.19,4.21,4.13,4.13,8056053
2023/12/11,600063.sh,4.12,4.19,4.08,4.17,14042700
2023/12/12,600063.sh,4.17,4.18,4.14,4.17,6853913
2023/12/13,600063.sh,4.17,4.17,4.10,4.11,8664310
2023/12/14,600063.sh,4.12,4.15,4.10,4.11,7482500
2023/12/15,600063.sh,4.11,4.13,4.04,4.05,11560808
2023/12/18,600063.sh,4.05,4.05,3.96,3.97,11044263
2023/12/19,600063.sh,3.98,4.00,3.95,3.98,7667663
2023/12/20,600063.sh,4.00,4.01,3.95,3.95,6630605
2023/12/21,600063.sh,3.94,3.96,3.87,3.91,14787710
2023/12/22,600063.sh,3.92,3.97,3.85,3.94,12948687
2023/12/25,600063.sh,3.91,3.94,3.87,3.90,7718395
2023/12/26,600063.sh,3.91,3.95,3.88,3.90,7790553
2023/12/27,600063.sh,3.89,3.93,3.85,3.91,8713788
2023/12/28,600063.sh,3.92,4.08,3.90,4.06,17247759
2023/12/29,600063.sh,4.07,4.12,4.05,4.11,10611968
2024/1/2,600063.sh,4.14,4.16,4.10,4.14,10052054
2024/1/3,600063.sh,4.12,4.20,4.11,4.16,9859079
2024/1/4,600063.sh,4.16,4.16,4.09,4.12,9082853
2024/1/5,600063.sh,4.12,4.14,4.03,4.05,8643201
2024/1/8,600063.sh,4.04,4.04,3.93,3.94,11878519
2024/1/9,600063.sh,3.95,4.00,3.92,3.94,7967308
2024/1/10,600063.sh,3.93,4.00,3.90,3.95,7403961
2024/1/11,600063.sh,3.95,4.03,3.92,3.99,8747619
2024/1/12,600063.sh,3.97,4.07,3.96,4.00,9155618
2024/1/15,600063.sh,3.98,4.02,3.94,3.97,6967700
2024/1/16,600063.sh,3.97,4.00,3.89,3.95,9914418
2024/1/17,600063.sh,3.95,3.97,3.86,3.86,8429348
2024/1/18,600063.sh,3.86,3.87,3.70,3.81,23331774
2024/1/19,600063.sh,3.81,3.87,3.79,3.81,12195828
2024/1/22,600063.sh,3.81,3.82,3.56,3.60,16081732
2024/1/23,600063.sh,3.61,3.66,3.51,3.62,15356007
2024/1/24,600063.sh,3.63,3.70,3.55,3.70,12895537
2024/1/25,600063.sh,3.71,3.83,3.69,3.83,15255825
2024/1/26,600063.sh,3.82,3.89,3.81,3.85,11320423
2024/1/29,600063.sh,3.86,3.89,3.79,3.79,10749900
2024/1/30,600063.sh,3.65,3.81,3.57,3.68,19515518
2024/1/31,600063.sh,3.66,3.68,3.51,3.52,18738900
2024/2/1,600063.sh,3.50,3.60,3.43,3.49,15280839
2024/2/2,600063.sh,3.48,3.56,3.22,3.35,21552100
2024/2/5,600063.sh,3.31,3.31,3.01,3.07,35494113
2024/2/6,600063.sh,3.07,3.36,2.97,3.32,26435570
2024/2/7,600063.sh,3.32,3.58,3.31,3.55,32466742
2024/2/8,600063.sh,3.56,3.82,3.56,3.73,33615973
2024/2/19,600063.sh,3.82,3.84,3.64,3.70,26281063
2024/2/20,600063.sh,3.68,3.70,3.61,3.69,15394661
2024/2/21,600063.sh,3.66,3.84,3.63,3.72,20527696
2024/2/22,600063.sh,3.72,3.86,3.70,3.79,16550913
2024/2/23,600063.sh,3.79,3.81,3.73,3.80,15544677
2024/2/26,600063.sh,3.79,3.83,3.75,3.78,15744846
2024/2/27,600063.sh,3.79,3.83,3.77,3.83,15416762
2024/2/28,600063.sh,3.82,3.97,3.76,3.78,33429176
2024/2/29,600063.sh,3.77,3.90,3.75,3.85,24552142
2024/3/1,600063.sh,3.85,3.88,3.80,3.84,15822900
2024/3/4,600063.sh,3.82,3.86,3.75,3.79,19372114
2024/3/5,600063.sh,3.76,3.78,3.69,3.72,15750110
2024/3/6,600063.sh,3.72,3.78,3.68,3.75,12922273
2024/3/7,600063.sh,3.74,3.82,3.72,3.74,14493802
2024/3/8,600063.sh,3.73,3.75,3.68,3.73,10428410
2024/3/11,600063.sh,3.73,3.78,3.71,3.77,11510570
2024/3/12,600063.sh,3.78,3.95,3.75,3.88,33952877
2024/3/13,600063.sh,3.90,3.90,3.80,3.82,18506000
2024/3/14,600063.sh,3.80,3.88,3.76,3.80,15810851
2024/3/15,600063.sh,3.80,3.86,3.75,3.84,15872497
2024/3/18,600063.sh,3.84,3.89,3.83,3.89,16020919
2024/3/19,600063.sh,3.88,3.92,3.86,3.87,11015180
2024/3/20,600063.sh,3.87,3.90,3.85,3.88,10724192
2024/3/21,600063.sh,3.88,3.91,3.83,3.87,11341678
2024/3/22,600063.sh,3.86,3.87,3.79,3.82,13424237
2024/3/25,600063.sh,3.79,3.83,3.73,3.73,14127680
2024/3/26,600063.sh,3.73,3.76,3.66,3.74,13944415
2024/3/27,600063.sh,3.72,3.76,3.63,3.64,14423782
2024/3/28,600063.sh,3.64,3.76,3.63,3.72,13227048
2024/3/29,600063.sh,3.71,3.75,3.70,3.74,10031014
2024/4/1,600063.sh,3.75,3.90,3.75,3.89,25228020
2024/4/2,600063.sh,3.90,3.99,3.88,3.99,26754263
2024/4/3,600063.sh,3.98,4.02,3.96,4.01,18397540
2024/4/8,600063.sh,4.00,4.04,3.93,3.94,19101041
2024/4/9,600063.sh,3.93,3.98,3.92,3.97,13248743
2024/4/10,600063.sh,3.95,3.99,3.91,3.97,15263060
2024/4/11,600063.sh,3.93,4.03,3.93,3.98,14831336
2024/4/12,600063.sh,3.99,4.04,3.93,3.96,18195791
2024/4/15,600063.sh,3.96,4.02,3.87,3.95,22722597
2024/4/16,600063.sh,3.91,3.97,3.70,3.73,27209800
2024/4/17,600063.sh,3.76,3.85,3.75,3.85,21796363
2024/4/18,600063.sh,3.83,3.87,3.79,3.79,16970591
2024/4/19,600063.sh,3.77,3.92,3.76,3.84,19122559
2024/4/22,600063.sh,3.83,3.86,3.76,3.77,14257106
2024/4/23,600063.sh,3.76,3.79,3.61,3.63,20723614
2024/4/24,600063.sh,3.64,3.69,3.59,3.68,11680620
2024/4/25,600063.sh,3.69,3.82,3.67,3.76,16862037
2024/4/26,600063.sh,3.74,3.81,3.71,3.80,17549074
2024/4/29,600063.sh,3.78,4.01,3.77,3.99,35006506
2024/4/30,600063.sh,3.99,4.02,3.95,3.96,16208122
2024/5/6,600063.sh,4.01,4.12,3.99,4.11,31268133
2024/5/7,600063.sh,4.16,4.28,4.11,4.23,40131900
2024/5/8,600063.sh,4.23,4.24,4.12,4.12,21144720
2024/5/9,600063.sh,4.12,4.20,4.12,4.15,14220473
2024/5/10,600063.sh,4.15,4.19,4.09,4.10,15105701
2024/5/13,600063.sh,4.09,4.10,4.03,4.07,14206080
2024/5/14,600063.sh,4.08,4.14,4.04,4.04,15243282
2024/5/15,600063.sh,4.04,4.10,4.01,4.03,13424310
2024/5/16,600063.sh,4.05,4.12,4.01,4.02,16132239
2024/5/17,600063.sh,4.02,4.16,4.02,4.15,18961556
2024/5/20,600063.sh,4.19,4.29,4.16,4.19,29030724
2024/5/21,600063.sh,4.18,4.20,4.10,4.13,15760500
2024/5/22,600063.sh,4.15,4.18,4.12,4.13,13092400
2024/5/23,600063.sh,4.13,4.13,3.99,4.02,17019900
2024/5/24,600063.sh,4.07,4.07,3.98,4.01,13873547
2024/5/27,600063.sh,4.00,4.03,3.95,4.02,13453206
2024/5/28,600063.sh,4.02,4.04,3.94,3.95,12700900
2024/5/29,600063.sh,3.96,4.02,3.94,3.99,14834464
2024/5/30,600063.sh,3.97,4.05,3.93,3.95,17461264
2024/5/31,600063.sh,3.96,3.99,3.93,3.94,10574273
2024/6/3,600063.sh,3.95,3.96,3.77,3.82,20189600
2024/6/4,600063.sh,3.82,3.82,3.72,3.77,19118200
2024/6/5,600063.sh,3.77,3.77,3.63,3.66,18541413
2024/6/6,600063.sh,3.66,3.70,3.56,3.59,17508213
2024/6/7,600063.sh,3.61,3.70,3.61,3.69,14794725
2024/6/11,600063.sh,3.68,3.68,3.60,3.64,10347900
2024/6/12,600063.sh,3.65,3.69,3.63,3.67,11230430
2024/6/13,600063.sh,3.68,3.68,3.58,3.59,13101500
2024/6/14,600063.sh,3.59,3.60,3.45,3.50,22099586
2024/6/17,600063.sh,3.48,3.55,3.46,3.54,11242794
2024/6/18,600063.sh,3.55,3.62,3.51,3.61,11350701
2024/6/19,600063.sh,3.61,3.64,3.54,3.54,7600594
2024/6/20,600063.sh,3.55,3.57,3.45,3.46,9442300
2024/6/21,600063.sh,3.46,3.52,3.44,3.47,7553600
2024/6/24,600063.sh,3.47,3.47,3.35,3.37,10654960
2024/6/25,600063.sh,3.37,3.44,3.36,3.42,12400522
2024/6/26,600063.sh,3.43,3.56,3.39,3.54,11841900
2024/6/27,600063.sh,3.53,3.55,3.42,3.43,12865900
2024/6/28,600063.sh,3.45,3.49,3.40,3.41,11319400
2024/7/1,600063.sh,3.43,3.50,3.40,3.49,11506700
2024/7/2,600063.sh,3.49,3.51,3.46,3.49,8627600
2024/7/3,600063.sh,3.48,3.52,3.47,3.50,6528702
2024/7/4,600063.sh,3.48,3.52,3.39,3.41,10279083
2024/7/5,600063.sh,3.40,3.44,3.37,3.44,7055362
2024/7/8,600063.sh,3.44,3.44,3.33,3.35,10572740
2024/7/9,600063.sh,3.30,3.38,3.23,3.37,17069663
2024/7/10,600063.sh,3.35,3.38,3.33,3.35,9426480
2024/7/11,600063.sh,3.40,3.48,3.38,3.47,14337900
2024/7/12,600063.sh,3.48,3.51,3.46,3.48,7245543
2024/7/15,600063.sh,3.48,3.48,3.42,3.43,9062600
2024/7/16,600063.sh,3.42,3.43,3.34,3.36,10130600
2024/7/17,600063.sh,3.36,3.37,3.30,3.33,8562200
2024/7/18,600063.sh,3.32,3.36,3.27,3.35,8138200
2024/7/19,600063.sh,3.33,3.37,3.28,3.34,7427961
2024/7/22,600063.sh,3.34,3.35,3.31,3.33,5186400
2024/7/23,600063.sh,3.33,3.35,3.26,3.26,9660800
2024/7/24,600063.sh,3.25,3.28,3.20,3.21,10487383
2024/7/25,600063.sh,3.21,3.28,3.19,3.25,9783700
2024/7/26,600063.sh,3.28,3.34,3.25,3.31,9914038
2024/7/29,600063.sh,3.30,3.32,3.28,3.29,6983082
2024/7/30,600063.sh,3.29,3.33,3.26,3.33,8862800
2024/7/31,600063.sh,3.33,3.46,3.31,3.45,19512683
2024/8/1,600063.sh,3.45,3.51,3.40,3.44,11822117
2024/8/2,600063.sh,3.42,3.46,3.39,3.40,10476203
2024/8/5,600063.sh,3.38,3.43,3.30,3.30,13072520
2024/8/6,600063.sh,3.33,3.37,3.29,3.33,9135200
2024/8/7,600063.sh,3.34,3.35,3.28,3.31,8194300
2024/8/8,600063.sh,3.30,3.36,3.28,3.36,8996900
2024/8/9,600063.sh,3.36,3.38,3.32,3.32,6518094
2024/8/12,600063.sh,3.31,3.33,3.27,3.28,6828124
2024/8/13,600063.sh,3.29,3.32,3.25,3.32,6596520
2024/8/14,600063.sh,3.32,3.32,3.26,3.27,6397800
2024/8/15,600063.sh,3.27,3.33,3.24,3.29,9651020
2024/8/16,600063.sh,3.28,3.33,3.25,3.26,10439500
2024/8/19,600063.sh,3.25,3.30,3.23,3.23,8507710
2024/8/20,600063.sh,3.24,3.24,3.16,3.18,11899887
2024/8/21,600063.sh,3.17,3.18,3.13,3.14,9927700
2024/8/22,600063.sh,3.14,3.16,3.06,3.08,11439400
2024/8/23,600063.sh,3.08,3.13,3.07,3.08,7401700
2024/8/26,600063.sh,3.10,3.18,3.09,3.16,11979832
2024/8/27,600063.sh,3.15,3.16,3.11,3.14,8318900
2024/8/28,600063.sh,3.14,3.17,3.11,3.16,6513887
2024/8/29,600063.sh,3.14,3.22,3.13,3.21,8925223
2024/8/30,600063.sh,3.22,3.30,3.19,3.26,17677300
2024/9/2,600063.sh,3.26,3.29,3.21,3.23,9859800
2024/9/3,600063.sh,3.21,3.27,3.19,3.20,10371500
2024/9/4,600063.sh,3.19,3.22,3.16,3.17,6887900
2024/9/5,600063.sh,3.17,3.21,3.15,3.18,8420900
2024/9/6,600063.sh,3.17,3.18,3.11,3.12,8120000
2024/9/9,600063.sh,3.11,3.14,3.08,3.09,7304343
2024/9/10,600063.sh,3.10,3.11,3.03,3.07,10803700
2024/9/11,600063.sh,3.06,3.07,3.03,3.06,9406014
2024/9/12,600063.sh,3.06,3.09,3.05,3.05,6974572
2024/9/13,600063.sh,3.05,3.06,3.03,3.04,6714400
2024/9/18,600063.sh,3.03,3.05,2.98,3.03,8065546
2024/9/19,600063.sh,3.04,3.15,3.02,3.13,17398000
2024/9/20,600063.sh,3.14,3.14,3.08,3.12,9311200
2024/9/23,600063.sh,3.10,3.13,3.09,3.11,6302330
2024/9/24,600063.sh,3.12,3.26,3.11,3.26,21128931
2024/9/25,600063.sh,3.31,3.40,3.30,3.34,24748668
2024/9/26,600063.sh,3.34,3.49,3.32,3.49,22797145
2024/9/27,600063.sh,3.52,3.64,3.51,3.62,19597800
2024/9/30,600063.sh,3.80,3.98,3.72,3.92,67829007
2024/10/8,600063.sh,4.31,4.31,3.98,4.13,74204303
2024/10/9,600063.sh,4.11,4.11,3.76,3.79,51860279
2024/10/10,600063.sh,3.79,3.91,3.74,3.79,34215012
2024/10/11,600063.sh,3.81,3.83,3.67,3.70,22259361
2024/10/14,600063.sh,3.71,3.76,3.66,3.73,23327292
2024/10/15,600063.sh,3.74,3.76,3.62,3.63,27381400
2024/10/16,600063.sh,3.60,3.69,3.59,3.65,18716571
2024/10/17,600063.sh,3.66,3.68,3.56,3.57,21610489
2024/10/18,600063.sh,3.57,3.71,3.51,3.65,32909356
2024/10/21,600063.sh,3.69,3.70,3.60,3.61,29407309
2024/10/22,600063.sh,3.61,3.66,3.59,3.66,21867760
2024/10/23,600063.sh,3.67,3.74,3.64,3.70,23807197
2024/10/24,600063.sh,3.71,3.86,3.65,3.75,39575614
2024/10/25,600063.sh,3.71,3.82,3.69,3.82,31347932
2024/10/28,600063.sh,3.82,4.02,3.81,4.01,45156752
2024/10/29,600063.sh,4.04,4.05,3.86,3.88,35515207
2024/10/30,600063.sh,3.84,3.93,3.84,3.89,21092100
2024/10/31,600063.sh,3.89,3.97,3.87,3.94,23282496
2024/11/1,600063.sh,3.91,4.00,3.90,3.92,26173102
2024/11/4,600063.sh,3.90,3.95,3.89,3.95,15214200
2024/11/5,600063.sh,3.94,4.01,3.93,4.01,25617601
2024/11/6,600063.sh,4.01,4.05,3.97,4.00,26627460
2024/11/7,600063.sh,3.96,4.10,3.96,4.09,29371510
2024/11/8,600063.sh,4.12,4.14,4.02,4.04,28291122
2024/11/11,600063.sh,4.02,4.06,4.00,4.06,22823717
2024/11/12,600063.sh,4.06,4.10,3.99,4.03,28584007
2024/11/13,600063.sh,4.01,4.06,3.95,4.01,21629374
2024/11/14,600063.sh,4.00,4.01,3.88,3.90,25331703
2024/11/15,600063.sh,3.88,3.94,3.84,3.85,17392443
2024/11/18,600063.sh,3.88,3.99,3.86,3.86,29314585
2024/11/19,600063.sh,3.88,4.00,3.88,4.00,28878203
2024/11/20,600063.sh,3.99,4.13,3.97,4.09,37609406
2024/11/21,600063.sh,4.10,4.20,4.06,4.18,40400875
2024/11/22,600063.sh,4.18,4.48,4.17,4.18,84883834
2024/11/25,600063.sh,4.18,4.28,4.12,4.18,48883218
2024/11/26,600063.sh,4.19,4.22,4.04,4.07,35799807
2024/11/27,600063.sh,4.05,4.09,3.94,4.09,31674875
2024/11/28,600063.sh,4.07,4.12,4.04,4.06,21169960
2024/11/29,600063.sh,4.05,4.17,4.01,4.13,28664457
2024/12/2,600063.sh,4.14,4.32,4.13,4.29,32293654
2024/12/3,600063.sh,4.30,4.32,4.21,4.26,24677710
2024/12/4,600063.sh,4.25,4.26,4.15,4.18,23859932
2024/12/5,600063.sh,4.17,4.22,4.14,4.22,20050928
2024/12/6,600063.sh,4.22,4.31,4.18,4.30,27446525
2024/12/9,600063.sh,4.30,4.39,4.27,4.32,26481919
2024/12/10,600063.sh,4.41,4.47,4.32,4.33,36754641
2024/12/11,600063.sh,4.31,4.39,4.31,4.34,25446376
2024/12/12,600063.sh,4.35,4.36,4.28,4.35,23018000
2024/12/13,600063.sh,4.33,4.33,4.21,4.21,27798522
2024/12/16,600063.sh,4.21,4.27,4.17,4.20,16212804
2024/12/17,600063.sh,4.21,4.22,4.11,4.14,24016360
2024/12/18,600063.sh,4.14,4.18,4.07,4.09,16407203
2024/12/19,600063.sh,4.05,4.07,3.99,4.06,21984138
2024/12/20,600063.sh,4.05,4.07,4.01,4.01,16663200
2024/12/23,600063.sh,4.01,4.04,3.92,3.95,20536105
2024/12/24,600063.sh,3.95,4.01,3.94,3.98,17263363
2024/12/25,600063.sh,3.98,4.00,3.90,3.95,14432700
2024/12/26,600063.sh,3.94,3.98,3.94,3.95,11421106
2024/12/27,600063.sh,3.96,4.05,3.94,4.01,16703567
2024/12/30,600063.sh,4.01,4.02,3.93,3.96,14599200
2024/12/31,600063.sh,3.97,4.00,3.88,3.88,18447120
2025/1/2,600063.sh,3.88,3.92,3.73,3.76,24471426
2025/1/3,600063.sh,3.77,3.82,3.69,3.70,20167300
2025/1/6,600063.sh,3.73,3.79,3.69,3.76,18093900
2025/1/7,600063.sh,3.77,3.77,3.69,3.75,13717116
2025/1/8,600063.sh,3.75,3.76,3.62,3.72,21919303
2025/1/9,600063.sh,3.71,3.74,3.69,3.69,15295700
2025/1/10,600063.sh,3.70,3.71,3.62,3.63,12059786
2025/1/13,600063.sh,3.61,3.69,3.60,3.67,13501400
2025/1/14,600063.sh,3.67,3.75,3.66,3.75,18675121
2025/1/15,600063.sh,3.73,3.75,3.69,3.72,13880900
2025/1/16,600063.sh,3.74,3.83,3.74,3.78,15518907
2025/1/17,600063.sh,3.76,3.81,3.73,3.79,11798334
2025/1/20,600063.sh,3.81,3.85,3.77,3.78,11026500
2025/1/21,600063.sh,3.80,3.82,3.72,3.75,11273432
2025/1/22,600063.sh,3.75,3.76,3.70,3.73,12612200
2025/1/23,600063.sh,3.75,3.83,3.75,3.75,18108800
2025/1/24,600063.sh,3.75,3.80,3.74,3.80,15906400
2025/1/27,600063.sh,3.80,3.90,3.80,3.84,17073312
2025/2/5,600063.sh,3.87,3.88,3.80,3.81,14865500
2025/2/6,600063.sh,3.80,3.84,3.77,3.83,12144916
2025/2/7,600063.sh,3.83,3.88,3.80,3.85,20162500
2025/2/10,600063.sh,3.85,3.90,3.84,3.85,16175800
2025/2/11,600063.sh,3.84,3.85,3.78,3.85,18503832
2025/2/12,600063.sh,3.83,3.91,3.83,3.89,18806340
2025/2/13,600063.sh,3.89,3.90,3.85,3.86,14645600
2025/2/14,600063.sh,3.86,3.88,3.81,3.84,14351100
2025/2/17,600063.sh,3.84,3.86,3.80,3.83,15607600
2025/2/18,600063.sh,3.83,3.84,3.76,3.77,16286920
2025/2/19,600063.sh,3.77,3.78,3.75,3.77,13002633
2025/2/20,600063.sh,3.77,3.79,3.72,3.74,17962408
2025/2/21,600063.sh,3.74,3.76,3.71,3.72,16812364
2025/2/24,600063.sh,3.72,3.86,3.71,3.84,32835194
2025/2/25,600063.sh,3.80,3.84,3.74,3.76,19094027
2025/2/26,600063.sh,3.76,3.87,3.76,3.84,27133259
2025/2/27,600063.sh,3.84,3.85,3.79,3.83,20448884
2025/2/28,600063.sh,3.83,3.86,3.77,3.79,18332345
2025/3/3,600063.sh,3.78,3.85,3.77,3.79,17654860
2025/3/4,600063.sh,3.78,3.79,3.75,3.78,10430603
2025/3/5,600063.sh,3.78,3.79,3.71,3.75,14199848
2025/3/6,600063.sh,3.75,3.78,3.73,3.77,13438409
2025/3/7,600063.sh,3.77,4.15,3.75,4.01,83325550
2025/3/10,600063.sh,4.02,4.09,3.98,4.06,47877817
2025/3/11,600063.sh,4.00,4.05,3.99,4.05,24280972
2025/3/12,600063.sh,4.06,4.18,4.00,4.14,47581583
2025/3/13,600063.sh,4.14,4.17,4.07,4.15,32402469
2025/3/14,600063.sh,4.15,4.18,4.11,4.16,29211790
2025/3/17,600063.sh,4.16,4.17,4.11,4.13,24131967
2025/3/18,600063.sh,4.12,4.17,4.11,4.15,21171050
2025/3/19,600063.sh,4.16,4.27,4.15,4.23,34862993
2025/3/20,600063.sh,4.43,4.65,4.40,4.65,224165337
2025/3/21,600063.sh,4.58,4.65,4.42,4.43,153225466
2025/3/24,600063.sh,4.43,4.52,4.35,4.50,87926849
2025/3/25,600063.sh,4.46,4.62,4.45,4.56,64663662
2025/3/26,600063.sh,4.57,4.65,4.52,4.55,63980645
2025/3/27,600063.sh,4.51,4.57,4.45,4.48,58437520
2025/3/28,600063.sh,4.52,4.52,4.39,4.44,39520177
2025/3/31,600063.sh,4.63,4.63,4.44,4.56,99709283
2025/4/1,600063.sh,4.49,4.63,4.48,4.56,71276491
2025/4/2,600063.sh,4.51,4.62,4.50,4.52,41823233
2025/4/3,600063.sh,4.46,4.55,4.43,4.47,33839700
2025/4/7,600063.sh,4.20,4.31,4.02,4.03,67638086
2025/4/8,600063.sh,4.06,4.19,4.01,4.07,55178000
2025/4/9,600063.sh,4.01,4.12,3.79,4.11,51393700
2025/4/10,600063.sh,4.17,4.27,4.13,4.18,36395606
2025/4/11,600063.sh,4.13,4.28,4.13,4.23,30729108
2025/4/14,600063.sh,4.28,4.35,4.27,4.31,30049803
2025/4/15,600063.sh,4.33,4.34,4.23,4.28,24663200
2025/4/16,600063.sh,4.30,4.30,4.15,4.20,25092248
2025/4/17,600063.sh,4.19,4.28,4.17,4.24,18572300
2025/4/18,600063.sh,4.24,4.27,4.17,4.24,16711979
2025/4/21,600063.sh,4.24,4.51,4.23,4.44,40643759
2025/4/22,600063.sh,4.43,4.44,4.38,4.41,22979121
2025/4/23,600063.sh,4.44,4.53,4.41,4.49,29248901
2025/4/24,600063.sh,4.48,4.50,4.41,4.44,23173300
2025/4/25,600063.sh,4.46,4.51,4.39,4.46,28194950
2025/4/28,600063.sh,4.47,4.47,4.28,4.30,31330037
2025/4/29,600063.sh,4.31,4.42,4.29,4.41,22929240
2025/4/30,600063.sh,4.46,4.48,4.34,4.35,23444700
2025/5/6,600063.sh,4.34,4.41,4.34,4.40,23410100
2025/5/7,600063.sh,4.44,4.47,4.39,4.43,31498220
2025/5/8,600063.sh,4.42,4.43,4.36,4.36,22152800
2025/5/9,600063.sh,4.36,4.38,4.29,4.31,20463600
2025/5/12,600063.sh,4.35,4.35,4.30,4.32,17034432
2025/5/13,600063.sh,4.36,4.36,4.25,4.30,21859000
2025/5/14,600063.sh,4.29,4.34,4.28,4.31,20900710
2025/5/15,600063.sh,4.32,4.34,4.26,4.26,17000800
2025/5/16,600063.sh,4.25,4.28,4.24,4.26,15540532
2025/5/19,600063.sh,4.26,4.32,4.23,4.32,17618759
2025/5/20,600063.sh,4.31,4.31,4.24,4.26,23261764
2025/5/21,600063.sh,4.27,4.29,4.23,4.25,15780000
2025/5/22,600063.sh,4.24,4.27,4.18,4.19,18540458
2025/5/23,600063.sh,4.20,4.28,4.19,4.22,21062051
2025/5/26,600063.sh,4.23,4.27,4.20,4.23,14994938
2025/5/27,600063.sh,4.22,4.26,4.17,4.26,19787527
2025/5/28,600063.sh,4.23,4.27,4.20,4.25,15403866
2025/5/29,600063.sh,4.25,4.28,4.24,4.25,20077769
2025/5/30,600063.sh,4.24,4.24,4.20,4.22,15141600
2025/6/3,600063.sh,4.22,4.26,4.20,4.23,15645200
2025/6/4,600063.sh,4.23,4.27,4.22,4.26,10900305
2025/6/5,600063.sh,4.25,4.28,4.24,4.26,13104562
2025/6/6,600063.sh,4.26,4.35,4.25,4.34,23017095
2025/6/9,600063.sh,4.36,4.41,4.33,4.37,19373269
2025/6/10,600063.sh,4.39,4.43,4.35,4.41,28120393
2025/6/11,600063.sh,4.41,4.43,4.39,4.39,17188800
2025/6/12,600063.sh,4.41,4.42,4.38,4.42,17175852
2025/6/13,600063.sh,4.40,4.43,4.39,4.40,17472201
2025/6/16,600063.sh,4.40,4.46,4.38,4.45,23352100
2025/6/17,600063.sh,4.45,4.70,4.43,4.58,56973233
2025/6/18,600063.sh,4.58,4.62,4.41,4.46,41963806
2025/6/19,600063.sh,4.47,4.48,4.35,4.36,25168150
2025/6/20,600063.sh,4.38,4.42,4.36,4.41,18865647
2025/6/23,600063.sh,4.39,4.43,4.38,4.42,15196527
2025/6/24,600063.sh,4.41,4.50,4.39,4.48,23312101
2025/6/25,600063.sh,4.49,4.54,4.46,4.52,19133401
2025/6/26,600063.sh,4.52,4.54,4.48,4.49,14790700
2025/6/27,600063.sh,4.51,4.54,4.48,4.51,16437221
2025/6/30,600063.sh,4.51,4.54,4.47,4.50,18713395
2025/7/1,600063.sh,4.49,4.51,4.44,4.48,18504000
2025/7/2,600063.sh,4.49,4.60,4.47,4.59,36633155
2025/7/3,600063.sh,4.58,4.62,4.55,4.58,21174130
2025/7/4,600063.sh,4.59,4.59,4.51,4.52,18524601
2025/7/7,600063.sh,4.51,4.56,4.49,4.54,18874020
2025/7/8,600063.sh,4.68,4.88,4.68,4.83,98452023
2025/7/9,600063.sh,4.79,4.83,4.73,4.74,55232977
2025/7/10,600063.sh,4.75,4.81,4.72,4.75,31263560
2025/7/11,600063.sh,4.75,4.78,4.72,4.76,32511702
2025/7/14,600063.sh,4.77,4.77,4.69,4.70,25626600
2025/7/15,600063.sh,4.69,4.72,4.62,4.65,25805659
2025/7/16,600063.sh,4.64,4.65,4.57,4.60,27013020
2025/7/17,600063.sh,4.60,4.66,4.59,4.66,20144200
2025/7/18,600063.sh,4.66,4.70,4.66,4.70,22067311
2025/7/21,600063.sh,4.69,4.82,4.69,4.81,34204911
2025/7/22,600063.sh,4.81,4.85,4.76,4.85,31550986
2025/7/23,600063.sh,4.87,4.89,4.78,4.79,27827177
2025/7/24,600063.sh,4.81,5.24,4.79,5.08,101020714
2025/7/25,600063.sh,5.04,5.19,5.04,5.11,74895266
2025/7/28,600063.sh,5.14,5.17,5.02,5.09,38454100
2025/7/29,600063.sh,5.10,5.10,4.99,5.06,28909706
2025/7/30,600063.sh,5.07,5.16,5.05,5.10,33316103
2025/7/31,600063.sh,5.09,5.10,4.97,4.99,34734332
2025/8/1,600063.sh,5.01,5.07,5.01,5.05,25646760
2025/8/4,600063.sh,5.01,5.07,5.00,5.06,23630560
2025/8/5,600063.sh,5.05,5.18,5.05,5.17,34026498
2025/8/6,600063.sh,5.19,5.20,5.09,5.12,37064728
2025/8/7,600063.sh,5.12,5.15,5.06,5.12,26170370
2025/8/8,600063.sh,5.11,5.18,5.08,5.16,21957306
2025/8/11,600063.sh,5.20,5.29,5.16,5.22,36516610
2025/8/12,600063.sh,5.25,5.28,5.16,5.21,23092900
2025/8/13,600063.sh,5.20,5.23,5.13,5.17,30737200
2025/8/14,600063.sh,5.17,5.20,5.08,5.10,31756442
2025/8/15,600063.sh,5.10,5.20,5.07,5.17,28439523
2025/8/18,600063.sh,5.21,5.26,5.03,5.09,61446705
2025/8/19,600063.sh,5.11,5.13,4.99,5.01,47900512
2025/8/20,600063.sh,5.00,5.08,4.98,5.08,32802001
2025/8/21,600063.sh,5.10,5.21,5.05,5.14,49791208
2025/8/22,600063.sh,5.13,5.14,5.03,5.08,32514482
2025/8/25,600063.sh,5.09,5.17,5.06,5.09,42743000
2025/8/26,600063.sh,5.09,5.18,5.06,5.15,36552535
2025/8/27,600063.sh,5.18,5.19,5.00,5.00,39847550
2025/8/28,600063.sh,4.99,5.10,4.97,5.09,39898930
2025/8/29,600063.sh,5.06,5.10,5.03,5.06,25668298
2025/9/1,600063.sh,5.18,5.50,5.18,5.31,95508132
2025/9/2,600063.sh,5.28,5.30,4.99,5.03,73856651
2025/9/3,600063.sh,5.02,5.04,4.86,4.87,46914819
2025/9/4,600063.sh,4.86,4.97,4.83,4.90,34411761
2025/9/5,600063.sh,4.91,5.03,4.89,5.03,30959191
2025/9/8,600063.sh,5.01,5.27,4.98,5.20,52804145
2025/9/9,600063.sh,5.19,5.37,5.16,5.29,58357416
2025/9/10,600063.sh,5.26,5.60,5.25,5.53,99104871
2025/9/11,600063.sh,5.55,5.72,5.50,5.68,100289038
2025/9/12,600063.sh,5.65,6.04,5.62,5.97,101387439
2025/9/15,600063.sh,6.02,6.09,5.70,5.72,91872044
2025/9/16,600063.sh,5.75,5.84,5.68,5.80,58844052
2025/9/17,600063.sh,5.81,5.94,5.73,5.88,56191378
2025/9/18,600063.sh,5.88,5.93,5.64,5.66,69386193
2025/9/19,600063.sh,5.68,5.81,5.66,5.71,36873622
2025/9/22,600063.sh,5.71,5.72,5.55,5.60,37320857
2025/9/23,600063.sh,5.60,5.62,5.32,5.42,49994938
2025/9/24,600063.sh,5.44,5.59,5.39,5.56,34565572
2025/9/25,600063.sh,5.99,5.99,5.67,5.73,106880307
2025/9/26,600063.sh,5.65,6.30,5.65,6.03,188028524
2025/9/29,600063.sh,6.04,6.14,5.90,6.02,121999008
2025/9/30,600063.sh,6.02,6.17,6.00,6.11,76045011
2025/10/9,600063.sh,6.16,6.22,6.10,6.16,81319391
2025/10/10,600063.sh,6.14,6.59,6.12,6.48,113348282
2025/10/13,600063.sh,6.20,6.41,6.18,6.35,78763478
2025/10/14,600063.sh,6.41,6.75,6.40,6.45,95368220
2025/10/15,600063.sh,6.46,6.51,6.28,6.38,58621701
2025/10/16,600063.sh,6.37,6.37,6.15,6.20,60102656
2025/10/17,600063.sh,6.22,6.31,6.10,6.12,48105921
2025/10/20,600063.sh,6.19,6.34,6.13,6.14,53830200
2025/10/21,600063.sh,6.15,6.21,6.11,6.18,38278450
2025/10/22,600063.sh,6.18,6.34,6.03,6.26,52501212
2025/10/23,600063.sh,6.26,6.27,6.08,6.25,37198054
2025/10/24,600063.sh,6.29,6.38,6.22,6.30,38553608
2025/10/27,600063.sh,6.32,6.40,6.14,6.15,58859440
2025/10/28,600063.sh,6.14,6.16,5.98,5.99,49996310
2025/10/29,600063.sh,5.99,6.10,5.96,6.09,29387841
2025/10/30,600063.sh,6.05,6.10,5.97,6.00,27679700
2025/10/31,600063.sh,6.00,6.13,5.99,6.00,29992532
2025/11/3,600063.sh,5.99,6.01,5.82,5.92,31852144
2025/11/4,600063.sh,5.94,5.94,5.74,5.79,29125135
2025/11/5,600063.sh,5.76,5.90,5.73,5.88,29112582
2025/11/6,600063.sh,5.92,6.03,5.86,5.88,25211092
2025/11/7,600063.sh,5.89,6.01,5.87,5.96,26617121
2025/11/10,600063.sh,5.93,6.12,5.93,6.07,46890300
2025/11/11,600063.sh,6.08,6.17,6.07,6.11,35841361
2025/11/12,600063.sh,6.10,6.15,5.96,6.01,27868500
2025/11/13,600063.sh,6.01,6.61,6.00,6.61,156845230
2025/11/14,600063.sh,6.61,7.09,6.44,6.86,168468165
2025/11/17,600063.sh,6.88,7.06,6.69,6.87,99858015
2025/11/18,600063.sh,6.81,6.81,6.59,6.64,60368614
2025/11/19,600063.sh,6.57,6.66,6.20,6.31,78639796
2025/11/20,600063.sh,6.41,6.45,6.18,6.32,63821988
2025/11/21,600063.sh,6.40,6.51,5.70,5.81,111551432
2025/11/24,600063.sh,5.81,6.00,5.56,5.89,71667442
2025/11/25,600063.sh,5.85,5.91,5.78,5.81,34138400
2025/11/26,600063.sh,5.82,5.94,5.73,5.74,30303200
2025/11/27,600063.sh,5.73,5.82,5.70,5.72,22421733
2025/11/28,600063.sh,5.71,5.84,5.68,5.82,25252703
2025/12/1,600063.sh,5.85,6.00,5.82,5.88,34733064
2025/12/2,600063.sh,5.88,6.13,5.81,5.99,42639300
2025/12/3,600063.sh,5.97,6.02,5.93,5.98,21712232
2025/12/4,600063.sh,5.94,5.98,5.87,5.89,19474400
2025/12/5,600063.sh,5.91,6.01,5.86,6.00,20872380
2025/12/8,600063.sh,6.00,6.05,5.90,5.96,25060800
2025/12/9,600063.sh,5.96,6.01,5.89,5.90,16711205
2025/12/10,600063.sh,5.89,5.92,5.83,5.91,15762025
2025/12/11,600063.sh,5.91,5.92,5.79,5.79,20734733
2025/12/12,600063.sh,5.83,5.96,5.80,5.85,26970871
2025/12/15,600063.sh,5.82,6.12,5.80,6.08,42461480
2025/12/16,600063.sh,6.07,6.10,5.81,5.86,34768115
2025/12/17,600063.sh,5.85,5.93,5.72,5.91,25700714
2025/12/18,600063.sh,5.88,6.12,5.86,5.94,33016673
2025/12/19,600063.sh,5.98,6.04,5.91,6.01,25834295
2025/12/22,600063.sh,6.01,6.21,6.01,6.14,38181583
2025/12/23,600063.sh,6.13,6.16,6.07,6.10,20799778
2025/12/24,600063.sh,6.06,6.13,6.01,6.12,27892657
2025/12/25,600063.sh,6.11,6.12,6.07,6.08,20125529
2025/12/26,600063.sh,6.06,6.11,6.03,6.06,24868960
2025/12/29,600063.sh,6.05,6.13,6.01,6.03,26343600
2025/12/30,600063.sh,6.01,6.05,5.87,5.92,42902130
2025/12/31,600063.sh,5.99,5.99,5.85,5.87,26849915
2026/1/5,600063.sh,5.88,5.99,5.86,5.93,30490515
2026/1/6,600063.sh,5.93,6.18,5.93,6.15,59978780
2026/1/7,600063.sh,6.15,6.34,6.09,6.29,53767893
2026/1/8,600063.sh,6.29,6.37,6.18,6.31,42932980
2026/1/9,600063.sh,6.31,6.34,6.20,6.30,42203797
2026/1/12,600063.sh,6.23,6.42,6.20,6.37,48340695
2026/1/13,600063.sh,6.33,6.52,6.33,6.40,52206797
2026/1/14,600063.sh,6.39,6.76,6.37,6.66,94559618
2026/1/15,600063.sh,6.61,6.80,6.56,6.69,58137908
2026/1/16,600063.sh,6.74,6.77,6.43,6.48,56060501
2026/1/19,600063.sh,6.48,6.74,6.43,6.69,55802073
2026/1/20,600063.sh,6.70,6.83,6.62,6.81,58241884
2026/1/21,600063.sh,6.76,6.83,6.64,6.76,54087924
2026/1/22,600063.sh,6.75,6.95,6.75,6.88,51006100
2026/1/23,600063.sh,6.91,7.48,6.80,7.26,121450835
2026/1/26,600063.sh,7.38,7.44,7.12,7.27,83802243
2026/1/27,600063.sh,7.23,7.45,7.13,7.18,60336147
2026/1/28,600063.sh,7.16,7.53,7.05,7.29,87990865
2026/1/29,600063.sh,7.28,7.36,7.06,7.09,63119457
2026/1/30,600063.sh,7.23,7.27,6.68,7.01,83080300
2026/2/2,600063.sh,6.86,6.96,6.44,6.45,79032447
2026/2/3,600063.sh,6.53,6.75,6.44,6.73,47367798
2026/2/4,600063.sh,6.72,6.77,6.57,6.74,31426137
2026/2/5,600063.sh,6.72,6.81,6.52,6.62,38139774
2026/2/6,600063.sh,6.60,7.28,6.51,7.28,109034116
2026/2/9,600063.sh,7.44,7.48,7.06,7.19,147371622
2026/2/10,600063.sh,7.19,7.23,6.95,7.06,72239963
2026/2/11,600063.sh,7.06,7.34,7.03,7.32,90735190
2026/2/12,600063.sh,7.24,7.30,7.07,7.10,50624769
2026/2/13,600063.sh,7.08,7.10,6.86,6.87,48259918
2026/2/24,600063.sh,6.96,7.22,6.96,7.11,45961686
2026/2/25,600063.sh,7.10,7.50,7.08,7.39,82065868
2026/2/26,600063.sh,7.39,7.41,7.18,7.25,47480025
2026/2/27,600063.sh,7.21,7.40,7.19,7.30,37046000
2026/3/2,600063.sh,7.26,7.39,7.12,7.28,60695601
2026/3/3,600063.sh,7.27,7.34,6.94,6.98,59600332
2026/3/4,600063.sh,6.90,7.05,6.81,6.84,35442541
2026/3/5,600063.sh,7.00,7.02,6.82,6.89,29297632
2026/3/6,600063.sh,6.87,7.12,6.80,7.07,40951858
2026/3/9,600063.sh,7.37,7.48,7.01,7.05,81222089
2026/3/10,600063.sh,6.98,7.09,6.93,6.95,51863015
2026/3/11,600063.sh,6.96,7.28,6.80,7.28,86198943
2026/3/12,600063.sh,7.77,8.00,7.54,7.89,236413694
2026/3/13,600063.sh,7.80,8.12,7.67,7.71,175593348
2026/3/16,600063.sh,7.69,8.03,7.45,7.46,110939180
2026/3/17,600063.sh,7.46,7.61,7.21,7.24,70509209
2026/3/18,600063.sh,7.24,7.26,6.96,7.09,75128400
2026/3/19,600063.sh,7.14,7.17,6.70,6.74,98589300
2026/3/20,600063.sh,6.66,6.74,6.45,6.50,70005889
2026/3/23,600063.sh,6.43,6.81,6.31,6.60,80368938
2026/3/24,600063.sh,6.66,6.70,6.41,6.64,51237199
2026/3/25,600063.sh,6.58,6.83,6.58,6.73,47549545
2026/3/26,600063.sh,6.74,6.86,6.52,6.59,41499773
2026/3/27,600063.sh,6.59,6.96,6.57,6.88,63632737
2026/3/30,600063.sh,6.87,7.01,6.85,6.91,48584231
2026/3/31,600063.sh,6.92,6.99,6.68,6.72,41731373
2026/4/1,600063.sh,6.84,6.91,6.77,6.82,28177173
2026/4/2,600063.sh,6.78,6.83,6.62,6.69,25964712
2026/4/3,600063.sh,6.73,6.75,6.46,6.52,27202769
2026/4/7,600063.sh,6.55,7.17,6.49,7.17,119133038
2026/4/8,600063.sh,6.97,7.16,6.93,7.14,84843790
2026/4/9,600063.sh,7.15,7.24,7.09,7.19,50855946
2026/4/10,600063.sh,7.20,7.30,7.10,7.21,55208488
2026/4/13,600063.sh,7.26,7.41,7.21,7.33,58589737
2026/4/14,600063.sh,7.13,7.33,6.90,7.33,71357314
2026/4/15,600063.sh,7.32,7.33,7.10,7.12,51125378
2026/4/16,600063.sh,7.20,7.27,7.06,7.10,41104958
2026/4/17,600063.sh,7.09,7.13,6.98,7.01,35295608
2026/4/20,600063.sh,7.01,7.05,6.95,7.04,34710000
2026/4/21,600063.sh,7.03,7.09,6.86,7.01,43275752
2026/4/22,600063.sh,7.04,7.06,6.96,7.01,26848629
2026/4/23,600063.sh,7.01,7.03,6.80,6.87,51465289
2026/4/24,600063.sh,6.82,6.99,6.82,6.94,30259837
2026/4/27,600063.sh,7.02,7.07,6.94,7.03,37143341
2026/4/28,600063.sh,6.99,7.02,6.86,6.94,51813706
2026/4/29,600063.sh,6.94,7.18,6.87,7.15,49359911
2026/4/30,600063.sh,7.14,7.20,6.99,7.02,42170928
2026/5/6,600063.sh,7.02,7.06,6.90,6.95,47389655
2026/5/7,600063.sh,6.96,6.96,6.71,6.74,54053090
2026/5/8,600063.sh,6.72,6.77,6.65,6.69,29050503
2026/5/11,600063.sh,6.69,6.77,6.65,6.74,35401373
2026/5/12,600063.sh,6.74,6.78,6.49,6.54,43590696
2026/5/13,600063.sh,6.57,6.62,6.48,6.61,23998884
2026/5/14,600063.sh,6.59,6.65,6.47,6.51,29340226
2026/5/15,600063.sh,6.53,6.67,6.48,6.49,35069701
2026/5/18,600063.sh,6.49,6.50,6.16,6.21,53796807
2026/5/19,600063.sh,6.23,6.23,6.07,6.17,29609902
2026/5/20,600063.sh,6.13,6.18,6.03,6.09,29614490
2026/5/21,600063.sh,6.09,6.23,5.90,5.94,38880368
2026/5/22,600063.sh,5.96,6.46,5.95,6.38,67619459
2026/5/25,600063.sh,6.48,6.72,6.21,6.67,84319593
2026/5/26,600063.sh,6.61,6.70,6.48,6.55,40980543
2026/5/27,600063.sh,6.51,6.57,6.30,6.32,33495548
2026/5/28,600063.sh,6.94,6.95,6.93,6.95,50855837
2026/5/29,600063.sh,7.65,7.65,6.92,7.00,267223718
2026/6/1,600063.sh,6.86,7.47,6.68,7.15,174002077
2026/6/2,600063.sh,7.03,7.49,7.03,7.37,172586905
2026/6/3,600063.sh,7.30,7.55,7.07,7.13,166282832
2026/6/4,600063.sh,7.01,7.58,6.91,7.47,179932610
2026/6/5,600063.sh,7.38,8.22,7.37,8.22,307182490
