date,code,open,high,low,close,volume
1997/5/15,600056.sh,1.40,1.55,1.36,1.54,19975200
1997/5/16,600056.sh,1.38,1.49,1.38,1.38,8328600
1997/5/19,600056.sh,1.40,1.44,1.35,1.40,3984100
1997/5/20,600056.sh,1.41,1.46,1.39,1.44,3382700
1997/5/21,600056.sh,1.44,1.44,1.33,1.35,2686800
1997/5/22,600056.sh,1.21,1.28,1.21,1.21,2167700
1997/5/23,600056.sh,1.22,1.26,1.15,1.22,2219800
1997/5/26,600056.sh,1.24,1.26,1.16,1.22,1335200
1997/5/27,600056.sh,1.23,1.25,1.21,1.24,1419500
1997/5/28,600056.sh,1.24,1.32,1.18,1.27,2747500
1997/5/29,600056.sh,1.27,1.33,1.25,1.26,1990100
1997/5/30,600056.sh,1.26,1.29,1.25,1.29,984400
1997/6/2,600056.sh,1.31,1.35,1.30,1.35,2227000
1997/6/3,600056.sh,1.40,1.48,1.38,1.41,4737800
1997/6/4,600056.sh,1.40,1.41,1.36,1.38,1913900
1997/6/5,600056.sh,1.38,1.39,1.35,1.37,1331900
1997/6/6,600056.sh,1.23,1.30,1.23,1.26,2189400
1997/6/9,600056.sh,1.22,1.26,1.20,1.21,663000
1997/6/10,600056.sh,1.22,1.24,1.17,1.18,487600
1997/6/11,600056.sh,1.18,1.19,1.11,1.16,797600
1997/6/12,600056.sh,1.16,1.19,1.14,1.15,495600
1997/6/13,600056.sh,1.12,1.20,1.10,1.20,669400
1997/6/16,600056.sh,1.21,1.22,1.19,1.19,525600
1997/6/17,600056.sh,1.19,1.19,1.14,1.16,451700
1997/6/18,600056.sh,1.16,1.19,1.12,1.13,456700
1997/6/19,600056.sh,1.12,1.15,1.12,1.12,323500
1997/6/20,600056.sh,1.13,1.20,1.13,1.19,613800
1997/6/23,600056.sh,1.21,1.22,1.14,1.16,781000
1997/6/24,600056.sh,1.15,1.17,1.15,1.16,528600
1997/6/25,600056.sh,1.17,1.20,1.16,1.18,795900
1997/6/26,600056.sh,1.17,1.17,1.14,1.14,425900
1997/6/27,600056.sh,1.14,1.18,1.12,1.13,617500
1997/7/2,600056.sh,1.12,1.14,1.02,1.05,537400
1997/7/3,600056.sh,1.05,1.05,0.98,1.00,604900
1997/7/4,600056.sh,0.98,1.02,0.98,1.01,371400
1997/7/7,600056.sh,1.00,1.01,0.90,0.92,460500
1997/7/8,600056.sh,0.92,0.94,0.87,0.92,433900
1997/7/9,600056.sh,0.92,0.95,0.91,0.94,364100
1997/7/10,600056.sh,0.95,0.96,0.93,0.94,288300
1997/7/11,600056.sh,0.93,1.00,0.91,0.99,439900
1997/7/14,600056.sh,1.00,1.03,0.98,1.02,622600
1997/7/15,600056.sh,1.03,1.04,0.98,1.02,496100
1997/7/16,600056.sh,1.02,1.02,0.99,1.00,454400
1997/7/17,600056.sh,0.99,1.05,0.98,1.03,521400
1997/7/18,600056.sh,1.02,1.03,1.00,1.02,362100
1997/7/21,600056.sh,1.03,1.04,1.00,1.00,428300
1997/7/22,600056.sh,1.00,1.01,0.96,1.01,360200
1997/7/23,600056.sh,1.02,1.06,1.01,1.04,906300
1997/7/24,600056.sh,1.04,1.07,1.03,1.05,656500
1997/7/25,600056.sh,1.04,1.05,1.00,1.02,367300
1997/7/28,600056.sh,1.02,1.02,0.96,0.97,252900
1997/7/29,600056.sh,0.96,1.01,0.96,0.98,214400
1997/7/30,600056.sh,0.99,1.02,0.99,1.01,206400
1997/7/31,600056.sh,1.03,1.05,1.02,1.03,416200
1997/8/1,600056.sh,1.05,1.05,1.02,1.04,287400
1997/8/4,600056.sh,1.05,1.06,1.03,1.05,333400
1997/8/5,600056.sh,1.05,1.07,1.03,1.03,146300
1997/8/6,600056.sh,1.04,1.04,1.00,1.01,153300
1997/8/7,600056.sh,1.00,1.02,0.99,1.01,200700
1997/8/8,600056.sh,1.02,1.03,0.99,0.99,342100
1997/8/11,600056.sh,0.98,0.99,0.97,0.98,347700
1997/8/12,600056.sh,0.97,0.99,0.96,0.98,209500
1997/8/13,600056.sh,0.98,0.98,0.93,0.93,176600
1997/8/14,600056.sh,0.93,1.02,0.93,0.97,238500
1997/8/15,600056.sh,0.99,0.99,0.91,0.93,209900
1997/8/18,600056.sh,0.97,0.99,0.93,0.98,446200
1997/8/19,600056.sh,0.99,1.00,0.98,0.98,297300
1997/8/20,600056.sh,0.99,1.03,0.98,1.02,342900
1997/8/21,600056.sh,1.03,1.04,1.02,1.03,492800
1997/8/22,600056.sh,1.02,1.03,1.01,1.02,292700
1997/8/25,600056.sh,1.03,1.07,1.03,1.06,572500
1997/8/26,600056.sh,1.06,1.07,1.04,1.05,491900
1997/8/27,600056.sh,1.05,1.06,1.04,1.04,291600
1997/8/28,600056.sh,1.05,1.06,1.04,1.05,353500
1997/8/29,600056.sh,1.07,1.07,1.04,1.04,316200
1997/9/1,600056.sh,1.05,1.06,1.04,1.05,363800
1997/9/2,600056.sh,1.05,1.05,1.04,1.04,305800
1997/9/3,600056.sh,1.04,1.09,1.04,1.08,536900
1997/9/4,600056.sh,1.09,1.10,1.08,1.08,408400
1997/9/5,600056.sh,1.07,1.10,1.07,1.09,362200
1997/9/8,600056.sh,1.11,1.11,1.07,1.09,310000
1997/9/9,600056.sh,1.09,1.09,1.06,1.07,215900
1997/9/10,600056.sh,1.06,1.07,1.05,1.07,177300
1997/9/11,600056.sh,1.08,1.08,1.04,1.05,231400
1997/9/12,600056.sh,1.06,1.06,1.01,1.03,241000
1997/9/15,600056.sh,1.03,1.05,0.98,0.99,284700
1997/9/16,600056.sh,0.99,1.01,0.98,1.01,128700
1997/9/17,600056.sh,1.02,1.02,0.99,1.00,135800
1997/9/18,600056.sh,1.00,1.02,1.00,1.01,133200
1997/9/19,600056.sh,1.03,1.03,1.02,1.03,144600
1997/9/22,600056.sh,1.04,1.04,0.96,0.96,281900
1997/9/23,600056.sh,0.96,0.98,0.87,0.90,282300
1997/9/24,600056.sh,0.92,0.96,0.92,0.96,266300
1997/9/25,600056.sh,0.97,0.99,0.96,0.97,287900
1997/9/26,600056.sh,0.97,0.98,0.95,0.98,151800
1997/9/29,600056.sh,0.98,1.00,0.94,0.98,282500
1997/9/30,600056.sh,0.98,1.00,0.97,1.00,244600
1997/10/6,600056.sh,1.00,1.01,0.98,0.98,107700
1997/10/7,600056.sh,0.99,0.99,0.97,0.99,107700
1997/10/8,600056.sh,1.01,1.02,1.00,1.01,180300
1997/10/9,600056.sh,1.01,1.01,0.98,0.99,153100
1997/10/10,600056.sh,0.99,1.01,0.99,1.01,67400
1997/10/13,600056.sh,1.01,1.02,0.98,0.99,130000
1997/10/14,600056.sh,0.98,0.99,0.98,0.99,52800
1997/10/15,600056.sh,1.00,1.00,0.98,1.00,59300
1997/10/16,600056.sh,1.02,1.05,1.01,1.04,640200
1997/10/17,600056.sh,1.05,1.08,1.05,1.07,937600
1997/10/20,600056.sh,1.07,1.13,1.07,1.13,1498300
1997/10/21,600056.sh,1.13,1.14,1.11,1.13,710600
1997/10/22,600056.sh,1.13,1.14,1.11,1.13,1062500
1997/10/23,600056.sh,1.12,1.14,1.12,1.14,875000
1997/10/24,600056.sh,1.14,1.18,1.13,1.17,1095100
1997/10/27,600056.sh,1.16,1.22,1.16,1.22,1446100
1997/10/28,600056.sh,1.21,1.21,1.11,1.13,1888900
1997/10/29,600056.sh,1.12,1.16,1.11,1.15,889100
1997/10/30,600056.sh,1.15,1.18,1.13,1.14,799000
1997/10/31,600056.sh,1.12,1.14,1.10,1.13,451300
1997/11/3,600056.sh,1.16,1.16,1.10,1.14,211600
1997/11/4,600056.sh,1.13,1.15,1.13,1.14,152000
1997/11/5,600056.sh,1.15,1.16,1.12,1.16,322300
1997/11/6,600056.sh,1.15,1.18,1.08,1.12,412500
1997/11/7,600056.sh,1.13,1.15,1.11,1.15,453500
1997/11/10,600056.sh,1.17,1.20,1.14,1.16,648600
1997/11/11,600056.sh,1.05,1.17,1.05,1.14,263800
1997/11/12,600056.sh,1.14,1.16,1.12,1.12,195400
1997/11/13,600056.sh,1.12,1.13,1.10,1.13,277000
1997/11/14,600056.sh,1.13,1.14,1.12,1.13,357300
1997/11/17,600056.sh,1.14,1.16,1.13,1.14,353100
1997/11/18,600056.sh,1.13,1.14,1.11,1.11,206300
1997/11/19,600056.sh,1.12,1.13,1.10,1.11,194000
1997/11/20,600056.sh,1.11,1.11,1.09,1.09,252400
1997/11/21,600056.sh,1.09,1.09,1.06,1.06,383300
1997/11/24,600056.sh,1.05,1.06,1.04,1.05,276600
1997/11/25,600056.sh,1.05,1.05,1.03,1.04,175500
1997/11/26,600056.sh,1.04,1.06,1.03,1.06,158700
1997/11/27,600056.sh,1.06,1.06,0.99,1.01,326400
1997/11/28,600056.sh,1.01,1.11,1.01,1.11,504700
1997/12/1,600056.sh,1.08,1.12,1.05,1.07,390600
1997/12/2,600056.sh,1.08,1.09,1.07,1.07,104400
1997/12/3,600056.sh,1.09,1.09,1.06,1.06,191500
1997/12/4,600056.sh,1.07,1.10,1.07,1.09,173100
1997/12/5,600056.sh,1.11,1.11,1.08,1.08,232100
1997/12/8,600056.sh,1.09,1.11,1.09,1.11,289300
1997/12/9,600056.sh,1.12,1.13,1.11,1.12,296700
1997/12/10,600056.sh,1.12,1.12,1.10,1.12,440000
1997/12/11,600056.sh,1.12,1.13,1.11,1.12,365900
1997/12/12,600056.sh,1.12,1.16,1.12,1.14,769500
1997/12/15,600056.sh,1.13,1.18,1.13,1.18,953100
1997/12/16,600056.sh,1.17,1.18,1.16,1.16,512500
1997/12/17,600056.sh,1.15,1.15,1.11,1.12,532500
1997/12/18,600056.sh,1.11,1.13,1.10,1.12,311400
1997/12/19,600056.sh,1.12,1.13,1.11,1.13,282300
1997/12/22,600056.sh,1.13,1.16,1.12,1.15,767400
1997/12/23,600056.sh,1.15,1.16,1.13,1.13,458800
1997/12/24,600056.sh,1.13,1.16,1.13,1.15,428100
1997/12/25,600056.sh,1.15,1.20,1.14,1.18,944000
1997/12/26,600056.sh,1.18,1.19,1.17,1.17,521300
1997/12/29,600056.sh,1.17,1.17,1.14,1.15,361600
1997/12/30,600056.sh,1.15,1.15,1.15,1.15,INVALID
1997/12/31,600056.sh,1.12,1.17,1.12,1.14,384300
1998/1/5,600056.sh,1.13,1.17,1.13,1.17,682400
1998/1/6,600056.sh,1.18,1.25,1.17,1.23,1864500
1998/1/7,600056.sh,1.20,1.24,1.19,1.22,715000
1998/1/8,600056.sh,1.22,1.22,1.19,1.20,407100
1998/1/9,600056.sh,1.19,1.22,1.18,1.21,751800
1998/1/12,600056.sh,1.22,1.25,1.18,1.18,958100
1998/1/13,600056.sh,1.17,1.17,1.06,1.12,1234900
1998/1/14,600056.sh,1.12,1.15,1.11,1.15,626100
1998/1/15,600056.sh,1.16,1.16,1.12,1.14,347100
1998/1/16,600056.sh,1.14,1.15,1.13,1.14,279200
1998/1/19,600056.sh,1.14,1.14,1.12,1.13,311000
1998/1/20,600056.sh,1.12,1.13,1.11,1.11,211700
1998/1/21,600056.sh,1.11,1.13,1.11,1.11,158000
1998/1/22,600056.sh,1.12,1.15,1.12,1.14,240900
1998/1/23,600056.sh,1.15,1.15,1.14,1.14,162100
1998/2/9,600056.sh,1.18,1.18,1.15,1.15,230800
1998/2/10,600056.sh,1.16,1.16,1.06,1.12,271700
1998/2/11,600056.sh,1.12,1.13,1.12,1.12,199100
1998/2/12,600056.sh,1.12,1.15,1.12,1.14,288000
1998/2/13,600056.sh,1.13,1.14,1.12,1.13,134000
1998/2/16,600056.sh,1.13,1.13,1.10,1.10,289300
1998/2/17,600056.sh,1.10,1.11,1.09,1.11,166900
1998/2/18,600056.sh,1.11,1.12,1.09,1.10,125900
1998/2/19,600056.sh,1.10,1.10,1.09,1.10,186200
1998/2/20,600056.sh,1.09,1.10,1.09,1.10,102100
1998/2/23,600056.sh,1.09,1.09,1.06,1.07,202400
1998/2/24,600056.sh,1.06,1.07,1.04,1.04,210100
1998/2/25,600056.sh,1.04,1.04,1.03,1.04,143900
1998/2/26,600056.sh,1.04,1.07,1.04,1.07,118400
1998/2/27,600056.sh,1.07,1.07,1.05,1.05,96400
1998/3/2,600056.sh,1.03,1.03,0.99,1.00,292600
1998/3/3,600056.sh,1.00,1.02,1.00,1.02,118700
1998/3/4,600056.sh,1.01,1.03,1.01,1.02,105500
1998/3/5,600056.sh,1.02,1.02,1.01,1.01,123200
1998/3/6,600056.sh,1.01,1.01,1.00,1.01,125900
1998/3/9,600056.sh,1.01,1.01,0.99,1.01,143600
1998/3/10,600056.sh,1.00,1.05,1.00,1.05,160700
1998/3/11,600056.sh,1.05,1.05,1.02,1.02,139300
1998/3/12,600056.sh,1.02,1.02,1.00,1.01,84000
1998/3/13,600056.sh,1.01,1.03,1.00,1.02,89800
1998/3/16,600056.sh,1.01,1.04,1.00,1.03,136700
1998/3/17,600056.sh,1.05,1.05,1.03,1.05,212300
1998/3/18,600056.sh,1.05,1.05,1.02,1.02,202000
1998/3/19,600056.sh,1.05,1.07,1.03,1.06,389100
1998/3/20,600056.sh,1.07,1.07,1.05,1.06,213600
1998/3/23,600056.sh,1.05,1.09,1.05,1.08,243100
1998/3/24,600056.sh,1.08,1.09,1.07,1.09,199600
1998/3/25,600056.sh,1.10,1.13,1.09,1.10,665200
1998/3/26,600056.sh,1.10,1.11,1.07,1.07,282800
1998/3/27,600056.sh,1.07,1.09,1.05,1.07,271400
1998/3/30,600056.sh,1.08,1.08,1.06,1.07,310800
1998/3/31,600056.sh,1.07,1.08,1.07,1.08,240700
1998/4/1,600056.sh,1.07,1.08,1.06,1.07,274400
1998/4/2,600056.sh,1.07,1.10,1.07,1.09,432700
1998/4/3,600056.sh,1.09,1.09,1.07,1.08,269300
1998/4/6,600056.sh,1.08,1.13,1.06,1.13,583800
1998/4/7,600056.sh,1.11,1.14,1.11,1.11,632700
1998/4/8,600056.sh,1.12,1.15,1.06,1.13,857700
1998/4/9,600056.sh,1.13,1.14,1.09,1.10,424200
1998/4/10,600056.sh,1.10,1.12,1.09,1.11,311400
1998/4/13,600056.sh,1.12,1.15,1.11,1.14,910700
1998/4/14,600056.sh,1.13,1.13,1.11,1.12,338600
1998/4/15,600056.sh,1.12,1.14,1.12,1.13,407000
1998/4/16,600056.sh,1.13,1.16,1.13,1.14,709100
1998/4/17,600056.sh,1.13,1.14,1.10,1.10,306900
1998/4/20,600056.sh,1.10,1.10,1.08,1.08,258500
1998/4/21,600056.sh,1.09,1.10,1.07,1.08,157800
1998/4/22,600056.sh,1.08,1.08,1.08,1.08,INVALID
1998/4/23,600056.sh,1.10,1.11,1.09,1.10,245300
1998/4/24,600056.sh,1.10,1.18,1.10,1.16,1526200
1998/4/27,600056.sh,1.17,1.20,1.15,1.17,2262800
1998/4/28,600056.sh,1.17,1.19,1.17,1.19,1488300
1998/4/29,600056.sh,1.19,1.21,1.18,1.20,1336000
1998/4/30,600056.sh,1.21,1.21,1.19,1.20,811700
1998/5/4,600056.sh,1.20,1.22,1.19,1.22,930500
1998/5/5,600056.sh,1.23,1.23,1.20,1.20,603200
1998/5/6,600056.sh,1.20,1.20,1.17,1.18,684700
1998/5/7,600056.sh,1.17,1.19,1.16,1.16,850400
1998/5/8,600056.sh,1.15,1.18,1.14,1.18,888900
1998/5/11,600056.sh,1.18,1.19,1.14,1.15,684800
1998/5/12,600056.sh,1.16,1.17,1.14,1.16,327800
1998/5/13,600056.sh,1.17,1.20,1.16,1.18,466000
1998/5/14,600056.sh,1.18,1.22,1.12,1.19,880500
1998/5/15,600056.sh,1.20,1.21,1.17,1.18,620100
1998/5/18,600056.sh,1.20,1.20,1.18,1.19,359100
1998/5/19,600056.sh,1.19,1.19,1.16,1.16,374500
1998/5/20,600056.sh,1.16,1.17,1.15,1.16,273200
1998/5/21,600056.sh,1.16,1.20,1.14,1.18,543700
1998/5/22,600056.sh,1.18,1.22,1.18,1.20,1568800
1998/5/25,600056.sh,1.21,1.22,1.19,1.20,611400
1998/5/26,600056.sh,1.20,1.20,1.18,1.18,395100
1998/5/27,600056.sh,1.18,1.22,1.17,1.21,577700
1998/5/28,600056.sh,1.22,1.31,1.19,1.26,1959500
1998/5/29,600056.sh,1.27,1.30,1.26,1.29,1727900
1998/6/1,600056.sh,1.31,1.32,1.27,1.28,1287700
1998/6/2,600056.sh,1.29,1.30,1.27,1.28,1002500
1998/6/3,600056.sh,1.29,1.31,1.27,1.27,561900
1998/6/4,600056.sh,1.28,1.29,1.24,1.24,618000
1998/6/5,600056.sh,1.24,1.27,1.23,1.25,598300
1998/6/8,600056.sh,1.24,1.29,1.24,1.28,462100
1998/6/9,600056.sh,1.28,1.28,1.21,1.24,653000
1998/6/10,600056.sh,1.24,1.26,1.21,1.25,555700
1998/6/11,600056.sh,1.25,1.25,1.22,1.23,303600
1998/6/12,600056.sh,1.26,1.27,1.24,1.25,368800
1998/6/15,600056.sh,1.26,1.26,1.23,1.25,419100
1998/6/16,600056.sh,1.24,1.24,1.19,1.21,463400
1998/6/17,600056.sh,1.19,1.22,1.19,1.20,268100
1998/6/18,600056.sh,1.20,1.22,1.20,1.22,248800
1998/6/19,600056.sh,1.26,1.29,1.24,1.26,948400
1998/6/22,600056.sh,1.29,1.36,1.28,1.34,1631900
1998/6/23,600056.sh,1.34,1.35,1.31,1.35,878200
1998/6/24,600056.sh,1.35,1.36,1.31,1.34,609000
1998/6/25,600056.sh,1.33,1.34,1.28,1.29,707400
1998/6/26,600056.sh,1.29,1.33,1.28,1.32,490100
1998/6/29,600056.sh,1.33,1.33,1.28,1.29,344000
1998/6/30,600056.sh,1.30,1.30,1.25,1.25,321600
1998/7/1,600056.sh,1.29,1.29,1.22,1.22,459400
1998/7/2,600056.sh,1.22,1.24,1.19,1.24,389400
1998/7/3,600056.sh,1.24,1.27,1.24,1.25,366000
1998/7/6,600056.sh,1.26,1.27,1.23,1.24,199000
1998/7/7,600056.sh,1.23,1.23,1.20,1.23,168800
1998/7/8,600056.sh,1.23,1.25,1.22,1.25,125600
1998/7/9,600056.sh,1.26,1.26,1.23,1.23,148700
1998/7/10,600056.sh,1.23,1.27,1.23,1.26,311000
1998/7/13,600056.sh,1.26,1.30,1.26,1.27,283800
1998/7/14,600056.sh,1.28,1.28,1.21,1.24,179700
1998/7/15,600056.sh,1.22,1.24,1.20,1.24,333500
1998/7/16,600056.sh,1.24,1.24,1.21,1.22,166600
1998/7/17,600056.sh,1.22,1.22,1.17,1.17,456400
1998/7/20,600056.sh,1.16,1.16,1.10,1.11,497000
1998/7/21,600056.sh,1.11,1.15,1.10,1.14,196400
1998/7/22,600056.sh,1.14,1.15,1.12,1.12,165000
1998/7/23,600056.sh,1.12,1.14,1.12,1.13,109300
1998/7/24,600056.sh,1.14,1.16,1.13,1.14,205500
1998/7/27,600056.sh,1.13,1.14,1.11,1.12,265800
1998/7/28,600056.sh,1.12,1.12,1.09,1.10,342100
1998/7/29,600056.sh,1.10,1.11,1.10,1.11,154800
1998/7/30,600056.sh,1.11,1.13,1.11,1.12,122700
1998/7/31,600056.sh,1.12,1.12,1.08,1.10,355600
1998/8/3,600056.sh,1.10,1.10,1.07,1.07,282400
1998/8/4,600056.sh,1.07,1.07,1.04,1.05,283700
1998/8/5,600056.sh,1.06,1.07,1.04,1.07,138500
1998/8/6,600056.sh,1.06,1.07,1.05,1.06,111100
1998/8/7,600056.sh,1.05,1.05,1.04,1.04,166900
1998/8/10,600056.sh,1.03,1.03,0.99,1.00,226400
1998/8/11,600056.sh,0.96,0.98,0.93,0.93,280600
1998/8/12,600056.sh,0.93,0.97,0.93,0.96,407300
1998/8/13,600056.sh,0.96,0.97,0.93,0.94,280800
1998/8/14,600056.sh,0.95,0.95,0.89,0.90,298400
1998/8/17,600056.sh,0.89,0.89,0.81,0.81,347900
1998/8/18,600056.sh,0.80,0.82,0.77,0.79,347800
1998/8/19,600056.sh,0.80,0.85,0.79,0.85,344100
1998/8/20,600056.sh,0.84,0.89,0.82,0.89,528400
1998/8/21,600056.sh,0.88,0.90,0.87,0.90,397300
1998/8/24,600056.sh,0.90,0.90,0.87,0.89,411700
1998/8/25,600056.sh,0.89,0.90,0.88,0.90,271400
1998/8/26,600056.sh,0.90,0.93,0.90,0.90,388800
1998/8/27,600056.sh,0.90,0.90,0.87,0.88,256500
1998/8/28,600056.sh,0.87,0.88,0.86,0.87,178500
1998/8/31,600056.sh,0.86,0.89,0.82,0.89,187100
1998/9/1,600056.sh,0.88,0.89,0.86,0.87,127500
1998/9/2,600056.sh,0.87,0.91,0.87,0.91,289800
1998/9/3,600056.sh,0.88,0.91,0.88,0.89,140600
1998/9/4,600056.sh,0.91,0.93,0.90,0.92,247900
1998/9/7,600056.sh,0.93,0.98,0.92,0.96,344100
1998/9/8,600056.sh,0.94,0.96,0.93,0.93,285600
1998/9/9,600056.sh,0.93,0.95,0.92,0.95,218300
1998/9/10,600056.sh,0.95,0.97,0.95,0.97,441700
1998/9/11,600056.sh,0.97,0.97,0.95,0.95,324000
1998/9/14,600056.sh,0.95,0.99,0.94,0.98,470500
1998/9/15,600056.sh,0.98,0.98,0.95,0.96,230200
1998/9/16,600056.sh,0.96,0.96,0.95,0.96,219000
1998/9/17,600056.sh,0.97,0.97,0.94,0.95,190600
1998/9/18,600056.sh,0.94,0.94,0.91,0.91,356100
1998/9/21,600056.sh,0.90,0.93,0.89,0.92,259800
1998/9/22,600056.sh,0.92,0.93,0.91,0.93,193200
1998/9/23,600056.sh,0.93,0.95,0.91,0.95,258800
1998/9/24,600056.sh,1.04,1.04,0.95,0.95,566800
1998/9/25,600056.sh,0.95,0.96,0.94,0.96,132600
1998/9/28,600056.sh,0.96,0.97,0.91,0.91,246800
1998/9/29,600056.sh,0.96,0.99,0.94,0.99,658800
1998/9/30,600056.sh,0.98,1.00,0.97,0.99,406500
1998/10/5,600056.sh,0.99,0.99,0.97,0.97,183500
1998/10/6,600056.sh,0.96,0.97,0.96,0.96,176600
1998/10/7,600056.sh,0.95,0.98,0.95,0.98,183900
1998/10/8,600056.sh,0.97,0.98,0.97,0.97,121500
1998/10/9,600056.sh,0.98,1.00,0.97,0.98,417100
1998/10/12,600056.sh,0.99,1.01,0.98,1.01,415800
1998/10/13,600056.sh,1.01,1.01,1.00,1.00,280600
1998/10/14,600056.sh,0.99,1.02,0.99,1.02,380600
1998/10/15,600056.sh,1.02,1.04,1.02,1.04,550200
1998/10/16,600056.sh,1.05,1.07,1.03,1.05,1004000
1998/10/19,600056.sh,1.06,1.09,1.06,1.09,883300
1998/10/20,600056.sh,1.09,1.09,1.06,1.07,409400
1998/10/21,600056.sh,1.06,1.06,1.01,1.01,512800
1998/10/22,600056.sh,1.01,1.03,0.99,1.02,382500
1998/10/23,600056.sh,1.02,1.03,1.00,1.00,310600
1998/10/26,600056.sh,1.00,1.00,0.98,0.99,353200
1998/10/27,600056.sh,0.99,1.07,0.98,1.06,444000
1998/10/28,600056.sh,1.06,1.07,1.04,1.06,362600
1998/10/29,600056.sh,1.06,1.07,1.04,1.04,230200
1998/10/30,600056.sh,1.03,1.05,1.02,1.02,197600
1998/11/2,600056.sh,1.02,1.05,1.01,1.05,300300
1998/11/3,600056.sh,1.05,1.07,1.04,1.05,349000
1998/11/4,600056.sh,1.05,1.05,1.03,1.04,251900
1998/11/5,600056.sh,1.04,1.08,1.04,1.08,560300
1998/11/6,600056.sh,1.09,1.09,1.07,1.07,556200
1998/11/9,600056.sh,1.07,1.08,1.07,1.08,357600
1998/11/10,600056.sh,1.09,1.10,1.07,1.08,309600
1998/11/11,600056.sh,1.09,1.10,1.07,1.10,251800
1998/11/12,600056.sh,1.10,1.10,1.07,1.10,404100
1998/11/13,600056.sh,1.09,1.09,1.06,1.07,168900
1998/11/16,600056.sh,1.07,1.08,1.06,1.07,236200
1998/11/17,600056.sh,1.07,1.07,1.05,1.06,274500
1998/11/18,600056.sh,1.06,1.06,1.04,1.05,332900
1998/11/19,600056.sh,1.05,1.07,1.04,1.05,209100
1998/11/20,600056.sh,1.05,1.07,1.05,1.06,117800
1998/11/23,600056.sh,1.06,1.06,1.03,1.03,222900
1998/11/24,600056.sh,1.05,1.05,1.03,1.04,146500
1998/11/25,600056.sh,1.04,1.05,1.03,1.03,118200
1998/11/26,600056.sh,1.03,1.03,1.02,1.02,135300
1998/11/27,600056.sh,1.02,1.02,1.00,1.00,156800
1998/11/30,600056.sh,1.00,1.00,0.99,1.00,181900
1998/12/1,600056.sh,1.00,1.01,0.98,0.99,108500
1998/12/2,600056.sh,0.99,0.99,0.97,0.98,279400
1998/12/3,600056.sh,0.98,0.99,0.97,0.98,73000
1998/12/4,600056.sh,0.98,0.98,0.97,0.97,123600
1998/12/7,600056.sh,0.99,0.99,0.96,0.97,89300
1998/12/8,600056.sh,0.97,0.98,0.97,0.98,60600
1998/12/9,600056.sh,0.99,1.00,0.98,1.00,73800
1998/12/10,600056.sh,0.99,1.00,0.97,0.97,58400
1998/12/11,600056.sh,0.97,0.98,0.96,0.98,78900
1998/12/14,600056.sh,0.98,0.98,0.98,0.98,INVALID
1998/12/15,600056.sh,0.95,0.96,0.92,0.96,65500
1998/12/16,600056.sh,0.97,0.97,0.95,0.96,68600
1998/12/17,600056.sh,0.95,0.96,0.95,0.95,57600
1998/12/18,600056.sh,0.93,0.96,0.93,0.94,71000
1998/12/21,600056.sh,0.93,0.94,0.93,0.93,55300
1998/12/22,600056.sh,0.96,0.96,0.93,0.96,101300
1998/12/23,600056.sh,0.96,0.96,0.95,0.95,48900
1998/12/24,600056.sh,0.94,0.95,0.94,0.94,44000
1998/12/25,600056.sh,0.94,0.96,0.94,0.95,43700
1998/12/28,600056.sh,0.97,0.97,0.95,0.95,41800
1998/12/29,600056.sh,0.95,0.95,0.93,0.93,111100
1998/12/30,600056.sh,0.94,0.94,0.92,0.94,82800
1998/12/31,600056.sh,0.97,0.97,0.94,0.94,43300
1999/1/4,600056.sh,0.94,0.94,0.92,0.92,31200
1999/1/5,600056.sh,0.92,0.92,0.90,0.91,69300
1999/1/6,600056.sh,0.90,0.92,0.90,0.91,44300
1999/1/7,600056.sh,0.91,0.91,0.90,0.90,78000
1999/1/8,600056.sh,0.92,0.93,0.90,0.93,91900
1999/1/11,600056.sh,0.93,0.93,0.92,0.93,75700
1999/1/12,600056.sh,0.93,0.93,0.92,0.92,70300
1999/1/13,600056.sh,0.91,0.93,0.91,0.91,71900
1999/1/14,600056.sh,0.91,0.91,0.90,0.91,56100
1999/1/15,600056.sh,0.91,0.92,0.89,0.89,110900
1999/1/18,600056.sh,0.89,0.89,0.83,0.88,295800
1999/1/19,600056.sh,0.87,0.87,0.85,0.87,202700
1999/1/20,600056.sh,0.88,0.88,0.85,0.86,380200
1999/1/21,600056.sh,0.86,0.88,0.86,0.88,121800
1999/1/22,600056.sh,0.88,0.89,0.88,0.88,124400
1999/1/25,600056.sh,0.88,0.89,0.87,0.87,113100
1999/1/26,600056.sh,0.86,0.87,0.85,0.87,89200
1999/1/27,600056.sh,0.86,0.87,0.86,0.86,82100
1999/1/28,600056.sh,0.86,0.86,0.86,0.86,79000
1999/1/29,600056.sh,0.90,0.90,0.85,0.85,104000
1999/2/1,600056.sh,0.86,0.86,0.85,0.85,68500
1999/2/2,600056.sh,0.85,0.87,0.85,0.86,91100
1999/2/3,600056.sh,0.86,0.87,0.85,0.86,47600
1999/2/4,600056.sh,0.85,0.86,0.84,0.84,87700
1999/2/5,600056.sh,0.84,0.85,0.82,0.82,112700
1999/2/8,600056.sh,0.81,0.82,0.80,0.81,91900
1999/2/9,600056.sh,0.81,0.82,0.81,0.82,82200
1999/3/1,600056.sh,0.82,0.83,0.81,0.82,70100
1999/3/2,600056.sh,0.82,0.82,0.81,0.82,57900
1999/3/3,600056.sh,0.82,0.86,0.82,0.85,145700
1999/3/4,600056.sh,0.85,0.86,0.84,0.85,78200
1999/3/5,600056.sh,0.85,0.88,0.85,0.87,151400
1999/3/8,600056.sh,0.87,0.87,0.86,0.87,88000
1999/3/9,600056.sh,0.87,0.89,0.87,0.87,147200
1999/3/10,600056.sh,0.87,0.87,0.86,0.86,84300
1999/3/11,600056.sh,0.87,0.88,0.87,0.88,108000
1999/3/12,600056.sh,0.88,0.88,0.87,0.88,115600
1999/3/15,600056.sh,0.88,0.91,0.88,0.89,218800
1999/3/16,600056.sh,0.90,0.90,0.89,0.89,111900
1999/3/17,600056.sh,0.90,0.90,0.88,0.88,128200
1999/3/18,600056.sh,0.86,0.87,0.84,0.85,188400
1999/3/19,600056.sh,0.85,0.87,0.85,0.87,152300
1999/3/22,600056.sh,0.87,0.89,0.87,0.88,374300
1999/3/23,600056.sh,0.88,0.88,0.87,0.87,86900
1999/3/24,600056.sh,0.88,0.88,0.86,0.87,122300
1999/3/25,600056.sh,0.87,0.87,0.85,0.85,112300
1999/3/26,600056.sh,0.85,0.86,0.85,0.85,121000
1999/3/29,600056.sh,0.86,0.88,0.85,0.88,132000
1999/3/30,600056.sh,0.88,0.90,0.88,0.89,463300
1999/3/31,600056.sh,0.90,0.92,0.88,0.92,452400
1999/4/1,600056.sh,0.92,0.96,0.92,0.94,1040900
1999/4/2,600056.sh,0.94,0.95,0.92,0.93,334100
1999/4/5,600056.sh,0.93,0.94,0.92,0.92,287700
1999/4/6,600056.sh,0.92,0.96,0.92,0.94,271200
1999/4/7,600056.sh,0.95,0.95,0.92,0.92,173200
1999/4/8,600056.sh,0.92,0.92,0.90,0.90,250500
1999/4/9,600056.sh,0.90,0.92,0.90,0.91,193200
1999/4/12,600056.sh,0.92,0.93,0.89,0.90,281000
1999/4/13,600056.sh,0.89,0.91,0.89,0.90,128100
1999/4/14,600056.sh,0.91,0.92,0.90,0.90,73200
1999/4/15,600056.sh,0.90,0.90,0.87,0.87,160800
1999/4/16,600056.sh,0.87,0.89,0.87,0.87,133400
1999/4/19,600056.sh,0.87,0.87,0.86,0.86,115000
1999/4/20,600056.sh,0.86,0.86,0.86,0.86,INVALID
1999/4/21,600056.sh,0.86,0.86,0.84,0.84,99300
1999/4/22,600056.sh,0.84,0.85,0.82,0.84,246800
1999/4/23,600056.sh,0.84,0.86,0.84,0.84,94100
1999/4/26,600056.sh,0.84,0.86,0.83,0.83,86100
1999/4/27,600056.sh,0.83,0.84,0.82,0.83,87200
1999/4/28,600056.sh,0.84,0.86,0.83,0.84,64700
1999/4/29,600056.sh,0.84,0.85,0.83,0.85,71500
1999/4/30,600056.sh,0.85,0.86,0.85,0.86,91300
1999/5/4,600056.sh,0.85,0.86,0.84,0.85,52600
1999/5/5,600056.sh,0.85,0.85,0.83,0.84,70900
1999/5/6,600056.sh,0.84,0.87,0.84,0.86,142400
1999/5/7,600056.sh,0.87,0.87,0.85,0.86,32800
1999/5/10,600056.sh,0.82,0.84,0.79,0.80,167500
1999/5/11,600056.sh,0.80,0.82,0.80,0.81,81200
1999/5/12,600056.sh,0.81,0.83,0.79,0.82,79600
1999/5/13,600056.sh,0.82,0.82,0.81,0.82,64300
1999/5/14,600056.sh,0.81,0.81,0.79,0.79,90700
1999/5/17,600056.sh,0.79,0.80,0.77,0.80,117200
1999/5/18,600056.sh,0.80,0.81,0.79,0.80,44300
1999/5/19,600056.sh,0.80,0.85,0.79,0.83,94400
1999/5/20,600056.sh,0.85,0.86,0.84,0.86,234900
1999/5/21,600056.sh,0.86,0.87,0.85,0.86,315000
1999/5/24,600056.sh,0.86,0.94,0.85,0.93,937400
1999/5/25,600056.sh,0.93,0.98,0.89,0.90,986900
1999/5/26,600056.sh,0.90,0.93,0.89,0.92,532900
1999/5/27,600056.sh,0.94,0.94,0.90,0.92,522800
1999/5/28,600056.sh,0.93,0.93,0.89,0.90,409400
1999/5/31,600056.sh,0.91,0.99,0.91,0.99,2592300
1999/6/1,600056.sh,1.04,1.09,1.04,1.09,4360400
1999/6/2,600056.sh,1.19,1.19,1.10,1.13,5195500
1999/6/3,600056.sh,1.12,1.17,1.09,1.16,2481900
1999/6/4,600056.sh,1.18,1.25,1.18,1.19,3370300
1999/6/7,600056.sh,1.19,1.21,1.17,1.20,1911300
1999/6/8,600056.sh,1.20,1.25,1.17,1.22,2215600
1999/6/9,600056.sh,1.21,1.22,1.16,1.17,1266700
1999/6/10,600056.sh,1.19,1.20,1.14,1.15,1505900
1999/6/11,600056.sh,1.15,1.16,1.11,1.16,1209000
1999/6/14,600056.sh,1.19,1.28,1.18,1.28,3534500
1999/6/15,600056.sh,1.28,1.31,1.18,1.20,2601600
1999/6/16,600056.sh,1.23,1.27,1.21,1.27,1651200
1999/6/17,600056.sh,1.29,1.30,1.22,1.25,1792300
1999/6/18,600056.sh,1.25,1.26,1.19,1.21,1510500
1999/6/21,600056.sh,1.18,1.22,1.17,1.22,1147200
1999/6/22,600056.sh,1.23,1.23,1.18,1.21,986800
1999/6/23,600056.sh,1.22,1.29,1.21,1.28,2217500
1999/6/24,600056.sh,1.29,1.35,1.27,1.33,2707100
1999/6/25,600056.sh,1.34,1.35,1.20,1.21,2705400
1999/6/28,600056.sh,1.22,1.32,1.21,1.30,2268200
1999/6/29,600056.sh,1.31,1.34,1.27,1.30,2148300
1999/6/30,600056.sh,1.30,1.31,1.18,1.19,1642900
1999/7/1,600056.sh,1.19,1.19,1.07,1.07,1231000
1999/7/2,600056.sh,1.07,1.17,1.04,1.17,1130900
1999/7/5,600056.sh,1.14,1.14,1.10,1.10,578300
1999/7/6,600056.sh,1.09,1.12,1.06,1.07,435700
1999/7/7,600056.sh,1.08,1.12,1.07,1.11,409900
1999/7/8,600056.sh,1.12,1.13,1.09,1.10,372900
1999/7/9,600056.sh,1.10,1.10,1.07,1.09,472900
1999/7/12,600056.sh,1.09,1.10,1.05,1.06,601100
1999/7/13,600056.sh,1.05,1.06,1.01,1.02,514700
1999/7/14,600056.sh,1.02,1.07,1.02,1.07,273800
1999/7/15,600056.sh,1.07,1.09,1.06,1.08,336100
1999/7/16,600056.sh,1.07,1.07,1.04,1.04,330800
1999/7/19,600056.sh,1.02,1.09,1.01,1.05,407342
1999/7/20,600056.sh,1.05,1.12,1.05,1.12,515500
1999/7/21,600056.sh,1.13,1.16,1.11,1.13,1002200
1999/7/22,600056.sh,1.13,1.13,1.07,1.07,398200
1999/7/23,600056.sh,1.06,1.10,1.06,1.07,393400
1999/7/26,600056.sh,1.07,1.09,1.06,1.08,266300
1999/7/27,600056.sh,1.10,1.10,1.07,1.08,152200
1999/7/28,600056.sh,1.07,1.11,1.07,1.09,277300
1999/7/29,600056.sh,1.10,1.11,1.08,1.09,172400
1999/7/30,600056.sh,1.09,1.10,1.08,1.09,139400
1999/8/2,600056.sh,1.10,1.12,1.08,1.12,269400
1999/8/3,600056.sh,1.12,1.13,1.10,1.11,237300
1999/8/4,600056.sh,1.11,1.18,1.11,1.15,633500
1999/8/5,600056.sh,1.15,1.15,1.12,1.13,286800
1999/8/6,600056.sh,1.13,1.13,1.09,1.10,414600
1999/8/9,600056.sh,1.10,1.12,1.08,1.09,225400
1999/8/10,600056.sh,1.08,1.09,1.07,1.08,285000
1999/8/11,600056.sh,1.08,1.09,1.06,1.07,165300
1999/8/12,600056.sh,1.07,1.08,1.06,1.06,117400
1999/8/13,600056.sh,1.06,1.07,1.06,1.06,114800
1999/8/16,600056.sh,1.06,1.06,1.04,1.04,183900
1999/8/17,600056.sh,1.04,1.09,1.04,1.05,108800
1999/8/18,600056.sh,1.06,1.10,1.06,1.10,168100
1999/8/19,600056.sh,1.11,1.14,1.11,1.13,429500
1999/8/20,600056.sh,1.13,1.14,1.10,1.11,362300
1999/8/23,600056.sh,1.11,1.12,1.11,1.11,240200
1999/8/24,600056.sh,1.12,1.13,1.12,1.13,268300
1999/8/25,600056.sh,1.12,1.14,1.10,1.10,174100
1999/8/26,600056.sh,1.10,1.11,1.10,1.11,131800
1999/8/27,600056.sh,1.11,1.11,1.09,1.09,222900
1999/8/30,600056.sh,1.10,1.11,1.08,1.10,142400
1999/8/31,600056.sh,1.10,1.11,1.10,1.11,110900
1999/9/1,600056.sh,1.11,1.13,1.10,1.12,229800
1999/9/2,600056.sh,1.11,1.19,1.11,1.17,1062300
1999/9/3,600056.sh,1.17,1.18,1.15,1.15,600000
1999/9/6,600056.sh,1.15,1.17,1.13,1.15,384300
1999/9/7,600056.sh,1.15,1.17,1.14,1.14,203900
1999/9/8,600056.sh,1.14,1.15,1.13,1.13,164800
1999/9/9,600056.sh,1.16,1.22,1.15,1.21,1145700
1999/9/10,600056.sh,1.21,1.25,1.19,1.20,807400
1999/9/13,600056.sh,1.20,1.22,1.19,1.21,365500
1999/9/14,600056.sh,1.22,1.23,1.20,1.20,303200
1999/9/15,600056.sh,1.20,1.22,1.18,1.18,237200
1999/9/16,600056.sh,1.18,1.19,1.16,1.16,217600
1999/9/17,600056.sh,1.16,1.18,1.16,1.17,207500
1999/9/20,600056.sh,1.17,1.17,1.15,1.15,137800
1999/9/21,600056.sh,1.15,1.16,1.14,1.16,92600
1999/9/22,600056.sh,1.16,1.16,1.15,1.15,76700
1999/9/23,600056.sh,1.15,1.15,1.13,1.14,179500
1999/9/24,600056.sh,1.20,1.20,1.15,1.16,90300
1999/9/27,600056.sh,1.15,1.17,1.15,1.15,74800
1999/9/28,600056.sh,1.15,1.15,1.13,1.14,102400
1999/9/29,600056.sh,1.15,1.15,1.12,1.12,100200
1999/9/30,600056.sh,1.13,1.13,1.10,1.11,134800
1999/10/8,600056.sh,1.10,1.10,1.09,1.10,67300
1999/10/11,600056.sh,1.09,1.09,1.08,1.08,67800
1999/10/12,600056.sh,1.09,1.10,1.09,1.09,35900
1999/10/13,600056.sh,1.10,1.10,1.09,1.09,113900
1999/10/14,600056.sh,1.08,1.12,1.08,1.10,88700
1999/10/15,600056.sh,1.11,1.15,1.11,1.14,265700
1999/10/18,600056.sh,1.14,1.15,1.11,1.11,168500
1999/10/19,600056.sh,1.10,1.12,1.09,1.09,97000
1999/10/20,600056.sh,1.09,1.11,1.09,1.10,45100
1999/10/21,600056.sh,1.10,1.10,1.08,1.08,87800
1999/10/22,600056.sh,1.08,1.14,1.08,1.12,142200
1999/10/25,600056.sh,1.12,1.12,1.09,1.10,58800
1999/10/26,600056.sh,1.10,1.10,1.10,1.10,INVALID
1999/10/27,600056.sh,1.14,1.14,1.13,1.14,163200
1999/10/28,600056.sh,1.14,1.15,1.10,1.11,120700
1999/10/29,600056.sh,1.11,1.12,1.10,1.10,110700
1999/11/1,600056.sh,1.10,1.11,1.09,1.10,59600
1999/11/2,600056.sh,1.10,1.10,1.09,1.10,42400
1999/11/3,600056.sh,1.10,1.10,1.09,1.09,44900
1999/11/4,600056.sh,1.10,1.11,1.09,1.09,85800
1999/11/5,600056.sh,1.09,1.10,1.08,1.10,239100
1999/11/8,600056.sh,1.10,1.11,1.10,1.10,45100
1999/11/9,600056.sh,1.10,1.11,1.09,1.09,52700
1999/11/10,600056.sh,1.09,1.09,1.07,1.09,100200
1999/11/11,600056.sh,1.08,1.10,1.08,1.09,39200
1999/11/12,600056.sh,1.09,1.10,1.09,1.10,53400
1999/11/15,600056.sh,1.09,1.12,1.08,1.10,55100
1999/11/16,600056.sh,1.13,1.17,1.12,1.13,810000
1999/11/17,600056.sh,1.12,1.14,1.11,1.14,183800
1999/11/18,600056.sh,1.14,1.16,1.12,1.14,327100
1999/11/19,600056.sh,1.15,1.15,1.13,1.14,200900
1999/11/22,600056.sh,1.13,1.14,1.12,1.12,84500
1999/11/23,600056.sh,1.12,1.14,1.12,1.14,100400
1999/11/24,600056.sh,1.14,1.15,1.13,1.14,77900
1999/11/25,600056.sh,1.13,1.14,1.12,1.13,53400
1999/11/26,600056.sh,1.14,1.15,1.14,1.15,195900
1999/11/29,600056.sh,1.15,1.19,1.15,1.17,665800
1999/11/30,600056.sh,1.17,1.19,1.17,1.18,392800
1999/12/1,600056.sh,1.17,1.18,1.16,1.17,116900
1999/12/2,600056.sh,1.20,1.20,1.18,1.18,189400
1999/12/3,600056.sh,1.18,1.18,1.16,1.17,173500
1999/12/6,600056.sh,1.18,1.18,1.16,1.16,96000
1999/12/7,600056.sh,1.17,1.18,1.16,1.18,130100
1999/12/8,600056.sh,1.18,1.19,1.17,1.17,149300
1999/12/9,600056.sh,1.17,1.17,1.14,1.14,193600
1999/12/10,600056.sh,1.14,1.16,1.14,1.16,128642
1999/12/13,600056.sh,1.16,1.17,1.15,1.16,150900
1999/12/14,600056.sh,1.16,1.18,1.16,1.18,158100
1999/12/15,600056.sh,1.17,1.21,1.17,1.18,457800
1999/12/16,600056.sh,1.18,1.19,1.16,1.16,178300
1999/12/17,600056.sh,1.16,1.18,1.16,1.16,158700
1999/12/21,600056.sh,1.16,1.18,1.15,1.18,215900
1999/12/22,600056.sh,1.18,1.22,1.18,1.19,420200
1999/12/23,600056.sh,1.19,1.22,1.19,1.19,355159
1999/12/24,600056.sh,1.19,1.20,1.16,1.16,319200
1999/12/27,600056.sh,1.15,1.17,1.13,1.14,324700
1999/12/28,600056.sh,1.14,1.15,1.13,1.14,135200
1999/12/29,600056.sh,1.14,1.15,1.14,1.15,76900
1999/12/30,600056.sh,1.15,1.16,1.15,1.15,72700
2000/1/4,600056.sh,1.16,1.20,1.16,1.19,221400
2000/1/5,600056.sh,1.19,1.20,1.17,1.18,304900
2000/1/6,600056.sh,1.18,1.22,1.17,1.21,444600
2000/1/7,600056.sh,1.24,1.34,1.24,1.34,2933800
2000/1/10,600056.sh,1.40,1.42,1.34,1.39,4327900
2000/1/11,600056.sh,1.38,1.43,1.34,1.37,3045200
2000/1/12,600056.sh,1.38,1.47,1.38,1.38,3752700
2000/1/13,600056.sh,1.38,1.40,1.25,1.25,2285100
2000/1/14,600056.sh,1.26,1.26,1.21,1.22,775800
2000/1/17,600056.sh,1.21,1.29,1.21,1.27,842700
2000/1/18,600056.sh,1.26,1.27,1.22,1.22,625400
2000/1/19,600056.sh,1.22,1.27,1.22,1.26,486700
2000/1/20,600056.sh,1.24,1.32,1.24,1.31,1055000
2000/1/21,600056.sh,1.32,1.35,1.28,1.31,1289000
2000/1/24,600056.sh,1.30,1.38,1.29,1.35,991600
2000/1/25,600056.sh,1.37,1.38,1.30,1.31,808100
2000/1/26,600056.sh,1.30,1.32,1.30,1.32,433800
2000/1/27,600056.sh,1.33,1.37,1.32,1.35,956100
2000/1/28,600056.sh,1.35,1.40,1.33,1.38,1446100
2000/2/14,600056.sh,1.45,1.51,1.45,1.51,580900
2000/2/15,600056.sh,1.67,1.67,1.67,1.67,691500
2000/2/16,600056.sh,1.83,1.83,1.69,1.83,6623500
2000/2/17,600056.sh,1.98,2.02,1.68,1.68,5881200
2000/2/18,600056.sh,1.66,1.85,1.57,1.85,3165700
2000/2/21,600056.sh,1.85,1.97,1.75,1.78,3784500
2000/2/22,600056.sh,1.75,1.80,1.69,1.69,1817900
2000/2/23,600056.sh,1.65,1.69,1.55,1.57,1798900
2000/2/24,600056.sh,1.57,1.65,1.57,1.64,1112200
2000/2/25,600056.sh,1.56,1.61,1.47,1.49,3181300
2000/2/28,600056.sh,1.48,1.64,1.48,1.63,2547400
2000/2/29,600056.sh,1.65,1.67,1.54,1.60,1516600
2000/3/1,600056.sh,1.59,1.60,1.54,1.55,836800
2000/3/2,600056.sh,1.55,1.58,1.49,1.53,1244800
2000/3/3,600056.sh,1.53,1.57,1.53,1.54,1035800
2000/3/6,600056.sh,1.56,1.58,1.40,1.40,1389900
2000/3/7,600056.sh,1.40,1.44,1.40,1.44,791700
2000/3/8,600056.sh,1.44,1.46,1.40,1.45,738600
2000/3/9,600056.sh,1.45,1.46,1.42,1.43,570800
2000/3/10,600056.sh,1.43,1.49,1.43,1.44,992100
2000/3/13,600056.sh,1.44,1.54,1.44,1.53,878600
2000/3/14,600056.sh,1.38,1.52,1.38,1.49,976800
2000/3/15,600056.sh,1.48,1.53,1.47,1.48,482200
2000/3/16,600056.sh,1.48,1.49,1.41,1.43,463000
2000/3/17,600056.sh,1.45,1.48,1.43,1.45,687400
2000/3/20,600056.sh,1.47,1.54,1.45,1.51,781400
2000/3/21,600056.sh,1.53,1.66,1.52,1.65,2571400
2000/3/22,600056.sh,1.65,1.70,1.61,1.63,1336600
2000/3/23,600056.sh,1.68,1.75,1.65,1.70,1797400
2000/3/24,600056.sh,1.71,1.73,1.63,1.64,1253900
2000/3/27,600056.sh,1.65,1.78,1.65,1.73,1771500
2000/3/28,600056.sh,1.79,1.80,1.69,1.72,903400
2000/3/29,600056.sh,1.74,1.74,1.61,1.67,1146900
2000/3/30,600056.sh,1.69,1.70,1.64,1.67,708900
2000/3/31,600056.sh,1.67,1.74,1.65,1.72,1329100
2000/4/3,600056.sh,1.76,1.89,1.74,1.89,4676000
2000/4/4,600056.sh,1.87,1.87,1.78,1.78,1849400
2000/4/5,600056.sh,1.78,1.82,1.70,1.72,1137000
2000/4/6,600056.sh,1.74,1.86,1.72,1.85,1241300
2000/4/7,600056.sh,1.85,1.97,1.84,1.85,1759700
2000/4/10,600056.sh,1.85,1.89,1.80,1.84,735400
2000/4/11,600056.sh,1.84,1.88,1.79,1.83,560400
2000/4/12,600056.sh,1.83,1.84,1.79,1.80,609700
2000/4/13,600056.sh,1.79,1.84,1.79,1.82,540500
2000/4/14,600056.sh,1.86,1.95,1.85,1.86,2055800
2000/4/17,600056.sh,1.85,1.85,1.76,1.77,1510500
2000/4/18,600056.sh,1.78,1.80,1.72,1.74,1215900
2000/4/19,600056.sh,1.76,1.79,1.73,1.75,570800
2000/4/20,600056.sh,1.76,1.77,1.72,1.74,599700
2000/4/21,600056.sh,1.74,1.74,1.74,1.74,INVALID
2000/4/24,600056.sh,1.72,1.83,1.72,1.76,663500
2000/4/25,600056.sh,1.78,1.78,1.74,1.75,229700
2000/4/26,600056.sh,1.75,1.77,1.72,1.72,470700
2000/4/27,600056.sh,1.75,1.75,1.72,1.72,365000
2000/4/28,600056.sh,1.72,1.79,1.72,1.78,377200
2000/5/8,600056.sh,1.78,1.78,1.73,1.74,201600
2000/5/9,600056.sh,1.74,1.74,1.65,1.67,591800
2000/5/10,600056.sh,1.65,1.66,1.57,1.58,488900
2000/5/11,600056.sh,1.59,1.61,1.55,1.55,360600
2000/5/12,600056.sh,1.57,1.59,1.55,1.57,237500
2000/5/15,600056.sh,1.57,1.60,1.56,1.59,160000
2000/5/16,600056.sh,1.60,1.63,1.60,1.63,182800
2000/5/17,600056.sh,1.64,1.64,1.60,1.60,162100
2000/5/18,600056.sh,1.60,1.62,1.57,1.62,193000
2000/5/19,600056.sh,1.62,1.67,1.60,1.65,440600
2000/5/22,600056.sh,1.65,1.71,1.65,1.69,443600
2000/5/23,600056.sh,1.70,1.70,1.66,1.67,239500
2000/5/24,600056.sh,1.67,1.70,1.64,1.68,425600
2000/5/25,600056.sh,1.68,1.75,1.68,1.73,569000
2000/5/26,600056.sh,1.73,1.75,1.69,1.70,301000
2000/5/29,600056.sh,1.69,1.73,1.66,1.69,351400
2000/5/30,600056.sh,1.79,1.86,1.78,1.86,1371500
2000/5/31,600056.sh,1.90,2.05,1.83,1.91,5216400
2000/6/1,600056.sh,1.86,1.88,1.75,1.79,1836600
2000/6/2,600056.sh,1.79,1.85,1.76,1.78,919600
2000/6/5,600056.sh,1.78,1.79,1.73,1.74,714800
2000/6/6,600056.sh,1.74,1.78,1.74,1.77,354900
2000/6/7,600056.sh,1.79,1.82,1.76,1.79,336400
2000/6/8,600056.sh,1.80,1.87,1.80,1.84,801900
2000/6/9,600056.sh,1.87,1.95,1.84,1.85,1484300
2000/6/12,600056.sh,1.83,1.95,1.81,1.89,812700
2000/6/13,600056.sh,1.90,1.94,1.88,1.89,425000
2000/6/14,600056.sh,1.91,1.94,1.84,1.86,620200
2000/6/15,600056.sh,1.86,1.90,1.83,1.85,396200
2000/6/16,600056.sh,1.85,1.86,1.81,1.82,447100
2000/6/19,600056.sh,1.82,1.84,1.78,1.81,257000
2000/6/20,600056.sh,1.80,1.93,1.80,1.92,590600
2000/6/21,600056.sh,1.92,1.92,1.87,1.89,413400
2000/6/22,600056.sh,1.89,1.91,1.83,1.84,273400
2000/6/23,600056.sh,1.85,1.86,1.81,1.84,587400
2000/6/26,600056.sh,1.83,1.94,1.82,1.94,750200
2000/6/27,600056.sh,1.93,1.93,1.88,1.91,1025300
2000/6/28,600056.sh,1.93,1.99,1.90,1.96,1592700
2000/6/29,600056.sh,1.99,2.04,1.95,1.96,1668800
2000/6/30,600056.sh,1.96,2.00,1.93,1.94,658800
2000/7/3,600056.sh,1.97,2.13,1.90,2.04,1726400
2000/7/4,600056.sh,2.04,2.13,2.01,2.11,1454900
2000/7/5,600056.sh,2.13,2.32,2.08,2.26,2774200
2000/7/6,600056.sh,2.24,2.32,2.20,2.20,1464900
2000/7/7,600056.sh,2.19,2.33,2.19,2.31,1254900
2000/7/10,600056.sh,2.38,2.39,2.30,2.30,927900
2000/7/11,600056.sh,2.30,2.32,2.17,2.20,1427800
2000/7/12,600056.sh,2.21,2.25,2.17,2.18,775100
2000/7/13,600056.sh,2.19,2.25,2.17,2.22,647900
2000/7/14,600056.sh,2.24,2.25,2.09,2.09,1650000
2000/7/17,600056.sh,2.09,2.13,2.02,2.07,822100
2000/7/18,600056.sh,2.07,2.13,2.07,2.10,326800
2000/7/19,600056.sh,2.13,2.13,2.07,2.08,379900
2000/7/20,600056.sh,2.08,2.09,2.04,2.05,432900
2000/7/21,600056.sh,2.05,2.09,2.05,2.06,258300
2000/7/24,600056.sh,2.03,2.04,1.95,1.95,1131400
2000/7/25,600056.sh,1.95,2.02,1.95,2.00,495300
2000/7/26,600056.sh,2.01,2.02,1.96,1.98,499900
2000/7/27,600056.sh,1.98,1.99,1.95,1.96,411300
2000/7/28,600056.sh,1.96,2.01,1.96,1.98,311800
2000/7/31,600056.sh,2.01,2.06,1.99,2.05,545800
2000/8/1,600056.sh,2.06,2.07,2.03,2.03,197100
2000/8/2,600056.sh,2.02,2.05,2.02,2.03,182000
2000/8/3,600056.sh,2.02,2.05,2.02,2.03,252200
2000/8/4,600056.sh,2.04,2.04,1.98,1.99,379300
2000/8/7,600056.sh,1.99,1.99,1.99,1.99,INVALID
2000/8/8,600056.sh,2.02,2.02,1.94,1.95,475000
2000/8/9,600056.sh,1.95,1.98,1.91,1.96,541500
2000/8/10,600056.sh,1.95,1.96,1.93,1.94,373400
2000/8/11,600056.sh,1.93,1.97,1.92,1.94,228500
2000/8/14,600056.sh,1.93,1.96,1.93,1.94,188600
2000/8/15,600056.sh,1.94,1.99,1.94,1.99,266800
2000/8/16,600056.sh,1.99,2.00,1.95,1.99,178200
2000/8/17,600056.sh,1.99,1.99,1.95,1.97,152900
2000/8/18,600056.sh,1.97,1.98,1.95,1.96,219500
2000/8/21,600056.sh,1.95,1.95,1.90,1.91,550900
2000/8/22,600056.sh,1.91,1.94,1.87,1.87,581500
2000/8/23,600056.sh,1.87,1.90,1.81,1.86,580700
2000/8/24,600056.sh,1.86,1.89,1.84,1.86,381500
2000/8/25,600056.sh,1.88,1.92,1.86,1.91,337300
2000/8/28,600056.sh,1.91,1.93,1.89,1.89,303300
2000/8/29,600056.sh,1.89,1.90,1.86,1.86,333700
2000/8/30,600056.sh,1.86,1.88,1.84,1.84,319600
2000/8/31,600056.sh,1.83,1.86,1.79,1.80,440600
2000/9/1,600056.sh,1.80,1.82,1.77,1.77,327500
2000/9/4,600056.sh,1.77,1.77,1.74,1.77,226600
2000/9/5,600056.sh,1.77,1.78,1.69,1.70,586200
2000/9/6,600056.sh,1.69,1.71,1.65,1.65,360500
2000/9/7,600056.sh,1.66,1.72,1.66,1.71,293200
2000/9/8,600056.sh,1.71,1.71,1.68,1.70,154600
2000/9/11,600056.sh,1.70,1.75,1.70,1.73,135500
2000/9/12,600056.sh,1.73,1.74,1.67,1.70,161100
2000/9/13,600056.sh,1.70,1.73,1.68,1.68,430400
2000/9/14,600056.sh,1.70,1.82,1.70,1.78,748300
2000/9/15,600056.sh,1.78,1.78,1.74,1.76,247100
2000/9/18,600056.sh,1.77,1.77,1.73,1.73,177900
2000/9/19,600056.sh,1.72,1.72,1.68,1.70,170200
2000/9/20,600056.sh,1.72,1.73,1.68,1.70,197100
2000/9/21,600056.sh,1.72,1.73,1.69,1.70,146700
2000/9/22,600056.sh,1.70,1.70,1.69,1.69,103500
2000/9/25,600056.sh,1.69,1.69,1.67,1.67,119700
2000/9/26,600056.sh,1.67,1.69,1.66,1.67,90300
2000/9/27,600056.sh,1.69,1.71,1.69,1.71,92300
2000/9/28,600056.sh,1.73,1.73,1.68,1.68,74000
2000/9/29,600056.sh,1.72,1.72,1.68,1.70,84800
2000/10/9,600056.sh,1.73,1.73,1.70,1.72,53700
2000/10/10,600056.sh,1.71,1.73,1.71,1.73,87500
2000/10/11,600056.sh,1.73,1.74,1.72,1.73,147700
2000/10/12,600056.sh,1.74,1.74,1.70,1.70,159000
2000/10/13,600056.sh,1.70,1.71,1.66,1.66,274700
2000/10/16,600056.sh,1.68,1.68,1.62,1.62,268200
2000/10/17,600056.sh,1.63,1.64,1.59,1.63,114600
2000/10/18,600056.sh,1.65,1.65,1.59,1.63,162800
2000/10/19,600056.sh,1.64,1.68,1.63,1.66,169000
2000/10/20,600056.sh,1.66,1.70,1.66,1.70,212100
2000/10/23,600056.sh,1.70,1.75,1.70,1.75,310500
2000/10/24,600056.sh,1.75,1.75,1.72,1.73,175000
2000/10/25,600056.sh,1.75,1.78,1.73,1.76,379900
2000/10/26,600056.sh,1.75,1.78,1.74,1.76,410700
2000/10/27,600056.sh,1.77,1.81,1.77,1.80,854200
2000/10/30,600056.sh,1.80,1.91,1.80,1.82,505400
2000/10/31,600056.sh,1.83,1.83,1.78,1.78,215900
2000/11/1,600056.sh,1.78,1.78,1.74,1.76,131200
2000/11/2,600056.sh,1.78,1.80,1.77,1.78,147000
2000/11/3,600056.sh,1.78,1.79,1.76,1.76,162200
2000/11/6,600056.sh,1.77,1.78,1.74,1.76,145200
2000/11/7,600056.sh,1.76,1.78,1.76,1.78,134900
2000/11/8,600056.sh,1.79,1.85,1.78,1.84,416700
2000/11/9,600056.sh,1.86,2.02,1.86,2.01,1843700
2000/11/10,600056.sh,2.00,2.03,1.95,1.95,1045900
2000/11/13,600056.sh,1.96,1.98,1.93,1.96,452200
2000/11/14,600056.sh,1.97,1.98,1.94,1.95,388600
2000/11/15,600056.sh,1.96,1.96,1.92,1.93,332900
2000/11/16,600056.sh,1.93,1.98,1.92,1.96,346400
2000/11/17,600056.sh,1.96,1.97,1.94,1.96,217200
2000/11/20,600056.sh,1.96,1.97,1.92,1.95,213183
2000/11/21,600056.sh,1.95,1.97,1.95,1.95,290981
2000/11/22,600056.sh,1.94,1.97,1.93,1.96,177854
2000/11/23,600056.sh,1.97,1.97,1.95,1.95,234770
2000/11/24,600056.sh,1.95,2.07,1.95,1.99,1152249
2000/11/27,600056.sh,1.99,2.06,1.97,2.04,803809
2000/11/28,600056.sh,2.05,2.07,2.02,2.05,440800
2000/11/29,600056.sh,2.06,2.06,2.01,2.02,275671
2000/11/30,600056.sh,2.02,2.02,1.99,1.99,216469
2000/12/1,600056.sh,2.00,2.02,1.99,2.01,175633
2000/12/4,600056.sh,2.00,2.01,1.97,1.99,228594
2000/12/5,600056.sh,1.98,2.00,1.97,1.98,147680
2000/12/6,600056.sh,1.97,2.00,1.91,1.96,281400
2000/12/7,600056.sh,1.94,1.98,1.93,1.95,172040
2000/12/8,600056.sh,1.93,1.97,1.93,1.96,132375
2000/12/11,600056.sh,1.95,1.95,1.93,1.94,138111
2000/12/12,600056.sh,1.95,2.00,1.95,2.00,146945
2000/12/13,600056.sh,2.01,2.01,1.96,1.97,115410
2000/12/14,600056.sh,2.00,2.00,1.96,1.96,117590
2000/12/15,600056.sh,1.97,1.97,1.94,1.95,129820
2000/12/18,600056.sh,1.95,1.99,1.95,1.99,228854
2000/12/19,600056.sh,1.99,1.99,1.96,1.96,305013
2000/12/20,600056.sh,1.97,2.02,1.94,2.02,514997
2000/12/21,600056.sh,2.02,2.06,2.02,2.03,736593
2000/12/22,600056.sh,2.03,2.05,2.01,2.01,323107
2000/12/25,600056.sh,2.01,2.02,1.98,1.98,268898
2000/12/26,600056.sh,1.99,2.01,1.98,1.99,203953
2000/12/27,600056.sh,1.99,2.06,1.99,2.03,484738
2000/12/28,600056.sh,2.04,2.08,2.03,2.08,1075459
2000/12/29,600056.sh,2.10,2.12,2.07,2.07,604901
2001/1/2,600056.sh,2.04,2.12,2.04,2.10,518319
2001/1/3,600056.sh,2.12,2.12,2.08,2.11,714442
2001/1/4,600056.sh,2.11,2.14,2.09,2.10,602602
2001/1/5,600056.sh,2.11,2.11,2.06,2.08,437293
2001/1/8,600056.sh,2.08,2.10,2.01,2.01,590398
2001/1/9,600056.sh,2.01,2.01,1.96,1.98,507303
2001/1/10,600056.sh,1.99,2.02,1.98,2.00,336049
2001/1/11,600056.sh,2.01,2.02,1.97,1.98,460884
2001/1/12,600056.sh,1.96,1.99,1.96,1.97,349084
2001/1/15,600056.sh,1.97,1.97,1.84,1.85,677619
2001/1/16,600056.sh,1.85,1.92,1.85,1.89,385007
2001/1/17,600056.sh,1.88,1.91,1.85,1.85,378456
2001/1/18,600056.sh,1.86,1.88,1.86,1.87,236315
2001/1/19,600056.sh,1.88,1.91,1.87,1.89,280315
2001/2/5,600056.sh,1.90,1.90,1.82,1.83,289060
2001/2/6,600056.sh,1.83,1.83,1.77,1.83,203003
2001/2/7,600056.sh,1.83,1.83,1.78,1.79,147820
2001/2/8,600056.sh,1.79,1.81,1.73,1.74,159330
2001/2/9,600056.sh,1.74,1.79,1.74,1.78,146819
2001/2/12,600056.sh,1.78,1.78,1.71,1.75,166949
2001/2/13,600056.sh,1.76,1.77,1.75,1.76,118871
2001/2/14,600056.sh,1.73,1.76,1.73,1.75,45640
2001/2/15,600056.sh,1.75,1.79,1.75,1.76,104726
2001/2/16,600056.sh,1.75,1.77,1.73,1.77,95800
2001/2/19,600056.sh,1.78,1.80,1.76,1.79,99424
2001/2/20,600056.sh,1.80,1.83,1.77,1.79,178458
2001/2/21,600056.sh,1.77,1.78,1.74,1.74,142475
2001/2/22,600056.sh,1.73,1.75,1.71,1.74,120126
2001/2/23,600056.sh,1.74,1.76,1.73,1.75,63262
2001/2/26,600056.sh,1.78,1.79,1.77,1.79,73118
2001/2/27,600056.sh,1.79,1.79,1.77,1.79,83861
2001/2/28,600056.sh,1.79,1.79,1.77,1.77,67798
2001/3/1,600056.sh,1.77,1.80,1.77,1.79,78528
2001/3/2,600056.sh,1.79,1.82,1.79,1.80,169995
2001/3/5,600056.sh,1.80,1.80,1.78,1.80,144840
2001/3/6,600056.sh,1.80,1.82,1.78,1.81,110191
2001/3/7,600056.sh,1.81,1.82,1.80,1.80,79090
2001/3/8,600056.sh,1.80,1.80,1.78,1.79,67414
2001/3/9,600056.sh,1.79,1.84,1.78,1.82,184470
2001/3/12,600056.sh,1.82,1.82,1.79,1.80,91055
2001/3/13,600056.sh,1.80,1.80,1.76,1.77,127690
2001/3/14,600056.sh,1.76,1.78,1.76,1.78,104541
2001/3/15,600056.sh,1.78,1.78,1.75,1.76,225020
2001/3/16,600056.sh,1.76,1.79,1.76,1.78,138550
2001/3/19,600056.sh,1.77,1.78,1.75,1.76,317100
2001/3/20,600056.sh,1.76,1.76,1.70,1.71,877984
2001/3/21,600056.sh,1.70,1.71,1.65,1.71,1073199
2001/3/22,600056.sh,1.71,1.77,1.71,1.77,761442
2001/3/23,600056.sh,1.78,1.80,1.76,1.76,563810
2001/3/26,600056.sh,1.76,1.78,1.74,1.76,326847
2001/3/27,600056.sh,1.77,1.77,1.76,1.77,401903
2001/3/28,600056.sh,1.79,1.84,1.79,1.82,729915
2001/3/29,600056.sh,1.82,1.83,1.80,1.80,358390
2001/3/30,600056.sh,1.80,1.80,1.77,1.79,261373
2001/4/2,600056.sh,1.78,1.80,1.77,1.78,317799
2001/4/3,600056.sh,1.78,1.80,1.78,1.80,291800
2001/4/4,600056.sh,1.80,1.80,1.75,1.76,251160
2001/4/5,600056.sh,1.76,1.77,1.75,1.76,199070
2001/4/6,600056.sh,1.77,1.79,1.75,1.75,175828
2001/4/9,600056.sh,1.74,1.74,1.73,1.74,219034
2001/4/10,600056.sh,1.74,1.75,1.74,1.75,148200
2001/4/11,600056.sh,1.75,1.75,1.73,1.74,147777
2001/4/12,600056.sh,1.74,1.77,1.73,1.75,165134
2001/4/13,600056.sh,1.75,1.75,1.74,1.75,223834
2001/4/16,600056.sh,1.75,1.78,1.75,1.78,332725
2001/4/17,600056.sh,1.79,1.83,1.78,1.83,595038
2001/4/18,600056.sh,1.83,1.83,1.80,1.80,318672
2001/4/19,600056.sh,1.80,1.81,1.77,1.77,308960
2001/4/20,600056.sh,1.77,1.77,1.77,1.77,INVALID
2001/4/23,600056.sh,1.76,1.76,1.74,1.74,354997
2001/4/24,600056.sh,1.74,1.79,1.74,1.76,144786
2001/4/25,600056.sh,1.75,1.78,1.74,1.74,194090
2001/4/26,600056.sh,1.74,1.78,1.74,1.76,141760
2001/4/27,600056.sh,1.76,1.77,1.75,1.76,138795
2001/4/30,600056.sh,1.75,1.75,1.73,1.75,108943
2001/5/8,600056.sh,1.76,1.76,1.73,1.74,100388
2001/5/9,600056.sh,1.76,1.76,1.74,1.75,112005
2001/5/10,600056.sh,1.75,1.75,1.74,1.74,181630
2001/5/11,600056.sh,1.75,1.76,1.74,1.75,150108
2001/5/14,600056.sh,1.76,1.78,1.74,1.78,200749
2001/5/15,600056.sh,1.78,1.79,1.78,1.79,253206
2001/5/16,600056.sh,1.79,1.80,1.76,1.78,211190
2001/5/17,600056.sh,1.78,1.79,1.77,1.77,217405
2001/5/18,600056.sh,1.78,1.78,1.76,1.77,200115
2001/5/21,600056.sh,1.77,1.77,1.75,1.75,287640
2001/5/22,600056.sh,1.75,1.78,1.75,1.78,175667
2001/5/23,600056.sh,1.79,1.79,1.75,1.76,195904
2001/5/24,600056.sh,1.76,1.76,1.74,1.75,270667
2001/5/25,600056.sh,1.75,1.76,1.73,1.73,240777
2001/5/28,600056.sh,1.73,1.74,1.69,1.69,266320
2001/5/29,600056.sh,1.69,1.72,1.69,1.71,204758
2001/5/30,600056.sh,1.71,1.73,1.68,1.73,185190
2001/5/31,600056.sh,1.75,1.75,1.72,1.72,178670
2001/6/1,600056.sh,1.73,1.73,1.71,1.71,251017
2001/6/4,600056.sh,1.71,1.79,1.70,1.78,556848
2001/6/5,600056.sh,1.78,1.78,1.77,1.77,286958
2001/6/6,600056.sh,1.78,1.79,1.76,1.77,181963
2001/6/7,600056.sh,1.77,1.77,1.75,1.77,227927
2001/6/8,600056.sh,1.76,1.76,1.73,1.75,205940
2001/6/11,600056.sh,1.74,1.78,1.74,1.77,181327
2001/6/12,600056.sh,1.77,1.77,1.77,1.77,INVALID
2001/6/13,600056.sh,1.79,1.82,1.78,1.82,807708
2001/6/14,600056.sh,1.82,1.83,1.78,1.78,545361
2001/6/15,600056.sh,1.78,1.81,1.77,1.81,319712
2001/6/18,600056.sh,1.82,1.83,1.78,1.80,396563
2001/6/19,600056.sh,1.80,1.86,1.79,1.85,777257
2001/6/20,600056.sh,1.85,1.86,1.83,1.84,550257
2001/6/21,600056.sh,1.84,1.86,1.84,1.85,354038
2001/6/22,600056.sh,1.85,1.88,1.85,1.88,706970
2001/6/25,600056.sh,1.89,1.93,1.89,1.92,1046560
2001/6/26,600056.sh,1.93,1.93,1.90,1.92,548107
2001/6/27,600056.sh,1.92,1.93,1.89,1.90,407139
2001/6/28,600056.sh,1.90,1.91,1.86,1.87,465671
2001/6/29,600056.sh,1.87,1.89,1.86,1.86,279840
2001/7/2,600056.sh,1.86,1.88,1.86,1.86,211492
2001/7/3,600056.sh,1.86,1.87,1.83,1.85,201235
2001/7/4,600056.sh,1.85,1.87,1.84,1.85,151713
2001/7/5,600056.sh,1.84,1.86,1.84,1.85,211080
2001/7/6,600056.sh,1.85,1.85,1.81,1.81,229270
2001/7/9,600056.sh,1.80,1.83,1.80,1.82,133919
2001/7/10,600056.sh,1.82,1.86,1.82,1.86,178927
2001/7/11,600056.sh,1.86,1.86,1.83,1.83,144880
2001/7/12,600056.sh,1.82,1.83,1.81,1.82,111620
2001/7/13,600056.sh,1.85,1.85,1.82,1.82,77090
2001/7/16,600056.sh,1.83,1.89,1.83,1.84,259644
2001/7/17,600056.sh,1.85,1.85,1.82,1.84,107390
2001/7/18,600056.sh,1.83,1.85,1.83,1.84,64520
2001/7/19,600056.sh,1.84,1.84,1.82,1.83,81186
2001/7/20,600056.sh,1.83,1.86,1.83,1.86,147518
2001/7/23,600056.sh,1.87,1.87,1.85,1.86,127950
2001/7/24,600056.sh,1.85,1.85,1.81,1.82,168752
2001/7/25,600056.sh,1.79,1.84,1.79,1.80,135635
2001/7/26,600056.sh,1.79,1.80,1.73,1.74,217180
2001/7/27,600056.sh,1.73,1.78,1.72,1.72,200950
2001/7/30,600056.sh,1.71,1.72,1.62,1.62,302020
2001/7/31,600056.sh,1.46,1.54,1.46,1.46,650488
2001/8/1,600056.sh,1.45,1.51,1.42,1.51,776496
2001/8/2,600056.sh,1.51,1.51,1.41,1.47,347027
2001/8/3,600056.sh,1.47,1.48,1.45,1.48,132606
2001/8/6,600056.sh,1.48,1.48,1.38,1.40,322869
2001/8/7,600056.sh,1.39,1.43,1.37,1.43,212903
2001/8/8,600056.sh,1.43,1.43,1.40,1.41,100500
2001/8/9,600056.sh,1.41,1.46,1.40,1.45,134539
2001/8/10,600056.sh,1.45,1.48,1.45,1.48,239020
2001/8/13,600056.sh,1.49,1.51,1.47,1.50,228555
2001/8/14,600056.sh,1.50,1.52,1.47,1.48,230528
2001/8/15,600056.sh,1.48,1.49,1.46,1.47,112990
2001/8/16,600056.sh,1.47,1.49,1.44,1.44,194160
2001/8/17,600056.sh,1.43,1.46,1.42,1.44,150341
2001/8/20,600056.sh,1.41,1.46,1.41,1.45,54938
2001/8/21,600056.sh,1.45,1.49,1.45,1.47,54250
2001/8/22,600056.sh,1.46,1.47,1.42,1.44,96190
2001/8/23,600056.sh,1.43,1.45,1.41,1.43,62300
2001/8/24,600056.sh,1.43,1.46,1.42,1.43,57120
2001/8/27,600056.sh,1.41,1.42,1.36,1.38,267598
2001/8/28,600056.sh,1.38,1.39,1.36,1.39,128242
2001/8/29,600056.sh,1.40,1.42,1.38,1.40,88205
2001/8/30,600056.sh,1.39,1.40,1.39,1.39,56330
2001/8/31,600056.sh,1.42,1.42,1.39,1.39,32115
2001/9/3,600056.sh,1.39,1.39,1.38,1.38,52650
2001/9/4,600056.sh,1.38,1.42,1.38,1.42,98730
2001/9/5,600056.sh,1.42,1.45,1.41,1.42,111300
2001/9/6,600056.sh,1.43,1.43,1.40,1.40,122471
2001/9/7,600056.sh,1.39,1.41,1.36,1.37,140800
2001/9/10,600056.sh,1.35,1.41,1.34,1.40,100861
2001/9/11,600056.sh,1.40,1.42,1.40,1.40,62400
2001/9/12,600056.sh,1.36,1.40,1.34,1.38,205590
2001/9/13,600056.sh,1.39,1.39,1.36,1.37,69372
2001/9/14,600056.sh,1.37,1.38,1.35,1.36,108715
2001/9/17,600056.sh,1.34,1.35,1.30,1.30,183530
2001/9/18,600056.sh,1.30,1.33,1.30,1.30,124120
2001/9/19,600056.sh,1.31,1.34,1.30,1.34,107783
2001/9/20,600056.sh,1.34,1.35,1.31,1.32,155380
2001/9/21,600056.sh,1.31,1.33,1.31,1.32,78226
2001/9/24,600056.sh,1.32,1.35,1.32,1.34,76520
2001/9/25,600056.sh,1.35,1.35,1.33,1.33,46820
2001/9/26,600056.sh,1.33,1.33,1.29,1.30,152900
2001/9/27,600056.sh,1.29,1.31,1.29,1.30,81571
2001/9/28,600056.sh,1.31,1.31,1.28,1.29,72074
2001/10/8,600056.sh,1.31,1.31,1.21,1.23,64430
2001/10/9,600056.sh,1.22,1.25,1.21,1.24,69728
2001/10/10,600056.sh,1.24,1.25,1.15,1.16,176618
2001/10/11,600056.sh,1.17,1.18,1.09,1.11,284420
2001/10/12,600056.sh,1.11,1.17,1.10,1.16,303588
2001/10/15,600056.sh,1.17,1.20,1.16,1.19,164517
2001/10/16,600056.sh,1.19,1.19,1.15,1.16,83104
2001/10/17,600056.sh,1.16,1.16,1.14,1.16,45490
2001/10/18,600056.sh,1.16,1.16,1.13,1.14,50900
2001/10/19,600056.sh,1.12,1.15,1.09,1.11,141560
2001/10/22,600056.sh,1.09,1.11,1.07,1.07,118070
2001/10/23,600056.sh,1.18,1.18,1.15,1.18,215303
2001/10/24,600056.sh,1.25,1.27,1.21,1.26,592789
2001/10/25,600056.sh,1.23,1.25,1.20,1.21,281510
2001/10/26,600056.sh,1.20,1.22,1.19,1.21,126986
2001/10/29,600056.sh,1.21,1.24,1.21,1.23,112063
2001/10/30,600056.sh,1.23,1.24,1.22,1.22,88480
2001/10/31,600056.sh,1.22,1.24,1.20,1.24,79912
2001/11/1,600056.sh,1.25,1.26,1.24,1.25,170608
2001/11/2,600056.sh,1.24,1.25,1.22,1.22,93973
2001/11/5,600056.sh,1.22,1.23,1.21,1.21,59485
2001/11/6,600056.sh,1.22,1.22,1.20,1.21,44400
2001/11/7,600056.sh,1.21,1.21,1.15,1.15,135970
2001/11/8,600056.sh,1.11,1.16,1.11,1.16,106069
2001/11/9,600056.sh,1.17,1.18,1.15,1.18,71650
2001/11/12,600056.sh,1.18,1.20,1.18,1.18,95930
2001/11/13,600056.sh,1.15,1.17,1.15,1.16,22991
2001/11/14,600056.sh,1.15,1.19,1.15,1.17,29500
2001/11/15,600056.sh,1.17,1.17,1.16,1.17,25300
2001/11/16,600056.sh,1.27,1.27,1.18,1.19,221142
2001/11/19,600056.sh,1.20,1.23,1.19,1.22,87300
2001/11/20,600056.sh,1.22,1.25,1.21,1.24,263439
2001/11/21,600056.sh,1.24,1.26,1.23,1.26,295350
2001/11/22,600056.sh,1.26,1.29,1.26,1.28,311203
2001/11/23,600056.sh,1.27,1.28,1.26,1.26,230779
2001/11/26,600056.sh,1.26,1.26,1.25,1.26,113475
2001/11/27,600056.sh,1.26,1.28,1.26,1.27,75819
2001/11/28,600056.sh,1.28,1.31,1.28,1.29,195586
2001/11/29,600056.sh,1.29,1.29,1.27,1.28,125056
2001/11/30,600056.sh,1.28,1.30,1.27,1.30,93077
2001/12/3,600056.sh,1.30,1.31,1.30,1.30,138810
2001/12/4,600056.sh,1.30,1.30,1.28,1.29,126096
2001/12/5,600056.sh,1.29,1.29,1.26,1.26,175300
2001/12/6,600056.sh,1.25,1.27,1.25,1.27,117354
2001/12/7,600056.sh,1.27,1.29,1.27,1.28,71980
2001/12/10,600056.sh,1.26,1.28,1.26,1.28,41762
2001/12/11,600056.sh,1.28,1.29,1.27,1.28,86224
2001/12/12,600056.sh,1.28,1.30,1.27,1.30,237570
2001/12/13,600056.sh,1.30,1.30,1.25,1.26,174779
2001/12/14,600056.sh,1.25,1.26,1.22,1.23,189000
2001/12/17,600056.sh,1.22,1.23,1.20,1.21,88775
2001/12/18,600056.sh,1.20,1.23,1.20,1.23,67140
2001/12/19,600056.sh,1.23,1.24,1.21,1.22,61482
2001/12/20,600056.sh,1.20,1.23,1.20,1.20,124298
2001/12/21,600056.sh,1.23,1.31,1.20,1.24,195377
2001/12/24,600056.sh,1.23,1.25,1.20,1.22,70640
2001/12/25,600056.sh,1.20,1.22,1.20,1.22,48689
2001/12/26,600056.sh,1.21,1.23,1.20,1.23,39545
2001/12/27,600056.sh,1.24,1.24,1.23,1.24,83503
2001/12/28,600056.sh,1.24,1.25,1.22,1.23,48572
2001/12/31,600056.sh,1.23,1.23,1.22,1.23,127629
2002/1/4,600056.sh,1.22,1.23,1.20,1.20,102780
2002/1/7,600056.sh,1.20,1.20,1.18,1.19,121990
2002/1/8,600056.sh,1.18,1.19,1.17,1.17,52700
2002/1/9,600056.sh,1.17,1.19,1.16,1.16,65600
2002/1/10,600056.sh,1.15,1.19,1.13,1.18,90133
2002/1/11,600056.sh,1.18,1.20,1.14,1.14,48000
2002/1/14,600056.sh,1.11,1.14,1.11,1.11,76213
2002/1/15,600056.sh,1.11,1.12,1.10,1.11,120250
2002/1/16,600056.sh,1.11,1.12,1.07,1.11,88950
2002/1/17,600056.sh,1.11,1.11,1.02,1.02,145425
2002/1/18,600056.sh,1.02,1.03,0.98,1.01,172346
2002/1/21,600056.sh,0.98,0.99,0.95,0.95,99690
2002/1/22,600056.sh,0.95,0.98,0.91,0.92,143220
2002/1/23,600056.sh,0.90,0.98,0.89,0.98,197031
2002/1/24,600056.sh,0.97,1.01,0.94,0.98,240440
2002/1/25,600056.sh,0.98,1.00,0.98,0.99,115570
2002/1/28,600056.sh,0.98,0.98,0.92,0.92,197060
2002/1/29,600056.sh,0.93,0.95,0.92,0.94,107401
2002/1/30,600056.sh,0.94,0.94,0.94,0.94,INVALID
2002/1/31,600056.sh,0.96,1.03,0.96,1.03,395475
2002/2/1,600056.sh,1.07,1.13,1.05,1.08,554039
2002/2/4,600056.sh,1.08,1.09,1.07,1.09,184895
2002/2/5,600056.sh,1.09,1.09,1.07,1.08,116942
2002/2/6,600056.sh,1.09,1.09,1.05,1.05,172540
2002/2/7,600056.sh,1.05,1.09,1.05,1.08,114433
2002/2/8,600056.sh,1.08,1.09,1.07,1.07,108250
2002/2/25,600056.sh,1.11,1.12,1.08,1.09,85023
2002/2/26,600056.sh,1.10,1.10,1.06,1.07,96100
2002/2/27,600056.sh,1.07,1.09,1.07,1.08,74580
2002/2/28,600056.sh,1.07,1.09,1.07,1.07,76900
2002/3/1,600056.sh,1.08,1.08,1.04,1.06,87400
2002/3/4,600056.sh,1.07,1.08,1.05,1.07,42020
2002/3/5,600056.sh,1.09,1.11,1.07,1.10,289767
2002/3/6,600056.sh,1.10,1.13,1.10,1.11,319650
2002/3/7,600056.sh,1.11,1.15,1.11,1.15,270883
2002/3/8,600056.sh,1.16,1.20,1.15,1.17,581571
2002/3/11,600056.sh,1.17,1.18,1.16,1.18,310919
2002/3/12,600056.sh,1.18,1.18,1.15,1.15,297229
2002/3/13,600056.sh,1.14,1.15,1.12,1.14,255913
2002/3/14,600056.sh,1.13,1.18,1.13,1.18,231436
2002/3/15,600056.sh,1.19,1.19,1.13,1.13,201245
2002/3/18,600056.sh,1.16,1.17,1.14,1.14,139360
2002/3/19,600056.sh,1.16,1.18,1.15,1.18,191222
2002/3/20,600056.sh,1.19,1.22,1.18,1.20,421527
2002/3/21,600056.sh,1.21,1.21,1.19,1.20,218015
2002/3/22,600056.sh,1.20,1.22,1.20,1.21,321610
2002/3/25,600056.sh,1.23,1.24,1.21,1.23,312818
2002/3/26,600056.sh,1.23,1.26,1.20,1.26,624265
2002/3/27,600056.sh,1.26,1.29,1.26,1.28,822765
2002/3/28,600056.sh,1.29,1.30,1.28,1.29,662843
2002/3/29,600056.sh,1.29,1.29,1.23,1.23,499249
2002/4/1,600056.sh,1.22,1.23,1.21,1.23,194280
2002/4/2,600056.sh,1.23,1.25,1.19,1.19,267591
2002/4/3,600056.sh,1.19,1.21,1.19,1.20,169710
2002/4/4,600056.sh,1.20,1.27,1.18,1.25,257252
2002/4/5,600056.sh,1.27,1.27,1.23,1.24,270018
2002/4/8,600056.sh,1.24,1.25,1.22,1.24,94840
2002/4/9,600056.sh,1.24,1.27,1.24,1.26,285031
2002/4/10,600056.sh,1.26,1.28,1.26,1.26,265335
2002/4/11,600056.sh,1.26,1.27,1.24,1.25,260454
2002/4/12,600056.sh,1.24,1.25,1.23,1.25,176620
2002/4/15,600056.sh,1.24,1.25,1.23,1.24,103852
2002/4/16,600056.sh,1.23,1.25,1.23,1.24,55400
2002/4/17,600056.sh,1.24,1.25,1.23,1.24,88165
2002/4/18,600056.sh,1.24,1.24,1.23,1.24,165735
2002/4/19,600056.sh,1.23,1.25,1.22,1.25,106324
2002/4/22,600056.sh,1.23,1.24,1.22,1.22,100119
2002/4/23,600056.sh,1.22,1.23,1.22,1.22,86968
2002/4/24,600056.sh,1.22,1.23,1.20,1.21,76645
2002/4/25,600056.sh,1.22,1.22,1.19,1.21,80904
2002/4/26,600056.sh,1.21,1.21,1.21,1.21,INVALID
2002/4/29,600056.sh,1.27,1.28,1.24,1.28,727550
2002/4/30,600056.sh,1.29,1.29,1.26,1.28,371852
2002/5/8,600056.sh,1.27,1.27,1.25,1.25,158020
2002/5/9,600056.sh,1.25,1.27,1.25,1.26,117318
2002/5/10,600056.sh,1.25,1.25,1.24,1.24,81700
2002/5/13,600056.sh,1.23,1.24,1.22,1.24,69900
2002/5/14,600056.sh,1.24,1.24,1.22,1.23,56440
2002/5/15,600056.sh,1.23,1.23,1.20,1.21,170998
2002/5/16,600056.sh,1.20,1.21,1.17,1.18,185074
2002/5/17,600056.sh,1.18,1.21,1.18,1.21,149117
2002/5/20,600056.sh,1.21,1.21,1.18,1.20,118110
2002/5/21,600056.sh,1.22,1.23,1.21,1.22,285788
2002/5/22,600056.sh,1.22,1.22,1.20,1.22,144372
2002/5/23,600056.sh,1.22,1.24,1.21,1.23,147470
2002/5/24,600056.sh,1.22,1.22,1.20,1.21,68850
2002/5/27,600056.sh,1.21,1.21,1.19,1.20,43690
2002/5/28,600056.sh,1.20,1.22,1.20,1.21,69550
2002/5/29,600056.sh,1.21,1.21,1.17,1.18,123534
2002/5/30,600056.sh,1.18,1.20,1.15,1.17,99730
2002/5/31,600056.sh,1.19,1.19,1.16,1.16,37500
2002/6/3,600056.sh,1.15,1.15,1.13,1.13,123580
2002/6/4,600056.sh,1.13,1.14,1.12,1.13,52630
2002/6/5,600056.sh,1.12,1.12,1.07,1.12,141224
2002/6/6,600056.sh,1.11,1.19,1.10,1.19,185281
2002/6/7,600056.sh,1.19,1.20,1.16,1.19,179497
2002/6/10,600056.sh,1.19,1.19,1.16,1.17,52610
2002/6/11,600056.sh,1.17,1.19,1.17,1.19,47632
2002/6/12,600056.sh,1.19,1.19,1.16,1.17,26430
2002/6/13,600056.sh,1.17,1.17,1.16,1.16,28800
2002/6/14,600056.sh,1.14,1.17,1.13,1.14,47900
2002/6/17,600056.sh,1.13,1.15,1.13,1.14,37630
2002/6/18,600056.sh,1.15,1.19,1.15,1.17,63768
2002/6/19,600056.sh,1.17,1.18,1.15,1.16,14385
2002/6/20,600056.sh,1.16,1.18,1.16,1.17,21450
2002/6/21,600056.sh,1.18,1.24,1.17,1.23,306970
2002/6/24,600056.sh,1.36,1.36,1.30,1.36,1867720
2002/6/25,600056.sh,1.35,1.37,1.31,1.33,737540
2002/6/26,600056.sh,1.31,1.34,1.31,1.34,417063
2002/6/27,600056.sh,1.34,1.34,1.31,1.32,154530
2002/6/28,600056.sh,1.32,1.32,1.28,1.31,327924
2002/7/1,600056.sh,1.31,1.31,1.28,1.28,194300
2002/7/2,600056.sh,1.29,1.29,1.27,1.29,105503
2002/7/3,600056.sh,1.29,1.30,1.29,1.30,120272
2002/7/4,600056.sh,1.30,1.30,1.28,1.29,96838
2002/7/5,600056.sh,1.28,1.30,1.28,1.30,79340
2002/7/8,600056.sh,1.30,1.30,1.29,1.30,102782
2002/7/9,600056.sh,1.30,1.30,1.29,1.30,81024
2002/7/10,600056.sh,1.30,1.30,1.28,1.29,134165
2002/7/11,600056.sh,1.28,1.29,1.27,1.28,83650
2002/7/12,600056.sh,1.29,1.29,1.27,1.29,59500
2002/7/15,600056.sh,1.29,1.29,1.28,1.29,84800
2002/7/16,600056.sh,1.29,1.29,1.28,1.28,52500
2002/7/17,600056.sh,1.29,1.29,1.26,1.28,61504
2002/7/18,600056.sh,1.28,1.28,1.27,1.28,70492
2002/7/19,600056.sh,1.28,1.28,1.26,1.28,55287
2002/7/22,600056.sh,1.28,1.28,1.25,1.26,67413
2002/7/23,600056.sh,1.26,1.27,1.26,1.26,56480
2002/7/24,600056.sh,1.26,1.27,1.23,1.24,178821
2002/7/25,600056.sh,1.25,1.25,1.23,1.23,66238
2002/7/26,600056.sh,1.23,1.24,1.23,1.23,38028
2002/7/29,600056.sh,1.19,1.25,1.19,1.25,63587
2002/7/30,600056.sh,1.25,1.25,1.23,1.24,82738
2002/7/31,600056.sh,1.24,1.25,1.22,1.23,40920
2002/8/1,600056.sh,1.23,1.25,1.21,1.24,50215
2002/8/2,600056.sh,1.23,1.24,1.23,1.24,32015
2002/8/5,600056.sh,1.23,1.24,1.23,1.23,22104
2002/8/6,600056.sh,1.23,1.25,1.21,1.24,68166
2002/8/7,600056.sh,1.23,1.25,1.23,1.24,41530
2002/8/8,600056.sh,1.24,1.25,1.23,1.23,53000
2002/8/9,600056.sh,1.23,1.24,1.22,1.22,41122
2002/8/12,600056.sh,1.22,1.24,1.22,1.23,35950
2002/8/13,600056.sh,1.23,1.26,1.23,1.25,127360
2002/8/14,600056.sh,1.25,1.26,1.24,1.26,73902
2002/8/15,600056.sh,1.26,1.26,1.24,1.24,43000
2002/8/16,600056.sh,1.25,1.26,1.23,1.25,68530
2002/8/19,600056.sh,1.24,1.25,1.24,1.24,36500
2002/8/20,600056.sh,1.23,1.25,1.23,1.25,71194
2002/8/21,600056.sh,1.25,1.25,1.23,1.24,56567
2002/8/22,600056.sh,1.24,1.28,1.24,1.27,175418
2002/8/23,600056.sh,1.27,1.32,1.27,1.28,203581
2002/8/26,600056.sh,1.28,1.30,1.28,1.30,244462
2002/8/27,600056.sh,1.30,1.34,1.30,1.32,793064
2002/8/28,600056.sh,1.32,1.32,1.30,1.30,182268
2002/8/29,600056.sh,1.29,1.30,1.28,1.28,105082
2002/8/30,600056.sh,1.28,1.29,1.28,1.29,81101
2002/9/2,600056.sh,1.29,1.30,1.28,1.29,58710
2002/9/3,600056.sh,1.29,1.30,1.29,1.30,49895
2002/9/4,600056.sh,1.32,1.32,1.28,1.29,60829
2002/9/5,600056.sh,1.28,1.29,1.26,1.26,131232
2002/9/6,600056.sh,1.25,1.27,1.25,1.25,64608
2002/9/9,600056.sh,1.26,1.26,1.24,1.26,89847
2002/9/10,600056.sh,1.26,1.26,1.25,1.26,76110
2002/9/11,600056.sh,1.26,1.31,1.25,1.31,519991
2002/9/12,600056.sh,1.30,1.32,1.30,1.31,428938
2002/9/13,600056.sh,1.31,1.31,1.30,1.30,133620
2002/9/16,600056.sh,1.30,1.32,1.29,1.30,336755
2002/9/17,600056.sh,1.30,1.33,1.30,1.31,382231
2002/9/18,600056.sh,1.30,1.31,1.27,1.28,261610
2002/9/19,600056.sh,1.27,1.29,1.25,1.28,263052
2002/9/20,600056.sh,1.28,1.28,1.27,1.27,97007
2002/9/23,600056.sh,1.27,1.28,1.26,1.27,59770
2002/9/24,600056.sh,1.26,1.28,1.26,1.26,54060
2002/9/25,600056.sh,1.26,1.27,1.26,1.26,99417
2002/9/26,600056.sh,1.27,1.27,1.25,1.25,134484
2002/9/27,600056.sh,1.25,1.25,1.23,1.24,164515
2002/10/8,600056.sh,1.24,1.25,1.22,1.24,72344
2002/10/9,600056.sh,1.24,1.24,1.20,1.20,115400
2002/10/10,600056.sh,1.20,1.21,1.19,1.19,66714
2002/10/11,600056.sh,1.19,1.20,1.18,1.18,72789
2002/10/14,600056.sh,1.18,1.20,1.17,1.19,65026
2002/10/15,600056.sh,1.19,1.20,1.18,1.20,48588
2002/10/16,600056.sh,1.20,1.22,1.18,1.20,97855
2002/10/17,600056.sh,1.20,1.20,1.18,1.18,95300
2002/10/18,600056.sh,1.18,1.20,1.16,1.19,129895
2002/10/21,600056.sh,1.18,1.18,1.16,1.18,46501
2002/10/22,600056.sh,1.19,1.20,1.18,1.19,60950
2002/10/23,600056.sh,1.18,1.20,1.17,1.19,57322
2002/10/24,600056.sh,1.18,1.19,1.18,1.18,38624
2002/10/25,600056.sh,1.18,1.20,1.18,1.18,65810
2002/10/28,600056.sh,1.18,1.18,1.16,1.17,65428
2002/10/29,600056.sh,1.17,1.17,1.15,1.16,116500
2002/10/30,600056.sh,1.16,1.16,1.13,1.14,113976
2002/10/31,600056.sh,1.14,1.16,1.13,1.14,59370
2002/11/1,600056.sh,1.14,1.15,1.14,1.15,36010
2002/11/4,600056.sh,1.15,1.17,1.15,1.17,53808
2002/11/5,600056.sh,1.16,1.19,1.16,1.18,95014
2002/11/6,600056.sh,1.18,1.20,1.18,1.20,101411
2002/11/7,600056.sh,1.20,1.22,1.20,1.21,214534
2002/11/8,600056.sh,1.22,1.22,1.17,1.17,93828
2002/11/11,600056.sh,1.17,1.17,1.15,1.15,89919
2002/11/12,600056.sh,1.15,1.15,1.13,1.13,138288
2002/11/13,600056.sh,1.14,1.14,1.09,1.12,103537
2002/11/14,600056.sh,1.12,1.13,1.10,1.10,60676
2002/11/15,600056.sh,1.10,1.12,1.10,1.11,83164
2002/11/18,600056.sh,1.11,1.12,1.10,1.10,41600
2002/11/19,600056.sh,1.10,1.12,1.09,1.11,71044
2002/11/20,600056.sh,1.10,1.11,1.07,1.08,77940
2002/11/21,600056.sh,1.07,1.07,1.05,1.05,119142
2002/11/22,600056.sh,1.06,1.09,1.04,1.06,68040
2002/11/25,600056.sh,1.06,1.07,1.06,1.07,29404
2002/11/26,600056.sh,1.06,1.08,1.03,1.04,33800
2002/11/27,600056.sh,1.03,1.04,1.01,1.03,112460
2002/11/28,600056.sh,1.03,1.05,1.02,1.05,75271
2002/11/29,600056.sh,1.05,1.05,1.05,1.05,INVALID
2002/12/2,600056.sh,1.07,1.13,1.05,1.05,665512
2002/12/3,600056.sh,1.05,1.06,1.04,1.06,129667
2002/12/4,600056.sh,1.06,1.08,1.06,1.08,174750
2002/12/5,600056.sh,1.06,1.08,1.04,1.05,73644
2002/12/6,600056.sh,1.05,1.06,1.05,1.05,66500
2002/12/9,600056.sh,1.05,1.06,1.04,1.04,73865
2002/12/10,600056.sh,1.04,1.04,1.02,1.02,56800
2002/12/11,600056.sh,1.02,1.03,1.01,1.02,49166
2002/12/12,600056.sh,1.02,1.04,1.02,1.03,76608
2002/12/13,600056.sh,1.02,1.05,1.01,1.03,63330
2002/12/16,600056.sh,1.04,1.05,1.03,1.04,75800
2002/12/17,600056.sh,1.06,1.06,1.04,1.05,59569
2002/12/18,600056.sh,1.05,1.08,1.05,1.06,115186
2002/12/19,600056.sh,1.06,1.06,1.04,1.05,37430
2002/12/20,600056.sh,1.05,1.07,1.05,1.07,49690
2002/12/23,600056.sh,1.07,1.08,1.06,1.06,55140
2002/12/24,600056.sh,1.06,1.07,1.05,1.06,48401
2002/12/25,600056.sh,1.06,1.06,1.05,1.05,39250
2002/12/26,600056.sh,1.05,1.06,1.02,1.02,74239
2002/12/27,600056.sh,1.01,1.03,1.01,1.02,49200
2002/12/30,600056.sh,1.02,1.02,1.00,1.02,86450
2002/12/31,600056.sh,1.01,1.03,1.00,1.00,54200
2003/1/2,600056.sh,1.01,1.01,0.96,0.96,119700
2003/1/3,600056.sh,0.96,0.97,0.96,0.97,116057
2003/1/6,600056.sh,0.97,0.98,0.95,0.98,51577
2003/1/7,600056.sh,0.97,0.99,0.97,0.99,91335
2003/1/8,600056.sh,0.99,1.01,0.97,1.01,47280
2003/1/9,600056.sh,1.01,1.03,1.01,1.03,141779
2003/1/10,600056.sh,1.03,1.04,1.02,1.03,180109
2003/1/13,600056.sh,1.02,1.04,1.02,1.03,51470
2003/1/14,600056.sh,1.03,1.09,1.03,1.08,326849
2003/1/15,600056.sh,1.08,1.11,1.07,1.10,508565
2003/1/16,600056.sh,1.10,1.12,1.08,1.12,603079
2003/1/17,600056.sh,1.13,1.13,1.10,1.10,311495
2003/1/20,600056.sh,1.09,1.12,1.08,1.11,226462
2003/1/21,600056.sh,1.11,1.12,1.09,1.09,218510
2003/1/22,600056.sh,1.08,1.09,1.08,1.08,76396
2003/1/23,600056.sh,1.08,1.10,1.07,1.07,233348
2003/1/24,600056.sh,1.07,1.09,1.07,1.08,82901
2003/1/27,600056.sh,1.09,1.11,1.08,1.10,142267
2003/1/28,600056.sh,1.10,1.11,1.10,1.10,51917
2003/1/29,600056.sh,1.09,1.11,1.09,1.10,118400
2003/2/10,600056.sh,1.09,1.09,1.08,1.08,32980
2003/2/11,600056.sh,1.08,1.09,1.07,1.08,50980
2003/2/12,600056.sh,1.08,1.10,1.08,1.10,67757
2003/2/13,600056.sh,1.08,1.12,1.08,1.11,225140
2003/2/14,600056.sh,1.11,1.11,1.11,1.11,83741
2003/2/17,600056.sh,1.11,1.13,1.11,1.12,307610
2003/2/18,600056.sh,1.11,1.15,1.11,1.13,355215
2003/2/19,600056.sh,1.13,1.14,1.12,1.13,95021
2003/2/20,600056.sh,1.14,1.14,1.13,1.13,155000
2003/2/21,600056.sh,1.13,1.14,1.11,1.11,241720
2003/2/24,600056.sh,1.11,1.11,1.10,1.10,120300
2003/2/25,600056.sh,1.11,1.13,1.11,1.13,76288
2003/2/26,600056.sh,1.13,1.14,1.12,1.12,114379
2003/2/27,600056.sh,1.12,1.13,1.12,1.13,59535
2003/2/28,600056.sh,1.12,1.12,1.11,1.12,70600
2003/3/3,600056.sh,1.12,1.14,1.12,1.14,122253
2003/3/4,600056.sh,1.14,1.14,1.13,1.14,92400
2003/3/5,600056.sh,1.14,1.14,1.13,1.14,72530
2003/3/6,600056.sh,1.13,1.15,1.13,1.14,167220
2003/3/7,600056.sh,1.14,1.14,1.13,1.13,92937
2003/3/10,600056.sh,1.13,1.13,1.10,1.11,128170
2003/3/11,600056.sh,1.11,1.11,1.11,1.11,86290
2003/3/12,600056.sh,1.11,1.12,1.09,1.10,108535
2003/3/13,600056.sh,1.10,1.12,1.10,1.11,175094
2003/3/14,600056.sh,1.12,1.14,1.10,1.13,162569
2003/3/17,600056.sh,1.13,1.15,1.12,1.15,226105
2003/3/18,600056.sh,1.15,1.18,1.14,1.16,702026
2003/3/19,600056.sh,1.17,1.20,1.16,1.17,705949
2003/3/20,600056.sh,1.17,1.18,1.16,1.16,240780
2003/3/21,600056.sh,1.16,1.20,1.16,1.19,359861
2003/3/24,600056.sh,1.19,1.20,1.18,1.19,203115
2003/3/25,600056.sh,1.18,1.19,1.17,1.17,163548
2003/3/26,600056.sh,1.17,1.18,1.16,1.18,168355
2003/3/27,600056.sh,1.17,1.21,1.16,1.21,289866
2003/3/28,600056.sh,1.21,1.21,1.19,1.20,199340
2003/3/31,600056.sh,1.20,1.21,1.19,1.20,146106
2003/4/1,600056.sh,1.20,1.21,1.18,1.20,230286
2003/4/2,600056.sh,1.20,1.20,1.19,1.19,123659
2003/4/3,600056.sh,1.19,1.19,1.18,1.18,139502
2003/4/4,600056.sh,1.18,1.20,1.18,1.19,125105
2003/4/7,600056.sh,1.19,1.20,1.18,1.18,99539
2003/4/8,600056.sh,1.18,1.19,1.18,1.18,81840
2003/4/9,600056.sh,1.18,1.19,1.16,1.18,238935
2003/4/10,600056.sh,1.18,1.21,1.17,1.21,394656
2003/4/11,600056.sh,1.21,1.23,1.20,1.23,420501
2003/4/14,600056.sh,1.23,1.26,1.22,1.24,526282
2003/4/15,600056.sh,1.24,1.30,1.23,1.30,1137285
2003/4/16,600056.sh,1.32,1.36,1.28,1.29,1307651
2003/4/17,600056.sh,1.29,1.31,1.28,1.30,438171
2003/4/18,600056.sh,1.30,1.30,1.27,1.29,380382
2003/4/21,600056.sh,1.30,1.30,1.25,1.27,435198
2003/4/22,600056.sh,1.27,1.27,1.27,1.27,INVALID
2003/4/23,600056.sh,1.27,1.29,1.23,1.24,269950
2003/4/24,600056.sh,1.24,1.24,1.19,1.20,439050
2003/4/25,600056.sh,1.16,1.19,1.16,1.16,240894
2003/4/28,600056.sh,1.15,1.19,1.12,1.19,356180
2003/4/29,600056.sh,1.19,1.19,1.15,1.16,175927
2003/4/30,600056.sh,1.17,1.18,1.15,1.17,207370
2003/5/12,600056.sh,1.16,1.17,1.14,1.16,138809
2003/5/13,600056.sh,1.16,1.16,1.09,1.09,363157
2003/5/14,600056.sh,1.07,1.11,1.07,1.11,121570
2003/5/15,600056.sh,1.11,1.16,1.10,1.16,285085
2003/5/16,600056.sh,1.16,1.17,1.15,1.16,145190
2003/5/19,600056.sh,1.16,1.19,1.15,1.18,121103
2003/5/20,600056.sh,1.18,1.20,1.16,1.16,120845
2003/5/21,600056.sh,1.17,1.17,1.16,1.17,92600
2003/5/22,600056.sh,1.16,1.17,1.15,1.17,68649
2003/5/23,600056.sh,1.16,1.18,1.16,1.16,147500
2003/5/26,600056.sh,1.16,1.18,1.15,1.18,123779
2003/5/27,600056.sh,1.18,1.20,1.16,1.20,383929
2003/5/28,600056.sh,1.20,1.22,1.19,1.21,343962
2003/5/29,600056.sh,1.20,1.24,1.20,1.22,453087
2003/5/30,600056.sh,1.22,1.26,1.22,1.23,216180
2003/6/2,600056.sh,1.22,1.24,1.22,1.23,188609
2003/6/3,600056.sh,1.23,1.23,1.20,1.20,177017
2003/6/4,600056.sh,1.21,1.26,1.21,1.24,764235
2003/6/5,600056.sh,1.25,1.27,1.24,1.25,580957
2003/6/6,600056.sh,1.25,1.25,1.22,1.23,383404
2003/6/9,600056.sh,1.23,1.23,1.19,1.19,433675
2003/6/10,600056.sh,1.19,1.19,1.16,1.17,199170
2003/6/11,600056.sh,1.16,1.20,1.16,1.20,342643
2003/6/12,600056.sh,1.20,1.22,1.20,1.21,368066
2003/6/13,600056.sh,1.21,1.24,1.21,1.22,409184
2003/6/16,600056.sh,1.22,1.22,1.19,1.20,135874
2003/6/17,600056.sh,1.19,1.21,1.18,1.20,103654
2003/6/18,600056.sh,1.20,1.20,1.18,1.20,86552
2003/6/19,600056.sh,1.19,1.20,1.16,1.20,185026
2003/6/20,600056.sh,1.18,1.18,1.17,1.18,104937
2003/6/23,600056.sh,1.17,1.17,1.14,1.14,90100
2003/6/24,600056.sh,1.14,1.15,1.14,1.14,125540
2003/6/25,600056.sh,1.17,1.17,1.14,1.14,84361
2003/6/26,600056.sh,1.14,1.14,1.11,1.14,151148
2003/6/27,600056.sh,1.14,1.14,1.11,1.11,139282
2003/6/30,600056.sh,1.11,1.13,1.10,1.10,77100
2003/7/1,600056.sh,1.09,1.11,1.09,1.09,77081
2003/7/2,600056.sh,1.10,1.10,1.09,1.10,49553
2003/7/3,600056.sh,1.10,1.14,1.09,1.13,139324
2003/7/4,600056.sh,1.13,1.13,1.10,1.11,29960
2003/7/7,600056.sh,1.09,1.12,1.09,1.10,31876
2003/7/8,600056.sh,1.10,1.11,1.09,1.10,49919
2003/7/9,600056.sh,1.10,1.11,1.09,1.10,72593
2003/7/10,600056.sh,1.09,1.13,1.09,1.13,247589
2003/7/11,600056.sh,1.12,1.15,1.12,1.13,161000
2003/7/14,600056.sh,1.12,1.13,1.11,1.11,61500
2003/7/15,600056.sh,1.12,1.12,1.10,1.11,64289
2003/7/16,600056.sh,1.10,1.12,1.10,1.11,24164
2003/7/17,600056.sh,1.09,1.11,1.09,1.10,165390
2003/7/18,600056.sh,1.10,1.10,1.09,1.10,158390
2003/7/21,600056.sh,1.10,1.10,1.06,1.06,194755
2003/7/22,600056.sh,1.08,1.08,1.04,1.05,156372
2003/7/23,600056.sh,1.05,1.06,1.04,1.04,102988
2003/7/24,600056.sh,1.06,1.06,1.04,1.04,72211
2003/7/25,600056.sh,1.04,1.05,1.03,1.03,108100
2003/7/28,600056.sh,1.03,1.03,1.00,1.00,129680
2003/7/29,600056.sh,1.00,1.01,0.99,1.00,82608
2003/7/30,600056.sh,1.00,1.01,1.00,1.00,64950
2003/7/31,600056.sh,1.01,1.01,1.00,1.00,32076
2003/8/1,600056.sh,1.00,1.00,0.98,0.99,75460
2003/8/4,600056.sh,0.98,1.00,0.97,1.00,93708
2003/8/5,600056.sh,1.01,1.01,1.00,1.01,69828
2003/8/6,600056.sh,1.01,1.01,0.99,1.01,95971
2003/8/7,600056.sh,1.01,1.01,0.99,1.00,61800
2003/8/8,600056.sh,0.99,0.99,0.97,0.98,58780
2003/8/11,600056.sh,0.98,0.98,0.98,0.98,INVALID
2003/8/12,600056.sh,0.98,1.00,0.98,1.00,46092
2003/8/13,600056.sh,1.00,1.02,1.00,1.01,59973
2003/8/14,600056.sh,1.00,1.00,0.97,0.98,40997
2003/8/15,600056.sh,0.98,0.99,0.98,0.98,40824
2003/8/18,600056.sh,0.98,0.98,0.96,0.97,126630
2003/8/19,600056.sh,0.97,0.97,0.96,0.97,47308
2003/8/20,600056.sh,0.96,0.96,0.95,0.95,69016
2003/8/21,600056.sh,0.95,0.96,0.95,0.96,55820
2003/8/22,600056.sh,0.95,0.96,0.95,0.96,29696
2003/8/25,600056.sh,0.95,0.95,0.93,0.93,69954
2003/8/26,600056.sh,0.93,0.95,0.93,0.94,41972
2003/8/27,600056.sh,0.94,0.95,0.93,0.95,63072
2003/8/28,600056.sh,0.95,0.96,0.93,0.94,54498
2003/8/29,600056.sh,0.93,0.94,0.93,0.93,65180
2003/9/1,600056.sh,0.93,0.96,0.92,0.96,108274
2003/9/2,600056.sh,0.96,0.97,0.93,0.94,88818
2003/9/3,600056.sh,0.96,0.96,0.93,0.94,108580
2003/9/4,600056.sh,0.94,0.97,0.94,0.95,131161
2003/9/5,600056.sh,0.95,0.96,0.95,0.96,84492
2003/9/8,600056.sh,0.96,0.96,0.93,0.95,67276
2003/9/9,600056.sh,0.94,0.95,0.94,0.94,42160
2003/9/10,600056.sh,0.94,0.94,0.93,0.93,67992
2003/9/11,600056.sh,0.94,0.94,0.93,0.94,34770
2003/9/12,600056.sh,0.93,0.95,0.92,0.92,79300
2003/9/15,600056.sh,0.92,0.92,0.90,0.90,75014
2003/9/16,600056.sh,0.91,0.91,0.89,0.91,67282
2003/9/17,600056.sh,0.91,0.91,0.88,0.89,96648
2003/9/18,600056.sh,0.89,0.90,0.88,0.89,34562
2003/9/19,600056.sh,0.88,0.89,0.87,0.89,82228
2003/9/22,600056.sh,0.88,0.89,0.88,0.88,43975
2003/9/23,600056.sh,0.88,0.89,0.88,0.89,80420
2003/9/24,600056.sh,0.87,0.90,0.87,0.90,48006
2003/9/25,600056.sh,0.89,0.90,0.87,0.89,57881
2003/9/26,600056.sh,0.89,0.89,0.88,0.88,32064
2003/9/29,600056.sh,0.88,0.88,0.86,0.86,56400
2003/9/30,600056.sh,0.86,0.87,0.86,0.87,48362
2003/10/8,600056.sh,0.87,0.87,0.86,0.87,35128
2003/10/9,600056.sh,0.85,0.87,0.85,0.86,54278
2003/10/10,600056.sh,0.86,0.88,0.85,0.88,80358
2003/10/13,600056.sh,0.88,0.89,0.87,0.88,35740
2003/10/14,600056.sh,0.88,0.88,0.86,0.87,43400
2003/10/15,600056.sh,0.87,0.88,0.86,0.86,36500
2003/10/16,600056.sh,0.86,0.86,0.85,0.85,42860
2003/10/17,600056.sh,0.85,0.85,0.83,0.83,53502
2003/10/20,600056.sh,0.83,0.83,0.81,0.81,71168
2003/10/21,600056.sh,0.81,0.81,0.79,0.80,153940
2003/10/22,600056.sh,0.81,0.83,0.81,0.83,133948
2003/10/23,600056.sh,0.84,0.84,0.81,0.82,140600
2003/10/24,600056.sh,0.82,0.82,0.81,0.82,90017
2003/10/27,600056.sh,0.84,0.84,0.81,0.82,71940
2003/10/28,600056.sh,0.81,0.82,0.79,0.80,91915
2003/10/29,600056.sh,0.80,0.80,0.77,0.78,112848
2003/10/30,600056.sh,0.78,0.78,0.77,0.77,85992
2003/10/31,600056.sh,0.77,0.79,0.76,0.77,85918
2003/11/3,600056.sh,0.76,0.78,0.76,0.78,120078
2003/11/4,600056.sh,0.78,0.84,0.78,0.83,660898
2003/11/5,600056.sh,0.84,0.86,0.82,0.83,335379
2003/11/6,600056.sh,0.83,0.83,0.80,0.82,228459
2003/11/7,600056.sh,0.82,0.82,0.78,0.82,164909
2003/11/10,600056.sh,0.81,0.82,0.79,0.82,117050
2003/11/11,600056.sh,0.82,0.82,0.79,0.80,92339
2003/11/12,600056.sh,0.79,0.81,0.79,0.79,67300
2003/11/13,600056.sh,0.79,0.80,0.79,0.80,92096
2003/11/14,600056.sh,0.79,0.80,0.79,0.80,108295
2003/11/17,600056.sh,0.80,0.80,0.79,0.79,69580
2003/11/18,600056.sh,0.79,0.80,0.77,0.77,292945
2003/11/19,600056.sh,0.77,0.81,0.77,0.80,448048
2003/11/20,600056.sh,0.79,0.86,0.79,0.85,1424960
2003/11/21,600056.sh,0.85,0.86,0.82,0.82,546188
2003/11/24,600056.sh,0.82,0.87,0.81,0.86,1118452
2003/11/25,600056.sh,0.88,0.95,0.88,0.90,3287380
2003/11/26,600056.sh,0.90,0.91,0.89,0.89,880396
2003/11/27,600056.sh,0.89,0.89,0.85,0.87,719220
2003/11/28,600056.sh,0.86,0.90,0.86,0.87,316324
2003/12/1,600056.sh,0.87,0.87,0.87,0.87,INVALID
2003/12/2,600056.sh,0.89,0.91,0.88,0.88,509169
2003/12/3,600056.sh,0.88,0.89,0.87,0.88,363678
2003/12/4,600056.sh,0.88,0.88,0.87,0.88,327025
2003/12/5,600056.sh,0.88,0.90,0.87,0.89,279999
2003/12/8,600056.sh,0.89,0.90,0.87,0.87,242082
2003/12/9,600056.sh,0.88,0.89,0.86,0.86,287464
2003/12/10,600056.sh,0.86,0.87,0.86,0.87,458252
2003/12/11,600056.sh,0.87,0.89,0.87,0.87,534227
2003/12/12,600056.sh,0.88,0.88,0.86,0.88,420904
2003/12/15,600056.sh,0.88,0.89,0.87,0.89,377726
2003/12/16,600056.sh,0.89,0.89,0.85,0.86,284818
2003/12/17,600056.sh,0.87,0.87,0.85,0.85,274228
2003/12/18,600056.sh,0.85,0.86,0.82,0.82,344819
2003/12/19,600056.sh,0.82,0.82,0.78,0.79,829293
2003/12/22,600056.sh,0.78,0.82,0.74,0.81,765857
2003/12/23,600056.sh,0.81,0.84,0.79,0.82,513148
2003/12/24,600056.sh,0.86,0.86,0.82,0.83,599726
2003/12/25,600056.sh,0.83,0.86,0.82,0.83,487482
2003/12/26,600056.sh,0.83,0.85,0.82,0.85,428525
2003/12/29,600056.sh,0.85,0.85,0.82,0.83,435683
2003/12/30,600056.sh,0.83,0.84,0.81,0.81,238931
2003/12/31,600056.sh,0.82,0.83,0.80,0.81,173872
2004/1/2,600056.sh,0.82,0.82,0.81,0.81,223616
2004/1/5,600056.sh,0.81,0.82,0.81,0.81,460318
2004/1/6,600056.sh,0.81,0.84,0.81,0.83,462778
2004/1/7,600056.sh,0.83,0.83,0.80,0.81,412605
2004/1/8,600056.sh,0.82,0.86,0.81,0.86,1261639
2004/1/9,600056.sh,0.86,0.87,0.84,0.84,923060
2004/1/12,600056.sh,0.84,0.86,0.83,0.85,357544
2004/1/13,600056.sh,0.85,0.86,0.84,0.86,802444
2004/1/14,600056.sh,0.87,0.92,0.87,0.89,2641838
2004/1/15,600056.sh,0.89,0.89,0.86,0.87,569824
2004/1/16,600056.sh,0.87,0.89,0.87,0.89,703572
2004/1/29,600056.sh,0.88,0.91,0.88,0.91,580522
2004/1/30,600056.sh,0.92,0.92,0.90,0.91,719248
2004/2/2,600056.sh,0.91,0.94,0.89,0.93,1050816
2004/2/3,600056.sh,0.93,0.93,0.91,0.93,549239
2004/2/4,600056.sh,0.93,0.97,0.92,0.95,1283565
2004/2/5,600056.sh,0.96,0.96,0.94,0.96,909313
2004/2/6,600056.sh,0.97,1.01,0.96,0.97,1643853
2004/2/9,600056.sh,0.97,1.01,0.97,0.99,733442
2004/2/10,600056.sh,0.99,1.00,0.97,0.99,772061
2004/2/11,600056.sh,0.98,0.98,0.96,0.96,636600
2004/2/12,600056.sh,0.96,0.98,0.96,0.97,468555
2004/2/13,600056.sh,0.97,0.97,0.94,0.95,600357
2004/2/16,600056.sh,0.94,0.99,0.94,0.99,742641
2004/2/17,600056.sh,0.99,1.03,0.99,1.02,1715985
2004/2/18,600056.sh,1.02,1.04,1.01,1.03,1126719
2004/2/19,600056.sh,1.02,1.05,1.00,1.00,1199718
2004/2/20,600056.sh,1.00,1.03,0.99,1.02,1173467
2004/2/23,600056.sh,1.03,1.03,1.01,1.01,912800
2004/2/24,600056.sh,1.00,1.00,0.97,0.99,693406
2004/2/25,600056.sh,0.99,1.00,0.95,0.95,631980
2004/2/26,600056.sh,0.95,0.96,0.93,0.94,603940
2004/2/27,600056.sh,0.94,0.97,0.94,0.96,471100
2004/3/1,600056.sh,0.97,0.98,0.96,0.98,404563
2004/3/2,600056.sh,0.98,0.98,0.95,0.97,325129
2004/3/3,600056.sh,0.97,0.97,0.93,0.93,515440
2004/3/4,600056.sh,0.93,0.95,0.93,0.95,381516
2004/3/5,600056.sh,0.95,0.96,0.94,0.94,425032
2004/3/8,600056.sh,0.94,0.95,0.93,0.93,349670
2004/3/9,600056.sh,0.93,0.94,0.92,0.92,326000
2004/3/10,600056.sh,0.92,0.95,0.92,0.95,389415
2004/3/11,600056.sh,0.95,0.97,0.95,0.97,703246
2004/3/12,600056.sh,0.98,0.98,0.96,0.96,319871
2004/3/15,600056.sh,0.97,0.97,0.96,0.97,501191
2004/3/16,600056.sh,0.98,0.98,0.96,0.97,305575
2004/3/17,600056.sh,0.97,0.97,0.96,0.96,287595
2004/3/18,600056.sh,0.96,0.97,0.96,0.96,352148
2004/3/19,600056.sh,0.96,0.98,0.96,0.98,533548
2004/3/22,600056.sh,0.98,1.01,0.97,1.01,1124741
2004/3/23,600056.sh,1.01,1.01,0.99,1.00,635458
2004/3/24,600056.sh,1.00,1.03,0.99,1.01,681294
2004/3/25,600056.sh,1.01,1.01,0.98,0.99,324715
2004/3/26,600056.sh,1.00,1.04,0.99,1.02,874031
2004/3/29,600056.sh,1.02,1.02,1.02,1.02,INVALID
2004/3/30,600056.sh,1.02,1.03,1.00,1.00,348120
2004/3/31,600056.sh,1.00,1.02,1.00,1.01,545892
2004/4/1,600056.sh,1.01,1.04,1.01,1.04,1084169
2004/4/2,600056.sh,1.04,1.04,1.03,1.03,920554
2004/4/5,600056.sh,1.04,1.08,1.04,1.06,1557679
2004/4/6,600056.sh,1.06,1.09,1.06,1.08,1065295
2004/4/7,600056.sh,1.08,1.09,1.07,1.08,747294
2004/4/8,600056.sh,1.08,1.08,1.07,1.07,749070
2004/4/9,600056.sh,1.07,1.07,1.02,1.02,897584
2004/4/12,600056.sh,1.02,1.04,1.01,1.03,513791
2004/4/13,600056.sh,1.03,1.04,1.02,1.02,369080
2004/4/14,600056.sh,1.01,1.02,0.98,0.99,507266
2004/4/15,600056.sh,0.99,1.01,0.98,0.98,222414
2004/4/16,600056.sh,0.98,1.01,0.97,1.00,627696
2004/4/19,600056.sh,1.01,1.01,0.98,0.99,360000
2004/4/20,600056.sh,0.99,0.99,0.95,0.96,344272
2004/4/21,600056.sh,0.97,0.99,0.96,0.96,258024
2004/4/22,600056.sh,0.96,0.97,0.96,0.97,169239
2004/4/23,600056.sh,0.97,0.97,0.94,0.95,269040
2004/4/26,600056.sh,0.95,0.95,0.93,0.93,272414
2004/4/27,600056.sh,0.93,0.93,0.89,0.89,470300
2004/4/28,600056.sh,0.89,0.90,0.87,0.89,570800
2004/4/29,600056.sh,0.89,0.94,0.88,0.89,345969
2004/4/30,600056.sh,0.90,0.91,0.89,0.90,170368
2004/5/10,600056.sh,0.90,0.90,0.88,0.88,96130
2004/5/11,600056.sh,0.88,0.90,0.88,0.89,92400
2004/5/12,600056.sh,0.90,0.92,0.90,0.91,240303
2004/5/13,600056.sh,0.92,0.92,0.86,0.89,155492
2004/5/14,600056.sh,0.89,0.91,0.88,0.88,134070
2004/5/17,600056.sh,0.90,0.90,0.87,0.89,141809
2004/5/18,600056.sh,0.88,0.91,0.88,0.90,258288
2004/5/19,600056.sh,0.90,0.91,0.87,0.91,168820
2004/5/20,600056.sh,0.90,0.92,0.89,0.91,116230
2004/5/21,600056.sh,0.90,0.91,0.89,0.89,65280
2004/5/24,600056.sh,0.91,0.91,0.89,0.89,57624
2004/5/25,600056.sh,0.90,0.90,0.87,0.87,114400
2004/5/26,600056.sh,0.86,0.87,0.84,0.84,197914
2004/5/27,600056.sh,0.86,0.88,0.85,0.86,86768
2004/5/28,600056.sh,0.86,0.87,0.86,0.86,75392
2004/5/31,600056.sh,0.86,0.89,0.85,0.89,140479
2004/6/1,600056.sh,0.90,0.91,0.89,0.91,191084
2004/6/2,600056.sh,0.91,0.91,0.88,0.90,214397
2004/6/3,600056.sh,0.89,0.89,0.86,0.88,117583
2004/6/4,600056.sh,0.88,0.89,0.87,0.87,69120
2004/6/7,600056.sh,0.85,0.88,0.85,0.86,57282
2004/6/8,600056.sh,0.86,0.86,0.84,0.85,66664
2004/6/9,600056.sh,0.85,0.86,0.82,0.82,184400
2004/6/10,600056.sh,0.82,0.82,0.82,0.82,115444
2004/6/11,600056.sh,0.82,0.83,0.82,0.82,108350
2004/6/14,600056.sh,0.81,0.84,0.79,0.80,174144
2004/6/15,600056.sh,0.79,0.83,0.79,0.83,80530
2004/6/16,600056.sh,0.83,0.89,0.82,0.83,168749
2004/6/17,600056.sh,0.83,0.83,0.81,0.81,61900
2004/6/18,600056.sh,0.81,0.81,0.78,0.80,143169
2004/6/21,600056.sh,0.80,0.81,0.79,0.80,80083
2004/6/22,600056.sh,0.83,0.83,0.80,0.81,73018
2004/6/23,600056.sh,0.81,0.81,0.78,0.80,85236
2004/6/24,600056.sh,0.80,0.80,0.79,0.80,105720
2004/6/25,600056.sh,0.80,0.81,0.78,0.79,108900
2004/6/28,600056.sh,0.79,0.79,0.76,0.79,96964
2004/6/29,600056.sh,0.77,0.79,0.76,0.78,124778
2004/6/30,600056.sh,0.78,0.78,0.76,0.76,68620
2004/7/1,600056.sh,0.76,0.78,0.76,0.78,148093
2004/7/2,600056.sh,0.78,0.79,0.77,0.78,80776
2004/7/5,600056.sh,0.78,0.80,0.76,0.80,154034
2004/7/6,600056.sh,0.80,0.81,0.79,0.79,133660
2004/7/7,600056.sh,0.78,0.78,0.77,0.78,36520
2004/7/8,600056.sh,0.77,0.78,0.76,0.76,185926
2004/7/9,600056.sh,0.77,0.77,0.76,0.76,104300
2004/7/12,600056.sh,0.76,0.76,0.74,0.74,124804
2004/7/13,600056.sh,0.74,0.77,0.74,0.75,134598
2004/7/14,600056.sh,0.72,0.72,0.68,0.69,667292
2004/7/15,600056.sh,0.69,0.69,0.66,0.69,325483
2004/7/16,600056.sh,0.69,0.70,0.68,0.70,524601
2004/7/19,600056.sh,0.70,0.71,0.69,0.70,296386
2004/7/20,600056.sh,0.70,0.70,0.69,0.69,191984
2004/7/21,600056.sh,0.69,0.69,0.68,0.69,148652
2004/7/22,600056.sh,0.68,0.69,0.67,0.67,212768
2004/7/23,600056.sh,0.67,0.67,0.65,0.67,156248
2004/7/26,600056.sh,0.67,0.67,0.65,0.66,153841
2004/7/27,600056.sh,0.67,0.67,0.66,0.67,126236
2004/7/28,600056.sh,0.66,0.67,0.66,0.67,223972
2004/7/29,600056.sh,0.66,0.68,0.66,0.68,185130
2004/7/30,600056.sh,0.68,0.68,0.67,0.67,141539
2004/8/2,600056.sh,0.66,0.67,0.66,0.66,59635
2004/8/3,600056.sh,0.66,0.67,0.66,0.66,88160
2004/8/4,600056.sh,0.67,0.69,0.67,0.68,274864
2004/8/5,600056.sh,0.68,0.71,0.68,0.69,489599
2004/8/6,600056.sh,0.69,0.70,0.68,0.69,169192
2004/8/9,600056.sh,0.69,0.70,0.69,0.70,94038
2004/8/10,600056.sh,0.69,0.70,0.69,0.69,83583
2004/8/11,600056.sh,0.69,0.69,0.67,0.67,93100
2004/8/12,600056.sh,0.67,0.67,0.66,0.66,86770
2004/8/13,600056.sh,0.66,0.69,0.66,0.67,30028
2004/8/16,600056.sh,0.67,0.67,0.66,0.66,59888
2004/8/17,600056.sh,0.66,0.66,0.63,0.65,149411
2004/8/18,600056.sh,0.65,0.65,0.64,0.65,45450
2004/8/19,600056.sh,0.65,0.65,0.61,0.62,165924
2004/8/20,600056.sh,0.62,0.63,0.61,0.63,55481
2004/8/23,600056.sh,0.60,0.62,0.59,0.61,205796
2004/8/24,600056.sh,0.61,0.63,0.60,0.62,405848
2004/8/25,600056.sh,0.62,0.62,0.60,0.61,211023
2004/8/26,600056.sh,0.60,0.62,0.60,0.61,110368
2004/8/27,600056.sh,0.61,0.61,0.58,0.58,187925
2004/8/30,600056.sh,0.58,0.60,0.58,0.59,84040
2004/8/31,600056.sh,0.63,0.65,0.60,0.61,181278
2004/9/1,600056.sh,0.61,0.61,0.60,0.60,93330
2004/9/2,600056.sh,0.59,0.62,0.59,0.62,138608
2004/9/3,600056.sh,0.62,0.64,0.61,0.62,286845
2004/9/6,600056.sh,0.62,0.62,0.61,0.62,73519
2004/9/7,600056.sh,0.62,0.62,0.61,0.62,76408
2004/9/8,600056.sh,0.62,0.62,0.61,0.61,69280
2004/9/9,600056.sh,0.61,0.61,0.60,0.60,100060
2004/9/10,600056.sh,0.61,0.61,0.59,0.61,88780
2004/9/13,600056.sh,0.60,0.60,0.58,0.59,91000
2004/9/14,600056.sh,0.59,0.62,0.59,0.61,318800
2004/9/15,600056.sh,0.62,0.66,0.61,0.64,671912
2004/9/16,600056.sh,0.64,0.66,0.64,0.66,627444
2004/9/17,600056.sh,0.66,0.68,0.65,0.68,542059
2004/9/20,600056.sh,0.68,0.71,0.67,0.70,868293
2004/9/21,600056.sh,0.71,0.74,0.68,0.72,1187289
2004/9/22,600056.sh,0.71,0.71,0.68,0.68,671468
2004/9/23,600056.sh,0.66,0.70,0.66,0.70,496444
2004/9/24,600056.sh,0.70,0.72,0.67,0.68,589088
2004/9/27,600056.sh,0.69,0.69,0.66,0.66,355312
2004/9/28,600056.sh,0.65,0.67,0.65,0.66,184420
2004/9/29,600056.sh,0.66,0.66,0.65,0.65,186780
2004/9/30,600056.sh,0.65,0.65,0.63,0.63,196840
2004/10/8,600056.sh,0.63,0.66,0.63,0.65,108408
2004/10/11,600056.sh,0.65,0.66,0.64,0.65,269613
2004/10/12,600056.sh,0.65,0.65,0.62,0.62,315524
2004/10/13,600056.sh,0.62,0.63,0.61,0.62,151986
2004/10/14,600056.sh,0.63,0.63,0.59,0.60,247984
2004/10/15,600056.sh,0.58,0.60,0.58,0.59,161674
2004/10/18,600056.sh,0.59,0.60,0.58,0.58,204652
2004/10/19,600056.sh,0.59,0.60,0.59,0.59,227805
2004/10/20,600056.sh,0.60,0.60,0.56,0.57,273615
2004/10/21,600056.sh,0.57,0.57,0.54,0.55,413248
2004/10/22,600056.sh,0.55,0.55,0.52,0.55,404492
2004/10/25,600056.sh,0.58,0.61,0.58,0.61,1788854
2004/10/26,600056.sh,0.60,0.61,0.58,0.60,792682
2004/10/27,600056.sh,0.58,0.62,0.58,0.62,768832
2004/10/28,600056.sh,0.62,0.63,0.60,0.61,681516
2004/10/29,600056.sh,0.59,0.60,0.55,0.59,385904
2004/11/1,600056.sh,0.59,0.59,0.57,0.59,210636
2004/11/2,600056.sh,0.58,0.59,0.58,0.59,98447
2004/11/3,600056.sh,0.60,0.62,0.59,0.61,287100
2004/11/4,600056.sh,0.61,0.62,0.59,0.60,186394
2004/11/5,600056.sh,0.60,0.60,0.58,0.59,89309
2004/11/8,600056.sh,0.58,0.60,0.58,0.59,81120
2004/11/9,600056.sh,0.59,0.60,0.58,0.59,101423
2004/11/10,600056.sh,0.59,0.61,0.59,0.61,334964
2004/11/11,600056.sh,0.61,0.66,0.61,0.62,1012042
2004/11/12,600056.sh,0.62,0.66,0.62,0.66,1326720
2004/11/15,600056.sh,0.67,0.69,0.65,0.67,1456866
2004/11/16,600056.sh,0.67,0.67,0.65,0.66,458686
2004/11/17,600056.sh,0.66,0.67,0.65,0.66,316586
2004/11/18,600056.sh,0.66,0.70,0.66,0.70,1108042
2004/11/19,600056.sh,0.70,0.71,0.69,0.69,599718
2004/11/22,600056.sh,0.69,0.77,0.67,0.75,894910
2004/11/23,600056.sh,0.72,0.76,0.71,0.74,1357701
2004/11/24,600056.sh,0.74,0.81,0.74,0.77,2334991
2004/11/25,600056.sh,0.76,0.76,0.71,0.76,1414011
2004/11/26,600056.sh,0.79,0.79,0.70,0.71,1284540
2004/11/29,600056.sh,0.69,0.71,0.67,0.67,1137364
2004/11/30,600056.sh,0.68,0.70,0.67,0.70,551008
2004/12/1,600056.sh,0.69,0.70,0.68,0.68,341100
2004/12/2,600056.sh,0.68,0.69,0.67,0.69,562299
2004/12/3,600056.sh,0.69,0.71,0.68,0.70,745249
2004/12/6,600056.sh,0.70,0.77,0.70,0.74,2008345
2004/12/7,600056.sh,0.74,0.75,0.72,0.72,605405
2004/12/8,600056.sh,0.74,0.74,0.71,0.72,333638
2004/12/9,600056.sh,0.72,0.73,0.70,0.72,420284
2004/12/10,600056.sh,0.71,0.72,0.68,0.69,413508
2004/12/13,600056.sh,0.68,0.70,0.67,0.70,285691
2004/12/14,600056.sh,0.70,0.73,0.70,0.72,955901
2004/12/15,600056.sh,0.72,0.72,0.69,0.71,275848
2004/12/16,600056.sh,0.70,0.72,0.69,0.69,224037
2004/12/17,600056.sh,0.69,0.70,0.69,0.69,155244
2004/12/20,600056.sh,0.69,0.70,0.68,0.68,129546
2004/12/21,600056.sh,0.70,0.70,0.68,0.69,136360
2004/12/22,600056.sh,0.70,0.72,0.69,0.71,287460
2004/12/23,600056.sh,0.71,0.72,0.70,0.70,153016
2004/12/24,600056.sh,0.69,0.70,0.69,0.69,64696
2004/12/27,600056.sh,0.69,0.69,0.69,0.69,INVALID
2004/12/28,600056.sh,0.71,0.71,0.67,0.68,272962
2004/12/29,600056.sh,0.67,0.69,0.67,0.68,191700
2004/12/30,600056.sh,0.69,0.69,0.67,0.67,166920
2004/12/31,600056.sh,0.67,0.68,0.67,0.67,109040
2005/1/4,600056.sh,0.66,0.68,0.62,0.63,202160
2005/1/5,600056.sh,0.62,0.65,0.62,0.64,252964
2005/1/6,600056.sh,0.66,0.66,0.63,0.63,160580
2005/1/7,600056.sh,0.65,0.67,0.63,0.66,387819
2005/1/10,600056.sh,0.68,0.69,0.65,0.69,702750
2005/1/11,600056.sh,0.69,0.69,0.67,0.69,198890
2005/1/12,600056.sh,0.69,0.69,0.68,0.68,168580
2005/1/13,600056.sh,0.68,0.68,0.67,0.67,200093
2005/1/14,600056.sh,0.67,0.69,0.66,0.66,195800
2005/1/17,600056.sh,0.63,0.66,0.63,0.64,199698
2005/1/18,600056.sh,0.59,0.62,0.59,0.61,372694
2005/1/19,600056.sh,0.62,0.62,0.60,0.61,270888
2005/1/20,600056.sh,0.61,0.62,0.60,0.61,268120
2005/1/21,600056.sh,0.61,0.62,0.60,0.62,254736
2005/1/24,600056.sh,0.64,0.65,0.62,0.63,232946
2005/1/25,600056.sh,0.63,0.63,0.61,0.63,213402
2005/1/26,600056.sh,0.62,0.63,0.61,0.61,89100
2005/1/27,600056.sh,0.61,0.62,0.60,0.60,232982
2005/1/28,600056.sh,0.60,0.62,0.60,0.61,150940
2005/1/31,600056.sh,0.62,0.64,0.59,0.59,186136
2005/2/1,600056.sh,0.59,0.61,0.58,0.58,175880
2005/2/2,600056.sh,0.58,0.62,0.58,0.61,431259
2005/2/3,600056.sh,0.61,0.62,0.60,0.61,180380
2005/2/4,600056.sh,0.61,0.62,0.61,0.62,167404
2005/2/16,600056.sh,0.62,0.64,0.62,0.63,189907
2005/2/17,600056.sh,0.63,0.64,0.62,0.64,60024
2005/2/18,600056.sh,0.62,0.64,0.62,0.62,70800
2005/2/21,600056.sh,0.63,0.63,0.62,0.63,149733
2005/2/22,600056.sh,0.63,0.65,0.63,0.65,276396
2005/2/23,600056.sh,0.65,0.67,0.63,0.66,406235
2005/2/24,600056.sh,0.65,0.67,0.65,0.65,303440
2005/2/25,600056.sh,0.65,0.68,0.65,0.67,546504
2005/2/28,600056.sh,0.66,0.68,0.65,0.67,205592
2005/3/1,600056.sh,0.67,0.67,0.65,0.66,173631
2005/3/2,600056.sh,0.66,0.67,0.61,0.66,314450
2005/3/3,600056.sh,0.66,0.66,0.65,0.66,141924
2005/3/4,600056.sh,0.63,0.66,0.63,0.65,92828
2005/3/7,600056.sh,0.64,0.67,0.64,0.66,215839
2005/3/8,600056.sh,0.66,0.67,0.64,0.67,268157
2005/3/9,600056.sh,0.66,0.67,0.66,0.66,183184
2005/3/10,600056.sh,0.65,0.66,0.65,0.65,164400
2005/3/11,600056.sh,0.65,0.65,0.64,0.65,139248
2005/3/14,600056.sh,0.65,0.65,0.64,0.65,151504
2005/3/15,600056.sh,0.64,0.64,0.63,0.64,171040
2005/3/16,600056.sh,0.62,0.64,0.62,0.63,55092
2005/3/17,600056.sh,0.62,0.65,0.62,0.63,144400
2005/3/18,600056.sh,0.63,0.64,0.59,0.61,136567
2005/3/21,600056.sh,0.63,0.63,0.59,0.60,116352
2005/3/22,600056.sh,0.61,0.62,0.59,0.59,156900
2005/3/23,600056.sh,0.59,0.59,0.57,0.58,157232
2005/3/24,600056.sh,0.58,0.58,0.57,0.57,152369
2005/3/25,600056.sh,0.61,0.61,0.57,0.58,158240
2005/3/28,600056.sh,0.58,0.58,0.57,0.58,154804
2005/3/29,600056.sh,0.58,0.59,0.57,0.58,84000
2005/3/30,600056.sh,0.59,0.61,0.58,0.58,338835
2005/3/31,600056.sh,0.58,0.59,0.57,0.59,434524
2005/4/1,600056.sh,0.59,0.61,0.57,0.61,371852
2005/4/4,600056.sh,0.59,0.61,0.59,0.61,232928
2005/4/5,600056.sh,0.61,0.62,0.59,0.61,138340
2005/4/6,600056.sh,0.60,0.63,0.60,0.63,305628
2005/4/7,600056.sh,0.62,0.65,0.62,0.64,490899
2005/4/8,600056.sh,0.64,0.66,0.64,0.65,272224
2005/4/11,600056.sh,0.65,0.67,0.65,0.66,495623
2005/4/12,600056.sh,0.65,0.66,0.64,0.65,482832
2005/4/13,600056.sh,0.65,0.66,0.65,0.65,301843
2005/4/14,600056.sh,0.65,0.65,0.63,0.64,224200
2005/4/15,600056.sh,0.65,0.66,0.63,0.64,213978
2005/4/18,600056.sh,0.63,0.65,0.63,0.64,136539
2005/4/19,600056.sh,0.64,0.64,0.62,0.63,219099
2005/4/20,600056.sh,0.63,0.63,0.60,0.62,244255
2005/4/21,600056.sh,0.62,0.63,0.60,0.60,159248
2005/4/22,600056.sh,0.60,0.61,0.59,0.61,151446
2005/4/25,600056.sh,0.61,0.61,0.59,0.60,152560
2005/4/26,600056.sh,0.60,0.60,0.60,0.60,INVALID
2005/4/27,600056.sh,0.66,0.66,0.62,0.63,669401
2005/4/28,600056.sh,0.62,0.69,0.62,0.68,1033158
2005/4/29,600056.sh,0.67,0.68,0.66,0.67,679379
2005/5/9,600056.sh,0.67,0.67,0.64,0.65,347831
2005/5/10,600056.sh,0.64,0.69,0.64,0.69,1237762
2005/5/11,600056.sh,0.71,0.74,0.69,0.70,2939907
2005/5/12,600056.sh,0.69,0.73,0.68,0.69,1084492
2005/5/13,600056.sh,0.69,0.69,0.66,0.68,856541
2005/5/16,600056.sh,0.68,0.70,0.67,0.69,625958
2005/5/17,600056.sh,0.69,0.71,0.68,0.70,649102
2005/5/18,600056.sh,0.70,0.70,0.69,0.70,418170
2005/5/19,600056.sh,0.70,0.70,0.67,0.68,435820
2005/5/20,600056.sh,0.67,0.68,0.67,0.68,297500
2005/5/23,600056.sh,0.67,0.67,0.65,0.66,358276
2005/5/24,600056.sh,0.66,0.69,0.66,0.68,416196
2005/5/25,600056.sh,0.68,0.69,0.68,0.68,335514
2005/5/26,600056.sh,0.68,0.68,0.66,0.67,262321
2005/5/27,600056.sh,0.66,0.67,0.65,0.66,232559
2005/5/30,600056.sh,0.65,0.67,0.65,0.66,254920
2005/5/31,600056.sh,0.67,0.67,0.65,0.66,159706
2005/6/1,600056.sh,0.65,0.65,0.63,0.64,219534
2005/6/2,600056.sh,0.62,0.63,0.62,0.62,242928
2005/6/3,600056.sh,0.62,0.62,0.61,0.61,268716
2005/6/6,600056.sh,0.60,0.62,0.60,0.62,165592
2005/6/7,600056.sh,0.62,0.65,0.62,0.64,334954
2005/6/8,600056.sh,0.65,0.69,0.65,0.69,928235
2005/6/9,600056.sh,0.69,0.70,0.67,0.70,1368807
2005/6/10,600056.sh,0.70,0.70,0.68,0.68,670678
2005/6/13,600056.sh,0.67,0.72,0.67,0.71,1427131
2005/6/14,600056.sh,0.71,0.73,0.69,0.69,842236
2005/6/15,600056.sh,0.68,0.70,0.68,0.68,512127
2005/6/16,600056.sh,0.68,0.72,0.68,0.72,1556747
2005/6/17,600056.sh,0.72,0.72,0.71,0.71,911518
2005/6/20,600056.sh,0.72,0.75,0.69,0.74,2200618
2005/6/21,600056.sh,0.74,0.75,0.72,0.74,1251071
2005/6/22,600056.sh,0.74,0.74,0.71,0.73,1018620
2005/6/23,600056.sh,0.73,0.73,0.72,0.72,626391
2005/6/24,600056.sh,0.71,0.72,0.69,0.71,981952
2005/6/27,600056.sh,0.71,0.75,0.71,0.74,1665637
2005/6/28,600056.sh,0.73,0.76,0.72,0.75,1061588
2005/6/29,600056.sh,0.75,0.76,0.74,0.75,1962049
2005/6/30,600056.sh,0.74,0.76,0.72,0.73,2156843
2005/7/1,600056.sh,0.73,0.73,0.70,0.70,1033700
2005/7/4,600056.sh,0.69,0.72,0.68,0.71,872693
2005/7/5,600056.sh,0.70,0.72,0.70,0.70,563217
2005/7/6,600056.sh,0.70,0.71,0.70,0.70,414362
2005/7/7,600056.sh,0.70,0.71,0.69,0.70,377428
2005/7/8,600056.sh,0.70,0.70,0.68,0.68,538380
2005/7/11,600056.sh,0.68,0.70,0.68,0.68,491434
2005/7/12,600056.sh,0.68,0.75,0.68,0.74,1217124
2005/7/13,600056.sh,0.82,0.82,0.77,0.78,5398038
2005/7/14,600056.sh,0.78,0.79,0.75,0.76,2241839
2005/7/15,600056.sh,0.76,0.78,0.76,0.78,1988816
2005/7/18,600056.sh,0.77,0.78,0.75,0.76,954543
2005/7/19,600056.sh,0.76,0.77,0.75,0.77,585496
2005/7/20,600056.sh,0.77,0.77,0.75,0.76,488838
2005/7/21,600056.sh,0.76,0.78,0.76,0.77,892575
2005/7/22,600056.sh,0.77,0.78,0.71,0.74,2559295
2005/7/25,600056.sh,0.73,0.74,0.72,0.73,1015907
2005/7/26,600056.sh,0.72,0.75,0.72,0.75,1483409
2005/7/27,600056.sh,0.74,0.77,0.74,0.76,1065032
2005/7/28,600056.sh,0.76,0.77,0.74,0.74,1086256
2005/7/29,600056.sh,0.74,0.77,0.74,0.77,1246799
2005/8/1,600056.sh,0.77,0.79,0.76,0.79,1589550
2005/8/2,600056.sh,0.79,0.80,0.77,0.79,1139413
2005/8/3,600056.sh,0.78,0.80,0.77,0.78,1328018
2005/8/4,600056.sh,0.77,0.77,0.76,0.77,738737
2005/8/5,600056.sh,0.76,0.79,0.76,0.79,1187854
2005/8/8,600056.sh,0.80,0.80,0.78,0.80,1528157
2005/8/9,600056.sh,0.80,0.80,0.78,0.79,850894
2005/8/10,600056.sh,0.79,0.81,0.78,0.81,1333002
2005/8/11,600056.sh,0.81,0.81,0.80,0.81,1724948
2005/8/12,600056.sh,0.82,0.82,0.78,0.78,1364755
2005/8/15,600056.sh,0.77,0.82,0.77,0.82,1253059
2005/8/16,600056.sh,0.82,0.84,0.81,0.83,1511648
2005/8/17,600056.sh,0.82,0.84,0.80,0.83,1079863
2005/8/18,600056.sh,0.84,0.84,0.79,0.79,1290816
2005/8/19,600056.sh,0.79,0.80,0.77,0.78,804993
2005/8/22,600056.sh,0.78,0.80,0.77,0.79,540278
2005/8/23,600056.sh,0.79,0.80,0.77,0.78,454242
2005/8/24,600056.sh,0.78,0.79,0.78,0.79,414443
2005/8/25,600056.sh,0.79,0.80,0.78,0.79,589854
2005/8/26,600056.sh,0.78,0.81,0.78,0.81,842111
2005/8/29,600056.sh,0.81,0.81,0.78,0.78,795698
2005/8/30,600056.sh,0.77,0.78,0.76,0.76,651361
2005/8/31,600056.sh,0.77,0.80,0.77,0.80,677713
2005/9/1,600056.sh,0.81,0.82,0.80,0.81,1042463
2005/9/2,600056.sh,0.81,0.82,0.80,0.81,982383
2005/9/5,600056.sh,0.81,0.82,0.80,0.82,1148568
2005/9/6,600056.sh,0.82,0.82,0.79,0.79,1478942
2005/9/7,600056.sh,0.79,0.81,0.79,0.81,800749
2005/9/8,600056.sh,0.81,0.84,0.81,0.83,1972599
2005/9/9,600056.sh,0.83,0.83,0.81,0.82,598377
2005/9/12,600056.sh,0.82,0.83,0.81,0.82,496706
2005/9/13,600056.sh,0.82,0.87,0.82,0.86,1949045
2005/9/14,600056.sh,0.86,0.89,0.86,0.87,2518150
2005/9/15,600056.sh,0.87,0.88,0.85,0.87,1002403
2005/9/16,600056.sh,0.87,0.87,0.85,0.87,955600
2005/9/19,600056.sh,0.87,0.88,0.86,0.87,588700
2005/9/20,600056.sh,0.86,0.87,0.84,0.85,912180
2005/9/21,600056.sh,0.85,0.85,0.83,0.83,892942
2005/9/22,600056.sh,0.83,0.84,0.82,0.83,963149
2005/9/23,600056.sh,0.82,0.85,0.82,0.84,924531
2005/9/26,600056.sh,0.84,0.87,0.83,0.86,1502253
2005/9/27,600056.sh,0.86,0.87,0.83,0.83,2377082
2005/9/28,600056.sh,0.84,0.88,0.84,0.86,2063346
2005/9/29,600056.sh,0.86,0.88,0.86,0.88,1873244
2005/9/30,600056.sh,0.88,0.89,0.86,0.87,1141350
2005/10/10,600056.sh,0.87,0.90,0.86,0.89,1285521
2005/10/11,600056.sh,0.89,0.91,0.89,0.91,1712577
2005/10/12,600056.sh,0.91,0.91,0.89,0.91,1403583
2005/10/13,600056.sh,0.88,0.91,0.88,0.88,1242250
2005/10/14,600056.sh,0.88,0.94,0.88,0.93,2164539
2005/10/17,600056.sh,0.93,0.97,0.91,0.96,1871691
2005/10/18,600056.sh,0.97,0.99,0.94,0.96,3216409
2005/10/19,600056.sh,0.96,0.99,0.95,0.96,1891152
2005/10/20,600056.sh,0.96,0.96,0.92,0.95,1228236
2005/10/21,600056.sh,0.94,0.97,0.93,0.96,986303
2005/10/24,600056.sh,0.96,0.98,0.94,0.97,1141499
2005/10/25,600056.sh,0.97,0.98,0.94,0.94,977314
2005/10/26,600056.sh,0.94,0.95,0.87,0.87,1606874
2005/10/27,600056.sh,0.86,0.89,0.86,0.88,859459
2005/10/28,600056.sh,0.87,0.88,0.79,0.83,1776460
2005/10/31,600056.sh,0.78,0.84,0.78,0.82,1365230
2005/11/1,600056.sh,0.82,0.84,0.81,0.83,896342
2005/11/2,600056.sh,0.83,0.86,0.83,0.85,1134408
2005/11/3,600056.sh,0.84,0.90,0.84,0.90,2543028
2005/11/4,600056.sh,0.89,0.99,0.89,0.94,4012073
2005/11/7,600056.sh,0.90,0.95,0.90,0.93,1537220
2005/11/8,600056.sh,0.93,0.94,0.91,0.94,868477
2005/11/9,600056.sh,0.94,0.94,0.91,0.92,789648
2005/11/10,600056.sh,0.91,0.92,0.86,0.87,906148
2005/11/11,600056.sh,0.84,0.91,0.84,0.90,682397
2005/11/14,600056.sh,0.89,0.90,0.87,0.89,365360
2005/11/15,600056.sh,0.89,0.90,0.88,0.89,226132
2005/11/16,600056.sh,0.89,0.89,0.87,0.89,220802
2005/11/17,600056.sh,0.89,0.92,0.88,0.91,594846
2005/11/18,600056.sh,0.91,0.93,0.90,0.92,982260
2005/11/21,600056.sh,0.91,0.93,0.91,0.92,472732
2005/11/22,600056.sh,0.92,0.92,0.88,0.88,480360
2005/11/23,600056.sh,0.88,0.89,0.87,0.89,419821
2005/11/24,600056.sh,0.87,0.89,0.86,0.89,673474
2005/11/25,600056.sh,0.88,0.90,0.88,0.88,230121
2005/11/28,600056.sh,0.88,0.89,0.87,0.87,248111
2005/11/29,600056.sh,0.86,0.88,0.85,0.86,599964
2005/11/30,600056.sh,0.85,0.88,0.85,0.87,428390
2005/12/1,600056.sh,0.87,0.91,0.87,0.90,981735
2005/12/2,600056.sh,0.90,0.91,0.89,0.90,605130
2005/12/5,600056.sh,0.88,0.90,0.86,0.88,368380
2005/12/6,600056.sh,0.87,0.88,0.86,0.87,209289
2005/12/7,600056.sh,0.86,0.88,0.86,0.87,112866
2005/12/8,600056.sh,0.87,0.89,0.86,0.88,347457
2005/12/9,600056.sh,0.87,0.90,0.87,0.89,367222
2005/12/12,600056.sh,0.89,0.90,0.88,0.90,692682
2005/12/13,600056.sh,0.90,0.90,0.87,0.88,386088
2005/12/14,600056.sh,0.89,0.90,0.88,0.90,595038
2005/12/15,600056.sh,0.90,0.91,0.89,0.89,473608
2005/12/16,600056.sh,0.90,0.90,0.89,0.89,238620
2005/12/19,600056.sh,0.89,0.89,0.87,0.88,457640
2005/12/20,600056.sh,0.87,0.89,0.86,0.87,390600
2005/12/21,600056.sh,0.86,0.89,0.86,0.87,305260
2005/12/22,600056.sh,0.87,0.88,0.86,0.87,214637
2005/12/23,600056.sh,0.87,0.89,0.87,0.89,443533
2005/12/26,600056.sh,0.90,0.91,0.89,0.90,1230158
2005/12/27,600056.sh,0.89,0.91,0.89,0.90,397302
2005/12/28,600056.sh,0.91,0.91,0.89,0.90,190860
2005/12/29,600056.sh,0.89,0.91,0.89,0.90,475873
2005/12/30,600056.sh,0.91,0.91,0.89,0.90,475594
2006/1/4,600056.sh,0.90,0.93,0.90,0.93,978348
2006/1/5,600056.sh,0.93,0.94,0.91,0.92,631399
2006/1/6,600056.sh,0.93,0.94,0.92,0.92,1112733
2006/1/9,600056.sh,0.90,0.95,0.90,0.94,1415296
2006/1/10,600056.sh,0.94,0.95,0.92,0.93,1051215
2006/1/11,600056.sh,0.93,0.93,0.91,0.91,954450
2006/1/12,600056.sh,0.91,0.94,0.90,0.94,1041824
2006/1/13,600056.sh,0.94,0.97,0.94,0.95,1646831
2006/1/16,600056.sh,0.95,0.96,0.92,0.93,756641
2006/1/17,600056.sh,0.93,0.98,0.93,0.97,1897181
2006/1/18,600056.sh,0.97,0.99,0.96,0.99,1670973
2006/1/19,600056.sh,0.99,1.02,0.98,0.99,1799884
2006/1/20,600056.sh,1.00,1.01,0.98,1.00,1493951
2006/1/23,600056.sh,1.01,1.01,0.98,0.99,1062348
2006/1/24,600056.sh,1.00,1.01,0.98,0.98,869900
2006/1/25,600056.sh,0.98,0.99,0.96,0.97,797383
2006/2/6,600056.sh,0.98,1.01,0.97,1.00,1150962
2006/2/7,600056.sh,1.00,1.00,0.97,0.97,1104378
2006/2/8,600056.sh,0.97,0.97,0.94,0.96,1191464
2006/2/9,600056.sh,0.95,0.97,0.95,0.96,645600
2006/2/10,600056.sh,0.96,0.97,0.95,0.96,593815
2006/2/13,600056.sh,0.96,0.99,0.96,0.99,1324600
2006/2/14,600056.sh,0.99,1.00,0.97,0.98,1027456
2006/2/15,600056.sh,0.99,0.99,0.98,0.98,864411
2006/2/16,600056.sh,0.99,1.01,0.96,0.97,1914774
2006/2/17,600056.sh,0.98,0.98,0.94,0.94,1100100
2006/2/20,600056.sh,0.94,0.95,0.93,0.93,760400
2006/2/21,600056.sh,0.93,0.94,0.91,0.94,878743
2006/2/22,600056.sh,0.94,0.95,0.93,0.94,823079
2006/2/23,600056.sh,0.95,0.95,0.92,0.94,583709
2006/2/24,600056.sh,0.94,0.94,0.92,0.94,626023
2006/2/27,600056.sh,0.94,0.95,0.93,0.94,856491
2006/2/28,600056.sh,0.94,0.94,0.93,0.94,602956
2006/3/1,600056.sh,0.95,0.95,0.93,0.95,903200
2006/3/2,600056.sh,0.94,0.95,0.92,0.94,483860
2006/3/3,600056.sh,0.94,0.94,0.91,0.93,388922
2006/3/6,600056.sh,0.93,0.94,0.91,0.93,270160
2006/3/7,600056.sh,0.92,0.93,0.88,0.89,543740
2006/3/8,600056.sh,0.89,0.89,0.85,0.86,639779
2006/3/9,600056.sh,0.86,0.87,0.84,0.85,809458
2006/3/10,600056.sh,0.85,0.86,0.84,0.85,664884
2006/3/13,600056.sh,0.86,0.88,0.86,0.88,1006846
2006/3/14,600056.sh,0.88,0.89,0.86,0.88,591540
2006/3/15,600056.sh,0.88,0.89,0.87,0.88,823544
2006/3/16,600056.sh,0.88,0.88,0.87,0.88,267192
2006/3/17,600056.sh,0.88,0.90,0.87,0.90,587019
2006/3/20,600056.sh,0.90,0.91,0.89,0.91,439637
2006/3/21,600056.sh,0.91,0.91,0.89,0.90,466381
2006/3/22,600056.sh,0.91,0.91,0.89,0.89,456928
2006/3/23,600056.sh,0.89,0.90,0.89,0.89,718409
2006/3/24,600056.sh,0.89,0.91,0.88,0.88,525200
2006/3/27,600056.sh,0.88,0.88,0.88,0.88,INVALID
2006/3/28,600056.sh,0.88,0.88,0.88,0.88,INVALID
2006/3/29,600056.sh,0.88,0.88,0.88,0.88,INVALID
2006/3/30,600056.sh,0.88,0.88,0.88,0.88,INVALID
2006/3/31,600056.sh,0.88,0.88,0.88,0.88,INVALID
2006/4/3,600056.sh,0.88,0.88,0.88,0.88,INVALID
2006/4/4,600056.sh,0.88,0.88,0.88,0.88,INVALID
2006/4/5,600056.sh,0.88,0.88,0.88,0.88,INVALID
2006/4/6,600056.sh,0.88,0.88,0.88,0.88,INVALID
2006/4/7,600056.sh,0.88,0.88,0.88,0.88,INVALID
2006/4/10,600056.sh,0.88,0.88,0.88,0.88,INVALID
2006/4/11,600056.sh,0.88,0.88,0.88,0.88,INVALID
2006/4/12,600056.sh,0.88,0.88,0.88,0.88,INVALID
2006/4/13,600056.sh,0.88,0.88,0.88,0.88,INVALID
2006/4/14,600056.sh,0.88,0.88,0.88,0.88,INVALID
2006/4/17,600056.sh,0.88,0.88,0.88,0.88,INVALID
2006/4/18,600056.sh,0.88,0.88,0.88,0.88,INVALID
2006/4/19,600056.sh,0.88,0.88,0.88,0.88,INVALID
2006/4/20,600056.sh,0.88,0.88,0.88,0.88,INVALID
2006/4/21,600056.sh,0.88,0.88,0.88,0.88,INVALID
2006/4/24,600056.sh,0.88,0.88,0.88,0.88,INVALID
2006/4/25,600056.sh,0.88,0.88,0.88,0.88,INVALID
2006/4/26,600056.sh,0.88,0.88,0.88,0.88,INVALID
2006/4/27,600056.sh,0.88,0.88,0.88,0.88,INVALID
2006/4/28,600056.sh,0.97,0.97,0.95,0.97,1995768
2006/5/8,600056.sh,1.01,1.07,1.01,1.07,4578465
2006/5/9,600056.sh,1.07,1.07,1.07,1.07,INVALID
2006/5/10,600056.sh,1.14,1.16,1.09,1.10,4178410
2006/5/11,600056.sh,1.10,1.12,1.08,1.09,2586510
2006/5/12,600056.sh,1.08,1.20,1.08,1.20,4264377
2006/5/15,600056.sh,1.20,1.32,1.19,1.31,4277579
2006/5/16,600056.sh,1.30,1.35,1.24,1.27,3076066
2006/5/17,600056.sh,1.27,1.40,1.26,1.39,3956180
2006/5/18,600056.sh,1.39,1.44,1.32,1.43,3110985
2006/5/19,600056.sh,1.46,1.46,1.41,1.46,2877583
2006/5/22,600056.sh,1.46,1.46,1.40,1.44,2497928
2006/5/23,600056.sh,1.43,1.43,1.35,1.35,1703658
2006/5/24,600056.sh,1.34,1.39,1.29,1.32,2639785
2006/5/25,600056.sh,1.30,1.43,1.29,1.34,3693381
2006/5/26,600056.sh,1.34,1.34,1.34,1.34,INVALID
2006/5/29,600056.sh,1.34,1.34,1.34,1.34,INVALID
2006/5/30,600056.sh,1.34,1.34,1.34,1.34,INVALID
2006/5/31,600056.sh,1.34,1.34,1.34,1.34,INVALID
2006/6/1,600056.sh,1.34,1.34,1.34,1.34,INVALID
2006/6/2,600056.sh,1.34,1.34,1.34,1.34,INVALID
2006/6/5,600056.sh,1.34,1.34,1.34,1.34,INVALID
2006/6/6,600056.sh,1.34,1.34,1.34,1.34,INVALID
2006/6/7,600056.sh,1.34,1.34,1.34,1.34,INVALID
2006/6/8,600056.sh,1.34,1.34,1.34,1.34,INVALID
2006/6/9,600056.sh,1.34,1.34,1.34,1.34,INVALID
2006/6/12,600056.sh,1.34,1.34,1.34,1.34,INVALID
2006/6/13,600056.sh,1.14,1.33,1.13,1.24,4812629
2006/6/14,600056.sh,1.22,1.23,1.13,1.15,2483364
2006/6/15,600056.sh,1.16,1.18,1.14,1.15,1315555
2006/6/16,600056.sh,1.17,1.21,1.16,1.19,1803378
2006/6/19,600056.sh,1.21,1.23,1.17,1.22,3092165
2006/6/20,600056.sh,1.23,1.24,1.21,1.24,2723639
2006/6/21,600056.sh,1.26,1.28,1.24,1.25,2802269
2006/6/22,600056.sh,1.28,1.28,1.22,1.24,2002734
2006/6/23,600056.sh,1.23,1.26,1.20,1.26,2262994
2006/6/26,600056.sh,1.26,1.32,1.24,1.31,3701921
2006/6/27,600056.sh,1.32,1.35,1.30,1.34,3255290
2006/6/28,600056.sh,1.36,1.47,1.36,1.40,8372202
2006/6/29,600056.sh,1.39,1.43,1.37,1.40,3685897
2006/6/30,600056.sh,1.38,1.40,1.37,1.40,2467296
2006/7/3,600056.sh,1.40,1.41,1.37,1.40,1987378
2006/7/4,600056.sh,1.40,1.41,1.37,1.38,2044244
2006/7/5,600056.sh,1.38,1.38,1.30,1.32,2570880
2006/7/6,600056.sh,1.32,1.36,1.30,1.36,1817042
2006/7/7,600056.sh,1.37,1.37,1.31,1.32,2398650
2006/7/10,600056.sh,1.33,1.35,1.29,1.34,1555303
2006/7/11,600056.sh,1.32,1.37,1.32,1.37,2191017
2006/7/12,600056.sh,1.37,1.39,1.37,1.37,2571973
2006/7/13,600056.sh,1.37,1.37,1.23,1.23,3164383
2006/7/14,600056.sh,1.21,1.27,1.18,1.26,2074273
2006/7/17,600056.sh,1.26,1.32,1.26,1.31,3363714
2006/7/18,600056.sh,1.31,1.31,1.25,1.29,1514703
2006/7/19,600056.sh,1.25,1.29,1.24,1.25,1201758
2006/7/20,600056.sh,1.21,1.27,1.21,1.25,875842
2006/7/21,600056.sh,1.23,1.27,1.23,1.25,743704
2006/7/24,600056.sh,1.25,1.25,1.22,1.24,695730
2006/7/25,600056.sh,1.23,1.28,1.23,1.25,837231
2006/7/26,600056.sh,1.25,1.30,1.25,1.30,1963829
2006/7/27,600056.sh,1.29,1.29,1.25,1.26,1069069
2006/7/28,600056.sh,1.25,1.27,1.23,1.25,1089929
2006/7/31,600056.sh,1.25,1.25,1.15,1.15,2225364
2006/8/1,600056.sh,1.15,1.17,1.11,1.11,1271725
2006/8/2,600056.sh,1.11,1.12,1.06,1.09,940134
2006/8/3,600056.sh,1.10,1.10,1.08,1.09,484405
2006/8/4,600056.sh,1.10,1.10,1.04,1.05,824552
2006/8/7,600056.sh,1.04,1.04,0.98,0.99,1012423
2006/8/8,600056.sh,0.99,1.09,0.99,1.09,1837945
2006/8/9,600056.sh,1.08,1.12,1.06,1.09,1771106
2006/8/10,600056.sh,1.08,1.11,1.08,1.10,685211
2006/8/11,600056.sh,1.08,1.11,1.08,1.09,550224
2006/8/14,600056.sh,1.09,1.13,1.05,1.05,1192843
2006/8/15,600056.sh,1.06,1.09,1.04,1.09,752567
2006/8/16,600056.sh,1.09,1.11,1.09,1.10,694161
2006/8/17,600056.sh,1.09,1.10,1.07,1.10,483283
2006/8/18,600056.sh,1.10,1.12,1.09,1.10,958321
2006/8/21,600056.sh,1.04,1.10,1.04,1.10,1134717
2006/8/22,600056.sh,1.10,1.20,1.10,1.16,3122404
2006/8/23,600056.sh,1.14,1.15,1.11,1.13,1725966
2006/8/24,600056.sh,1.12,1.18,1.11,1.18,1834165
2006/8/25,600056.sh,1.17,1.22,1.16,1.18,3127318
2006/8/28,600056.sh,1.18,1.21,1.18,1.20,1810609
2006/8/29,600056.sh,1.20,1.22,1.17,1.18,1607566
2006/8/30,600056.sh,1.18,1.18,1.18,1.18,INVALID
2006/8/31,600056.sh,1.18,1.22,1.18,1.22,2375313
2006/9/1,600056.sh,1.22,1.25,1.15,1.22,4537330
2006/9/4,600056.sh,1.20,1.27,1.20,1.26,3347514
2006/9/5,600056.sh,1.25,1.28,1.24,1.26,1680379
2006/9/6,600056.sh,1.26,1.28,1.22,1.26,1619442
2006/9/7,600056.sh,1.25,1.25,1.22,1.23,1228637
2006/9/8,600056.sh,1.23,1.24,1.21,1.21,1161229
2006/9/11,600056.sh,1.21,1.21,1.18,1.21,1048187
2006/9/12,600056.sh,1.21,1.22,1.19,1.21,763928
2006/9/13,600056.sh,1.20,1.21,1.19,1.19,977646
2006/9/14,600056.sh,1.19,1.21,1.19,1.21,807404
2006/9/15,600056.sh,1.19,1.22,1.19,1.21,686016
2006/9/18,600056.sh,1.21,1.25,1.21,1.24,1671059
2006/9/19,600056.sh,1.24,1.24,1.22,1.23,1000506
2006/9/20,600056.sh,1.23,1.24,1.22,1.23,1102959
2006/9/21,600056.sh,1.22,1.23,1.21,1.21,1378373
2006/9/22,600056.sh,1.21,1.26,1.21,1.25,4137788
2006/9/25,600056.sh,1.25,1.32,1.25,1.30,4516527
2006/9/26,600056.sh,1.30,1.30,1.25,1.29,2186737
2006/9/27,600056.sh,1.28,1.30,1.26,1.29,1326227
2006/9/28,600056.sh,1.29,1.29,1.26,1.27,1723536
2006/9/29,600056.sh,1.27,1.29,1.25,1.26,1461313
2006/10/9,600056.sh,1.21,1.30,1.21,1.30,2674628
2006/10/10,600056.sh,1.30,1.33,1.28,1.32,3676902
2006/10/11,600056.sh,1.34,1.36,1.31,1.34,3142460
2006/10/12,600056.sh,1.34,1.39,1.33,1.36,4645129
2006/10/13,600056.sh,1.36,1.37,1.32,1.36,2882661
2006/10/16,600056.sh,1.36,1.38,1.33,1.35,2395704
2006/10/17,600056.sh,1.33,1.34,1.30,1.31,1544464
2006/10/18,600056.sh,1.31,1.33,1.29,1.32,1349548
2006/10/19,600056.sh,1.32,1.32,1.29,1.30,1663878
2006/10/20,600056.sh,1.30,1.31,1.29,1.30,918481
2006/10/23,600056.sh,1.30,1.31,1.23,1.23,1456274
2006/10/24,600056.sh,1.23,1.28,1.23,1.26,966041
2006/10/25,600056.sh,1.28,1.31,1.26,1.29,1068482
2006/10/26,600056.sh,1.28,1.28,1.25,1.26,831039
2006/10/27,600056.sh,1.26,1.27,1.21,1.22,958943
2006/10/30,600056.sh,1.22,1.23,1.19,1.22,789000
2006/10/31,600056.sh,1.22,1.23,1.21,1.22,1198009
2006/11/1,600056.sh,1.22,1.23,1.21,1.23,947910
2006/11/2,600056.sh,1.24,1.24,1.21,1.22,729416
2006/11/3,600056.sh,1.22,1.24,1.21,1.22,886317
2006/11/6,600056.sh,1.22,1.23,1.21,1.22,862493
2006/11/7,600056.sh,1.22,1.22,1.17,1.19,1118307
2006/11/8,600056.sh,1.19,1.20,1.17,1.19,658402
2006/11/9,600056.sh,1.20,1.25,1.19,1.23,1781315
2006/11/10,600056.sh,1.24,1.25,1.19,1.21,2296239
2006/11/13,600056.sh,1.20,1.22,1.18,1.21,905679
2006/11/14,600056.sh,1.22,1.26,1.20,1.25,2292898
2006/11/15,600056.sh,1.25,1.27,1.23,1.26,1995994
2006/11/16,600056.sh,1.26,1.26,1.21,1.21,1358246
2006/11/17,600056.sh,1.21,1.21,1.17,1.21,1434194
2006/11/20,600056.sh,1.21,1.21,1.18,1.19,917438
2006/11/21,600056.sh,1.19,1.19,1.15,1.19,1602013
2006/11/22,600056.sh,1.17,1.21,1.16,1.18,843115
2006/11/23,600056.sh,1.18,1.20,1.18,1.19,736858
2006/11/24,600056.sh,1.19,1.20,1.17,1.20,1147165
2006/11/27,600056.sh,1.20,1.27,1.19,1.26,2601705
2006/11/28,600056.sh,1.26,1.29,1.25,1.29,3221666
2006/11/29,600056.sh,1.29,1.30,1.26,1.28,2236579
2006/11/30,600056.sh,1.29,1.31,1.28,1.29,2508741
2006/12/1,600056.sh,1.29,1.30,1.26,1.27,1845897
2006/12/4,600056.sh,1.27,1.40,1.26,1.38,6689631
2006/12/5,600056.sh,1.36,1.38,1.34,1.35,4008391
2006/12/6,600056.sh,1.34,1.41,1.34,1.40,7006617
2006/12/7,600056.sh,1.40,1.45,1.37,1.38,4913542
2006/12/8,600056.sh,1.37,1.37,1.27,1.27,3042036
2006/12/11,600056.sh,1.27,1.31,1.26,1.31,1553164
2006/12/12,600056.sh,1.31,1.32,1.28,1.31,1504298
2006/12/13,600056.sh,1.31,1.32,1.29,1.30,1157873
2006/12/14,600056.sh,1.30,1.34,1.30,1.33,1448689
2006/12/15,600056.sh,1.33,1.36,1.33,1.34,1548449
2006/12/18,600056.sh,1.34,1.39,1.34,1.36,2285447
2006/12/19,600056.sh,1.37,1.41,1.34,1.41,4147719
2006/12/20,600056.sh,1.42,1.44,1.38,1.42,3148045
2006/12/21,600056.sh,1.41,1.45,1.36,1.37,3363305
2006/12/22,600056.sh,1.37,1.50,1.34,1.48,7883572
2006/12/25,600056.sh,1.48,1.54,1.45,1.48,8185721
2006/12/26,600056.sh,1.48,1.53,1.47,1.51,3970388
2006/12/27,600056.sh,1.50,1.59,1.50,1.54,4630690
2006/12/28,600056.sh,1.53,1.56,1.45,1.48,3478152
2006/12/29,600056.sh,1.48,1.53,1.46,1.49,3108728
2007/1/4,600056.sh,1.51,1.53,1.40,1.44,3513338
2007/1/5,600056.sh,1.44,1.50,1.41,1.50,2685451
2007/1/8,600056.sh,1.50,1.58,1.50,1.56,3752356
2007/1/9,600056.sh,1.60,1.60,1.54,1.56,3668441
2007/1/10,600056.sh,1.57,1.57,1.53,1.57,3581027
2007/1/11,600056.sh,1.59,1.66,1.56,1.60,5553942
2007/1/12,600056.sh,1.58,1.62,1.48,1.52,5264877
2007/1/15,600056.sh,1.52,1.64,1.52,1.64,5586460
2007/1/16,600056.sh,1.64,1.69,1.61,1.68,4870824
2007/1/17,600056.sh,1.67,1.69,1.58,1.61,4197682
2007/1/18,600056.sh,1.58,1.65,1.55,1.63,3710054
2007/1/19,600056.sh,1.63,1.70,1.61,1.68,5133460
2007/1/22,600056.sh,1.69,1.75,1.67,1.73,6700346
2007/1/23,600056.sh,1.74,1.84,1.69,1.84,11103633
2007/1/24,600056.sh,1.85,1.85,1.79,1.83,5076244
2007/1/25,600056.sh,1.83,1.92,1.79,1.80,9076356
2007/1/26,600056.sh,1.75,1.80,1.67,1.76,5183517
2007/1/29,600056.sh,1.76,1.82,1.76,1.81,3628775
2007/1/30,600056.sh,1.89,1.91,1.80,1.82,4912261
2007/1/31,600056.sh,1.80,1.83,1.66,1.66,4094667
2007/2/1,600056.sh,1.64,1.68,1.59,1.63,3542716
2007/2/2,600056.sh,1.65,1.70,1.62,1.64,3274749
2007/2/5,600056.sh,1.68,1.79,1.68,1.71,4308223
2007/2/6,600056.sh,1.71,1.73,1.66,1.72,2737014
2007/2/7,600056.sh,1.74,1.80,1.71,1.80,5206725
2007/2/8,600056.sh,1.82,1.87,1.81,1.84,5119126
2007/2/9,600056.sh,1.88,1.88,1.80,1.84,5132773
2007/2/12,600056.sh,1.83,1.86,1.83,1.85,3388689
2007/2/13,600056.sh,1.86,1.88,1.79,1.83,3884347
2007/2/14,600056.sh,1.83,1.92,1.83,1.91,5846229
2007/2/15,600056.sh,1.92,1.98,1.90,1.93,4081257
2007/2/16,600056.sh,1.93,2.02,1.92,1.97,5688290
2007/2/26,600056.sh,1.98,2.02,1.92,2.01,5162883
2007/2/27,600056.sh,2.01,2.03,1.80,1.80,6145240
2007/2/28,600056.sh,1.73,1.87,1.73,1.84,4802247
2007/3/1,600056.sh,1.84,1.84,1.72,1.74,4180669
2007/3/2,600056.sh,1.75,1.85,1.75,1.83,4540417
2007/3/5,600056.sh,1.84,1.90,1.79,1.88,7153915
2007/3/6,600056.sh,1.84,1.87,1.82,1.86,2554543
2007/3/7,600056.sh,1.87,1.92,1.86,1.90,3683270
2007/3/8,600056.sh,1.90,1.97,1.88,1.95,4595520
2007/3/9,600056.sh,1.95,2.01,1.94,1.97,5398111
2007/3/12,600056.sh,1.96,1.97,1.88,1.95,4269051
2007/3/13,600056.sh,1.95,2.02,1.95,1.99,5129630
2007/3/14,600056.sh,1.96,1.97,1.88,1.94,3912222
2007/3/15,600056.sh,1.93,1.98,1.92,1.96,3281537
2007/3/16,600056.sh,1.97,1.99,1.91,1.93,5563937
2007/3/19,600056.sh,1.86,1.94,1.83,1.92,3777329
2007/3/20,600056.sh,1.93,2.11,1.93,2.11,11020755
2007/3/21,600056.sh,2.11,2.12,2.05,2.09,6492855
2007/3/22,600056.sh,2.11,2.17,2.07,2.08,5438507
2007/3/23,600056.sh,2.09,2.19,2.06,2.17,6983615
2007/3/26,600056.sh,2.19,2.23,2.15,2.20,5001537
2007/3/27,600056.sh,2.20,2.20,2.14,2.15,7937232
2007/3/28,600056.sh,2.15,2.17,2.00,2.09,7173515
2007/3/29,600056.sh,2.12,2.12,2.03,2.03,5006108
2007/3/30,600056.sh,2.03,2.07,2.01,2.03,3088952
2007/4/2,600056.sh,2.05,2.12,2.05,2.11,3050080
2007/4/3,600056.sh,2.11,2.16,2.10,2.13,4001382
2007/4/4,600056.sh,2.13,2.17,2.11,2.13,3961932
2007/4/5,600056.sh,2.13,2.19,2.12,2.18,4609932
2007/4/6,600056.sh,2.16,2.25,2.15,2.23,6459147
2007/4/9,600056.sh,2.25,2.28,2.20,2.24,6216547
2007/4/10,600056.sh,2.24,2.25,2.13,2.20,4987669
2007/4/11,600056.sh,2.20,2.24,2.17,2.22,5708898
2007/4/12,600056.sh,2.22,2.30,2.22,2.29,6868267
2007/4/13,600056.sh,2.29,2.29,2.20,2.22,5512060
2007/4/16,600056.sh,2.22,2.44,2.22,2.38,8762207
2007/4/17,600056.sh,2.38,2.45,2.36,2.44,8021427
2007/4/18,600056.sh,2.45,2.52,2.41,2.45,6233898
2007/4/19,600056.sh,2.42,2.42,2.20,2.26,7579804
2007/4/20,600056.sh,2.29,2.40,2.28,2.38,6365715
2007/4/23,600056.sh,2.43,2.61,2.43,2.59,8750705
2007/4/24,600056.sh,2.64,2.73,2.59,2.61,9481122
2007/4/25,600056.sh,2.61,2.61,2.61,2.61,INVALID
2007/4/26,600056.sh,2.63,2.68,2.56,2.66,6187014
2007/4/27,600056.sh,2.66,2.84,2.61,2.75,6966500
2007/4/30,600056.sh,2.71,3.02,2.71,3.02,9515702
2007/5/8,600056.sh,3.15,3.31,3.04,3.08,9673123
2007/5/9,600056.sh,3.05,3.12,2.82,3.09,8621575
2007/5/10,600056.sh,3.09,3.30,3.07,3.20,8889773
2007/5/11,600056.sh,3.15,3.15,2.99,3.04,6260580
2007/5/14,600056.sh,2.98,3.03,2.91,2.98,4990638
2007/5/15,600056.sh,2.94,2.97,2.76,2.77,6500701
2007/5/16,600056.sh,2.77,2.88,2.70,2.86,5108101
2007/5/17,600056.sh,2.90,2.94,2.86,2.91,4693643
2007/5/18,600056.sh,2.90,2.91,2.82,2.85,5067227
2007/5/21,600056.sh,2.74,2.94,2.71,2.91,5400338
2007/5/22,600056.sh,2.92,3.02,2.92,2.96,7807683
2007/5/23,600056.sh,2.96,3.07,2.96,3.06,6629701
2007/5/24,600056.sh,3.10,3.12,2.94,3.00,7098722
2007/5/25,600056.sh,2.98,3.18,2.92,3.13,10226121
2007/5/28,600056.sh,3.17,3.26,3.12,3.19,12066242
2007/5/29,600056.sh,3.20,3.20,3.07,3.15,8560776
2007/5/30,600056.sh,2.89,3.05,2.83,2.83,6540666
2007/5/31,600056.sh,2.73,2.79,2.55,2.60,7313649
2007/6/1,600056.sh,2.59,2.63,2.34,2.34,7477627
2007/6/4,600056.sh,2.35,2.40,2.10,2.10,6865150
2007/6/5,600056.sh,2.05,2.21,1.89,2.18,7912338
2007/6/6,600056.sh,2.19,2.25,2.11,2.19,6251081
2007/6/7,600056.sh,2.21,2.32,2.16,2.31,6450575
2007/6/8,600056.sh,2.39,2.49,2.39,2.42,11276592
2007/6/11,600056.sh,2.45,2.48,2.38,2.41,6070295
2007/6/12,600056.sh,2.42,2.47,2.32,2.44,5936940
2007/6/13,600056.sh,2.47,2.55,2.47,2.52,7486698
2007/6/14,600056.sh,2.55,2.66,2.48,2.58,9067985
2007/6/15,600056.sh,2.52,2.60,2.48,2.52,5130506
2007/6/18,600056.sh,2.56,2.68,2.56,2.63,5449171
2007/6/19,600056.sh,2.62,2.83,2.59,2.79,9028018
2007/6/20,600056.sh,2.80,2.80,2.60,2.60,6196926
2007/6/21,600056.sh,2.60,2.66,2.50,2.54,4985851
2007/6/22,600056.sh,2.58,2.62,2.29,2.33,5157727
2007/6/25,600056.sh,2.34,2.38,2.10,2.12,4011459
2007/6/26,600056.sh,2.11,2.23,2.01,2.22,3975644
2007/6/27,600056.sh,2.20,2.31,2.15,2.30,3891015
2007/6/28,600056.sh,2.42,2.43,2.21,2.22,5531109
2007/6/29,600056.sh,2.22,2.34,2.15,2.27,4112817
2007/7/2,600056.sh,2.29,2.33,2.11,2.27,3073847
2007/7/3,600056.sh,2.28,2.39,2.20,2.38,4556991
2007/7/4,600056.sh,2.37,2.37,2.28,2.30,2389980
2007/7/5,600056.sh,2.24,2.30,2.11,2.11,3063695
2007/7/6,600056.sh,2.10,2.26,2.06,2.24,2418488
2007/7/9,600056.sh,2.24,2.32,2.23,2.30,2760409
2007/7/10,600056.sh,2.28,2.41,2.24,2.37,5162175
2007/7/11,600056.sh,2.34,2.40,2.31,2.34,2602496
2007/7/12,600056.sh,2.33,2.38,2.33,2.36,2470582
2007/7/13,600056.sh,2.38,2.51,2.37,2.42,4869800
2007/7/16,600056.sh,2.42,2.48,2.32,2.33,2911533
2007/7/17,600056.sh,2.31,2.40,2.29,2.37,1910123
2007/7/18,600056.sh,2.35,2.44,2.33,2.38,2356436
2007/7/19,600056.sh,2.37,2.43,2.34,2.41,1570900
2007/7/20,600056.sh,2.42,2.50,2.42,2.47,3400054
2007/7/23,600056.sh,2.48,2.59,2.48,2.58,4486959
2007/7/24,600056.sh,2.57,2.69,2.54,2.62,5407783
2007/7/25,600056.sh,2.64,2.75,2.64,2.72,4523207
2007/7/26,600056.sh,2.75,2.88,2.72,2.82,6498451
2007/7/27,600056.sh,2.77,2.85,2.74,2.85,4782021
2007/7/30,600056.sh,2.85,2.98,2.85,2.96,5069998
2007/7/31,600056.sh,2.93,3.07,2.93,2.97,6159652
2007/8/1,600056.sh,2.99,3.02,2.75,2.76,7148742
2007/8/2,600056.sh,2.82,3.04,2.82,3.04,10711276
2007/8/3,600056.sh,3.15,3.15,2.99,3.05,7382981
2007/8/6,600056.sh,3.09,3.23,3.03,3.16,6962828
2007/8/7,600056.sh,3.21,3.47,3.16,3.45,10792060
2007/8/8,600056.sh,3.38,3.41,3.22,3.32,6793110
2007/8/9,600056.sh,3.31,3.51,3.30,3.31,6261602
2007/8/10,600056.sh,3.32,3.37,3.09,3.19,5945861
2007/8/13,600056.sh,3.20,3.26,3.07,3.08,4387730
2007/8/14,600056.sh,3.07,3.19,3.07,3.16,2731349
2007/8/15,600056.sh,3.16,3.41,3.11,3.35,5844137
2007/8/16,600056.sh,3.33,3.52,3.25,3.45,7119564
2007/8/17,600056.sh,3.45,3.46,3.26,3.28,5239657
2007/8/20,600056.sh,3.40,3.60,3.37,3.60,7313763
2007/8/21,600056.sh,3.63,3.73,3.56,3.59,6612825
2007/8/22,600056.sh,3.55,3.75,3.52,3.69,4621162
2007/8/23,600056.sh,3.73,3.76,3.60,3.67,3714214
2007/8/24,600056.sh,3.68,3.74,3.52,3.58,5596544
2007/8/27,600056.sh,3.59,3.67,3.52,3.62,4564632
2007/8/28,600056.sh,3.63,3.64,3.49,3.54,4241819
2007/8/29,600056.sh,3.52,3.52,3.39,3.46,4232492
2007/8/30,600056.sh,3.47,3.58,3.44,3.53,3073659
2007/8/31,600056.sh,3.54,3.73,3.50,3.69,5022869
2007/9/3,600056.sh,3.84,4.03,3.79,3.93,7266128
2007/9/4,600056.sh,3.94,4.32,3.81,4.20,10006349
2007/9/5,600056.sh,4.12,4.61,4.10,4.51,12470272
2007/9/6,600056.sh,4.50,4.94,4.33,4.93,12858907
2007/9/7,600056.sh,4.93,4.93,4.93,4.93,INVALID
2007/9/10,600056.sh,4.93,4.93,4.93,4.93,INVALID
2007/9/11,600056.sh,5.42,5.42,4.43,4.43,11668781
2007/9/12,600056.sh,4.24,4.37,4.10,4.17,6407343
2007/9/13,600056.sh,4.23,4.39,4.21,4.29,4827702
2007/9/14,600056.sh,4.32,4.39,4.09,4.18,4474334
2007/9/17,600056.sh,4.16,4.60,4.16,4.60,7370291
2007/9/18,600056.sh,4.67,4.90,4.59,4.69,7811769
2007/9/19,600056.sh,4.71,4.75,4.44,4.48,4292087
2007/9/20,600056.sh,4.58,4.93,4.52,4.93,7955398
2007/9/21,600056.sh,5.08,5.42,4.93,5.31,10361493
2007/9/24,600056.sh,5.31,5.31,5.31,5.31,INVALID
2007/9/25,600056.sh,5.37,5.44,4.93,5.00,6194346
2007/9/26,600056.sh,5.00,5.12,4.76,4.79,3117976
2007/9/27,600056.sh,4.80,5.16,4.72,5.11,3466956
2007/9/28,600056.sh,5.11,5.22,5.03,5.04,3301343
2007/10/8,600056.sh,5.11,5.14,4.85,4.86,3370680
2007/10/9,600056.sh,4.83,5.01,4.70,4.91,2290752
2007/10/10,600056.sh,4.91,4.99,4.76,4.80,2291743
2007/10/11,600056.sh,4.80,4.88,4.69,4.82,2569038
2007/10/12,600056.sh,4.81,4.82,4.44,4.56,3766097
2007/10/15,600056.sh,4.57,4.96,4.43,4.94,4687816
2007/10/16,600056.sh,4.93,5.03,4.75,4.88,2961159
2007/10/17,600056.sh,4.91,5.17,4.86,4.94,3224695
2007/10/18,600056.sh,4.91,4.93,4.65,4.67,2299024
2007/10/19,600056.sh,4.76,4.77,4.50,4.52,1910493
2007/10/22,600056.sh,4.52,4.52,4.22,4.26,1982814
2007/10/23,600056.sh,4.24,4.37,4.20,4.31,1488607
2007/10/24,600056.sh,4.36,4.36,4.20,4.21,1298162
2007/10/25,600056.sh,4.23,4.26,3.79,3.79,2556167
2007/10/26,600056.sh,3.79,3.88,3.64,3.86,2298517
2007/10/29,600056.sh,3.95,4.22,3.89,4.21,1724500
2007/10/30,600056.sh,4.37,4.47,4.21,4.28,2394556
2007/10/31,600056.sh,4.36,4.42,4.21,4.35,2067594
2007/11/1,600056.sh,4.44,4.53,4.31,4.32,2690273
2007/11/2,600056.sh,4.26,4.26,4.06,4.07,1964328
2007/11/5,600056.sh,4.05,4.19,3.95,4.12,1059946
2007/11/6,600056.sh,4.16,4.22,4.01,4.05,941148
2007/11/7,600056.sh,4.07,4.12,3.88,3.95,1236705
2007/11/8,600056.sh,3.95,3.97,3.79,3.84,1006548
2007/11/9,600056.sh,3.84,3.85,3.70,3.73,992260
2007/11/12,600056.sh,3.67,3.73,3.52,3.63,1180237
2007/11/13,600056.sh,3.71,3.94,3.69,3.80,1859915
2007/11/14,600056.sh,3.88,4.02,3.80,4.01,1500302
2007/11/15,600056.sh,3.98,3.98,3.84,3.89,1265627
2007/11/16,600056.sh,3.86,3.86,3.74,3.82,959449
2007/11/19,600056.sh,3.84,4.00,3.80,3.93,879060
2007/11/20,600056.sh,3.95,4.13,3.88,4.03,1720855
2007/11/21,600056.sh,4.09,4.09,3.89,3.89,1060596
2007/11/22,600056.sh,3.82,3.90,3.71,3.74,955896
2007/11/23,600056.sh,3.75,3.88,3.67,3.87,616163
2007/11/26,600056.sh,3.94,3.95,3.78,3.80,652952
2007/11/27,600056.sh,3.81,3.81,3.69,3.71,785777
2007/11/28,600056.sh,3.79,3.81,3.67,3.68,693336
2007/11/29,600056.sh,3.75,3.81,3.66,3.78,1190708
2007/11/30,600056.sh,3.78,3.78,3.68,3.69,800665
2007/12/3,600056.sh,3.69,3.77,3.64,3.74,400142
2007/12/4,600056.sh,3.78,3.94,3.72,3.89,1565475
2007/12/5,600056.sh,3.89,4.01,3.86,3.97,1486301
2007/12/6,600056.sh,3.98,4.00,3.89,3.95,822560
2007/12/7,600056.sh,3.95,4.01,3.92,4.01,910098
2007/12/10,600056.sh,3.94,4.18,3.94,4.15,1520964
2007/12/11,600056.sh,4.15,4.17,4.05,4.14,1501267
2007/12/12,600056.sh,4.13,4.24,4.08,4.18,1145872
2007/12/13,600056.sh,4.13,4.21,3.98,3.99,1192607
2007/12/14,600056.sh,3.97,4.13,3.95,4.10,1002531
2007/12/17,600056.sh,4.12,4.51,4.12,4.51,2466697
2007/12/18,600056.sh,4.59,4.75,4.44,4.67,5558145
2007/12/19,600056.sh,4.69,4.86,4.65,4.69,3463995
2007/12/20,600056.sh,4.69,4.92,4.61,4.79,2516380
2007/12/21,600056.sh,4.74,5.00,4.73,4.99,3396273
2007/12/24,600056.sh,5.16,5.33,5.01,5.09,5415783
2007/12/25,600056.sh,5.07,5.24,5.00,5.18,2501679
2007/12/26,600056.sh,5.19,5.33,5.16,5.30,2185796
2007/12/27,600056.sh,5.33,5.62,5.30,5.43,3693345
2007/12/28,600056.sh,5.50,5.54,5.16,5.17,4389639
2008/1/2,600056.sh,5.25,5.69,5.25,5.69,6301816
2008/1/3,600056.sh,5.70,5.80,5.61,5.72,3980913
2008/1/4,600056.sh,5.68,5.76,5.54,5.61,3328974
2008/1/7,600056.sh,5.56,5.65,5.48,5.58,2596168
2008/1/8,600056.sh,5.57,5.59,5.25,5.31,4002774
2008/1/9,600056.sh,5.28,5.43,5.25,5.42,2106921
2008/1/10,600056.sh,5.38,5.54,5.38,5.42,2159447
2008/1/11,600056.sh,5.42,5.43,5.16,5.30,2834031
2008/1/14,600056.sh,5.29,5.58,5.26,5.51,2490447
2008/1/15,600056.sh,5.51,5.69,5.51,5.54,2409385
2008/1/16,600056.sh,5.50,5.66,5.40,5.54,3184162
2008/1/17,600056.sh,5.51,5.95,5.51,5.79,6959636
2008/1/18,600056.sh,5.82,5.93,5.64,5.84,3723539
2008/1/21,600056.sh,5.90,6.29,5.90,5.97,6348817
2008/1/22,600056.sh,5.80,5.82,5.37,5.37,5196909
2008/1/23,600056.sh,5.33,5.70,5.18,5.67,5708810
2008/1/24,600056.sh,5.67,6.16,5.61,5.94,5323364
2008/1/25,600056.sh,6.07,6.14,5.89,6.02,4937882
2008/1/28,600056.sh,5.99,5.99,5.42,5.42,3684463
2008/1/29,600056.sh,5.35,5.55,4.91,5.18,4604404
2008/1/30,600056.sh,5.20,5.31,4.91,5.09,3161906
2008/1/31,600056.sh,5.03,5.16,4.92,4.92,1517288
2008/2/1,600056.sh,4.91,5.01,4.46,4.69,2756703
2008/2/4,600056.sh,4.81,5.16,4.81,5.15,2339808
2008/2/5,600056.sh,5.12,5.27,5.01,5.18,2572213
2008/2/13,600056.sh,5.19,5.19,4.95,5.07,1328805
2008/2/14,600056.sh,5.10,5.27,5.09,5.18,1256535
2008/2/15,600056.sh,5.10,5.16,4.99,5.10,1197723
2008/2/18,600056.sh,5.15,5.32,5.13,5.29,1700685
2008/2/19,600056.sh,5.29,5.40,5.22,5.38,1635713
2008/2/20,600056.sh,5.38,5.41,5.21,5.23,1635132
2008/2/21,600056.sh,5.25,5.45,5.20,5.39,1856114
2008/2/22,600056.sh,5.33,5.50,5.16,5.26,2160414
2008/2/25,600056.sh,5.27,5.33,4.91,4.91,1668255
2008/2/26,600056.sh,5.08,5.13,4.76,4.99,1826852
2008/2/27,600056.sh,5.03,5.12,4.97,5.08,908588
2008/2/28,600056.sh,5.08,5.12,5.01,5.07,922814
2008/2/29,600056.sh,5.08,5.25,5.06,5.14,908769
2008/3/3,600056.sh,5.12,5.64,5.01,5.63,2790809
2008/3/4,600056.sh,5.70,5.70,5.46,5.47,2504368
2008/3/5,600056.sh,5.46,5.65,5.41,5.64,2646257
2008/3/6,600056.sh,5.66,5.72,5.54,5.54,1803804
2008/3/7,600056.sh,5.54,5.54,5.54,5.54,INVALID
2008/3/10,600056.sh,5.43,5.43,5.06,5.15,1866930
2008/3/11,600056.sh,5.06,5.23,4.99,5.16,1033614
2008/3/12,600056.sh,5.31,5.32,4.99,5.00,1107716
2008/3/13,600056.sh,4.92,5.00,4.62,4.73,1573150
2008/3/14,600056.sh,4.72,4.80,4.61,4.71,903233
2008/3/17,600056.sh,4.69,4.75,4.31,4.34,1681416
2008/3/18,600056.sh,4.27,4.41,3.95,4.05,1945599
2008/3/19,600056.sh,4.14,4.41,4.10,4.24,2073974
2008/3/20,600056.sh,4.16,4.60,4.01,4.54,2175107
2008/3/21,600056.sh,4.53,4.78,4.48,4.64,2377473
2008/3/24,600056.sh,4.69,4.78,4.52,4.54,1251514
2008/3/25,600056.sh,4.51,4.63,4.38,4.56,1354054
2008/3/26,600056.sh,4.67,4.69,4.48,4.54,863147
2008/3/27,600056.sh,4.48,4.48,4.09,4.09,1558179
2008/3/28,600056.sh,4.02,4.26,3.78,4.23,2168113
2008/3/31,600056.sh,3.95,4.16,3.92,3.95,1153472
2008/4/1,600056.sh,3.93,4.01,3.55,3.55,1908929
2008/4/2,600056.sh,3.58,3.66,3.20,3.22,2162460
2008/4/3,600056.sh,3.18,3.39,3.18,3.32,1775348
2008/4/7,600056.sh,3.24,3.65,3.24,3.65,2245032
2008/4/8,600056.sh,3.67,3.97,3.65,3.81,3764521
2008/4/9,600056.sh,3.76,3.90,3.50,3.51,2741976
2008/4/10,600056.sh,3.49,3.79,3.43,3.77,1727029
2008/4/11,600056.sh,3.84,3.94,3.75,3.82,2013622
2008/4/14,600056.sh,3.75,3.75,3.44,3.46,2366350
2008/4/15,600056.sh,3.41,3.69,3.41,3.65,1810316
2008/4/16,600056.sh,3.64,3.68,3.48,3.56,1162696
2008/4/17,600056.sh,3.56,3.56,3.56,3.56,INVALID
2008/4/18,600056.sh,3.44,3.47,3.27,3.29,1660198
2008/4/21,600056.sh,3.57,3.62,3.32,3.40,2106306
2008/4/22,600056.sh,3.32,3.40,3.16,3.37,1488821
2008/4/23,600056.sh,3.35,3.52,3.23,3.48,1818641
2008/4/24,600056.sh,3.81,3.83,3.67,3.83,4751957
2008/4/25,600056.sh,3.82,3.97,3.73,3.82,3805519
2008/4/28,600056.sh,3.75,3.80,3.63,3.64,2472289
2008/4/29,600056.sh,3.65,3.69,3.55,3.68,2474948
2008/4/30,600056.sh,3.73,3.84,3.69,3.82,2881752
2008/5/5,600056.sh,3.86,4.02,3.78,4.01,3129039
2008/5/6,600056.sh,3.97,3.97,3.82,3.85,3175787
2008/5/7,600056.sh,3.84,3.90,3.60,3.62,2382906
2008/5/8,600056.sh,3.54,3.72,3.53,3.69,1813734
2008/5/9,600056.sh,3.72,3.84,3.60,3.73,1789267
2008/5/12,600056.sh,3.67,3.92,3.63,3.90,3247864
2008/5/13,600056.sh,3.84,4.29,3.78,4.27,10632774
2008/5/14,600056.sh,4.29,4.43,4.08,4.20,8552163
2008/5/15,600056.sh,4.16,4.24,4.08,4.08,3381757
2008/5/16,600056.sh,4.09,4.19,3.95,4.03,2547952
2008/5/19,600056.sh,4.02,4.16,4.02,4.13,2051069
2008/5/20,600056.sh,4.16,4.17,3.73,3.76,2996831
2008/5/21,600056.sh,3.72,3.84,3.52,3.76,2879509
2008/5/22,600056.sh,3.72,3.72,3.58,3.60,2162161
2008/5/23,600056.sh,3.60,3.69,3.46,3.65,2197246
2008/5/26,600056.sh,3.84,4.00,3.75,3.78,6142346
2008/5/27,600056.sh,3.65,3.76,3.60,3.72,2044315
2008/5/28,600056.sh,3.72,3.81,3.66,3.75,1844806
2008/5/29,600056.sh,3.75,3.82,3.68,3.69,1717249
2008/5/30,600056.sh,3.69,3.75,3.58,3.66,1404658
2008/6/2,600056.sh,3.68,3.77,3.60,3.77,1799545
2008/6/3,600056.sh,3.90,3.99,3.73,3.75,5237643
2008/6/4,600056.sh,3.63,3.69,3.54,3.59,2358383
2008/6/5,600056.sh,3.57,3.62,3.47,3.52,1500616
2008/6/6,600056.sh,3.50,3.56,3.49,3.55,847131
2008/6/10,600056.sh,3.36,3.39,3.20,3.20,1059650
2008/6/11,600056.sh,3.14,3.14,2.90,2.93,1709320
2008/6/12,600056.sh,2.90,2.97,2.78,2.83,1788690
2008/6/13,600056.sh,2.83,2.91,2.60,2.62,1665540
2008/6/16,600056.sh,2.67,2.71,2.51,2.60,1276203
2008/6/17,600056.sh,2.60,2.62,2.35,2.40,1790178
2008/6/18,600056.sh,2.36,2.62,2.28,2.56,1843790
2008/6/19,600056.sh,2.49,2.55,2.30,2.30,1608679
2008/6/20,600056.sh,2.30,2.45,2.21,2.36,1721254
2008/6/23,600056.sh,2.31,2.40,2.30,2.34,957034
2008/6/24,600056.sh,2.34,2.44,2.34,2.44,1296460
2008/6/25,600056.sh,2.41,2.64,2.41,2.63,2360343
2008/6/26,600056.sh,2.63,2.73,2.59,2.66,2616359
2008/6/27,600056.sh,2.57,2.57,2.39,2.41,2458723
2008/6/30,600056.sh,2.38,2.47,2.34,2.41,1277481
2008/7/1,600056.sh,2.44,2.45,2.31,2.32,785377
2008/7/2,600056.sh,2.32,2.40,2.31,2.36,746263
2008/7/3,600056.sh,2.33,2.60,2.23,2.60,3124076
2008/7/4,600056.sh,2.67,2.86,2.67,2.86,9764804
2008/7/7,600056.sh,3.05,3.12,2.95,3.01,9513952
2008/7/8,600056.sh,2.97,3.31,2.93,3.25,8945561
2008/7/9,600056.sh,3.19,3.30,3.14,3.22,7035211
2008/7/10,600056.sh,3.34,3.38,2.97,2.98,6911302
2008/7/11,600056.sh,2.95,3.10,2.92,3.05,4618457
2008/7/14,600056.sh,2.99,3.10,2.97,3.06,3381637
2008/7/15,600056.sh,3.07,3.15,2.95,3.04,3716418
2008/7/16,600056.sh,3.01,3.06,2.76,2.83,3517998
2008/7/17,600056.sh,2.91,3.09,2.85,2.93,4598676
2008/7/18,600056.sh,2.94,3.01,2.77,2.98,3467776
2008/7/21,600056.sh,2.97,3.17,2.92,3.14,3942255
2008/7/22,600056.sh,3.16,3.22,3.09,3.13,2891729
2008/7/23,600056.sh,3.13,3.18,3.06,3.07,2436482
2008/7/24,600056.sh,3.10,3.15,3.05,3.11,2569875
2008/7/25,600056.sh,3.06,3.14,3.05,3.11,1700666
2008/7/28,600056.sh,3.14,3.22,3.07,3.17,3273701
2008/7/29,600056.sh,3.10,3.17,3.06,3.07,2455344
2008/7/30,600056.sh,3.13,3.15,3.04,3.08,1450956
2008/7/31,600056.sh,3.08,3.10,2.88,2.88,1792785
2008/8/1,600056.sh,2.86,2.97,2.82,2.95,1726420
2008/8/4,600056.sh,2.91,2.95,2.83,2.84,1110176
2008/8/5,600056.sh,2.84,2.88,2.62,2.65,1810950
2008/8/6,600056.sh,2.68,2.71,2.60,2.64,1209837
2008/8/7,600056.sh,2.66,2.67,2.60,2.64,939587
2008/8/8,600056.sh,2.66,2.69,2.41,2.42,1400962
2008/8/11,600056.sh,2.43,2.45,2.19,2.21,1589909
2008/8/12,600056.sh,2.20,2.27,2.17,2.24,1391033
2008/8/13,600056.sh,2.24,2.34,2.21,2.34,2344968
2008/8/14,600056.sh,2.34,2.34,2.34,2.34,INVALID
2008/8/15,600056.sh,2.34,2.37,2.28,2.29,1137310
2008/8/18,600056.sh,2.33,2.33,2.07,2.07,1582938
2008/8/19,600056.sh,2.01,2.13,2.01,2.12,842734
2008/8/20,600056.sh,2.10,2.33,2.02,2.33,2606518
2008/8/21,600056.sh,2.32,2.36,2.22,2.24,1866571
2008/8/22,600056.sh,2.20,2.24,2.09,2.17,1167189
2008/8/25,600056.sh,2.19,2.26,2.12,2.19,1034289
2008/8/26,600056.sh,2.17,2.17,2.02,2.08,964317
2008/8/27,600056.sh,2.10,2.14,2.02,2.10,684029
2008/8/28,600056.sh,2.10,2.21,2.07,2.18,1566305
2008/8/29,600056.sh,2.20,2.33,2.19,2.27,2273551
2008/9/1,600056.sh,2.23,2.23,2.13,2.15,1629238
2008/9/2,600056.sh,2.12,2.18,2.09,2.15,680179
2008/9/3,600056.sh,2.15,2.16,2.08,2.11,802591
2008/9/4,600056.sh,2.12,2.17,2.09,2.15,519928
2008/9/5,600056.sh,2.13,2.27,2.08,2.15,2820033
2008/9/8,600056.sh,2.16,2.17,1.94,1.97,1928974
2008/9/9,600056.sh,1.98,2.00,1.92,1.96,875949
2008/9/10,600056.sh,1.93,2.04,1.91,1.97,878580
2008/9/11,600056.sh,2.02,2.10,1.97,1.97,1790276
2008/9/12,600056.sh,1.93,1.98,1.92,1.95,1031599
2008/9/16,600056.sh,1.92,1.95,1.85,1.88,1000243
2008/9/17,600056.sh,1.88,1.91,1.81,1.83,891572
2008/9/18,600056.sh,1.83,1.83,1.65,1.72,2045516
2008/9/19,600056.sh,1.90,1.90,1.85,1.90,1555668
2008/9/22,600056.sh,2.05,2.09,1.93,2.03,4034358
2008/9/23,600056.sh,1.95,1.98,1.91,1.93,1967250
2008/9/24,600056.sh,1.91,1.95,1.85,1.95,1306030
2008/9/25,600056.sh,1.95,2.07,1.95,2.06,2961154
2008/9/26,600056.sh,2.06,2.08,2.00,2.05,2150440
2008/10/6,600056.sh,1.99,1.99,1.90,1.90,1443591
2008/10/7,600056.sh,1.83,2.08,1.79,2.08,4453870
2008/10/8,600056.sh,1.99,2.10,1.98,2.02,3470699
2008/10/9,600056.sh,2.05,2.11,2.01,2.08,3624594
2008/10/10,600056.sh,2.01,2.02,1.88,1.98,2486153
2008/10/13,600056.sh,1.93,2.05,1.88,2.05,1918830
2008/10/14,600056.sh,2.12,2.14,1.93,1.94,3101584
2008/10/15,600056.sh,1.91,2.02,1.90,1.95,1992053
2008/10/16,600056.sh,1.88,1.89,1.76,1.76,2206117
2008/10/17,600056.sh,1.79,1.82,1.75,1.78,1234027
2008/10/20,600056.sh,1.78,1.83,1.70,1.82,1530164
2008/10/21,600056.sh,1.83,1.85,1.78,1.80,1485341
2008/10/22,600056.sh,1.78,1.80,1.73,1.73,1064843
2008/10/23,600056.sh,1.70,1.76,1.68,1.75,667338
2008/10/24,600056.sh,1.75,1.77,1.72,1.73,727020
2008/10/27,600056.sh,1.70,1.71,1.55,1.55,1621019
2008/10/28,600056.sh,1.52,1.61,1.49,1.58,1274632
2008/10/29,600056.sh,1.61,1.62,1.52,1.52,1172797
2008/10/30,600056.sh,1.55,1.59,1.50,1.56,1258438
2008/10/31,600056.sh,1.55,1.57,1.49,1.51,1107110
2008/11/3,600056.sh,1.51,1.53,1.46,1.47,891199
2008/11/4,600056.sh,1.47,1.47,1.38,1.41,861884
2008/11/5,600056.sh,1.43,1.49,1.42,1.48,1371964
2008/11/6,600056.sh,1.46,1.46,1.41,1.45,738397
2008/11/7,600056.sh,1.40,1.50,1.39,1.48,1016053
2008/11/10,600056.sh,1.52,1.61,1.51,1.60,1975457
2008/11/11,600056.sh,1.61,1.65,1.57,1.60,2024968
2008/11/12,600056.sh,1.59,1.64,1.57,1.63,1462049
2008/11/13,600056.sh,1.61,1.77,1.59,1.75,3274160
2008/11/14,600056.sh,1.76,1.82,1.73,1.82,3524031
2008/11/17,600056.sh,1.83,1.93,1.77,1.93,4278894
2008/11/18,600056.sh,1.90,2.00,1.74,1.75,5072271
2008/11/19,600056.sh,1.75,1.93,1.75,1.92,3656418
2008/11/20,600056.sh,1.88,2.01,1.85,1.96,4474192
2008/11/21,600056.sh,1.88,1.96,1.82,1.89,2967143
2008/11/24,600056.sh,1.90,2.00,1.83,1.84,3698698
2008/11/25,600056.sh,1.89,1.91,1.71,1.79,2873223
2008/11/26,600056.sh,1.77,1.79,1.75,1.77,1225185
2008/11/27,600056.sh,1.91,1.91,1.80,1.81,3093561
2008/11/28,600056.sh,1.79,1.84,1.76,1.79,1803776
2008/12/1,600056.sh,1.79,1.87,1.78,1.87,2560984
2008/12/2,600056.sh,1.82,1.91,1.81,1.89,3184566
2008/12/3,600056.sh,1.91,2.02,1.91,2.02,6529745
2008/12/4,600056.sh,2.03,2.05,1.95,1.97,5872651
2008/12/5,600056.sh,1.98,2.03,1.97,2.02,2908294
2008/12/8,600056.sh,2.03,2.11,2.03,2.10,4853752
2008/12/9,600056.sh,2.10,2.11,2.01,2.01,3783642
2008/12/10,600056.sh,2.00,2.14,1.96,2.11,5361536
2008/12/11,600056.sh,2.13,2.17,2.11,2.11,8012507
2008/12/12,600056.sh,2.08,2.17,1.99,2.05,5020830
2008/12/15,600056.sh,2.10,2.11,2.00,2.09,3471300
2008/12/16,600056.sh,2.06,2.18,2.00,2.18,6420204
2008/12/17,600056.sh,2.21,2.33,2.17,2.19,8813889
2008/12/18,600056.sh,2.17,2.24,2.14,2.21,4624165
2008/12/19,600056.sh,2.21,2.31,2.19,2.29,6738078
2008/12/22,600056.sh,2.28,2.38,2.27,2.32,5457158
2008/12/23,600056.sh,2.32,2.34,2.12,2.14,5188108
2008/12/24,600056.sh,2.08,2.22,2.07,2.14,3575863
2008/12/25,600056.sh,2.16,2.18,2.10,2.17,2922264
2008/12/26,600056.sh,2.17,2.22,2.14,2.14,1961594
2008/12/29,600056.sh,2.15,2.15,2.03,2.09,1892059
2008/12/30,600056.sh,2.07,2.12,2.03,2.05,1901809
2008/12/31,600056.sh,2.07,2.10,2.02,2.02,1480168
2009/1/5,600056.sh,2.07,2.11,2.05,2.11,1978225
2009/1/6,600056.sh,2.10,2.24,2.08,2.23,3619240
2009/1/7,600056.sh,2.21,2.26,2.19,2.22,2918810
2009/1/8,600056.sh,2.17,2.27,2.16,2.24,3581153
2009/1/9,600056.sh,2.23,2.39,2.22,2.34,5785880
2009/1/12,600056.sh,2.34,2.37,2.31,2.32,3466177
2009/1/13,600056.sh,2.28,2.29,2.21,2.22,3014974
2009/1/14,600056.sh,2.21,2.31,2.21,2.30,2047067
2009/1/15,600056.sh,2.30,2.31,2.24,2.27,3375117
2009/1/16,600056.sh,2.29,2.31,2.24,2.24,4188936
2009/1/19,600056.sh,2.23,2.27,2.18,2.22,3014633
2009/1/20,600056.sh,2.22,2.29,2.22,2.29,2460824
2009/1/21,600056.sh,2.28,2.30,2.22,2.25,2569621
2009/1/22,600056.sh,2.31,2.36,2.29,2.34,5429138
2009/1/23,600056.sh,2.34,2.34,2.28,2.29,3217426
2009/2/2,600056.sh,2.30,2.33,2.27,2.32,2283598
2009/2/3,600056.sh,2.32,2.42,2.29,2.39,4721082
2009/2/4,600056.sh,2.39,2.43,2.37,2.43,4871571
2009/2/5,600056.sh,2.43,2.45,2.33,2.35,4773853
2009/2/6,600056.sh,2.35,2.44,2.35,2.43,5657060
2009/2/9,600056.sh,2.46,2.58,2.42,2.57,7692175
2009/2/10,600056.sh,2.57,2.61,2.50,2.59,5392680
2009/2/11,600056.sh,2.53,2.73,2.50,2.64,8782444
2009/2/12,600056.sh,2.61,2.66,2.49,2.63,5035969
2009/2/13,600056.sh,2.63,2.77,2.58,2.76,7804305
2009/2/16,600056.sh,2.79,2.81,2.73,2.78,6848651
2009/2/17,600056.sh,2.77,2.97,2.75,2.86,9539684
2009/2/18,600056.sh,2.80,2.91,2.78,2.89,6869599
2009/2/19,600056.sh,2.91,3.01,2.71,2.82,6220016
2009/2/20,600056.sh,2.77,2.89,2.76,2.88,4484908
2009/2/23,600056.sh,2.87,3.10,2.84,3.04,5469180
2009/2/24,600056.sh,2.99,3.04,2.83,2.85,6243614
2009/2/25,600056.sh,2.87,2.90,2.71,2.79,5092956
2009/2/26,600056.sh,2.76,2.82,2.51,2.54,3874936
2009/2/27,600056.sh,2.53,2.55,2.32,2.39,3638349
2009/3/2,600056.sh,2.39,2.51,2.39,2.46,2941247
2009/3/3,600056.sh,2.39,2.56,2.36,2.53,4243912
2009/3/4,600056.sh,2.55,2.71,2.54,2.69,4763817
2009/3/5,600056.sh,2.73,2.74,2.62,2.67,4421464
2009/3/6,600056.sh,2.62,2.65,2.58,2.62,2088810
2009/3/9,600056.sh,2.64,2.69,2.42,2.44,3477359
2009/3/10,600056.sh,2.40,2.50,2.38,2.50,1481114
2009/3/11,600056.sh,2.58,2.62,2.51,2.52,2828229
2009/3/12,600056.sh,2.50,2.58,2.46,2.57,2325321
2009/3/13,600056.sh,2.59,2.62,2.53,2.54,1855922
2009/3/16,600056.sh,2.51,2.60,2.51,2.59,1575848
2009/3/17,600056.sh,2.62,2.77,2.58,2.75,4195153
2009/3/18,600056.sh,2.78,3.00,2.78,2.83,9497262
2009/3/19,600056.sh,2.82,2.87,2.78,2.86,4557632
2009/3/20,600056.sh,2.86,2.86,2.77,2.81,3694826
2009/3/23,600056.sh,2.81,2.88,2.80,2.85,3873512
2009/3/24,600056.sh,2.88,2.91,2.81,2.89,3884569
2009/3/25,600056.sh,2.85,2.88,2.75,2.78,2813218
2009/3/26,600056.sh,2.78,2.78,2.78,2.78,INVALID
2009/3/27,600056.sh,2.86,2.88,2.81,2.83,3424344
2009/3/30,600056.sh,2.82,2.89,2.82,2.85,2794174
2009/3/31,600056.sh,2.75,2.78,2.63,2.78,5690570
2009/4/1,600056.sh,2.77,2.79,2.73,2.78,6519069
2009/4/2,600056.sh,2.80,2.83,2.76,2.79,4881630
2009/4/3,600056.sh,2.82,2.82,2.71,2.74,3767268
2009/4/7,600056.sh,2.79,2.86,2.76,2.81,4865560
2009/4/8,600056.sh,2.81,2.86,2.71,2.71,5290461
2009/4/9,600056.sh,2.68,2.73,2.63,2.70,3122308
2009/4/10,600056.sh,2.70,2.84,2.68,2.81,4776118
2009/4/13,600056.sh,2.81,2.91,2.80,2.84,6804122
2009/4/14,600056.sh,2.84,2.86,2.81,2.86,4101265
2009/4/15,600056.sh,2.84,2.96,2.79,2.95,8901460
2009/4/16,600056.sh,2.94,3.03,2.92,2.96,8204704
2009/4/17,600056.sh,2.96,3.08,2.91,3.07,11947585
2009/4/20,600056.sh,3.08,3.14,3.03,3.11,9272043
2009/4/21,600056.sh,3.06,3.06,2.95,3.01,5710695
2009/4/22,600056.sh,3.02,3.04,2.82,2.85,4849670
2009/4/23,600056.sh,2.84,2.84,2.74,2.80,3710084
2009/4/24,600056.sh,2.80,2.80,2.80,2.80,INVALID
2009/4/27,600056.sh,2.88,2.95,2.86,2.89,6404561
2009/4/28,600056.sh,2.90,3.18,2.90,3.18,13641942
2009/4/29,600056.sh,3.23,3.25,3.02,3.09,11461357
2009/4/30,600056.sh,3.09,3.23,3.02,3.17,10212161
2009/5/4,600056.sh,3.16,3.30,3.13,3.27,9466280
2009/5/5,600056.sh,3.27,3.28,3.16,3.21,6242295
2009/5/6,600056.sh,3.18,3.20,3.10,3.18,6067936
2009/5/7,600056.sh,3.18,3.19,3.07,3.11,5068460
2009/5/8,600056.sh,3.10,3.21,3.09,3.12,5099068
2009/5/11,600056.sh,3.15,3.23,3.06,3.09,6391605
2009/5/12,600056.sh,3.06,3.10,3.00,3.07,3687970
2009/5/13,600056.sh,3.07,3.12,3.06,3.11,3074352
2009/5/14,600056.sh,3.11,3.14,3.07,3.10,2918108
2009/5/15,600056.sh,3.10,3.17,3.09,3.15,3753274
2009/5/18,600056.sh,3.15,3.15,3.02,3.09,3033347
2009/5/19,600056.sh,3.10,3.13,3.07,3.09,2965506
2009/5/20,600056.sh,3.09,3.10,3.04,3.04,2905896
2009/5/21,600056.sh,3.03,3.11,3.02,3.07,3306847
2009/5/22,600056.sh,3.04,3.06,2.98,3.04,2586103
2009/5/25,600056.sh,2.97,3.04,2.91,3.01,2317125
2009/5/26,600056.sh,2.99,3.07,2.98,2.99,2144062
2009/5/27,600056.sh,2.99,3.03,2.95,2.99,1808271
2009/6/1,600056.sh,3.01,3.05,2.99,3.04,2572218
2009/6/2,600056.sh,3.04,3.11,3.04,3.06,2739601
2009/6/3,600056.sh,3.06,3.08,3.01,3.05,2769369
2009/6/4,600056.sh,3.04,3.10,3.02,3.09,3015419
2009/6/5,600056.sh,3.09,3.13,3.04,3.12,5108503
2009/6/8,600056.sh,3.13,3.19,3.10,3.17,5688880
2009/6/9,600056.sh,3.18,3.20,3.06,3.12,3372074
2009/6/10,600056.sh,3.13,3.13,3.06,3.12,2596297
2009/6/11,600056.sh,3.11,3.14,3.07,3.12,2521497
2009/6/12,600056.sh,3.13,3.20,3.07,3.10,5026005
2009/6/15,600056.sh,3.10,3.11,3.00,3.06,3673385
2009/6/16,600056.sh,3.04,3.08,3.02,3.05,1624933
2009/6/17,600056.sh,3.07,3.28,3.06,3.21,9078150
2009/6/18,600056.sh,3.24,3.35,3.21,3.28,9387863
2009/6/19,600056.sh,3.28,3.35,3.23,3.24,6413289
2009/6/22,600056.sh,3.25,3.25,3.13,3.13,4912434
2009/6/23,600056.sh,3.09,3.14,3.08,3.11,2540020
2009/6/24,600056.sh,3.11,3.14,3.08,3.14,2520324
2009/6/25,600056.sh,3.13,3.15,3.09,3.09,2298008
2009/6/26,600056.sh,3.10,3.15,3.09,3.14,2001194
2009/6/29,600056.sh,3.13,3.28,3.13,3.18,2869832
2009/6/30,600056.sh,3.20,3.23,3.13,3.15,2158017
2009/7/1,600056.sh,3.15,3.16,3.11,3.16,2037904
2009/7/2,600056.sh,3.17,3.23,3.15,3.21,3867994
2009/7/3,600056.sh,3.21,3.21,3.14,3.18,2587799
2009/7/6,600056.sh,3.20,3.27,3.16,3.19,3058662
2009/7/7,600056.sh,3.19,3.19,3.19,3.19,INVALID
2009/7/8,600056.sh,3.19,3.30,3.18,3.29,5732680
2009/7/9,600056.sh,3.28,3.41,3.28,3.37,8372755
2009/7/10,600056.sh,3.37,3.41,3.29,3.37,6803024
2009/7/13,600056.sh,3.36,3.43,3.32,3.39,5068556
2009/7/14,600056.sh,3.39,3.42,3.36,3.41,4140769
2009/7/15,600056.sh,3.42,3.54,3.39,3.41,6742306
2009/7/16,600056.sh,3.42,3.46,3.35,3.35,4630295
2009/7/17,600056.sh,3.36,3.38,3.33,3.35,2506993
2009/7/20,600056.sh,3.36,3.42,3.36,3.40,3611376
2009/7/21,600056.sh,3.42,3.46,3.31,3.32,4199447
2009/7/22,600056.sh,3.31,3.37,3.31,3.34,3722774
2009/7/23,600056.sh,3.34,3.39,3.32,3.38,2782630
2009/7/24,600056.sh,3.38,3.39,3.27,3.32,4578753
2009/7/27,600056.sh,3.33,3.38,3.31,3.37,4115845
2009/7/28,600056.sh,3.36,3.46,3.33,3.45,5401553
2009/7/29,600056.sh,3.45,3.45,3.14,3.23,5087840
2009/7/30,600056.sh,3.23,3.30,3.18,3.25,3021756
2009/7/31,600056.sh,3.26,3.33,3.22,3.32,3478372
2009/8/3,600056.sh,3.33,3.40,3.29,3.39,3859183
2009/8/4,600056.sh,3.40,3.41,3.32,3.41,3788610
2009/8/5,600056.sh,3.41,3.54,3.41,3.49,7351160
2009/8/6,600056.sh,3.46,3.51,3.37,3.43,4657113
2009/8/7,600056.sh,3.45,3.63,3.41,3.54,8217959
2009/8/10,600056.sh,3.55,3.78,3.55,3.75,11931024
2009/8/11,600056.sh,3.75,3.75,3.58,3.63,8562176
2009/8/12,600056.sh,3.60,3.61,3.30,3.37,7692791
2009/8/13,600056.sh,3.37,3.42,3.32,3.40,4358868
2009/8/14,600056.sh,3.40,3.40,3.24,3.25,4165034
2009/8/17,600056.sh,3.22,3.31,3.13,3.13,4096260
2009/8/18,600056.sh,3.11,3.23,3.10,3.22,2997500
2009/8/19,600056.sh,3.22,3.36,3.15,3.16,5420135
2009/8/20,600056.sh,3.17,3.27,3.13,3.26,3620999
2009/8/21,600056.sh,3.24,3.33,3.21,3.30,4084171
2009/8/24,600056.sh,3.32,3.49,3.28,3.47,6990655
2009/8/25,600056.sh,3.45,3.49,3.32,3.48,7071133
2009/8/26,600056.sh,3.45,3.57,3.41,3.50,7328245
2009/8/27,600056.sh,3.51,3.65,3.48,3.55,9256977
2009/8/28,600056.sh,3.52,3.53,3.33,3.34,5530111
2009/8/31,600056.sh,3.32,3.32,3.04,3.05,4784158
2009/9/1,600056.sh,3.03,3.13,3.01,3.06,3306944
2009/9/2,600056.sh,3.03,3.10,3.02,3.08,2492752
2009/9/3,600056.sh,3.09,3.25,3.07,3.21,3812334
2009/9/4,600056.sh,3.22,3.28,3.18,3.28,3796824
2009/9/7,600056.sh,3.30,3.46,3.30,3.37,7821632
2009/9/8,600056.sh,3.38,3.39,3.28,3.37,3662276
2009/9/9,600056.sh,3.37,3.37,3.30,3.35,3660621
2009/9/10,600056.sh,3.32,3.37,3.30,3.31,2225693
2009/9/11,600056.sh,3.31,3.38,3.31,3.37,3862732
2009/9/14,600056.sh,3.40,3.46,3.35,3.43,4872029
2009/9/15,600056.sh,3.43,3.43,3.43,3.43,INVALID
2009/9/16,600056.sh,3.41,3.48,3.39,3.45,5174852
2009/9/17,600056.sh,3.48,3.79,3.48,3.79,19488812
2009/9/18,600056.sh,3.91,4.17,3.85,4.17,26286256
2009/9/21,600056.sh,4.17,4.48,3.76,4.21,28522080
2009/9/22,600056.sh,4.15,4.20,3.98,4.01,14919138
2009/9/23,600056.sh,3.94,3.99,3.76,3.82,11956061
2009/9/24,600056.sh,3.81,4.08,3.78,3.98,12618927
2009/9/25,600056.sh,3.89,3.94,3.69,3.72,8521586
2009/9/28,600056.sh,3.74,3.82,3.56,3.58,6500538
2009/9/29,600056.sh,3.58,3.62,3.35,3.42,7617768
2009/9/30,600056.sh,3.46,3.57,3.44,3.55,6511097
2009/10/9,600056.sh,3.61,3.77,3.58,3.72,7116160
2009/10/12,600056.sh,3.73,3.76,3.61,3.72,5899171
2009/10/13,600056.sh,3.68,3.87,3.65,3.82,6183093
2009/10/14,600056.sh,3.91,3.93,3.78,3.82,7285898
2009/10/15,600056.sh,3.84,3.86,3.74,3.81,5197519
2009/10/16,600056.sh,3.83,3.93,3.76,3.86,6953619
2009/10/19,600056.sh,3.87,3.98,3.87,3.98,8156202
2009/10/20,600056.sh,3.98,3.98,3.89,3.93,6942664
2009/10/21,600056.sh,3.92,3.93,3.83,3.84,6390726
2009/10/22,600056.sh,3.83,3.83,3.76,3.76,5053793
2009/10/23,600056.sh,3.76,3.87,3.76,3.79,6371392
2009/10/26,600056.sh,3.84,4.17,3.84,4.17,18508585
2009/10/27,600056.sh,4.26,4.59,4.18,4.59,27540008
2009/10/28,600056.sh,4.70,4.92,4.48,4.67,26920043
2009/10/29,600056.sh,4.68,5.02,4.67,4.85,20880917
2009/10/30,600056.sh,4.81,5.00,4.61,4.85,17301049
2009/11/2,600056.sh,4.78,5.33,4.71,5.32,18002303
2009/11/3,600056.sh,5.35,5.42,5.09,5.18,14274137
2009/11/4,600056.sh,5.14,5.31,4.98,5.22,11445304
2009/11/5,600056.sh,5.05,5.29,5.05,5.18,7414525
2009/11/6,600056.sh,5.27,5.34,5.11,5.13,6797268
2009/11/9,600056.sh,5.14,5.25,5.03,5.13,5439757
2009/11/10,600056.sh,5.15,5.62,5.15,5.40,12135137
2009/11/11,600056.sh,5.40,5.48,5.26,5.36,6399906
2009/11/12,600056.sh,5.39,5.48,5.29,5.42,5974706
2009/11/13,600056.sh,5.38,5.61,5.36,5.52,6197973
2009/11/16,600056.sh,5.61,5.68,5.47,5.55,6971103
2009/11/17,600056.sh,5.57,6.11,5.49,6.11,14024050
2009/11/18,600056.sh,6.17,6.40,6.00,6.21,13251695
2009/11/19,600056.sh,6.12,6.34,6.03,6.24,8690578
2009/11/20,600056.sh,6.21,6.55,6.10,6.22,8708275
2009/11/23,600056.sh,6.16,6.34,6.02,6.33,6823244
2009/11/24,600056.sh,6.33,6.34,5.79,5.84,7046863
2009/11/25,600056.sh,5.81,6.18,5.64,6.15,7897646
2009/11/26,600056.sh,6.16,6.34,6.05,6.15,9618434
2009/11/27,600056.sh,6.05,6.32,5.82,5.91,6351220
2009/11/30,600056.sh,5.92,6.25,5.92,6.23,4888899
2009/12/1,600056.sh,6.30,6.65,6.27,6.59,13152602
2009/12/2,600056.sh,6.59,6.71,6.38,6.67,10655260
2009/12/3,600056.sh,6.71,7.21,6.60,6.85,10891427
2009/12/4,600056.sh,6.73,6.87,6.53,6.68,7617228
2009/12/7,600056.sh,6.62,6.78,6.56,6.71,3461628
2009/12/8,600056.sh,6.67,6.69,6.45,6.55,3967845
2009/12/9,600056.sh,6.49,6.58,6.26,6.29,5223731
2009/12/10,600056.sh,6.34,6.44,6.24,6.43,2796970
2009/12/11,600056.sh,6.40,6.73,6.40,6.58,4063226
2009/12/14,600056.sh,6.56,6.60,6.41,6.58,3785689
2009/12/15,600056.sh,6.60,6.64,6.45,6.50,2041831
2009/12/16,600056.sh,6.50,6.65,6.34,6.43,2893165
2009/12/17,600056.sh,6.37,6.42,5.99,6.06,5306682
2009/12/18,600056.sh,6.01,6.03,5.46,5.58,3744011
2009/12/21,600056.sh,5.58,5.83,5.58,5.81,3012337
2009/12/22,600056.sh,5.85,5.90,5.61,5.82,2654762
2009/12/23,600056.sh,5.82,5.85,5.68,5.75,1900943
2009/12/24,600056.sh,5.75,6.04,5.75,6.02,3120271
2009/12/25,600056.sh,6.05,6.05,5.92,6.01,1663836
2009/12/28,600056.sh,6.11,6.13,5.95,6.02,3193898
2009/12/29,600056.sh,6.10,6.10,5.82,5.96,3483967
2009/12/30,600056.sh,5.96,6.08,5.83,6.03,3735694
2009/12/31,600056.sh,5.95,6.11,5.92,6.09,4195354
2010/1/4,600056.sh,6.12,6.12,5.93,5.94,2962004
2010/1/5,600056.sh,5.88,5.98,5.83,5.89,2020163
2010/1/6,600056.sh,5.89,5.96,5.79,5.92,3273597
2010/1/7,600056.sh,5.91,5.97,5.80,5.84,2071089
2010/1/8,600056.sh,5.85,5.85,5.70,5.75,2273077
2010/1/11,600056.sh,5.75,5.79,5.67,5.69,2010096
2010/1/12,600056.sh,5.68,5.90,5.61,5.85,3139020
2010/1/13,600056.sh,5.77,6.06,5.66,5.91,4424217
2010/1/14,600056.sh,5.93,6.01,5.89,5.99,4790096
2010/1/15,600056.sh,6.03,6.15,6.01,6.11,4280533
2010/1/18,600056.sh,6.11,6.34,6.10,6.33,4704691
2010/1/19,600056.sh,6.40,6.40,6.20,6.24,3979723
2010/1/20,600056.sh,6.24,6.27,5.88,6.01,3399375
2010/1/21,600056.sh,5.92,6.06,5.88,5.99,1976646
2010/1/22,600056.sh,5.88,5.90,5.63,5.77,2770175
2010/1/25,600056.sh,5.73,5.73,5.57,5.61,2191720
2010/1/26,600056.sh,5.58,5.64,5.16,5.22,2477701
2010/1/27,600056.sh,5.22,5.27,5.09,5.16,2402643
2010/1/28,600056.sh,5.15,5.24,5.14,5.21,1841378
2010/1/29,600056.sh,5.21,5.42,5.19,5.27,2283447
2010/2/1,600056.sh,5.25,5.31,5.07,5.18,2436239
2010/2/2,600056.sh,5.20,5.33,5.16,5.18,1310475
2010/2/3,600056.sh,5.18,5.30,5.03,5.23,1948894
2010/2/4,600056.sh,5.24,5.32,5.12,5.28,2424302
2010/2/5,600056.sh,5.03,5.18,4.98,5.05,2155678
2010/2/8,600056.sh,5.07,5.07,4.92,5.00,1239666
2010/2/9,600056.sh,4.98,5.00,4.91,4.95,2794957
2010/2/10,600056.sh,5.00,5.04,4.93,5.04,1809746
2010/2/11,600056.sh,5.04,5.07,5.00,5.06,1441803
2010/2/12,600056.sh,5.06,5.18,5.06,5.15,1405443
2010/2/22,600056.sh,5.13,5.21,5.09,5.18,1495579
2010/2/23,600056.sh,5.16,5.19,5.03,5.16,1327419
2010/2/24,600056.sh,5.13,5.40,5.11,5.38,2995544
2010/2/25,600056.sh,5.39,5.49,5.38,5.42,2603171
2010/2/26,600056.sh,5.42,5.57,5.36,5.47,2741182
2010/3/1,600056.sh,5.47,5.55,5.44,5.49,2401368
2010/3/2,600056.sh,5.50,5.51,5.35,5.42,2120748
2010/3/3,600056.sh,5.42,5.50,5.35,5.47,2301070
2010/3/4,600056.sh,5.48,5.52,5.35,5.35,2763350
2010/3/5,600056.sh,5.35,5.40,5.29,5.38,1767650
2010/3/8,600056.sh,5.39,5.50,5.39,5.46,1827329
2010/3/9,600056.sh,5.51,5.52,5.44,5.49,2574949
2010/3/10,600056.sh,5.49,5.49,5.30,5.33,1925700
2010/3/11,600056.sh,5.34,5.35,5.14,5.17,2150880
2010/3/12,600056.sh,5.12,5.23,5.12,5.15,1314764
2010/3/15,600056.sh,5.15,5.20,5.01,5.18,1604530
2010/3/16,600056.sh,5.19,5.19,5.06,5.10,1547972
2010/3/17,600056.sh,5.12,5.22,5.11,5.21,1433063
2010/3/18,600056.sh,5.24,5.32,5.20,5.27,2036395
2010/3/19,600056.sh,5.26,5.39,5.24,5.37,2263049
2010/3/22,600056.sh,5.39,5.46,5.31,5.34,1867312
2010/3/23,600056.sh,5.35,5.36,5.24,5.24,1608982
2010/3/24,600056.sh,5.23,5.29,5.14,5.21,1469466
2010/3/25,600056.sh,5.20,5.20,5.09,5.09,1408203
2010/3/26,600056.sh,5.09,5.15,5.07,5.13,1518585
2010/3/29,600056.sh,5.15,5.21,5.14,5.20,1583550
2010/3/30,600056.sh,5.22,5.24,5.18,5.20,1856679
2010/3/31,600056.sh,5.24,5.32,5.19,5.29,2673313
2010/4/1,600056.sh,5.30,5.43,5.28,5.40,3410278
2010/4/2,600056.sh,5.44,5.44,5.34,5.37,2703802
2010/4/6,600056.sh,5.42,5.43,5.32,5.40,2444875
2010/4/7,600056.sh,5.41,5.64,5.39,5.63,6704595
2010/4/8,600056.sh,5.63,5.63,5.63,5.63,INVALID
2010/4/9,600056.sh,5.65,5.74,5.54,5.64,4303658
2010/4/12,600056.sh,5.68,5.72,5.62,5.72,4464099
2010/4/13,600056.sh,5.75,6.04,5.59,5.81,8145349
2010/4/14,600056.sh,5.82,5.90,5.71,5.87,3733916
2010/4/15,600056.sh,5.86,5.88,5.65,5.71,3898391
2010/4/16,600056.sh,5.70,5.80,5.56,5.65,3438498
2010/4/19,600056.sh,5.59,5.75,5.42,5.43,2708181
2010/4/20,600056.sh,5.46,5.62,5.38,5.59,3454784
2010/4/21,600056.sh,5.63,5.88,5.62,5.79,6015574
2010/4/22,600056.sh,5.81,5.90,5.69,5.78,3721608
2010/4/23,600056.sh,5.77,5.95,5.77,5.79,4684828
2010/4/26,600056.sh,5.84,5.91,5.78,5.89,3925158
2010/4/27,600056.sh,5.89,5.90,5.45,5.60,4465076
2010/4/28,600056.sh,5.54,5.60,5.43,5.45,2494008
2010/4/29,600056.sh,5.45,5.52,5.14,5.19,2834978
2010/4/30,600056.sh,5.13,5.13,4.75,4.85,4141544
2010/5/4,600056.sh,4.78,4.98,4.70,4.86,1689115
2010/5/5,600056.sh,4.81,5.00,4.79,4.99,1835154
2010/5/6,600056.sh,4.98,5.08,4.80,4.81,2791326
2010/5/7,600056.sh,4.73,5.03,4.70,4.89,2432560
2010/5/10,600056.sh,4.89,5.00,4.86,4.96,1708361
2010/5/11,600056.sh,5.03,5.07,4.81,4.85,1693274
2010/5/12,600056.sh,4.83,4.91,4.68,4.69,1525369
2010/5/13,600056.sh,4.69,4.74,4.44,4.73,954812
2010/5/14,600056.sh,4.73,4.87,4.67,4.80,1441373
2010/5/17,600056.sh,4.77,4.77,4.36,4.38,1797684
2010/5/18,600056.sh,4.37,4.44,4.20,4.38,1841939
2010/5/19,600056.sh,4.36,4.39,4.24,4.31,1234204
2010/5/20,600056.sh,4.29,4.36,4.07,4.08,1505017
2010/5/21,600056.sh,3.92,4.12,3.83,4.10,3130598
2010/5/24,600056.sh,4.10,4.36,4.10,4.32,2997571
2010/5/25,600056.sh,4.32,4.47,4.24,4.35,3931934
2010/5/26,600056.sh,4.36,4.43,4.31,4.38,2339148
2010/5/27,600056.sh,4.35,4.47,4.28,4.45,3621085
2010/5/28,600056.sh,4.53,4.55,4.44,4.46,2991486
2010/5/31,600056.sh,4.48,4.63,4.44,4.46,4037341
2010/6/1,600056.sh,4.37,4.40,4.17,4.28,2518645
2010/6/2,600056.sh,4.24,4.30,4.17,4.30,1124926
2010/6/3,600056.sh,4.32,4.44,4.30,4.30,2471801
2010/6/4,600056.sh,4.25,4.33,4.24,4.30,988639
2010/6/7,600056.sh,4.22,4.33,4.16,4.32,1547925
2010/6/8,600056.sh,4.27,4.35,4.23,4.29,1702109
2010/6/9,600056.sh,4.30,4.43,4.29,4.42,2466944
2010/6/10,600056.sh,4.39,4.53,4.39,4.48,3428212
2010/6/11,600056.sh,4.49,4.53,4.40,4.44,2091856
2010/6/17,600056.sh,4.45,4.50,4.29,4.29,2524297
2010/6/18,600056.sh,4.23,4.27,3.93,3.96,2911173
2010/6/21,600056.sh,3.95,4.03,3.84,4.03,1873329
2010/6/22,600056.sh,4.00,4.07,3.98,4.04,1431570
2010/6/23,600056.sh,3.99,4.07,3.99,4.05,1201818
2010/6/24,600056.sh,4.07,4.07,3.97,4.01,1070342
2010/6/25,600056.sh,4.01,4.04,3.92,3.95,1199962
2010/6/28,600056.sh,3.96,3.97,3.85,3.93,1168198
2010/6/29,600056.sh,3.90,3.93,3.72,3.78,2459411
2010/6/30,600056.sh,3.76,3.76,3.53,3.66,1701534
2010/7/1,600056.sh,3.63,3.66,3.48,3.49,1344247
2010/7/2,600056.sh,3.49,3.50,3.38,3.47,1825510
2010/7/5,600056.sh,3.42,3.46,3.39,3.42,875635
2010/7/6,600056.sh,3.43,3.52,3.40,3.50,2643708
2010/7/7,600056.sh,3.52,3.83,3.47,3.77,3618677
2010/7/8,600056.sh,3.73,3.81,3.69,3.71,1961753
2010/7/9,600056.sh,3.72,3.84,3.69,3.79,2165043
2010/7/12,600056.sh,3.79,3.85,3.77,3.80,1859225
2010/7/13,600056.sh,3.79,3.79,3.63,3.66,2656875
2010/7/14,600056.sh,3.66,3.73,3.64,3.67,1524958
2010/7/15,600056.sh,3.66,3.71,3.60,3.60,1361963
2010/7/16,600056.sh,3.60,3.61,3.49,3.61,1357489
2010/7/19,600056.sh,3.57,3.72,3.51,3.70,1479143
2010/7/20,600056.sh,3.72,3.90,3.70,3.87,4125140
2010/7/21,600056.sh,3.90,3.95,3.82,3.88,3260397
2010/7/22,600056.sh,3.88,4.03,3.85,4.02,4214046
2010/7/23,600056.sh,4.00,4.03,3.93,4.03,3492335
2010/7/26,600056.sh,4.03,4.10,3.99,4.07,3506308
2010/7/27,600056.sh,4.06,4.06,3.97,4.00,2790294
2010/7/28,600056.sh,4.00,4.16,3.96,4.11,4691555
2010/7/29,600056.sh,4.12,4.15,4.06,4.12,3525689
2010/7/30,600056.sh,4.10,4.21,4.07,4.19,3916021
2010/8/2,600056.sh,4.19,4.38,4.19,4.37,4849810
2010/8/3,600056.sh,4.36,4.38,4.19,4.20,4294051
2010/8/4,600056.sh,4.19,4.26,4.08,4.26,3585306
2010/8/5,600056.sh,4.26,4.44,4.20,4.39,6346808
2010/8/6,600056.sh,4.39,4.43,4.30,4.42,4196994
2010/8/9,600056.sh,4.42,4.54,4.41,4.48,4747188
2010/8/10,600056.sh,4.47,4.49,4.28,4.28,4243674
2010/8/11,600056.sh,4.28,4.38,4.27,4.32,1975267
2010/8/12,600056.sh,4.30,4.57,4.25,4.39,4059700
2010/8/13,600056.sh,4.38,4.43,4.29,4.43,3123827
2010/8/16,600056.sh,4.47,4.64,4.45,4.55,6408950
2010/8/17,600056.sh,4.55,4.57,4.51,4.55,3843877
2010/8/18,600056.sh,4.57,4.59,4.48,4.53,3328485
2010/8/19,600056.sh,4.51,4.57,4.48,4.56,2791460
2010/8/20,600056.sh,4.56,4.58,4.36,4.37,3681806
2010/8/23,600056.sh,4.37,4.41,4.30,4.37,2850176
2010/8/24,600056.sh,4.36,4.40,4.29,4.36,2474648
2010/8/25,600056.sh,4.32,4.35,4.22,4.23,2508864
2010/8/26,600056.sh,4.24,4.30,4.20,4.27,1606070
2010/8/27,600056.sh,4.27,4.34,4.23,4.34,1947733
2010/8/30,600056.sh,4.36,4.57,4.36,4.53,5705681
2010/8/31,600056.sh,4.51,4.73,4.48,4.69,7558052
2010/9/1,600056.sh,4.70,4.83,4.53,4.66,8017312
2010/9/2,600056.sh,4.67,4.77,4.67,4.73,4759085
2010/9/3,600056.sh,4.73,4.79,4.59,4.67,4066386
2010/9/6,600056.sh,4.69,4.75,4.57,4.59,4428934
2010/9/7,600056.sh,4.59,4.66,4.56,4.65,2537006
2010/9/8,600056.sh,4.65,4.77,4.59,4.75,4482575
2010/9/9,600056.sh,4.79,4.92,4.70,4.72,7104761
2010/9/10,600056.sh,4.73,5.20,4.73,5.20,11845479
2010/9/13,600056.sh,5.45,5.59,5.23,5.32,13165417
2010/9/14,600056.sh,5.32,5.32,5.32,5.32,INVALID
2010/9/15,600056.sh,5.16,5.31,5.08,5.10,7309506
2010/9/16,600056.sh,5.13,5.14,4.82,4.92,5659326
2010/9/17,600056.sh,4.88,5.19,4.88,5.06,5490452
2010/9/20,600056.sh,5.09,5.09,4.92,4.95,3522095
2010/9/21,600056.sh,4.95,5.18,4.90,5.17,6195900
2010/9/27,600056.sh,5.17,5.49,5.17,5.39,6152574
2010/9/28,600056.sh,5.36,5.43,5.25,5.42,4336122
2010/9/29,600056.sh,5.40,5.40,5.25,5.31,3172223
2010/9/30,600056.sh,5.20,5.32,5.10,5.30,3678374
2010/10/8,600056.sh,5.30,5.40,5.16,5.33,4921080
2010/10/11,600056.sh,5.33,5.34,5.06,5.22,8660753
2010/10/12,600056.sh,5.18,5.18,5.08,5.11,4045692
2010/10/13,600056.sh,5.08,5.10,5.00,5.09,3668106
2010/10/14,600056.sh,5.10,5.14,4.83,4.84,5801021
2010/10/15,600056.sh,4.73,5.00,4.73,4.90,3957211
2010/10/18,600056.sh,4.87,4.90,4.73,4.83,3936707
2010/10/19,600056.sh,4.86,5.06,4.86,5.05,4614648
2010/10/20,600056.sh,5.00,5.23,4.94,5.16,7296451
2010/10/21,600056.sh,5.16,5.26,5.11,5.16,4887721
2010/10/22,600056.sh,5.19,5.22,5.06,5.10,4002511
2010/10/25,600056.sh,5.15,5.25,5.13,5.19,5156784
2010/10/26,600056.sh,5.19,5.55,5.08,5.54,12178084
2010/10/27,600056.sh,5.57,5.81,5.37,5.39,17375558
2010/10/28,600056.sh,5.36,5.36,5.15,5.29,6034537
2010/10/29,600056.sh,5.28,5.33,5.16,5.28,4258966
2010/11/1,600056.sh,5.31,5.45,5.24,5.42,5683271
2010/11/2,600056.sh,5.41,5.42,5.28,5.28,6439996
2010/11/3,600056.sh,5.29,5.37,5.19,5.22,4361295
2010/11/4,600056.sh,5.19,5.28,5.19,5.28,3324418
2010/11/5,600056.sh,5.31,5.33,5.23,5.32,4895283
2010/11/8,600056.sh,5.33,5.49,5.28,5.46,7222063
2010/11/9,600056.sh,5.47,5.59,5.38,5.59,9074624
2010/11/10,600056.sh,5.59,5.90,5.59,5.71,14860799
2010/11/11,600056.sh,5.68,5.84,5.61,5.63,9290756
2010/11/12,600056.sh,5.61,5.62,5.13,5.15,7468783
2010/11/15,600056.sh,5.06,5.40,5.06,5.40,4562283
2010/11/16,600056.sh,5.40,5.75,5.33,5.45,9846373
2010/11/17,600056.sh,5.38,5.38,4.96,5.02,4792718
2010/11/18,600056.sh,5.03,5.16,4.92,5.05,3040050
2010/11/19,600056.sh,5.08,5.23,5.05,5.23,3096102
2010/11/22,600056.sh,5.19,5.40,5.15,5.37,4449167
2010/11/23,600056.sh,5.33,5.44,5.25,5.33,3796933
2010/11/24,600056.sh,5.34,5.55,5.32,5.55,5373698
2010/11/25,600056.sh,5.55,5.59,5.45,5.49,4849995
2010/11/26,600056.sh,5.49,5.52,5.36,5.45,3131945
2010/11/29,600056.sh,5.45,5.59,5.45,5.52,4618534
2010/11/30,600056.sh,5.53,5.62,5.13,5.33,5020487
2010/12/1,600056.sh,5.28,5.28,5.13,5.18,2347559
2010/12/2,600056.sh,5.25,5.30,5.17,5.18,2593171
2010/12/3,600056.sh,5.19,5.23,5.02,5.08,3191917
2010/12/6,600056.sh,5.08,5.12,4.97,5.01,2096033
2010/12/7,600056.sh,5.01,5.11,4.98,5.10,1840834
2010/12/8,600056.sh,5.12,5.15,5.04,5.05,1688585
2010/12/9,600056.sh,5.06,5.06,4.91,4.92,1900454
2010/12/10,600056.sh,4.88,4.98,4.88,4.96,1276017
2010/12/13,600056.sh,4.99,5.08,4.96,5.08,2507988
2010/12/14,600056.sh,5.12,5.12,5.02,5.07,2461284
2010/12/15,600056.sh,5.07,5.11,5.03,5.08,2586528
2010/12/16,600056.sh,5.08,5.14,5.05,5.09,2221381
2010/12/17,600056.sh,5.09,5.10,5.02,5.04,2100265
2010/12/20,600056.sh,5.04,5.08,4.82,4.91,3162803
2010/12/21,600056.sh,4.91,4.93,4.83,4.93,2948485
2010/12/22,600056.sh,4.93,4.94,4.84,4.85,2255039
2010/12/23,600056.sh,4.85,4.89,4.80,4.84,1585401
2010/12/24,600056.sh,4.83,4.83,4.61,4.66,2396244
2010/12/27,600056.sh,4.65,4.71,4.53,4.54,1810366
2010/12/28,600056.sh,4.54,4.54,4.54,4.54,INVALID
2010/12/29,600056.sh,4.49,4.60,4.40,4.60,2163760
2010/12/30,600056.sh,4.59,4.62,4.53,4.55,1237186
2010/12/31,600056.sh,4.57,4.69,4.55,4.68,1378059
2011/1/4,600056.sh,4.71,4.71,4.63,4.70,1534647
2011/1/5,600056.sh,4.69,4.78,4.65,4.73,1703515
2011/1/6,600056.sh,4.67,4.80,4.67,4.70,986758
2011/1/7,600056.sh,4.70,4.75,4.66,4.68,1235062
2011/1/10,600056.sh,4.68,4.69,4.52,4.52,1696844
2011/1/11,600056.sh,4.48,4.51,4.40,4.46,1638279
2011/1/12,600056.sh,4.46,4.49,4.42,4.48,768919
2011/1/13,600056.sh,4.48,4.54,4.47,4.52,808397
2011/1/14,600056.sh,4.51,4.71,4.50,4.69,4042247
2011/1/17,600056.sh,4.67,4.67,4.43,4.48,1459164
2011/1/18,600056.sh,4.44,4.56,4.44,4.53,869312
2011/1/19,600056.sh,4.56,4.61,4.51,4.60,1326636
2011/1/20,600056.sh,4.60,4.60,4.44,4.44,1250367
2011/1/21,600056.sh,4.44,4.47,4.29,4.33,2343259
2011/1/24,600056.sh,4.33,4.36,4.14,4.16,1838465
2011/1/25,600056.sh,4.16,4.20,4.13,4.19,1173328
2011/1/26,600056.sh,4.21,4.23,4.17,4.20,1237244
2011/1/27,600056.sh,4.18,4.27,4.10,4.24,2055143
2011/1/28,600056.sh,4.22,4.31,4.20,4.30,1980295
2011/1/31,600056.sh,4.30,4.36,4.26,4.33,1374319
2011/2/1,600056.sh,4.33,4.36,4.29,4.31,1593732
2011/2/9,600056.sh,4.30,4.34,4.22,4.24,1852574
2011/2/10,600056.sh,4.22,4.43,4.22,4.41,3149852
2011/2/11,600056.sh,4.41,4.41,4.41,4.41,INVALID
2011/2/14,600056.sh,4.46,4.60,4.44,4.57,4372506
2011/2/15,600056.sh,4.56,4.62,4.53,4.54,3572991
2011/2/16,600056.sh,4.54,4.70,4.54,4.69,3263881
2011/2/17,600056.sh,4.70,4.71,4.58,4.65,2760847
2011/2/18,600056.sh,4.63,4.65,4.59,4.62,1904449
2011/2/21,600056.sh,4.59,4.67,4.51,4.66,2415330
2011/2/22,600056.sh,4.66,4.67,4.53,4.58,2821462
2011/2/23,600056.sh,4.58,4.72,4.58,4.71,3394199
2011/2/24,600056.sh,4.66,4.75,4.66,4.73,2960616
2011/2/25,600056.sh,4.72,4.72,4.61,4.68,1752107
2011/2/28,600056.sh,4.73,4.74,4.65,4.74,2122529
2011/3/1,600056.sh,4.76,4.90,4.76,4.84,4507799
2011/3/2,600056.sh,4.82,5.00,4.69,4.98,6779422
2011/3/3,600056.sh,4.98,5.00,4.91,4.94,3797763
2011/3/4,600056.sh,4.94,4.94,4.79,4.91,3022049
2011/3/7,600056.sh,4.91,5.09,4.88,5.06,6089532
2011/3/8,600056.sh,5.02,5.15,4.98,5.11,5039351
2011/3/9,600056.sh,5.10,5.22,5.03,5.21,4564305
2011/3/10,600056.sh,5.20,5.44,5.16,5.33,8825922
2011/3/11,600056.sh,5.31,5.45,5.26,5.39,5927310
2011/3/14,600056.sh,5.37,5.70,5.36,5.55,9012487
2011/3/15,600056.sh,5.42,5.45,5.26,5.41,7587087
2011/3/16,600056.sh,5.36,5.39,5.23,5.26,5502743
2011/3/17,600056.sh,5.21,5.32,5.12,5.17,4267825
2011/3/18,600056.sh,5.21,5.27,5.13,5.24,3208865
2011/3/21,600056.sh,5.21,5.53,5.19,5.49,6863898
2011/3/22,600056.sh,5.49,5.55,5.39,5.46,4226614
2011/3/23,600056.sh,5.40,5.54,5.40,5.47,4870894
2011/3/24,600056.sh,5.51,5.82,5.47,5.74,11400536
2011/3/25,600056.sh,5.76,5.85,5.63,5.70,6528932
2011/3/28,600056.sh,5.72,5.92,5.72,5.86,6117522
2011/3/29,600056.sh,5.85,5.86,5.68,5.74,3769577
2011/3/30,600056.sh,5.74,5.79,5.57,5.77,5259771
2011/3/31,600056.sh,5.76,5.90,5.65,5.86,5215121
2011/4/1,600056.sh,5.78,5.98,5.78,5.94,6575688
2011/4/6,600056.sh,5.94,5.94,5.94,5.94,INVALID
2011/4/7,600056.sh,5.97,6.53,5.97,6.31,12519182
2011/4/8,600056.sh,6.20,6.59,6.20,6.48,6065859
2011/4/11,600056.sh,6.48,6.52,6.28,6.38,5200786
2011/4/12,600056.sh,6.45,6.82,6.38,6.71,8384943
2011/4/13,600056.sh,6.85,7.38,6.70,7.38,16196348
2011/4/14,600056.sh,7.46,7.57,7.19,7.45,11472674
2011/4/15,600056.sh,7.38,7.60,7.14,7.46,11061797
2011/4/18,600056.sh,7.37,7.58,7.26,7.47,7759040
2011/4/19,600056.sh,7.42,7.42,7.04,7.07,10272461
2011/4/20,600056.sh,7.06,7.25,7.03,7.11,5356943
2011/4/21,600056.sh,7.13,7.19,7.11,7.17,4201864
2011/4/22,600056.sh,7.22,7.65,6.88,7.05,7611453
2011/4/25,600056.sh,6.88,7.14,6.70,6.86,6051929
2011/4/26,600056.sh,6.80,7.40,6.80,7.19,6562281
2011/4/27,600056.sh,7.13,7.31,6.91,6.97,3762046
2011/4/28,600056.sh,7.03,7.11,6.64,6.71,3156069
2011/4/29,600056.sh,6.68,6.88,6.61,6.84,2040966
2011/5/3,600056.sh,6.92,7.52,6.92,7.52,15624997
2011/5/4,600056.sh,7.53,7.57,7.24,7.37,9137624
2011/5/5,600056.sh,7.40,7.53,6.82,7.16,16858488
2011/5/6,600056.sh,6.94,7.26,6.89,7.06,8079190
2011/5/9,600056.sh,7.13,7.15,6.91,7.11,4961693
2011/5/10,600056.sh,7.11,7.14,6.78,6.85,8092433
2011/5/11,600056.sh,6.88,6.89,6.62,6.85,7493590
2011/5/12,600056.sh,6.85,6.97,6.74,6.89,7283438
2011/5/13,600056.sh,6.91,6.95,6.70,6.89,8250592
2011/5/16,600056.sh,6.88,6.95,6.74,6.90,5777590
2011/5/17,600056.sh,6.90,7.14,6.82,6.82,5834775
2011/5/18,600056.sh,6.74,6.96,6.74,6.92,4801312
2011/5/19,600056.sh,6.94,6.95,6.87,6.95,3485009
2011/5/20,600056.sh,6.93,7.03,6.87,6.89,3234891
2011/5/23,600056.sh,6.85,6.85,6.62,6.77,4582301
2011/5/24,600056.sh,6.78,6.82,6.18,6.59,3273294
2011/5/25,600056.sh,6.60,6.81,6.48,6.49,2440452
2011/5/26,600056.sh,6.60,6.66,6.44,6.48,1886467
2011/5/27,600056.sh,6.49,6.55,5.90,6.23,3322501
2011/5/30,600056.sh,6.08,6.23,5.92,5.95,2354778
2011/5/31,600056.sh,5.92,6.15,5.92,6.11,2603760
2011/6/1,600056.sh,6.20,6.20,6.08,6.15,1764102
2011/6/2,600056.sh,6.12,6.20,6.04,6.16,1795533
2011/6/3,600056.sh,6.17,6.61,6.17,6.58,2411135
2011/6/7,600056.sh,6.55,6.75,6.55,6.60,1931370
2011/6/8,600056.sh,6.57,6.79,6.51,6.74,2124159
2011/6/9,600056.sh,6.73,6.84,6.58,6.67,1864143
2011/6/10,600056.sh,6.67,6.67,6.29,6.49,2888714
2011/6/13,600056.sh,6.46,6.60,6.32,6.46,1344419
2011/6/14,600056.sh,6.54,6.74,6.46,6.72,1566563
2011/6/15,600056.sh,6.67,6.85,6.64,6.72,1605194
2011/6/16,600056.sh,6.72,6.84,6.56,6.69,1423096
2011/6/17,600056.sh,6.69,6.85,6.66,6.74,2196123
2011/6/20,600056.sh,6.72,6.91,6.55,6.62,1940275
2011/6/21,600056.sh,6.62,6.70,6.44,6.69,1825383
2011/6/22,600056.sh,6.69,6.86,6.64,6.78,1560850
2011/6/23,600056.sh,6.77,7.01,6.70,6.98,2465500
2011/6/24,600056.sh,6.95,7.11,6.80,6.99,2448967
2011/6/27,600056.sh,6.99,7.19,6.91,7.10,2930827
2011/6/28,600056.sh,7.10,7.11,6.98,7.08,1673688
2011/6/29,600056.sh,7.05,7.11,6.90,6.99,2494599
2011/6/30,600056.sh,7.01,7.55,7.01,7.40,4545368
2011/7/1,600056.sh,7.43,7.43,7.29,7.33,2931350
2011/7/4,600056.sh,7.34,7.58,7.34,7.46,2892471
2011/7/5,600056.sh,7.44,7.59,7.39,7.58,3024511
2011/7/6,600056.sh,7.56,7.64,7.44,7.58,1533076
2011/7/7,600056.sh,7.53,7.62,7.39,7.53,2669375
2011/7/8,600056.sh,7.53,7.59,7.44,7.47,1196090
2011/7/11,600056.sh,7.40,7.52,7.35,7.52,2468601
2011/7/12,600056.sh,7.47,7.49,7.23,7.24,1628906
2011/7/13,600056.sh,7.34,7.41,6.90,7.31,2555864
2011/7/14,600056.sh,7.26,7.33,7.12,7.21,2412299
2011/7/15,600056.sh,7.13,7.93,7.13,7.92,6435273
2011/7/18,600056.sh,7.90,8.21,7.79,7.93,6724822
2011/7/19,600056.sh,7.82,7.91,7.70,7.71,2194975
2011/7/20,600056.sh,7.75,8.28,7.73,8.18,5012801
2011/7/21,600056.sh,8.19,8.19,7.95,8.18,3015711
2011/7/22,600056.sh,8.18,8.36,8.08,8.12,2395138
2011/7/25,600056.sh,7.97,8.03,7.73,7.78,3064623
2011/7/26,600056.sh,7.80,7.95,7.47,7.58,2880770
2011/7/27,600056.sh,7.63,8.01,7.49,7.85,3078903
2011/7/28,600056.sh,7.82,7.97,7.75,7.90,1901462
2011/7/29,600056.sh,7.86,8.10,7.86,7.92,3700136
2011/8/1,600056.sh,7.95,8.02,7.80,7.92,1204534
2011/8/2,600056.sh,7.91,7.93,7.67,7.92,1089799
2011/8/3,600056.sh,7.87,8.10,7.76,8.08,2586322
2011/8/4,600056.sh,8.02,8.16,7.91,7.93,2380321
2011/8/5,600056.sh,7.70,8.08,7.66,7.82,2255186
2011/8/8,600056.sh,7.72,7.76,7.04,7.43,2889440
2011/8/9,600056.sh,7.29,7.63,7.13,7.62,2987163
2011/8/10,600056.sh,7.76,7.83,7.61,7.64,2407561
2011/8/11,600056.sh,7.47,7.75,7.41,7.69,1939410
2011/8/12,600056.sh,7.76,7.90,7.67,7.87,3087213
2011/8/15,600056.sh,7.87,8.01,7.85,7.89,2087431
2011/8/16,600056.sh,7.95,7.99,7.69,7.70,1920599
2011/8/17,600056.sh,7.70,7.76,7.59,7.63,1154883
2011/8/18,600056.sh,7.63,7.70,7.47,7.50,1619063
2011/8/19,600056.sh,7.41,7.62,7.30,7.59,1331529
2011/8/22,600056.sh,7.56,7.62,7.33,7.42,1609910
2011/8/23,600056.sh,7.44,7.44,7.32,7.41,1266950
2011/8/24,600056.sh,7.45,7.47,7.30,7.36,1089148
2011/8/25,600056.sh,7.36,7.52,7.32,7.52,1043566
2011/8/26,600056.sh,7.56,7.68,7.47,7.50,1153344
2011/8/29,600056.sh,7.50,7.50,7.35,7.49,969465
2011/8/30,600056.sh,7.46,7.58,7.46,7.49,1015868
2011/8/31,600056.sh,7.52,7.52,7.38,7.50,554199
2011/9/1,600056.sh,7.47,7.51,7.44,7.46,710086
2011/9/2,600056.sh,7.45,7.46,7.25,7.26,761116
2011/9/5,600056.sh,7.18,7.27,6.97,7.05,999797
2011/9/6,600056.sh,6.95,7.04,6.86,6.87,635021
2011/9/7,600056.sh,6.88,7.04,6.87,7.01,667986
2011/9/8,600056.sh,6.99,7.12,6.97,7.00,687664
2011/9/9,600056.sh,7.03,7.04,6.83,6.85,647660
2011/9/13,600056.sh,6.74,6.90,6.56,6.85,839082
2011/9/14,600056.sh,6.84,6.89,6.59,6.78,1162742
2011/9/15,600056.sh,6.74,6.77,6.68,6.75,641418
2011/9/16,600056.sh,6.78,6.78,6.67,6.75,434195
2011/9/19,600056.sh,6.77,6.77,6.56,6.69,642276
2011/9/20,600056.sh,6.65,6.68,6.54,6.66,626482
2011/9/21,600056.sh,6.58,6.86,6.55,6.74,1373969
2011/9/22,600056.sh,6.70,6.70,6.56,6.57,621675
2011/9/23,600056.sh,6.47,6.54,6.33,6.48,494996
2011/9/26,600056.sh,6.41,6.57,6.26,6.29,600181
2011/9/27,600056.sh,6.32,6.39,6.20,6.31,378810
2011/9/28,600056.sh,6.37,6.37,6.18,6.18,378793
2011/9/29,600056.sh,6.19,6.19,5.78,5.84,832022
2011/9/30,600056.sh,5.84,6.02,5.78,5.95,524604
2011/10/10,600056.sh,5.95,6.01,5.79,5.83,293579
2011/10/11,600056.sh,6.00,6.01,5.78,5.82,951357
2011/10/12,600056.sh,5.78,6.06,5.75,6.03,863558
2011/10/13,600056.sh,6.04,6.32,6.04,6.25,1111891
2011/10/14,600056.sh,6.28,6.39,6.23,6.25,893775
2011/10/17,600056.sh,6.28,6.32,6.19,6.26,335188
2011/10/18,600056.sh,6.23,6.24,6.04,6.09,357814
2011/10/19,600056.sh,6.05,6.14,5.89,5.97,582451
2011/10/20,600056.sh,5.91,5.91,5.68,5.69,1023869
2011/10/21,600056.sh,5.69,5.74,5.17,5.21,1390557
2011/10/24,600056.sh,5.23,5.30,4.94,5.26,1863174
2011/10/25,600056.sh,5.22,5.60,5.18,5.57,1325154
2011/10/26,600056.sh,5.52,5.85,5.47,5.79,1370319
2011/10/27,600056.sh,5.79,5.94,5.68,5.70,1120131
2011/10/28,600056.sh,5.76,5.91,5.70,5.79,1380269
2011/10/31,600056.sh,5.79,6.06,5.79,6.02,1177524
2011/11/1,600056.sh,5.98,6.06,5.90,6.03,955843
2011/11/2,600056.sh,5.91,6.58,5.87,6.54,2175454
2011/11/3,600056.sh,6.52,6.78,6.20,6.32,14623938
2011/11/4,600056.sh,6.25,6.31,6.04,6.17,6331513
2011/11/7,600056.sh,6.10,6.16,5.97,6.02,4500063
2011/11/8,600056.sh,6.02,6.05,5.83,5.83,4076355
2011/11/9,600056.sh,5.89,5.97,5.82,5.96,2658058
2011/11/10,600056.sh,5.90,5.93,5.73,5.73,3318943
2011/11/11,600056.sh,5.78,5.83,5.60,5.63,6315511
2011/11/14,600056.sh,5.70,5.76,5.62,5.76,4128717
2011/11/15,600056.sh,5.75,5.82,5.70,5.82,3367324
2011/11/16,600056.sh,5.82,5.82,5.82,5.82,INVALID
2011/11/17,600056.sh,5.82,5.82,5.82,5.82,INVALID
2011/11/18,600056.sh,5.82,5.82,5.82,5.82,INVALID
2011/11/21,600056.sh,5.82,5.82,5.82,5.82,INVALID
2011/11/22,600056.sh,5.82,5.82,5.82,5.82,INVALID
2011/11/23,600056.sh,5.82,5.82,5.82,5.82,INVALID
2011/11/24,600056.sh,5.82,5.82,5.82,5.82,INVALID
2011/11/25,600056.sh,5.82,5.82,5.82,5.82,INVALID
2011/11/28,600056.sh,5.82,5.82,5.82,5.82,INVALID
2011/11/29,600056.sh,5.82,5.82,5.82,5.82,INVALID
2011/11/30,600056.sh,5.82,5.82,5.82,5.82,INVALID
2011/12/1,600056.sh,5.82,5.82,5.82,5.82,INVALID
2011/12/2,600056.sh,5.82,5.82,5.82,5.82,INVALID
2011/12/5,600056.sh,5.82,5.82,5.82,5.82,INVALID
2011/12/6,600056.sh,5.82,5.82,5.82,5.82,INVALID
2011/12/7,600056.sh,5.82,5.82,5.82,5.82,INVALID
2011/12/8,600056.sh,5.82,5.82,5.82,5.82,INVALID
2011/12/9,600056.sh,5.82,5.82,5.82,5.82,INVALID
2011/12/12,600056.sh,5.82,5.82,5.82,5.82,INVALID
2011/12/13,600056.sh,5.82,5.82,5.82,5.82,INVALID
2011/12/14,600056.sh,5.82,5.82,5.82,5.82,INVALID
2011/12/15,600056.sh,5.82,5.82,5.82,5.82,INVALID
2011/12/16,600056.sh,5.82,5.82,5.82,5.82,INVALID
2011/12/19,600056.sh,5.82,5.82,5.82,5.82,INVALID
2011/12/20,600056.sh,5.82,5.82,5.82,5.82,INVALID
2011/12/21,600056.sh,5.82,5.82,5.82,5.82,INVALID
2011/12/22,600056.sh,5.82,5.82,5.82,5.82,INVALID
2011/12/23,600056.sh,5.82,5.82,5.82,5.82,INVALID
2011/12/26,600056.sh,5.82,5.82,5.82,5.82,INVALID
2011/12/27,600056.sh,5.82,5.82,5.82,5.82,INVALID
2011/12/28,600056.sh,5.82,5.82,5.82,5.82,INVALID
2011/12/29,600056.sh,5.82,5.82,5.82,5.82,INVALID
2011/12/30,600056.sh,5.82,5.82,5.82,5.82,INVALID
2012/1/4,600056.sh,5.82,5.82,5.82,5.82,INVALID
2012/1/5,600056.sh,5.82,5.82,5.82,5.82,INVALID
2012/1/6,600056.sh,5.82,5.82,5.82,5.82,INVALID
2012/1/9,600056.sh,5.82,5.82,5.82,5.82,INVALID
2012/1/10,600056.sh,5.82,5.82,5.82,5.82,INVALID
2012/1/11,600056.sh,5.82,5.82,5.82,5.82,INVALID
2012/1/12,600056.sh,5.82,5.82,5.82,5.82,INVALID
2012/1/13,600056.sh,5.82,5.82,5.82,5.82,INVALID
2012/1/16,600056.sh,5.82,5.82,5.82,5.82,INVALID
2012/1/17,600056.sh,5.82,5.82,5.82,5.82,INVALID
2012/1/18,600056.sh,5.82,5.82,5.82,5.82,INVALID
2012/1/19,600056.sh,5.82,5.82,5.82,5.82,INVALID
2012/1/20,600056.sh,5.82,5.82,5.82,5.82,INVALID
2012/1/30,600056.sh,5.82,5.82,5.82,5.82,INVALID
2012/1/31,600056.sh,5.82,5.82,5.82,5.82,INVALID
2012/2/1,600056.sh,5.82,5.82,5.82,5.82,INVALID
2012/2/2,600056.sh,5.82,5.82,5.82,5.82,INVALID
2012/2/3,600056.sh,5.82,5.82,5.82,5.82,INVALID
2012/2/6,600056.sh,5.82,5.82,5.82,5.82,INVALID
2012/2/7,600056.sh,5.82,5.82,5.82,5.82,INVALID
2012/2/8,600056.sh,5.82,5.82,5.82,5.82,INVALID
2012/2/9,600056.sh,5.82,5.82,5.82,5.82,INVALID
2012/2/10,600056.sh,5.82,5.82,5.82,5.82,INVALID
2012/2/13,600056.sh,5.82,5.82,5.82,5.82,INVALID
2012/2/14,600056.sh,5.82,5.82,5.82,5.82,INVALID
2012/2/15,600056.sh,5.82,5.82,5.82,5.82,INVALID
2012/2/16,600056.sh,5.82,5.82,5.82,5.82,INVALID
2012/2/17,600056.sh,5.82,5.82,5.82,5.82,INVALID
2012/2/20,600056.sh,5.82,5.82,5.82,5.82,INVALID
2012/2/21,600056.sh,5.82,5.82,5.82,5.82,INVALID
2012/2/22,600056.sh,5.82,5.82,5.82,5.82,INVALID
2012/2/23,600056.sh,5.82,5.82,5.82,5.82,INVALID
2012/2/24,600056.sh,5.82,5.82,5.82,5.82,INVALID
2012/2/27,600056.sh,5.82,5.82,5.82,5.82,INVALID
2012/2/28,600056.sh,5.82,5.82,5.82,5.82,INVALID
2012/2/29,600056.sh,5.82,5.82,5.82,5.82,INVALID
2012/3/1,600056.sh,5.82,5.82,5.82,5.82,INVALID
2012/3/2,600056.sh,5.82,5.82,5.82,5.82,INVALID
2012/3/5,600056.sh,5.82,5.82,5.82,5.82,INVALID
2012/3/6,600056.sh,5.82,5.82,5.82,5.82,INVALID
2012/3/7,600056.sh,5.82,5.82,5.82,5.82,INVALID
2012/3/8,600056.sh,5.82,5.82,5.82,5.82,INVALID
2012/3/9,600056.sh,5.82,5.82,5.82,5.82,INVALID
2012/3/12,600056.sh,5.82,5.82,5.82,5.82,INVALID
2012/3/13,600056.sh,5.82,5.82,5.82,5.82,INVALID
2012/3/14,600056.sh,5.82,5.82,5.82,5.82,INVALID
2012/3/15,600056.sh,5.82,5.82,5.82,5.82,INVALID
2012/3/16,600056.sh,5.82,5.82,5.82,5.82,INVALID
2012/3/19,600056.sh,5.82,5.82,5.82,5.82,INVALID
2012/3/20,600056.sh,5.82,5.82,5.82,5.82,INVALID
2012/3/21,600056.sh,5.82,5.82,5.82,5.82,INVALID
2012/3/22,600056.sh,5.82,5.82,5.82,5.82,INVALID
2012/3/23,600056.sh,5.82,5.82,5.82,5.82,INVALID
2012/3/26,600056.sh,5.82,5.82,5.82,5.82,INVALID
2012/3/27,600056.sh,5.82,5.82,5.82,5.82,INVALID
2012/3/28,600056.sh,5.82,5.82,5.82,5.82,INVALID
2012/3/29,600056.sh,5.82,5.82,5.82,5.82,INVALID
2012/3/30,600056.sh,5.82,5.82,5.82,5.82,INVALID
2012/4/5,600056.sh,5.82,5.82,5.82,5.82,INVALID
2012/4/6,600056.sh,5.82,5.82,5.82,5.82,INVALID
2012/4/9,600056.sh,5.82,5.82,5.82,5.82,INVALID
2012/4/10,600056.sh,5.82,5.82,5.82,5.82,INVALID
2012/4/11,600056.sh,5.82,5.82,5.82,5.82,INVALID
2012/4/12,600056.sh,5.82,5.82,5.82,5.82,INVALID
2012/4/13,600056.sh,5.82,5.82,5.82,5.82,INVALID
2012/4/16,600056.sh,5.82,5.82,5.82,5.82,INVALID
2012/4/17,600056.sh,5.82,5.82,5.82,5.82,INVALID
2012/4/18,600056.sh,5.82,5.82,5.82,5.82,INVALID
2012/4/19,600056.sh,5.82,5.82,5.82,5.82,INVALID
2012/4/20,600056.sh,5.82,5.82,5.82,5.82,INVALID
2012/4/23,600056.sh,5.82,5.82,5.82,5.82,INVALID
2012/4/24,600056.sh,5.82,5.82,5.82,5.82,INVALID
2012/4/25,600056.sh,5.82,5.82,5.82,5.82,INVALID
2012/4/26,600056.sh,5.82,5.82,5.82,5.82,INVALID
2012/4/27,600056.sh,5.82,5.82,5.82,5.82,INVALID
2012/5/2,600056.sh,5.82,5.82,5.82,5.82,INVALID
2012/5/3,600056.sh,5.82,5.82,5.82,5.82,INVALID
2012/5/4,600056.sh,5.82,5.82,5.82,5.82,INVALID
2012/5/7,600056.sh,6.32,6.32,5.89,6.14,28505449
2012/5/8,600056.sh,6.06,6.14,5.97,6.02,10272868
2012/5/9,600056.sh,5.98,6.13,5.96,6.02,6852386
2012/5/10,600056.sh,6.06,6.23,6.04,6.17,10439055
2012/5/11,600056.sh,6.17,6.79,6.06,6.57,18049692
2012/5/14,600056.sh,6.61,7.16,6.60,6.92,25657829
2012/5/15,600056.sh,6.84,6.84,6.48,6.66,14105881
2012/5/16,600056.sh,6.61,6.78,6.57,6.58,9411778
2012/5/17,600056.sh,6.49,6.56,6.38,6.48,7483836
2012/5/18,600056.sh,6.45,6.58,6.41,6.41,4627839
2012/5/21,600056.sh,6.42,6.47,6.21,6.37,4442921
2012/5/22,600056.sh,6.39,6.64,6.39,6.56,6454288
2012/5/23,600056.sh,6.54,6.60,6.37,6.54,5133858
2012/5/24,600056.sh,6.52,6.54,6.35,6.36,4971040
2012/5/25,600056.sh,6.36,6.47,6.34,6.36,3248168
2012/5/28,600056.sh,6.24,6.32,6.07,6.27,4641340
2012/5/29,600056.sh,6.26,6.40,6.18,6.37,4469443
2012/5/30,600056.sh,6.37,6.42,6.27,6.29,2877684
2012/5/31,600056.sh,6.27,6.37,6.19,6.31,2658790
2012/6/1,600056.sh,6.32,6.36,6.24,6.28,2147551
2012/6/4,600056.sh,6.21,6.24,6.04,6.05,3340534
2012/6/5,600056.sh,6.06,6.34,6.06,6.28,5342622
2012/6/6,600056.sh,6.31,6.32,6.17,6.20,2122125
2012/6/7,600056.sh,6.28,6.55,6.28,6.32,5634778
2012/6/8,600056.sh,6.41,6.42,6.29,6.32,2687697
2012/6/11,600056.sh,6.35,6.39,6.22,6.34,3163138
2012/6/12,600056.sh,6.35,6.49,6.35,6.39,4300258
2012/6/13,600056.sh,6.41,6.64,6.39,6.62,6783032
2012/6/14,600056.sh,6.58,6.66,6.54,6.58,5151085
2012/6/15,600056.sh,6.58,6.72,6.58,6.67,4802278
2012/6/18,600056.sh,6.66,6.74,6.55,6.57,4051552
2012/6/19,600056.sh,6.58,6.72,6.53,6.58,3577899
2012/6/20,600056.sh,6.62,6.63,6.38,6.41,3540088
2012/6/21,600056.sh,6.41,6.45,6.29,6.43,1536222
2012/6/25,600056.sh,6.41,6.46,6.20,6.21,2955542
2012/6/26,600056.sh,6.19,6.32,6.15,6.27,2008560
2012/6/27,600056.sh,6.30,6.44,6.28,6.34,2531455
2012/6/28,600056.sh,6.38,6.42,6.15,6.15,1848261
2012/6/29,600056.sh,6.15,6.35,6.15,6.34,1864043
2012/7/2,600056.sh,6.38,6.48,6.30,6.44,1927841
2012/7/3,600056.sh,6.42,6.49,6.32,6.36,2750178
2012/7/4,600056.sh,6.37,6.42,6.21,6.24,2874210
2012/7/5,600056.sh,6.24,6.30,6.18,6.24,2387820
2012/7/6,600056.sh,6.28,6.36,6.12,6.32,3159935
2012/7/9,600056.sh,6.31,6.44,6.26,6.30,3193567
2012/7/10,600056.sh,6.30,6.30,6.07,6.09,5214239
2012/7/11,600056.sh,6.13,6.13,6.06,6.13,1909514
2012/7/12,600056.sh,6.13,6.27,6.08,6.15,4641597
2012/7/13,600056.sh,6.16,6.22,6.07,6.14,1957806
2012/7/16,600056.sh,6.12,6.20,6.02,6.08,2644982
2012/7/17,600056.sh,6.06,6.14,6.05,6.11,1005700
2012/7/18,600056.sh,6.11,6.15,6.07,6.14,1036611
2012/7/19,600056.sh,6.15,6.22,6.09,6.13,1973634
2012/7/20,600056.sh,6.10,6.15,6.07,6.09,918651
2012/7/23,600056.sh,6.10,6.10,6.02,6.06,1213635
2012/7/24,600056.sh,6.04,6.08,5.92,6.03,2340094
2012/7/25,600056.sh,6.16,6.22,6.12,6.16,2685093
2012/7/26,600056.sh,6.19,6.19,6.07,6.08,1275532
2012/7/27,600056.sh,6.12,6.15,5.97,6.00,2017014
2012/7/30,600056.sh,6.00,6.02,5.94,5.97,1850451
2012/7/31,600056.sh,5.92,5.96,5.82,5.88,2156332
2012/8/1,600056.sh,5.89,5.95,5.83,5.94,1459896
2012/8/2,600056.sh,5.93,6.00,5.90,5.98,1138859
2012/8/3,600056.sh,6.02,6.02,5.92,6.01,771804
2012/8/6,600056.sh,5.97,6.14,5.97,6.13,2882098
2012/8/7,600056.sh,6.12,6.17,6.07,6.09,1999878
2012/8/8,600056.sh,6.09,6.12,6.00,6.04,1420041
2012/8/9,600056.sh,6.02,6.11,5.98,6.09,2098661
2012/8/10,600056.sh,6.09,6.17,6.04,6.14,2206395
2012/8/13,600056.sh,6.14,6.19,6.05,6.08,1889824
2012/8/14,600056.sh,6.11,6.17,6.02,6.14,1960956
2012/8/15,600056.sh,6.21,6.46,6.20,6.21,7799353
2012/8/16,600056.sh,6.23,6.23,5.96,5.98,4430116
2012/8/17,600056.sh,6.00,6.05,5.96,5.98,1688786
2012/8/20,600056.sh,6.00,6.00,5.87,5.96,1793581
2012/8/21,600056.sh,5.92,6.07,5.92,5.98,3027596
2012/8/22,600056.sh,5.98,6.03,5.86,5.89,2859372
2012/8/23,600056.sh,5.89,5.93,5.82,5.83,2564201
2012/8/24,600056.sh,5.63,5.77,5.55,5.55,3816018
2012/8/27,600056.sh,5.49,5.54,5.35,5.37,2580419
2012/8/28,600056.sh,5.38,5.42,5.20,5.29,3704835
2012/8/29,600056.sh,5.28,5.36,5.21,5.22,2004136
2012/8/30,600056.sh,5.23,5.27,4.97,5.02,4144582
2012/8/31,600056.sh,4.99,5.08,4.97,5.05,3043837
2012/9/3,600056.sh,5.03,5.16,4.99,5.14,3322059
2012/9/4,600056.sh,5.14,5.17,5.01,5.03,2193069
2012/9/5,600056.sh,5.03,5.11,4.97,5.09,2344756
2012/9/6,600056.sh,5.09,5.30,5.09,5.29,3512443
2012/9/7,600056.sh,5.28,5.57,5.28,5.48,7237405
2012/9/10,600056.sh,5.54,5.72,5.47,5.69,7416812
2012/9/11,600056.sh,5.96,6.15,5.84,6.04,13431840
2012/9/12,600056.sh,5.98,6.06,5.92,5.96,4586705
2012/9/13,600056.sh,5.96,6.02,5.93,5.94,3862142
2012/9/14,600056.sh,5.98,6.05,5.93,6.02,3996109
2012/9/17,600056.sh,6.06,6.18,5.96,5.96,4429893
2012/9/18,600056.sh,5.96,6.08,5.96,6.04,3491658
2012/9/19,600056.sh,6.00,6.08,5.95,6.00,4945296
2012/9/20,600056.sh,6.03,6.09,5.98,6.03,3113656
2012/9/21,600056.sh,6.03,6.08,5.91,5.99,3655831
2012/9/24,600056.sh,5.98,5.98,5.84,5.91,6007917
2012/9/25,600056.sh,5.91,5.95,5.72,5.79,3111451
2012/9/26,600056.sh,5.79,5.99,5.75,5.89,8005448
2012/9/27,600056.sh,5.86,5.93,5.68,5.74,6622010
2012/9/28,600056.sh,5.62,5.62,5.38,5.56,6090317
2012/10/8,600056.sh,5.51,5.52,5.40,5.44,2664134
2012/10/9,600056.sh,5.44,5.68,5.44,5.67,3995841
2012/10/10,600056.sh,5.63,5.86,5.60,5.74,3613698
2012/10/11,600056.sh,5.72,5.76,5.59,5.59,2256854
2012/10/12,600056.sh,5.63,5.69,5.59,5.67,2259481
2012/10/15,600056.sh,5.68,5.73,5.61,5.71,1558928
2012/10/16,600056.sh,5.73,5.83,5.68,5.74,2712023
2012/10/17,600056.sh,5.77,5.80,5.67,5.70,1807571
2012/10/18,600056.sh,5.68,5.75,5.68,5.73,1909290
2012/10/19,600056.sh,5.73,5.75,5.57,5.65,2684824
2012/10/22,600056.sh,5.64,5.68,5.58,5.68,1299609
2012/10/23,600056.sh,5.73,5.74,5.57,5.59,2819495
2012/10/24,600056.sh,5.57,5.67,5.56,5.62,1395458
2012/10/25,600056.sh,5.62,5.64,5.57,5.57,1095858
2012/10/26,600056.sh,5.55,5.60,5.44,5.49,1721892
2012/10/29,600056.sh,5.53,5.53,5.44,5.47,955478
2012/10/30,600056.sh,5.47,5.51,5.43,5.45,701772
2012/10/31,600056.sh,5.44,5.48,5.43,5.46,617171
2012/11/1,600056.sh,5.46,5.57,5.46,5.55,2061204
2012/11/2,600056.sh,5.55,5.58,5.51,5.57,1662913
2012/11/5,600056.sh,5.67,5.72,5.57,5.59,3544969
2012/11/6,600056.sh,5.57,5.64,5.55,5.63,1636155
2012/11/7,600056.sh,5.63,5.66,5.59,5.63,1635566
2012/11/8,600056.sh,5.63,5.72,5.57,5.65,2114135
2012/11/9,600056.sh,5.62,5.67,5.59,5.60,1971706
2012/11/12,600056.sh,5.59,5.62,5.57,5.62,1232523
2012/11/13,600056.sh,5.60,5.62,5.40,5.48,2730557
2012/11/14,600056.sh,5.43,5.46,5.36,5.39,1721239
2012/11/15,600056.sh,5.39,5.41,5.30,5.33,1557613
2012/11/16,600056.sh,5.30,5.36,5.23,5.34,1507300
2012/11/19,600056.sh,5.29,5.41,5.29,5.40,1103727
2012/11/20,600056.sh,5.42,5.44,5.38,5.44,617244
2012/11/21,600056.sh,5.40,5.49,5.39,5.48,779410
2012/11/22,600056.sh,5.48,5.50,5.41,5.50,580081
2012/11/23,600056.sh,5.46,5.56,5.46,5.54,1326894
2012/11/26,600056.sh,5.51,5.57,5.51,5.52,944080
2012/11/27,600056.sh,5.50,5.50,5.37,5.39,1656908
2012/11/28,600056.sh,5.38,5.38,5.27,5.36,833706
2012/11/29,600056.sh,5.31,5.40,5.29,5.30,735923
2012/11/30,600056.sh,5.30,5.45,5.25,5.43,668174
2012/12/3,600056.sh,5.43,5.55,5.42,5.43,1018712
2012/12/4,600056.sh,5.40,5.53,5.35,5.44,789441
2012/12/5,600056.sh,5.41,5.61,5.39,5.58,1797367
2012/12/6,600056.sh,5.59,5.66,5.52,5.65,1964111
2012/12/7,600056.sh,5.64,5.71,5.59,5.70,2243580
2012/12/10,600056.sh,5.73,5.86,5.67,5.81,3282780
2012/12/11,600056.sh,5.76,5.90,5.72,5.79,4094277
2012/12/12,600056.sh,5.79,5.79,5.79,5.79,INVALID
2012/12/13,600056.sh,5.73,5.77,5.39,5.45,2569726
2012/12/14,600056.sh,5.44,5.59,5.40,5.56,2889920
2012/12/17,600056.sh,5.54,5.62,5.47,5.55,3107352
2012/12/18,600056.sh,5.53,5.54,5.47,5.53,2570098
2012/12/19,600056.sh,5.52,5.52,5.48,5.49,1870697
2012/12/20,600056.sh,5.48,5.51,5.38,5.51,2438037
2012/12/21,600056.sh,5.50,5.54,5.47,5.54,2071589
2012/12/24,600056.sh,5.54,5.73,5.54,5.70,4031819
2012/12/25,600056.sh,5.70,5.83,5.66,5.82,3991950
2012/12/26,600056.sh,5.81,5.83,5.73,5.82,3135124
2012/12/27,600056.sh,5.80,5.80,5.69,5.71,2746906
2012/12/28,600056.sh,5.69,5.75,5.64,5.73,2692827
2012/12/31,600056.sh,5.73,5.84,5.68,5.83,3210672
2013/1/4,600056.sh,5.84,5.88,5.67,5.71,3084347
2013/1/7,600056.sh,5.74,5.83,5.74,5.81,3129516
2013/1/8,600056.sh,5.80,6.03,5.80,5.91,4445906
2013/1/9,600056.sh,5.83,5.90,5.83,5.85,2410212
2013/1/10,600056.sh,5.85,6.06,5.83,5.95,3711210
2013/1/11,600056.sh,5.99,5.99,5.76,5.79,2586528
2013/1/14,600056.sh,5.81,5.99,5.81,5.98,4285999
2013/1/15,600056.sh,6.06,6.57,6.04,6.57,15492836
2013/1/16,600056.sh,6.64,6.64,6.38,6.45,7630060
2013/1/17,600056.sh,6.47,6.61,6.41,6.45,5545726
2013/1/18,600056.sh,6.46,6.52,6.39,6.51,3681743
2013/1/21,600056.sh,6.55,6.60,6.35,6.43,4305529
2013/1/22,600056.sh,6.43,6.45,6.24,6.31,3810530
2013/1/23,600056.sh,6.29,6.35,6.17,6.32,2326386
2013/1/24,600056.sh,6.31,6.48,6.15,6.17,3623902
2013/1/25,600056.sh,6.15,6.37,6.14,6.21,2517843
2013/1/28,600056.sh,6.23,6.42,6.23,6.39,3684294
2013/1/29,600056.sh,6.40,6.47,6.33,6.36,2208633
2013/1/30,600056.sh,6.32,6.56,6.32,6.52,3783190
2013/1/31,600056.sh,6.50,6.55,6.43,6.52,2276906
2013/2/1,600056.sh,6.48,6.61,6.37,6.39,3539535
2013/2/4,600056.sh,6.41,6.41,6.29,6.31,2585512
2013/2/5,600056.sh,6.30,6.37,6.26,6.34,1477157
2013/2/6,600056.sh,6.35,6.39,6.29,6.37,1582858
2013/2/7,600056.sh,6.37,6.43,6.31,6.42,1922541
2013/2/8,600056.sh,6.42,6.60,6.39,6.51,2869930
2013/2/18,600056.sh,6.58,6.58,6.35,6.37,3001073
2013/2/19,600056.sh,6.35,6.46,6.34,6.41,2398615
2013/2/20,600056.sh,6.40,6.71,6.36,6.70,6083908
2013/2/21,600056.sh,6.64,6.76,6.45,6.56,4954472
2013/2/22,600056.sh,6.54,6.75,6.52,6.64,5296993
2013/2/25,600056.sh,6.62,6.93,6.61,6.89,6063960
2013/2/26,600056.sh,6.84,6.91,6.73,6.76,4783982
2013/2/27,600056.sh,6.74,6.84,6.58,6.64,3705786
2013/2/28,600056.sh,6.71,6.76,6.58,6.72,2146169
2013/3/1,600056.sh,6.70,6.88,6.66,6.84,3946971
2013/3/4,600056.sh,6.80,7.07,6.73,6.80,5727937
2013/3/5,600056.sh,6.83,6.97,6.74,6.94,4415732
2013/3/6,600056.sh,6.94,7.18,6.90,7.08,5013731
2013/3/7,600056.sh,7.06,7.06,6.46,6.49,12293423
2013/3/8,600056.sh,6.42,6.42,6.21,6.30,8814488
2013/3/11,600056.sh,6.32,6.37,6.20,6.35,3467509
2013/3/12,600056.sh,6.34,6.35,5.99,6.12,4999731
2013/3/13,600056.sh,6.07,6.14,6.02,6.13,1687539
2013/3/14,600056.sh,6.13,6.16,6.09,6.10,1285623
2013/3/15,600056.sh,6.08,6.24,6.02,6.10,2624387
2013/3/18,600056.sh,6.15,6.18,5.98,6.07,1944792
2013/3/19,600056.sh,6.04,6.09,5.97,6.04,2009061
2013/3/20,600056.sh,5.99,6.17,5.99,6.14,2132524
2013/3/21,600056.sh,6.15,6.25,6.14,6.17,3015842
2013/3/22,600056.sh,6.18,6.34,6.18,6.30,3712192
2013/3/25,600056.sh,6.32,6.40,6.25,6.30,2959020
2013/3/26,600056.sh,6.31,6.31,6.15,6.27,2257877
2013/3/27,600056.sh,6.26,6.29,6.19,6.25,2010180
2013/3/28,600056.sh,6.24,6.24,6.00,6.03,2493115
2013/3/29,600056.sh,6.06,6.06,5.98,6.04,1310411
2013/4/1,600056.sh,6.03,6.12,6.03,6.05,1938290
2013/4/2,600056.sh,6.06,6.09,5.90,5.96,2007071
2013/4/3,600056.sh,5.96,5.96,5.96,5.96,INVALID
2013/4/8,600056.sh,5.96,5.96,5.96,5.96,INVALID
2013/4/9,600056.sh,5.96,5.96,5.96,5.96,INVALID
2013/4/10,600056.sh,5.96,5.96,5.96,5.96,INVALID
2013/4/11,600056.sh,5.96,5.96,5.96,5.96,INVALID
2013/4/12,600056.sh,6.00,6.21,5.99,6.06,6348805
2013/4/15,600056.sh,6.00,6.03,5.80,5.83,2327015
2013/4/16,600056.sh,5.78,5.80,5.64,5.79,1706188
2013/4/17,600056.sh,5.80,5.96,5.80,5.92,1700431
2013/4/18,600056.sh,5.92,5.92,5.80,5.84,1192712
2013/4/19,600056.sh,5.85,5.95,5.84,5.92,1730824
2013/4/22,600056.sh,5.96,6.06,5.95,5.98,2074637
2013/4/23,600056.sh,5.98,6.00,5.75,5.76,1960234
2013/4/24,600056.sh,5.77,5.89,5.74,5.85,1210294
2013/4/25,600056.sh,5.85,5.85,5.74,5.77,1696114
2013/4/26,600056.sh,5.83,5.86,5.73,5.75,1427279
2013/5/2,600056.sh,5.74,5.75,5.61,5.66,1296604
2013/5/3,600056.sh,5.66,5.84,5.65,5.79,1731525
2013/5/6,600056.sh,5.79,5.90,5.77,5.88,2452077
2013/5/7,600056.sh,5.86,5.87,5.81,5.85,1409987
2013/5/8,600056.sh,5.83,5.88,5.80,5.85,1577405
2013/5/9,600056.sh,5.90,6.27,5.85,6.06,3502499
2013/5/10,600056.sh,6.02,6.20,6.00,6.08,1989667
2013/5/13,600056.sh,6.12,6.12,5.99,6.01,1293918
2013/5/14,600056.sh,6.04,6.15,5.86,6.11,3397763
2013/5/15,600056.sh,6.08,6.15,6.02,6.09,2318352
2013/5/16,600056.sh,6.08,6.11,5.99,6.06,2293086
2013/5/17,600056.sh,6.06,6.12,6.03,6.08,2550947
2013/5/20,600056.sh,6.15,6.16,5.88,5.90,6524656
2013/5/21,600056.sh,5.88,5.93,5.85,5.92,3788806
2013/5/22,600056.sh,5.88,5.96,5.85,5.90,3144547
2013/5/23,600056.sh,5.88,5.92,5.85,5.86,2204761
2013/5/24,600056.sh,5.87,5.92,5.85,5.91,2208641
2013/5/27,600056.sh,5.92,5.96,5.89,5.96,3043092
2013/5/28,600056.sh,5.98,6.00,5.85,5.91,4777716
2013/5/29,600056.sh,5.93,6.00,5.89,5.99,3673260
2013/5/30,600056.sh,5.98,6.07,5.95,6.05,4598223
2013/5/31,600056.sh,6.04,6.10,6.00,6.02,4435893
2013/6/3,600056.sh,6.02,6.25,6.02,6.21,6986256
2013/6/4,600056.sh,6.27,6.32,6.06,6.09,5818082
2013/6/5,600056.sh,6.07,6.16,5.97,6.03,3228424
2013/6/6,600056.sh,6.02,6.07,5.91,5.92,2605008
2013/6/7,600056.sh,5.92,5.92,5.92,5.92,INVALID
2013/6/13,600056.sh,5.92,5.92,5.92,5.92,INVALID
2013/6/14,600056.sh,5.92,5.92,5.92,5.92,INVALID
2013/6/17,600056.sh,5.92,5.92,5.92,5.92,INVALID
2013/6/18,600056.sh,5.92,5.92,5.92,5.92,INVALID
2013/6/19,600056.sh,5.90,5.90,5.35,5.58,4779699
2013/6/20,600056.sh,5.54,5.54,5.34,5.35,2249208
2013/6/21,600056.sh,5.29,5.38,5.16,5.35,1283887
2013/6/24,600056.sh,5.33,5.33,4.86,4.91,2556802
2013/6/25,600056.sh,4.88,4.96,4.42,4.77,3126428
2013/6/26,600056.sh,4.76,4.87,4.69,4.79,2045738
2013/6/27,600056.sh,4.79,4.99,4.79,4.81,2390410
2013/6/28,600056.sh,4.81,4.90,4.71,4.81,1404298
2013/7/1,600056.sh,4.79,4.89,4.73,4.88,1743858
2013/7/2,600056.sh,4.92,5.04,4.85,5.02,2576000
2013/7/3,600056.sh,5.01,5.01,4.87,4.93,2073350
2013/7/4,600056.sh,4.91,4.99,4.82,4.92,1993689
2013/7/5,600056.sh,4.94,4.97,4.86,4.87,1524596
2013/7/8,600056.sh,4.85,4.85,4.61,4.61,1913325
2013/7/9,600056.sh,4.61,4.65,4.51,4.61,1973972
2013/7/10,600056.sh,4.66,5.07,4.61,5.07,2508824
2013/7/11,600056.sh,5.58,5.58,5.58,5.58,1492340
2013/7/12,600056.sh,6.14,6.14,5.93,6.14,25418507
2013/7/15,600056.sh,6.14,6.17,5.98,6.16,17046706
2013/7/16,600056.sh,6.19,6.61,6.19,6.31,16112211
2013/7/17,600056.sh,6.20,6.30,6.08,6.22,9937815
2013/7/18,600056.sh,6.18,6.18,6.04,6.12,5824660
2013/7/19,600056.sh,6.05,6.31,6.03,6.08,7560581
2013/7/22,600056.sh,5.99,6.13,5.88,6.12,5789025
2013/7/23,600056.sh,6.09,6.29,6.02,6.28,8100523
2013/7/24,600056.sh,6.23,6.26,6.11,6.20,5459875
2013/7/25,600056.sh,6.20,6.52,6.02,6.05,9833499
2013/7/26,600056.sh,5.94,6.02,5.76,5.84,6206064
2013/7/29,600056.sh,5.80,5.81,5.65,5.80,3283541
2013/7/30,600056.sh,5.82,5.89,5.71,5.83,2939901
2013/7/31,600056.sh,5.83,5.93,5.64,5.74,3154240
2013/8/1,600056.sh,5.64,5.77,5.53,5.77,7589556
2013/8/2,600056.sh,5.77,5.86,5.70,5.75,6160403
2013/8/5,600056.sh,5.70,5.85,5.64,5.82,5901366
2013/8/6,600056.sh,5.81,5.83,5.75,5.80,4661038
2013/8/7,600056.sh,5.79,5.79,5.64,5.67,5805367
2013/8/8,600056.sh,5.64,5.73,5.60,5.67,5242732
2013/8/9,600056.sh,5.68,5.73,5.55,5.65,4503252
2013/8/12,600056.sh,5.79,5.85,5.72,5.81,7639424
2013/8/13,600056.sh,5.81,6.02,5.78,5.99,8618938
2013/8/14,600056.sh,6.02,6.05,5.83,5.87,6583467
2013/8/15,600056.sh,5.87,5.92,5.71,5.73,5232594
2013/8/16,600056.sh,5.67,5.80,5.50,5.52,5705524
2013/8/19,600056.sh,5.46,5.63,5.43,5.58,2181932
2013/8/20,600056.sh,5.58,5.59,5.45,5.48,3350741
2013/8/21,600056.sh,5.48,5.63,5.40,5.59,3882780
2013/8/22,600056.sh,5.56,5.62,5.53,5.61,2871029
2013/8/23,600056.sh,5.65,5.67,5.43,5.51,3001957
2013/8/26,600056.sh,5.51,5.63,5.51,5.61,2491947
2013/8/27,600056.sh,5.62,5.63,5.52,5.61,2929682
2013/8/28,600056.sh,5.59,5.59,5.48,5.50,3932596
2013/8/29,600056.sh,5.50,5.55,5.47,5.50,2297161
2013/8/30,600056.sh,5.52,5.74,5.46,5.64,7616257
2013/9/2,600056.sh,5.68,5.69,5.54,5.65,3771752
2013/9/3,600056.sh,5.64,5.84,5.61,5.79,6141023
2013/9/4,600056.sh,5.79,5.89,5.76,5.79,6146593
2013/9/5,600056.sh,5.78,5.88,5.68,5.84,4544580
2013/9/6,600056.sh,5.82,5.83,5.74,5.76,2834585
2013/9/9,600056.sh,5.73,5.75,5.66,5.73,3820797
2013/9/10,600056.sh,5.73,5.74,5.64,5.67,6625034
2013/9/11,600056.sh,5.67,5.67,5.57,5.63,4078998
2013/9/12,600056.sh,5.62,5.66,5.60,5.63,2601069
2013/9/13,600056.sh,5.66,5.74,5.63,5.68,4223222
2013/9/16,600056.sh,5.77,5.80,5.68,5.68,3041091
2013/9/17,600056.sh,5.70,5.72,5.55,5.56,3647184
2013/9/18,600056.sh,5.52,5.67,5.52,5.66,2408354
2013/9/23,600056.sh,5.69,5.74,5.64,5.73,3588176
2013/9/24,600056.sh,5.70,5.90,5.67,5.89,8786565
2013/9/25,600056.sh,5.88,6.01,5.83,5.88,7541862
2013/9/26,600056.sh,5.90,6.14,5.82,6.07,12551308
2013/9/27,600056.sh,6.07,6.17,6.00,6.02,7146562
2013/9/30,600056.sh,6.03,6.30,6.03,6.26,7939451
2013/10/8,600056.sh,6.24,6.33,6.15,6.25,6170048
2013/10/9,600056.sh,6.24,6.54,6.20,6.53,11164032
2013/10/10,600056.sh,6.56,6.57,6.40,6.42,5735794
2013/10/11,600056.sh,6.63,6.87,6.55,6.57,11055383
2013/10/14,600056.sh,6.57,6.72,6.49,6.68,7171917
2013/10/15,600056.sh,6.68,6.86,6.56,6.61,6518235
2013/10/16,600056.sh,6.54,6.54,6.16,6.28,9923012
2013/10/17,600056.sh,6.35,6.50,6.30,6.34,5753644
2013/10/18,600056.sh,6.27,6.42,6.23,6.33,2957186
2013/10/21,600056.sh,6.34,6.55,6.34,6.54,5063849
2013/10/22,600056.sh,6.54,6.69,6.51,6.57,6969835
2013/10/23,600056.sh,6.57,6.74,6.43,6.45,6392836
2013/10/24,600056.sh,6.45,6.60,6.43,6.49,3588872
2013/10/25,600056.sh,6.48,6.52,6.19,6.28,3395733
2013/10/28,600056.sh,6.28,6.37,5.99,6.01,5260114
2013/10/29,600056.sh,6.02,6.12,5.73,5.97,4198004
2013/10/30,600056.sh,5.96,6.07,5.91,6.05,2521442
2013/10/31,600056.sh,6.07,6.07,5.79,5.88,2638217
2013/11/1,600056.sh,5.87,5.93,5.78,5.85,2126746
2013/11/4,600056.sh,5.91,5.93,5.85,5.90,1415278
2013/11/5,600056.sh,5.89,6.04,5.84,6.00,2004381
2013/11/6,600056.sh,5.97,6.00,5.88,5.90,2079633
2013/11/7,600056.sh,5.88,5.92,5.78,5.79,2731947
2013/11/8,600056.sh,5.73,5.79,5.67,5.68,1497173
2013/11/11,600056.sh,5.68,5.80,5.68,5.79,2463632
2013/11/12,600056.sh,5.78,5.96,5.77,5.96,2296238
2013/11/13,600056.sh,5.97,6.07,5.90,5.92,2646446
2013/11/14,600056.sh,5.88,6.06,5.85,5.98,1894333
2013/11/15,600056.sh,6.00,6.14,5.96,6.05,2976825
2013/11/18,600056.sh,6.07,6.15,6.02,6.10,2621450
2013/11/19,600056.sh,6.10,6.10,5.97,5.99,2834541
2013/11/20,600056.sh,6.01,6.15,5.95,6.13,3342856
2013/11/21,600056.sh,6.10,6.10,5.98,6.03,2193683
2013/11/22,600056.sh,6.00,6.07,5.93,5.99,1365028
2013/11/25,600056.sh,5.96,6.02,5.94,5.95,2004779
2013/11/26,600056.sh,5.94,5.98,5.80,5.83,3184940
2013/11/27,600056.sh,5.85,5.93,5.82,5.89,2909923
2013/11/28,600056.sh,5.82,6.14,5.82,6.12,6487759
2013/11/29,600056.sh,6.17,6.37,6.10,6.34,7329306
2013/12/2,600056.sh,6.26,6.53,6.15,6.31,7880820
2013/12/3,600056.sh,6.26,6.50,6.25,6.48,5819619
2013/12/4,600056.sh,6.46,6.54,6.37,6.42,8082030
2013/12/5,600056.sh,6.43,6.45,6.29,6.36,4315887
2013/12/6,600056.sh,6.39,6.41,6.30,6.31,2159573
2013/12/9,600056.sh,6.35,6.42,6.29,6.36,2423340
2013/12/10,600056.sh,6.37,6.39,6.26,6.29,2347965
2013/12/11,600056.sh,6.26,6.37,6.23,6.34,3823215
2013/12/12,600056.sh,6.40,6.51,6.35,6.35,3977094
2013/12/13,600056.sh,6.29,6.32,6.19,6.20,4363065
2013/12/16,600056.sh,6.22,6.25,6.01,6.01,2831056
2013/12/17,600056.sh,6.02,6.09,6.00,6.06,1681532
2013/12/18,600056.sh,6.08,6.15,6.03,6.13,2137317
2013/12/19,600056.sh,6.11,6.14,6.02,6.05,1620886
2013/12/20,600056.sh,6.04,6.08,6.00,6.05,1770749
2013/12/23,600056.sh,6.11,6.34,6.01,6.31,5102414
2013/12/24,600056.sh,6.32,6.34,6.23,6.30,2084099
2013/12/25,600056.sh,6.30,6.42,6.26,6.39,3303589
2013/12/26,600056.sh,6.37,6.46,6.30,6.31,3554966
2013/12/27,600056.sh,6.31,6.44,6.30,6.35,4234803
2013/12/30,600056.sh,6.40,6.52,6.35,6.46,3874957
2013/12/31,600056.sh,6.46,6.52,6.37,6.41,2405475
2014/1/2,600056.sh,6.40,6.40,6.02,6.24,3446229
2014/1/3,600056.sh,6.24,6.25,6.05,6.09,3062356
2014/1/6,600056.sh,6.09,6.16,6.05,6.11,1961791
2014/1/7,600056.sh,6.13,6.24,6.02,6.21,2539097
2014/1/8,600056.sh,6.24,6.25,6.04,6.13,4406364
2014/1/9,600056.sh,6.07,6.13,6.01,6.02,3719674
2014/1/10,600056.sh,6.05,6.08,6.00,6.03,3144259
2014/1/13,600056.sh,6.08,6.08,5.79,5.88,2480532
2014/1/14,600056.sh,5.88,5.92,5.80,5.90,1851686
2014/1/15,600056.sh,5.92,5.92,5.81,5.86,1109738
2014/1/16,600056.sh,5.86,5.93,5.85,5.88,1430098
2014/1/17,600056.sh,5.86,5.88,5.70,5.74,2298884
2014/1/20,600056.sh,5.74,5.85,5.66,5.84,2031365
2014/1/21,600056.sh,5.82,5.86,5.76,5.79,1523057
2014/1/22,600056.sh,5.81,5.90,5.76,5.88,2374152
2014/1/23,600056.sh,5.87,5.90,5.84,5.87,2342793
2014/1/24,600056.sh,5.88,5.94,5.82,5.92,3073786
2014/1/27,600056.sh,5.86,5.90,5.79,5.79,2178485
2014/1/28,600056.sh,5.83,5.91,5.79,5.85,1786934
2014/1/29,600056.sh,5.82,5.86,5.75,5.76,2747690
2014/1/30,600056.sh,5.81,5.81,5.75,5.80,1494061
2014/2/7,600056.sh,5.78,5.86,5.73,5.85,2162865
2014/2/10,600056.sh,5.87,6.07,5.87,6.03,5078433
2014/2/11,600056.sh,6.03,6.03,5.93,5.99,3342902
2014/2/12,600056.sh,5.98,6.17,5.96,6.13,4931452
2014/2/13,600056.sh,6.11,6.19,6.05,6.10,5221133
2014/2/14,600056.sh,6.10,6.13,6.05,6.12,2767089
2014/2/17,600056.sh,6.15,6.22,6.13,6.21,4398961
2014/2/18,600056.sh,6.24,6.28,6.11,6.13,4147362
2014/2/19,600056.sh,6.12,6.74,6.12,6.74,16909819
2014/2/20,600056.sh,6.89,6.89,6.43,6.48,14826398
2014/2/21,600056.sh,6.46,7.02,6.46,6.96,16499578
2014/2/24,600056.sh,6.90,6.96,6.72,6.91,10681038
2014/2/25,600056.sh,6.96,7.14,6.52,6.56,12661773
2014/2/26,600056.sh,6.62,6.73,6.39,6.69,9984481
2014/2/27,600056.sh,6.70,7.09,6.58,6.96,11971967
2014/2/28,600056.sh,6.90,6.95,6.67,6.83,6661273
2014/3/3,600056.sh,6.84,7.25,6.84,6.90,12449827
2014/3/4,600056.sh,6.83,6.99,6.67,6.71,8331022
2014/3/5,600056.sh,6.74,6.98,6.63,6.73,6415545
2014/3/6,600056.sh,6.72,6.72,6.51,6.63,3846837
2014/3/7,600056.sh,6.61,6.74,6.55,6.67,3295048
2014/3/10,600056.sh,6.56,6.65,6.29,6.34,4908784
2014/3/11,600056.sh,6.37,6.50,6.33,6.42,3056721
2014/3/12,600056.sh,6.33,6.45,6.24,6.36,2740080
2014/3/13,600056.sh,6.36,6.51,6.26,6.48,2766865
2014/3/14,600056.sh,6.45,6.49,6.27,6.33,2932498
2014/3/17,600056.sh,6.37,6.54,6.33,6.53,3317066
2014/3/18,600056.sh,6.61,6.76,6.53,6.54,5842959
2014/3/19,600056.sh,6.49,6.65,6.49,6.57,2740904
2014/3/20,600056.sh,6.63,6.76,6.43,6.49,4233177
2014/3/21,600056.sh,6.57,6.79,6.54,6.77,5713848
2014/3/24,600056.sh,6.77,7.05,6.77,7.05,8952405
2014/3/25,600056.sh,7.05,7.10,6.79,6.87,10901480
2014/3/26,600056.sh,6.92,6.97,6.82,6.92,5685716
2014/3/27,600056.sh,6.87,6.91,6.70,6.70,5296001
2014/3/28,600056.sh,6.67,6.74,6.49,6.53,3577705
2014/3/31,600056.sh,6.58,6.60,6.49,6.56,2107882
2014/4/1,600056.sh,6.51,6.64,6.51,6.63,1922343
2014/4/2,600056.sh,6.66,6.78,6.62,6.66,3841180
2014/4/3,600056.sh,6.62,6.71,6.60,6.64,2433650
2014/4/4,600056.sh,6.60,6.67,6.58,6.66,2042244
2014/4/8,600056.sh,6.66,6.90,6.62,6.85,6672455
2014/4/9,600056.sh,6.87,6.88,6.82,6.87,3527949
2014/4/10,600056.sh,6.90,6.97,6.83,6.87,5777496
2014/4/11,600056.sh,6.86,7.06,6.82,7.03,8207091
2014/4/14,600056.sh,7.00,7.12,6.93,6.96,6289577
2014/4/15,600056.sh,6.97,7.01,6.72,6.73,5972012
2014/4/16,600056.sh,6.73,6.78,6.68,6.74,2883550
2014/4/17,600056.sh,6.77,6.79,6.59,6.62,3830899
2014/4/18,600056.sh,6.61,6.67,6.52,6.66,3755287
2014/4/21,600056.sh,6.59,6.67,6.55,6.57,2820974
2014/4/22,600056.sh,6.56,6.69,6.54,6.67,3778648
2014/4/23,600056.sh,6.68,6.69,6.59,6.64,2358401
2014/4/24,600056.sh,6.62,6.62,6.40,6.43,4191179
2014/4/25,600056.sh,6.43,6.53,6.35,6.38,2860390
2014/4/28,600056.sh,6.42,6.42,6.02,6.05,4820825
2014/4/29,600056.sh,6.00,6.11,5.93,6.10,3257957
2014/4/30,600056.sh,6.08,6.12,6.02,6.10,1529944
2014/5/5,600056.sh,6.11,6.18,6.08,6.17,2427544
2014/5/6,600056.sh,6.17,6.22,6.14,6.18,1581351
2014/5/7,600056.sh,6.17,6.17,6.02,6.06,1965321
2014/5/8,600056.sh,6.05,6.16,6.03,6.07,1276766
2014/5/9,600056.sh,6.04,6.13,5.99,6.08,1276519
2014/5/12,600056.sh,6.12,6.25,6.11,6.24,1964439
2014/5/13,600056.sh,6.25,6.25,6.19,6.21,1349657
2014/5/14,600056.sh,6.21,6.23,6.14,6.17,1379776
2014/5/15,600056.sh,6.17,6.18,6.06,6.07,998075
2014/5/16,600056.sh,6.05,6.09,5.97,6.04,1246437
2014/5/19,600056.sh,6.02,6.04,5.84,5.86,3599459
2014/5/20,600056.sh,5.92,5.96,5.87,5.90,1629622
2014/5/21,600056.sh,5.92,5.95,5.85,5.94,1490769
2014/5/22,600056.sh,5.94,5.99,5.90,5.92,1524224
2014/5/23,600056.sh,5.93,5.96,5.90,5.96,1324414
2014/5/26,600056.sh,5.97,6.10,5.97,6.07,3198703
2014/5/27,600056.sh,6.07,6.08,6.01,6.02,2245278
2014/5/28,600056.sh,6.00,6.05,5.95,6.05,3102588
2014/5/29,600056.sh,6.05,6.16,6.02,6.03,3121049
2014/5/30,600056.sh,6.05,6.05,5.97,6.01,1845546
2014/6/3,600056.sh,6.01,6.10,6.01,6.04,1446503
2014/6/4,600056.sh,6.05,6.09,5.94,5.99,2096841
2014/6/5,600056.sh,5.99,6.04,5.93,6.00,2140634
2014/6/6,600056.sh,5.99,6.04,5.96,6.03,1939035
2014/6/9,600056.sh,6.03,6.15,6.02,6.10,4151390
2014/6/10,600056.sh,6.11,6.18,6.05,6.17,3455006
2014/6/11,600056.sh,6.20,6.24,6.15,6.20,3371080
2014/6/12,600056.sh,6.17,6.32,6.15,6.30,3548575
2014/6/13,600056.sh,6.32,6.36,6.24,6.31,4245577
2014/6/16,600056.sh,6.37,6.37,6.29,6.32,3778763
2014/6/17,600056.sh,6.31,6.32,6.20,6.24,3089857
2014/6/18,600056.sh,6.25,6.29,6.12,6.14,3597848
2014/6/19,600056.sh,6.20,6.20,5.93,6.01,3048571
2014/6/20,600056.sh,5.93,5.99,5.85,5.90,5397226
2014/6/23,600056.sh,5.90,5.98,5.87,5.92,5444134
2014/6/24,600056.sh,5.93,5.95,5.86,5.92,4961439
2014/6/25,600056.sh,5.92,5.95,5.80,5.95,6431613
2014/6/26,600056.sh,6.02,6.07,5.95,5.99,6242080
2014/6/27,600056.sh,5.95,6.06,5.95,6.02,5286115
2014/6/30,600056.sh,6.02,6.40,6.01,6.33,12384789
2014/7/1,600056.sh,6.37,6.48,6.24,6.30,11867297
2014/7/2,600056.sh,6.26,6.54,6.26,6.53,14991292
2014/7/3,600056.sh,6.44,6.59,6.43,6.48,12750828
2014/7/4,600056.sh,6.51,6.54,6.35,6.42,8046984
2014/7/7,600056.sh,6.40,6.44,6.33,6.37,7403907
2014/7/8,600056.sh,6.37,6.43,6.30,6.42,5533607
2014/7/9,600056.sh,6.46,6.57,6.37,6.43,9662126
2014/7/10,600056.sh,6.40,6.46,6.35,6.39,4483504
2014/7/11,600056.sh,6.43,6.79,6.40,6.71,19244249
2014/7/14,600056.sh,6.70,6.83,6.55,6.79,18512272
2014/7/15,600056.sh,6.79,7.22,6.72,7.13,29934297
2014/7/16,600056.sh,7.13,7.84,6.99,7.84,83826037
2014/7/17,600056.sh,7.38,7.63,7.17,7.32,44953772
2014/7/18,600056.sh,7.21,7.73,6.98,7.32,40021907
2014/7/21,600056.sh,7.21,7.35,7.10,7.22,18200623
2014/7/22,600056.sh,7.16,7.52,7.12,7.43,22438445
2014/7/23,600056.sh,7.31,7.44,7.23,7.36,16031351
2014/7/24,600056.sh,7.33,7.42,7.24,7.39,15661486
2014/7/25,600056.sh,7.42,7.42,7.13,7.20,20576060
2014/7/28,600056.sh,7.21,7.33,7.14,7.23,22507088
2014/7/29,600056.sh,7.24,7.41,7.19,7.38,21255860
2014/7/30,600056.sh,7.38,7.41,7.21,7.37,16496994
2014/7/31,600056.sh,7.36,7.45,7.31,7.37,15854471
2014/8/1,600056.sh,7.38,8.04,7.38,7.76,50378165
2014/8/4,600056.sh,7.85,7.86,7.59,7.76,30908745
2014/8/5,600056.sh,7.72,7.73,7.54,7.63,23165180
2014/8/6,600056.sh,7.63,7.69,7.58,7.65,13310454
2014/8/7,600056.sh,7.57,7.64,7.45,7.45,15400326
2014/8/8,600056.sh,7.45,7.52,7.43,7.48,8352197
2014/8/11,600056.sh,7.49,7.66,7.48,7.61,11199462
2014/8/12,600056.sh,7.60,7.71,7.57,7.66,13058123
2014/8/13,600056.sh,7.66,7.70,7.45,7.55,12618305
2014/8/14,600056.sh,7.54,7.54,7.33,7.33,13575846
2014/8/15,600056.sh,7.32,7.44,7.30,7.40,6967216
2014/8/18,600056.sh,7.42,7.51,7.42,7.49,9295434
2014/8/19,600056.sh,7.48,7.48,7.37,7.42,12700056
2014/8/20,600056.sh,7.41,7.63,7.39,7.57,18342359
2014/8/21,600056.sh,7.57,7.58,7.40,7.51,8423088
2014/8/22,600056.sh,7.51,7.55,7.41,7.50,8657940
2014/8/25,600056.sh,7.48,7.48,7.33,7.36,11379400
2014/8/26,600056.sh,7.36,7.44,7.20,7.21,9926464
2014/8/27,600056.sh,7.21,7.28,7.03,7.11,14571657
2014/8/28,600056.sh,7.12,7.20,7.04,7.17,8624687
2014/8/29,600056.sh,7.17,7.19,7.08,7.16,7089043
2014/9/1,600056.sh,7.16,7.27,7.16,7.24,6573110
2014/9/2,600056.sh,7.26,7.41,7.23,7.39,11651307
2014/9/3,600056.sh,7.44,7.52,7.39,7.47,17054019
2014/9/4,600056.sh,7.48,7.49,7.36,7.46,13024218
2014/9/5,600056.sh,7.46,7.50,7.38,7.45,13937651
2014/9/9,600056.sh,7.58,8.20,7.58,8.04,59006439
2014/9/10,600056.sh,7.98,7.98,7.79,7.89,29693617
2014/9/11,600056.sh,7.88,7.96,7.76,7.83,25029008
2014/9/12,600056.sh,7.80,7.85,7.76,7.84,12356878
2014/9/15,600056.sh,7.86,8.03,7.85,7.89,18784944
2014/9/16,600056.sh,7.89,7.90,7.51,7.52,21703143
2014/9/17,600056.sh,7.50,7.58,7.40,7.52,11292952
2014/9/18,600056.sh,7.53,7.66,7.45,7.63,10673765
2014/9/19,600056.sh,7.63,7.69,7.58,7.64,8643787
2014/9/22,600056.sh,7.64,7.64,7.46,7.48,9450502
2014/9/23,600056.sh,7.46,7.61,7.45,7.60,7606691
2014/9/24,600056.sh,7.57,7.80,7.54,7.73,16538466
2014/9/25,600056.sh,7.79,7.86,7.67,7.70,12406082
2014/9/26,600056.sh,7.68,7.72,7.63,7.70,8152243
2014/9/29,600056.sh,7.70,7.77,7.69,7.76,12168123
2014/9/30,600056.sh,7.76,7.95,7.76,7.89,18547054
2014/10/8,600056.sh,7.92,8.01,7.89,7.98,17982182
2014/10/9,600056.sh,8.01,8.22,7.98,8.08,27614048
2014/10/10,600056.sh,8.04,8.41,7.96,8.38,40052254
2014/10/13,600056.sh,8.39,8.87,8.25,8.72,45374495
2014/10/14,600056.sh,8.72,8.88,8.46,8.60,31772521
2014/10/15,600056.sh,8.56,8.92,8.50,8.75,36488244
2014/10/16,600056.sh,8.75,8.93,8.33,8.35,37917283
2014/10/17,600056.sh,8.28,8.36,7.96,8.11,22631151
2014/10/20,600056.sh,8.12,8.38,8.12,8.28,12996202
2014/10/21,600056.sh,8.29,8.32,8.08,8.11,11043024
2014/10/22,600056.sh,8.16,8.27,7.95,8.03,9753177
2014/10/23,600056.sh,7.97,8.08,7.75,7.84,11386665
2014/10/24,600056.sh,7.83,7.91,7.79,7.85,7670896
2014/10/27,600056.sh,7.84,8.00,7.79,8.00,6806767
2014/10/28,600056.sh,8.07,8.21,8.02,8.18,10152163
2014/10/29,600056.sh,8.21,8.27,8.10,8.18,14564964
2014/10/30,600056.sh,8.18,8.33,8.14,8.24,14092850
2014/10/31,600056.sh,8.28,8.32,8.10,8.21,12187571
2014/11/3,600056.sh,8.22,8.26,8.09,8.13,12095626
2014/11/4,600056.sh,8.13,8.13,7.97,8.01,11224755
2014/11/5,600056.sh,8.01,8.14,7.90,8.14,9774904
2014/11/6,600056.sh,8.13,8.13,7.98,8.05,6805184
2014/11/7,600056.sh,8.04,8.04,7.85,7.92,11548280
2014/11/10,600056.sh,7.94,8.03,7.91,8.00,7260194
2014/11/11,600056.sh,8.01,8.14,7.92,8.13,19033308
2014/11/12,600056.sh,8.16,8.24,8.11,8.23,15181997
2014/11/13,600056.sh,8.23,8.23,7.91,7.96,13993274
2014/11/14,600056.sh,7.95,8.00,7.87,7.95,7578423
2014/11/17,600056.sh,7.98,8.03,7.93,7.97,6491515
2014/11/18,600056.sh,7.97,8.00,7.87,7.90,6813870
2014/11/19,600056.sh,7.88,7.97,7.85,7.94,6986122
2014/11/20,600056.sh,7.93,7.93,7.88,7.89,5466984
2014/11/21,600056.sh,7.89,7.92,7.86,7.91,7487897
2014/11/24,600056.sh,7.97,8.02,7.88,7.96,12997004
2014/11/25,600056.sh,7.98,8.13,7.96,8.13,15775496
2014/11/26,600056.sh,8.14,8.17,8.04,8.15,14490356
2014/11/27,600056.sh,8.22,8.39,8.17,8.33,25019181
2014/11/28,600056.sh,8.36,8.37,8.16,8.24,17895063
2014/12/1,600056.sh,8.25,8.33,8.13,8.24,15118285
2014/12/2,600056.sh,8.22,8.33,8.21,8.31,19976713
2014/12/3,600056.sh,8.31,9.10,8.16,8.87,54905371
2014/12/4,600056.sh,8.84,9.06,8.71,9.02,42233982
2014/12/5,600056.sh,9.07,9.90,8.97,9.48,67352106
2014/12/8,600056.sh,9.53,9.94,9.31,9.65,48508008
2014/12/9,600056.sh,9.64,9.64,8.70,8.76,43368924
2014/12/10,600056.sh,8.67,9.32,8.64,9.28,29701408
2014/12/11,600056.sh,9.29,9.60,9.23,9.50,31254083
2014/12/12,600056.sh,9.53,9.56,9.23,9.32,18361795
2014/12/15,600056.sh,9.23,9.56,9.10,9.49,24773199
2014/12/16,600056.sh,9.48,9.56,9.31,9.38,17946191
2014/12/17,600056.sh,9.39,9.41,9.01,9.08,21086428
2014/12/18,600056.sh,9.11,9.20,9.03,9.08,12790904
2014/12/19,600056.sh,9.06,9.71,8.94,9.67,31493215
2014/12/22,600056.sh,9.68,9.94,9.20,9.36,31532873
2014/12/23,600056.sh,9.23,9.38,8.98,9.04,16294286
2014/12/24,600056.sh,9.05,9.32,9.00,9.26,14144431
2014/12/25,600056.sh,9.23,9.43,9.15,9.41,15125089
2014/12/26,600056.sh,9.41,9.67,9.35,9.42,21583966
2014/12/29,600056.sh,9.44,9.47,9.21,9.31,16675437
2014/12/30,600056.sh,9.24,9.92,9.24,9.80,43055685
2014/12/31,600056.sh,9.72,9.85,9.52,9.78,23314766
2015/1/5,600056.sh,9.78,10.19,9.71,10.10,39252064
2015/1/6,600056.sh,9.95,10.72,9.87,10.46,51918349
2015/1/7,600056.sh,10.46,10.46,10.46,10.46,INVALID
2015/1/8,600056.sh,10.46,10.46,10.46,10.46,INVALID
2015/1/9,600056.sh,10.46,10.46,10.46,10.46,INVALID
2015/1/12,600056.sh,10.46,10.46,10.46,10.46,INVALID
2015/1/13,600056.sh,10.46,10.46,10.46,10.46,INVALID
2015/1/14,600056.sh,10.46,10.46,10.46,10.46,INVALID
2015/1/15,600056.sh,10.46,10.46,10.46,10.46,INVALID
2015/1/16,600056.sh,10.46,10.46,10.46,10.46,INVALID
2015/1/19,600056.sh,10.46,10.46,10.46,10.46,INVALID
2015/1/20,600056.sh,10.46,10.46,10.46,10.46,INVALID
2015/1/21,600056.sh,10.46,10.46,10.46,10.46,INVALID
2015/1/22,600056.sh,10.46,10.46,10.46,10.46,INVALID
2015/1/23,600056.sh,10.46,10.46,10.46,10.46,INVALID
2015/1/26,600056.sh,10.46,10.46,10.46,10.46,INVALID
2015/1/27,600056.sh,10.46,10.46,10.46,10.46,INVALID
2015/1/28,600056.sh,11.43,11.43,10.41,10.44,67209596
2015/1/29,600056.sh,10.13,10.18,9.69,9.89,32877603
2015/1/30,600056.sh,9.79,10.03,9.65,9.66,18635921
2015/2/2,600056.sh,9.56,9.56,9.23,9.37,16922523
2015/2/3,600056.sh,9.37,9.65,9.35,9.61,14265272
2015/2/4,600056.sh,9.60,9.60,9.23,9.26,17307115
2015/2/5,600056.sh,9.38,9.44,9.12,9.13,14859013
2015/2/6,600056.sh,9.07,9.53,9.07,9.33,19221532
2015/2/9,600056.sh,9.24,9.24,8.97,9.01,10392130
2015/2/10,600056.sh,9.03,9.33,8.97,9.24,10165833
2015/2/11,600056.sh,9.25,9.41,9.13,9.34,9624756
2015/2/12,600056.sh,9.35,9.43,9.22,9.34,9960375
2015/2/13,600056.sh,9.35,9.79,9.35,9.69,19481617
2015/2/16,600056.sh,9.71,9.82,9.62,9.77,15373945
2015/2/17,600056.sh,9.77,10.03,9.72,9.81,14961910
2015/2/25,600056.sh,9.82,9.89,9.68,9.74,11130658
2015/2/26,600056.sh,9.72,9.74,9.49,9.68,14164823
2015/2/27,600056.sh,9.68,10.01,9.64,9.83,18132722
2015/3/2,600056.sh,9.87,9.93,9.76,9.91,18614452
2015/3/3,600056.sh,9.91,9.91,9.59,9.62,20733266
2015/3/4,600056.sh,9.57,9.98,9.57,9.96,21676386
2015/3/5,600056.sh,9.90,10.25,9.85,10.19,34133325
2015/3/6,600056.sh,10.13,10.19,9.84,9.85,18394845
2015/3/9,600056.sh,9.87,9.91,9.63,9.82,13495216
2015/3/10,600056.sh,9.85,10.04,9.85,9.95,14908616
2015/3/11,600056.sh,9.94,9.94,9.64,9.68,17873996
2015/3/12,600056.sh,9.66,9.71,9.53,9.60,15046586
2015/3/13,600056.sh,9.62,9.75,9.62,9.72,11269512
2015/3/16,600056.sh,9.74,9.92,9.60,9.91,48649810
2015/3/17,600056.sh,9.99,10.12,9.87,10.11,45007628
2015/3/18,600056.sh,10.16,10.44,10.06,10.38,52475499
2015/3/19,600056.sh,10.38,10.38,10.12,10.24,33406524
2015/3/20,600056.sh,10.22,10.49,10.18,10.37,29964668
2015/3/23,600056.sh,10.39,10.65,10.27,10.63,44161503
2015/3/24,600056.sh,10.61,10.61,10.13,10.41,40030121
2015/3/25,600056.sh,10.42,10.80,10.26,10.71,49512410
2015/3/26,600056.sh,10.69,10.90,10.49,10.71,38948138
2015/3/27,600056.sh,10.73,11.06,10.66,10.96,36206029
2015/3/30,600056.sh,10.96,11.13,10.86,11.00,30829975
2015/3/31,600056.sh,11.00,11.10,10.75,10.83,35637995
2015/4/1,600056.sh,10.88,10.94,10.75,10.88,29206408
2015/4/2,600056.sh,10.91,11.18,10.80,11.01,38257276
2015/4/3,600056.sh,10.94,11.02,10.82,10.96,27545362
2015/4/7,600056.sh,10.95,11.24,10.86,11.21,48805994
2015/4/8,600056.sh,11.24,11.24,10.72,10.81,49133406
2015/4/9,600056.sh,10.81,10.81,10.30,10.61,36587357
2015/4/10,600056.sh,10.55,10.88,10.45,10.80,27100966
2015/4/13,600056.sh,10.83,11.41,10.82,11.27,50559787
2015/4/14,600056.sh,11.32,11.47,11.00,11.12,37461886
2015/4/15,600056.sh,11.10,11.10,10.62,10.72,25921146
2015/4/16,600056.sh,10.60,10.90,10.41,10.81,20811193
2015/4/17,600056.sh,10.86,11.15,10.86,11.09,38390790
2015/4/20,600056.sh,11.08,11.41,10.74,11.02,49528089
2015/4/21,600056.sh,10.96,12.03,10.94,11.91,67569984
2015/4/22,600056.sh,11.95,12.12,11.72,12.00,56927536
2015/4/23,600056.sh,12.03,12.03,11.64,11.83,37790567
2015/4/24,600056.sh,11.55,11.89,11.49,11.62,32114133
2015/4/27,600056.sh,11.74,12.57,11.56,12.34,50755409
2015/4/28,600056.sh,12.27,12.27,11.56,11.71,40934478
2015/4/29,600056.sh,11.65,12.02,11.51,11.85,29027756
2015/4/30,600056.sh,12.06,12.45,11.98,12.30,45184909
2015/5/4,600056.sh,12.36,12.78,12.09,12.74,53045717
2015/5/5,600056.sh,12.70,12.70,11.84,11.86,36940852
2015/5/6,600056.sh,11.85,12.11,11.12,11.38,31635430
2015/5/7,600056.sh,11.38,11.42,10.69,10.95,23652164
2015/5/8,600056.sh,11.05,11.22,10.89,11.21,20202108
2015/5/11,600056.sh,11.32,11.60,11.09,11.55,27010963
2015/5/12,600056.sh,11.56,11.66,11.47,11.61,29380894
2015/5/13,600056.sh,11.59,11.71,11.38,11.54,30319192
2015/5/14,600056.sh,11.50,11.99,11.44,11.90,35709276
2015/5/15,600056.sh,11.92,11.92,11.32,11.36,27604658
2015/5/18,600056.sh,11.28,11.50,11.18,11.37,19388422
2015/5/19,600056.sh,11.39,11.72,11.39,11.63,28257184
2015/5/20,600056.sh,11.69,11.99,11.63,11.67,36295774
2015/5/21,600056.sh,11.66,12.11,11.49,12.09,42418231
2015/5/22,600056.sh,12.11,12.68,11.86,12.46,60297977
2015/5/25,600056.sh,12.32,12.83,12.24,12.70,48537881
2015/5/26,600056.sh,12.72,13.04,12.39,12.93,52894106
2015/5/27,600056.sh,12.92,14.13,12.55,13.82,72330357
2015/5/28,600056.sh,13.55,14.06,12.43,12.44,56002968
2015/5/29,600056.sh,12.52,12.92,11.99,12.59,40625900
2015/6/1,600056.sh,12.64,13.63,12.64,13.49,43681309
2015/6/2,600056.sh,13.55,13.88,13.29,13.88,41346392
2015/6/3,600056.sh,13.89,13.99,13.15,13.59,31189988
2015/6/4,600056.sh,13.66,14.60,12.98,14.54,52917982
2015/6/5,600056.sh,14.83,14.95,14.12,14.59,48185643
2015/6/8,600056.sh,14.48,14.59,13.61,14.24,42140855
2015/6/9,600056.sh,14.30,14.51,13.76,14.08,31171535
2015/6/10,600056.sh,14.00,14.54,13.80,14.22,31538875
2015/6/11,600056.sh,14.12,14.27,13.83,14.26,34745113
2015/6/12,600056.sh,14.54,14.56,14.13,14.40,40093347
2015/6/15,600056.sh,14.38,14.38,13.65,13.69,38243247
2015/6/16,600056.sh,13.69,13.88,12.99,13.14,28499271
2015/6/17,600056.sh,13.12,14.30,12.82,14.29,37265186
2015/6/18,600056.sh,14.28,14.78,13.64,13.73,39755957
2015/6/19,600056.sh,13.29,13.55,12.43,12.46,22279200
2015/6/23,600056.sh,12.60,13.71,12.35,13.71,34286678
2015/6/24,600056.sh,13.99,15.08,13.99,15.08,79482361
2015/6/25,600056.sh,15.06,15.84,14.04,14.53,104757252
2015/6/26,600056.sh,13.74,14.24,13.08,13.08,44098879
2015/6/29,600056.sh,13.67,14.10,12.12,13.51,73694405
2015/6/30,600056.sh,13.20,14.86,12.24,14.60,66181503
2015/7/1,600056.sh,14.39,15.12,13.20,13.30,65108953
2015/7/2,600056.sh,13.26,13.26,11.97,11.97,42957230
2015/7/3,600056.sh,10.85,12.00,10.78,10.78,33986776
2015/7/6,600056.sh,11.83,11.83,9.70,9.89,56482267
2015/7/7,600056.sh,9.51,9.51,8.90,8.90,28993991
2015/7/8,600056.sh,8.02,8.70,8.02,8.02,94195261
2015/7/9,600056.sh,7.56,8.82,7.56,8.82,31649326
2015/7/10,600056.sh,9.38,9.70,9.10,9.70,20770928
2015/7/13,600056.sh,10.49,10.67,10.09,10.67,35513490
2015/7/14,600056.sh,10.80,11.56,10.36,10.70,48116688
2015/7/15,600056.sh,10.26,10.62,9.63,9.63,28297042
2015/7/16,600056.sh,9.63,10.32,9.14,10.00,27529451
2015/7/17,600056.sh,10.07,10.80,10.06,10.62,23463067
2015/7/20,600056.sh,10.69,11.17,10.33,10.70,27386835
2015/7/21,600056.sh,10.54,11.29,10.32,11.09,33540076
2015/7/22,600056.sh,11.09,12.11,10.61,11.76,48495960
2015/7/23,600056.sh,11.51,12.30,11.46,11.81,46120277
2015/7/24,600056.sh,11.76,11.99,11.07,11.35,37099630
2015/7/27,600056.sh,10.99,11.73,10.21,10.21,35890852
2015/7/28,600056.sh,10.00,11.02,9.42,10.73,39482102
2015/7/29,600056.sh,10.92,11.64,10.62,11.59,35842995
2015/7/30,600056.sh,11.40,11.79,10.56,11.06,36474282
2015/7/31,600056.sh,10.84,11.15,10.84,10.97,18090696
2015/8/3,600056.sh,10.80,10.86,9.96,10.06,18042701
2015/8/4,600056.sh,10.09,10.92,10.09,10.88,16705913
2015/8/5,600056.sh,10.89,11.14,10.54,10.78,20524510
2015/8/6,600056.sh,10.35,10.88,10.26,10.52,11854736
2015/8/7,600056.sh,10.68,10.91,10.20,10.85,16332507
2015/8/10,600056.sh,11.05,11.93,11.05,11.93,39063472
2015/8/11,600056.sh,12.27,12.36,11.73,12.03,50880073
2015/8/12,600056.sh,11.82,12.90,11.73,12.51,42791926
2015/8/13,600056.sh,12.25,12.83,11.91,12.68,37008988
2015/8/14,600056.sh,12.68,13.55,12.36,13.25,43128726
2015/8/17,600056.sh,12.90,13.57,12.66,13.07,42400942
2015/8/18,600056.sh,12.78,12.93,11.76,11.76,42363969
2015/8/19,600056.sh,11.15,12.04,10.61,11.89,28766789
2015/8/20,600056.sh,11.81,11.81,10.93,10.94,18789955
2015/8/21,600056.sh,10.80,11.33,10.44,10.48,20601306
2015/8/24,600056.sh,10.03,10.06,9.43,9.43,22504595
2015/8/25,600056.sh,8.48,8.88,8.48,8.48,28946913
2015/8/26,600056.sh,8.73,8.99,8.06,8.33,26629937
2015/8/27,600056.sh,8.58,9.12,8.41,9.10,21541603
2015/8/28,600056.sh,9.34,9.83,9.12,9.71,28797747
2015/8/31,600056.sh,9.66,9.66,9.11,9.12,19978984
2015/9/1,600056.sh,9.04,9.15,8.28,8.35,23460370
2015/9/2,600056.sh,7.92,8.76,7.55,8.59,23311105
2015/9/7,600056.sh,8.77,9.11,8.51,8.56,15846630
2015/9/8,600056.sh,8.58,9.06,8.40,9.00,12891257
2015/9/9,600056.sh,9.18,9.40,9.06,9.29,19142361
2015/9/10,600056.sh,9.12,9.29,9.01,9.04,11085236
2015/9/11,600056.sh,8.99,9.15,8.77,8.98,10226858
2015/9/14,600056.sh,9.29,9.49,8.29,8.54,24648291
2015/9/15,600056.sh,8.22,8.47,7.74,7.79,16495293
2015/9/16,600056.sh,7.96,8.57,7.86,8.57,14182604
2015/9/17,600056.sh,8.54,8.85,8.28,8.33,18027080
2015/9/18,600056.sh,8.46,8.55,8.25,8.40,10307535
2015/9/21,600056.sh,8.30,8.70,8.24,8.69,12634546
2015/9/22,600056.sh,8.71,8.90,8.63,8.72,14354273
2015/9/23,600056.sh,8.60,8.66,8.37,8.47,11837867
2015/9/24,600056.sh,8.47,8.63,8.42,8.56,8049383
2015/9/25,600056.sh,8.59,8.91,8.53,8.58,19598261
2015/9/28,600056.sh,8.57,8.66,8.23,8.64,9480229
2015/9/29,600056.sh,8.40,8.50,8.29,8.36,7387048
2015/9/30,600056.sh,8.40,8.49,8.25,8.33,6368890
2015/10/8,600056.sh,8.70,8.84,8.65,8.72,14059958
2015/10/9,600056.sh,8.72,8.79,8.62,8.75,12427427
2015/10/12,600056.sh,8.77,9.29,8.77,9.12,21329981
2015/10/13,600056.sh,9.11,9.16,9.01,9.15,13162110
2015/10/14,600056.sh,9.10,9.16,8.90,8.90,13223784
2015/10/15,600056.sh,8.88,9.31,8.86,9.29,18032302
2015/10/16,600056.sh,9.40,9.60,9.22,9.48,22271668
2015/10/19,600056.sh,9.44,9.55,9.19,9.32,18067681
2015/10/20,600056.sh,9.32,9.48,9.25,9.45,15132628
2015/10/21,600056.sh,9.90,10.40,9.74,10.40,91739008
2015/10/22,600056.sh,10.07,11.33,9.89,11.15,86891145
2015/10/23,600056.sh,10.92,11.15,10.68,10.87,62235922
2015/10/26,600056.sh,10.97,11.03,10.39,10.66,39885209
2015/10/27,600056.sh,10.50,10.64,9.95,10.51,30105576
2015/10/28,600056.sh,10.39,10.52,10.02,10.07,22079083
2015/10/29,600056.sh,10.13,10.44,10.13,10.22,17919304
2015/10/30,600056.sh,10.36,10.36,10.08,10.16,15135777
2015/11/2,600056.sh,9.96,10.24,9.73,9.78,14600719
2015/11/3,600056.sh,9.90,10.01,9.73,9.94,13778633
2015/11/4,600056.sh,10.03,10.38,9.98,10.38,24794281
2015/11/5,600056.sh,10.39,10.79,10.22,10.24,46042847
2015/11/6,600056.sh,10.32,10.48,10.25,10.44,28060052
2015/11/9,600056.sh,10.41,10.69,10.28,10.50,36125878
2015/11/10,600056.sh,10.45,10.61,10.06,10.28,33446341
2015/11/11,600056.sh,10.30,10.49,10.27,10.49,24304788
2015/11/12,600056.sh,10.53,10.56,10.22,10.33,26529891
2015/11/13,600056.sh,10.21,10.25,10.00,10.00,20377272
2015/11/16,600056.sh,9.87,10.17,9.85,10.16,10134435
2015/11/17,600056.sh,10.31,10.34,10.02,10.06,21311397
2015/11/18,600056.sh,10.11,10.12,9.91,9.94,11546775
2015/11/19,600056.sh,9.97,10.13,9.87,10.10,11127861
2015/11/20,600056.sh,10.10,10.16,10.01,10.09,20084698
2015/11/23,600056.sh,10.08,10.18,9.91,9.97,17134707
2015/11/24,600056.sh,9.95,10.00,9.78,9.89,12144506
2015/11/25,600056.sh,9.90,10.08,9.86,10.07,14129792
2015/11/26,600056.sh,10.11,10.17,9.98,10.01,13187509
2015/11/27,600056.sh,9.98,10.01,9.16,9.25,19345668
2015/11/30,600056.sh,9.26,9.37,8.71,9.11,15441828
2015/12/1,600056.sh,9.13,9.32,8.95,9.25,9472211
2015/12/2,600056.sh,9.29,9.61,9.26,9.54,12013471
2015/12/3,600056.sh,9.54,9.70,9.47,9.62,8962400
2015/12/4,600056.sh,9.56,9.60,9.39,9.47,8156706
2015/12/7,600056.sh,9.49,9.66,9.45,9.58,7653133
2015/12/8,600056.sh,9.48,9.57,9.22,9.25,9447393
2015/12/9,600056.sh,9.16,9.35,9.06,9.14,7975442
2015/12/10,600056.sh,9.14,9.30,9.13,9.21,8240067
2015/12/11,600056.sh,9.21,9.32,9.14,9.17,7269444
2015/12/14,600056.sh,9.12,9.58,9.04,9.45,10271518
2015/12/15,600056.sh,9.47,9.52,9.39,9.41,8615222
2015/12/16,600056.sh,9.45,9.54,9.37,9.40,7765396
2015/12/17,600056.sh,9.46,9.65,9.44,9.60,13174826
2015/12/18,600056.sh,9.62,9.76,9.56,9.72,13289679
2015/12/21,600056.sh,9.68,10.05,9.64,9.97,18451173
2015/12/22,600056.sh,9.99,10.07,9.81,9.98,11545628
2015/12/23,600056.sh,10.02,10.25,9.89,9.91,16807777
2015/12/24,600056.sh,9.93,9.99,9.64,9.83,11416512
2015/12/25,600056.sh,9.82,10.06,9.81,9.99,8650105
2015/12/28,600056.sh,10.02,10.16,9.76,9.76,14349966
2015/12/29,600056.sh,9.79,9.98,9.72,9.96,7644384
2015/12/30,600056.sh,10.03,10.25,10.02,10.19,19634131
2015/12/31,600056.sh,10.19,10.23,9.94,9.98,11016172
2016/1/4,600056.sh,9.98,10.05,8.98,9.04,9246240
2016/1/5,600056.sh,8.91,9.34,8.73,9.23,15352647
2016/1/6,600056.sh,9.30,9.40,9.18,9.35,9154897
2016/1/7,600056.sh,9.09,9.15,8.42,8.44,2638396
2016/1/8,600056.sh,8.71,8.94,8.40,8.77,14327326
2016/1/11,600056.sh,8.66,8.77,7.90,7.95,14344349
2016/1/12,600056.sh,8.07,8.21,7.95,8.05,9249792
2016/1/13,600056.sh,8.13,8.22,7.81,7.90,6665796
2016/1/14,600056.sh,7.75,8.15,7.62,8.13,8256984
2016/1/15,600056.sh,8.06,8.15,7.75,7.89,7830810
2016/1/18,600056.sh,7.82,8.12,7.80,8.04,6114010
2016/1/19,600056.sh,8.02,8.38,7.98,8.32,10240833
2016/1/20,600056.sh,8.31,8.36,8.11,8.18,6408351
2016/1/21,600056.sh,8.10,8.33,7.98,8.00,6707777
2016/1/22,600056.sh,8.09,8.15,7.83,8.06,5700116
2016/1/25,600056.sh,8.12,8.24,8.05,8.14,4365567
2016/1/26,600056.sh,8.06,8.11,7.42,7.55,9722807
2016/1/27,600056.sh,7.57,7.65,7.08,7.39,9603361
2016/1/28,600056.sh,7.24,7.36,6.95,7.03,7420121
2016/1/29,600056.sh,7.06,7.33,7.00,7.27,7988577
2016/2/1,600056.sh,7.25,7.29,6.96,7.06,7019484
2016/2/2,600056.sh,7.06,7.34,7.06,7.31,8945094
2016/2/3,600056.sh,7.24,7.28,7.10,7.25,6426896
2016/2/4,600056.sh,7.29,7.40,7.27,7.36,9641185
2016/2/5,600056.sh,7.36,7.40,7.22,7.25,6415769
2016/2/15,600056.sh,7.11,7.34,7.03,7.31,7254840
2016/2/16,600056.sh,7.33,7.60,7.32,7.55,9774549
2016/2/17,600056.sh,7.55,7.76,7.48,7.73,12206642
2016/2/18,600056.sh,7.74,7.79,7.64,7.66,10589572
2016/2/19,600056.sh,7.63,7.68,7.55,7.63,6582964
2016/2/22,600056.sh,7.80,7.87,7.70,7.79,10695720
2016/2/23,600056.sh,7.89,8.02,7.73,7.88,13200679
2016/2/24,600056.sh,7.87,8.28,7.80,8.09,16916308
2016/2/25,600056.sh,8.07,8.07,7.28,7.32,15791338
2016/2/26,600056.sh,7.43,7.48,7.21,7.35,8043489
2016/2/29,600056.sh,7.33,7.35,6.85,6.88,9905045
2016/3/1,600056.sh,6.91,7.11,6.86,7.08,7511301
2016/3/2,600056.sh,7.11,7.40,7.08,7.38,11141050
2016/3/3,600056.sh,7.38,7.45,7.33,7.37,11228121
2016/3/4,600056.sh,7.38,7.40,7.06,7.18,12518907
2016/3/7,600056.sh,7.25,7.41,7.25,7.39,9140652
2016/3/8,600056.sh,7.37,7.38,7.12,7.37,7791706
2016/3/9,600056.sh,7.29,7.31,7.14,7.24,6158872
2016/3/10,600056.sh,7.24,7.34,7.08,7.15,7585580
2016/3/11,600056.sh,7.11,7.38,7.07,7.21,6259621
2016/3/14,600056.sh,7.31,7.52,7.26,7.46,11928064
2016/3/15,600056.sh,7.42,7.48,7.31,7.38,6861107
2016/3/16,600056.sh,7.39,7.46,7.24,7.27,6636518
2016/3/17,600056.sh,7.29,7.48,7.26,7.44,9770402
2016/3/18,600056.sh,7.46,7.67,7.46,7.65,14918998
2016/3/21,600056.sh,7.72,7.85,7.69,7.81,15476493
2016/3/22,600056.sh,7.78,7.78,7.69,7.74,8734267
2016/3/23,600056.sh,7.72,7.79,7.66,7.75,8373994
2016/3/24,600056.sh,7.73,7.78,7.63,7.63,9424894
2016/3/25,600056.sh,7.62,7.70,7.58,7.66,5997841
2016/3/28,600056.sh,7.68,7.88,7.67,7.78,15509630
2016/3/29,600056.sh,7.73,7.73,7.49,7.53,10670978
2016/3/30,600056.sh,7.60,7.76,7.56,7.74,10607654
2016/3/31,600056.sh,7.79,8.02,7.77,7.85,17217835
2016/4/1,600056.sh,7.80,7.85,7.63,7.74,8054081
2016/4/5,600056.sh,7.79,7.96,7.74,7.95,12501337
2016/4/6,600056.sh,7.96,8.13,7.88,8.10,16717006
2016/4/7,600056.sh,8.10,8.28,7.98,8.03,15303111
2016/4/8,600056.sh,8.01,8.01,7.73,7.87,11694453
2016/4/11,600056.sh,7.90,8.17,7.89,8.11,12879384
2016/4/12,600056.sh,8.14,8.17,7.92,8.03,9362092
2016/4/13,600056.sh,8.08,8.27,8.08,8.11,12514195
2016/4/14,600056.sh,8.13,8.18,8.05,8.18,7160439
2016/4/15,600056.sh,8.21,8.36,8.20,8.25,10601213
2016/4/18,600056.sh,8.19,8.24,8.05,8.11,8193953
2016/4/19,600056.sh,8.15,8.24,8.07,8.14,11667539
2016/4/20,600056.sh,8.19,8.46,7.89,8.04,31117601
2016/4/21,600056.sh,8.04,8.38,7.98,8.35,22277328
2016/4/22,600056.sh,8.26,8.35,8.00,8.12,15325192
2016/4/25,600056.sh,8.08,8.09,7.81,7.88,9146426
2016/4/26,600056.sh,7.85,7.99,7.78,7.99,6611812
2016/4/27,600056.sh,7.99,8.00,7.81,7.85,5749217
2016/4/28,600056.sh,7.92,7.97,7.75,7.94,7914542
2016/4/29,600056.sh,8.16,8.28,8.11,8.17,16774941
2016/5/3,600056.sh,8.26,8.62,8.18,8.55,19982779
2016/5/4,600056.sh,8.55,8.74,8.47,8.57,15121041
2016/5/5,600056.sh,8.56,8.69,8.52,8.62,8439702
2016/5/6,600056.sh,8.63,8.75,8.34,8.35,13315464
2016/5/9,600056.sh,8.28,8.48,8.22,8.36,13508219
2016/5/10,600056.sh,8.34,8.46,8.02,8.41,15075587
2016/5/11,600056.sh,8.37,8.83,8.36,8.74,22276683
2016/5/12,600056.sh,8.58,8.82,8.47,8.81,14282884
2016/5/13,600056.sh,8.77,9.05,8.68,8.74,16713135
2016/5/16,600056.sh,8.62,9.15,8.62,9.11,18287114
2016/5/17,600056.sh,9.06,9.17,8.87,8.92,12190226
2016/5/18,600056.sh,8.92,9.13,8.75,8.94,13594921
2016/5/19,600056.sh,9.06,9.31,9.00,9.02,17827621
2016/5/20,600056.sh,8.92,9.26,8.89,9.21,11896554
2016/5/23,600056.sh,9.28,9.59,9.28,9.55,16757573
2016/5/24,600056.sh,9.51,9.58,9.23,9.35,11203337
2016/5/25,600056.sh,9.40,9.46,9.14,9.19,11383919
2016/5/26,600056.sh,9.16,9.25,8.83,9.19,10834574
2016/5/27,600056.sh,9.19,9.19,8.95,9.02,8848912
2016/5/30,600056.sh,9.05,9.13,8.88,8.91,6688303
2016/5/31,600056.sh,8.95,9.39,8.93,9.33,13027273
2016/6/1,600056.sh,9.33,9.75,9.30,9.57,17310965
2016/6/2,600056.sh,9.53,9.61,9.32,9.50,9662654
2016/6/3,600056.sh,9.45,9.54,9.32,9.44,10020538
2016/6/6,600056.sh,9.47,9.61,9.17,9.28,11716505
2016/6/7,600056.sh,9.29,9.36,9.11,9.34,11598168
2016/6/8,600056.sh,9.25,9.27,9.11,9.17,8530032
2016/6/13,600056.sh,9.11,9.11,8.70,8.74,9827306
2016/6/14,600056.sh,8.79,8.86,8.62,8.70,8367600
2016/6/15,600056.sh,8.65,9.08,8.61,9.04,9680299
2016/6/16,600056.sh,8.99,9.04,8.77,8.85,7811765
2016/6/17,600056.sh,8.80,9.41,8.80,9.25,17728653
2016/6/20,600056.sh,9.17,9.46,9.13,9.45,12795264
2016/6/21,600056.sh,9.41,9.50,9.31,9.37,8279236
2016/6/22,600056.sh,9.32,9.57,9.28,9.48,9707961
2016/6/23,600056.sh,9.47,9.56,9.27,9.47,8152347
2016/6/24,600056.sh,9.46,9.54,9.22,9.39,8806706
2016/6/27,600056.sh,9.31,9.87,9.27,9.79,14905966
2016/6/28,600056.sh,9.78,9.93,9.64,9.79,10357124
2016/6/29,600056.sh,9.81,9.96,9.66,9.75,8931500
2016/6/30,600056.sh,9.73,9.81,9.57,9.63,7368402
2016/7/1,600056.sh,9.65,9.73,9.56,9.64,6679421
2016/7/4,600056.sh,9.55,9.78,9.55,9.73,7604629
2016/7/5,600056.sh,9.76,10.13,9.66,10.01,16790371
2016/7/6,600056.sh,9.99,10.09,9.89,10.02,5789160
2016/7/7,600056.sh,10.07,10.13,9.93,10.03,6541280
2016/7/8,600056.sh,10.03,10.04,9.86,9.89,5175722
2016/7/11,600056.sh,9.84,10.04,9.84,9.89,6809764
2016/7/12,600056.sh,9.86,10.20,9.85,10.15,13257843
2016/7/13,600056.sh,10.15,10.32,10.01,10.16,9170456
2016/7/14,600056.sh,10.13,10.16,9.90,10.00,7419892
2016/7/15,600056.sh,10.01,10.15,9.93,10.12,9656029
2016/7/18,600056.sh,10.04,10.31,9.99,10.20,7751402
2016/7/19,600056.sh,10.20,10.36,10.14,10.35,10086312
2016/7/20,600056.sh,10.36,11.15,10.30,10.92,20990833
2016/7/21,600056.sh,10.81,11.14,10.73,10.91,15877496
2016/7/22,600056.sh,10.78,11.12,10.74,10.81,11631239
2016/7/25,600056.sh,10.86,10.92,10.63,10.75,6196611
2016/7/26,600056.sh,10.74,11.14,10.66,11.11,10472020
2016/7/27,600056.sh,11.11,11.42,10.40,10.67,20692080
2016/7/28,600056.sh,10.63,11.01,10.51,10.83,18762221
2016/7/29,600056.sh,10.75,10.95,10.66,10.68,9797538
2016/8/1,600056.sh,10.58,10.58,9.98,10.20,14882992
2016/8/2,600056.sh,10.20,10.36,10.10,10.27,5799349
2016/8/3,600056.sh,10.21,10.50,10.20,10.48,7590459
2016/8/4,600056.sh,10.43,10.72,10.41,10.61,7164327
2016/8/5,600056.sh,10.55,10.69,10.46,10.52,4979615
2016/8/8,600056.sh,10.52,10.60,10.26,10.57,4256727
2016/8/9,600056.sh,10.63,10.81,10.54,10.75,7022913
2016/8/10,600056.sh,10.72,10.86,10.45,10.60,14830230
2016/8/11,600056.sh,10.50,10.61,10.37,10.43,5489462
2016/8/12,600056.sh,10.41,10.57,10.38,10.55,5038431
2016/8/15,600056.sh,10.58,10.83,10.46,10.69,9441260
2016/8/16,600056.sh,10.69,10.83,10.66,10.70,6010358
2016/8/17,600056.sh,10.54,10.71,10.50,10.57,7842944
2016/8/18,600056.sh,10.43,10.63,10.41,10.46,7172367
2016/8/19,600056.sh,10.49,10.57,10.44,10.47,6076804
2016/8/22,600056.sh,10.48,10.76,10.48,10.71,9946282
2016/8/23,600056.sh,10.66,11.62,10.66,11.29,23069841
2016/8/24,600056.sh,11.30,11.66,11.16,11.43,13829772
2016/8/25,600056.sh,11.43,11.60,11.17,11.34,9600998
2016/8/26,600056.sh,11.29,11.59,11.28,11.39,10061357
2016/8/29,600056.sh,11.72,11.74,11.27,11.45,14236076
2016/8/30,600056.sh,11.40,11.55,11.22,11.29,8805973
2016/8/31,600056.sh,11.30,11.40,11.20,11.37,6388483
2016/9/1,600056.sh,11.31,11.76,11.30,11.59,12042191
2016/9/2,600056.sh,11.54,11.79,11.41,11.43,13157463
2016/9/5,600056.sh,11.40,11.62,11.37,11.60,9192322
2016/9/6,600056.sh,11.66,11.73,11.36,11.60,6851209
2016/9/7,600056.sh,11.57,11.65,11.39,11.40,9667059
2016/9/8,600056.sh,11.36,11.52,11.29,11.44,7781405
2016/9/9,600056.sh,11.46,11.62,11.37,11.56,9669756
2016/9/12,600056.sh,11.41,11.41,10.92,11.12,16123621
2016/9/13,600056.sh,11.20,11.37,11.10,11.12,7834105
2016/9/14,600056.sh,11.34,11.62,11.23,11.31,7783111
2016/9/19,600056.sh,11.27,11.62,11.27,11.54,7283838
2016/9/20,600056.sh,11.54,11.60,11.39,11.52,6539646
2016/9/21,600056.sh,11.48,12.00,11.48,11.94,12962054
2016/9/22,600056.sh,12.10,12.30,11.91,12.14,10530163
2016/9/23,600056.sh,12.14,12.42,12.06,12.31,7850536
2016/9/26,600056.sh,12.30,12.47,11.81,11.85,10426333
2016/9/27,600056.sh,11.90,12.01,11.70,11.91,5316540
2016/9/28,600056.sh,11.99,12.01,11.72,11.79,4281462
2016/9/29,600056.sh,11.80,11.95,11.78,11.82,3706113
2016/9/30,600056.sh,11.89,11.90,11.70,11.81,3997914
2016/10/10,600056.sh,11.82,12.30,11.78,12.21,7709441
2016/10/11,600056.sh,12.22,12.36,12.16,12.25,6791529
2016/10/12,600056.sh,12.24,12.33,12.07,12.14,5876342
2016/10/13,600056.sh,12.14,12.25,12.04,12.14,4869648
2016/10/14,600056.sh,12.14,12.38,12.04,12.37,7123704
2016/10/17,600056.sh,12.38,12.48,12.17,12.29,5445471
2016/10/18,600056.sh,12.29,12.39,12.17,12.33,5021762
2016/10/19,600056.sh,12.38,12.39,12.17,12.23,4558935
2016/10/20,600056.sh,12.27,12.27,11.99,12.16,5281642
2016/10/21,600056.sh,12.14,12.16,11.91,12.05,5994340
2016/10/24,600056.sh,12.07,12.25,12.04,12.14,4865806
2016/10/25,600056.sh,12.10,12.19,12.05,12.11,4913656
2016/10/26,600056.sh,12.14,12.26,12.07,12.17,4845324
2016/10/27,600056.sh,12.17,12.29,12.10,12.22,3666978
2016/10/28,600056.sh,12.24,12.34,12.17,12.19,4610302
2016/10/31,600056.sh,12.51,12.56,12.02,12.38,9794132
2016/11/1,600056.sh,12.38,12.81,12.26,12.79,10362018
2016/11/2,600056.sh,12.75,13.04,12.69,12.73,8433472
2016/11/3,600056.sh,12.71,12.96,12.61,12.67,5745042
2016/11/4,600056.sh,12.67,12.86,12.47,12.51,6771313
2016/11/7,600056.sh,12.51,12.63,12.31,12.61,4929257
2016/11/8,600056.sh,12.62,12.68,12.52,12.63,3795526
2016/11/9,600056.sh,12.60,12.65,12.38,12.47,5411927
2016/11/10,600056.sh,12.55,12.76,12.51,12.71,5265548
2016/11/11,600056.sh,12.71,12.73,11.96,12.13,20465037
2016/11/14,600056.sh,12.08,12.08,11.54,11.64,28289618
2016/11/15,600056.sh,11.64,12.01,11.64,11.91,12910819
2016/11/16,600056.sh,11.94,12.21,11.92,12.02,11692928
2016/11/17,600056.sh,12.11,12.11,11.90,12.02,5553727
2016/11/18,600056.sh,12.02,12.22,12.02,12.13,8654614
2016/11/21,600056.sh,12.14,12.14,11.69,11.79,12398692
2016/11/22,600056.sh,11.79,11.93,11.72,11.79,7299184
2016/11/23,600056.sh,11.84,11.85,11.63,11.66,6382431
2016/11/24,600056.sh,11.65,11.80,11.61,11.69,6574559
2016/11/25,600056.sh,11.69,11.71,11.56,11.70,4904508
2016/11/28,600056.sh,11.72,11.80,11.56,11.62,5846107
2016/11/29,600056.sh,11.63,11.75,11.57,11.63,5893540
2016/11/30,600056.sh,11.63,11.68,11.28,11.36,9052669
2016/12/1,600056.sh,11.36,11.51,11.34,11.45,7774380
2016/12/2,600056.sh,11.45,11.72,11.45,11.53,7264000
2016/12/5,600056.sh,11.33,11.62,11.17,11.28,8722182
2016/12/6,600056.sh,11.31,11.45,11.25,11.31,6826221
2016/12/7,600056.sh,11.24,11.73,11.24,11.69,8038110
2016/12/8,600056.sh,11.68,11.81,11.53,11.60,8125155
2016/12/9,600056.sh,11.59,11.86,11.54,11.71,10031631
2016/12/12,600056.sh,11.56,11.77,11.39,11.41,6205337
2016/12/13,600056.sh,11.34,11.81,11.31,11.80,8567208
2016/12/14,600056.sh,11.80,11.85,11.55,11.57,6404927
2016/12/15,600056.sh,11.57,11.75,11.53,11.63,4865652
2016/12/16,600056.sh,11.64,11.78,11.62,11.78,4734027
2016/12/19,600056.sh,11.78,12.11,11.70,12.05,10208436
2016/12/20,600056.sh,12.06,12.06,11.79,11.87,5492237
2016/12/21,600056.sh,11.82,11.96,11.82,11.89,3749601
2016/12/22,600056.sh,11.99,12.22,11.81,11.90,5914865
2016/12/23,600056.sh,11.80,11.88,11.50,11.54,9466742
2016/12/26,600056.sh,11.54,11.66,11.39,11.65,4134965
2016/12/27,600056.sh,11.71,11.73,11.52,11.53,6469325
2016/12/28,600056.sh,11.49,11.61,11.42,11.45,4426293
2016/12/29,600056.sh,11.46,11.57,11.24,11.32,7613878
2016/12/30,600056.sh,11.39,11.56,11.28,11.56,7899998
2017/1/3,600056.sh,11.56,11.79,11.49,11.73,6428201
2017/1/4,600056.sh,11.73,12.16,11.70,12.04,9886492
2017/1/5,600056.sh,12.04,12.14,11.91,12.00,3469819
2017/1/6,600056.sh,12.00,12.15,11.93,12.02,4230953
2017/1/9,600056.sh,12.08,12.25,12.01,12.20,9002831
2017/1/10,600056.sh,12.19,12.22,12.04,12.10,4906168
2017/1/11,600056.sh,12.02,12.20,11.98,12.08,3301303
2017/1/12,600056.sh,12.02,12.08,11.71,11.77,5096209
2017/1/13,600056.sh,11.77,11.91,11.71,11.89,5028690
2017/1/16,600056.sh,11.84,12.14,11.62,12.01,10402878
2017/1/17,600056.sh,11.91,12.08,11.88,11.96,3677511
2017/1/18,600056.sh,11.99,12.24,11.91,12.18,6011048
2017/1/19,600056.sh,12.17,12.19,12.08,12.16,2862758
2017/1/20,600056.sh,12.08,12.48,12.07,12.40,5061463
2017/1/23,600056.sh,12.56,12.85,12.56,12.69,7250810
2017/1/24,600056.sh,12.73,12.84,12.59,12.73,5639102
2017/1/25,600056.sh,12.75,12.99,12.63,12.96,7110348
2017/1/26,600056.sh,12.95,12.99,12.78,12.89,4004249
2017/2/3,600056.sh,12.87,12.97,12.57,12.66,3545832
2017/2/6,600056.sh,12.65,12.82,12.58,12.73,4364401
2017/2/7,600056.sh,12.71,12.79,12.57,12.67,3736749
2017/2/8,600056.sh,12.67,12.78,12.65,12.76,3857518
2017/2/9,600056.sh,12.75,13.01,12.56,12.69,6850521
2017/2/10,600056.sh,12.74,12.75,12.61,12.67,4891041
2017/2/13,600056.sh,12.81,12.81,12.62,12.75,4585419
2017/2/14,600056.sh,12.75,12.95,12.65,12.92,5257841
2017/2/15,600056.sh,12.91,12.97,12.61,12.66,4935677
2017/2/16,600056.sh,12.58,12.76,12.58,12.68,2789589
2017/2/17,600056.sh,12.81,12.87,12.28,12.34,6083693
2017/2/20,600056.sh,12.36,12.74,12.34,12.59,7599771
2017/2/21,600056.sh,12.57,12.72,12.53,12.65,2686700
2017/2/22,600056.sh,12.70,12.94,12.64,12.93,5671692
2017/2/23,600056.sh,12.93,13.75,12.85,13.55,14158740
2017/2/24,600056.sh,13.52,13.57,13.24,13.40,5604099
2017/2/27,600056.sh,13.30,13.44,13.18,13.30,4513753
2017/2/28,600056.sh,13.24,13.35,13.13,13.28,3304589
2017/3/1,600056.sh,13.28,13.55,13.24,13.44,6465404
2017/3/2,600056.sh,13.45,13.45,13.26,13.31,2096554
2017/3/3,600056.sh,13.32,13.36,13.18,13.32,2630741
2017/3/6,600056.sh,13.27,13.53,13.18,13.32,5134102
2017/3/7,600056.sh,13.29,13.35,13.06,13.10,6569461
2017/3/8,600056.sh,13.12,13.22,13.04,13.18,2817087
2017/3/9,600056.sh,13.18,13.24,12.94,12.99,4744531
2017/3/10,600056.sh,12.96,13.12,12.86,12.88,7126098
2017/3/13,600056.sh,12.95,13.16,12.81,13.15,7010628
2017/3/14,600056.sh,13.15,13.25,13.06,13.19,3973225
2017/3/15,600056.sh,13.19,13.47,13.13,13.41,6855423
2017/3/16,600056.sh,13.47,13.56,13.26,13.36,5769693
2017/3/17,600056.sh,13.36,13.40,13.09,13.15,4094075
2017/3/20,600056.sh,13.13,13.29,13.10,13.27,5113432
2017/3/21,600056.sh,13.26,13.76,13.16,13.75,11335506
2017/3/22,600056.sh,13.68,14.37,13.62,14.10,11329710
2017/3/23,600056.sh,14.08,14.39,13.87,14.04,6822548
2017/3/24,600056.sh,14.09,14.26,13.93,14.18,6145801
2017/3/27,600056.sh,14.15,14.32,13.92,14.06,6173488
2017/3/28,600056.sh,14.15,14.26,13.71,14.20,7804744
2017/3/29,600056.sh,14.09,14.32,13.91,13.97,5539079
2017/3/30,600056.sh,13.98,14.09,13.72,13.94,5965648
2017/3/31,600056.sh,13.97,14.45,13.97,14.35,8548008
2017/4/5,600056.sh,14.18,14.67,14.18,14.55,8184373
2017/4/6,600056.sh,14.54,14.69,14.34,14.52,8342703
2017/4/7,600056.sh,14.42,14.51,14.33,14.35,7069714
2017/4/10,600056.sh,14.38,14.38,13.89,14.03,8934323
2017/4/11,600056.sh,14.00,14.22,13.84,14.14,6712446
2017/4/12,600056.sh,14.14,14.20,14.03,14.11,3092719
2017/4/13,600056.sh,14.14,14.49,14.08,14.41,4821305
2017/4/14,600056.sh,14.33,14.49,14.14,14.28,4619268
2017/4/17,600056.sh,14.28,14.34,14.09,14.23,3328379
2017/4/18,600056.sh,14.23,14.58,14.11,14.57,8750154
2017/4/19,600056.sh,14.54,14.74,14.33,14.63,7393308
2017/4/20,600056.sh,14.59,14.97,14.55,14.89,10546256
2017/4/21,600056.sh,14.87,14.96,14.66,14.81,6020277
2017/4/24,600056.sh,14.59,14.69,14.14,14.52,6085894
2017/4/25,600056.sh,14.54,14.66,14.36,14.62,5074148
2017/4/26,600056.sh,14.60,15.23,14.46,14.83,8241278
2017/4/27,600056.sh,14.81,15.15,14.42,15.13,6330604
2017/4/28,600056.sh,15.06,15.15,14.79,14.87,6263955
2017/5/2,600056.sh,14.73,14.93,14.70,14.83,4735891
2017/5/3,600056.sh,14.83,14.83,14.57,14.64,5511635
2017/5/4,600056.sh,14.59,14.89,14.54,14.86,4859746
2017/5/5,600056.sh,14.86,14.99,14.74,14.90,4762741
2017/5/8,600056.sh,14.82,14.82,14.09,14.35,9641628
2017/5/9,600056.sh,14.32,14.39,13.92,14.31,6646226
2017/5/10,600056.sh,14.29,14.62,14.22,14.45,4940473
2017/5/11,600056.sh,14.42,14.74,14.31,14.74,5965712
2017/5/12,600056.sh,14.74,14.86,14.63,14.69,2295754
2017/5/15,600056.sh,14.75,15.32,14.69,15.28,7534190
2017/5/16,600056.sh,15.24,15.45,15.02,15.36,6634449
2017/5/17,600056.sh,15.36,15.58,15.25,15.47,6178020
2017/5/18,600056.sh,15.38,15.59,15.12,15.22,5152740
2017/5/19,600056.sh,15.29,15.36,15.03,15.31,4652360
2017/5/22,600056.sh,15.18,15.53,15.16,15.52,3327029
2017/5/23,600056.sh,15.60,15.71,15.30,15.53,4477936
2017/5/24,600056.sh,15.39,15.45,14.97,15.25,6055392
2017/5/25,600056.sh,15.18,15.36,15.03,15.18,5115536
2017/5/26,600056.sh,15.18,15.30,14.93,15.09,5166194
2017/5/31,600056.sh,15.17,15.27,15.03,15.23,4767766
2017/6/1,600056.sh,15.27,15.27,15.09,15.20,4345062
2017/6/2,600056.sh,15.18,15.22,14.40,14.82,10493184
2017/6/5,600056.sh,14.76,14.79,14.52,14.66,6740132
2017/6/6,600056.sh,14.63,14.97,14.57,14.96,5775229
2017/6/7,600056.sh,15.02,15.45,14.88,15.30,7394672
2017/6/8,600056.sh,15.36,15.68,15.36,15.60,7496455
2017/6/9,600056.sh,15.61,15.78,15.51,15.59,4778132
2017/6/12,600056.sh,15.49,15.85,15.48,15.84,6883479
2017/6/13,600056.sh,15.77,15.84,15.59,15.74,3883688
2017/6/14,600056.sh,15.76,15.76,15.25,15.34,5150564
2017/6/15,600056.sh,15.27,15.40,15.06,15.32,6335111
2017/6/16,600056.sh,15.31,15.32,15.14,15.22,3651797
2017/6/19,600056.sh,15.19,15.60,15.19,15.60,4302659
2017/6/20,600056.sh,15.61,15.68,15.40,15.47,3865252
2017/6/21,600056.sh,15.50,15.71,15.33,15.69,5041549
2017/6/22,600056.sh,15.68,15.69,15.32,15.32,6241906
2017/6/23,600056.sh,15.29,15.45,15.13,15.36,6114517
2017/6/26,600056.sh,15.34,15.86,15.27,15.84,9093893
2017/6/27,600056.sh,15.78,15.86,15.59,15.83,5664265
2017/6/28,600056.sh,15.76,15.81,15.57,15.61,3107137
2017/6/29,600056.sh,15.59,16.03,15.56,15.94,8038674
2017/6/30,600056.sh,15.91,16.03,15.71,15.92,5771908
2017/7/3,600056.sh,15.89,16.10,15.78,15.82,6269903
2017/7/4,600056.sh,15.71,15.83,15.34,15.68,5317339
2017/7/5,600056.sh,15.65,16.07,15.59,16.04,6951167
2017/7/6,600056.sh,16.05,16.07,15.66,15.90,5478208
2017/7/7,600056.sh,15.79,15.91,15.64,15.73,3633848
2017/7/10,600056.sh,15.71,15.71,14.95,15.28,13761576
2017/7/11,600056.sh,15.22,15.43,15.02,15.25,5579053
2017/7/12,600056.sh,15.24,15.40,15.05,15.25,3438337
2017/7/13,600056.sh,15.24,15.46,15.16,15.35,3381449
2017/7/14,600056.sh,15.34,15.40,15.22,15.26,2332403
2017/7/17,600056.sh,15.21,15.30,14.55,14.98,6106709
2017/7/18,600056.sh,14.88,15.12,14.77,14.97,3377305
2017/7/19,600056.sh,14.88,15.00,14.74,14.99,3594257
2017/7/20,600056.sh,15.00,15.13,14.84,15.05,4244586
2017/7/21,600056.sh,14.99,15.25,14.94,15.05,3932128
2017/7/24,600056.sh,15.06,15.13,14.91,15.09,3658119
2017/7/25,600056.sh,15.09,15.24,14.98,15.21,3363506
2017/7/26,600056.sh,15.11,15.22,14.74,15.00,4385563
2017/7/27,600056.sh,14.94,14.94,14.55,14.77,6454521
2017/7/28,600056.sh,14.76,14.84,14.70,14.77,3792158
2017/7/31,600056.sh,14.77,14.89,14.61,14.84,3276023
2017/8/1,600056.sh,14.81,14.85,14.70,14.72,4137329
2017/8/2,600056.sh,14.73,14.78,14.54,14.58,4451631
2017/8/3,600056.sh,14.55,14.65,14.35,14.51,5004392
2017/8/4,600056.sh,14.42,14.60,14.41,14.44,3293796
2017/8/7,600056.sh,14.49,15.00,14.49,14.95,8503853
2017/8/8,600056.sh,14.96,15.40,14.96,15.27,7521413
2017/8/9,600056.sh,15.27,15.33,15.07,15.25,4350158
2017/8/10,600056.sh,15.22,15.41,15.05,15.26,4159221
2017/8/11,600056.sh,15.28,15.57,15.14,15.25,5146728
2017/8/14,600056.sh,15.31,15.62,15.29,15.41,5541703
2017/8/15,600056.sh,15.30,15.40,15.14,15.15,3384357
2017/8/16,600056.sh,15.18,15.45,15.09,15.43,4850726
2017/8/17,600056.sh,15.35,15.70,15.35,15.51,5182516
2017/8/18,600056.sh,15.46,15.59,15.29,15.45,3588338
2017/8/21,600056.sh,15.45,15.56,15.27,15.28,4454808
2017/8/22,600056.sh,15.28,15.41,15.17,15.29,2737292
2017/8/23,600056.sh,15.24,15.33,15.03,15.10,3211978
2017/8/24,600056.sh,15.21,15.23,14.95,15.02,2827374
2017/8/25,600056.sh,15.02,15.12,14.90,15.02,4717472
2017/8/28,600056.sh,15.02,15.27,14.92,15.21,7090770
2017/8/29,600056.sh,15.21,15.24,14.61,14.73,7684625
2017/8/30,600056.sh,14.74,14.82,14.48,14.63,7859264
2017/8/31,600056.sh,14.63,14.73,14.55,14.69,4049699
2017/9/1,600056.sh,14.63,14.69,14.39,14.51,7079357
2017/9/4,600056.sh,14.44,14.72,14.44,14.70,5181038
2017/9/5,600056.sh,14.60,14.79,14.35,14.44,8126875
2017/9/6,600056.sh,14.42,14.51,13.99,14.10,12914911
2017/9/7,600056.sh,14.10,14.22,14.08,14.14,6110823
2017/9/8,600056.sh,14.14,14.49,14.12,14.48,7074621
2017/9/11,600056.sh,14.55,14.73,14.33,14.42,4573286
2017/9/12,600056.sh,14.39,14.55,14.26,14.32,3500288
2017/9/13,600056.sh,14.32,14.39,14.08,14.27,4153117
2017/9/14,600056.sh,14.27,14.45,14.17,14.44,3905934
2017/9/15,600056.sh,14.42,14.63,14.33,14.54,5507445
2017/9/18,600056.sh,14.54,14.63,14.44,14.55,3455723
2017/9/19,600056.sh,14.60,14.65,14.42,14.43,2801131
2017/9/20,600056.sh,14.47,14.48,14.27,14.38,4098665
2017/9/21,600056.sh,14.45,14.46,14.16,14.28,3710517
2017/9/22,600056.sh,14.26,14.42,14.26,14.39,3498594
2017/9/25,600056.sh,14.40,14.91,14.34,14.76,7472679
2017/9/26,600056.sh,14.77,14.85,14.63,14.78,3644094
2017/9/27,600056.sh,14.79,14.86,14.59,14.70,3656169
2017/9/28,600056.sh,14.70,14.82,14.67,14.72,2952222
2017/9/29,600056.sh,14.75,15.09,14.75,15.01,5761339
2017/10/9,600056.sh,15.08,15.49,15.08,15.19,6217293
2017/10/10,600056.sh,15.19,15.39,15.09,15.35,5332091
2017/10/11,600056.sh,15.39,15.75,15.25,15.60,8927553
2017/10/12,600056.sh,15.66,15.71,15.48,15.61,2740995
2017/10/13,600056.sh,15.59,15.63,15.18,15.50,5366782
2017/10/16,600056.sh,15.46,15.46,15.13,15.30,4491188
2017/10/17,600056.sh,15.25,15.37,15.22,15.30,3295797
2017/10/18,600056.sh,15.22,16.08,15.22,15.94,11115978
2017/10/19,600056.sh,15.92,16.30,15.88,16.16,8496622
2017/10/20,600056.sh,16.23,16.23,15.97,16.05,3356928
2017/10/23,600056.sh,16.00,16.72,16.00,16.70,9397640
2017/10/24,600056.sh,16.69,16.75,16.50,16.73,4850251
2017/10/25,600056.sh,16.73,16.76,16.49,16.71,4836110
2017/10/26,600056.sh,16.63,16.98,16.42,16.67,5863969
2017/10/27,600056.sh,16.67,16.72,16.36,16.69,5599264
2017/10/30,600056.sh,16.58,17.33,16.51,17.16,8915353
2017/10/31,600056.sh,17.03,17.17,16.57,16.92,5950749
2017/11/1,600056.sh,16.90,16.92,16.53,16.67,5272473
2017/11/2,600056.sh,16.64,16.65,16.32,16.54,4847383
2017/11/3,600056.sh,16.54,16.70,15.77,15.90,7036253
2017/11/6,600056.sh,16.01,17.48,15.81,17.44,12518322
2017/11/7,600056.sh,17.52,17.95,17.16,17.44,11231930
2017/11/8,600056.sh,17.59,17.61,16.95,17.11,7327882
2017/11/9,600056.sh,17.21,17.43,16.54,17.21,12000871
2017/11/10,600056.sh,17.03,17.31,16.77,17.14,10072985
2017/11/13,600056.sh,17.18,17.18,16.73,16.85,7838211
2017/11/14,600056.sh,16.80,17.22,16.75,16.79,8243695
2017/11/15,600056.sh,16.77,16.84,16.26,16.59,8605057
2017/11/16,600056.sh,16.57,17.05,16.29,16.97,9555243
2017/11/17,600056.sh,17.00,17.03,16.45,16.60,7951030
2017/11/20,600056.sh,16.44,17.40,16.44,17.28,7015076
2017/11/21,600056.sh,17.20,17.54,17.08,17.21,8262416
2017/11/22,600056.sh,17.21,17.27,16.36,16.60,10556724
2017/11/23,600056.sh,16.56,16.56,15.71,15.79,9902060
2017/11/24,600056.sh,15.70,15.92,15.43,15.70,5269594
2017/11/27,600056.sh,15.68,15.90,15.28,15.57,3866562
2017/11/28,600056.sh,15.59,15.74,15.38,15.56,5086549
2017/11/29,600056.sh,15.60,15.67,15.07,15.24,7383283
2017/11/30,600056.sh,15.13,15.20,14.92,14.99,4759550
2017/12/1,600056.sh,14.99,15.21,14.94,15.06,3313111
2017/12/4,600056.sh,15.02,15.42,14.99,15.24,5137806
2017/12/5,600056.sh,15.25,15.40,14.96,14.98,4690762
2017/12/6,600056.sh,14.98,15.12,14.44,14.83,6200027
2017/12/7,600056.sh,14.76,14.86,14.42,14.49,6185126
2017/12/8,600056.sh,14.54,14.76,14.51,14.61,4728828
2017/12/11,600056.sh,14.70,15.68,14.70,15.63,13067365
2017/12/12,600056.sh,15.62,15.62,15.03,15.26,5026153
2017/12/13,600056.sh,15.33,15.49,15.23,15.34,3934250
2017/12/14,600056.sh,15.35,15.48,15.14,15.41,3379373
2017/12/15,600056.sh,15.33,15.67,15.28,15.59,4949640
2017/12/18,600056.sh,15.59,15.75,15.33,15.63,3718852
2017/12/19,600056.sh,15.53,16.00,15.51,15.90,5854963
2017/12/20,600056.sh,15.95,15.98,15.73,15.89,3465714
2017/12/21,600056.sh,15.87,16.13,15.76,16.00,4103124
2017/12/22,600056.sh,16.00,16.24,15.81,15.87,4069122
2017/12/25,600056.sh,15.84,15.85,15.47,15.64,4675659
2017/12/26,600056.sh,15.60,15.65,15.42,15.52,4150732
2017/12/27,600056.sh,15.59,15.59,14.90,14.97,7338518
2017/12/28,600056.sh,14.91,15.22,14.84,15.14,6507134
2017/12/29,600056.sh,15.21,15.45,14.99,15.27,4528122
2018/1/2,600056.sh,15.29,15.45,15.21,15.24,5429158
2018/1/3,600056.sh,15.30,15.54,15.21,15.48,8070672
2018/1/4,600056.sh,15.48,16.00,15.46,15.79,8904788
2018/1/5,600056.sh,15.78,15.93,15.60,15.76,4572003
2018/1/8,600056.sh,15.65,16.08,15.51,16.07,7573564
2018/1/9,600056.sh,16.04,16.04,15.58,15.81,11421717
2018/1/10,600056.sh,15.71,15.72,15.00,15.10,18025530
2018/1/11,600056.sh,15.15,15.18,14.92,15.10,6418694
2018/1/12,600056.sh,15.10,15.15,14.89,14.95,7083762
2018/1/15,600056.sh,14.98,14.98,14.16,14.32,19603523
2018/1/16,600056.sh,14.30,14.63,14.30,14.46,8818722
2018/1/17,600056.sh,14.51,14.59,14.28,14.40,6057483
2018/1/18,600056.sh,14.39,14.46,14.08,14.13,9839552
2018/1/19,600056.sh,14.16,14.20,13.49,13.82,26619583
2018/1/22,600056.sh,13.76,13.90,13.50,13.87,13521035
2018/1/23,600056.sh,13.82,13.92,13.71,13.80,7892858
2018/1/24,600056.sh,13.84,13.86,13.61,13.81,13053988
2018/1/25,600056.sh,13.81,14.17,13.75,14.14,14621372
2018/1/26,600056.sh,14.15,14.28,13.99,14.08,10044088
2018/1/29,600056.sh,14.08,14.22,13.63,13.75,10794399
2018/1/30,600056.sh,13.65,13.92,13.62,13.71,6712161
2018/1/31,600056.sh,13.66,13.92,13.63,13.83,8059575
2018/2/1,600056.sh,13.84,13.97,13.51,13.61,8777498
2018/2/2,600056.sh,13.54,13.61,12.90,13.04,17475227
2018/2/5,600056.sh,12.89,13.51,12.76,13.40,11467382
2018/2/6,600056.sh,13.19,13.65,13.09,13.22,9085411
2018/2/7,600056.sh,13.43,13.49,12.58,12.74,11909451
2018/2/8,600056.sh,12.71,13.04,12.71,12.93,6075271
2018/2/9,600056.sh,12.64,12.64,11.83,12.35,11063674
2018/2/12,600056.sh,12.36,12.79,12.22,12.72,7873754
2018/2/13,600056.sh,12.85,13.34,12.73,13.28,9427719
2018/2/14,600056.sh,13.24,13.49,13.07,13.40,5640466
2018/2/22,600056.sh,13.74,13.74,13.36,13.41,6359120
2018/2/23,600056.sh,13.46,13.55,13.38,13.43,3631573
2018/2/26,600056.sh,13.44,13.49,13.33,13.48,8896428
2018/2/27,600056.sh,13.52,14.07,13.44,13.94,14751001
2018/2/28,600056.sh,13.87,14.17,13.66,13.92,8582466
2018/3/1,600056.sh,13.96,14.11,13.84,14.03,6623091
2018/3/2,600056.sh,13.92,14.11,13.88,13.98,4314589
2018/3/5,600056.sh,14.04,14.09,13.81,14.00,4648265
2018/3/6,600056.sh,14.02,14.74,13.94,14.48,12493517
2018/3/7,600056.sh,14.60,14.68,14.39,14.50,4907901
2018/3/8,600056.sh,14.46,14.89,14.33,14.76,8153664
2018/3/9,600056.sh,14.77,15.03,14.73,14.84,6088592
2018/3/12,600056.sh,14.89,15.02,14.62,14.94,7420941
2018/3/13,600056.sh,14.85,14.85,14.46,14.54,5532678
2018/3/14,600056.sh,14.53,14.62,14.15,14.25,5734689
2018/3/15,600056.sh,14.16,14.42,14.13,14.32,4359592
2018/3/16,600056.sh,14.32,14.54,14.23,14.24,3448767
2018/3/19,600056.sh,14.21,14.36,13.87,14.28,4749093
2018/3/20,600056.sh,14.18,14.95,14.11,14.94,11399743
2018/3/21,600056.sh,14.94,15.06,14.67,14.70,9938531
2018/3/22,600056.sh,14.70,14.84,14.41,14.59,5196570
2018/3/23,600056.sh,13.94,14.31,13.47,13.71,9008278
2018/3/26,600056.sh,13.44,14.13,13.41,13.92,6030783
2018/3/27,600056.sh,14.04,14.42,14.04,14.33,6880039
2018/3/28,600056.sh,14.19,14.57,14.10,14.30,5272656
2018/3/29,600056.sh,14.30,14.46,14.09,14.18,6297100
2018/3/30,600056.sh,14.20,14.74,14.20,14.59,8460415
2018/4/2,600056.sh,14.72,15.08,14.66,14.89,9499867
2018/4/3,600056.sh,14.73,15.06,14.49,14.73,8273887
2018/4/4,600056.sh,15.03,15.27,14.57,14.70,11254104
2018/4/9,600056.sh,14.73,15.27,14.73,15.19,12808711
2018/4/10,600056.sh,15.13,15.48,15.08,15.27,9298392
2018/4/11,600056.sh,15.28,15.30,14.91,15.20,13281040
2018/4/12,600056.sh,14.85,15.12,14.72,14.87,8495735
2018/4/13,600056.sh,15.06,15.15,14.67,14.78,7226367
2018/4/16,600056.sh,14.82,14.82,13.30,13.47,33452355
2018/4/17,600056.sh,13.32,13.40,12.78,12.95,23670173
2018/4/18,600056.sh,13.01,13.04,12.30,12.62,17747843
2018/4/19,600056.sh,12.63,12.79,12.55,12.73,10824938
2018/4/20,600056.sh,12.70,13.00,12.60,12.78,10319307
2018/4/23,600056.sh,12.76,12.78,12.31,12.56,9511615
2018/4/24,600056.sh,12.48,12.95,12.48,12.86,8837293
2018/4/25,600056.sh,12.82,13.11,12.76,13.06,6248206
2018/4/26,600056.sh,13.09,13.10,12.71,12.76,5003942
2018/4/27,600056.sh,12.74,12.96,12.46,12.55,8176489
2018/5/2,600056.sh,12.88,12.98,12.59,12.63,14614477
2018/5/3,600056.sh,12.70,12.77,12.35,12.75,12648835
2018/5/4,600056.sh,12.71,13.05,12.58,12.92,12771182
2018/5/7,600056.sh,12.98,13.36,12.83,13.30,14193523
2018/5/8,600056.sh,13.30,13.39,13.22,13.33,8903856
2018/5/9,600056.sh,13.35,13.46,13.19,13.39,6065684
2018/5/10,600056.sh,13.38,13.57,13.30,13.57,9967836
2018/5/11,600056.sh,13.62,13.71,13.25,13.31,10385000
2018/5/14,600056.sh,13.22,13.41,13.15,13.40,7253313
2018/5/15,600056.sh,13.38,13.54,13.28,13.51,8805684
2018/5/16,600056.sh,13.53,14.11,13.41,13.89,17636738
2018/5/17,600056.sh,13.94,13.98,13.57,13.63,9043614
2018/5/18,600056.sh,13.61,13.67,13.39,13.63,6910106
2018/5/21,600056.sh,13.75,13.85,13.59,13.78,7955207
2018/5/22,600056.sh,13.78,13.95,13.74,13.86,7312472
2018/5/23,600056.sh,13.89,14.04,13.51,13.55,8932158
2018/5/24,600056.sh,13.49,13.87,13.49,13.73,10712141
2018/5/25,600056.sh,13.76,13.90,13.62,13.69,8585015
2018/5/28,600056.sh,13.70,13.87,13.52,13.80,7712712
2018/5/29,600056.sh,13.81,14.32,13.55,13.62,20856183
2018/5/30,600056.sh,13.46,13.82,12.89,13.59,11379961
2018/5/31,600056.sh,13.68,13.98,13.62,13.84,12699414
2018/6/1,600056.sh,13.90,13.94,13.41,13.44,11042048
2018/6/4,600056.sh,13.45,13.54,12.98,13.14,11302341
2018/6/5,600056.sh,13.14,13.29,13.08,13.25,9981580
2018/6/6,600056.sh,13.22,13.27,13.02,13.12,9316946
2018/6/7,600056.sh,13.13,13.18,12.73,12.80,11060474
2018/6/8,600056.sh,12.75,12.90,12.67,12.74,6472698
2018/6/11,600056.sh,12.75,12.81,12.27,12.35,11228068
2018/6/12,600056.sh,12.36,12.50,12.03,12.47,12077302
2018/6/13,600056.sh,12.40,12.54,12.33,12.37,8749455
2018/6/14,600056.sh,12.51,12.72,12.27,12.35,10346051
2018/6/15,600056.sh,12.43,12.51,12.11,12.36,9129543
2018/6/19,600056.sh,12.18,12.34,11.64,11.90,12628451
2018/6/20,600056.sh,11.87,12.15,11.64,11.95,7213483
2018/6/21,600056.sh,11.97,12.08,11.75,11.83,6999418
2018/6/22,600056.sh,11.80,11.91,11.62,11.86,6181495
2018/6/25,600056.sh,11.93,12.00,11.31,11.33,10074332
2018/6/26,600056.sh,11.24,11.54,11.15,11.49,7849158
2018/6/27,600056.sh,11.45,11.57,11.17,11.26,6405385
2018/6/28,600056.sh,11.21,11.40,11.09,11.10,4548032
2018/6/29,600056.sh,11.17,11.46,11.09,11.41,7405049
2018/7/2,600056.sh,11.50,11.54,11.14,11.18,6908044
2018/7/3,600056.sh,11.15,11.41,10.77,11.17,8101963
2018/7/4,600056.sh,11.15,11.15,10.80,10.82,6426373
2018/7/5,600056.sh,10.83,10.90,9.81,9.84,21484921
2018/7/6,600056.sh,9.90,10.47,9.88,10.25,15479196
2018/7/9,600056.sh,10.25,10.90,10.23,10.86,13157458
2018/7/10,600056.sh,10.97,11.43,10.92,11.25,13148885
2018/7/11,600056.sh,10.93,11.40,10.86,11.36,13566065
2018/7/12,600056.sh,11.31,11.78,11.25,11.70,13007936
2018/7/13,600056.sh,11.68,11.98,11.65,11.83,10189803
2018/7/16,600056.sh,11.78,11.91,11.63,11.83,6033554
2018/7/17,600056.sh,11.82,11.82,11.35,11.65,9602986
2018/7/18,600056.sh,11.78,11.91,11.47,11.62,7574088
2018/7/19,600056.sh,11.68,11.73,11.44,11.57,6804037
2018/7/20,600056.sh,11.50,11.73,11.43,11.71,7094941
2018/7/23,600056.sh,11.50,11.50,11.06,11.40,13388119
2018/7/24,600056.sh,11.40,12.23,11.28,12.08,15115141
2018/7/25,600056.sh,11.95,12.15,11.88,12.03,9004665
2018/7/26,600056.sh,11.99,12.13,11.80,11.83,7648612
2018/7/27,600056.sh,11.86,11.89,11.54,11.78,5697248
2018/7/30,600056.sh,11.71,11.79,11.31,11.42,6997387
2018/7/31,600056.sh,11.31,11.56,11.31,11.47,4496855
2018/8/1,600056.sh,11.56,11.67,11.14,11.17,6301608
2018/8/2,600056.sh,11.14,11.28,10.72,10.98,6844039
2018/8/3,600056.sh,10.90,11.04,10.43,10.48,10220947
2018/8/6,600056.sh,10.48,10.73,10.25,10.40,7513343
2018/8/7,600056.sh,10.50,10.84,10.31,10.78,9485490
2018/8/8,600056.sh,10.72,10.78,10.50,10.52,5558290
2018/8/9,600056.sh,10.47,11.02,10.35,10.96,8663801
2018/8/10,600056.sh,10.90,11.10,10.82,10.95,7454086
2018/8/13,600056.sh,10.75,10.83,10.52,10.78,10192981
2018/8/14,600056.sh,10.78,10.87,10.65,10.68,5533276
2018/8/15,600056.sh,10.71,10.75,10.30,10.37,7934168
2018/8/16,600056.sh,10.22,10.37,10.12,10.17,7500247
2018/8/17,600056.sh,10.29,10.33,9.93,9.98,7091985
2018/8/20,600056.sh,9.93,10.02,9.56,9.81,11900208
2018/8/21,600056.sh,9.82,10.40,9.77,10.40,12751432
2018/8/22,600056.sh,10.28,10.33,10.12,10.20,6782812
2018/8/23,600056.sh,10.17,10.28,10.03,10.18,5901978
2018/8/24,600056.sh,10.15,10.32,10.06,10.19,5000469
2018/8/27,600056.sh,10.25,10.88,10.25,10.75,12919785
2018/8/28,600056.sh,10.75,10.89,10.63,10.80,10284082
2018/8/29,600056.sh,10.82,10.97,10.73,10.84,7131712
2018/8/30,600056.sh,10.83,10.93,10.59,10.65,7057484
2018/8/31,600056.sh,10.56,10.67,10.45,10.53,6318778
2018/9/3,600056.sh,10.53,10.67,10.32,10.64,6294010
2018/9/4,600056.sh,10.67,10.82,10.55,10.75,7879476
2018/9/5,600056.sh,10.70,10.75,10.45,10.45,5765068
2018/9/6,600056.sh,10.47,10.65,10.35,10.45,5852746
2018/9/7,600056.sh,10.43,10.78,10.43,10.53,7501634
2018/9/10,600056.sh,10.50,10.53,10.32,10.40,5249127
2018/9/11,600056.sh,10.40,10.55,10.25,10.36,4714724
2018/9/12,600056.sh,10.37,10.43,10.26,10.32,4736549
2018/9/13,600056.sh,10.43,10.48,9.76,9.97,13949924
2018/9/14,600056.sh,9.87,9.94,9.72,9.80,7856732
2018/9/17,600056.sh,9.75,9.79,9.61,9.62,5651626
2018/9/18,600056.sh,9.63,9.87,9.56,9.83,6470942
2018/9/19,600056.sh,9.77,10.13,9.75,10.01,9144189
2018/9/20,600056.sh,9.98,10.04,9.92,9.97,4452757
2018/9/21,600056.sh,10.00,10.33,9.95,10.27,8134540
2018/9/25,600056.sh,10.18,10.24,10.13,10.19,5123545
2018/9/26,600056.sh,10.17,10.53,10.16,10.32,8880168
2018/9/27,600056.sh,10.30,10.47,10.27,10.34,5590628
2018/9/28,600056.sh,10.35,10.56,10.32,10.51,6420838
2018/10/8,600056.sh,10.33,10.33,9.93,10.03,6546561
2018/10/9,600056.sh,10.08,10.10,9.92,9.98,4248923
2018/10/10,600056.sh,9.97,10.09,9.82,9.98,3563224
2018/10/11,600056.sh,9.65,9.75,9.36,9.42,10922192
2018/10/12,600056.sh,9.34,9.45,9.03,9.29,7552937
2018/10/15,600056.sh,9.34,9.45,9.10,9.17,7365834
2018/10/16,600056.sh,9.15,9.25,8.88,8.93,7501734
2018/10/17,600056.sh,9.10,9.15,8.87,9.06,5625662
2018/10/18,600056.sh,9.03,9.05,8.84,8.92,4794228
2018/10/19,600056.sh,8.82,9.22,8.82,9.16,6563830
2018/10/22,600056.sh,9.23,9.72,9.22,9.53,10883938
2018/10/23,600056.sh,9.53,9.65,9.32,9.44,8058980
2018/10/24,600056.sh,9.37,9.59,9.33,9.43,4872235
2018/10/25,600056.sh,9.18,9.47,9.13,9.38,4687759
2018/10/26,600056.sh,9.46,9.60,9.35,9.47,4706225
2018/10/29,600056.sh,9.37,9.37,8.54,8.59,22514533
2018/10/30,600056.sh,8.57,8.79,8.48,8.72,11324524
2018/10/31,600056.sh,8.74,9.02,8.72,8.92,11768160
2018/11/1,600056.sh,8.96,9.20,8.95,9.00,11476129
2018/11/2,600056.sh,9.20,9.28,9.05,9.24,18356135
2018/11/5,600056.sh,9.22,9.23,8.97,9.10,16014738
2018/11/6,600056.sh,9.05,9.07,8.87,9.04,9508322
2018/11/7,600056.sh,9.04,9.15,8.95,9.00,9679162
2018/11/8,600056.sh,9.07,9.10,8.85,8.91,9344535
2018/11/9,600056.sh,8.85,8.90,8.78,8.85,5015318
2018/11/12,600056.sh,8.86,9.11,8.76,9.10,9760969
2018/11/13,600056.sh,9.00,9.32,8.98,9.30,18887196
2018/11/14,600056.sh,9.24,9.51,9.22,9.37,15231710
2018/11/15,600056.sh,9.31,9.40,9.28,9.40,11899133
2018/11/16,600056.sh,9.42,9.52,9.33,9.51,12051154
2018/11/19,600056.sh,9.43,9.48,9.34,9.44,8561043
2018/11/20,600056.sh,9.36,9.42,9.05,9.07,11745585
2018/11/21,600056.sh,8.97,9.20,8.91,9.17,9401710
2018/11/22,600056.sh,9.20,9.29,9.13,9.25,7396505
2018/11/23,600056.sh,9.23,9.23,8.92,8.94,7892587
2018/11/26,600056.sh,8.95,8.97,8.80,8.83,6041253
2018/11/27,600056.sh,8.91,8.95,8.78,8.84,4013950
2018/11/28,600056.sh,8.85,8.93,8.72,8.91,5803459
2018/11/29,600056.sh,8.98,9.00,8.73,8.75,7124582
2018/11/30,600056.sh,8.75,8.83,8.68,8.82,6987639
2018/12/3,600056.sh,9.02,9.19,8.97,9.13,13663463
2018/12/4,600056.sh,9.12,9.29,9.10,9.27,11330619
2018/12/5,600056.sh,9.12,9.40,9.09,9.32,12954560
2018/12/6,600056.sh,9.25,9.30,8.88,8.90,14182873
2018/12/7,600056.sh,8.81,8.81,8.45,8.53,24798539
2018/12/10,600056.sh,8.39,8.39,8.12,8.13,17682988
2018/12/11,600056.sh,8.17,8.20,8.05,8.19,11576754
2018/12/12,600056.sh,8.22,8.22,8.07,8.13,6336694
2018/12/13,600056.sh,8.13,8.30,8.10,8.22,11210618
2018/12/14,600056.sh,8.21,8.23,8.10,8.11,7102988
2018/12/17,600056.sh,8.04,8.10,7.88,8.01,7875304
2018/12/18,600056.sh,7.96,8.08,7.93,8.03,5559248
2018/12/19,600056.sh,8.03,8.05,7.92,7.93,4527093
2018/12/20,600056.sh,7.92,8.00,7.89,7.98,3392556
2018/12/21,600056.sh,7.95,7.99,7.88,7.95,3774880
2018/12/24,600056.sh,7.90,8.04,7.89,8.03,4098010
2018/12/25,600056.sh,7.93,7.97,7.73,7.89,6224898
2018/12/26,600056.sh,7.87,7.92,7.78,7.80,4506593
2018/12/27,600056.sh,7.92,7.92,7.78,7.80,5232632
2018/12/28,600056.sh,7.83,7.90,7.80,7.85,4589975
2019/1/2,600056.sh,7.85,7.90,7.49,7.54,8829772
2019/1/3,600056.sh,7.54,7.62,7.50,7.52,4519327
2019/1/4,600056.sh,7.47,7.72,7.42,7.72,6473823
2019/1/7,600056.sh,7.75,7.85,7.73,7.81,6129492
2019/1/8,600056.sh,7.78,7.83,7.72,7.75,3954874
2019/1/9,600056.sh,7.77,7.97,7.77,7.82,7182692
2019/1/10,600056.sh,7.83,7.92,7.79,7.83,4495411
2019/1/11,600056.sh,7.83,7.90,7.73,7.81,5242077
2019/1/14,600056.sh,7.82,7.86,7.75,7.78,3491158
2019/1/15,600056.sh,7.78,7.95,7.72,7.95,5830561
2019/1/16,600056.sh,7.94,8.02,7.92,7.97,5678940
2019/1/17,600056.sh,7.97,8.02,7.87,7.88,4467845
2019/1/18,600056.sh,7.84,8.13,7.84,8.09,10188114
2019/1/21,600056.sh,8.12,8.23,8.05,8.10,8468048
2019/1/22,600056.sh,8.10,8.10,7.93,7.97,5998999
2019/1/23,600056.sh,7.94,7.99,7.85,7.92,4673655
2019/1/24,600056.sh,7.92,7.97,7.85,7.92,4555499
2019/1/25,600056.sh,7.95,8.02,7.90,7.92,5252615
2019/1/28,600056.sh,7.96,7.99,7.82,7.85,5656926
2019/1/29,600056.sh,7.85,7.85,7.59,7.72,6912649
2019/1/30,600056.sh,7.66,7.74,7.62,7.65,3834667
2019/1/31,600056.sh,7.63,7.74,7.62,7.66,4954096
2019/2/1,600056.sh,7.70,7.94,7.68,7.92,7550204
2019/2/11,600056.sh,7.63,7.98,7.52,7.96,37054270
2019/2/12,600056.sh,7.93,8.38,7.88,8.35,34148835
2019/2/13,600056.sh,8.37,8.46,8.25,8.43,23654037
2019/2/14,600056.sh,8.37,8.52,8.35,8.45,15571285
2019/2/15,600056.sh,8.43,8.55,8.36,8.52,16248525
2019/2/18,600056.sh,8.55,8.88,8.55,8.82,21747808
2019/2/19,600056.sh,8.82,8.91,8.60,8.72,18491226
2019/2/20,600056.sh,8.68,8.80,8.58,8.77,15047118
2019/2/21,600056.sh,8.78,8.83,8.60,8.64,13600560
2019/2/22,600056.sh,8.63,8.78,8.53,8.74,12704069
2019/2/25,600056.sh,8.75,9.45,8.75,9.45,31577356
2019/2/26,600056.sh,9.47,9.87,9.28,9.52,29014435
2019/2/27,600056.sh,9.52,9.69,9.30,9.43,17952057
2019/2/28,600056.sh,9.43,9.67,9.40,9.52,14213603
2019/3/1,600056.sh,9.57,9.65,9.38,9.56,13623137
2019/3/4,600056.sh,9.70,9.97,9.58,9.68,23880953
2019/3/5,600056.sh,9.63,9.77,9.59,9.73,16853425
2019/3/6,600056.sh,9.71,9.86,9.64,9.75,23744273
2019/3/7,600056.sh,9.76,9.77,9.55,9.63,23373135
2019/3/8,600056.sh,9.47,9.52,9.12,9.17,23272301
2019/3/11,600056.sh,9.28,9.47,9.25,9.47,17906835
2019/3/12,600056.sh,9.51,9.67,9.38,9.52,23458992
2019/3/13,600056.sh,9.49,9.53,9.26,9.32,17217121
2019/3/14,600056.sh,9.31,9.39,9.07,9.14,15095273
2019/3/15,600056.sh,9.19,9.42,9.15,9.42,17501068
2019/3/18,600056.sh,9.50,9.93,9.45,9.93,32460336
2019/3/19,600056.sh,10.00,10.17,9.83,9.87,26378082
2019/3/20,600056.sh,9.87,10.17,9.79,10.17,27058482
2019/3/21,600056.sh,10.20,10.31,10.07,10.15,23830145
2019/3/22,600056.sh,10.08,10.36,9.98,10.26,23253053
2019/3/25,600056.sh,10.09,10.20,9.85,9.86,20198496
2019/3/26,600056.sh,9.97,10.02,9.73,9.74,16049536
2019/3/27,600056.sh,9.84,10.18,9.73,10.03,18988212
2019/3/28,600056.sh,9.81,9.81,9.36,9.44,39552224
2019/3/29,600056.sh,9.42,9.64,9.23,9.62,24816635
2019/4/1,600056.sh,9.68,10.03,9.67,10.00,33353569
2019/4/2,600056.sh,10.05,10.13,9.91,10.00,22529951
2019/4/3,600056.sh,9.93,10.10,9.92,10.09,19420098
2019/4/4,600056.sh,10.10,10.32,10.04,10.21,27616485
2019/4/8,600056.sh,10.26,10.54,10.15,10.53,37269594
2019/4/9,600056.sh,10.56,10.73,10.37,10.50,31515597
2019/4/10,600056.sh,10.37,10.68,10.33,10.48,32738215
2019/4/11,600056.sh,10.47,10.55,10.04,10.07,29419287
2019/4/12,600056.sh,10.07,10.12,9.89,9.98,16867724
2019/4/15,600056.sh,10.11,10.22,9.77,9.81,24118899
2019/4/16,600056.sh,9.78,10.02,9.70,10.02,23557257
2019/4/17,600056.sh,10.05,10.15,9.94,9.98,19739937
2019/4/18,600056.sh,9.99,10.03,9.85,9.88,14713300
2019/4/19,600056.sh,9.89,9.98,9.78,9.96,13745188
2019/4/22,600056.sh,10.02,10.04,9.82,9.87,13642727
2019/4/23,600056.sh,9.87,9.89,9.62,9.65,15040366
2019/4/24,600056.sh,9.66,9.72,9.46,9.67,12370590
2019/4/25,600056.sh,9.64,9.71,9.38,9.40,12853161
2019/4/26,600056.sh,9.38,9.42,9.10,9.10,18230709
2019/4/29,600056.sh,9.10,9.39,9.05,9.22,15471015
2019/4/30,600056.sh,9.27,9.43,9.22,9.34,9527384
2019/5/6,600056.sh,9.11,9.11,8.47,8.61,20889444
2019/5/7,600056.sh,8.68,8.83,8.57,8.73,10276750
2019/5/8,600056.sh,8.55,8.81,8.50,8.68,8125434
2019/5/9,600056.sh,8.65,8.72,8.55,8.59,6383320
2019/5/10,600056.sh,8.63,8.82,8.52,8.80,11181316
2019/5/13,600056.sh,8.72,8.77,8.66,8.70,7124551
2019/5/14,600056.sh,8.58,8.72,8.55,8.63,5021399
2019/5/15,600056.sh,8.67,8.81,8.67,8.78,7270528
2019/5/16,600056.sh,8.78,8.90,8.73,8.90,8523684
2019/5/17,600056.sh,8.92,8.93,8.60,8.65,8409635
2019/5/20,600056.sh,8.61,8.63,8.42,8.58,5823432
2019/5/21,600056.sh,8.58,8.78,8.56,8.75,5912118
2019/5/22,600056.sh,8.75,8.77,8.62,8.65,4104507
2019/5/23,600056.sh,8.62,8.66,8.48,8.54,5024413
2019/5/24,600056.sh,8.51,8.60,8.49,8.53,3575955
2019/5/27,600056.sh,8.51,8.71,8.50,8.69,5393943
2019/5/28,600056.sh,8.71,8.75,8.64,8.67,5498551
2019/5/29,600056.sh,8.65,8.72,8.60,8.65,5069863
2019/5/30,600056.sh,8.63,8.63,8.51,8.60,4133879
2019/5/31,600056.sh,8.60,8.67,8.53,8.58,4501632
2019/6/3,600056.sh,8.57,8.62,8.48,8.52,4262570
2019/6/4,600056.sh,8.54,8.57,8.48,8.54,3458033
2019/6/5,600056.sh,8.57,8.61,8.24,8.25,11508719
2019/6/6,600056.sh,8.25,8.25,8.07,8.08,7657342
2019/6/10,600056.sh,8.13,8.27,8.07,8.22,4856091
2019/6/11,600056.sh,8.22,8.55,8.22,8.54,8365725
2019/6/12,600056.sh,8.54,8.58,8.45,8.50,5698308
2019/6/13,600056.sh,8.47,8.67,8.47,8.62,7140411
2019/6/14,600056.sh,8.63,8.63,8.51,8.53,6222503
2019/6/17,600056.sh,8.56,8.67,8.51,8.56,5227219
2019/6/18,600056.sh,8.58,8.62,8.42,8.46,4372294
2019/6/19,600056.sh,8.60,8.69,8.58,8.60,7135091
2019/6/20,600056.sh,8.59,8.80,8.56,8.74,10498600
2019/6/21,600056.sh,8.76,8.89,8.74,8.80,9826553
2019/6/24,600056.sh,8.80,8.87,8.74,8.80,6537058
2019/6/25,600056.sh,8.80,8.81,8.59,8.67,7063242
2019/6/26,600056.sh,8.61,8.72,8.60,8.67,4603001
2019/6/27,600056.sh,8.71,8.85,8.70,8.78,7464417
2019/6/28,600056.sh,8.76,8.77,8.61,8.70,5155691
2019/7/1,600056.sh,8.82,8.91,8.77,8.89,11142395
2019/7/2,600056.sh,8.89,9.11,8.84,9.07,15048678
2019/7/3,600056.sh,9.03,9.25,8.97,9.15,14286067
2019/7/4,600056.sh,9.15,9.23,9.07,9.17,11311782
2019/7/5,600056.sh,9.21,9.25,9.13,9.22,8684954
2019/7/8,600056.sh,9.23,9.23,8.89,9.01,12788047
2019/7/9,600056.sh,9.04,9.07,8.94,9.02,6101141
2019/7/10,600056.sh,9.09,9.13,8.98,9.04,7765699
2019/7/11,600056.sh,9.11,9.20,9.00,9.16,9552676
2019/7/12,600056.sh,9.16,9.32,9.13,9.31,12790886
2019/7/15,600056.sh,9.32,9.36,9.10,9.22,12772608
2019/7/16,600056.sh,9.22,9.23,9.02,9.02,11789340
2019/7/17,600056.sh,9.12,9.12,8.92,8.93,10677540
2019/7/18,600056.sh,8.87,8.89,8.74,8.75,8778469
2019/7/19,600056.sh,8.75,8.87,8.74,8.76,5857100
2019/7/22,600056.sh,8.81,8.82,8.54,8.62,9226434
2019/7/23,600056.sh,8.61,8.69,8.59,8.66,3691379
2019/7/24,600056.sh,8.68,8.80,8.68,8.75,5182449
2019/7/25,600056.sh,8.74,8.77,8.71,8.74,4163742
2019/7/26,600056.sh,8.74,8.80,8.70,8.77,4135338
2019/7/29,600056.sh,8.78,8.84,8.74,8.82,4491056
2019/7/30,600056.sh,8.82,8.91,8.82,8.89,4947679
2019/7/31,600056.sh,8.90,8.90,8.79,8.82,4129553
2019/8/1,600056.sh,8.77,8.82,8.73,8.74,3704338
2019/8/2,600056.sh,8.53,8.66,8.53,8.62,5347939
2019/8/5,600056.sh,8.61,8.65,8.41,8.43,5613484
2019/8/6,600056.sh,8.31,8.33,8.11,8.27,8835180
2019/8/7,600056.sh,8.31,8.31,8.17,8.22,4259871
2019/8/8,600056.sh,8.24,8.29,8.23,8.27,3459298
2019/8/9,600056.sh,8.27,8.33,8.14,8.16,3392717
2019/8/12,600056.sh,8.13,8.38,8.13,8.37,4480333
2019/8/13,600056.sh,8.38,8.38,8.24,8.27,2840908
2019/8/14,600056.sh,8.36,8.43,8.31,8.31,3706981
2019/8/15,600056.sh,8.13,8.45,8.13,8.44,5613378
2019/8/16,600056.sh,8.44,8.68,8.39,8.61,8677232
2019/8/19,600056.sh,8.62,8.77,8.61,8.76,9643146
2019/8/20,600056.sh,8.73,8.76,8.65,8.65,6031387
2019/8/21,600056.sh,8.67,8.68,8.57,8.58,4323677
2019/8/22,600056.sh,8.58,8.92,8.56,8.76,11192597
2019/8/23,600056.sh,8.76,8.96,8.69,8.93,13324874
2019/8/26,600056.sh,8.77,9.23,8.77,9.06,21546171
2019/8/27,600056.sh,9.09,9.21,8.96,9.06,17563836
2019/8/28,600056.sh,8.84,8.89,8.60,8.62,22994510
2019/8/29,600056.sh,8.60,8.64,8.53,8.62,7465553
2019/8/30,600056.sh,8.62,8.68,8.42,8.47,10679728
2019/9/2,600056.sh,8.47,8.61,8.42,8.60,6759930
2019/9/3,600056.sh,8.60,8.62,8.53,8.62,6317169
2019/9/4,600056.sh,8.60,8.64,8.51,8.63,7059453
2019/9/5,600056.sh,8.65,8.80,8.65,8.73,13977198
2019/9/6,600056.sh,8.74,8.77,8.69,8.77,7611078
2019/9/9,600056.sh,8.84,8.86,8.73,8.81,9350118
2019/9/10,600056.sh,8.81,8.95,8.73,8.91,12755896
2019/9/11,600056.sh,8.91,8.93,8.82,8.82,7739937
2019/9/12,600056.sh,8.82,8.88,8.81,8.85,5744659
2019/9/16,600056.sh,8.88,8.89,8.78,8.80,5585300
2019/9/17,600056.sh,8.78,8.79,8.55,8.57,8141212
2019/9/18,600056.sh,8.61,8.64,8.57,8.64,4361526
2019/9/19,600056.sh,8.67,8.68,8.58,8.66,4078037
2019/9/20,600056.sh,8.67,8.71,8.62,8.64,4461861
2019/9/23,600056.sh,8.63,8.63,8.47,8.51,5842055
2019/9/24,600056.sh,8.51,8.58,8.46,8.46,5494299
2019/9/25,600056.sh,8.39,8.40,8.27,8.33,6195388
2019/9/26,600056.sh,8.32,8.38,8.31,8.33,3846604
2019/9/27,600056.sh,8.35,8.42,8.24,8.40,3545885
2019/9/30,600056.sh,8.40,8.49,8.34,8.34,3377116
2019/10/8,600056.sh,8.36,8.44,8.35,8.40,2730534
2019/10/9,600056.sh,8.38,8.44,8.28,8.41,3069330
2019/10/10,600056.sh,8.42,8.47,8.39,8.44,3313292
2019/10/11,600056.sh,8.45,8.48,8.42,8.47,3203955
2019/10/14,600056.sh,8.49,8.59,8.49,8.58,6306212
2019/10/15,600056.sh,8.56,8.70,8.51,8.56,6630145
2019/10/16,600056.sh,8.59,8.61,8.46,8.48,4257166
2019/10/17,600056.sh,8.46,8.50,8.45,8.47,2564453
2019/10/18,600056.sh,8.47,8.52,8.37,8.38,4736829
2019/10/21,600056.sh,8.34,8.41,8.33,8.39,3212213
2019/10/22,600056.sh,8.40,8.44,8.35,8.42,2064000
2019/10/23,600056.sh,8.44,8.49,8.40,8.43,3099100
2019/10/24,600056.sh,8.44,8.45,8.35,8.42,2922782
2019/10/25,600056.sh,8.38,8.53,8.38,8.50,3310670
2019/10/28,600056.sh,8.51,8.55,8.49,8.51,4745283
2019/10/29,600056.sh,8.42,8.50,8.40,8.40,4693900
2019/10/30,600056.sh,8.36,8.47,8.35,8.40,3036845
2019/10/31,600056.sh,8.40,8.50,8.39,8.42,4546244
2019/11/1,600056.sh,8.40,8.49,8.34,8.42,5169677
2019/11/4,600056.sh,8.45,8.58,8.45,8.55,8341209
2019/11/5,600056.sh,8.58,8.65,8.52,8.64,7409889
2019/11/6,600056.sh,8.62,8.64,8.51,8.53,5009058
2019/11/7,600056.sh,8.56,8.80,8.54,8.76,11564618
2019/11/8,600056.sh,8.82,8.84,8.66,8.67,6741294
2019/11/11,600056.sh,8.64,8.64,8.40,8.43,6796957
2019/11/12,600056.sh,8.40,8.49,8.39,8.45,4385642
2019/11/13,600056.sh,8.52,8.52,8.43,8.46,3847594
2019/11/14,600056.sh,8.45,8.51,8.40,8.45,3975329
2019/11/15,600056.sh,8.48,8.62,8.45,8.45,6865847
2019/11/18,600056.sh,8.44,8.54,8.35,8.49,4413985
2019/11/19,600056.sh,8.50,8.60,8.47,8.58,4756865
2019/11/20,600056.sh,8.56,8.57,8.42,8.44,5385695
2019/11/21,600056.sh,8.40,8.49,8.39,8.45,4083193
2019/11/22,600056.sh,8.43,8.49,8.25,8.28,8987569
2019/11/25,600056.sh,8.27,8.33,8.14,8.33,6132533
2019/11/26,600056.sh,8.33,8.35,8.12,8.12,6948935
2019/11/27,600056.sh,8.19,8.23,8.13,8.15,4692179
2019/11/28,600056.sh,8.15,8.20,8.13,8.16,2931777
2019/11/29,600056.sh,8.16,8.18,7.98,8.08,5338259
2019/12/2,600056.sh,8.09,8.11,8.00,8.02,4505508
2019/12/3,600056.sh,7.98,8.08,7.98,8.08,3269128
2019/12/4,600056.sh,8.05,8.11,8.02,8.07,2485250
2019/12/5,600056.sh,8.09,8.18,8.09,8.15,3877369
2019/12/6,600056.sh,8.16,8.18,8.11,8.14,2959572
2019/12/9,600056.sh,8.14,8.18,8.13,8.17,2897606
2019/12/10,600056.sh,8.17,8.20,8.14,8.18,3066001
2019/12/11,600056.sh,8.20,8.21,8.05,8.11,4579016
2019/12/12,600056.sh,8.11,8.12,8.05,8.09,3232799
2019/12/13,600056.sh,8.13,8.18,8.10,8.17,5155129
2019/12/16,600056.sh,8.19,8.29,8.15,8.29,5945696
2019/12/17,600056.sh,8.27,8.38,8.24,8.34,8224316
2019/12/18,600056.sh,8.34,8.36,8.27,8.28,5086304
2019/12/19,600056.sh,8.27,8.34,8.26,8.32,4110414
2019/12/20,600056.sh,8.29,8.34,8.25,8.27,4852631
2019/12/23,600056.sh,8.26,8.27,8.11,8.12,5011476
2019/12/24,600056.sh,8.12,8.20,8.12,8.18,2425562
2019/12/25,600056.sh,8.17,8.21,8.13,8.16,2748329
2019/12/26,600056.sh,8.16,8.24,8.13,8.23,3337027
2019/12/27,600056.sh,8.22,8.27,8.19,8.20,5034709
2019/12/30,600056.sh,8.19,8.28,8.10,8.27,6274256
2019/12/31,600056.sh,8.28,8.48,8.25,8.42,11361732
2020/1/2,600056.sh,8.42,8.50,8.38,8.49,9832624
2020/1/3,600056.sh,8.49,8.50,8.40,8.44,6200724
2020/1/6,600056.sh,8.42,8.46,8.36,8.40,7114043
2020/1/7,600056.sh,8.40,8.47,8.38,8.47,7016019
2020/1/8,600056.sh,8.44,8.44,8.32,8.33,7723806
2020/1/9,600056.sh,8.39,8.47,8.38,8.47,6946576
2020/1/10,600056.sh,8.47,8.49,8.42,8.45,5080481
2020/1/13,600056.sh,8.47,8.47,8.38,8.46,5458075
2020/1/14,600056.sh,8.47,8.56,8.44,8.51,7148597
2020/1/15,600056.sh,8.50,8.50,8.40,8.41,5001961
2020/1/16,600056.sh,8.48,8.49,8.40,8.45,4654688
2020/1/17,600056.sh,8.46,8.52,8.42,8.45,5711803
2020/1/20,600056.sh,8.54,8.67,8.46,8.61,10937023
2020/1/21,600056.sh,8.73,9.03,8.72,8.94,36707673
2020/1/22,600056.sh,9.03,9.05,8.60,8.69,19523404
2020/1/23,600056.sh,8.75,8.91,8.48,8.59,17257441
2020/2/3,600056.sh,9.45,9.45,9.03,9.45,85395510
2020/2/4,600056.sh,9.67,10.07,8.89,9.74,77362026
2020/2/5,600056.sh,9.74,10.56,9.41,10.43,83893601
2020/2/6,600056.sh,10.51,11.41,10.19,11.09,88957852
2020/2/7,600056.sh,11.09,11.80,10.58,10.65,83698921
2020/2/10,600056.sh,10.50,10.50,9.69,9.91,63106916
2020/2/11,600056.sh,9.83,10.00,9.50,9.87,39625481
2020/2/12,600056.sh,9.80,9.98,9.67,9.80,28938431
2020/2/13,600056.sh,9.83,9.83,9.47,9.63,35865233
2020/2/14,600056.sh,9.77,9.83,9.49,9.53,29345788
2020/2/17,600056.sh,9.53,9.65,9.43,9.63,28452786
2020/2/18,600056.sh,9.73,10.59,9.58,10.50,81352666
2020/2/19,600056.sh,10.54,10.54,9.94,9.95,54296740
2020/2/20,600056.sh,9.93,10.18,9.88,10.02,29370574
2020/2/21,600056.sh,10.07,10.16,10.02,10.05,29315181
2020/2/24,600056.sh,10.10,10.44,10.10,10.15,32347897
2020/2/25,600056.sh,9.91,10.42,9.87,10.19,42687878
2020/2/26,600056.sh,10.16,10.16,9.69,9.76,32820865
2020/2/27,600056.sh,9.77,9.83,9.55,9.60,19547963
2020/2/28,600056.sh,9.48,9.78,9.45,9.52,23965266
2020/3/2,600056.sh,9.59,9.74,9.48,9.71,20264242
2020/3/3,600056.sh,9.86,9.91,9.67,9.73,24051783
2020/3/4,600056.sh,9.66,9.74,9.51,9.62,18167791
2020/3/5,600056.sh,9.67,9.69,9.53,9.64,21531475
2020/3/6,600056.sh,9.64,9.92,9.62,9.73,22872062
2020/3/9,600056.sh,9.78,9.85,9.55,9.62,24702784
2020/3/10,600056.sh,9.43,9.56,9.07,9.40,27086397
2020/3/11,600056.sh,9.40,9.58,9.26,9.33,17667956
2020/3/12,600056.sh,9.29,9.31,9.04,9.09,15953737
2020/3/13,600056.sh,8.73,8.98,8.61,8.88,20422100
2020/3/16,600056.sh,9.05,9.64,9.03,9.31,36691138
2020/3/17,600056.sh,9.80,9.80,9.26,9.67,48913875
2020/3/18,600056.sh,9.70,9.71,9.30,9.31,32581184
2020/3/19,600056.sh,9.29,9.43,8.84,9.13,26674916
2020/3/20,600056.sh,9.19,9.71,9.19,9.71,37438263
2020/3/23,600056.sh,9.79,10.11,9.71,9.94,56436093
2020/3/24,600056.sh,9.89,9.91,9.65,9.87,34107248
2020/3/25,600056.sh,9.93,10.38,9.78,10.27,58081635
2020/3/26,600056.sh,10.25,10.51,10.09,10.44,58281904
2020/3/27,600056.sh,10.37,10.47,10.13,10.18,38848174
2020/3/30,600056.sh,10.22,10.36,9.87,9.94,34965711
2020/3/31,600056.sh,9.91,9.99,9.69,9.70,26939274
2020/4/1,600056.sh,9.71,9.76,9.45,9.51,24348461
2020/4/2,600056.sh,9.49,9.50,9.23,9.50,23340869
2020/4/3,600056.sh,9.51,9.76,9.43,9.67,23548839
2020/4/7,600056.sh,9.78,9.92,9.67,9.84,27866252
2020/4/8,600056.sh,9.76,9.87,9.58,9.70,26067425
2020/4/9,600056.sh,9.77,10.05,9.69,10.00,29959280
2020/4/10,600056.sh,10.00,10.12,9.74,9.77,25613167
2020/4/13,600056.sh,9.69,10.00,9.68,9.96,21452518
2020/4/14,600056.sh,9.98,10.00,9.74,9.97,23383946
2020/4/15,600056.sh,9.94,10.29,9.89,10.11,32840143
2020/4/16,600056.sh,10.16,10.87,10.06,10.63,71409673
2020/4/17,600056.sh,10.51,10.54,10.24,10.26,45579388
2020/4/20,600056.sh,10.25,10.42,10.15,10.32,25960809
2020/4/21,600056.sh,10.25,10.41,9.99,10.41,31122806
2020/4/22,600056.sh,10.14,10.14,9.93,10.09,30622786
2020/4/23,600056.sh,10.06,10.27,9.96,9.96,22286055
2020/4/24,600056.sh,9.91,9.91,9.53,9.56,25330538
2020/4/27,600056.sh,9.45,9.65,9.45,9.51,11038739
2020/4/28,600056.sh,9.43,9.58,9.14,9.34,14644413
2020/4/29,600056.sh,9.16,9.29,9.11,9.13,13621455
2020/4/30,600056.sh,9.16,9.30,9.16,9.24,11156883
2020/5/6,600056.sh,9.25,9.48,9.25,9.42,12950363
2020/5/7,600056.sh,9.40,9.45,9.29,9.31,10754485
2020/5/8,600056.sh,9.41,9.45,9.33,9.38,9076462
2020/5/11,600056.sh,9.38,9.43,9.23,9.27,10241656
2020/5/12,600056.sh,9.27,9.37,9.23,9.28,8426262
2020/5/13,600056.sh,9.28,9.28,9.13,9.21,9741011
2020/5/14,600056.sh,9.16,9.16,8.95,8.96,14143350
2020/5/15,600056.sh,8.98,9.04,8.92,8.96,7551026
2020/5/18,600056.sh,8.95,9.08,8.82,9.01,9920591
2020/5/19,600056.sh,9.09,9.16,9.01,9.02,7177115
2020/5/20,600056.sh,9.02,9.03,8.83,8.85,10479955
2020/5/21,600056.sh,8.91,8.93,8.74,8.75,9373760
2020/5/22,600056.sh,8.74,8.80,8.56,8.57,9317890
2020/5/25,600056.sh,8.57,8.67,8.56,8.60,5663871
2020/5/26,600056.sh,8.63,8.72,8.61,8.72,6941649
2020/5/27,600056.sh,8.73,8.73,8.58,8.60,6292725
2020/5/28,600056.sh,8.63,8.66,8.52,8.56,5311159
2020/5/29,600056.sh,8.55,8.71,8.53,8.66,8415305
2020/6/1,600056.sh,8.71,8.82,8.69,8.81,10973311
2020/6/2,600056.sh,8.81,8.87,8.73,8.80,7957401
2020/6/3,600056.sh,8.86,9.02,8.84,8.85,12052625
2020/6/4,600056.sh,8.84,8.84,8.71,8.73,7707671
2020/6/5,600056.sh,8.75,8.78,8.65,8.70,5603841
2020/6/8,600056.sh,8.71,8.75,8.67,8.71,5895219
2020/6/9,600056.sh,8.73,8.87,8.68,8.87,10344638
2020/6/10,600056.sh,8.89,8.94,8.81,8.85,8746381
2020/6/11,600056.sh,8.87,8.87,8.67,8.68,10557428
2020/6/12,600056.sh,8.54,8.76,8.53,8.67,8918567
2020/6/15,600056.sh,8.78,8.93,8.77,8.87,14744524
2020/6/16,600056.sh,8.88,8.96,8.78,8.93,12364579
2020/6/17,600056.sh,8.98,9.56,8.98,9.46,44262246
2020/6/18,600056.sh,9.42,9.42,9.13,9.18,23229458
2020/6/19,600056.sh,9.18,9.18,9.04,9.14,15679840
2020/6/22,600056.sh,9.13,9.33,9.08,9.23,12295654
2020/6/23,600056.sh,9.19,9.28,9.13,9.13,11395809
2020/6/24,600056.sh,9.15,9.37,9.07,9.26,14022116
2020/6/29,600056.sh,9.38,9.58,9.30,9.31,23827215
2020/6/30,600056.sh,9.38,9.38,9.19,9.31,14137795
2020/7/1,600056.sh,9.23,9.30,9.17,9.25,14002760
2020/7/2,600056.sh,9.23,9.34,9.19,9.31,15528440
2020/7/3,600056.sh,9.31,9.53,9.31,9.48,23213725
2020/7/6,600056.sh,9.57,9.93,9.47,9.85,34882621
2020/7/7,600056.sh,9.86,9.95,9.70,9.73,35505801
2020/7/8,600056.sh,9.74,9.86,9.66,9.86,26084817
2020/7/9,600056.sh,9.85,10.16,9.80,10.04,33214337
2020/7/10,600056.sh,10.02,10.18,9.88,9.90,28337730
2020/7/13,600056.sh,9.87,10.24,9.87,10.19,33504056
2020/7/14,600056.sh,10.11,10.20,9.73,9.91,33186489
2020/7/15,600056.sh,9.96,10.15,9.82,9.92,34380254
2020/7/16,600056.sh,9.88,9.92,9.35,9.39,35256456
2020/7/17,600056.sh,9.40,9.48,9.22,9.29,16258164
2020/7/20,600056.sh,9.35,9.52,9.34,9.52,14129288
2020/7/21,600056.sh,9.54,9.65,9.48,9.58,14447913
2020/7/22,600056.sh,9.54,9.65,9.42,9.52,15893533
2020/7/23,600056.sh,9.70,10.47,9.61,10.47,88513354
2020/7/24,600056.sh,10.53,10.73,10.11,10.18,98358941
2020/7/27,600056.sh,10.31,10.87,10.09,10.51,60744529
2020/7/28,600056.sh,10.33,10.38,9.90,10.04,48936087
2020/7/29,600056.sh,10.01,10.57,9.95,10.41,49429849
2020/7/30,600056.sh,10.38,10.82,10.26,10.39,59274041
2020/7/31,600056.sh,10.31,10.75,10.15,10.69,53784143
2020/8/3,600056.sh,10.72,11.25,10.72,11.06,67433136
2020/8/4,600056.sh,10.98,12.07,10.81,11.17,78885574
2020/8/5,600056.sh,10.89,11.64,10.89,11.38,52126775
2020/8/6,600056.sh,11.23,11.49,10.79,10.92,53066706
2020/8/7,600056.sh,10.88,11.06,10.47,10.75,41435354
2020/8/10,600056.sh,10.75,10.88,10.48,10.76,30788155
2020/8/11,600056.sh,10.75,10.82,10.40,10.46,29867404
2020/8/12,600056.sh,10.40,10.46,10.13,10.29,21768944
2020/8/13,600056.sh,10.33,10.43,10.23,10.27,14840997
2020/8/14,600056.sh,10.27,10.55,10.18,10.53,20154593
2020/8/17,600056.sh,10.54,10.76,10.52,10.69,24578526
2020/8/18,600056.sh,10.81,10.92,10.69,10.81,26577106
2020/8/19,600056.sh,10.96,10.97,10.50,10.51,23771408
2020/8/20,600056.sh,10.45,10.72,10.29,10.56,22429628
2020/8/21,600056.sh,10.56,10.61,10.40,10.52,12618608
2020/8/24,600056.sh,10.52,10.60,10.29,10.56,12807822
2020/8/25,600056.sh,10.57,10.57,10.32,10.36,12541013
2020/8/26,600056.sh,10.58,10.59,10.36,10.44,28083700
2020/8/27,600056.sh,10.40,10.41,10.10,10.20,21209339
2020/8/28,600056.sh,10.21,10.54,10.16,10.52,21081366
2020/8/31,600056.sh,10.54,10.62,10.42,10.42,18281235
2020/9/1,600056.sh,10.43,10.49,10.29,10.36,13390048
2020/9/2,600056.sh,10.42,10.42,10.19,10.27,13463341
2020/9/3,600056.sh,10.28,10.48,10.21,10.31,13181546
2020/9/4,600056.sh,10.19,10.19,10.08,10.13,12987789
2020/9/7,600056.sh,10.19,10.27,9.96,10.00,12290307
2020/9/8,600056.sh,10.00,10.10,9.90,10.08,9660850
2020/9/9,600056.sh,10.00,10.03,9.71,9.73,15294928
2020/9/10,600056.sh,9.77,9.85,9.57,9.57,10096584
2020/9/11,600056.sh,9.55,9.77,9.54,9.73,7067907
2020/9/14,600056.sh,9.78,9.81,9.66,9.71,6361569
2020/9/15,600056.sh,9.73,9.83,9.69,9.83,6782806
2020/9/16,600056.sh,9.82,9.91,9.75,9.82,7054637
2020/9/17,600056.sh,9.82,9.83,9.65,9.75,6854798
2020/9/18,600056.sh,9.73,9.89,9.70,9.88,7650929
2020/9/21,600056.sh,9.88,9.97,9.84,9.90,7546247
2020/9/22,600056.sh,9.83,10.04,9.81,9.82,10021113
2020/9/23,600056.sh,9.86,10.08,9.79,9.98,11239926
2020/9/24,600056.sh,9.98,9.98,9.79,9.81,8272779
2020/9/25,600056.sh,9.86,9.96,9.69,9.76,8326898
2020/9/28,600056.sh,9.75,9.79,9.60,9.63,7068646
2020/9/29,600056.sh,9.62,9.73,9.61,9.68,5410971
2020/9/30,600056.sh,9.70,9.85,9.65,9.69,6015352
2020/10/9,600056.sh,9.80,9.96,9.79,9.90,8834670
2020/10/12,600056.sh,9.96,10.09,9.95,10.08,12960226
2020/10/13,600056.sh,10.10,10.15,10.03,10.11,10645301
2020/10/14,600056.sh,10.08,10.09,9.96,10.00,8884561
2020/10/15,600056.sh,10.04,10.04,9.83,9.94,8426855
2020/10/16,600056.sh,9.97,10.04,9.86,10.02,9637003
2020/10/19,600056.sh,10.04,10.10,9.91,9.93,9087315
2020/10/20,600056.sh,9.88,9.89,9.79,9.87,7284899
2020/10/21,600056.sh,9.90,10.03,9.88,9.94,8548407
2020/10/22,600056.sh,9.93,9.93,9.77,9.81,7710434
2020/10/23,600056.sh,9.79,9.87,9.63,9.65,8711437
2020/10/26,600056.sh,9.71,9.75,9.63,9.69,6066126
2020/10/27,600056.sh,9.63,9.69,9.60,9.65,6344200
2020/10/28,600056.sh,9.65,9.79,9.61,9.76,7178904
2020/10/29,600056.sh,9.67,10.04,9.64,9.97,15032839
2020/10/30,600056.sh,10.01,10.11,9.86,9.90,18124934
2020/11/2,600056.sh,9.92,10.03,9.88,10.01,12156546
2020/11/3,600056.sh,10.00,10.07,9.92,10.04,13482295
2020/11/4,600056.sh,10.06,10.06,9.93,9.97,9558034
2020/11/5,600056.sh,10.02,10.25,9.99,10.19,21467021
2020/11/6,600056.sh,10.19,10.26,10.08,10.19,15357281
2020/11/9,600056.sh,10.23,10.29,10.16,10.25,21628643
2020/11/10,600056.sh,10.29,10.36,10.07,10.10,14197920
2020/11/11,600056.sh,10.09,10.15,9.95,9.96,11023387
2020/11/12,600056.sh,9.99,10.04,9.95,10.03,6867334
2020/11/13,600056.sh,9.99,10.00,9.82,9.90,9895573
2020/11/16,600056.sh,9.90,10.04,9.85,10.03,9098422
2020/11/17,600056.sh,10.05,10.09,9.95,10.04,7737734
2020/11/18,600056.sh,10.04,10.13,10.02,10.09,11119137
2020/11/19,600056.sh,10.08,10.19,10.04,10.17,10667988
2020/11/20,600056.sh,10.19,10.21,10.09,10.15,9288704
2020/11/23,600056.sh,10.20,10.26,10.15,10.20,13898824
2020/11/24,600056.sh,10.18,10.21,10.08,10.10,9848289
2020/11/25,600056.sh,10.10,10.58,10.00,10.33,46751539
2020/11/26,600056.sh,10.25,10.26,10.01,10.09,23475590
2020/11/27,600056.sh,10.09,10.09,9.92,10.02,12559334
2020/11/30,600056.sh,10.00,10.08,9.86,9.86,15164340
2020/12/1,600056.sh,9.88,10.04,9.87,10.02,10542571
2020/12/2,600056.sh,10.02,10.11,9.96,10.04,12028267
2020/12/3,600056.sh,10.05,10.11,10.01,10.05,12437998
2020/12/4,600056.sh,10.00,10.18,9.98,10.10,12317680
2020/12/7,600056.sh,10.10,10.17,10.06,10.08,11145636
2020/12/8,600056.sh,10.07,10.09,9.90,9.92,9163574
2020/12/9,600056.sh,9.96,9.97,9.74,9.82,11747914
2020/12/10,600056.sh,9.81,9.93,9.73,9.87,8534694
2020/12/11,600056.sh,9.86,9.86,9.60,9.66,10154799
2020/12/14,600056.sh,9.66,9.78,9.58,9.75,6429767
2020/12/15,600056.sh,9.71,9.88,9.71,9.84,7060786
2020/12/16,600056.sh,9.85,9.86,9.67,9.80,6750682
2020/12/17,600056.sh,9.79,9.88,9.75,9.84,7602967
2020/12/18,600056.sh,9.79,9.83,9.67,9.73,7619988
2020/12/21,600056.sh,9.70,9.76,9.61,9.73,6533229
2020/12/22,600056.sh,9.74,9.94,9.71,9.75,12586814
2020/12/23,600056.sh,9.73,9.80,9.63,9.65,8561246
2020/12/24,600056.sh,9.65,9.67,9.44,9.46,10126203
2020/12/25,600056.sh,9.41,9.52,9.40,9.41,7510545
2020/12/28,600056.sh,9.42,9.44,9.17,9.27,10143033
2020/12/29,600056.sh,9.27,9.35,9.23,9.29,5857894
2020/12/30,600056.sh,9.31,9.32,9.22,9.25,5971193
2020/12/31,600056.sh,9.27,9.44,9.26,9.42,8029608
2021/1/4,600056.sh,9.43,9.49,9.31,9.38,10634475
2021/1/5,600056.sh,9.36,9.52,9.31,9.51,11337975
2021/1/6,600056.sh,9.50,9.56,9.40,9.51,10227550
2021/1/7,600056.sh,9.51,9.51,9.22,9.30,10310766
2021/1/8,600056.sh,9.31,9.59,9.29,9.52,11146367
2021/1/11,600056.sh,9.52,9.59,9.35,9.36,10164055
2021/1/12,600056.sh,9.34,9.50,9.32,9.50,8277884
2021/1/13,600056.sh,9.48,9.72,9.34,9.65,16779908
2021/1/14,600056.sh,9.65,9.82,9.61,9.65,17001031
2021/1/15,600056.sh,9.63,9.63,9.52,9.59,9416538
2021/1/18,600056.sh,9.57,9.63,9.52,9.60,9387502
2021/1/19,600056.sh,9.60,9.60,9.47,9.52,7929924
2021/1/20,600056.sh,9.52,9.54,9.37,9.42,7806193
2021/1/21,600056.sh,9.45,9.54,9.44,9.50,7542641
2021/1/22,600056.sh,9.50,9.59,9.43,9.58,9523954
2021/1/25,600056.sh,9.58,9.60,9.31,9.35,12259068
2021/1/26,600056.sh,9.32,9.34,9.13,9.15,9551448
2021/1/27,600056.sh,9.13,9.27,9.11,9.20,6121832
2021/1/28,600056.sh,9.18,9.18,8.94,9.00,8223487
2021/1/29,600056.sh,9.00,9.04,8.85,8.90,6795205
2021/2/1,600056.sh,8.87,9.02,8.85,8.98,5006839
2021/2/2,600056.sh,8.98,9.08,8.95,9.00,5055559
2021/2/3,600056.sh,8.97,8.97,8.63,8.70,8411543
2021/2/4,600056.sh,8.65,8.76,8.50,8.57,7184078
2021/2/5,600056.sh,8.58,8.73,8.54,8.56,5281791
2021/2/8,600056.sh,8.58,8.67,8.58,8.62,5417399
2021/2/9,600056.sh,8.61,8.79,8.61,8.77,6701146
2021/2/10,600056.sh,8.77,8.85,8.69,8.81,7971370
2021/2/18,600056.sh,8.89,8.94,8.84,8.87,7758804
2021/2/19,600056.sh,8.87,9.04,8.83,9.01,7643617
2021/2/22,600056.sh,9.04,9.23,9.02,9.05,11533718
2021/2/23,600056.sh,9.06,9.17,9.00,9.10,6853964
2021/2/24,600056.sh,9.11,9.14,8.96,9.05,7523607
2021/2/25,600056.sh,9.05,9.12,8.99,9.05,6010302
2021/2/26,600056.sh,8.94,9.28,8.94,9.13,11806045
2021/3/1,600056.sh,9.09,9.19,9.02,9.13,8287454
2021/3/2,600056.sh,9.13,9.13,8.96,8.96,7456193
2021/3/3,600056.sh,8.97,9.08,8.96,9.06,6351717
2021/3/4,600056.sh,9.04,9.12,9.00,9.10,8140186
2021/3/5,600056.sh,9.07,9.18,9.04,9.16,7114217
2021/3/8,600056.sh,9.16,9.29,9.10,9.13,7566197
2021/3/9,600056.sh,9.14,9.15,8.92,9.00,7471754
2021/3/10,600056.sh,9.03,9.08,8.88,8.90,5289461
2021/3/11,600056.sh,8.88,8.96,8.81,8.95,6382981
2021/3/12,600056.sh,8.92,8.98,8.83,8.96,6445681
2021/3/15,600056.sh,8.95,9.04,8.90,9.00,5543730
2021/3/16,600056.sh,9.02,9.13,8.93,9.12,7023230
2021/3/17,600056.sh,9.11,9.18,9.03,9.08,6461184
2021/3/18,600056.sh,9.08,9.15,9.06,9.08,7047139
2021/3/19,600056.sh,9.02,9.17,9.00,9.09,6582306
2021/3/22,600056.sh,9.10,9.17,9.10,9.15,6328787
2021/3/23,600056.sh,9.16,9.18,9.08,9.16,6020497
2021/3/24,600056.sh,9.16,9.25,9.13,9.17,7486114
2021/3/25,600056.sh,9.16,9.19,9.02,9.07,5608020
2021/3/26,600056.sh,9.12,9.13,9.05,9.11,3373957
2021/3/29,600056.sh,9.04,9.15,9.04,9.13,5395945
2021/3/30,600056.sh,9.13,9.13,9.02,9.06,5501667
2021/3/31,600056.sh,9.03,9.10,9.00,9.09,4574573
2021/4/1,600056.sh,9.08,9.13,9.05,9.13,4713604
2021/4/2,600056.sh,9.14,9.17,9.09,9.10,4093843
2021/4/6,600056.sh,9.10,9.15,9.08,9.12,3926314
2021/4/7,600056.sh,9.12,9.13,9.06,9.10,3934095
2021/4/8,600056.sh,9.08,9.08,8.96,8.98,6797238
2021/4/9,600056.sh,8.98,8.98,8.89,8.92,4448648
2021/4/12,600056.sh,8.88,9.00,8.88,8.94,5001991
2021/4/13,600056.sh,8.94,9.01,8.92,9.00,4321082
2021/4/14,600056.sh,8.88,8.88,8.42,8.54,17492866
2021/4/15,600056.sh,8.54,8.55,8.42,8.48,7772967
2021/4/16,600056.sh,8.48,8.60,8.42,8.59,6276084
2021/4/19,600056.sh,8.60,8.63,8.53,8.60,6575108
2021/4/20,600056.sh,8.60,8.63,8.57,8.58,4619918
2021/4/21,600056.sh,8.58,8.63,8.52,8.61,6070777
2021/4/22,600056.sh,8.60,8.62,8.56,8.61,4567474
2021/4/23,600056.sh,8.60,8.61,8.49,8.56,5081137
2021/4/26,600056.sh,8.65,8.79,8.63,8.67,11559922
2021/4/27,600056.sh,8.63,8.79,8.57,8.75,8986628
2021/4/28,600056.sh,8.60,8.60,8.35,8.42,17509335
2021/4/29,600056.sh,8.41,8.41,8.34,8.38,8014782
2021/4/30,600056.sh,8.38,8.45,8.35,8.43,8295196
2021/5/6,600056.sh,8.47,8.47,8.36,8.37,7302090
2021/5/7,600056.sh,8.38,8.39,8.27,8.27,9217299
2021/5/10,600056.sh,8.45,8.65,8.45,8.50,16710088
2021/5/11,600056.sh,8.53,8.55,8.33,8.40,9981813
2021/5/12,600056.sh,8.38,8.41,8.31,8.40,7411894
2021/5/13,600056.sh,8.35,8.63,8.33,8.56,14890063
2021/5/14,600056.sh,8.56,8.61,8.50,8.58,10459332
2021/5/17,600056.sh,8.58,8.63,8.54,8.60,8366984
2021/5/18,600056.sh,8.61,8.61,8.52,8.57,5605083
2021/5/19,600056.sh,8.59,8.59,8.45,8.50,6807214
2021/5/20,600056.sh,8.50,8.56,8.46,8.48,4953264
2021/5/21,600056.sh,8.48,8.50,8.40,8.42,5065826
2021/5/24,600056.sh,8.40,8.46,8.39,8.44,3796735
2021/5/25,600056.sh,8.46,8.50,8.40,8.50,5993579
2021/5/26,600056.sh,8.50,8.66,8.48,8.58,10519477
2021/5/27,600056.sh,8.62,8.63,8.55,8.60,6466351
2021/5/28,600056.sh,8.60,8.61,8.48,8.52,7188528
2021/5/31,600056.sh,8.52,8.56,8.49,8.53,6093060
2021/6/1,600056.sh,8.58,8.58,8.50,8.52,5955974
2021/6/2,600056.sh,8.51,8.61,8.48,8.50,6965628
2021/6/3,600056.sh,8.48,8.51,8.46,8.48,6305807
2021/6/4,600056.sh,8.47,8.51,8.42,8.47,5149474
2021/6/7,600056.sh,8.48,8.49,8.42,8.43,5054656
2021/6/8,600056.sh,8.44,8.46,8.39,8.43,4314607
2021/6/9,600056.sh,8.42,8.46,8.40,8.42,3326469
2021/6/10,600056.sh,8.42,8.44,8.39,8.43,4988632
2021/6/11,600056.sh,8.44,8.44,8.38,8.39,5128028
2021/6/15,600056.sh,8.37,8.40,8.29,8.33,4808126
2021/6/16,600056.sh,8.36,8.36,8.30,8.32,3409530
2021/6/17,600056.sh,8.32,8.34,8.25,8.25,5202585
2021/6/18,600056.sh,8.29,8.45,8.27,8.43,6293820
2021/6/21,600056.sh,8.44,8.46,8.40,8.43,4287560
2021/6/22,600056.sh,8.42,8.44,8.39,8.42,3955926
2021/6/23,600056.sh,8.42,8.43,8.37,8.42,4024725
2021/6/24,600056.sh,8.42,8.42,8.37,8.39,4608360
2021/6/25,600056.sh,8.40,8.40,8.32,8.37,4991879
2021/6/28,600056.sh,8.36,8.42,8.33,8.41,3712306
2021/6/29,600056.sh,8.41,8.41,8.27,8.29,5184192
2021/6/30,600056.sh,8.28,8.30,8.12,8.23,9288054
2021/7/1,600056.sh,8.24,8.43,8.20,8.36,10416549
2021/7/2,600056.sh,8.34,8.36,8.18,8.19,6924206
2021/7/5,600056.sh,8.19,8.22,8.05,8.08,7217960
2021/7/6,600056.sh,8.08,8.10,7.97,8.02,7374343
2021/7/7,600056.sh,7.99,8.05,7.97,8.03,4166280
2021/7/8,600056.sh,8.05,8.05,7.99,7.99,3829308
2021/7/9,600056.sh,8.00,8.06,7.98,8.06,3545494
2021/7/12,600056.sh,8.05,8.09,8.00,8.02,5499911
2021/7/13,600056.sh,8.03,8.05,7.98,8.03,4115175
2021/7/14,600056.sh,8.03,8.07,7.98,8.05,5380914
2021/7/15,600056.sh,8.05,8.05,7.98,8.01,4058764
2021/7/16,600056.sh,8.00,8.02,7.99,7.99,3699325
2021/7/19,600056.sh,7.99,8.01,7.84,7.90,6465422
2021/7/20,600056.sh,7.87,7.88,7.82,7.86,3903500
2021/7/21,600056.sh,7.88,7.92,7.81,7.84,4526802
2021/7/22,600056.sh,7.84,7.88,7.81,7.87,4271249
2021/7/23,600056.sh,7.86,7.86,7.80,7.82,5126423
2021/7/26,600056.sh,7.80,7.80,7.55,7.56,8285569
2021/7/27,600056.sh,7.57,7.61,7.49,7.50,5741131
2021/7/28,600056.sh,7.50,7.55,7.38,7.40,7248246
2021/7/29,600056.sh,7.42,7.47,7.38,7.39,4787809
2021/7/30,600056.sh,7.39,7.40,7.17,7.38,8698397
2021/8/2,600056.sh,7.35,7.49,7.26,7.44,6742772
2021/8/3,600056.sh,7.45,7.73,7.45,7.72,11089595
2021/8/4,600056.sh,7.71,7.71,7.61,7.65,6136852
2021/8/5,600056.sh,7.72,8.01,7.71,7.84,14393814
2021/8/6,600056.sh,7.86,7.94,7.66,7.78,7439547
2021/8/9,600056.sh,7.78,7.80,7.67,7.77,4579742
2021/8/10,600056.sh,7.73,7.76,7.69,7.75,4096626
2021/8/11,600056.sh,7.75,7.79,7.69,7.71,4199320
2021/8/12,600056.sh,7.72,7.73,7.65,7.66,4532781
2021/8/13,600056.sh,7.64,7.66,7.52,7.57,6422040
2021/8/16,600056.sh,7.57,7.76,7.57,7.69,6239437
2021/8/17,600056.sh,7.69,7.70,7.56,7.57,4342239
2021/8/18,600056.sh,7.57,7.63,7.52,7.61,3772190
2021/8/19,600056.sh,7.58,7.64,7.57,7.59,2833774
2021/8/20,600056.sh,7.59,7.59,7.46,7.48,4602451
2021/8/23,600056.sh,7.50,7.51,7.40,7.42,6743855
2021/8/24,600056.sh,7.42,7.45,7.39,7.44,5684604
2021/8/25,600056.sh,7.42,7.57,7.42,7.56,7276348
2021/8/26,600056.sh,7.57,7.59,7.49,7.52,5188289
2021/8/27,600056.sh,7.50,7.50,7.42,7.46,4385875
2021/8/30,600056.sh,7.46,7.47,7.40,7.44,4472476
2021/8/31,600056.sh,7.43,7.56,7.42,7.48,4955225
2021/9/1,600056.sh,7.48,7.63,7.42,7.61,9558681
2021/9/2,600056.sh,7.61,7.66,7.54,7.65,8374346
2021/9/3,600056.sh,7.65,7.76,7.61,7.74,9315864
2021/9/6,600056.sh,7.76,7.94,7.73,7.82,11497153
2021/9/7,600056.sh,7.84,7.87,7.76,7.86,8147968
2021/9/8,600056.sh,7.87,7.94,7.84,7.94,9747832
2021/9/9,600056.sh,7.92,8.15,7.90,8.09,15233083
2021/9/10,600056.sh,8.06,8.14,7.96,8.02,10229549
2021/9/13,600056.sh,8.02,8.13,7.99,8.06,8265165
2021/9/14,600056.sh,8.06,8.09,7.86,7.90,9398623
2021/9/15,600056.sh,7.86,7.96,7.85,7.88,6463626
2021/9/16,600056.sh,7.97,8.08,7.88,8.01,10736563
2021/9/17,600056.sh,8.01,8.01,7.86,7.88,6130756
2021/9/22,600056.sh,7.90,7.91,7.82,7.88,5763391
2021/9/23,600056.sh,7.87,7.99,7.87,7.92,6204143
2021/9/24,600056.sh,7.92,7.95,7.82,7.82,6760964
2021/9/27,600056.sh,7.83,7.88,7.73,7.78,7208723
2021/9/28,600056.sh,7.77,7.85,7.74,7.84,4102458
2021/9/29,600056.sh,7.81,7.82,7.61,7.62,6722100
2021/9/30,600056.sh,7.65,7.69,7.62,7.65,4090653
2021/10/8,600056.sh,7.70,7.84,7.70,7.83,5098304
2021/10/11,600056.sh,7.83,7.90,7.80,7.86,3718006
2021/10/12,600056.sh,7.86,7.88,7.76,7.80,4224152
2021/10/13,600056.sh,7.80,7.94,7.75,7.92,5346705
2021/10/14,600056.sh,7.93,7.95,7.84,7.84,3934978
2021/10/15,600056.sh,7.84,7.86,7.74,7.77,3902126
2021/10/18,600056.sh,7.75,7.81,7.70,7.72,3374822
2021/10/19,600056.sh,7.70,7.78,7.69,7.74,2788865
2021/10/20,600056.sh,7.73,7.76,7.61,7.61,4457400
2021/10/21,600056.sh,7.62,7.65,7.56,7.59,3872270
2021/10/22,600056.sh,7.61,7.62,7.54,7.57,2931861
2021/10/25,600056.sh,7.58,7.59,7.52,7.54,3132233
2021/10/26,600056.sh,7.54,7.54,7.49,7.49,3144243
2021/10/27,600056.sh,7.49,7.49,7.34,7.38,5050166
2021/10/28,600056.sh,7.38,7.44,7.31,7.43,3893582
2021/10/29,600056.sh,7.43,7.55,7.40,7.54,3607492
2021/11/1,600056.sh,7.46,7.46,7.28,7.41,5180387
2021/11/2,600056.sh,7.36,7.46,7.35,7.38,3797353
2021/11/3,600056.sh,7.39,7.48,7.39,7.46,2822900
2021/11/4,600056.sh,7.46,7.48,7.42,7.46,2237461
2021/11/5,600056.sh,7.44,7.47,7.40,7.41,2311174
2021/11/8,600056.sh,7.42,7.48,7.38,7.44,1816230
2021/11/9,600056.sh,7.43,7.44,7.40,7.42,2218753
2021/11/10,600056.sh,7.42,7.42,7.31,7.40,4522858
2021/11/11,600056.sh,7.38,7.48,7.38,7.48,3866074
2021/11/12,600056.sh,7.49,7.50,7.45,7.46,2812645
2021/11/15,600056.sh,7.45,7.57,7.45,7.53,3875944
2021/11/16,600056.sh,7.56,7.57,7.50,7.51,3481342
2021/11/17,600056.sh,7.51,7.57,7.49,7.51,2675918
2021/11/18,600056.sh,7.53,7.53,7.44,7.44,3246857
2021/11/19,600056.sh,7.44,7.48,7.40,7.48,2463041
2021/11/22,600056.sh,7.48,7.50,7.46,7.50,2923738
2021/11/23,600056.sh,7.52,7.55,7.50,7.51,3061370
2021/11/24,600056.sh,7.51,7.57,7.50,7.56,3548083
2021/11/25,600056.sh,7.57,7.65,7.52,7.63,5368434
2021/11/26,600056.sh,7.61,7.65,7.55,7.57,3454423
2021/11/29,600056.sh,7.64,7.77,7.60,7.63,6165129
2021/11/30,600056.sh,7.61,7.68,7.55,7.61,5255321
2021/12/1,600056.sh,7.61,7.65,7.59,7.64,3160890
2021/12/2,600056.sh,7.66,7.66,7.61,7.61,3372085
2021/12/3,600056.sh,7.61,7.63,7.57,7.61,3126426
2021/12/6,600056.sh,7.61,7.61,7.55,7.56,3667214
2021/12/7,600056.sh,7.59,7.60,7.53,7.56,3125971
2021/12/8,600056.sh,7.59,7.59,7.52,7.57,3522264
2021/12/9,600056.sh,7.57,7.65,7.56,7.63,4777572
2021/12/10,600056.sh,7.63,7.66,7.60,7.64,5028740
2021/12/13,600056.sh,7.65,7.69,7.63,7.65,4099715
2021/12/14,600056.sh,7.66,7.69,7.63,7.64,3854752
2021/12/15,600056.sh,7.64,7.65,7.61,7.64,3173959
2021/12/16,600056.sh,7.63,7.65,7.60,7.63,3574398
2021/12/17,600056.sh,7.63,7.66,7.61,7.62,4263808
2021/12/20,600056.sh,7.63,7.73,7.61,7.69,7601898
2021/12/21,600056.sh,7.65,7.73,7.65,7.73,5401934
2021/12/22,600056.sh,7.73,7.82,7.70,7.78,7417087
2021/12/23,600056.sh,7.79,7.79,7.71,7.76,4337850
2021/12/24,600056.sh,7.78,7.89,7.69,7.80,12037114
2021/12/27,600056.sh,7.82,8.07,7.79,8.02,19415083
2021/12/28,600056.sh,7.99,7.99,7.85,7.88,10701098
2021/12/29,600056.sh,7.84,7.95,7.82,7.85,6905859
2021/12/30,600056.sh,7.85,7.91,7.75,7.90,10181109
2021/12/31,600056.sh,7.89,8.07,7.85,8.00,13666928
2022/1/4,600056.sh,8.00,8.24,7.97,8.15,23340443
2022/1/5,600056.sh,8.14,8.15,7.92,7.96,14014437
2022/1/6,600056.sh,7.92,8.05,7.89,8.05,9079176
2022/1/7,600056.sh,8.05,8.13,7.99,7.99,10051315
2022/1/10,600056.sh,7.96,8.05,7.93,7.99,7795004
2022/1/11,600056.sh,7.96,8.22,7.96,8.09,16110080
2022/1/12,600056.sh,8.09,8.18,8.01,8.11,12925378
2022/1/13,600056.sh,8.13,8.15,7.95,7.96,10978279
2022/1/14,600056.sh,7.95,8.09,7.93,8.00,10334138
2022/1/17,600056.sh,8.03,8.06,7.93,7.94,9676145
2022/1/18,600056.sh,7.93,7.94,7.71,7.72,13143724
2022/1/19,600056.sh,7.71,7.78,7.69,7.75,5774450
2022/1/20,600056.sh,7.74,7.84,7.69,7.71,6635079
2022/1/21,600056.sh,7.72,7.74,7.57,7.61,6804447
2022/1/24,600056.sh,7.59,7.63,7.55,7.55,3811749
2022/1/25,600056.sh,7.55,7.57,7.36,7.37,7124049
2022/1/26,600056.sh,7.38,7.42,7.37,7.42,3539308
2022/1/27,600056.sh,7.42,7.43,7.24,7.25,5886508
2022/1/28,600056.sh,7.27,7.38,7.25,7.33,4471417
2022/2/7,600056.sh,7.23,7.23,7.02,7.11,10984622
2022/2/8,600056.sh,7.10,7.19,7.08,7.19,6027685
2022/2/9,600056.sh,7.18,7.31,7.17,7.30,6583757
2022/2/10,600056.sh,7.30,7.36,7.27,7.33,3926858
2022/2/11,600056.sh,7.29,7.33,7.23,7.27,5161235
2022/2/14,600056.sh,7.23,7.33,7.23,7.29,4201652
2022/2/15,600056.sh,7.29,7.36,7.24,7.34,3237000
2022/2/16,600056.sh,7.36,7.38,7.31,7.34,2796170
2022/2/17,600056.sh,7.33,7.36,7.27,7.31,2811406
2022/2/18,600056.sh,7.30,7.34,7.28,7.34,2833151
2022/2/21,600056.sh,7.35,7.41,7.32,7.40,3835832
2022/2/22,600056.sh,7.38,7.40,7.31,7.34,3934200
2022/2/23,600056.sh,7.34,7.40,7.34,7.36,3840300
2022/2/24,600056.sh,7.36,7.36,7.13,7.19,6615331
2022/2/25,600056.sh,7.19,7.29,7.19,7.26,4108200
2022/2/28,600056.sh,7.29,7.55,7.26,7.46,11162352
2022/3/1,600056.sh,7.55,7.59,7.45,7.52,7557707
2022/3/2,600056.sh,7.53,8.27,7.43,8.27,56517946
2022/3/3,600056.sh,8.59,9.10,8.46,9.10,107049954
2022/3/4,600056.sh,10.00,10.00,10.00,10.00,26222977
2022/3/7,600056.sh,11.01,11.01,11.01,11.01,11262081
2022/3/8,600056.sh,11.77,12.11,11.05,11.43,266208310
2022/3/9,600056.sh,10.28,11.79,10.28,11.72,184563840
2022/3/10,600056.sh,12.89,12.89,12.89,12.89,20960619
2022/3/11,600056.sh,14.18,14.18,14.18,14.18,46826241
2022/3/14,600056.sh,15.59,15.59,15.59,15.59,5503628
2022/3/15,600056.sh,15.58,17.14,14.80,16.93,269574472
2022/3/16,600056.sh,17.95,18.62,16.61,18.62,177363333
2022/3/17,600056.sh,19.30,20.48,18.96,20.48,103900899
2022/3/18,600056.sh,20.89,22.53,19.98,22.53,210151842
2022/3/21,600056.sh,21.74,24.78,21.34,24.78,171871197
2022/3/22,600056.sh,25.06,26.08,23.10,23.71,210123998
2022/3/23,600056.sh,23.43,24.71,21.64,21.90,213719988
2022/3/24,600056.sh,21.54,24.09,21.18,23.65,230850542
2022/3/25,600056.sh,22.96,23.26,21.29,21.29,177878319
2022/3/28,600056.sh,21.90,22.93,21.58,22.52,152209159
2022/3/29,600056.sh,21.84,24.78,21.41,24.78,219023280
2022/3/30,600056.sh,24.37,27.25,24.03,27.25,138191578
2022/3/31,600056.sh,29.11,29.98,24.59,24.63,266090631
2022/4/1,600056.sh,23.03,24.01,22.16,22.16,216169621
2022/4/6,600056.sh,22.94,23.16,21.67,22.00,148769120
2022/4/7,600056.sh,21.40,21.88,20.02,20.45,152599602
2022/4/8,600056.sh,20.32,20.45,18.77,18.90,135681773
2022/4/11,600056.sh,18.90,19.60,18.51,19.37,137335653
2022/4/12,600056.sh,19.15,19.51,17.81,19.49,151545010
2022/4/13,600056.sh,18.89,19.19,17.54,17.54,118804631
2022/4/14,600056.sh,17.47,18.54,17.36,18.02,108732991
2022/4/15,600056.sh,17.61,19.56,17.41,18.15,158777860
2022/4/18,600056.sh,17.53,17.69,16.39,16.42,126960961
2022/4/19,600056.sh,16.28,16.78,16.23,16.46,75017700
2022/4/20,600056.sh,16.45,16.49,15.10,15.31,103091416
2022/4/21,600056.sh,15.31,15.56,14.75,14.85,85712087
2022/4/22,600056.sh,14.56,14.69,13.93,13.93,86422486
2022/4/25,600056.sh,13.93,14.48,13.68,13.72,98732733
2022/4/26,600056.sh,13.55,14.12,13.21,13.91,90397643
2022/4/27,600056.sh,13.57,13.87,12.83,13.76,103591088
2022/4/28,600056.sh,13.51,14.50,13.27,14.38,147940868
2022/4/29,600056.sh,14.02,15.00,13.88,14.33,154980839
2022/5/5,600056.sh,14.09,15.76,13.95,15.76,105113802
2022/5/6,600056.sh,16.51,17.34,16.26,17.34,126564898
2022/5/9,600056.sh,19.07,19.07,17.80,17.90,245678313
2022/5/10,600056.sh,16.93,19.64,16.19,18.38,227346543
2022/5/11,600056.sh,17.96,19.64,17.53,17.55,210416700
2022/5/12,600056.sh,16.86,17.34,16.40,16.57,137679296
2022/5/13,600056.sh,16.83,17.00,16.04,16.24,91582359
2022/5/16,600056.sh,16.24,16.46,15.43,15.70,87870005
2022/5/17,600056.sh,15.65,15.68,14.63,14.84,81372530
2022/5/18,600056.sh,14.80,15.01,14.63,14.74,57446803
2022/5/19,600056.sh,14.43,15.20,14.29,14.98,75816149
2022/5/20,600056.sh,14.87,15.29,14.57,14.95,77002120
2022/5/23,600056.sh,15.10,15.42,14.98,15.10,65956278
2022/5/24,600056.sh,15.16,15.19,13.86,13.91,84319871
2022/5/25,600056.sh,13.74,14.41,13.68,14.26,57294792
2022/5/26,600056.sh,14.22,14.36,13.92,14.07,42219220
2022/5/27,600056.sh,14.05,14.30,13.76,14.09,54338888
2022/5/30,600056.sh,14.14,14.45,13.53,14.00,59060256
2022/5/31,600056.sh,13.97,14.01,13.63,13.91,43220298
2022/6/1,600056.sh,13.84,14.01,13.55,13.59,41743971
2022/6/2,600056.sh,13.61,13.67,13.18,13.23,44469346
2022/6/6,600056.sh,13.21,13.55,13.09,13.47,37507601
2022/6/7,600056.sh,13.44,14.82,13.31,14.82,122707926
2022/6/8,600056.sh,14.82,15.92,14.13,14.83,142153516
2022/6/9,600056.sh,14.60,14.96,14.22,14.24,69490656
2022/6/10,600056.sh,14.09,14.41,14.02,14.08,60117654
2022/6/13,600056.sh,14.02,14.05,13.58,13.78,48019790
2022/6/14,600056.sh,13.61,13.77,13.13,13.61,48874153
2022/6/15,600056.sh,13.55,13.86,13.49,13.51,40813578
2022/6/16,600056.sh,13.47,14.08,13.42,13.78,59698678
2022/6/17,600056.sh,13.63,13.68,13.45,13.63,43064096
2022/6/20,600056.sh,13.88,14.29,13.66,14.25,75897532
2022/6/21,600056.sh,14.26,14.54,13.96,14.03,64385361
2022/6/22,600056.sh,13.87,14.83,13.80,14.75,94530394
2022/6/23,600056.sh,14.60,14.60,14.23,14.50,59266629
2022/6/24,600056.sh,14.82,15.74,14.50,14.98,69929723
2022/6/27,600056.sh,14.82,15.16,14.55,14.61,82887596
2022/6/28,600056.sh,14.47,14.47,14.06,14.30,72605701
2022/6/29,600056.sh,14.25,14.49,14.09,14.12,63155801
2022/6/30,600056.sh,14.06,14.51,13.84,14.18,65255840
2022/7/1,600056.sh,14.18,14.18,13.85,13.87,46171975
2022/7/4,600056.sh,14.04,14.52,13.98,14.44,81662809
2022/7/5,600056.sh,14.44,14.52,14.06,14.21,56363416
2022/7/6,600056.sh,14.30,14.43,14.06,14.19,48506112
2022/7/7,600056.sh,14.25,14.32,13.73,13.87,46759436
2022/7/8,600056.sh,13.87,14.19,13.76,14.01,45111169
2022/7/11,600056.sh,14.09,15.42,14.02,15.42,125270442
2022/7/12,600056.sh,16.15,16.74,15.50,16.09,265774234
2022/7/13,600056.sh,15.45,15.58,14.93,15.09,140708813
2022/7/14,600056.sh,14.84,15.50,14.84,15.05,93712566
2022/7/15,600056.sh,14.92,15.05,14.21,14.23,101000160
2022/7/18,600056.sh,14.11,14.45,13.88,14.40,60741377
2022/7/19,600056.sh,14.42,14.42,14.12,14.29,49594815
2022/7/20,600056.sh,14.32,14.53,14.27,14.36,45392971
2022/7/21,600056.sh,14.33,14.76,14.12,14.58,75665612
2022/7/22,600056.sh,14.54,14.54,14.05,14.21,58555322
2022/7/25,600056.sh,14.37,15.02,14.29,14.82,96579880
2022/7/26,600056.sh,14.80,14.80,14.25,14.52,60396601
2022/7/27,600056.sh,14.42,14.69,14.16,14.41,57586241
2022/7/28,600056.sh,14.28,14.43,14.23,14.26,42451543
2022/7/29,600056.sh,14.18,14.23,13.87,13.88,55630560
2022/8/1,600056.sh,13.82,13.84,13.53,13.75,31354530
2022/8/2,600056.sh,13.68,13.68,12.37,12.65,64229549
2022/8/3,600056.sh,12.44,12.85,12.34,12.38,42287509
2022/8/4,600056.sh,12.41,12.56,12.24,12.55,33191847
2022/8/5,600056.sh,12.58,12.77,12.49,12.71,30877637
2022/8/8,600056.sh,12.95,13.97,12.94,13.58,85454641
2022/8/9,600056.sh,13.39,13.39,13.01,13.10,48212290
2022/8/10,600056.sh,13.10,13.24,12.84,12.96,31358801
2022/8/11,600056.sh,12.96,13.16,12.87,13.09,28436312
2022/8/12,600056.sh,13.04,13.15,12.92,13.10,24032356
2022/8/15,600056.sh,13.02,13.05,12.91,12.96,21362453
2022/8/16,600056.sh,12.96,13.04,12.89,12.93,21286346
2022/8/17,600056.sh,12.93,13.00,12.72,12.90,27527092
2022/8/18,600056.sh,12.82,12.83,12.65,12.70,23833352
2022/8/19,600056.sh,12.67,12.95,12.65,12.74,26701762
2022/8/22,600056.sh,12.67,12.84,12.41,12.79,27437815
2022/8/23,600056.sh,12.74,12.74,12.61,12.66,18319864
2022/8/24,600056.sh,12.66,12.80,12.44,12.45,28549458
2022/8/25,600056.sh,12.44,12.48,12.01,12.37,29404412
2022/8/26,600056.sh,12.36,12.50,12.25,12.30,18812433
2022/8/29,600056.sh,12.07,12.43,11.96,12.41,24197435
2022/8/30,600056.sh,12.35,12.60,12.33,12.56,26386428
2022/8/31,600056.sh,12.50,12.51,12.13,12.22,24252052
2022/9/1,600056.sh,12.22,12.91,12.18,12.69,49850927
2022/9/2,600056.sh,12.71,12.80,12.46,12.54,30626211
2022/9/5,600056.sh,12.58,12.68,12.21,12.30,27148873
2022/9/6,600056.sh,12.27,12.62,12.20,12.57,30701081
2022/9/7,600056.sh,12.55,12.70,12.40,12.60,26889907
2022/9/8,600056.sh,12.62,12.67,12.38,12.39,23311667
2022/9/9,600056.sh,12.34,12.84,12.34,12.61,37596795
2022/9/13,600056.sh,12.56,12.91,12.55,12.66,38207134
2022/9/14,600056.sh,12.44,12.67,12.24,12.60,26955736
2022/9/15,600056.sh,12.63,12.74,12.12,12.27,34630641
2022/9/16,600056.sh,12.26,12.26,11.81,11.81,25546081
2022/9/19,600056.sh,11.75,11.88,11.51,11.67,16582066
2022/9/20,600056.sh,11.72,12.02,11.68,11.98,21508191
2022/9/21,600056.sh,11.91,12.10,11.67,12.00,18887110
2022/9/22,600056.sh,11.86,12.07,11.67,11.68,21790977
2022/9/23,600056.sh,11.62,11.72,11.29,11.42,20459257
2022/9/26,600056.sh,11.38,11.55,11.15,11.28,17298626
2022/9/27,600056.sh,11.30,11.73,11.29,11.73,30181598
2022/9/28,600056.sh,11.64,11.84,11.31,11.31,28266195
2022/9/29,600056.sh,11.36,11.57,11.11,11.12,28364655
2022/9/30,600056.sh,11.05,11.75,11.01,11.52,48136455
2022/10/10,600056.sh,11.57,11.81,11.13,11.25,33229614
2022/10/11,600056.sh,11.26,11.32,10.75,11.15,26858427
2022/10/12,600056.sh,11.07,11.53,10.88,11.49,27659770
2022/10/13,600056.sh,11.43,11.73,11.37,11.55,25237275
2022/10/14,600056.sh,11.59,12.34,11.58,12.09,56719507
2022/10/17,600056.sh,12.00,12.44,11.97,12.23,49195843
2022/10/18,600056.sh,12.23,12.79,11.99,12.46,69906887
2022/10/19,600056.sh,12.34,12.35,11.99,12.10,43589254
2022/10/20,600056.sh,12.01,12.64,11.95,12.25,53332258
2022/10/21,600056.sh,12.11,12.39,12.00,12.00,33580688
2022/10/24,600056.sh,12.01,12.21,11.54,11.60,32746634
2022/10/25,600056.sh,11.60,11.65,11.20,11.44,24187442
2022/10/26,600056.sh,11.54,12.10,11.53,11.96,45246718
2022/10/27,600056.sh,11.90,12.32,11.84,12.21,48826616
2022/10/28,600056.sh,12.11,12.26,11.62,11.69,34849718
2022/10/31,600056.sh,11.72,12.29,11.50,12.07,50314420
2022/11/1,600056.sh,12.04,13.28,11.82,13.28,90657380
2022/11/2,600056.sh,13.39,14.61,13.20,13.98,242590170
2022/11/3,600056.sh,13.54,14.60,13.47,13.82,181178418
2022/11/4,600056.sh,13.79,14.60,13.57,14.11,150069627
2022/11/7,600056.sh,14.11,14.35,13.85,14.06,113104162
2022/11/8,600056.sh,13.97,14.23,13.46,14.13,105644138
2022/11/9,600056.sh,13.97,15.25,13.85,14.54,141109730
2022/11/10,600056.sh,14.35,14.95,14.01,14.49,114958182
2022/11/11,600056.sh,14.67,15.35,13.68,14.09,184020470
2022/11/14,600056.sh,13.73,14.80,13.54,14.67,137816680
2022/11/15,600056.sh,14.64,14.64,14.23,14.46,102284208
2022/11/16,600056.sh,14.44,14.83,14.06,14.14,87994093
2022/11/17,600056.sh,14.06,14.52,13.99,14.30,81244451
2022/11/18,600056.sh,14.16,15.74,14.09,15.74,229377494
2022/11/21,600056.sh,16.04,17.31,15.74,17.31,281463502
2022/11/22,600056.sh,17.31,18.19,16.35,16.88,240624155
2022/11/23,600056.sh,16.62,17.07,15.20,15.27,184942162
2022/11/24,600056.sh,15.30,16.69,14.85,16.39,187133374
2022/11/25,600056.sh,15.78,16.00,15.08,15.64,110645107
2022/11/28,600056.sh,15.30,16.11,15.21,15.61,101189452
2022/11/29,600056.sh,15.32,16.26,15.27,16.12,139517868
2022/11/30,600056.sh,16.07,16.33,15.59,16.09,113432196
2022/12/1,600056.sh,16.18,16.27,14.90,15.46,110226820
2022/12/2,600056.sh,15.28,15.62,15.21,15.40,67931921
2022/12/5,600056.sh,15.57,15.88,15.21,15.68,96563889
2022/12/6,600056.sh,15.52,16.12,15.24,15.38,105152767
2022/12/7,600056.sh,15.24,15.37,14.44,15.15,100082449
2022/12/8,600056.sh,15.15,16.59,14.98,15.95,161809932
2022/12/9,600056.sh,15.75,16.37,15.57,15.72,119142953
2022/12/12,600056.sh,15.60,17.16,15.60,16.84,162594675
2022/12/13,600056.sh,16.84,17.34,16.26,16.74,125415407
2022/12/14,600056.sh,17.38,17.38,15.90,16.04,115859079
2022/12/15,600056.sh,17.65,17.65,16.93,17.65,91719641
2022/12/16,600056.sh,19.42,19.42,19.42,19.42,13223697
2022/12/19,600056.sh,21.36,21.36,20.00,21.36,316164780
2022/12/20,600056.sh,20.09,21.32,19.23,19.23,204248654
2022/12/21,600056.sh,17.85,20.37,17.51,20.02,250578090
2022/12/22,600056.sh,19.43,19.60,18.27,18.36,151749570
2022/12/23,600056.sh,18.26,18.92,17.29,17.50,133244183
2022/12/26,600056.sh,17.87,19.25,17.60,19.25,175922401
2022/12/27,600056.sh,19.58,19.90,17.52,18.08,178719136
2022/12/28,600056.sh,17.88,18.88,17.79,18.29,140407988
2022/12/29,600056.sh,17.91,18.38,17.65,17.73,97023883
2022/12/30,600056.sh,17.73,17.79,16.36,16.48,126497077
2023/1/3,600056.sh,16.48,16.86,16.35,16.56,79056512
2023/1/4,600056.sh,16.45,16.51,15.81,15.86,102670012
2023/1/5,600056.sh,15.85,15.93,15.51,15.76,69068848
2023/1/6,600056.sh,15.77,15.91,15.59,15.66,55465056
2023/1/9,600056.sh,15.45,15.70,15.31,15.50,63020682
2023/1/10,600056.sh,15.45,15.49,15.09,15.11,59163689
2023/1/11,600056.sh,14.92,15.00,14.64,14.68,68524266
2023/1/12,600056.sh,14.68,14.82,14.45,14.53,45552010
2023/1/13,600056.sh,14.56,14.63,14.41,14.57,38951099
2023/1/16,600056.sh,14.60,14.93,14.60,14.78,52186773
2023/1/17,600056.sh,14.83,14.83,14.41,14.44,41595748
2023/1/18,600056.sh,14.48,14.52,14.42,14.42,22704311
2023/1/19,600056.sh,14.42,14.52,14.19,14.29,32131302
2023/1/20,600056.sh,14.31,14.58,14.31,14.58,34362749
2023/1/30,600056.sh,14.59,14.63,14.20,14.54,39540116
2023/1/31,600056.sh,14.49,14.65,14.35,14.58,29980023
2023/2/1,600056.sh,14.62,14.82,14.59,14.82,42447093
2023/2/2,600056.sh,14.84,14.96,14.73,14.84,39807247
2023/2/3,600056.sh,14.86,14.88,14.46,14.58,37901124
2023/2/6,600056.sh,14.58,14.64,14.42,14.43,26386612
2023/2/7,600056.sh,14.43,14.54,14.28,14.38,29671580
2023/2/8,600056.sh,14.38,14.44,14.30,14.33,17887867
2023/2/9,600056.sh,14.29,14.42,14.17,14.42,28305898
2023/2/10,600056.sh,14.40,14.51,14.26,14.31,27255537
2023/2/13,600056.sh,14.31,14.50,14.28,14.49,30210159
2023/2/14,600056.sh,14.49,14.58,14.42,14.57,31874650
2023/2/15,600056.sh,14.58,14.68,14.45,14.47,34041096
2023/2/16,600056.sh,14.46,15.02,14.46,14.81,98322085
2023/2/17,600056.sh,14.64,15.97,14.44,15.67,151504880
2023/2/20,600056.sh,15.43,15.50,15.02,15.28,83347582
2023/2/21,600056.sh,15.21,15.37,15.11,15.23,44751514
2023/2/22,600056.sh,15.12,15.48,15.09,15.26,49733336
2023/2/23,600056.sh,15.20,15.21,14.86,14.91,50330803
2023/2/24,600056.sh,14.91,14.97,14.74,14.81,24190351
2023/2/27,600056.sh,14.81,14.96,14.76,14.80,25179824
2023/2/28,600056.sh,14.79,15.15,14.71,15.08,42273261
2023/3/1,600056.sh,15.11,15.27,14.96,15.19,42969877
2023/3/2,600056.sh,15.16,15.26,14.98,14.99,38802964
2023/3/3,600056.sh,15.05,15.11,14.89,15.03,25741562
2023/3/6,600056.sh,15.08,15.36,14.98,15.15,42177788
2023/3/7,600056.sh,15.14,15.40,15.09,15.22,61254069
2023/3/8,600056.sh,15.22,15.23,14.64,14.83,45176468
2023/3/9,600056.sh,14.81,14.99,14.53,14.57,34138171
2023/3/10,600056.sh,14.50,14.50,13.88,13.98,41900380
2023/3/13,600056.sh,13.86,14.07,13.71,14.04,22925922
2023/3/14,600056.sh,14.04,14.13,13.39,13.55,38273373
2023/3/15,600056.sh,13.59,14.02,13.59,13.92,35404205
2023/3/16,600056.sh,13.92,14.10,13.73,13.79,30848904
2023/3/17,600056.sh,13.80,13.87,13.58,13.65,27212209
2023/3/20,600056.sh,13.64,13.64,13.40,13.42,24688916
2023/3/21,600056.sh,13.42,13.60,13.42,13.56,17386477
2023/3/22,600056.sh,13.55,13.69,13.42,13.58,17816754
2023/3/23,600056.sh,13.54,13.56,13.43,13.53,18741718
2023/3/24,600056.sh,13.57,13.68,13.41,13.45,21748712
2023/3/27,600056.sh,13.44,13.44,13.21,13.31,21905656
2023/3/28,600056.sh,13.25,13.46,13.24,13.42,19352550
2023/3/29,600056.sh,13.42,13.42,13.11,13.15,23140653
2023/3/30,600056.sh,13.11,13.15,12.85,13.02,24122321
2023/3/31,600056.sh,13.06,13.24,13.06,13.12,16561670
2023/4/3,600056.sh,13.15,13.23,13.09,13.18,16223259
2023/4/4,600056.sh,13.19,13.30,13.11,13.16,20839140
2023/4/6,600056.sh,13.16,13.68,13.16,13.54,40068343
2023/4/7,600056.sh,13.54,13.58,13.40,13.47,18858169
2023/4/10,600056.sh,13.47,13.47,13.18,13.20,23887636
2023/4/11,600056.sh,13.20,13.27,13.12,13.21,13546672
2023/4/12,600056.sh,13.23,13.32,13.14,13.18,15642531
2023/4/13,600056.sh,13.15,13.17,12.95,13.09,16325466
2023/4/14,600056.sh,13.11,13.23,13.06,13.14,14041239
2023/4/17,600056.sh,13.14,13.28,12.95,13.26,19835504
2023/4/18,600056.sh,13.21,13.21,13.10,13.12,13241367
2023/4/19,600056.sh,13.13,13.13,12.88,12.90,19807840
2023/4/20,600056.sh,12.90,12.91,12.63,12.66,18928255
2023/4/21,600056.sh,12.66,13.19,12.64,12.92,34723768
2023/4/24,600056.sh,13.15,13.67,13.04,13.60,64622984
2023/4/25,600056.sh,13.47,13.47,12.91,13.07,35149868
2023/4/26,600056.sh,12.97,13.26,12.94,13.20,20858316
2023/4/27,600056.sh,13.20,13.91,13.07,13.70,53302313
2023/4/28,600056.sh,13.53,13.65,13.31,13.61,36715329
2023/5/4,600056.sh,13.46,13.85,13.37,13.64,35248309
2023/5/5,600056.sh,13.70,13.91,13.34,13.41,33530673
2023/5/8,600056.sh,13.39,13.75,13.20,13.59,39005679
2023/5/9,600056.sh,13.61,14.83,13.50,14.28,102892763
2023/5/10,600056.sh,14.16,14.23,13.85,13.99,48265259
2023/5/11,600056.sh,14.00,14.02,13.71,13.79,30213761
2023/5/12,600056.sh,13.81,14.29,13.72,14.20,52213970
2023/5/15,600056.sh,14.20,14.25,13.78,14.11,40108105
2023/5/16,600056.sh,13.97,14.83,13.93,14.56,75509929
2023/5/17,600056.sh,14.35,14.54,14.23,14.44,38492361
2023/5/18,600056.sh,14.49,14.73,14.18,14.20,40573720
2023/5/19,600056.sh,14.20,14.20,13.80,13.81,37924979
2023/5/22,600056.sh,13.72,13.92,13.64,13.77,22842734
2023/5/23,600056.sh,13.79,14.48,13.78,14.16,58392203
2023/5/24,600056.sh,14.06,14.08,13.47,13.49,46844194
2023/5/25,600056.sh,13.42,13.43,12.97,13.12,38262190
2023/5/26,600056.sh,13.09,13.29,12.91,13.23,22034742
2023/5/29,600056.sh,13.23,13.32,13.09,13.14,17475165
2023/5/30,600056.sh,13.09,13.13,12.88,13.10,19342353
2023/5/31,600056.sh,13.10,13.29,12.99,13.20,18917279
2023/6/1,600056.sh,13.13,13.20,12.97,13.08,17260639
2023/6/2,600056.sh,13.03,13.13,12.99,13.11,15418728
2023/6/5,600056.sh,13.12,13.38,13.12,13.34,24631671
2023/6/6,600056.sh,13.30,13.30,13.03,13.08,17091847
2023/6/7,600056.sh,13.08,13.11,12.88,12.91,16862636
2023/6/8,600056.sh,12.91,12.96,12.72,12.84,15895385
2023/6/9,600056.sh,12.84,12.98,12.79,12.87,11703747
2023/6/12,600056.sh,12.87,12.90,12.70,12.88,11116758
2023/6/13,600056.sh,12.87,12.88,12.75,12.80,10097512
2023/6/14,600056.sh,12.78,12.88,12.75,12.77,11321033
2023/6/15,600056.sh,12.76,12.87,12.66,12.85,15641229
2023/6/16,600056.sh,12.85,13.04,12.85,12.98,18574624
2023/6/19,600056.sh,13.01,13.04,12.80,12.82,16380630
2023/6/20,600056.sh,12.79,12.96,12.77,12.79,12467978
2023/6/21,600056.sh,12.83,12.84,12.63,12.64,15314108
2023/6/26,600056.sh,12.58,12.58,12.32,12.32,15591579
2023/6/27,600056.sh,12.32,12.52,12.32,12.49,9107840
2023/6/28,600056.sh,12.55,12.55,12.33,12.43,8719066
2023/6/29,600056.sh,12.43,12.52,12.41,12.45,7430282
2023/6/30,600056.sh,12.41,12.64,12.41,12.56,9845864
2023/7/3,600056.sh,12.56,12.70,12.55,12.70,11831872
2023/7/4,600056.sh,12.70,12.72,12.60,12.70,9758601
2023/7/5,600056.sh,12.70,12.81,12.62,12.66,10012403
2023/7/6,600056.sh,12.64,12.64,12.48,12.48,10470740
2023/7/7,600056.sh,12.45,12.56,12.43,12.48,6920513
2023/7/10,600056.sh,12.48,12.58,12.48,12.54,5766649
2023/7/11,600056.sh,12.55,12.58,12.47,12.53,6287740
2023/7/12,600056.sh,12.50,12.51,12.40,12.41,8322129
2023/7/13,600056.sh,12.41,12.51,12.41,12.51,8069800
2023/7/14,600056.sh,12.51,12.52,12.46,12.48,6109214
2023/7/17,600056.sh,12.46,12.50,12.40,12.48,6638984
2023/7/18,600056.sh,12.45,12.47,12.41,12.43,5252344
2023/7/19,600056.sh,12.43,12.48,12.41,12.46,4699892
2023/7/20,600056.sh,12.48,12.71,12.48,12.56,16495742
2023/7/21,600056.sh,12.58,12.64,12.45,12.61,10540381
2023/7/24,600056.sh,12.65,12.74,12.56,12.69,13396334
2023/7/25,600056.sh,12.69,12.77,12.64,12.76,16035569
2023/7/26,600056.sh,12.77,12.85,12.69,12.71,12654421
2023/7/27,600056.sh,12.77,12.77,12.60,12.62,10858903
2023/7/28,600056.sh,12.61,12.75,12.52,12.74,15371037
2023/7/31,600056.sh,12.75,12.80,12.70,12.73,16564824
2023/8/1,600056.sh,12.71,12.77,12.64,12.68,10560699
2023/8/2,600056.sh,12.65,12.65,12.53,12.55,12593925
2023/8/3,600056.sh,12.50,12.86,12.49,12.78,21958773
2023/8/4,600056.sh,12.79,12.83,12.72,12.73,16924403
2023/8/7,600056.sh,12.70,12.71,12.56,12.59,11691545
2023/8/8,600056.sh,12.56,12.87,12.42,12.79,28858637
2023/8/9,600056.sh,12.72,13.11,12.68,13.01,46454314
2023/8/10,600056.sh,12.88,12.99,12.78,12.81,21772727
2023/8/11,600056.sh,12.83,13.40,12.79,13.04,53207549
2023/8/14,600056.sh,12.97,13.20,12.80,13.11,36182124
2023/8/15,600056.sh,13.03,13.74,12.82,13.48,67752838
2023/8/16,600056.sh,13.29,13.63,13.15,13.16,44904018
2023/8/17,600056.sh,13.10,13.37,12.98,13.14,30752918
2023/8/18,600056.sh,13.06,13.06,12.58,12.58,35300104
2023/8/21,600056.sh,12.48,12.55,12.34,12.38,17810129
2023/8/22,600056.sh,12.36,12.45,11.69,11.99,31983209
2023/8/23,600056.sh,11.97,12.19,11.82,11.88,16599651
2023/8/24,600056.sh,11.82,11.96,11.73,11.91,12708622
2023/8/25,600056.sh,11.91,11.94,11.74,11.77,10433035
2023/8/28,600056.sh,12.28,12.35,11.87,11.93,19638309
2023/8/29,600056.sh,11.90,12.08,11.82,12.06,13391357
2023/8/30,600056.sh,12.02,12.12,11.95,12.01,11888988
2023/8/31,600056.sh,11.97,12.17,11.83,12.11,19005430
2023/9/1,600056.sh,12.05,12.07,11.95,12.04,10020714
2023/9/4,600056.sh,12.05,12.12,12.01,12.12,11119910
2023/9/5,600056.sh,12.12,12.17,12.00,12.04,11064399
2023/9/6,600056.sh,12.00,12.02,11.91,11.95,8148781
2023/9/7,600056.sh,11.92,11.94,11.79,11.80,9262954
2023/9/8,600056.sh,11.80,11.87,11.77,11.80,6186321
2023/9/11,600056.sh,11.81,12.00,11.80,12.00,12231961
2023/9/12,600056.sh,12.03,12.12,11.96,11.98,11544864
2023/9/13,600056.sh,12.00,12.02,11.83,11.89,8847340
2023/9/14,600056.sh,11.90,11.98,11.86,11.89,7968100
2023/9/15,600056.sh,11.91,12.02,11.85,11.97,10584827
2023/9/18,600056.sh,11.91,12.02,11.90,11.99,9058663
2023/9/19,600056.sh,11.99,12.09,11.95,12.01,10166218
2023/9/20,600056.sh,11.96,12.06,11.91,11.92,8681905
2023/9/21,600056.sh,11.89,11.90,11.72,11.73,10520538
2023/9/22,600056.sh,11.73,11.89,11.63,11.89,10867787
2023/9/25,600056.sh,11.89,12.03,11.84,11.98,14966130
2023/9/26,600056.sh,11.96,12.01,11.82,11.84,8028037
2023/9/27,600056.sh,11.79,12.06,11.77,12.00,15935720
2023/9/28,600056.sh,12.02,12.09,11.96,11.98,12018959
2023/10/9,600056.sh,11.96,12.02,11.79,12.01,9607511
2023/10/10,600056.sh,11.97,11.98,11.75,11.77,14047940
2023/10/11,600056.sh,11.81,12.06,11.80,11.91,17826121
2023/10/12,600056.sh,11.95,12.24,11.95,12.06,17167983
2023/10/13,600056.sh,12.02,12.29,11.99,12.21,25314286
2023/10/16,600056.sh,12.30,12.37,12.07,12.13,18012422
2023/10/17,600056.sh,12.12,12.12,11.91,12.00,11771803
2023/10/18,600056.sh,12.00,12.00,11.72,11.73,15022845
2023/10/19,600056.sh,11.71,11.71,11.20,11.21,23835378
2023/10/20,600056.sh,11.11,11.31,10.98,11.22,11662397
2023/10/23,600056.sh,11.20,11.20,10.78,10.84,11659904
2023/10/24,600056.sh,10.89,11.08,10.85,11.01,8929752
2023/10/25,600056.sh,11.05,11.18,11.01,11.09,9850620
2023/10/26,600056.sh,11.02,11.15,10.96,11.13,7133137
2023/10/27,600056.sh,11.11,11.53,11.01,11.47,19263220
2023/10/30,600056.sh,11.40,11.64,11.36,11.52,14346557
2023/10/31,600056.sh,11.49,11.61,11.42,11.55,11668640
2023/11/1,600056.sh,11.57,11.60,11.38,11.50,9710141
2023/11/2,600056.sh,11.52,11.56,11.40,11.40,7133122
2023/11/3,600056.sh,11.40,11.52,11.40,11.45,7034455
2023/11/6,600056.sh,11.52,11.71,11.52,11.70,13435384
2023/11/7,600056.sh,11.70,11.82,11.63,11.72,11295349
2023/11/8,600056.sh,11.73,11.93,11.68,11.82,13988786
2023/11/9,600056.sh,11.82,11.94,11.63,11.63,12561215
2023/11/10,600056.sh,11.61,11.81,11.51,11.71,11325920
2023/11/13,600056.sh,11.73,11.79,11.51,11.63,12323532
2023/11/14,600056.sh,11.65,11.73,11.58,11.65,8293517
2023/11/15,600056.sh,11.73,11.76,11.62,11.69,7956047
2023/11/16,600056.sh,11.68,11.68,11.52,11.54,7676397
2023/11/17,600056.sh,11.52,11.68,11.50,11.66,9922093
2023/11/20,600056.sh,11.66,11.83,11.66,11.76,11903007
2023/11/21,600056.sh,11.80,11.87,11.72,11.77,10979357
2023/11/22,600056.sh,11.78,11.83,11.69,11.69,9224421
2023/11/23,600056.sh,11.75,11.88,11.73,11.87,14416033
2023/11/24,600056.sh,11.87,12.04,11.82,11.95,23316529
2023/11/27,600056.sh,12.08,12.11,11.71,11.72,21064469
2023/11/28,600056.sh,11.69,11.83,11.50,11.76,17705999
2023/11/29,600056.sh,11.71,11.75,11.46,11.49,13701864
2023/11/30,600056.sh,11.63,11.65,11.42,11.63,13070796
2023/12/1,600056.sh,11.58,11.80,11.54,11.68,12184438
2023/12/4,600056.sh,11.69,11.77,11.57,11.61,10928521
2023/12/5,600056.sh,11.61,11.61,11.37,11.37,12229940
2023/12/6,600056.sh,11.35,11.47,11.24,11.37,9170435
2023/12/7,600056.sh,11.38,11.38,11.17,11.22,8900680
2023/12/8,600056.sh,11.18,11.24,11.08,11.13,10518408
2023/12/11,600056.sh,11.05,11.25,10.95,11.25,9310007
2023/12/12,600056.sh,11.24,11.31,11.21,11.30,7041621
2023/12/13,600056.sh,11.30,11.61,11.27,11.42,19395411
2023/12/14,600056.sh,11.40,11.52,11.28,11.31,10097320
2023/12/15,600056.sh,11.30,11.33,11.04,11.08,12189581
2023/12/18,600056.sh,11.04,11.17,10.94,10.97,8754650
2023/12/19,600056.sh,10.97,10.99,10.79,10.86,10229780
2023/12/20,600056.sh,10.86,10.89,10.77,10.77,6953019
2023/12/21,600056.sh,10.75,10.82,10.57,10.80,9669221
2023/12/22,600056.sh,10.81,10.81,10.64,10.68,8021462
2023/12/25,600056.sh,10.68,10.75,10.62,10.72,5431125
2023/12/26,600056.sh,10.72,10.72,10.57,10.58,5231181
2023/12/27,600056.sh,10.58,10.61,10.37,10.56,7556919
2023/12/28,600056.sh,10.56,10.76,10.47,10.74,8873638
2023/12/29,600056.sh,10.74,10.82,10.67,10.81,7436365
2024/1/2,600056.sh,10.81,10.88,10.75,10.79,7867036
2024/1/3,600056.sh,10.77,10.95,10.75,10.84,8789703
2024/1/4,600056.sh,10.84,10.86,10.72,10.79,6437485
2024/1/5,600056.sh,10.80,10.83,10.65,10.67,6610631
2024/1/8,600056.sh,10.65,10.66,10.45,10.46,8508564
2024/1/9,600056.sh,10.45,10.54,10.39,10.40,8251775
2024/1/10,600056.sh,10.40,10.41,10.21,10.28,6775230
2024/1/11,600056.sh,10.28,10.41,10.27,10.40,6693572
2024/1/12,600056.sh,10.40,10.47,10.34,10.35,5048804
2024/1/15,600056.sh,10.33,10.46,10.31,10.39,5214065
2024/1/16,600056.sh,10.40,10.44,10.27,10.39,5313522
2024/1/17,600056.sh,10.37,10.48,10.28,10.28,6840735
2024/1/18,600056.sh,10.21,10.23,9.86,10.15,11888204
2024/1/19,600056.sh,10.11,10.15,10.02,10.04,5270384
2024/1/22,600056.sh,10.02,10.03,9.59,9.62,11121034
2024/1/23,600056.sh,9.61,9.77,9.46,9.70,7751292
2024/1/24,600056.sh,9.76,9.87,9.53,9.85,9041062
2024/1/25,600056.sh,9.85,10.84,9.80,10.84,26016539
2024/1/26,600056.sh,10.99,11.84,10.86,11.09,61543231
2024/1/29,600056.sh,10.92,11.30,10.82,10.88,35035941
2024/1/30,600056.sh,10.75,10.85,10.35,10.39,30439956
2024/1/31,600056.sh,10.45,10.62,10.11,10.16,21621278
2024/2/1,600056.sh,10.04,10.81,9.93,10.43,30745140
2024/2/2,600056.sh,10.33,10.52,9.69,10.08,25617358
2024/2/5,600056.sh,10.09,10.16,9.49,9.92,23365883
2024/2/6,600056.sh,9.77,10.70,9.68,10.66,28258031
2024/2/7,600056.sh,10.59,11.11,10.55,11.00,35596952
2024/2/8,600056.sh,10.99,11.31,10.82,10.90,31507006
2024/2/19,600056.sh,10.91,10.96,10.69,10.84,20515447
2024/2/20,600056.sh,10.79,11.14,10.61,11.10,26886655
2024/2/21,600056.sh,10.95,11.22,10.86,10.98,29206965
2024/2/22,600056.sh,10.96,11.08,10.88,11.04,22529418
2024/2/23,600056.sh,11.07,11.08,10.90,11.03,17974567
2024/2/26,600056.sh,11.03,11.12,10.89,11.02,17729488
2024/2/27,600056.sh,10.95,11.12,10.92,11.10,17646869
2024/2/28,600056.sh,11.08,11.41,10.85,10.86,30649333
2024/2/29,600056.sh,10.84,11.06,10.78,10.96,27503488
2024/3/1,600056.sh,11.00,11.06,10.88,10.95,15904873
2024/3/4,600056.sh,10.91,11.17,10.89,11.14,23247731
2024/3/5,600056.sh,11.09,11.09,10.91,10.94,18158620
2024/3/6,600056.sh,10.90,10.93,10.73,10.86,15474420
2024/3/7,600056.sh,10.81,10.88,10.65,10.65,14944594
2024/3/8,600056.sh,10.64,10.81,10.63,10.76,9783581
2024/3/11,600056.sh,10.78,10.88,10.72,10.87,12317785
2024/3/12,600056.sh,10.86,11.11,10.84,11.03,21444727
2024/3/13,600056.sh,10.99,10.99,10.85,10.91,13053834
2024/3/14,600056.sh,11.06,11.22,10.90,10.95,19803571
2024/3/15,600056.sh,10.89,11.00,10.82,10.93,12844179
2024/3/18,600056.sh,10.93,11.07,10.90,11.05,16449464
2024/3/19,600056.sh,11.02,11.13,10.94,10.94,13200854
2024/3/20,600056.sh,10.92,11.03,10.86,10.98,11112999
2024/3/21,600056.sh,10.97,11.02,10.90,10.93,9675333
2024/3/22,600056.sh,10.93,10.93,10.69,10.74,14088623
2024/3/25,600056.sh,10.71,10.77,10.59,10.61,10178192
2024/3/26,600056.sh,10.60,10.64,10.50,10.56,8282680
2024/3/27,600056.sh,10.52,10.62,10.47,10.48,7866340
2024/3/28,600056.sh,10.46,10.60,10.41,10.49,8777983
2024/3/29,600056.sh,10.49,10.65,10.46,10.65,8538744
2024/4/1,600056.sh,10.64,10.79,10.62,10.77,9170073
2024/4/2,600056.sh,10.75,10.80,10.62,10.67,8564451
2024/4/3,600056.sh,10.67,10.73,10.61,10.67,6468612
2024/4/8,600056.sh,10.66,10.67,10.50,10.50,7967915
2024/4/9,600056.sh,10.50,10.59,10.47,10.59,5876265
2024/4/10,600056.sh,10.55,10.57,10.33,10.39,7448178
2024/4/11,600056.sh,10.32,10.45,10.32,10.36,5709386
2024/4/12,600056.sh,10.34,10.39,10.21,10.23,7995065
2024/4/15,600056.sh,10.21,10.53,10.14,10.45,13252971
2024/4/16,600056.sh,10.40,11.25,10.35,10.71,37024473
2024/4/17,600056.sh,10.48,11.07,10.33,10.94,33553578
2024/4/18,600056.sh,10.85,10.98,10.80,10.81,21645632
2024/4/19,600056.sh,10.80,10.89,10.75,10.82,13895689
2024/4/22,600056.sh,10.80,10.89,10.63,10.65,14716342
2024/4/23,600056.sh,10.65,10.68,10.48,10.52,10942315
2024/4/24,600056.sh,10.53,10.58,10.41,10.58,9503658
2024/4/25,600056.sh,10.53,10.63,10.51,10.55,7771089
2024/4/26,600056.sh,10.51,10.64,10.50,10.62,12072880
2024/4/29,600056.sh,10.77,11.03,10.77,11.01,32682349
2024/4/30,600056.sh,10.89,10.90,10.70,10.76,23388283
2024/5/6,600056.sh,10.84,10.97,10.82,10.95,19153003
2024/5/7,600056.sh,10.92,11.01,10.88,11.00,16656075
2024/5/8,600056.sh,11.01,11.10,10.91,10.92,15010093
2024/5/9,600056.sh,10.88,11.05,10.85,11.03,17356964
2024/5/10,600056.sh,11.03,11.07,10.93,10.96,11667360
2024/5/13,600056.sh,11.01,11.08,10.89,10.97,17220357
2024/5/14,600056.sh,10.93,11.16,10.92,11.06,18688852
2024/5/15,600056.sh,10.99,11.15,10.84,10.89,16204080
2024/5/16,600056.sh,10.92,10.93,10.73,10.78,14545121
2024/5/17,600056.sh,10.77,10.83,10.70,10.83,11614730
2024/5/20,600056.sh,10.81,10.89,10.77,10.81,8964048
2024/5/21,600056.sh,10.80,10.81,10.70,10.74,8250018
2024/5/22,600056.sh,10.74,10.79,10.72,10.76,7164281
2024/5/23,600056.sh,10.74,10.75,10.48,10.50,15156772
2024/5/24,600056.sh,10.46,10.59,10.46,10.52,6818612
2024/5/27,600056.sh,10.54,10.60,10.49,10.59,6482975
2024/5/28,600056.sh,10.59,10.59,10.47,10.47,6034867
2024/5/29,600056.sh,10.48,10.53,10.41,10.46,5775320
2024/5/30,600056.sh,10.46,10.50,10.38,10.50,5579020
2024/5/31,600056.sh,10.51,10.59,10.50,10.51,4992180
2024/6/3,600056.sh,10.52,10.53,10.33,10.35,7368080
2024/6/4,600056.sh,10.39,10.61,10.37,10.60,10799765
2024/6/5,600056.sh,10.56,10.63,10.48,10.48,7230040
2024/6/6,600056.sh,10.48,10.53,10.23,10.29,9092240
2024/6/7,600056.sh,10.34,10.40,10.30,10.38,5573511
2024/6/11,600056.sh,10.37,10.44,10.29,10.40,4817140
2024/6/12,600056.sh,10.40,10.47,10.36,10.44,4948280
2024/6/13,600056.sh,10.45,10.45,10.27,10.30,6967100
2024/6/14,600056.sh,10.28,10.35,10.23,10.34,6004990
2024/6/17,600056.sh,10.32,10.39,10.29,10.32,3670920
2024/6/18,600056.sh,10.33,10.35,10.28,10.32,4208460
2024/6/19,600056.sh,10.34,10.35,10.25,10.26,4087077
2024/6/20,600056.sh,10.26,10.29,10.02,10.04,7529158
2024/6/21,600056.sh,10.03,10.16,10.01,10.06,3720476
2024/6/24,600056.sh,10.06,10.06,9.75,9.80,8341984
2024/6/25,600056.sh,9.80,9.89,9.78,9.81,4709179
2024/6/26,600056.sh,9.83,9.96,9.77,9.96,5170340
2024/6/27,600056.sh,9.98,10.03,9.91,9.98,5072305
2024/6/28,600056.sh,9.93,10.07,9.92,10.00,4874974
2024/7/1,600056.sh,9.98,10.17,9.95,10.16,6503747
2024/7/2,600056.sh,10.16,10.16,10.08,10.12,4145367
2024/7/3,600056.sh,10.11,10.19,10.08,10.08,3589680
2024/7/4,600056.sh,10.11,10.12,9.93,9.93,5011156
2024/7/5,600056.sh,9.94,10.10,9.87,10.10,5311645
2024/7/8,600056.sh,10.10,10.12,9.81,9.85,7257120
2024/7/9,600056.sh,9.88,9.94,9.65,9.91,7328784
2024/7/10,600056.sh,9.80,9.94,9.79,9.85,3785351
2024/7/11,600056.sh,9.95,10.06,9.93,10.04,5879574
2024/7/12,600056.sh,10.04,10.09,10.01,10.03,4205860
2024/7/15,600056.sh,10.03,10.03,9.93,9.97,3326000
2024/7/16,600056.sh,9.97,9.98,9.89,9.92,3330980
2024/7/17,600056.sh,9.93,10.06,9.89,10.05,6096140
2024/7/18,600056.sh,10.03,10.09,9.95,10.08,5671949
2024/7/19,600056.sh,10.06,10.09,10.02,10.04,5041006
2024/7/22,600056.sh,10.04,10.15,9.99,10.12,6457365
2024/7/23,600056.sh,10.12,10.17,9.99,10.05,8493600
2024/7/24,600056.sh,10.00,10.06,9.94,9.96,5521142
2024/7/25,600056.sh,9.94,10.03,9.89,9.99,4869448
2024/7/26,600056.sh,9.99,10.10,9.98,10.05,5105202
2024/7/29,600056.sh,10.04,10.04,9.97,9.99,4560360
2024/7/30,600056.sh,9.97,10.06,9.96,10.03,4079281
2024/7/31,600056.sh,10.03,10.22,10.00,10.22,11511814
2024/8/1,600056.sh,10.22,10.29,10.15,10.16,7221860
2024/8/2,600056.sh,10.20,10.42,10.14,10.28,14373182
2024/8/5,600056.sh,10.22,10.45,10.22,10.29,12289207
2024/8/6,600056.sh,10.31,10.46,10.24,10.45,12417261
2024/8/7,600056.sh,10.46,10.46,10.28,10.38,8901570
2024/8/8,600056.sh,10.37,10.57,10.37,10.53,12887449
2024/8/9,600056.sh,10.51,10.55,10.41,10.41,8966165
2024/8/12,600056.sh,10.43,10.83,10.43,10.67,28451038
2024/8/13,600056.sh,10.64,10.64,10.26,10.36,21632530
2024/8/14,600056.sh,10.29,10.39,10.21,10.32,9011123
2024/8/15,600056.sh,10.31,10.49,10.27,10.33,8847162
2024/8/16,600056.sh,10.26,10.41,10.23,10.40,9478591
2024/8/19,600056.sh,10.42,10.60,10.28,10.29,12199135
2024/8/20,600056.sh,10.25,10.32,10.09,10.14,10512145
2024/8/21,600056.sh,10.08,10.10,10.00,10.03,6929501
2024/8/22,600056.sh,10.02,10.05,9.92,9.95,6420903
2024/8/23,600056.sh,9.94,10.01,9.85,9.93,5839940
2024/8/26,600056.sh,9.93,9.94,9.79,9.94,5008016
2024/8/27,600056.sh,9.94,10.03,9.91,9.97,6682535
2024/8/28,600056.sh,9.92,10.02,9.82,9.96,4849254
2024/8/29,600056.sh,9.91,10.02,9.89,10.01,4982191
2024/8/30,600056.sh,10.03,10.13,9.94,10.02,10809463
2024/9/2,600056.sh,10.02,10.03,9.87,9.87,8319836
2024/9/3,600056.sh,9.84,9.99,9.83,9.92,6131360
2024/9/4,600056.sh,9.88,10.04,9.87,9.95,5562441
2024/9/5,600056.sh,9.93,10.03,9.92,9.99,4444330
2024/9/6,600056.sh,9.98,10.01,9.90,9.91,4186580
2024/9/9,600056.sh,9.87,10.01,9.85,9.94,4506620
2024/9/10,600056.sh,10.00,10.00,9.67,9.78,9880425
2024/9/11,600056.sh,9.77,9.80,9.69,9.71,4163200
2024/9/12,600056.sh,9.71,9.84,9.68,9.69,6435420
2024/9/13,600056.sh,9.70,9.71,9.57,9.58,5312840
2024/9/18,600056.sh,9.58,9.61,9.35,9.46,6688335
2024/9/19,600056.sh,9.48,9.74,9.45,9.67,7033321
2024/9/20,600056.sh,9.67,9.68,9.58,9.65,3434800
2024/9/23,600056.sh,9.65,9.74,9.63,9.66,3680400
2024/9/24,600056.sh,9.69,9.92,9.68,9.92,11795643
2024/9/25,600056.sh,10.01,10.16,9.97,10.00,13509541
2024/9/26,600056.sh,10.01,10.34,9.98,10.34,17133106
2024/9/27,600056.sh,10.53,10.72,10.44,10.65,18024402
2024/9/30,600056.sh,10.94,11.63,10.90,11.53,57575282
2024/10/8,600056.sh,12.68,12.68,11.53,12.02,75606572
2024/10/9,600056.sh,12.01,12.01,11.01,11.05,46654738
2024/10/10,600056.sh,11.13,11.78,10.99,11.43,42672809
2024/10/11,600056.sh,11.38,11.38,10.89,10.97,25156030
2024/10/14,600056.sh,10.97,11.08,10.80,11.04,19852305
2024/10/15,600056.sh,11.04,11.09,10.84,10.84,18040493
2024/10/16,600056.sh,10.78,10.99,10.69,10.89,14563933
2024/10/17,600056.sh,10.92,10.95,10.69,10.69,15351672
2024/10/18,600056.sh,10.67,11.07,10.64,10.90,25270348
2024/10/21,600056.sh,10.92,10.99,10.82,10.89,23026354
2024/10/22,600056.sh,10.86,11.05,10.85,11.04,19791944
2024/10/23,600056.sh,11.02,11.34,11.00,11.27,33905099
2024/10/24,600056.sh,11.29,11.43,11.08,11.15,21507838
2024/10/25,600056.sh,11.06,11.26,11.06,11.19,19870043
2024/10/28,600056.sh,11.28,11.46,11.18,11.44,29912550
2024/10/29,600056.sh,11.48,11.52,11.20,11.26,24578747
2024/10/30,600056.sh,11.33,11.38,11.11,11.23,16825932
2024/10/31,600056.sh,11.22,11.29,11.12,11.26,17858699
2024/11/1,600056.sh,11.19,11.43,11.05,11.28,28434092
2024/11/4,600056.sh,11.25,11.48,11.21,11.42,24003348
2024/11/5,600056.sh,11.34,11.64,11.30,11.62,39598097
2024/11/6,600056.sh,11.61,11.64,11.45,11.57,30123093
2024/11/7,600056.sh,11.49,11.75,11.45,11.75,31171721
2024/11/8,600056.sh,11.88,11.94,11.59,11.70,37768843
2024/11/11,600056.sh,11.74,11.87,11.56,11.80,30183504
2024/11/12,600056.sh,11.77,12.98,11.72,12.98,74247240
2024/11/13,600056.sh,13.03,13.74,12.61,13.33,182700832
2024/11/14,600056.sh,13.05,13.06,12.36,12.41,101455717
2024/11/15,600056.sh,12.32,12.49,12.04,12.07,59435077
2024/11/18,600056.sh,12.17,12.80,12.08,12.50,80219858
2024/11/19,600056.sh,12.27,12.44,11.88,12.14,59224522
2024/11/20,600056.sh,12.10,12.51,12.01,12.34,47201629
2024/11/21,600056.sh,12.27,12.27,12.02,12.18,37838667
2024/11/22,600056.sh,12.15,12.21,11.58,11.60,43078450
2024/11/25,600056.sh,11.61,11.79,11.33,11.51,29159460
2024/11/26,600056.sh,11.51,11.61,11.41,11.41,19250480
2024/11/27,600056.sh,11.35,11.52,11.21,11.52,23304392
2024/11/28,600056.sh,11.68,11.76,11.51,11.57,29485516
2024/11/29,600056.sh,11.57,11.72,11.46,11.67,26336440
2024/12/2,600056.sh,11.69,11.86,11.66,11.84,25161059
2024/12/3,600056.sh,11.85,11.87,11.68,11.79,19740640
2024/12/4,600056.sh,11.77,11.77,11.54,11.60,18560345
2024/12/5,600056.sh,11.61,11.62,11.50,11.58,15391220
2024/12/6,600056.sh,11.56,11.73,11.53,11.70,20215411
2024/12/9,600056.sh,11.71,11.95,11.69,11.79,27631687
2024/12/10,600056.sh,12.07,12.11,11.78,11.79,30661763
2024/12/11,600056.sh,11.75,11.94,11.72,11.93,26888783
2024/12/12,600056.sh,11.94,12.27,11.84,12.22,43661845
2024/12/13,600056.sh,12.15,12.19,11.93,11.94,28100782
2024/12/16,600056.sh,11.94,12.05,11.69,11.76,21892843
2024/12/17,600056.sh,11.75,11.76,11.55,11.58,18786306
2024/12/18,600056.sh,11.58,11.67,11.51,11.58,15474860
2024/12/19,600056.sh,11.38,11.57,11.35,11.53,15993304
2024/12/20,600056.sh,11.53,11.61,11.41,11.55,18232240
2024/12/23,600056.sh,11.56,11.59,11.25,11.27,19437269
2024/12/24,600056.sh,11.25,11.36,11.25,11.35,9864570
2024/12/25,600056.sh,11.40,11.44,11.10,11.15,15481323
2024/12/26,600056.sh,11.13,11.20,11.11,11.15,9407934
2024/12/27,600056.sh,11.18,11.35,11.10,11.33,12346751
2024/12/30,600056.sh,11.26,11.33,11.23,11.27,9584759
2024/12/31,600056.sh,11.28,11.32,10.97,10.99,18666019
2025/1/2,600056.sh,10.98,11.03,10.58,10.67,17020347
2025/1/3,600056.sh,10.70,10.90,10.53,10.56,17044480
2025/1/6,600056.sh,10.71,11.32,10.71,11.31,45709718
2025/1/7,600056.sh,11.19,11.20,10.85,10.99,30638426
2025/1/8,600056.sh,10.98,11.10,10.67,10.83,19582788
2025/1/9,600056.sh,10.70,10.81,10.60,10.74,13083607
2025/1/10,600056.sh,10.72,10.74,10.38,10.39,15738594
2025/1/13,600056.sh,10.30,10.44,10.21,10.44,8775036
2025/1/14,600056.sh,10.45,10.70,10.44,10.67,14641408
2025/1/15,600056.sh,10.68,10.69,10.53,10.59,9680468
2025/1/16,600056.sh,10.62,10.74,10.55,10.60,10560451
2025/1/17,600056.sh,10.58,10.63,10.52,10.61,7208040
2025/1/20,600056.sh,10.64,10.74,10.61,10.63,7747116
2025/1/21,600056.sh,10.63,10.69,10.52,10.56,6169750
2025/1/22,600056.sh,10.52,10.57,10.42,10.51,6291500
2025/1/23,600056.sh,10.58,10.68,10.51,10.51,9177600
2025/1/24,600056.sh,10.49,10.57,10.46,10.54,7750547
2025/1/27,600056.sh,10.49,10.61,10.45,10.47,9019968
2025/2/5,600056.sh,10.54,10.67,10.47,10.62,12060407
2025/2/6,600056.sh,10.62,10.70,10.49,10.69,13526890
2025/2/7,600056.sh,10.68,10.85,10.62,10.83,17654994
2025/2/10,600056.sh,10.85,10.96,10.81,10.94,18039215
2025/2/11,600056.sh,10.92,10.92,10.75,10.78,13578671
2025/2/12,600056.sh,10.77,10.80,10.66,10.77,14612843
2025/2/13,600056.sh,10.74,10.84,10.71,10.77,13397103
2025/2/14,600056.sh,10.75,10.95,10.72,10.94,18934718
2025/2/17,600056.sh,11.00,11.06,10.85,10.92,18411178
2025/2/18,600056.sh,10.89,10.91,10.63,10.67,14616005
2025/2/19,600056.sh,10.70,10.76,10.61,10.72,10166914
2025/2/20,600056.sh,10.74,10.90,10.72,10.75,13467666
2025/2/21,600056.sh,10.76,10.83,10.63,10.73,13159528
2025/2/24,600056.sh,10.73,10.73,10.64,10.68,11969212
2025/2/25,600056.sh,10.64,10.64,10.54,10.55,11646397
2025/2/26,600056.sh,10.57,10.66,10.54,10.63,11477231
2025/2/27,600056.sh,10.63,10.68,10.52,10.62,10573713
2025/2/28,600056.sh,10.62,10.69,10.47,10.49,13537640
2025/3/3,600056.sh,10.45,10.61,10.44,10.46,11045023
2025/3/4,600056.sh,10.44,10.50,10.41,10.49,8457339
2025/3/5,600056.sh,10.48,10.49,10.35,10.41,10441678
2025/3/6,600056.sh,10.44,10.53,10.39,10.52,11863155
2025/3/7,600056.sh,10.50,10.51,10.41,10.46,7963322
2025/3/10,600056.sh,10.48,10.62,10.48,10.56,10636956
2025/3/11,600056.sh,10.47,10.52,10.40,10.51,7939366
2025/3/12,600056.sh,10.50,10.61,10.47,10.57,11739093
2025/3/13,600056.sh,10.57,10.61,10.46,10.52,10041850
2025/3/14,600056.sh,10.49,10.70,10.48,10.69,18527146
2025/3/17,600056.sh,10.74,10.74,10.63,10.66,11493110
2025/3/18,600056.sh,10.70,10.72,10.64,10.68,8606648
2025/3/19,600056.sh,10.66,10.72,10.63,10.66,8793833
2025/3/20,600056.sh,10.67,10.68,10.60,10.63,7268893
2025/3/21,600056.sh,10.69,10.74,10.50,10.54,14016413
2025/3/24,600056.sh,10.52,10.56,10.38,10.46,11318180
2025/3/25,600056.sh,10.46,10.57,10.38,10.57,10090012
2025/3/26,600056.sh,10.57,10.64,10.56,10.62,8664338
2025/3/27,600056.sh,10.63,10.67,10.49,10.65,10155422
2025/3/28,600056.sh,10.65,10.72,10.56,10.58,9563847
2025/3/31,600056.sh,10.50,10.54,10.32,10.35,13278775
2025/4/1,600056.sh,10.37,10.71,10.37,10.65,23087514
2025/4/2,600056.sh,10.64,10.64,10.51,10.53,9208780
2025/4/3,600056.sh,10.49,10.61,10.47,10.53,7375125
2025/4/7,600056.sh,10.20,10.22,9.48,9.48,30895938
2025/4/8,600056.sh,9.57,9.81,9.57,9.77,19242851
2025/4/9,600056.sh,9.76,9.96,9.44,9.94,17624485
2025/4/10,600056.sh,9.96,10.08,9.94,9.98,15468392
2025/4/11,600056.sh,9.91,10.00,9.86,9.97,11157234
2025/4/14,600056.sh,9.99,10.05,9.97,10.01,8937590
2025/4/15,600056.sh,10.00,10.04,9.93,9.99,7474720
2025/4/16,600056.sh,9.94,9.99,9.86,9.98,8483100
2025/4/17,600056.sh,9.95,10.04,9.92,10.00,5984080
2025/4/18,600056.sh,9.98,10.05,9.93,9.98,4878361
2025/4/21,600056.sh,9.95,10.02,9.92,10.02,5996780
2025/4/22,600056.sh,10.03,10.09,9.97,10.07,8562223
2025/4/23,600056.sh,10.08,10.12,10.01,10.02,6171120
2025/4/24,600056.sh,10.03,10.09,9.98,10.01,6657920
2025/4/25,600056.sh,10.02,10.07,9.99,10.01,5406956
2025/4/28,600056.sh,10.00,10.01,9.88,9.97,8684828
2025/4/29,600056.sh,9.97,10.04,9.95,9.99,5299660
2025/4/30,600056.sh,9.99,10.08,9.99,10.04,7233640
2025/5/6,600056.sh,10.09,10.09,10.02,10.09,9186623
2025/5/7,600056.sh,10.12,10.17,10.09,10.10,8665680
2025/5/8,600056.sh,10.12,10.13,10.09,10.12,6929777
2025/5/9,600056.sh,10.13,10.15,10.09,10.09,5600315
2025/5/12,600056.sh,10.12,10.14,10.06,10.13,6853555
2025/5/13,600056.sh,10.32,10.33,10.16,10.20,12027377
2025/5/14,600056.sh,10.18,10.24,10.12,10.22,8772235
2025/5/15,600056.sh,10.23,10.31,10.20,10.20,9261657
2025/5/16,600056.sh,10.26,10.43,10.25,10.36,15147608
2025/5/19,600056.sh,10.43,10.44,10.29,10.33,10768332
2025/5/20,600056.sh,10.34,10.43,10.33,10.38,8876417
2025/5/21,600056.sh,10.39,10.55,10.39,10.43,13706695
2025/5/22,600056.sh,10.39,10.39,10.21,10.28,11710911
2025/5/23,600056.sh,10.27,10.38,10.24,10.26,12490140
2025/5/26,600056.sh,10.24,10.27,10.14,10.20,8084111
2025/5/27,600056.sh,10.20,10.33,10.17,10.31,9054378
2025/5/28,600056.sh,10.28,10.31,10.21,10.22,5995660
2025/5/29,600056.sh,10.24,10.30,10.17,10.30,7212370
2025/5/30,600056.sh,10.30,10.50,10.29,10.38,14516037
2025/6/3,600056.sh,10.35,10.53,10.32,10.52,14648664
2025/6/4,600056.sh,10.52,10.54,10.44,10.51,10813800
2025/6/5,600056.sh,10.52,10.54,10.37,10.42,10337280
2025/6/6,600056.sh,10.45,10.48,10.37,10.40,5701036
2025/6/9,600056.sh,10.41,10.55,10.39,10.49,10682320
2025/6/10,600056.sh,10.49,10.54,10.38,10.51,12904000
2025/6/11,600056.sh,10.51,10.55,10.47,10.48,8760820
2025/6/12,600056.sh,10.48,10.51,10.43,10.49,7691560
2025/6/13,600056.sh,10.47,10.50,10.30,10.32,10491899
2025/6/16,600056.sh,10.32,10.38,10.24,10.26,9173440
2025/6/17,600056.sh,10.33,10.42,10.26,10.31,8987180
2025/6/18,600056.sh,10.29,10.29,10.16,10.17,8319160
2025/6/19,600056.sh,10.15,10.18,10.04,10.07,8363739
2025/6/20,600056.sh,10.07,10.14,10.05,10.11,6128924
2025/6/23,600056.sh,10.12,10.16,10.06,10.13,6738048
2025/6/24,600056.sh,10.19,10.24,10.14,10.24,6997276
2025/6/25,600056.sh,10.23,10.29,10.19,10.28,7030768
2025/6/26,600056.sh,10.28,10.28,10.22,10.25,7276696
2025/6/27,600056.sh,10.25,10.31,10.24,10.25,5624609
2025/6/30,600056.sh,10.25,10.26,10.17,10.23,9109799
2025/7/1,600056.sh,10.24,10.30,10.20,10.29,9159380
2025/7/2,600056.sh,10.28,10.32,10.25,10.30,6239374
2025/7/3,600056.sh,10.31,10.39,10.28,10.37,10307801
2025/7/4,600056.sh,10.37,10.41,10.34,10.38,7905852
2025/7/7,600056.sh,10.37,10.46,10.33,10.36,7691075
2025/7/8,600056.sh,10.35,10.43,10.33,10.39,9909340
2025/7/9,600056.sh,10.40,10.41,10.33,10.38,8403479
2025/7/10,600056.sh,10.38,10.49,10.36,10.47,9764562
2025/7/11,600056.sh,10.47,10.57,10.46,10.52,12919597
2025/7/14,600056.sh,10.51,10.73,10.49,10.65,14858828
2025/7/15,600056.sh,10.63,10.63,10.43,10.49,12522660
2025/7/16,600056.sh,10.49,10.60,10.47,10.59,9703381
2025/7/17,600056.sh,10.59,10.68,10.57,10.67,12067703
2025/7/18,600056.sh,10.67,10.70,10.58,10.66,7385200
2025/7/21,600056.sh,10.66,10.95,10.62,10.81,21673880
2025/7/22,600056.sh,10.78,10.84,10.70,10.82,16479127
2025/7/23,600056.sh,10.77,10.94,10.76,10.78,18114757
2025/7/24,600056.sh,10.78,10.93,10.75,10.90,19876510
2025/7/25,600056.sh,11.01,11.04,10.82,10.83,20430335
2025/7/28,600056.sh,10.83,10.92,10.79,10.85,12960078
2025/7/29,600056.sh,10.87,11.02,10.76,10.97,21043724
2025/7/30,600056.sh,10.95,11.74,10.90,11.26,65686705
2025/7/31,600056.sh,11.12,11.19,10.96,11.02,42115786
2025/8/1,600056.sh,11.01,11.27,10.94,11.06,30820580
2025/8/4,600056.sh,10.98,11.04,10.77,11.03,27735205
2025/8/5,600056.sh,11.02,11.09,10.93,10.98,19279908
2025/8/6,600056.sh,10.98,11.13,10.82,10.87,24857181
2025/8/7,600056.sh,10.87,10.93,10.79,10.82,16339923
2025/8/8,600056.sh,10.81,10.86,10.75,10.84,12950828
2025/8/11,600056.sh,10.84,10.90,10.79,10.89,15238420
2025/8/12,600056.sh,10.88,11.02,10.82,10.84,17203692
2025/8/13,600056.sh,10.84,10.87,10.76,10.85,17256557
2025/8/14,600056.sh,10.87,10.92,10.75,10.76,17288609
2025/8/15,600056.sh,10.75,10.85,10.72,10.85,14462692
2025/8/18,600056.sh,10.84,10.96,10.83,10.91,20436046
2025/8/19,600056.sh,10.95,11.04,10.90,10.91,19812841
2025/8/20,600056.sh,10.92,10.93,10.81,10.93,18174715
2025/8/21,600056.sh,10.93,11.03,10.92,11.00,20824596
2025/8/22,600056.sh,10.99,11.00,10.86,10.98,19803120
2025/8/25,600056.sh,10.99,11.10,10.93,11.10,29973891
2025/8/26,600056.sh,11.10,11.10,11.00,11.05,17250009
2025/8/27,600056.sh,11.02,11.06,10.80,10.80,26815573
2025/8/28,600056.sh,10.79,10.88,10.60,10.83,24673578
2025/8/29,600056.sh,10.82,10.89,10.78,10.84,16441496
2025/9/1,600056.sh,10.84,10.88,10.76,10.88,16291180
2025/9/2,600056.sh,10.95,11.06,10.79,10.90,23630640
2025/9/3,600056.sh,10.97,10.97,10.68,10.70,14980451
2025/9/4,600056.sh,10.74,10.77,10.57,10.67,13761704
2025/9/5,600056.sh,10.67,10.75,10.60,10.75,12231108
2025/9/8,600056.sh,10.73,10.87,10.71,10.87,13162262
2025/9/9,600056.sh,10.87,10.97,10.76,10.85,13272333
2025/9/10,600056.sh,10.82,10.88,10.80,10.85,9197662
2025/9/11,600056.sh,10.85,10.87,10.75,10.87,12469065
2025/9/12,600056.sh,10.85,10.90,10.82,10.85,12326343
2025/9/15,600056.sh,10.85,10.94,10.80,10.80,12330102
2025/9/16,600056.sh,10.81,10.84,10.72,10.84,12451287
2025/9/17,600056.sh,10.81,10.93,10.79,10.93,15604095
2025/9/18,600056.sh,10.91,12.03,10.86,12.03,140560680
2025/9/19,600056.sh,11.98,12.38,11.50,11.53,156174354
2025/9/22,600056.sh,11.78,11.86,11.43,11.56,73697875
2025/9/23,600056.sh,11.46,12.46,11.23,12.01,117657425
2025/9/24,600056.sh,11.74,11.97,11.66,11.76,71626043
2025/9/25,600056.sh,11.73,11.76,11.44,11.53,52321974
2025/9/26,600056.sh,11.46,11.47,11.13,11.13,42672376
2025/9/29,600056.sh,11.13,11.17,10.97,11.17,28298696
2025/9/30,600056.sh,11.14,11.23,11.07,11.15,24769354
2025/10/9,600056.sh,11.19,11.32,11.08,11.32,32414737
2025/10/10,600056.sh,11.25,11.32,11.19,11.30,24630836
2025/10/13,600056.sh,11.02,11.14,10.97,11.12,24768971
2025/10/14,600056.sh,11.12,11.30,11.11,11.26,27857684
2025/10/15,600056.sh,11.27,11.35,11.16,11.30,24142822
2025/10/16,600056.sh,11.29,11.30,11.11,11.14,20099565
2025/10/17,600056.sh,11.11,11.24,10.92,10.94,23177174
2025/10/20,600056.sh,10.98,11.02,10.88,10.98,16543702
2025/10/21,600056.sh,11.00,11.11,10.94,11.11,17044177
2025/10/22,600056.sh,11.10,11.25,11.06,11.15,16919087
2025/10/23,600056.sh,11.07,11.15,11.01,11.13,14197785
2025/10/24,600056.sh,11.12,11.18,11.03,11.04,15231009
2025/10/27,600056.sh,11.05,11.12,11.03,11.09,13399909
2025/10/28,600056.sh,11.14,11.24,11.09,11.16,18563021
2025/10/29,600056.sh,11.16,11.21,11.06,11.20,16719995
2025/10/30,600056.sh,11.19,11.30,11.11,11.17,20241526
2025/10/31,600056.sh,11.14,11.29,11.13,11.28,23120518
2025/11/3,600056.sh,11.35,11.38,11.24,11.31,21532426
2025/11/4,600056.sh,11.27,11.29,11.17,11.24,16866862
2025/11/5,600056.sh,11.18,11.34,11.17,11.29,18785454
2025/11/6,600056.sh,11.30,11.30,11.23,11.24,14243124
2025/11/7,600056.sh,11.25,11.38,11.22,11.33,22516699
2025/11/10,600056.sh,11.35,11.54,11.30,11.50,29663178
2025/11/11,600056.sh,11.52,11.68,11.43,11.66,32693232
2025/11/12,600056.sh,11.66,11.80,11.55,11.73,40692360
2025/11/13,600056.sh,11.70,11.70,11.56,11.62,27360028
2025/11/14,600056.sh,11.58,12.06,11.56,11.65,41462696
2025/11/17,600056.sh,11.63,11.64,11.40,11.43,29032655
2025/11/18,600056.sh,11.40,11.48,11.22,11.29,22625927
2025/11/19,600056.sh,11.27,11.33,11.09,11.12,19481187
2025/11/20,600056.sh,11.15,11.21,11.09,11.15,16263935
2025/11/21,600056.sh,11.09,11.15,10.69,10.70,30027632
2025/11/24,600056.sh,10.69,10.79,10.63,10.72,15769740
2025/11/25,600056.sh,10.73,10.88,10.69,10.84,17593580
2025/11/26,600056.sh,10.83,11.02,10.80,10.87,17640489
2025/11/27,600056.sh,10.83,10.85,10.76,10.78,12365827
2025/11/28,600056.sh,10.78,10.80,10.68,10.78,10271988
2025/12/1,600056.sh,10.77,10.90,10.74,10.87,12779688
2025/12/2,600056.sh,10.88,10.93,10.77,10.90,11997190
2025/12/3,600056.sh,10.95,11.07,10.88,10.91,20033281
2025/12/4,600056.sh,10.88,11.00,10.79,10.91,15029758
2025/12/5,600056.sh,10.91,10.94,10.79,10.93,14898329
2025/12/8,600056.sh,10.91,10.95,10.87,10.90,12451440
2025/12/9,600056.sh,10.86,10.90,10.74,10.75,12256333
2025/12/10,600056.sh,10.74,10.84,10.69,10.82,10951888
2025/12/11,600056.sh,10.82,10.94,10.72,10.72,10939620
2025/12/12,600056.sh,10.68,10.75,10.63,10.63,24385276
2025/12/15,600056.sh,10.60,10.61,10.48,10.51,17425551
2025/12/16,600056.sh,10.51,10.54,10.36,10.38,14086347
2025/12/17,600056.sh,10.38,10.47,10.31,10.46,11377574
2025/12/18,600056.sh,10.43,10.69,10.41,10.66,16165883
2025/12/19,600056.sh,10.62,10.70,10.56,10.63,11229100
2025/12/22,600056.sh,10.63,10.63,10.55,10.56,10524277
2025/12/23,600056.sh,10.57,10.57,10.43,10.46,8926280
2025/12/24,600056.sh,10.41,10.50,10.41,10.48,6402296
2025/12/25,600056.sh,10.47,10.52,10.44,10.51,7661332
2025/12/26,600056.sh,10.50,10.53,10.43,10.47,8550650
2025/12/29,600056.sh,10.40,10.42,10.32,10.33,13339820
2025/12/30,600056.sh,10.32,10.35,10.25,10.30,8611695
2025/12/31,600056.sh,10.32,10.37,10.27,10.33,7567054
2026/1/5,600056.sh,10.36,10.49,10.30,10.49,13476593
2026/1/6,600056.sh,10.56,10.60,10.50,10.57,15282806
2026/1/7,600056.sh,10.57,10.59,10.45,10.50,13069705
2026/1/8,600056.sh,10.50,10.57,10.47,10.54,10747342
2026/1/9,600056.sh,10.65,10.84,10.65,10.82,29730874
2026/1/12,600056.sh,10.82,10.83,10.72,10.81,22075328
2026/1/13,600056.sh,10.81,11.00,10.76,10.80,28831997
2026/1/14,600056.sh,10.79,10.89,10.64,10.70,28271530
2026/1/15,600056.sh,10.67,10.72,10.60,10.65,11570932
2026/1/16,600056.sh,10.69,10.72,10.56,10.60,11754083
2026/1/19,600056.sh,10.59,10.67,10.55,10.63,9158241
2026/1/20,600056.sh,10.62,10.66,10.59,10.66,10673705
2026/1/21,600056.sh,10.63,10.65,10.55,10.57,12891480
2026/1/22,600056.sh,10.58,10.64,10.56,10.62,11093364
2026/1/23,600056.sh,10.71,10.89,10.70,10.74,24540653
2026/1/26,600056.sh,10.81,11.23,10.72,11.18,60246423
2026/1/27,600056.sh,11.18,11.19,10.82,10.96,37347644
2026/1/28,600056.sh,10.84,11.51,10.83,11.21,53157861
2026/1/29,600056.sh,11.09,11.09,10.94,11.04,31667002
2026/1/30,600056.sh,10.99,11.05,10.79,10.87,21345625
2026/2/2,600056.sh,10.79,10.92,10.64,10.65,18991163
2026/2/3,600056.sh,10.67,10.81,10.66,10.78,12702948
2026/2/4,600056.sh,10.72,10.88,10.70,10.87,13835808
2026/2/5,600056.sh,10.83,10.91,10.78,10.83,12418073
2026/2/6,600056.sh,10.82,11.04,10.78,10.78,19603616
2026/2/9,600056.sh,10.79,10.85,10.77,10.82,13096157
2026/2/10,600056.sh,10.82,10.85,10.77,10.77,10250281
2026/2/11,600056.sh,10.77,10.79,10.73,10.74,9280282
2026/2/12,600056.sh,10.74,10.74,10.61,10.66,12069915
2026/2/13,600056.sh,10.65,10.68,10.52,10.55,12249848
2026/2/24,600056.sh,10.60,10.64,10.59,10.62,7421176
2026/2/25,600056.sh,10.63,10.73,10.61,10.67,9732927
2026/2/26,600056.sh,10.70,10.72,10.61,10.63,9170800
2026/2/27,600056.sh,10.61,10.67,10.57,10.66,10767807
2026/3/2,600056.sh,10.57,10.63,10.46,10.57,15806155
2026/3/3,600056.sh,10.55,10.65,10.48,10.54,17614440
2026/3/4,600056.sh,10.48,10.51,10.30,10.32,15920760
2026/3/5,600056.sh,10.40,10.42,10.35,10.38,8701138
2026/3/6,600056.sh,10.34,10.50,10.31,10.49,9925280
2026/3/9,600056.sh,10.40,10.60,10.36,10.54,14667138
2026/3/10,600056.sh,10.55,10.58,10.49,10.56,9849703
2026/3/11,600056.sh,10.55,10.59,10.49,10.59,10071220
2026/3/12,600056.sh,10.58,10.60,10.52,10.57,8605838
2026/3/13,600056.sh,10.56,10.66,10.52,10.59,11388986
2026/3/16,600056.sh,10.59,10.62,10.50,10.54,9334023
2026/3/17,600056.sh,10.55,10.64,10.52,10.54,11136823
2026/3/18,600056.sh,10.55,10.55,10.38,10.49,12288111
2026/3/19,600056.sh,10.40,10.50,10.33,10.37,10585138
2026/3/20,600056.sh,10.39,10.44,10.21,10.22,11534546
2026/3/23,600056.sh,10.14,10.14,9.75,9.79,21601445
2026/3/24,600056.sh,9.86,10.04,9.79,10.00,10815139
2026/3/25,600056.sh,10.06,10.07,9.97,10.04,8810030
2026/3/26,600056.sh,10.00,10.11,9.94,9.98,9102944
2026/3/27,600056.sh,9.88,10.15,9.86,10.14,12362118
2026/3/30,600056.sh,10.04,10.27,10.03,10.26,10958984
2026/3/31,600056.sh,10.26,10.38,10.23,10.27,12338280
2026/4/1,600056.sh,10.36,10.47,10.20,10.46,15624960
2026/4/2,600056.sh,10.46,10.60,10.46,10.54,23224540
2026/4/3,600056.sh,10.56,11.59,10.31,11.59,156875548
2026/4/7,600056.sh,11.47,11.47,11.05,11.28,145573151
2026/4/8,600056.sh,11.10,11.30,10.88,11.03,99377891
2026/4/9,600056.sh,10.89,11.28,10.80,10.82,76051907
2026/4/10,600056.sh,10.75,11.10,10.68,10.97,61606131
2026/4/13,600056.sh,10.80,10.84,10.58,10.59,43768197
2026/4/14,600056.sh,10.61,10.75,10.51,10.73,33684083
2026/4/15,600056.sh,10.80,11.21,10.65,11.15,69932384
2026/4/16,600056.sh,11.00,11.05,10.80,10.89,44349725
2026/4/17,600056.sh,10.80,10.82,10.66,10.70,28659360
2026/4/20,600056.sh,10.68,10.84,10.61,10.82,26403036
2026/4/21,600056.sh,10.79,10.89,10.66,10.69,21424526
2026/4/22,600056.sh,10.65,10.68,10.45,10.49,32167409
2026/4/23,600056.sh,10.50,10.57,10.41,10.43,20545038
2026/4/24,600056.sh,10.37,10.48,10.30,10.43,16580658
2026/4/27,600056.sh,10.36,10.42,10.27,10.27,15912704
2026/4/28,600056.sh,10.21,10.38,10.20,10.28,12256281
2026/4/29,600056.sh,10.28,10.42,10.28,10.40,12870853
2026/4/30,600056.sh,10.38,10.41,10.32,10.36,11806149
2026/5/6,600056.sh,10.40,10.42,10.34,10.38,13905623
2026/5/7,600056.sh,10.36,10.39,10.33,10.37,11534479
2026/5/8,600056.sh,10.37,10.41,10.32,10.33,16026155
2026/5/11,600056.sh,10.37,10.55,10.31,10.51,27299004
2026/5/12,600056.sh,10.45,10.68,10.43,10.66,33592218
2026/5/13,600056.sh,10.65,10.65,10.42,10.44,25843021
2026/5/14,600056.sh,10.41,10.50,10.13,10.14,28206857
2026/5/15,600056.sh,10.10,10.17,9.98,10.07,23690545
2026/5/18,600056.sh,10.07,10.08,9.86,9.93,19117223
2026/5/19,600056.sh,9.90,10.03,9.90,10.02,10563902
2026/5/20,600056.sh,10.02,10.03,9.89,9.95,10263925
2026/5/21,600056.sh,9.96,10.02,9.85,9.90,11963845
2026/5/22,600056.sh,9.91,9.92,9.79,9.84,10633639
2026/5/25,600056.sh,9.83,9.85,9.76,9.82,10493014
2026/5/26,600056.sh,9.81,9.81,9.69,9.73,11595440
2026/5/27,600056.sh,9.69,9.99,9.50,9.93,21038857
2026/5/28,600056.sh,9.89,9.92,9.71,9.75,11558864
2026/5/29,600056.sh,9.76,9.98,9.72,9.90,15951338
2026/6/1,600056.sh,9.95,9.97,9.85,9.95,11931373
2026/6/2,600056.sh,9.90,10.03,9.86,9.87,11753400
2026/6/3,600056.sh,9.83,9.85,9.63,9.67,13317640
2026/6/4,600056.sh,9.67,9.73,9.46,9.49,13853438
2026/6/5,600056.sh,9.48,9.58,9.48,9.51,8101095
