date,code,open,high,low,close,volume
2009/12/15,sh.510010,0.917,0.926,0.901,0.914,341197000
2009/12/16,sh.510010,0.911,0.924,0.908,0.914,62248828
2009/12/17,sh.510010,0.910,0.916,0.886,0.890,35759522
2009/12/18,sh.510010,0.887,0.888,0.867,0.870,15248079
2009/12/21,sh.510010,0.870,0.873,0.860,0.869,9235195
2009/12/22,sh.510010,0.870,0.872,0.841,0.851,42548076
2009/12/23,sh.510010,0.850,0.856,0.840,0.852,25330792
2009/12/24,sh.510010,0.852,0.877,0.847,0.876,24849732
2009/12/25,sh.510010,0.876,0.876,0.866,0.876,6181641
2009/12/28,sh.510010,0.873,0.897,0.871,0.883,20372006
2009/12/29,sh.510010,0.881,0.890,0.877,0.890,30948319
2009/12/30,sh.510010,0.891,0.979,0.881,0.979,142361073
2009/12/31,sh.510010,0.920,0.920,0.904,0.915,29924540
2010/1/4,sh.510010,0.913,0.919,0.901,0.901,9438751
2010/1/5,sh.510010,0.902,0.916,0.891,0.913,12083524
2010/1/6,sh.510010,0.913,0.917,0.903,0.903,13454526
2010/1/7,sh.510010,0.900,0.910,0.881,0.888,37045226
2010/1/8,sh.510010,0.887,0.891,0.875,0.889,19156163
2010/1/11,sh.510010,0.929,0.932,0.886,0.896,28357106
2010/1/12,sh.510010,0.889,0.910,0.881,0.904,14205344
2010/1/13,sh.510010,0.885,0.892,0.870,0.871,17887389
2010/1/14,sh.510010,0.875,0.884,0.868,0.882,9054609
2010/1/15,sh.510010,0.882,0.890,0.877,0.881,6336572
2010/1/18,sh.510010,0.876,0.885,0.876,0.884,4122321
2010/1/19,sh.510010,0.884,0.906,0.884,0.888,6788664
2010/1/20,sh.510010,0.889,0.890,0.854,0.857,11530044
2010/1/21,sh.510010,0.861,0.869,0.854,0.864,7299477
2010/1/22,sh.510010,0.853,0.868,0.839,0.858,12535511
2010/1/25,sh.510010,0.856,0.861,0.848,0.850,7046775
2010/1/26,sh.510010,0.850,0.850,0.825,0.831,9917228
2010/1/27,sh.510010,0.833,0.833,0.816,0.820,7220760
2010/1/28,sh.510010,0.820,0.829,0.808,0.815,6527938
2010/1/29,sh.510010,0.812,0.824,0.805,0.815,7771178
2010/2/1,sh.510010,0.814,0.814,0.793,0.799,7508353
2010/2/2,sh.510010,0.800,0.819,0.798,0.801,4690749
2010/2/3,sh.510010,0.802,0.828,0.788,0.827,8805473
2010/2/4,sh.510010,0.822,0.825,0.814,0.817,5116723
2010/2/5,sh.510010,0.805,0.808,0.797,0.807,15104057
2010/2/8,sh.510010,0.803,0.806,0.797,0.800,5722784
2010/2/9,sh.510010,0.802,0.809,0.799,0.804,5765179
2010/2/10,sh.510010,0.809,0.818,0.808,0.817,11018003
2010/2/11,sh.510010,0.818,0.823,0.815,0.816,23957498
2010/2/12,sh.510010,0.822,0.827,0.818,0.825,5094705
2010/2/22,sh.510010,0.826,0.830,0.821,0.823,8246589
2010/2/23,sh.510010,0.823,0.823,0.800,0.810,6030217
2010/2/24,sh.510010,0.804,0.820,0.803,0.820,3988551
2010/2/25,sh.510010,0.822,0.834,0.822,0.833,7247196
2010/2/26,sh.510010,0.833,0.835,0.828,0.828,3770126
2010/3/1,sh.510010,0.828,0.847,0.828,0.843,5325736
2010/3/2,sh.510010,0.840,0.846,0.834,0.837,6130481
2010/3/3,sh.510010,0.835,0.844,0.834,0.843,3811475
2010/3/4,sh.510010,0.841,0.844,0.800,0.824,5048254
2010/3/5,sh.510010,0.824,0.832,0.821,0.825,4188496
2010/3/8,sh.510010,0.825,0.836,0.825,0.833,3438932
2010/3/9,sh.510010,0.830,0.842,0.827,0.839,7371937
2010/3/10,sh.510010,0.839,0.843,0.830,0.834,3735512
2010/3/11,sh.510010,0.835,0.841,0.830,0.837,4526951
2010/3/12,sh.510010,0.835,0.835,0.823,0.824,2997963
2010/3/15,sh.510010,0.822,0.824,0.806,0.813,5792915
2010/3/16,sh.510010,0.812,0.819,0.807,0.818,6208153
2010/3/17,sh.510010,0.817,0.835,0.816,0.833,5190461
2010/3/18,sh.510010,0.835,0.839,0.829,0.833,3586544
2010/3/19,sh.510010,0.831,0.840,0.827,0.839,3732178
2010/3/22,sh.510010,0.837,0.845,0.835,0.844,4274346
2010/3/23,sh.510010,0.840,0.843,0.833,0.833,2884430
2010/3/24,sh.510010,0.835,0.840,0.831,0.833,2101782
2010/3/25,sh.510010,0.832,0.832,0.818,0.820,2510142
2010/3/26,sh.510010,0.820,0.837,0.818,0.835,3886958
2010/3/29,sh.510010,0.835,0.862,0.835,0.858,10078700
2010/3/30,sh.510010,0.857,0.861,0.854,0.860,4893236
2010/3/31,sh.510010,0.860,0.860,0.850,0.853,4334631
2010/4/1,sh.510010,0.852,0.867,0.852,0.865,7624424
2010/4/2,sh.510010,0.865,0.870,0.863,0.866,5403048
2010/4/6,sh.510010,0.870,0.875,0.863,0.865,5160217
2010/4/7,sh.510010,0.862,0.865,0.856,0.859,4474572
2010/4/8,sh.510010,0.855,0.862,0.847,0.849,3294493
2010/4/9,sh.510010,0.849,0.857,0.848,0.856,4109908
2010/4/12,sh.510010,0.858,0.860,0.845,0.848,3906378
2010/4/13,sh.510010,0.848,0.865,0.846,0.864,16040662
2010/4/14,sh.510010,0.864,0.865,0.858,0.864,4377998
2010/4/15,sh.510010,0.867,0.867,0.858,0.861,3688762
2010/4/16,sh.510010,0.863,0.863,0.849,0.850,3348692
2010/4/19,sh.510010,0.839,0.840,0.806,0.813,5778817
2010/4/20,sh.510010,0.815,0.817,0.796,0.804,5773777
2010/4/21,sh.510010,0.805,0.818,0.801,0.818,5160699
2010/4/22,sh.510010,0.814,0.814,0.802,0.806,3555336
2010/4/23,sh.510010,0.808,0.810,0.796,0.804,5105750
2010/4/26,sh.510010,0.804,0.806,0.798,0.798,2427838
2010/4/27,sh.510010,0.796,0.796,0.768,0.777,8867940
2010/4/28,sh.510010,0.778,0.782,0.770,0.778,3552724
2010/4/29,sh.510010,0.781,0.787,0.772,0.775,2946074
2010/4/30,sh.510010,0.772,0.810,0.765,0.792,11228759
2010/5/4,sh.510010,0.780,0.782,0.767,0.771,4370753
2010/5/5,sh.510010,0.763,0.771,0.747,0.770,6153457
2010/5/6,sh.510010,0.768,0.768,0.733,0.735,28955044
2010/5/7,sh.510010,0.720,0.735,0.718,0.723,7894300
2010/5/10,sh.510010,0.727,0.732,0.708,0.726,28765449
2010/5/11,sh.510010,0.740,0.745,0.715,0.720,8883210
2010/5/12,sh.510010,0.711,0.725,0.705,0.720,9992948
2010/5/13,sh.510010,0.723,0.739,0.720,0.738,6774675
2010/5/14,sh.510010,0.734,0.737,0.728,0.734,9533360
2010/5/17,sh.510010,0.721,0.725,0.691,0.694,11326239
2010/5/18,sh.510010,0.695,0.716,0.689,0.709,19177758
2010/5/19,sh.510010,0.705,0.717,0.697,0.709,3734293
2010/5/20,sh.510010,0.705,0.713,0.691,0.697,7591578
2010/5/21,sh.510010,0.681,0.703,0.679,0.703,1797537
2010/5/24,sh.510010,0.705,0.731,0.705,0.726,5566737
2010/5/25,sh.510010,0.719,0.722,0.707,0.713,2648993
2010/5/26,sh.510010,0.714,0.717,0.708,0.713,3207160
2010/5/27,sh.510010,0.709,0.726,0.703,0.723,5936808
2010/5/28,sh.510010,0.727,0.730,0.715,0.720,4678409
2010/5/31,sh.510010,0.714,0.721,0.698,0.698,2733046
2010/6/1,sh.510010,0.698,0.700,0.686,0.694,1924503
2010/6/2,sh.510010,0.687,0.695,0.684,0.693,714018
2010/6/3,sh.510010,0.694,0.701,0.690,0.690,1240123
2010/6/4,sh.510010,0.689,0.695,0.686,0.693,3800510
2010/6/7,sh.510010,0.687,0.687,0.675,0.679,10343069
2010/6/8,sh.510010,0.679,0.684,0.670,0.677,1446932
2010/6/9,sh.510010,0.678,0.700,0.671,0.697,12013298
2010/6/10,sh.510010,0.689,0.695,0.682,0.690,2412175
2010/6/11,sh.510010,0.691,0.697,0.690,0.691,1069292
2010/6/17,sh.510010,0.692,0.698,0.689,0.692,8428011
2010/6/18,sh.510010,0.692,0.699,0.684,0.685,1381100
2010/6/21,sh.510010,0.681,0.707,0.681,0.704,3506543
2010/6/22,sh.510010,0.701,0.707,0.701,0.704,1349689
2010/6/23,sh.510010,0.699,0.706,0.692,0.697,1957887
2010/6/24,sh.510010,0.700,0.706,0.692,0.700,2024958
2010/6/25,sh.510010,0.693,0.702,0.693,0.698,1807075
2010/6/28,sh.510010,0.693,0.701,0.692,0.695,819970
2010/6/29,sh.510010,0.695,0.695,0.661,0.663,2874795
2010/6/30,sh.510010,0.654,0.663,0.652,0.655,1598504
2010/7/1,sh.510010,0.655,0.658,0.650,0.652,1634152
2010/7/2,sh.510010,0.652,0.656,0.639,0.652,2612964
2010/7/5,sh.510010,0.642,0.659,0.641,0.648,1432038
2010/7/6,sh.510010,0.648,0.664,0.648,0.658,2222565
2010/7/7,sh.510010,0.661,0.665,0.655,0.665,2064388
2010/7/8,sh.510010,0.667,0.671,0.663,0.664,2292153
2010/7/9,sh.510010,0.664,0.684,0.658,0.680,2708486
2010/7/12,sh.510010,0.680,0.689,0.670,0.686,1736841
2010/7/13,sh.510010,0.684,0.684,0.670,0.674,309652
2010/7/14,sh.510010,0.679,0.689,0.676,0.680,1658032
2010/7/15,sh.510010,0.675,0.688,0.671,0.671,1181128
2010/7/16,sh.510010,0.665,0.670,0.661,0.668,625899
2010/7/19,sh.510010,0.667,0.686,0.665,0.684,2076275
2010/7/20,sh.510010,0.688,0.700,0.685,0.699,2148077
2010/7/21,sh.510010,0.700,0.704,0.694,0.698,1775330
2010/7/22,sh.510010,0.695,0.713,0.695,0.711,3167770
2010/7/23,sh.510010,0.711,0.715,0.706,0.714,5829553
2010/7/26,sh.510010,0.714,0.718,0.707,0.714,5952533
2010/7/27,sh.510010,0.713,0.713,0.705,0.709,2190776
2010/7/28,sh.510010,0.707,0.733,0.707,0.729,8653565
2010/7/29,sh.510010,0.729,0.734,0.725,0.730,4726743
2010/7/30,sh.510010,0.724,0.733,0.723,0.730,2078815
2010/8/2,sh.510010,0.725,0.742,0.725,0.742,7428788
2010/8/3,sh.510010,0.741,0.743,0.720,0.730,4927789
2010/8/4,sh.510010,0.720,0.730,0.715,0.728,3211411
2010/8/5,sh.510010,0.729,0.739,0.716,0.723,3021025
2010/8/6,sh.510010,0.702,0.749,0.702,0.730,5331025
2010/8/9,sh.510010,0.730,0.735,0.722,0.729,4183966
2010/8/10,sh.510010,0.728,0.751,0.712,0.712,2353817
2010/8/11,sh.510010,0.715,0.719,0.710,0.714,3934387
2010/8/12,sh.510010,0.712,0.716,0.706,0.709,1141165
2010/8/13,sh.510010,0.708,0.713,0.704,0.711,1301977
2010/8/16,sh.510010,0.707,0.732,0.707,0.730,5925736
2010/8/17,sh.510010,0.730,0.738,0.726,0.732,1440488
2010/8/18,sh.510010,0.732,0.738,0.730,0.731,1734509
2010/8/19,sh.510010,0.729,0.746,0.729,0.742,3269579
2010/8/20,sh.510010,0.730,0.744,0.727,0.728,1598151
2010/8/23,sh.510010,0.732,0.733,0.723,0.725,1539079
2010/8/24,sh.510010,0.729,0.732,0.719,0.727,2474547
2010/8/25,sh.510010,0.725,0.725,0.711,0.712,3370207
2010/8/26,sh.510010,0.716,0.716,0.708,0.710,1414138
2010/8/27,sh.510010,0.710,0.712,0.707,0.711,252541
2010/8/30,sh.510010,0.713,0.725,0.712,0.723,2459385
2010/8/31,sh.510010,0.723,0.723,0.713,0.720,1867570
2010/9/1,sh.510010,0.718,0.724,0.708,0.710,2576833
2010/9/2,sh.510010,0.713,0.739,0.713,0.719,1497489
2010/9/3,sh.510010,0.719,0.720,0.712,0.718,824287
2010/9/6,sh.510010,0.727,0.735,0.720,0.734,3620372
2010/9/7,sh.510010,0.728,0.737,0.728,0.735,1534012
2010/9/8,sh.510010,0.728,0.735,0.700,0.734,5326952
2010/9/9,sh.510010,0.734,0.743,0.716,0.720,2317856
2010/9/10,sh.510010,0.716,0.727,0.709,0.724,1387375
2010/9/13,sh.510010,0.728,0.730,0.712,0.728,3056965
2010/9/14,sh.510010,0.723,0.736,0.722,0.726,1439078
2010/9/15,sh.510010,0.726,0.726,0.710,0.714,1968766
2010/9/16,sh.510010,0.714,0.714,0.693,0.700,2487129
2010/9/17,sh.510010,0.704,0.704,0.696,0.697,1058824
2010/9/20,sh.510010,0.700,0.700,0.693,0.695,914779
2010/9/21,sh.510010,0.700,0.700,0.693,0.695,826478
2010/9/27,sh.510010,0.695,0.708,0.695,0.707,4750775
2010/9/28,sh.510010,0.707,0.719,0.638,0.701,9973497
2010/9/29,sh.510010,0.700,0.705,0.696,0.700,4816769
2010/9/30,sh.510010,0.695,0.712,0.695,0.710,2950272
2010/10/8,sh.510010,0.715,0.743,0.715,0.738,6294336
2010/10/11,sh.510010,0.738,0.771,0.738,0.766,4553420
2010/10/12,sh.510010,0.764,0.777,0.753,0.774,4707801
2010/10/13,sh.510010,0.774,0.791,0.774,0.791,5124026
2010/10/14,sh.510010,0.795,0.815,0.790,0.796,11126358
2010/10/15,sh.510010,0.794,0.828,0.790,0.827,5136507
2010/10/18,sh.510010,0.830,0.860,0.821,0.825,9383694
2010/10/19,sh.510010,0.825,0.842,0.815,0.840,9036415
2010/10/20,sh.510010,0.820,0.855,0.820,0.841,4559374
2010/10/21,sh.510010,0.839,0.847,0.827,0.831,3654574
2010/10/22,sh.510010,0.822,0.842,0.822,0.832,2708005
2010/10/25,sh.510010,0.840,0.856,0.820,0.856,4471607
2010/10/26,sh.510010,0.850,0.860,0.846,0.850,4392614
2010/10/27,sh.510010,0.847,0.859,0.837,0.840,4848490
2010/10/28,sh.510010,0.840,0.840,0.826,0.835,5789156
2010/10/29,sh.510010,0.826,0.830,0.820,0.825,2180780
2010/11/1,sh.510010,0.825,0.845,0.825,0.844,3797157
2010/11/2,sh.510010,0.845,0.853,0.835,0.844,2278405
2010/11/3,sh.510010,0.839,0.849,0.834,0.837,1813857
2010/11/4,sh.510010,0.835,0.852,0.835,0.843,1498711
2010/11/5,sh.510010,0.850,0.862,0.850,0.857,2756744
2010/11/8,sh.510010,0.857,0.869,0.853,0.865,4960517
2010/11/9,sh.510010,0.857,0.864,0.848,0.854,1636611
2010/11/10,sh.510010,0.851,0.851,0.836,0.840,947223
2010/11/11,sh.510010,0.836,0.859,0.836,0.850,2678553
2010/11/12,sh.510010,0.840,0.845,0.800,0.801,2554906
2010/11/15,sh.510010,0.810,0.810,0.780,0.793,1677084
2010/11/16,sh.510010,0.793,0.795,0.766,0.772,1868274
2010/11/17,sh.510010,0.770,0.772,0.750,0.760,6306645
2010/11/18,sh.510010,0.747,0.775,0.747,0.768,1791738
2010/11/19,sh.510010,0.768,0.769,0.746,0.768,2199500
2010/11/22,sh.510010,0.768,0.770,0.748,0.764,6654011
2010/11/23,sh.510010,0.760,0.760,0.737,0.749,2121564
2010/11/24,sh.510010,0.746,0.760,0.746,0.758,1944540
2010/11/25,sh.510010,0.759,0.774,0.756,0.766,3192305
2010/11/26,sh.510010,0.770,0.770,0.752,0.760,5047196
2010/11/29,sh.510010,0.758,0.766,0.752,0.756,1437071
2010/11/30,sh.510010,0.756,0.764,0.728,0.745,5574144
2010/12/1,sh.510010,0.740,0.751,0.740,0.747,3200514
2010/12/2,sh.510010,0.755,0.762,0.755,0.755,1287313
2010/12/3,sh.510010,0.755,0.758,0.750,0.756,128913
2010/12/6,sh.510010,0.751,0.764,0.751,0.762,731697
2010/12/7,sh.510010,0.757,0.770,0.750,0.770,508064
2010/12/8,sh.510010,0.766,0.768,0.756,0.756,426098
2010/12/9,sh.510010,0.755,0.763,0.750,0.750,464700
2010/12/10,sh.510010,0.750,0.760,0.745,0.755,4907214
2010/12/13,sh.510010,0.755,0.779,0.755,0.779,3769844
2010/12/14,sh.510010,0.780,0.783,0.773,0.781,3003637
2010/12/15,sh.510010,0.783,0.783,0.775,0.777,2787986
2010/12/16,sh.510010,0.776,0.778,0.768,0.769,2441900
2010/12/17,sh.510010,0.766,0.770,0.764,0.766,4757648
2010/12/20,sh.510010,0.766,0.770,0.741,0.754,1758421
2010/12/21,sh.510010,0.752,0.774,0.752,0.773,3875808
2010/12/22,sh.510010,0.773,0.776,0.765,0.765,1681709
2010/12/23,sh.510010,0.760,0.772,0.760,0.762,3035709
2010/12/24,sh.510010,0.760,0.764,0.754,0.761,1368246
2010/12/27,sh.510010,0.758,0.772,0.745,0.747,3047192
2010/12/28,sh.510010,0.747,0.747,0.731,0.733,8551451
2010/12/29,sh.510010,0.732,0.737,0.731,0.736,678300
2010/12/30,sh.510010,0.736,0.738,0.729,0.735,149901
2010/12/31,sh.510010,0.730,0.748,0.730,0.748,5200800
2011/1/4,sh.510010,0.748,0.764,0.745,0.761,941877
2011/1/5,sh.510010,0.758,0.763,0.757,0.758,2177469
2011/1/6,sh.510010,0.761,0.763,0.755,0.755,2187731
2011/1/7,sh.510010,0.752,0.774,0.752,0.759,8501295
2011/1/10,sh.510010,0.767,0.767,0.748,0.753,972400
2011/1/11,sh.510010,0.748,0.759,0.748,0.754,641372
2011/1/12,sh.510010,0.755,0.764,0.755,0.763,902962
2011/1/13,sh.510010,0.763,0.766,0.761,0.762,824859
2011/1/14,sh.510010,0.752,0.766,0.751,0.752,191492
2011/1/17,sh.510010,0.750,0.750,0.720,0.721,3766462
2011/1/18,sh.510010,0.720,0.734,0.720,0.725,204891
2011/1/19,sh.510010,0.728,0.739,0.724,0.737,2864451
2011/1/20,sh.510010,0.738,0.738,0.714,0.719,4175389
2011/1/21,sh.510010,0.712,0.740,0.712,0.729,3004337
2011/1/24,sh.510010,0.730,0.735,0.720,0.721,1274032
2011/1/25,sh.510010,0.727,0.727,0.718,0.722,235831
2011/1/26,sh.510010,0.726,0.729,0.722,0.728,79165
2011/1/27,sh.510010,0.726,0.740,0.722,0.740,619393
2011/1/28,sh.510010,0.735,0.741,0.732,0.737,999364
2011/1/31,sh.510010,0.735,0.746,0.731,0.746,778918
2011/2/1,sh.510010,0.746,0.749,0.737,0.749,1171426
2011/2/9,sh.510010,0.746,0.748,0.736,0.745,1637863
2011/2/10,sh.510010,0.738,0.752,0.735,0.752,538500
2011/2/11,sh.510010,0.743,0.756,0.743,0.755,330600
2011/2/14,sh.510010,0.753,0.780,0.753,0.776,1348081
2011/2/15,sh.510010,0.780,0.788,0.773,0.778,1762275
2011/2/16,sh.510010,0.766,0.781,0.766,0.781,751831
2011/2/17,sh.510010,0.780,0.786,0.772,0.782,866339
2011/2/18,sh.510010,0.772,0.782,0.772,0.776,481659
2011/2/21,sh.510010,0.776,0.783,0.758,0.781,9536356
2011/2/22,sh.510010,0.781,0.782,0.763,0.764,8141589
2011/2/23,sh.510010,0.762,0.764,0.757,0.762,484354
2011/2/24,sh.510010,0.762,0.765,0.760,0.765,2530922
2011/2/25,sh.510010,0.762,0.772,0.760,0.770,8179350
2011/2/28,sh.510010,0.770,0.776,0.759,0.772,312623
2011/3/1,sh.510010,0.777,0.787,0.770,0.781,974849
2011/3/2,sh.510010,0.779,0.784,0.772,0.779,1425277
2011/3/3,sh.510010,0.784,0.791,0.778,0.784,2900477
2011/3/4,sh.510010,0.778,0.794,0.778,0.792,1407107
2011/3/7,sh.510010,0.794,0.811,0.794,0.811,19231259
2011/3/8,sh.510010,0.811,0.815,0.809,0.811,1278785
2011/3/9,sh.510010,0.816,0.816,0.808,0.814,554463
2011/3/10,sh.510010,0.810,0.810,0.794,0.798,464245
2011/3/11,sh.510010,0.794,0.795,0.787,0.789,662495
2011/3/14,sh.510010,0.789,0.790,0.781,0.787,206709
2011/3/15,sh.510010,0.788,0.788,0.764,0.771,2002000
2011/3/16,sh.510010,0.770,0.788,0.770,0.787,2372772
2011/3/17,sh.510010,0.780,0.787,0.769,0.774,370800
2011/3/18,sh.510010,0.780,0.784,0.776,0.778,251759
2011/3/21,sh.510010,0.785,0.785,0.777,0.777,257960
2011/3/22,sh.510010,0.770,0.785,0.770,0.783,9530021
2011/3/23,sh.510010,0.784,0.793,0.778,0.793,750491
2011/3/24,sh.510010,0.788,0.795,0.788,0.788,1220736
2011/3/25,sh.510010,0.785,0.803,0.785,0.802,1183752
2011/3/28,sh.510010,0.802,0.819,0.800,0.800,1627258
2011/3/29,sh.510010,0.796,0.819,0.796,0.801,8187520
2011/3/30,sh.510010,0.799,0.804,0.794,0.801,2654470
2011/3/31,sh.510010,0.796,0.800,0.789,0.793,494291
2011/4/1,sh.510010,0.788,0.814,0.787,0.808,11652476
2011/4/6,sh.510010,0.808,0.820,0.807,0.819,4331281
2011/4/7,sh.510010,0.814,0.822,0.814,0.820,3285274
2011/4/8,sh.510010,0.816,0.826,0.816,0.823,597341
2011/4/11,sh.510010,0.826,0.833,0.823,0.823,1789507
2011/4/12,sh.510010,0.823,0.825,0.816,0.823,859191
2011/4/13,sh.510010,0.823,0.831,0.813,0.830,1616308
2011/4/14,sh.510010,0.817,0.833,0.817,0.828,2124048
2011/4/15,sh.510010,0.828,0.834,0.822,0.828,1589930
2011/4/18,sh.510010,0.828,0.833,0.825,0.831,1150783
2011/4/19,sh.510010,0.826,0.830,0.814,0.820,1516300
2011/4/20,sh.510010,0.826,0.826,0.808,0.812,4525979
2011/4/21,sh.510010,0.807,0.820,0.807,0.818,1284233
2011/4/22,sh.510010,0.812,0.817,0.810,0.813,522389
2011/4/25,sh.510010,0.807,0.808,0.800,0.804,1406103
2011/4/26,sh.510010,0.804,0.805,0.795,0.801,290595
2011/4/27,sh.510010,0.802,0.802,0.791,0.793,372031
2011/4/28,sh.510010,0.793,0.807,0.790,0.793,1304800
2011/4/29,sh.510010,0.793,0.793,0.782,0.793,492418
2011/5/3,sh.510010,0.793,0.795,0.786,0.794,3502907
2011/5/4,sh.510010,0.793,0.793,0.776,0.778,377900
2011/5/5,sh.510010,0.780,0.780,0.770,0.773,1439541
2011/5/6,sh.510010,0.768,0.775,0.765,0.769,1527858
2011/5/9,sh.510010,0.768,0.778,0.768,0.772,730679
2011/5/10,sh.510010,0.771,0.782,0.770,0.782,1176031
2011/5/11,sh.510010,0.774,0.782,0.774,0.776,88799
2011/5/12,sh.510010,0.766,0.775,0.766,0.774,1168566
2011/5/13,sh.510010,0.766,0.782,0.761,0.768,528263
2011/5/16,sh.510010,0.769,0.770,0.762,0.768,374305
2011/5/17,sh.510010,0.769,0.772,0.758,0.771,3581700
2011/5/18,sh.510010,0.769,0.774,0.767,0.773,2308898
2011/5/19,sh.510010,0.770,0.775,0.767,0.767,179749
2011/5/20,sh.510010,0.767,0.773,0.766,0.770,278329
2011/5/23,sh.510010,0.762,0.770,0.748,0.755,1277590
2011/5/24,sh.510010,0.746,0.754,0.744,0.754,4271476
2011/5/25,sh.510010,0.747,0.750,0.743,0.748,204535
2011/5/26,sh.510010,0.758,0.758,0.738,0.740,7279200
2011/5/27,sh.510010,0.737,0.739,0.733,0.736,2243051
2011/5/30,sh.510010,0.732,0.738,0.732,0.735,498376
2011/5/31,sh.510010,0.742,0.744,0.731,0.744,1307631
2011/6/1,sh.510010,0.740,0.743,0.740,0.743,27800
2011/6/2,sh.510010,0.740,0.740,0.721,0.730,1413263
2011/6/3,sh.510010,0.727,0.738,0.727,0.734,1328425
2011/6/7,sh.510010,0.731,0.742,0.731,0.737,96025
2011/6/8,sh.510010,0.736,0.738,0.729,0.738,168400
2011/6/9,sh.510010,0.738,0.738,0.730,0.730,386713
2011/6/10,sh.510010,0.725,0.736,0.723,0.730,1286518
2011/6/13,sh.510010,0.722,0.731,0.720,0.731,5526531
2011/6/14,sh.510010,0.728,0.738,0.727,0.736,654439
2011/6/15,sh.510010,0.739,0.739,0.733,0.734,561559
2011/6/16,sh.510010,0.730,0.730,0.723,0.727,447800
2011/6/17,sh.510010,0.722,0.728,0.717,0.721,23333028
2011/6/20,sh.510010,0.715,0.718,0.711,0.714,849003
2011/6/21,sh.510010,0.714,0.719,0.713,0.719,2155767
2011/6/22,sh.510010,0.719,0.720,0.710,0.720,2345318
2011/6/23,sh.510010,0.718,0.731,0.714,0.730,903866
2011/6/24,sh.510010,0.731,0.752,0.730,0.750,4743916
2011/6/27,sh.510010,0.750,0.754,0.749,0.752,5954664
2011/6/28,sh.510010,0.752,0.752,0.745,0.750,5748348
2011/6/29,sh.510010,0.746,0.750,0.740,0.741,720300
2011/6/30,sh.510010,0.745,0.754,0.739,0.750,4992764
2011/7/1,sh.510010,0.751,0.755,0.746,0.753,1372401
2011/7/4,sh.510010,0.753,0.771,0.753,0.766,1101793
2011/7/5,sh.510010,0.770,0.770,0.762,0.766,885000
2011/7/6,sh.510010,0.758,0.764,0.758,0.764,705520
2011/7/7,sh.510010,0.771,0.771,0.761,0.762,1879640
2011/7/8,sh.510010,0.763,0.770,0.758,0.760,825264
2011/7/11,sh.510010,0.757,0.764,0.750,0.763,1187590
2011/7/12,sh.510010,0.760,0.760,0.743,0.748,6023426
2011/7/13,sh.510010,0.755,0.766,0.746,0.759,8381742
2011/7/14,sh.510010,0.765,0.765,0.757,0.762,2941729
2011/7/15,sh.510010,0.763,0.764,0.752,0.762,2318058
2011/7/18,sh.510010,0.764,0.764,0.758,0.761,3604999
2011/7/19,sh.510010,0.760,0.760,0.750,0.753,2495601
2011/7/20,sh.510010,0.752,0.757,0.745,0.752,2106200
2011/7/21,sh.510010,0.745,0.753,0.742,0.744,5070265
2011/7/22,sh.510010,0.740,0.746,0.740,0.746,2860982
2011/7/25,sh.510010,0.741,0.741,0.716,0.728,3665265
2011/7/26,sh.510010,0.719,0.724,0.718,0.723,2106036
2011/7/27,sh.510010,0.717,0.724,0.714,0.722,2922651
2011/7/28,sh.510010,0.716,0.720,0.714,0.716,1894100
2011/7/29,sh.510010,0.719,0.722,0.712,0.718,2056966
2011/8/1,sh.510010,0.713,0.721,0.713,0.719,1880356
2011/8/2,sh.510010,0.713,0.719,0.706,0.719,3094303
2011/8/3,sh.510010,0.711,0.715,0.704,0.715,2504905
2011/8/4,sh.510010,0.711,0.719,0.710,0.714,2613361
2011/8/5,sh.510010,0.706,0.706,0.681,0.696,3831590
2011/8/8,sh.510010,0.696,0.696,0.665,0.668,3543406
2011/8/9,sh.510010,0.664,0.672,0.645,0.670,4728161
2011/8/10,sh.510010,0.670,0.689,0.670,0.680,1140587
2011/8/11,sh.510010,0.668,0.688,0.658,0.683,2197012
2011/8/12,sh.510010,0.688,0.689,0.684,0.685,2561606
2011/8/15,sh.510010,0.685,0.698,0.680,0.696,2625300
2011/8/16,sh.510010,0.679,0.702,0.679,0.691,2801824
2011/8/17,sh.510010,0.688,0.701,0.688,0.694,2887180
2011/8/18,sh.510010,0.690,0.694,0.679,0.682,2793287
2011/8/19,sh.510010,0.673,0.680,0.667,0.670,2847600
2011/8/22,sh.510010,0.673,0.680,0.663,0.665,2922400
2011/8/23,sh.510010,0.670,0.679,0.665,0.679,2943700
2011/8/24,sh.510010,0.675,0.685,0.672,0.680,3204900
2011/8/25,sh.510010,0.672,0.702,0.672,0.701,4172041
2011/8/26,sh.510010,0.701,0.703,0.693,0.698,5544101
2011/8/29,sh.510010,0.680,0.691,0.680,0.686,2181401
2011/8/30,sh.510010,0.690,0.700,0.685,0.685,2552400
2011/8/31,sh.510010,0.686,0.693,0.681,0.688,3570804
2011/9/1,sh.510010,0.690,0.701,0.685,0.691,2551457
2011/9/2,sh.510010,0.685,0.699,0.676,0.679,3462200
2011/9/5,sh.510010,0.676,0.676,0.664,0.666,5579804
2011/9/6,sh.510010,0.666,0.666,0.658,0.660,2631602
2011/9/7,sh.510010,0.661,0.676,0.661,0.675,2463097
2011/9/8,sh.510010,0.679,0.679,0.670,0.672,2795635
2011/9/9,sh.510010,0.672,0.677,0.668,0.670,1438102
2011/9/13,sh.510010,0.656,0.666,0.656,0.666,1844157
2011/9/14,sh.510010,0.664,0.670,0.655,0.667,1475900
2011/9/15,sh.510010,0.667,0.676,0.664,0.667,1416600
2011/9/16,sh.510010,0.665,0.673,0.665,0.667,1578100
2011/9/19,sh.510010,0.660,0.667,0.655,0.656,1575800
2011/9/20,sh.510010,0.656,0.669,0.651,0.656,6584800
2011/9/21,sh.510010,0.653,0.680,0.651,0.674,1724466
2011/9/22,sh.510010,0.675,0.675,0.654,0.654,2726170
2011/9/23,sh.510010,0.648,0.660,0.643,0.651,3940100
2011/9/26,sh.510010,0.653,0.654,0.636,0.640,2143250
2011/9/27,sh.510010,0.640,0.647,0.638,0.643,2967550
2011/9/28,sh.510010,0.641,0.649,0.634,0.638,1777700
2011/9/29,sh.510010,0.638,0.638,0.621,0.636,3109440
2011/9/30,sh.510010,0.640,0.640,0.628,0.633,1925412
2011/10/10,sh.510010,0.633,0.633,0.621,0.621,1784300
2011/10/11,sh.510010,0.639,0.639,0.619,0.623,1900300
2011/10/12,sh.510010,0.619,0.650,0.617,0.648,2903686
2011/10/13,sh.510010,0.648,0.658,0.630,0.653,1780499
2011/10/14,sh.510010,0.646,0.655,0.646,0.652,1602439
2011/10/17,sh.510010,0.649,0.660,0.649,0.654,1756348
2011/10/18,sh.510010,0.649,0.653,0.635,0.635,1646500
2011/10/19,sh.510010,0.642,0.645,0.636,0.636,1641300
2011/10/20,sh.510010,0.630,0.634,0.624,0.629,1708700
2011/10/21,sh.510010,0.624,0.640,0.620,0.628,1491600
2011/10/24,sh.510010,0.622,0.646,0.622,0.645,3570012
2011/10/25,sh.510010,0.646,0.660,0.642,0.652,4876013
2011/10/26,sh.510010,0.647,0.663,0.647,0.652,1851600
2011/10/27,sh.510010,0.657,0.663,0.652,0.660,1799649
2011/10/28,sh.510010,0.664,0.678,0.664,0.672,2098269
2011/10/31,sh.510010,0.670,0.673,0.660,0.672,2765064
2011/11/1,sh.510010,0.672,0.678,0.661,0.671,1909764
2011/11/2,sh.510010,0.667,0.683,0.661,0.681,2029213
2011/11/3,sh.510010,0.686,0.690,0.671,0.685,2202713
2011/11/4,sh.510010,0.686,0.698,0.685,0.687,2490573
2011/11/7,sh.510010,0.685,0.686,0.681,0.681,1604700
2011/11/8,sh.510010,0.683,0.683,0.676,0.678,2506400
2011/11/9,sh.510010,0.699,0.699,0.672,0.681,2702433
2011/11/10,sh.510010,0.672,0.675,0.663,0.671,1633691
2011/11/11,sh.510010,0.664,0.673,0.664,0.670,2029991
2011/11/14,sh.510010,0.667,0.683,0.667,0.680,2109191
2011/11/15,sh.510010,0.675,0.681,0.675,0.679,1545400
2011/11/16,sh.510010,0.674,0.678,0.660,0.660,1717213
2011/11/17,sh.510010,0.661,0.663,0.650,0.658,1849714
2011/11/18,sh.510010,0.658,0.658,0.644,0.647,2100777
2011/11/21,sh.510010,0.677,0.677,0.645,0.647,1549758
2011/11/22,sh.510010,0.658,0.658,0.637,0.646,1481027
2011/11/23,sh.510010,0.649,0.655,0.643,0.645,1433453
2011/11/24,sh.510010,0.638,0.644,0.635,0.638,3511500
2011/11/25,sh.510010,0.646,0.646,0.630,0.635,12547250
2011/11/28,sh.510010,0.639,0.640,0.631,0.637,2136167
2011/11/29,sh.510010,0.637,0.644,0.634,0.644,2080822
2011/11/30,sh.510010,0.641,0.641,0.621,0.627,3882596
2011/12/1,sh.510010,0.635,0.650,0.635,0.642,4180839
2011/12/2,sh.510010,0.633,0.639,0.632,0.634,2632300
2011/12/5,sh.510010,0.639,0.639,0.625,0.627,12491501
2011/12/6,sh.510010,0.626,0.630,0.624,0.629,1815700
2011/12/7,sh.510010,0.627,0.632,0.625,0.631,1415259
2011/12/8,sh.510010,0.626,0.640,0.626,0.632,16794747
2011/12/9,sh.510010,0.627,0.633,0.624,0.630,1890448
2011/12/12,sh.510010,0.635,0.635,0.623,0.623,1610400
2011/12/13,sh.510010,0.620,0.620,0.612,0.614,1032231
2011/12/14,sh.510010,0.605,0.619,0.605,0.615,1444939
2011/12/15,sh.510010,0.602,0.610,0.594,0.598,2722200
2011/12/16,sh.510010,0.599,0.606,0.585,0.605,4041800
2011/12/19,sh.510010,0.600,0.606,0.585,0.606,2246719
2011/12/20,sh.510010,0.608,0.610,0.602,0.604,1499500
2011/12/21,sh.510010,0.605,0.609,0.592,0.598,1605300
2011/12/22,sh.510010,0.588,0.600,0.582,0.595,1425240
2011/12/23,sh.510010,0.599,0.609,0.590,0.600,1457370
2011/12/26,sh.510010,0.609,0.649,0.588,0.601,1459403
2011/12/27,sh.510010,0.600,0.607,0.587,0.588,1677500
2011/12/28,sh.510010,0.600,0.600,0.581,0.589,1558628
2011/12/29,sh.510010,0.581,0.598,0.581,0.592,1858400
2011/12/30,sh.510010,0.588,0.603,0.588,0.600,2416400
2012/1/4,sh.510010,0.601,0.606,0.592,0.593,1471600
2012/1/5,sh.510010,0.592,0.598,0.586,0.592,4519401
2012/1/6,sh.510010,0.592,0.592,0.582,0.591,2531901
2012/1/9,sh.510010,0.593,0.611,0.587,0.611,18926841
2012/1/10,sh.510010,0.610,0.630,0.609,0.627,4307453
2012/1/11,sh.510010,0.628,0.629,0.623,0.625,3223696
2012/1/12,sh.510010,0.626,0.632,0.624,0.626,1997900
2012/1/13,sh.510010,0.630,0.630,0.610,0.620,2110593
2012/1/16,sh.510010,0.617,0.619,0.608,0.608,1988500
2012/1/17,sh.510010,0.608,0.640,0.605,0.635,2687289
2012/1/18,sh.510010,0.640,0.641,0.628,0.631,1781883
2012/1/19,sh.510010,0.630,0.651,0.630,0.639,3837265
2012/1/20,sh.510010,0.643,0.650,0.640,0.650,3022656
2012/1/30,sh.510010,0.659,0.659,0.639,0.640,1872900
2012/1/31,sh.510010,0.639,0.640,0.633,0.640,4663194
2012/2/1,sh.510010,0.640,0.658,0.625,0.625,4206299
2012/2/2,sh.510010,0.633,0.645,0.626,0.645,3496522
2012/2/3,sh.510010,0.640,0.654,0.640,0.650,2292551
2012/2/6,sh.510010,0.648,0.654,0.600,0.650,3441119
2012/2/7,sh.510010,0.643,0.643,0.625,0.635,2673702
2012/2/8,sh.510010,0.632,0.651,0.630,0.650,4917032
2012/2/9,sh.510010,0.648,0.658,0.648,0.652,3200582
2012/2/10,sh.510010,0.651,0.658,0.648,0.652,1247563
2012/2/13,sh.510010,0.645,0.654,0.641,0.651,1432800
2012/2/14,sh.510010,0.647,0.660,0.641,0.655,1741572
2012/2/15,sh.510010,0.642,0.658,0.642,0.658,1923043
2012/2/16,sh.510010,0.654,0.657,0.650,0.651,1547947
2012/2/17,sh.510010,0.655,0.656,0.650,0.651,1222465
2012/2/20,sh.510010,0.660,0.668,0.650,0.664,2642240
2012/2/21,sh.510010,0.652,0.660,0.647,0.660,3466373
2012/2/22,sh.510010,0.658,0.669,0.655,0.669,3521862
2012/2/23,sh.510010,0.668,0.676,0.663,0.674,5138393
2012/2/24,sh.510010,0.674,0.680,0.665,0.679,3641531
2012/2/27,sh.510010,0.679,0.687,0.678,0.680,2315653
2012/2/28,sh.510010,0.678,0.682,0.675,0.681,2059986
2012/2/29,sh.510010,0.678,0.680,0.670,0.670,3041300
2012/3/1,sh.510010,0.671,0.680,0.670,0.675,1475742
2012/3/2,sh.510010,0.673,0.683,0.673,0.683,524855
2012/3/5,sh.510010,0.682,0.688,0.679,0.679,5525160
2012/3/6,sh.510010,0.674,0.678,0.662,0.670,574100
2012/3/7,sh.510010,0.661,0.668,0.658,0.661,368031
2012/3/8,sh.510010,0.661,0.673,0.661,0.672,86600
2012/3/9,sh.510010,0.672,0.675,0.666,0.674,445601
2012/3/12,sh.510010,0.671,0.676,0.665,0.670,529400
2012/3/13,sh.510010,0.668,0.676,0.668,0.675,2264760
2012/3/14,sh.510010,0.679,0.682,0.653,0.655,805719
2012/3/15,sh.510010,0.656,0.668,0.651,0.655,598853
2012/3/16,sh.510010,0.652,0.664,0.652,0.662,1539259
2012/3/19,sh.510010,0.659,0.663,0.653,0.663,1196063
2012/3/20,sh.510010,0.664,0.664,0.653,0.658,698183
2012/3/21,sh.510010,0.656,0.658,0.646,0.653,1500932
2012/3/22,sh.510010,0.650,0.658,0.647,0.657,595398
2012/3/23,sh.510010,0.656,0.659,0.645,0.659,803943
2012/3/26,sh.510010,0.653,0.653,0.645,0.647,423355
2012/3/27,sh.510010,0.647,0.655,0.647,0.650,328905
2012/3/28,sh.510010,0.650,0.653,0.635,0.635,495489
2012/3/29,sh.510010,0.640,0.640,0.620,0.625,1584165
2012/3/30,sh.510010,0.624,0.628,0.615,0.628,1420969
2012/4/5,sh.510010,0.628,0.639,0.628,0.639,700689
2012/4/6,sh.510010,0.637,0.640,0.633,0.640,542541
2012/4/9,sh.510010,0.640,0.640,0.626,0.630,333310
2012/4/10,sh.510010,0.630,0.638,0.622,0.638,450100
2012/4/11,sh.510010,0.628,0.642,0.628,0.638,360800
2012/4/12,sh.510010,0.646,0.653,0.623,0.652,623485
2012/4/13,sh.510010,0.650,0.657,0.650,0.655,477900
2012/4/16,sh.510010,0.650,0.656,0.647,0.655,357800
2012/4/17,sh.510010,0.655,0.655,0.642,0.643,468570
2012/4/18,sh.510010,0.640,0.661,0.640,0.656,1052827
2012/4/19,sh.510010,0.656,0.667,0.656,0.665,1246338
2012/4/20,sh.510010,0.655,0.670,0.655,0.670,898410
2012/4/23,sh.510010,0.668,0.672,0.661,0.667,1058856
2012/4/24,sh.510010,0.663,0.680,0.660,0.678,1381852
2012/4/25,sh.510010,0.665,0.680,0.665,0.671,420614
2012/4/26,sh.510010,0.669,0.676,0.665,0.669,1368968
2012/4/27,sh.510010,0.679,0.680,0.667,0.669,482901
2012/5/2,sh.510010,0.689,0.689,0.674,0.685,1143959
2012/5/3,sh.510010,0.684,0.686,0.680,0.684,778824
2012/5/4,sh.510010,0.687,0.689,0.678,0.686,844794
2012/5/7,sh.510010,0.685,0.690,0.681,0.690,1037459
2012/5/8,sh.510010,0.685,0.687,0.681,0.684,466900
2012/5/9,sh.510010,0.678,0.680,0.676,0.676,385500
2012/5/10,sh.510010,0.671,0.681,0.670,0.675,547859
2012/5/11,sh.510010,0.671,0.677,0.668,0.669,337200
2012/5/14,sh.510010,0.668,0.671,0.666,0.667,482800
2012/5/15,sh.510010,0.662,0.670,0.662,0.670,379811
2012/5/16,sh.510010,0.662,0.669,0.653,0.661,789400
2012/5/17,sh.510010,0.653,0.665,0.653,0.664,835791
2012/5/18,sh.510010,0.643,0.664,0.643,0.647,983958
2012/5/21,sh.510010,0.654,0.661,0.651,0.660,331301
2012/5/22,sh.510010,0.658,0.669,0.658,0.669,216114
2012/5/23,sh.510010,0.661,0.667,0.660,0.667,491618
2012/5/24,sh.510010,0.662,0.666,0.660,0.660,612600
2012/5/25,sh.510010,0.659,0.663,0.652,0.655,370900
2012/5/28,sh.510010,0.643,0.664,0.643,0.664,348213
2012/5/29,sh.510010,0.668,0.673,0.664,0.670,778738
2012/5/30,sh.510010,0.672,0.678,0.668,0.669,934901
2012/5/31,sh.510010,0.669,0.671,0.661,0.669,766596
2012/6/1,sh.510010,0.666,0.672,0.664,0.667,830709
2012/6/4,sh.510010,0.651,0.659,0.648,0.648,1159601
2012/6/5,sh.510010,0.656,0.656,0.646,0.650,1250659
2012/6/6,sh.510010,0.650,0.650,0.644,0.647,862531
2012/6/7,sh.510010,0.650,0.654,0.648,0.648,1152559
2012/6/8,sh.510010,0.649,0.651,0.640,0.641,1119047
2012/6/11,sh.510010,0.650,0.653,0.643,0.653,1048500
2012/6/12,sh.510010,0.645,0.654,0.645,0.645,2173927
2012/6/13,sh.510010,0.649,0.665,0.649,0.659,1478900
2012/6/14,sh.510010,0.654,0.664,0.654,0.657,1295300
2012/6/15,sh.510010,0.655,0.662,0.654,0.660,1356400
2012/6/18,sh.510010,0.658,0.664,0.657,0.658,1355000
2012/6/19,sh.510010,0.660,0.660,0.657,0.657,1640447
2012/6/20,sh.510010,0.657,0.660,0.654,0.654,1325639
2012/6/21,sh.510010,0.654,0.654,0.645,0.645,1439799
2012/6/25,sh.510010,0.654,0.654,0.633,0.639,1415531
2012/6/26,sh.510010,0.625,0.637,0.625,0.634,20674500
2012/6/27,sh.510010,0.633,0.639,0.631,0.634,2767701
2012/6/28,sh.510010,0.631,0.634,0.625,0.629,2566266
2012/6/29,sh.510010,0.620,0.647,0.620,0.644,2219781
2012/7/2,sh.510010,0.637,0.640,0.636,0.637,1940900
2012/7/3,sh.510010,0.633,0.644,0.633,0.638,1647058
2012/7/4,sh.510010,0.639,0.640,0.633,0.636,2458127
2012/7/5,sh.510010,0.633,0.635,0.625,0.635,2080138
2012/7/6,sh.510010,0.632,0.645,0.627,0.634,3265799
2012/7/9,sh.510010,0.634,0.634,0.627,0.627,1739900
2012/7/10,sh.510010,0.621,0.628,0.621,0.625,1628431
2012/7/11,sh.510010,0.625,0.629,0.618,0.623,2597100
2012/7/12,sh.510010,0.620,0.629,0.615,0.627,3244469
2012/7/13,sh.510010,0.620,0.634,0.620,0.628,2843900
2012/7/16,sh.510010,0.625,0.625,0.613,0.613,1789500
2012/7/17,sh.510010,0.619,0.621,0.617,0.619,1761000
2012/7/18,sh.510010,0.655,0.655,0.615,0.620,1731599
2012/7/19,sh.510010,0.620,0.633,0.615,0.619,1708100
2012/7/20,sh.510010,0.616,0.626,0.616,0.618,1898323
2012/7/23,sh.510010,0.617,0.617,0.608,0.610,497200
2012/7/24,sh.510010,0.608,0.612,0.608,0.611,367501
2012/7/25,sh.510010,0.610,0.611,0.606,0.606,1501700
2012/7/26,sh.510010,0.605,0.610,0.602,0.605,1500500
2012/7/27,sh.510010,0.603,0.607,0.603,0.606,2430000
2012/7/30,sh.510010,0.604,0.609,0.604,0.606,1575200
2012/7/31,sh.510010,0.601,0.607,0.601,0.605,1399200
2012/8/1,sh.510010,0.609,0.613,0.606,0.611,1748599
2012/8/2,sh.510010,0.606,0.611,0.603,0.608,1600609
2012/8/3,sh.510010,0.604,0.608,0.603,0.608,1449800
2012/8/6,sh.510010,0.605,0.615,0.605,0.614,2304205
2012/8/7,sh.510010,0.613,0.616,0.612,0.614,1664600
2012/8/8,sh.510010,0.615,0.624,0.614,0.617,2487406
2012/8/9,sh.510010,0.615,0.619,0.611,0.619,1508901
2012/8/10,sh.510010,0.619,0.622,0.608,0.619,2067709
2012/8/13,sh.510010,0.613,0.614,0.607,0.607,1324400
2012/8/14,sh.510010,0.604,0.609,0.597,0.604,2235916
2012/8/15,sh.510010,0.601,0.602,0.595,0.596,2471408
2012/8/16,sh.510010,0.620,0.620,0.594,0.599,2250845
2012/8/17,sh.510010,0.598,0.598,0.592,0.595,2015800
2012/8/20,sh.510010,0.595,0.599,0.587,0.599,1066201
2012/8/21,sh.510010,0.596,0.597,0.589,0.593,1933600
2012/8/22,sh.510010,0.591,0.592,0.587,0.587,1662229
2012/8/23,sh.510010,0.587,0.592,0.587,0.590,1726334
2012/8/24,sh.510010,0.590,0.590,0.582,0.586,331111
2012/8/27,sh.510010,0.581,0.581,0.574,0.576,1610055
2012/8/28,sh.510010,0.574,0.583,0.569,0.576,2963112
2012/8/29,sh.510010,0.571,0.578,0.571,0.572,1782964
2012/8/30,sh.510010,0.571,0.577,0.571,0.574,1626250
2012/8/31,sh.510010,0.573,0.574,0.571,0.574,513413
2012/9/3,sh.510010,0.574,0.579,0.571,0.579,1708059
2012/9/4,sh.510010,0.569,0.584,0.566,0.566,1833714
2012/9/5,sh.510010,0.565,0.577,0.564,0.569,9680500
2012/9/6,sh.510010,0.575,0.575,0.567,0.571,3021375
2012/9/7,sh.510010,0.580,0.600,0.575,0.597,2799676
2012/9/10,sh.510010,0.599,0.599,0.594,0.599,1613355
2012/9/11,sh.510010,0.593,0.595,0.589,0.594,1523428
2012/9/12,sh.510010,0.596,0.598,0.591,0.595,2430800
2012/9/13,sh.510010,0.600,0.600,0.590,0.594,1783093
2012/9/14,sh.510010,0.596,0.598,0.589,0.598,529300
2012/9/17,sh.510010,0.598,0.598,0.582,0.582,1763000
2012/9/18,sh.510010,0.576,0.587,0.571,0.575,1471731
2012/9/19,sh.510010,0.575,0.579,0.573,0.578,302300
2012/9/20,sh.510010,0.583,0.583,0.565,0.567,362300
2012/9/21,sh.510010,0.561,0.580,0.556,0.577,2081663
2012/9/24,sh.510010,0.569,0.575,0.559,0.569,2309581
2012/9/25,sh.510010,0.570,0.578,0.560,0.567,1447035
2012/9/26,sh.510010,0.573,0.573,0.562,0.566,295800
2012/9/27,sh.510010,0.563,0.582,0.560,0.574,1696434
2012/9/28,sh.510010,0.574,0.595,0.574,0.595,6271898
2012/10/8,sh.510010,0.594,0.594,0.582,0.589,1704600
2012/10/9,sh.510010,0.589,0.601,0.589,0.598,9529507
2012/10/10,sh.510010,0.588,0.599,0.588,0.599,1728007
2012/10/11,sh.510010,0.591,0.598,0.590,0.592,1419600
2012/10/12,sh.510010,0.594,0.601,0.592,0.592,1443063
2012/10/15,sh.510010,0.595,0.595,0.587,0.592,798220
2012/10/16,sh.510010,0.587,0.597,0.587,0.593,603906
2012/10/17,sh.510010,0.593,0.596,0.589,0.593,423051
2012/10/18,sh.510010,0.599,0.604,0.594,0.603,10884990
2012/10/19,sh.510010,0.603,0.603,0.594,0.599,453305
2012/10/22,sh.510010,0.595,0.605,0.594,0.604,18162094
2012/10/23,sh.510010,0.603,0.603,0.597,0.601,332897
2012/10/24,sh.510010,0.594,0.602,0.594,0.599,433874
2012/10/25,sh.510010,0.593,0.599,0.593,0.596,455560
2012/10/26,sh.510010,0.597,0.597,0.585,0.586,659099
2012/10/29,sh.510010,0.586,0.586,0.576,0.579,822960
2012/10/30,sh.510010,0.577,0.595,0.574,0.593,675957
2012/10/31,sh.510010,0.592,0.592,0.580,0.581,2477000
2012/11/1,sh.510010,0.584,0.597,0.582,0.590,2349901
2012/11/2,sh.510010,0.590,0.597,0.590,0.592,1604900
2012/11/5,sh.510010,0.595,0.596,0.590,0.595,1932405
2012/11/6,sh.510010,0.592,0.592,0.586,0.591,1831300
2012/11/7,sh.510010,0.586,0.597,0.586,0.594,2418078
2012/11/8,sh.510010,0.589,0.589,0.582,0.582,561500
2012/11/9,sh.510010,0.580,0.583,0.577,0.579,1759200
2012/11/12,sh.510010,0.582,0.584,0.581,0.581,1650600
2012/11/13,sh.510010,0.581,0.581,0.575,0.575,464399
2012/11/14,sh.510010,0.577,0.595,0.574,0.582,437004
2012/11/15,sh.510010,0.576,0.591,0.571,0.574,494600
2012/11/16,sh.510010,0.568,0.579,0.568,0.576,218204
2012/11/19,sh.510010,0.574,0.575,0.565,0.573,1178800
2012/11/20,sh.510010,0.572,0.572,0.563,0.566,517701
2012/11/21,sh.510010,0.567,0.571,0.566,0.571,483770
2012/11/22,sh.510010,0.566,0.571,0.565,0.570,363901
2012/11/23,sh.510010,0.574,0.575,0.571,0.571,580900
2012/11/26,sh.510010,0.572,0.577,0.563,0.570,749100
2012/11/27,sh.510010,0.568,0.571,0.563,0.563,997899
2012/11/28,sh.510010,0.562,0.562,0.559,0.559,1176849
2012/11/29,sh.510010,0.561,0.567,0.559,0.560,2283748
2012/11/30,sh.510010,0.559,0.572,0.556,0.572,4875905
2012/12/3,sh.510010,0.567,0.567,0.561,0.561,1041601
2012/12/4,sh.510010,0.558,0.569,0.558,0.567,1712147
2012/12/5,sh.510010,0.570,0.590,0.570,0.586,6397501
2012/12/6,sh.510010,0.586,0.588,0.573,0.588,1066053
2012/12/7,sh.510010,0.587,0.601,0.586,0.600,4301723
2012/12/10,sh.510010,0.598,0.615,0.598,0.614,402849485
2012/12/11,sh.510010,0.603,0.608,0.601,0.604,913545
2012/12/12,sh.510010,0.600,0.610,0.600,0.605,52629900
2012/12/13,sh.510010,0.605,0.605,0.600,0.603,406900
2012/12/14,sh.510010,0.603,0.634,0.603,0.633,3380865
2012/12/17,sh.510010,0.635,0.640,0.631,0.635,1890187
2012/12/18,sh.510010,0.637,0.649,0.628,0.641,5857185
2012/12/19,sh.510010,0.633,0.641,0.633,0.636,1450028
2012/12/20,sh.510010,0.630,0.641,0.628,0.640,739804
2012/12/21,sh.510010,0.641,0.649,0.636,0.642,2041843
2012/12/24,sh.510010,0.640,0.649,0.639,0.647,2069903
2012/12/25,sh.510010,0.646,0.667,0.638,0.664,1555480
2012/12/26,sh.510010,0.664,0.665,0.652,0.662,5208673
2012/12/27,sh.510010,0.663,0.669,0.656,0.658,5433507
2012/12/28,sh.510010,0.656,0.670,0.655,0.667,52350799
2012/12/31,sh.510010,0.670,0.684,0.670,0.681,13392640
2013/1/4,sh.510010,0.686,0.693,0.680,0.690,2684096
2013/1/7,sh.510010,0.689,0.693,0.682,0.691,1893303
2013/1/8,sh.510010,0.670,0.691,0.670,0.685,2378591
2013/1/9,sh.510010,0.679,0.689,0.679,0.680,398891
2013/1/10,sh.510010,0.680,0.690,0.680,0.685,631777
2013/1/11,sh.510010,0.680,0.682,0.671,0.672,648000
2013/1/14,sh.510010,0.671,0.698,0.666,0.698,540833
2013/1/15,sh.510010,0.699,0.704,0.691,0.703,2740184
2013/1/16,sh.510010,0.700,0.701,0.692,0.695,581500
2013/1/17,sh.510010,0.682,0.696,0.680,0.686,233743
2013/1/18,sh.510010,0.680,0.698,0.680,0.698,471108
2013/1/21,sh.510010,0.695,0.704,0.692,0.704,1022700
2013/1/22,sh.510010,0.703,0.708,0.695,0.703,1759500
2013/1/23,sh.510010,0.696,0.708,0.694,0.704,242015
2013/1/24,sh.510010,0.704,0.729,0.700,0.702,2473068
2013/1/25,sh.510010,0.691,0.703,0.691,0.694,1071191
2013/1/28,sh.510010,0.692,0.720,0.692,0.719,9520003
2013/1/29,sh.510010,0.720,0.731,0.713,0.730,1331281
2013/1/30,sh.510010,0.730,0.736,0.725,0.733,8777492
2013/1/31,sh.510010,0.735,0.740,0.729,0.735,69030926
2013/2/1,sh.510010,0.733,0.756,0.727,0.756,324042450
2013/2/4,sh.510010,0.755,0.768,0.755,0.761,3096207
2013/2/5,sh.510010,0.756,0.764,0.751,0.761,3049458
2013/2/6,sh.510010,0.751,0.766,0.741,0.762,1015511
2013/2/7,sh.510010,0.758,0.761,0.743,0.758,1126783
2013/2/8,sh.510010,0.758,0.761,0.752,0.758,1665500
2013/2/18,sh.510010,0.758,0.759,0.745,0.746,1421450
2013/2/19,sh.510010,0.742,0.743,0.727,0.730,1693279
2013/2/20,sh.510010,0.730,0.735,0.720,0.735,725480
2013/2/21,sh.510010,0.722,0.728,0.698,0.704,144309713
2013/2/22,sh.510010,0.700,0.704,0.690,0.696,3465712
2013/2/25,sh.510010,0.696,0.709,0.696,0.707,2213012
2013/2/26,sh.510010,0.696,0.709,0.692,0.700,137892901
2013/2/27,sh.510010,0.700,0.710,0.696,0.703,708012
2013/2/28,sh.510010,0.702,0.725,0.701,0.725,2645855
2013/3/1,sh.510010,0.720,0.725,0.711,0.719,1537284
2013/3/4,sh.510010,0.719,0.719,0.680,0.687,1495212
2013/3/5,sh.510010,0.686,0.708,0.682,0.707,1782668
2013/3/6,sh.510010,0.710,0.720,0.705,0.719,2003308
2013/3/7,sh.510010,0.708,0.715,0.691,0.702,568672
2013/3/8,sh.510010,0.702,0.712,0.700,0.701,218000
2013/3/11,sh.510010,0.702,0.702,0.691,0.697,310567
2013/3/12,sh.510010,0.693,0.702,0.680,0.690,2078645
2013/3/13,sh.510010,0.683,0.686,0.678,0.682,1657559
2013/3/14,sh.510010,0.682,0.689,0.676,0.688,1102581
2013/3/15,sh.510010,0.680,0.700,0.674,0.682,2872535
2013/3/18,sh.510010,0.688,0.688,0.670,0.673,836454
2013/3/19,sh.510010,0.695,0.695,0.670,0.682,380219
2013/3/20,sh.510010,0.682,0.706,0.680,0.705,1808734
2013/3/21,sh.510010,0.706,0.714,0.702,0.706,1358721
2013/3/22,sh.510010,0.710,0.710,0.686,0.705,1463031
2013/3/25,sh.510010,0.701,0.713,0.701,0.707,1264500
2013/3/26,sh.510010,0.702,0.702,0.688,0.692,2453100
2013/3/27,sh.510010,0.695,0.701,0.691,0.695,1280331
2013/3/28,sh.510010,0.688,0.688,0.660,0.669,2972073
2013/3/29,sh.510010,0.665,0.670,0.665,0.670,454062
2013/4/1,sh.510010,0.660,0.670,0.660,0.670,364131
2013/4/2,sh.510010,0.668,0.680,0.660,0.663,9214406
2013/4/3,sh.510010,0.666,0.670,0.662,0.662,359000
2013/4/8,sh.510010,0.650,0.660,0.649,0.658,232400
2013/4/9,sh.510010,0.658,0.669,0.658,0.662,68700
2013/4/10,sh.510010,0.663,0.668,0.661,0.661,584210
2013/4/11,sh.510010,0.667,0.675,0.665,0.665,2290696
2013/4/12,sh.510010,0.662,0.671,0.660,0.662,331100
2013/4/15,sh.510010,0.657,0.660,0.643,0.654,387400
2013/4/16,sh.510010,0.661,0.661,0.651,0.661,3068465
2013/4/17,sh.510010,0.662,0.663,0.651,0.660,6290032
2013/4/18,sh.510010,0.656,0.660,0.646,0.660,4384762
2013/4/19,sh.510010,0.666,0.685,0.665,0.682,3195726
2013/4/22,sh.510010,0.676,0.682,0.675,0.682,2954064
2013/4/23,sh.510010,0.673,0.673,0.660,0.661,864737
2013/4/24,sh.510010,0.660,0.673,0.659,0.672,2386599
2013/4/25,sh.510010,0.670,0.672,0.660,0.665,910139
2013/4/26,sh.510010,0.670,0.670,0.660,0.664,1805100
2013/5/2,sh.510010,0.658,0.663,0.653,0.662,1692100
2013/5/3,sh.510010,0.660,0.679,0.660,0.676,1856974
2013/5/6,sh.510010,0.676,0.682,0.676,0.680,1328988
2013/5/7,sh.510010,0.680,0.680,0.676,0.678,404978
2013/5/8,sh.510010,0.683,0.687,0.681,0.683,668021
2013/5/9,sh.510010,0.679,0.680,0.672,0.676,619300
2013/5/10,sh.510010,0.673,0.679,0.673,0.677,1866695
2013/5/13,sh.510010,0.685,0.685,0.675,0.676,1232765
2013/5/14,sh.510010,0.675,0.675,0.666,0.668,5495800
2013/5/15,sh.510010,0.666,0.671,0.666,0.670,2624272
2013/5/16,sh.510010,0.668,0.683,0.668,0.683,6433578
2013/5/17,sh.510010,0.684,0.696,0.678,0.695,4540018
2013/5/20,sh.510010,0.695,0.707,0.691,0.701,4324808
2013/5/21,sh.510010,0.696,0.700,0.693,0.698,2352292
2013/5/22,sh.510010,0.698,0.700,0.694,0.697,133601
2013/5/23,sh.510010,0.688,0.700,0.685,0.685,517100
2013/5/24,sh.510010,0.686,0.693,0.685,0.691,750015
2013/5/27,sh.510010,0.687,0.702,0.687,0.694,1555599
2013/5/28,sh.510010,0.692,0.708,0.689,0.707,1562046
2013/5/29,sh.510010,0.710,0.714,0.705,0.705,1703091
2013/5/30,sh.510010,0.704,0.707,0.700,0.700,597425
2013/5/31,sh.510010,0.700,0.706,0.696,0.696,365163
2013/6/3,sh.510010,0.696,0.701,0.693,0.696,838812
2013/6/4,sh.510010,0.696,0.696,0.686,0.691,3515601
2013/6/5,sh.510010,0.683,0.689,0.682,0.684,822900
2013/6/6,sh.510010,0.678,0.687,0.676,0.677,881912
2013/6/7,sh.510010,0.677,0.677,0.665,0.667,400100
2013/6/13,sh.510010,0.667,0.667,0.638,0.640,1479501
2013/6/14,sh.510010,0.644,0.647,0.641,0.645,895410
2013/6/17,sh.510010,0.638,0.648,0.638,0.646,195369
2013/6/18,sh.510010,0.646,0.649,0.642,0.647,12643514
2013/6/19,sh.510010,0.641,0.643,0.634,0.642,5835200
2013/6/20,sh.510010,0.632,0.638,0.619,0.619,8291400
2013/6/21,sh.510010,0.616,0.621,0.603,0.621,1168600
2013/6/24,sh.510010,0.617,0.618,0.580,0.581,2187100
2013/6/25,sh.510010,0.580,0.580,0.541,0.576,3691615
2013/6/26,sh.510010,0.576,0.579,0.565,0.571,1568000
2013/6/27,sh.510010,0.574,0.588,0.574,0.578,1588600
2013/6/28,sh.510010,0.578,0.593,0.570,0.589,1059099
2013/7/1,sh.510010,0.589,0.595,0.583,0.594,2856299
2013/7/2,sh.510010,0.594,0.594,0.586,0.593,3185052
2013/7/3,sh.510010,0.584,0.588,0.582,0.586,4637202
2013/7/4,sh.510010,0.586,0.619,0.580,0.593,5095796
2013/7/5,sh.510010,0.591,0.610,0.591,0.597,3733965
2013/7/8,sh.510010,0.600,0.600,0.574,0.580,217000
2013/7/9,sh.510010,0.576,0.587,0.576,0.587,7575591
2013/7/10,sh.510010,0.587,0.600,0.578,0.596,4442865
2013/7/11,sh.510010,0.597,0.636,0.597,0.629,7363678
2013/7/12,sh.510010,0.627,0.633,0.617,0.619,3651300
2013/7/15,sh.510010,0.620,0.652,0.616,0.632,2415408
2013/7/16,sh.510010,0.624,0.624,0.615,0.622,1708300
2013/7/17,sh.510010,0.622,0.626,0.616,0.616,1678500
2013/7/18,sh.510010,0.616,0.617,0.603,0.609,1513097
2013/7/19,sh.510010,0.609,0.609,0.585,0.591,4149473
2013/7/22,sh.510010,0.584,0.596,0.584,0.591,2999100
2013/7/23,sh.510010,0.591,0.612,0.591,0.608,1858700
2013/7/24,sh.510010,0.601,0.609,0.591,0.601,2945909
2013/7/25,sh.510010,0.600,0.609,0.597,0.598,1535690
2013/7/26,sh.510010,0.598,0.600,0.593,0.598,727400
2013/7/29,sh.510010,0.591,0.596,0.582,0.583,2113759
2013/7/30,sh.510010,0.599,0.599,0.584,0.593,2209519
2013/7/31,sh.510010,0.594,0.605,0.591,0.591,1775800
2013/8/1,sh.510010,0.591,0.603,0.591,0.603,1142367
2013/8/2,sh.510010,0.609,0.615,0.603,0.603,1853500
2013/8/5,sh.510010,0.603,0.610,0.603,0.609,900437
2013/8/6,sh.510010,0.608,0.614,0.604,0.613,1124395
2013/8/7,sh.510010,0.613,0.619,0.606,0.613,2473402
2013/8/8,sh.510010,0.610,0.610,0.604,0.608,603928
2013/8/9,sh.510010,0.608,0.611,0.604,0.610,947466
2013/8/12,sh.510010,0.610,0.631,0.610,0.630,1844154
2013/8/13,sh.510010,0.630,0.636,0.627,0.631,2535284
2013/8/14,sh.510010,0.631,0.645,0.627,0.631,4617737
2013/8/15,sh.510010,0.629,0.638,0.626,0.628,1091211
2013/8/16,sh.510010,0.629,0.657,0.619,0.625,2347686
2013/8/19,sh.510010,0.620,0.634,0.620,0.632,1363636
2013/8/20,sh.510010,0.631,0.635,0.625,0.625,2136638
2013/8/21,sh.510010,0.627,0.627,0.617,0.624,2125020
2013/8/22,sh.510010,0.624,0.630,0.623,0.623,996631
2013/8/23,sh.510010,0.623,0.626,0.609,0.616,1600032
2013/8/26,sh.510010,0.616,0.630,0.612,0.629,1967818
2013/8/27,sh.510010,0.629,0.632,0.626,0.627,2177750
2013/8/28,sh.510010,0.628,0.630,0.621,0.624,905867
2013/8/29,sh.510010,0.624,0.630,0.620,0.622,442760
2013/8/30,sh.510010,0.623,0.630,0.620,0.620,998466
2013/9/2,sh.510010,0.618,0.628,0.618,0.627,1390802
2013/9/3,sh.510010,0.629,0.639,0.626,0.637,2414283
2013/9/4,sh.510010,0.636,0.640,0.631,0.636,2576784
2013/9/5,sh.510010,0.632,0.637,0.632,0.635,1315465
2013/9/6,sh.510010,0.634,0.638,0.632,0.637,2004990
2013/9/9,sh.510010,0.633,0.670,0.633,0.669,5620917
2013/9/10,sh.510010,0.669,0.677,0.665,0.677,3659708
2013/9/11,sh.510010,0.678,0.690,0.675,0.679,4093771
2013/9/12,sh.510010,0.677,0.697,0.672,0.692,4115644
2013/9/13,sh.510010,0.688,0.695,0.680,0.686,1776296
2013/9/16,sh.510010,0.686,0.690,0.677,0.680,2378448
2013/9/17,sh.510010,0.675,0.680,0.666,0.671,2285421
2013/9/18,sh.510010,0.668,0.671,0.662,0.667,1296295
2013/9/23,sh.510010,0.672,0.679,0.668,0.679,283222
2013/9/24,sh.510010,0.670,0.673,0.657,0.664,4770300
2013/9/25,sh.510010,0.656,0.670,0.655,0.656,2305582
2013/9/26,sh.510010,0.656,0.663,0.648,0.656,2697821
2013/9/27,sh.510010,0.650,0.653,0.641,0.651,1270655
2013/9/30,sh.510010,0.652,0.657,0.648,0.652,1328600
2013/10/8,sh.510010,0.641,0.659,0.641,0.659,4897430
2013/10/9,sh.510010,0.660,0.664,0.653,0.661,1760904
2013/10/10,sh.510010,0.662,0.662,0.651,0.651,1607331
2013/10/11,sh.510010,0.652,0.667,0.652,0.665,5341633
2013/10/14,sh.510010,0.665,0.666,0.661,0.663,3124495
2013/10/15,sh.510010,0.662,0.666,0.657,0.661,747831
2013/10/16,sh.510010,0.667,0.667,0.647,0.647,1765300
2013/10/17,sh.510010,0.649,0.654,0.649,0.650,2242998
2013/10/18,sh.510010,0.649,0.657,0.645,0.657,2412171
2013/10/21,sh.510010,0.656,0.664,0.649,0.664,656427
2013/10/22,sh.510010,0.664,0.664,0.651,0.652,3445799
2013/10/23,sh.510010,0.654,0.664,0.646,0.649,2321700
2013/10/24,sh.510010,0.648,0.652,0.645,0.647,437338
2013/10/25,sh.510010,0.645,0.648,0.637,0.638,339000
2013/10/28,sh.510010,0.643,0.646,0.640,0.640,608400
2013/10/29,sh.510010,0.644,0.653,0.636,0.644,1919375
2013/10/30,sh.510010,0.648,0.657,0.642,0.650,1527582
2013/10/31,sh.510010,0.652,0.653,0.647,0.649,321800
2013/11/1,sh.510010,0.649,0.656,0.646,0.654,310000
2013/11/4,sh.510010,0.653,0.653,0.641,0.653,97526
2013/11/5,sh.510010,0.642,0.649,0.641,0.649,757700
2013/11/6,sh.510010,0.642,0.647,0.642,0.642,339218
2013/11/7,sh.510010,0.642,0.642,0.637,0.640,1293119
2013/11/8,sh.510010,0.610,0.640,0.610,0.630,1050601
2013/11/11,sh.510010,0.620,0.634,0.620,0.630,1957700
2013/11/12,sh.510010,0.631,0.638,0.631,0.635,2222031
2013/11/13,sh.510010,0.632,0.632,0.622,0.622,4118201
2013/11/14,sh.510010,0.625,0.625,0.615,0.624,4599996
2013/11/15,sh.510010,0.629,0.650,0.628,0.639,166072701
2013/11/18,sh.510010,0.639,0.662,0.639,0.662,813419
2013/11/19,sh.510010,0.662,0.663,0.644,0.657,2544222
2013/11/20,sh.510010,0.658,0.667,0.657,0.660,156717938
2013/11/21,sh.510010,0.660,0.662,0.651,0.662,3930237
2013/11/22,sh.510010,0.658,0.660,0.651,0.653,1006039
2013/11/25,sh.510010,0.652,0.660,0.651,0.652,754300
2013/11/26,sh.510010,0.655,0.655,0.648,0.649,147600
2013/11/27,sh.510010,0.649,0.662,0.646,0.656,1101879
2013/11/28,sh.510010,0.659,0.670,0.657,0.666,4876429
2013/11/29,sh.510010,0.664,0.665,0.658,0.665,4197965
2013/12/2,sh.510010,0.657,0.674,0.653,0.665,4466559
2013/12/3,sh.510010,0.659,0.670,0.659,0.666,1875600
2013/12/4,sh.510010,0.666,0.680,0.666,0.677,1411879
2013/12/5,sh.510010,0.668,0.678,0.668,0.675,288244
2013/12/6,sh.510010,0.673,0.675,0.669,0.672,613526
2013/12/9,sh.510010,0.673,0.673,0.667,0.672,3446869
2013/12/10,sh.510010,0.669,0.673,0.664,0.673,316795
2013/12/11,sh.510010,0.663,0.665,0.655,0.660,480351
2013/12/12,sh.510010,0.654,0.660,0.654,0.655,299500
2013/12/13,sh.510010,0.660,0.660,0.643,0.655,233900
2013/12/16,sh.510010,0.660,0.660,0.645,0.645,258652
2013/12/17,sh.510010,0.638,0.650,0.638,0.641,1116813
2013/12/18,sh.510010,0.637,0.644,0.637,0.644,436018
2013/12/19,sh.510010,0.641,0.643,0.634,0.639,602780
2013/12/20,sh.510010,0.634,0.637,0.615,0.625,896600
2013/12/23,sh.510010,0.623,0.623,0.613,0.619,2516892
2013/12/24,sh.510010,0.618,0.627,0.616,0.622,2431801
2013/12/25,sh.510010,0.617,0.622,0.617,0.622,855301
2013/12/26,sh.510010,0.618,0.622,0.611,0.611,304900
2013/12/27,sh.510010,0.612,0.625,0.612,0.622,4382419
2013/12/30,sh.510010,0.622,0.625,0.618,0.623,1657377
2013/12/31,sh.510010,0.622,0.638,0.620,0.630,5244587
2014/1/2,sh.510010,0.625,0.631,0.623,0.624,218500
2014/1/3,sh.510010,0.624,0.624,0.616,0.622,623439
2014/1/6,sh.510010,0.622,0.622,0.604,0.609,735000
2014/1/7,sh.510010,0.600,0.608,0.600,0.608,3282171
2014/1/8,sh.510010,0.608,0.616,0.600,0.608,1658400
2014/1/9,sh.510010,0.610,0.617,0.607,0.607,678152
2014/1/10,sh.510010,0.603,0.606,0.597,0.603,1496640
2014/1/13,sh.510010,0.603,0.603,0.595,0.595,278600
2014/1/14,sh.510010,0.602,0.602,0.595,0.601,250565
2014/1/15,sh.510010,0.601,0.603,0.596,0.599,4708401
2014/1/16,sh.510010,0.596,0.606,0.596,0.605,1486131
2014/1/17,sh.510010,0.597,0.598,0.590,0.592,1555898
2014/1/20,sh.510010,0.594,0.595,0.587,0.590,536300
2014/1/21,sh.510010,0.590,0.595,0.590,0.593,730292
2014/1/22,sh.510010,0.593,0.606,0.593,0.606,1051361
2014/1/23,sh.510010,0.602,0.606,0.600,0.600,1928639
2014/1/24,sh.510010,0.600,0.608,0.599,0.602,479566
2014/1/27,sh.510010,0.602,0.602,0.594,0.594,366800
2014/1/28,sh.510010,0.600,0.600,0.594,0.594,469510
2014/1/29,sh.510010,0.599,0.603,0.595,0.603,267487
2014/1/30,sh.510010,0.596,0.606,0.596,0.596,161513
2014/2/7,sh.510010,0.595,0.608,0.585,0.598,1743900
2014/2/10,sh.510010,0.600,0.612,0.598,0.609,3635822
2014/2/11,sh.510010,0.609,0.617,0.608,0.616,3878872
2014/2/12,sh.510010,0.616,0.620,0.610,0.616,3582958
2014/2/13,sh.510010,0.612,0.620,0.612,0.617,2265981
2014/2/14,sh.510010,0.615,0.617,0.613,0.616,2513843
2014/2/17,sh.510010,0.617,0.621,0.615,0.619,1405863
2014/2/18,sh.510010,0.620,0.620,0.610,0.615,5155690
2014/2/19,sh.510010,0.610,0.619,0.608,0.618,785873
2014/2/20,sh.510010,0.622,0.624,0.605,0.618,1195326
2014/2/21,sh.510010,0.617,0.617,0.605,0.606,959412
2014/2/24,sh.510010,0.604,0.604,0.587,0.595,1010500
2014/2/25,sh.510010,0.602,0.602,0.577,0.577,694331
2014/2/26,sh.510010,0.580,0.588,0.578,0.588,722863
2014/2/27,sh.510010,0.588,0.594,0.580,0.587,1731234
2014/2/28,sh.510010,0.587,0.590,0.578,0.587,736231
2014/3/3,sh.510010,0.587,0.591,0.580,0.589,1034239
2014/3/4,sh.510010,0.583,0.589,0.583,0.585,595382
2014/3/5,sh.510010,0.590,0.590,0.584,0.586,897300
2014/3/6,sh.510010,0.586,0.590,0.578,0.586,1500599
2014/3/7,sh.510010,0.586,0.589,0.584,0.586,279300
2014/3/10,sh.510010,0.586,0.590,0.567,0.578,860900
2014/3/11,sh.510010,0.576,0.576,0.561,0.565,3281548
2014/3/12,sh.510010,0.564,0.570,0.560,0.570,809878
2014/3/13,sh.510010,0.570,0.577,0.569,0.573,2528500
2014/3/14,sh.510010,0.572,0.575,0.569,0.572,1379600
2014/3/17,sh.510010,0.572,0.579,0.570,0.575,219301
2014/3/18,sh.510010,0.575,0.576,0.570,0.573,322370
2014/3/19,sh.510010,0.575,0.575,0.563,0.564,149000
2014/3/20,sh.510010,0.570,0.572,0.564,0.564,259895
2014/3/21,sh.510010,0.562,0.580,0.558,0.580,2114283
2014/3/24,sh.510010,0.580,0.590,0.573,0.587,2336483
2014/3/25,sh.510010,0.587,0.592,0.581,0.588,2995742
2014/3/26,sh.510010,0.588,0.588,0.583,0.587,528198
2014/3/27,sh.510010,0.577,0.597,0.577,0.584,1166788
2014/3/28,sh.510010,0.584,0.589,0.582,0.582,723651
2014/3/31,sh.510010,0.583,0.586,0.581,0.582,698595
2014/4/1,sh.510010,0.586,0.587,0.582,0.585,1998330
2014/4/2,sh.510010,0.583,0.592,0.583,0.590,1502998
2014/4/3,sh.510010,0.590,0.596,0.587,0.588,2484342
2014/4/4,sh.510010,0.583,0.593,0.583,0.593,406134
2014/4/8,sh.510010,0.596,0.615,0.588,0.608,6066076
2014/4/9,sh.510010,0.609,0.611,0.606,0.609,1928058
2014/4/10,sh.510010,0.609,0.626,0.605,0.618,2058575
2014/4/11,sh.510010,0.618,0.622,0.616,0.621,5944669
2014/4/14,sh.510010,0.621,0.621,0.612,0.617,1531800
2014/4/15,sh.510010,0.612,0.613,0.603,0.605,2206359
2014/4/16,sh.510010,0.605,0.608,0.602,0.602,1951591
2014/4/17,sh.510010,0.615,0.615,0.601,0.606,4623676
2014/4/18,sh.510010,0.604,0.604,0.596,0.603,2509402
2014/4/21,sh.510010,0.598,0.603,0.596,0.596,3393404
2014/4/22,sh.510010,0.596,0.597,0.591,0.596,592292
2014/4/23,sh.510010,0.595,0.599,0.595,0.598,814500
2014/4/24,sh.510010,0.598,0.600,0.594,0.596,367501
2014/4/25,sh.510010,0.598,0.599,0.589,0.593,1014400
2014/4/28,sh.510010,0.592,0.595,0.582,0.584,875076
2014/4/29,sh.510010,0.584,0.590,0.582,0.590,443226
2014/4/30,sh.510010,0.586,0.591,0.586,0.591,375826
2014/5/5,sh.510010,0.588,0.594,0.581,0.590,4799726
2014/5/6,sh.510010,0.588,0.591,0.585,0.587,478134
2014/5/7,sh.510010,0.582,0.586,0.581,0.583,424100
2014/5/8,sh.510010,0.581,0.590,0.578,0.583,1181817
2014/5/9,sh.510010,0.586,0.586,0.579,0.582,413320
2014/5/12,sh.510010,0.588,0.595,0.585,0.595,643614
2014/5/13,sh.510010,0.596,0.596,0.593,0.594,355600
2014/5/14,sh.510010,0.593,0.596,0.592,0.593,371798
2014/5/15,sh.510010,0.592,0.594,0.587,0.588,141700
2014/5/16,sh.510010,0.593,0.593,0.583,0.588,192409
2014/5/19,sh.510010,0.587,0.587,0.577,0.583,249200
2014/5/20,sh.510010,0.583,0.583,0.579,0.579,483579
2014/5/21,sh.510010,0.579,0.585,0.578,0.584,1350479
2014/5/22,sh.510010,0.582,0.590,0.582,0.586,234000
2014/5/23,sh.510010,0.587,0.588,0.583,0.588,173014
2014/5/26,sh.510010,0.590,0.591,0.587,0.589,518450
2014/5/27,sh.510010,0.589,0.590,0.586,0.588,439700
2014/5/28,sh.510010,0.588,0.592,0.587,0.592,617052
2014/5/29,sh.510010,0.592,0.595,0.588,0.589,373072
2014/5/30,sh.510010,0.589,0.592,0.586,0.589,732900
2014/6/3,sh.510010,0.590,0.593,0.589,0.589,2425200
2014/6/4,sh.510010,0.583,0.586,0.580,0.583,477300
2014/6/5,sh.510010,0.583,0.589,0.579,0.586,532207
2014/6/6,sh.510010,0.586,0.588,0.580,0.585,235800
2014/6/9,sh.510010,0.585,0.590,0.581,0.585,515491
2014/6/10,sh.510010,0.586,0.594,0.585,0.594,2234220
2014/6/11,sh.510010,0.593,0.593,0.589,0.593,1270470
2014/6/12,sh.510010,0.589,0.597,0.589,0.593,469927
2014/6/13,sh.510010,0.588,0.599,0.588,0.599,2056100
2014/6/16,sh.510010,0.597,0.606,0.597,0.605,1559499
2014/6/17,sh.510010,0.599,0.602,0.598,0.598,302200
2014/6/18,sh.510010,0.598,0.601,0.595,0.597,1410001
2014/6/19,sh.510010,0.595,0.597,0.591,0.591,526760
2014/6/20,sh.510010,0.590,0.590,0.585,0.590,211292
2014/6/23,sh.510010,0.590,0.593,0.590,0.590,127738
2014/6/24,sh.510010,0.590,0.593,0.589,0.591,588638
2014/6/25,sh.510010,0.591,0.591,0.584,0.590,802759
2014/6/26,sh.510010,0.589,0.593,0.589,0.593,1290600
2014/6/27,sh.510010,0.593,0.595,0.589,0.594,2441439
2014/6/30,sh.510010,0.597,0.599,0.590,0.597,1337700
2014/7/1,sh.510010,0.599,0.599,0.593,0.596,618110
2014/7/2,sh.510010,0.596,0.600,0.594,0.599,680653
2014/7/3,sh.510010,0.598,0.603,0.596,0.602,2186378
2014/7/4,sh.510010,0.599,0.603,0.599,0.602,211240
2014/7/7,sh.510010,0.600,0.607,0.600,0.603,1174181
2014/7/8,sh.510010,0.600,0.604,0.600,0.604,635631
2014/7/9,sh.510010,0.604,0.604,0.597,0.597,628700
2014/7/10,sh.510010,0.597,0.599,0.595,0.597,216957
2014/7/11,sh.510010,0.594,0.601,0.594,0.601,1044104
2014/7/14,sh.510010,0.603,0.605,0.599,0.604,707318
2014/7/15,sh.510010,0.604,0.607,0.601,0.606,2499118
2014/7/16,sh.510010,0.606,0.607,0.602,0.603,355959
2014/7/17,sh.510010,0.604,0.606,0.601,0.603,1947965
2014/7/18,sh.510010,0.603,0.608,0.600,0.603,1628149
2014/7/21,sh.510010,0.603,0.610,0.602,0.605,717100
2014/7/22,sh.510010,0.603,0.619,0.602,0.613,3182563
2014/7/23,sh.510010,0.610,0.619,0.610,0.616,3564258
2014/7/24,sh.510010,0.616,0.632,0.616,0.630,3630887
2014/7/25,sh.510010,0.633,0.635,0.625,0.635,1521035
2014/7/28,sh.510010,0.635,0.666,0.635,0.652,3763790
2014/7/29,sh.510010,0.657,0.660,0.652,0.658,2620903
2014/7/30,sh.510010,0.656,0.662,0.651,0.653,2235411
2014/7/31,sh.510010,0.653,0.662,0.650,0.662,1354580
2014/8/1,sh.510010,0.661,0.667,0.657,0.657,2894556
2014/8/4,sh.510010,0.655,0.670,0.655,0.670,904158
2014/8/5,sh.510010,0.665,0.670,0.661,0.666,2563897
2014/8/6,sh.510010,0.666,0.666,0.653,0.658,697822
2014/8/7,sh.510010,0.659,0.662,0.651,0.659,1595868
2014/8/8,sh.510010,0.652,0.655,0.648,0.652,438700
2014/8/11,sh.510010,0.652,0.665,0.652,0.664,1550039
2014/8/12,sh.510010,0.658,0.659,0.654,0.657,3486992
2014/8/13,sh.510010,0.657,0.663,0.654,0.660,8003583
2014/8/14,sh.510010,0.657,0.662,0.654,0.654,1844230
2014/8/15,sh.510010,0.654,0.660,0.652,0.659,5238257
2014/8/18,sh.510010,0.659,0.666,0.659,0.666,5885487
2014/8/19,sh.510010,0.666,0.666,0.660,0.663,3290290
2014/8/20,sh.510010,0.653,0.665,0.653,0.662,4326101
2014/8/21,sh.510010,0.662,0.662,0.650,0.654,5029649
2014/8/22,sh.510010,0.656,0.657,0.653,0.656,4495503
2014/8/25,sh.510010,0.648,0.655,0.648,0.654,3193963
2014/8/26,sh.510010,0.652,0.653,0.646,0.649,4281300
2014/8/27,sh.510010,0.649,0.650,0.644,0.646,9327357
2014/8/28,sh.510010,0.646,0.651,0.645,0.645,8035888
2014/8/29,sh.510010,0.645,0.652,0.644,0.652,1790300
2014/9/1,sh.510010,0.651,0.658,0.649,0.655,4411593
2014/9/2,sh.510010,0.659,0.666,0.652,0.664,3254056
2014/9/3,sh.510010,0.665,0.673,0.664,0.667,9599466
2014/9/4,sh.510010,0.668,0.676,0.668,0.674,6671533
2014/9/5,sh.510010,0.676,0.685,0.676,0.683,5341625
2014/9/9,sh.510010,0.683,0.685,0.678,0.680,1923849
2014/9/10,sh.510010,0.680,0.680,0.672,0.675,2305086
2014/9/11,sh.510010,0.675,0.690,0.672,0.674,3133057
2014/9/12,sh.510010,0.674,0.678,0.671,0.678,646661
2014/9/15,sh.510010,0.684,0.684,0.673,0.674,3240200
2014/9/16,sh.510010,0.674,0.678,0.669,0.669,3858115
2014/9/17,sh.510010,0.665,0.673,0.665,0.669,3588300
2014/9/18,sh.510010,0.669,0.672,0.660,0.672,6147109
2014/9/19,sh.510010,0.667,0.675,0.667,0.671,4468133
2014/9/22,sh.510010,0.675,0.675,0.659,0.662,1116178
2014/9/23,sh.510010,0.652,0.669,0.652,0.665,3122864
2014/9/24,sh.510010,0.655,0.679,0.655,0.678,3601555
2014/9/25,sh.510010,0.678,0.684,0.676,0.677,3721194
2014/9/26,sh.510010,0.676,0.676,0.670,0.676,2246957
2014/9/29,sh.510010,0.680,0.682,0.672,0.679,5736684
2014/9/30,sh.510010,0.678,0.679,0.674,0.676,2697998
2014/10/8,sh.510010,0.677,0.684,0.676,0.684,3513494
2014/10/9,sh.510010,0.683,0.684,0.679,0.684,2172640
2014/10/10,sh.510010,0.684,0.684,0.672,0.678,2601993
2014/10/13,sh.510010,0.676,0.676,0.666,0.675,1631752
2014/10/14,sh.510010,0.675,0.675,0.671,0.674,1754170
2014/10/15,sh.510010,0.671,0.680,0.667,0.678,2633769
2014/10/16,sh.510010,0.675,0.686,0.664,0.675,3422118
2014/10/17,sh.510010,0.673,0.676,0.666,0.676,1275068
2014/10/20,sh.510010,0.676,0.679,0.673,0.678,2213012
2014/10/21,sh.510010,0.674,0.678,0.670,0.677,1596482
2014/10/22,sh.510010,0.673,0.675,0.660,0.669,1971600
2014/10/23,sh.510010,0.669,0.670,0.664,0.666,2622700
2014/10/24,sh.510010,0.666,0.668,0.661,0.662,908370
2014/10/27,sh.510010,0.663,0.665,0.651,0.652,22207900
2014/10/28,sh.510010,0.659,0.668,0.652,0.668,11845200
2014/10/29,sh.510010,0.668,0.679,0.665,0.675,1658343
2014/10/30,sh.510010,0.675,0.684,0.673,0.682,2429807
2014/10/31,sh.510010,0.682,0.698,0.682,0.697,2074534
2014/11/3,sh.510010,0.698,0.704,0.692,0.696,2293733
2014/11/4,sh.510010,0.694,0.699,0.693,0.698,1568152
2014/11/5,sh.510010,0.693,0.698,0.692,0.695,960600
2014/11/6,sh.510010,0.695,0.698,0.691,0.694,2210226
2014/11/7,sh.510010,0.694,0.708,0.693,0.701,3393904
2014/11/10,sh.510010,0.699,0.720,0.699,0.715,2777026
2014/11/11,sh.510010,0.719,0.732,0.712,0.718,5597637
2014/11/12,sh.510010,0.717,0.733,0.712,0.730,9052028
2014/11/13,sh.510010,0.730,0.736,0.726,0.730,5403552
2014/11/14,sh.510010,0.728,0.729,0.718,0.724,2982239
2014/11/17,sh.510010,0.726,0.735,0.724,0.724,1679277
2014/11/18,sh.510010,0.720,0.722,0.707,0.711,3732531
2014/11/19,sh.510010,0.711,0.714,0.707,0.710,15818045
2014/11/20,sh.510010,0.707,0.715,0.703,0.710,11616926
2014/11/21,sh.510010,0.710,0.728,0.707,0.725,8034214
2014/11/24,sh.510010,0.725,0.758,0.725,0.750,7782950
2014/11/25,sh.510010,0.750,0.758,0.742,0.756,6450652
2014/11/26,sh.510010,0.754,0.771,0.754,0.768,6300357
2014/11/27,sh.510010,0.770,0.780,0.768,0.780,5997672
2014/11/28,sh.510010,0.777,0.805,0.776,0.805,3974315
2014/12/1,sh.510010,0.809,0.815,0.801,0.805,6529142
2014/12/2,sh.510010,0.799,0.843,0.793,0.838,5531935
2014/12/3,sh.510010,0.838,0.874,0.838,0.853,12798063
2014/12/4,sh.510010,0.852,0.899,0.845,0.898,7729937
2014/12/5,sh.510010,0.902,0.929,0.872,0.910,14104544
2014/12/8,sh.510010,0.907,0.980,0.891,0.956,12784165
2014/12/9,sh.510010,0.970,0.990,0.861,0.898,20828464
2014/12/10,sh.510010,0.898,0.935,0.860,0.935,18634986
2014/12/11,sh.510010,0.934,0.943,0.902,0.914,62775644
2014/12/12,sh.510010,0.910,0.930,0.901,0.913,60294565
2014/12/15,sh.510010,0.904,0.920,0.890,0.918,52075764
2014/12/16,sh.510010,0.918,0.954,0.915,0.953,36949798
2014/12/17,sh.510010,0.952,0.988,0.952,0.988,38415913
2014/12/18,sh.510010,0.985,1.000,0.971,0.992,56818475
2014/12/19,sh.510010,0.987,1.005,0.962,1.003,46607151
2014/12/22,sh.510010,1.003,1.039,0.998,1.019,295014083
2014/12/23,sh.510010,1.014,1.030,0.986,0.992,250546781
2014/12/24,sh.510010,0.991,1.007,0.937,0.948,295533088
2014/12/25,sh.510010,0.959,0.990,0.950,0.989,251349714
2014/12/26,sh.510010,0.989,1.041,0.986,1.038,422194709
2014/12/29,sh.510010,1.058,1.067,1.024,1.043,177342718
2014/12/30,sh.510010,1.044,1.056,1.025,1.047,422699157
2014/12/31,sh.510010,1.047,1.076,1.042,1.073,130573797
2015/1/5,sh.510010,1.078,1.117,1.074,1.106,56976577
2015/1/6,sh.510010,1.106,1.107,1.078,1.091,61918296
2015/1/7,sh.510010,1.091,1.106,1.075,1.093,93796837
2015/1/8,sh.510010,1.093,1.101,1.062,1.063,128190992
2015/1/9,sh.510010,1.062,1.115,1.055,1.070,83378645
2015/1/12,sh.510010,1.071,1.072,1.037,1.058,178017626
2015/1/13,sh.510010,1.054,1.062,1.048,1.050,68759227
2015/1/14,sh.510010,1.050,1.065,1.044,1.052,19988951
2015/1/15,sh.510010,1.055,1.097,1.042,1.097,23104099
2015/1/16,sh.510010,1.093,1.112,1.083,1.095,35577422
2015/1/19,sh.510010,1.040,1.048,0.986,0.986,17401778
2015/1/20,sh.510010,0.987,1.014,0.980,1.004,19226290
2015/1/21,sh.510010,1.004,1.060,1.004,1.054,34888051
2015/1/22,sh.510010,1.056,1.062,1.043,1.056,54308526
2015/1/23,sh.510010,1.062,1.084,1.055,1.063,49907233
2015/1/26,sh.510010,1.062,1.068,1.044,1.067,29682477
2015/1/27,sh.510010,1.066,1.070,1.030,1.054,64571118
2015/1/28,sh.510010,1.037,1.058,1.036,1.039,63913278
2015/1/29,sh.510010,1.026,1.037,1.018,1.024,9685082
2015/1/30,sh.510010,1.035,1.035,1.007,1.009,26481376
2015/2/2,sh.510010,0.995,0.995,0.976,0.982,23541358
2015/2/3,sh.510010,0.981,1.010,0.978,1.004,25259387
2015/2/4,sh.510010,1.004,1.018,0.991,0.997,36744163
2015/2/5,sh.510010,1.014,1.036,0.985,0.985,57677394
2015/2/6,sh.510010,0.985,0.993,0.957,0.974,13097076
2015/2/9,sh.510010,0.970,0.994,0.966,0.982,12229971
2015/2/10,sh.510010,0.985,1.000,0.980,0.999,16824288
2015/2/11,sh.510010,0.999,1.007,0.999,1.005,8698590
2015/2/12,sh.510010,1.005,1.012,0.996,1.010,3617969
2015/2/13,sh.510010,1.008,1.028,1.006,1.013,3897900
2015/2/16,sh.510010,1.013,1.020,1.010,1.017,4150042
2015/2/17,sh.510010,1.020,1.031,1.020,1.023,1675693
2015/2/25,sh.510010,1.023,1.025,1.006,1.007,2829789
2015/2/26,sh.510010,1.007,1.043,1.001,1.043,13732335
2015/2/27,sh.510010,1.043,1.048,1.036,1.040,7970859
2015/3/2,sh.510010,1.058,1.058,1.035,1.046,7640427
2015/3/3,sh.510010,1.043,1.043,1.012,1.012,8605126
2015/3/4,sh.510010,1.014,1.025,1.006,1.017,17049479
2015/3/5,sh.510010,1.012,1.012,0.995,1.007,9259368
2015/3/6,sh.510010,1.007,1.012,0.997,1.002,14045874
2015/3/9,sh.510010,0.995,1.030,0.980,1.025,9397576
2015/3/10,sh.510010,1.018,1.023,1.010,1.012,16997944
2015/3/11,sh.510010,1.010,1.031,1.010,1.016,12251332
2015/3/12,sh.510010,1.020,1.049,1.018,1.044,13977904
2015/3/13,sh.510010,1.046,1.060,1.041,1.050,10858928
2015/3/16,sh.510010,1.052,1.073,1.045,1.073,20903433
2015/3/17,sh.510010,1.073,1.090,1.073,1.088,10275331
2015/3/18,sh.510010,1.089,1.116,1.087,1.115,11632939
2015/3/19,sh.510010,1.115,1.122,1.100,1.113,19970363
2015/3/20,sh.510010,1.113,1.160,1.105,1.138,31248858
2015/3/23,sh.510010,1.139,1.158,1.139,1.156,30116180
2015/3/24,sh.510010,1.157,1.157,1.122,1.145,14403882
2015/3/25,sh.510010,1.145,1.149,1.125,1.138,21450395
2015/3/26,sh.510010,1.134,1.156,1.083,1.142,38752433
2015/3/27,sh.510010,1.136,1.155,1.130,1.146,21237906
2015/3/30,sh.510010,1.147,1.200,1.147,1.191,21577347
2015/3/31,sh.510010,1.201,1.226,1.162,1.167,37260449
2015/4/1,sh.510010,1.172,1.199,1.172,1.199,29926594
2015/4/2,sh.510010,1.198,1.208,1.181,1.188,16647871
2015/4/3,sh.510010,1.171,1.205,1.171,1.201,11513187
2015/4/7,sh.510010,1.203,1.233,1.202,1.229,20809655
2015/4/8,sh.510010,1.219,1.250,1.212,1.249,48378411
2015/4/9,sh.510010,1.249,1.278,1.236,1.250,63336842
2015/4/10,sh.510010,1.245,1.269,1.236,1.268,49078444
2015/4/13,sh.510010,1.273,1.300,1.270,1.299,39898193
2015/4/14,sh.510010,1.300,1.308,1.273,1.300,46741348
2015/4/15,sh.510010,1.288,1.329,1.285,1.312,42279775
2015/4/16,sh.510010,1.295,1.348,1.280,1.346,48228475
2015/4/17,sh.510010,1.345,1.401,1.345,1.386,43450795
2015/4/20,sh.510010,1.400,1.400,1.335,1.361,101087822
2015/4/21,sh.510010,1.359,1.368,1.320,1.365,44050047
2015/4/22,sh.510010,1.365,1.399,1.353,1.398,48178922
2015/4/23,sh.510010,1.395,1.404,1.377,1.388,58136681
2015/4/24,sh.510010,1.383,1.383,1.340,1.368,59375123
2015/4/27,sh.510010,1.368,1.419,1.368,1.411,72578815
2015/4/28,sh.510010,1.409,1.438,1.385,1.406,104903887
2015/4/29,sh.510010,1.400,1.420,1.364,1.414,43019014
2015/4/30,sh.510010,1.414,1.420,1.395,1.397,61625909
2015/5/4,sh.510010,1.386,1.412,1.369,1.409,46049392
2015/5/5,sh.510010,1.397,1.414,1.351,1.353,84250923
2015/5/6,sh.510010,1.353,1.400,1.335,1.340,62842598
2015/5/7,sh.510010,1.338,1.344,1.305,1.321,23211070
2015/5/8,sh.510010,1.315,1.344,1.315,1.342,20135087
2015/5/11,sh.510010,1.340,1.393,1.330,1.386,42087105
2015/5/12,sh.510010,1.365,1.387,1.357,1.382,71404226
2015/5/13,sh.510010,1.384,1.388,1.355,1.366,7888656
2015/5/14,sh.510010,1.366,1.377,1.349,1.358,29128051
2015/5/15,sh.510010,1.358,1.358,1.333,1.335,20442699
2015/5/18,sh.510010,1.330,1.330,1.306,1.306,3071020
2015/5/19,sh.510010,1.306,1.363,1.304,1.356,124510049
2015/5/20,sh.510010,1.358,1.388,1.320,1.376,98519066
2015/5/21,sh.510010,1.365,1.379,1.361,1.377,29253455
2015/5/22,sh.510010,1.378,1.436,1.378,1.417,18087016
2015/5/25,sh.510010,1.418,1.475,1.417,1.472,9534179
2015/5/26,sh.510010,1.480,1.489,1.450,1.479,45166976
2015/5/27,sh.510010,1.479,1.485,1.450,1.464,22643795
2015/5/28,sh.510010,1.466,1.468,1.363,1.370,18012884
2015/5/29,sh.510010,1.362,1.387,1.341,1.363,86848059
2015/6/1,sh.510010,1.365,1.435,1.352,1.426,168853668
2015/6/2,sh.510010,1.429,1.440,1.392,1.437,180715270
2015/6/3,sh.510010,1.437,1.449,1.421,1.442,241676417
2015/6/4,sh.510010,1.431,1.488,1.380,1.464,406816460
2015/6/5,sh.510010,1.460,1.490,1.448,1.483,118274968
2015/6/8,sh.510010,1.483,1.550,1.448,1.537,56779738
2015/6/9,sh.510010,1.539,1.539,1.487,1.509,124567883
2015/6/10,sh.510010,1.502,1.560,1.480,1.514,155945906
2015/6/11,sh.510010,1.507,1.507,1.400,1.478,95919316
2015/6/12,sh.510010,1.471,1.496,1.471,1.485,74374027
2015/6/15,sh.510010,1.484,1.490,1.441,1.449,185866318
2015/6/16,sh.510010,1.448,1.449,1.396,1.404,215864942
2015/6/17,sh.510010,1.404,1.436,1.379,1.435,353923921
2015/6/18,sh.510010,1.430,1.430,1.368,1.381,381663644
2015/6/19,sh.510010,1.350,1.376,1.254,1.310,947652344
2015/6/23,sh.510010,1.299,1.348,1.201,1.329,1216515585
2015/6/24,sh.510010,1.325,1.350,1.313,1.349,491091951
2015/6/25,sh.510010,1.360,1.369,1.310,1.326,487197640
2015/6/26,sh.510010,1.285,1.343,1.215,1.222,489600305
2015/6/29,sh.510010,1.246,1.253,1.128,1.183,517142187
2015/6/30,sh.510010,1.177,1.262,1.136,1.259,521237237
2015/7/1,sh.510010,1.259,1.265,1.175,1.176,486824033
2015/7/2,sh.510010,1.180,1.210,1.131,1.150,453535588
2015/7/3,sh.510010,1.150,1.164,1.055,1.071,454950184
2015/7/6,sh.510010,1.178,1.178,1.100,1.170,330416472
2015/7/7,sh.510010,1.145,1.170,1.083,1.140,119341449
2015/7/8,sh.510010,1.050,1.139,1.026,1.026,4906488
2015/7/9,sh.510010,1.026,1.129,1.013,1.129,6983017
2015/7/10,sh.510010,1.129,1.242,1.113,1.242,22718898
2015/7/13,sh.510010,1.253,1.260,1.181,1.223,543905169
2015/7/14,sh.510010,1.200,1.240,1.160,1.206,317843480
2015/7/15,sh.510010,1.196,1.196,1.085,1.121,394819914
2015/7/16,sh.510010,1.129,1.170,1.103,1.148,496410688
2015/7/17,sh.510010,1.148,1.190,1.130,1.180,392593043
2015/7/20,sh.510010,1.170,1.207,1.161,1.181,456250471
2015/7/21,sh.510010,1.165,1.195,1.162,1.182,433028266
2015/7/22,sh.510010,1.166,1.189,1.163,1.165,401888457
2015/7/23,sh.510010,1.170,1.199,1.166,1.199,427033651
2015/7/24,sh.510010,1.190,1.218,1.190,1.195,406831149
2015/7/27,sh.510010,1.187,1.205,1.076,1.076,438604007
2015/7/28,sh.510010,1.040,1.124,1.035,1.073,444199626
2015/7/29,sh.510010,1.081,1.110,1.073,1.107,421012317
2015/7/30,sh.510010,1.110,1.129,1.085,1.086,417981398
2015/7/31,sh.510010,1.075,1.097,1.070,1.085,128401061
2015/8/3,sh.510010,1.066,1.080,1.059,1.074,33599642
2015/8/4,sh.510010,1.071,1.115,1.071,1.110,3860169
2015/8/5,sh.510010,1.109,1.117,1.080,1.100,184603463
2015/8/6,sh.510010,1.094,1.138,1.080,1.101,174542200
2015/8/7,sh.510010,1.088,1.116,1.088,1.110,17677154
2015/8/10,sh.510010,1.111,1.158,1.102,1.152,18573814
2015/8/11,sh.510010,1.152,1.157,1.139,1.139,10951800
2015/8/12,sh.510010,1.139,1.150,1.130,1.140,178625517
2015/8/13,sh.510010,1.145,1.145,1.129,1.144,74312500
2015/8/14,sh.510010,1.157,1.157,1.137,1.144,98396198
2015/8/17,sh.510010,1.136,1.148,1.112,1.140,31146733
2015/8/18,sh.510010,1.141,1.155,1.065,1.100,76540131
2015/8/19,sh.510010,1.092,1.122,1.035,1.075,337965937
2015/8/20,sh.510010,1.061,1.085,1.060,1.062,73262225
2015/8/21,sh.510010,1.066,1.066,1.011,1.020,354959564
2015/8/24,sh.510010,1.014,1.014,0.918,0.918,104883100
2015/8/25,sh.510010,0.831,0.911,0.826,0.831,156927200
2015/8/26,sh.510010,0.845,0.909,0.830,0.869,343892589
2015/8/27,sh.510010,0.870,0.909,0.861,0.906,312768238
2015/8/28,sh.510010,0.920,0.950,0.890,0.942,206634191
2015/8/31,sh.510010,0.939,0.942,0.913,0.932,341098738
2015/9/1,sh.510010,0.931,0.946,0.915,0.935,348550886
2015/9/2,sh.510010,0.934,0.948,0.890,0.931,339137252
2015/9/7,sh.510010,0.943,0.974,0.927,0.927,325698179
2015/9/8,sh.510010,0.968,0.968,0.900,0.950,380300
2015/9/9,sh.510010,0.936,0.980,0.936,0.972,1016600
2015/9/10,sh.510010,0.945,0.971,0.945,0.949,410426
2015/9/11,sh.510010,0.960,0.966,0.948,0.955,244165
2015/9/14,sh.510010,0.954,0.967,0.911,0.931,608613
2015/9/15,sh.510010,0.925,0.931,0.901,0.923,352919
2015/9/16,sh.510010,0.923,0.967,0.906,0.965,557470
2015/9/17,sh.510010,0.960,0.960,0.927,0.947,699700
2015/9/18,sh.510010,0.939,0.947,0.926,0.940,50600
2015/9/21,sh.510010,0.928,0.950,0.928,0.940,70263
2015/9/22,sh.510010,0.943,0.960,0.941,0.956,226500
2015/9/23,sh.510010,0.954,0.954,0.934,0.939,200100
2015/9/24,sh.510010,0.954,0.954,0.937,0.945,92100
2015/9/25,sh.510010,0.936,0.945,0.925,0.930,96700
2015/9/28,sh.510010,0.928,0.937,0.921,0.928,15300
2015/9/29,sh.510010,0.911,0.936,0.911,0.913,159200
2015/9/30,sh.510010,0.925,0.925,0.901,0.923,133671
2015/10/8,sh.510010,0.930,0.953,0.930,0.942,297713
2015/10/9,sh.510010,0.942,0.949,0.940,0.943,101900
2015/10/12,sh.510010,0.952,0.977,0.943,0.974,546430
2015/10/13,sh.510010,0.970,0.975,0.952,0.968,297900
2015/10/14,sh.510010,0.967,0.975,0.949,0.961,217926
2015/10/15,sh.510010,0.952,0.992,0.952,0.982,600853
2015/10/16,sh.510010,1.009,1.009,0.984,0.987,774500
2015/10/19,sh.510010,0.988,1.005,0.973,0.990,1349466
2015/10/20,sh.510010,0.989,1.000,0.983,0.999,211300
2015/10/21,sh.510010,0.999,1.005,0.960,0.963,594903
2015/10/22,sh.510010,0.967,0.990,0.960,0.989,217303
2015/10/23,sh.510010,0.977,0.989,0.973,0.986,124300
2015/10/26,sh.510010,0.984,1.027,0.984,1.013,1376688
2015/10/27,sh.510010,1.000,1.002,0.982,1.000,282139
2015/10/28,sh.510010,1.001,1.001,0.990,0.990,61800
2015/10/29,sh.510010,0.990,1.000,0.986,0.996,95800
2015/10/30,sh.510010,0.996,0.999,0.991,0.996,81000
2015/11/2,sh.510010,0.984,0.989,0.970,0.980,143200
2015/11/3,sh.510010,0.957,0.982,0.957,0.971,76000
2015/11/4,sh.510010,0.980,1.003,0.980,1.003,436639
2015/11/5,sh.510010,1.002,1.048,0.991,1.035,693395
2015/11/6,sh.510010,1.035,1.063,1.030,1.060,933931
2015/11/9,sh.510010,1.032,1.090,1.032,1.074,550795
2015/11/10,sh.510010,1.066,1.084,1.055,1.070,1288100
2015/11/11,sh.510010,1.074,1.074,1.051,1.060,554100
2015/11/12,sh.510010,1.064,1.064,1.045,1.049,304832
2015/11/13,sh.510010,1.044,1.053,1.035,1.038,249259
2015/11/16,sh.510010,1.025,1.051,1.025,1.050,1199815
2015/11/17,sh.510010,1.053,1.070,1.041,1.053,278030
2015/11/18,sh.510010,1.058,1.061,1.050,1.051,394800
2015/11/19,sh.510010,1.041,1.053,1.041,1.053,192215
2015/11/20,sh.510010,1.052,1.058,1.050,1.056,241400
2015/11/23,sh.510010,1.054,1.067,1.050,1.056,1221088
2015/11/24,sh.510010,1.055,1.055,1.036,1.047,152766
2015/11/25,sh.510010,1.043,1.048,1.039,1.048,285932
2015/11/26,sh.510010,1.048,1.057,1.043,1.053,1469327
2015/11/27,sh.510010,1.059,1.059,1.009,1.010,620460
2015/11/30,sh.510010,1.012,1.028,0.983,1.010,252928
2015/12/1,sh.510010,1.009,1.012,0.985,1.001,59397
2015/12/2,sh.510010,1.012,1.055,0.992,1.055,1292936
2015/12/3,sh.510010,1.045,1.050,1.032,1.050,172727
2015/12/4,sh.510010,1.040,1.050,1.000,1.032,296527
2015/12/7,sh.510010,1.007,1.040,1.006,1.024,288100
2015/12/8,sh.510010,1.032,1.038,1.025,1.032,396100
2015/12/9,sh.510010,1.005,1.019,1.005,1.019,138800
2015/12/10,sh.510010,1.001,1.019,1.001,1.019,241900
2015/12/11,sh.510010,0.997,1.037,0.990,1.037,275900
2015/12/14,sh.510010,0.992,1.035,0.992,1.035,345288
2015/12/15,sh.510010,1.003,1.025,1.003,1.017,881731
2015/12/16,sh.510010,1.024,1.024,1.014,1.014,40504
2015/12/17,sh.510010,1.013,1.030,1.012,1.029,753100
2015/12/18,sh.510010,1.010,1.043,1.010,1.032,210088
2015/12/21,sh.510010,1.038,1.056,1.037,1.053,864962
2015/12/22,sh.510010,1.057,1.058,1.049,1.051,281300
2015/12/23,sh.510010,1.051,1.075,1.051,1.075,1384514
2015/12/24,sh.510010,1.075,1.075,1.042,1.055,478800
2015/12/25,sh.510010,1.046,1.059,1.046,1.059,135400
2015/12/28,sh.510010,1.044,1.055,1.031,1.037,203000
2015/12/29,sh.510010,1.028,1.058,1.024,1.038,110600
2015/12/30,sh.510010,1.028,1.042,1.027,1.029,87102
2015/12/31,sh.510010,1.029,1.040,1.029,1.037,55900
2016/1/4,sh.510010,1.031,1.044,0.996,1.008,420202
2016/1/5,sh.510010,1.000,1.007,0.980,1.004,338197
2016/1/6,sh.510010,1.000,1.022,0.991,1.019,191026
2016/1/7,sh.510010,0.967,1.014,0.967,0.971,28000
2016/1/8,sh.510010,0.972,1.022,0.952,0.961,703100
2016/1/11,sh.510010,0.953,0.961,0.881,0.921,521400
2016/1/12,sh.510010,0.919,0.950,0.902,0.910,297100
2016/1/13,sh.510010,0.922,0.922,0.890,0.895,332001
2016/1/14,sh.510010,0.876,0.914,0.876,0.909,201500
2016/1/15,sh.510010,0.914,0.914,0.890,0.909,76900
2016/1/18,sh.510010,0.898,0.912,0.868,0.878,412500
2016/1/19,sh.510010,0.878,0.894,0.877,0.890,640900
2016/1/20,sh.510010,0.883,0.893,0.874,0.882,436300
2016/1/21,sh.510010,0.836,0.881,0.836,0.845,587100
2016/1/22,sh.510010,0.879,0.879,0.843,0.859,436500
2016/1/25,sh.510010,0.873,0.873,0.848,0.863,153400
2016/1/26,sh.510010,0.867,0.867,0.812,0.820,139100
2016/1/27,sh.510010,0.820,0.821,0.787,0.801,601900
2016/1/28,sh.510010,0.799,0.810,0.765,0.790,472100
2016/1/29,sh.510010,0.777,0.817,0.777,0.817,266695
2016/2/1,sh.510010,0.810,0.812,0.800,0.806,89400
2016/2/2,sh.510010,0.814,0.819,0.779,0.818,167300
2016/2/3,sh.510010,0.816,0.816,0.788,0.816,90100
2016/2/4,sh.510010,0.816,0.825,0.801,0.823,162100
2016/2/5,sh.510010,0.820,0.835,0.815,0.815,123100
2016/2/15,sh.510010,0.815,0.849,0.778,0.815,199200
2016/2/16,sh.510010,0.814,0.832,0.810,0.831,296486
2016/2/17,sh.510010,0.834,0.840,0.831,0.840,221200
2016/2/18,sh.510010,0.834,0.848,0.834,0.842,67300
2016/2/19,sh.510010,0.841,0.841,0.832,0.832,54300
2016/2/22,sh.510010,0.842,0.855,0.839,0.855,358900
2016/2/23,sh.510010,0.847,0.857,0.842,0.847,148600
2016/2/24,sh.510010,0.835,0.854,0.835,0.850,112500
2016/2/25,sh.510010,0.852,0.852,0.800,0.821,392100
2016/2/26,sh.510010,0.802,0.838,0.802,0.834,177600
2016/2/29,sh.510010,0.834,0.834,0.780,0.787,275200
2016/3/1,sh.510010,0.791,0.818,0.784,0.810,334667
2016/3/2,sh.510010,0.810,0.847,0.810,0.830,290400
2016/3/3,sh.510010,0.844,0.854,0.831,0.838,401100
2016/3/4,sh.510010,0.852,0.867,0.835,0.859,393067
2016/3/7,sh.510010,0.855,0.888,0.854,0.878,1529661
2016/3/8,sh.510010,0.873,0.890,0.821,0.885,142052
2016/3/9,sh.510010,0.857,0.882,0.852,0.858,144500
2016/3/10,sh.510010,0.860,0.865,0.842,0.843,191300
2016/3/11,sh.510010,0.858,0.858,0.841,0.858,201024
2016/3/14,sh.510010,0.858,0.879,0.858,0.876,224691
2016/3/15,sh.510010,0.877,0.888,0.874,0.874,65300
2016/3/16,sh.510010,0.887,0.887,0.850,0.883,1385809
2016/3/17,sh.510010,0.851,0.890,0.851,0.880,3032209
2016/3/18,sh.510010,0.880,0.896,0.868,0.894,2702174
2016/3/21,sh.510010,0.894,0.928,0.890,0.906,2221453
2016/3/22,sh.510010,0.900,0.922,0.888,0.903,134500
2016/3/23,sh.510010,0.901,0.923,0.880,0.921,406900
2016/3/24,sh.510010,0.921,0.921,0.881,0.890,688700
2016/3/25,sh.510010,0.881,0.900,0.873,0.889,594900
2016/3/28,sh.510010,0.866,0.910,0.866,0.894,255748
2016/3/29,sh.510010,0.872,0.909,0.872,0.899,37000
2016/3/30,sh.510010,0.882,0.913,0.882,0.906,2070700
2016/3/31,sh.510010,0.920,0.920,0.886,0.906,125100
2016/4/1,sh.510010,0.886,0.913,0.882,0.906,675800
2016/4/5,sh.510010,0.914,0.919,0.900,0.913,464600
2016/4/6,sh.510010,0.918,0.918,0.901,0.915,1641800
2016/4/7,sh.510010,0.920,0.920,0.902,0.912,316100
2016/4/8,sh.510010,0.912,0.918,0.874,0.912,211200
2016/4/11,sh.510010,0.900,0.915,0.900,0.912,1800600
2016/4/12,sh.510010,0.900,0.915,0.852,0.908,461700
2016/4/13,sh.510010,0.897,0.918,0.897,0.911,1587752
2016/4/14,sh.510010,0.915,0.915,0.905,0.915,341100
2016/4/15,sh.510010,0.906,0.916,0.906,0.912,339542
2016/4/18,sh.510010,0.916,0.916,0.886,0.912,767400
2016/4/19,sh.510010,0.902,0.908,0.892,0.901,454500
2016/4/20,sh.510010,0.890,0.902,0.871,0.890,197300
2016/4/21,sh.510010,0.891,0.905,0.857,0.899,1262200
2016/4/22,sh.510010,0.890,0.897,0.879,0.895,42500
2016/4/25,sh.510010,0.882,0.900,0.872,0.895,115600
2016/4/26,sh.510010,0.876,0.902,0.876,0.900,392652
2016/4/27,sh.510010,0.898,0.900,0.890,0.896,45700
2016/4/28,sh.510010,0.897,0.900,0.858,0.888,945100
2016/4/29,sh.510010,0.886,0.886,0.874,0.881,177100
2016/5/3,sh.510010,0.875,0.890,0.875,0.887,865400
2016/5/4,sh.510010,0.899,0.899,0.884,0.895,1117200
2016/5/5,sh.510010,0.895,0.895,0.885,0.891,42400
2016/5/6,sh.510010,0.892,0.892,0.881,0.883,69000
2016/5/9,sh.510010,0.857,0.896,0.855,0.865,118200
2016/5/10,sh.510010,0.864,0.890,0.861,0.865,54400
2016/5/11,sh.510010,0.893,0.893,0.864,0.879,15100
2016/5/12,sh.510010,0.892,0.892,0.854,0.889,124700
2016/5/13,sh.510010,0.900,0.900,0.870,0.880,92600
2016/5/16,sh.510010,0.869,0.880,0.860,0.860,1085800
2016/5/17,sh.510010,0.870,0.874,0.859,0.866,285800
2016/5/18,sh.510010,0.856,0.862,0.842,0.855,265200
2016/5/19,sh.510010,0.855,0.857,0.848,0.855,274800
2016/5/20,sh.510010,0.858,0.858,0.830,0.856,223500
2016/5/23,sh.510010,0.857,0.857,0.852,0.854,318700
2016/5/24,sh.510010,0.859,0.859,0.845,0.852,103600
2016/5/25,sh.510010,0.858,0.862,0.847,0.854,231000
2016/5/26,sh.510010,0.854,0.859,0.840,0.853,610400
2016/5/27,sh.510010,0.860,0.860,0.843,0.853,212200
2016/5/30,sh.510010,0.849,0.861,0.844,0.850,590600
2016/5/31,sh.510010,0.858,0.889,0.846,0.881,1330375
2016/6/1,sh.510010,0.871,0.881,0.870,0.880,1487975
2016/6/2,sh.510010,0.886,0.887,0.870,0.880,1705600
2016/6/3,sh.510010,0.882,0.886,0.870,0.886,1547631
2016/6/6,sh.510010,0.893,0.893,0.875,0.878,742400
2016/6/7,sh.510010,0.878,0.886,0.871,0.880,729362
2016/6/8,sh.510010,0.871,0.886,0.871,0.882,104700
2016/6/13,sh.510010,0.880,0.880,0.863,0.863,111100
2016/6/14,sh.510010,0.863,0.879,0.863,0.868,42400
2016/6/15,sh.510010,0.859,0.886,0.858,0.880,49900
2016/6/16,sh.510010,0.863,0.879,0.863,0.870,49100
2016/6/17,sh.510010,0.885,0.885,0.864,0.872,123200
2016/6/20,sh.510010,0.885,0.885,0.863,0.870,39500
2016/6/21,sh.510010,0.885,0.885,0.865,0.876,117200
2016/6/22,sh.510010,0.884,0.884,0.863,0.873,160800
2016/6/23,sh.510010,0.872,0.880,0.866,0.868,99200
2016/6/24,sh.510010,0.864,0.882,0.857,0.865,65700
2016/6/27,sh.510010,0.878,0.878,0.858,0.867,108941
2016/6/28,sh.510010,0.882,0.882,0.856,0.864,3052100
2016/6/29,sh.510010,0.870,0.874,0.863,0.874,2830660
2016/6/30,sh.510010,0.873,0.874,0.867,0.873,993220
2016/7/1,sh.510010,0.881,0.881,0.866,0.872,597100
2016/7/4,sh.510010,0.872,0.892,0.869,0.892,1163300
2016/7/5,sh.510010,0.894,0.894,0.881,0.892,114300
2016/7/6,sh.510010,0.892,0.892,0.873,0.889,138100
2016/7/7,sh.510010,0.886,0.890,0.879,0.884,180387
2016/7/8,sh.510010,0.885,0.887,0.879,0.886,226200
2016/7/11,sh.510010,0.886,0.906,0.885,0.904,1614628
2016/7/12,sh.510010,0.904,0.923,0.895,0.921,369000
2016/7/13,sh.510010,0.940,0.940,0.916,0.918,123728
2016/7/14,sh.510010,0.906,0.921,0.906,0.912,16500
2016/7/15,sh.510010,0.934,0.934,0.910,0.918,11900
2016/7/18,sh.510010,0.915,0.920,0.912,0.912,81100
2016/7/19,sh.510010,0.912,0.915,0.910,0.912,3100
2016/7/20,sh.510010,0.924,0.924,0.908,0.911,8000
2016/7/21,sh.510010,0.929,0.929,0.908,0.914,77800
2016/7/22,sh.510010,0.915,0.915,0.905,0.907,61838
2016/7/25,sh.510010,0.913,0.913,0.903,0.907,18600
2016/7/26,sh.510010,0.913,0.917,0.907,0.916,56731
2016/7/27,sh.510010,0.928,0.929,0.889,0.908,229400
2016/7/28,sh.510010,0.909,0.916,0.896,0.908,54663
2016/7/29,sh.510010,0.916,0.923,0.896,0.905,36900
2016/8/1,sh.510010,0.905,0.905,0.896,0.905,58126
2016/8/2,sh.510010,0.908,0.908,0.899,0.907,56901
2016/8/3,sh.510010,0.908,0.913,0.903,0.910,177900
2016/8/4,sh.510010,0.911,0.911,0.901,0.905,29000
2016/8/5,sh.510010,0.909,0.910,0.903,0.907,59463
2016/8/8,sh.510010,0.918,0.918,0.905,0.912,28600
2016/8/9,sh.510010,0.907,0.920,0.906,0.916,44038
2016/8/10,sh.510010,0.911,0.917,0.905,0.910,148438
2016/8/11,sh.510010,0.907,0.919,0.907,0.914,83000
2016/8/12,sh.510010,0.908,0.924,0.908,0.924,301432
2016/8/15,sh.510010,0.934,0.975,0.933,0.957,2448026
2016/8/16,sh.510010,0.957,0.986,0.944,0.950,484726
2016/8/17,sh.510010,0.950,0.971,0.943,0.949,191300
2016/8/18,sh.510010,0.939,0.959,0.939,0.948,47600
2016/8/19,sh.510010,0.939,0.959,0.939,0.952,86001
2016/8/22,sh.510010,0.952,0.963,0.938,0.946,55200
2016/8/23,sh.510010,0.946,0.951,0.941,0.944,74000
2016/8/24,sh.510010,0.944,0.968,0.935,0.946,73600
2016/8/25,sh.510010,0.906,0.950,0.906,0.942,90400
2016/8/26,sh.510010,0.926,0.950,0.926,0.942,96501
2016/8/29,sh.510010,0.949,0.967,0.932,0.935,92300
2016/8/30,sh.510010,0.932,0.957,0.932,0.952,9700
2016/8/31,sh.510010,0.952,0.961,0.937,0.947,15000
2016/9/1,sh.510010,0.931,0.947,0.928,0.935,11300
2016/9/2,sh.510010,0.959,0.960,0.927,0.940,24500
2016/9/5,sh.510010,0.937,0.960,0.937,0.939,24300
2016/9/6,sh.510010,0.936,0.954,0.936,0.941,157100
2016/9/7,sh.510010,0.936,0.949,0.936,0.944,54500
2016/9/8,sh.510010,0.934,0.949,0.934,0.945,24395
2016/9/9,sh.510010,0.921,0.963,0.921,0.946,19900
2016/9/12,sh.510010,0.926,0.970,0.918,0.922,70400
2016/9/13,sh.510010,0.939,0.939,0.906,0.927,10600
2016/9/14,sh.510010,0.913,0.947,0.912,0.932,194900
2016/9/19,sh.510010,0.929,0.933,0.918,0.927,93000
2016/9/20,sh.510010,0.928,0.928,0.920,0.928,81700
2016/9/21,sh.510010,0.917,0.941,0.916,0.929,49000
2016/9/22,sh.510010,0.921,0.949,0.921,0.930,29200
2016/9/23,sh.510010,0.944,0.944,0.922,0.933,106672
2016/9/26,sh.510010,0.933,0.933,0.916,0.924,146600
2016/9/27,sh.510010,0.915,0.925,0.915,0.924,120500
2016/9/28,sh.510010,0.917,0.923,0.914,0.922,12800
2016/9/29,sh.510010,0.922,0.929,0.915,0.923,27700
2016/9/30,sh.510010,0.952,0.952,0.913,0.921,108072
2016/10/10,sh.510010,0.921,0.949,0.921,0.930,23600
2016/10/11,sh.510010,0.947,0.947,0.924,0.934,86300
2016/10/12,sh.510010,0.934,0.934,0.929,0.930,84072
2016/10/13,sh.510010,0.928,0.943,0.928,0.931,129300
2016/10/14,sh.510010,0.943,0.943,0.918,0.933,53800
2016/10/17,sh.510010,0.939,0.939,0.926,0.930,10500
2016/10/18,sh.510010,0.930,0.939,0.923,0.932,39310
2016/10/19,sh.510010,0.961,0.961,0.937,0.941,121300
2016/10/20,sh.510010,0.947,0.954,0.928,0.943,35100
2016/10/21,sh.510010,0.943,0.949,0.932,0.944,24700
2016/10/24,sh.510010,0.943,0.956,0.936,0.955,429472
2016/10/25,sh.510010,0.948,0.958,0.948,0.958,101200
2016/10/26,sh.510010,0.958,0.958,0.942,0.951,158101
2016/10/27,sh.510010,0.952,0.952,0.945,0.950,52487
2016/10/28,sh.510010,0.953,0.955,0.947,0.953,55909
2016/10/31,sh.510010,0.932,0.949,0.932,0.948,7800
2016/11/1,sh.510010,0.937,0.955,0.937,0.954,342000
2016/11/2,sh.510010,0.938,0.954,0.938,0.950,27900
2016/11/3,sh.510010,0.953,0.965,0.944,0.964,373001
2016/11/4,sh.510010,0.951,0.966,0.951,0.954,143255
2016/11/7,sh.510010,0.954,0.966,0.950,0.956,11400
2016/11/8,sh.510010,0.965,0.965,0.955,0.961,202700
2016/11/9,sh.510010,0.948,0.965,0.948,0.953,132000
2016/11/10,sh.510010,0.955,0.964,0.955,0.964,158800
2016/11/11,sh.510010,0.964,0.979,0.959,0.972,196501
2016/11/14,sh.510010,0.981,0.981,0.964,0.972,138200
2016/11/15,sh.510010,0.979,0.979,0.970,0.970,38400
2016/11/16,sh.510010,0.970,0.975,0.968,0.972,78200
2016/11/17,sh.510010,0.970,0.978,0.968,0.970,39800
2016/11/18,sh.510010,0.970,0.976,0.970,0.973,127242
2016/11/21,sh.510010,0.970,0.988,0.970,0.982,310842
2016/11/22,sh.510010,0.982,0.992,0.982,0.989,309242
2016/11/23,sh.510010,0.995,1.001,0.981,0.993,75842
2016/11/24,sh.510010,0.986,1.000,0.986,0.997,107600
2016/11/25,sh.510010,0.999,1.010,0.992,1.010,246316
2016/11/28,sh.510010,1.008,1.029,1.005,1.021,458905
2016/11/29,sh.510010,0.997,1.035,0.997,1.025,497647
2016/11/30,sh.510010,1.025,1.032,1.006,1.030,583831
2016/12/1,sh.510010,1.020,1.030,1.020,1.028,83200
2016/12/2,sh.510010,1.024,1.029,1.000,1.025,183900
2016/12/5,sh.510010,1.002,1.023,1.002,1.021,376400
2016/12/6,sh.510010,1.017,1.020,0.962,1.015,324631
2016/12/7,sh.510010,0.992,1.014,0.991,1.014,94600
2016/12/8,sh.510010,1.013,1.013,0.998,1.011,251213
2016/12/9,sh.510010,1.011,1.028,0.999,1.016,794900
2016/12/12,sh.510010,1.016,1.019,0.970,1.002,334553
2016/12/13,sh.510010,1.002,1.034,0.970,0.999,77053
2016/12/14,sh.510010,1.002,1.003,0.986,0.992,103400
2016/12/15,sh.510010,0.976,1.003,0.976,0.992,210100
2016/12/16,sh.510010,0.978,0.989,0.977,0.987,55000
2016/12/19,sh.510010,1.016,1.016,0.958,0.973,19600
2016/12/20,sh.510010,0.973,1.014,0.956,0.960,288500
2016/12/21,sh.510010,0.968,0.998,0.958,0.968,296500
2016/12/22,sh.510010,0.968,0.975,0.957,0.969,10400
2016/12/23,sh.510010,0.970,0.970,0.957,0.965,204918
2016/12/26,sh.510010,0.964,0.966,0.948,0.966,33382
2016/12/27,sh.510010,0.963,0.977,0.963,0.970,38433
2016/12/28,sh.510010,0.968,0.969,0.960,0.965,9000
2016/12/29,sh.510010,0.951,0.969,0.951,0.967,7900
2016/12/30,sh.510010,0.967,0.967,0.952,0.966,53500
2017/1/3,sh.510010,0.965,0.974,0.956,0.971,123000
2017/1/4,sh.510010,0.967,0.977,0.967,0.975,52600
2017/1/5,sh.510010,0.978,0.978,0.972,0.972,162693
2017/1/6,sh.510010,0.979,0.979,0.972,0.973,67900
2017/1/9,sh.510010,0.973,0.983,0.967,0.974,384900
2017/1/10,sh.510010,0.980,0.982,0.975,0.978,278400
2017/1/11,sh.510010,0.973,0.982,0.973,0.975,70500
2017/1/12,sh.510010,0.970,0.975,0.970,0.971,51500
2017/1/13,sh.510010,0.970,0.975,0.966,0.967,143300
2017/1/16,sh.510010,0.962,0.976,0.962,0.976,316960
2017/1/17,sh.510010,0.974,0.975,0.967,0.974,24160
2017/1/18,sh.510010,0.973,1.000,0.972,0.982,54425
2017/1/19,sh.510010,0.980,0.984,0.970,0.977,26200
2017/1/20,sh.510010,0.995,0.995,0.975,0.979,377200
2017/1/23,sh.510010,0.980,0.985,0.980,0.984,14100
2017/1/24,sh.510010,0.988,0.988,0.976,0.987,73700
2017/1/25,sh.510010,0.986,0.991,0.985,0.989,10500
2017/1/26,sh.510010,0.989,0.995,0.989,0.993,155800
2017/2/3,sh.510010,0.987,0.997,0.980,0.990,121000
2017/2/6,sh.510010,0.989,0.992,0.987,0.988,11600
2017/2/7,sh.510010,0.986,1.001,0.980,0.999,126088
2017/2/8,sh.510010,0.993,1.003,0.982,1.002,106699
2017/2/9,sh.510010,0.990,1.005,0.988,0.997,1011671
2017/2/10,sh.510010,0.997,1.000,0.989,1.000,20400
2017/2/13,sh.510010,1.001,1.005,1.000,1.005,89100
2017/2/14,sh.510010,1.005,1.005,0.997,1.000,7800
2017/2/15,sh.510010,1.004,1.020,1.001,1.013,370518
2017/2/16,sh.510010,1.010,1.016,1.004,1.008,206300
2017/2/17,sh.510010,1.000,1.013,1.000,1.010,95000
2017/2/20,sh.510010,1.013,1.015,1.002,1.013,1502042
2017/2/21,sh.510010,1.019,1.031,1.011,1.016,177542
2017/2/22,sh.510010,1.016,1.023,1.008,1.023,241948
2017/2/23,sh.510010,1.013,1.026,1.003,1.011,104302
2017/2/24,sh.510010,1.009,1.017,1.008,1.011,1694238
2017/2/27,sh.510010,1.008,1.013,1.006,1.007,87004
2017/2/28,sh.510010,0.967,1.028,0.967,1.004,65700
2017/3/1,sh.510010,1.004,1.010,0.972,1.005,234700
2017/3/2,sh.510010,1.005,1.013,1.001,1.004,104400
2017/3/3,sh.510010,1.002,1.004,0.977,1.003,61100
2017/3/6,sh.510010,1.002,1.013,0.993,1.001,139900
2017/3/7,sh.510010,0.984,1.001,0.984,0.997,37300
2017/3/8,sh.510010,1.001,1.002,0.981,1.000,86900
2017/3/9,sh.510010,1.002,1.009,0.988,1.000,142900
2017/3/10,sh.510010,0.997,0.997,0.983,0.994,36600
2017/3/13,sh.510010,0.974,1.001,0.974,0.996,742702
2017/3/14,sh.510010,0.996,1.008,0.994,0.996,737802
2017/3/15,sh.510010,0.997,0.999,0.983,0.999,184300
2017/3/16,sh.510010,1.011,1.011,0.993,1.000,351400
2017/3/17,sh.510010,1.000,1.000,0.988,0.988,356301
2017/3/20,sh.510010,0.986,0.996,0.985,0.995,107900
2017/3/21,sh.510010,0.996,1.000,0.985,0.998,92409
2017/3/22,sh.510010,0.998,0.998,0.989,0.993,69000
2017/3/23,sh.510010,0.987,0.996,0.987,0.990,84300
2017/3/24,sh.510010,0.994,1.001,0.986,1.000,79501
2017/3/27,sh.510010,1.001,1.006,1.001,1.001,83931
2017/3/28,sh.510010,1.001,1.001,0.996,1.000,95200
2017/3/29,sh.510010,1.000,1.010,0.997,1.001,94500
2017/3/30,sh.510010,0.994,1.004,0.984,1.002,16700
2017/3/31,sh.510010,1.002,1.002,0.987,0.993,27991
2017/4/5,sh.510010,0.999,1.010,0.998,1.010,127162
2017/4/6,sh.510010,1.014,1.014,1.006,1.012,49800
2017/4/7,sh.510010,1.007,1.014,1.007,1.012,393400
2017/4/10,sh.510010,1.013,1.016,1.007,1.011,1021965
2017/4/11,sh.510010,1.011,1.012,0.990,1.011,187700
2017/4/12,sh.510010,1.002,1.016,1.002,1.012,1173765
2017/4/13,sh.510010,1.002,1.018,1.002,1.018,172263
2017/4/14,sh.510010,1.002,1.019,1.002,1.014,165544
2017/4/17,sh.510010,1.010,1.010,0.992,1.008,18300
2017/4/18,sh.510010,1.007,1.007,0.994,0.995,60500
2017/4/19,sh.510010,0.995,0.995,0.984,0.985,80586
2017/4/20,sh.510010,0.981,0.992,0.981,0.990,196012
2017/4/21,sh.510010,0.984,1.015,0.984,1.007,67000
2017/4/24,sh.510010,0.998,0.999,0.974,0.994,87700
2017/4/25,sh.510010,0.984,0.995,0.984,0.995,9100
2017/4/26,sh.510010,0.995,0.995,0.986,0.994,62771
2017/4/27,sh.510010,0.994,0.996,0.985,0.994,89300
2017/4/28,sh.510010,0.999,0.999,0.987,0.989,26900
2017/5/2,sh.510010,0.986,0.990,0.985,0.989,4800
2017/5/3,sh.510010,0.994,0.994,0.985,0.986,10200
2017/5/4,sh.510010,0.985,0.988,0.980,0.982,9400
2017/5/5,sh.510010,0.979,0.988,0.975,0.988,19800
2017/5/8,sh.510010,0.965,0.993,0.965,0.987,10900
2017/5/9,sh.510010,0.987,0.988,0.974,0.983,13800
2017/5/10,sh.510010,0.982,0.986,0.974,0.976,18500
2017/5/11,sh.510010,0.987,0.987,0.974,0.976,13900
2017/5/12,sh.510010,0.973,0.986,0.973,0.986,76300
2017/5/15,sh.510010,0.992,0.993,0.977,0.981,15700
2017/5/16,sh.510010,0.990,0.994,0.975,0.994,30000
2017/5/17,sh.510010,0.987,0.990,0.985,0.985,49400
2017/5/18,sh.510010,0.989,0.994,0.977,0.991,26501
2017/5/19,sh.510010,0.990,0.990,0.980,0.989,7815
2017/5/22,sh.510010,0.990,0.996,0.978,0.985,3996
2017/5/23,sh.510010,0.991,0.996,0.988,0.994,72095
2017/5/24,sh.510010,0.983,0.995,0.983,0.995,7512
2017/5/25,sh.510010,0.995,1.019,0.983,1.008,178376
2017/5/26,sh.510010,1.018,1.026,1.005,1.014,178176
2017/5/31,sh.510010,1.020,1.026,1.016,1.025,115900
2017/6/1,sh.510010,1.023,1.028,1.016,1.027,329091
2017/6/2,sh.510010,1.029,1.032,1.020,1.030,136200
2017/6/5,sh.510010,1.020,1.028,1.020,1.021,6700
2017/6/6,sh.510010,1.021,1.028,1.020,1.026,5900
2017/6/7,sh.510010,1.026,1.030,1.020,1.029,194838
2017/6/8,sh.510010,1.030,1.045,1.026,1.045,235559
2017/6/9,sh.510010,1.046,1.050,1.039,1.049,74926
2017/6/12,sh.510010,1.053,1.053,1.043,1.045,111400
2017/6/13,sh.510010,1.050,1.050,1.026,1.044,265095
2017/6/14,sh.510010,1.038,1.049,1.035,1.035,54559
2017/6/15,sh.510010,1.044,1.049,1.026,1.030,27894
2017/6/16,sh.510010,1.030,1.036,1.028,1.030,8900
2017/6/19,sh.510010,1.042,1.042,1.029,1.033,67565
2017/6/20,sh.510010,1.040,1.040,1.030,1.030,1300
2017/6/21,sh.510010,1.030,1.046,1.030,1.043,129326
2017/6/22,sh.510010,1.049,1.058,1.042,1.050,308200
2017/6/23,sh.510010,1.047,1.058,1.047,1.057,57800
2017/6/26,sh.510010,1.066,1.068,1.060,1.062,18600
2017/6/27,sh.510010,1.048,1.068,1.048,1.067,153600
2017/6/28,sh.510010,1.067,1.073,1.048,1.064,36200
2017/6/29,sh.510010,1.045,1.077,1.045,1.067,120100
2017/6/30,sh.510010,1.063,1.070,1.053,1.070,42900
2017/7/3,sh.510010,1.068,1.071,1.062,1.070,1700
2017/7/4,sh.510010,1.053,1.059,1.053,1.059,600
2017/7/5,sh.510010,1.052,1.068,1.052,1.068,9000
2017/7/6,sh.510010,1.055,1.079,1.055,1.079,107000
2017/7/7,sh.510010,1.063,1.077,1.063,1.077,13300
2017/7/10,sh.510010,1.077,1.078,1.072,1.072,8200
2017/7/11,sh.510010,1.081,1.093,1.073,1.093,151900
2017/7/12,sh.510010,1.088,1.093,1.073,1.093,171900
2017/7/13,sh.510010,1.090,1.100,1.068,1.098,275500
2017/7/14,sh.510010,1.097,1.108,1.090,1.108,115359
2017/7/17,sh.510010,1.106,1.179,1.083,1.115,86400
2017/7/18,sh.510010,1.106,1.109,1.088,1.109,101100
2017/7/19,sh.510010,1.110,1.115,1.091,1.115,48400
2017/7/20,sh.510010,1.112,1.115,1.111,1.115,39900
2017/7/21,sh.510010,1.117,1.118,1.116,1.116,25100
2017/7/24,sh.510010,1.101,1.121,1.101,1.113,33231
2017/7/25,sh.510010,1.122,1.124,1.110,1.119,19031
2017/7/26,sh.510010,1.106,1.120,1.106,1.112,6100
2017/7/27,sh.510010,1.112,1.122,1.102,1.106,1700
2017/7/28,sh.510010,1.114,1.117,1.103,1.109,30000
2017/7/31,sh.510010,1.097,1.117,1.097,1.117,5000
2017/8/1,sh.510010,1.101,1.139,1.101,1.138,65662
2017/8/2,sh.510010,1.115,1.137,1.115,1.136,60131
2017/8/3,sh.510010,1.134,1.134,1.115,1.125,34100
2017/8/4,sh.510010,1.105,1.129,1.105,1.123,22500
2017/8/7,sh.510010,1.088,1.120,1.088,1.120,46695
2017/8/8,sh.510010,1.109,1.117,1.109,1.117,33395
2017/8/9,sh.510010,1.105,1.119,1.105,1.116,7300
2017/8/10,sh.510010,1.093,1.116,1.093,1.105,2431
2017/8/11,sh.510010,1.099,1.146,1.080,1.080,56231
2017/8/14,sh.510010,1.092,1.092,1.082,1.090,4231
2017/8/15,sh.510010,1.090,1.102,1.088,1.091,62400
2017/8/16,sh.510010,1.079,1.096,1.079,1.096,600
2017/8/17,sh.510010,1.083,1.104,1.083,1.104,300
2017/8/18,sh.510010,1.103,1.132,1.076,1.129,63931
2017/8/21,sh.510010,1.090,1.145,1.090,1.118,71993
2017/8/22,sh.510010,1.117,1.148,1.103,1.143,57151
2017/8/23,sh.510010,1.103,1.140,1.103,1.138,103351
2017/8/24,sh.510010,1.128,1.155,1.118,1.144,71600
2017/8/25,sh.510010,1.130,1.144,1.115,1.135,30901
2017/8/28,sh.510010,1.130,1.157,1.128,1.155,207450
2017/8/29,sh.510010,1.150,1.151,1.147,1.149,80432
2017/8/30,sh.510010,1.151,1.160,1.146,1.158,147513
2017/8/31,sh.510010,1.138,1.150,1.135,1.148,29100
2017/9/1,sh.510010,1.147,1.150,1.141,1.150,29500
2017/9/4,sh.510010,1.131,1.145,1.124,1.145,17516
2017/9/5,sh.510010,1.143,1.150,1.133,1.148,97529
2017/9/6,sh.510010,1.130,1.148,1.130,1.148,17700
2017/9/7,sh.510010,1.141,1.144,1.139,1.143,8500
2017/9/8,sh.510010,1.143,1.143,1.143,1.143,INVALID
2017/9/11,sh.510010,1.136,1.143,1.127,1.130,32700
2017/9/12,sh.510010,1.130,1.143,1.130,1.131,31040
2017/9/13,sh.510010,1.140,1.140,1.131,1.131,240
2017/9/14,sh.510010,1.131,1.133,1.123,1.124,18400
2017/9/15,sh.510010,1.123,1.138,1.110,1.130,63700
2017/9/18,sh.510010,1.114,1.133,1.114,1.129,32365
2017/9/19,sh.510010,1.123,1.125,1.120,1.120,4200
2017/9/20,sh.510010,1.114,1.123,1.114,1.118,61505
2017/9/21,sh.510010,1.105,1.122,1.105,1.122,11100
2017/9/22,sh.510010,1.107,1.127,1.107,1.120,32000
2017/9/25,sh.510010,1.107,1.120,1.107,1.120,21740
2017/9/26,sh.510010,1.119,1.120,1.109,1.120,1100
2017/9/27,sh.510010,1.125,1.125,1.119,1.119,2100
2017/9/28,sh.510010,1.123,1.127,1.115,1.127,1600
2017/9/29,sh.510010,1.127,1.137,1.118,1.120,35901
2017/10/9,sh.510010,1.139,1.147,1.122,1.135,28840
2017/10/10,sh.510010,1.128,1.132,1.112,1.132,19000
2017/10/11,sh.510010,1.131,1.134,1.121,1.133,221284
2017/10/12,sh.510010,1.132,1.142,1.123,1.142,58600
2017/10/13,sh.510010,1.134,1.140,1.132,1.136,43500
2017/10/16,sh.510010,1.115,1.147,1.115,1.135,66427
2017/10/17,sh.510010,1.135,1.140,1.119,1.138,28826
2017/10/18,sh.510010,1.133,1.145,1.133,1.145,109555
2017/10/19,sh.510010,1.143,1.143,1.135,1.143,206100
2017/10/20,sh.510010,1.142,1.143,1.134,1.141,27100
2017/10/23,sh.510010,1.140,1.143,1.139,1.143,21900
2017/10/24,sh.510010,1.146,1.155,1.146,1.154,24700
2017/10/25,sh.510010,1.158,1.158,1.126,1.154,11400
2017/10/26,sh.510010,1.150,1.163,1.138,1.161,209751
2017/10/27,sh.510010,1.160,1.170,1.160,1.161,80020
2017/10/30,sh.510010,1.164,1.175,1.156,1.171,89900
2017/10/31,sh.510010,1.170,1.172,1.163,1.164,24400
2017/11/1,sh.510010,1.165,1.173,1.164,1.164,29600
2017/11/2,sh.510010,1.164,1.164,1.162,1.162,31700
2017/11/3,sh.510010,1.161,1.161,1.151,1.161,4200
2017/11/6,sh.510010,1.161,1.162,1.145,1.161,1631
2017/11/7,sh.510010,1.161,1.179,1.161,1.176,51044
2017/11/8,sh.510010,1.182,1.182,1.170,1.170,36700
2017/11/9,sh.510010,1.169,1.172,1.166,1.172,9300
2017/11/10,sh.510010,1.178,1.185,1.164,1.183,77491
2017/11/13,sh.510010,1.185,1.196,1.173,1.195,37400
2017/11/14,sh.510010,1.191,1.191,1.172,1.191,5100
2017/11/15,sh.510010,1.188,1.188,1.171,1.180,3400
2017/11/16,sh.510010,1.179,1.185,1.178,1.185,4000
2017/11/17,sh.510010,1.188,1.210,1.188,1.195,565205
2017/11/20,sh.510010,1.191,1.218,1.191,1.218,178371
2017/11/21,sh.510010,1.217,1.258,1.217,1.237,326759
2017/11/22,sh.510010,1.250,1.269,1.236,1.250,37800
2017/11/23,sh.510010,1.242,1.259,1.208,1.210,48800
2017/11/24,sh.510010,1.210,1.216,1.186,1.216,28800
2017/11/27,sh.510010,1.219,1.219,1.190,1.211,29600
2017/11/28,sh.510010,1.205,1.205,1.198,1.204,5000
2017/11/29,sh.510010,1.202,1.288,1.183,1.277,10500
2017/11/30,sh.510010,1.200,1.269,1.200,1.269,52400
2017/12/1,sh.510010,1.236,1.266,1.236,1.236,17500
2017/12/4,sh.510010,1.236,1.236,1.196,1.225,17800
2017/12/5,sh.510010,1.197,1.227,1.197,1.227,18031
2017/12/6,sh.510010,1.199,1.223,1.179,1.202,22431
2017/12/7,sh.510010,1.189,1.196,1.184,1.188,1400
2017/12/8,sh.510010,1.178,1.235,1.178,1.226,28221
2017/12/11,sh.510010,1.193,1.247,1.193,1.226,5871
2017/12/12,sh.510010,1.222,1.222,1.202,1.219,1800
2017/12/13,sh.510010,1.181,1.283,1.181,1.202,8171
2017/12/14,sh.510010,1.202,1.232,1.202,1.212,4300
2017/12/15,sh.510010,1.230,1.230,1.226,1.226,1300
2017/12/18,sh.510010,1.230,1.230,1.193,1.225,1200
2017/12/19,sh.510010,1.190,1.260,1.190,1.257,25721
2017/12/20,sh.510010,1.227,1.227,1.203,1.215,1500
2017/12/21,sh.510010,1.210,1.213,1.210,1.213,4500
2017/12/22,sh.510010,1.197,1.212,1.197,1.202,4071
2017/12/25,sh.510010,1.202,1.212,1.202,1.211,13500
2017/12/26,sh.510010,1.250,1.250,1.200,1.230,3500
2017/12/27,sh.510010,1.227,1.227,1.187,1.201,9200
2017/12/28,sh.510010,1.201,1.202,1.174,1.200,6400
2017/12/29,sh.510010,1.185,1.199,1.182,1.199,25124
2018/1/2,sh.510010,1.197,1.222,1.191,1.219,39565
2018/1/3,sh.510010,1.210,1.218,1.208,1.217,39300
2018/1/4,sh.510010,1.252,1.252,1.210,1.212,58200
2018/1/5,sh.510010,1.224,1.224,1.214,1.223,14200
2018/1/8,sh.510010,1.250,1.250,1.201,1.242,34000
2018/1/9,sh.510010,1.215,1.239,1.210,1.220,16700
2018/1/10,sh.510010,1.230,1.230,1.211,1.219,40100
2018/1/11,sh.510010,1.217,1.222,1.202,1.220,114900
2018/1/12,sh.510010,1.222,1.227,1.206,1.227,71518
2018/1/15,sh.510010,1.228,1.239,1.224,1.238,201565
2018/1/16,sh.510010,1.246,1.250,1.241,1.250,356980
2018/1/17,sh.510010,1.246,1.272,1.246,1.259,245231
2018/1/18,sh.510010,1.260,1.265,1.254,1.264,248377
2018/1/19,sh.510010,1.264,1.288,1.264,1.270,180200
2018/1/22,sh.510010,1.280,1.280,1.260,1.265,94700
2018/1/23,sh.510010,1.269,1.285,1.265,1.285,449808
2018/1/24,sh.510010,1.282,1.295,1.282,1.286,138700
2018/1/25,sh.510010,1.286,1.286,1.265,1.273,64640
2018/1/26,sh.510010,1.272,1.285,1.272,1.285,60976
2018/1/29,sh.510010,1.281,1.288,1.253,1.260,170540
2018/1/30,sh.510010,1.260,1.267,1.257,1.264,14540
2018/1/31,sh.510010,1.248,1.280,1.248,1.270,14300
2018/2/1,sh.510010,1.288,1.290,1.258,1.263,93718
2018/2/2,sh.510010,1.259,1.288,1.234,1.278,1069418
2018/2/5,sh.510010,1.279,1.285,1.265,1.284,127877
2018/2/6,sh.510010,1.284,1.284,1.246,1.280,152600
2018/2/7,sh.510010,1.277,1.280,1.205,1.254,260259
2018/2/8,sh.510010,1.216,1.250,1.193,1.210,292800
2018/2/9,sh.510010,1.194,1.194,1.130,1.167,228931
2018/2/12,sh.510010,1.136,1.230,1.136,1.174,101934
2018/2/13,sh.510010,1.173,1.173,1.131,1.131,197700
2018/2/14,sh.510010,1.133,1.163,1.133,1.162,112536
2018/2/22,sh.510010,1.189,1.189,1.175,1.179,143200
2018/2/23,sh.510010,1.190,1.194,1.175,1.193,204131
2018/2/26,sh.510010,1.193,1.288,1.190,1.229,311936
2018/2/27,sh.510010,1.222,1.224,1.190,1.190,305300
2018/2/28,sh.510010,1.190,1.190,1.164,1.180,118036
2018/3/1,sh.510010,1.186,1.186,1.164,1.180,84536
2018/3/2,sh.510010,1.176,1.176,1.165,1.175,68900
2018/3/5,sh.510010,1.163,1.172,1.161,1.162,96897
2018/3/6,sh.510010,1.168,1.179,1.162,1.177,75497
2018/3/7,sh.510010,1.175,1.185,1.174,1.180,125400
2018/3/8,sh.510010,1.180,1.182,1.172,1.180,88200
2018/3/9,sh.510010,1.272,1.272,1.180,1.189,73200
2018/3/12,sh.510010,1.192,1.195,1.185,1.193,72200
2018/3/13,sh.510010,1.193,1.193,1.176,1.183,80300
2018/3/14,sh.510010,1.180,1.180,1.168,1.178,27000
2018/3/15,sh.510010,1.171,1.184,1.162,1.181,15300
2018/3/16,sh.510010,1.176,1.185,1.176,1.180,26100
2018/3/19,sh.510010,1.172,1.184,1.168,1.178,58600
2018/3/20,sh.510010,1.176,1.185,1.174,1.185,98600
2018/3/21,sh.510010,1.185,1.197,1.185,1.189,58600
2018/3/22,sh.510010,1.189,1.198,1.172,1.186,5300
2018/3/23,sh.510010,1.184,1.184,1.132,1.178,129500
2018/3/26,sh.510010,1.136,1.180,1.118,1.169,382731
2018/3/27,sh.510010,1.137,1.179,1.130,1.163,274900
2018/3/28,sh.510010,1.137,1.149,1.102,1.102,234331
2018/3/29,sh.510010,1.150,1.150,1.110,1.126,24300
2018/3/30,sh.510010,1.133,1.133,1.093,1.126,36000
2018/4/2,sh.510010,1.120,1.123,1.112,1.114,116700
2018/4/3,sh.510010,1.109,1.109,1.096,1.109,167400
2018/4/4,sh.510010,1.113,1.115,1.111,1.113,48000
2018/4/9,sh.510010,1.106,1.119,1.100,1.110,35000
2018/4/10,sh.510010,1.109,1.133,1.109,1.133,191484
2018/4/11,sh.510010,1.133,1.140,1.125,1.140,70900
2018/4/12,sh.510010,1.126,1.129,1.126,1.127,20031
2018/4/13,sh.510010,1.132,1.132,1.110,1.122,51000
2018/4/16,sh.510010,1.115,1.115,1.100,1.101,24500
2018/4/17,sh.510010,1.093,1.093,1.090,1.090,13000
2018/4/18,sh.510010,1.103,1.103,1.079,1.079,21900
2018/4/19,sh.510010,1.093,1.103,1.093,1.098,6200
2018/4/20,sh.510010,1.091,1.105,1.081,1.081,7584
2018/4/23,sh.510010,1.095,1.095,1.081,1.093,32703
2018/4/24,sh.510010,1.100,1.115,1.093,1.102,22600
2018/4/25,sh.510010,1.101,1.101,1.100,1.100,2300
2018/4/26,sh.510010,1.089,1.089,1.080,1.085,3200
2018/4/27,sh.510010,1.084,1.093,1.079,1.091,5500
2018/5/2,sh.510010,1.091,1.111,1.091,1.111,10800
2018/5/3,sh.510010,1.112,1.112,1.083,1.110,19000
2018/5/4,sh.510010,1.094,1.108,1.094,1.108,3500
2018/5/7,sh.510010,1.088,1.107,1.060,1.107,134900
2018/5/8,sh.510010,1.107,1.117,1.104,1.114,15600
2018/5/9,sh.510010,1.111,1.118,1.108,1.112,19300
2018/5/10,sh.510010,1.121,1.121,1.098,1.112,10468
2018/5/11,sh.510010,1.112,1.116,1.094,1.112,44700
2018/5/14,sh.510010,1.112,1.117,1.112,1.115,12900
2018/5/15,sh.510010,1.114,1.121,1.111,1.121,12400
2018/5/16,sh.510010,1.123,1.123,1.113,1.113,300
2018/5/17,sh.510010,1.121,1.121,1.101,1.101,33100
2018/5/18,sh.510010,1.110,1.112,1.110,1.112,27500
2018/5/21,sh.510010,1.119,1.129,1.119,1.125,1900
2018/5/22,sh.510010,1.123,1.123,1.116,1.116,5500
2018/5/23,sh.510010,1.115,1.117,1.105,1.105,8100
2018/5/24,sh.510010,1.103,1.108,1.096,1.106,17500
2018/5/25,sh.510010,1.096,1.106,1.087,1.104,33100
2018/5/28,sh.510010,1.100,1.106,1.100,1.106,300
2018/5/29,sh.510010,1.099,1.099,1.086,1.097,35900
2018/5/30,sh.510010,1.095,1.097,1.080,1.097,46500
2018/5/31,sh.510010,1.087,1.092,1.087,1.088,10500
2018/6/1,sh.510010,1.092,1.092,1.087,1.087,2600
2018/6/4,sh.510010,1.082,1.097,1.082,1.088,12900
2018/6/5,sh.510010,1.096,1.097,1.087,1.095,13900
2018/6/6,sh.510010,1.099,1.099,1.099,1.099,6600
2018/6/7,sh.510010,1.107,1.111,1.107,1.107,7400
2018/6/8,sh.510010,1.116,1.116,1.090,1.096,2000
2018/6/11,sh.510010,1.107,1.118,1.080,1.095,12000
2018/6/12,sh.510010,1.089,1.096,1.076,1.095,10400
2018/6/13,sh.510010,1.097,1.100,1.094,1.094,3900
2018/6/14,sh.510010,1.101,1.101,1.091,1.091,1300
2018/6/15,sh.510010,1.093,1.093,1.090,1.093,50300
2018/6/19,sh.510010,1.090,1.102,1.073,1.073,9000
2018/6/20,sh.510010,1.030,1.071,1.030,1.070,5400
2018/6/21,sh.510010,1.064,1.073,1.063,1.070,5900
2018/6/22,sh.510010,1.056,1.057,1.017,1.050,22600
2018/6/25,sh.510010,1.075,1.075,1.060,1.067,5900
2018/6/26,sh.510010,1.049,1.049,1.036,1.037,12200
2018/6/27,sh.510010,1.030,1.047,1.003,1.038,106097
2018/6/28,sh.510010,1.011,1.024,1.008,1.013,118600
2018/6/29,sh.510010,1.017,1.023,1.003,1.023,157600
2018/7/2,sh.510010,1.023,1.023,0.991,1.013,131227
2018/7/3,sh.510010,0.995,1.002,0.980,0.995,155000
2018/7/4,sh.510010,0.993,0.995,0.985,0.995,22000
2018/7/5,sh.510010,0.995,0.995,0.995,0.995,INVALID
2018/7/6,sh.510010,0.994,0.997,0.988,0.995,21800
2018/7/9,sh.510010,0.995,1.013,0.995,1.013,34939
2018/7/10,sh.510010,1.013,1.018,1.012,1.017,38800
2018/7/11,sh.510010,1.012,1.012,0.999,1.003,10400
2018/7/12,sh.510010,1.009,1.023,1.009,1.022,38300
2018/7/13,sh.510010,1.016,1.024,1.015,1.015,7300
2018/7/16,sh.510010,1.015,1.024,1.012,1.020,9100
2018/7/17,sh.510010,1.013,1.013,1.008,1.008,2300
2018/7/18,sh.510010,1.013,1.020,1.013,1.020,300
2018/7/19,sh.510010,1.019,1.019,1.003,1.003,111300
2018/7/20,sh.510010,1.007,1.031,1.005,1.026,125800
2018/7/23,sh.510010,1.031,1.059,1.026,1.059,274800
2018/7/24,sh.510010,1.066,1.072,1.066,1.067,26900
2018/7/25,sh.510010,1.066,1.070,1.058,1.070,1600
2018/7/26,sh.510010,1.070,1.071,1.060,1.064,5400
2018/7/27,sh.510010,1.057,1.057,1.056,1.056,300
2018/7/30,sh.510010,1.060,1.061,1.056,1.061,42700
2018/7/31,sh.510010,1.060,1.060,1.048,1.060,31600
2018/8/1,sh.510010,1.069,1.069,1.005,1.048,31700
2018/8/2,sh.510010,1.037,1.047,1.020,1.046,18500
2018/8/3,sh.510010,1.029,1.045,1.023,1.043,15000
2018/8/6,sh.510010,1.034,1.085,1.023,1.024,29500
2018/8/7,sh.510010,1.073,1.073,1.073,1.073,100
2018/8/8,sh.510010,1.037,1.039,1.013,1.030,127700
2018/8/9,sh.510010,1.030,1.048,1.027,1.039,154700
2018/8/10,sh.510010,1.046,1.047,1.031,1.032,25800
2018/8/13,sh.510010,1.040,1.040,1.021,1.040,5100
2018/8/14,sh.510010,1.034,1.034,1.025,1.025,5700
2018/8/15,sh.510010,1.025,1.028,1.020,1.020,7200
2018/8/16,sh.510010,1.020,1.020,1.011,1.011,4000
2018/8/17,sh.510010,1.022,1.022,1.005,1.005,6000
2018/8/20,sh.510010,1.005,1.005,1.005,1.005,INVALID
2018/8/21,sh.510010,1.012,1.068,1.006,1.025,11200
2018/8/22,sh.510010,1.025,1.025,1.018,1.018,49100
2018/8/23,sh.510010,1.018,1.031,1.018,1.031,900
2018/8/24,sh.510010,1.020,1.035,1.014,1.026,5300
2018/8/27,sh.510010,1.027,1.048,1.027,1.048,31500
2018/8/28,sh.510010,1.050,1.052,1.044,1.048,27000
2018/8/29,sh.510010,1.042,1.042,1.038,1.038,11300
2018/8/30,sh.510010,1.041,1.041,1.037,1.038,1300
2018/8/31,sh.510010,1.027,1.027,1.027,1.027,500
2018/9/3,sh.510010,1.027,1.030,1.027,1.028,81900
2018/9/4,sh.510010,1.037,1.045,1.037,1.045,81100
2018/9/5,sh.510010,1.039,1.039,1.031,1.031,500
2018/9/6,sh.510010,1.030,1.030,1.023,1.023,2000
2018/9/7,sh.510010,1.028,1.028,1.025,1.028,2300
2018/9/10,sh.510010,1.022,1.024,1.022,1.023,11400
2018/9/11,sh.510010,1.011,1.013,1.011,1.011,2500
2018/9/12,sh.510010,1.040,1.043,1.040,1.043,400
2018/9/13,sh.510010,1.044,1.044,1.006,1.044,3900
2018/9/14,sh.510010,1.020,1.050,1.020,1.047,400
2018/9/17,sh.510010,1.019,1.019,1.010,1.010,3600
2018/9/18,sh.510010,1.010,1.026,1.010,1.026,87000
2018/9/19,sh.510010,1.028,1.040,1.028,1.040,82800
2018/9/20,sh.510010,1.045,1.045,1.037,1.037,4900
2018/9/21,sh.510010,1.050,1.125,1.046,1.074,1515500
2018/9/25,sh.510010,1.067,1.069,1.056,1.069,42700
2018/9/26,sh.510010,1.064,1.089,1.049,1.072,111600
2018/9/27,sh.510010,1.076,1.076,1.052,1.065,139900
2018/9/28,sh.510010,1.077,1.098,1.065,1.073,160759
2018/10/8,sh.510010,1.079,1.079,1.042,1.059,32700
2018/10/9,sh.510010,1.054,1.054,1.041,1.041,4100
2018/10/10,sh.510010,1.045,1.054,1.029,1.040,15500
2018/10/11,sh.510010,1.033,1.033,1.002,1.020,8100
2018/10/12,sh.510010,1.002,1.028,0.997,1.023,38400
2018/10/15,sh.510010,1.014,1.014,0.966,1.000,59659
2018/10/16,sh.510010,1.000,1.004,0.999,0.999,23600
2018/10/17,sh.510010,0.999,0.999,0.975,0.998,129200
2018/10/18,sh.510010,1.018,1.018,0.971,0.971,14900
2018/10/19,sh.510010,0.968,1.018,0.968,1.017,14800
2018/10/22,sh.510010,1.000,1.050,1.000,1.043,65700
2018/10/23,sh.510010,1.039,1.039,1.004,1.005,150259
2018/10/24,sh.510010,1.010,1.025,1.010,1.019,16000
2018/10/25,sh.510010,1.001,1.031,1.001,1.016,133059
2018/10/26,sh.510010,1.017,1.029,1.017,1.027,77700
2018/10/29,sh.510010,1.020,1.020,0.990,0.990,52000
2018/10/30,sh.510010,0.995,1.012,0.989,1.001,2600
2018/10/31,sh.510010,1.007,1.017,0.992,1.017,171100
2018/11/1,sh.510010,1.016,1.024,1.004,1.004,151000
2018/11/2,sh.510010,1.029,1.040,1.017,1.040,125459
2018/11/5,sh.510010,1.044,1.044,1.005,1.041,35400
2018/11/6,sh.510010,1.031,1.031,1.020,1.020,10800
2018/11/7,sh.510010,1.037,1.037,1.018,1.018,18200
2018/11/8,sh.510010,1.030,1.030,1.020,1.030,71000
2018/11/9,sh.510010,1.021,1.021,1.001,1.013,51900
2018/11/12,sh.510010,1.002,1.015,1.002,1.015,65600
2018/11/13,sh.510010,1.004,1.022,1.004,1.016,12200
2018/11/14,sh.510010,1.030,1.030,1.013,1.015,126000
2018/11/15,sh.510010,1.021,1.021,1.021,1.021,11400
2018/11/16,sh.510010,1.022,1.027,1.002,1.022,356700
2018/11/19,sh.510010,1.024,1.033,1.019,1.023,99700
2018/11/20,sh.510010,1.030,1.038,1.011,1.012,80400
2018/11/21,sh.510010,1.000,1.018,0.995,1.003,65900
2018/11/22,sh.510010,1.003,1.015,1.003,1.015,37500
2018/11/23,sh.510010,0.991,1.013,0.991,0.991,17500
2018/11/26,sh.510010,0.994,1.000,0.977,0.997,116200
2018/11/27,sh.510010,0.995,0.996,0.988,0.988,48300
2018/11/28,sh.510010,0.999,1.005,0.987,1.005,48463
2018/11/29,sh.510010,1.006,1.006,0.984,0.984,1100
2018/11/30,sh.510010,0.984,1.000,0.982,0.984,3000
2018/12/3,sh.510010,1.013,1.026,1.013,1.017,77719
2018/12/4,sh.510010,1.025,1.025,1.011,1.011,21700
2018/12/5,sh.510010,1.013,1.023,1.011,1.012,8700
2018/12/6,sh.510010,1.013,1.025,0.990,1.008,65319
2018/12/7,sh.510010,1.025,1.025,0.998,1.006,600
2018/12/10,sh.510010,1.018,1.018,0.991,0.991,7600
2018/12/11,sh.510010,1.012,1.012,0.992,0.992,300
2018/12/12,sh.510010,0.992,1.000,0.992,0.995,1800
2018/12/13,sh.510010,1.012,1.013,1.008,1.009,13400
2018/12/14,sh.510010,1.010,1.010,0.999,0.999,2800
2018/12/17,sh.510010,1.000,1.013,0.996,0.997,4300
2018/12/18,sh.510010,1.000,1.046,0.982,0.983,113800
2018/12/19,sh.510010,0.997,1.046,0.980,0.980,55500
2018/12/20,sh.510010,0.990,1.024,0.959,0.964,85300
2018/12/21,sh.510010,0.967,0.967,0.960,0.962,3600
2018/12/24,sh.510010,0.935,0.982,0.935,0.956,40000
2018/12/25,sh.510010,0.957,0.973,0.938,0.973,29200
2018/12/26,sh.510010,0.971,0.993,0.944,0.957,9400
2018/12/27,sh.510010,0.977,0.977,0.946,0.950,97800
2018/12/28,sh.510010,0.916,0.966,0.916,0.947,28800
2019/1/2,sh.510010,0.940,0.950,0.934,0.936,76900
2019/1/3,sh.510010,0.935,0.949,0.935,0.949,200
2019/1/4,sh.510010,1.010,1.010,0.945,0.963,81300
2019/1/7,sh.510010,0.970,1.002,0.970,0.972,122900
2019/1/8,sh.510010,0.999,0.999,0.979,0.979,2500
2019/1/9,sh.510010,0.968,0.979,0.968,0.979,106093
2019/1/10,sh.510010,0.995,0.995,0.960,0.965,8100
2019/1/11,sh.510010,0.960,0.986,0.960,0.981,55300
2019/1/14,sh.510010,0.971,0.971,0.954,0.965,5100
2019/1/15,sh.510010,0.966,0.977,0.956,0.976,19600
2019/1/16,sh.510010,0.972,0.975,0.970,0.970,4300
2019/1/17,sh.510010,0.970,0.976,0.970,0.971,17100
2019/1/18,sh.510010,0.967,0.989,0.967,0.972,86800
2019/1/21,sh.510010,0.977,1.000,0.977,1.000,98893
2019/1/22,sh.510010,0.996,0.996,0.973,0.978,16900
2019/1/23,sh.510010,0.978,0.989,0.972,0.976,24400
2019/1/24,sh.510010,0.990,0.990,0.975,0.977,19400
2019/1/25,sh.510010,0.980,1.009,0.974,1.003,51900
2019/1/28,sh.510010,1.001,1.010,0.989,0.989,45500
2019/1/29,sh.510010,0.994,1.001,0.989,1.001,38200
2019/1/30,sh.510010,1.000,1.000,0.994,1.000,3200
2019/1/31,sh.510010,1.000,1.005,0.984,1.000,24800
2019/2/1,sh.510010,1.002,1.010,1.000,1.000,15500
2019/2/11,sh.510010,1.014,1.060,1.014,1.025,53400
2019/2/12,sh.510010,1.029,1.054,1.000,1.038,55100
2019/2/13,sh.510010,1.038,1.046,1.037,1.041,50200
2019/2/14,sh.510010,1.041,1.050,1.037,1.039,53800
2019/2/15,sh.510010,1.054,1.054,1.039,1.039,23300
2019/2/18,sh.510010,1.049,1.057,1.040,1.054,166400
2019/2/19,sh.510010,1.052,1.060,1.050,1.054,50400
2019/2/20,sh.510010,1.060,1.090,1.048,1.081,89200
2019/2/21,sh.510010,1.069,1.080,1.050,1.061,393813
2019/2/22,sh.510010,1.048,1.110,1.040,1.079,598100
2019/2/25,sh.510010,1.081,1.185,1.081,1.148,1290840
2019/2/26,sh.510010,1.148,1.148,1.120,1.126,642240
2019/2/27,sh.510010,1.134,1.146,1.120,1.141,123500
2019/2/28,sh.510010,1.136,1.156,1.120,1.135,98000
2019/3/1,sh.510010,1.123,1.154,1.115,1.152,151400
2019/3/4,sh.510010,1.152,1.187,1.133,1.170,557700
2019/3/5,sh.510010,1.159,1.170,1.133,1.155,252500
2019/3/6,sh.510010,1.151,1.186,1.140,1.186,349813
2019/3/7,sh.510010,1.176,1.178,1.142,1.174,399900
2019/3/8,sh.510010,1.150,1.155,1.106,1.111,279800
2019/3/11,sh.510010,1.107,1.117,1.102,1.117,544400
2019/3/12,sh.510010,1.117,1.140,1.117,1.128,362600
2019/3/13,sh.510010,1.128,1.139,1.123,1.126,170798
2019/3/14,sh.510010,1.128,1.138,1.110,1.129,43500
2019/3/15,sh.510010,1.129,1.149,1.125,1.148,140900
2019/3/18,sh.510010,1.148,1.158,1.143,1.158,528737
2019/3/19,sh.510010,1.158,1.166,1.136,1.157,216137
2019/3/20,sh.510010,1.148,1.165,1.136,1.159,151400
2019/3/21,sh.510010,1.156,1.177,1.156,1.173,162529
2019/3/22,sh.510010,1.177,1.177,1.140,1.150,91800
2019/3/25,sh.510010,1.149,1.157,1.133,1.135,65037
2019/3/26,sh.510010,1.143,1.156,1.118,1.130,158400
2019/3/27,sh.510010,1.148,1.148,1.130,1.144,25000
2019/3/28,sh.510010,1.144,1.144,1.144,1.144,2100
2019/3/29,sh.510010,1.130,1.155,1.119,1.148,175837
2019/4/1,sh.510010,1.155,1.188,1.155,1.184,197000
2019/4/2,sh.510010,1.180,1.192,1.160,1.192,154437
2019/4/3,sh.510010,1.192,1.300,1.173,1.231,409601
2019/4/4,sh.510010,1.222,1.230,1.213,1.226,39701
2019/4/8,sh.510010,1.214,1.234,1.204,1.220,273700
2019/4/9,sh.510010,1.218,1.228,1.212,1.226,209117
2019/4/10,sh.510010,1.222,1.228,1.209,1.228,101500
2019/4/11,sh.510010,1.227,1.230,1.201,1.220,81700
2019/4/12,sh.510010,1.205,1.220,1.190,1.219,1297910
2019/4/15,sh.510010,1.222,1.243,1.219,1.219,201000
2019/4/16,sh.510010,1.217,1.238,1.203,1.229,44396
2019/4/17,sh.510010,1.228,1.250,1.215,1.249,1332506
2019/4/18,sh.510010,1.243,1.257,1.234,1.250,132006
2019/4/19,sh.510010,1.239,1.256,1.239,1.256,1551531
2019/4/22,sh.510010,1.256,1.256,1.231,1.249,11300
2019/4/23,sh.510010,1.235,1.240,1.211,1.239,72765
2019/4/24,sh.510010,1.227,1.239,1.206,1.221,2441600
2019/4/25,sh.510010,1.217,1.219,1.201,1.201,49000
2019/4/26,sh.510010,1.192,1.202,1.181,1.190,348000
2019/4/29,sh.510010,1.187,1.197,1.171,1.193,134300
2019/4/30,sh.510010,1.183,1.187,1.182,1.182,15400
2019/5/6,sh.510010,1.181,1.181,1.124,1.179,183000
2019/5/7,sh.510010,1.164,1.164,1.152,1.163,53100
2019/5/8,sh.510010,1.152,1.152,1.128,1.147,65594
2019/5/9,sh.510010,1.145,1.145,1.093,1.104,483500
2019/5/10,sh.510010,1.104,1.147,1.103,1.122,281700
2019/5/13,sh.510010,1.133,1.133,1.116,1.120,31000
2019/5/14,sh.510010,1.120,1.120,1.108,1.108,154100
2019/5/15,sh.510010,1.119,1.130,1.112,1.129,36900
2019/5/16,sh.510010,1.140,1.148,1.120,1.139,356823
2019/5/17,sh.510010,1.124,1.138,1.112,1.112,50500
2019/5/20,sh.510010,1.121,1.121,1.106,1.106,39500
2019/5/21,sh.510010,1.117,1.128,1.105,1.121,14100
2019/5/22,sh.510010,1.115,1.120,1.108,1.108,21500
2019/5/23,sh.510010,1.120,1.120,1.077,1.097,162083
2019/5/24,sh.510010,1.090,1.106,1.089,1.102,21600
2019/5/27,sh.510010,1.090,1.106,1.071,1.102,90900
2019/5/28,sh.510010,1.097,1.117,1.097,1.103,95400
2019/5/29,sh.510010,1.105,1.116,1.105,1.116,100800
2019/5/30,sh.510010,1.106,1.117,1.104,1.113,35500
2019/5/31,sh.510010,1.112,1.113,1.106,1.111,2300
2019/6/3,sh.510010,1.108,1.122,1.099,1.115,39900
2019/6/4,sh.510010,1.102,1.109,1.096,1.097,27600
2019/6/5,sh.510010,1.097,1.110,1.071,1.107,1026800
2019/6/6,sh.510010,1.095,1.099,1.072,1.094,339765
2019/6/10,sh.510010,1.091,1.112,1.086,1.103,182865
2019/6/11,sh.510010,1.108,1.134,1.108,1.131,287383
2019/6/12,sh.510010,1.123,1.130,1.117,1.129,105400
2019/6/13,sh.510010,1.126,1.128,1.117,1.128,62600
2019/6/14,sh.510010,1.119,1.129,1.115,1.116,87065
2019/6/17,sh.510010,1.123,1.132,1.118,1.120,20600
2019/6/18,sh.510010,1.125,1.125,1.118,1.120,18300
2019/6/19,sh.510010,1.128,1.145,1.128,1.133,559088
2019/6/20,sh.510010,1.144,1.178,1.131,1.168,183500
2019/6/21,sh.510010,1.179,1.231,1.173,1.177,192600
2019/6/24,sh.510010,1.177,1.206,1.172,1.200,33100
2019/6/25,sh.510010,1.187,1.187,1.171,1.171,55700
2019/6/26,sh.510010,1.175,1.177,1.157,1.177,108300
2019/6/27,sh.510010,1.187,1.187,1.167,1.183,21891
2019/6/28,sh.510010,1.171,1.187,1.171,1.172,17500
2019/7/1,sh.510010,1.186,1.198,1.186,1.187,99400
2019/7/2,sh.510010,1.187,1.199,1.187,1.198,11900
2019/7/3,sh.510010,1.184,1.207,1.159,1.187,15700
2019/7/4,sh.510010,1.186,1.195,1.186,1.192,17500
2019/7/5,sh.510010,1.181,1.206,1.180,1.204,153600
2019/7/8,sh.510010,1.221,1.221,1.174,1.174,11400
2019/7/9,sh.510010,1.157,1.181,1.142,1.181,210637
2019/7/10,sh.510010,1.166,1.166,1.166,1.166,30500
2019/7/11,sh.510010,1.164,1.174,1.157,1.173,14000
2019/7/12,sh.510010,1.143,1.175,1.142,1.175,33400
2019/7/15,sh.510010,1.179,1.179,1.171,1.172,11600
2019/7/16,sh.510010,1.195,1.195,1.168,1.168,5700
2019/7/17,sh.510010,1.159,1.196,1.159,1.190,14600
2019/7/18,sh.510010,1.176,1.177,1.158,1.158,10600
2019/7/19,sh.510010,1.163,1.172,1.163,1.163,1800
2019/7/22,sh.510010,1.159,1.168,1.159,1.162,2200
2019/7/23,sh.510010,1.150,1.165,1.150,1.164,11700
2019/7/24,sh.510010,1.168,1.176,1.168,1.175,49800
2019/7/25,sh.510010,1.180,1.184,1.180,1.184,21800
2019/7/26,sh.510010,1.184,1.191,1.173,1.186,19000
2019/7/29,sh.510010,1.175,1.177,1.175,1.176,3300
2019/7/30,sh.510010,1.190,1.191,1.188,1.191,465400
2019/7/31,sh.510010,1.186,1.190,1.177,1.190,3200
2019/8/1,sh.510010,1.184,1.184,1.184,1.184,5000
2019/8/2,sh.510010,1.165,1.188,1.155,1.185,4300
2019/8/5,sh.510010,1.168,1.168,1.143,1.143,5600
2019/8/6,sh.510010,1.125,1.139,1.103,1.137,12200
2019/8/7,sh.510010,1.140,1.140,1.117,1.138,55700
2019/8/8,sh.510010,1.136,1.139,1.136,1.138,52200
2019/8/9,sh.510010,1.138,1.138,1.138,1.138,INVALID
2019/8/12,sh.510010,1.118,1.142,1.115,1.138,66200
2019/8/13,sh.510010,1.125,1.140,1.125,1.140,1200
2019/8/14,sh.510010,1.112,1.147,1.112,1.147,10000
2019/8/15,sh.510010,1.131,1.140,1.120,1.140,106800
2019/8/16,sh.510010,1.126,1.146,1.125,1.139,148554
2019/8/19,sh.510010,1.147,1.163,1.137,1.144,406754
2019/8/20,sh.510010,1.145,1.148,1.145,1.147,62900
2019/8/21,sh.510010,1.152,1.155,1.143,1.153,3500
2019/8/22,sh.510010,1.146,1.146,1.142,1.143,42800
2019/8/23,sh.510010,1.150,1.156,1.149,1.156,15254
2019/8/26,sh.510010,1.139,1.139,1.136,1.139,9000
2019/8/27,sh.510010,1.139,1.155,1.139,1.148,24100
2019/8/28,sh.510010,1.139,1.146,1.139,1.146,1400
2019/8/29,sh.510010,1.139,1.139,1.138,1.138,14600
2019/8/30,sh.510010,1.127,1.147,1.127,1.144,29900
2019/9/2,sh.510010,1.130,1.153,1.130,1.153,322000
2019/9/3,sh.510010,1.140,1.150,1.139,1.148,34300
2019/9/4,sh.510010,1.146,1.154,1.146,1.154,295800
2019/9/5,sh.510010,1.160,1.190,1.153,1.180,546000
2019/9/6,sh.510010,1.173,1.178,1.170,1.178,101800
2019/9/9,sh.510010,1.188,1.190,1.183,1.190,216900
2019/9/10,sh.510010,1.203,1.204,1.175,1.180,143200
2019/9/11,sh.510010,1.179,1.196,1.178,1.183,11700
2019/9/12,sh.510010,1.186,1.194,1.173,1.194,12300
2019/9/16,sh.510010,1.183,1.197,1.183,1.184,15800
2019/9/17,sh.510010,1.184,1.187,1.160,1.166,25800
2019/9/18,sh.510010,1.166,1.183,1.166,1.177,186600
2019/9/19,sh.510010,1.177,1.186,1.177,1.186,76800
2019/9/20,sh.510010,1.172,1.172,1.167,1.172,37300
2019/9/23,sh.510010,1.157,1.182,1.157,1.181,2600
2019/9/24,sh.510010,1.185,1.185,1.161,1.165,119800
2019/9/25,sh.510010,1.175,1.175,1.168,1.169,12400
2019/9/26,sh.510010,1.162,1.162,1.145,1.145,48055
2019/9/27,sh.510010,1.139,1.164,1.139,1.164,45200
2019/9/30,sh.510010,1.143,1.152,1.143,1.152,15000
2019/10/8,sh.510010,1.164,1.164,1.142,1.162,4500
2019/10/9,sh.510010,1.162,1.162,1.146,1.161,24000
2019/10/10,sh.510010,1.151,1.160,1.151,1.160,74803
2019/10/11,sh.510010,1.160,1.171,1.160,1.171,39200
2019/10/14,sh.510010,1.177,1.199,1.177,1.179,107000
2019/10/15,sh.510010,1.178,1.185,1.176,1.179,8500
2019/10/16,sh.510010,1.186,1.186,1.182,1.182,1400
2019/10/17,sh.510010,1.182,1.182,1.182,1.182,100
2019/10/18,sh.510010,1.182,1.183,1.155,1.169,14700
2019/10/21,sh.510010,1.144,1.170,1.144,1.170,3000
2019/10/22,sh.510010,1.164,1.167,1.164,1.166,5600
2019/10/23,sh.510010,1.167,1.167,1.162,1.162,11800
2019/10/24,sh.510010,1.152,1.161,1.151,1.159,39400
2019/10/25,sh.510010,1.147,1.154,1.147,1.154,12900
2019/10/28,sh.510010,1.160,1.171,1.159,1.160,17500
2019/10/29,sh.510010,1.160,1.160,1.155,1.155,17000
2019/10/30,sh.510010,1.170,1.170,1.151,1.151,105100
2019/10/31,sh.510010,1.178,1.179,1.150,1.152,105400
2019/11/1,sh.510010,1.152,1.178,1.152,1.156,31951
2019/11/4,sh.510010,1.171,1.175,1.170,1.175,13200
2019/11/5,sh.510010,1.170,1.190,1.170,1.190,27700
2019/11/6,sh.510010,1.178,1.187,1.178,1.187,101200
2019/11/7,sh.510010,1.185,1.185,1.184,1.184,1100
2019/11/8,sh.510010,1.178,1.188,1.178,1.180,18600
2019/11/11,sh.510010,1.175,1.180,1.157,1.157,13800
2019/11/12,sh.510010,1.171,1.182,1.155,1.155,26700
2019/11/13,sh.510010,1.155,1.156,1.155,1.156,24900
2019/11/14,sh.510010,1.159,1.159,1.159,1.159,4600
2019/11/15,sh.510010,1.159,1.171,1.150,1.150,102500
2019/11/18,sh.510010,1.151,1.165,1.150,1.152,38400
2019/11/19,sh.510010,1.168,1.178,1.160,1.175,30100
2019/11/20,sh.510010,1.158,1.185,1.158,1.162,21700
2019/11/21,sh.510010,1.160,1.160,1.150,1.150,31000
2019/11/22,sh.510010,1.150,1.165,1.150,1.150,56100
2019/11/25,sh.510010,1.165,1.165,1.147,1.163,1900
2019/11/26,sh.510010,1.161,1.169,1.152,1.169,500
2019/11/27,sh.510010,1.153,1.154,1.153,1.154,1100
2019/11/28,sh.510010,1.148,1.155,1.146,1.150,13400
2019/11/29,sh.510010,1.139,1.139,1.139,1.139,33495
2019/12/2,sh.510010,1.139,1.139,1.139,1.139,INVALID
2019/12/3,sh.510010,1.139,1.162,1.139,1.162,500
2019/12/4,sh.510010,1.160,1.160,1.145,1.159,1410
2019/12/5,sh.510010,1.158,1.160,1.158,1.160,34395
2019/12/6,sh.510010,1.150,1.160,1.150,1.160,4400
2019/12/9,sh.510010,1.160,1.160,1.149,1.160,1300
2019/12/10,sh.510010,1.140,1.155,1.138,1.150,177516
2019/12/11,sh.510010,1.154,1.161,1.149,1.155,94400
2019/12/12,sh.510010,1.155,1.160,1.151,1.160,3300
2019/12/13,sh.510010,1.160,1.184,1.160,1.170,49063
2019/12/16,sh.510010,1.185,1.185,1.170,1.182,66231
2019/12/17,sh.510010,1.182,1.200,1.178,1.200,48531
2019/12/18,sh.510010,1.197,1.204,1.186,1.195,97600
2019/12/19,sh.510010,1.194,1.195,1.186,1.186,81510
2019/12/20,sh.510010,1.186,1.200,1.186,1.197,42341
2019/12/23,sh.510010,1.181,1.196,1.180,1.182,41600
2019/12/24,sh.510010,1.175,1.190,1.175,1.190,2500
2019/12/25,sh.510010,1.184,1.184,1.179,1.184,22300
2019/12/26,sh.510010,1.174,1.196,1.173,1.196,90500
2019/12/27,sh.510010,1.196,1.202,1.189,1.197,191600
2019/12/30,sh.510010,1.184,1.207,1.184,1.207,70941
2019/12/31,sh.510010,1.212,1.212,1.200,1.206,81100
2020/1/2,sh.510010,1.134,1.232,1.134,1.228,109463
2020/1/3,sh.510010,1.230,1.234,1.220,1.229,116400
2020/1/6,sh.510010,1.220,1.233,1.210,1.220,104300
2020/1/7,sh.510010,1.224,1.229,1.215,1.228,82500
2020/1/8,sh.510010,1.218,1.221,1.215,1.220,54569
2020/1/9,sh.510010,1.221,1.225,1.217,1.224,64669
2020/1/10,sh.510010,1.223,1.223,1.221,1.221,500
2020/1/13,sh.510010,1.216,1.223,1.216,1.223,7819
2020/1/14,sh.510010,1.224,1.236,1.224,1.230,123300
2020/1/15,sh.510010,1.224,1.235,1.219,1.220,19100
2020/1/16,sh.510010,1.234,1.234,1.214,1.214,10500
2020/1/17,sh.510010,1.232,1.232,1.215,1.215,10600
2020/1/20,sh.510010,1.231,1.231,1.216,1.223,26400
2020/1/21,sh.510010,1.201,1.228,1.199,1.222,57011
2020/1/22,sh.510010,1.184,1.212,1.184,1.212,95811
2020/1/23,sh.510010,1.192,1.202,1.184,1.200,132400
2020/2/3,sh.510010,1.197,1.197,1.080,1.082,319161
2020/2/4,sh.510010,1.104,1.107,1.080,1.106,250400
2020/2/5,sh.510010,1.097,1.119,1.091,1.116,147461
2020/2/6,sh.510010,1.105,1.125,1.103,1.125,61362
2020/2/7,sh.510010,1.119,1.125,1.101,1.125,29000
2020/2/10,sh.510010,1.122,1.128,1.122,1.128,65000
2020/2/11,sh.510010,1.128,1.161,1.122,1.133,103701
2020/2/12,sh.510010,1.130,1.140,1.128,1.139,180201
2020/2/13,sh.510010,1.132,1.141,1.131,1.137,71948
2020/2/14,sh.510010,1.144,1.144,1.133,1.143,28961
2020/2/17,sh.510010,1.146,1.165,1.146,1.162,137701
2020/2/18,sh.510010,1.162,1.165,1.157,1.163,23900
2020/2/19,sh.510010,1.140,1.171,1.140,1.165,19500
2020/2/20,sh.510010,1.165,1.180,1.164,1.177,87600
2020/2/21,sh.510010,1.164,1.199,1.164,1.198,102900
2020/2/24,sh.510010,1.198,1.198,1.163,1.170,136331
2020/2/25,sh.510010,1.168,1.169,1.143,1.165,148048
2020/2/26,sh.510010,1.151,1.170,1.151,1.158,12000
2020/2/27,sh.510010,1.158,1.179,1.158,1.160,15300
2020/2/28,sh.510010,1.160,1.160,1.121,1.130,109169
2020/3/2,sh.510010,1.131,1.182,1.131,1.181,33300
2020/3/3,sh.510010,1.207,1.207,1.167,1.173,9200
2020/3/4,sh.510010,1.145,1.203,1.145,1.187,58900
2020/3/5,sh.510010,1.187,1.203,1.187,1.194,134397
2020/3/6,sh.510010,1.194,1.202,1.133,1.176,96200
2020/3/9,sh.510010,1.175,1.196,1.133,1.136,140900
2020/3/10,sh.510010,1.150,1.170,1.150,1.166,91000
2020/3/11,sh.510010,1.170,1.193,1.158,1.190,61900
2020/3/12,sh.510010,1.161,1.187,1.147,1.147,35500
2020/3/13,sh.510010,1.113,1.140,1.090,1.110,127500
2020/3/16,sh.510010,1.147,1.147,1.100,1.130,247400
2020/3/17,sh.510010,1.130,1.130,1.089,1.089,206100
2020/3/18,sh.510010,1.120,1.120,1.040,1.045,133600
2020/3/19,sh.510010,1.056,1.064,1.011,1.051,155800
2020/3/20,sh.510010,1.051,1.070,1.048,1.069,119082
2020/3/23,sh.510010,1.095,1.095,1.020,1.064,36600
2020/3/24,sh.510010,1.022,1.088,1.022,1.081,76100
2020/3/25,sh.510010,1.081,1.085,1.069,1.080,64900
2020/3/26,sh.510010,1.064,1.074,1.064,1.069,16300
2020/3/27,sh.510010,1.099,1.099,1.072,1.093,94300
2020/3/30,sh.510010,1.076,1.076,1.070,1.072,10300
2020/3/31,sh.510010,1.088,1.088,1.072,1.075,5300
2020/4/1,sh.510010,1.075,1.079,1.066,1.069,102400
2020/4/2,sh.510010,1.053,1.071,1.053,1.071,35800
2020/4/3,sh.510010,1.080,1.091,1.073,1.076,9300
2020/4/7,sh.510010,1.077,1.105,1.077,1.093,86100
2020/4/8,sh.510010,1.090,1.090,1.084,1.086,2500
2020/4/9,sh.510010,1.100,1.101,1.077,1.078,56000
2020/4/10,sh.510010,1.108,1.108,1.069,1.082,93700
2020/4/13,sh.510010,1.063,1.080,1.063,1.080,48000
2020/4/14,sh.510010,1.080,1.092,1.061,1.092,187600
2020/4/15,sh.510010,1.091,1.091,1.082,1.082,17800
2020/4/16,sh.510010,1.082,1.091,1.058,1.090,353000
2020/4/17,sh.510010,1.080,1.096,1.079,1.095,352000
2020/4/20,sh.510010,1.095,1.099,1.086,1.096,33500
2020/4/21,sh.510010,1.100,1.104,1.085,1.090,12100
2020/4/22,sh.510010,1.080,1.091,1.079,1.080,56600
2020/4/23,sh.510010,1.080,1.091,1.080,1.091,21800
2020/4/24,sh.510010,1.090,1.090,1.080,1.090,203027
2020/4/27,sh.510010,1.090,1.101,1.079,1.082,222846
2020/4/28,sh.510010,1.091,1.091,1.075,1.075,27000
2020/4/29,sh.510010,1.086,1.118,1.077,1.099,47400
2020/4/30,sh.510010,1.100,1.117,1.098,1.103,171000
2020/5/6,sh.510010,1.114,1.114,1.103,1.105,57800
2020/5/7,sh.510010,1.105,1.130,1.091,1.130,166500
2020/5/8,sh.510010,1.110,1.122,1.110,1.120,59200
2020/5/11,sh.510010,1.125,1.125,1.115,1.122,48500
2020/5/12,sh.510010,1.120,1.120,1.113,1.117,19927
2020/5/13,sh.510010,1.147,1.147,1.104,1.117,20700
2020/5/14,sh.510010,1.117,1.117,1.100,1.100,11300
2020/5/15,sh.510010,1.100,1.119,1.100,1.117,7700
2020/5/18,sh.510010,1.117,1.118,1.100,1.100,1200
2020/5/19,sh.510010,1.129,1.129,1.107,1.107,3000
2020/5/20,sh.510010,1.102,1.125,1.101,1.102,4900
2020/5/21,sh.510010,1.102,1.112,1.102,1.102,6919
2020/5/22,sh.510010,1.100,1.101,1.088,1.095,171900
2020/5/25,sh.510010,1.088,1.106,1.074,1.076,110700
2020/5/26,sh.510010,1.077,1.090,1.077,1.079,9600
2020/5/27,sh.510010,1.095,1.095,1.078,1.078,6700
2020/5/28,sh.510010,1.092,1.097,1.078,1.078,18000
2020/5/29,sh.510010,1.086,1.086,1.075,1.078,11000
2020/6/1,sh.510010,1.098,1.105,1.090,1.105,73000
2020/6/2,sh.510010,1.105,1.112,1.099,1.105,28900
2020/6/3,sh.510010,1.115,1.129,1.113,1.120,30600
2020/6/4,sh.510010,1.119,1.119,1.115,1.116,2800
2020/6/5,sh.510010,1.110,1.118,1.110,1.118,8565
2020/6/8,sh.510010,1.120,1.130,1.118,1.118,274049
2020/6/9,sh.510010,1.127,1.131,1.122,1.122,118200
2020/6/10,sh.510010,1.130,1.130,1.121,1.122,8300
2020/6/11,sh.510010,1.120,1.127,1.115,1.115,44649
2020/6/12,sh.510010,1.112,1.114,1.101,1.106,21800
2020/6/15,sh.510010,1.107,1.122,1.100,1.100,26100
2020/6/16,sh.510010,1.110,1.113,1.110,1.113,12600
2020/6/17,sh.510010,1.108,1.109,1.106,1.109,3300
2020/6/18,sh.510010,1.108,1.120,1.108,1.120,8400
2020/6/19,sh.510010,1.121,1.123,1.113,1.123,9300
2020/6/22,sh.510010,1.122,1.130,1.121,1.126,7600
2020/6/23,sh.510010,1.123,1.234,1.115,1.161,74400
2020/6/24,sh.510010,1.128,1.148,1.122,1.136,48200
2020/6/29,sh.510010,1.128,1.135,1.128,1.134,66200
2020/6/30,sh.510010,1.121,1.230,1.121,1.133,72096
2020/7/1,sh.510010,1.137,1.158,1.130,1.157,190915
2020/7/2,sh.510010,1.162,1.184,1.151,1.169,102400
2020/7/3,sh.510010,1.174,1.208,1.174,1.206,376163
2020/7/6,sh.510010,1.206,1.300,1.206,1.300,943540
2020/7/7,sh.510010,1.293,1.339,1.290,1.290,469547
2020/7/8,sh.510010,1.287,1.319,1.283,1.312,276766
2020/7/9,sh.510010,1.297,1.337,1.291,1.335,773802
2020/7/10,sh.510010,1.338,1.338,1.289,1.322,382600
2020/7/13,sh.510010,1.317,1.320,1.288,1.304,232827
2020/7/14,sh.510010,1.304,1.306,1.278,1.292,253700
2020/7/15,sh.510010,1.290,1.300,1.278,1.285,138202
2020/7/16,sh.510010,1.288,1.299,1.216,1.238,118928
2020/7/17,sh.510010,1.237,1.259,1.237,1.259,14800
2020/7/20,sh.510010,1.253,1.318,1.253,1.310,369096
2020/7/21,sh.510010,1.317,1.318,1.282,1.289,84030
2020/7/22,sh.510010,1.309,1.328,1.294,1.298,138102
2020/7/23,sh.510010,1.317,1.317,1.288,1.313,230202
2020/7/24,sh.510010,1.313,1.313,1.263,1.266,116800
2020/7/27,sh.510010,1.265,1.317,1.263,1.263,46500
2020/7/28,sh.510010,1.263,1.286,1.263,1.264,38600
2020/7/29,sh.510010,1.253,1.296,1.253,1.278,58000
2020/7/30,sh.510010,1.271,1.293,1.271,1.282,12700
2020/7/31,sh.510010,1.293,1.293,1.259,1.293,308100
2020/8/3,sh.510010,1.307,1.309,1.301,1.309,243531
2020/8/4,sh.510010,1.329,1.329,1.308,1.324,168400
2020/8/5,sh.510010,1.238,1.350,1.238,1.336,464600
2020/8/6,sh.510010,1.326,1.350,1.326,1.337,197233
2020/8/7,sh.510010,1.327,1.333,1.320,1.321,920300
2020/8/10,sh.510010,1.321,1.333,1.315,1.321,81700
2020/8/11,sh.510010,1.320,1.343,1.318,1.318,231700
2020/8/12,sh.510010,1.317,1.317,1.297,1.311,28000
2020/8/13,sh.510010,1.311,1.314,1.308,1.310,7800
2020/8/14,sh.510010,1.310,1.325,1.310,1.322,42800
2020/8/17,sh.510010,1.320,1.376,1.320,1.358,434560
2020/8/18,sh.510010,1.358,1.369,1.354,1.361,102400
2020/8/19,sh.510010,1.360,1.360,1.351,1.351,59600
2020/8/20,sh.510010,1.338,1.351,1.330,1.351,91300
2020/8/21,sh.510010,1.348,1.349,1.325,1.348,61600
2020/8/24,sh.510010,1.344,1.354,1.340,1.346,83295
2020/8/25,sh.510010,1.349,1.349,1.331,1.342,38995
2020/8/26,sh.510010,1.333,1.395,1.321,1.335,95776
2020/8/27,sh.510010,1.310,1.336,1.310,1.336,95652
2020/8/28,sh.510010,1.333,1.380,1.332,1.349,223232
2020/8/31,sh.510010,1.400,1.400,1.322,1.391,196500
2020/9/1,sh.510010,1.391,1.391,1.335,1.384,162400
2020/9/2,sh.510010,1.384,1.384,1.351,1.382,61800
2020/9/3,sh.510010,1.380,1.380,1.359,1.359,49700
2020/9/4,sh.510010,1.358,1.378,1.333,1.360,23531
2020/9/7,sh.510010,1.357,1.357,1.340,1.347,48500
2020/9/8,sh.510010,1.347,1.360,1.339,1.344,47300
2020/9/9,sh.510010,1.331,1.335,1.330,1.331,36400
2020/9/10,sh.510010,1.331,1.335,1.330,1.330,167000
2020/9/11,sh.510010,1.321,1.334,1.321,1.334,19500
2020/9/14,sh.510010,1.333,1.346,1.333,1.341,23731
2020/9/15,sh.510010,1.340,1.345,1.340,1.345,1100
2020/9/16,sh.510010,1.354,1.354,1.344,1.344,3219
2020/9/17,sh.510010,1.353,1.353,1.344,1.350,31600
2020/9/18,sh.510010,1.360,1.385,1.351,1.385,37400
2020/9/21,sh.510010,1.387,1.387,1.366,1.376,57651
2020/9/22,sh.510010,1.400,1.400,1.349,1.355,209731
2020/9/23,sh.510010,1.359,1.359,1.348,1.353,22032
2020/9/24,sh.510010,1.343,1.398,1.328,1.398,19600
2020/9/25,sh.510010,1.321,1.368,1.321,1.366,61500
2020/9/28,sh.510010,1.340,1.372,1.332,1.366,237207
2020/9/29,sh.510010,1.330,1.376,1.330,1.360,88300
2020/9/30,sh.510010,1.325,1.358,1.325,1.335,62200
2020/10/9,sh.510010,1.339,1.350,1.339,1.350,11200
2020/10/12,sh.510010,1.360,1.380,1.334,1.376,140000
2020/10/13,sh.510010,1.368,1.379,1.368,1.379,11500
2020/10/14,sh.510010,1.379,1.379,1.365,1.377,26600
2020/10/15,sh.510010,1.374,1.382,1.374,1.381,29900
2020/10/16,sh.510010,1.375,1.389,1.375,1.389,7000
2020/10/19,sh.510010,1.400,1.402,1.386,1.386,38100
2020/10/20,sh.510010,1.382,1.382,1.379,1.382,39600
2020/10/21,sh.510010,1.382,1.395,1.382,1.395,76590
2020/10/22,sh.510010,1.394,1.395,1.373,1.380,74600
2020/10/23,sh.510010,1.402,1.402,1.380,1.383,9000
2020/10/26,sh.510010,1.358,1.364,1.358,1.364,18900
2020/10/27,sh.510010,1.399,1.399,1.359,1.396,28100
2020/10/28,sh.510010,1.396,1.396,1.361,1.391,9700
2020/10/29,sh.510010,1.360,1.390,1.360,1.389,9100
2020/10/30,sh.510010,1.360,1.396,1.346,1.346,265500
2020/11/2,sh.510010,1.347,1.384,1.347,1.370,10600
2020/11/3,sh.510010,1.367,1.378,1.367,1.371,83195
2020/11/4,sh.510010,1.370,1.399,1.370,1.383,3000
2020/11/5,sh.510010,1.386,1.391,1.379,1.391,102228
2020/11/6,sh.510010,1.391,1.402,1.383,1.390,99500
2020/11/9,sh.510010,1.402,1.430,1.402,1.408,155619
2020/11/10,sh.510010,1.430,1.430,1.415,1.427,54363
2020/11/11,sh.510010,1.427,1.431,1.421,1.430,38900
2020/11/12,sh.510010,1.500,1.500,1.409,1.410,28639
2020/11/13,sh.510010,1.402,1.409,1.387,1.400,7464
2020/11/16,sh.510010,1.409,1.409,1.399,1.408,12700
2020/11/17,sh.510010,1.420,1.429,1.404,1.420,135100
2020/11/18,sh.510010,1.423,1.440,1.423,1.440,138931
2020/11/19,sh.510010,1.440,1.443,1.426,1.443,21400
2020/11/20,sh.510010,1.445,1.445,1.442,1.442,10100
2020/11/23,sh.510010,1.442,1.488,1.436,1.461,369264
2020/11/24,sh.510010,1.483,1.483,1.432,1.458,73164
2020/11/25,sh.510010,1.459,1.490,1.450,1.450,78900
2020/11/26,sh.510010,1.451,1.459,1.439,1.450,8700
2020/11/27,sh.510010,1.458,1.471,1.458,1.471,32500
2020/11/30,sh.510010,1.499,1.513,1.479,1.479,175000
2020/12/1,sh.510010,1.469,1.600,1.469,1.508,118100
2020/12/2,sh.510010,1.507,1.507,1.484,1.504,47700
2020/12/3,sh.510010,1.476,1.500,1.476,1.500,69800
2020/12/4,sh.510010,1.527,1.527,1.478,1.514,60900
2020/12/7,sh.510010,1.528,1.531,1.459,1.471,422200
2020/12/8,sh.510010,1.471,1.471,1.454,1.457,98900
2020/12/9,sh.510010,1.463,1.465,1.449,1.451,813088
2020/12/10,sh.510010,1.442,1.489,1.442,1.474,76700
2020/12/11,sh.510010,1.452,1.452,1.449,1.452,11600
2020/12/14,sh.510010,1.452,1.452,1.429,1.447,11900
2020/12/15,sh.510010,1.470,1.470,1.447,1.447,18800
2020/12/16,sh.510010,1.427,1.447,1.427,1.434,7710
2020/12/17,sh.510010,1.434,1.480,1.434,1.470,26000
2020/12/18,sh.510010,1.462,1.494,1.456,1.469,60700
2020/12/21,sh.510010,1.423,1.498,1.423,1.462,72240
2020/12/22,sh.510010,1.492,1.492,1.458,1.458,90400
2020/12/23,sh.510010,1.456,1.456,1.418,1.456,97109
2020/12/24,sh.510010,1.423,1.476,1.423,1.460,56309
2020/12/25,sh.510010,1.401,1.500,1.400,1.449,150809
2020/12/28,sh.510010,1.500,1.500,1.412,1.447,81200
2020/12/29,sh.510010,1.447,1.497,1.439,1.444,47700
2020/12/30,sh.510010,1.444,1.519,1.435,1.515,190700
2020/12/31,sh.510010,1.515,1.515,1.462,1.513,77728
2021/1/4,sh.510010,1.506,1.506,1.480,1.499,62200
2021/1/5,sh.510010,1.499,1.499,1.450,1.497,65459
2021/1/6,sh.510010,1.480,1.500,1.480,1.485,16800
2021/1/7,sh.510010,1.510,1.515,1.499,1.506,163728
2021/1/8,sh.510010,1.510,1.528,1.503,1.528,110131
2021/1/11,sh.510010,1.531,1.542,1.488,1.520,82031
2021/1/12,sh.510010,1.500,1.550,1.458,1.550,212031
2021/1/13,sh.510010,1.559,1.572,1.544,1.550,43800
2021/1/14,sh.510010,1.543,1.567,1.515,1.556,155631
2021/1/15,sh.510010,1.547,1.557,1.531,1.539,86000
2021/1/18,sh.510010,1.540,1.571,1.538,1.560,295584
2021/1/19,sh.510010,1.558,1.565,1.545,1.549,23000
2021/1/20,sh.510010,1.546,1.562,1.535,1.548,31331
2021/1/21,sh.510010,1.542,1.562,1.523,1.560,37500
2021/1/22,sh.510010,1.538,1.554,1.538,1.548,86815
2021/1/25,sh.510010,1.525,1.555,1.525,1.536,809972
2021/1/26,sh.510010,1.532,1.540,1.525,1.531,122900
2021/1/27,sh.510010,1.531,1.535,1.520,1.520,179400
2021/1/28,sh.510010,1.518,1.518,1.494,1.497,66200
2021/1/29,sh.510010,1.510,1.510,1.471,1.488,168200
2021/2/1,sh.510010,1.483,1.504,1.342,1.503,96000
2021/2/2,sh.510010,1.503,1.511,1.487,1.505,59400
2021/2/3,sh.510010,1.487,1.509,1.457,1.507,107047
2021/2/4,sh.510010,1.506,1.516,1.482,1.499,52859
2021/2/5,sh.510010,1.499,1.510,1.480,1.510,42400
2021/2/8,sh.510010,1.510,1.534,1.504,1.530,135009
2021/2/9,sh.510010,1.515,1.547,1.478,1.543,112900
2021/2/10,sh.510010,1.547,1.600,1.547,1.566,156473
2021/2/18,sh.510010,1.599,1.602,1.431,1.589,198573
2021/2/19,sh.510010,1.599,1.605,1.580,1.605,198673
2021/2/22,sh.510010,1.603,1.610,1.599,1.599,137573
2021/2/23,sh.510010,1.580,1.610,1.580,1.585,88000
2021/2/24,sh.510010,1.588,1.588,1.556,1.556,23759
2021/2/25,sh.510010,1.556,1.598,1.556,1.598,79247
2021/2/26,sh.510010,1.557,1.566,1.525,1.562,26947
2021/3/1,sh.510010,1.517,1.600,1.517,1.600,149406
2021/3/2,sh.510010,1.544,1.610,1.530,1.608,57900
2021/3/3,sh.510010,1.558,1.604,1.544,1.588,35000
2021/3/4,sh.510010,1.560,1.560,1.531,1.557,10800
2021/3/5,sh.510010,1.530,1.566,1.514,1.558,22800
2021/3/8,sh.510010,1.558,1.584,1.501,1.570,146200
2021/3/9,sh.510010,1.520,1.540,1.474,1.540,195500
2021/3/10,sh.510010,1.490,1.520,1.481,1.499,103000
2021/3/11,sh.510010,1.481,1.520,1.481,1.520,51200
2021/3/12,sh.510010,1.520,1.549,1.515,1.548,81700
2021/3/15,sh.510010,1.548,1.548,1.512,1.512,125859
2021/3/16,sh.510010,1.530,1.544,1.523,1.539,93600
2021/3/17,sh.510010,1.525,1.530,1.520,1.522,38600
2021/3/18,sh.510010,1.520,1.532,1.520,1.520,4800
2021/3/19,sh.510010,1.515,1.519,1.485,1.519,141000
2021/3/22,sh.510010,1.549,1.549,1.499,1.508,57200
2021/3/23,sh.510010,1.508,1.598,1.498,1.500,155500
2021/3/24,sh.510010,1.500,1.500,1.483,1.486,5600
2021/3/25,sh.510010,1.462,1.486,1.462,1.465,52600
2021/3/26,sh.510010,1.509,1.540,1.478,1.481,57600
2021/3/29,sh.510010,1.528,1.528,1.484,1.489,8000
2021/3/30,sh.510010,1.485,1.496,1.483,1.496,108800
2021/3/31,sh.510010,1.488,1.492,1.465,1.488,121500
2021/4/1,sh.510010,1.501,1.501,1.488,1.501,62100
2021/4/2,sh.510010,1.501,1.502,1.490,1.499,85859
2021/4/6,sh.510010,1.480,1.502,1.480,1.500,45800
2021/4/7,sh.510010,1.485,1.496,1.480,1.496,95500
2021/4/8,sh.510010,1.500,1.505,1.488,1.497,18259
2021/4/9,sh.510010,1.488,1.492,1.487,1.487,37600
2021/4/12,sh.510010,1.476,1.478,1.470,1.470,8900
2021/4/13,sh.510010,1.467,1.472,1.456,1.465,42900
2021/4/14,sh.510010,1.472,1.472,1.463,1.467,24900
2021/4/15,sh.510010,1.467,1.467,1.439,1.455,93706
2021/4/16,sh.510010,1.460,1.465,1.451,1.460,20006
2021/4/19,sh.510010,1.459,1.485,1.459,1.485,43400
2021/4/20,sh.510010,1.485,1.500,1.485,1.488,50106
2021/4/21,sh.510010,1.489,1.489,1.480,1.482,3600
2021/4/22,sh.510010,1.482,1.486,1.471,1.485,53600
2021/4/23,sh.510010,1.476,1.492,1.476,1.488,17500
2021/4/26,sh.510010,1.475,1.499,1.475,1.477,16300
2021/4/27,sh.510010,1.465,1.470,1.462,1.466,1900
2021/4/28,sh.510010,1.462,1.487,1.462,1.479,20859
2021/4/29,sh.510010,1.483,1.506,1.483,1.506,17600
2021/4/30,sh.510010,1.484,1.499,1.481,1.482,12200
2021/5/6,sh.510010,1.479,1.511,1.479,1.503,52100
2021/5/7,sh.510010,1.520,1.520,1.474,1.502,40400
2021/5/10,sh.510010,1.478,1.500,1.467,1.472,57500
2021/5/11,sh.510010,1.457,1.472,1.457,1.465,5307
2021/5/12,sh.510010,1.474,1.475,1.456,1.475,4800
2021/5/13,sh.510010,1.490,1.490,1.470,1.480,6200
2021/5/14,sh.510010,1.461,1.480,1.454,1.480,36300
2021/5/17,sh.510010,1.480,1.513,1.480,1.483,21039
2021/5/18,sh.510010,1.508,1.510,1.484,1.500,29400
2021/5/19,sh.510010,1.500,1.505,1.471,1.492,16400
2021/5/20,sh.510010,1.494,1.499,1.479,1.488,5100
2021/5/21,sh.510010,1.506,1.506,1.458,1.477,22000
2021/5/24,sh.510010,1.468,1.488,1.468,1.472,33779
2021/5/25,sh.510010,1.493,1.524,1.456,1.513,193659
2021/5/26,sh.510010,1.529,1.535,1.522,1.533,25639
2021/5/27,sh.510010,1.535,1.540,1.514,1.539,21300
2021/5/28,sh.510010,1.540,1.543,1.521,1.530,155707
2021/5/31,sh.510010,1.530,1.576,1.508,1.531,30207
2021/6/1,sh.510010,1.531,1.567,1.514,1.557,47700
2021/6/2,sh.510010,1.516,1.557,1.516,1.522,23000
2021/6/3,sh.510010,1.515,1.530,1.511,1.514,6300
2021/6/4,sh.510010,1.515,1.538,1.499,1.538,34400
2021/6/7,sh.510010,1.538,1.538,1.503,1.534,14100
2021/6/8,sh.510010,1.510,1.534,1.510,1.533,54679
2021/6/9,sh.510010,1.510,1.535,1.510,1.516,31379
2021/6/10,sh.510010,1.534,1.538,1.517,1.536,50200
2021/6/11,sh.510010,1.520,1.547,1.513,1.516,74900
2021/6/15,sh.510010,1.517,1.532,1.482,1.519,63100
2021/6/16,sh.510010,1.479,1.520,1.479,1.519,32500
2021/6/17,sh.510010,1.507,1.526,1.468,1.522,50200
2021/6/18,sh.510010,1.509,1.550,1.465,1.511,142500
2021/6/21,sh.510010,1.470,1.491,1.460,1.482,134500
2021/6/22,sh.510010,1.487,1.487,1.465,1.478,27600
2021/6/23,sh.510010,1.478,1.490,1.471,1.485,65000
2021/6/24,sh.510010,1.475,1.492,1.472,1.476,7800
2021/6/25,sh.510010,1.480,1.505,1.477,1.505,119200
2021/6/28,sh.510010,1.520,1.520,1.489,1.510,20200
2021/6/29,sh.510010,1.510,1.510,1.475,1.480,50800
2021/6/30,sh.510010,1.502,1.502,1.479,1.482,14700
2021/7/1,sh.510010,1.482,1.500,1.481,1.484,114500
2021/7/2,sh.510010,1.484,1.508,1.470,1.508,19600
2021/7/5,sh.510010,1.500,1.505,1.462,1.465,165500
2021/7/6,sh.510010,1.465,1.490,1.444,1.457,38200
2021/7/7,sh.510010,1.472,1.478,1.465,1.478,31200
2021/7/8,sh.510010,1.463,1.477,1.457,1.476,48547
2021/7/9,sh.510010,1.472,1.474,1.459,1.474,12300
2021/7/12,sh.510010,1.474,1.474,1.474,1.474,600
2021/7/13,sh.510010,1.455,1.474,1.455,1.472,53900
2021/7/14,sh.510010,1.450,1.453,1.450,1.453,5400
2021/7/15,sh.510010,1.444,1.472,1.440,1.459,41447
2021/7/16,sh.510010,1.459,1.469,1.458,1.468,7000
2021/7/19,sh.510010,1.468,1.468,1.467,1.467,20500
2021/7/20,sh.510010,1.449,1.474,1.449,1.474,3900
2021/7/21,sh.510010,1.452,1.474,1.452,1.473,26500
2021/7/22,sh.510010,1.453,1.474,1.453,1.473,2300
2021/7/23,sh.510010,1.452,1.472,1.452,1.472,2400
2021/7/26,sh.510010,1.431,1.473,1.431,1.472,214000
2021/7/27,sh.510010,1.421,1.464,1.401,1.404,45700
2021/7/28,sh.510010,1.400,1.422,1.400,1.422,1700
2021/7/29,sh.510010,1.422,1.422,1.386,1.418,14900
2021/7/30,sh.510010,1.418,1.437,1.400,1.400,19900
2021/8/2,sh.510010,1.428,1.457,1.418,1.457,33559
2021/8/3,sh.510010,1.429,1.467,1.429,1.429,5100
2021/8/4,sh.510010,1.470,1.474,1.428,1.460,77890
2021/8/5,sh.510010,1.407,1.465,1.407,1.437,48659
2021/8/6,sh.510010,1.412,1.432,1.412,1.429,10700
2021/8/9,sh.510010,1.432,1.460,1.432,1.455,6100
2021/8/10,sh.510010,1.455,1.473,1.437,1.473,28700
2021/8/11,sh.510010,1.465,1.490,1.465,1.478,66500
2021/8/12,sh.510010,1.453,1.484,1.453,1.477,17100
2021/8/13,sh.510010,1.500,1.500,1.449,1.455,41400
2021/8/16,sh.510010,1.475,1.479,1.414,1.458,74800
2021/8/17,sh.510010,1.458,1.485,1.446,1.447,115690
2021/8/18,sh.510010,1.455,1.481,1.449,1.481,42590
2021/8/19,sh.510010,1.482,1.492,1.455,1.490,84600
2021/8/20,sh.510010,1.463,1.500,1.425,1.498,83700
2021/8/23,sh.510010,1.496,1.498,1.450,1.476,79000
2021/8/24,sh.510010,1.463,1.488,1.458,1.485,57500
2021/8/25,sh.510010,1.461,1.512,1.461,1.498,59300
2021/8/26,sh.510010,1.498,1.498,1.445,1.473,94200
2021/8/27,sh.510010,1.454,1.486,1.454,1.475,22100
2021/8/30,sh.510010,1.460,1.473,1.446,1.447,44300
2021/8/31,sh.510010,1.458,1.473,1.443,1.465,266600
2021/9/1,sh.510010,1.460,1.509,1.460,1.499,245000
2021/9/2,sh.510010,1.647,1.647,1.500,1.511,63979
2021/9/3,sh.510010,1.500,1.525,1.467,1.503,51100
2021/9/6,sh.510010,1.517,1.542,1.507,1.520,45200
2021/9/7,sh.510010,1.501,1.542,1.499,1.542,77931
2021/9/8,sh.510010,1.542,1.548,1.532,1.548,74479
2021/9/9,sh.510010,1.548,1.548,1.528,1.548,60700
2021/9/10,sh.510010,1.551,1.564,1.541,1.548,89900
2021/9/13,sh.510010,1.550,1.568,1.550,1.553,72500
2021/9/14,sh.510010,1.551,1.571,1.529,1.532,46300
2021/9/15,sh.510010,1.525,1.538,1.512,1.538,33600
2021/9/16,sh.510010,1.513,1.530,1.499,1.525,15300
2021/9/17,sh.510010,1.525,1.525,1.499,1.508,20500
2021/9/22,sh.510010,1.508,1.512,1.486,1.512,56400
2021/9/23,sh.510010,1.512,1.522,1.509,1.518,15300
2021/9/24,sh.510010,1.500,1.523,1.500,1.522,24200
2021/9/27,sh.510010,1.500,1.512,1.483,1.486,25631
2021/9/28,sh.510010,1.503,1.503,1.431,1.499,19600
2021/9/29,sh.510010,1.486,1.498,1.470,1.480,21700
2021/9/30,sh.510010,1.480,1.482,1.462,1.482,5000
2021/10/8,sh.510010,1.483,1.499,1.483,1.499,23400
2021/10/11,sh.510010,1.500,1.524,1.499,1.502,26501
2021/10/12,sh.510010,1.499,1.499,1.499,1.499,1900
2021/10/13,sh.510010,1.500,1.500,1.491,1.491,11400
2021/10/14,sh.510010,1.491,1.491,1.491,1.491,INVALID
2021/10/15,sh.510010,1.511,1.512,1.499,1.500,13500
2021/10/18,sh.510010,1.500,1.512,1.499,1.499,62400
2021/10/19,sh.510010,1.499,1.512,1.450,1.500,134114
2021/10/20,sh.510010,1.508,1.509,1.499,1.499,29659
2021/10/21,sh.510010,1.499,1.523,1.499,1.522,22013
2021/10/22,sh.510010,1.517,1.523,1.517,1.523,6200
2021/10/25,sh.510010,1.506,1.525,1.500,1.515,31800
2021/10/26,sh.510010,1.534,1.535,1.515,1.519,174300
2021/10/27,sh.510010,1.512,1.512,1.501,1.502,55700
2021/10/28,sh.510010,1.500,1.501,1.483,1.496,31400
2021/10/29,sh.510010,1.500,1.500,1.486,1.495,1608
2021/11/1,sh.510010,1.495,1.549,1.480,1.495,131900
2021/11/2,sh.510010,1.506,1.506,1.473,1.480,25000
2021/11/3,sh.510010,1.480,1.486,1.475,1.475,17800
2021/11/4,sh.510010,1.475,1.498,1.475,1.485,43000
2021/11/5,sh.510010,1.485,1.485,1.465,1.465,12500
2021/11/8,sh.510010,1.480,1.485,1.466,1.485,14413
2021/11/9,sh.510010,1.483,1.499,1.459,1.495,8701
2021/11/10,sh.510010,1.444,1.500,1.444,1.499,23101
2021/11/11,sh.510010,1.486,1.486,1.473,1.486,7601
2021/11/12,sh.510010,1.499,1.512,1.486,1.499,21100
2021/11/15,sh.510010,1.482,1.499,1.482,1.499,2200
2021/11/16,sh.510010,1.486,1.488,1.486,1.486,24600
2021/11/17,sh.510010,1.474,1.486,1.474,1.486,20213
2021/11/18,sh.510010,1.473,1.486,1.473,1.486,8700
2021/11/19,sh.510010,1.473,1.486,1.465,1.485,15900
2021/11/22,sh.510010,1.474,1.497,1.474,1.474,30931
2021/11/23,sh.510010,1.474,1.490,1.474,1.490,7500
2021/11/24,sh.510010,1.490,1.498,1.475,1.498,800
2021/11/25,sh.510010,1.475,1.475,1.474,1.474,2000
2021/11/26,sh.510010,1.473,1.487,1.473,1.473,8300
2021/11/29,sh.510010,1.471,1.480,1.460,1.460,36800
2021/11/30,sh.510010,1.453,1.455,1.453,1.455,1200
2021/12/1,sh.510010,1.455,1.473,1.455,1.473,2100
2021/12/2,sh.510010,1.473,1.473,1.462,1.465,4900
2021/12/3,sh.510010,1.473,1.473,1.473,1.473,7400
2021/12/6,sh.510010,1.470,1.498,1.470,1.475,71400
2021/12/7,sh.510010,1.495,1.506,1.488,1.488,63313
2021/12/8,sh.510010,1.499,1.506,1.488,1.506,22400
2021/12/9,sh.510010,1.506,1.525,1.500,1.513,42300
2021/12/10,sh.510010,1.513,1.525,1.502,1.502,17700
2021/12/13,sh.510010,1.518,1.544,1.512,1.519,83200
2021/12/14,sh.510010,1.512,1.530,1.499,1.511,60000
2021/12/15,sh.510010,1.511,1.512,1.494,1.499,158500
2021/12/16,sh.510010,1.508,1.523,1.495,1.523,312500
2021/12/17,sh.510010,1.523,1.523,1.504,1.515,35100
2021/12/20,sh.510010,1.512,1.512,1.505,1.505,14400
2021/12/21,sh.510010,1.505,1.516,1.505,1.516,20413
2021/12/22,sh.510010,1.488,1.513,1.488,1.513,500
2021/12/23,sh.510010,1.511,1.511,1.511,1.511,900
2021/12/24,sh.510010,1.511,1.511,1.500,1.510,6300
2021/12/27,sh.510010,1.521,1.521,1.506,1.506,11100
2021/12/28,sh.510010,1.495,1.510,1.495,1.510,8500
2021/12/29,sh.510010,1.511,1.511,1.483,1.496,8400
2021/12/30,sh.510010,1.494,1.505,1.479,1.496,14200
2021/12/31,sh.510010,1.499,1.499,1.492,1.492,75659
2022/1/4,sh.510010,1.488,1.508,1.486,1.508,16259
2022/1/5,sh.510010,1.512,1.512,1.511,1.511,2300
2022/1/6,sh.510010,1.509,1.509,1.499,1.507,2400
2022/1/7,sh.510010,1.512,1.521,1.501,1.521,25000
2022/1/10,sh.510010,1.499,1.521,1.499,1.521,4800
2022/1/11,sh.510010,1.501,1.525,1.501,1.516,3900
2022/1/12,sh.510010,1.512,1.512,1.512,1.512,2300
2022/1/13,sh.510010,1.503,1.525,1.503,1.511,11100
2022/1/14,sh.510010,1.511,1.511,1.488,1.488,19000
2022/1/17,sh.510010,1.488,1.505,1.471,1.478,33800
2022/1/18,sh.510010,1.491,1.510,1.481,1.507,4200
2022/1/19,sh.510010,1.506,1.520,1.501,1.501,46013
2022/1/20,sh.510010,1.506,1.543,1.506,1.533,157990
2022/1/21,sh.510010,1.531,1.533,1.515,1.515,2300
2022/1/24,sh.510010,1.533,1.533,1.512,1.525,300
2022/1/25,sh.510010,1.536,1.536,1.463,1.491,134344
2022/1/26,sh.510010,1.480,1.483,1.480,1.483,2500
2022/1/27,sh.510010,1.470,1.500,1.470,1.500,7300
2022/1/28,sh.510010,1.514,1.524,1.454,1.471,28700
2022/2/7,sh.510010,1.469,1.523,1.469,1.523,18500
2022/2/8,sh.510010,1.522,1.522,1.483,1.521,13600
2022/2/9,sh.510010,1.525,1.538,1.512,1.512,12100
2022/2/10,sh.510010,1.512,1.514,1.512,1.514,3600
2022/2/11,sh.510010,1.526,1.538,1.526,1.530,44800
2022/2/14,sh.510010,1.525,1.535,1.493,1.494,15000
2022/2/15,sh.510010,1.510,1.510,1.484,1.487,26400
2022/2/16,sh.510010,1.487,1.528,1.487,1.515,5700
2022/2/17,sh.510010,1.497,1.529,1.497,1.499,5100
2022/2/18,sh.510010,1.512,1.524,1.499,1.524,8100
2022/2/21,sh.510010,1.525,1.525,1.512,1.523,6200
2022/2/22,sh.510010,1.522,1.522,1.500,1.515,83000
2022/2/23,sh.510010,1.513,1.515,1.512,1.512,9700
2022/2/24,sh.510010,1.512,1.515,1.479,1.489,7800
2022/2/25,sh.510010,1.489,1.510,1.474,1.489,107500
2022/2/28,sh.510010,1.464,1.489,1.464,1.489,67800
2022/3/1,sh.510010,1.455,1.520,1.455,1.488,33000
2022/3/2,sh.510010,1.489,1.489,1.488,1.488,6100
2022/3/3,sh.510010,1.509,1.509,1.488,1.490,7600
2022/3/4,sh.510010,1.490,1.518,1.468,1.518,41500
2022/3/7,sh.510010,1.458,1.521,1.458,1.519,252400
2022/3/8,sh.510010,1.455,1.494,1.450,1.455,34200
2022/3/9,sh.510010,1.475,1.475,1.404,1.408,50000
2022/3/10,sh.510010,1.480,1.480,1.381,1.412,44400
2022/3/11,sh.510010,1.412,1.430,1.401,1.418,45200
2022/3/14,sh.510010,1.386,1.416,1.370,1.370,22700
2022/3/15,sh.510010,1.369,1.369,1.300,1.300,19000
2022/3/16,sh.510010,1.370,1.370,1.300,1.365,11400
2022/3/17,sh.510010,1.377,1.377,1.376,1.377,14600
2022/3/18,sh.510010,1.318,1.466,1.318,1.418,7000
2022/3/21,sh.510010,1.397,1.460,1.390,1.456,22700
2022/3/22,sh.510010,1.390,1.460,1.390,1.434,20200
2022/3/23,sh.510010,1.402,1.445,1.399,1.424,34500
2022/3/24,sh.510010,1.418,1.425,1.401,1.401,11100
2022/3/25,sh.510010,1.410,1.410,1.386,1.409,13100
2022/3/28,sh.510010,1.415,1.415,1.367,1.401,10700
2022/3/29,sh.510010,1.381,1.401,1.381,1.401,5000
2022/3/30,sh.510010,1.400,1.409,1.400,1.409,12900
2022/3/31,sh.510010,1.389,1.425,1.389,1.425,10800
2022/4/1,sh.510010,1.448,1.448,1.408,1.411,10800
2022/4/6,sh.510010,1.407,1.442,1.407,1.441,1500
2022/4/7,sh.510010,1.435,1.448,1.429,1.448,20200
2022/4/8,sh.510010,1.420,1.446,1.420,1.446,3100
2022/4/11,sh.510010,1.460,1.460,1.394,1.396,2400
2022/4/12,sh.510010,1.384,1.449,1.384,1.437,30000
2022/4/13,sh.510010,1.390,1.458,1.390,1.457,161300
2022/4/14,sh.510010,1.469,1.469,1.412,1.458,173400
2022/4/15,sh.510010,1.415,1.452,1.415,1.452,174118
2022/4/18,sh.510010,1.418,1.444,1.392,1.431,45100
2022/4/19,sh.510010,1.415,1.415,1.400,1.415,12600
2022/4/20,sh.510010,1.430,1.430,1.370,1.417,152600
2022/4/21,sh.510010,1.384,1.389,1.384,1.384,11300
2022/4/22,sh.510010,1.362,1.379,1.362,1.365,19700
2022/4/25,sh.510010,1.338,1.380,1.322,1.348,16700
2022/4/26,sh.510010,1.293,1.325,1.292,1.325,69796
2022/4/27,sh.510010,1.294,1.304,1.285,1.297,27200
2022/4/28,sh.510010,1.309,1.318,1.302,1.315,56200
2022/4/29,sh.510010,1.425,1.425,1.317,1.375,60400
2022/5/5,sh.510010,1.341,1.375,1.341,1.374,59500
2022/5/6,sh.510010,1.311,1.344,1.304,1.312,24100
2022/5/9,sh.510010,1.298,1.320,1.292,1.292,600
2022/5/10,sh.510010,1.307,1.316,1.307,1.316,6300
2022/5/11,sh.510010,1.334,1.334,1.323,1.323,5700
2022/5/12,sh.510010,1.351,1.351,1.308,1.310,18400
2022/5/13,sh.510010,1.317,1.338,1.311,1.334,9700
2022/5/16,sh.510010,1.315,1.342,1.311,1.313,4400
2022/5/17,sh.510010,1.313,1.439,1.308,1.342,5539
2022/5/18,sh.510010,1.331,1.345,1.331,1.331,4431
2022/5/19,sh.510010,1.336,1.336,1.336,1.336,1700
2022/5/20,sh.510010,1.314,1.430,1.314,1.340,1700
2022/5/23,sh.510010,1.438,1.439,1.336,1.398,13170
2022/5/24,sh.510010,1.347,1.396,1.347,1.350,43070
2022/5/25,sh.510010,1.398,1.398,1.294,1.382,9200
2022/5/26,sh.510010,1.341,1.440,1.340,1.395,34870
2022/5/27,sh.510010,1.340,1.389,1.319,1.386,87100
2022/5/30,sh.510010,1.382,1.390,1.352,1.380,139200
2022/5/31,sh.510010,1.373,1.386,1.343,1.385,73000
2022/6/1,sh.510010,1.350,1.365,1.346,1.365,33700
2022/6/2,sh.510010,1.348,1.374,1.348,1.355,16800
2022/6/6,sh.510010,1.355,1.355,1.346,1.353,50100
2022/6/7,sh.510010,1.346,1.364,1.346,1.353,24100
2022/6/8,sh.510010,1.353,1.364,1.353,1.362,29228
2022/6/9,sh.510010,1.360,1.374,1.353,1.368,87200
2022/6/10,sh.510010,1.367,1.375,1.365,1.375,24800
2022/6/13,sh.510010,1.374,1.374,1.368,1.371,42428
2022/6/14,sh.510010,1.367,1.375,1.365,1.373,40700
2022/6/15,sh.510010,1.381,1.445,1.381,1.445,105128
2022/6/16,sh.510010,1.423,1.455,1.381,1.410,90200
2022/6/17,sh.510010,1.396,1.406,1.385,1.405,9800
2022/6/20,sh.510010,1.389,1.404,1.389,1.402,7100
2022/6/21,sh.510010,1.404,1.408,1.396,1.397,7200
2022/6/22,sh.510010,1.408,1.408,1.393,1.395,6600
2022/6/23,sh.510010,1.403,1.409,1.386,1.408,16200
2022/6/24,sh.510010,1.396,1.408,1.396,1.397,1700
2022/6/27,sh.510010,1.407,1.425,1.407,1.420,10700
2022/6/28,sh.510010,1.420,1.433,1.420,1.420,4500
2022/6/29,sh.510010,1.420,1.420,1.414,1.417,39300
2022/6/30,sh.510010,1.417,1.432,1.416,1.430,41600
2022/7/1,sh.510010,1.430,1.448,1.417,1.447,39100
2022/7/4,sh.510010,1.428,1.448,1.415,1.448,24800
2022/7/5,sh.510010,1.435,1.448,1.433,1.447,11100
2022/7/6,sh.510010,1.442,1.442,1.409,1.410,10400
2022/7/7,sh.510010,1.417,1.419,1.417,1.418,6000
2022/7/8,sh.510010,1.449,1.449,1.419,1.419,10670
2022/7/11,sh.510010,1.440,1.440,1.405,1.408,6700
2022/7/12,sh.510010,1.405,1.444,1.398,1.443,20600
2022/7/13,sh.510010,1.397,1.443,1.395,1.443,40000
2022/7/14,sh.510010,1.394,1.445,1.389,1.417,45500
2022/7/15,sh.510010,1.405,1.409,1.394,1.405,28000
2022/7/18,sh.510010,1.385,1.394,1.375,1.394,31800
2022/7/19,sh.510010,1.391,1.393,1.376,1.393,6100
2022/7/20,sh.510010,1.390,1.400,1.375,1.396,19800
2022/7/21,sh.510010,1.385,1.389,1.380,1.389,9300
2022/7/22,sh.510010,1.389,1.394,1.375,1.379,21100
2022/7/25,sh.510010,1.365,1.375,1.355,1.356,17900
2022/7/26,sh.510010,1.356,1.373,1.356,1.371,22379
2022/7/27,sh.510010,1.371,1.375,1.358,1.375,5800
2022/7/28,sh.510010,1.378,1.385,1.365,1.375,18400
2022/7/29,sh.510010,1.366,1.385,1.365,1.367,24800
2022/8/1,sh.510010,1.364,1.373,1.350,1.367,6900
2022/8/2,sh.510010,1.355,1.355,1.334,1.350,8400
2022/8/3,sh.510010,1.349,1.349,1.320,1.325,23400
2022/8/4,sh.510010,1.349,1.349,1.306,1.325,17170
2022/8/5,sh.510010,1.333,1.334,1.319,1.334,15000
2022/8/8,sh.510010,1.334,1.348,1.334,1.342,7800
2022/8/9,sh.510010,1.320,1.348,1.319,1.348,63800
2022/8/10,sh.510010,1.339,1.340,1.302,1.319,26500
2022/8/11,sh.510010,1.330,1.348,1.324,1.348,15400
2022/8/12,sh.510010,1.348,1.364,1.332,1.364,47500
2022/8/15,sh.510010,1.364,1.364,1.342,1.364,32200
2022/8/16,sh.510010,1.335,1.364,1.335,1.362,3300
2022/8/17,sh.510010,1.360,1.362,1.356,1.362,11000
2022/8/18,sh.510010,1.364,1.365,1.355,1.365,16700
2022/8/19,sh.510010,1.365,1.365,1.365,1.365,1600
2022/8/22,sh.510010,1.349,1.365,1.349,1.365,2600
2022/8/23,sh.510010,1.365,1.367,1.355,1.367,2900
2022/8/24,sh.510010,1.353,1.367,1.349,1.349,3700
2022/8/25,sh.510010,1.350,1.367,1.350,1.367,65598
2022/8/26,sh.510010,1.367,1.367,1.367,1.367,1200
2022/8/29,sh.510010,1.373,1.373,1.353,1.372,8800
2022/8/30,sh.510010,1.354,1.367,1.349,1.354,7200
2022/8/31,sh.510010,1.354,1.367,1.340,1.353,22300
2022/9/1,sh.510010,1.350,1.367,1.349,1.367,12379
2022/9/2,sh.510010,1.360,1.375,1.351,1.375,17079
2022/9/5,sh.510010,1.353,1.368,1.353,1.367,7400
2022/9/6,sh.510010,1.353,1.365,1.353,1.364,1500
2022/9/7,sh.510010,1.366,1.366,1.355,1.366,6500
2022/9/8,sh.510010,1.366,1.367,1.366,1.367,5379
2022/9/9,sh.510010,1.368,1.393,1.368,1.384,22200
2022/9/13,sh.510010,1.385,1.391,1.384,1.391,15919
2022/9/14,sh.510010,1.385,1.389,1.375,1.389,2700
2022/9/15,sh.510010,1.376,1.393,1.364,1.367,4300
2022/9/16,sh.510010,1.365,1.365,1.340,1.340,7900
2022/9/19,sh.510010,1.339,1.352,1.331,1.332,21600
2022/9/20,sh.510010,1.348,1.350,1.335,1.350,1500
2022/9/21,sh.510010,1.347,1.350,1.347,1.350,1300
2022/9/22,sh.510010,1.350,1.390,1.324,1.368,15900
2022/9/23,sh.510010,1.361,1.365,1.330,1.350,27200
2022/9/26,sh.510010,1.446,1.446,1.273,1.323,69200
2022/9/27,sh.510010,1.306,1.319,1.300,1.318,26000
2022/9/28,sh.510010,1.284,1.317,1.284,1.315,4200
2022/9/29,sh.510010,1.298,1.315,1.298,1.313,18400
2022/9/30,sh.510010,1.310,1.310,1.280,1.282,46700
2022/10/10,sh.510010,1.280,1.302,1.280,1.280,13600
2022/10/11,sh.510010,1.292,1.293,1.280,1.292,8500
2022/10/12,sh.510010,1.281,1.293,1.253,1.293,26500
2022/10/13,sh.510010,1.293,1.293,1.256,1.293,4600
2022/10/14,sh.510010,1.292,1.306,1.292,1.306,14900
2022/10/17,sh.510010,1.293,1.300,1.283,1.300,9300
2022/10/18,sh.510010,1.304,1.304,1.292,1.301,3700
2022/10/19,sh.510010,1.305,1.305,1.293,1.293,7800
2022/10/20,sh.510010,1.293,1.293,1.289,1.293,12700
2022/10/21,sh.510010,1.280,1.293,1.280,1.293,34600
2022/10/24,sh.510010,1.282,1.282,1.242,1.279,36600
2022/10/25,sh.510010,1.254,1.279,1.251,1.273,9800
2022/10/26,sh.510010,1.254,1.280,1.254,1.280,11500
2022/10/27,sh.510010,1.256,1.267,1.166,1.267,10400
2022/10/28,sh.510010,1.250,1.267,1.229,1.229,5400
2022/10/31,sh.510010,1.229,1.250,1.218,1.218,10900
2022/11/1,sh.510010,1.236,1.236,1.220,1.220,6800
2022/11/2,sh.510010,1.235,1.235,1.235,1.235,5500
2022/11/3,sh.510010,1.249,1.250,1.245,1.249,9300
2022/11/4,sh.510010,1.267,1.267,1.229,1.261,22200
2022/11/7,sh.510010,1.260,1.261,1.249,1.261,28200
2022/11/8,sh.510010,1.267,1.267,1.252,1.252,5200
2022/11/9,sh.510010,1.263,1.263,1.245,1.262,7200
2022/11/10,sh.510010,1.262,1.262,1.241,1.252,11800
2022/11/11,sh.510010,1.260,1.285,1.260,1.280,22200
2022/11/14,sh.510010,1.295,1.350,1.295,1.345,88200
2022/11/15,sh.510010,1.300,1.398,1.300,1.351,147400
2022/11/16,sh.510010,1.328,1.355,1.315,1.334,83000
2022/11/17,sh.510010,1.318,1.318,1.295,1.314,33200
2022/11/18,sh.510010,1.314,1.314,1.297,1.314,15000
2022/11/21,sh.510010,1.314,1.314,1.279,1.300,7300
2022/11/22,sh.510010,1.300,1.386,1.300,1.359,61600
2022/11/23,sh.510010,1.378,1.378,1.322,1.344,51200
2022/11/24,sh.510010,1.355,1.368,1.254,1.335,51000
2022/11/25,sh.510010,1.316,1.400,1.235,1.347,166800
2022/11/28,sh.510010,1.325,1.361,1.303,1.324,133200
2022/11/29,sh.510010,1.304,1.355,1.304,1.348,162800
2022/11/30,sh.510010,1.355,1.358,1.343,1.348,16200
2022/12/1,sh.510010,1.348,1.374,1.348,1.353,17300
2022/12/2,sh.510010,1.340,1.346,1.340,1.346,11200
2022/12/5,sh.510010,1.350,1.381,1.350,1.381,70400
2022/12/6,sh.510010,1.362,1.384,1.362,1.380,17500
2022/12/7,sh.510010,1.380,1.380,1.362,1.362,20000
2022/12/8,sh.510010,1.373,1.386,1.365,1.382,117000
2022/12/9,sh.510010,1.388,1.388,1.358,1.384,12800
2022/12/12,sh.510010,1.392,1.392,1.358,1.374,44295
2022/12/13,sh.510010,1.374,1.375,1.374,1.375,14400
2022/12/14,sh.510010,1.375,1.376,1.366,1.376,6600
2022/12/15,sh.510010,1.376,1.376,1.374,1.374,7600
2022/12/16,sh.510010,1.374,1.389,1.363,1.389,2900
2022/12/19,sh.510010,1.365,1.388,1.344,1.346,37300
2022/12/20,sh.510010,1.346,1.362,1.330,1.330,15795
2022/12/21,sh.510010,1.345,1.345,1.328,1.328,12600
2022/12/22,sh.510010,1.350,1.350,1.332,1.333,7000
2022/12/23,sh.510010,1.334,1.356,1.334,1.335,2000
2022/12/26,sh.510010,1.340,1.340,1.335,1.335,1400
2022/12/27,sh.510010,1.335,1.469,1.335,1.394,38600
2022/12/28,sh.510010,1.389,1.389,1.330,1.352,9900
2022/12/29,sh.510010,1.370,1.370,1.332,1.357,34900
2022/12/30,sh.510010,1.356,1.357,1.356,1.357,6600
2023/1/3,sh.510010,1.348,1.358,1.331,1.358,6300
2023/1/4,sh.510010,1.356,1.369,1.351,1.369,14700
2023/1/5,sh.510010,1.369,1.388,1.369,1.388,22014
2023/1/6,sh.510010,1.375,1.380,1.375,1.380,17601
2023/1/9,sh.510010,1.390,1.402,1.390,1.400,12300
2023/1/10,sh.510010,1.400,1.400,1.386,1.396,4000
2023/1/11,sh.510010,1.393,1.402,1.393,1.402,8700
2023/1/12,sh.510010,1.400,1.402,1.386,1.393,12000
2023/1/13,sh.510010,1.390,1.413,1.390,1.408,19000
2023/1/16,sh.510010,1.416,1.439,1.410,1.427,40800
2023/1/17,sh.510010,1.420,1.430,1.420,1.430,3500
2023/1/18,sh.510010,1.419,1.431,1.419,1.431,1100
2023/1/19,sh.510010,1.412,1.425,1.412,1.425,3400
2023/1/20,sh.510010,1.434,1.439,1.426,1.438,16100
2023/1/30,sh.510010,1.444,1.456,1.436,1.446,83500
2023/1/31,sh.510010,1.434,1.459,1.432,1.433,6400
2023/2/1,sh.510010,1.434,1.453,1.430,1.453,5700
2023/2/2,sh.510010,1.431,1.454,1.431,1.444,3000
2023/2/3,sh.510010,1.430,1.442,1.413,1.438,41000
2023/2/6,sh.510010,1.414,1.414,1.398,1.398,14300
2023/2/7,sh.510010,1.410,1.410,1.398,1.398,1100
2023/2/8,sh.510010,1.407,1.413,1.407,1.407,11600
2023/2/9,sh.510010,1.407,1.426,1.407,1.418,8300
2023/2/10,sh.510010,1.409,1.443,1.409,1.427,24000
2023/2/13,sh.510010,1.426,1.426,1.399,1.426,19300
2023/2/14,sh.510010,1.429,1.429,1.398,1.426,6000
2023/2/15,sh.510010,1.410,1.420,1.410,1.420,7900
2023/2/16,sh.510010,1.425,1.425,1.400,1.400,38600
2023/2/17,sh.510010,1.399,1.399,1.399,1.399,4700
2023/2/20,sh.510010,1.398,1.426,1.398,1.426,25600
2023/2/21,sh.510010,1.426,1.446,1.425,1.427,39100
2023/2/22,sh.510010,1.430,1.430,1.421,1.421,6500
2023/2/23,sh.510010,1.429,1.429,1.425,1.429,9200
2023/2/24,sh.510010,1.414,1.420,1.409,1.420,9800
2023/2/27,sh.510010,1.398,1.425,1.398,1.402,1901
2023/2/28,sh.510010,1.406,1.424,1.406,1.424,400
2023/3/1,sh.510010,1.424,1.431,1.424,1.431,13100
2023/3/2,sh.510010,1.439,1.443,1.433,1.440,5600
2023/3/3,sh.510010,1.443,1.445,1.414,1.445,12700
2023/3/6,sh.510010,1.428,1.445,1.427,1.429,6200
2023/3/7,sh.510010,1.446,1.446,1.426,1.426,97500
2023/3/8,sh.510010,1.419,1.419,1.409,1.419,4200
2023/3/9,sh.510010,1.410,1.410,1.399,1.399,11800
2023/3/10,sh.510010,1.399,1.409,1.370,1.404,25100
2023/3/13,sh.510010,1.386,1.406,1.386,1.403,1500
2023/3/14,sh.510010,1.390,1.408,1.390,1.408,14700
2023/3/15,sh.510010,1.408,1.408,1.408,1.408,3700
2023/3/16,sh.510010,1.408,1.408,1.408,1.408,INVALID
2023/3/17,sh.510010,1.409,1.414,1.399,1.399,19400
2023/3/20,sh.510010,1.399,1.403,1.382,1.386,16500
2023/3/21,sh.510010,1.380,1.398,1.380,1.398,1200
2023/3/22,sh.510010,1.398,1.398,1.398,1.398,2300
2023/3/23,sh.510010,1.387,1.408,1.387,1.406,5600
2023/3/24,sh.510010,1.406,1.406,1.406,1.406,INVALID
2023/3/27,sh.510010,1.406,1.406,1.406,1.406,INVALID
2023/3/28,sh.510010,1.385,1.403,1.372,1.392,51700
2023/3/29,sh.510010,1.395,1.395,1.373,1.374,2900
2023/3/30,sh.510010,1.371,1.382,1.364,1.382,42400
2023/3/31,sh.510010,1.390,1.398,1.390,1.398,14800
2023/4/3,sh.510010,1.387,1.411,1.387,1.407,5500
2023/4/4,sh.510010,1.414,1.414,1.393,1.393,700
2023/4/6,sh.510010,1.396,1.414,1.396,1.400,4396
2023/4/7,sh.510010,1.400,1.413,1.400,1.413,3000
2023/4/10,sh.510010,1.414,1.414,1.396,1.411,7200
2023/4/11,sh.510010,1.404,1.404,1.398,1.398,18800
2023/4/12,sh.510010,1.398,1.413,1.398,1.413,1600
2023/4/13,sh.510010,1.393,1.397,1.393,1.396,14800
2023/4/14,sh.510010,1.396,1.416,1.396,1.403,33800
2023/4/17,sh.510010,1.404,1.436,1.404,1.426,36059
2023/4/18,sh.510010,1.424,1.450,1.424,1.450,64200
2023/4/19,sh.510010,1.451,1.456,1.433,1.439,40900
2023/4/20,sh.510010,1.430,1.445,1.426,1.427,12400
2023/4/21,sh.510010,1.426,1.446,1.414,1.433,59800
2023/4/24,sh.510010,1.433,1.433,1.398,1.398,25100
2023/4/25,sh.510010,1.414,1.414,1.394,1.394,40000
2023/4/26,sh.510010,1.394,1.407,1.383,1.406,18300
2023/4/27,sh.510010,1.409,1.424,1.408,1.424,18600
2023/4/28,sh.510010,1.426,1.442,1.426,1.426,10400
2023/5/4,sh.510010,1.426,1.448,1.426,1.440,33500
2023/5/5,sh.510010,1.440,1.570,1.440,1.479,273259
2023/5/8,sh.510010,1.483,1.500,1.443,1.474,138334
2023/5/9,sh.510010,1.466,1.580,1.466,1.565,212262
2023/5/10,sh.510010,1.563,1.563,1.466,1.530,119000
2023/5/11,sh.510010,1.520,1.520,1.470,1.480,177500
2023/5/12,sh.510010,1.480,1.490,1.442,1.485,163900
2023/5/15,sh.510010,1.481,1.503,1.433,1.460,159200
2023/5/16,sh.510010,1.444,1.460,1.440,1.440,88700
2023/5/17,sh.510010,1.440,1.447,1.417,1.418,171100
2023/5/18,sh.510010,1.421,1.440,1.421,1.433,31800
2023/5/19,sh.510010,1.409,1.427,1.409,1.420,29900
2023/5/22,sh.510010,1.429,1.429,1.419,1.420,55400
2023/5/23,sh.510010,1.420,1.425,1.409,1.411,10500
2023/5/24,sh.510010,1.392,1.407,1.390,1.390,21600
2023/5/25,sh.510010,1.369,1.391,1.369,1.389,4300
2023/5/26,sh.510010,1.386,1.407,1.361,1.406,23500
2023/5/29,sh.510010,1.390,1.390,1.380,1.382,7700
2023/5/30,sh.510010,1.386,1.386,1.365,1.382,2128
2023/5/31,sh.510010,1.375,1.381,1.356,1.375,7500
2023/6/1,sh.510010,1.385,1.385,1.365,1.370,20000
2023/6/2,sh.510010,1.378,1.388,1.374,1.388,24300
2023/6/5,sh.510010,1.388,1.388,1.380,1.388,7800
2023/6/6,sh.510010,1.390,1.396,1.375,1.389,59400
2023/6/7,sh.510010,1.378,1.382,1.378,1.382,36300
2023/6/8,sh.510010,1.389,1.402,1.385,1.396,11200
2023/6/9,sh.510010,1.386,1.407,1.386,1.399,21100
2023/6/12,sh.510010,1.380,1.395,1.380,1.395,16300
2023/6/13,sh.510010,1.380,1.398,1.380,1.398,5200
2023/6/14,sh.510010,1.402,1.407,1.391,1.404,29800
2023/6/15,sh.510010,1.400,1.407,1.397,1.404,10600
2023/6/16,sh.510010,1.409,1.417,1.407,1.417,26700
2023/6/19,sh.510010,1.422,1.425,1.413,1.413,10000
2023/6/20,sh.510010,1.413,1.413,1.413,1.413,INVALID
2023/6/21,sh.510010,1.392,1.406,1.383,1.400,15100
2023/6/26,sh.510010,1.380,1.380,1.374,1.375,6200
2023/6/27,sh.510010,1.377,1.389,1.377,1.389,24600
2023/6/28,sh.510010,1.383,1.389,1.383,1.388,8200
2023/6/29,sh.510010,1.381,1.388,1.381,1.388,34400
2023/6/30,sh.510010,1.392,1.397,1.392,1.395,1400
2023/7/3,sh.510010,1.398,1.412,1.398,1.411,38100
2023/7/4,sh.510010,1.398,1.411,1.398,1.411,6700
2023/7/5,sh.510010,1.426,1.426,1.396,1.409,10500
2023/7/6,sh.510010,1.393,1.399,1.390,1.390,17473
2023/7/7,sh.510010,1.378,1.398,1.378,1.396,15800
2023/7/10,sh.510010,1.409,1.409,1.375,1.396,4400
2023/7/11,sh.510010,1.406,1.406,1.406,1.406,100
2023/7/12,sh.510010,1.408,1.409,1.390,1.408,8000
2023/7/13,sh.510010,1.408,1.423,1.408,1.423,23800
2023/7/14,sh.510010,1.426,1.426,1.408,1.421,9659
2023/7/17,sh.510010,1.421,1.421,1.421,1.421,INVALID
2023/7/18,sh.510010,1.419,1.419,1.419,1.419,26600
2023/7/19,sh.510010,1.394,1.426,1.394,1.419,11400
2023/7/20,sh.510010,1.420,1.421,1.392,1.406,5900
2023/7/21,sh.510010,1.419,1.419,1.403,1.404,500
2023/7/24,sh.510010,1.404,1.416,1.404,1.415,9300
2023/7/25,sh.510010,1.392,1.444,1.392,1.443,28829
2023/7/26,sh.510010,1.426,1.447,1.426,1.447,8600
2023/7/27,sh.510010,1.448,1.498,1.448,1.454,39400
2023/7/28,sh.510010,1.443,1.477,1.428,1.471,108632
2023/7/31,sh.510010,1.477,1.596,1.477,1.501,53000
2023/8/1,sh.510010,1.499,1.499,1.479,1.492,18800
2023/8/2,sh.510010,1.491,1.491,1.462,1.478,44200
2023/8/3,sh.510010,1.482,1.486,1.466,1.485,8000
2023/8/4,sh.510010,1.492,1.505,1.492,1.493,13100
2023/8/7,sh.510010,1.501,1.501,1.477,1.484,3900
2023/8/8,sh.510010,1.484,1.484,1.468,1.470,6600
2023/8/9,sh.510010,1.548,1.548,1.479,1.479,37100
2023/8/10,sh.510010,1.472,1.478,1.471,1.474,7900
2023/8/11,sh.510010,1.462,1.478,1.455,1.455,16500
2023/8/14,sh.510010,1.443,1.459,1.410,1.450,42700
2023/8/15,sh.510010,1.442,1.442,1.426,1.440,7000
2023/8/16,sh.510010,1.413,1.442,1.413,1.438,2400
2023/8/17,sh.510010,1.415,1.442,1.410,1.442,16700
2023/8/18,sh.510010,1.431,1.431,1.431,1.431,35400
2023/8/21,sh.510010,1.410,1.421,1.409,1.414,3300
2023/8/22,sh.510010,1.410,1.425,1.402,1.425,33200
2023/8/23,sh.510010,1.403,1.418,1.403,1.413,27100
2023/8/24,sh.510010,1.410,1.419,1.407,1.419,2500
2023/8/25,sh.510010,1.409,1.418,1.409,1.418,5011
2023/8/28,sh.510010,1.426,1.492,1.385,1.429,41800
2023/8/29,sh.510010,1.426,1.430,1.420,1.421,20500
2023/8/30,sh.510010,1.426,1.431,1.416,1.428,22200
2023/8/31,sh.510010,1.428,1.428,1.428,1.428,INVALID
2023/9/1,sh.510010,1.428,1.441,1.419,1.435,5100
2023/9/4,sh.510010,1.442,1.476,1.442,1.446,70800
2023/9/5,sh.510010,1.443,1.450,1.440,1.440,8100
2023/9/6,sh.510010,1.440,1.440,1.440,1.440,INVALID
2023/9/7,sh.510010,1.437,1.437,1.429,1.429,22000
2023/9/8,sh.510010,1.429,1.429,1.429,1.429,INVALID
2023/9/11,sh.510010,1.434,1.444,1.426,1.426,31600
2023/9/12,sh.510010,1.437,1.437,1.424,1.435,900
2023/9/13,sh.510010,1.430,1.430,1.430,1.430,100
2023/9/14,sh.510010,1.420,1.430,1.420,1.426,900
2023/9/15,sh.510010,1.423,1.423,1.423,1.423,200
2023/9/18,sh.510010,1.419,1.430,1.391,1.430,111719
2023/9/19,sh.510010,1.419,1.428,1.419,1.421,34300
2023/9/20,sh.510010,1.428,1.428,1.421,1.421,6700
2023/9/21,sh.510010,1.409,1.421,1.409,1.419,6800
2023/9/22,sh.510010,1.419,1.444,1.419,1.439,6600
2023/9/25,sh.510010,1.415,1.438,1.415,1.436,300
2023/9/26,sh.510010,1.429,1.429,1.429,1.429,500
2023/9/27,sh.510010,1.405,1.428,1.405,1.425,1000
2023/9/28,sh.510010,1.429,1.429,1.429,1.429,100
2023/10/9,sh.510010,1.409,1.413,1.390,1.391,54800
2023/10/10,sh.510010,1.429,1.429,1.393,1.394,12300
2023/10/11,sh.510010,1.394,1.419,1.379,1.407,9700
2023/10/12,sh.510010,1.405,1.454,1.405,1.412,62300
2023/10/13,sh.510010,1.395,1.404,1.395,1.404,13800
2023/10/16,sh.510010,1.399,1.399,1.380,1.391,3900
2023/10/17,sh.510010,1.436,1.436,1.388,1.393,110600
2023/10/18,sh.510010,1.393,1.394,1.384,1.392,43100
2023/10/19,sh.510010,1.372,1.372,1.358,1.358,26900
2023/10/20,sh.510010,1.350,1.353,1.350,1.350,11200
2023/10/23,sh.510010,1.326,1.333,1.318,1.323,124026
2023/10/24,sh.510010,1.325,1.365,1.323,1.331,24200
2023/10/25,sh.510010,1.341,1.350,1.340,1.350,5619
2023/10/26,sh.510010,1.348,1.386,1.338,1.358,30100
2023/10/27,sh.510010,1.357,1.366,1.346,1.366,27100
2023/10/30,sh.510010,1.366,1.367,1.335,1.345,103000
2023/10/31,sh.510010,1.348,1.348,1.340,1.345,92400
2023/11/1,sh.510010,1.345,1.363,1.345,1.362,11800
2023/11/2,sh.510010,1.377,1.377,1.357,1.369,105100
2023/11/3,sh.510010,1.368,1.372,1.368,1.371,17400
2023/11/6,sh.510010,1.371,1.381,1.362,1.377,14700
2023/11/7,sh.510010,1.377,1.377,1.357,1.357,7900
2023/11/8,sh.510010,1.367,1.367,1.357,1.357,7800
2023/11/9,sh.510010,1.353,1.353,1.353,1.353,200
2023/11/10,sh.510010,1.429,1.429,1.334,1.365,89900
2023/11/13,sh.510010,1.328,1.350,1.328,1.350,48900
2023/11/14,sh.510010,1.360,1.360,1.350,1.350,3400
2023/11/15,sh.510010,1.350,1.387,1.350,1.353,45200
2023/11/16,sh.510010,1.375,1.378,1.351,1.368,102089
2023/11/17,sh.510010,1.335,1.360,1.335,1.358,48189
2023/11/20,sh.510010,1.358,1.359,1.340,1.347,34448
2023/11/21,sh.510010,1.359,1.368,1.350,1.350,35100
2023/11/22,sh.510010,1.341,1.377,1.341,1.367,41700
2023/11/23,sh.510010,1.367,1.367,1.343,1.352,24400
2023/11/24,sh.510010,1.363,1.364,1.349,1.349,14100
2023/11/27,sh.510010,1.336,1.346,1.336,1.340,7600
2023/11/28,sh.510010,1.340,1.340,1.334,1.336,5600
2023/11/29,sh.510010,1.324,1.344,1.324,1.331,28800
2023/11/30,sh.510010,1.317,1.340,1.315,1.338,11300
2023/12/1,sh.510010,1.335,1.335,1.326,1.329,3400
2023/12/4,sh.510010,1.327,1.335,1.325,1.325,23400
2023/12/5,sh.510010,1.320,1.320,1.313,1.313,1400
2023/12/6,sh.510010,1.299,1.310,1.298,1.307,11800
2023/12/7,sh.510010,1.300,1.300,1.289,1.299,10500
2023/12/8,sh.510010,1.304,1.344,1.298,1.314,29400
2023/12/11,sh.510010,1.314,1.314,1.276,1.302,29100
2023/12/12,sh.510010,1.300,1.308,1.291,1.308,29000
2023/12/13,sh.510010,1.297,1.297,1.287,1.287,13300
2023/12/14,sh.510010,1.299,1.299,1.290,1.297,10600
2023/12/15,sh.510010,1.297,1.297,1.291,1.291,13700
2023/12/18,sh.510010,1.291,1.291,1.288,1.288,5400
2023/12/19,sh.510010,1.285,1.285,1.285,1.285,4900
2023/12/20,sh.510010,1.281,1.285,1.281,1.283,12200
2023/12/21,sh.510010,1.283,1.301,1.283,1.286,13700
2023/12/22,sh.510010,1.277,1.292,1.277,1.292,6500
2023/12/25,sh.510010,1.331,1.331,1.250,1.304,91300
2023/12/26,sh.510010,1.268,1.320,1.268,1.309,156000
2023/12/27,sh.510010,1.283,1.340,1.283,1.322,148800
2023/12/28,sh.510010,1.287,1.344,1.287,1.335,401345
2023/12/29,sh.510010,1.305,1.370,1.305,1.329,120500
2024/1/2,sh.510010,1.325,1.374,1.311,1.313,113200
2024/1/3,sh.510010,1.298,1.332,1.298,1.322,32300
2024/1/4,sh.510010,1.321,1.321,1.297,1.306,22745
2024/1/5,sh.510010,1.306,1.321,1.306,1.310,27400
2024/1/8,sh.510010,1.310,1.310,1.299,1.300,14800
2024/1/9,sh.510010,1.290,1.329,1.266,1.324,108500
2024/1/10,sh.510010,1.290,1.309,1.289,1.291,92500
2024/1/11,sh.510010,1.275,1.300,1.270,1.291,8800
2024/1/12,sh.510010,1.290,1.297,1.287,1.289,6600
2024/1/15,sh.510010,1.278,1.297,1.276,1.295,14400
2024/1/16,sh.510010,1.282,1.299,1.271,1.299,31000
2024/1/17,sh.510010,1.318,1.318,1.277,1.290,45800
2024/1/18,sh.510010,1.253,1.317,1.252,1.317,102500
2024/1/19,sh.510010,1.261,1.307,1.261,1.297,9500
2024/1/22,sh.510010,1.295,1.306,1.271,1.293,11000
2024/1/23,sh.510010,1.290,1.290,1.271,1.280,27000
2024/1/24,sh.510010,1.261,1.303,1.207,1.300,83300
2024/1/25,sh.510010,1.290,1.332,1.290,1.332,33200
2024/1/26,sh.510010,1.326,1.339,1.315,1.332,43000
2024/1/29,sh.510010,1.332,1.365,1.332,1.365,196100
2024/1/30,sh.510010,1.333,1.394,1.322,1.329,1309200
2024/1/31,sh.510010,1.362,1.372,1.316,1.355,348700
2024/2/1,sh.510010,1.344,1.350,1.313,1.331,456100
2024/2/2,sh.510010,1.320,1.410,1.280,1.379,699600
2024/2/5,sh.510010,1.360,1.370,1.314,1.361,474600
2024/2/6,sh.510010,1.322,1.369,1.322,1.361,575200
2024/2/7,sh.510010,1.336,1.357,1.336,1.354,332000
2024/2/8,sh.510010,1.340,1.395,1.340,1.382,254417
2024/2/19,sh.510010,1.395,1.417,1.372,1.391,602300
2024/2/20,sh.510010,1.391,1.391,1.371,1.385,124400
2024/2/21,sh.510010,1.377,1.416,1.377,1.414,178700
2024/2/22,sh.510010,1.400,1.430,1.400,1.430,207800
2024/2/23,sh.510010,1.412,1.465,1.412,1.449,112600
2024/2/26,sh.510010,1.431,1.432,1.410,1.425,69700
2024/2/27,sh.510010,1.405,1.423,1.397,1.423,84600
2024/2/28,sh.510010,1.423,1.423,1.405,1.405,51500
2024/2/29,sh.510010,1.405,1.418,1.391,1.405,72900
2024/3/1,sh.510010,1.415,1.419,1.400,1.419,194700
2024/3/4,sh.510010,1.418,1.419,1.404,1.414,94800
2024/3/5,sh.510010,1.400,1.430,1.400,1.430,155600
2024/3/6,sh.510010,1.432,1.432,1.417,1.431,53200
2024/3/7,sh.510010,1.428,1.436,1.421,1.427,418300
2024/3/8,sh.510010,1.420,1.431,1.416,1.426,14900
2024/3/11,sh.510010,1.423,1.438,1.420,1.438,266700
2024/3/12,sh.510010,1.438,1.438,1.420,1.425,559817
2024/3/13,sh.510010,1.412,1.416,1.405,1.407,22600
2024/3/14,sh.510010,1.394,1.413,1.394,1.412,31400
2024/3/15,sh.510010,1.408,1.412,1.408,1.412,144000
2024/3/18,sh.510010,1.407,1.426,1.407,1.420,86267
2024/3/19,sh.510010,1.415,1.416,1.409,1.415,385200
2024/3/20,sh.510010,1.406,1.414,1.406,1.414,600
2024/3/21,sh.510010,1.414,1.414,1.408,1.411,20367
2024/3/22,sh.510010,1.405,1.405,1.395,1.403,79700
2024/3/25,sh.510010,1.403,1.415,1.403,1.410,6400
2024/3/26,sh.510010,1.409,1.410,1.408,1.410,7300
2024/3/27,sh.510010,1.413,1.414,1.413,1.414,17200
2024/3/28,sh.510010,1.400,1.417,1.400,1.417,16500
2024/3/29,sh.510010,1.420,1.425,1.420,1.423,9100
2024/4/1,sh.510010,1.426,1.437,1.426,1.436,31600
2024/4/2,sh.510010,1.425,1.425,1.425,1.425,5300
2024/4/3,sh.510010,1.423,1.423,1.423,1.423,1200
2024/4/8,sh.510010,1.450,1.450,1.420,1.432,3800
2024/4/9,sh.510010,1.420,1.422,1.413,1.420,23300
2024/4/10,sh.510010,1.425,1.425,1.412,1.424,15200
2024/4/11,sh.510010,1.416,1.421,1.413,1.413,1200
2024/4/12,sh.510010,1.415,1.421,1.410,1.410,7700
2024/4/15,sh.510010,1.414,1.436,1.414,1.436,10600
2024/4/16,sh.510010,1.434,1.435,1.432,1.435,6400
2024/4/17,sh.510010,1.432,1.448,1.432,1.448,7700
2024/4/18,sh.510010,1.446,1.461,1.445,1.460,21900
2024/4/19,sh.510010,1.457,1.457,1.454,1.454,180500
2024/4/22,sh.510010,1.454,1.454,1.454,1.454,INVALID
2024/4/23,sh.510010,1.439,1.439,1.427,1.429,19214600
2024/4/24,sh.510010,1.426,1.442,1.426,1.440,15700
2024/4/25,sh.510010,1.440,1.446,1.440,1.446,8700
2024/4/26,sh.510010,1.445,1.464,1.445,1.464,24900
2024/4/29,sh.510010,1.469,1.469,1.460,1.460,10800
2024/4/30,sh.510010,1.460,1.466,1.460,1.466,600
2024/5/6,sh.510010,1.470,1.484,1.470,1.481,34900
2024/5/7,sh.510010,1.472,1.475,1.471,1.471,658900
2024/5/8,sh.510010,1.470,1.470,1.466,1.466,803600
2024/5/9,sh.510010,1.472,1.490,1.471,1.485,2490800
2024/5/10,sh.510010,1.482,1.488,1.478,1.484,2050100
2024/5/13,sh.510010,1.486,1.495,1.477,1.487,1158100
2024/5/14,sh.510010,1.486,1.490,1.479,1.490,1484100
2024/5/15,sh.510010,1.473,1.482,1.470,1.473,515700
2024/5/16,sh.510010,1.478,1.491,1.476,1.486,447300
2024/5/17,sh.510010,1.485,1.494,1.485,1.494,10900
2024/5/20,sh.510010,1.497,1.510,1.497,1.499,26800
2024/5/21,sh.510010,1.495,1.510,1.495,1.510,48600
2024/5/22,sh.510010,1.511,1.514,1.508,1.511,55000
2024/5/23,sh.510010,1.498,1.498,1.485,1.487,29400
2024/5/24,sh.510010,1.482,1.490,1.482,1.482,20200
2024/5/27,sh.510010,1.479,1.489,1.479,1.489,1600
2024/5/28,sh.510010,1.510,1.510,1.490,1.499,26700
2024/5/29,sh.510010,1.499,1.505,1.484,1.489,19900
2024/5/30,sh.510010,1.482,1.490,1.470,1.490,57400
2024/5/31,sh.510010,1.478,1.487,1.469,1.475,44800
2024/6/3,sh.510010,1.470,1.475,1.470,1.472,3400
2024/6/4,sh.510010,1.475,1.487,1.475,1.487,119300
2024/6/5,sh.510010,1.487,1.487,1.470,1.478,96600
2024/6/6,sh.510010,1.490,1.490,1.474,1.487,16400
2024/6/7,sh.510010,1.490,1.510,1.472,1.491,7900
2024/6/11,sh.510010,1.491,1.491,1.449,1.467,28100
2024/6/12,sh.510010,1.460,1.465,1.451,1.465,9000
2024/6/13,sh.510010,1.453,1.466,1.447,1.448,420700
2024/6/14,sh.510010,1.449,1.469,1.442,1.469,419800
2024/6/17,sh.510010,1.435,1.468,1.435,1.444,495100
2024/6/18,sh.510010,1.445,1.455,1.445,1.446,516900
2024/6/19,sh.510010,1.451,1.455,1.447,1.455,229600
2024/6/20,sh.510010,1.456,1.457,1.450,1.456,338500
2024/6/21,sh.510010,1.452,1.452,1.444,1.452,521300
2024/6/24,sh.510010,1.439,1.452,1.439,1.445,225700
2024/6/25,sh.510010,1.447,1.451,1.447,1.447,500
2024/6/26,sh.510010,1.441,1.449,1.440,1.449,210000
2024/6/27,sh.510010,1.439,1.445,1.439,1.445,9400
2024/6/28,sh.510010,1.450,1.460,1.450,1.455,60400
2024/7/1,sh.510010,1.455,1.466,1.454,1.465,49300
2024/7/2,sh.510010,1.461,1.477,1.460,1.473,282200
2024/7/3,sh.510010,1.457,1.470,1.457,1.468,76800
2024/7/4,sh.510010,1.469,1.473,1.466,1.468,81700
2024/7/5,sh.510010,1.466,1.466,1.446,1.455,479900
2024/7/8,sh.510010,1.451,1.455,1.451,1.455,1100
2024/7/9,sh.510010,1.449,1.465,1.449,1.465,259400
2024/7/10,sh.510010,1.464,1.464,1.456,1.458,4100
2024/7/11,sh.510010,1.459,1.470,1.459,1.468,308600
2024/7/12,sh.510010,1.472,1.477,1.472,1.477,16800
2024/7/15,sh.510010,1.478,1.485,1.478,1.485,16300
2024/7/16,sh.510010,1.477,1.484,1.477,1.481,13600
2024/7/17,sh.510010,1.486,1.488,1.485,1.485,10700
2024/7/18,sh.510010,1.491,1.501,1.482,1.491,170100
2024/7/19,sh.510010,1.492,1.509,1.489,1.507,170400
2024/7/22,sh.510010,1.490,1.495,1.479,1.484,794100
2024/7/23,sh.510010,1.477,1.477,1.462,1.462,275700
2024/7/24,sh.510010,1.474,1.474,1.460,1.461,118200
2024/7/25,sh.510010,1.449,1.449,1.443,1.445,100000
2024/7/26,sh.510010,1.450,1.450,1.444,1.449,74500
2024/7/29,sh.510010,1.449,1.449,1.443,1.443,200
2024/7/30,sh.510010,1.434,1.444,1.434,1.439,2700
2024/7/31,sh.510010,1.440,1.463,1.440,1.463,41200
2024/8/1,sh.510010,1.452,1.461,1.452,1.456,41500
2024/8/2,sh.510010,1.456,1.456,1.456,1.456,INVALID
2024/8/5,sh.510010,1.438,1.446,1.425,1.428,78500
2024/8/6,sh.510010,1.428,1.428,1.410,1.415,17600
2024/8/7,sh.510010,1.420,1.433,1.418,1.422,1600
2024/8/8,sh.510010,1.412,1.423,1.412,1.419,17100
2024/8/9,sh.510010,1.426,1.426,1.420,1.425,22900
2024/8/12,sh.510010,1.390,1.490,1.390,1.415,21600
2024/8/13,sh.510010,1.422,1.426,1.417,1.417,1200
2024/8/14,sh.510010,1.417,1.417,1.417,1.417,INVALID
2024/8/15,sh.510010,1.429,1.430,1.429,1.430,1200
2024/8/16,sh.510010,1.443,1.443,1.433,1.433,2300
2024/8/19,sh.510010,1.443,1.444,1.443,1.444,11200
2024/8/20,sh.510010,1.444,1.444,1.444,1.444,INVALID
2024/8/21,sh.510010,1.432,1.432,1.432,1.432,3500
2024/8/22,sh.510010,1.431,1.432,1.431,1.432,2000
2024/8/23,sh.510010,1.445,1.448,1.444,1.448,5700
2024/8/26,sh.510010,1.412,1.451,1.412,1.437,96500
2024/8/27,sh.510010,1.437,1.437,1.437,1.437,96200
2024/8/28,sh.510010,1.438,1.438,1.435,1.435,2200
2024/8/29,sh.510010,1.435,1.435,1.435,1.435,INVALID
2024/8/30,sh.510010,1.421,1.436,1.421,1.436,70700
2024/9/2,sh.510010,1.420,1.420,1.412,1.412,5100
2024/9/3,sh.510010,1.408,1.411,1.400,1.400,3700
2024/9/4,sh.510010,1.402,1.402,1.390,1.390,19600
2024/9/5,sh.510010,1.397,1.397,1.390,1.394,1184000
2024/9/6,sh.510010,1.402,1.405,1.386,1.386,1189100
2024/9/9,sh.510010,1.382,1.382,1.373,1.374,7000
2024/9/10,sh.510010,1.369,1.375,1.366,1.375,2900
2024/9/11,sh.510010,1.361,1.362,1.361,1.362,175100
2024/9/12,sh.510010,1.359,1.368,1.357,1.360,501500
2024/9/13,sh.510010,1.366,1.370,1.359,1.361,110600
2024/9/18,sh.510010,1.356,1.373,1.356,1.372,136800
2024/9/19,sh.510010,1.376,1.380,1.368,1.371,176700
2024/9/20,sh.510010,1.370,1.376,1.364,1.376,130400
2024/9/23,sh.510010,1.379,1.388,1.379,1.388,29200
2024/9/24,sh.510010,1.392,1.442,1.392,1.442,70800
2024/9/25,sh.510010,1.466,1.485,1.466,1.474,392700
2024/9/26,sh.510010,1.461,1.511,1.461,1.511,141700
2024/9/27,sh.510010,1.512,1.560,1.512,1.521,81500
2024/9/30,sh.510010,1.530,1.673,1.530,1.672,626533
2024/10/8,sh.510010,1.830,1.839,1.688,1.720,1005800
2024/10/9,sh.510010,1.720,1.730,1.572,1.586,1640063
2024/10/10,sh.510010,1.584,1.681,1.584,1.636,2109400
2024/10/11,sh.510010,1.636,1.651,1.592,1.635,2407300
2024/10/14,sh.510010,1.631,1.730,1.594,1.660,859731
2024/10/15,sh.510010,1.650,1.650,1.603,1.603,118800
2024/10/16,sh.510010,1.612,1.612,1.584,1.605,479700
2024/10/17,sh.510010,1.597,1.610,1.574,1.585,155631
2024/10/18,sh.510010,1.587,1.629,1.558,1.620,278600
2024/10/21,sh.510010,1.607,1.657,1.598,1.614,108900
2024/10/22,sh.510010,1.574,1.720,1.533,1.720,145600
2024/10/23,sh.510010,1.720,1.891,1.611,1.622,5058100
2024/10/24,sh.510010,1.601,1.612,1.595,1.605,2238200
2024/10/25,sh.510010,1.598,1.607,1.592,1.601,740400
2024/10/28,sh.510010,1.603,1.603,1.584,1.601,3569000
2024/10/29,sh.510010,1.602,1.609,1.587,1.595,570595
2024/10/30,sh.510010,1.584,1.598,1.566,1.581,426300
2024/10/31,sh.510010,1.576,1.579,1.555,1.572,600200
2024/11/1,sh.510010,1.565,1.592,1.565,1.586,377800
2024/11/4,sh.510010,1.588,1.594,1.576,1.591,171100
2024/11/5,sh.510010,1.599,1.618,1.588,1.609,884400
2024/11/6,sh.510010,1.609,1.620,1.599,1.601,328700
2024/11/7,sh.510010,1.618,1.646,1.583,1.617,531100
2024/11/8,sh.510010,1.645,1.654,1.618,1.632,440057
2024/11/11,sh.510010,1.619,1.622,1.585,1.617,91700
2024/11/12,sh.510010,1.614,1.631,1.590,1.601,210200
2024/11/13,sh.510010,1.602,1.694,1.590,1.629,417457
2024/11/14,sh.510010,1.629,1.680,1.600,1.600,124200
2024/11/15,sh.510010,1.600,1.600,1.576,1.592,171300
2024/11/18,sh.510010,1.590,1.620,1.590,1.597,239400
2024/11/19,sh.510010,1.636,1.636,1.575,1.588,86600
2024/11/20,sh.510010,1.590,1.590,1.579,1.588,33800
2024/11/21,sh.510010,1.574,1.591,1.574,1.590,57400
2024/11/22,sh.510010,1.606,1.606,1.552,1.592,150900
2024/11/25,sh.510010,1.551,1.603,1.537,1.551,232600
2024/11/26,sh.510010,1.558,1.593,1.535,1.574,115700
2024/11/27,sh.510010,1.575,1.575,1.540,1.557,192800
2024/11/28,sh.510010,1.560,1.574,1.543,1.559,125200
2024/11/29,sh.510010,1.559,1.568,1.550,1.564,112700
2024/12/2,sh.510010,1.562,1.577,1.552,1.565,131600
2024/12/3,sh.510010,1.560,1.586,1.560,1.562,182000
2024/12/4,sh.510010,1.569,1.584,1.567,1.582,98300
2024/12/5,sh.510010,1.565,1.582,1.563,1.563,30100
2024/12/6,sh.510010,1.563,1.595,1.563,1.572,47600
2024/12/9,sh.510010,1.577,1.598,1.577,1.595,81700
2024/12/10,sh.510010,1.595,1.630,1.595,1.600,149100
2024/12/11,sh.510010,1.599,1.611,1.594,1.596,29100
2024/12/12,sh.510010,1.600,1.615,1.591,1.609,122226
2024/12/13,sh.510010,1.598,1.602,1.585,1.585,65500
2024/12/16,sh.510010,1.577,1.591,1.575,1.582,15600
2024/12/17,sh.510010,1.597,1.597,1.590,1.590,20000
2024/12/18,sh.510010,1.598,1.604,1.594,1.595,41700
2024/12/19,sh.510010,1.580,1.586,1.580,1.584,42800
2024/12/20,sh.510010,1.571,1.589,1.571,1.576,42700
2024/12/23,sh.510010,1.582,1.597,1.582,1.582,51200
2024/12/24,sh.510010,1.574,1.614,1.574,1.613,127200
2024/12/25,sh.510010,1.600,1.612,1.596,1.609,70600
2024/12/26,sh.510010,1.607,1.611,1.599,1.609,21400
2024/12/27,sh.510010,1.607,1.609,1.594,1.608,51600
2024/12/30,sh.510010,1.614,1.620,1.588,1.614,127600
2024/12/31,sh.510010,1.618,1.620,1.598,1.616,37700
2025/1/2,sh.510010,1.612,1.612,1.550,1.577,189000
2025/1/3,sh.510010,1.563,1.574,1.550,1.570,748183
2025/1/6,sh.510010,1.551,1.555,1.538,1.547,719800
2025/1/7,sh.510010,1.549,1.554,1.533,1.554,28000
2025/1/8,sh.510010,1.548,1.562,1.533,1.536,929200
2025/1/9,sh.510010,1.547,1.555,1.538,1.543,1031500
2025/1/10,sh.510010,1.543,1.543,1.531,1.531,3200
2025/1/13,sh.510010,1.543,1.543,1.514,1.514,20800
2025/1/14,sh.510010,1.519,1.549,1.500,1.545,75600
2025/1/15,sh.510010,1.587,1.587,1.522,1.535,35300
2025/1/16,sh.510010,1.535,1.557,1.535,1.549,32600
2025/1/17,sh.510010,1.543,1.555,1.543,1.555,11300
2025/1/20,sh.510010,1.555,1.559,1.533,1.555,25700
2025/1/21,sh.510010,1.559,1.559,1.546,1.550,14500
2025/1/22,sh.510010,1.530,1.535,1.492,1.533,1038900
2025/1/23,sh.510010,1.533,1.556,1.505,1.519,187600
2025/1/24,sh.510010,1.523,1.552,1.523,1.541,72100
2025/1/27,sh.510010,1.523,1.559,1.523,1.554,21700
2025/2/5,sh.510010,1.547,1.547,1.524,1.527,47800
2025/2/6,sh.510010,1.535,1.536,1.520,1.529,11400
2025/2/7,sh.510010,1.529,1.553,1.525,1.526,47900
2025/2/10,sh.510010,1.552,1.558,1.533,1.555,62700
2025/2/11,sh.510010,1.554,1.559,1.546,1.552,151700
2025/2/12,sh.510010,1.548,1.560,1.463,1.467,143865
2025/2/13,sh.510010,1.550,1.600,1.550,1.595,1178300
2025/2/14,sh.510010,1.562,1.584,1.560,1.575,652100
2025/2/17,sh.510010,1.570,1.584,1.567,1.575,376600
2025/2/18,sh.510010,1.575,1.585,1.559,1.567,163700
2025/2/19,sh.510010,1.575,1.575,1.559,1.568,100600
2025/2/20,sh.510010,1.554,1.571,1.554,1.562,128200
2025/2/21,sh.510010,1.556,1.573,1.556,1.573,105900
2025/2/24,sh.510010,1.560,1.577,1.560,1.569,91100
2025/2/25,sh.510010,1.566,1.568,1.549,1.549,27600
2025/2/26,sh.510010,1.549,1.562,1.549,1.562,48400
2025/2/27,sh.510010,1.548,1.575,1.548,1.568,74400
2025/2/28,sh.510010,1.570,1.580,1.552,1.562,40400
2025/3/3,sh.510010,1.570,1.578,1.545,1.557,151500
2025/3/4,sh.510010,1.573,1.622,1.537,1.554,129900
2025/3/5,sh.510010,1.543,1.553,1.539,1.547,23000
2025/3/6,sh.510010,1.547,1.575,1.547,1.565,99000
2025/3/7,sh.510010,1.570,1.575,1.553,1.569,89400
2025/3/10,sh.510010,1.588,1.588,1.558,1.574,17700
2025/3/11,sh.510010,1.575,1.575,1.554,1.562,25400
2025/3/12,sh.510010,1.585,1.585,1.540,1.571,16200
2025/3/13,sh.510010,1.574,1.580,1.554,1.554,32600
2025/3/14,sh.510010,1.580,1.613,1.554,1.613,168700
2025/3/17,sh.510010,1.613,1.619,1.608,1.618,66100
2025/3/18,sh.510010,1.620,1.620,1.610,1.619,233710
2025/3/19,sh.510010,1.617,1.619,1.607,1.610,171900
2025/3/20,sh.510010,1.605,1.606,1.602,1.602,18700
2025/3/21,sh.510010,1.591,1.606,1.580,1.584,13300
2025/3/24,sh.510010,1.580,1.595,1.580,1.590,162600
2025/3/25,sh.510010,1.600,1.603,1.581,1.593,14400
2025/3/26,sh.510010,1.592,1.598,1.583,1.594,14000
2025/3/27,sh.510010,1.586,1.603,1.586,1.600,11500
2025/3/28,sh.510010,1.600,1.600,1.583,1.587,94179
2025/3/31,sh.510010,1.585,1.622,1.579,1.608,118800
2025/4/1,sh.510010,1.610,1.610,1.583,1.609,46600
2025/4/2,sh.510010,1.573,1.608,1.573,1.605,1035900
2025/4/3,sh.510010,1.575,1.588,1.575,1.581,194900
2025/4/7,sh.510010,1.505,1.576,1.472,1.497,116500
2025/4/8,sh.510010,1.520,1.543,1.508,1.543,68200
2025/4/9,sh.510010,1.525,1.545,1.520,1.539,10400
2025/4/10,sh.510010,1.555,1.559,1.550,1.550,94800
2025/4/11,sh.510010,1.519,1.559,1.519,1.552,194100
2025/4/14,sh.510010,1.546,1.571,1.546,1.567,98900
2025/4/15,sh.510010,1.552,1.581,1.552,1.580,25800
2025/4/16,sh.510010,1.554,1.564,1.551,1.557,18000
2025/4/17,sh.510010,1.568,1.576,1.568,1.570,40700
2025/4/18,sh.510010,1.560,1.600,1.560,1.600,316400
2025/4/21,sh.510010,1.574,1.600,1.569,1.600,133900
2025/4/22,sh.510010,1.576,1.584,1.576,1.580,221700
2025/4/23,sh.510010,1.569,1.584,1.567,1.579,214500
2025/4/24,sh.510010,1.582,1.582,1.574,1.574,45400
2025/4/25,sh.510010,1.573,1.583,1.570,1.583,46500
2025/4/28,sh.510010,1.564,1.574,1.564,1.574,85900
2025/4/29,sh.510010,1.568,1.577,1.564,1.576,203100
2025/4/30,sh.510010,1.566,1.566,1.560,1.560,18800
2025/5/6,sh.510010,1.559,1.576,1.533,1.540,171900
2025/5/7,sh.510010,1.588,1.606,1.576,1.600,351200
2025/5/8,sh.510010,1.600,1.605,1.576,1.596,300600
2025/5/9,sh.510010,1.592,1.608,1.585,1.596,42400
2025/5/12,sh.510010,1.607,1.615,1.596,1.602,1057000
2025/5/13,sh.510010,1.611,1.619,1.600,1.609,42700
2025/5/14,sh.510010,1.610,1.638,1.610,1.638,256000
2025/5/15,sh.510010,1.637,1.637,1.628,1.628,87000
2025/5/16,sh.510010,1.633,1.633,1.612,1.614,42100
2025/5/19,sh.510010,1.614,1.614,1.611,1.612,56000
2025/5/20,sh.510010,1.617,1.626,1.617,1.620,24700
2025/5/21,sh.510010,1.628,1.630,1.624,1.627,18100
2025/5/22,sh.510010,1.628,1.630,1.625,1.628,60400
2025/5/23,sh.510010,1.630,1.632,1.618,1.629,11000
2025/5/26,sh.510010,1.616,1.630,1.609,1.610,26300
2025/5/27,sh.510010,1.631,1.632,1.606,1.616,17800
2025/5/28,sh.510010,1.625,1.637,1.605,1.636,27600
2025/5/29,sh.510010,1.611,1.799,1.609,1.622,69000
2025/5/30,sh.510010,1.629,1.629,1.600,1.607,32400
2025/6/3,sh.510010,1.602,1.621,1.602,1.607,23200
2025/6/4,sh.510010,1.619,1.619,1.604,1.619,9800
2025/6/5,sh.510010,1.619,1.620,1.605,1.619,5903
2025/6/6,sh.510010,1.618,1.629,1.618,1.626,16000
2025/6/9,sh.510010,1.622,1.625,1.612,1.621,36600
2025/6/10,sh.510010,1.613,1.616,1.612,1.615,200900
2025/6/11,sh.510010,1.613,1.626,1.613,1.626,76700
2025/6/12,sh.510010,1.613,1.622,1.613,1.621,3100
2025/6/13,sh.510010,1.611,1.631,1.610,1.627,40300
2025/6/16,sh.510010,1.610,1.617,1.605,1.617,27100
2025/6/17,sh.510010,1.610,1.610,1.610,1.610,300
2025/6/18,sh.510010,1.619,1.630,1.609,1.618,84010
2025/6/19,sh.510010,1.608,1.619,1.600,1.618,24500
2025/6/20,sh.510010,1.601,1.633,1.601,1.620,16600
2025/6/23,sh.510010,1.613,1.631,1.603,1.631,73900
2025/6/24,sh.510010,1.607,1.635,1.607,1.634,62000
2025/6/25,sh.510010,1.634,1.648,1.623,1.625,67600
2025/6/26,sh.510010,1.646,1.647,1.638,1.640,54203
2025/6/27,sh.510010,1.635,1.652,1.633,1.635,42400
2025/6/30,sh.510010,1.635,1.655,1.626,1.630,60103
2025/7/1,sh.510010,1.629,1.639,1.629,1.634,19700
2025/7/2,sh.510010,1.647,1.650,1.634,1.649,43900
2025/7/3,sh.510010,1.662,1.662,1.640,1.662,71300
2025/7/4,sh.510010,1.664,1.664,1.647,1.649,36700
2025/7/7,sh.510010,1.658,1.658,1.647,1.655,28003
2025/7/8,sh.510010,1.657,1.660,1.654,1.657,5400
2025/7/9,sh.510010,1.658,1.663,1.655,1.663,110800
2025/7/10,sh.510010,1.680,1.680,1.658,1.671,36800
2025/7/11,sh.510010,1.679,1.693,1.668,1.691,178500
2025/7/14,sh.510010,1.663,1.681,1.656,1.680,142700
2025/7/15,sh.510010,1.667,1.670,1.646,1.666,91400
2025/7/16,sh.510010,1.660,1.663,1.652,1.663,1108300
2025/7/17,sh.510010,1.657,1.664,1.654,1.656,50700
2025/7/18,sh.510010,1.678,1.678,1.652,1.672,71200
2025/7/21,sh.510010,1.680,1.684,1.671,1.683,50600
2025/7/22,sh.510010,1.690,1.701,1.675,1.701,189400
2025/7/23,sh.510010,1.701,1.716,1.695,1.706,59800
2025/7/24,sh.510010,1.716,1.718,1.690,1.713,20600
2025/7/25,sh.510010,1.716,1.718,1.692,1.709,85400
2025/7/28,sh.510010,1.692,1.736,1.682,1.735,202700
2025/7/29,sh.510010,1.728,1.728,1.683,1.688,420200
2025/7/30,sh.510010,1.688,1.702,1.686,1.699,1144717
2025/7/31,sh.510010,1.686,1.686,1.668,1.668,95300
2025/8/1,sh.510010,1.656,1.673,1.655,1.666,122900
2025/8/4,sh.510010,1.658,1.668,1.658,1.667,66500
2025/8/5,sh.510010,1.668,1.691,1.668,1.681,69800
2025/8/6,sh.510010,1.680,1.687,1.678,1.685,86700
2025/8/7,sh.510010,1.685,1.694,1.682,1.693,35400
2025/8/8,sh.510010,1.693,1.695,1.688,1.693,47600
2025/8/11,sh.510010,1.681,1.689,1.678,1.686,19000
2025/8/12,sh.510010,1.683,1.697,1.683,1.689,88200
2025/8/13,sh.510010,1.688,1.693,1.679,1.688,30300
2025/8/14,sh.510010,1.687,1.700,1.687,1.687,187100
2025/8/15,sh.510010,1.680,1.696,1.679,1.693,96000
2025/8/18,sh.510010,1.680,1.700,1.680,1.693,59600
2025/8/19,sh.510010,1.680,1.699,1.680,1.698,144600
2025/8/20,sh.510010,1.680,1.697,1.674,1.697,25200
2025/8/21,sh.510010,1.699,1.714,1.697,1.706,269500
2025/8/22,sh.510010,1.706,1.713,1.698,1.713,99800
2025/8/25,sh.510010,1.696,1.741,1.696,1.741,109600
2025/8/26,sh.510010,1.741,1.747,1.716,1.745,286500
2025/8/27,sh.510010,1.732,1.742,1.705,1.706,308206
2025/8/28,sh.510010,1.706,1.725,1.702,1.712,163900
2025/8/29,sh.510010,1.713,1.738,1.713,1.737,20700
2025/9/1,sh.510010,1.730,1.740,1.723,1.733,116300
2025/9/2,sh.510010,1.733,1.738,1.717,1.721,107700
2025/9/3,sh.510010,1.738,1.740,1.704,1.704,64700
2025/9/4,sh.510010,1.704,1.715,1.688,1.715,74500
2025/9/5,sh.510010,1.713,1.716,1.668,1.716,42600
2025/9/8,sh.510010,1.727,1.729,1.711,1.722,58100
2025/9/9,sh.510010,1.729,1.736,1.654,1.719,52800
2025/9/10,sh.510010,1.719,1.731,1.719,1.725,18400
2025/9/11,sh.510010,1.716,1.740,1.716,1.740,30600
2025/9/12,sh.510010,1.733,1.752,1.733,1.740,87800
2025/9/15,sh.510010,1.728,1.738,1.723,1.731,78300
2025/9/16,sh.510010,1.736,1.736,1.716,1.716,58000
2025/9/17,sh.510010,1.716,1.727,1.716,1.727,30000
2025/9/18,sh.510010,1.721,1.722,1.684,1.684,27300
2025/9/19,sh.510010,1.704,1.758,1.700,1.725,6200
2025/9/22,sh.510010,1.734,1.768,1.691,1.713,163500
2025/9/23,sh.510010,1.711,1.728,1.668,1.700,131400
2025/9/24,sh.510010,1.702,1.715,1.692,1.715,204700
2025/9/25,sh.510010,1.716,1.733,1.693,1.708,217700
2025/9/26,sh.510010,1.693,1.703,1.692,1.702,45000
2025/9/29,sh.510010,1.693,1.720,1.693,1.710,47600
2025/9/30,sh.510010,1.709,1.717,1.707,1.716,48100
2025/10/9,sh.510010,1.716,1.740,1.707,1.740,120400
2025/10/10,sh.510010,1.728,1.748,1.726,1.726,28000
2025/10/13,sh.510010,1.716,1.717,1.696,1.717,47000
2025/10/14,sh.510010,1.728,1.744,1.726,1.726,65600
2025/10/15,sh.510010,1.716,1.747,1.710,1.747,164300
2025/10/16,sh.510010,1.748,1.764,1.740,1.750,107500
2025/10/17,sh.510010,1.755,1.760,1.719,1.719,251200
2025/10/20,sh.510010,1.734,1.753,1.728,1.732,36500
2025/10/21,sh.510010,1.732,1.747,1.732,1.741,50200
2025/10/22,sh.510010,1.741,1.750,1.741,1.748,2000
2025/10/23,sh.510010,1.754,1.817,1.734,1.754,101200
2025/10/24,sh.510010,1.757,1.760,1.750,1.756,38800
2025/10/27,sh.510010,1.759,1.775,1.759,1.761,135900
2025/10/28,sh.510010,1.754,1.764,1.752,1.752,25900
2025/10/29,sh.510010,1.753,1.756,1.751,1.755,52400
2025/10/30,sh.510010,1.765,1.778,1.758,1.761,43600
2025/10/31,sh.510010,1.768,1.781,1.745,1.753,139600
2025/11/3,sh.510010,1.749,1.757,1.745,1.757,111300
2025/11/4,sh.510010,1.747,1.762,1.747,1.751,40300
2025/11/5,sh.510010,1.741,1.752,1.741,1.751,51200
2025/11/6,sh.510010,1.756,1.760,1.743,1.755,43500
2025/11/7,sh.510010,1.758,1.768,1.758,1.767,51300
2025/11/10,sh.510010,1.765,1.772,1.765,1.772,61400
2025/11/11,sh.510010,1.770,1.774,1.764,1.768,39800
2025/11/12,sh.510010,1.769,1.783,1.763,1.783,66213
2025/11/13,sh.510010,1.781,1.788,1.770,1.788,100900
2025/11/14,sh.510010,1.769,1.790,1.769,1.772,16500
2025/11/17,sh.510010,1.780,1.780,1.748,1.761,31200
2025/11/18,sh.510010,1.753,1.760,1.748,1.751,5500
2025/11/19,sh.510010,1.740,1.772,1.740,1.756,64700
2025/11/20,sh.510010,1.771,1.771,1.757,1.757,22600
2025/11/21,sh.510010,1.744,1.751,1.732,1.732,65100
2025/11/24,sh.510010,1.732,1.739,1.724,1.724,42000
2025/11/25,sh.510010,1.738,1.747,1.723,1.747,29400
2025/11/26,sh.510010,1.732,1.747,1.732,1.747,11500
2025/11/27,sh.510010,1.729,1.751,1.729,1.751,29500
2025/11/28,sh.510010,1.745,1.756,1.736,1.756,2400
2025/12/1,sh.510010,1.751,1.757,1.746,1.750,11700
2025/12/2,sh.510010,1.750,1.751,1.724,1.751,5300
2025/12/3,sh.510010,1.737,1.753,1.737,1.750,32000
2025/12/4,sh.510010,1.739,1.752,1.731,1.750,33100
2025/12/5,sh.510010,1.745,1.763,1.743,1.763,29200
2025/12/8,sh.510010,1.767,1.770,1.763,1.763,38400
2025/12/9,sh.510010,1.756,1.756,1.749,1.755,27600
2025/12/10,sh.510010,1.750,1.750,1.734,1.748,306600
2025/12/11,sh.510010,1.752,1.752,1.741,1.744,2000
2025/12/12,sh.510010,1.739,1.748,1.735,1.745,9200
2025/12/15,sh.510010,1.741,1.764,1.741,1.755,159600
2025/12/16,sh.510010,1.748,1.748,1.735,1.735,30163
2025/12/17,sh.510010,1.740,1.767,1.737,1.759,90200
2025/12/18,sh.510010,1.765,1.770,1.756,1.766,79700
2025/12/19,sh.510010,1.768,1.774,1.761,1.768,24700
2025/12/22,sh.510010,1.775,1.777,1.775,1.777,16000
2025/12/23,sh.510010,1.777,1.791,1.777,1.791,2600
2025/12/24,sh.510010,1.784,1.791,1.777,1.791,45400
2025/12/25,sh.510010,1.784,1.790,1.780,1.790,38700
2025/12/26,sh.510010,1.792,1.798,1.789,1.798,25800
2025/12/29,sh.510010,1.796,1.800,1.788,1.788,78300
2025/12/30,sh.510010,1.781,1.788,1.781,1.788,50819
2025/12/31,sh.510010,1.788,1.795,1.788,1.790,21100
2026/1/5,sh.510010,1.797,1.820,1.797,1.820,81063
2026/1/6,sh.510010,1.819,1.860,1.819,1.853,72000
2026/1/7,sh.510010,1.850,2.029,1.836,1.844,1059200
2026/1/8,sh.510010,1.843,1.845,1.820,1.823,358100
2026/1/9,sh.510010,1.815,1.849,1.815,1.842,940600
2026/1/12,sh.510010,1.824,1.846,1.824,1.846,169600
2026/1/13,sh.510010,1.839,1.855,1.826,1.828,892600
2026/1/14,sh.510010,1.835,1.860,1.820,1.853,82800
2026/1/15,sh.510010,1.842,1.844,1.817,1.821,59500
2026/1/16,sh.510010,1.828,1.834,1.810,1.811,40100
2026/1/19,sh.510010,1.819,1.822,1.796,1.818,26900
2026/1/20,sh.510010,1.818,1.818,1.800,1.817,8000
2026/1/21,sh.510010,1.817,1.820,1.806,1.810,21700
2026/1/22,sh.510010,1.807,1.817,1.802,1.802,39300
2026/1/23,sh.510010,1.808,1.808,1.791,1.804,27500
2026/1/26,sh.510010,1.791,1.825,1.791,1.820,47700
2026/1/27,sh.510010,1.813,1.823,1.805,1.805,7600
2026/1/28,sh.510010,1.812,1.828,1.810,1.810,67700
2026/1/29,sh.510010,1.831,1.866,1.814,1.862,201400
2026/1/30,sh.510010,1.850,1.850,1.813,1.840,2202000
2026/2/2,sh.510010,1.817,1.822,1.785,1.787,218900
2026/2/3,sh.510010,1.788,1.806,1.785,1.806,59200
2026/2/4,sh.510010,1.806,1.833,1.806,1.829,161200
2026/2/5,sh.510010,1.823,1.828,1.818,1.828,59000
2026/2/6,sh.510010,1.817,1.830,1.817,1.830,18000
2026/2/9,sh.510010,1.834,1.842,1.830,1.840,98100
2026/2/10,sh.510010,1.838,1.838,1.830,1.832,43600
2026/2/11,sh.510010,1.835,1.842,1.834,1.840,44400
2026/2/12,sh.510010,1.826,1.845,1.826,1.836,23200
2026/2/13,sh.510010,1.836,1.836,1.806,1.808,38900
2026/2/24,sh.510010,1.824,1.826,1.814,1.822,36100
2026/2/25,sh.510010,1.826,1.841,1.817,1.829,232800
2026/2/26,sh.510010,1.819,1.827,1.811,1.823,1030949
2026/2/27,sh.510010,1.832,1.940,1.800,1.822,45949
2026/3/2,sh.510010,1.822,1.838,1.820,1.836,98800
2026/3/3,sh.510010,1.825,1.854,1.822,1.837,132400
2026/3/4,sh.510010,1.824,1.824,1.796,1.800,52100
2026/3/5,sh.510010,1.800,1.815,1.800,1.805,43500
2026/3/6,sh.510010,1.805,1.820,1.794,1.820,4000
2026/3/9,sh.510010,1.819,1.819,1.794,1.800,30400
2026/3/10,sh.510010,1.799,1.810,1.799,1.805,9469
2026/3/11,sh.510010,1.808,1.814,1.801,1.814,11600
2026/3/12,sh.510010,1.821,1.821,1.807,1.815,4500
2026/3/13,sh.510010,1.815,1.822,1.807,1.807,33200
2026/3/16,sh.510010,1.823,1.823,1.794,1.807,19200
2026/3/17,sh.510010,1.814,1.823,1.803,1.803,74100
2026/3/18,sh.510010,1.798,1.822,1.798,1.799,1200
2026/3/19,sh.510010,1.796,1.842,1.773,1.773,183500
2026/3/20,sh.510010,1.773,1.780,1.758,1.758,52200
2026/3/23,sh.510010,1.752,1.752,1.708,1.712,232600
2026/3/24,sh.510010,1.722,1.731,1.715,1.726,8500
2026/3/25,sh.510010,1.734,1.752,1.734,1.749,9900
2026/3/26,sh.510010,1.752,1.752,1.734,1.736,1600
2026/3/27,sh.510010,1.728,1.739,1.728,1.739,5600
2026/3/30,sh.510010,1.731,1.738,1.722,1.738,200900
2026/3/31,sh.510010,1.746,1.756,1.724,1.740,102400
2026/4/1,sh.510010,1.758,1.760,1.754,1.756,75400
2026/4/2,sh.510010,1.754,1.764,1.746,1.746,8600
2026/4/3,sh.510010,1.746,1.746,1.742,1.743,28600
2026/4/7,sh.510010,1.739,1.742,1.722,1.727,10400
2026/4/8,sh.510010,1.723,1.761,1.723,1.761,145800
2026/4/9,sh.510010,1.734,1.756,1.734,1.745,20000
2026/4/10,sh.510010,1.748,1.768,1.748,1.754,13700
2026/4/13,sh.510010,1.741,1.749,1.740,1.749,8200
2026/4/14,sh.510010,1.765,1.765,1.752,1.757,300400
2026/4/15,sh.510010,1.777,1.777,1.763,1.763,244600
2026/4/16,sh.510010,1.768,1.779,1.768,1.771,615231
2026/4/17,sh.510010,1.779,1.779,1.748,1.748,71400
2026/4/20,sh.510010,1.765,1.765,1.753,1.765,45500
2026/4/21,sh.510010,1.770,1.783,1.765,1.775,134900
2026/4/22,sh.510010,1.763,1.775,1.762,1.765,38900
2026/4/23,sh.510010,1.762,1.796,1.756,1.769,89700
2026/4/24,sh.510010,1.752,1.767,1.752,1.758,62300
2026/4/27,sh.510010,1.752,1.770,1.752,1.759,1900
2026/4/28,sh.510010,1.759,1.761,1.753,1.754,41300
2026/4/29,sh.510010,1.774,1.774,1.754,1.774,22500
2026/4/30,sh.510010,1.757,1.780,1.756,1.768,49000
2026/5/6,sh.510010,1.757,1.776,1.757,1.766,83200
2026/5/7,sh.510010,1.771,1.776,1.766,1.775,79300
2026/5/8,sh.510010,1.757,1.772,1.757,1.772,11100
2026/5/11,sh.510010,1.764,1.793,1.764,1.793,293000
2026/5/12,sh.510010,1.793,1.794,1.777,1.788,118400
2026/5/13,sh.510010,1.787,1.793,1.776,1.793,348700
2026/5/14,sh.510010,1.786,1.792,1.777,1.777,31300
2026/5/15,sh.510010,1.763,1.786,1.745,1.745,13000
2026/5/18,sh.510010,1.755,1.780,1.737,1.739,15100
2026/5/19,sh.510010,1.739,1.748,1.736,1.736,20500
2026/5/20,sh.510010,1.735,1.736,1.732,1.734,5300
2026/5/21,sh.510010,1.746,1.746,1.716,1.735,38400
2026/5/22,sh.510010,1.745,1.745,1.708,1.716,1704531
2026/5/25,sh.510010,1.706,1.727,1.706,1.718,485700
2026/5/26,sh.510010,1.718,1.730,1.715,1.730,679531
2026/5/27,sh.510010,1.730,1.730,1.707,1.712,63400
2026/5/28,sh.510010,1.708,1.714,1.700,1.700,189300
2026/5/29,sh.510010,1.712,1.727,1.712,1.723,615700
2026/6/1,sh.510010,1.715,1.733,1.715,1.732,836700
2026/6/2,sh.510010,1.732,1.740,1.732,1.740,58300
2026/6/3,sh.510010,1.728,1.734,1.725,1.733,73000
2026/6/4,sh.510010,1.721,1.723,1.720,1.723,10900
2026/6/5,sh.510010,1.723,1.726,1.708,1.708,141700
