category,symbol
chinext,300001.SZ
chinext,300002.SZ
chinext,300003.SZ
chinext,300004.SZ
chinext,300005.SZ
chinext,300006.SZ
chinext,300007.SZ
chinext,300008.SZ
chinext,300009.SZ
chinext,300010.SZ
chinext,300011.SZ
chinext,300012.SZ
chinext,300013.SZ
chinext,300014.SZ
chinext,300015.SZ
chinext,300016.SZ
chinext,300017.SZ
chinext,300018.SZ
chinext,300019.SZ
chinext,300020.SZ
chinext,300021.SZ
chinext,300022.SZ
chinext,300024.SZ
chinext,300025.SZ
chinext,300026.SZ
chinext,300027.SZ
chinext,300029.SZ
chinext,300030.SZ
chinext,300031.SZ
chinext,300032.SZ
chinext,300033.SZ
chinext,300034.SZ
chinext,300035.SZ
chinext,300036.SZ
chinext,300037.SZ
chinext,300039.SZ
chinext,300040.SZ
chinext,300041.SZ
chinext,300042.SZ
chinext,300043.SZ
chinext,300044.SZ
chinext,300045.SZ
chinext,300046.SZ
chinext,300047.SZ
chinext,300048.SZ
chinext,300049.SZ
chinext,300050.SZ
chinext,300051.SZ
chinext,300052.SZ
chinext,300053.SZ
chinext,300054.SZ
chinext,300055.SZ
chinext,300056.SZ
chinext,300057.SZ
chinext,300058.SZ
chinext,300059.SZ
chinext,300061.SZ
chinext,300062.SZ
chinext,300063.SZ
chinext,300065.SZ
chinext,300066.SZ
chinext,300067.SZ
chinext,300068.SZ
chinext,300069.SZ
chinext,300070.SZ
chinext,300071.SZ
chinext,300072.SZ
chinext,300073.SZ
chinext,300074.SZ
chinext,300075.SZ
chinext,300076.SZ
chinext,300077.SZ
chinext,300078.SZ
chinext,300079.SZ
chinext,300080.SZ
chinext,300081.SZ
chinext,300082.SZ
chinext,300083.SZ
chinext,300084.SZ
chinext,300085.SZ
chinext,300086.SZ
chinext,300087.SZ
chinext,300088.SZ
chinext,300091.SZ
chinext,300092.SZ
chinext,300093.SZ
chinext,300094.SZ
chinext,300095.SZ
chinext,300096.SZ
chinext,300097.SZ
chinext,300098.SZ
chinext,300099.SZ
chinext,300100.SZ
chinext,300101.SZ
chinext,300102.SZ
chinext,300103.SZ
chinext,300105.SZ
chinext,300106.SZ
chinext,300107.SZ
chinext,300109.SZ
chinext,300110.SZ
chinext,300111.SZ
chinext,300112.SZ
chinext,300113.SZ
chinext,300115.SZ
chinext,300118.SZ
chinext,300119.SZ
chinext,300120.SZ
chinext,300121.SZ
chinext,300122.SZ
chinext,300123.SZ
chinext,300124.SZ
chinext,300125.SZ
chinext,300126.SZ
chinext,300127.SZ
chinext,300128.SZ
chinext,300129.SZ
chinext,300130.SZ
chinext,300131.SZ
chinext,300132.SZ
chinext,300133.SZ
chinext,300134.SZ
chinext,300135.SZ
chinext,300136.SZ
chinext,300137.SZ
chinext,300138.SZ
chinext,300139.SZ
chinext,300140.SZ
chinext,300141.SZ
chinext,300142.SZ
chinext,300143.SZ
chinext,300144.SZ
chinext,300145.SZ
chinext,300146.SZ
chinext,300147.SZ
chinext,300148.SZ
chinext,300149.SZ
chinext,300150.SZ
chinext,300151.SZ
chinext,300152.SZ
chinext,300153.SZ
chinext,300154.SZ
chinext,300155.SZ
chinext,300157.SZ
chinext,300158.SZ
chinext,300159.SZ
chinext,300160.SZ
chinext,300161.SZ
chinext,300162.SZ
chinext,300163.SZ
chinext,300164.SZ
chinext,300165.SZ
chinext,300166.SZ
chinext,300167.SZ
chinext,300168.SZ
chinext,300169.SZ
chinext,300170.SZ
chinext,300171.SZ
chinext,300172.SZ
chinext,300173.SZ
chinext,300174.SZ
chinext,300175.SZ
chinext,300176.SZ
chinext,300177.SZ
chinext,300179.SZ
chinext,300180.SZ
chinext,300181.SZ
chinext,300182.SZ
chinext,300183.SZ
chinext,300184.SZ
chinext,300185.SZ
chinext,300187.SZ
chinext,300188.SZ
chinext,300189.SZ
chinext,300190.SZ
chinext,300191.SZ
chinext,300192.SZ
chinext,300193.SZ
chinext,300194.SZ
chinext,300195.SZ
chinext,300196.SZ
chinext,300197.SZ
chinext,300198.SZ
chinext,300199.SZ
chinext,300200.SZ
chinext,300201.SZ
chinext,300203.SZ
chinext,300204.SZ
chinext,300205.SZ
chinext,300206.SZ
chinext,300207.SZ
chinext,300209.SZ
chinext,300210.SZ
chinext,300211.SZ
chinext,300212.SZ
chinext,300213.SZ
chinext,300214.SZ
chinext,300215.SZ
chinext,300217.SZ
chinext,300218.SZ
chinext,300219.SZ
chinext,300220.SZ
chinext,300221.SZ
chinext,300222.SZ
chinext,300223.SZ
chinext,300224.SZ
chinext,300225.SZ
chinext,300226.SZ
chinext,300227.SZ
chinext,300228.SZ
chinext,300229.SZ
chinext,300230.SZ
chinext,300231.SZ
chinext,300232.SZ
chinext,300233.SZ
chinext,300234.SZ
chinext,300235.SZ
chinext,300236.SZ
chinext,300237.SZ
chinext,300238.SZ
chinext,300239.SZ
chinext,300240.SZ
chinext,300241.SZ
chinext,300242.SZ
chinext,300243.SZ
chinext,300244.SZ
chinext,300245.SZ
chinext,300246.SZ
chinext,300247.SZ
chinext,300248.SZ
chinext,300249.SZ
chinext,300250.SZ
chinext,300251.SZ
chinext,300252.SZ
chinext,300253.SZ
chinext,300254.SZ
chinext,300255.SZ
chinext,300256.SZ
chinext,300257.SZ
chinext,300258.SZ
chinext,300259.SZ
chinext,300260.SZ
chinext,300261.SZ
chinext,300263.SZ
chinext,300264.SZ
chinext,300265.SZ
chinext,300266.SZ
chinext,300267.SZ
chinext,300268.SZ
chinext,300269.SZ
chinext,300270.SZ
chinext,300271.SZ
chinext,300272.SZ
chinext,300274.SZ
chinext,300275.SZ
chinext,300276.SZ
chinext,300277.SZ
chinext,300278.SZ
chinext,300279.SZ
chinext,300281.SZ
chinext,300283.SZ
chinext,300284.SZ
chinext,300285.SZ
chinext,300286.SZ
chinext,300287.SZ
chinext,300288.SZ
chinext,300289.SZ
chinext,300290.SZ
chinext,300291.SZ
chinext,300292.SZ
chinext,300293.SZ
chinext,300294.SZ
chinext,300295.SZ
chinext,300296.SZ
chinext,300298.SZ
chinext,300299.SZ
chinext,300300.SZ
chinext,300301.SZ
chinext,300302.SZ
chinext,300303.SZ
chinext,300304.SZ
chinext,300305.SZ
chinext,300306.SZ
chinext,300307.SZ
chinext,300308.SZ
chinext,300310.SZ
chinext,300311.SZ
chinext,300313.SZ
chinext,300314.SZ
chinext,300315.SZ
chinext,300316.SZ
chinext,300317.SZ
chinext,300318.SZ
chinext,300319.SZ
chinext,300320.SZ
chinext,300321.SZ
chinext,300322.SZ
chinext,300323.SZ
chinext,300324.SZ
chinext,300326.SZ
chinext,300327.SZ
chinext,300328.SZ
chinext,300329.SZ
chinext,300331.SZ
chinext,300332.SZ
chinext,300333.SZ
chinext,300334.SZ
chinext,300335.SZ
chinext,300337.SZ
chinext,300338.SZ
chinext,300339.SZ
chinext,300340.SZ
chinext,300341.SZ
chinext,300342.SZ
chinext,300343.SZ
chinext,300344.SZ
chinext,300345.SZ
chinext,300346.SZ
chinext,300347.SZ
chinext,300348.SZ
chinext,300349.SZ
chinext,300350.SZ
chinext,300351.SZ
chinext,300352.SZ
chinext,300353.SZ
chinext,300354.SZ
chinext,300355.SZ
chinext,300357.SZ
chinext,300358.SZ
chinext,300359.SZ
chinext,300360.SZ
chinext,300363.SZ
chinext,300364.SZ
chinext,300365.SZ
chinext,300366.SZ
chinext,300368.SZ
chinext,300369.SZ
chinext,300370.SZ
chinext,300371.SZ
chinext,300373.SZ
chinext,300374.SZ
chinext,300375.SZ
chinext,300376.SZ
chinext,300377.SZ
chinext,300378.SZ
chinext,300380.SZ
chinext,300381.SZ
chinext,300382.SZ
chinext,300383.SZ
chinext,300384.SZ
chinext,300385.SZ
chinext,300386.SZ
chinext,300387.SZ
chinext,300388.SZ
chinext,300389.SZ
chinext,300390.SZ
chinext,300393.SZ
chinext,300394.SZ
chinext,300395.SZ
chinext,300396.SZ
chinext,300397.SZ
chinext,300398.SZ
chinext,300399.SZ
chinext,300400.SZ
chinext,300401.SZ
chinext,300402.SZ
chinext,300403.SZ
chinext,300404.SZ
chinext,300405.SZ
chinext,300406.SZ
chinext,300407.SZ
chinext,300408.SZ
chinext,300409.SZ
chinext,300410.SZ
chinext,300411.SZ
chinext,300412.SZ
chinext,300413.SZ
chinext,300414.SZ
chinext,300415.SZ
chinext,300416.SZ
chinext,300417.SZ
chinext,300418.SZ
chinext,300419.SZ
chinext,300420.SZ
chinext,300421.SZ
chinext,300422.SZ
chinext,300423.SZ
chinext,300424.SZ
chinext,300425.SZ
chinext,300426.SZ
chinext,300427.SZ
chinext,300428.SZ
chinext,300429.SZ
chinext,300430.SZ
chinext,300432.SZ
chinext,300433.SZ
chinext,300434.SZ
chinext,300435.SZ
chinext,300436.SZ
chinext,300437.SZ
chinext,300438.SZ
chinext,300439.SZ
chinext,300440.SZ
chinext,300441.SZ
chinext,300442.SZ
chinext,300443.SZ
chinext,300444.SZ
chinext,300445.SZ
chinext,300446.SZ
chinext,300447.SZ
chinext,300448.SZ
chinext,300449.SZ
chinext,300450.SZ
chinext,300451.SZ
chinext,300452.SZ
chinext,300453.SZ
chinext,300454.SZ
chinext,300455.SZ
chinext,300456.SZ
chinext,300457.SZ
chinext,300458.SZ
chinext,300459.SZ
chinext,300460.SZ
chinext,300461.SZ
chinext,300462.SZ
chinext,300463.SZ
chinext,300464.SZ
chinext,300465.SZ
chinext,300466.SZ
chinext,300467.SZ
chinext,300468.SZ
chinext,300469.SZ
chinext,300470.SZ
chinext,300471.SZ
chinext,300472.SZ
chinext,300473.SZ
chinext,300474.SZ
chinext,300475.SZ
chinext,300476.SZ
chinext,300477.SZ
chinext,300478.SZ
chinext,300479.SZ
chinext,300480.SZ
chinext,300481.SZ
chinext,300482.SZ
chinext,300483.SZ
chinext,300484.SZ
chinext,300485.SZ
chinext,300486.SZ
chinext,300487.SZ
chinext,300488.SZ
chinext,300489.SZ
chinext,300490.SZ
chinext,300491.SZ
chinext,300492.SZ
chinext,300493.SZ
chinext,300494.SZ
chinext,300496.SZ
chinext,300497.SZ
chinext,300498.SZ
chinext,300499.SZ
chinext,300500.SZ
chinext,300501.SZ
chinext,300502.SZ
chinext,300503.SZ
chinext,300504.SZ
chinext,300505.SZ
chinext,300506.SZ
chinext,300507.SZ
chinext,300508.SZ
chinext,300509.SZ
chinext,300510.SZ
chinext,300511.SZ
chinext,300512.SZ
chinext,300513.SZ
chinext,300514.SZ
chinext,300515.SZ
chinext,300516.SZ
chinext,300517.SZ
chinext,300518.SZ
chinext,300519.SZ
chinext,300520.SZ
chinext,300521.SZ
chinext,300522.SZ
chinext,300523.SZ
chinext,300525.SZ
chinext,300527.SZ
chinext,300528.SZ
chinext,300529.SZ
chinext,300530.SZ
chinext,300531.SZ
chinext,300532.SZ
chinext,300533.SZ
chinext,300534.SZ
chinext,300535.SZ
chinext,300536.SZ
chinext,300537.SZ
chinext,300538.SZ
chinext,300539.SZ
chinext,300540.SZ
chinext,300541.SZ
chinext,300542.SZ
chinext,300543.SZ
chinext,300545.SZ
chinext,300546.SZ
chinext,300547.SZ
chinext,300548.SZ
chinext,300549.SZ
chinext,300550.SZ
chinext,300551.SZ
chinext,300552.SZ
chinext,300553.SZ
chinext,300554.SZ
chinext,300555.SZ
chinext,300556.SZ
chinext,300557.SZ
chinext,300558.SZ
chinext,300559.SZ
chinext,300560.SZ
chinext,300561.SZ
chinext,300562.SZ
chinext,300563.SZ
chinext,300564.SZ
chinext,300565.SZ
chinext,300566.SZ
chinext,300567.SZ
chinext,300568.SZ
chinext,300569.SZ
chinext,300570.SZ
chinext,300571.SZ
chinext,300572.SZ
chinext,300573.SZ
chinext,300575.SZ
chinext,300576.SZ
chinext,300577.SZ
chinext,300578.SZ
chinext,300579.SZ
chinext,300580.SZ
chinext,300581.SZ
chinext,300582.SZ
chinext,300583.SZ
chinext,300584.SZ
chinext,300585.SZ
chinext,300586.SZ
chinext,300587.SZ
chinext,300588.SZ
chinext,300589.SZ
chinext,300590.SZ
chinext,300591.SZ
chinext,300592.SZ
chinext,300593.SZ
chinext,300594.SZ
chinext,300595.SZ
chinext,300596.SZ
chinext,300597.SZ
chinext,300598.SZ
chinext,300599.SZ
chinext,300600.SZ
chinext,300601.SZ
chinext,300602.SZ
chinext,300603.SZ
chinext,300604.SZ
chinext,300605.SZ
chinext,300606.SZ
chinext,300607.SZ
chinext,300608.SZ
chinext,300609.SZ
chinext,300610.SZ
chinext,300611.SZ
chinext,300612.SZ
chinext,300613.SZ
chinext,300614.SZ
chinext,300615.SZ
chinext,300616.SZ
chinext,300617.SZ
chinext,300618.SZ
chinext,300619.SZ
chinext,300620.SZ
chinext,300621.SZ
chinext,300622.SZ
chinext,300623.SZ
chinext,300624.SZ
chinext,300625.SZ
chinext,300626.SZ
chinext,300627.SZ
chinext,300628.SZ
chinext,300629.SZ
chinext,300631.SZ
chinext,300632.SZ
chinext,300633.SZ
chinext,300634.SZ
chinext,300635.SZ
chinext,300636.SZ
chinext,300637.SZ
chinext,300638.SZ
chinext,300639.SZ
chinext,300640.SZ
chinext,300641.SZ
chinext,300642.SZ
chinext,300643.SZ
chinext,300644.SZ
chinext,300645.SZ
chinext,300647.SZ
chinext,300648.SZ
chinext,300649.SZ
chinext,300650.SZ
chinext,300651.SZ
chinext,300652.SZ
chinext,300653.SZ
chinext,300654.SZ
chinext,300655.SZ
chinext,300656.SZ
chinext,300657.SZ
chinext,300658.SZ
chinext,300659.SZ
chinext,300660.SZ
chinext,300661.SZ
chinext,300662.SZ
chinext,300663.SZ
chinext,300664.SZ
chinext,300665.SZ
chinext,300666.SZ
chinext,300667.SZ
chinext,300668.SZ
chinext,300669.SZ
chinext,300670.SZ
chinext,300671.SZ
chinext,300672.SZ
chinext,300673.SZ
chinext,300674.SZ
chinext,300675.SZ
chinext,300676.SZ
chinext,300677.SZ
chinext,300678.SZ
chinext,300679.SZ
chinext,300680.SZ
chinext,300681.SZ
chinext,300682.SZ
chinext,300683.SZ
chinext,300684.SZ
chinext,300685.SZ
chinext,300686.SZ
chinext,300687.SZ
chinext,300688.SZ
chinext,300689.SZ
chinext,300690.SZ
chinext,300691.SZ
chinext,300692.SZ
chinext,300693.SZ
chinext,300694.SZ
chinext,300695.SZ
chinext,300696.SZ
chinext,300697.SZ
chinext,300698.SZ
chinext,300699.SZ
chinext,300700.SZ
chinext,300701.SZ
chinext,300702.SZ
chinext,300703.SZ
chinext,300705.SZ
chinext,300706.SZ
chinext,300707.SZ
chinext,300708.SZ
chinext,300709.SZ
chinext,300710.SZ
chinext,300711.SZ
chinext,300712.SZ
chinext,300713.SZ
chinext,300715.SZ
chinext,300716.SZ
chinext,300717.SZ
chinext,300718.SZ
chinext,300719.SZ
chinext,300720.SZ
chinext,300721.SZ
chinext,300722.SZ
chinext,300723.SZ
chinext,300724.SZ
chinext,300725.SZ
chinext,300726.SZ
chinext,300727.SZ
chinext,300729.SZ
chinext,300730.SZ
chinext,300731.SZ
chinext,300732.SZ
chinext,300733.SZ
chinext,300735.SZ
chinext,300736.SZ
chinext,300737.SZ
chinext,300738.SZ
chinext,300739.SZ
chinext,300740.SZ
chinext,300741.SZ
chinext,300743.SZ
chinext,300745.SZ
chinext,300746.SZ
chinext,300747.SZ
chinext,300748.SZ
chinext,300749.SZ
chinext,300750.SZ
chinext,300751.SZ
chinext,300752.SZ
chinext,300753.SZ
chinext,300755.SZ
chinext,300756.SZ
chinext,300757.SZ
chinext,300758.SZ
chinext,300759.SZ
chinext,300760.SZ
chinext,300761.SZ
chinext,300762.SZ
chinext,300763.SZ
chinext,300765.SZ
chinext,300766.SZ
chinext,300767.SZ
chinext,300768.SZ
chinext,300769.SZ
chinext,300770.SZ
chinext,300771.SZ
chinext,300772.SZ
chinext,300773.SZ
chinext,300774.SZ
chinext,300775.SZ
chinext,300776.SZ
chinext,300777.SZ
chinext,300778.SZ
chinext,300779.SZ
chinext,300780.SZ
chinext,300781.SZ
chinext,300782.SZ
chinext,300783.SZ
chinext,300784.SZ
chinext,300785.SZ
chinext,300786.SZ
chinext,300787.SZ
chinext,300788.SZ
chinext,300789.SZ
chinext,300790.SZ
chinext,300791.SZ
chinext,300792.SZ
chinext,300793.SZ
chinext,300795.SZ
chinext,300796.SZ
chinext,300797.SZ
chinext,300798.SZ
chinext,300800.SZ
chinext,300801.SZ
chinext,300802.SZ
chinext,300803.SZ
chinext,300804.SZ
chinext,300805.SZ
chinext,300806.SZ
chinext,300807.SZ
chinext,300808.SZ
chinext,300809.SZ
chinext,300810.SZ
chinext,300811.SZ
chinext,300812.SZ
chinext,300813.SZ
chinext,300814.SZ
chinext,300815.SZ
chinext,300816.SZ
chinext,300817.SZ
chinext,300818.SZ
chinext,300819.SZ
chinext,300820.SZ
chinext,300821.SZ
chinext,300822.SZ
chinext,300823.SZ
chinext,300824.SZ
chinext,300825.SZ
chinext,300826.SZ
chinext,300827.SZ
chinext,300828.SZ
chinext,300829.SZ
chinext,300830.SZ
chinext,300831.SZ
chinext,300832.SZ
chinext,300833.SZ
chinext,300834.SZ
chinext,300835.SZ
chinext,300836.SZ
chinext,300837.SZ
chinext,300838.SZ
chinext,300839.SZ
chinext,300840.SZ
chinext,300841.SZ
chinext,300842.SZ
chinext,300843.SZ
chinext,300844.SZ
chinext,300845.SZ
chinext,300846.SZ
chinext,300847.SZ
chinext,300848.SZ
chinext,300849.SZ
chinext,300850.SZ
chinext,300851.SZ
chinext,300852.SZ
chinext,300853.SZ
chinext,300854.SZ
chinext,300855.SZ
chinext,300856.SZ
chinext,300857.SZ
chinext,300858.SZ
chinext,300859.SZ
chinext,300860.SZ
chinext,300861.SZ
chinext,300862.SZ
chinext,300863.SZ
chinext,300864.SZ
chinext,300865.SZ
chinext,300866.SZ
chinext,300867.SZ
chinext,300868.SZ
chinext,300869.SZ
chinext,300870.SZ
chinext,300871.SZ
chinext,300872.SZ
chinext,300873.SZ
chinext,300875.SZ
chinext,300876.SZ
chinext,300877.SZ
chinext,300878.SZ
chinext,300879.SZ
chinext,300880.SZ
chinext,300881.SZ
chinext,300882.SZ
chinext,300883.SZ
chinext,300884.SZ
chinext,300885.SZ
chinext,300886.SZ
chinext,300887.SZ
chinext,300888.SZ
chinext,300889.SZ
chinext,300890.SZ
chinext,300891.SZ
chinext,300892.SZ
chinext,300893.SZ
chinext,300894.SZ
chinext,300895.SZ
chinext,300896.SZ
chinext,300897.SZ
chinext,300898.SZ
chinext,300899.SZ
chinext,300900.SZ
chinext,300901.SZ
chinext,300902.SZ
chinext,300903.SZ
chinext,300904.SZ
chinext,300905.SZ
chinext,300906.SZ
chinext,300907.SZ
chinext,300908.SZ
chinext,300909.SZ
chinext,300910.SZ
chinext,300911.SZ
chinext,300912.SZ
chinext,300913.SZ
chinext,300915.SZ
chinext,300916.SZ
chinext,300917.SZ
chinext,300918.SZ
chinext,300919.SZ
chinext,300920.SZ
chinext,300921.SZ
chinext,300922.SZ
chinext,300923.SZ
chinext,300925.SZ
chinext,300926.SZ
chinext,300927.SZ
chinext,300928.SZ
chinext,300929.SZ
chinext,300930.SZ
chinext,300931.SZ
chinext,300932.SZ
chinext,300933.SZ
chinext,300935.SZ
chinext,300936.SZ
chinext,300937.SZ
chinext,300938.SZ
chinext,300939.SZ
chinext,300940.SZ
chinext,300941.SZ
chinext,300942.SZ
chinext,300943.SZ
chinext,300945.SZ
chinext,300946.SZ
chinext,300947.SZ
chinext,300948.SZ
chinext,300949.SZ
chinext,300950.SZ
chinext,300951.SZ
chinext,300952.SZ
chinext,300953.SZ
chinext,300955.SZ
chinext,300956.SZ
chinext,300957.SZ
chinext,300958.SZ
chinext,300959.SZ
chinext,300960.SZ
chinext,300961.SZ
chinext,300962.SZ
chinext,300963.SZ
chinext,300964.SZ
chinext,300965.SZ
chinext,300966.SZ
chinext,300967.SZ
chinext,300968.SZ
chinext,300969.SZ
chinext,300970.SZ
chinext,300971.SZ
chinext,300972.SZ
chinext,300973.SZ
chinext,300975.SZ
chinext,300976.SZ
chinext,300977.SZ
chinext,300978.SZ
chinext,300979.SZ
chinext,300980.SZ
chinext,300981.SZ
chinext,300982.SZ
chinext,300983.SZ
chinext,300984.SZ
chinext,300985.SZ
chinext,300986.SZ
chinext,300987.SZ
chinext,300988.SZ
chinext,300989.SZ
chinext,300990.SZ
chinext,300991.SZ
chinext,300992.SZ
chinext,300993.SZ
chinext,300994.SZ
chinext,300995.SZ
chinext,300996.SZ
chinext,300997.SZ
chinext,300998.SZ
chinext,300999.SZ
chinext,301000.SZ
chinext,301001.SZ
chinext,301002.SZ
chinext,301003.SZ
chinext,301004.SZ
chinext,301005.SZ
chinext,301006.SZ
chinext,301007.SZ
chinext,301008.SZ
chinext,301009.SZ
chinext,301010.SZ
chinext,301011.SZ
chinext,301012.SZ
chinext,301013.SZ
chinext,301015.SZ
chinext,301016.SZ
chinext,301017.SZ
chinext,301018.SZ
chinext,301019.SZ
chinext,301020.SZ
chinext,301021.SZ
chinext,301022.SZ
chinext,301023.SZ
chinext,301024.SZ
chinext,301025.SZ
chinext,301026.SZ
chinext,301027.SZ
chinext,301028.SZ
chinext,301029.SZ
chinext,301030.SZ
chinext,301031.SZ
chinext,301032.SZ
chinext,301033.SZ
chinext,301035.SZ
chinext,301036.SZ
chinext,301037.SZ
chinext,301038.SZ
chinext,301039.SZ
chinext,301040.SZ
chinext,301041.SZ
chinext,301042.SZ
chinext,301043.SZ
chinext,301045.SZ
chinext,301046.SZ
chinext,301047.SZ
chinext,301048.SZ
chinext,301049.SZ
chinext,301050.SZ
chinext,301051.SZ
chinext,301052.SZ
chinext,301053.SZ
chinext,301055.SZ
chinext,301056.SZ
chinext,301057.SZ
chinext,301058.SZ
chinext,301059.SZ
chinext,301060.SZ
chinext,301061.SZ
chinext,301062.SZ
chinext,301063.SZ
chinext,301065.SZ
chinext,301066.SZ
chinext,301067.SZ
chinext,301068.SZ
chinext,301069.SZ
chinext,301070.SZ
chinext,301071.SZ
chinext,301072.SZ
chinext,301073.SZ
chinext,301075.SZ
chinext,301076.SZ
chinext,301077.SZ
chinext,301078.SZ
chinext,301079.SZ
chinext,301080.SZ
chinext,301081.SZ
chinext,301082.SZ
chinext,301083.SZ
chinext,301085.SZ
chinext,301086.SZ
chinext,301087.SZ
chinext,301088.SZ
chinext,301089.SZ
chinext,301090.SZ
chinext,301091.SZ
chinext,301092.SZ
chinext,301093.SZ
chinext,301095.SZ
chinext,301096.SZ
chinext,301097.SZ
chinext,301098.SZ
chinext,301099.SZ
chinext,301100.SZ
chinext,301101.SZ
chinext,301102.SZ
chinext,301103.SZ
chinext,301105.SZ
chinext,301106.SZ
chinext,301107.SZ
chinext,301108.SZ
chinext,301109.SZ
chinext,301110.SZ
chinext,301111.SZ
chinext,301112.SZ
chinext,301113.SZ
chinext,301115.SZ
chinext,301116.SZ
chinext,301117.SZ
chinext,301118.SZ
chinext,301119.SZ
chinext,301120.SZ
chinext,301121.SZ
chinext,301122.SZ
chinext,301123.SZ
chinext,301125.SZ
chinext,301126.SZ
chinext,301127.SZ
chinext,301128.SZ
chinext,301129.SZ
chinext,301130.SZ
chinext,301131.SZ
chinext,301132.SZ
chinext,301133.SZ
chinext,301135.SZ
chinext,301136.SZ
chinext,301137.SZ
chinext,301138.SZ
chinext,301139.SZ
chinext,301141.SZ
chinext,301148.SZ
chinext,301149.SZ
chinext,301150.SZ
chinext,301151.SZ
chinext,301152.SZ
chinext,301153.SZ
chinext,301155.SZ
chinext,301156.SZ
chinext,301157.SZ
chinext,301158.SZ
chinext,301159.SZ
chinext,301160.SZ
chinext,301161.SZ
chinext,301162.SZ
chinext,301163.SZ
chinext,301165.SZ
chinext,301166.SZ
chinext,301167.SZ
chinext,301168.SZ
chinext,301169.SZ
chinext,301170.SZ
chinext,301171.SZ
chinext,301172.SZ
chinext,301173.SZ
chinext,301175.SZ
chinext,301176.SZ
chinext,301177.SZ
chinext,301178.SZ
chinext,301179.SZ
chinext,301180.SZ
chinext,301181.SZ
chinext,301182.SZ
chinext,301183.SZ
chinext,301185.SZ
chinext,301186.SZ
chinext,301187.SZ
chinext,301188.SZ
chinext,301189.SZ
chinext,301190.SZ
chinext,301191.SZ
chinext,301192.SZ
chinext,301193.SZ
chinext,301195.SZ
chinext,301196.SZ
chinext,301197.SZ
chinext,301198.SZ
chinext,301199.SZ
chinext,301200.SZ
chinext,301201.SZ
chinext,301202.SZ
chinext,301203.SZ
chinext,301205.SZ
chinext,301206.SZ
chinext,301207.SZ
chinext,301208.SZ
chinext,301209.SZ
chinext,301210.SZ
chinext,301211.SZ
chinext,301212.SZ
chinext,301213.SZ
chinext,301215.SZ
chinext,301216.SZ
chinext,301217.SZ
chinext,301218.SZ
chinext,301219.SZ
chinext,301220.SZ
chinext,301221.SZ
chinext,301222.SZ
chinext,301223.SZ
chinext,301225.SZ
chinext,301226.SZ
chinext,301227.SZ
chinext,301228.SZ
chinext,301229.SZ
chinext,301230.SZ
chinext,301231.SZ
chinext,301232.SZ
chinext,301233.SZ
chinext,301234.SZ
chinext,301235.SZ
chinext,301236.SZ
chinext,301237.SZ
chinext,301238.SZ
chinext,301239.SZ
chinext,301246.SZ
chinext,301248.SZ
chinext,301251.SZ
chinext,301252.SZ
chinext,301255.SZ
chinext,301256.SZ
chinext,301257.SZ
chinext,301258.SZ
chinext,301259.SZ
chinext,301260.SZ
chinext,301261.SZ
chinext,301262.SZ
chinext,301263.SZ
chinext,301265.SZ
chinext,301266.SZ
chinext,301267.SZ
chinext,301268.SZ
chinext,301269.SZ
chinext,301270.SZ
chinext,301272.SZ
chinext,301273.SZ
chinext,301275.SZ
chinext,301276.SZ
chinext,301277.SZ
chinext,301278.SZ
chinext,301279.SZ
chinext,301280.SZ
chinext,301281.SZ
chinext,301282.SZ
chinext,301283.SZ
chinext,301285.SZ
chinext,301286.SZ
chinext,301287.SZ
chinext,301288.SZ
chinext,301289.SZ
chinext,301290.SZ
chinext,301291.SZ
chinext,301292.SZ
chinext,301293.SZ
chinext,301295.SZ
chinext,301296.SZ
chinext,301297.SZ
chinext,301298.SZ
chinext,301299.SZ
chinext,301300.SZ
chinext,301301.SZ
chinext,301302.SZ
chinext,301303.SZ
chinext,301305.SZ
chinext,301306.SZ
chinext,301307.SZ
chinext,301308.SZ
chinext,301309.SZ
chinext,301310.SZ
chinext,301311.SZ
chinext,301312.SZ
chinext,301313.SZ
chinext,301314.SZ
chinext,301315.SZ
chinext,301316.SZ
chinext,301317.SZ
chinext,301318.SZ
chinext,301319.SZ
chinext,301320.SZ
chinext,301321.SZ
chinext,301322.SZ
chinext,301323.SZ
chinext,301325.SZ
chinext,301326.SZ
chinext,301327.SZ
chinext,301328.SZ
chinext,301329.SZ
chinext,301330.SZ
chinext,301331.SZ
chinext,301332.SZ
chinext,301333.SZ
chinext,301335.SZ
chinext,301336.SZ
chinext,301337.SZ
chinext,301338.SZ
chinext,301339.SZ
chinext,301345.SZ
chinext,301348.SZ
chinext,301349.SZ
chinext,301353.SZ
chinext,301355.SZ
chinext,301356.SZ
chinext,301357.SZ
chinext,301358.SZ
chinext,301359.SZ
chinext,301360.SZ
chinext,301361.SZ
chinext,301362.SZ
chinext,301363.SZ
chinext,301365.SZ
chinext,301366.SZ
chinext,301367.SZ
chinext,301368.SZ
chinext,301369.SZ
chinext,301370.SZ
chinext,301371.SZ
chinext,301372.SZ
chinext,301373.SZ
chinext,301376.SZ
chinext,301377.SZ
chinext,301378.SZ
chinext,301379.SZ
chinext,301380.SZ
chinext,301381.SZ
chinext,301382.SZ
chinext,301383.SZ
chinext,301386.SZ
chinext,301387.SZ
chinext,301388.SZ
chinext,301389.SZ
chinext,301390.SZ
chinext,301391.SZ
chinext,301392.SZ
chinext,301393.SZ
chinext,301395.SZ
chinext,301396.SZ
chinext,301397.SZ
chinext,301398.SZ
chinext,301399.SZ
chinext,301408.SZ
chinext,301413.SZ
chinext,301418.SZ
chinext,301419.SZ
chinext,301421.SZ
chinext,301428.SZ
chinext,301429.SZ
chinext,301439.SZ
chinext,301446.SZ
chinext,301448.SZ
chinext,301449.SZ
chinext,301456.SZ
chinext,301458.SZ
chinext,301459.SZ
chinext,301468.SZ
chinext,301469.SZ
chinext,301479.SZ
chinext,301486.SZ
chinext,301487.SZ
chinext,301488.SZ
chinext,301489.SZ
chinext,301491.SZ
chinext,301498.SZ
chinext,301499.SZ
chinext,301500.SZ
chinext,301501.SZ
chinext,301502.SZ
chinext,301503.SZ
chinext,301505.SZ
chinext,301507.SZ
chinext,301508.SZ
chinext,301509.SZ
chinext,301510.SZ
chinext,301511.SZ
chinext,301512.SZ
chinext,301513.SZ
chinext,301515.SZ
chinext,301516.SZ
chinext,301517.SZ
chinext,301518.SZ
chinext,301519.SZ
chinext,301520.SZ
chinext,301522.SZ
chinext,301525.SZ
chinext,301526.SZ
chinext,301528.SZ
chinext,301529.SZ
chinext,301531.SZ
chinext,301533.SZ
chinext,301535.SZ
chinext,301536.SZ
chinext,301538.SZ
chinext,301539.SZ
chinext,301548.SZ
chinext,301550.SZ
chinext,301551.SZ
chinext,301552.SZ
chinext,301555.SZ
chinext,301556.SZ
chinext,301557.SZ
chinext,301558.SZ
chinext,301559.SZ
chinext,301560.SZ
chinext,301563.SZ
chinext,301565.SZ
chinext,301566.SZ
chinext,301567.SZ
chinext,301568.SZ
chinext,301571.SZ
chinext,301575.SZ
chinext,301577.SZ
chinext,301578.SZ
chinext,301580.SZ
chinext,301581.SZ
chinext,301584.SZ
chinext,301585.SZ
chinext,301586.SZ
chinext,301587.SZ
chinext,301588.SZ
chinext,301589.SZ
chinext,301590.SZ
chinext,301591.SZ
chinext,301592.SZ
chinext,301595.SZ
chinext,301596.SZ
chinext,301598.SZ
chinext,301599.SZ
chinext,301600.SZ
chinext,301601.SZ
chinext,301602.SZ
chinext,301603.SZ
chinext,301606.SZ
chinext,301607.SZ
chinext,301608.SZ
chinext,301609.SZ
chinext,301611.SZ
chinext,301613.SZ
chinext,301616.SZ
chinext,301617.SZ
chinext,301618.SZ
chinext,301622.SZ
chinext,301626.SZ
chinext,301628.SZ
chinext,301629.SZ
chinext,301630.SZ
chinext,301631.SZ
chinext,301632.SZ
chinext,301633.SZ
chinext,301636.SZ
chinext,301638.SZ
chinext,301656.SZ
chinext,301658.SZ
chinext,301662.SZ
chinext,301665.SZ
chinext,301666.SZ
chinext,301667.SZ
chinext,301668.SZ
chinext,301678.SZ
chinext,301680.SZ
chinext,301682.SZ
chinext,301683.SZ
chinext,301687.SZ
chinext,301696.SZ
chinext,302132.SZ
etf,159001.SZ
etf,159003.SZ
etf,159005.SZ
etf,159007.SZ
etf,159008.SZ
etf,159009.SZ
etf,159010.SZ
etf,159012.SZ
etf,159013.SZ
etf,159015.SZ
etf,159016.SZ
etf,159017.SZ
etf,159018.SZ
etf,159019.SZ
etf,159020.SZ
etf,159021.SZ
etf,159022.SZ
etf,159026.SZ
etf,159027.SZ
etf,159028.SZ
etf,159029.SZ
etf,159030.SZ
etf,159031.SZ
etf,159032.SZ
etf,159033.SZ
etf,159035.SZ
etf,159038.SZ
etf,159100.SZ
etf,159101.SZ
etf,159102.SZ
etf,159103.SZ
etf,159105.SZ
etf,159106.SZ
etf,159107.SZ
etf,159108.SZ
etf,159109.SZ
etf,159110.SZ
etf,159111.SZ
etf,159112.SZ
etf,159113.SZ
etf,159115.SZ
etf,159116.SZ
etf,159117.SZ
etf,159118.SZ
etf,159119.SZ
etf,159120.SZ
etf,159121.SZ
etf,159122.SZ
etf,159123.SZ
etf,159125.SZ
etf,159126.SZ
etf,159127.SZ
etf,159128.SZ
etf,159129.SZ
etf,159130.SZ
etf,159131.SZ
etf,159132.SZ
etf,159133.SZ
etf,159135.SZ
etf,159136.SZ
etf,159137.SZ
etf,159138.SZ
etf,159139.SZ
etf,159140.SZ
etf,159141.SZ
etf,159142.SZ
etf,159143.SZ
etf,159145.SZ
etf,159146.SZ
etf,159147.SZ
etf,159148.SZ
etf,159149.SZ
etf,159150.SZ
etf,159151.SZ
etf,159152.SZ
etf,159153.SZ
etf,159155.SZ
etf,159156.SZ
etf,159157.SZ
etf,159158.SZ
etf,159159.SZ
etf,159160.SZ
etf,159162.SZ
etf,159163.SZ
etf,159165.SZ
etf,159166.SZ
etf,159167.SZ
etf,159168.SZ
etf,159169.SZ
etf,159170.SZ
etf,159171.SZ
etf,159172.SZ
etf,159173.SZ
etf,159175.SZ
etf,159176.SZ
etf,159177.SZ
etf,159178.SZ
etf,159179.SZ
etf,159180.SZ
etf,159181.SZ
etf,159182.SZ
etf,159183.SZ
etf,159185.SZ
etf,159186.SZ
etf,159187.SZ
etf,159188.SZ
etf,159189.SZ
etf,159190.SZ
etf,159191.SZ
etf,159192.SZ
etf,159193.SZ
etf,159195.SZ
etf,159196.SZ
etf,159197.SZ
etf,159198.SZ
etf,159199.SZ
etf,159200.SZ
etf,159201.SZ
etf,159202.SZ
etf,159203.SZ
etf,159205.SZ
etf,159206.SZ
etf,159207.SZ
etf,159208.SZ
etf,159209.SZ
etf,159210.SZ
etf,159211.SZ
etf,159212.SZ
etf,159213.SZ
etf,159215.SZ
etf,159216.SZ
etf,159217.SZ
etf,159218.SZ
etf,159219.SZ
etf,159220.SZ
etf,159221.SZ
etf,159222.SZ
etf,159223.SZ
etf,159225.SZ
etf,159226.SZ
etf,159227.SZ
etf,159228.SZ
etf,159229.SZ
etf,159230.SZ
etf,159231.SZ
etf,159232.SZ
etf,159233.SZ
etf,159235.SZ
etf,159236.SZ
etf,159237.SZ
etf,159238.SZ
etf,159239.SZ
etf,159240.SZ
etf,159241.SZ
etf,159242.SZ
etf,159243.SZ
etf,159245.SZ
etf,159246.SZ
etf,159247.SZ
etf,159248.SZ
etf,159249.SZ
etf,159251.SZ
etf,159253.SZ
etf,159255.SZ
etf,159256.SZ
etf,159257.SZ
etf,159258.SZ
etf,159259.SZ
etf,159260.SZ
etf,159261.SZ
etf,159262.SZ
etf,159263.SZ
etf,159265.SZ
etf,159266.SZ
etf,159267.SZ
etf,159268.SZ
etf,159269.SZ
etf,159270.SZ
etf,159271.SZ
etf,159272.SZ
etf,159273.SZ
etf,159275.SZ
etf,159276.SZ
etf,159277.SZ
etf,159278.SZ
etf,159279.SZ
etf,159280.SZ
etf,159281.SZ
etf,159283.SZ
etf,159285.SZ
etf,159286.SZ
etf,159287.SZ
etf,159288.SZ
etf,159289.SZ
etf,159290.SZ
etf,159291.SZ
etf,159292.SZ
etf,159293.SZ
etf,159295.SZ
etf,159296.SZ
etf,159297.SZ
etf,159298.SZ
etf,159299.SZ
etf,159300.SZ
etf,159301.SZ
etf,159302.SZ
etf,159303.SZ
etf,159305.SZ
etf,159306.SZ
etf,159307.SZ
etf,159309.SZ
etf,159310.SZ
etf,159311.SZ
etf,159312.SZ
etf,159315.SZ
etf,159316.SZ
etf,159318.SZ
etf,159320.SZ
etf,159321.SZ
etf,159322.SZ
etf,159323.SZ
etf,159325.SZ
etf,159326.SZ
etf,159327.SZ
etf,159328.SZ
etf,159329.SZ
etf,159330.SZ
etf,159331.SZ
etf,159332.SZ
etf,159333.SZ
etf,159335.SZ
etf,159336.SZ
etf,159337.SZ
etf,159338.SZ
etf,159339.SZ
etf,159350.SZ
etf,159351.SZ
etf,159352.SZ
etf,159353.SZ
etf,159355.SZ
etf,159356.SZ
etf,159357.SZ
etf,159358.SZ
etf,159359.SZ
etf,159360.SZ
etf,159361.SZ
etf,159362.SZ
etf,159363.SZ
etf,159365.SZ
etf,159366.SZ
etf,159367.SZ
etf,159368.SZ
etf,159369.SZ
etf,159370.SZ
etf,159371.SZ
etf,159372.SZ
etf,159373.SZ
etf,159375.SZ
etf,159376.SZ
etf,159377.SZ
etf,159378.SZ
etf,159379.SZ
etf,159380.SZ
etf,159381.SZ
etf,159382.SZ
etf,159383.SZ
etf,159385.SZ
etf,159386.SZ
etf,159387.SZ
etf,159388.SZ
etf,159389.SZ
etf,159390.SZ
etf,159391.SZ
etf,159392.SZ
etf,159393.SZ
etf,159395.SZ
etf,159396.SZ
etf,159397.SZ
etf,159398.SZ
etf,159399.SZ
etf,159400.SZ
etf,159500.SZ
etf,159501.SZ
etf,159502.SZ
etf,159505.SZ
etf,159506.SZ
etf,159507.SZ
etf,159508.SZ
etf,159509.SZ
etf,159510.SZ
etf,159511.SZ
etf,159512.SZ
etf,159513.SZ
etf,159515.SZ
etf,159516.SZ
etf,159517.SZ
etf,159518.SZ
etf,159519.SZ
etf,159520.SZ
etf,159521.SZ
etf,159523.SZ
etf,159525.SZ
etf,159526.SZ
etf,159527.SZ
etf,159528.SZ
etf,159529.SZ
etf,159530.SZ
etf,159531.SZ
etf,159532.SZ
etf,159533.SZ
etf,159535.SZ
etf,159536.SZ
etf,159537.SZ
etf,159538.SZ
etf,159539.SZ
etf,159540.SZ
etf,159541.SZ
etf,159542.SZ
etf,159543.SZ
etf,159545.SZ
etf,159546.SZ
etf,159547.SZ
etf,159549.SZ
etf,159550.SZ
etf,159551.SZ
etf,159552.SZ
etf,159553.SZ
etf,159555.SZ
etf,159556.SZ
etf,159557.SZ
etf,159558.SZ
etf,159559.SZ
etf,159560.SZ
etf,159561.SZ
etf,159562.SZ
etf,159563.SZ
etf,159565.SZ
etf,159566.SZ
etf,159567.SZ
etf,159568.SZ
etf,159569.SZ
etf,159570.SZ
etf,159571.SZ
etf,159572.SZ
etf,159573.SZ
etf,159575.SZ
etf,159576.SZ
etf,159577.SZ
etf,159578.SZ
etf,159581.SZ
etf,159582.SZ
etf,159583.SZ
etf,159586.SZ
etf,159587.SZ
etf,159588.SZ
etf,159589.SZ
etf,159590.SZ
etf,159591.SZ
etf,159592.SZ
etf,159593.SZ
etf,159595.SZ
etf,159596.SZ
etf,159597.SZ
etf,159599.SZ
etf,159600.SZ
etf,159601.SZ
etf,159602.SZ
etf,159603.SZ
etf,159605.SZ
etf,159606.SZ
etf,159607.SZ
etf,159608.SZ
etf,159609.SZ
etf,159610.SZ
etf,159611.SZ
etf,159612.SZ
etf,159613.SZ
etf,159615.SZ
etf,159616.SZ
etf,159617.SZ
etf,159618.SZ
etf,159619.SZ
etf,159620.SZ
etf,159621.SZ
etf,159622.SZ
etf,159623.SZ
etf,159625.SZ
etf,159627.SZ
etf,159628.SZ
etf,159629.SZ
etf,159630.SZ
etf,159631.SZ
etf,159632.SZ
etf,159633.SZ
etf,159635.SZ
etf,159636.SZ
etf,159637.SZ
etf,159638.SZ
etf,159639.SZ
etf,159640.SZ
etf,159641.SZ
etf,159642.SZ
etf,159643.SZ
etf,159645.SZ
etf,159647.SZ
etf,159649.SZ
etf,159650.SZ
etf,159651.SZ
etf,159652.SZ
etf,159653.SZ
etf,159655.SZ
etf,159656.SZ
etf,159657.SZ
etf,159658.SZ
etf,159659.SZ
etf,159660.SZ
etf,159661.SZ
etf,159662.SZ
etf,159663.SZ
etf,159665.SZ
etf,159666.SZ
etf,159667.SZ
etf,159669.SZ
etf,159670.SZ
etf,159671.SZ
etf,159672.SZ
etf,159673.SZ
etf,159675.SZ
etf,159676.SZ
etf,159677.SZ
etf,159678.SZ
etf,159679.SZ
etf,159680.SZ
etf,159681.SZ
etf,159682.SZ
etf,159685.SZ
etf,159686.SZ
etf,159687.SZ
etf,159688.SZ
etf,159689.SZ
etf,159690.SZ
etf,159691.SZ
etf,159692.SZ
etf,159695.SZ
etf,159696.SZ
etf,159697.SZ
etf,159698.SZ
etf,159699.SZ
etf,159700.SZ
etf,159701.SZ
etf,159703.SZ
etf,159706.SZ
etf,159707.SZ
etf,159708.SZ
etf,159709.SZ
etf,159711.SZ
etf,159712.SZ
etf,159713.SZ
etf,159715.SZ
etf,159716.SZ
etf,159717.SZ
etf,159718.SZ
etf,159719.SZ
etf,159720.SZ
etf,159721.SZ
etf,159723.SZ
etf,159725.SZ
etf,159726.SZ
etf,159728.SZ
etf,159729.SZ
etf,159730.SZ
etf,159731.SZ
etf,159732.SZ
etf,159735.SZ
etf,159736.SZ
etf,159738.SZ
etf,159739.SZ
etf,159740.SZ
etf,159741.SZ
etf,159742.SZ
etf,159743.SZ
etf,159745.SZ
etf,159747.SZ
etf,159748.SZ
etf,159750.SZ
etf,159751.SZ
etf,159752.SZ
etf,159755.SZ
etf,159757.SZ
etf,159758.SZ
etf,159760.SZ
etf,159761.SZ
etf,159763.SZ
etf,159766.SZ
etf,159767.SZ
etf,159768.SZ
etf,159770.SZ
etf,159773.SZ
etf,159775.SZ
etf,159776.SZ
etf,159777.SZ
etf,159778.SZ
etf,159779.SZ
etf,159780.SZ
etf,159781.SZ
etf,159782.SZ
etf,159783.SZ
etf,159786.SZ
etf,159787.SZ
etf,159788.SZ
etf,159790.SZ
etf,159791.SZ
etf,159792.SZ
etf,159793.SZ
etf,159795.SZ
etf,159796.SZ
etf,159797.SZ
etf,159798.SZ
etf,159800.SZ
etf,159801.SZ
etf,159804.SZ
etf,159805.SZ
etf,159806.SZ
etf,159807.SZ
etf,159808.SZ
etf,159810.SZ
etf,159811.SZ
etf,159812.SZ
etf,159813.SZ
etf,159814.SZ
etf,159816.SZ
etf,159819.SZ
etf,159820.SZ
etf,159821.SZ
etf,159822.SZ
etf,159824.SZ
etf,159825.SZ
etf,159827.SZ
etf,159828.SZ
etf,159830.SZ
etf,159831.SZ
etf,159834.SZ
etf,159835.SZ
etf,159836.SZ
etf,159837.SZ
etf,159838.SZ
etf,159839.SZ
etf,159840.SZ
etf,159841.SZ
etf,159842.SZ
etf,159843.SZ
etf,159845.SZ
etf,159847.SZ
etf,159848.SZ
etf,159849.SZ
etf,159850.SZ
etf,159851.SZ
etf,159852.SZ
etf,159855.SZ
etf,159856.SZ
etf,159857.SZ
etf,159858.SZ
etf,159859.SZ
etf,159861.SZ
etf,159862.SZ
etf,159863.SZ
etf,159864.SZ
etf,159865.SZ
etf,159866.SZ
etf,159867.SZ
etf,159869.SZ
etf,159870.SZ
etf,159871.SZ
etf,159872.SZ
etf,159873.SZ
etf,159875.SZ
etf,159876.SZ
etf,159877.SZ
etf,159880.SZ
etf,159881.SZ
etf,159883.SZ
etf,159885.SZ
etf,159886.SZ
etf,159887.SZ
etf,159888.SZ
etf,159889.SZ
etf,159890.SZ
etf,159891.SZ
etf,159892.SZ
etf,159895.SZ
etf,159896.SZ
etf,159898.SZ
etf,159899.SZ
etf,159901.SZ
etf,159902.SZ
etf,159903.SZ
etf,159905.SZ
etf,159906.SZ
etf,159907.SZ
etf,159908.SZ
etf,159909.SZ
etf,159910.SZ
etf,159912.SZ
etf,159913.SZ
etf,159915.SZ
etf,159916.SZ
etf,159918.SZ
etf,159919.SZ
etf,159920.SZ
etf,159922.SZ
etf,159923.SZ
etf,159925.SZ
etf,159928.SZ
etf,159929.SZ
etf,159930.SZ
etf,159931.SZ
etf,159933.SZ
etf,159934.SZ
etf,159935.SZ
etf,159936.SZ
etf,159937.SZ
etf,159938.SZ
etf,159939.SZ
etf,159940.SZ
etf,159941.SZ
etf,159943.SZ
etf,159944.SZ
etf,159945.SZ
etf,159948.SZ
etf,159949.SZ
etf,159952.SZ
etf,159954.SZ
etf,159956.SZ
etf,159957.SZ
etf,159958.SZ
etf,159959.SZ
etf,159960.SZ
etf,159961.SZ
etf,159964.SZ
etf,159965.SZ
etf,159966.SZ
etf,159967.SZ
etf,159968.SZ
etf,159970.SZ
etf,159971.SZ
etf,159972.SZ
etf,159973.SZ
etf,159974.SZ
etf,159975.SZ
etf,159976.SZ
etf,159977.SZ
etf,159980.SZ
etf,159981.SZ
etf,159982.SZ
etf,159985.SZ
etf,159991.SZ
etf,159992.SZ
etf,159993.SZ
etf,159994.SZ
etf,159995.SZ
etf,159996.SZ
etf,159997.SZ
etf,159998.SZ
etf,510010.SH
etf,510020.SH
etf,510030.SH
etf,510040.SH
etf,510050.SH
etf,510060.SH
etf,510090.SH
etf,510100.SH
etf,510130.SH
etf,510150.SH
etf,510160.SH
etf,510170.SH
etf,510180.SH
etf,510190.SH
etf,510200.SH
etf,510210.SH
etf,510230.SH
etf,510270.SH
etf,510290.SH
etf,510300.SH
etf,510310.SH
etf,510320.SH
etf,510330.SH
etf,510350.SH
etf,510360.SH
etf,510370.SH
etf,510380.SH
etf,510390.SH
etf,510410.SH
etf,510500.SH
etf,510510.SH
etf,510530.SH
etf,510550.SH
etf,510560.SH
etf,510570.SH
etf,510580.SH
etf,510590.SH
etf,510600.SH
etf,510630.SH
etf,510650.SH
etf,510660.SH
etf,510670.SH
etf,510680.SH
etf,510710.SH
etf,510720.SH
etf,510760.SH
etf,510770.SH
etf,510800.SH
etf,510810.SH
etf,510850.SH
etf,510880.SH
etf,510900.SH
etf,510910.SH
etf,510950.SH
etf,510980.SH
etf,510990.SH
etf,511010.SH
etf,511020.SH
etf,511030.SH
etf,511060.SH
etf,511070.SH
etf,511090.SH
etf,511100.SH
etf,511110.SH
etf,511120.SH
etf,511130.SH
etf,511150.SH
etf,511160.SH
etf,511180.SH
etf,511190.SH
etf,511200.SH
etf,511220.SH
etf,511260.SH
etf,511270.SH
etf,511360.SH
etf,511380.SH
etf,511520.SH
etf,511580.SH
etf,511600.SH
etf,511620.SH
etf,511650.SH
etf,511660.SH
etf,511670.SH
etf,511690.SH
etf,511700.SH
etf,511770.SH
etf,511800.SH
etf,511810.SH
etf,511820.SH
etf,511830.SH
etf,511850.SH
etf,511860.SH
etf,511880.SH
etf,511900.SH
etf,511910.SH
etf,511920.SH
etf,511930.SH
etf,511950.SH
etf,511960.SH
etf,511970.SH
etf,511980.SH
etf,511990.SH
etf,512000.SH
etf,512010.SH
etf,512020.SH
etf,512030.SH
etf,512040.SH
etf,512050.SH
etf,512060.SH
etf,512070.SH
etf,512080.SH
etf,512090.SH
etf,512100.SH
etf,512120.SH
etf,512130.SH
etf,512140.SH
etf,512150.SH
etf,512160.SH
etf,512170.SH
etf,512180.SH
etf,512190.SH
etf,512200.SH
etf,512220.SH
etf,512240.SH
etf,512250.SH
etf,512260.SH
etf,512290.SH
etf,512330.SH
etf,512360.SH
etf,512370.SH
etf,512380.SH
etf,512390.SH
etf,512400.SH
etf,512430.SH
etf,512450.SH
etf,512460.SH
etf,512480.SH
etf,512500.SH
etf,512510.SH
etf,512520.SH
etf,512530.SH
etf,512550.SH
etf,512560.SH
etf,512570.SH
etf,512580.SH
etf,512600.SH
etf,512620.SH
etf,512630.SH
etf,512640.SH
etf,512650.SH
etf,512660.SH
etf,512670.SH
etf,512680.SH
etf,512690.SH
etf,512700.SH
etf,512710.SH
etf,512720.SH
etf,512730.SH
etf,512750.SH
etf,512760.SH
etf,512770.SH
etf,512800.SH
etf,512810.SH
etf,512820.SH
etf,512870.SH
etf,512880.SH
etf,512890.SH
etf,512900.SH
etf,512910.SH
etf,512930.SH
etf,512940.SH
etf,512950.SH
etf,512960.SH
etf,512970.SH
etf,512980.SH
etf,512990.SH
etf,513000.SH
etf,513010.SH
etf,513020.SH
etf,513030.SH
etf,513040.SH
etf,513050.SH
etf,513060.SH
etf,513070.SH
etf,513080.SH
etf,513090.SH
etf,513100.SH
etf,513110.SH
etf,513120.SH
etf,513130.SH
etf,513140.SH
etf,513150.SH
etf,513160.SH
etf,513170.SH
etf,513180.SH
etf,513190.SH
etf,513200.SH
etf,513210.SH
etf,513220.SH
etf,513230.SH
etf,513240.SH
etf,513260.SH
etf,513280.SH
etf,513290.SH
etf,513300.SH
etf,513310.SH
etf,513320.SH
etf,513330.SH
etf,513350.SH
etf,513360.SH
etf,513380.SH
etf,513390.SH
etf,513400.SH
etf,513500.SH
etf,513520.SH
etf,513530.SH
etf,513550.SH
etf,513560.SH
etf,513580.SH
etf,513590.SH
etf,513600.SH
etf,513620.SH
etf,513630.SH
etf,513650.SH
etf,513660.SH
etf,513690.SH
etf,513700.SH
etf,513720.SH
etf,513730.SH
etf,513750.SH
etf,513770.SH
etf,513780.SH
etf,513800.SH
etf,513810.SH
etf,513820.SH
etf,513830.SH
etf,513850.SH
etf,513860.SH
etf,513870.SH
etf,513880.SH
etf,513890.SH
etf,513900.SH
etf,513910.SH
etf,513920.SH
etf,513930.SH
etf,513950.SH
etf,513970.SH
etf,513980.SH
etf,513990.SH
etf,515000.SH
etf,515010.SH
etf,515020.SH
etf,515030.SH
etf,515050.SH
etf,515060.SH
etf,515070.SH
etf,515080.SH
etf,515090.SH
etf,515100.SH
etf,515110.SH
etf,515120.SH
etf,515130.SH
etf,515150.SH
etf,515160.SH
etf,515170.SH
etf,515180.SH
etf,515190.SH
etf,515200.SH
etf,515210.SH
etf,515220.SH
etf,515230.SH
etf,515250.SH
etf,515260.SH
etf,515290.SH
etf,515300.SH
etf,515310.SH
etf,515320.SH
etf,515330.SH
etf,515350.SH
etf,515360.SH
etf,515370.SH
etf,515380.SH
etf,515390.SH
etf,515400.SH
etf,515450.SH
etf,515460.SH
etf,515530.SH
etf,515550.SH
etf,515560.SH
etf,515580.SH
etf,515590.SH
etf,515600.SH
etf,515630.SH
etf,515640.SH
etf,515650.SH
etf,515660.SH
etf,515680.SH
etf,515700.SH
etf,515710.SH
etf,515720.SH
etf,515730.SH
etf,515750.SH
etf,515760.SH
etf,515770.SH
etf,515790.SH
etf,515800.SH
etf,515810.SH
etf,515850.SH
etf,515860.SH
etf,515880.SH
etf,515890.SH
etf,515900.SH
etf,515910.SH
etf,515920.SH
etf,515950.SH
etf,515960.SH
etf,515970.SH
etf,515980.SH
etf,515990.SH
etf,516000.SH
etf,516010.SH
etf,516020.SH
etf,516050.SH
etf,516060.SH
etf,516070.SH
etf,516080.SH
etf,516090.SH
etf,516100.SH
etf,516110.SH
etf,516120.SH
etf,516130.SH
etf,516150.SH
etf,516160.SH
etf,516180.SH
etf,516190.SH
etf,516200.SH
etf,516210.SH
etf,516220.SH
etf,516230.SH
etf,516250.SH
etf,516260.SH
etf,516270.SH
etf,516290.SH
etf,516300.SH
etf,516310.SH
etf,516320.SH
etf,516330.SH
etf,516350.SH
etf,516360.SH
etf,516370.SH
etf,516380.SH
etf,516390.SH
etf,516460.SH
etf,516500.SH
etf,516510.SH
etf,516520.SH
etf,516530.SH
etf,516550.SH
etf,516560.SH
etf,516570.SH
etf,516580.SH
etf,516590.SH
etf,516600.SH
etf,516610.SH
etf,516620.SH
etf,516630.SH
etf,516640.SH
etf,516650.SH
etf,516660.SH
etf,516670.SH
etf,516700.SH
etf,516710.SH
etf,516720.SH
etf,516730.SH
etf,516750.SH
etf,516760.SH
etf,516770.SH
etf,516780.SH
etf,516790.SH
etf,516800.SH
etf,516810.SH
etf,516820.SH
etf,516830.SH
etf,516840.SH
etf,516850.SH
etf,516860.SH
etf,516880.SH
etf,516890.SH
etf,516900.SH
etf,516910.SH
etf,516920.SH
etf,516930.SH
etf,516950.SH
etf,516960.SH
etf,516970.SH
etf,516980.SH
etf,517000.SH
etf,517010.SH
etf,517030.SH
etf,517050.SH
etf,517080.SH
etf,517090.SH
etf,517100.SH
etf,517110.SH
etf,517120.SH
etf,517130.SH
etf,517160.SH
etf,517170.SH
etf,517180.SH
etf,517200.SH
etf,517300.SH
etf,517330.SH
etf,517350.SH
etf,517360.SH
etf,517380.SH
etf,517390.SH
etf,517400.SH
etf,517520.SH
etf,517550.SH
etf,517660.SH
etf,517770.SH
etf,517800.SH
etf,517850.SH
etf,517880.SH
etf,517900.SH
etf,517950.SH
etf,517990.SH
etf,518600.SH
etf,518660.SH
etf,518680.SH
etf,518800.SH
etf,518850.SH
etf,518860.SH
etf,518880.SH
etf,518890.SH
etf,520500.SH
etf,520510.SH
etf,520520.SH
etf,520530.SH
etf,520550.SH
etf,520560.SH
etf,520570.SH
etf,520580.SH
etf,520590.SH
etf,520600.SH
etf,520610.SH
etf,520620.SH
etf,520630.SH
etf,520650.SH
etf,520660.SH
etf,520670.SH
etf,520680.SH
etf,520690.SH
etf,520700.SH
etf,520710.SH
etf,520720.SH
etf,520730.SH
etf,520760.SH
etf,520770.SH
etf,520780.SH
etf,520790.SH
etf,520810.SH
etf,520820.SH
etf,520830.SH
etf,520840.SH
etf,520850.SH
etf,520860.SH
etf,520870.SH
etf,520880.SH
etf,520890.SH
etf,520900.SH
etf,520910.SH
etf,520920.SH
etf,520930.SH
etf,520940.SH
etf,520950.SH
etf,520960.SH
etf,520970.SH
etf,520980.SH
etf,520990.SH
etf,526000.SH
etf,526010.SH
etf,526050.SH
etf,526070.SH
etf,530000.SH
etf,530050.SH
etf,530060.SH
etf,530080.SH
etf,530100.SH
etf,530180.SH
etf,530280.SH
etf,530300.SH
etf,530380.SH
etf,530530.SH
etf,530580.SH
etf,530680.SH
etf,530800.SH
etf,530880.SH
etf,551000.SH
etf,551030.SH
etf,551060.SH
etf,551300.SH
etf,551500.SH
etf,551510.SH
etf,551520.SH
etf,551550.SH
etf,551560.SH
etf,551580.SH
etf,551800.SH
etf,551900.SH
etf,560000.SH
etf,560010.SH
etf,560020.SH
etf,560030.SH
etf,560050.SH
etf,560060.SH
etf,560070.SH
etf,560080.SH
etf,560090.SH
etf,560100.SH
etf,560110.SH
etf,560120.SH
etf,560130.SH
etf,560150.SH
etf,560160.SH
etf,560170.SH
etf,560180.SH
etf,560190.SH
etf,560210.SH
etf,560220.SH
etf,560230.SH
etf,560250.SH
etf,560260.SH
etf,560270.SH
etf,560280.SH
etf,560290.SH
etf,560300.SH
etf,560310.SH
etf,560320.SH
etf,560330.SH
etf,560350.SH
etf,560360.SH
etf,560370.SH
etf,560380.SH
etf,560390.SH
etf,560400.SH
etf,560410.SH
etf,560420.SH
etf,560450.SH
etf,560460.SH
etf,560470.SH
etf,560480.SH
etf,560490.SH
etf,560500.SH
etf,560510.SH
etf,560520.SH
etf,560530.SH
etf,560550.SH
etf,560560.SH
etf,560570.SH
etf,560580.SH
etf,560590.SH
etf,560610.SH
etf,560620.SH
etf,560630.SH
etf,560650.SH
etf,560660.SH
etf,560680.SH
etf,560690.SH
etf,560700.SH
etf,560710.SH
etf,560720.SH
etf,560750.SH
etf,560770.SH
etf,560780.SH
etf,560790.SH
etf,560800.SH
etf,560810.SH
etf,560820.SH
etf,560830.SH
etf,560850.SH
etf,560860.SH
etf,560870.SH
etf,560880.SH
etf,560900.SH
etf,560910.SH
etf,560930.SH
etf,560950.SH
etf,560980.SH
etf,560990.SH
etf,561000.SH
etf,561010.SH
etf,561030.SH
etf,561050.SH
etf,561060.SH
etf,561080.SH
etf,561090.SH
etf,561100.SH
etf,561120.SH
etf,561130.SH
etf,561160.SH
etf,561170.SH
etf,561180.SH
etf,561190.SH
etf,561200.SH
etf,561220.SH
etf,561230.SH
etf,561260.SH
etf,561280.SH
etf,561300.SH
etf,561310.SH
etf,561320.SH
etf,561330.SH
etf,561350.SH
etf,561360.SH
etf,561370.SH
etf,561380.SH
etf,561500.SH
etf,561510.SH
etf,561550.SH
etf,561560.SH
etf,561570.SH
etf,561580.SH
etf,561590.SH
etf,561600.SH
etf,561660.SH
etf,561680.SH
etf,561700.SH
etf,561750.SH
etf,561760.SH
etf,561770.SH
etf,561780.SH
etf,561790.SH
etf,561800.SH
etf,561870.SH
etf,561880.SH
etf,561900.SH
etf,561910.SH
etf,561920.SH
etf,561930.SH
etf,561950.SH
etf,561960.SH
etf,561980.SH
etf,561990.SH
etf,562000.SH
etf,562010.SH
etf,562030.SH
etf,562050.SH
etf,562060.SH
etf,562070.SH
etf,562080.SH
etf,562300.SH
etf,562310.SH
etf,562320.SH
etf,562330.SH
etf,562340.SH
etf,562350.SH
etf,562360.SH
etf,562380.SH
etf,562390.SH
etf,562500.SH
etf,562510.SH
etf,562520.SH
etf,562530.SH
etf,562550.SH
etf,562560.SH
etf,562570.SH
etf,562580.SH
etf,562590.SH
etf,562600.SH
etf,562660.SH
etf,562700.SH
etf,562800.SH
etf,562810.SH
etf,562820.SH
etf,562850.SH
etf,562860.SH
etf,562870.SH
etf,562880.SH
etf,562890.SH
etf,562900.SH
etf,562910.SH
etf,562920.SH
etf,562930.SH
etf,562950.SH
etf,562960.SH
etf,562970.SH
etf,562990.SH
etf,563000.SH
etf,563010.SH
etf,563020.SH
etf,563030.SH
etf,563050.SH
etf,563060.SH
etf,563080.SH
etf,563090.SH
etf,563150.SH
etf,563180.SH
etf,563200.SH
etf,563210.SH
etf,563220.SH
etf,563230.SH
etf,563280.SH
etf,563300.SH
etf,563320.SH
etf,563330.SH
etf,563350.SH
etf,563360.SH
etf,563380.SH
etf,563390.SH
etf,563500.SH
etf,563510.SH
etf,563520.SH
etf,563530.SH
etf,563550.SH
etf,563560.SH
etf,563570.SH
etf,563580.SH
etf,563590.SH
etf,563600.SH
etf,563620.SH
etf,563630.SH
etf,563650.SH
etf,563660.SH
etf,563670.SH
etf,563680.SH
etf,563690.SH
etf,563700.SH
etf,563750.SH
etf,563760.SH
etf,563770.SH
etf,563780.SH
etf,563790.SH
etf,563800.SH
etf,563830.SH
etf,563850.SH
etf,563860.SH
etf,563870.SH
etf,563880.SH
etf,563890.SH
etf,563900.SH
etf,563930.SH
etf,563960.SH
etf,563980.SH
etf,563990.SH
etf,588000.SH
etf,588010.SH
etf,588020.SH
etf,588030.SH
etf,588040.SH
etf,588050.SH
etf,588060.SH
etf,588070.SH
etf,588080.SH
etf,588090.SH
etf,588100.SH
etf,588110.SH
etf,588120.SH
etf,588130.SH
etf,588140.SH
etf,588150.SH
etf,588160.SH
etf,588170.SH
etf,588180.SH
etf,588190.SH
etf,588200.SH
etf,588210.SH
etf,588220.SH
etf,588230.SH
etf,588240.SH
etf,588250.SH
etf,588260.SH
etf,588270.SH
etf,588280.SH
etf,588290.SH
etf,588300.SH
etf,588310.SH
etf,588320.SH
etf,588330.SH
etf,588350.SH
etf,588360.SH
etf,588370.SH
etf,588380.SH
etf,588390.SH
etf,588400.SH
etf,588410.SH
etf,588420.SH
etf,588430.SH
etf,588450.SH
etf,588460.SH
etf,588470.SH
etf,588480.SH
etf,588500.SH
etf,588510.SH
etf,588520.SH
etf,588550.SH
etf,588660.SH
etf,588670.SH
etf,588680.SH
etf,588690.SH
etf,588700.SH
etf,588710.SH
etf,588720.SH
etf,588730.SH
etf,588750.SH
etf,588760.SH
etf,588770.SH
etf,588780.SH
etf,588790.SH
etf,588800.SH
etf,588810.SH
etf,588820.SH
etf,588830.SH
etf,588840.SH
etf,588850.SH
etf,588860.SH
etf,588870.SH
etf,588880.SH
etf,588890.SH
etf,588900.SH
etf,588910.SH
etf,588920.SH
etf,588930.SH
etf,588940.SH
etf,588950.SH
etf,588960.SH
etf,588980.SH
etf,588990.SH
etf,589000.SH
etf,589010.SH
etf,589020.SH
etf,589030.SH
etf,589050.SH
etf,589060.SH
etf,589070.SH
etf,589080.SH
etf,589090.SH
etf,589100.SH
etf,589110.SH
etf,589120.SH
etf,589130.SH
etf,589150.SH
etf,589160.SH
etf,589170.SH
etf,589180.SH
etf,589190.SH
etf,589200.SH
etf,589210.SH
etf,589220.SH
etf,589230.SH
etf,589250.SH
etf,589260.SH
etf,589270.SH
etf,589280.SH
etf,589300.SH
etf,589320.SH
etf,589330.SH
etf,589380.SH
etf,589500.SH
etf,589520.SH
etf,589550.SH
etf,589560.SH
etf,589580.SH
etf,589600.SH
etf,589630.SH
etf,589660.SH
etf,589680.SH
etf,589700.SH
etf,589720.SH
etf,589770.SH
etf,589780.SH
etf,589800.SH
etf,589820.SH
etf,589850.SH
etf,589860.SH
etf,589880.SH
etf,589890.SH
etf,589900.SH
etf,589950.SH
etf,589960.SH
etf,589980.SH
etf,589990.SH
index,000001.SH
index,000002.SH
index,000003.SH
index,000004.SH
index,000005.SH
index,000006.SH
index,000007.SH
index,000008.SH
index,000009.SH
index,000010.SH
index,000011.SH
index,000012.SH
index,000013.SH
index,000015.SH
index,000016.SH
index,000017.SH
index,000018.SH
index,000019.SH
index,000020.SH
index,000021.SH
index,000022.SH
index,000025.SH
index,000026.SH
index,000027.SH
index,000028.SH
index,000029.SH
index,000030.SH
index,000031.SH
index,000032.SH
index,000033.SH
index,000034.SH
index,000035.SH
index,000036.SH
index,000037.SH
index,000038.SH
index,000039.SH
index,000040.SH
index,000041.SH
index,000042.SH
index,000043.SH
index,000044.SH
index,000045.SH
index,000046.SH
index,000047.SH
index,000048.SH
index,000049.SH
index,000050.SH
index,000051.SH
index,000052.SH
index,000053.SH
index,000054.SH
index,000056.SH
index,000057.SH
index,000058.SH
index,000059.SH
index,000060.SH
index,000061.SH
index,000062.SH
index,000063.SH
index,000064.SH
index,000065.SH
index,000066.SH
index,000067.SH
index,000068.SH
index,000069.SH
index,000070.SH
index,000071.SH
index,000072.SH
index,000073.SH
index,000074.SH
index,000075.SH
index,000076.SH
index,000077.SH
index,000078.SH
index,000079.SH
index,000090.SH
index,000091.SH
index,000092.SH
index,000093.SH
index,000094.SH
index,000095.SH
index,000096.SH
index,000097.SH
index,000098.SH
index,000099.SH
index,000100.SH
index,000101.SH
index,000102.SH
index,000103.SH
index,000104.SH
index,000105.SH
index,000106.SH
index,000107.SH
index,000108.SH
index,000109.SH
index,000110.SH
index,000111.SH
index,000112.SH
index,000113.SH
index,000114.SH
index,000115.SH
index,000116.SH
index,000117.SH
index,000118.SH
index,000119.SH
index,000120.SH
index,000121.SH
index,000122.SH
index,000123.SH
index,000125.SH
index,000126.SH
index,000128.SH
index,000129.SH
index,000130.SH
index,000131.SH
index,000132.SH
index,000133.SH
index,000134.SH
index,000135.SH
index,000136.SH
index,000137.SH
index,000138.SH
index,000139.SH
index,000141.SH
index,000142.SH
index,000145.SH
index,000146.SH
index,000147.SH
index,000148.SH
index,000149.SH
index,000150.SH
index,000151.SH
index,000152.SH
index,000153.SH
index,000155.SH
index,000158.SH
index,000159.SH
index,000160.SH
index,000161.SH
index,000162.SH
index,000300.SH
index,000802.SH
index,000805.SH
index,000806.SH
index,000807.SH
index,000808.SH
index,000814.SH
index,000816.SH
index,000819.SH
index,000821.SH
index,000823.SH
index,000827.SH
index,000828.SH
index,000832.SH
index,000833.SH
index,000841.SH
index,000842.SH
index,000846.SH
index,000847.SH
index,000849.SH
index,000851.SH
index,000852.SH
index,000853.SH
index,000854.SH
index,000855.SH
index,000856.SH
index,000857.SH
index,000858.SH
index,000901.SH
index,000903.SH
index,000904.SH
index,000905.SH
index,000906.SH
index,000908.SH
index,000909.SH
index,000910.SH
index,000911.SH
index,000912.SH
index,000913.SH
index,000914.SH
index,000917.SH
index,000918.SH
index,000919.SH
index,000922.SH
index,000925.SH
index,000928.SH
index,000931.SH
index,000932.SH
index,000933.SH
index,000934.SH
index,000935.SH
index,000939.SH
index,000940.SH
index,000944.SH
index,000950.SH
index,000951.SH
index,000952.SH
index,000957.SH
index,000958.SH
index,000959.SH
index,000961.SH
index,000963.SH
index,000964.SH
index,000966.SH
index,000969.SH
index,000971.SH
index,000974.SH
index,000975.SH
index,000977.SH
index,000978.SH
index,000979.SH
index,000982.SH
index,000984.SH
index,000986.SH
index,000987.SH
index,000989.SH
index,000990.SH
index,000991.SH
index,000992.SH
index,000993.SH
index,000998.SH
index,399001.SZ
index,399002.SZ
index,399003.SZ
index,399004.SZ
index,399005.SZ
index,399006.SZ
index,399007.SZ
index,399008.SZ
index,399009.SZ
index,399010.SZ
index,399011.SZ
index,399012.SZ
index,399013.SZ
index,399015.SZ
index,399100.SZ
index,399101.SZ
index,399102.SZ
index,399103.SZ
index,399106.SZ
index,399107.SZ
index,399108.SZ
index,399231.SZ
index,399232.SZ
index,399233.SZ
index,399234.SZ
index,399235.SZ
index,399236.SZ
index,399237.SZ
index,399239.SZ
index,399240.SZ
index,399241.SZ
index,399242.SZ
index,399243.SZ
index,399244.SZ
index,399248.SZ
index,399298.SZ
index,399299.SZ
index,399300.SZ
index,399301.SZ
index,399302.SZ
index,399303.SZ
index,399306.SZ
index,399307.SZ
index,399310.SZ
index,399311.SZ
index,399312.SZ
index,399313.SZ
index,399314.SZ
index,399315.SZ
index,399316.SZ
index,399317.SZ
index,399318.SZ
index,399319.SZ
index,399320.SZ
index,399321.SZ
index,399322.SZ
index,399324.SZ
index,399326.SZ
index,399328.SZ
index,399330.SZ
index,399333.SZ
index,399335.SZ
index,399337.SZ
index,399339.SZ
index,399341.SZ
index,399344.SZ
index,399346.SZ
index,399348.SZ
index,399350.SZ
index,399351.SZ
index,399352.SZ
index,399353.SZ
index,399355.SZ
index,399356.SZ
index,399357.SZ
index,399358.SZ
index,399359.SZ
index,399360.SZ
index,399361.SZ
index,399362.SZ
index,399363.SZ
index,399364.SZ
index,399365.SZ
index,399366.SZ
index,399367.SZ
index,399368.SZ
index,399369.SZ
index,399370.SZ
index,399371.SZ
index,399372.SZ
index,399373.SZ
index,399374.SZ
index,399375.SZ
index,399376.SZ
index,399377.SZ
index,399378.SZ
index,399379.SZ
index,399380.SZ
index,399381.SZ
index,399382.SZ
index,399383.SZ
index,399384.SZ
index,399385.SZ
index,399386.SZ
index,399387.SZ
index,399388.SZ
index,399389.SZ
index,399390.SZ
index,399391.SZ
index,399392.SZ
index,399393.SZ
index,399394.SZ
index,399395.SZ
index,399396.SZ
index,399397.SZ
index,399398.SZ
index,399399.SZ
index,399400.SZ
index,399401.SZ
index,399402.SZ
index,399403.SZ
index,399405.SZ
index,399406.SZ
index,399407.SZ
index,399408.SZ
index,399409.SZ
index,399410.SZ
index,399411.SZ
index,399412.SZ
index,399413.SZ
index,399415.SZ
index,399416.SZ
index,399417.SZ
index,399418.SZ
index,399419.SZ
index,399420.SZ
index,399423.SZ
index,399428.SZ
index,399429.SZ
index,399431.SZ
index,399432.SZ
index,399433.SZ
index,399434.SZ
index,399435.SZ
index,399436.SZ
index,399437.SZ
index,399438.SZ
index,399439.SZ
index,399440.SZ
index,399441.SZ
index,399481.SZ
index,399550.SZ
index,399551.SZ
index,399552.SZ
index,399553.SZ
index,399554.SZ
index,399555.SZ
index,399556.SZ
index,399557.SZ
index,399602.SZ
index,399604.SZ
index,399606.SZ
index,399608.SZ
index,399610.SZ
index,399611.SZ
index,399612.SZ
index,399613.SZ
index,399614.SZ
index,399615.SZ
index,399616.SZ
index,399617.SZ
index,399618.SZ
index,399619.SZ
index,399620.SZ
index,399621.SZ
index,399622.SZ
index,399623.SZ
index,399624.SZ
index,399625.SZ
index,399626.SZ
index,399627.SZ
index,399628.SZ
index,399629.SZ
index,399630.SZ
index,399631.SZ
index,399632.SZ
index,399633.SZ
index,399634.SZ
index,399635.SZ
index,399636.SZ
index,399637.SZ
index,399638.SZ
index,399639.SZ
index,399640.SZ
index,399641.SZ
index,399642.SZ
index,399643.SZ
index,399644.SZ
index,399645.SZ
index,399646.SZ
index,399647.SZ
index,399648.SZ
index,399649.SZ
index,399650.SZ
index,399651.SZ
index,399652.SZ
index,399653.SZ
index,399654.SZ
index,399655.SZ
index,399656.SZ
index,399657.SZ
index,399658.SZ
index,399659.SZ
index,399660.SZ
index,399661.SZ
index,399662.SZ
index,399663.SZ
index,399664.SZ
index,399665.SZ
index,399666.SZ
index,399667.SZ
index,399668.SZ
index,399669.SZ
index,399670.SZ
index,399671.SZ
index,399672.SZ
index,399673.SZ
index,399674.SZ
index,399675.SZ
index,399676.SZ
index,399677.SZ
index,399678.SZ
index,399679.SZ
index,399680.SZ
index,399681.SZ
index,399682.SZ
index,399683.SZ
index,399684.SZ
index,399685.SZ
index,399686.SZ
index,399687.SZ
index,399688.SZ
index,399689.SZ
index,399701.SZ
index,399702.SZ
index,399703.SZ
index,399704.SZ
index,399705.SZ
index,399706.SZ
index,399802.SZ
index,399803.SZ
index,399804.SZ
index,399805.SZ
index,399806.SZ
index,399807.SZ
index,399808.SZ
index,399809.SZ
index,399812.SZ
index,399813.SZ
index,399814.SZ
index,399901.SZ
index,399903.SZ
index,399905.SZ
index,399913.SZ
index,399914.SZ
index,399928.SZ
index,399932.SZ
index,399933.SZ
index,399934.SZ
index,399935.SZ
index,399959.SZ
index,399965.SZ
index,399966.SZ
index,399967.SZ
index,399972.SZ
index,399974.SZ
index,399982.SZ
index,399990.SZ
index,399991.SZ
index,399992.SZ
index,399993.SZ
index,399994.SZ
index,399995.SZ
index,399996.SZ
index,399997.SZ
index,399998.SZ
other,000001
other,000002
other,000006
other,000007
sh_main,600000.SH
sh_main,600004.SH
sh_main,600006.SH
sh_main,600007.SH
sh_main,600008.SH
sh_main,600009.SH
sh_main,600010.SH
sh_main,600011.SH
sh_main,600012.SH
sh_main,600015.SH
sh_main,600016.SH
sh_main,600017.SH
sh_main,600018.SH
sh_main,600019.SH
sh_main,600020.SH
sh_main,600021.SH
sh_main,600022.SH
sh_main,600023.SH
sh_main,600025.SH
sh_main,600026.SH
sh_main,600027.SH
sh_main,600028.SH
sh_main,600029.SH
sh_main,600030.SH
sh_main,600031.SH
sh_main,600032.SH
sh_main,600033.SH
sh_main,600035.SH
sh_main,600036.SH
sh_main,600037.SH
sh_main,600038.SH
sh_main,600039.SH
sh_main,600048.SH
sh_main,600050.SH
sh_main,600051.SH
sh_main,600052.SH
sh_main,600053.SH
sh_main,600054.SH
sh_main,600055.SH
sh_main,600056.SH
sh_main,600057.SH
sh_main,600058.SH
sh_main,600059.SH
sh_main,600060.SH
sh_main,600061.SH
sh_main,600062.SH
sh_main,600063.SH
sh_main,600064.SH
sh_main,600066.SH
sh_main,600067.SH
sh_main,600071.SH
sh_main,600072.SH
sh_main,600073.SH
sh_main,600075.SH
sh_main,600076.SH
sh_main,600078.SH
sh_main,600079.SH
sh_main,600080.SH
sh_main,600081.SH
sh_main,600082.SH
sh_main,600084.SH
sh_main,600085.SH
sh_main,600088.SH
sh_main,600089.SH
sh_main,600094.SH
sh_main,600095.SH
sh_main,600096.SH
sh_main,600097.SH
sh_main,600098.SH
sh_main,600099.SH
sh_main,600100.SH
sh_main,600101.SH
sh_main,600103.SH
sh_main,600104.SH
sh_main,600105.SH
sh_main,600106.SH
sh_main,600107.SH
sh_main,600108.SH
sh_main,600109.SH
sh_main,600110.SH
sh_main,600111.SH
sh_main,600113.SH
sh_main,600114.SH
sh_main,600115.SH
sh_main,600116.SH
sh_main,600117.SH
sh_main,600118.SH
sh_main,600119.SH
sh_main,600120.SH
sh_main,600121.SH
sh_main,600123.SH
sh_main,600125.SH
sh_main,600126.SH
sh_main,600127.SH
sh_main,600128.SH
sh_main,600129.SH
sh_main,600130.SH
sh_main,600131.SH
sh_main,600132.SH
sh_main,600133.SH
sh_main,600135.SH
sh_main,600136.SH
sh_main,600137.SH
sh_main,600138.SH
sh_main,600141.SH
sh_main,600143.SH
sh_main,600148.SH
sh_main,600149.SH
sh_main,600150.SH
sh_main,600151.SH
sh_main,600152.SH
sh_main,600153.SH
sh_main,600155.SH
sh_main,600156.SH
sh_main,600157.SH
sh_main,600158.SH
sh_main,600159.SH
sh_main,600160.SH
sh_main,600161.SH
sh_main,600162.SH
sh_main,600163.SH
sh_main,600165.SH
sh_main,600166.SH
sh_main,600167.SH
sh_main,600168.SH
sh_main,600169.SH
sh_main,600170.SH
sh_main,600171.SH
sh_main,600172.SH
sh_main,600173.SH
sh_main,600176.SH
sh_main,600177.SH
sh_main,600178.SH
sh_main,600179.SH
sh_main,600180.SH
sh_main,600182.SH
sh_main,600183.SH
sh_main,600184.SH
sh_main,600185.SH
sh_main,600186.SH
sh_main,600187.SH
sh_main,600188.SH
sh_main,600189.SH
sh_main,600191.SH
sh_main,600192.SH
sh_main,600193.SH
sh_main,600195.SH
sh_main,600196.SH
sh_main,600197.SH
sh_main,600198.SH
sh_main,600199.SH
sh_main,600201.SH
sh_main,600202.SH
sh_main,600203.SH
sh_main,600206.SH
sh_main,600207.SH
sh_main,600208.SH
sh_main,600210.SH
sh_main,600211.SH
sh_main,600212.SH
sh_main,600215.SH
sh_main,600216.SH
sh_main,600217.SH
sh_main,600218.SH
sh_main,600219.SH
sh_main,600221.SH
sh_main,600222.SH
sh_main,600223.SH
sh_main,600226.SH
sh_main,600227.SH
sh_main,600228.SH
sh_main,600229.SH
sh_main,600230.SH
sh_main,600231.SH
sh_main,600232.SH
sh_main,600233.SH
sh_main,600234.SH
sh_main,600235.SH
sh_main,600236.SH
sh_main,600237.SH
sh_main,600238.SH
sh_main,600239.SH
sh_main,600241.SH
sh_main,600243.SH
sh_main,600246.SH
sh_main,600248.SH
sh_main,600249.SH
sh_main,600250.SH
sh_main,600251.SH
sh_main,600252.SH
sh_main,600255.SH
sh_main,600256.SH
sh_main,600257.SH
sh_main,600258.SH
sh_main,600259.SH
sh_main,600261.SH
sh_main,600262.SH
sh_main,600265.SH
sh_main,600266.SH
sh_main,600267.SH
sh_main,600268.SH
sh_main,600269.SH
sh_main,600271.SH
sh_main,600272.SH
sh_main,600273.SH
sh_main,600276.SH
sh_main,600278.SH
sh_main,600279.SH
sh_main,600280.SH
sh_main,600281.SH
sh_main,600282.SH
sh_main,600283.SH
sh_main,600284.SH
sh_main,600285.SH
sh_main,600287.SH
sh_main,600288.SH
sh_main,600289.SH
sh_main,600292.SH
sh_main,600293.SH
sh_main,600295.SH
sh_main,600298.SH
sh_main,600299.SH
sh_main,600300.SH
sh_main,600301.SH
sh_main,600302.SH
sh_main,600303.SH
sh_main,600305.SH
sh_main,600307.SH
sh_main,600308.SH
sh_main,600309.SH
sh_main,600310.SH
sh_main,600312.SH
sh_main,600313.SH
sh_main,600315.SH
sh_main,600316.SH
sh_main,600318.SH
sh_main,600319.SH
sh_main,600320.SH
sh_main,600322.SH
sh_main,600323.SH
sh_main,600325.SH
sh_main,600326.SH
sh_main,600327.SH
sh_main,600328.SH
sh_main,600329.SH
sh_main,600330.SH
sh_main,600331.SH
sh_main,600332.SH
sh_main,600333.SH
sh_main,600335.SH
sh_main,600336.SH
sh_main,600337.SH
sh_main,600338.SH
sh_main,600339.SH
sh_main,600340.SH
sh_main,600343.SH
sh_main,600345.SH
sh_main,600346.SH
sh_main,600348.SH
sh_main,600350.SH
sh_main,600351.SH
sh_main,600352.SH
sh_main,600353.SH
sh_main,600354.SH
sh_main,600355.SH
sh_main,600356.SH
sh_main,600358.SH
sh_main,600359.SH
sh_main,600360.SH
sh_main,600361.SH
sh_main,600362.SH
sh_main,600363.SH
sh_main,600365.SH
sh_main,600366.SH
sh_main,600367.SH
sh_main,600368.SH
sh_main,600369.SH
sh_main,600370.SH
sh_main,600371.SH
sh_main,600372.SH
sh_main,600373.SH
sh_main,600375.SH
sh_main,600376.SH
sh_main,600377.SH
sh_main,600378.SH
sh_main,600379.SH
sh_main,600380.SH
sh_main,600381.SH
sh_main,600382.SH
sh_main,600383.SH
sh_main,600386.SH
sh_main,600388.SH
sh_main,600389.SH
sh_main,600390.SH
sh_main,600391.SH
sh_main,600392.SH
sh_main,600395.SH
sh_main,600396.SH
sh_main,600397.SH
sh_main,600398.SH
sh_main,600399.SH
sh_main,600400.SH
sh_main,600403.SH
sh_main,600405.SH
sh_main,600406.SH
sh_main,600408.SH
sh_main,600409.SH
sh_main,600410.SH
sh_main,600415.SH
sh_main,600416.SH
sh_main,600418.SH
sh_main,600419.SH
sh_main,600420.SH
sh_main,600421.SH
sh_main,600422.SH
sh_main,600423.SH
sh_main,600425.SH
sh_main,600426.SH
sh_main,600428.SH
sh_main,600429.SH
sh_main,600433.SH
sh_main,600435.SH
sh_main,600436.SH
sh_main,600438.SH
sh_main,600439.SH
sh_main,600444.SH
sh_main,600446.SH
sh_main,600448.SH
sh_main,600449.SH
sh_main,600452.SH
sh_main,600455.SH
sh_main,600456.SH
sh_main,600458.SH
sh_main,600459.SH
sh_main,600460.SH
sh_main,600461.SH
sh_main,600463.SH
sh_main,600467.SH
sh_main,600468.SH
sh_main,600469.SH
sh_main,600470.SH
sh_main,600475.SH
sh_main,600476.SH
sh_main,600477.SH
sh_main,600478.SH
sh_main,600479.SH
sh_main,600480.SH
sh_main,600481.SH
sh_main,600482.SH
sh_main,600483.SH
sh_main,600486.SH
sh_main,600487.SH
sh_main,600488.SH
sh_main,600489.SH
sh_main,600490.SH
sh_main,600491.SH
sh_main,600493.SH
sh_main,600495.SH
sh_main,600496.SH
sh_main,600497.SH
sh_main,600498.SH
sh_main,600499.SH
sh_main,600500.SH
sh_main,600501.SH
sh_main,600502.SH
sh_main,600503.SH
sh_main,600505.SH
sh_main,600506.SH
sh_main,600507.SH
sh_main,600508.SH
sh_main,600509.SH
sh_main,600510.SH
sh_main,600511.SH
sh_main,600512.SH
sh_main,600513.SH
sh_main,600515.SH
sh_main,600516.SH
sh_main,600517.SH
sh_main,600518.SH
sh_main,600519.SH
sh_main,600520.SH
sh_main,600521.SH
sh_main,600522.SH
sh_main,600523.SH
sh_main,600525.SH
sh_main,600526.SH
sh_main,600527.SH
sh_main,600528.SH
sh_main,600529.SH
sh_main,600530.SH
sh_main,600531.SH
sh_main,600533.SH
sh_main,600535.SH
sh_main,600536.SH
sh_main,600537.SH
sh_main,600538.SH
sh_main,600539.SH
sh_main,600540.SH
sh_main,600543.SH
sh_main,600545.SH
sh_main,600546.SH
sh_main,600547.SH
sh_main,600548.SH
sh_main,600549.SH
sh_main,600550.SH
sh_main,600551.SH
sh_main,600552.SH
sh_main,600556.SH
sh_main,600557.SH
sh_main,600558.SH
sh_main,600559.SH
sh_main,600560.SH
sh_main,600561.SH
sh_main,600562.SH
sh_main,600563.SH
sh_main,600566.SH
sh_main,600567.SH
sh_main,600568.SH
sh_main,600569.SH
sh_main,600570.SH
sh_main,600571.SH
sh_main,600572.SH
sh_main,600573.SH
sh_main,600575.SH
sh_main,600576.SH
sh_main,600577.SH
sh_main,600578.SH
sh_main,600579.SH
sh_main,600580.SH
sh_main,600581.SH
sh_main,600582.SH
sh_main,600583.SH
sh_main,600584.SH
sh_main,600585.SH
sh_main,600586.SH
sh_main,600587.SH
sh_main,600588.SH
sh_main,600589.SH
sh_main,600590.SH
sh_main,600592.SH
sh_main,600593.SH
sh_main,600594.SH
sh_main,600595.SH
sh_main,600596.SH
sh_main,600597.SH
sh_main,600598.SH
sh_main,600599.SH
sh_main,600600.SH
sh_main,600601.SH
sh_main,600602.SH
sh_main,600603.SH
sh_main,600604.SH
sh_main,600605.SH
sh_main,600606.SH
sh_main,600608.SH
sh_main,600609.SH
sh_main,600610.SH
sh_main,600611.SH
sh_main,600612.SH
sh_main,600613.SH
sh_main,600615.SH
sh_main,600616.SH
sh_main,600617.SH
sh_main,600618.SH
sh_main,600619.SH
sh_main,600620.SH
sh_main,600621.SH
sh_main,600622.SH
sh_main,600623.SH
sh_main,600624.SH
sh_main,600626.SH
sh_main,600628.SH
sh_main,600629.SH
sh_main,600630.SH
sh_main,600633.SH
sh_main,600635.SH
sh_main,600636.SH
sh_main,600637.SH
sh_main,600638.SH
sh_main,600639.SH
sh_main,600640.SH
sh_main,600641.SH
sh_main,600642.SH
sh_main,600643.SH
sh_main,600644.SH
sh_main,600645.SH
sh_main,600648.SH
sh_main,600649.SH
sh_main,600650.SH
sh_main,600651.SH
sh_main,600653.SH
sh_main,600654.SH
sh_main,600655.SH
sh_main,600657.SH
sh_main,600658.SH
sh_main,600660.SH
sh_main,600661.SH
sh_main,600662.SH
sh_main,600663.SH
sh_main,600664.SH
sh_main,600665.SH
sh_main,600666.SH
sh_main,600667.SH
sh_main,600668.SH
sh_main,600671.SH
sh_main,600673.SH
sh_main,600674.SH
sh_main,600675.SH
sh_main,600676.SH
sh_main,600678.SH
sh_main,600679.SH
sh_main,600681.SH
sh_main,600682.SH
sh_main,600683.SH
sh_main,600684.SH
sh_main,600685.SH
sh_main,600686.SH
sh_main,600688.SH
sh_main,600689.SH
sh_main,600690.SH
sh_main,600691.SH
sh_main,600692.SH
sh_main,600693.SH
sh_main,600694.SH
sh_main,600696.SH
sh_main,600697.SH
sh_main,600698.SH
sh_main,600699.SH
sh_main,600702.SH
sh_main,600703.SH
sh_main,600704.SH
sh_main,600706.SH
sh_main,600707.SH
sh_main,600708.SH
sh_main,600710.SH
sh_main,600711.SH
sh_main,600712.SH
sh_main,600713.SH
sh_main,600714.SH
sh_main,600715.SH
sh_main,600716.SH
sh_main,600717.SH
sh_main,600718.SH
sh_main,600719.SH
sh_main,600720.SH
sh_main,600721.SH
sh_main,600722.SH
sh_main,600724.SH
sh_main,600725.SH
sh_main,600726.SH
sh_main,600727.SH
sh_main,600728.SH
sh_main,600729.SH
sh_main,600730.SH
sh_main,600731.SH
sh_main,600732.SH
sh_main,600733.SH
sh_main,600734.SH
sh_main,600735.SH
sh_main,600736.SH
sh_main,600737.SH
sh_main,600738.SH
sh_main,600739.SH
sh_main,600740.SH
sh_main,600741.SH
sh_main,600742.SH
sh_main,600743.SH
sh_main,600744.SH
sh_main,600745.SH
sh_main,600746.SH
sh_main,600748.SH
sh_main,600749.SH
sh_main,600750.SH
sh_main,600751.SH
sh_main,600753.SH
sh_main,600754.SH
sh_main,600755.SH
sh_main,600756.SH
sh_main,600757.SH
sh_main,600758.SH
sh_main,600759.SH
sh_main,600760.SH
sh_main,600761.SH
sh_main,600763.SH
sh_main,600764.SH
sh_main,600765.SH
sh_main,600768.SH
sh_main,600769.SH
sh_main,600770.SH
sh_main,600771.SH
sh_main,600773.SH
sh_main,600774.SH
sh_main,600775.SH
sh_main,600776.SH
sh_main,600777.SH
sh_main,600778.SH
sh_main,600779.SH
sh_main,600780.SH
sh_main,600782.SH
sh_main,600783.SH
sh_main,600784.SH
sh_main,600785.SH
sh_main,600787.SH
sh_main,600789.SH
sh_main,600790.SH
sh_main,600791.SH
sh_main,600792.SH
sh_main,600793.SH
sh_main,600794.SH
sh_main,600795.SH
sh_main,600796.SH
sh_main,600797.SH
sh_main,600798.SH
sh_main,600800.SH
sh_main,600801.SH
sh_main,600802.SH
sh_main,600803.SH
sh_main,600805.SH
sh_main,600807.SH
sh_main,600808.SH
sh_main,600809.SH
sh_main,600810.SH
sh_main,600812.SH
sh_main,600814.SH
sh_main,600815.SH
sh_main,600816.SH
sh_main,600817.SH
sh_main,600818.SH
sh_main,600819.SH
sh_main,600820.SH
sh_main,600821.SH
sh_main,600822.SH
sh_main,600824.SH
sh_main,600825.SH
sh_main,600826.SH
sh_main,600827.SH
sh_main,600828.SH
sh_main,600829.SH
sh_main,600830.SH
sh_main,600831.SH
sh_main,600833.SH
sh_main,600834.SH
sh_main,600835.SH
sh_main,600838.SH
sh_main,600839.SH
sh_main,600841.SH
sh_main,600843.SH
sh_main,600844.SH
sh_main,600845.SH
sh_main,600846.SH
sh_main,600847.SH
sh_main,600848.SH
sh_main,600850.SH
sh_main,600851.SH
sh_main,600853.SH
sh_main,600854.SH
sh_main,600855.SH
sh_main,600857.SH
sh_main,600858.SH
sh_main,600859.SH
sh_main,600860.SH
sh_main,600861.SH
sh_main,600862.SH
sh_main,600863.SH
sh_main,600864.SH
sh_main,600865.SH
sh_main,600866.SH
sh_main,600867.SH
sh_main,600868.SH
sh_main,600869.SH
sh_main,600871.SH
sh_main,600872.SH
sh_main,600873.SH
sh_main,600874.SH
sh_main,600875.SH
sh_main,600876.SH
sh_main,600877.SH
sh_main,600879.SH
sh_main,600880.SH
sh_main,600881.SH
sh_main,600882.SH
sh_main,600883.SH
sh_main,600884.SH
sh_main,600885.SH
sh_main,600886.SH
sh_main,600887.SH
sh_main,600888.SH
sh_main,600889.SH
sh_main,600892.SH
sh_main,600893.SH
sh_main,600894.SH
sh_main,600895.SH
sh_main,600897.SH
sh_main,600900.SH
sh_main,600901.SH
sh_main,600903.SH
sh_main,600905.SH
sh_main,600906.SH
sh_main,600908.SH
sh_main,600909.SH
sh_main,600916.SH
sh_main,600917.SH
sh_main,600918.SH
sh_main,600919.SH
sh_main,600925.SH
sh_main,600926.SH
sh_main,600927.SH
sh_main,600928.SH
sh_main,600929.SH
sh_main,600930.SH
sh_main,600933.SH
sh_main,600935.SH
sh_main,600936.SH
sh_main,600938.SH
sh_main,600939.SH
sh_main,600941.SH
sh_main,600955.SH
sh_main,600956.SH
sh_main,600958.SH
sh_main,600959.SH
sh_main,600960.SH
sh_main,600961.SH
sh_main,600962.SH
sh_main,600963.SH
sh_main,600965.SH
sh_main,600966.SH
sh_main,600967.SH
sh_main,600968.SH
sh_main,600969.SH
sh_main,600970.SH
sh_main,600971.SH
sh_main,600973.SH
sh_main,600975.SH
sh_main,600976.SH
sh_main,600977.SH
sh_main,600979.SH
sh_main,600980.SH
sh_main,600981.SH
sh_main,600982.SH
sh_main,600983.SH
sh_main,600984.SH
sh_main,600985.SH
sh_main,600986.SH
sh_main,600987.SH
sh_main,600988.SH
sh_main,600989.SH
sh_main,600990.SH
sh_main,600992.SH
sh_main,600993.SH
sh_main,600995.SH
sh_main,600996.SH
sh_main,600997.SH
sh_main,600998.SH
sh_main,600999.SH
sh_main,601000.SH
sh_main,601001.SH
sh_main,601002.SH
sh_main,601003.SH
sh_main,601005.SH
sh_main,601006.SH
sh_main,601007.SH
sh_main,601008.SH
sh_main,601009.SH
sh_main,601010.SH
sh_main,601011.SH
sh_main,601012.SH
sh_main,601015.SH
sh_main,601016.SH
sh_main,601018.SH
sh_main,601019.SH
sh_main,601020.SH
sh_main,601021.SH
sh_main,601022.SH
sh_main,601026.SH
sh_main,601033.SH
sh_main,601038.SH
sh_main,601058.SH
sh_main,601059.SH
sh_main,601061.SH
sh_main,601065.SH
sh_main,601066.SH
sh_main,601068.SH
sh_main,601069.SH
sh_main,601077.SH
sh_main,601083.SH
sh_main,601086.SH
sh_main,601088.SH
sh_main,601089.SH
sh_main,601096.SH
sh_main,601098.SH
sh_main,601099.SH
sh_main,601100.SH
sh_main,601101.SH
sh_main,601106.SH
sh_main,601107.SH
sh_main,601108.SH
sh_main,601111.SH
sh_main,601112.SH
sh_main,601113.SH
sh_main,601116.SH
sh_main,601117.SH
sh_main,601118.SH
sh_main,601121.SH
sh_main,601126.SH
sh_main,601127.SH
sh_main,601128.SH
sh_main,601133.SH
sh_main,601136.SH
sh_main,601137.SH
sh_main,601138.SH
sh_main,601139.SH
sh_main,601155.SH
sh_main,601156.SH
sh_main,601158.SH
sh_main,601162.SH
sh_main,601163.SH
sh_main,601166.SH
sh_main,601168.SH
sh_main,601169.SH
sh_main,601177.SH
sh_main,601179.SH
sh_main,601186.SH
sh_main,601187.SH
sh_main,601188.SH
sh_main,601198.SH
sh_main,601199.SH
sh_main,601200.SH
sh_main,601208.SH
sh_main,601211.SH
sh_main,601212.SH
sh_main,601216.SH
sh_main,601218.SH
sh_main,601222.SH
sh_main,601225.SH
sh_main,601226.SH
sh_main,601228.SH
sh_main,601229.SH
sh_main,601231.SH
sh_main,601233.SH
sh_main,601236.SH
sh_main,601238.SH
sh_main,601279.SH
sh_main,601288.SH
sh_main,601298.SH
sh_main,601311.SH
sh_main,601318.SH
sh_main,601319.SH
sh_main,601326.SH
sh_main,601328.SH
sh_main,601330.SH
sh_main,601333.SH
sh_main,601336.SH
sh_main,601339.SH
sh_main,601360.SH
sh_main,601366.SH
sh_main,601368.SH
sh_main,601369.SH
sh_main,601375.SH
sh_main,601377.SH
sh_main,601388.SH
sh_main,601390.SH
sh_main,601398.SH
sh_main,601399.SH
sh_main,601456.SH
sh_main,601500.SH
sh_main,601512.SH
sh_main,601515.SH
sh_main,601518.SH
sh_main,601519.SH
sh_main,601528.SH
sh_main,601555.SH
sh_main,601566.SH
sh_main,601567.SH
sh_main,601568.SH
sh_main,601577.SH
sh_main,601579.SH
sh_main,601588.SH
sh_main,601595.SH
sh_main,601598.SH
sh_main,601599.SH
sh_main,601600.SH
sh_main,601601.SH
sh_main,601606.SH
sh_main,601607.SH
sh_main,601608.SH
sh_main,601609.SH
sh_main,601611.SH
sh_main,601615.SH
sh_main,601616.SH
sh_main,601618.SH
sh_main,601619.SH
sh_main,601628.SH
sh_main,601633.SH
sh_main,601636.SH
sh_main,601658.SH
sh_main,601665.SH
sh_main,601666.SH
sh_main,601668.SH
sh_main,601669.SH
sh_main,601677.SH
sh_main,601678.SH
sh_main,601686.SH
sh_main,601688.SH
sh_main,601689.SH
sh_main,601696.SH
sh_main,601698.SH
sh_main,601699.SH
sh_main,601700.SH
sh_main,601702.SH
sh_main,601717.SH
sh_main,601718.SH
sh_main,601727.SH
sh_main,601728.SH
sh_main,601766.SH
sh_main,601777.SH
sh_main,601778.SH
sh_main,601788.SH
sh_main,601789.SH
sh_main,601798.SH
sh_main,601799.SH
sh_main,601800.SH
sh_main,601801.SH
sh_main,601808.SH
sh_main,601811.SH
sh_main,601816.SH
sh_main,601818.SH
sh_main,601825.SH
sh_main,601827.SH
sh_main,601828.SH
sh_main,601838.SH
sh_main,601857.SH
sh_main,601858.SH
sh_main,601860.SH
sh_main,601865.SH
sh_main,601866.SH
sh_main,601868.SH
sh_main,601869.SH
sh_main,601872.SH
sh_main,601877.SH
sh_main,601878.SH
sh_main,601880.SH
sh_main,601881.SH
sh_main,601882.SH
sh_main,601886.SH
sh_main,601888.SH
sh_main,601890.SH
sh_main,601898.SH
sh_main,601899.SH
sh_main,601900.SH
sh_main,601901.SH
sh_main,601908.SH
sh_main,601916.SH
sh_main,601918.SH
sh_main,601919.SH
sh_main,601921.SH
sh_main,601928.SH
sh_main,601929.SH
sh_main,601933.SH
sh_main,601939.SH
sh_main,601949.SH
sh_main,601952.SH
sh_main,601956.SH
sh_main,601958.SH
sh_main,601963.SH
sh_main,601965.SH
sh_main,601966.SH
sh_main,601968.SH
sh_main,601969.SH
sh_main,601975.SH
sh_main,601985.SH
sh_main,601988.SH
sh_main,601990.SH
sh_main,601991.SH
sh_main,601992.SH
sh_main,601995.SH
sh_main,601996.SH
sh_main,601997.SH
sh_main,601998.SH
sh_main,601999.SH
sh_main,603000.SH
sh_main,603001.SH
sh_main,603002.SH
sh_main,603004.SH
sh_main,603005.SH
sh_main,603006.SH
sh_main,603007.SH
sh_main,603008.SH
sh_main,603009.SH
sh_main,603010.SH
sh_main,603011.SH
sh_main,603012.SH
sh_main,603013.SH
sh_main,603014.SH
sh_main,603015.SH
sh_main,603016.SH
sh_main,603017.SH
sh_main,603018.SH
sh_main,603019.SH
sh_main,603020.SH
sh_main,603021.SH
sh_main,603022.SH
sh_main,603023.SH
sh_main,603025.SH
sh_main,603026.SH
sh_main,603027.SH
sh_main,603028.SH
sh_main,603029.SH
sh_main,603030.SH
sh_main,603031.SH
sh_main,603032.SH
sh_main,603033.SH
sh_main,603035.SH
sh_main,603036.SH
sh_main,603037.SH
sh_main,603038.SH
sh_main,603039.SH
sh_main,603040.SH
sh_main,603041.SH
sh_main,603042.SH
sh_main,603043.SH
sh_main,603045.SH
sh_main,603048.SH
sh_main,603049.SH
sh_main,603050.SH
sh_main,603051.SH
sh_main,603052.SH
sh_main,603053.SH
sh_main,603055.SH
sh_main,603057.SH
sh_main,603058.SH
sh_main,603059.SH
sh_main,603060.SH
sh_main,603061.SH
sh_main,603062.SH
sh_main,603063.SH
sh_main,603065.SH
sh_main,603066.SH
sh_main,603067.SH
sh_main,603068.SH
sh_main,603069.SH
sh_main,603070.SH
sh_main,603071.SH
sh_main,603072.SH
sh_main,603073.SH
sh_main,603075.SH
sh_main,603076.SH
sh_main,603077.SH
sh_main,603078.SH
sh_main,603079.SH
sh_main,603080.SH
sh_main,603081.SH
sh_main,603082.SH
sh_main,603083.SH
sh_main,603085.SH
sh_main,603086.SH
sh_main,603087.SH
sh_main,603088.SH
sh_main,603089.SH
sh_main,603090.SH
sh_main,603091.SH
sh_main,603092.SH
sh_main,603093.SH
sh_main,603095.SH
sh_main,603096.SH
sh_main,603097.SH
sh_main,603098.SH
sh_main,603099.SH
sh_main,603100.SH
sh_main,603101.SH
sh_main,603102.SH
sh_main,603103.SH
sh_main,603105.SH
sh_main,603106.SH
sh_main,603107.SH
sh_main,603108.SH
sh_main,603109.SH
sh_main,603110.SH
sh_main,603111.SH
sh_main,603112.SH
sh_main,603113.SH
sh_main,603115.SH
sh_main,603116.SH
sh_main,603117.SH
sh_main,603118.SH
sh_main,603119.SH
sh_main,603120.SH
sh_main,603121.SH
sh_main,603122.SH
sh_main,603123.SH
sh_main,603124.SH
sh_main,603125.SH
sh_main,603126.SH
sh_main,603127.SH
sh_main,603128.SH
sh_main,603129.SH
sh_main,603130.SH
sh_main,603131.SH
sh_main,603132.SH
sh_main,603135.SH
sh_main,603136.SH
sh_main,603137.SH
sh_main,603138.SH
sh_main,603139.SH
sh_main,603150.SH
sh_main,603151.SH
sh_main,603153.SH
sh_main,603155.SH
sh_main,603156.SH
sh_main,603158.SH
sh_main,603159.SH
sh_main,603160.SH
sh_main,603161.SH
sh_main,603162.SH
sh_main,603163.SH
sh_main,603165.SH
sh_main,603166.SH
sh_main,603167.SH
sh_main,603168.SH
sh_main,603169.SH
sh_main,603170.SH
sh_main,603171.SH
sh_main,603172.SH
sh_main,603173.SH
sh_main,603175.SH
sh_main,603176.SH
sh_main,603177.SH
sh_main,603178.SH
sh_main,603179.SH
sh_main,603180.SH
sh_main,603181.SH
sh_main,603182.SH
sh_main,603183.SH
sh_main,603185.SH
sh_main,603186.SH
sh_main,603187.SH
sh_main,603188.SH
sh_main,603189.SH
sh_main,603190.SH
sh_main,603191.SH
sh_main,603192.SH
sh_main,603193.SH
sh_main,603194.SH
sh_main,603195.SH
sh_main,603196.SH
sh_main,603197.SH
sh_main,603198.SH
sh_main,603199.SH
sh_main,603200.SH
sh_main,603201.SH
sh_main,603202.SH
sh_main,603203.SH
sh_main,603205.SH
sh_main,603206.SH
sh_main,603207.SH
sh_main,603208.SH
sh_main,603209.SH
sh_main,603210.SH
sh_main,603211.SH
sh_main,603212.SH
sh_main,603213.SH
sh_main,603214.SH
sh_main,603215.SH
sh_main,603216.SH
sh_main,603217.SH
sh_main,603218.SH
sh_main,603219.SH
sh_main,603220.SH
sh_main,603221.SH
sh_main,603222.SH
sh_main,603223.SH
sh_main,603225.SH
sh_main,603226.SH
sh_main,603227.SH
sh_main,603228.SH
sh_main,603229.SH
sh_main,603230.SH
sh_main,603231.SH
sh_main,603232.SH
sh_main,603233.SH
sh_main,603235.SH
sh_main,603236.SH
sh_main,603237.SH
sh_main,603238.SH
sh_main,603239.SH
sh_main,603248.SH
sh_main,603255.SH
sh_main,603256.SH
sh_main,603257.SH
sh_main,603258.SH
sh_main,603259.SH
sh_main,603260.SH
sh_main,603261.SH
sh_main,603262.SH
sh_main,603266.SH
sh_main,603267.SH
sh_main,603268.SH
sh_main,603269.SH
sh_main,603270.SH
sh_main,603271.SH
sh_main,603272.SH
sh_main,603273.SH
sh_main,603275.SH
sh_main,603276.SH
sh_main,603277.SH
sh_main,603278.SH
sh_main,603279.SH
sh_main,603280.SH
sh_main,603281.SH
sh_main,603282.SH
sh_main,603283.SH
sh_main,603284.SH
sh_main,603285.SH
sh_main,603286.SH
sh_main,603288.SH
sh_main,603289.SH
sh_main,603290.SH
sh_main,603291.SH
sh_main,603293.SH
sh_main,603296.SH
sh_main,603297.SH
sh_main,603298.SH
sh_main,603299.SH
sh_main,603300.SH
sh_main,603301.SH
sh_main,603303.SH
sh_main,603305.SH
sh_main,603306.SH
sh_main,603307.SH
sh_main,603308.SH
sh_main,603309.SH
sh_main,603310.SH
sh_main,603311.SH
sh_main,603312.SH
sh_main,603313.SH
sh_main,603315.SH
sh_main,603316.SH
sh_main,603317.SH
sh_main,603318.SH
sh_main,603319.SH
sh_main,603320.SH
sh_main,603321.SH
sh_main,603322.SH
sh_main,603323.SH
sh_main,603324.SH
sh_main,603325.SH
sh_main,603326.SH
sh_main,603327.SH
sh_main,603328.SH
sh_main,603329.SH
sh_main,603330.SH
sh_main,603331.SH
sh_main,603332.SH
sh_main,603333.SH
sh_main,603334.SH
sh_main,603335.SH
sh_main,603336.SH
sh_main,603337.SH
sh_main,603338.SH
sh_main,603339.SH
sh_main,603341.SH
sh_main,603344.SH
sh_main,603345.SH
sh_main,603348.SH
sh_main,603350.SH
sh_main,603351.SH
sh_main,603352.SH
sh_main,603353.SH
sh_main,603355.SH
sh_main,603356.SH
sh_main,603357.SH
sh_main,603358.SH
sh_main,603359.SH
sh_main,603360.SH
sh_main,603363.SH
sh_main,603365.SH
sh_main,603366.SH
sh_main,603367.SH
sh_main,603368.SH
sh_main,603369.SH
sh_main,603370.SH
sh_main,603373.SH
sh_main,603375.SH
sh_main,603376.SH
sh_main,603377.SH
sh_main,603378.SH
sh_main,603379.SH
sh_main,603380.SH
sh_main,603381.SH
sh_main,603382.SH
sh_main,603383.SH
sh_main,603385.SH
sh_main,603386.SH
sh_main,603387.SH
sh_main,603389.SH
sh_main,603390.SH
sh_main,603391.SH
sh_main,603392.SH
sh_main,603393.SH
sh_main,603395.SH
sh_main,603396.SH
sh_main,603398.SH
sh_main,603399.SH
sh_main,603400.SH
sh_main,603402.SH
sh_main,603406.SH
sh_main,603407.SH
sh_main,603408.SH
sh_main,603409.SH
sh_main,603416.SH
sh_main,603418.SH
sh_main,603421.SH
sh_main,603429.SH
sh_main,603435.SH
sh_main,603439.SH
sh_main,603444.SH
sh_main,603456.SH
sh_main,603458.SH
sh_main,603459.SH
sh_main,603466.SH
sh_main,603477.SH
sh_main,603486.SH
sh_main,603488.SH
sh_main,603489.SH
sh_main,603496.SH
sh_main,603499.SH
sh_main,603500.SH
sh_main,603501.SH
sh_main,603505.SH
sh_main,603506.SH
sh_main,603507.SH
sh_main,603508.SH
sh_main,603511.SH
sh_main,603515.SH
sh_main,603516.SH
sh_main,603517.SH
sh_main,603518.SH
sh_main,603519.SH
sh_main,603520.SH
sh_main,603527.SH
sh_main,603528.SH
sh_main,603529.SH
sh_main,603530.SH
sh_main,603533.SH
sh_main,603535.SH
sh_main,603536.SH
sh_main,603538.SH
sh_main,603551.SH
sh_main,603556.SH
sh_main,603557.SH
sh_main,603558.SH
sh_main,603559.SH
sh_main,603565.SH
sh_main,603566.SH
sh_main,603567.SH
sh_main,603568.SH
sh_main,603569.SH
sh_main,603577.SH
sh_main,603578.SH
sh_main,603579.SH
sh_main,603580.SH
sh_main,603583.SH
sh_main,603585.SH
sh_main,603586.SH
sh_main,603587.SH
sh_main,603588.SH
sh_main,603589.SH
sh_main,603590.SH
sh_main,603595.SH
sh_main,603596.SH
sh_main,603598.SH
sh_main,603599.SH
sh_main,603600.SH
sh_main,603601.SH
sh_main,603602.SH
sh_main,603605.SH
sh_main,603606.SH
sh_main,603607.SH
sh_main,603608.SH
sh_main,603609.SH
sh_main,603610.SH
sh_main,603611.SH
sh_main,603612.SH
sh_main,603613.SH
sh_main,603615.SH
sh_main,603616.SH
sh_main,603617.SH
sh_main,603618.SH
sh_main,603619.SH
sh_main,603626.SH
sh_main,603628.SH
sh_main,603629.SH
sh_main,603630.SH
sh_main,603633.SH
sh_main,603636.SH
sh_main,603637.SH
sh_main,603638.SH
sh_main,603639.SH
sh_main,603648.SH
sh_main,603650.SH
sh_main,603655.SH
sh_main,603656.SH
sh_main,603657.SH
sh_main,603658.SH
sh_main,603659.SH
sh_main,603660.SH
sh_main,603661.SH
sh_main,603662.SH
sh_main,603663.SH
sh_main,603665.SH
sh_main,603666.SH
sh_main,603667.SH
sh_main,603668.SH
sh_main,603669.SH
sh_main,603676.SH
sh_main,603677.SH
sh_main,603678.SH
sh_main,603679.SH
sh_main,603680.SH
sh_main,603681.SH
sh_main,603682.SH
sh_main,603683.SH
sh_main,603685.SH
sh_main,603686.SH
sh_main,603687.SH
sh_main,603688.SH
sh_main,603689.SH
sh_main,603690.SH
sh_main,603693.SH
sh_main,603696.SH
sh_main,603697.SH
sh_main,603698.SH
sh_main,603699.SH
sh_main,603700.SH
sh_main,603701.SH
sh_main,603703.SH
sh_main,603706.SH
sh_main,603707.SH
sh_main,603708.SH
sh_main,603709.SH
sh_main,603711.SH
sh_main,603712.SH
sh_main,603713.SH
sh_main,603716.SH
sh_main,603717.SH
sh_main,603718.SH
sh_main,603719.SH
sh_main,603721.SH
sh_main,603722.SH
sh_main,603725.SH
sh_main,603726.SH
sh_main,603727.SH
sh_main,603728.SH
sh_main,603729.SH
sh_main,603730.SH
sh_main,603733.SH
sh_main,603737.SH
sh_main,603738.SH
sh_main,603739.SH
sh_main,603755.SH
sh_main,603757.SH
sh_main,603758.SH
sh_main,603759.SH
sh_main,603766.SH
sh_main,603767.SH
sh_main,603768.SH
sh_main,603773.SH
sh_main,603776.SH
sh_main,603777.SH
sh_main,603778.SH
sh_main,603779.SH
sh_main,603786.SH
sh_main,603787.SH
sh_main,603788.SH
sh_main,603789.SH
sh_main,603790.SH
sh_main,603797.SH
sh_main,603798.SH
sh_main,603799.SH
sh_main,603800.SH
sh_main,603801.SH
sh_main,603803.SH
sh_main,603806.SH
sh_main,603808.SH
sh_main,603809.SH
sh_main,603810.SH
sh_main,603811.SH
sh_main,603813.SH
sh_main,603815.SH
sh_main,603816.SH
sh_main,603817.SH
sh_main,603818.SH
sh_main,603819.SH
sh_main,603822.SH
sh_main,603823.SH
sh_main,603825.SH
sh_main,603826.SH
sh_main,603828.SH
sh_main,603829.SH
sh_main,603833.SH
sh_main,603836.SH
sh_main,603838.SH
sh_main,603839.SH
sh_main,603843.SH
sh_main,603848.SH
sh_main,603855.SH
sh_main,603856.SH
sh_main,603858.SH
sh_main,603859.SH
sh_main,603860.SH
sh_main,603861.SH
sh_main,603863.SH
sh_main,603866.SH
sh_main,603867.SH
sh_main,603868.SH
sh_main,603869.SH
sh_main,603871.SH
sh_main,603876.SH
sh_main,603877.SH
sh_main,603878.SH
sh_main,603879.SH
sh_main,603880.SH
sh_main,603881.SH
sh_main,603882.SH
sh_main,603883.SH
sh_main,603885.SH
sh_main,603886.SH
sh_main,603887.SH
sh_main,603888.SH
sh_main,603889.SH
sh_main,603890.SH
sh_main,603893.SH
sh_main,603895.SH
sh_main,603896.SH
sh_main,603897.SH
sh_main,603898.SH
sh_main,603899.SH
sh_main,603900.SH
sh_main,603901.SH
sh_main,603903.SH
sh_main,603906.SH
sh_main,603908.SH
sh_main,603909.SH
sh_main,603912.SH
sh_main,603915.SH
sh_main,603916.SH
sh_main,603917.SH
sh_main,603918.SH
sh_main,603919.SH
sh_main,603920.SH
sh_main,603922.SH
sh_main,603926.SH
sh_main,603927.SH
sh_main,603928.SH
sh_main,603929.SH
sh_main,603931.SH
sh_main,603933.SH
sh_main,603936.SH
sh_main,603937.SH
sh_main,603938.SH
sh_main,603939.SH
sh_main,603948.SH
sh_main,603949.SH
sh_main,603950.SH
sh_main,603955.SH
sh_main,603956.SH
sh_main,603958.SH
sh_main,603959.SH
sh_main,603960.SH
sh_main,603966.SH
sh_main,603967.SH
sh_main,603968.SH
sh_main,603969.SH
sh_main,603970.SH
sh_main,603976.SH
sh_main,603977.SH
sh_main,603978.SH
sh_main,603979.SH
sh_main,603980.SH
sh_main,603982.SH
sh_main,603983.SH
sh_main,603985.SH
sh_main,603986.SH
sh_main,603987.SH
sh_main,603988.SH
sh_main,603989.SH
sh_main,603990.SH
sh_main,603991.SH
sh_main,603992.SH
sh_main,603993.SH
sh_main,603995.SH
sh_main,603997.SH
sh_main,603998.SH
sh_main,603999.SH
sh_main,605001.SH
sh_main,605003.SH
sh_main,605005.SH
sh_main,605006.SH
sh_main,605007.SH
sh_main,605008.SH
sh_main,605009.SH
sh_main,605011.SH
sh_main,605016.SH
sh_main,605018.SH
sh_main,605020.SH
sh_main,605028.SH
sh_main,605033.SH
sh_main,605050.SH
sh_main,605055.SH
sh_main,605056.SH
sh_main,605058.SH
sh_main,605060.SH
sh_main,605066.SH
sh_main,605068.SH
sh_main,605069.SH
sh_main,605077.SH
sh_main,605080.SH
sh_main,605081.SH
sh_main,605086.SH
sh_main,605088.SH
sh_main,605089.SH
sh_main,605090.SH
sh_main,605098.SH
sh_main,605099.SH
sh_main,605100.SH
sh_main,605108.SH
sh_main,605111.SH
sh_main,605116.SH
sh_main,605117.SH
sh_main,605118.SH
sh_main,605122.SH
sh_main,605123.SH
sh_main,605128.SH
sh_main,605133.SH
sh_main,605136.SH
sh_main,605138.SH
sh_main,605151.SH
sh_main,605155.SH
sh_main,605158.SH
sh_main,605162.SH
sh_main,605166.SH
sh_main,605167.SH
sh_main,605168.SH
sh_main,605169.SH
sh_main,605177.SH
sh_main,605178.SH
sh_main,605179.SH
sh_main,605180.SH
sh_main,605183.SH
sh_main,605186.SH
sh_main,605188.SH
sh_main,605189.SH
sh_main,605196.SH
sh_main,605198.SH
sh_main,605199.SH
sh_main,605208.SH
sh_main,605218.SH
sh_main,605222.SH
sh_main,605228.SH
sh_main,605255.SH
sh_main,605258.SH
sh_main,605259.SH
sh_main,605266.SH
sh_main,605268.SH
sh_main,605277.SH
sh_main,605286.SH
sh_main,605287.SH
sh_main,605288.SH
sh_main,605289.SH
sh_main,605296.SH
sh_main,605298.SH
sh_main,605299.SH
sh_main,605300.SH
sh_main,605303.SH
sh_main,605305.SH
sh_main,605318.SH
sh_main,605319.SH
sh_main,605333.SH
sh_main,605336.SH
sh_main,605337.SH
sh_main,605338.SH
sh_main,605339.SH
sh_main,605358.SH
sh_main,605365.SH
sh_main,605366.SH
sh_main,605368.SH
sh_main,605369.SH
sh_main,605376.SH
sh_main,605377.SH
sh_main,605378.SH
sh_main,605388.SH
sh_main,605389.SH
sh_main,605398.SH
sh_main,605399.SH
sh_main,605488.SH
sh_main,605499.SH
sh_main,605500.SH
sh_main,605507.SH
sh_main,605555.SH
sh_main,605566.SH
sh_main,605567.SH
sh_main,605577.SH
sh_main,605580.SH
sh_main,605588.SH
sh_main,605589.SH
sh_main,605598.SH
sh_main,605599.SH
sme,002001.SZ
sme,002003.SZ
sme,002004.SZ
sme,002005.SZ
sme,002006.SZ
sme,002007.SZ
sme,002008.SZ
sme,002009.SZ
sme,002010.SZ
sme,002011.SZ
sme,002012.SZ
sme,002014.SZ
sme,002015.SZ
sme,002016.SZ
sme,002017.SZ
sme,002019.SZ
sme,002020.SZ
sme,002021.SZ
sme,002022.SZ
sme,002023.SZ
sme,002024.SZ
sme,002025.SZ
sme,002026.SZ
sme,002027.SZ
sme,002028.SZ
sme,002029.SZ
sme,002030.SZ
sme,002031.SZ
sme,002032.SZ
sme,002033.SZ
sme,002034.SZ
sme,002035.SZ
sme,002036.SZ
sme,002037.SZ
sme,002038.SZ
sme,002039.SZ
sme,002040.SZ
sme,002041.SZ
sme,002042.SZ
sme,002043.SZ
sme,002044.SZ
sme,002045.SZ
sme,002046.SZ
sme,002047.SZ
sme,002048.SZ
sme,002049.SZ
sme,002050.SZ
sme,002051.SZ
sme,002052.SZ
sme,002053.SZ
sme,002054.SZ
sme,002055.SZ
sme,002056.SZ
sme,002057.SZ
sme,002058.SZ
sme,002059.SZ
sme,002060.SZ
sme,002061.SZ
sme,002062.SZ
sme,002063.SZ
sme,002064.SZ
sme,002065.SZ
sme,002066.SZ
sme,002067.SZ
sme,002068.SZ
sme,002069.SZ
sme,002072.SZ
sme,002073.SZ
sme,002074.SZ
sme,002075.SZ
sme,002076.SZ
sme,002077.SZ
sme,002078.SZ
sme,002079.SZ
sme,002080.SZ
sme,002081.SZ
sme,002082.SZ
sme,002083.SZ
sme,002084.SZ
sme,002085.SZ
sme,002086.SZ
sme,002088.SZ
sme,002090.SZ
sme,002091.SZ
sme,002092.SZ
sme,002093.SZ
sme,002094.SZ
sme,002095.SZ
sme,002096.SZ
sme,002097.SZ
sme,002098.SZ
sme,002099.SZ
sme,002100.SZ
sme,002101.SZ
sme,002102.SZ
sme,002103.SZ
sme,002104.SZ
sme,002105.SZ
sme,002106.SZ
sme,002107.SZ
sme,002108.SZ
sme,002109.SZ
sme,002110.SZ
sme,002111.SZ
sme,002112.SZ
sme,002114.SZ
sme,002115.SZ
sme,002116.SZ
sme,002117.SZ
sme,002119.SZ
sme,002120.SZ
sme,002121.SZ
sme,002122.SZ
sme,002123.SZ
sme,002124.SZ
sme,002125.SZ
sme,002126.SZ
sme,002127.SZ
sme,002128.SZ
sme,002129.SZ
sme,002130.SZ
sme,002131.SZ
sme,002132.SZ
sme,002133.SZ
sme,002134.SZ
sme,002135.SZ
sme,002136.SZ
sme,002137.SZ
sme,002138.SZ
sme,002139.SZ
sme,002140.SZ
sme,002141.SZ
sme,002142.SZ
sme,002144.SZ
sme,002145.SZ
sme,002146.SZ
sme,002148.SZ
sme,002149.SZ
sme,002150.SZ
sme,002151.SZ
sme,002152.SZ
sme,002153.SZ
sme,002154.SZ
sme,002155.SZ
sme,002156.SZ
sme,002157.SZ
sme,002158.SZ
sme,002159.SZ
sme,002160.SZ
sme,002161.SZ
sme,002162.SZ
sme,002163.SZ
sme,002164.SZ
sme,002165.SZ
sme,002166.SZ
sme,002167.SZ
sme,002168.SZ
sme,002169.SZ
sme,002170.SZ
sme,002171.SZ
sme,002172.SZ
sme,002173.SZ
sme,002174.SZ
sme,002175.SZ
sme,002176.SZ
sme,002177.SZ
sme,002178.SZ
sme,002179.SZ
sme,002180.SZ
sme,002181.SZ
sme,002182.SZ
sme,002183.SZ
sme,002184.SZ
sme,002185.SZ
sme,002186.SZ
sme,002187.SZ
sme,002188.SZ
sme,002189.SZ
sme,002190.SZ
sme,002191.SZ
sme,002192.SZ
sme,002193.SZ
sme,002194.SZ
sme,002195.SZ
sme,002196.SZ
sme,002197.SZ
sme,002198.SZ
sme,002199.SZ
sme,002200.SZ
sme,002201.SZ
sme,002202.SZ
sme,002203.SZ
sme,002204.SZ
sme,002205.SZ
sme,002206.SZ
sme,002207.SZ
sme,002208.SZ
sme,002209.SZ
sme,002210.SZ
sme,002211.SZ
sme,002212.SZ
sme,002213.SZ
sme,002214.SZ
sme,002215.SZ
sme,002216.SZ
sme,002217.SZ
sme,002218.SZ
sme,002219.SZ
sme,002221.SZ
sme,002222.SZ
sme,002223.SZ
sme,002224.SZ
sme,002225.SZ
sme,002226.SZ
sme,002227.SZ
sme,002228.SZ
sme,002229.SZ
sme,002230.SZ
sme,002232.SZ
sme,002233.SZ
sme,002234.SZ
sme,002235.SZ
sme,002236.SZ
sme,002237.SZ
sme,002238.SZ
sme,002239.SZ
sme,002240.SZ
sme,002241.SZ
sme,002242.SZ
sme,002243.SZ
sme,002244.SZ
sme,002245.SZ
sme,002246.SZ
sme,002247.SZ
sme,002248.SZ
sme,002249.SZ
sme,002250.SZ
sme,002251.SZ
sme,002252.SZ
sme,002253.SZ
sme,002254.SZ
sme,002255.SZ
sme,002256.SZ
sme,002258.SZ
sme,002259.SZ
sme,002261.SZ
sme,002262.SZ
sme,002263.SZ
sme,002264.SZ
sme,002265.SZ
sme,002266.SZ
sme,002267.SZ
sme,002268.SZ
sme,002269.SZ
sme,002270.SZ
sme,002271.SZ
sme,002272.SZ
sme,002273.SZ
sme,002274.SZ
sme,002275.SZ
sme,002276.SZ
sme,002277.SZ
sme,002278.SZ
sme,002279.SZ
sme,002281.SZ
sme,002282.SZ
sme,002283.SZ
sme,002284.SZ
sme,002285.SZ
sme,002286.SZ
sme,002287.SZ
sme,002289.SZ
sme,002290.SZ
sme,002291.SZ
sme,002292.SZ
sme,002293.SZ
sme,002294.SZ
sme,002295.SZ
sme,002296.SZ
sme,002297.SZ
sme,002298.SZ
sme,002299.SZ
sme,002300.SZ
sme,002301.SZ
sme,002302.SZ
sme,002303.SZ
sme,002304.SZ
sme,002305.SZ
sme,002306.SZ
sme,002307.SZ
sme,002309.SZ
sme,002310.SZ
sme,002311.SZ
sme,002312.SZ
sme,002313.SZ
sme,002314.SZ
sme,002315.SZ
sme,002316.SZ
sme,002317.SZ
sme,002318.SZ
sme,002319.SZ
sme,002320.SZ
sme,002321.SZ
sme,002322.SZ
sme,002323.SZ
sme,002324.SZ
sme,002326.SZ
sme,002327.SZ
sme,002328.SZ
sme,002329.SZ
sme,002330.SZ
sme,002331.SZ
sme,002332.SZ
sme,002333.SZ
sme,002334.SZ
sme,002335.SZ
sme,002337.SZ
sme,002338.SZ
sme,002339.SZ
sme,002340.SZ
sme,002342.SZ
sme,002343.SZ
sme,002344.SZ
sme,002345.SZ
sme,002346.SZ
sme,002347.SZ
sme,002348.SZ
sme,002349.SZ
sme,002350.SZ
sme,002351.SZ
sme,002352.SZ
sme,002353.SZ
sme,002354.SZ
sme,002355.SZ
sme,002356.SZ
sme,002357.SZ
sme,002358.SZ
sme,002360.SZ
sme,002361.SZ
sme,002362.SZ
sme,002363.SZ
sme,002364.SZ
sme,002365.SZ
sme,002366.SZ
sme,002367.SZ
sme,002368.SZ
sme,002369.SZ
sme,002370.SZ
sme,002371.SZ
sme,002372.SZ
sme,002373.SZ
sme,002374.SZ
sme,002375.SZ
sme,002376.SZ
sme,002377.SZ
sme,002378.SZ
sme,002379.SZ
sme,002380.SZ
sme,002381.SZ
sme,002382.SZ
sme,002383.SZ
sme,002384.SZ
sme,002385.SZ
sme,002386.SZ
sme,002387.SZ
sme,002388.SZ
sme,002389.SZ
sme,002390.SZ
sme,002391.SZ
sme,002392.SZ
sme,002393.SZ
sme,002394.SZ
sme,002395.SZ
sme,002396.SZ
sme,002397.SZ
sme,002398.SZ
sme,002399.SZ
sme,002400.SZ
sme,002401.SZ
sme,002402.SZ
sme,002403.SZ
sme,002404.SZ
sme,002405.SZ
sme,002406.SZ
sme,002407.SZ
sme,002408.SZ
sme,002409.SZ
sme,002410.SZ
sme,002412.SZ
sme,002413.SZ
sme,002414.SZ
sme,002415.SZ
sme,002416.SZ
sme,002418.SZ
sme,002419.SZ
sme,002420.SZ
sme,002421.SZ
sme,002422.SZ
sme,002423.SZ
sme,002424.SZ
sme,002425.SZ
sme,002426.SZ
sme,002427.SZ
sme,002428.SZ
sme,002429.SZ
sme,002430.SZ
sme,002431.SZ
sme,002432.SZ
sme,002434.SZ
sme,002436.SZ
sme,002437.SZ
sme,002438.SZ
sme,002439.SZ
sme,002440.SZ
sme,002441.SZ
sme,002442.SZ
sme,002443.SZ
sme,002444.SZ
sme,002445.SZ
sme,002446.SZ
sme,002448.SZ
sme,002449.SZ
sme,002451.SZ
sme,002452.SZ
sme,002453.SZ
sme,002454.SZ
sme,002455.SZ
sme,002456.SZ
sme,002457.SZ
sme,002458.SZ
sme,002459.SZ
sme,002460.SZ
sme,002461.SZ
sme,002462.SZ
sme,002463.SZ
sme,002465.SZ
sme,002466.SZ
sme,002467.SZ
sme,002468.SZ
sme,002469.SZ
sme,002470.SZ
sme,002471.SZ
sme,002472.SZ
sme,002474.SZ
sme,002475.SZ
sme,002476.SZ
sme,002478.SZ
sme,002479.SZ
sme,002480.SZ
sme,002481.SZ
sme,002482.SZ
sme,002483.SZ
sme,002484.SZ
sme,002485.SZ
sme,002486.SZ
sme,002487.SZ
sme,002488.SZ
sme,002489.SZ
sme,002490.SZ
sme,002491.SZ
sme,002492.SZ
sme,002493.SZ
sme,002494.SZ
sme,002495.SZ
sme,002496.SZ
sme,002497.SZ
sme,002498.SZ
sme,002500.SZ
sme,002501.SZ
sme,002506.SZ
sme,002507.SZ
sme,002508.SZ
sme,002510.SZ
sme,002511.SZ
sme,002512.SZ
sme,002513.SZ
sme,002514.SZ
sme,002515.SZ
sme,002516.SZ
sme,002517.SZ
sme,002518.SZ
sme,002519.SZ
sme,002520.SZ
sme,002521.SZ
sme,002522.SZ
sme,002523.SZ
sme,002524.SZ
sme,002526.SZ
sme,002527.SZ
sme,002528.SZ
sme,002529.SZ
sme,002530.SZ
sme,002531.SZ
sme,002532.SZ
sme,002533.SZ
sme,002534.SZ
sme,002535.SZ
sme,002536.SZ
sme,002537.SZ
sme,002538.SZ
sme,002539.SZ
sme,002540.SZ
sme,002541.SZ
sme,002542.SZ
sme,002543.SZ
sme,002544.SZ
sme,002545.SZ
sme,002546.SZ
sme,002547.SZ
sme,002548.SZ
sme,002549.SZ
sme,002550.SZ
sme,002551.SZ
sme,002552.SZ
sme,002553.SZ
sme,002554.SZ
sme,002555.SZ
sme,002556.SZ
sme,002557.SZ
sme,002558.SZ
sme,002559.SZ
sme,002560.SZ
sme,002561.SZ
sme,002562.SZ
sme,002563.SZ
sme,002564.SZ
sme,002565.SZ
sme,002566.SZ
sme,002567.SZ
sme,002568.SZ
sme,002569.SZ
sme,002570.SZ
sme,002571.SZ
sme,002572.SZ
sme,002573.SZ
sme,002574.SZ
sme,002575.SZ
sme,002576.SZ
sme,002577.SZ
sme,002578.SZ
sme,002579.SZ
sme,002580.SZ
sme,002581.SZ
sme,002582.SZ
sme,002583.SZ
sme,002584.SZ
sme,002585.SZ
sme,002586.SZ
sme,002587.SZ
sme,002588.SZ
sme,002589.SZ
sme,002590.SZ
sme,002591.SZ
sme,002592.SZ
sme,002593.SZ
sme,002594.SZ
sme,002595.SZ
sme,002596.SZ
sme,002597.SZ
sme,002598.SZ
sme,002599.SZ
sme,002600.SZ
sme,002601.SZ
sme,002602.SZ
sme,002603.SZ
sme,002605.SZ
sme,002606.SZ
sme,002607.SZ
sme,002608.SZ
sme,002609.SZ
sme,002611.SZ
sme,002612.SZ
sme,002613.SZ
sme,002614.SZ
sme,002615.SZ
sme,002616.SZ
sme,002617.SZ
sme,002620.SZ
sme,002622.SZ
sme,002623.SZ
sme,002624.SZ
sme,002625.SZ
sme,002626.SZ
sme,002627.SZ
sme,002628.SZ
sme,002629.SZ
sme,002630.SZ
sme,002631.SZ
sme,002632.SZ
sme,002633.SZ
sme,002634.SZ
sme,002635.SZ
sme,002636.SZ
sme,002637.SZ
sme,002638.SZ
sme,002639.SZ
sme,002640.SZ
sme,002641.SZ
sme,002642.SZ
sme,002643.SZ
sme,002644.SZ
sme,002645.SZ
sme,002646.SZ
sme,002647.SZ
sme,002648.SZ
sme,002649.SZ
sme,002650.SZ
sme,002651.SZ
sme,002652.SZ
sme,002653.SZ
sme,002654.SZ
sme,002655.SZ
sme,002656.SZ
sme,002657.SZ
sme,002658.SZ
sme,002659.SZ
sme,002660.SZ
sme,002661.SZ
sme,002662.SZ
sme,002663.SZ
sme,002664.SZ
sme,002666.SZ
sme,002667.SZ
sme,002668.SZ
sme,002669.SZ
sme,002670.SZ
sme,002671.SZ
sme,002672.SZ
sme,002673.SZ
sme,002674.SZ
sme,002675.SZ
sme,002676.SZ
sme,002677.SZ
sme,002678.SZ
sme,002679.SZ
sme,002681.SZ
sme,002682.SZ
sme,002683.SZ
sme,002685.SZ
sme,002686.SZ
sme,002687.SZ
sme,002688.SZ
sme,002689.SZ
sme,002690.SZ
sme,002691.SZ
sme,002692.SZ
sme,002693.SZ
sme,002694.SZ
sme,002695.SZ
sme,002696.SZ
sme,002697.SZ
sme,002698.SZ
sme,002700.SZ
sme,002701.SZ
sme,002702.SZ
sme,002703.SZ
sme,002705.SZ
sme,002706.SZ
sme,002707.SZ
sme,002708.SZ
sme,002709.SZ
sme,002712.SZ
sme,002713.SZ
sme,002714.SZ
sme,002715.SZ
sme,002716.SZ
sme,002717.SZ
sme,002718.SZ
sme,002719.SZ
sme,002721.SZ
sme,002722.SZ
sme,002723.SZ
sme,002724.SZ
sme,002725.SZ
sme,002726.SZ
sme,002727.SZ
sme,002728.SZ
sme,002729.SZ
sme,002730.SZ
sme,002731.SZ
sme,002732.SZ
sme,002733.SZ
sme,002734.SZ
sme,002735.SZ
sme,002736.SZ
sme,002737.SZ
sme,002738.SZ
sme,002739.SZ
sme,002741.SZ
sme,002742.SZ
sme,002743.SZ
sme,002745.SZ
sme,002746.SZ
sme,002747.SZ
sme,002748.SZ
sme,002749.SZ
sme,002752.SZ
sme,002753.SZ
sme,002755.SZ
sme,002756.SZ
sme,002757.SZ
sme,002758.SZ
sme,002759.SZ
sme,002760.SZ
sme,002761.SZ
sme,002762.SZ
sme,002763.SZ
sme,002765.SZ
sme,002766.SZ
sme,002767.SZ
sme,002768.SZ
sme,002769.SZ
sme,002771.SZ
sme,002772.SZ
sme,002773.SZ
sme,002774.SZ
sme,002775.SZ
sme,002777.SZ
sme,002778.SZ
sme,002779.SZ
sme,002780.SZ
sme,002782.SZ
sme,002783.SZ
sme,002785.SZ
sme,002786.SZ
sme,002787.SZ
sme,002788.SZ
sme,002789.SZ
sme,002790.SZ
sme,002791.SZ
sme,002792.SZ
sme,002793.SZ
sme,002795.SZ
sme,002796.SZ
sme,002797.SZ
sme,002798.SZ
sme,002799.SZ
sme,002800.SZ
sme,002801.SZ
sme,002802.SZ
sme,002803.SZ
sme,002805.SZ
sme,002806.SZ
sme,002807.SZ
sme,002808.SZ
sme,002809.SZ
sme,002810.SZ
sme,002811.SZ
sme,002812.SZ
sme,002813.SZ
sme,002815.SZ
sme,002816.SZ
sme,002817.SZ
sme,002818.SZ
sme,002819.SZ
sme,002820.SZ
sme,002821.SZ
sme,002822.SZ
sme,002823.SZ
sme,002824.SZ
sme,002825.SZ
sme,002826.SZ
sme,002827.SZ
sme,002828.SZ
sme,002829.SZ
sme,002830.SZ
sme,002831.SZ
sme,002832.SZ
sme,002833.SZ
sme,002835.SZ
sme,002836.SZ
sme,002837.SZ
sme,002838.SZ
sme,002839.SZ
sme,002840.SZ
sme,002841.SZ
sme,002842.SZ
sme,002843.SZ
sme,002845.SZ
sme,002846.SZ
sme,002847.SZ
sme,002848.SZ
sme,002849.SZ
sme,002850.SZ
sme,002851.SZ
sme,002852.SZ
sme,002853.SZ
sme,002855.SZ
sme,002856.SZ
sme,002857.SZ
sme,002858.SZ
sme,002859.SZ
sme,002860.SZ
sme,002861.SZ
sme,002862.SZ
sme,002863.SZ
sme,002864.SZ
sme,002865.SZ
sme,002866.SZ
sme,002867.SZ
sme,002868.SZ
sme,002869.SZ
sme,002870.SZ
sme,002871.SZ
sme,002872.SZ
sme,002873.SZ
sme,002875.SZ
sme,002876.SZ
sme,002877.SZ
sme,002878.SZ
sme,002879.SZ
sme,002880.SZ
sme,002881.SZ
sme,002882.SZ
sme,002883.SZ
sme,002884.SZ
sme,002885.SZ
sme,002886.SZ
sme,002887.SZ
sme,002888.SZ
sme,002889.SZ
sme,002890.SZ
sme,002891.SZ
sme,002892.SZ
sme,002893.SZ
sme,002895.SZ
sme,002896.SZ
sme,002897.SZ
sme,002898.SZ
sme,002899.SZ
sme,002900.SZ
sme,002901.SZ
sme,002902.SZ
sme,002903.SZ
sme,002905.SZ
sme,002906.SZ
sme,002907.SZ
sme,002908.SZ
sme,002909.SZ
sme,002910.SZ
sme,002911.SZ
sme,002912.SZ
sme,002913.SZ
sme,002915.SZ
sme,002916.SZ
sme,002917.SZ
sme,002918.SZ
sme,002919.SZ
sme,002920.SZ
sme,002921.SZ
sme,002922.SZ
sme,002923.SZ
sme,002925.SZ
sme,002926.SZ
sme,002927.SZ
sme,002928.SZ
sme,002929.SZ
sme,002930.SZ
sme,002931.SZ
sme,002932.SZ
sme,002933.SZ
sme,002935.SZ
sme,002936.SZ
sme,002937.SZ
sme,002938.SZ
sme,002939.SZ
sme,002940.SZ
sme,002941.SZ
sme,002942.SZ
sme,002943.SZ
sme,002945.SZ
sme,002946.SZ
sme,002947.SZ
sme,002948.SZ
sme,002949.SZ
sme,002950.SZ
sme,002951.SZ
sme,002952.SZ
sme,002953.SZ
sme,002955.SZ
sme,002956.SZ
sme,002957.SZ
sme,002958.SZ
sme,002959.SZ
sme,002960.SZ
sme,002961.SZ
sme,002962.SZ
sme,002963.SZ
sme,002965.SZ
sme,002966.SZ
sme,002967.SZ
sme,002968.SZ
sme,002969.SZ
sme,002970.SZ
sme,002971.SZ
sme,002972.SZ
sme,002973.SZ
sme,002975.SZ
sme,002976.SZ
sme,002977.SZ
sme,002978.SZ
sme,002979.SZ
sme,002980.SZ
sme,002981.SZ
sme,002982.SZ
sme,002983.SZ
sme,002984.SZ
sme,002985.SZ
sme,002986.SZ
sme,002987.SZ
sme,002988.SZ
sme,002989.SZ
sme,002990.SZ
sme,002991.SZ
sme,002992.SZ
sme,002993.SZ
sme,002995.SZ
sme,002996.SZ
sme,002997.SZ
sme,002998.SZ
sme,002999.SZ
sme,003000.SZ
sme,003001.SZ
sme,003002.SZ
sme,003003.SZ
sme,003004.SZ
sme,003005.SZ
sme,003006.SZ
sme,003007.SZ
sme,003008.SZ
sme,003009.SZ
sme,003010.SZ
sme,003011.SZ
sme,003012.SZ
sme,003013.SZ
sme,003015.SZ
sme,003016.SZ
sme,003017.SZ
sme,003018.SZ
sme,003019.SZ
sme,003020.SZ
sme,003021.SZ
sme,003022.SZ
sme,003023.SZ
sme,003025.SZ
sme,003026.SZ
sme,003027.SZ
sme,003028.SZ
sme,003029.SZ
sme,003030.SZ
sme,003031.SZ
sme,003032.SZ
sme,003033.SZ
sme,003035.SZ
sme,003036.SZ
sme,003037.SZ
sme,003038.SZ
sme,003039.SZ
sme,003040.SZ
sme,003041.SZ
sme,003042.SZ
sme,003043.SZ
sme,003816.SZ
star,688001.SH
star,688002.SH
star,688003.SH
star,688004.SH
star,688005.SH
star,688006.SH
star,688007.SH
star,688008.SH
star,688009.SH
star,688010.SH
star,688011.SH
star,688012.SH
star,688013.SH
star,688015.SH
star,688016.SH
star,688017.SH
star,688018.SH
star,688019.SH
star,688020.SH
star,688021.SH
star,688022.SH
star,688023.SH
star,688025.SH
star,688026.SH
star,688027.SH
star,688028.SH
star,688029.SH
star,688030.SH
star,688031.SH
star,688032.SH
star,688033.SH
star,688035.SH
star,688036.SH
star,688037.SH
star,688038.SH
star,688039.SH
star,688041.SH
star,688045.SH
star,688046.SH
star,688047.SH
star,688048.SH
star,688049.SH
star,688050.SH
star,688051.SH
star,688052.SH
star,688053.SH
star,688055.SH
star,688056.SH
star,688057.SH
star,688058.SH
star,688059.SH
star,688060.SH
star,688061.SH
star,688062.SH
star,688063.SH
star,688065.SH
star,688066.SH
star,688067.SH
star,688068.SH
star,688069.SH
star,688070.SH
star,688071.SH
star,688072.SH
star,688073.SH
star,688075.SH
star,688076.SH
star,688077.SH
star,688078.SH
star,688079.SH
star,688080.SH
star,688081.SH
star,688082.SH
star,688083.SH
star,688084.SH
star,688085.SH
star,688087.SH
star,688088.SH
star,688089.SH
star,688090.SH
star,688091.SH
star,688092.SH
star,688093.SH
star,688095.SH
star,688096.SH
star,688097.SH
star,688098.SH
star,688099.SH
star,688100.SH
star,688101.SH
star,688102.SH
star,688103.SH
star,688105.SH
star,688106.SH
star,688107.SH
star,688108.SH
star,688109.SH
star,688110.SH
star,688111.SH
star,688112.SH
star,688113.SH
star,688114.SH
star,688115.SH
star,688116.SH
star,688117.SH
star,688118.SH
star,688119.SH
star,688120.SH
star,688121.SH
star,688122.SH
star,688123.SH
star,688125.SH
star,688126.SH
star,688127.SH
star,688128.SH
star,688129.SH
star,688130.SH
star,688131.SH
star,688132.SH
star,688133.SH
star,688135.SH
star,688136.SH
star,688137.SH
star,688138.SH
star,688139.SH
star,688141.SH
star,688143.SH
star,688146.SH
star,688147.SH
star,688148.SH
star,688150.SH
star,688151.SH
star,688152.SH
star,688153.SH
star,688155.SH
star,688156.SH
star,688157.SH
star,688158.SH
star,688159.SH
star,688160.SH
star,688161.SH
star,688162.SH
star,688163.SH
star,688165.SH
star,688166.SH
star,688167.SH
star,688168.SH
star,688169.SH
star,688170.SH
star,688171.SH
star,688172.SH
star,688173.SH
star,688175.SH
star,688176.SH
star,688177.SH
star,688178.SH
star,688179.SH
star,688180.SH
star,688181.SH
star,688182.SH
star,688183.SH
star,688184.SH
star,688185.SH
star,688186.SH
star,688187.SH
star,688188.SH
star,688189.SH
star,688190.SH
star,688191.SH
star,688192.SH
star,688193.SH
star,688195.SH
star,688196.SH
star,688197.SH
star,688198.SH
star,688199.SH
star,688200.SH
star,688201.SH
star,688202.SH
star,688203.SH
star,688205.SH
star,688206.SH
star,688207.SH
star,688208.SH
star,688209.SH
star,688210.SH
star,688211.SH
star,688212.SH
star,688213.SH
star,688215.SH
star,688216.SH
star,688217.SH
star,688218.SH
star,688219.SH
star,688220.SH
star,688221.SH
star,688222.SH
star,688223.SH
star,688225.SH
star,688226.SH
star,688227.SH
star,688228.SH
star,688229.SH
star,688230.SH
star,688231.SH
star,688232.SH
star,688233.SH
star,688234.SH
star,688235.SH
star,688236.SH
star,688237.SH
star,688238.SH
star,688239.SH
star,688244.SH
star,688246.SH
star,688247.SH
star,688248.SH
star,688249.SH
star,688251.SH
star,688252.SH
star,688253.SH
star,688255.SH
star,688256.SH
star,688257.SH
star,688258.SH
star,688259.SH
star,688260.SH
star,688261.SH
star,688262.SH
star,688265.SH
star,688266.SH
star,688267.SH
star,688268.SH
star,688269.SH
star,688270.SH
star,688271.SH
star,688272.SH
star,688273.SH
star,688275.SH
star,688276.SH
star,688277.SH
star,688278.SH
star,688279.SH
star,688280.SH
star,688281.SH
star,688282.SH
star,688283.SH
star,688285.SH
star,688286.SH
star,688287.SH
star,688288.SH
star,688289.SH
star,688290.SH
star,688291.SH
star,688292.SH
star,688293.SH
star,688295.SH
star,688296.SH
star,688297.SH
star,688298.SH
star,688299.SH
star,688300.SH
star,688301.SH
star,688302.SH
star,688303.SH
star,688305.SH
star,688306.SH
star,688307.SH
star,688308.SH
star,688309.SH
star,688310.SH
star,688311.SH
star,688312.SH
star,688313.SH
star,688314.SH
star,688315.SH
star,688316.SH
star,688317.SH
star,688318.SH
star,688319.SH
star,688320.SH
star,688321.SH
star,688322.SH
star,688323.SH
star,688325.SH
star,688326.SH
star,688327.SH
star,688328.SH
star,688329.SH
star,688330.SH
star,688331.SH
star,688332.SH
star,688333.SH
star,688334.SH
star,688335.SH
star,688336.SH
star,688337.SH
star,688338.SH
star,688339.SH
star,688343.SH
star,688345.SH
star,688347.SH
star,688348.SH
star,688349.SH
star,688350.SH
star,688351.SH
star,688352.SH
star,688353.SH
star,688355.SH
star,688356.SH
star,688357.SH
star,688358.SH
star,688359.SH
star,688360.SH
star,688361.SH
star,688362.SH
star,688363.SH
star,688365.SH
star,688366.SH
star,688367.SH
star,688368.SH
star,688369.SH
star,688370.SH
star,688371.SH
star,688372.SH
star,688373.SH
star,688375.SH
star,688376.SH
star,688377.SH
star,688378.SH
star,688379.SH
star,688380.SH
star,688381.SH
star,688382.SH
star,688383.SH
star,688385.SH
star,688386.SH
star,688387.SH
star,688388.SH
star,688389.SH
star,688390.SH
star,688391.SH
star,688392.SH
star,688393.SH
star,688395.SH
star,688396.SH
star,688398.SH
star,688399.SH
star,688400.SH
star,688401.SH
star,688403.SH
star,688408.SH
star,688409.SH
star,688410.SH
star,688411.SH
star,688416.SH
star,688418.SH
star,688419.SH
star,688420.SH
star,688425.SH
star,688426.SH
star,688428.SH
star,688429.SH
star,688432.SH
star,688433.SH
star,688435.SH
star,688439.SH
star,688443.SH
star,688448.SH
star,688449.SH
star,688450.SH
star,688455.SH
star,688456.SH
star,688458.SH
star,688459.SH
star,688466.SH
star,688468.SH
star,688469.SH
star,688472.SH
star,688475.SH
star,688478.SH
star,688479.SH
star,688480.SH
star,688484.SH
star,688485.SH
star,688486.SH
star,688488.SH
star,688489.SH
star,688496.SH
star,688498.SH
star,688499.SH
star,688500.SH
star,688501.SH
star,688502.SH
star,688503.SH
star,688505.SH
star,688506.SH
star,688507.SH
star,688508.SH
star,688509.SH
star,688510.SH
star,688511.SH
star,688512.SH
star,688513.SH
star,688515.SH
star,688516.SH
star,688517.SH
star,688518.SH
star,688519.SH
star,688520.SH
star,688521.SH
star,688522.SH
star,688523.SH
star,688525.SH
star,688526.SH
star,688528.SH
star,688529.SH
star,688530.SH
star,688531.SH
star,688533.SH
star,688535.SH
star,688536.SH
star,688538.SH
star,688539.SH
star,688543.SH
star,688545.SH
star,688548.SH
star,688549.SH
star,688550.SH
star,688551.SH
star,688552.SH
star,688553.SH
star,688556.SH
star,688557.SH
star,688558.SH
star,688559.SH
star,688560.SH
star,688561.SH
star,688562.SH
star,688563.SH
star,688565.SH
star,688566.SH
star,688567.SH
star,688568.SH
star,688569.SH
star,688570.SH
star,688571.SH
star,688573.SH
star,688575.SH
star,688576.SH
star,688577.SH
star,688578.SH
star,688579.SH
star,688580.SH
star,688581.SH
star,688582.SH
star,688583.SH
star,688584.SH
star,688585.SH
star,688586.SH
star,688588.SH
star,688589.SH
star,688590.SH
star,688591.SH
star,688592.SH
star,688593.SH
star,688595.SH
star,688596.SH
star,688597.SH
star,688598.SH
star,688599.SH
star,688600.SH
star,688601.SH
star,688602.SH
star,688603.SH
star,688605.SH
star,688606.SH
star,688607.SH
star,688608.SH
star,688609.SH
star,688610.SH
star,688611.SH
star,688612.SH
star,688613.SH
star,688615.SH
star,688616.SH
star,688617.SH
star,688618.SH
star,688619.SH
star,688620.SH
star,688621.SH
star,688622.SH
star,688623.SH
star,688625.SH
star,688626.SH
star,688627.SH
star,688628.SH
star,688629.SH
star,688630.SH
star,688631.SH
star,688633.SH
star,688635.SH
star,688636.SH
star,688638.SH
star,688639.SH
star,688646.SH
star,688648.SH
star,688651.SH
star,688652.SH
star,688653.SH
star,688655.SH
star,688656.SH
star,688657.SH
star,688658.SH
star,688659.SH
star,688660.SH
star,688661.SH
star,688662.SH
star,688663.SH
star,688665.SH
star,688667.SH
star,688668.SH
star,688669.SH
star,688670.SH
star,688671.SH
star,688676.SH
star,688677.SH
star,688678.SH
star,688679.SH
star,688680.SH
star,688681.SH
star,688682.SH
star,688683.SH
star,688685.SH
star,688686.SH
star,688687.SH
star,688689.SH
star,688690.SH
star,688691.SH
star,688692.SH
star,688693.SH
star,688695.SH
star,688696.SH
star,688697.SH
star,688698.SH
star,688699.SH
star,688700.SH
star,688701.SH
star,688702.SH
star,688707.SH
star,688708.SH
star,688709.SH
star,688710.SH
star,688711.SH
star,688712.SH
star,688716.SH
star,688717.SH
star,688718.SH
star,688719.SH
star,688720.SH
star,688721.SH
star,688722.SH
star,688726.SH
star,688727.SH
star,688728.SH
star,688729.SH
star,688733.SH
star,688737.SH
star,688739.SH
star,688750.SH
star,688755.SH
star,688757.SH
star,688758.SH
star,688759.SH
star,688765.SH
star,688766.SH
star,688767.SH
star,688768.SH
star,688772.SH
star,688775.SH
star,688776.SH
star,688777.SH
star,688778.SH
star,688779.SH
star,688781.SH
star,688783.SH
star,688785.SH
star,688786.SH
star,688787.SH
star,688788.SH
star,688789.SH
star,688790.SH
star,688793.SH
star,688795.SH
star,688796.SH
star,688798.SH
star,688799.SH
star,688800.SH
star,688802.SH
star,688805.SH
star,688807.SH
star,688808.SH
star,688809.SH
star,688811.SH
star,688813.SH
star,688816.SH
star,688818.SH
star,688819.SH
star,688820.SH
star,688981.SH
star,689009.SH
sz_main,000001.SZ
sz_main,000002.SZ
sz_main,000004.SZ
sz_main,000006.SZ
sz_main,000007.SZ
sz_main,000008.SZ
sz_main,000009.SZ
sz_main,000010.SZ
sz_main,000011.SZ
sz_main,000012.SZ
sz_main,000014.SZ
sz_main,000016.SZ
sz_main,000017.SZ
sz_main,000019.SZ
sz_main,000020.SZ
sz_main,000021.SZ
sz_main,000025.SZ
sz_main,000026.SZ
sz_main,000027.SZ
sz_main,000028.SZ
sz_main,000029.SZ
sz_main,000030.SZ
sz_main,000031.SZ
sz_main,000032.SZ
sz_main,000034.SZ
sz_main,000035.SZ
sz_main,000036.SZ
sz_main,000037.SZ
sz_main,000039.SZ
sz_main,000042.SZ
sz_main,000045.SZ
sz_main,000048.SZ
sz_main,000049.SZ
sz_main,000050.SZ
sz_main,000055.SZ
sz_main,000056.SZ
sz_main,000058.SZ
sz_main,000059.SZ
sz_main,000060.SZ
sz_main,000061.SZ
sz_main,000062.SZ
sz_main,000063.SZ
sz_main,000065.SZ
sz_main,000066.SZ
sz_main,000068.SZ
sz_main,000069.SZ
sz_main,000070.SZ
sz_main,000078.SZ
sz_main,000088.SZ
sz_main,000089.SZ
sz_main,000090.SZ
sz_main,000096.SZ
sz_main,000099.SZ
sz_main,000100.SZ
sz_main,000151.SZ
sz_main,000153.SZ
sz_main,000155.SZ
sz_main,000156.SZ
sz_main,000157.SZ
sz_main,000158.SZ
sz_main,000159.SZ
sz_main,000166.SZ
sz_main,000301.SZ
sz_main,000333.SZ
sz_main,000338.SZ
sz_main,000400.SZ
sz_main,000401.SZ
sz_main,000402.SZ
sz_main,000403.SZ
sz_main,000404.SZ
sz_main,000407.SZ
sz_main,000408.SZ
sz_main,000409.SZ
sz_main,000410.SZ
sz_main,000411.SZ
sz_main,000415.SZ
sz_main,000417.SZ
sz_main,000419.SZ
sz_main,000420.SZ
sz_main,000421.SZ
sz_main,000422.SZ
sz_main,000423.SZ
sz_main,000425.SZ
sz_main,000426.SZ
sz_main,000428.SZ
sz_main,000429.SZ
sz_main,000430.SZ
sz_main,000488.SZ
sz_main,000498.SZ
sz_main,000501.SZ
sz_main,000503.SZ
sz_main,000504.SZ
sz_main,000505.SZ
sz_main,000506.SZ
sz_main,000507.SZ
sz_main,000509.SZ
sz_main,000510.SZ
sz_main,000513.SZ
sz_main,000514.SZ
sz_main,000516.SZ
sz_main,000517.SZ
sz_main,000518.SZ
sz_main,000519.SZ
sz_main,000520.SZ
sz_main,000521.SZ
sz_main,000523.SZ
sz_main,000524.SZ
sz_main,000525.SZ
sz_main,000526.SZ
sz_main,000528.SZ
sz_main,000529.SZ
sz_main,000530.SZ
sz_main,000531.SZ
sz_main,000532.SZ
sz_main,000533.SZ
sz_main,000534.SZ
sz_main,000536.SZ
sz_main,000537.SZ
sz_main,000538.SZ
sz_main,000539.SZ
sz_main,000541.SZ
sz_main,000543.SZ
sz_main,000544.SZ
sz_main,000545.SZ
sz_main,000546.SZ
sz_main,000547.SZ
sz_main,000548.SZ
sz_main,000550.SZ
sz_main,000551.SZ
sz_main,000552.SZ
sz_main,000553.SZ
sz_main,000554.SZ
sz_main,000555.SZ
sz_main,000557.SZ
sz_main,000558.SZ
sz_main,000559.SZ
sz_main,000560.SZ
sz_main,000561.SZ
sz_main,000563.SZ
sz_main,000564.SZ
sz_main,000565.SZ
sz_main,000566.SZ
sz_main,000567.SZ
sz_main,000568.SZ
sz_main,000570.SZ
sz_main,000571.SZ
sz_main,000572.SZ
sz_main,000573.SZ
sz_main,000576.SZ
sz_main,000581.SZ
sz_main,000582.SZ
sz_main,000586.SZ
sz_main,000589.SZ
sz_main,000590.SZ
sz_main,000591.SZ
sz_main,000592.SZ
sz_main,000593.SZ
sz_main,000595.SZ
sz_main,000596.SZ
sz_main,000597.SZ
sz_main,000598.SZ
sz_main,000599.SZ
sz_main,000600.SZ
sz_main,000601.SZ
sz_main,000603.SZ
sz_main,000605.SZ
sz_main,000607.SZ
sz_main,000608.SZ
sz_main,000609.SZ
sz_main,000610.SZ
sz_main,000612.SZ
sz_main,000615.SZ
sz_main,000617.SZ
sz_main,000619.SZ
sz_main,000620.SZ
sz_main,000623.SZ
sz_main,000625.SZ
sz_main,000626.SZ
sz_main,000628.SZ
sz_main,000629.SZ
sz_main,000630.SZ
sz_main,000631.SZ
sz_main,000632.SZ
sz_main,000633.SZ
sz_main,000635.SZ
sz_main,000636.SZ
sz_main,000637.SZ
sz_main,000638.SZ
sz_main,000639.SZ
sz_main,000650.SZ
sz_main,000651.SZ
sz_main,000652.SZ
sz_main,000655.SZ
sz_main,000656.SZ
sz_main,000657.SZ
sz_main,000659.SZ
sz_main,000661.SZ
sz_main,000663.SZ
sz_main,000665.SZ
sz_main,000668.SZ
sz_main,000669.SZ
sz_main,000670.SZ
sz_main,000672.SZ
sz_main,000676.SZ
sz_main,000677.SZ
sz_main,000678.SZ
sz_main,000679.SZ
sz_main,000680.SZ
sz_main,000681.SZ
sz_main,000682.SZ
sz_main,000683.SZ
sz_main,000685.SZ
sz_main,000686.SZ
sz_main,000688.SZ
sz_main,000690.SZ
sz_main,000691.SZ
sz_main,000692.SZ
sz_main,000695.SZ
sz_main,000697.SZ
sz_main,000698.SZ
sz_main,000700.SZ
sz_main,000701.SZ
sz_main,000702.SZ
sz_main,000703.SZ
sz_main,000705.SZ
sz_main,000707.SZ
sz_main,000708.SZ
sz_main,000709.SZ
sz_main,000710.SZ
sz_main,000711.SZ
sz_main,000712.SZ
sz_main,000713.SZ
sz_main,000715.SZ
sz_main,000716.SZ
sz_main,000717.SZ
sz_main,000718.SZ
sz_main,000719.SZ
sz_main,000720.SZ
sz_main,000721.SZ
sz_main,000722.SZ
sz_main,000723.SZ
sz_main,000725.SZ
sz_main,000726.SZ
sz_main,000727.SZ
sz_main,000728.SZ
sz_main,000729.SZ
sz_main,000731.SZ
sz_main,000733.SZ
sz_main,000735.SZ
sz_main,000736.SZ
sz_main,000737.SZ
sz_main,000738.SZ
sz_main,000739.SZ
sz_main,000750.SZ
sz_main,000751.SZ
sz_main,000752.SZ
sz_main,000753.SZ
sz_main,000755.SZ
sz_main,000756.SZ
sz_main,000757.SZ
sz_main,000758.SZ
sz_main,000759.SZ
sz_main,000761.SZ
sz_main,000762.SZ
sz_main,000766.SZ
sz_main,000767.SZ
sz_main,000768.SZ
sz_main,000776.SZ
sz_main,000777.SZ
sz_main,000778.SZ
sz_main,000779.SZ
sz_main,000782.SZ
sz_main,000783.SZ
sz_main,000785.SZ
sz_main,000786.SZ
sz_main,000788.SZ
sz_main,000789.SZ
sz_main,000790.SZ
sz_main,000791.SZ
sz_main,000792.SZ
sz_main,000793.SZ
sz_main,000795.SZ
sz_main,000796.SZ
sz_main,000797.SZ
sz_main,000798.SZ
sz_main,000799.SZ
sz_main,000800.SZ
sz_main,000801.SZ
sz_main,000802.SZ
sz_main,000803.SZ
sz_main,000807.SZ
sz_main,000809.SZ
sz_main,000810.SZ
sz_main,000811.SZ
sz_main,000812.SZ
sz_main,000813.SZ
sz_main,000815.SZ
sz_main,000816.SZ
sz_main,000818.SZ
sz_main,000819.SZ
sz_main,000820.SZ
sz_main,000821.SZ
sz_main,000822.SZ
sz_main,000823.SZ
sz_main,000825.SZ
sz_main,000826.SZ
sz_main,000828.SZ
sz_main,000829.SZ
sz_main,000830.SZ
sz_main,000831.SZ
sz_main,000833.SZ
sz_main,000837.SZ
sz_main,000838.SZ
sz_main,000839.SZ
sz_main,000848.SZ
sz_main,000850.SZ
sz_main,000852.SZ
sz_main,000856.SZ
sz_main,000858.SZ
sz_main,000859.SZ
sz_main,000860.SZ
sz_main,000862.SZ
sz_main,000863.SZ
sz_main,000868.SZ
sz_main,000869.SZ
sz_main,000875.SZ
sz_main,000876.SZ
sz_main,000877.SZ
sz_main,000878.SZ
sz_main,000880.SZ
sz_main,000881.SZ
sz_main,000882.SZ
sz_main,000883.SZ
sz_main,000885.SZ
sz_main,000886.SZ
sz_main,000887.SZ
sz_main,000888.SZ
sz_main,000889.SZ
sz_main,000890.SZ
sz_main,000892.SZ
sz_main,000893.SZ
sz_main,000895.SZ
sz_main,000897.SZ
sz_main,000898.SZ
sz_main,000899.SZ
sz_main,000900.SZ
sz_main,000901.SZ
sz_main,000902.SZ
sz_main,000903.SZ
sz_main,000905.SZ
sz_main,000906.SZ
sz_main,000908.SZ
sz_main,000909.SZ
sz_main,000910.SZ
sz_main,000911.SZ
sz_main,000912.SZ
sz_main,000913.SZ
sz_main,000915.SZ
sz_main,000917.SZ
sz_main,000919.SZ
sz_main,000920.SZ
sz_main,000921.SZ
sz_main,000922.SZ
sz_main,000923.SZ
sz_main,000925.SZ
sz_main,000926.SZ
sz_main,000927.SZ
sz_main,000928.SZ
sz_main,000929.SZ
sz_main,000930.SZ
sz_main,000931.SZ
sz_main,000932.SZ
sz_main,000933.SZ
sz_main,000935.SZ
sz_main,000936.SZ
sz_main,000937.SZ
sz_main,000938.SZ
sz_main,000948.SZ
sz_main,000949.SZ
sz_main,000950.SZ
sz_main,000951.SZ
sz_main,000952.SZ
sz_main,000953.SZ
sz_main,000955.SZ
sz_main,000957.SZ
sz_main,000958.SZ
sz_main,000959.SZ
sz_main,000960.SZ
sz_main,000962.SZ
sz_main,000963.SZ
sz_main,000965.SZ
sz_main,000966.SZ
sz_main,000967.SZ
sz_main,000968.SZ
sz_main,000969.SZ
sz_main,000970.SZ
sz_main,000972.SZ
sz_main,000973.SZ
sz_main,000975.SZ
sz_main,000977.SZ
sz_main,000978.SZ
sz_main,000980.SZ
sz_main,000981.SZ
sz_main,000983.SZ
sz_main,000985.SZ
sz_main,000987.SZ
sz_main,000988.SZ
sz_main,000989.SZ
sz_main,000990.SZ
sz_main,000993.SZ
sz_main,000995.SZ
sz_main,000997.SZ
sz_main,000998.SZ
sz_main,000999.SZ
sz_main,001201.SZ
sz_main,001202.SZ
sz_main,001203.SZ
sz_main,001205.SZ
sz_main,001206.SZ
sz_main,001207.SZ
sz_main,001208.SZ
sz_main,001209.SZ
sz_main,001210.SZ
sz_main,001211.SZ
sz_main,001212.SZ
sz_main,001213.SZ
sz_main,001215.SZ
sz_main,001216.SZ
sz_main,001217.SZ
sz_main,001218.SZ
sz_main,001219.SZ
sz_main,001220.SZ
sz_main,001221.SZ
sz_main,001222.SZ
sz_main,001223.SZ
sz_main,001225.SZ
sz_main,001226.SZ
sz_main,001227.SZ
sz_main,001228.SZ
sz_main,001229.SZ
sz_main,001230.SZ
sz_main,001231.SZ
sz_main,001233.SZ
sz_main,001234.SZ
sz_main,001236.SZ
sz_main,001237.SZ
sz_main,001238.SZ
sz_main,001239.SZ
sz_main,001255.SZ
sz_main,001256.SZ
sz_main,001257.SZ
sz_main,001258.SZ
sz_main,001259.SZ
sz_main,001260.SZ
sz_main,001266.SZ
sz_main,001267.SZ
sz_main,001268.SZ
sz_main,001269.SZ
sz_main,001270.SZ
sz_main,001277.SZ
sz_main,001278.SZ
sz_main,001279.SZ
sz_main,001280.SZ
sz_main,001282.SZ
sz_main,001283.SZ
sz_main,001285.SZ
sz_main,001286.SZ
sz_main,001287.SZ
sz_main,001288.SZ
sz_main,001289.SZ
sz_main,001296.SZ
sz_main,001298.SZ
sz_main,001299.SZ
sz_main,001300.SZ
sz_main,001301.SZ
sz_main,001306.SZ
sz_main,001308.SZ
sz_main,001309.SZ
sz_main,001311.SZ
sz_main,001312.SZ
sz_main,001313.SZ
sz_main,001314.SZ
sz_main,001316.SZ
sz_main,001317.SZ
sz_main,001318.SZ
sz_main,001319.SZ
sz_main,001322.SZ
sz_main,001323.SZ
sz_main,001324.SZ
sz_main,001325.SZ
sz_main,001326.SZ
sz_main,001328.SZ
sz_main,001330.SZ
sz_main,001331.SZ
sz_main,001332.SZ
sz_main,001333.SZ
sz_main,001335.SZ
sz_main,001336.SZ
sz_main,001337.SZ
sz_main,001338.SZ
sz_main,001339.SZ
sz_main,001356.SZ
sz_main,001358.SZ
sz_main,001359.SZ
sz_main,001360.SZ
sz_main,001365.SZ
sz_main,001366.SZ
sz_main,001367.SZ
sz_main,001368.SZ
sz_main,001369.SZ
sz_main,001373.SZ
sz_main,001376.SZ
sz_main,001378.SZ
sz_main,001379.SZ
sz_main,001380.SZ
sz_main,001382.SZ
sz_main,001386.SZ
sz_main,001387.SZ
sz_main,001388.SZ
sz_main,001389.SZ
sz_main,001390.SZ
sz_main,001391.SZ
sz_main,001393.SZ
sz_main,001395.SZ
sz_main,001396.SZ
sz_main,001400.SZ
sz_main,001696.SZ
sz_main,001872.SZ
sz_main,001896.SZ
sz_main,001914.SZ
sz_main,001965.SZ
sz_main,001979.SZ
